"MDC","DC","DRG","RW","WTLOS","OT","MDF","DRGNAME"
"00","0001","00019","51.461","29.36","97","1","Liver transplant, w or wo CC"
"00","0002","00029","41.3156","53","99","1","Heart and/or lung transplant, w or wo CC"
"00","0004","00049","48.904","38.03","98","1","Bone marrow transplant, w or wo CC"
"01","0101","01010","3.9029","6.64","17","1","Craniotomy  for trauma, no CC"
"01","0101","01011","4.2439","7.96","21","1","Craniotomy  for trauma, w mild CC"
"01","0101","01012","5.1576","9.33","23","1","Craniotomy  for trauma, w mod CC"
"01","0101","01013","6.2971","10.01","25","1","Craniotomy  for trauma, w severe CC"
"01","0101","01014","8.687200000000001","11.38","31","1","Craniotomy  for trauma, w catas CC"
"01","0102","01020","5.2934","9.380000000000001","26","1","Craniotomy  except for trauma, no CC"
"01","0102","01022","6.9334","11.02","32","1","Craniotomy  except for trauma, w mild to mod CC"
"01","0102","01023","8.868399999999999","12.23","38","1","Craniotomy  except for trauma, w severe CC"
"01","0102","01024","10.4282","16.81","55","1","Craniotomy  except for trauma, w catas CC"
"01","0103","01030","4.0971","9.92","30","1","Spinal procedures, no CC"
"01","0103","01032","5.1779","12.17","38","1","Spinal procedures, w mild to mod CC"
"01","0103","01033","7.0138","17.56","47","1","Spinal procedures, w severe CC"
"01","0103","01034","9.185600000000001","29.26","75","1","Spinal procedures, w catas CC"
"01","0104","01040","2.3947","6.74","24","1","Ventricular shunt revision, no CC"
"01","0104","01042","3.4467","11.9","45","1","Ventricular shunt revision, w mild to mod CC"
"01","0104","01043","4.2552","14.5","54","1","Ventricular shunt revision, w severe CC"
"01","0104","01044","6.4857","18.11","74","1","Ventricular shunt revision, w catas CC"
"01","0105","01050","3.158","5.33","15","1","Extracranial vascular procedures, no CC"
"01","0105","01052","5.3274","8.5","32","1","Extracranial vascular procedures, w mild to mod CC"
"01","0105","01053","7.1444","13.61","40","1","Extracranial vascular procedures, w severe CC"
"01","0105","01054","10.3977","21.07","60","1","Extracranial vascular procedures, w catas CC"
"01","0106","01060","1.9224","4.42","14","1","Peripheral & cranial nerve & other NS proc, no CC"
"01","0106","01061","2.1682","6.25","20","1","Peripheral & cranial nerve & other NS proc, w mild CC"
"01","0106","01062","3.7813","8.449999999999999","25","1","Peripheral & cranial nerve & other NS proc, w mod CC"
"01","0106","01063","4.2645","10.94","40","1","Peripheral & cranial nerve & other NS proc, w severe CC"
"01","0106","01064","6.5413","21.4","71","1","Peripheral & cranial nerve & other NS proc, w catas CC"
"01","0107","01079","0.6105","1.81","6","1","Carpal tunnel release, w or wo CC"
"01","0108","01080","10.9561","12.78","23","1","Intracranial vasc proc for PDx intracranial h'ge, no CC"
"01","0108","01082","12.0307","13.09","25","1","Intracranial vasc proc for PDx intracranial h'ge, w mild to mod CC"
"01","0108","01083","13.7177","16.61","41","1","Intracranial vasc proc for PDx intracranial h'ge, w severe CC"
"01","0108","01084","15.9951","17.92","62","1","Intracranial vasc proc for PDx intracranial h'ge, w catas CC"
"01","0109","01090","9.6495","5.53","15","1","Intracranial vascular procedures, no CC"
"01","0109","01093","12.7813","14.64","51","1","Intracranial vascular procedures, w mild to sev CC"
"01","0109","01094","15.0145","20.55","57","1","Intracranial vascular procedures, w catas CC"
"01","0110","01109","17.3209","17.85","43","1","Intracranial vascular w endovascular procedures, w or wo CC"
"01","0112","01120","6.9138","11.11","31","1","Craniotomy (multiple) for trauma, no CC"
"01","0112","01122","8.7453","13.27","32","1","Craniotomy (multiple) for trauma, w mild to mod CC"
"01","0112","01123","10.8629","16.53","36","1","Craniotomy (multiple) for trauma, w severe CC"
"01","0112","01124","14.4059","20.56","70","1","Craniotomy (multiple) for trauma, w catas CC"
"01","0113","01130","9.7234","18.91","58","1","Craniotomy (multiple), no CC"
"01","0113","01132","11.9051","21.65","63","1","Craniotomy (multiple), w mild to mod CC"
"01","0113","01133","13.6358","24.16","82","1","Craniotomy (multiple), w severe CC"
"01","0113","01134","17.9224","30.13","94","1","Craniotomy (multiple), w catas CC"
"01","0114","01140","9.1107","3.28","12","1","Endovascular procedures, no CC"
"01","0114","01142","10.6811","6.33","14","1","Endovascular procedures, w mild to mod CC"
"01","0114","01143","13.453","7.73","32","1","Endovascular procedures, w severe CC"
"01","0114","01144","14.3498","10.67","53","1","Endovascular procedures, w catas CC"
"01","0115","01150","18.5639","26.25","70","1","Trach for NS disease w mech vent 96+ hr, no CC"
"01","0115","01152","20.1659","31.09","79","1","Trach for NS disease w mech vent 96+ hr, w mild to mod CC"
"01","0115","01153","22.5935","36.57","83","1","Trach for NS disease w mech vent 96+ hr, w severe CC"
"01","0115","01154","24.048","44.82","96","1","Trach for NS disease w mech vent 96+ hr, w catas CC"
"01","0116","01160","18.2866","38.35","85","1","Trach for NS disease, no CC"
"01","0116","01163","20.9284","40.46","138","1","Trach for NS disease, w mild to sev CC"
"01","0116","01164","23.2187","47.44","152","1","Trach for NS disease, w catas CC"
"01","0117","01170","12.8689","19.63","49","1","Plasmapheresis for neurologic disease, no CC"
"01","0117","01174","16.147","20.3","68","1","Plasmapheresis for neurologic disease, w mild to cat CC"
"01","0150","01500","0.9364","6.3","31","1","Spinal disorders and injuries, no CC"
"01","0150","01501","1.8047","6.91","34","1","Spinal disorders and injuries, w mild CC"
"01","0150","01502","2.2407","8.81","37","1","Spinal disorders and injuries, w mod CC"
"01","0150","01503","3.1244","14.6","60","1","Spinal disorders and injuries, w severe CC"
"01","0150","01504","4.2982","18.73","93","1","Spinal disorders and injuries, w catas CC"
"01","0151","01510","0.9923","5.63","27","1","Cerebral palsy, no CC"
"01","0151","01514","1.5286","7.3","29","1","Cerebral palsy, w mild to cat CC"
"01","0152","01520","0.7611","3.97","15","1","Nervous system neoplasms, no CC"
"01","0152","01522","1.0976","4.73","19","1","Nervous system neoplasms, w mild to mod CC"
"01","0152","01523","1.6306","6.14","27","1","Nervous system neoplasms, w severe CC"
"01","0152","01524","3.5262","10.02","50","1","Nervous system neoplasms, w catas CC"
"01","0153","01530","0.7609","4.71","23","1","Degenerative  nervous system disorders, no CC"
"01","0153","01531","0.9409","5.94","26","1","Degenerative  nervous system disorders, w mild CC"
"01","0153","01532","1.233","8.789999999999999","40","1","Degenerative  nervous system disorders, w mod CC"
"01","0153","01533","2.134","12.34","46","1","Degenerative  nervous system disorders, w severe CC"
"01","0153","01534","4.6565","15.47","65","1","Degenerative  nervous system disorders, w catas CC"
"01","0154","01540","1.8001","5.51","21","1","Multiple sclerosis and cerebellar ataxia, no CC"
"01","0154","01541","2.0741","6.75","28","1","Multiple sclerosis and cerebellar ataxia, w mild CC"
"01","0154","01542","3.3132","8.94","31","1","Multiple sclerosis and cerebellar ataxia, w mod CC"
"01","0154","01543","4.2407","13.37","52","1","Multiple sclerosis and cerebellar ataxia, w severe CC"
"01","0154","01544","5.4683","19.17","63","1","Multiple sclerosis and cerebellar ataxia, w catas CC"
"01","0155","01550","1.0563","3.6","12","1","Specific cerebrovascular disorders exc TIA, not transferred, no CC"
"01","0155","01551","1.333","4.33","15","1","Specific cerebrovascular disorders exc TIA, not transferred, w mild CC"
"01","0155","01552","1.4058","4.48","16","1","Specific cerebrovascular disorders exc TIA, not transferred, w mod CC"
"01","0155","01553","2.2846","6.38","24","1","Specific cerebrovascular disorders exc TIA, not transferred, w severe CC"
"01","0155","01554","5.2774","11.36","44","1","Specific cerebrovascular disorders exc TIA, not transferred, w catas CC"
"01","0156","01560","0.5478","2.05","6","1","TIA and precerebral occlusions, no CC"
"01","0156","01561","0.6931","2.43","7","1","TIA and precerebral occlusions, w mild CC"
"01","0156","01562","0.8525","2.91","10","1","TIA and precerebral occlusions, w mod CC"
"01","0156","01563","1.3167","3.76","14","1","TIA and precerebral occlusions, w severe CC"
"01","0156","01564","3.6201","10.02","45","1","TIA and precerebral occlusions, w catas CC"
"01","0157","01570","0.6099","2.79","10","1","Nonspecific cerebrovascular disorders, no CC"
"01","0157","01571","0.8016","3.29","11","1","Nonspecific cerebrovascular disorders, w mild CC"
"01","0157","01572","0.884","3.5","14","1","Nonspecific cerebrovascular disorders, w mod CC"
"01","0157","01573","1.4502","5.2","21","1","Nonspecific cerebrovascular disorders, w severe CC"
"01","0157","01574","3.9456","10.01","44","1","Nonspecific cerebrovascular disorders, w catas CC"
"01","0158","01580","0.6641","3.26","13","1","Cranial and peripheral nerve disorders, no CC"
"01","0158","01581","0.7597","3.96","15","1","Cranial and peripheral nerve disorders, w mild CC"
"01","0158","01582","1.0027","5.15","17","1","Cranial and peripheral nerve disorders, w mod CC"
"01","0158","01583","1.4241","7.9","25","1","Cranial and peripheral nerve disorders, w severe CC"
"01","0158","01584","2.1853","14.12","70","1","Cranial and peripheral nerve disorders, w catas CC"
"01","0159","01590","0.9852","4.89","16","1","Nervous syst infection exc viral meningitis, not transferred, no CC"
"01","0159","01591","1.6333","7.92","22","1","Nervous syst infection exc viral meningitis, not transferred, w mild CC"
"01","0159","01592","1.9879","9.23","25","1","Nervous syst infection exc viral meningitis, not transferred, w mod CC"
"01","0159","01593","3.012","11.26","29","1","Nervous syst infection exc viral meningitis, not transferred, w severe CC"
"01","0159","01594","5.8048","14.17","49","1","Nervous syst infection exc viral meningitis, not transferred, w catas CC"
"01","0160","01600","0.6681","3.75","10","1","Viral meningitis, no CC"
"01","0160","01601","1.1528","5.61","16","1","Viral meningitis, w mild CC"
"01","0160","01602","1.3641","6.15","18","1","Viral meningitis, w mod CC"
"01","0160","01603","3.2965","8.23","27","1","Viral meningitis, w severe CC"
"01","0160","01604","5.2845","12.5","39","1","Viral meningitis, w catas CC"
"01","0161","01610","0.439","1.85","6","1","Nontraumatic stupor and coma, no CC"
"01","0161","01611","0.5308","2.25","7","1","Nontraumatic stupor and coma, w mild CC"
"01","0161","01612","0.6384","2.48","9","1","Nontraumatic stupor and coma, w mod CC"
"01","0161","01613","0.9532","3.45","13","1","Nontraumatic stupor and coma, w severe CC"
"01","0161","01614","2.8339","7.38","29","1","Nontraumatic stupor and coma, w catas CC"
"01","0162","01620","0.2622","2.44","5","1","Febrile convulsions, no CC"
"01","0162","01621","0.3475","2.78","6","1","Febrile convulsions, w mild CC"
"01","0162","01622","0.4229","3.1","7","1","Febrile convulsions, w mod CC"
"01","0162","01623","0.6149","3.82","8","1","Febrile convulsions, w severe CC"
"01","0162","01624","0.9497","5.05","12","1","Febrile convulsions, w catas CC"
"01","0163","01630","0.3723","1.89","5","1","Seizure disorders, no CC"
"01","0163","01631","0.5046","2.24","7","1","Seizure disorders, w mild CC"
"01","0163","01632","0.6324","2.72","11","1","Seizure disorders, w mod CC"
"01","0163","01633","1.1527","3.84","15","1","Seizure disorders, w severe CC"
"01","0163","01634","4.0302","8.1","32","1","Seizure disorders, w catas CC"
"01","0164","01640","0.2444","1.85","5","1","Headache, no CC"
"01","0164","01641","0.3635","2.18","6","1","Headache, w mild CC"
"01","0164","01642","0.4435","2.23","7","1","Headache, w mod CC"
"01","0164","01643","0.6536999999999999","2.74","9","1","Headache, w severe CC"
"01","0164","01644","0.7631","3.83","13","1","Headache, w catas CC"
"01","0165","01650","1.0973","3.98","13","1","Intracranial injury, no CC"
"01","0165","01651","1.9688","6.11","19","1","Intracranial injury, w mild CC"
"01","0165","01652","2.403","7.01","22","1","Intracranial injury, w mod CC"
"01","0165","01653","3.5308","8.06","28","1","Intracranial injury, w severe CC"
"01","0165","01654","5.1985","12.15","40","1","Intracranial injury, w catas CC"
"01","0166","01660","0.6732","2.79","9","1","Skull fractures, no CC"
"01","0166","01661","1.1306","3.72","11","1","Skull fractures, w mild CC"
"01","0166","01662","1.4276","4.78","14","1","Skull fractures, w mod CC"
"01","0166","01663","2.3464","6.36","20","1","Skull fractures, w severe CC"
"01","0166","01664","5.0183","13.19","33","1","Skull fractures, w catas CC"
"01","0167","01670","0.2727","1.55","4","1","Other head injury, no CC"
"01","0167","01671","0.5009","2.17","8","1","Other head injury, w mild CC"
"01","0167","01672","0.5986","2.54","10","1","Other head injury, w mod CC"
"01","0167","01673","1.1008","3.93","16","1","Other head injury, w severe CC"
"01","0167","01674","3.7701","8.58","36","1","Other head injury, w catas CC"
"01","0168","01680","0.3037","2.46","10","1","Other disorders of nervous system, no CC"
"01","0168","01681","0.7099","3.25","16","1","Other disorders of nervous system, w mild CC"
"01","0168","01682","0.9613","4.2","21","1","Other disorders of nervous system, w mod CC"
"01","0168","01683","1.8922","7.93","29","1","Other disorders of nervous system, w severe CC"
"01","0168","01684","2.9975","14.04","59","1","Other disorders of nervous system, w catas CC"
"01","0169","01690","4.9284","5.58","16","1","Guillain-Barre syndrome, no CC"
"01","0169","01692","6.1124","6.03","18","1","Guillain-Barre syndrome, w mild to mod CC"
"01","0169","01693","9.470000000000001","10.43","38","1","Guillain-Barre syndrome, w severe CC"
"01","0169","01694","11.087","17.38","56","1","Guillain-Barre syndrome, w catas CC"
"01","0170","01700","9.914899999999999","22.23","75","1","Nervous system neoplasms with chemo- and radiotherpy, no CC"
"01","0170","01704","12.4488","25.95","82","1","Nervous system neoplasms with chemo- and radiotherpy, w mild to cat CC"
"01","0171","01710","1.7775","2.95","8","1","Nervous system neoplasms with chemotherpy, no CC"
"01","0171","01711","2.281","3.46","10","1","Nervous system neoplasms with chemotherpy, w mild CC"
"01","0171","01712","3.2272","4.4","15","1","Nervous system neoplasms with chemotherpy, w mod CC"
"01","0171","01713","4.7316","6.98","23","1","Nervous system neoplasms with chemotherpy, w severe CC"
"01","0171","01714","7.2784","10.5","45","1","Nervous system neoplasms with chemotherpy, w catas CC"
"01","0172","01720","2.7188","15.79","46","1","Nervous system neoplasms with radiotherpy, no CC"
"01","0172","01721","3.1708","16.45","51","1","Nervous system neoplasms with radiotherpy, w mild CC"
"01","0172","01722","5.0632","22.25","53","1","Nervous system neoplasms with radiotherpy, w mod CC"
"01","0172","01723","6.6706","24.14","56","1","Nervous system neoplasms with radiotherpy, w severe CC"
"01","0172","01724","8.3942","28.4","84","1","Nervous system neoplasms with radiotherpy, w catas CC"
"01","0173","01730","1.4346","4.25","15","1","Nervous system neoplasms with diag proc, no CC"
"01","0173","01732","1.882","5.24","17","1","Nervous system neoplasms with diag proc, w mild to mod CC"
"01","0173","01733","2.4276","6.87","27","1","Nervous system neoplasms with diag proc, w severe CC"
"01","0173","01734","4.7285","10.15","39","1","Nervous system neoplasms with diag proc, w catas CC"
"01","0174","01740","0.8646","3.4","12","1","NS neoplasms with blood transfusion, no CC"
"01","0174","01743","2.0845","5.1","23","1","NS neoplasms with blood transfusion, w mild to sev CC"
"01","0174","01744","4.1702","9.51","37","1","NS neoplasms with blood transfusion, w catas CC"
"01","0175","01750","0.8459","2.25","8","1","Specific cerebrovascular disorders exc TIA, transferred, no CC"
"01","0175","01751","1.1165","2.97","10","1","Specific cerebrovascular disorders exc TIA, transferred, w mild CC"
"01","0175","01752","1.5477","3.56","13","1","Specific cerebrovascular disorders exc TIA, transferred, w mod CC"
"01","0175","01753","1.731","4.45","15","1","Specific cerebrovascular disorders exc TIA, transferred, w severe CC"
"01","0175","01754","2.7443","10.08","31","1","Specific cerebrovascular disorders exc TIA, transferred, w catas CC"
"01","0176","01760","0.7276","3.03","11","1","Nervous syst infection exc viral meningitis, transferred, no CC"
"01","0176","01761","1.055","4.24","15","1","Nervous syst infection exc viral meningitis, transferred, w mild CC"
"01","0176","01762","1.1698","4.34","15","1","Nervous syst infection exc viral meningitis, transferred, w mod CC"
"01","0176","01763","1.5972","5.38","19","1","Nervous syst infection exc viral meningitis, transferred, w severe CC"
"01","0176","01764","3.2698","7.23","26","1","Nervous syst infection exc viral meningitis, transferred, w catas CC"
"02","0201","02010","2.0986","3.47","11","1","Retinal procedures, no CC"
"02","0201","02012","2.3543","4.25","13","1","Retinal procedures, w mild to mod CC"
"02","0201","02013","2.6833","5.42","19","1","Retinal procedures, w severe CC"
"02","0201","02014","5.047","10.64","38","1","Retinal procedures, w catas CC"
"02","0202","02020","1.5156","4.98","16","1","Enucleation and orbital procedures, no CC"
"02","0202","02022","2.294","7.43","25","1","Enucleation and orbital procedures, w mild to mod CC"
"02","0202","02023","2.7023","8.4","26","1","Enucleation and orbital procedures, w severe CC"
"02","0202","02024","5.5358","13.65","46","1","Enucleation and orbital procedures, w catas CC"
"02","0203","02039","2.5995","5.51","14","1","Proc for major eye injury, w or wo CC"
"02","0205","02050","1.2211","4.25","13","1","Intraocular proc except lens & retina, no CC"
"02","0205","02052","1.4343","4.98","20","1","Intraocular proc except lens & retina, w mild to mod CC"
"02","0205","02053","1.8019","6.07","30","1","Intraocular proc except lens & retina, w severe CC"
"02","0205","02054","3.0883","13.48","46","1","Intraocular proc except lens & retina, w catas CC"
"02","0206","02060","1.3469","2.15","4","1","Major lens procedures, no CC"
"02","0206","02061","1.4647","2.3","5","1","Major lens procedures, w mild CC"
"02","0206","02062","1.5755","2.4","6","1","Major lens procedures, w mod CC"
"02","0206","02063","1.6961","2.6","8","1","Major lens procedures, w severe CC"
"02","0206","02064","2.0396","2.95","11","1","Major lens procedures, w catas CC"
"02","0207","02070","1.1816","2.42","5","1","Other lens procedures, no CC"
"02","0207","02071","1.2405","2.74","6","1","Other lens procedures, w mild CC"
"02","0207","02072","1.2955","2.87","7","1","Other lens procedures, w mod CC"
"02","0207","02073","1.3819","3.43","8","1","Other lens procedures, w severe CC"
"02","0207","02074","1.8001","4.1","15","1","Other lens procedures, w catas CC"
"02","0208","02080","0.7398","2.21","9","1","Other eye  procedures, no CC"
"02","0208","02082","1.3829","5.54","21","1","Other eye  procedures, w mild to mod CC"
"02","0208","02083","1.6334","7.01","27","1","Other eye  procedures, w severe CC"
"02","0208","02084","1.8646","10.63","42","1","Other eye  procedures, w catas CC"
"02","0209","02090","2.4658","7.06","27","1","Keratoplasty, no CC"
"02","0209","02092","3.3641","10.78","37","1","Keratoplasty, w mild to mod CC"
"02","0209","02094","4.4424","11.14","55","1","Keratoplasty, w sev to cat CC"
"02","0210","02109","6.9425","8.140000000000001","30","1","Enucleation and orbital proc for eye malignancy, w or wo CC"
"02","0211","02110","1.8778","3.13","9","1","Multiple major lens procedures, no CC"
"02","0211","02112","2.1036","4.29","14","1","Multiple major lens procedures, w mild to mod CC"
"02","0211","02114","2.6244","4.91","24","1","Multiple major lens procedures, w sev to cat CC"
"02","0212","02120","1.5885","3.28","9","1","Multiple other lens procedures, no CC"
"02","0212","02124","2.0649","4.42","11","1","Multiple other lens procedures, w mild to cat CC"
"02","0213","02139","1.9293","2.22","5","1","Major proc for lacrimal system, w or wo CC"
"02","0214","02149","28.349","53.96","150","1","Trach for eye diseases w mech vent 96+ hr, w or wo CC"
"02","0215","02159","26.3253","53.52","177","1","Trach for eye diseases, w or wo CC"
"02","0250","02500","0.3039","2.87","8","1","Hyphema and medically managed trauma, no CC"
"02","0250","02501","0.3942","3.3","10","1","Hyphema and medically managed trauma, w mild CC"
"02","0250","02502","0.5431","4.02","13","1","Hyphema and medically managed trauma, w mod CC"
"02","0250","02504","0.8903","4.52","17","1","Hyphema and medically managed trauma, w sev to cat CC"
"02","0251","02510","0.8956","6.89","18","1","Acute and major eye infections age > 54, no CC"
"02","0251","02512","1.0325","8.19","21","1","Acute and major eye infections age > 54, w mild to mod CC"
"02","0251","02513","1.7594","9.869999999999999","36","1","Acute and major eye infections age > 54, w severe CC"
"02","0251","02514","4.2535","10.58","38","1","Acute and major eye infections age > 54, w catas CC"
"02","0252","02520","0.6405","4.79","17","1","Acute and major eye infections age < 55, no CC"
"02","0252","02522","0.8108","5.76","20","1","Acute and major eye infections age < 55, w mild to mod CC"
"02","0252","02524","1.8394","7.31","36","1","Acute and major eye infections age < 55, w sev to cat CC"
"02","0253","02530","1.2158","3.02","9","1","Neurological and vasc disor of the eye, no CC"
"02","0253","02532","1.5221","4.02","11","1","Neurological and vasc disor of the eye, w mild to mod CC"
"02","0253","02534","1.734","4.87","14","1","Neurological and vasc disor of the eye, w sev to cat CC"
"02","0254","02540","0.3824","2.45","8","1","Other disorders of the eye, no CC"
"02","0254","02541","0.6045","2.88","10","1","Other disorders of the eye, w mild CC"
"02","0254","02542","0.8966","3.43","13","1","Other disorders of the eye, w mod CC"
"02","0254","02543","1.2383","4.31","14","1","Other disorders of the eye, w severe CC"
"02","0254","02544","1.593","9.82","22","1","Other disorders of the eye, w catas CC"
"02","0255","02550","1.2795","2.85","9","1","Malignant neoplasm of the eye, no CC"
"02","0255","02551","1.4977","3.48","13","1","Malignant neoplasm of the eye, w mild CC"
"02","0255","02552","1.8984","4.62","15","1","Malignant neoplasm of the eye, w mod CC"
"02","0255","02553","3.0398","8.4","31","1","Malignant neoplasm of the eye, w severe CC"
"02","0255","02554","5.9967","15.5","64","0.99","Malignant neoplasm of the eye, w catas CC"
"03","0301","03010","3.4207","7.73","19","1","Major head and neck proc, no CC"
"03","0301","03012","4.7769","10.56","32","1","Major head and neck proc, w mild to mod CC"
"03","0301","03013","5.7817","14.78","48","1","Major head and neck proc, w severe CC"
"03","0301","03014","8.236499999999999","22.05","73","1","Major head and neck proc, w catas CC"
"03","0302","03020","1.2382","3.67","8","1","Surgical repair for cleft lip or palate, no CC"
"03","0302","03022","1.425","4.56","10","1","Surgical repair for cleft lip or palate, w mild to mod CC"
"03","0302","03024","1.8694","7.43","24","1","Surgical repair for cleft lip or palate, w sev to cat CC"
"03","0303","03030","2.0194","5.59","13","1","Maxillo surgery, no CC"
"03","0303","03031","2.5731","7.12","17","1","Maxillo surgery, w mild CC"
"03","0303","03032","2.6518","8.140000000000001","18","1","Maxillo surgery, w mod CC"
"03","0303","03033","3.1893","9.33","32","1","Maxillo surgery, w severe CC"
"03","0303","03034","5.0117","11.45","34","1","Maxillo surgery, w catas CC"
"03","0304","03040","1.7918","4.22","9","1","Salivary procedures, no CC"
"03","0304","03042","2.2215","5.37","13","1","Salivary procedures, w mild to mod CC"
"03","0304","03044","2.9401","8.529999999999999","36","1","Salivary procedures, w sev to cat CC"
"03","0305","03050","1.5085","3.51","8","1","Minor nose & sinus procedures, no CC"
"03","0305","03054","2.2646","5.89","21","1","Minor nose & sinus procedures, w mild to cat CC"
"03","0306","03060","0.9955000000000001","3.34","9","1","Mouth procedures, no CC"
"03","0306","03062","1.6472","5.35","17","1","Mouth procedures, w mild to mod CC"
"03","0306","03063","2.8279","7.68","30","1","Mouth procedures, w severe CC"
"03","0306","03064","4.8948","11.35","50","1","Mouth procedures, w catas CC"
"03","0307","03070","1.0954","2.83","8","1","Misc ear, nose, mouth & throat proc, no CC"
"03","0307","03074","2.4704","5.94","21","1","Misc ear, nose, mouth & throat proc, w mild to cat CC"
"03","0308","03080","1.4125","3.21","7","1","Rhinoplasty w or wo turbinectomy, no CC"
"03","0308","03084","2.1862","6.58","32","1","Rhinoplasty w or wo turbinectomy, w mild to cat CC"
"03","0309","03090","1.1023","2.71","5","1","Tonsillectomy & adenoidectomy, no CC"
"03","0309","03092","1.2106","3.13","8","1","Tonsillectomy & adenoidectomy, w mild to mod CC"
"03","0309","03094","1.7539","3.94","12","1","Tonsillectomy & adenoidectomy, w sev to cat CC"
"03","0310","03100","1.2108","3.49","13","1","Other ear, nose, mouth & throat procedures, no CC"
"03","0310","03102","1.9436","4.9","19","1","Other ear, nose, mouth & throat procedures, w mild to mod CC"
"03","0310","03103","2.8318","8.94","41","1","Other ear, nose, mouth & throat procedures, w severe CC"
"03","0310","03104","3.7407","12.97","60","1","Other ear, nose, mouth & throat procedures, w catas CC"
"03","0311","03119","0.7862","1.79","5","1","Myringotomy with tube insertion, w or wo CC"
"03","0312","03120","0.7683","3.26","8","1","Dental extractions and restorations, no CC"
"03","0312","03122","0.9274","3.61","9","1","Dental extractions and restorations, w mild to mod CC"
"03","0312","03124","1.667","4.78","14","1","Dental extractions and restorations, w sev to cat CC"
"03","0313","03130","1.1828","2.43","7","1","Pharyngeal and laryngeal procedures, no CC"
"03","0313","03132","1.3295","2.98","10","1","Pharyngeal and laryngeal procedures, w mild to mod CC"
"03","0313","03133","2.9389","6.13","30","1","Pharyngeal and laryngeal procedures, w severe CC"
"03","0313","03134","3.5095","10.9","52","1","Pharyngeal and laryngeal procedures, w catas CC"
"03","0314","03140","1.307","5.03","13","1","Minor head and neck procedures, no CC"
"03","0314","03142","1.8701","6.66","17","1","Minor head and neck procedures, w mild to mod CC"
"03","0314","03143","3.3863","9.57","24","1","Minor head and neck procedures, w severe CC"
"03","0314","03144","5.8431","14.27","47","1","Minor head and neck procedures, w catas CC"
"03","0315","03150","1.93","3.3","8","1","Mastoidectomy & inner ear procedures, no CC"
"03","0315","03152","2.1117","3.86","9","1","Mastoidectomy & inner ear procedures, w mild to mod CC"
"03","0315","03154","3.3448","8.74","32","1","Mastoidectomy & inner ear procedures, w sev to cat CC"
"03","0316","03160","2.041","3.58","7","1","Major sinus procedures, no CC"
"03","0316","03162","3.1137","6.42","19","1","Major sinus procedures, w mild to mod CC"
"03","0316","03163","4.5322","7.61","32","1","Major sinus procedures, w severe CC"
"03","0316","03164","7.4115","15.2","60","1","Major sinus procedures, w catas CC"
"03","0317","03170","1.0456","2.41","5","1","Tympanoplasty and other ear procedures, no CC"
"03","0317","03174","1.4022","2.63","9","1","Tympanoplasty and other ear procedures, w mild to cat CC"
"03","0318","03189","23.326","58.67","257","1","Trach for ENT diseases w mech vent 96+ hr, w or wo CC"
"03","0319","03199","13.6924","35.46","80","1","Trach for ENT diseases, w or wo CC"
"03","0320","03200","5.8205","15.6","32","1","Laryngectomy, no CC"
"03","0320","03202","7.9312","18.25","37","1","Laryngectomy, w mild to mod CC"
"03","0320","03203","8.3125","18.77","39","1","Laryngectomy, w severe CC"
"03","0320","03204","9.863799999999999","26.23","95","1","Laryngectomy, w catas CC"
"03","0321","03210","5.2097","11.06","28","1","Major head and neck proc w reconstruction, no CC"
"03","0321","03213","8.7545","17.72","47","1","Major head and neck proc w reconstruction, w mild to sev CC"
"03","0321","03214","11.8451","26.43","78","1","Major head and neck proc w reconstruction, w catas CC"
"03","0322","03220","5.1195","13.45","31","1","Trach w other proc for upper airway obstruction, no CC"
"03","0322","03222","7.5288","16.43","53","1","Trach w other proc for upper airway obstruction, w mild to mod CC"
"03","0322","03223","9.065899999999999","20.01","62","1","Trach w other proc for upper airway obstruction, w severe CC"
"03","0322","03224","13.6805","29.3","90","1","Trach w other proc for upper airway obstruction, w catas CC"
"03","0323","03230","2.0838","6.75","21","1","Trach for upper airway obstruction, no CC"
"03","0323","03232","3.3753","9.25","26","1","Trach for upper airway obstruction, w mild to mod CC"
"03","0323","03233","5.8304","15.68","58","1","Trach for upper airway obstruction, w severe CC"
"03","0323","03234","7.0372","21.05","70","1","Trach for upper airway obstruction, w catas CC"
"03","0350","03500","0.6747","3.89","13","1","Ear, nose, mouth and throat malignancy, no CC"
"03","0350","03501","0.7119","4.37","16","1","Ear, nose, mouth and throat malignancy, w mild CC"
"03","0350","03502","0.8706","5.48","17","1","Ear, nose, mouth and throat malignancy, w mod CC"
"03","0350","03503","1.326","7.19","23","1","Ear, nose, mouth and throat malignancy, w severe CC"
"03","0350","03504","2.2006","8.82","43","1","Ear, nose, mouth and throat malignancy, w catas CC"
"03","0351","03510","0.1998","1.7","4","1","Dysequilibrium, no CC"
"03","0351","03511","0.2843","2.03","5","1","Dysequilibrium, w mild CC"
"03","0351","03512","0.3029","2.17","6","1","Dysequilibrium, w mod CC"
"03","0351","03513","0.377","2.45","7","1","Dysequilibrium, w severe CC"
"03","0351","03514","0.7996","3.92","16","1","Dysequilibrium, w catas CC"
"03","0352","03520","0.3878","2.21","7","1","Epistaxis, no CC"
"03","0352","03521","0.5925","2.49","8","1","Epistaxis, w mild CC"
"03","0352","03522","0.6945","2.65","9","1","Epistaxis, w mod CC"
"03","0352","03523","0.7889","2.94","10","0.95","Epistaxis, w severe CC"
"03","0352","03524","0.9124","5.52","27","1","Epistaxis, w catas CC"
"03","0353","03530","0.2591","2.3","5","1","Otitis media and URI, no CC"
"03","0353","03531","0.348","2.51","6","1","Otitis media and URI, w mild CC"
"03","0353","03532","0.4071","2.66","7","1","Otitis media and URI, w mod CC"
"03","0353","03533","0.5626","3.28","9","1","Otitis media and URI, w severe CC"
"03","0353","03534","1.0117","7.5","35","1","Otitis media and URI, w catas CC"
"03","0354","03540","0.5482","3.59","8","1","Epiglottitis and cellulitis of face & neck, no CC"
"03","0354","03541","0.7944","4.5","11","0.54","Epiglottitis and cellulitis of face & neck, w mild CC"
"03","0354","03542","0.8035","4.95","13","1","Epiglottitis and cellulitis of face & neck, w mod CC"
"03","0354","03543","1.6611","6.96","18","1","Epiglottitis and cellulitis of face & neck, w severe CC"
"03","0354","03544","3.8752","8.92","28","1","Epiglottitis and cellulitis of face & neck, w catas CC"
"03","0355","03550","0.5852000000000001","2.09","6","1","Nasal trauma and deformity, no CC"
"03","0355","03551","0.6887","2.81","9","1","Nasal trauma and deformity, w mild CC"
"03","0355","03552","0.9688","4.11","11","1","Nasal trauma and deformity, w mod CC"
"03","0355","03554","1.5704","4.69","12","1","Nasal trauma and deformity, w sev to cat CC"
"03","0356","03560","0.6453","2.61","8","1","Other ear, nose, mouth and throat diagnoses, no CC"
"03","0356","03561","0.896","3.61","13","1","Other ear, nose, mouth and throat diagnoses, w mild CC"
"03","0356","03562","1.051","4.21","15","1","Other ear, nose, mouth and throat diagnoses, w mod CC"
"03","0356","03563","1.9866","5.49","22","1","Other ear, nose, mouth and throat diagnoses, w severe CC"
"03","0356","03564","4.1751","10.98","34","1","Other ear, nose, mouth and throat diagnoses, w catas CC"
"03","0357","03570","0.4533","2.63","7","1","Dental & oral disorders, no CC"
"03","0357","03571","0.6738","3.2","9","1","Dental & oral disorders, w mild CC"
"03","0357","03572","0.7194","3.47","10","1","Dental & oral disorders, w mod CC"
"03","0357","03573","1.1107","4.21","13","1","Dental & oral disorders, w severe CC"
"03","0357","03574","2.3952","6.44","21","1","Dental & oral disorders, w catas CC"
"03","0358","03580","4.5671","15.69","50","1","ENT & mouth malignancy with chemo- and radiother, no CC"
"03","0358","03581","5.1439","18.58","56","1","ENT & mouth malignancy with chemo- and radiother, w mild CC"
"03","0358","03582","6.3088","20.32","60","1","ENT & mouth malignancy with chemo- and radiother, w mod CC"
"03","0358","03583","8.2486","26.61","67","1","ENT & mouth malignancy with chemo- and radiother, w severe CC"
"03","0358","03584","10.69","33.73","71","1","ENT & mouth malignancy with chemo- and radiother, w catas CC"
"03","0359","03590","1.2912","4.69","7","1","ENT & mouth malignancy with chemotherapy, no CC"
"03","0359","03591","1.6477","5.6","8","1","ENT & mouth malignancy with chemotherapy, w mild CC"
"03","0359","03592","1.7228","6.12","13","1","ENT & mouth malignancy with chemotherapy, w mod CC"
"03","0359","03593","2.2498","7.5","16","1","ENT & mouth malignancy with chemotherapy, w severe CC"
"03","0359","03594","5.2194","11.62","39","1","ENT & mouth malignancy with chemotherapy, w catas CC"
"03","0360","03600","3.8146","21.27","52","1","ENT & mouth malignancy with radiotherapy, no CC"
"03","0360","03601","4.0292","22.8","54","1","ENT & mouth malignancy with radiotherapy, w mild CC"
"03","0360","03602","4.2207","24.58","57","1","ENT & mouth malignancy with radiotherapy, w mod CC"
"03","0360","03603","5.7325","27.96","62","1","ENT & mouth malignancy with radiotherapy, w severe CC"
"03","0360","03604","7.3112","32.32","72","1","ENT & mouth malignancy with radiotherapy, w catas CC"
"03","0361","03610","1.0362","2.84","11","1","ENT & mouth malignancy with diagnostic proc, no CC"
"03","0361","03612","1.2649","3.48","13","1","ENT & mouth malignancy with diagnostic proc, w mild to mod CC"
"03","0361","03613","2.3142","7.18","24","1","ENT & mouth malignancy with diagnostic proc, w severe CC"
"03","0361","03614","5.0136","12.13","59","1","ENT & mouth malignancy with diagnostic proc, w catas CC"
"03","0362","03620","1.3078","6.7","25","1","ENT & mouth malignancy with blood transfusion, no CC"
"03","0362","03622","1.8571","7.37","34","1","ENT & mouth malignancy with blood transfusion, w mild to mod CC"
"03","0362","03623","2.1718","9.949999999999999","35","1","ENT & mouth malignancy with blood transfusion, w severe CC"
"03","0362","03624","4.5705","13.36","62","1","ENT & mouth malignancy with blood transfusion, w catas CC"
"04","0401","04010","5.2204","10.52","26","1","Major chest procedures, no CC"
"04","0401","04012","6.9274","14.34","39","1","Major chest procedures, w mild to mod CC"
"04","0401","04013","8.323700000000001","15.27","44","1","Major chest procedures, w severe CC"
"04","0401","04014","9.246600000000001","22.2","63","1","Major chest procedures, w catas CC"
"04","0402","04020","2.2263","6.39","22","1","Other resp system procedures, no CC"
"04","0402","04022","3.0662","8.41","31","1","Other resp system procedures, w mild to mod CC"
"04","0402","04023","4.574","11.88","36","1","Other resp system procedures, w severe CC"
"04","0402","04024","6.3777","17.79","64","1","Other resp system procedures, w catas CC"
"04","0403","04030","2.4218","5.75","20","1","Ventilator support, no CC"
"04","0403","04031","2.8741","6.26","23","1","Ventilator support, w mild CC"
"04","0403","04032","3.6361","7.57","28","1","Ventilator support, w mod CC"
"04","0403","04033","3.8822","9.289999999999999","34","1","Ventilator support, w severe CC"
"04","0403","04034","6.7637","10.82","39","1","Ventilator support, w catas CC"
"04","0405","04050","21.2237","45.08","101","1","Trach for resp diseases w mech vent 96+ hr, no CC"
"04","0405","04051","24.4403","46.14","124","1","Trach for resp diseases w mech vent 96+ hr, w mild CC"
"04","0405","04053","26.6714","51.05","131","1","Trach for resp diseases w mech vent 96+ hr, w mod to sev CC"
"04","0405","04054","28.6967","57.18","175","1","Trach for resp diseases w mech vent 96+ hr, w catas CC"
"04","0406","04060","16.0138","38","66","1","Trach for resp diseases, no CC"
"04","0406","04062","18.1708","41.97","84","1","Trach for resp diseases, w mild to mod CC"
"04","0406","04063","20.5893","45.79","101","1","Trach for resp diseases, w severe CC"
"04","0406","04064","23.0413","49.93","115","1","Trach for resp diseases, w catas CC"
"04","0407","04070","1.9263","5.71","22","1","Noninvasive ventilation, no CC"
"04","0407","04072","3.2183","9.25","29","1","Noninvasive ventilation, w mild to mod CC"
"04","0407","04073","3.9531","10.68","30","1","Noninvasive ventilation, w severe CC"
"04","0407","04074","5.6583","16.13","61","1","Noninvasive ventilation, w catas CC"
"04","0408","04080","1.205","2.54","8","1","Other minor resp system procedures, no CC"
"04","0408","04082","1.8594","8.119999999999999","36","1","Other minor resp system procedures, w mild to mod CC"
"04","0408","04083","2.5667","9.449999999999999","43","1","Other minor resp system procedures, w severe CC"
"04","0408","04084","3.724","12.23","55","1","Other minor resp system procedures, w catas CC"
"04","0450","04509","1.0958","5.29","10","1","Cystic fibrosis, w or wo CC"
"04","0451","04510","2.103","6.57","18","1","Pulmonary embolism, no CC"
"04","0451","04512","2.7578","7.44","20","1","Pulmonary embolism, w mild to mod CC"
"04","0451","04513","3.1445","8.17","26","1","Pulmonary embolism, w severe CC"
"04","0451","04514","4.7735","9.9","45","1","Pulmonary embolism, w catas CC"
"04","0452","04520","0.5449000000000001","3.81","11","1","Respiratory infection/inflammation, no CC"
"04","0452","04521","0.8752","4.74","14","1","Respiratory infection/inflammation, w mild CC"
"04","0452","04522","0.9361","5.05","15","1","Respiratory infection/inflammation, w mod CC"
"04","0452","04523","1.4948","6.33","20","1","Respiratory infection/inflammation, w severe CC"
"04","0452","04524","3.2261","9.199999999999999","34","1","Respiratory infection/inflammation, w catas CC"
"04","0453","04530","0.6077","1.19","4","1","Sleep apnea, no CC"
"04","0453","04534","1.1707","3.72","18","1","Sleep apnea, w mild to cat CC"
"04","0454","04540","0.731","3.18","10","1","Pulmonary edema and respiratory failure, not transferred, no CC"
"04","0454","04542","0.7576000000000001","3.53","11","1","Pulmonary edema and respiratory failure, not transferred, w mild to mod CC"
"04","0454","04543","1.1576","4.37","16","1","Pulmonary edema and respiratory failure, not transferred, w severe CC"
"04","0454","04544","3.3122","7.88","34","1","Pulmonary edema and respiratory failure, not transferred, w catas CC"
"04","0455","04550","0.5397999999999999","3.04","9","1","Chronic obstructive pulmonary disease, no CC"
"04","0455","04551","0.7725","3.65","11","1","Chronic obstructive pulmonary disease, w mild CC"
"04","0455","04552","0.8072","3.78","12","1","Chronic obstructive pulmonary disease, w mod CC"
"04","0455","04553","0.9515","4.3","14","1","Chronic obstructive pulmonary disease, w severe CC"
"04","0455","04554","1.6506","5.91","21","1","Chronic obstructive pulmonary disease, w catas CC"
"04","0456","04560","0.4514","2.8","9","1","Major chest trauma, no CC"
"04","0456","04561","0.725","4.36","13","1","Major chest trauma, w mild CC"
"04","0456","04562","1.0662","6.25","15","1","Major chest trauma, w mod CC"
"04","0456","04563","1.6795","8.07","21","1","Major chest trauma, w severe CC"
"04","0456","04564","4.3048","15.11","71","1","Major chest trauma, w catas CC"
"04","0457","04570","0.3913","2.23","7","1","Respiratory signs and symptoms, no CC"
"04","0457","04571","0.4492","2.41","8","1","Respiratory signs and symptoms, w mild CC"
"04","0457","04572","0.534","2.76","9","1","Respiratory signs and symptoms, w mod CC"
"04","0457","04573","0.7232","3.29","10","1","Respiratory signs and symptoms, w severe CC"
"04","0457","04574","1.2624","4.45","17","1","Respiratory signs and symptoms, w catas CC"
"04","0458","04580","1.0645","6.25","16","1","Pneumothorax, no CC"
"04","0458","04581","1.3613","7.47","17","1","Pneumothorax, w mild CC"
"04","0458","04582","1.5792","8.289999999999999","21","1","Pneumothorax, w mod CC"
"04","0458","04583","1.7095","8.58","24","1","Pneumothorax, w severe CC"
"04","0458","04584","2.6114","10.73","34","1","Pneumothorax, w catas CC"
"04","0459","04590","0.3678","2.56","6","1","Bronchitis and asthma, no CC"
"04","0459","04591","0.4997","3.18","8","1","Bronchitis and asthma, w mild CC"
"04","0459","04592","0.5842000000000001","3.34","9","1","Bronchitis and asthma, w mod CC"
"04","0459","04593","0.8151","4.08","10","1","Bronchitis and asthma, w severe CC"
"04","0459","04594","1.3349","5.74","17","1","Bronchitis and asthma, w catas CC"
"04","0460","04600","0.3683","2.75","6","1","Whooping cough and acute bronchiolitis, no CC"
"04","0460","04601","0.4864","3.34","7","1","Whooping cough and acute bronchiolitis, w mild CC"
"04","0460","04602","0.5776","3.83","8","1","Whooping cough and acute bronchiolitis, w mod CC"
"04","0460","04603","0.7917999999999999","4.51","11","1","Whooping cough and acute bronchiolitis, w severe CC"
"04","0460","04604","1.1668","9.630000000000001","45","1","Whooping cough and acute bronchiolitis, w catas CC"
"04","0461","04610","0.8482","3.85","14","1","Respiratory neoplasms, no CC"
"04","0461","04611","0.8801","4.32","15","1","Respiratory neoplasms, w mild CC"
"04","0461","04612","1.0769","4.87","19","1","Respiratory neoplasms, w mod CC"
"04","0461","04613","1.1678","5.01","20","1","Respiratory neoplasms, w severe CC"
"04","0461","04614","1.789","7.29","27","1","Respiratory neoplasms, w catas CC"
"04","0462","04620","0.8061","3.79","13","1","Pleural effusion, not transferred, no CC"
"04","0462","04622","0.9921","4.47","15","1","Pleural effusion, not transferred, w mild to mod CC"
"04","0462","04623","1.3095","5.7","20","1","Pleural effusion, not transferred, w severe CC"
"04","0462","04624","2.4381","8.49","34","1","Pleural effusion, not transferred, w catas CC"
"04","0463","04630","0.6914","3.66","12","1","Interstitial lung disease, no CC"
"04","0463","04631","0.8017","3.75","13","1","Interstitial lung disease, w mild CC"
"04","0463","04632","1.0448","4.63","17","1","Interstitial lung disease, w mod CC"
"04","0463","04633","1.3412","5.05","19","1","Interstitial lung disease, w severe CC"
"04","0463","04634","1.8977","6.88","22","1","Interstitial lung disease, w catas CC"
"04","0464","04640","0.4225","2.44","7","1","Other respiratory system diagnoses, no CC"
"04","0464","04641","0.5962","2.8","10","1","Other respiratory system diagnoses, w mild CC"
"04","0464","04642","0.7561","3.33","12","1","Other respiratory system diagnoses, w mod CC"
"04","0464","04643","1.1255","4.6","18","1","Other respiratory system diagnoses, w severe CC"
"04","0464","04644","2.7862","8.890000000000001","41","1","Other respiratory system diagnoses, w catas CC"
"04","0465","04650","3.2593","8.33","33","1","Respiratory neoplasms with chemo- and radiother, no CC"
"04","0465","04652","4.8811","13.54","39","1","Respiratory neoplasms with chemo- and radiother, w mild to mod CC"
"04","0465","04653","5.8129","21.18","53","1","Respiratory neoplasms with chemo- and radiother, w severe CC"
"04","0465","04654","8.8363","26.28","85","1","Respiratory neoplasms with chemo- and radiother, w catas CC"
"04","0466","04660","2.1933","2.55","7","1","Respiratory neoplasms with chemotherapy, no CC"
"04","0466","04661","2.2749","2.75","8","1","Respiratory neoplasms with chemotherapy, w mild CC"
"04","0466","04662","2.7484","3.64","13","0.89","Respiratory neoplasms with chemotherapy, w mod CC"
"04","0466","04663","2.9754","4.05","20","1","Respiratory neoplasms with chemotherapy, w severe CC"
"04","0466","04664","4.8669","7.51","37","1","Respiratory neoplasms with chemotherapy, w catas CC"
"04","0467","04670","2.8703","13.66","40","1","Respiratory neoplasms with radiotherapy, no CC"
"04","0467","04671","3.0265","14.81","42","1","Respiratory neoplasms with radiotherapy, w mild CC"
"04","0467","04672","3.755","15.12","43","1","Respiratory neoplasms with radiotherapy, w mod CC"
"04","0467","04673","4.4603","17.32","47","1","Respiratory neoplasms with radiotherapy, w severe CC"
"04","0467","04674","7.0028","20.48","59","1","Respiratory neoplasms with radiotherapy, w catas CC"
"04","0468","04680","1.3399","4.68","16","1","Respiratory neoplasms with diag proc, no CC"
"04","0468","04681","1.6654","6","17","1","Respiratory neoplasms with diag proc, w mild CC"
"04","0468","04682","1.7325","6.46","18","1","Respiratory neoplasms with diag proc, w mod CC"
"04","0468","04683","2.3593","7.87","24","1","Respiratory neoplasms with diag proc, w severe CC"
"04","0468","04684","4.5223","14.05","53","1","Respiratory neoplasms with diag proc, w catas CC"
"04","0469","04690","1.1359","4.77","16","1","Respiratory neoplasms with blood transfusion, no CC"
"04","0469","04691","1.2272","5.81","21","1","Respiratory neoplasms with blood transfusion, w mild CC"
"04","0469","04692","1.5606","6.02","24","1","Respiratory neoplasms with blood transfusion, w mod CC"
"04","0469","04693","1.8233","8.09","25","1","Respiratory neoplasms with blood transfusion, w severe CC"
"04","0469","04694","3.9277","11.3","43","1","Respiratory neoplasms with blood transfusion, w catas CC"
"04","0470","04700","2.3605","10.32","24","1","Pyothorax, no CC"
"04","0470","04701","2.7489","10.66","27","1","Pyothorax, w mild CC"
"04","0470","04702","2.9527","11.84","34","1","Pyothorax, w mod CC"
"04","0470","04703","3.1922","12.16","36","1","Pyothorax, w severe CC"
"04","0470","04704","5.903","15.57","43","1","Pyothorax, w catas CC"
"04","0471","04710","0.4161","1.88","7","1","Pulmonary edema and respiratory failure, transferred, no CC"
"04","0471","04712","0.5021","2.04","8","1","Pulmonary edema and respiratory failure, transferred, w mild to mod CC"
"04","0471","04713","0.6679","2.43","9","1","Pulmonary edema and respiratory failure, transferred, w severe CC"
"04","0471","04714","1.0335","3.87","17","1","Pulmonary edema and respiratory failure, transferred, w catas CC"
"04","0472","04720","0.6857","3.25","10","1","Pleural effusion, transferred, no CC"
"04","0472","04721","0.7621","3.63","13","1","Pleural effusion, transferred, w mild CC"
"04","0472","04722","0.8087","4.25","14","1","Pleural effusion, transferred, w mod CC"
"04","0472","04723","0.9818","4.77","15","1","Pleural effusion, transferred, w severe CC"
"04","0472","04724","1.4829","5.98","25","1","Pleural effusion, transferred, w catas CC"
"05","0501","05010","13.1528","23.65","42","1","Valve replacement and open valvuloplasty w cath, no CC"
"05","0501","05013","15.5647","25.69","54","1","Valve replacement and open valvuloplasty w cath, w mild to sev CC"
"05","0501","05014","18.4982","26.91","78","1","Valve replacement and open valvuloplasty w cath, w catas CC"
"05","0502","05020","10.7413","12.09","27","1","Valve replacement and open valvuloplasty, no CC"
"05","0502","05023","12.6746","13.11","34","1","Valve replacement and open valvuloplasty, w mild to sev CC"
"05","0502","05024","14.2476","16.28","63","1","Valve replacement and open valvuloplasty, w catas CC"
"05","0503","05039","28.7603","26.67","74","1","Coronary bypass with PTCA, w or wo CC"
"05","0504","05040","17.4215","22.84","42","1","Coronary bypass with cath, no CC"
"05","0504","05042","18.6681","25.08","44","1","Coronary bypass with cath, w mild to mod CC"
"05","0504","05043","19.7059","26.72","55","1","Coronary bypass with cath, w severe CC"
"05","0504","05044","22.3994","31.28","92","1","Coronary bypass with cath, w catas CC"
"05","0505","05050","14.0427","11.78","27","1","Coronary bypass, no CC"
"05","0505","05052","15.4742","13.26","28","1","Coronary bypass, w mild to mod CC"
"05","0505","05053","16.2848","14.82","33","1","Coronary bypass, w severe CC"
"05","0505","05054","19.2688","19.88","51","1","Coronary bypass, w catas CC"
"05","0506","05060","8.2295","7.85","21","1","Other cardiothoracic proc, no CC"
"05","0506","05062","9.0421","9.42","39","1","Other cardiothoracic proc, w mild to mod CC"
"05","0506","05063","10.1408","10.39","42","1","Other cardiothoracic proc, w severe CC"
"05","0506","05064","13.1115","14.65","53","1","Other cardiothoracic proc, w catas CC"
"05","0507","05079","29.9997","20","66","1","Thoracoabdominal proc combination, w or wo CC"
"05","0508","05080","6.3021","6.86","21","1","Major cardiovascular proc, no CC"
"05","0508","05082","7.745","10.06","28","1","Major cardiovascular proc, w mild to mod CC"
"05","0508","05083","9.424099999999999","11.12","38","1","Major cardiovascular proc, w severe CC"
"05","0508","05084","11.6451","16.08","53","1","Major cardiovascular proc, w catas CC"
"05","0509","05090","3.5749","12.5","44","1","Major amputation, no CC"
"05","0509","05092","4.8673","15.54","63","1","Major amputation, w mild to mod CC"
"05","0509","05093","5.8041","17.66","70","1","Major amputation, w severe CC"
"05","0509","05094","7.1023","23.35","75","1","Major amputation, w catas CC"
"05","0510","05109","8.2628","13","28","1","Perm pacemaker proc comb for AMI, HF, Shock, w or wo CC"
"05","0511","05110","3.2789","4.46","12","1","Perm pacemaker proc comb, no CC"
"05","0511","05112","4.838","7.38","15","1","Perm pacemaker proc comb, w mild to mod CC"
"05","0511","05114","6.9312","7.59","23","1","Perm pacemaker proc comb, w sev to cat CC"
"05","0512","05120","2.9957","3.78","14","1","Automat cardioverter proc, no CC"
"05","0512","05123","4.0073","6.41","28","1","Automat cardioverter proc, w mild to sev CC"
"05","0512","05124","6.3659","13.04","50","1","Automat cardioverter proc, w catas CC"
"05","0513","05130","8.1899","8.890000000000001","20","1","Simple cardiothoracic proc, no CC"
"05","0513","05133","9.051299999999999","9.380000000000001","22","1","Simple cardiothoracic proc, w mild to sev CC"
"05","0513","05134","9.681699999999999","11.4","32","1","Simple cardiothoracic proc, w catas CC"
"05","0514","05140","7.0465","1.61","5","1","Cardiac electrophysiologic proc, no CC"
"05","0514","05142","7.903","2.96","11","1","Cardiac electrophysiologic proc, w mild to mod CC"
"05","0514","05143","8.927300000000001","3.45","17","1","Cardiac electrophysiologic proc, w severe CC"
"05","0514","05144","11.7667","7.75","27","1","Cardiac electrophysiologic proc, w catas CC"
"05","0515","05150","4.9357","7.65","30","1","Other vascular proc, no CC"
"05","0515","05152","6.7714","10.57","42","1","Other vascular proc, w mild to mod CC"
"05","0515","05153","7.8116","12.03","51","1","Other vascular proc, w severe CC"
"05","0515","05154","9.573700000000001","17.06","75","1","Other vascular proc, w catas CC"
"05","0516","05160","1.6097","6.15","23","1","Minor amputation, no CC"
"05","0516","05162","2.6018","7.63","28","1","Minor amputation, w mild to mod CC"
"05","0516","05163","3.2443","8.960000000000001","37","1","Minor amputation, w severe CC"
"05","0516","05164","4.8568","12.11","42","1","Minor amputation, w catas CC"
"05","0517","05170","2.8238","7.7","38","1","Pacemaker revision exc device repl, no CC"
"05","0517","05173","3.4074","8.970000000000001","44","1","Pacemaker revision exc device repl, w mild to sev CC"
"05","0517","05174","4.857","16.27","66","1","Pacemaker revision exc device repl, w catas CC"
"05","0518","05180","3.2516","6.15","16","1","Pacemaker device replacement, no CC"
"05","0518","05183","4.3509","7.08","20","1","Pacemaker device replacement, w mild to sev CC"
"05","0518","05184","5.9187","10.15","40","1","Pacemaker device replacement, w catas CC"
"05","0519","05190","1.4967","3.42","8","1","Vein ligation and stripping, no CC"
"05","0519","05193","2.062","3.94","11","1","Vein ligation and stripping, w mild to sev CC"
"05","0519","05194","3.6664","11.3","55","1","Vein ligation and stripping, w catas CC"
"05","0520","05200","2.1703","8.68","34","1","Other circ system OR proc, no CC"
"05","0520","05202","3.1039","10.27","43","1","Other circ system OR proc, w mild to mod CC"
"05","0520","05203","4.2591","12.55","45","1","Other circ system OR proc, w severe CC"
"05","0520","05204","5.9763","17.85","63","1","Other circ system OR proc, w catas CC"
"05","0521","05210","2.134","2.32","9","1","Cardiac cath/angiography for complex Dx, no CC"
"05","0521","05212","2.7251","4.97","19","1","Cardiac cath/angiography for complex Dx, w mod CC"
"05","0521","05213","3.3935","5.49","24","1","Cardiac cath/angiography for complex Dx, w severe CC"
"05","0521","05214","5.4038","13.14","45","1","Cardiac cath/angiography for complex Dx, w catas CC"
"05","0522","05220","2.0013","2.07","6","1","Cardiac cath/angiography, no CC"
"05","0522","05221","2.3911","2.62","7","1","Cardiac cath/angiography, w mild CC"
"05","0522","05222","2.5054","3.01","9","1","Cardiac cath/angiography, w mod CC"
"05","0522","05223","2.9497","3.4","13","1","Cardiac cath/angiography, w severe CC"
"05","0522","05224","3.4538","8.449999999999999","37","1","Cardiac cath/angiography, w catas CC"
"05","0523","05230","5.9513","2.12","6","1","Percut cardiovas proc w stent insertion, no CC"
"05","0523","05232","6.399","2.68","8","1","Percut cardiovas proc w stent insertion, w mild to mod CC"
"05","0523","05233","8.2232","3.22","11","1","Percut cardiovas proc w stent insertion, w severe CC"
"05","0523","05234","9.3431","7.91","32","1","Percut cardiovas proc w stent insertion, w catas CC"
"05","0524","05240","5.699","2.36","7","1","Percut cardiovas proc, no CC"
"05","0524","05243","6.9674","3","8","1","Percut cardiovas proc, w mild to sev CC"
"05","0524","05244","8.766299999999999","5.46","27","1","Percut cardiovas proc, w catas CC"
"05","0525","05259","28.6108","15.1","37","1","Acute MI w CAB or VSD repair w PTCA, w or wo CC"
"05","0526","05260","17.7717","16.41","46","1","Acute MI w CAB or VSD repair wo PTCA, no CC"
"05","0526","05264","22.8978","23.64","68","1","Acute MI w CAB or VSD repair wo PTCA, w mild to cat CC"
"05","0527","05270","9.4565","3.57","11","1","Acute MI w multiple vessel PTCA w stent, no CC"
"05","0527","05272","10.406","7","13","1","Acute MI w multiple vessel PTCA w stent, w mild to mod CC"
"05","0527","05273","12.0765","8.609999999999999","16","1","Acute MI w multiple vessel PTCA w stent, w severe CC"
"05","0527","05274","14.0653","9.710000000000001","30","1","Acute MI w multiple vessel PTCA w stent, w catas CC"
"05","0528","05289","12.7019","7.55","37","1","Acute MI w multiple vessel PTCA wo stent, w or wo CC"
"05","0529","05290","8.986800000000001","3.65","9","1","Acute MI w single vessel PTCA w stent, no CC"
"05","0529","05293","10.1568","4.77","13","1","Acute MI w single vessel PTCA w stent, w mild to sev CC"
"05","0529","05294","12.268","8.630000000000001","33","1","Acute MI w single vessel PTCA w stent, w catas CC"
"05","0530","05300","8.4338","3.92","9","1","Acute MI w single vessel PTCA wo stent, no CC"
"05","0530","05303","9.5509","5.36","14","1","Acute MI w single vessel PTCA wo stent, w mild to sev CC"
"05","0530","05304","11.5507","7.04","20","1","Acute MI w single vessel PTCA wo stent, w catas CC"
"05","0531","05310","5.5362","2.51","12","1","Peripheral stent insertion, no CC"
"05","0531","05314","9.629","8.84","44","1","Peripheral stent insertion, w mild to cat CC"
"05","0532","05320","18.8231","29.33","63","1","Multiple cardiac valve proc with cardiac cath, no CC"
"05","0532","05324","21.6514","30.88","86","1","Multiple cardiac valve proc with cardiac cath, w mild to cat CC"
"05","0533","05330","14.3303","18.53","48","1","Multiple cardiac valve procedures, no CC"
"05","0533","05334","16.0743","20.21","80","1","Multiple cardiac valve procedures, w mild to cat CC"
"05","0534","05340","35.6757","58","142","1","Trach for CVS diseases w mech vent 96+ hr, no CC"
"05","0534","05344","37.9863","60.13","146","1","Trach for CVS diseases w mech vent 96+ hr, w mild to cat CC"
"05","0535","05359","35.4421","57.92","143","1","Trach for CVS diseases, w or wo CC"
"05","0536","05360","4.6152","18.83","64","1","Multiple wound debridement, no CC"
"05","0536","05362","5.6097","21.88","65","1","Multiple wound debridement, w mild to mod CC"
"05","0536","05363","6.4373","23.3","73","1","Multiple wound debridement, w severe CC"
"05","0536","05364","9.4472","30.09","92","1","Multiple wound debridement, w catas CC"
"05","0537","05370","11.3439","12.37","60","1","Complex cardiothoracic procedures, no CC"
"05","0537","05373","14.3489","13.77","64","1","Complex cardiothoracic procedures, w mild to sev CC"
"05","0537","05374","17.7742","21.57","79","1","Complex cardiothoracic procedures, w catas CC"
"05","0550","05500","2.5437","5.1","9","1","Acute MI w major comp w thrombol inj, no CC"
"05","0550","05502","2.893","5.79","15","1","Acute MI w major comp w thrombol inj, w mild to mod CC"
"05","0550","05503","3.3629","6.33","16","1","Acute MI w major comp w thrombol inj, w severe CC"
"05","0550","05504","5.8168","8.640000000000001","27","1","Acute MI w major comp w thrombol inj, w catas CC"
"05","0551","05510","2.4461","4.26","8","1","Acute MI w thrombol inj, no CC"
"05","0551","05511","2.6611","4.61","9","1","Acute MI w thrombol inj, w mild CC"
"05","0551","05514","3.0457","5.73","14","1","Acute MI w thrombol inj, w mod to cat CC"
"05","0552","05520","1.7823","2.74","9","1","Acute MI w major comp, not transferred, no CC"
"05","0552","05522","2.1063","4.52","11","1","Acute MI w major comp, not transferred, w mild to mod CC"
"05","0552","05523","3.7439","5.49","17","1","Acute MI w major comp, not transferred, w severe CC"
"05","0552","05524","4.8868","8.609999999999999","30","1","Acute MI w major comp, not transferred, w catas CC"
"05","0553","05530","1.2944","3.82","8","1","Acute MI, not transferred, no CC"
"05","0553","05531","1.4666","4.27","9","1","Acute MI, not transferred, w mild CC"
"05","0553","05532","1.6695","4.29","11","1","Acute MI, not transferred, w mod CC"
"05","0553","05533","2.1609","5.02","14","1","Acute MI, not transferred, w severe CC"
"05","0553","05534","2.8609","7.27","26","1","Acute MI, not transferred, w catas CC"
"05","0554","05540","1.5157","10.38","35","1","Infective endocarditis, no CC"
"05","0554","05542","2.5079","11.82","36","1","Infective endocarditis, w mild to mod CC"
"05","0554","05543","3.4549","12.62","37","1","Infective endocarditis, w severe CC"
"05","0554","05544","6.233","17.85","50","1","Infective endocarditis, w catas CC"
"05","0555","05550","0.5965","3.07","8","1","Heart failure and shock, no CC"
"05","0555","05551","0.7723","3.45","10","1","Heart failure and shock, w mild CC"
"05","0555","05552","0.9048","3.9","11","1","Heart failure and shock, w mod CC"
"05","0555","05553","1.5375","4.33","13","1","Heart failure and shock, w severe CC"
"05","0555","05554","3.2508","7.13","26","1","Heart failure and shock, w catas CC"
"05","0556","05560","1.1454","5.65","15","1","Venous thrombosis, no CC"
"05","0556","05561","1.5584","6.74","17","1","Venous thrombosis, w mild CC"
"05","0556","05562","1.853","7.35","18","1","Venous thrombosis, w mod CC"
"05","0556","05563","2.4985","8.050000000000001","26","1","Venous thrombosis, w severe CC"
"05","0556","05564","3.8003","9.869999999999999","30","1","Venous thrombosis, w catas CC"
"05","0557","05579","1.3721","7.05","35","1","Skin ulcers for circulatory disorders, w or wo CC"
"05","0558","05580","0.8263","5.1","18","1","Peripheral vascular disorders, not transferred, no CC"
"05","0558","05581","1.1217","5.78","22","1","Peripheral vascular disorders, not transferred, w mild CC"
"05","0558","05582","1.9867","6.29","23","1","Peripheral vascular disorders, not transferred, w mod CC"
"05","0558","05583","2.5013","6.7","26","1","Peripheral vascular disorders, not transferred, w severe CC"
"05","0558","05584","4.3475","10.4","47","0.7","Peripheral vascular disorders, not transferred, w catas CC"
"05","0559","05590","0.4424","2.21","6","1","Coronary atherosclerosis, no CC"
"05","0559","05591","0.6228","2.76","9","1","Coronary atherosclerosis, w mild CC"
"05","0559","05592","0.792","2.9","10","1","Coronary atherosclerosis, w mod CC"
"05","0559","05593","0.9937","3.71","13","1","Coronary atherosclerosis, w severe CC"
"05","0559","05594","2.6531","7.1","29","1","Coronary atherosclerosis, w catas CC"
"05","0560","05600","0.2632","1.86","5","1","Hypertension, no CC"
"05","0560","05601","0.3681","2.25","6","1","Hypertension, w mild CC"
"05","0560","05602","0.421","2.42","7","1","Hypertension, w mod CC"
"05","0560","05603","0.5853","2.9","9","1","Hypertension, w severe CC"
"05","0560","05604","2.0436","6.32","26","1","Hypertension, w catas CC"
"05","0561","05610","0.6438","2.56","9","1","Congenital heart disease, no CC"
"05","0561","05611","0.9614","3.14","11","1","Congenital heart disease, w mild CC"
"05","0561","05612","1.2863","3.52","14","1","Congenital heart disease, w mod CC"
"05","0561","05613","2.614","7.05","29","1","Congenital heart disease, w severe CC"
"05","0561","05614","4.2956","10.88","52","1","Congenital heart disease, w catas CC"
"05","0562","05620","0.5463","2.61","10","1","Valvular disorders, no CC"
"05","0562","05621","0.6138","2.98","12","1","Valvular disorders, w mild CC"
"05","0562","05622","0.6773","3.09","14","1","Valvular disorders, w mod CC"
"05","0562","05623","1.0726","4.05","17","1","Valvular disorders, w severe CC"
"05","0562","05624","3.1212","7.54","25","1","Valvular disorders, w catas CC"
"05","0563","05630","0.6857","2.15","7","1","Major arrhythmia and cardiac arrest, no CC"
"05","0563","05631","1.0171","2.55","10","1","Major arrhythmia and cardiac arrest, w mild CC"
"05","0563","05632","1.429","2.68","12","1","Major arrhythmia and cardiac arrest, w mod CC"
"05","0563","05633","1.8767","3.35","14","1","Major arrhythmia and cardiac arrest, w severe CC"
"05","0563","05634","3.2644","6.04","30","1","Major arrhythmia and cardiac arrest, w catas CC"
"05","0564","05640","0.4013","1.74","4","1","Non-major arrhythmia and conduction dis, no CC"
"05","0564","05641","0.4998","2.13","6","1","Non-major arrhythmia and conduction dis, w mild CC"
"05","0564","05642","0.5578","2.3","7","1","Non-major arrhythmia and conduction dis, w mod CC"
"05","0564","05643","0.8132","2.98","9","1","Non-major arrhythmia and conduction dis, w severe CC"
"05","0564","05644","2.0801","5.49","20","1","Non-major arrhythmia and conduction dis, w catas CC"
"05","0565","05650","0.6218","2.45","6","1","Unstable angina, no CC"
"05","0565","05651","0.7573","2.82","7","1","Unstable angina, w mild CC"
"05","0565","05652","1.0486","3.1","8","1","Unstable angina, w mod CC"
"05","0565","05653","1.3552","3.77","10","1","Unstable angina, w severe CC"
"05","0565","05654","3.1212","6.86","22","0.48","Unstable angina, w catas CC"
"05","0566","05660","0.2705","1.52","4","1","Syncope and collapse, no CC"
"05","0566","05661","0.3538","1.79","5","1","Syncope and collapse, w mild CC"
"05","0566","05662","0.4279","1.94","6","1","Syncope and collapse, w mod CC"
"05","0566","05663","0.5356","2.38","8","1","Syncope and collapse, w severe CC"
"05","0566","05664","1.1098","4.43","14","1","Syncope and collapse, w catas CC"
"05","0567","05670","0.3468","1.66","4","1","Chest pain, no CC"
"05","0567","05671","0.4183","1.9","5","1","Chest pain, w mild CC"
"05","0567","05672","0.5273","1.98","6","1","Chest pain, w mod CC"
"05","0567","05673","0.6179","2.17","7","1","Chest pain, w severe CC"
"05","0567","05674","0.7234","3.4","16","1","Chest pain, w catas CC"
"05","0568","05680","0.5576","2.42","8","1","Other circulatory system diagnoses, no CC"
"05","0568","05681","0.7314000000000001","3.11","10","1","Other circulatory system diagnoses, w mild CC"
"05","0568","05682","0.9431","3.6","13","1","Other circulatory system diagnoses, w mod CC"
"05","0568","05683","1.4694","4.78","18","1","Other circulatory system diagnoses, w severe CC"
"05","0568","05684","4.2324","8.539999999999999","34","1","Other circulatory system diagnoses, w catas CC"
"05","0569","05690","0.704","1.9","6","1","Acute MI, transferred, no CC"
"05","0569","05691","1.0503","2.49","8","1","Acute MI, transferred, w mild CC"
"05","0569","05692","1.3691","2.88","9","1","Acute MI, transferred, w mod CC"
"05","0569","05693","1.665","3","11","1","Acute MI, transferred, w severe CC"
"05","0569","05694","2.9275","5.57","22","1","Acute MI, transferred, w catas CC"
"05","0570","05700","0.786","3.49","13","1","Peripheral vascular disorders, transferred, no CC"
"05","0570","05701","1.0724","3.5","14","1","Peripheral vascular disorders, transferred, w mild CC"
"05","0570","05702","1.9135","3.55","16","1","Peripheral vascular disorders, transferred, w mod CC"
"05","0570","05703","2.4536","4.07","17","1","Peripheral vascular disorders, transferred, w severe CC"
"05","0570","05704","3.3987","5.99","23","1","Peripheral vascular disorders, transferred, w catas CC"
"06","0601","06010","4.3094","12.89","36","1","Stomach, esophagus & duodenal proc for malig, no CC"
"06","0601","06011","5.2772","15.01","41","1","Stomach, esophagus & duodenal proc for malig, w mild CC"
"06","0601","06012","7.4225","20.82","59","1","Stomach, esophagus & duodenal proc for malig, w mod CC"
"06","0601","06013","8.594200000000001","21.17","60","1","Stomach, esophagus & duodenal proc for malig, w severe CC"
"06","0601","06014","10.8795","32.18","94","1","Stomach, esophagus & duodenal proc for malig, w catas CC"
"06","0602","06020","2.3509","6.38","13","1","Stomach, esophagus & duodenal procedures, no CC"
"06","0602","06021","2.6733","7.68","18","1","Stomach, esophagus & duodenal procedures, w mild CC"
"06","0602","06022","3.4104","8.199999999999999","21","1","Stomach, esophagus & duodenal procedures, w mod CC"
"06","0602","06023","4.2424","9.94","26","1","Stomach, esophagus & duodenal procedures, w severe CC"
"06","0602","06024","6.5409","13.5","45","1","Stomach, esophagus & duodenal procedures, w catas CC"
"06","0603","06030","3.5408","9.19","22","1","Major small & large bowel procedures, no CC"
"06","0603","06031","3.7271","10.74","29","1","Major small & large bowel procedures, w mild CC"
"06","0603","06032","4.8825","11.47","32","1","Major small & large bowel procedures, w mod CC"
"06","0603","06033","5.1396","11.91","35","1","Major small & large bowel procedures, w severe CC"
"06","0603","06034","9.890700000000001","17.51","54","1","Major small & large bowel procedures, w catas CC"
"06","0604","06040","5.0255","11.86","25","1","Rectal resection, no CC"
"06","0604","06042","6.1154","14.16","31","1","Rectal resection, w mild to mod CC"
"06","0604","06043","7.3494","16.06","35","1","Rectal resection, w severe CC"
"06","0604","06044","8.925700000000001","22.43","49","1","Rectal resection, w catas CC"
"06","0605","06050","2.0961","6.82","14","1","Peritoneal adhesiolysis, no CC"
"06","0605","06052","2.9373","8.529999999999999","19","1","Peritoneal adhesiolysis, w mild to mod CC"
"06","0605","06053","3.8648","10.31","27","1","Peritoneal adhesiolysis, w severe CC"
"06","0605","06054","6.6502","12.73","33","1","Peritoneal adhesiolysis, w catas CC"
"06","0607","06070","1.1468","2.95","5","1","Appendectomy, no CC"
"06","0607","06071","1.2512","3.62","8","1","Appendectomy, w mild CC"
"06","0607","06072","1.4377","3.7","9","1","Appendectomy, w mod CC"
"06","0607","06073","2.3621","4.41","12","1","Appendectomy, w severe CC"
"06","0607","06074","3.3052","7.26","27","1","Appendectomy, w catas CC"
"06","0608","06080","2.3747","7.6","17","1","Minor small & large bowel procedures, no CC"
"06","0608","06082","2.7375","8.32","21","1","Minor small & large bowel procedures, w mild to mod CC"
"06","0608","06083","3.5062","9.99","29","1","Minor small & large bowel procedures, w severe CC"
"06","0608","06084","5.9459","13.48","37","1","Minor small & large bowel procedures, w catas CC"
"06","0609","06090","0.9227","2.92","8","1","Anal & stomal procedures, no CC"
"06","0609","06091","1.0824","3.87","9","1","Anal & stomal procedures, w mild CC"
"06","0609","06092","1.179","4.39","12","1","Anal & stomal procedures, w mod CC"
"06","0609","06093","1.5317","5.35","18","1","Anal & stomal procedures, w severe CC"
"06","0609","06094","4.4797","9.140000000000001","28","1","Anal & stomal procedures, w catas CC"
"06","0610","06100","1.1193","2.78","6","1","Inguinal & femoral hernia procedures age > 14, no CC"
"06","0610","06101","1.2445","3.37","7","1","Inguinal & femoral hernia procedures age > 14, w mild CC"
"06","0610","06102","1.3592","3.54","10","1","Inguinal & femoral hernia procedures age > 14, w mod CC"
"06","0610","06103","1.5326","4.04","12","1","Inguinal & femoral hernia procedures age > 14, w severe CC"
"06","0610","06104","2.356","6.23","23","1","Inguinal & femoral hernia procedures age > 14, w catas CC"
"06","0611","06110","1.4765","4","11","1","Hernia proc, exc ing & femoral age > 14, no CC"
"06","0611","06112","1.8386","4.99","16","1","Hernia proc, exc ing & femoral age > 14, w mild to mod CC"
"06","0611","06113","2.5813","7.41","21","1","Hernia proc, exc ing & femoral age > 14, w severe CC"
"06","0611","06114","3.9659","9.15","30","1","Hernia proc, exc ing & femoral age > 14, w catas CC"
"06","0612","06120","0.8691","2","4","1","Hernia procedures age < 15, no CC"
"06","0612","06122","1.301","3.7","14","1","Hernia procedures age < 15, w mild to mod CC"
"06","0612","06124","1.558","4.52","15","1","Hernia procedures age < 15, w sev to cat CC"
"06","0613","06130","2.9016","8.529999999999999","26","1","Other digestive system OR proc for malig, no CC"
"06","0613","06132","3.5633","10.09","33","1","Other digestive system OR proc for malig, w mild to mod CC"
"06","0613","06133","5.3902","12.62","41","1","Other digestive system OR proc for malig, w severe CC"
"06","0613","06134","8.182399999999999","17.99","88","1","Other digestive system OR proc for malig, w catas CC"
"06","0614","06140","1.7765","5.57","13","1","Other digestive system OR procedures, no CC"
"06","0614","06141","2.2039","7.03","15","1","Other digestive system OR procedures, w mild CC"
"06","0614","06142","3.1849","7.12","19","1","Other digestive system OR procedures, w mod CC"
"06","0614","06143","4.2213","9.619999999999999","26","1","Other digestive system OR procedures, w severe CC"
"06","0614","06144","6.4552","13.94","45","1","Other digestive system OR procedures, w catas CC"
"06","0615","06159","2.0286","6.24","12","1","Pyloromyotomy procedures, w or wo CC"
"06","0616","06160","2.2751","4.13","10","1","Complex therapeutic gastro for maj dig dis, no CC"
"06","0616","06161","2.7641","4.39","11","1","Complex therapeutic gastro for maj dig dis, w mild CC"
"06","0616","06162","3.2006","4.56","16","1","Complex therapeutic gastro for maj dig dis, w mod CC"
"06","0616","06163","4.3201","5.2","19","1","Complex therapeutic gastro for maj dig dis, w severe CC"
"06","0616","06164","6.4796","8.16","29","1","Complex therapeutic gastro for maj dig dis, w catas CC"
"06","0617","06170","1.7995","3.07","12","1","Compl thera gastrosc for non-major dig dis, not same day, no CC"
"06","0617","06172","2.1333","3.38","15","1","Compl thera gastrosc for non-major dig dis, not same day, w mild to mod CC"
"06","0617","06173","3.4619","5.38","16","1","Compl thera gastrosc for non-major dig dis, not same day, w severe CC"
"06","0617","06174","5.9463","8.57","27","1","Compl thera gastrosc for non-major dig dis, not same day, w catas CC"
"06","0619","06190","1.3009","3.72","9","1","Other gastroscopy for major dig dis, not same day, no CC"
"06","0619","06191","1.3543","3.97","10","1","Other gastroscopy for major dig dis, not same day, w mild CC"
"06","0619","06192","1.9123","4.51","13","1","Other gastroscopy for major dig dis, not same day, w mod CC"
"06","0619","06193","2.3822","5.1","15","1","Other gastroscopy for major dig dis, not same day, w severe CC"
"06","0619","06194","5.4606","8.470000000000001","29","1","Other gastroscopy for major dig dis, not same day, w catas CC"
"06","0620","06209","0.7567","1","1","1","Other gastroscopy for major dig dis, same day, w or wo CC"
"06","0621","06210","0.9326","2.8","9","1","Other gastroscopy for non-major dig dis, not same day, no CC"
"06","0621","06211","1.3344","3.93","11","1","Other gastroscopy for non-major dig dis, not same day, w mild CC"
"06","0621","06212","1.6371","4.34","15","1","Other gastroscopy for non-major dig dis, not same day, w mod CC"
"06","0621","06213","2.1575","5.29","17","1","Other gastroscopy for non-major dig dis, not same day, w severe CC"
"06","0621","06214","4.856","10.25","33","1","Other gastroscopy for non-major dig dis, not same day, w catas CC"
"06","0622","06229","0.3493","1","1","1","Other gastroscopy for non-major dig dis, same day, w or wo CC"
"06","0623","06230","2.0698","2.49","7","1","Complex therapeutic colonoscopy, no CC"
"06","0623","06232","3.7341","3.27","12","1","Complex therapeutic colonoscopy, w mild to mod CC"
"06","0623","06234","5.9564","7.57","35","1","Complex therapeutic colonoscopy, w sev to cat CC"
"06","0624","06240","0.8905999999999999","2.92","10","1","Other colonoscopy, not same day, no CC"
"06","0624","06241","1.4374","4.82","14","1","Other colonoscopy, not same day, w mild CC"
"06","0624","06242","1.6164","4.97","18","1","Other colonoscopy, not same day, w mod CC"
"06","0624","06243","2.7579","8.210000000000001","32","1","Other colonoscopy, not same day, w severe CC"
"06","0624","06244","5.1569","14.45","56","1","Other colonoscopy, not same day, w catas CC"
"06","0625","06259","0.5278","1","1","1","Other colonoscopy, same day, w or wo CC"
"06","0626","06269","2.4461","6.2","18","1","Dilation of intestine, w or wo CC"
"06","0627","06279","10.8611","9.59","43","1","Lap stomach, esophagus & duodenal proc, w or wo CC"
"06","0628","06280","3.5733","7.84","16","1","Lap peritoneal adhesiolysis, no CC"
"06","0628","06282","4.2912","9.33","19","1","Lap peritoneal adhesiolysis, w mild to mod CC"
"06","0628","06284","7.3018","11.59","57","1","Lap peritoneal adhesiolysis, w sev to cat CC"
"06","0629","06299","2.0125","4.1","9","1","Laparoscopic appendectomy, w or wo CC"
"06","0630","06300","6.8372","14.55","34","1","Stomach, esophagus & duodenal resect for malig, no CC"
"06","0630","06301","8.7684","16.45","38","1","Stomach, esophagus & duodenal resect for malig, w mild CC"
"06","0630","06303","10.2599","19.5","41","1","Stomach, esophagus & duodenal resect for malig, w mod to sev CC"
"06","0630","06304","14.6433","26.45","62","1","Stomach, esophagus & duodenal resect for malig, w catas CC"
"06","0631","06310","4.9286","11.13","24","1","Stomach, esophagus & duodenal resection, no CC"
"06","0631","06311","6.5375","13.03","42","1","Stomach, esophagus & duodenal resection, w mild CC"
"06","0631","06313","9.8931","17.94","53","1","Stomach, esophagus & duodenal resection, w mod to sev CC"
"06","0631","06314","12.3407","23.69","69","1","Stomach, esophagus & duodenal resection, w catas CC"
"06","0632","06320","1.4891","4.86","10","1","Appendectomy for complicate Dx, no CC"
"06","0632","06322","1.9805","5.8","15","1","Appendectomy for complicate Dx, w mild to mod CC"
"06","0632","06323","2.3784","7.72","18","1","Appendectomy for complicate Dx, w severe CC"
"06","0632","06324","4.7145","10.66","34","1","Appendectomy for complicate Dx, w catas CC"
"06","0633","06330","32.4192","42.86","72","1","Trach for digestive system diseases w mech vent 96+ hr, no CC"
"06","0633","06334","35.4071","50.49","118","1","Trach for digestive system diseases w mech vent 96+ hr, w mild to cat CC"
"06","0634","06349","31.0046","49.78","125","1","Trach for digestive system diseases, w or wo CC"
"06","0650","06500","0.93","3.87","14","1","Digestive malignancy, not transferred, no CC"
"06","0650","06501","1.1989","4.83","16","1","Digestive malignancy, not transferred, w mild CC"
"06","0650","06502","1.363","5.13","19","1","Digestive malignancy, not transferred, w mod CC"
"06","0650","06503","1.4709","7.14","23","1","Digestive malignancy, not transferred, w severe CC"
"06","0650","06504","2.284","8.18","38","1","Digestive malignancy, not transferred, w catas CC"
"06","0651","06510","0.5905","2.84","7","1","G.I. hemorrhage, age > 64, no CC"
"06","0651","06511","0.7214","3.05","8","1","G.I. hemorrhage, age > 64, w mild CC"
"06","0651","06512","0.978","3.34","9","1","G.I. hemorrhage, age > 64, w mod CC"
"06","0651","06513","1.7104","3.69","10","1","G.I. hemorrhage, age > 64, w severe CC"
"06","0651","06514","3.6982","5.73","22","1","G.I. hemorrhage, age > 64, w catas CC"
"06","0652","06520","0.5887","2.37","5","1","G.I. hemorrhage, age < 65, no CC"
"06","0652","06521","0.7264","2.82","6","1","G.I. hemorrhage, age < 65, w mild CC"
"06","0652","06522","0.9703000000000001","2.94","7","1","G.I. hemorrhage, age < 65, w mod CC"
"06","0652","06523","1.5014","3.46","9","1","G.I. hemorrhage, age < 65, w severe CC"
"06","0652","06524","3.7879","4.34","16","1","G.I. hemorrhage, age < 65, w catas CC"
"06","0653","06530","0.5584","2.66","9","1","Complicated peptic ulcer, no CC"
"06","0653","06532","0.7916","3.43","12","1","Complicated peptic ulcer, w mild to mod CC"
"06","0653","06533","0.9731","3.57","13","1","Complicated peptic ulcer, w severe CC"
"06","0653","06534","3.4093","5.85","24","1","Complicated peptic ulcer, w catas CC"
"06","0654","06540","0.2552","1.96","5","1","Uncomplicated peptic ulcer, no CC"
"06","0654","06541","0.428","2.42","6","1","Uncomplicated peptic ulcer, w mild CC"
"06","0654","06542","0.5356","2.61","7","1","Uncomplicated peptic ulcer, w mod CC"
"06","0654","06543","0.7027","3.1","9","1","Uncomplicated peptic ulcer, w severe CC"
"06","0654","06544","1.2189","5.22","16","1","Uncomplicated peptic ulcer, w catas CC"
"06","0655","06550","0.6344","3.01","8","1","Inflammatory bowel disease, no CC"
"06","0655","06552","1.7374","5.38","18","1","Inflammatory bowel disease, w mild to mod CC"
"06","0655","06554","1.8468","6.59","24","1","Inflammatory bowel disease, w sev to cat CC"
"06","0656","06560","0.5192","3.31","8","1","G.I. obstruction, not transferred, no CC"
"06","0656","06561","0.6835","3.79","10","1","G.I. obstruction, not transferred, w mild CC"
"06","0656","06562","0.7478","4.15","11","1","G.I. obstruction, not transferred, w mod CC"
"06","0656","06563","1.1757","5.22","16","1","G.I. obstruction, not transferred, w severe CC"
"06","0656","06564","3.0002","8.17","36","1","G.I. obstruction, not transferred, w catas CC"
"06","0657","06570","0.2238","1.8","4","1","Gastroenteritis age > 9, no CC"
"06","0657","06571","0.41","2.62","6","1","Gastroenteritis age > 9, w mild CC"
"06","0657","06572","0.6544","2.89","7","1","Gastroenteritis age > 9, w mod CC"
"06","0657","06573","1.0796","3.39","9","1","Gastroenteritis age > 9, w severe CC"
"06","0657","06574","1.2392","4.61","16","1","Gastroenteritis age > 9, w catas CC"
"06","0658","06580","0.2225","2.14","5","1","Gastroenteritis age < 10, no CC"
"06","0658","06581","0.2884","2.51","6","1","Gastroenteritis age < 10, w mild CC"
"06","0658","06582","0.5234","2.6","7","1","Gastroenteritis age < 10, w mod CC"
"06","0658","06583","0.9271","3.45","9","1","Gastroenteritis age < 10, w severe CC"
"06","0658","06584","1.6191","9.460000000000001","40","1","Gastroenteritis age < 10, w catas CC"
"06","0660","06600","0.5619","2.88","9","1","Other digestive system diagnoses, not transferred, no CC"
"06","0660","06601","0.7645","3.19","11","1","Other digestive system diagnoses, not transferred, w mild CC"
"06","0660","06602","0.9947","4.62","14","1","Other digestive system diagnoses, not transferred, w mod CC"
"06","0660","06603","1.5448","5.59","18","1","Other digestive system diagnoses, not transferred, w severe CC"
"06","0660","06604","3.8577","7.95","28","1","Other digestive system diagnoses, not transferred, w catas CC"
"06","0661","06610","0.2486","1.71","4","1","Abdominal pain or mesenteric adenitis, no CC"
"06","0661","06611","0.3899","2.3","7","1","Abdominal pain or mesenteric adenitis, w mild CC"
"06","0661","06612","0.4355","2.42","8","1","Abdominal pain or mesenteric adenitis, w mod CC"
"06","0661","06613","0.57","2.84","9","1","Abdominal pain or mesenteric adenitis, w severe CC"
"06","0661","06614","1.3108","4.21","16","1","Abdominal pain or mesenteric adenitis, w catas CC"
"06","0662","06620","0.3704","2.58","7","1","Intestinal helminthiases age > 9, no CC"
"06","0662","06621","0.5849","3.3","8","0.98","Intestinal helminthiases age > 9, w mild CC"
"06","0662","06622","0.6101","3.67","11","1","Intestinal helminthiases age > 9, w mod CC"
"06","0662","06623","0.8897","4.45","12","1","Intestinal helminthiases age > 9, w severe CC"
"06","0662","06624","1.7172","6","14","1","Intestinal helminthiases age > 9, w catas CC"
"06","0663","06630","0.2752","2.5","6","1","Intestinal helminthiases age < 10, no CC"
"06","0663","06634","0.712","3.56","17","1","Intestinal helminthiases age < 10, w mild to cat CC"
"06","0664","06640","0.2395","1.77","4","1","Oesophagitis, gastritis and dyspepsia age > 9, no CC"
"06","0664","06641","0.3404","2.1","5","1","Oesophagitis, gastritis and dyspepsia age > 9, w mild CC"
"06","0664","06642","0.3568","2.26","6","1","Oesophagitis, gastritis and dyspepsia age > 9, w mod CC"
"06","0664","06643","0.4667","2.64","7","1","Oesophagitis, gastritis and dyspepsia age > 9, w severe CC"
"06","0664","06644","0.7875","3.59","11","1","Oesophagitis, gastritis and dyspepsia age > 9, w catas CC"
"06","0665","06650","0.1905","1.76","4","1","Oesophagitis, gastritis and dyspepsia age < 10, no CC"
"06","0665","06651","0.2248","1.84","5","1","Oesophagitis, gastritis and dyspepsia age < 10, w mild CC"
"06","0665","06652","0.2495","2.05","6","1","Oesophagitis, gastritis and dyspepsia age < 10, w mod CC"
"06","0665","06654","0.4161","2.92","10","1","Oesophagitis, gastritis and dyspepsia age < 10, w sev to cat CC"
"06","0666","06660","0.4408","2.48","8","1","Miscellneous digestive disorders age > 9, no CC"
"06","0666","06661","0.5224","3.42","10","1","Miscellneous digestive disorders age > 9, w mild CC"
"06","0666","06662","0.6029","3.84","11","1","Miscellneous digestive disorders age > 9, w mod CC"
"06","0666","06663","1.0603","4.67","15","1","Miscellneous digestive disorders age > 9, w severe CC"
"06","0666","06664","2.6699","7.22","33","1","Miscellneous digestive disorders age > 9, w catas CC"
"06","0667","06670","0.197","1.62","4","1","Miscellneous digestive disorders age < 10, no CC"
"06","0667","06671","0.339","2.5","9","1","Miscellneous digestive disorders age < 10, w mild CC"
"06","0667","06672","0.4751","2.95","11","1","Miscellneous digestive disorders age < 10, w mod CC"
"06","0667","06674","1.5558","6.1","25","1","Miscellneous digestive disorders age < 10, w sev to cat CC"
"06","0668","06680","3.4056","11.33","44","1","Digest malignancy w chemo- and radiotherapy, no CC"
"06","0668","06682","4.8036","21.2","51","1","Digest malignancy w chemo- and radiotherapy, w mild to mod CC"
"06","0668","06683","6.3496","27.74","53","1","Digest malignancy w chemo- and radiotherapy, w severe CC"
"06","0668","06684","9.918799999999999","34.35","75","1","Digest malignancy w chemo- and radiotherapy, w catas CC"
"06","0669","06690","2.7118","3.36","6","1","Digest malignancy w chemotherapy, no CC"
"06","0669","06691","3.1259","3.7","7","1","Digest malignancy w chemotherapy, w mild CC"
"06","0669","06692","3.7276","4.04","11","1","Digest malignancy w chemotherapy, w mod CC"
"06","0669","06693","4.3399","4.56","16","1","Digest malignancy w chemotherapy, w severe CC"
"06","0669","06694","6.5308","7.16","35","1","Digest malignancy w chemotherapy, w catas CC"
"06","0670","06700","3.0179","18.35","48","1","Digest malignancy w radiotherapy, no CC"
"06","0670","06701","3.3757","20.29","49","1","Digest malignancy w radiotherapy, w mild CC"
"06","0670","06702","3.5571","21.8","63","1","Digest malignancy w radiotherapy, w mod CC"
"06","0670","06704","5.6576","22.88","70","1","Digest malignancy w radiotherapy, w sev to cat CC"
"06","0671","06710","1.1648","4.59","17","1","Digest malignancy w diag proc, no CC"
"06","0671","06711","1.4211","5.92","19","1","Digest malignancy w diag proc, w mild CC"
"06","0671","06712","1.6507","7.64","23","1","Digest malignancy w diag proc, w mod CC"
"06","0671","06713","1.7725","7.99","27","1","Digest malignancy w diag proc, w severe CC"
"06","0671","06714","3.503","12.92","48","1","Digest malignancy w diag proc, w catas CC"
"06","0672","06720","1.168","4.95","18","1","Digest malignancy w blood transfusion, no CC"
"06","0672","06722","1.5978","5.53","20","1","Digest malignancy w blood transfusion, w mild to mod CC"
"06","0672","06723","2.57","6.62","30","1","Digest malignancy w blood transfusion, w severe CC"
"06","0672","06724","3.9994","10.99","43","1","Digest malignancy w blood transfusion, w catas CC"
"06","0673","06730","0.6677999999999999","3.36","12","1","Digestive malignancy, transferred, no CC"
"06","0673","06732","0.7211","3.8","14","1","Digestive malignancy, transferred, w mild to mod CC"
"06","0673","06733","1.0526","4.63","18","1","Digestive malignancy, transferred, w severe CC"
"06","0673","06734","1.6408","5.35","22","1","Digestive malignancy, transferred, w catas CC"
"06","0674","06740","0.3924","1.7","5","1","G.I. obstruction, transferred, no CC"
"06","0674","06741","0.5039","2.25","6","1","G.I. obstruction, transferred, w mild CC"
"06","0674","06742","0.5541","2.3","8","1","G.I. obstruction, transferred, w mod CC"
"06","0674","06743","0.6062","2.48","10","1","G.I. obstruction, transferred, w severe CC"
"06","0674","06744","0.8248","3.09","12","1","G.I. obstruction, transferred, w catas CC"
"06","0675","06750","0.2553","1.2","3","1","Other digestive system diagnoses, transferred, no CC"
"06","0675","06751","0.4462","1.81","8","1","Other digestive system diagnoses, transferred, w mild CC"
"06","0675","06752","0.478","1.91","9","1","Other digestive system diagnoses, transferred, w mod CC"
"06","0675","06753","0.7358","2.59","11","1","Other digestive system diagnoses, transferred, w severe CC"
"06","0675","06754","1.4475","4.37","19","1","Other digestive system diagnoses, transferred, w catas CC"
"07","0701","07010","6.384","9.6","24","1","Pancreas, liver & shunt proc, no CC"
"07","0701","07012","8.2081","12.89","31","1","Pancreas, liver & shunt proc, w mild to mod CC"
"07","0701","07013","9.667400000000001","13.78","34","1","Pancreas, liver & shunt proc, w severe CC"
"07","0701","07014","11.245","15.09","52","1","Pancreas, liver & shunt proc, w catas CC"
"07","0702","07020","4.9707","13.2","27","1","Biliary tract procedures for malignancy, no CC"
"07","0702","07022","5.6541","13.72","33","1","Biliary tract procedures for malignancy, w mild to mod CC"
"07","0702","07023","7.2648","16.67","43","1","Biliary tract procedures for malignancy, w severe CC"
"07","0702","07024","10.1411","19.8","74","1","Biliary tract procedures for malignancy, w catas CC"
"07","0703","07030","3.4611","9.15","20","1","Biliary tract procedures, no CC"
"07","0703","07032","4.5605","10.62","25","1","Biliary tract procedures, w mild to mod CC"
"07","0703","07033","5.5911","12.87","36","1","Biliary tract procedures, w severe CC"
"07","0703","07034","8.6318","16.58","50","1","Biliary tract procedures, w catas CC"
"07","0704","07040","4.8127","12.78","29","1","Open cholecystectomy w closed CDE, no CC"
"07","0704","07042","5.5956","13.32","32","1","Open cholecystectomy w closed CDE, w mild to mod CC"
"07","0704","07043","7.2615","15","34","1","Open cholecystectomy w closed CDE, w severe CC"
"07","0704","07044","12.7066","28.62","72","1","Open cholecystectomy w closed CDE, w catas CC"
"07","0705","07050","1.9548","5.56","12","1","Open cholecystectomy, no CC"
"07","0705","07051","2.4399","7.6","18","1","Open cholecystectomy, w mild CC"
"07","0705","07052","3.013","8","19","1","Open cholecystectomy, w mod CC"
"07","0705","07053","4.1756","9.75","22","1","Open cholecystectomy, w severe CC"
"07","0705","07054","6.6788","12.72","36","1","Open cholecystectomy, w catas CC"
"07","0706","07060","3.0555","7.48","22","1","Hepatobiliary diagnostic proc, no CC"
"07","0706","07062","4.0483","8.94","26","1","Hepatobiliary diagnostic proc, w mild to mod CC"
"07","0706","07063","5.4502","10.66","45","1","Hepatobiliary diagnostic proc, w severe CC"
"07","0706","07064","6.2878","15.71","62","1","Hepatobiliary diagnostic proc, w catas CC"
"07","0707","07070","3.036","7.91","25","1","Oth hepatobil and pancreas OR procedures, no CC"
"07","0707","07072","4.8882","10.83","38","1","Oth hepatobil and pancreas OR procedures, w mild to mod CC"
"07","0707","07073","5.796","14.88","56","1","Oth hepatobil and pancreas OR procedures, w severe CC"
"07","0707","07074","7.4613","20.65","62","1","Oth hepatobil and pancreas OR procedures, w catas CC"
"07","0708","07080","2.6458","4.41","15","1","ERCP with therapeutic procedures, no CC"
"07","0708","07082","3.5371","6.77","22","1","ERCP with therapeutic procedures, w mild to mod CC"
"07","0708","07083","5.316","8.24","26","1","ERCP with therapeutic procedures, w severe CC"
"07","0708","07084","8.473699999999999","13.75","46","1","ERCP with therapeutic procedures, w catas CC"
"07","0709","07090","4.6404","9.69","20","1","Laparoscopic cholecystectomy w closed CDE, no CC"
"07","0709","07092","5.8358","10.23","24","1","Laparoscopic cholecystectomy w closed CDE, w mild to mod CC"
"07","0709","07094","7.101","13.95","41","1","Laparoscopic cholecystectomy w closed CDE, w sev to cat CC"
"07","0710","07100","2.2225","3.78","8","1","Laparoscopic cholecystectomy, no CC"
"07","0710","07102","2.4859","4.59","13","1","Laparoscopic cholecystectomy, w mild to mod CC"
"07","0710","07103","2.8489","5.39","14","1","Laparoscopic cholecystectomy, w severe CC"
"07","0710","07104","5.666","10.89","35","1","Laparoscopic cholecystectomy, w catas CC"
"07","0711","07110","3.1621","7.63","20","1","Pancreas and liver procedures except resection, no CC"
"07","0711","07112","4.0603","9.460000000000001","26","1","Pancreas and liver procedures except resection, w mild to mod CC"
"07","0711","07113","5.2531","10.59","31","1","Pancreas and liver procedures except resection, w severe CC"
"07","0711","07114","7.9904","13.96","48","1","Pancreas and liver procedures except resection, w catas CC"
"07","0712","07129","40.0223","50.95","131","1","Trach for hepatobiliary diseases w mech vent 96+ hr, w or wo CC"
"07","0713","07139","36.7534","51.35","96","1","Trach for hepatobiliary diseases, w or wo CC"
"07","0750","07500","0.5595","2.95","9","1","Cirrhosis & alcoholic hepatitis, no CC"
"07","0750","07501","0.6387","3.11","10","1","Cirrhosis & alcoholic hepatitis, w mild CC"
"07","0750","07502","0.788","3.54","11","1","Cirrhosis & alcoholic hepatitis, w mod CC"
"07","0750","07503","1.1351","4.26","14","1","Cirrhosis & alcoholic hepatitis, w severe CC"
"07","0750","07504","3.2242","6.72","26","1","Cirrhosis & alcoholic hepatitis, w catas CC"
"07","0751","07510","0.9432","3.94","14","1","Malig of hepatobil syst/pancreas, not transferred, no CC"
"07","0751","07511","1.2022","4.38","15","1","Malig of hepatobil syst/pancreas, not transferred, w mild CC"
"07","0751","07512","1.7336","4.41","17","1","Malig of hepatobil syst/pancreas, not transferred, w mod CC"
"07","0751","07513","2.5704","5.1","18","1","Malig of hepatobil syst/pancreas, not transferred, w severe CC"
"07","0751","07514","4.5274","7.12","30","1","Malig of hepatobil syst/pancreas, not transferred, w catas CC"
"07","0753","07530","0.8707","4.02","10","1","Disorders of pancreas, except malignancy, no CC"
"07","0753","07531","1.13","4.69","13","1","Disorders of pancreas, except malignancy, w mild CC"
"07","0753","07532","1.6462","5.37","16","1","Disorders of pancreas, except malignancy, w mod CC"
"07","0753","07533","2.3248","6.39","19","1","Disorders of pancreas, except malignancy, w severe CC"
"07","0753","07534","4.5451","8.130000000000001","26","1","Disorders of pancreas, except malignancy, w catas CC"
"07","0754","07540","0.6876","3.47","12","1","Dis of liver, except malignancy, cirrhosis, alc hepatitis, no CC"
"07","0754","07541","0.8907","4.5","14","1","Dis of liver, except malignancy, cirrhosis, alc hepatitis, w mild CC"
"07","0754","07542","0.9535","4.91","15","1","Dis of liver, except malignancy, cirrhosis, alc hepatitis, w mod CC"
"07","0754","07543","1.3329","5.93","17","1","Dis of liver, except malignancy, cirrhosis, alc hepatitis, w severe CC"
"07","0754","07544","2.824","7.52","26","1","Dis of liver, except malignancy, cirrhosis, alc hepatitis, w catas CC"
"07","0755","07550","0.7484","3.74","9","1","Disorder of biliary tract, no CC"
"07","0755","07551","0.9777","4.55","12","1","Disorder of biliary tract, w mild CC"
"07","0755","07552","1.0282","4.6","13","1","Disorder of biliary tract, w mod CC"
"07","0755","07553","1.4911","5.5","16","1","Disorder of biliary tract, w severe CC"
"07","0755","07554","3.5351","8.01","25","1","Disorder of biliary tract, w catas CC"
"07","0756","07560","3.9149","13.23","37","1","Hepatobil mal with chemo- and radiotherapy, no CC"
"07","0756","07564","5.9586","14.9","39","1","Hepatobil mal with chemo- and radiotherapy, w mild to cat CC"
"07","0757","07570","2.3256","3.59","7","1","Hepatobiliary malignancy with chemotherapy, no CC"
"07","0757","07571","2.8233","4.04","9","1","Hepatobiliary malignancy with chemotherapy, w mild CC"
"07","0757","07572","3.2117","4.57","10","1","Hepatobiliary malignancy with chemotherapy, w mod CC"
"07","0757","07573","4.1859","4.84","14","1","Hepatobiliary malignancy with chemotherapy, w severe CC"
"07","0757","07574","5.6721","6.09","26","0.49","Hepatobiliary malignancy with chemotherapy, w catas CC"
"07","0758","07580","3.3377","13.13","32","1","Hepatobiliary malignancy with radiotherapy, no CC"
"07","0758","07584","5.7866","14.98","50","0.99","Hepatobiliary malignancy with radiotherapy, w mild to cat CC"
"07","0759","07590","1.7208","4.83","16","1","Hepatobiliary malignancy with diagnostic procedures, no CC"
"07","0759","07591","2.0342","5.15","18","1","Hepatobiliary malignancy with diagnostic procedures, w mild CC"
"07","0759","07592","2.6435","6.23","21","1","Hepatobiliary malignancy with diagnostic procedures, w mod CC"
"07","0759","07593","3.4435","7.44","24","1","Hepatobiliary malignancy with diagnostic procedures, w severe CC"
"07","0759","07594","5.5201","10.9","35","0.73","Hepatobiliary malignancy with diagnostic procedures, w catas CC"
"07","0760","07600","1.2146","4.33","12","1","Hepatobiliary malignancy with blood transfusion, no CC"
"07","0760","07601","1.4023","4.67","13","1","Hepatobiliary malignancy with blood transfusion, w mild CC"
"07","0760","07602","2.1143","5.49","22","1","Hepatobiliary malignancy with blood transfusion, w mod CC"
"07","0760","07603","3.2143","6.51","25","1","Hepatobiliary malignancy with blood transfusion, w severe CC"
"07","0760","07604","4.8939","7.83","27","1","Hepatobiliary malignancy with blood transfusion, w catas CC"
"07","0761","07610","0.6877","3.14","10","1","Malig of hepatobil syst/pancreas, transferred, no CC"
"07","0761","07612","0.7576000000000001","3.5","12","1","Malig of hepatobil syst/pancreas, transferred, w mild to mod CC"
"07","0761","07613","0.852","3.7","13","1","Malig of hepatobil syst/pancreas, transferred, w severe CC"
"07","0761","07614","1.2169","4.25","14","1","Malig of hepatobil syst/pancreas, transferred, w catas CC"
"08","0801","08010","5.8256","13.13","41","1","Bilateral or multiple major joint proc of lower ext, no CC"
"08","0801","08011","7.1195","16.37","50","1","Bilateral or multiple major joint proc of lower ext, w mild CC"
"08","0801","08014","9.408799999999999","21.67","83","1","Bilateral or multiple major joint proc of lower ext, w mod to cat CC"
"08","0802","08020","3.6184","10.19","25","1","Total hip replacement, no CC"
"08","0802","08021","3.9378","11.16","30","1","Total hip replacement, w mild CC"
"08","0802","08023","4.4821","13.37","38","1","Total hip replacement, w mod to sev CC"
"08","0802","08024","7.3718","20.05","54","1","Total hip replacement, w catas CC"
"08","0803","08030","3.5015","9.51","20","1","Knee replacement, no CC"
"08","0803","08031","3.7548","10.29","21","1","Knee replacement, w mild CC"
"08","0803","08033","4.2813","12.72","30","1","Knee replacement, w mod to sev CC"
"08","0803","08034","6.8585","18.95","46","1","Knee replacement, w catas CC"
"08","0804","08049","4.5482","11.13","31","1","Oth maj jt repl & limb reattach of low/up ext, w or wo CC"
"08","0805","08050","4.3222","11.44","28","1","Spinal fusion, no CC"
"08","0805","08051","5.0397","12.25","29","1","Spinal fusion, w mild CC"
"08","0805","08052","5.7637","14.23","35","1","Spinal fusion, w mod CC"
"08","0805","08053","6.3219","16.56","45","1","Spinal fusion, w severe CC"
"08","0805","08054","9.7949","24.81","76","1","Spinal fusion, w catas CC"
"08","0806","08060","3.1821","9.66","25","1","Back & neck procedures except spinal fusion, no CC"
"08","0806","08062","4.378","13.4","37","1","Back & neck procedures except spinal fusion, w mild to mod CC"
"08","0806","08063","5.9433","20.35","53","1","Back & neck procedures except spinal fusion, w severe CC"
"08","0806","08064","8.9338","31.5","94","1","Back & neck procedures except spinal fusion, w catas CC"
"08","0807","08070","2.8483","9.65","32","1","Amputation for MS & CT disorders, no CC"
"08","0807","08071","3.8896","11.74","34","1","Amputation for MS & CT disorders, w mild CC"
"08","0807","08072","4.7209","14.93","35","1","Amputation for MS & CT disorders, w mod CC"
"08","0807","08073","6.3366","18.2","55","1","Amputation for MS & CT disorders, w severe CC"
"08","0807","08074","9.2445","25.37","86","1","Amputation for MS & CT disorders, w catas CC"
"08","0808","08080","2.329","7.65","30","1","Biopsies for MS & CT disorders, no CC"
"08","0808","08082","3.6322","12.78","40","1","Biopsies for MS & CT disorders, w mild to mod CC"
"08","0808","08083","4.6711","15.71","49","1","Biopsies for MS & CT disorders, w severe CC"
"08","0808","08084","8.703799999999999","20.14","70","1","Biopsies for MS & CT disorders, w catas CC"
"08","0809","08090","2.0334","8.94","32","1","Skin graft except hand for MS&CT, no CC"
"08","0809","08092","3.3351","15.26","42","1","Skin graft except hand for MS&CT, w mild to mod CC"
"08","0809","08094","6.2057","21","76","1","Skin graft except hand for MS&CT, w sev to cat CC"
"08","0810","08100","2.7872","10.51","25","1","Hip & femur proc exc replacement age >17, no CC"
"08","0810","08101","3.1033","12.44","29","1","Hip & femur proc exc replacement age >17, w mild CC"
"08","0810","08102","3.3581","13.37","35","1","Hip & femur proc exc replacement age >17, w mod CC"
"08","0810","08103","4.2198","15.62","38","1","Hip & femur proc exc replacement age >17, w severe CC"
"08","0810","08104","6.8754","22.72","67","1","Hip & femur proc exc replacement age >17, w catas CC"
"08","0811","08110","2.2588","7.81","19","1","Hip & femur proc exc replacement age 0-17, no CC"
"08","0811","08111","2.5701","10.14","21","1","Hip & femur proc exc replacement age 0-17, w mild CC"
"08","0811","08112","2.8875","11.19","24","1","Hip & femur proc exc replacement age 0-17, w mod CC"
"08","0811","08113","3.7577","12.21","34","1","Hip & femur proc exc replacement age 0-17, w severe CC"
"08","0811","08114","7.4607","18.58","50","1","Hip & femur proc exc replacement age 0-17, w catas CC"
"08","0812","08120","2.3167","6.05","19","1","Knee procedures except replacement, no CC"
"08","0812","08122","3.3458","12.54","37","1","Knee procedures except replacement, w mild to mod CC"
"08","0812","08123","4.2877","14.38","43","1","Knee procedures except replacement, w severe CC"
"08","0812","08124","7.4172","21.87","63","1","Knee procedures except replacement, w catas CC"
"08","0813","08130","1.523","3.77","10","1","Shoulder, elbow & forearm proc exc replacement, no CC"
"08","0813","08131","1.7077","6.19","14","1","Shoulder, elbow & forearm proc exc replacement, w mild CC"
"08","0813","08132","2.386","7.69","16","1","Shoulder, elbow & forearm proc exc replacement, w mod CC"
"08","0813","08133","2.9436","9.23","25","1","Shoulder, elbow & forearm proc exc replacement, w severe CC"
"08","0813","08134","3.4636","15.49","57","1","Shoulder, elbow & forearm proc exc replacement, w catas CC"
"08","0814","08140","2.0354","6.73","18","1","Humerus, tibia,fib & ankle proc exc repl age >17, no CC"
"08","0814","08141","2.3379","9.789999999999999","24","1","Humerus, tibia,fib & ankle proc exc repl age >17, w mild CC"
"08","0814","08142","2.6053","11.27","29","1","Humerus, tibia,fib & ankle proc exc repl age >17, w mod CC"
"08","0814","08143","3.2502","13.3","34","1","Humerus, tibia,fib & ankle proc exc repl age >17, w severe CC"
"08","0814","08144","5.246","17.34","53","1","Humerus, tibia,fib & ankle proc exc repl age >17, w catas CC"
"08","0815","08150","1.4594","3.74","11","1","Humerus, tibia,fib & ankle proc ex repl age 0-17, no CC"
"08","0815","08151","1.9833","6.18","17","1","Humerus, tibia,fib & ankle proc ex repl age 0-17, w mild CC"
"08","0815","08152","2.3165","7.1","26","1","Humerus, tibia,fib & ankle proc ex repl age 0-17, w mod CC"
"08","0815","08154","2.8135","9.69","29","1","Humerus, tibia,fib & ankle proc ex repl age 0-17, w sev to cat CC"
"08","0816","08160","0.9319","2.41","7","1","Wrist & hand procedures except replacement, no CC"
"08","0816","08161","1.2109","3.63","10","1","Wrist & hand procedures except replacement, w mild CC"
"08","0816","08162","1.3558","4.08","12","1","Wrist & hand procedures except replacement, w mod CC"
"08","0816","08163","1.978","6.96","22","1","Wrist & hand procedures except replacement, w severe CC"
"08","0816","08164","2.8644","9.19","29","1","Wrist & hand procedures except replacement, w catas CC"
"08","0817","08170","1.1869","3.65","13","1","Foot procedures, no CC"
"08","0817","08172","1.7683","6.34","22","1","Foot procedures, w mild to mod CC"
"08","0817","08173","2.1118","9","25","1","Foot procedures, w severe CC"
"08","0817","08174","2.7771","10.48","37","1","Foot procedures, w catas CC"
"08","0818","08180","1.2223","3.84","10","1","Loc exc & remov of int fix dev of hip & femur, no CC"
"08","0818","08181","1.8098","6.14","26","1","Loc exc & remov of int fix dev of hip & femur, w mild CC"
"08","0818","08182","2.3926","8.32","30","1","Loc exc & remov of int fix dev of hip & femur, w mod CC"
"08","0818","08184","3.722","13.72","60","1","Loc exc & remov of int fix dev of hip & femur, w sev to cat CC"
"08","0819","08190","1.0368","3.06","9","1","Loc exc & remov of int fix dev exc hip & femur, no CC"
"08","0819","08191","1.451","6.38","31","1","Loc exc & remov of int fix dev exc hip & femur, w mild CC"
"08","0819","08192","1.9941","7.67","34","1","Loc exc & remov of int fix dev exc hip & femur, w mod CC"
"08","0819","08193","2.7761","10.77","48","1","Loc exc & remov of int fix dev exc hip & femur, w severe CC"
"08","0819","08194","3.8419","17.38","68","1","Loc exc & remov of int fix dev exc hip & femur, w catas CC"
"08","0820","08200","1.1795","3.43","11","1","Soft tissue procedures, no CC"
"08","0820","08201","1.8103","7.06","21","1","Soft tissue procedures, w mild CC"
"08","0820","08202","2.2957","8.93","29","1","Soft tissue procedures, w mod CC"
"08","0820","08203","2.6011","9.56","30","1","Soft tissue procedures, w severe CC"
"08","0820","08204","3.9997","14.41","55","1","Soft tissue procedures, w catas CC"
"08","0821","08210","1.8922","4.76","14","1","Arthroscopy, no CC"
"08","0821","08211","2.9787","7.55","17","1","Arthroscopy, w mild CC"
"08","0821","08212","3.3782","9.949999999999999","28","1","Arthroscopy, w mod CC"
"08","0821","08213","5.0336","12.34","43","1","Arthroscopy, w severe CC"
"08","0821","08214","8.713900000000001","20.86","47","1","Arthroscopy, w catas CC"
"08","0822","08220","2.0612","7.28","21","1","Other MS & CT OR procedures, no CC"
"08","0822","08221","2.7458","10.66","31","1","Other MS & CT OR procedures, w mild CC"
"08","0822","08222","3.8768","12.42","36","1","Other MS & CT OR procedures, w mod CC"
"08","0822","08223","4.4999","14.11","49","1","Other MS & CT OR procedures, w severe CC"
"08","0822","08224","6.634","22.02","79","1","Other MS & CT OR procedures, w catas CC"
"08","0823","08230","3.1557","12.61","28","1","Partial hip replacement, no CC"
"08","0823","08231","3.371","14.33","29","1","Partial hip replacement, w mild CC"
"08","0823","08232","3.7239","15.44","38","1","Partial hip replacement, w mod CC"
"08","0823","08233","4.6747","17.58","40","1","Partial hip replacement, w severe CC"
"08","0823","08234","7.5355","25.47","61","1","Partial hip replacement, w catas CC"
"08","0824","08240","4.734","14.62","57","1","Total hip revision, no CC"
"08","0824","08242","6.2084","21.12","61","1","Total hip revision, w mild to mod CC"
"08","0824","08244","7.5487","29.24","81","1","Total hip revision, w sev to cat CC"
"08","0825","08250","3.7853","15.07","30","1","Total knee revision, no CC"
"08","0825","08254","7.0868","20.24","70","1","Total knee revision, w mild to cat CC"
"08","0826","08269","5.6689","16.86","52","1","Partial knee revision, w or wo CC"
"08","0827","08279","6.3638","21.08","44","1","Partial hip revision, w or wo CC"
"08","0828","08280","6.752","31.22","79","1","Mult (2-4) wound debride w skin graft exc hand for MS&CT, no CC"
"08","0828","08281","8.5076","38.47","108","1","Mult (2-4) wound debride w skin graft exc hand for MS&CT, w mild CC"
"08","0828","08282","10.352","49.04","110","1","Mult (2-4) wound debride w skin graft exc hand for MS&CT, w mod CC"
"08","0828","08283","11.5939","52.04","124","1","Mult (2-4) wound debride w skin graft exc hand for MS&CT, w severe CC"
"08","0828","08284","15.3487","55.08","128","1","Mult (2-4) wound debride w skin graft exc hand for MS&CT, w catas CC"
"08","0829","08290","5.7549","27.92","73","1","Wound debride w skin graft except hand for MS&CT, no CC"
"08","0829","08292","7.838","37.13","90","1","Wound debride w skin graft except hand for MS&CT, w mild to mod CC"
"08","0829","08293","8.1601","39.39","95","1","Wound debride w skin graft except hand for MS&CT, w severe CC"
"08","0829","08294","11.1477","42.66","97","1","Wound debride w skin graft except hand for MS&CT, w catas CC"
"08","0830","08300","3.6586","14.82","43","1","Multiple (2-4) wound debridement for MS&CT, no CC"
"08","0830","08301","4.5672","16.38","47","1","Multiple (2-4) wound debridement for MS&CT, w mild CC"
"08","0830","08302","5.784","17.28","50","1","Multiple (2-4) wound debridement for MS&CT, w mod CC"
"08","0830","08303","6.8247","22.4","73","1","Multiple (2-4) wound debridement for MS&CT, w severe CC"
"08","0830","08304","9.695399999999999","26.5","84","1","Multiple (2-4) wound debridement for MS&CT, w catas CC"
"08","0831","08310","1.5819","5.72","22","1","Wound debridement for MS&CT, no CC"
"08","0831","08311","2.2447","9.44","32","1","Wound debridement for MS&CT, w mild CC"
"08","0831","08312","2.8463","11.17","42","1","Wound debridement for MS&CT, w mod CC"
"08","0831","08313","3.4439","12.25","48","1","Wound debridement for MS&CT, w severe CC"
"08","0831","08314","6.2671","15.4","58","1","Wound debridement for MS&CT, w catas CC"
"08","0832","08329","3.07","5.5","12","1","Reattachment of finger, w or wo CC"
"08","0833","08339","37.1394","57.38","146","1","Trach for MS and CT diseases w mech vent 96+ hr, w or wo CC"
"08","0834","08349","32.1128","55.03","145","1","Trach for MS and CT diseases, w or wo CC"
"08","0835","08359","29.86","28.29","97","1","Plasmapheresis for MS and CT dis, w or wo CC"
"08","0836","08360","9.323399999999999","35.09","86","1","Multiple (>4) wound debridement for MS&CT, no CC"
"08","0836","08363","11.5895","39.47","98","1","Multiple (>4) wound debridement for MS&CT, w mild to sev CC"
"08","0836","08364","14.5689","47.14","107","1","Multiple (>4) wound debridement for MS&CT, w catas CC"
"08","0850","08500","1.0097","6.2","27","1","Fracture of femur, no CC"
"08","0850","08501","1.4769","8.380000000000001","33","1","Fracture of femur, w mild CC"
"08","0850","08502","1.6463","9.220000000000001","40","1","Fracture of femur, w mod CC"
"08","0850","08503","2.2029","10.11","45","1","Fracture of femur, w severe CC"
"08","0850","08504","6.4127","18.51","80","0.49","Fracture of femur, w catas CC"
"08","0851","08510","0.7843","5","24","1","Fracture of hip and pelvis, no CC"
"08","0851","08511","1.2031","7.46","30","1","Fracture of hip and pelvis, w mild CC"
"08","0851","08512","1.5789","9.15","32","1","Fracture of hip and pelvis, w mod CC"
"08","0851","08513","2.6587","10.76","41","1","Fracture of hip and pelvis, w severe CC"
"08","0851","08514","4.7467","18.64","62","1","Fracture of hip and pelvis, w catas CC"
"08","0852","08520","0.6774","3.88","16","1","Sprain, stain & dislocation of hip, pelvis & thigh, no CC"
"08","0852","08522","1.4786","7.07","27","1","Sprain, stain & dislocation of hip, pelvis & thigh, w mild to mod CC"
"08","0852","08524","2.774","10.94","41","1","Sprain, stain & dislocation of hip, pelvis & thigh, w sev to cat CC"
"08","0853","08530","1.0811","7.4","27","1","Osteomyelitis, no CC"
"08","0853","08531","1.5269","7.81","38","1","Osteomyelitis, w mild CC"
"08","0853","08532","1.7187","9.25","45","1","Osteomyelitis, w mod CC"
"08","0853","08533","2.4228","10.48","47","1","Osteomyelitis, w severe CC"
"08","0853","08534","4.8675","15.54","60","1","Osteomyelitis, w catas CC"
"08","0854","08540","1.0204","4.92","18","1","Pathological fracture and malignancy, no CC"
"08","0854","08541","1.0743","5.61","19","1","Pathological fracture and malignancy, w mild CC"
"08","0854","08542","1.2848","6.36","23","1","Pathological fracture and malignancy, w mod CC"
"08","0854","08543","1.528","8.18","25","1","Pathological fracture and malignancy, w severe CC"
"08","0854","08544","3.0697","10.23","41","1","Pathological fracture and malignancy, w catas CC"
"08","0855","08550","0.5613","3.44","13","1","Connective tissue disorders, no CC"
"08","0855","08551","0.7246","3.67","14","1","Connective tissue disorders, w mild CC"
"08","0855","08552","0.9028","4.52","18","1","Connective tissue disorders, w mod CC"
"08","0855","08553","1.2071","6.16","25","1","Connective tissue disorders, w severe CC"
"08","0855","08554","2.3002","6.86","30","1","Connective tissue disorders, w catas CC"
"08","0856","08560","0.9865","6.43","21","1","Septic arthritis, no CC"
"08","0856","08561","1.3537","8.050000000000001","22","1","Septic arthritis, w mild CC"
"08","0856","08562","1.6381","9.359999999999999","24","1","Septic arthritis, w mod CC"
"08","0856","08563","1.8385","10.69","30","1","Septic arthritis, w severe CC"
"08","0856","08564","2.7081","14.91","54","1","Septic arthritis, w catas CC"
"08","0857","08570","0.6544","4.19","16","1","Medical back problems, no CC"
"08","0857","08571","0.9406","4.96","19","1","Medical back problems, w mild CC"
"08","0857","08572","1.3549","5.57","22","1","Medical back problems, w mod CC"
"08","0857","08573","2.3708","7.34","31","1","Medical back problems, w severe CC"
"08","0857","08574","4.3169","12.59","57","1","Medical back problems, w catas CC"
"08","0858","08580","0.6109","3.35","11","1","Bone disease and specific arthropathies, no CC"
"08","0858","08581","0.9375","3.83","12","1","Bone disease and specific arthropathies, w mild CC"
"08","0858","08582","1.4369","4.32","13","1","Bone disease and specific arthropathies, w mod CC"
"08","0858","08583","2.1846","4.86","15","1","Bone disease and specific arthropathies, w severe CC"
"08","0858","08584","3.5029","8.18","31","1","Bone disease and specific arthropathies, w catas CC"
"08","0859","08590","0.4764","3.33","10","1","Nonspecific arthropathies, no CC"
"08","0859","08591","0.6161","4.8","11","1","Nonspecific arthropathies, w mild CC"
"08","0859","08592","0.6399","5.38","12","1","Nonspecific arthropathies, w mod CC"
"08","0859","08593","1.0085","5.62","15","1","Nonspecific arthropathies, w severe CC"
"08","0859","08594","1.2506","10.29","34","1","Nonspecific arthropathies, w catas CC"
"08","0860","08600","0.361","2.41","9","1","Signs and symptoms of MS system & CT, no CC"
"08","0860","08601","0.469","2.7","10","1","Signs and symptoms of MS system & CT, w mild CC"
"08","0860","08602","0.5435","2.82","11","1","Signs and symptoms of MS system & CT, w mod CC"
"08","0860","08603","0.7467","3.51","15","1","Signs and symptoms of MS system & CT, w severe CC"
"08","0860","08604","1.0046","4.72","16","1","Signs and symptoms of MS system & CT, w catas CC"
"08","0861","08610","0.5828","3.34","13","1","Tendonitis, myositis and bursitis, no CC"
"08","0861","08611","0.7834","4.68","15","1","Tendonitis, myositis and bursitis, w mild CC"
"08","0861","08612","1.0744","5.51","18","1","Tendonitis, myositis and bursitis, w mod CC"
"08","0861","08613","1.4706","6.87","23","1","Tendonitis, myositis and bursitis, w severe CC"
"08","0861","08614","2.3899","8.390000000000001","36","1","Tendonitis, myositis and bursitis, w catas CC"
"08","0862","08620","0.8589","5.06","21","1","Aftercare, MS system & CT, no CC"
"08","0862","08621","1.2708","7.94","34","1","Aftercare, MS system & CT, w mild CC"
"08","0862","08622","1.5784","9.640000000000001","37","1","Aftercare, MS system & CT, w mod CC"
"08","0862","08623","2.5775","13.1","39","1","Aftercare, MS system & CT, w severe CC"
"08","0862","08624","2.9035","15.69","55","1","Aftercare, MS system & CT, w catas CC"
"08","0863","08630","0.474","1.88","6","1","Fx, spr, str & disl of f arm,hand & foot age >17, no CC"
"08","0863","08631","0.6012999999999999","2.32","7","1","Fx, spr, str & disl of f arm,hand & foot age >17, w mild CC"
"08","0863","08632","0.7095","3.35","11","1","Fx, spr, str & disl of f arm,hand & foot age >17, w mod CC"
"08","0863","08633","1.1089","4.95","17","1","Fx, spr, str & disl of f arm,hand & foot age >17, w severe CC"
"08","0863","08634","1.8798","7.14","35","1","Fx, spr, str & disl of f arm,hand & foot age >17, w catas CC"
"08","0864","08640","0.4998","1.45","4","1","Fx, spr, str & disl of f arm,hand & foot age 0-17, no CC"
"08","0864","08641","0.6078","1.96","6","1","Fx, spr, str & disl of f arm,hand & foot age 0-17, w mild CC"
"08","0864","08644","0.8958","3.81","18","1","Fx, spr, str & disl of f arm,hand & foot age 0-17, w mod to cat CC"
"08","0865","08650","0.4744","2.09","8","1","Fx, spr, str & disl of up arm& low leg age >17, no CC"
"08","0865","08651","0.6616","3.1","13","1","Fx, spr, str & disl of up arm& low leg age >17, w mild CC"
"08","0865","08652","0.8796","4.13","16","1","Fx, spr, str & disl of up arm& low leg age >17, w mod CC"
"08","0865","08653","1.378","5.84","27","1","Fx, spr, str & disl of up arm& low leg age >17, w severe CC"
"08","0865","08654","3.822","10.66","51","1","Fx, spr, str & disl of up arm& low leg age >17, w catas CC"
"08","0866","08660","0.4699","1.56","5","1","Fx, spr, str & disl of up arm& low leg age 0-17, no CC"
"08","0866","08661","0.6849","2.74","13","1","Fx, spr, str & disl of up arm& low leg age 0-17, w mild CC"
"08","0866","08662","1.326","4.51","21","1","Fx, spr, str & disl of up arm& low leg age 0-17, w mod CC"
"08","0866","08664","2.5803","6.9","34","1","Fx, spr, str & disl of up arm& low leg age 0-17, w sev to cat CC"
"08","0867","08670","0.5073","2.33","9","1","other MS system and CT diagnoses, no CC"
"08","0867","08671","0.6109","3.5","12","1","other MS system and CT diagnoses, w mild CC"
"08","0867","08672","0.8998","4.77","17","1","other MS system and CT diagnoses, w mod CC"
"08","0867","08673","1.1729","6.13","24","1","other MS system and CT diagnoses, w severe CC"
"08","0867","08674","3.347","9.65","48","1","other MS system and CT diagnoses, w catas CC"
"08","0868","08680","4.1763","17.8","60","1","Pathol fracture and malignancy w chemo- and radiother, no CC"
"08","0868","08684","6.4195","24.86","67","1","Pathol fracture and malignancy w chemo- and radiother, w mild to cat CC"
"08","0869","08690","2.324","3.81","9","1","Pathol fracture and malignancy w chemotherapy, no CC"
"08","0869","08691","2.645","4.29","11","1","Pathol fracture and malignancy w chemotherapy, w mild CC"
"08","0869","08692","2.9627","5.62","17","1","Pathol fracture and malignancy w chemotherapy, w mod CC"
"08","0869","08693","3.1828","6.44","21","1","Pathol fracture and malignancy w chemotherapy, w severe CC"
"08","0869","08694","6.033","15.66","46","0.99","Pathol fracture and malignancy w chemotherapy, w catas CC"
"08","0870","08700","2.8862","14.4","42","1","Pathol fracture and malignancy w radiotherapy, no CC"
"08","0870","08702","3.37","14.51","47","1","Pathol fracture and malignancy w radiotherapy, w mild to mod CC"
"08","0870","08703","4.0131","16.67","52","1","Pathol fracture and malignancy w radiotherapy, w severe CC"
"08","0870","08704","5.5928","17.41","54","1","Pathol fracture and malignancy w radiotherapy, w catas CC"
"08","0871","08710","1.8611","6.35","23","1","Pathol fracture and malignancy w diagnostic proc, no CC"
"08","0871","08711","2.5431","9.199999999999999","28","1","Pathol fracture and malignancy w diagnostic proc, w mild CC"
"08","0871","08712","3.1238","12.05","38","1","Pathol fracture and malignancy w diagnostic proc, w mod CC"
"08","0871","08713","4.1069","13.49","42","1","Pathol fracture and malignancy w diagnostic proc, w severe CC"
"08","0871","08714","6.4556","20.49","72","1","Pathol fracture and malignancy w diagnostic proc, w catas CC"
"08","0872","08720","1.2542","6.22","19","1","Pathol fracture and malignancy w blood transfusion, no CC"
"08","0872","08722","1.6775","7.44","21","1","Pathol fracture and malignancy w blood transfusion, w mild to mod CC"
"08","0872","08723","2.3961","9.449999999999999","30","1","Pathol fracture and malignancy w blood transfusion, w severe CC"
"08","0872","08724","4.4231","11.93","41","1","Pathol fracture and malignancy w blood transfusion, w catas CC"
"08","0873","08730","0.5944","3.17","11","1","Major connective tissue Dx, no CC"
"08","0873","08731","0.7544","4.61","16","1","Major connective tissue Dx, w mild CC"
"08","0873","08732","1.4284","5.37","17","1","Major connective tissue Dx, w mod CC"
"08","0873","08733","2.5218","6.92","26","1","Major connective tissue Dx, w severe CC"
"08","0873","08734","4.3546","13.95","45","1","Major connective tissue Dx, w catas CC"
"09","0901","09010","2.6437","8.73","18","1","Total mastectomy for malignancy, no CC"
"09","0901","09012","2.8816","9.6","21","1","Total mastectomy for malignancy, w mild to mod CC"
"09","0901","09013","3.3007","11.66","28","1","Total mastectomy for malignancy, w severe CC"
"09","0901","09014","5.2324","16.49","51","1","Total mastectomy for malignancy, w catas CC"
"09","0902","09020","1.6737","3.68","11","1","Subtotal mastectomy for malignancy, no CC"
"09","0902","09022","2.1555","5.7","22","1","Subtotal mastectomy for malignancy, w mild to mod CC"
"09","0902","09024","3.2783","8.640000000000001","34","1","Subtotal mastectomy for malignancy, w sev to cat CC"
"09","0903","09030","1.1578","3.01","8","1","Breast proc for non-malig exc biopsy and local excis, no CC"
"09","0903","09032","1.5468","3.57","9","1","Breast proc for non-malig exc biopsy and local excis, w mild to mod CC"
"09","0903","09034","2.0817","7.42","22","1","Breast proc for non-malig exc biopsy and local excis, w sev to cat CC"
"09","0904","09040","0.8841","2.16","5","1","Breast biopsy and local excision, no CC"
"09","0904","09042","1.0475","2.72","7","1","Breast biopsy and local excision, w mild to mod CC"
"09","0904","09044","1.7387","5.56","27","1","Breast biopsy and local excision, w sev to cat CC"
"09","0905","09050","1.9732","8.199999999999999","35","1","Skin graft and debrid for ulcer or cellulitis, no CC"
"09","0905","09052","3.0348","11.22","52","1","Skin graft and debrid for ulcer or cellulitis, w mild to mod CC"
"09","0905","09053","4.4382","16.03","73","1","Skin graft and debrid for ulcer or cellulitis, w severe CC"
"09","0905","09054","7.8398","23.34","94","1","Skin graft and debrid for ulcer or cellulitis, w catas CC"
"09","0906","09060","1.2961","5.01","17","1","Skin graft and debridment, no CC"
"09","0906","09061","1.8601","8.300000000000001","30","1","Skin graft and debridment, w mild CC"
"09","0906","09062","2.4574","8.59","34","1","Skin graft and debridment, w mod CC"
"09","0906","09063","3.1223","10.25","40","1","Skin graft and debridment, w severe CC"
"09","0906","09064","4.7185","16.02","53","1","Skin graft and debridment, w catas CC"
"09","0907","09079","0.8295","2.79","9","1","Perianal and pilonidal procedures, w or wo CC"
"09","0908","09080","1.6847","4.71","14","1","Skin, subcut tissue and breast plastic proc, no CC"
"09","0908","09082","2.3019","7.06","17","1","Skin, subcut tissue and breast plastic proc, w mild to mod CC"
"09","0908","09084","5.0749","11.09","55","1","Skin, subcut tissue and breast plastic proc, w sev to cat CC"
"09","0909","09090","0.9013","3.22","7","1","Other skin, subcut tissue and breast proc, no CC"
"09","0909","09091","1.1631","4.53","10","1","Other skin, subcut tissue and breast proc, w mild CC"
"09","0909","09092","1.5414","5.49","21","1","Other skin, subcut tissue and breast proc, w mod CC"
"09","0909","09093","1.8777","7.35","26","1","Other skin, subcut tissue and breast proc, w severe CC"
"09","0909","09094","4.4524","14.32","53","1","Other skin, subcut tissue and breast proc, w catas CC"
"09","0910","09100","4.8968","20.11","88","1","Skin graft and mult debride for ulcer or cellulitis, no CC"
"09","0910","09102","6.3017","25.17","92","1","Skin graft and mult debride for ulcer or cellulitis, w mild to mod CC"
"09","0910","09103","7.4687","27.73","95","1","Skin graft and mult debride for ulcer or cellulitis, w severe CC"
"09","0910","09104","9.913399999999999","31.64","120","1","Skin graft and mult debride for ulcer or cellulitis, w catas CC"
"09","0911","09110","2.3053","9.06","38","1","Pedicle graft plastic procedures, no CC"
"09","0911","09112","3.7479","15.68","47","1","Pedicle graft plastic procedures, w mild to mod CC"
"09","0911","09114","7.8234","25.83","88","1","Pedicle graft plastic procedures, w sev to cat CC"
"09","0912","09129","28.349","53.96","150","1","Trach for skin and breast diseases w mech vent 96+ hr, w or wo CC"
"09","0913","09139","26.3253","53.52","177","1","Trach for skin and breast diseases, w or wo CC"
"09","0914","09140","3.85","9.859999999999999","20","1","Total mastectomy  w reconstruction, no CC"
"09","0914","09144","5.2445","13.42","61","1","Total mastectomy  w reconstruction, w mild to cat CC"
"09","0915","09150","3.1568","13.16","43","1","Skin graft and/or multiple debridment, no CC"
"09","0915","09152","5.2518","16.77","45","1","Skin graft and/or multiple debridment, w mild to mod CC"
"09","0915","09153","6.2695","20.19","55","1","Skin graft and/or multiple debridment, w severe CC"
"09","0915","09154","7.1141","25.77","75","1","Skin graft and/or multiple debridment, w catas CC"
"09","0950","09500","1.3344","8.73","43","1","Skin ulcers, no CC"
"09","0950","09501","1.8523","9.99","49","1","Skin ulcers, w mild CC"
"09","0950","09502","2.2867","11.79","58","1","Skin ulcers, w mod CC"
"09","0950","09503","2.9647","13.28","60","1","Skin ulcers, w severe CC"
"09","0950","09504","4.9905","20.2","91","1","Skin ulcers, w catas CC"
"09","0951","09510","0.6428","3.7","12","1","Severe skin disorders, no CC"
"09","0951","09511","0.8792","4.88","17","1","Severe skin disorders, w mild CC"
"09","0951","09512","1.183","5.48","20","1","Severe skin disorders, w mod CC"
"09","0951","09513","1.5933","6.95","27","1","Severe skin disorders, w severe CC"
"09","0951","09514","4.2895","12.22","42","0.99","Severe skin disorders, w catas CC"
"09","0952","09520","0.4976","3.28","11","1","Moderate skin disorders, no CC"
"09","0952","09522","0.8156","4.34","15","1","Moderate skin disorders, w mild to mod CC"
"09","0952","09523","1.0975","5.54","20","1","Moderate skin disorders, w severe CC"
"09","0952","09524","2.512","11.74","58","1","Moderate skin disorders, w catas CC"
"09","0953","09530","0.2444","1.91","6","1","Minor skin disorders, no CC"
"09","0953","09531","0.4228","2.82","8","1","Minor skin disorders, w mild CC"
"09","0953","09532","0.5649","3.03","9","1","Minor skin disorders, w mod CC"
"09","0953","09533","0.865","4.83","14","1","Minor skin disorders, w severe CC"
"09","0953","09534","1.4178","7.32","36","1","Minor skin disorders, w catas CC"
"09","0954","09540","0.9477","3.42","16","1","Malignant breast disorders, no CC"
"09","0954","09541","1.0244","4.43","17","1","Malignant breast disorders, w mild CC"
"09","0954","09542","1.1285","4.69","21","1","Malignant breast disorders, w mod CC"
"09","0954","09543","1.4054","5.64","22","1","Malignant breast disorders, w severe CC"
"09","0954","09544","2.4696","7.32","27","1","Malignant breast disorders, w catas CC"
"09","0955","09550","0.5538","3.05","8","1","Non-malignant breast disorders, no CC"
"09","0955","09552","0.6798999999999999","3.66","11","1","Non-malignant breast disorders, w mild to mod CC"
"09","0955","09554","1.5243","4.77","19","1","Non-malignant breast disorders, w sev to cat CC"
"09","0956","09560","0.5844","4.02","11","1","Cellulitis Age > 17, no CC"
"09","0956","09561","0.9263","5.03","14","1","Cellulitis Age > 17, w mild CC"
"09","0956","09562","1.2507","5.59","15","1","Cellulitis Age > 17, w mod CC"
"09","0956","09563","1.7149","6.06","18","1","Cellulitis Age > 17, w severe CC"
"09","0956","09564","3.4112","8.449999999999999","30","1","Cellulitis Age > 17, w catas CC"
"09","0957","09570","0.3848","3.01","7","1","Cellulitis Age 0-17, no CC"
"09","0957","09571","0.645","3.68","9","1","Cellulitis Age 0-17, w mild CC"
"09","0957","09572","0.8933","3.87","10","1","Cellulitis Age 0-17, w mod CC"
"09","0957","09574","1.0522","4.91","15","1","Cellulitis Age 0-17, w sev to cat CC"
"09","0958","09580","0.2642","1.64","5","1","Trauma to skin, subcut tissue & breast  age >17, no CC"
"09","0958","09581","0.3504","1.87","6","1","Trauma to skin, subcut tissue & breast  age >17, w mild CC"
"09","0958","09582","0.4611","2.32","8","1","Trauma to skin, subcut tissue & breast  age >17, w mod CC"
"09","0958","09583","0.7761","3.23","12","1","Trauma to skin, subcut tissue & breast  age >17, w severe CC"
"09","0958","09584","3.2374","8.08","29","1","Trauma to skin, subcut tissue & breast  age >17, w catas CC"
"09","0959","09590","0.2095","1.43","4","1","Trauma to skin, subcut tissue & breast  age 0-17, no CC"
"09","0959","09591","0.3911","1.54","5","1","Trauma to skin, subcut tissue & breast  age 0-17, w mild CC"
"09","0959","09592","0.5387999999999999","2.36","8","1","Trauma to skin, subcut tissue & breast  age 0-17, w mod CC"
"09","0959","09594","0.9369","4.24","20","1","Trauma to skin, subcut tissue & breast  age 0-17, w sev to cat CC"
"09","0960","09600","5.675","17.33","52","1","Malignant breast dis w chemo- and radiotherapy, no CC"
"09","0960","09604","7.392","27.98","61","1","Malignant breast dis w chemo- and radiotherapy, w mild to cat CC"
"09","0961","09610","1.159","1.4","7","1","Malignant breast dis w chemotherapy, no CC"
"09","0961","09612","1.8064","2.01","9","1","Malignant breast dis w chemotherapy, w mild to mod CC"
"09","0961","09613","3.358","5.4","27","1","Malignant breast dis w chemotherapy, w severe CC"
"09","0961","09614","5.7297","14.46","56","1","Malignant breast dis w chemotherapy, w catas CC"
"09","0962","09620","4.0154","22.12","48","1","Malignant breast dis w radiotherapy, no CC"
"09","0962","09622","4.6258","23.25","51","1","Malignant breast dis w radiotherapy, w mild to mod CC"
"09","0962","09623","5.5366","26.17","54","1","Malignant breast dis w radiotherapy, w severe CC"
"09","0962","09624","6.7429","28.05","56","1","Malignant breast dis w radiotherapy, w catas CC"
"09","0963","09630","1.3915","4.51","22","1","Malignant breast dis w diag proc, no CC"
"09","0963","09632","1.729","6","25","1","Malignant breast dis w diag proc, w mild to mod CC"
"09","0963","09634","3.2769","10.3","41","1","Malignant breast dis w diag proc, w sev to cat CC"
"09","0964","09640","1.1392","2.22","10","1","Malignant breast dis w blood transfusion, no CC"
"09","0964","09642","1.4366","3.11","15","1","Malignant breast dis w blood transfusion, w mild to mod CC"
"09","0964","09643","1.7592","5.97","20","1","Malignant breast dis w blood transfusion, w severe CC"
"09","0964","09644","4.0186","10.01","33","1","Malignant breast dis w blood transfusion, w catas CC"
"10","1001","10010","5.2705","9.68","22","1","Pituitary procedures, no CC"
"10","1001","10012","6.5339","10.47","29","1","Pituitary procedures, w mild to mod CC"
"10","1001","10013","8.673999999999999","12.28","32","1","Pituitary procedures, w severe CC"
"10","1001","10014","11.3152","18.08","76","1","Pituitary procedures, w catas CC"
"10","1002","10020","3.8957","7.05","17","1","Adrenal procedures, no CC"
"10","1002","10022","4.4584","8.199999999999999","27","1","Adrenal procedures, w mild to mod CC"
"10","1002","10024","6.28","15.09","72","1","Adrenal procedures, w sev to cat CC"
"10","1003","10030","3.5042","13.52","43","1","Amput of lower limb for endoc, nut & met dis/Elderly, no CC"
"10","1003","10032","4.6702","20.2","50","1","Amput of lower limb for endoc, nut & met dis/Elderly, w mild to mod CC"
"10","1003","10034","5.411","25.53","75","1","Amput of lower limb for endoc, nut & met dis/Elderly, w sev to cat CC"
"10","1004","10040","3.3283","14.75","37","1","Amput of lower limb for endoc, nut & met dis/Adult, no CC"
"10","1004","10042","5.0699","17.8","42","1","Amput of lower limb for endoc, nut & met dis/Adult, w mild to mod CC"
"10","1004","10043","7.988","23","60","1","Amput of lower limb for endoc, nut & met dis/Adult, w severe CC"
"10","1004","10044","8.9694","28.1","62","1","Amput of lower limb for endoc, nut & met dis/Adult, w catas CC"
"10","1005","10059","6.8732","14.27","45","1","OR procedures for obesity, w or wo CC"
"10","1006","10060","2.1161","8.869999999999999","31","1","Skin grafts & wound debrid for endoc, nut & met dis, no CC"
"10","1006","10062","2.4595","10.81","40","1","Skin grafts & wound debrid for endoc, nut & met dis, w mild to mod CC"
"10","1006","10063","4.7098","16.49","60","1","Skin grafts & wound debrid for endoc, nut & met dis, w severe CC"
"10","1006","10064","7.031","21.16","82","1","Skin grafts & wound debrid for endoc, nut & met dis, w catas CC"
"10","1007","10070","2.4406","5.57","25","1","Parathyroid procedures, no CC"
"10","1007","10074","5.0557","8.56","42","1","Parathyroid procedures, w mild to cat CC"
"10","1008","10080","1.8521","4.21","8","1","Thyroid procedures, no CC"
"10","1008","10082","2.8478","5.59","15","1","Thyroid procedures, w mild to mod CC"
"10","1008","10083","3.4332","7.34","20","1","Thyroid procedures, w severe CC"
"10","1008","10084","4.7528","9.949999999999999","24","1","Thyroid procedures, w catas CC"
"10","1009","10099","1.3051","3.18","6","1","Thyroglossal procedures, w or wo CC"
"10","1010","10100","2.0829","4.91","13","1","Other endocrine, nut & met OR procedures, no CC"
"10","1010","10102","2.7241","11.04","49","1","Other endocrine, nut & met OR procedures, w mild to mod CC"
"10","1010","10103","4.0406","12.55","52","1","Other endocrine, nut & met OR procedures, w severe CC"
"10","1010","10104","4.8786","17.34","63","1","Other endocrine, nut & met OR procedures, w catas CC"
"10","1011","10119","27.4805","50.4","132","1","Trach for endocrine, nut & met dis w mech vent 96+ hr, w or wo CC"
"10","1012","10129","16.2107","37.77","125","1","Trach for endocrine, nut & met diseases, w or wo CC"
"10","1050","10500","0.4244","2.75","7","1","Diabetes with complicated PDx, no CC"
"10","1050","10501","0.6193","3.43","10","1","Diabetes with complicated PDx, w mild CC"
"10","1050","10502","0.7003","3.83","11","1","Diabetes with complicated PDx, w mod CC"
"10","1050","10503","0.8403","4.17","12","1","Diabetes with complicated PDx, w severe CC"
"10","1050","10504","2.193","7.34","25","1","Diabetes with complicated PDx, w catas CC"
"10","1051","10510","0.643","3.67","13","1","Severe metabolic disorder in adult, no CC"
"10","1051","10511","1.034","3.74","18","1","Severe metabolic disorder in adult, w mild CC"
"10","1051","10512","1.265","4.18","20","1","Severe metabolic disorder in adult, w mod CC"
"10","1051","10513","1.7859","5.57","26","1","Severe metabolic disorder in adult, w severe CC"
"10","1051","10514","3.3802","12.58","53","1","Severe metabolic disorder in adult, w catas CC"
"10","1052","10520","0.7266","4.23","21","1","Severe metabolic disorder in child, no CC"
"10","1052","10521","1.2554","9.93","34","1","Severe metabolic disorder in child, w mild CC"
"10","1052","10522","3.7815","15","44","1","Severe metabolic disorder in child, w mod CC"
"10","1052","10524","7.3963","19.23","96","1","Severe metabolic disorder in child, w sev to cat CC"
"10","1053","10530","0.3555","2.3","6","1","Nutrition and miscelaneous metabolic disorders, no CC"
"10","1053","10531","0.4687","2.74","8","1","Nutrition and miscelaneous metabolic disorders, w mild CC"
"10","1053","10532","0.4936","3","9","1","Nutrition and miscelaneous metabolic disorders, w mod CC"
"10","1053","10533","0.7082000000000001","3.98","11","1","Nutrition and miscelaneous metabolic disorders, w severe CC"
"10","1053","10534","1.9468","5.97","21","1","Nutrition and miscelaneous metabolic disorders, w catas CC"
"10","1054","10540","0.3909","2.55","7","1","Inborn errors of metabolism, no CC"
"10","1054","10541","0.464","3.42","10","1","Inborn errors of metabolism, w mild CC"
"10","1054","10542","0.643","4.21","12","1","Inborn errors of metabolism, w mod CC"
"10","1054","10543","1.104","5.29","18","1","Inborn errors of metabolism, w severe CC"
"10","1054","10544","1.3556","8.960000000000001","40","1","Inborn errors of metabolism, w catas CC"
"10","1055","10550","0.4689","2.61","7","1","Endocrine disorders, no CC"
"10","1055","10551","0.6045","3.2","9","1","Endocrine disorders, w mild CC"
"10","1055","10552","0.9637","3.89","10","1","Endocrine disorders, w mod CC"
"10","1055","10553","1.0647","4.45","15","1","Endocrine disorders, w severe CC"
"10","1055","10554","2.8783","7.92","30","1","Endocrine disorders, w catas CC"
"10","1056","10560","0.4096","2.82","8","1","Diabetes without complicated PDx, no CC"
"10","1056","10561","0.5004999999999999","3.05","9","1","Diabetes without complicated PDx, w mild CC"
"10","1056","10562","0.5356","3.35","10","1","Diabetes without complicated PDx, w mod CC"
"10","1056","10563","0.6454","3.78","11","1","Diabetes without complicated PDx, w severe CC"
"10","1056","10564","1.2479","5.44","20","1","Diabetes without complicated PDx, w catas CC"
"10","1057","10570","3.0857","7","20","1","Diabetes with complicated PDx w hemodialysis, no CC"
"10","1057","10573","4.2079","10.18","47","1","Diabetes with complicated PDx w hemodialysis, w mild to sev CC"
"10","1057","10574","7.9781","15.71","56","1","Diabetes with complicated PDx w hemodialysis, w catas CC"
"11","1101","11010","22.1551","18.68","41","1","Kidney transplant, no CC"
"11","1101","11014","25.514","23.21","56","1","Kidney transplant, w mild to cat CC"
"11","1102","11020","2.061","6.27","23","1","Operative insertion peritoneal cath for dialysis, no CC"
"11","1102","11022","2.9311","8.16","29","1","Operative insertion peritoneal cath for dialysis, w mild to mod CC"
"11","1102","11023","4.6672","11.73","45","1","Operative insertion peritoneal cath for dialysis, w severe CC"
"11","1102","11024","5.5048","15.11","53","1","Operative insertion peritoneal cath for dialysis, w catas CC"
"11","1103","11030","4.842","10.02","22","1","Kidney, ureter and maj bladder proc for neop, no CC"
"11","1103","11032","6.0523","13.83","33","1","Kidney, ureter and maj bladder proc for neop, w mild to mod CC"
"11","1103","11033","7.0483","16.28","50","1","Kidney, ureter and maj bladder proc for neop, w severe CC"
"11","1103","11034","8.483700000000001","23.15","60","1","Kidney, ureter and maj bladder proc for neop, w catas CC"
"11","1104","11040","2.1817","7.16","15","1","Kidney, ureter and maj bladder procedures, no CC"
"11","1104","11041","2.51","8.970000000000001","20","1","Kidney, ureter and maj bladder procedures, w mild CC"
"11","1104","11042","2.84","9.720000000000001","23","1","Kidney, ureter and maj bladder procedures, w mod CC"
"11","1104","11043","3.408","10.51","26","1","Kidney, ureter and maj bladder procedures, w severe CC"
"11","1104","11044","5.6273","14.51","45","1","Kidney, ureter and maj bladder procedures, w catas CC"
"11","1105","11050","2.0281","5.83","14","1","Transurethral prostatectomy, no CC"
"11","1105","11052","2.6249","8.08","24","1","Transurethral prostatectomy, w mild to mod CC"
"11","1105","11053","2.7848","10","37","1","Transurethral prostatectomy, w severe CC"
"11","1105","11054","6.0459","17.73","53","1","Transurethral prostatectomy, w catas CC"
"11","1106","11060","1.2026","4.02","11","1","Minor bladder procedures, no CC"
"11","1106","11061","1.3151","4.25","13","1","Minor bladder procedures, w mild CC"
"11","1106","11062","1.8416","6.55","20","1","Minor bladder procedures, w mod CC"
"11","1106","11063","2.2558","6.56","22","1","Minor bladder procedures, w severe CC"
"11","1106","11064","4.309","13.87","52","1","Minor bladder procedures, w catas CC"
"11","1107","11070","1.6385","3.72","10","1","Transurethral proc, exc prostatectomy, no CC"
"11","1107","11071","1.9065","5.8","15","1","Transurethral proc, exc prostatectomy, w mild CC"
"11","1107","11072","2.1732","6.23","17","1","Transurethral proc, exc prostatectomy, w mod CC"
"11","1107","11073","2.4847","7.35","21","1","Transurethral proc, exc prostatectomy, w severe CC"
"11","1107","11074","3.7128","10.2","34","1","Transurethral proc, exc prostatectomy, w catas CC"
"11","1108","11080","1.4272","4.81","13","1","Urethral procedures, no CC"
"11","1108","11081","1.5321","5.27","17","1","Urethral procedures, w mild CC"
"11","1108","11082","1.7855","7.48","24","1","Urethral procedures, w mod CC"
"11","1108","11083","2.2576","8.58","26","1","Urethral procedures, w severe CC"
"11","1108","11084","3.112","10.67","29","1","Urethral procedures, w catas CC"
"11","1109","11090","1.6183","3.68","15","1","Other kidney & urinary tract OR proc, no CC"
"11","1109","11092","2.5003","6.92","30","1","Other kidney & urinary tract OR proc, w mild to mod CC"
"11","1109","11093","3.8554","10.61","36","1","Other kidney & urinary tract OR proc, w severe CC"
"11","1109","11094","6.0877","19.04","75","1","Other kidney & urinary tract OR proc, w catas CC"
"11","1110","11100","1.7397","3.32","8","1","Ureteroscopy, no CC"
"11","1110","11102","2.859","4.91","16","1","Ureteroscopy, w mild to mod CC"
"11","1110","11104","5.4712","8.119999999999999","29","1","Ureteroscopy, w sev to cat CC"
"11","1111","11110","1.1123","3.74","12","1","Cystourethroscopy, no CC"
"11","1111","11111","1.4306","5.65","17","1","Cystourethroscopy, w mild CC"
"11","1111","11112","1.6871","5.76","18","1","Cystourethroscopy, w mod CC"
"11","1111","11113","2.4762","8.02","27","1","Cystourethroscopy, w severe CC"
"11","1111","11114","5.3825","14.73","44","1","Cystourethroscopy, w catas CC"
"11","1112","11120","1.7904","1.36","2","1","ESWL for urinary stone, no CC"
"11","1112","11121","2.2561","1.67","3","1","ESWL for urinary stone, w mild CC"
"11","1112","11122","2.6849","1.68","6","1","ESWL for urinary stone, w mod CC"
"11","1112","11124","2.9361","2.2","11","1","ESWL for urinary stone, w sev to cat CC"
"11","1113","11139","36.4995","58.59","158","1","Trach for KUB diseases w mech vent 96+ hr, w or wo CC"
"11","1114","11149","25.5214","49.94","109","1","Trach for KUB diseases, w or wo CC"
"11","1115","11159","21.6604","20.73","95","1","Plasmapheresis for kidney and urinary tract dis, w or wo CC"
"11","1116","11160","2.8249","2.54","9","1","ESWL with uroendoscopy, no CC"
"11","1116","11162","4.253","3.3","10","1","ESWL with uroendoscopy, w mild to mod CC"
"11","1116","11164","6.2163","4.98","24","1","ESWL with uroendoscopy, w sev to cat CC"
"11","1150","11500","0.6711","2.79","10","1","Chronic renal failure, age > 17, no CC"
"11","1150","11501","0.7759","3.12","12","1","Chronic renal failure, age > 17, w mild CC"
"11","1150","11502","0.9421","3.84","13","1","Chronic renal failure, age > 17, w mod CC"
"11","1150","11503","1.3402","4.17","15","1","Chronic renal failure, age > 17, w severe CC"
"11","1150","11504","3.2387","8.859999999999999","35","1","Chronic renal failure, age > 17, w catas CC"
"11","1151","11510","0.7916","3.43","15","1","Chronic renal failure, age < 18, no CC"
"11","1151","11511","1.0835","4.41","16","1","Chronic renal failure, age < 18, w mild CC"
"11","1151","11512","1.7164","5.02","17","1","Chronic renal failure, age < 18, w mod CC"
"11","1151","11514","3.0231","8.630000000000001","38","1","Chronic renal failure, age < 18, w sev to cat CC"
"11","1152","11529","0.9901","4.8","13","1","Admit for renal dialysis, w or wo CC"
"11","1153","11530","0.7618","3.57","14","1","Kidney and urinary tract neoplasm, no CC"
"11","1153","11531","0.9136","4.43","15","1","Kidney and urinary tract neoplasm, w mild CC"
"11","1153","11532","1.2217","5.13","17","1","Kidney and urinary tract neoplasm, w mod CC"
"11","1153","11533","2.2923","6.4","21","1","Kidney and urinary tract neoplasm, w severe CC"
"11","1153","11534","3.6986","7.21","25","1","Kidney and urinary tract neoplasm, w catas CC"
"11","1154","11540","0.401","3.07","7","1","Kidney and urinary tract infection, no CC"
"11","1154","11541","0.6186","3.87","10","1","Kidney and urinary tract infection, w mild CC"
"11","1154","11542","0.6860000000000001","4.16","12","1","Kidney and urinary tract infection, w mod CC"
"11","1154","11543","1.1789","5.4","16","1","Kidney and urinary tract infection, w severe CC"
"11","1154","11544","3.7446","9.359999999999999","35","1","Kidney and urinary tract infection, w catas CC"
"11","1155","11550","0.439","2.21","7","1","Urinary stone, no CC"
"11","1155","11551","0.6488","2.93","9","1","Urinary stone, w mild CC"
"11","1155","11552","0.7513","3.26","10","1","Urinary stone, w mod CC"
"11","1155","11553","0.9540999999999999","4.21","13","1","Urinary stone, w severe CC"
"11","1155","11554","2.2249","7.68","25","1","Urinary stone, w catas CC"
"11","1156","11560","0.3929","2.41","7","1","Kidney and urinary tract signs & symptoms, no CC"
"11","1156","11561","0.5334","2.83","8","1","Kidney and urinary tract signs & symptoms, w mild CC"
"11","1156","11562","0.6268","3.24","9","1","Kidney and urinary tract signs & symptoms, w mod CC"
"11","1156","11563","0.905","3.96","12","1","Kidney and urinary tract signs & symptoms, w severe CC"
"11","1156","11564","2.1638","6.53","23","1","Kidney and urinary tract signs & symptoms, w catas CC"
"11","1157","11570","0.5339","2.36","8","1","Urethral stricture, no CC"
"11","1157","11571","0.7214","3.36","10","1","Urethral stricture, w mild CC"
"11","1157","11572","0.8586","3.99","13","1","Urethral stricture, w mod CC"
"11","1157","11574","0.8962","4.71","15","1","Urethral stricture, w sev to cat CC"
"11","1158","11580","0.5535","3.33","9","1","Other kidney and urinary tract diagnoses, no CC"
"11","1158","11581","0.7071","3.52","12","1","Other kidney and urinary tract diagnoses, w mild CC"
"11","1158","11582","0.7958","4.18","13","1","Other kidney and urinary tract diagnoses, w mod CC"
"11","1158","11583","1.0349","4.79","16","1","Other kidney and urinary tract diagnoses, w severe CC"
"11","1158","11584","3.584","9.23","32","1","Other kidney and urinary tract diagnoses, w catas CC"
"11","1159","11590","0.8398","4.19","12","1","Acute renal failure age > 17, not transferred, no CC"
"11","1159","11591","1.1278","4.74","14","1","Acute renal failure age > 17, not transferred, w mild CC"
"11","1159","11592","1.3374","5.34","16","1","Acute renal failure age > 17, not transferred, w mod CC"
"11","1159","11593","2.1589","6.81","23","1","Acute renal failure age > 17, not transferred, w severe CC"
"11","1159","11594","3.7543","12.17","43","1","Acute renal failure age > 17, not transferred, w catas CC"
"11","1160","11600","0.7479","3.26","14","1","Acute renal failure age < 18, no CC"
"11","1160","11601","1.283","5.88","16","1","Acute renal failure age < 18, w mild CC"
"11","1160","11602","1.8073","6.04","19","1","Acute renal failure age < 18, w mod CC"
"11","1160","11604","3.0828","6.81","22","1","Acute renal failure age < 18, w sev to cat CC"
"11","1161","11619","6.799","14.32","55","1","KUB malignancy with chemo- and radiotherapy, w or wo CC"
"11","1162","11620","1.7346","2.3","8","1","KUB malignancy with chemotherapy, no CC"
"11","1162","11621","1.9899","3","15","1","KUB malignancy with chemotherapy, w mild CC"
"11","1162","11622","2.5555","4.25","17","1","KUB malignancy with chemotherapy, w mod CC"
"11","1162","11623","3.7952","6.08","22","1","KUB malignancy with chemotherapy, w severe CC"
"11","1162","11624","6.4992","13.54","53","1","KUB malignancy with chemotherapy, w catas CC"
"11","1163","11630","3.6359","22.85","45","1","KUB malignancy with radiotherapy, no CC"
"11","1163","11634","6.3214","24.87","56","1","KUB malignancy with radiotherapy, w mild to cat CC"
"11","1164","11640","1.6925","5.06","18","1","KUB malignancy with diag proc, no CC"
"11","1164","11642","2.4281","7.29","22","1","KUB malignancy with diag proc, w mild to mod CC"
"11","1164","11643","3.556","9.630000000000001","29","1","KUB malignancy with diag proc, w severe CC"
"11","1164","11644","5.863","12.45","30","0.78","KUB malignancy with diag proc, w catas CC"
"11","1165","11650","0.9979","4.74","16","1","KUB malignancy with blood transfusion, no CC"
"11","1165","11652","1.4467","5","17","1","KUB malignancy with blood transfusion, w mild to mod CC"
"11","1165","11653","2.3939","7.58","28","1","KUB malignancy with blood transfusion, w severe CC"
"11","1165","11654","4.2124","11.15","38","1","KUB malignancy with blood transfusion, w catas CC"
"11","1166","11660","1.0877","3.97","14","1","Major kidney diagnoses, no CC"
"11","1166","11661","1.7195","5.27","20","1","Major kidney diagnoses, w mild CC"
"11","1166","11662","2.0554","5.61","27","1","Major kidney diagnoses, w mod CC"
"11","1166","11663","3.1429","7.87","30","1","Major kidney diagnoses, w severe CC"
"11","1166","11664","4.3849","10.88","50","1","Major kidney diagnoses, w catas CC"
"11","1167","11670","0.4776","2.14","7","1","Acute renal failure age > 17, transferred, no CC"
"11","1167","11671","0.5518","2.4","8","1","Acute renal failure age > 17, transferred, w mild CC"
"11","1167","11672","0.6982","2.89","9","1","Acute renal failure age > 17, transferred, w mod CC"
"11","1167","11673","0.9631999999999999","3.49","13","1","Acute renal failure age > 17, transferred, w severe CC"
"11","1167","11674","2.2337","5.64","24","1","Acute renal failure age > 17, transferred, w catas CC"
"12","1201","12010","10.435","9.6","22","1","Major male pelvic procedures, no CC"
"12","1201","12012","11.3366","11.59","29","1","Major male pelvic procedures, w mild to mod CC"
"12","1201","12014","12.8721","15.45","45","1","Major male pelvic procedures, w sev to cat CC"
"12","1202","12020","2.0626","5.74","13","1","Transurethral prostatectomy, no CC"
"12","1202","12021","2.4836","7.17","17","1","Transurethral prostatectomy, w mild CC"
"12","1202","12022","2.7017","7.6","19","1","Transurethral prostatectomy, w mod CC"
"12","1202","12023","2.94","8.25","24","1","Transurethral prostatectomy, w severe CC"
"12","1202","12024","4.1894","12.46","38","1","Transurethral prostatectomy, w catas CC"
"12","1203","12030","0.9956","2.84","8","1","Testis procedures, no CC"
"12","1203","12031","1.4812","4.55","17","1","Testis procedures, w mild CC"
"12","1203","12032","1.6318","4.79","18","1","Testis procedures, w mod CC"
"12","1203","12033","2.0473","6.9","25","1","Testis procedures, w severe CC"
"12","1203","12034","4.6349","13.67","44","1","Testis procedures, w catas CC"
"12","1204","12040","1.6053","6.73","16","1","Penis procedures, no CC"
"12","1204","12042","1.9698","6.93","20","1","Penis procedures, w mild to mod CC"
"12","1204","12043","2.8284","11.21","32","1","Penis procedures, w severe CC"
"12","1204","12044","4.2796","19.25","42","1","Penis procedures, w catas CC"
"12","1205","12050","0.5888","1.86","4","1","Circumcision, no CC"
"12","1205","12051","0.6082","2.07","8","1","Circumcision, w mild CC"
"12","1205","12052","0.6506999999999999","2.63","11","1","Circumcision, w mod CC"
"12","1205","12054","0.8446","4.35","12","1","Circumcision, w sev to cat CC"
"12","1206","12060","1.9143","6.63","23","1","Other male repro system OR proc for malig, no CC"
"12","1206","12062","3.4388","10.41","41","1","Other male repro system OR proc for malig, w mild to mod CC"
"12","1206","12063","6.451","13.4","56","1","Other male repro system OR proc for malig, w severe CC"
"12","1206","12064","8.9611","20.3","84","1","Other male repro system OR proc for malig, w catas CC"
"12","1207","12070","1.5192","5.25","21","1","Other male reproductive system OR procedur, no CC"
"12","1207","12072","2.6211","9.42","35","1","Other male reproductive system OR procedur, w mild to mod CC"
"12","1207","12073","3.9137","11.48","37","1","Other male reproductive system OR procedur, w severe CC"
"12","1207","12074","8.8034","19.29","60","1","Other male reproductive system OR procedur, w catas CC"
"12","1208","12080","0.9041","3.78","13","1","Cystourethroscopy, no CC"
"12","1208","12081","1.1251","4.66","14","1","Cystourethroscopy, w mild CC"
"12","1208","12082","1.1991","5.61","16","1","Cystourethroscopy, w mod CC"
"12","1208","12083","1.5098","6.14","18","1","Cystourethroscopy, w severe CC"
"12","1208","12084","3.7139","9.779999999999999","44","1","Cystourethroscopy, w catas CC"
"12","1209","12099","28.349","53.96","150","1","Trach for male repro sys dis w mech vent 96+ hr, w or wo CC"
"12","1210","12109","26.3253","53.52","177","1","Trach for male repro sys dis, w or wo CC"
"12","1250","12500","0.8676","4.13","11","1","Malignancy, male reproductive system, no CC"
"12","1250","12501","1.0233","4.24","15","1","Malignancy, male reproductive system, w mild CC"
"12","1250","12502","1.2778","5.39","18","1","Malignancy, male reproductive system, w mod CC"
"12","1250","12503","1.4434","5.44","23","1","Malignancy, male reproductive system, w severe CC"
"12","1250","12504","2.5941","8.470000000000001","34","1","Malignancy, male reproductive system, w catas CC"
"12","1251","12510","0.5069","2.47","7","1","Benign prostatic hypertrophy, no CC"
"12","1251","12511","0.6795","3.44","11","1","Benign prostatic hypertrophy, w mild CC"
"12","1251","12512","0.762","3.46","12","1","Benign prostatic hypertrophy, w mod CC"
"12","1251","12513","0.9287","4.46","14","1","Benign prostatic hypertrophy, w severe CC"
"12","1251","12514","1.938","8.300000000000001","19","1","Benign prostatic hypertrophy, w catas CC"
"12","1252","12520","0.43","3.21","8","1","Inflammation of the male reproductive system, no CC"
"12","1252","12521","0.5638","3.84","11","1","Inflammation of the male reproductive system, w mild CC"
"12","1252","12522","0.6082","4.11","12","1","Inflammation of the male reproductive system, w mod CC"
"12","1252","12523","1.0607","5.29","16","1","Inflammation of the male reproductive system, w severe CC"
"12","1252","12524","3.1921","8.94","31","1","Inflammation of the male reproductive system, w catas CC"
"12","1253","12539","0.602","2.56","10","1","Sterilization, male, w or wo CC"
"12","1254","12540","0.3728","2","7","1","Other male reproductive system diagnoses, no CC"
"12","1254","12542","0.5758","3.07","13","1","Other male reproductive system diagnoses, w mild to mod CC"
"12","1254","12544","0.7706","3.91","15","1","Other male reproductive system diagnoses, w sev to cat CC"
"12","1255","12559","7.2352","21.81","97","1","Malig, male reprod organ w chemo- and radiother, w or wo CC"
"12","1256","12560","2.6376","3.42","10","1","Malignancy, male reprod organ w chemotherapy, no CC"
"12","1256","12561","3.0997","5.53","15","1","Malignancy, male reprod organ w chemotherapy, w mild CC"
"12","1256","12562","3.7903","6.26","25","0.62","Malignancy, male reprod organ w chemotherapy, w mod CC"
"12","1256","12563","4.0426","8.74","39","1","Malignancy, male reprod organ w chemotherapy, w severe CC"
"12","1256","12564","6.8821","15.1","43","0.37","Malignancy, male reprod organ w chemotherapy, w catas CC"
"12","1257","12570","3.9606","20.73","48","1","Malignancy, male reprod organ w radiotherapy, no CC"
"12","1257","12572","4.4418","22.38","49","1","Malignancy, male reprod organ w radiotherapy, w mild to mod CC"
"12","1257","12574","5.7774","27.16","68","1","Malignancy, male reprod organ w radiotherapy, w sev to cat CC"
"12","1258","12580","1.1507","3.18","11","1","Malignancy, male reprod organ w diag proc, no CC"
"12","1258","12582","2.0879","7.4","28","1","Malignancy, male reprod organ w diag proc, w mild to mod CC"
"12","1258","12584","3.4205","8.029999999999999","35","1","Malignancy, male reprod organ w diag proc, w sev to cat CC"
"12","1259","12590","2.0394","4.28","18","1","Malignancy, male reprod organ w blood transfusion, no CC"
"12","1259","12592","2.6389","7.58","35","1","Malignancy, male reprod organ w blood transfusion, w mild to mod CC"
"12","1259","12594","3.5633","9.31","43","1","Malignancy, male reprod organ w blood transfusion, w sev to cat CC"
"13","1301","13010","3.4845","8.66","15","1","Radical hysterectomy & radical vulvectomy, no CC"
"13","1301","13011","4.1643","9.640000000000001","19","1","Radical hysterectomy & radical vulvectomy, w mild CC"
"13","1301","13012","4.756","10.02","21","1","Radical hysterectomy & radical vulvectomy, w mod CC"
"13","1301","13013","5.3315","12.17","30","1","Radical hysterectomy & radical vulvectomy, w severe CC"
"13","1301","13014","7.4415","15.73","45","1","Radical hysterectomy & radical vulvectomy, w catas CC"
"13","1302","13020","2.7204","6.67","13","1","Uterine & adnexal proc for other malignancy, no CC"
"13","1302","13021","3.4682","8.09","14","1","Uterine & adnexal proc for other malignancy, w mild CC"
"13","1302","13022","3.9211","8.82","22","1","Uterine & adnexal proc for other malignancy, w mod CC"
"13","1302","13023","4.4578","10.84","33","1","Uterine & adnexal proc for other malignancy, w severe CC"
"13","1302","13024","6.462","17.62","62","1","Uterine & adnexal proc for other malignancy, w catas CC"
"13","1303","13030","1.9848","5.31","9","1","Uterine & adnexal proc for ca in situ, no CC"
"13","1303","13031","2.2701","6","10","1","Uterine & adnexal proc for ca in situ, w mild CC"
"13","1303","13032","2.7309","7.6","12","1","Uterine & adnexal proc for ca in situ, w mod CC"
"13","1303","13034","3.8314","9.31","35","1","Uterine & adnexal proc for ca in situ, w sev to cat CC"
"13","1304","13040","2.2141","5.72","11","1","Uterine & adnexal proc for ovarian & adnexal malig, no CC"
"13","1304","13041","3.2736","7.59","17","1","Uterine & adnexal proc for ovarian & adnexal malig, w mild CC"
"13","1304","13042","4.1888","8.91","19","1","Uterine & adnexal proc for ovarian & adnexal malig, w mod CC"
"13","1304","13043","5.2117","11.63","27","1","Uterine & adnexal proc for ovarian & adnexal malig, w severe CC"
"13","1304","13044","7.4632","18.14","46","1","Uterine & adnexal proc for ovarian & adnexal malig, w catas CC"
"13","1305","13050","1.97","5.2","9","1","Uterine & adnexal proc for non-malignancy, no CC"
"13","1305","13051","2.1839","5.51","10","1","Uterine & adnexal proc for non-malignancy, w mild CC"
"13","1305","13052","2.3846","5.53","11","1","Uterine & adnexal proc for non-malignancy, w mod CC"
"13","1305","13053","2.6782","7.64","18","1","Uterine & adnexal proc for non-malignancy, w severe CC"
"13","1305","13054","3.7362","11.61","30","1","Uterine & adnexal proc for non-malignancy, w catas CC"
"13","1306","13060","0.5711000000000001","1.81","4","1","Incisional tubal interruption, no CC"
"13","1306","13062","0.6767","2.27","5","1","Incisional tubal interruption, w mild to mod CC"
"13","1306","13064","0.8794","3.14","8","1","Incisional tubal interruption, w sev to cat CC"
"13","1307","13070","0.6438","2.04","5","1","Vaginal, cervix & vulva procedures, no CC"
"13","1307","13071","0.8566","2.96","9","1","Vaginal, cervix & vulva procedures, w mild CC"
"13","1307","13072","1.0402","3.6","14","1","Vaginal, cervix & vulva procedures, w mod CC"
"13","1307","13073","1.3995","4.74","21","1","Vaginal, cervix & vulva procedures, w severe CC"
"13","1307","13074","1.8787","9.779999999999999","44","1","Vaginal, cervix & vulva procedures, w catas CC"
"13","1308","13080","1.4844","5.17","10","1","Female reproductive system reconstructive proc, no CC"
"13","1308","13081","1.6814","6.38","16","1","Female reproductive system reconstructive proc, w mild CC"
"13","1308","13082","1.74","7.27","18","1","Female reproductive system reconstructive proc, w mod CC"
"13","1308","13084","1.92","8","24","1","Female reproductive system reconstructive proc, w sev to cat CC"
"13","1309","13090","0.5437","1.64","4","1","D&C and other uterine procedures, no CC"
"13","1309","13091","0.6819","2","5","1","D&C and other uterine procedures, w mild CC"
"13","1309","13092","0.8296","2.26","8","1","D&C and other uterine procedures, w mod CC"
"13","1309","13093","1.0115","3.11","11","1","D&C and other uterine procedures, w severe CC"
"13","1309","13094","1.8456","5.27","26","1","D&C and other uterine procedures, w catas CC"
"13","1310","13100","1.189","2.43","5","1","Endoscopic tubal interruption, no CC"
"13","1310","13104","1.6502","4.3","21","1","Endoscopic tubal interruption, w mild to cat CC"
"13","1311","13110","1.8602","5.04","16","1","Other female reproductive system OR procedures, no CC"
"13","1311","13111","3.1733","8.26","32","1","Other female reproductive system OR procedures, w mild CC"
"13","1311","13112","3.5997","8.93","34","1","Other female reproductive system OR procedures, w mod CC"
"13","1311","13113","4.4893","10.38","36","1","Other female reproductive system OR procedures, w severe CC"
"13","1311","13114","5.865","20.7","61","1","Other female reproductive system OR procedures, w catas CC"
"13","1312","13129","14.2801","35","52","1","Pelvic evisceration, w or wo CC"
"13","1313","13139","4.201","6.95","20","1","Lap uterine & adnexal proc for other malignancy, w or wo CC"
"13","1314","13149","3.8518","5.04","11","1","Lap uterine & adnexal proc for ca in situ, w or wo CC"
"13","1315","13150","2.5219","5.33","11","1","Lap uterine & adnexal proc for ovarian & adnexal malig, no CC"
"13","1315","13152","3.9263","9.130000000000001","21","1","Lap uterine & adnexal proc for ovarian & adnexal malig, w mild to mod CC"
"13","1315","13154","5.1024","11.83","43","1","Lap uterine & adnexal proc for ovarian & adnexal malig, w sev to cat CC"
"13","1316","13160","2.4266","4.55","9","1","Lap uterine and adnexal procedures, no CC"
"13","1316","13161","2.7874","5.48","12","1","Lap uterine and adnexal procedures, w mild CC"
"13","1316","13162","2.9017","5.88","15","1","Lap uterine and adnexal procedures, w mod CC"
"13","1316","13163","3.0859","6.21","17","1","Lap uterine and adnexal procedures, w severe CC"
"13","1316","13164","3.7203","11.79","26","1","Lap uterine and adnexal procedures, w catas CC"
"13","1318","13189","28.349","53.96","150","1","Trach for female repro sys dis w mech vent 96+ hr, w or wo CC"
"13","1319","13199","26.3253","53.52","177","1","Trach for female repro sys dis, w or wo CC"
"13","1350","13500","0.7684","3.11","9","1","Non-ovarian/adnexal malignancy, no CC"
"13","1350","13501","0.8016","3.84","11","1","Non-ovarian/adnexal malignancy, w mild CC"
"13","1350","13502","1.0041","4.46","18","1","Non-ovarian/adnexal malignancy, w mod CC"
"13","1350","13503","1.2046","5.64","25","1","Non-ovarian/adnexal malignancy, w severe CC"
"13","1350","13504","1.8061","6.67","27","1","Non-ovarian/adnexal malignancy, w catas CC"
"13","1351","13510","0.3928","1.88","6","1","Non-ovarian/adnexal ca in situ, no CC"
"13","1351","13512","0.4294","2.09","7","1","Non-ovarian/adnexal ca in situ, w mild to mod CC"
"13","1351","13514","1.3338","6.36","17","1","Non-ovarian/adnexal ca in situ, w sev to cat CC"
"13","1352","13520","0.8898","2.78","10","1","Ovarian/adnexal malignancy, no CC"
"13","1352","13521","0.9802","3.36","11","1","Ovarian/adnexal malignancy, w mild CC"
"13","1352","13522","1.1479","3.87","13","1","Ovarian/adnexal malignancy, w mod CC"
"13","1352","13523","1.4603","4.8","19","1","Ovarian/adnexal malignancy, w severe CC"
"13","1352","13524","2.3979","7.76","27","1","Ovarian/adnexal malignancy, w catas CC"
"13","1353","13530","0.3646","2.62","7","1","Female lower genitourinary tract infection, no CC"
"13","1353","13531","0.6536","3.91","9","1","Female lower genitourinary tract infection, w mild CC"
"13","1353","13532","1.0255","4.1","11","1","Female lower genitourinary tract infection, w mod CC"
"13","1353","13534","1.3057","5.59","21","1","Female lower genitourinary tract infection, w sev to cat CC"
"13","1354","13540","0.4624","3.25","7","1","Female pelvic infection, no CC"
"13","1354","13541","0.7218","4.19","10","1","Female pelvic infection, w mild CC"
"13","1354","13542","1.0599","4.54","12","1","Female pelvic infection, w mod CC"
"13","1354","13543","1.4692","5.15","14","1","Female pelvic infection, w severe CC"
"13","1354","13544","2.1355","7.43","34","1","Female pelvic infection, w catas CC"
"13","1355","13550","0.3263","1.87","5","1","Menstrual & other female reproductive system disorders, no CC"
"13","1355","13551","0.438","2.08","6","1","Menstrual & other female reproductive system disorders, w mild CC"
"13","1355","13552","0.5219","2.67","8","1","Menstrual & other female reproductive system disorders, w mod CC"
"13","1355","13553","0.8016","3.21","10","1","Menstrual & other female reproductive system disorders, w severe CC"
"13","1355","13554","2.0642","6.76","32","1","Menstrual & other female reproductive system disorders, w catas CC"
"13","1356","13560","2.3224","5.93","29","1","Non ovarian/adnexal malig w chemo- and radiotherapy, no CC"
"13","1356","13561","2.8029","9.56","43","1","Non ovarian/adnexal malig w chemo- and radiotherapy, w mild CC"
"13","1356","13562","3.8117","14.2","55","1","Non ovarian/adnexal malig w chemo- and radiotherapy, w mod CC"
"13","1356","13563","6.3233","27.95","63","1","Non ovarian/adnexal malig w chemo- and radiotherapy, w severe CC"
"13","1356","13564","9.4932","35.28","68","1","Non ovarian/adnexal malig w chemo- and radiotherapy, w catas CC"
"13","1357","13570","1.4634","2.68","7","1","Non ovarian/adnexal malig w chemotherapy, no CC"
"13","1357","13571","1.7125","3.01","8","1","Non ovarian/adnexal malig w chemotherapy, w mild CC"
"13","1357","13572","1.9072","3.29","10","1","Non ovarian/adnexal malig w chemotherapy, w mod CC"
"13","1357","13573","2.7508","4.45","14","1","Non ovarian/adnexal malig w chemotherapy, w severe CC"
"13","1357","13574","3.4499","7.3","36","1","Non ovarian/adnexal malig w chemotherapy, w catas CC"
"13","1358","13580","0.9863","2.07","10","1","Non ovarian/adnexal malig w radiotherapy, no CC"
"13","1358","13581","2.2825","8.27","38","1","Non ovarian/adnexal malig w radiotherapy, w mild CC"
"13","1358","13582","2.7865","9.119999999999999","44","1","Non ovarian/adnexal malig w radiotherapy, w mod CC"
"13","1358","13583","3.6738","14.79","50","1","Non ovarian/adnexal malig w radiotherapy, w severe CC"
"13","1358","13584","5.3176","20.95","53","1","Non ovarian/adnexal malig w radiotherapy, w catas CC"
"13","1359","13590","1.2201","5.01","15","1","Non ovarian/adnexal malig w diagnostic procedures, no CC"
"13","1359","13591","1.5072","5.83","29","1","Non ovarian/adnexal malig w diagnostic procedures, w mild CC"
"13","1359","13592","3.5893","11.5","41","1","Non ovarian/adnexal malig w diagnostic procedures, w mod CC"
"13","1359","13593","3.735","12.95","45","1","Non ovarian/adnexal malig w diagnostic procedures, w severe CC"
"13","1359","13594","6.562","15.02","53","0.96","Non ovarian/adnexal malig w diagnostic procedures, w catas CC"
"13","1360","13600","0.7905","2.61","9","1","Non ovarian/adnexal malig w blood transfusion, no CC"
"13","1360","13601","0.9412","3.61","10","1","Non ovarian/adnexal malig w blood transfusion, w mild CC"
"13","1360","13602","1.2921","5.64","20","1","Non ovarian/adnexal malig w blood transfusion, w mod CC"
"13","1360","13603","1.591","6.38","22","1","Non ovarian/adnexal malig w blood transfusion, w severe CC"
"13","1360","13604","2.7798","9.529999999999999","41","1","Non ovarian/adnexal malig w blood transfusion, w catas CC"
"13","1361","13619","4.7894","15.33","38","1","Ovarian/adnexal malig w chemo- and radiotherapy, w or wo CC"
"13","1362","13620","2.4536","1.95","5","1","Ovarian/adnexal malig w chemotherapy, no CC"
"13","1362","13621","2.8438","2.24","6","0.59","Ovarian/adnexal malig w chemotherapy, w mild CC"
"13","1362","13622","3.0614","2.94","12","1","Ovarian/adnexal malig w chemotherapy, w mod CC"
"13","1362","13623","3.596","3.11","14","1","Ovarian/adnexal malig w chemotherapy, w severe CC"
"13","1362","13624","4.6544","8.210000000000001","41","0.63","Ovarian/adnexal malig w chemotherapy, w catas CC"
"13","1363","13639","4.1168","19","36","1","Ovarian/adnexal malig w radiotherapy, w or wo CC"
"13","1364","13640","1.2173","3.69","12","1","Ovarian/adnexal malig w diagnostic procedures, no CC"
"13","1364","13642","2.2756","6.23","18","1","Ovarian/adnexal malig w diagnostic procedures, w mild to mod CC"
"13","1364","13643","3.0779","8.210000000000001","32","1","Ovarian/adnexal malig w diagnostic procedures, w severe CC"
"13","1364","13644","6.0606","14.85","69","1","Ovarian/adnexal malig w diagnostic procedures, w catas CC"
"13","1365","13650","1.0898","3.59","16","1","Ovarian/adnexal malig w blood transfusion, no CC"
"13","1365","13652","1.1923","5.25","19","1","Ovarian/adnexal malig w blood transfusion, w mod CC"
"13","1365","13653","1.9676","5.63","21","1","Ovarian/adnexal malig w blood transfusion, w severe CC"
"13","1365","13654","3.4395","9.65","33","1","Ovarian/adnexal malig w blood transfusion, w catas CC"
"14","1401","14010","1.321","3.87","6","1","Caesarean delivery wo complicating Dx"
"14","1401","14011","1.4875","4.37","9","1","Caesarean delivery w moderate compli Dx"
"14","1401","14012","1.6043","4.67","10","1","Caesarean delivery w severe compli Dx"
"14","1401","14013","1.7483","5.14","14","1","Caesarean delivery w severe, multi compli Dx"
"14","1402","14020","0.7191","3.14","6","1","Vaginal delivery w compli OR proc wo complicating Dx"
"14","1402","14021","1.4483","3.68","8","1","Vaginal delivery w compli OR proc w moderate compli Dx"
"14","1402","14022","1.7226","3.79","9","1","Vaginal delivery w compli OR proc w severe compli Dx"
"14","1402","14023","2.7751","5.65","13","1","Vaginal delivery w compli OR proc w severe, multi compli Dx"
"14","1403","14039","0.9081","3.37","11","1","Postpartum/post abortion w OR procedures"
"14","1404","14049","1.7662","4.75","10","1","Postpartum/post abortion w specific proc"
"14","1405","14059","0.5194","1.77","4","1","Uncomplicated abortion w D&C or asp currettage"
"14","1406","14069","1.9024","6.4","15","1","Abortion w abd hysterectomy/hysterotomy"
"14","1407","14070","0.7134","3","5","1","Vaginal delivery w sterilization proc wo complicating Dx"
"14","1407","14071","0.8708","3.35","6","1","Vaginal delivery w sterilization proc w moderate compli Dx"
"14","1407","14072","0.9956","3.54","7","1","Vaginal delivery w sterilization proc w severe compli Dx"
"14","1407","14073","1.2439","4.03","10","1","Vaginal delivery w sterilization proc w severe, multi compli Dx"
"14","1408","14080","0.4784","2.96","5","1","Vaginal delivery w non-OR proc wo complicating Dx"
"14","1408","14081","0.5755","3.21","6","1","Vaginal delivery w non-OR proc w moderate compli Dx"
"14","1408","14082","0.6214","3.4","7","1","Vaginal delivery w non-OR proc w severe compli Dx"
"14","1408","14083","0.7766","3.71","9","1","Vaginal delivery w non-OR proc w severe, multi compli Dx"
"14","1409","14090","0.5007","2.76","5","1","Vaginal delivery w minor proc wo complicating Dx"
"14","1409","14091","0.7652","2.8","6","1","Vaginal delivery w minor proc w moderate compli Dx"
"14","1409","14092","0.8267","3.37","9","1","Vaginal delivery w minor proc w severe compli Dx"
"14","1409","14093","1.0439","3.43","17","1","Vaginal delivery w minor proc w severe, multi compli Dx"
"14","1410","14109","0.6594","2.42","6","1","Complicated abortion w D&C or asp currettage"
"14","1411","14119","1.0411","3.1","7","1","Molar pregnancy w D&C or asp currettage"
"14","1412","14120","1.5547","3.63","5","1","Ectopic pregnancy w specific proc"
"14","1412","14121","1.6851","3.85","6","1","Ectopic pregnancy w specific proc w shock"
"14","1450","14500","0.386","2.66","4","1","Vaginal delivery wo complicating Dx"
"14","1450","14501","0.4858","2.69","5","1","Vaginal delivery w Moderate complicating Dx"
"14","1450","14502","0.5098","3.16","7","1","Vaginal delivery w Severe complicating Dx"
"14","1450","14503","0.6787","3.57","9","1","Vaginal delivery w severe, multi compli Dx"
"14","1451","14519","0.3722","2.84","8","1","Postpartum/post abortion wo OR proc"
"14","1452","14520","0.2797","2.05","5","1","Antenatal condition wo severe compli Dx"
"14","1452","14521","0.362","2.37","7","1","Antenatal condition w Severe complicating Dx"
"14","1453","14539","0.7914","2.7","6","1","Ectopic pregnancy"
"14","1454","14549","0.2179","1.77","4","1","Threatened abortion"
"14","1455","14559","0.2842","1.76","4","1","Abortion"
"14","1456","14569","0.1837","1.54","4","1","False labour"
"14","1457","14579","0.4095","2.36","6","1","Complicated abortion"
"14","1458","14589","0.5593","3.5","9","1","Molar pregnancy"
"15","1501","15010","1.0348","1.79","3","1","Newborn, died or transf < 5 d of adm w mj or sign. proc wo CC"
"15","1501","15011","1.2734","1.86","4","1","Newborn, died or transf < 5 d of adm w mj or sign. proc w other CC"
"15","1501","15012","1.6915","1.97","5","1","Newborn, died or transf < 5 d of adm w mj or sign. proc w major CC"
"15","1501","15013","2.0765","2.06","6","1","Newborn, died or transf < 5 d of adm w mj or sign. proc w mul CC"
"15","1502","15020","0.5115","2.03","4","1","Newborn, died or transf < 5 d of adm w minor proc wo CC"
"15","1502","15021","0.6314","2.14","4","1","Newborn, died or transf < 5 d of adm w minor proc w other CC"
"15","1502","15022","1.4332","2.26","4","1","Newborn, died or transf < 5 d of adm w minor proc w major CC"
"15","1502","15023","1.8219","2.8","5","1","Newborn, died or transf < 5 d of adm w minor proc w mul CC"
"15","1503","15032","15.5142","54.88","110","1","Newborn, adm wt < 1000 gm w sign proc wo mul CC"
"15","1503","15033","18.33","62.21","130","1","Newborn, adm wt < 1000 gm w sign proc w mul CC"
"15","1504","15040","9.996","32.13","75","1","Newborn, adm wt < 1000 gm w minor proc wo CC"
"15","1504","15041","11.4951","40","89","1","Newborn, adm wt < 1000 gm w minor proc w other CC"
"15","1504","15042","12.5378","46.78","91","1","Newborn, adm wt < 1000 gm w minor proc w major CC"
"15","1504","15043","14.3357","49.11","111","1","Newborn, adm wt < 1000 gm w minor proc w mul CC"
"15","1505","15050","5.8657","25.29","45","1","Newborn, adm wt 1000-1499 gm w sign proc wo CC"
"15","1505","15051","8.3947","32.74","60","1","Newborn, adm wt 1000-1499 gm w sign proc w other CC"
"15","1505","15052","10.1493","37.28","64","1","Newborn, adm wt 1000-1499 gm w sign proc w major CC"
"15","1505","15053","14.0089","42.69","81","1","Newborn, adm wt 1000-1499 gm w sign proc w mul CC"
"15","1506","15060","5.7952","27.22","54","1","Newborn, adm wt 1000-1499 gm w minor proc wo CC"
"15","1506","15061","7.33","33.36","57","1","Newborn, adm wt 1000-1499 gm w minor proc w other CC"
"15","1506","15062","9.3413","37.28","63","1","Newborn, adm wt 1000-1499 gm w minor proc w major CC"
"15","1506","15063","13.2972","48.32","80","1","Newborn, adm wt 1000-1499 gm w minor proc w mul CC"
"15","1507","15070","2.395","10.76","29","1","Newborn, adm wt 1500-2499 gm w sign proc wo CC"
"15","1507","15071","4.045","14.35","36","1","Newborn, adm wt 1500-2499 gm w sign proc w other CC"
"15","1507","15072","5.0396","17.4","43","1","Newborn, adm wt 1500-2499 gm w sign proc w major CC"
"15","1507","15073","7.551","21.87","54","1","Newborn, adm wt 1500-2499 gm w sign proc w mul CC"
"15","1508","15080","1.325","6.72","23","1","Newborn, adm wt 1500-2499 gm w minor proc wo CC"
"15","1508","15081","2.6899","12.39","34","1","Newborn, adm wt 1500-2499 gm w minor proc w other CC"
"15","1508","15082","4.7199","19.2","46","1","Newborn, adm wt 1500-2499 gm w minor proc w major CC"
"15","1508","15083","7.4321","24.06","75","1","Newborn, adm wt 1500-2499 gm w minor proc w mul CC"
"15","1509","15090","2.2365","5.89","23","1","Newborn, adm wt >2499 gm w sign proc wo CC"
"15","1509","15091","2.4679","8.26","28","1","Newborn, adm wt >2499 gm w sign proc w other CC"
"15","1509","15092","3.4568","10.37","33","1","Newborn, adm wt >2499 gm w sign proc w major CC"
"15","1509","15093","5.6591","14.32","53","1","Newborn, adm wt >2499 gm w sign proc w mul CC"
"15","1510","15100","0.425","3.48","7","1","Newborn, adm wt >2499 gm w minor proc wo CC"
"15","1510","15101","1.3672","7.27","18","1","Newborn, adm wt >2499 gm w minor proc w other CC"
"15","1510","15102","2.4004","10.29","29","1","Newborn, adm wt >2499 gm w minor proc w major CC"
"15","1510","15103","3.8791","12.47","45","1","Newborn, adm wt >2499 gm w minor proc w mul CC"
"15","1511","15110","8.7921","22.68","72","1","Newborn with major procedures wo CC"
"15","1511","15111","11.1293","25.01","78","1","Newborn with major procedures w other CC"
"15","1511","15112","15.6953","28.81","84","1","Newborn with major procedures w major CC"
"15","1511","15113","18.9858","42.72","125","1","Newborn with major procedures w mul CC"
"15","1512","15129","29.7625","27.24","86","1","Newborn w major cardiothoracic proc w or wo CC"
"15","1550","15500","0.2987","1.73","4","1","Newborn, transferred < 5 d of adm wo CC"
"15","1550","15501","0.3658","1.82","4","1","Newborn, transferred < 5 d of adm w other CC"
"15","1550","15502","0.4338","1.98","4","1","Newborn, transferred < 5 d of adm w major CC"
"15","1550","15503","0.6173999999999999","2.37","4","1","Newborn, transferred < 5 d of adm w mul CC"
"15","1551","15510","6.2366","12.79","21","1","Newborn, adm wt < 1000 gm wo CC"
"15","1551","15511","8.6403","20.53","63","1","Newborn, adm wt < 1000 gm w other CC"
"15","1551","15512","10.3459","27.45","75","1","Newborn, adm wt < 1000 gm w major CC"
"15","1551","15513","13.1076","35.76","90","1","Newborn, adm wt < 1000 gm w mul CC"
"15","1552","15520","1.9508","10.62","40","1","Newborn, adm wt 1000-1499 gm wo CC"
"15","1552","15521","3.787","20.06","46","1","Newborn, adm wt 1000-1499 gm w other CC"
"15","1552","15522","7.1307","31.04","62","1","Newborn, adm wt 1000-1499 gm w major CC"
"15","1552","15523","10.7231","40.65","99","1","Newborn, adm wt 1000-1499 gm w mul CC"
"15","1553","15530","0.3006","3.15","8","1","Newborn, adm wt 1500-2499 gm wo CC"
"15","1553","15531","1.0206","6.26","19","1","Newborn, adm wt 1500-2499 gm w other CC"
"15","1553","15532","2.7652","10.97","30","1","Newborn, adm wt 1500-2499 gm w major CC"
"15","1553","15533","4.8998","17.87","50","1","Newborn, adm wt 1500-2499 gm w mul CC"
"15","1554","15540","0.228","2.77","5","1","Newborn, adm wt >2499 gm wo CC"
"15","1554","15541","0.5651","4.57","10","1","Newborn, adm wt >2499 gm w other CC"
"15","1554","15542","0.9676","5.85","16","1","Newborn, adm wt >2499 gm w major CC"
"15","1554","15543","3.6461","9.460000000000001","47","0.42","Newborn, adm wt >2499 gm w mul CC"
"15","1555","15550","0.4254","1.56","4","1","Newborn, died < 5 d of adm wo CC"
"15","1555","15551","0.4428","1.68","4","1","Newborn, died < 5 d of adm w other CC"
"15","1555","15552","0.9078000000000001","1.73","4","1","Newborn, died < 5 d of adm w major CC"
"15","1555","15553","1.6251","1.9","4","1","Newborn, died < 5 d of adm w mul CC"
"16","1601","16010","2.5272","6.2","14","1","Splenectomy, no CC"
"16","1601","16012","2.7122","6.49","15","1","Splenectomy, w mild to mod CC"
"16","1601","16013","3.3114","7.64","19","1","Splenectomy, w severe CC"
"16","1601","16014","6.72","11.27","35","1","Splenectomy, w catas CC"
"16","1602","16020","1.4774","3.6","14","1","Major OR proc for blood, bl frm org & imm diseases, no CC"
"16","1602","16022","2.0682","5.9","15","1","Major OR proc for blood, bl frm org & imm diseases, w mild to mod CC"
"16","1602","16023","3.2601","8.359999999999999","26","1","Major OR proc for blood, bl frm org & imm diseases, w severe CC"
"16","1602","16024","4.6871","13.57","49","1","Major OR proc for blood, bl frm org & imm diseases, w catas CC"
"16","1603","16030","1.0704","3.46","12","1","Minor OR proc for blood, bl frm org & imm diseases, no CC"
"16","1603","16032","1.7149","6.73","21","1","Minor OR proc for blood, bl frm org & imm diseases, w mild to mod CC"
"16","1603","16033","1.9976","7.32","24","1","Minor OR proc for blood, bl frm org & imm diseases, w severe CC"
"16","1603","16034","3.9371","10.22","36","1","Minor OR proc for blood, bl frm org & imm diseases, w catas CC"
"16","1604","16049","28.349","53.96","150","1","Trach for blood, bl frm org & imm diseases w mech vent 96+ hr, w or wo CC"
"16","1605","16059","26.3253","53.52","177","1","Trach for blood, bl frm org & imm diseases, w or wo CC"
"16","1650","16500","0.3391","1.62","5","1","Red blood cell disorders, no CC"
"16","1650","16501","0.4007","2.31","8","1","Red blood cell disorders, w mild CC"
"16","1650","16502","0.4797","2.45","9","1","Red blood cell disorders, w mod CC"
"16","1650","16503","0.7399","2.68","10","1","Red blood cell disorders, w severe CC"
"16","1650","16504","1.4528","4.28","19","1","Red blood cell disorders, w catas CC"
"16","1651","16510","0.6965","2.86","8","1","Coagulation disorders, no CC"
"16","1651","16511","0.8594000000000001","3.33","10","1","Coagulation disorders, w mild CC"
"16","1651","16512","0.9099","3.6","11","1","Coagulation disorders, w mod CC"
"16","1651","16513","1.0973","4.01","13","1","Coagulation disorders, w severe CC"
"16","1651","16514","1.401","4.36","15","1","Coagulation disorders, w catas CC"
"16","1652","16520","0.6073","3.41","9","1","Reticuloendothelial and immuno disorders, no CC"
"16","1652","16521","0.9365","4.64","13","1","Reticuloendothelial and immuno disorders, w mild CC"
"16","1652","16522","1.3413","5.02","15","1","Reticuloendothelial and immuno disorders, w mod CC"
"16","1652","16523","1.6462","6.56","18","1","Reticuloendothelial and immuno disorders, w severe CC"
"16","1652","16524","4.332","8.619999999999999","30","1","Reticuloendothelial and immuno disorders, w catas CC"
"16","1653","16530","0.3621","1.36","4","1","Red blood cell disorders w blood transfusion, no CC"
"16","1653","16531","0.61","2.42","7","1","Red blood cell disorders w blood transfusion, w mild CC"
"16","1653","16532","0.8766","2.67","8","1","Red blood cell disorders w blood transfusion, w mod CC"
"16","1653","16533","1.2662","2.76","10","1","Red blood cell disorders w blood transfusion, w severe CC"
"16","1653","16534","1.6703","4.39","17","1","Red blood cell disorders w blood transfusion, w catas CC"
"16","1654","16540","3.4164","3.43","11","1","Coagulation disorders w coag fact transfusion, no CC"
"16","1654","16541","5.8817","5.56","16","1","Coagulation disorders w coag fact transfusion, w mild CC"
"16","1654","16543","7.6873","5.91","18","1","Coagulation disorders w coag fact transfusion, w mod to sev CC"
"16","1654","16544","9.064","12.06","60","1","Coagulation disorders w coag fact transfusion, w catas CC"
"16","1655","16550","1.2155","3.51","11","1","Coagulation disorders w blood transfusion, no CC"
"16","1655","16551","1.378","4.13","13","1","Coagulation disorders w blood transfusion, w mild CC"
"16","1655","16552","1.6932","4.63","16","1","Coagulation disorders w blood transfusion, w mod CC"
"16","1655","16553","2.027","4.87","19","1","Coagulation disorders w blood transfusion, w severe CC"
"16","1655","16554","4.7708","9.52","41","1","Coagulation disorders w blood transfusion, w catas CC"
"16","1656","16560","0.6962","3.89","14","1","Reticuloendothelial and immunity dis w blood transfusion, no CC"
"16","1656","16561","1.846","5.68","17","1","Reticuloendothelial and immunity dis w blood transfusion, w mild CC"
"16","1656","16562","2.9429","7.87","25","1","Reticuloendothelial and immunity dis w blood transfusion, w mod CC"
"16","1656","16563","3.5852","8.15","28","1","Reticuloendothelial and immunity dis w blood transfusion, w severe CC"
"16","1656","16564","4.8275","12.08","44","1","Reticuloendothelial and immunity dis w blood transfusion, w catas CC"
"17","1701","17010","3.4717","8.15","24","1","Lymphoma and leukemia w major OR procedures, no CC"
"17","1701","17013","6.3451","15.14","42","1","Lymphoma and leukemia w major OR procedures, w mild to sev CC"
"17","1701","17014","9.986499999999999","25.83","90","1","Lymphoma and leukemia w major OR procedures, w catas CC"
"17","1702","17020","2.7209","7.1","24","1","Other neoplastic disorders w major OR procedures, no CC"
"17","1702","17023","5.701","12.63","37","1","Other neoplastic disorders w major OR procedures, w mild to sev CC"
"17","1702","17024","6.4674","18.61","84","1","Other neoplastic disorders w major OR procedures, w catas CC"
"17","1703","17030","1.8646","6","21","1","Lymphoma and leukemia w other OR procedures, no CC"
"17","1703","17032","2.9046","8.43","25","1","Lymphoma and leukemia w other OR procedures, w mild to mod CC"
"17","1703","17033","5.2678","12.9","39","1","Lymphoma and leukemia w other OR procedures, w severe CC"
"17","1703","17034","9.6645","22.08","80","1","Lymphoma and leukemia w other OR procedures, w catas CC"
"17","1704","17040","1.6357","5.45","22","1","Other neoplastic disorders w other OR procedures, no CC"
"17","1704","17042","2.3202","8.539999999999999","28","1","Other neoplastic disorders w other OR procedures, w mild to mod CC"
"17","1704","17043","3.6108","13.22","49","1","Other neoplastic disorders w other OR procedures, w severe CC"
"17","1704","17044","6.1973","20.98","72","1","Other neoplastic disorders w other OR procedures, w catas CC"
"17","1705","17059","28.349","53.96","150","1","Trach for myeloproliferative dis w mech vent 96+ hr, w or wo CC"
"17","1706","17069","26.3253","53.52","177","1","Trach for myeloproliferative disorders, w or wo CC"
"17","1750","17500","0.7266","2.76","10","1","Acute leukemia, no CC"
"17","1750","17501","1.2186","4.33","16","0.71","Acute leukemia, w mild CC"
"17","1750","17502","1.2568","4.94","20","1","Acute leukemia, w mod CC"
"17","1750","17503","2.4243","5.55","22","1","Acute leukemia, w severe CC"
"17","1750","17504","5.3434","9.23","35","1","Acute leukemia, w catas CC"
"17","1751","17510","0.6496","3.07","11","1","Lymphoma & non-acute leukemia, no CC"
"17","1751","17511","1.0124","3.69","13","1","Lymphoma & non-acute leukemia, w mild CC"
"17","1751","17512","1.5331","4.1","14","1","Lymphoma & non-acute leukemia, w mod CC"
"17","1751","17513","2.0858","5.09","18","1","Lymphoma & non-acute leukemia, w severe CC"
"17","1751","17514","4.2873","7.12","26","1","Lymphoma & non-acute leukemia, w catas CC"
"17","1752","17520","0.7476","3.59","13","1","Other Neoplastic disorders, no CC"
"17","1752","17522","0.8574000000000001","4.74","21","1","Other Neoplastic disorders, w mild to mod CC"
"17","1752","17523","1.193","5.42","25","1","Other Neoplastic disorders, w severe CC"
"17","1752","17524","2.4709","8.130000000000001","31","1","Other Neoplastic disorders, w catas CC"
"17","1756","17560","10.5787","21.79","82","1","Acute leukemia with chemo- and radiotherapy, no CC"
"17","1756","17564","14.3608","49.09","106","1","Acute leukemia with chemo- and radiotherapy, w mild to cat CC"
"17","1757","17570","1.3959","3.42","13","1","Acute leukemia with chemotherapy, no CC"
"17","1757","17571","3.3493","7.1","27","1","Acute leukemia with chemotherapy, w mild CC"
"17","1757","17572","5.4186","8.18","31","1","Acute leukemia with chemotherapy, w mod CC"
"17","1757","17573","8.3512","16.97","47","1","Acute leukemia with chemotherapy, w severe CC"
"17","1757","17574","10.658","26.91","65","1","Acute leukemia with chemotherapy, w catas CC"
"17","1758","17589","6.7256","12.9","38","1","Acute leukemia with radiotherapy, w or wo CC"
"17","1759","17590","1.0538","3.64","15","1","Acute leukemia with diag proc, no CC"
"17","1759","17591","1.405","4.29","21","1","Acute leukemia with diag proc, w mild CC"
"17","1759","17592","2.1981","7.68","28","1","Acute leukemia with diag proc, w mod CC"
"17","1759","17593","4.8681","10.3","35","1","Acute leukemia with diag proc, w severe CC"
"17","1759","17594","7.5016","17.48","52","1","Acute leukemia with diag proc, w catas CC"
"17","1760","17600","0.9964","2.71","11","1","Acute leukemia with blood transfusion, no CC"
"17","1760","17602","1.4254","3.15","13","1","Acute leukemia with blood transfusion, w mild to mod CC"
"17","1760","17603","3.9388","5.52","21","1","Acute leukemia with blood transfusion, w severe CC"
"17","1760","17604","6.0113","9.51","32","1","Acute leukemia with blood transfusion, w catas CC"
"17","1761","17610","4.4792","18.48","45","1","L'ma & non-acute leukemia w chemo- and radiother, no CC"
"17","1761","17612","6.8234","27.82","66","1","L'ma & non-acute leukemia w chemo- and radiother, w mild to mod CC"
"17","1761","17613","9.4786","30.8","75","1","L'ma & non-acute leukemia w chemo- and radiother, w severe CC"
"17","1761","17614","11.9672","34.07","80","1","L'ma & non-acute leukemia w chemo- and radiother, w catas CC"
"17","1762","17620","2.8571","3.16","10","1","Lymphoma & non-acute leukemia w chemotherapy, no CC"
"17","1762","17621","3.9027","4.26","14","1","Lymphoma & non-acute leukemia w chemotherapy, w mild CC"
"17","1762","17622","4.4626","6.44","23","1","Lymphoma & non-acute leukemia w chemotherapy, w mod CC"
"17","1762","17623","6.2692","8.26","28","1","Lymphoma & non-acute leukemia w chemotherapy, w severe CC"
"17","1762","17624","8.8261","17.82","57","1","Lymphoma & non-acute leukemia w chemotherapy, w catas CC"
"17","1763","17630","2.8021","11.3","31","1","Lymphoma & non-acute leukemia w radiotherapy, no CC"
"17","1763","17632","3.8061","14.07","33","1","Lymphoma & non-acute leukemia w radiotherapy, w mild to mod CC"
"17","1763","17633","4.7745","19.81","58","1","Lymphoma & non-acute leukemia w radiotherapy, w severe CC"
"17","1763","17634","6.5696","23.48","72","1","Lymphoma & non-acute leukemia w radiotherapy, w catas CC"
"17","1764","17640","1.4613","3.94","14","1","Lymphoma & non-acute leukemia w diag proc, no CC"
"17","1764","17641","1.6629","4.73","16","1","Lymphoma & non-acute leukemia w diag proc, w mild CC"
"17","1764","17642","2.0562","6.89","21","1","Lymphoma & non-acute leukemia w diag proc, w mod CC"
"17","1764","17643","2.7937","7.68","24","1","Lymphoma & non-acute leukemia w diag proc, w severe CC"
"17","1764","17644","5.6976","14.3","43","1","Lymphoma & non-acute leukemia w diag proc, w catas CC"
"17","1765","17650","0.7038","1.8","6","1","Lymphoma & non-acute leukemia w blood transfus, no CC"
"17","1765","17651","1.2519","1.86","8","1","Lymphoma & non-acute leukemia w blood transfus, w mild CC"
"17","1765","17652","1.8222","4","13","1","Lymphoma & non-acute leukemia w blood transfus, w mod CC"
"17","1765","17653","3.1248","4.07","16","1","Lymphoma & non-acute leukemia w blood transfus, w severe CC"
"17","1765","17654","5.3501","8.960000000000001","30","1","Lymphoma & non-acute leukemia w blood transfus, w catas CC"
"17","1766","17669","5.8155","22.7","56","1","Other neoplastic dis with chemo- and radiotherapy, w or wo CC"
"17","1767","17670","2.2598","2.99","7","1","Other neoplastic dis with chemotherapy, no CC"
"17","1767","17672","3.4905","3.06","10","1","Other neoplastic dis with chemotherapy, w mild to mod CC"
"17","1767","17674","5.0169","5.3","26","0.67","Other neoplastic dis with chemotherapy, w sev to cat CC"
"17","1768","17680","2.8479","18.32","45","1","Other neoplastic dis with radiotherapy, no CC"
"17","1768","17684","5.3689","24.41","59","1","Other neoplastic dis with radiotherapy, w mild to cat CC"
"17","1769","17690","1.4979","5.09","18","1","Other neoplastic dis with diag proc, no CC"
"17","1769","17692","1.837","7.67","23","1","Other neoplastic dis with diag proc, w mild to mod CC"
"17","1769","17693","3.1679","10.16","30","1","Other neoplastic dis with diag proc, w severe CC"
"17","1769","17694","4.9875","11.64","32","1","Other neoplastic dis with diag proc, w catas CC"
"17","1770","17700","1.0729","4.23","21","1","Other neoplastic dis with blood transfusion, no CC"
"17","1770","17702","1.1802","5.55","27","1","Other neoplastic dis with blood transfusion, w mild to mod CC"
"17","1770","17703","1.756","6.18","30","1","Other neoplastic dis with blood transfusion, w severe CC"
"17","1770","17704","4.0103","11.66","41","1","Other neoplastic dis with blood transfusion, w catas CC"
"18","1801","18010","0.889","3.9","12","1","OR proc level 1 for infectious and parasitic diseases, no CC"
"18","1801","18012","1.571","4.45","13","1","OR proc level 1 for infectious and parasitic diseases, w mild to mod CC"
"18","1801","18014","3.6664","10.08","27","1","OR proc level 1 for infectious and parasitic diseases, w sev to cat CC"
"18","1802","18020","1.2319","5.9","19","1","OR proc level 2 for infectious and parasitic diseases, no CC"
"18","1802","18022","1.8015","7.12","35","1","OR proc level 2 for infectious and parasitic diseases, w mild to mod CC"
"18","1802","18023","2.4119","8.640000000000001","40","1","OR proc level 2 for infectious and parasitic diseases, w severe CC"
"18","1802","18024","3.8535","15.85","58","1","OR proc level 2 for infectious and parasitic diseases, w catas CC"
"18","1803","18030","1.4898","6.68","20","1","OR proc level 3 for infectious and parasitic diseases, no CC"
"18","1803","18032","2.2382","8.609999999999999","22","1","OR proc level 3 for infectious and parasitic diseases, w mild to mod CC"
"18","1803","18033","3.2641","9.81","23","1","OR proc level 3 for infectious and parasitic diseases, w severe CC"
"18","1803","18034","5.4386","12.83","47","1","OR proc level 3 for infectious and parasitic diseases, w catas CC"
"18","1804","18040","1.6429","8.34","27","1","OR proc level 4 for infectious and parasitic diseases, no CC"
"18","1804","18042","3.008","11.43","39","1","OR proc level 4 for infectious and parasitic diseases, w mild to mod CC"
"18","1804","18043","3.7293","13.81","41","1","OR proc level 4 for infectious and parasitic diseases, w severe CC"
"18","1804","18044","6.9869","17.35","64","1","OR proc level 4 for infectious and parasitic diseases, w catas CC"
"18","1805","18050","5.0563","17.96","48","1","OR proc level 5 for infectious and parasitic diseases, no CC"
"18","1805","18052","6.4327","21.81","61","1","OR proc level 5 for infectious and parasitic diseases, w mild to mod CC"
"18","1805","18053","8.619999999999999","24.1","67","1","OR proc level 5 for infectious and parasitic diseases, w severe CC"
"18","1805","18054","9.3116","26.2","96","1","OR proc level 5 for infectious and parasitic diseases, w catas CC"
"18","1806","18060","5.0739","13.17","34","1","OR proc level 6 for infectious and parasitic diseases, no CC"
"18","1806","18064","10.6994","18.71","60","1","OR proc level 6 for infectious and parasitic diseases, w mild to cat CC"
"18","1808","18089","30.3139","47.41","117","1","Trach for infectious diseases w mech vent 96+ hr, w mild to cat CC"
"18","1809","18099","28.7949","53.91","167","1","Trach for infectious diseases, w or wo CC"
"18","1850","18500","0.5482","3.23","9","1","Septicemia, adult, not transferred, no CC"
"18","1850","18501","0.8082","3.96","11","1","Septicemia, adult, not transferred, w mild CC"
"18","1850","18502","1.0096","4.52","14","1","Septicemia, adult, not transferred, w mod CC"
"18","1850","18503","1.6204","5.36","18","1","Septicemia, adult, not transferred, w severe CC"
"18","1850","18504","3.6388","6.73","26","1","Septicemia, adult, not transferred, w catas CC"
"18","1851","18510","0.3547","2.98","7","1","Septicemia, child, no CC"
"18","1851","18511","0.4776","3.55","10","1","Septicemia, child, w mild CC"
"18","1851","18512","0.6266","4.01","13","1","Septicemia, child, w mod CC"
"18","1851","18513","1.6548","6.09","21","1","Septicemia, child, w severe CC"
"18","1851","18514","2.6108","9.99","39","1","Septicemia, child, w catas CC"
"18","1852","18520","0.7451","4.69","14","1","Postop and post-traumatic infections, elderly, no CC"
"18","1852","18522","0.9992","5.42","16","1","Postop and post-traumatic infections, elderly, w mild to mod CC"
"18","1852","18523","1.2329","6.28","19","1","Postop and post-traumatic infections, elderly, w severe CC"
"18","1852","18524","3.1567","10.48","42","1","Postop and post-traumatic infections, elderly, w catas CC"
"18","1853","18530","0.6187","4.06","12","1","Postop and post-traumatic infections, not elderly, no CC"
"18","1853","18532","0.7538","4.36","14","1","Postop and post-traumatic infections, not elderly, w mild to mod CC"
"18","1853","18533","1.3023","6.79","24","1","Postop and post-traumatic infections, not elderly, w severe CC"
"18","1853","18534","3.3554","10.68","40","1","Postop and post-traumatic infections, not elderly, w catas CC"
"18","1854","18540","0.3556","2.86","6","1","Malaria, adult, no CC"
"18","1854","18542","0.4645","3.33","7","1","Malaria, adult, w mild to mod CC"
"18","1854","18543","0.7201","3.87","9","1","Malaria, adult, w severe CC"
"18","1854","18544","2.8712","6.28","21","1","Malaria, adult, w catas CC"
"18","1855","18550","0.3382","2.75","6","1","Malaria, child, no CC"
"18","1855","18552","0.4544","3.16","7","1","Malaria, child, w mild to mod CC"
"18","1855","18553","0.7296","3.47","8","1","Malaria, child, w severe CC"
"18","1855","18554","2.3854","7.78","19","1","Malaria, child, w catas CC"
"18","1856","18560","0.37","3.07","6","1","Dengue, adult, no CC"
"18","1856","18561","0.4673","3.25","7","1","Dengue, adult, w mild CC"
"18","1856","18562","0.489","3.64","8","1","Dengue, adult, w mod CC"
"18","1856","18563","0.6457000000000001","3.83","9","1","Dengue, adult, w severe CC"
"18","1856","18564","1.6033","4.86","13","1","Dengue, adult, w catas CC"
"18","1857","18570","0.3324","2.92","6","1","Dengue, child, no CC"
"18","1857","18571","0.4384","3.38","7","1","Dengue, child, w mild CC"
"18","1857","18572","0.5453","3.88","8","1","Dengue, child, w mod CC"
"18","1857","18573","0.649","4.04","9","1","Dengue, child, w severe CC"
"18","1857","18574","2.0098","6.18","13","1","Dengue, child, w catas CC"
"18","1858","18580","0.3864","2.76","7","1","Fever of unknow origin, adult, no CC"
"18","1858","18581","0.5469000000000001","3.58","10","1","Fever of unknow origin, adult, w mild CC"
"18","1858","18582","0.581","3.92","11","1","Fever of unknow origin, adult, w mod CC"
"18","1858","18583","0.7905","4.42","12","1","Fever of unknow origin, adult, w severe CC"
"18","1858","18584","1.4146","5.89","20","1","Fever of unknow origin, adult, w catas CC"
"18","1859","18590","0.2667","2.3","5","1","Fever of unknow origin, child, no CC"
"18","1859","18591","0.3512","2.9","7","1","Fever of unknow origin, child, w mild CC"
"18","1859","18592","0.3629","3.24","8","1","Fever of unknow origin, child, w mod CC"
"18","1859","18594","0.5812","3.64","12","1","Fever of unknow origin, child, w sev to cat CC"
"18","1860","18600","0.2749","2.38","5","1","Viral illness except dengue, adult, no CC"
"18","1860","18601","0.343","2.65","6","1","Viral illness except dengue, adult, w mild CC"
"18","1860","18602","0.3883","2.76","7","1","Viral illness except dengue, adult, w mod CC"
"18","1860","18603","0.5018","3.19","8","1","Viral illness except dengue, adult, w severe CC"
"18","1860","18604","1.4474","4.96","19","1","Viral illness except dengue, adult, w catas CC"
"18","1861","18610","0.2541","2.36","5","1","Viral illness except dengue, child, no CC"
"18","1861","18611","0.3447","3.02","6","1","Viral illness except dengue, child, w mild CC"
"18","1861","18612","0.555","3.67","7","1","Viral illness except dengue, child, w mod CC"
"18","1861","18613","1.2525","3.99","9","1","Viral illness except dengue, child, w severe CC"
"18","1861","18614","1.5812","11.27","25","1","Viral illness except dengue, child, w catas CC"
"18","1862","18620","0.9302","5.02","19","1","Fungal diseases, adult, no CC"
"18","1862","18622","1.0098","5.26","21","1","Fungal diseases, adult, w mild to mod CC"
"18","1862","18623","2.947","10.02","31","1","Fungal diseases, adult, w severe CC"
"18","1862","18624","5.394","13.38","33","1","Fungal diseases, adult, w catas CC"
"18","1863","18639","0.3816","3.17","15","1","Fungal diseases, child, w or wo CC"
"18","1864","18640","0.4307","3.25","8","1","Other infectious and parasitic diseases, adult, no CC"
"18","1864","18641","0.6444","3.97","10","1","Other infectious and parasitic diseases, adult, w mild CC"
"18","1864","18642","0.7675999999999999","4.01","11","1","Other infectious and parasitic diseases, adult, w mod CC"
"18","1864","18643","1.1129","4.98","15","1","Other infectious and parasitic diseases, adult, w severe CC"
"18","1864","18644","2.4681","8.26","28","1","Other infectious and parasitic diseases, adult, w catas CC"
"18","1865","18650","0.3781","3.26","7","1","Other infectious and parasitic diseases, child, no CC"
"18","1865","18651","0.5024999999999999","4.12","8","1","Other infectious and parasitic diseases, child, w mild CC"
"18","1865","18652","0.5286","4.38","9","1","Other infectious and parasitic diseases, child, w mod CC"
"18","1865","18653","0.7209","5.12","12","1","Other infectious and parasitic diseases, child, w severe CC"
"18","1865","18654","1.9868","9.529999999999999","24","1","Other infectious and parasitic diseases, child, w catas CC"
"18","1866","18660","1.4414","8.59","19","1","Melioidosis, adult, no CC"
"18","1866","18662","1.7572","9.32","21","1","Melioidosis, adult, w mild to mod CC"
"18","1866","18663","2.1225","9.73","23","1","Melioidosis, adult, w severe CC"
"18","1866","18664","4.1507","10.85","29","1","Melioidosis, adult, w catas CC"
"18","1867","18670","1.042","8.279999999999999","18","1","Melioidosis, child, no CC"
"18","1867","18672","1.3095","9.98","20","1","Melioidosis, child, w mild to mod CC"
"18","1867","18673","1.8427","10.08","33","1","Melioidosis, child, w severe CC"
"18","1867","18674","2.9352","13.05","35","1","Melioidosis, child, w catas CC"
"18","1868","18680","0.4285","3.17","7","1","Leptospirosis, adult, no CC"
"18","1868","18681","0.5165999999999999","3.58","8","1","Leptospirosis, adult, w mild CC"
"18","1868","18682","0.5638","3.76","9","1","Leptospirosis, adult, w mod CC"
"18","1868","18683","0.7995","4.24","10","1","Leptospirosis, adult, w severe CC"
"18","1868","18684","2.6548","5.8","18","1","Leptospirosis, adult, w catas CC"
"18","1869","18690","0.3871","3.28","7","1","Leptospirosis, child, no CC"
"18","1869","18692","0.5784","4.23","9","1","Leptospirosis, child, w mild to mod CC"
"18","1869","18693","0.8405","4.4","11","1","Leptospirosis, child, w severe CC"
"18","1869","18694","1.1775","5.4","14","1","Leptospirosis, child, w catas CC"
"18","1870","18700","0.4264","3.16","7","1","Dengue with shock, adult, no CC"
"18","1870","18702","0.7641","3.47","8","1","Dengue with shock, adult, w mild to mod CC"
"18","1870","18704","0.9016","3.75","9","1","Dengue with shock, adult, w sev to cat CC"
"18","1871","18710","0.4712","3.12","6","1","Dengue with shock, child, no CC"
"18","1871","18712","0.6778","3.45","8","1","Dengue with shock, child, w mild to mod CC"
"18","1871","18713","1.0892","3.65","9","1","Dengue with shock, child, w severe CC"
"18","1871","18714","1.5221","4.64","12","1","Dengue with shock, child, w catas CC"
"18","1872","18720","0.5191","2.31","8","1","Septicemia, adult, transferred, no CC"
"18","1872","18722","0.6866","2.89","10","1","Septicemia, adult, transferred, w mild to mod CC"
"18","1872","18723","0.855","3.02","12","1","Septicemia, adult, transferred, w severe CC"
"18","1872","18724","1.7226","4.31","19","1","Septicemia, adult, transferred, w catas CC"
"19","1901","19019","3.1179","33.01","92","1","Acute psychotic disorders with ECT, w or wo CC"
"19","1902","19020","3.8022","45.85","138","1","Chronic psychotic disorders with ECT, no CC"
"19","1902","19024","4.36","50.8","141","1","Chronic psychotic disorders with ECT, w mild to cat CC"
"19","1903","19039","2.346","26.5","74","1","Major affective disorders with ECT, w or wo CC"
"19","1950","19509","1.0447","9.02","41","1","Acute psychotic disorders, w or wo CC"
"19","1951","19519","2.0286","21.83","87","1","Chronic psychotic disorders, w or wo CC"
"19","1952","19520","0.8371","7.23","35","1","Major affective disorders, no CC"
"19","1952","19522","1.0144","8.41","42","1","Major affective disorders, w mild to mod CC"
"19","1952","19524","1.349","11.03","45","1","Major affective disorders, w sev to cat CC"
"19","1953","19530","0.2069","1.62","5","1","Other affect and somatoform disorders, no CC"
"19","1953","19532","0.3161","2.08","7","1","Other affect and somatoform disorders, w mild to mod CC"
"19","1953","19534","0.5885","3.06","10","1","Other affect and somatoform disorders, w sev to cat CC"
"19","1954","19540","0.2795","2.05","10","1","Acute reaction and psychosocial dysfunction, no CC"
"19","1954","19542","0.4729","3.4","17","1","Acute reaction and psychosocial dysfunction, w mild to mod CC"
"19","1954","19544","0.9434","4.93","24","1","Acute reaction and psychosocial dysfunction, w sev to cat CC"
"19","1955","19550","0.2292","1.82","5","1","Anxiety disorders, no CC"
"19","1955","19552","0.3193","2.2","7","1","Anxiety disorders, w mild to mod CC"
"19","1955","19554","0.4534","2.91","12","1","Anxiety disorders, w sev to cat CC"
"19","1956","19569","0.6388","4.63","23","1","Eating and obscessive compulsive disorders, w or wo CC"
"19","1957","19579","1.018","7.27","36","1","Personality and impulse control disorders, w or wo CC"
"19","1958","19580","0.9592000000000001","13.04","30","1","Childhood mental disorders, no CC"
"19","1958","19584","1.5363","16.06","80","1","Childhood mental disorders, w mild to cat CC"
"19","1959","19590","1.4188","10.25","37","0.42","Organic disturbance and mental retardation, no CC"
"19","1959","19591","1.4696","11.05","55","1","Organic disturbance and mental retardation, w mild CC"
"19","1959","19592","1.675","12.83","63","1","Organic disturbance and mental retardation, w mod CC"
"19","1959","19593","2.1894","13.14","65","1","Organic disturbance and mental retardation, w severe CC"
"19","1959","19594","5.0275","13.81","66","1","Organic disturbance and mental retardation, w catas CC"
"19","1960","19600","0.271","1.89","7","1","Other mental disorders, no CC"
"19","1960","19601","0.4053","2.65","13","1","Other mental disorders, w mild CC"
"19","1960","19602","0.5387","4.09","18","1","Other mental disorders, w mod CC"
"19","1960","19604","0.679","5.87","23","1","Other mental disorders, w sev to cat CC"
"19","1961","19619","1.0175","9","15","1","Sexual dysfunction, w or wo CC"
"20","2050","20500","0.4164","2.87","12","1","Alcohol intoxication and withdrawal, no CC"
"20","2050","20501","0.516","3.06","14","1","Alcohol intoxication and withdrawal, w mild CC"
"20","2050","20502","0.5423","3.16","15","1","Alcohol intoxication and withdrawal, w mod CC"
"20","2050","20503","0.8355","4.09","17","1","Alcohol intoxication and withdrawal, w severe CC"
"20","2050","20504","2.2212","6.82","21","1","Alcohol intoxication and withdrawal, w catas CC"
"20","2051","20510","1.6871","15.74","52","1","Drug use disorders and withdrawal, no CC"
"20","2051","20512","2.0007","19.82","54","1","Drug use disorders and withdrawal, w mild to mod CC"
"20","2051","20514","2.7633","22","79","1","Drug use disorders and withdrawal, w sev to cat CC"
"20","2052","20520","0.9747","10.98","31","1","Alcohol use disorders and dependence, no CC"
"20","2052","20522","1.0437","11.06","34","1","Alcohol use disorders and dependence, w mild to mod CC"
"20","2052","20523","1.4038","12.26","39","1","Alcohol use disorders and dependence, w severe CC"
"20","2052","20524","2.0641","16.21","40","1","Alcohol use disorders and dependence, w catas CC"
"20","2053","20530","0.597","6.22","31","1","Opioid use disorders and dependence, no CC"
"20","2053","20534","0.6801","6.41","32","1","Opioid use disorders and dependence, w mild to cat CC"
"20","2054","20549","1.3851","19.57","60","1","Psychostimulant use disorders and dependence, w or wo CC"
"20","2055","20550","1.07","14.66","42","1","Other drug use disorders and intoxication, no CC"
"20","2055","20554","2.0562","17.73","44","1","Other drug use disorders and intoxication, w mild to cat CC"
"21","2101","21010","0.8303","2.71","10","1","Wound debridements for injuries, no CC"
"21","2101","21012","1.3368","4.16","14","1","Wound debridements for injuries, w mild to mod CC"
"21","2101","21013","1.9388","7.79","24","1","Wound debridements for injuries, w severe CC"
"21","2101","21014","3.7731","11.39","33","1","Wound debridements for injuries, w catas CC"
"21","2102","21020","1.7595","7.61","32","1","Skin grafts for injuries, no CC"
"21","2102","21022","2.2995","10.1","36","1","Skin grafts for injuries, w mild to mod CC"
"21","2102","21023","4.8858","17.8","54","1","Skin grafts for injuries, w severe CC"
"21","2102","21024","7.3715","25.55","86","1","Skin grafts for injuries, w catas CC"
"21","2103","21030","1.4511","3.1","10","1","Hand procedures for injuries, no CC"
"21","2103","21034","3.3234","6.79","27","1","Hand procedures for injuries, w mild to cat CC"
"21","2104","21040","1.2908","3.36","11","1","Other OR procedures for injuries, no CC"
"21","2104","21042","2.2678","5.57","17","1","Other OR procedures for injuries, w mild to mod CC"
"21","2104","21043","3.6355","8.91","31","1","Other OR procedures for injuries, w severe CC"
"21","2104","21044","6.8063","14.05","61","1","Other OR procedures for injuries, w catas CC"
"21","2105","21059","28.349","53.96","150","1","Trach for injuries & poisonings w mech vent 96+ hr, w or wo CC"
"21","2106","21069","26.3253","53.52","177","1","Trach for injuries & poisonings, w or wo CC"
"21","2107","21070","2.5798","10.58","41","1","Multiple wound debridements for injuries, no CC"
"21","2107","21073","5.5851","16.75","55","1","Multiple wound debridements for injuries, w mild to sev CC"
"21","2107","21074","8.622299999999999","24.73","98","1","Multiple wound debridements for injuries, w catas CC"
"21","2150","21500","0.3276","1.8","6","1","Traumatic injury age >17, no CC"
"21","2150","21501","0.4094","1.97","7","1","Traumatic injury age >17, w mild CC"
"21","2150","21502","0.6051","2.85","10","1","Traumatic injury age >17, w mod CC"
"21","2150","21503","0.8092","3.17","13","1","Traumatic injury age >17, w severe CC"
"21","2150","21504","2.6997","7.4","30","1","Traumatic injury age >17, w catas CC"
"21","2151","21510","0.2997","1.68","5","1","Traumatic injury age 0-17, no CC"
"21","2151","21511","0.4181","2.01","6","1","Traumatic injury age 0-17, w mild CC"
"21","2151","21512","0.5911999999999999","3.02","11","1","Traumatic injury age 0-17, w mod CC"
"21","2151","21514","1.021","3.28","15","1","Traumatic injury age 0-17, w sev to cat CC"
"21","2152","21520","0.181","1.29","3","1","Allergic reactions age >17, no CC"
"21","2152","21522","0.2903","1.61","4","1","Allergic reactions age >17, w mild to mod CC"
"21","2152","21523","0.4469","2.19","7","1","Allergic reactions age >17, w severe CC"
"21","2152","21524","1.6016","4.03","13","1","Allergic reactions age >17, w catas CC"
"21","2153","21530","0.1662","1.36","3","1","Allergic reactions age 0-17, no CC"
"21","2153","21532","0.2676","1.82","5","1","Allergic reactions age 0-17, w mild to mod CC"
"21","2153","21534","0.5349","3.22","16","1","Allergic reactions age 0-17, w sev to cat CC"
"21","2154","21540","0.2758","1.62","4","1","Poisoning & toxic effects of drugs age >17, no CC"
"21","2154","21541","0.4148","2.36","7","1","Poisoning & toxic effects of drugs age >17, w mild CC"
"21","2154","21542","0.5044999999999999","2.58","8","1","Poisoning & toxic effects of drugs age >17, w mod CC"
"21","2154","21543","0.8154","3.25","11","1","Poisoning & toxic effects of drugs age >17, w severe CC"
"21","2154","21544","1.8702","5.15","18","1","Poisoning & toxic effects of drugs age >17, w catas CC"
"21","2155","21550","0.2052","1.45","3","1","Poisoning & toxic effects of drugs age 0-17, no CC"
"21","2155","21551","0.3498","2","5","1","Poisoning & toxic effects of drugs age 0-17, w mild CC"
"21","2155","21552","0.4326","2.24","6","1","Poisoning & toxic effects of drugs age 0-17, w mod CC"
"21","2155","21553","0.8285","3.13","10","1","Poisoning & toxic effects of drugs age 0-17, w severe CC"
"21","2155","21554","2.229","9.56","44","1","Poisoning & toxic effects of drugs age 0-17, w catas CC"
"21","2156","21560","0.6491","3.37","13","1","Complications of treatment, no CC"
"21","2156","21561","1.2101","4.54","21","1","Complications of treatment, w mild CC"
"21","2156","21562","1.4795","4.79","23","1","Complications of treatment, w mod CC"
"21","2156","21563","2.5708","7.66","27","1","Complications of treatment, w severe CC"
"21","2156","21564","3.7028","14.35","48","1","Complications of treatment, w catas CC"
"21","2157","21570","0.2683","1.45","4","1","Other injury, poisoning & toxic effect diag, no CC"
"21","2157","21572","0.5084","2.08","8","1","Other injury, poisoning & toxic effect diag, w mild to mod CC"
"21","2157","21573","1.2349","3.38","12","1","Other injury, poisoning & toxic effect diag, w severe CC"
"21","2157","21574","4.0324","6.68","26","1","Other injury, poisoning & toxic effect diag, w catas CC"
"22","2201","22010","12.0702","41.81","111","1","Extensive 3rd degree burns w skin graft, no CC"
"22","2201","22014","18.7398","64.2","147","1","Extensive 3rd degree burns w skin graft, w mild to cat CC"
"22","2202","22020","6.3684","25.21","56","1","Full thickness burns w skin graft or inh inj, no CC"
"22","2202","22022","10.347","38.21","74","1","Full thickness burns w skin graft or inh inj, w mild to mod CC"
"22","2202","22023","12.61","43.14","100","1","Full thickness burns w skin graft or inh inj, w severe CC"
"22","2202","22024","17.199","48.33","132","1","Full thickness burns w skin graft or inh inj, w catas CC"
"22","2203","22039","28.349","53.96","150","1","Trach for burns w mech vent 96+ hr, w or wo CC"
"22","2204","22049","26.3253","53.52","177","1","Tracheostomy for burns, w or wo CC"
"22","2250","22500","2.3763","9.470000000000001","34","1","Extensive 3rd degree burns w/o skin graft, no CC"
"22","2250","22501","5.2423","14.7","51","1","Extensive 3rd degree burns w/o skin graft, w mild CC"
"22","2250","22502","8.2174","22.02","71","1","Extensive 3rd degree burns w/o skin graft, w mod CC"
"22","2250","22503","10.0117","23.35","75","1","Extensive 3rd degree burns w/o skin graft, w severe CC"
"22","2250","22504","13.0045","24.98","85","1","Extensive 3rd degree burns w/o skin graft, w catas CC"
"22","2251","22510","1.3641","6.33","25","1","Full thickness burns w/o skin graft/inh inj, no CC"
"22","2251","22511","2.4044","9.41","29","1","Full thickness burns w/o skin graft/inh inj, w mild CC"
"22","2251","22512","2.637","12.06","38","1","Full thickness burns w/o skin graft/inh inj, w mod CC"
"22","2251","22514","7.9357","17.99","76","1","Full thickness burns w/o skin graft/inh inj, w sev to cat CC"
"22","2252","22520","0.7752","3.97","16","1","Non-extensive burns, no CC"
"22","2252","22521","1.7076","6.39","31","1","Non-extensive burns, w mild CC"
"22","2252","22522","2.345","8.01","38","1","Non-extensive burns, w mod CC"
"22","2252","22523","3.362","10.6","48","1","Non-extensive burns, w severe CC"
"22","2252","22524","6.8596","22.62","87","1","Non-extensive burns, w catas CC"
"23","2303","23039","1.2515","1.67","5","1","Aftercare w endoscopy, w or wo CC"
"23","2304","23040","0.4822","1.39","3","1","OR proc level 1 w diag of other contact w health serv, no CC"
"23","2304","23044","0.6609","2.2","4","1","OR proc level 1 w diag of other contact w health serv, w mild to cat CC"
"23","2305","23059","0.9282","3.11","10","1","OR proc level 2 w diag of other contact w health serv, w or wo CC"
"23","2306","23060","0.9387","4.24","9","1","OR proc level 3 w diag of other contact w health serv, no CC"
"23","2306","23064","1.0736","5.8","13","1","OR proc level 3 w diag of other contact w health serv, w mild to cat CC"
"23","2307","23070","1.7","5.12","16","1","OR proc level 4 w diag of other contact w health serv, no CC"
"23","2307","23072","2.4961","6.81","30","1","OR proc level 4 w diag of other contact w health serv, w mild to mod CC"
"23","2307","23074","3.8408","15.22","68","1","OR proc level 4 w diag of other contact w health serv, w sev to cat CC"
"23","2308","23089","5.1864","10.31","39","1","OR proc level 5 to 6 w diag of oth contact w health serv, w or wo CC"
"23","2311","23119","28.349","53.96","150","1","Trach for oth contact w hlth serv w mech vent 96+ hr, w or wo CC"
"23","2312","23129","26.3253","53.52","177","1","Trach for oth contact w health serv, w or wo CC"
"23","2350","23500","0.7781","7.81","26","1","Rehabilitation, no CC"
"23","2350","23504","1.3367","10.83","31","1","Rehabilitation, w mild to cat CC"
"23","2351","23510","0.2926","2.07","6","1","Signs, symptoms and other abnormal findings, no CC"
"23","2351","23511","0.3775","2.44","7","1","Signs, symptoms and other abnormal findings, w mild CC"
"23","2351","23512","0.3972","2.52","8","1","Signs, symptoms and other abnormal findings, w mod CC"
"23","2351","23513","0.519","3.02","9","1","Signs, symptoms and other abnormal findings, w severe CC"
"23","2351","23514","0.8702","4.02","16","1","Signs, symptoms and other abnormal findings, w catas CC"
"23","2352","23520","0.4906","2.87","10","1","Aftercare, no CC"
"23","2352","23522","0.607","3.46","12","1","Aftercare, w mild to mod CC"
"23","2352","23524","1.2051","6.77","21","0.45","Aftercare, w sev to cat CC"
"23","2353","23530","0.5997","4.11","15","1","Oth factors influencing health status, in the elderly, no CC"
"23","2353","23532","0.9425","5.37","21","1","Oth factors influencing health status, in the elderly, w mild to mod CC"
"23","2353","23533","1.3667","7.16","28","1","Oth factors influencing health status, in the elderly, w severe CC"
"23","2353","23534","3.9031","14.3","62","1","Oth factors influencing health status, in the elderly, w catas CC"
"23","2354","23540","0.4668","3.44","13","1","Oth factors influencing health status, not in the elderly, no CC"
"23","2354","23542","0.6776","4.36","18","1","Oth factors influencing health status, not in the elderly, w mild to mod CC"
"23","2354","23543","1.3354","7.07","30","1","Oth factors influencing health status, not in the elderly, w severe CC"
"23","2354","23544","3.6292","13.39","54","1","Oth factors influencing health status, not in the elderly, w catas CC"
"23","2355","23559","4.8445","23.54","46","1","Rehabilitation for neuromuscular disorders, w or wo CC"
"24","2401","24010","6.4038","11.19","36","1","Intracranial w spinal/abd/skin/lower ext proc for MST, no CC"
"24","2401","24012","7.2252","12.22","39","1","Intracranial w spinal/abd/skin/lower ext proc for MST, w mild to mod CC"
"24","2401","24013","8.5877","14.38","45","1","Intracranial w spinal/abd/skin/lower ext proc for MST, w severe CC"
"24","2401","24014","10.2467","19.06","75","1","Intracranial w spinal/abd/skin/lower ext proc for MST, w catas CC"
"24","2405","24050","6.3069","17.35","30","1","Spinal w abd/skin/lower ext proc for MST, no CC"
"24","2405","24054","10.1264","28.5","80","1","Spinal w abd/skin/lower ext proc for MST, w mild to cat CC"
"24","2408","24080","2.7545","9.359999999999999","38","1","Skin w abdominal/lower ext proc for MST, no CC"
"24","2408","24082","4.3074","13.95","41","1","Skin w abdominal/lower ext proc for MST, w mild to mod CC"
"24","2408","24083","7.5886","20.21","57","1","Skin w abdominal/lower ext proc for MST, w severe CC"
"24","2408","24084","10.9078","29.43","84","1","Skin w abdominal/lower ext proc for MST, w catas CC"
"24","2410","24100","5.2496","11.86","24","1","Abdominal w lower extremity proc for MST, no CC"
"24","2410","24102","6.1362","15.04","36","1","Abdominal w lower extremity proc for MST, w mild to mod CC"
"24","2410","24103","7.5757","16.83","41","1","Abdominal w lower extremity proc for MST, w severe CC"
"24","2410","24104","10.9539","21.18","59","1","Abdominal w lower extremity proc for MST, w catas CC"
"24","2411","24110","5.5113","8.550000000000001","22","1","Intracranial procedures for MST, no CC"
"24","2411","24113","6.3064","9.380000000000001","24","1","Intracranial procedures for MST, w mild to sev CC"
"24","2411","24114","8.871700000000001","12.03","44","1","Intracranial procedures for MST, w catas CC"
"24","2412","24120","5.7754","15.01","48","1","Spinal procedures for MST, no CC"
"24","2412","24122","6.6159","21.21","53","1","Spinal procedures for MST, w mild to mod CC"
"24","2412","24124","10.0184","23.92","71","1","Spinal procedures for MST, w sev to cat CC"
"24","2413","24130","2.5487","3.93","15","1","Other OR procedures for MST, no CC"
"24","2413","24131","3.1175","7.77","17","1","Other OR procedures for MST, w mild CC"
"24","2413","24132","3.6494","8.699999999999999","26","1","Other OR procedures for MST, w mod CC"
"24","2413","24133","5.161","12.67","38","1","Other OR procedures for MST, w severe CC"
"24","2413","24134","7.7939","15.05","44","1","Other OR procedures for MST, w catas CC"
"24","2414","24149","7.8521","11.41","38","1","Not sign OR procedures for trauma in MST, w or wo CC"
"24","2415","24150","26.472","29.5","67","1","Trach for MST w mech vent 96+ hr, no CC"
"24","2415","24154","30.5458","49.15","130","1","Trach for MST w mech vent 96+ hr, w mild to catas CC"
"24","2416","24169","25.5516","43.6","130","1","Tracheostomy for MST, w or wo CC"
"24","2417","24170","4.056","13.51","50","1","Multiple wound debridement for MST, no CC"
"24","2417","24172","6.5666","20.93","69","1","Multiple wound debridement for MST, w mild to mod CC"
"24","2417","24173","8.0123","28.15","73","1","Multiple wound debridement for MST, w severe CC"
"24","2417","24174","12.9259","41.88","119","1","Multiple wound debridement for MST, w catas CC"
"24","2450","24500","2.3547","7.22","25","1","Multiple significant trauma, no CC"
"24","2450","24502","2.9492","8.050000000000001","30","1","Multiple significant trauma, w mild to mod CC"
"24","2450","24503","4.8412","10.67","34","1","Multiple significant trauma, w severe CC"
"24","2450","24504","7.6967","14.53","53","0.23","Multiple significant trauma, w catas CC"
"25","2501","25019","1.9608","3.48","9","1","OR proc level 1 for HIV infections, w or wo CC"
"25","2502","25029","2.0819","8.300000000000001","24","1","OR proc level 2 for HIV infections, w or wo CC"
"25","2503","25030","2.2771","5.68","16","1","OR proc level 3 for HIV infections, no CC"
"25","2503","25033","3.6479","7.78","22","1","OR proc level 3 for HIV infections, w mild to sev CC"
"25","2503","25034","4.9615","15","50","1","OR proc level 3 for HIV infections, w catas CC"
"25","2504","25040","1.7739","7.3","23","1","OR proc level 4 for HIV infections, no CC"
"25","2504","25043","2.8087","9.220000000000001","29","1","OR proc level 4 for HIV infections, w mild to sev CC"
"25","2504","25044","5.3317","14.7","61","1","OR proc level 4 for HIV infections, w catas CC"
"25","2505","25050","6.2422","9.58","24","1","OR proc level 5 for HIV infections, no CC"
"25","2505","25054","9.1213","20.88","67","1","OR proc level 5 for HIV infections, w mild to cat CC"
"25","2506","25069","15.2282","35","73","1","OR proc level 6 for HIV infections, w or wo CC"
"25","2508","25089","28.349","53.96","150","1","Trach for HIV infections w mech vent 96+ hr, w or wo CC"
"25","2509","25099","26.3253","53.52","177","1","Trach for HIV infections, w or wo CC"
"25","2550","25500","1.0426","5.03","13","1","HIV-related CNS diseases, no CC"
"25","2550","25502","1.5519","7.21","26","1","HIV-related CNS diseases, w mild to mod CC"
"25","2550","25503","2.1928","8.369999999999999","38","1","HIV-related CNS diseases, w severe CC"
"25","2550","25504","3.9928","11.8","44","1","HIV-related CNS diseases, w catas CC"
"25","2551","25510","1.0181","3.67","9","1","HIV-related malignancy, no CC"
"25","2551","25512","2.1783","4.2","13","1","HIV-related malignancy, w mild to mod CC"
"25","2551","25513","3.8403","6.86","20","1","HIV-related malignancy, w severe CC"
"25","2551","25514","5.9009","12.73","44","1","HIV-related malignancy, w catas CC"
"25","2552","25520","0.9779","5.26","16","1","HIV-related infection, not transferred, no CC"
"25","2552","25522","1.1155","5.62","18","1","HIV-related infection, not transferred, w mild to mod CC"
"25","2552","25523","1.5356","7.12","23","1","HIV-related infection, not transferred, w severe CC"
"25","2552","25524","2.3733","9.949999999999999","32","1","HIV-related infection, not transferred, w catas CC"
"25","2553","25530","0.569","3.42","11","1","Other HIV-related condition, no CC"
"25","2553","25532","0.6653","3.74","13","1","Other HIV-related condition, w mild to mod CC"
"25","2553","25533","0.9562","4.38","15","1","Other HIV-related condition, w severe CC"
"25","2553","25534","1.5214","5.56","23","1","Other HIV-related condition, w catas CC"
"25","2554","25540","0.8270999999999999","4.1","13","1","HIV-related infection, transferred, no CC"
"25","2554","25542","0.9472","4.81","16","1","HIV-related infection, transferred, w mild to mod CC"
"25","2554","25543","1.0907","4.89","18","1","HIV-related infection, transferred, w severe CC"
"25","2554","25544","1.5667","6.3","23","1","HIV-related infection, transferred, w catas CC"
"26","2601","26010","0.8694","3.29","10","1","OR proc level 1 unrelated to PDx, no CC"
"26","2601","26012","1.1698","4.26","19","1","OR proc level 1 unrelated to PDx, w mild to mod CC"
"26","2601","26013","2.632","10.37","29","1","OR proc level 1 unrelated to PDx, w severe CC"
"26","2601","26014","4.3995","12.5","34","1","OR proc level 1 unrelated to PDx, w catas CC"
"26","2602","26020","1.1338","4.02","14","1","OR proc level 2 unrelated to PDx, no CC"
"26","2602","26022","1.3863","6.97","26","1","OR proc level 2 unrelated to PDx, w mild to mod CC"
"26","2602","26023","2.2936","9.19","34","1","OR proc level 2 unrelated to PDx, w severe CC"
"26","2602","26024","2.7993","15.47","48","1","OR proc level 2 unrelated to PDx, w catas CC"
"26","2603","26030","1.1463","4.69","14","1","OR proc level 3 unrelated to PDx, no CC"
"26","2603","26032","1.4321","7.06","22","1","OR proc level 3 unrelated to PDx, w mild to mod CC"
"26","2603","26033","2.3105","8.300000000000001","29","1","OR proc level 3 unrelated to PDx, w severe CC"
"26","2603","26034","3.2684","14.92","50","1","OR proc level 3 unrelated to PDx, w catas CC"
"26","2604","26040","2.1396","6.02","22","1","OR proc level 4 unrelated to PDx, no CC"
"26","2604","26042","2.5856","7.37","28","1","OR proc level 4 unrelated to PDx, w mild to mod CC"
"26","2604","26043","3.969","11.18","35","1","OR proc level 4 unrelated to PDx, w severe CC"
"26","2604","26044","6.7801","20.02","65","1","OR proc level 4 unrelated to PDx, w catas CC"
"26","2605","26050","3.605","8.42","25","1","OR proc level 5 unrelated to PDx, no CC"
"26","2605","26053","5.7725","14.35","48","1","OR proc level 5 unrelated to PDx, w mild to sev CC"
"26","2605","26054","8.7334","22.51","81","1","OR proc level 5 unrelated to PDx, w catas CC"
"26","2606","26060","4.2611","7.76","20","1","OR proc level 6 unrelated to PDx, no CC"
"26","2606","26063","7.3822","11.95","38","1","OR proc level 6 unrelated to PDx, w mild to sev CC"
"26","2606","26064","10.3856","24.36","83","1","OR proc level 6 unrelated to PDx, w catas CC"
"26","2650","26509","0","10","20","1","Ungroupable"
"26","2651","26519","0","10","20","1","Unacceptable principal diagnosis"
"14","2652","26529","0","10","20","1","Unacceptable obstetric diagnosis combination"
"26","2653","26539",,"10","20","1","Ungroupable, invalid age"
"26","2654","26549",,"0","0","1","Ungroupable, LOS less than 2 hours"
"28","2801","28019","0.7314000000000001","0","0","1","LOS 6 hours or less, child, died, w mechanical vetilation, w or wo CC"
"28","2802","28029","0.8787","0","0","1","LOS 6 hours or less, age 12 - 65 years, died, w mechanical vetilat, w or wo CC"
"28","2803","28039","0.6787","0","0","1","LOS 6 hours or less, age >65 years, died, w mechanical vetilation, w or wo CC"
"28","2804","28049","1.7737","0","0","1","LOS 6 hours or less, KUB ESWL, w or wo CC"
"28","2805","28059","1.7592","0","0","1","LOS 6 hours or less w cardiac cath & CAG, w or wo CC"
"28","2806","28069","1.3222","0","0","1","LOS 6 hours or less w cataract proc, w or wo CC"
"28","2807","28079","0.8159","0","0","1","LOS 6 hours or less w radio-implant, w or wo CC"
"28","2808","28089","0.8015","0","0","1","LOS 6 hours or less w dialysis AV shunt, w or wo CC"
"28","2809","28099","0.5989","0","0","1","LOS 6 hours or less w closed red int fix, w or wo CC"
"28","2810","28109","0.6413","0","0","1","LOS 6 hours or less w hernia repair, w or wo CC"
"28","2811","28119","0.6118","0","0","1","LOS 6 hours or less w hydrocelectomy, w or wo CC"
"28","2812","28129","0.4872","0","0","1","LOS 6 hours or less w cystoscopy, w or wo CC"
"28","2813","28139","0.4165","0","0","1","LOS 6 hours or less w mouth & tongue proc, w or wo CC"
"28","2814","28149","0.4478","0","0","1","LOS 6 hours or less w tendon proc, w or wo CC"
"28","2815","28159","0.4873","0","0","1","LOS 6 hours or less w esophageal proc, w or wo CC"
"28","2816","28169","0.3435","0","0","1","LOS 6 hours or less w circum & oth penile proc, w or wo CC"
"28","2817","28179","0.3463","0","0","1","LOS 6 hours or less w plastc skin proc, w or wo CC"
"28","2818","28189","0.404","0","0","1","LOS 6 hours or less w remove implant, w or wo CC"
"28","2819","28199","0.3121","0","0","1","LOS 6 hours or less w dilation and curettage, w or wo CC"
"28","2820","28209","0.4081","0","0","1","LOS 6 hours or less w breast procedures, w or wo CC"
"28","2821","28219","0.417","0","0","1","LOS 6 hours or less w female sterilization, w or wo CC"
"28","2822","28229","0.4404","0","0","1","LOS 6 hours or less w colonoscopy, w or wo CC"
"28","2823","28239","0.4081","0","0","1","LOS 6 hours or less w amputation, w or wo CC"
"28","2824","28249","0.339","0","0","1","LOS 6 hours or less w ear, nose pharynx proc, w or wo CC"
"28","2825","28259","0.3138","0","0","1","LOS 6 hours or less w debride open fracture, w or wo CC"
"28","2826","28269","0.3109","0","0","1","LOS 6 hours or less w gastroscopy, w or wo CC"
"28","2827","28279","0.3621","0","0","1","LOS 6 hours or less w skin & nail proc, w or wo CC"
"28","2828","28289","0.2972","0","0","1","LOS 6 hours or less w cervical proc, w or wo CC"
"28","2829","28299","0.622","0","0","1","LOS 6 hours or less w hemodialysis, w or wo CC"
"28","2830","28309","0.3218","0","0","1","LOS 6 hours or less w other eye proc, w or wo CC"
"28","2831","28319","0.3018","0","0","1","LOS 6 hours or less w carpal tunnel release, w or wo CC"
"28","2832","28329","0.2799","0","0","1","LOS 6 hours or less w closed reduc disloc, w or wo CC"
"28","2833","28339","0.2152","0","0","1","LOS 6 hours or less w closed fx reduct, w or wo CC"
"28","2834","28349","0.1518","0","0","1","LOS 6 hours or less w vulvar & vaginal proc, w or wo CC"
"28","2835","28359","0.1311","0","0","1","LOS 6 hours or less w bartholin gl proc, w or wo CC"
"28","2836","28369","0.2483","0","0","1","LOS 6 hours or less w urethral proc, w or wo CC"
"28","2837","28379","0.49","0","0","1","LOS 6 hours or less w other OR proc, w or wo CC"
"28","2850","28509","0.0854","0","0","1","LOS 6 hours or less, newborn care, w or wo CC"
"28","2851","28519","0.0897","0","0","1","LOS 6 hours or less, new born, discharge escape or against advice, w or wo CC"
"28","2852","28529","0.0906","0","0","1","LOS 6 hours or less, child, discharge escape or against advice, w or wo CC"
"28","2853","28539","0.192","0","0","1","LOS 6 hours or less, age 12 - 65 y, discharge escape or against advice, w or wo"
"28","2854","28549","0.3095","0","0","1","LOS 6 hours or less, age >65 y discharge escape or against advice, w or wo CC"
"28","2855","28559","0.2222","0","0","1","LOS 6 hours or less, newborn, transferred, w or wo CC"
"28","2856","28569","0.1993","0","0","1","LOS 6 hours or less, child, transferred, w or wo CC"
"28","2857","28579","0.4471","0","0","1","LOS 6 hours or less, age 12 - 65 y w CVA, transferred, w or wo CC"
"28","2858","28589","0.52","0","0","1","LOS 6 hours or less, age 12 - 65 y w acute MI, transferred, w or wo CC"
"28","2859","28599","0.234","0","0","1","LOS 6 hours or less, age 12 - 65 y, transferred, w or wo CC"
"28","2860","28609","0.2753","0","0","1","LOS 6 hours or less, age >65 y, transferred, w or wo CC"
"28","2861","28619","0.4624","0","0","1","LOS 6 hours or less, newborn, died, w or wo CC"
"28","2862","28629","0.5957","0","0","1","LOS 6 hours or less, child, died, w or wo CC"
"28","2863","28639","0.6395999999999999","0","0","1","LOS 6 hours or less, age 12 - 65 y, died, w or wo CC"
"28","2864","28649","0.5763","0","0","1","LOS 6 hours or less, age >65 y w CVA, died, w or wo CC"
"28","2865","28659","0.7951","0","0","1","LOS 6 hours or less, age >65 y w acute MI, died, w or wo CC"
"28","2866","28669","0.6958","0","0","1","LOS 6 hours or less, age >65 y w GI hemorrhage, died, w or wo CC"
"28","2867","28679","0.4748","0","0","1","LOS 6 hours or less, age >65 y, died, w or wo CC"
"28","2868","28689","0.5875","0","0","1","LOS 6 hours or less, age >27 d with cancer chemotherapy, w or wo CC"
"28","2869","28699","0.1462","0","0","1","LOS 6 hours or less, care for patient age > 27 days, w or wo CC"
