"VALIDCODE","DESC","CODE"
"FALSE","THERAPEUTIC ULTRASOUND","000"
"TRUE","Ther ult head & neck ves","0001"
"TRUE","Ther ultrasound of heart","0002"
"TRUE","Ther ult peripheral ves","0003"
"TRUE","Other therapeutic ultsnd","0009"
"FALSE","PHARMACEUTICALS","001"
"TRUE","Implant chemothera agent","0010"
"TRUE","Infus drotrecogin alfa","0011"
"TRUE","Adm inhal nitric oxide","0012"
"TRUE","Inject/infus nesiritide","0013"
"TRUE","Injection oxazolidinone","0014"
"TRUE","High-dose infusion il-2","0015"
"TRUE","Pressurized treat graft","0016"
"TRUE","Infusion of vasopressor","0017"
"TRUE","INFUS IMMUNOSUP ANTIBODY","0018"
"TRUE","BBBD via infusion","0019"
"FALSE","INTRAVAS IMAG BL VESSELS","002"
"TRUE","Ivus extracran cereb ves","0021"
"TRUE","Ivus intrathoracic ves","0022"
"TRUE","Ivus peripheral vessels","0023"
"TRUE","Ivus coronary vessels","0024"
"TRUE","Ivus renal vessels","0025"
"TRUE","Intravascul imaging NEC","0028"
"TRUE","Intravascul imaging NOS","0029"
"FALSE","COMPUTER ASSIST SURGERY","003"
"TRUE","CAS w CT/CTA","0031"
"TRUE","CAS w MR/MRA","0032"
"TRUE","CAS w fluoroscopy","0033"
"TRUE","Imageless comp asst surg","0034"
"TRUE","CAS w multiple datasets","0035"
"TRUE","Other CAS","0039"
"FALSE","ADJUNCT VAS SYSTEM PROC","004"
"TRUE","PROCEDURE-ONE VESSEL","0040"
"TRUE","PROCEDURE-TWO VESSELS","0041"
"TRUE","PROCEDURE-THREE VESSELS","0042"
"TRUE","PROCEDURE-FOUR+ VESSELS","0043"
"TRUE","PROC-VESSEL BIFURCATION","0044"
"TRUE","INSERT 1 VASCULAR STENT","0045"
"TRUE","INSERT 2 VASCULAR STENTS","0046"
"TRUE","INSERT 3 VASCULAR STENTS","0047"
"TRUE","INSERT 4+ VASCULR STENTS","0048"
"TRUE","SuperSat O2 therapy","0049"
"FALSE","OTHER CARDIOVAS PROC","005"
"TRUE","Impl CRT pacemaker sys","0050"
"TRUE","Impl CRT defibrillat sys","0051"
"TRUE","Imp/rep lead lf ven sys","0052"
"TRUE","Imp/rep CRT pacemakr gen","0053"
"TRUE","Imp/rep CRT defib genat","0054"
"TRUE","Ins d-e stent oth periph","0055"
"TRUE","INS/REP IMPL SENSOR LEAD","0056"
"TRUE","IMP/REP SUBCUE CARD DEV","0057"
"TRUE","Ins intra-ansm pres mntr","0058"
"TRUE","Intravasc msmnt cor art","0059"
"FALSE","PROC ON BLOOD VESSELS","006"
"TRUE","Perc angio precereb vess","0061"
"TRUE","Perc angio intracran ves","0062"
"TRUE","Perc ins carotid stent","0063"
"TRUE","Perc ins precereb stent","0064"
"TRUE","Perc ins intracran stent","0065"
"TRUE","PTCA OR CORONARY ATHER","0066"
"TRUE","Intravas msmnt thorc art","0067"
"TRUE","Intravas msmt periph art","0068"
"TRUE","Intravs msmt ves NEC/NOS","0069"
"FALSE","OTHER HIP PROCEDURES","007"
"TRUE","REV HIP REPL-ACETAB/FEM","0070"
"TRUE","REV HIP REPL-ACETAB COMP","0071"
"TRUE","REV HIP REPL-FEM COMP","0072"
"TRUE","REV HIP REPL-LINER/HEAD","0073"
"TRUE","Hip surface, metal/poly","0074"
"TRUE","Hip surface, metal/metal","0075"
"TRUE","Hip surface, cermc/cermc","0076"
"TRUE","Hip surface, cermc/poly","0077"
"FALSE","OTHER KNEE AND HIP PROC","008"
"TRUE","REV KNEE REPLACEMT-TOTAL","0080"
"TRUE","REV KNEE REPL-TIBIA COMP","0081"
"TRUE","REV KNEE REPL-FEMUR COMP","0082"
"TRUE","REV KNEE REPLACE-PATELLA","0083"
"TRUE","REV KNEE REPL-TIBIA LIN","0084"
"TRUE","RESRF HIP,TOTAL-ACET/FEM","0085"
"TRUE","RESRF HIP,PART-FEM HEAD","0086"
"TRUE","RESRF HIP,PART-ACETABLUM","0087"
"FALSE","OTHER PROC & INTERVENT","009"
"TRUE","Trnsplnt live rel donor","0091"
"TRUE","Trnsplnt live nonrel don","0092"
"TRUE","Transplant cadaver donor","0093"
"TRUE","Intra-op neurophys montr","0094"
"FALSE","CRANIAL PUNCTURE","010"
"TRUE","Cisternal puncture","0101"
"TRUE","Ventriculopunct thru cath","0102"
"TRUE","Other cranial puncture","0109"
"FALSE","SKULL/BRAIN DX PROCEDURE","011"
"TRUE","Intracran pressure montr","0110"
"TRUE","Clos cereb meninges bx","0111"
"TRUE","Open cereb meninges bx","0112"
"TRUE","Closed brain biopsy","0113"
"TRUE","Open brain biopsy","0114"
"TRUE","Skull biopsy","0115"
"TRUE","Intracranial 02 monitor","0116"
"TRUE","Brain temp monitoring","0117"
"TRUE","Other brain dx procedure","0118"
"TRUE","Other skull dx procedure","0119"
"FALSE","CRANIOTOMY & CRANIECTOMY","012"
"TRUE","Cranial sinus I&D","0121"
"TRUE","Removal brain stim lead","0122"
"TRUE","Reopen craniotomy site","0123"
"TRUE","Other craniotomy","0124"
"TRUE","Other craniectomy","0125"
"TRUE","INS CATH CRANIAL CAV/TIS","0126"
"TRUE","REM CATH CRANIAL CAV/TIS","0127"
"TRUE","INTRACEREB CTH-BURR HOLE","0128"
"FALSE","INCISE BRAIN & MENINGES","013"
"TRUE","Incise cerebral meninges","0131"
"TRUE","Lobotomy & tractotomy","0132"
"TRUE","Other brain incision","0139"
"FALSE","THALAMUS/GLOBUS PALL OP","014"
"TRUE","Thalamus operations","0141"
"TRUE","Globus pallidus ops","0142"
"FALSE","EXCISE BRAIN & MENINGES","015"
"TRUE","Ex cereb meningeal les","0151"
"TRUE","Hemispherectomy","0152"
"TRUE","Brain lobectomy","0153"
"TRUE","Other brain excision","0159"
"TRUE","Excise skull lesion","016"
"FALSE","CRANIOPLASTY","020"
"TRUE","Linear craniectomy","0201"
"TRUE","Elevate skull fx fragmnt","0202"
"TRUE","Skull flap formation","0203"
"TRUE","Bone graft to skull","0204"
"TRUE","Skull plate insertion","0205"
"TRUE","Cranial osteoplasty NEC","0206"
"TRUE","Skull plate removal","0207"
"FALSE","CEREBRAL MENINGES REPAIR","021"
"TRUE","Simple suture of dura","0211"
"TRUE","Brain meninge repair NEC","0212"
"TRUE","Meninge vessel ligation","0213"
"TRUE","Choroid plexectomy","0214"
"TRUE","Ventriculostomy","022"
"FALSE","EXTRACRAN VENTRICL SHUNT","023"
"TRUE","Ventricl shunt-head/neck","0231"
"TRUE","Ventri shunt-circula sys","0232"
"TRUE","Ventricl shunt-thorax","0233"
"TRUE","Ventricl shunt-abdomen","0234"
"TRUE","Ventri shunt-uninary sys","0235"
"TRUE","Other ventricular shunt","0239"
"FALSE","VENTRICLE SHUNT REVISION","024"
"TRUE","Irrigate/expl vent shunt","0241"
"TRUE","Replace ventricle shunt","0242"
"TRUE","Remove ventricle shunt","0243"
"FALSE","SKULL & BRAIN OP NEC","029"
"TRUE","Lysis cortical adhesion","0291"
"TRUE","Brain repair","0292"
"TRUE","Imp/repl brain stim lead","0293"
"TRUE","Insert/replac skull tong","0294"
"TRUE","Remove skull tongs","0295"
"TRUE","Insert sphenoid electrod","0296"
"TRUE","Skull & brain op NEC","0299"
"FALSE","SPINAL CANAL EXPLORATION","030"
"TRUE","Removal FB spinal canal","0301"
"TRUE","Reopen laminectomy site","0302"
"TRUE","Spinal canal explor NEC","0309"
"TRUE","Intraspin nerve root div","031"
"FALSE","CHORDOTOMY","032"
"TRUE","Percutaneous chordotomy","0321"
"TRUE","Other chordotomy","0329"
"FALSE","SPINAL CANAL DX PROC","033"
"TRUE","Spinal tap","0331"
"TRUE","Spinal cord/meninges bx","0332"
"TRUE","Other spinal dx proc","0339"
"TRUE","Excis spinal cord lesion","034"
"FALSE","SPINAL CORD PLASTIC OP","035"
"TRUE","Spine meningocele repair","0351"
"TRUE","Myelomeningocel repair","0352"
"TRUE","Vertebral fx repair","0353"
"TRUE","Spinal struct repair NEC","0359"
"TRUE","Spinal cord adhesiolysis","036"
"FALSE","SPINAL THECAL SHUNT","037"
"TRUE","Subarach-periton shunt","0371"
"TRUE","Subarach-ureteral shunt","0372"
"TRUE","Oth spinal thecal shunt","0379"
"TRUE","Destr inject-spine canal","038"
"FALSE","SPIN CANAL STRUCT OP NEC","039"
"TRUE","Insert spinal canal cath","0390"
"TRUE","Anesth inject-spin canal","0391"
"TRUE","Spinal canal inject NEC","0392"
"TRUE","Imp/repl spine stim lead","0393"
"TRUE","Removal spine stim lead","0394"
"TRUE","Spinal blood patch","0395"
"TRUE","Percutan facet denervat","0396"
"TRUE","Revise spine theca shunt","0397"
"TRUE","Remove spine theca shunt","0398"
"TRUE","Spine canal struc op NEC","0399"
"FALSE","PER NERV INCIS/DIV/EXCIS","040"
"TRUE","Excision acoustc neuroma","0401"
"TRUE","Trigeminal nerv division","0402"
"TRUE","Periph nerve div NEC","0403"
"TRUE","Periph nerve incis NEC","0404"
"TRUE","Gasserian ganglionectomy","0405"
"TRUE","Periph ganglionect NEC","0406"
"TRUE","Periph nerv excision NEC","0407"
"FALSE","PERIPH NERVE DX PROC","041"
"TRUE","Clos periph nerve biopsy","0411"
"TRUE","Open periph nerve biopsy","0412"
"TRUE","Periph nerve dx proc NEC","0419"
"TRUE","Periph nerve destruction","042"
"TRUE","Peripheral nerve suture","043"
"FALSE","PERIPH NERV ADHESIOLYSIS","044"
"TRUE","Decompress trigem root","0441"
"TRUE","Cranial nerv decom NEC","0442"
"TRUE","Carpal tunnel release","0443"
"TRUE","Tarsal tunnel release","0444"
"TRUE","Per nerve adhesiolys NEC","0449"
"TRUE","Peripheral nerve graft","045"
"TRUE","Periph nerve transposit","046"
"FALSE","OTHER PERIPH NEUROPLASTY","047"
"TRUE","Hypogloss-facial anastom","0471"
"TRUE","Accessory-facial anastom","0472"
"TRUE","Access-hypogloss anastom","0473"
"TRUE","Periph nerv anastom NEC","0474"
"TRUE","Postop revis per nerv op","0475"
"TRUE","Late repair per nerv inj","0476"
"TRUE","Other neuroplasty","0479"
"FALSE","PERIPHERAL NERVE INJECT","048"
"TRUE","Periph nerve inject NOS","0480"
"TRUE","Anesth injec periph nerv","0481"
"TRUE","Periph nerve inject NEC","0489"
"FALSE","OTH PERIPHERAL NERVE OP","049"
"TRUE","Neurectasis","0491"
"TRUE","Imp/repl peri stim lead","0492"
"TRUE","Removal peri stim lead","0493"
"TRUE","Peripheral nerve ops NEC","0499"
"TRUE","Sympath nerve division","050"
"FALSE","SYMPATH NERVE DX PROC","051"
"TRUE","Sympathetic nerve biopsy","0511"
"TRUE","Sympath nrv dx proc NEC","0519"
"FALSE","SYMPATHECTOMY","052"
"TRUE","Sphenopalatin ganglionec","0521"
"TRUE","Cervical sympathectomy","0522"
"TRUE","Lumbar sympathectomy","0523"
"TRUE","Presacral sympathectomy","0524"
"TRUE","Periart sympathectomy","0525"
"TRUE","Other sympathectomy","0529"
"FALSE","SYMPATH NERVE INJECTION","053"
"TRUE","Anesth inject symp nerve","0531"
"TRUE","Neurolyt injec-symp nrv","0532"
"TRUE","Sympath nerve inject NEC","0539"
"FALSE","OTH SYMPATHETIC NERVE OP","058"
"TRUE","Sympathetic nerve repair","0581"
"TRUE","Sympathetic nerve op NEC","0589"
"TRUE","Other nervous system ops","059"
"FALSE","THYROID FIELD INCISION","060"
"TRUE","Thyroid field aspiration","0601"
"TRUE","Reopen thyroid field wnd","0602"
"TRUE","Incis thyroid field NEC","0609"
"FALSE","THYROID/PARATHY DX PROC","061"
"TRUE","Closed thyroid gland bx","0611"
"TRUE","Open thyroid gland bx","0612"
"TRUE","Parathyroid biopsy","0613"
"TRUE","Thyr/parathy dx proc NEC","0619"
"TRUE","Unilat thyroid lobectomy","062"
"FALSE","OTHER PART THYROIDECTOMY","063"
"TRUE","Excision thyroid lesion","0631"
"TRUE","Part thyroidectomy NEC","0639"
"TRUE","Complete thyroidectomy","064"
"FALSE","SUBSTERNAL THYROIDECTOMY","065"
"TRUE","Substern thyroidect NOS","0650"
"TRUE","Part substern thyroidect","0651"
"TRUE","Tot substern thyroidect","0652"
"TRUE","Lingual thyroid excision","066"
"TRUE","Thyrogloss duct excision","067"
"FALSE","PARATHYROIDECTOMY","068"
"TRUE","Total parathyroidectomy","0681"
"TRUE","Other parathyroidectomy","0689"
"FALSE","THYROID/PARATHY OP NEC","069"
"TRUE","Thyroid isthmus division","0691"
"TRUE","Thyroid vessel ligation","0692"
"TRUE","Thyroid suture","0693"
"TRUE","Thyroid reimplantation","0694"
"TRUE","Parathyroid reimplant","0695"
"TRUE","Other thyroid operations","0698"
"TRUE","Other parathyroid ops","0699"
"FALSE","ADRENAL FIELD EXPLOR","070"
"TRUE","Adrenal exploration NOS","0700"
"TRUE","Unilat adrenal explorat","0701"
"TRUE","Bilat adrenal explorat","0702"
"FALSE","OTHER ENDOCRINE DX PROCS","071"
"TRUE","Closed adrenal gland bx","0711"
"TRUE","Open adrenal gland bx","0712"
"TRUE","Transfront pituitary bx","0713"
"TRUE","Transphen pituitary bx","0714"
"TRUE","Pituitary biopsy NOS","0715"
"TRUE","Thymus biopsy","0716"
"TRUE","Pineal biopsy","0717"
"TRUE","Endocrine dx proc NEC","0719"
"FALSE","PARTIAL ADRENALECTOMY","072"
"TRUE","Adrenal lesion excision","0721"
"TRUE","Unilateral adrenalectomy","0722"
"TRUE","Part adrenalectomy NEC","0729"
"TRUE","Bilateral adrenalectomy","073"
"FALSE","OTHER ADRENAL OPERATIONS","074"
"TRUE","Adrenal incision","0741"
"TRUE","Adrenal nerve division","0742"
"TRUE","Adrenal vessel ligation","0743"
"TRUE","Adrenal repair","0744"
"TRUE","Adrenal reimplantation","0745"
"TRUE","Adrenal operation NEC","0749"
"FALSE","PINEAL GLAND OPERATIONS","075"
"TRUE","Pineal field exploration","0751"
"TRUE","Pineal gland incision","0752"
"TRUE","Partial pinealectomy","0753"
"TRUE","Total pinealectomy","0754"
"TRUE","Pineal operation NEC","0759"
"FALSE","HYPOPHYSECTOMY","076"
"TRUE","Exc pituit les-transfron","0761"
"TRUE","Exc pituit les-transphen","0762"
"TRUE","Part excis pituitary NOS","0763"
"TRUE","Tot exc pituit-transfron","0764"
"TRUE","Tot exc pituit-transphen","0765"
"TRUE","Total exc pituitary NEC","0768"
"TRUE","Total exc pituitary NOS","0769"
"FALSE","OTHER HYPOPHYSIS OPS","077"
"TRUE","Pituitary fossa explorat","0771"
"TRUE","Pituitary gland incision","0772"
"TRUE","Pituitary operation NEC","0779"
"FALSE","THYMECTOMY","078"
"TRUE","Thymectomy NOS","0780"
"TRUE","Oth part excision thymus","0781"
"TRUE","Oth totl excision thymus","0782"
"TRUE","Thorac part excisn thymus","0783"
"TRUE","Thorac total exc thymus","0784"
"FALSE","OTHER THYMUS OPERATIONS","079"
"TRUE","Thymus field exploration","0791"
"TRUE","Other incision of thymus","0792"
"TRUE","Repair of thymus","0793"
"TRUE","Thymus transplantation","0794"
"TRUE","Thorac incision thymus","0795"
"TRUE","Oth thorac op thymus NOS","0798"
"TRUE","Other thymus ops NOS","0799"
"FALSE","EYELID INCISION","080"
"TRUE","Incision of lid margin","0801"
"TRUE","Blepharorrhaphy severing","0802"
"TRUE","Other eyelid incision","0809"
"FALSE","DIAGNOSTIC PROC-EYELID","081"
"TRUE","Eyelid biopsy","0811"
"TRUE","Eyelid dx procedure NEC","0819"
"FALSE","EXCIS/DESTRUC LID LESION","082"
"TRUE","Remove eyelid lesion NOS","0820"
"TRUE","Chalazion excision","0821"
"TRUE","Excise minor les lid NEC","0822"
"TRUE","Exc maj les lid prt-thic","0823"
"TRUE","Exc maj les lid ful-thic","0824"
"TRUE","Destruction lid lesion","0825"
"FALSE","PTOSIS/LID RETRACT REP","083"
"TRUE","Ptosis rep-front mus sut","0831"
"TRUE","Ptosis rep-fron mus slng","0832"
"TRUE","Ptosis rep-levat mus adv","0833"
"TRUE","Ptosis rep-levat mus NEC","0834"
"TRUE","Ptos rep-tarsal techniq","0835"
"TRUE","Blepharoptos repair NEC","0836"
"TRUE","Reduc overcorrect ptosis","0837"
"TRUE","Correct lid retraction","0838"
"FALSE","ENTROPION/ECTROPION REP","084"
"TRUE","Thermocaut/entropion rep","0841"
"TRUE","Suture entropion repair","0842"
"TRUE","Wedg resec entropion rep","0843"
"TRUE","Lid recons entropion rep","0844"
"TRUE","Entropion/ectrop rep NEC","0849"
"FALSE","OTH ADJUST LID POSITION","085"
"TRUE","Canthotomy","0851"
"TRUE","Blepharorrhaphy","0852"
"TRUE","Adjust lid position NEC","0859"
"FALSE","LID RECONSTRUCT W GRAFT","086"
"TRUE","Lid reconst w skin graft","0861"
"TRUE","Lid reconst w muc graft","0862"
"TRUE","Lid reconst w hair graft","0863"
"TRUE","Lid recon-tarsoconj flap","0864"
"TRUE","Lid reconstr w graft NEC","0869"
"FALSE","OTHER EYELID RECONSTRUCT","087"
"TRUE","Lid reconstruction NOS","0870"
"TRUE","Lid marg recon-part thic","0871"
"TRUE","Lid recons-part thic NEC","0872"
"TRUE","Lid marg recons ful thic","0873"
"TRUE","Lid reconst-ful thic NEC","0874"
"FALSE","OTHER REPAIR OF EYELID","088"
"TRUE","Lin rep lacer eyelid/brow","0881"
"TRUE","Rep lac inv lid mar par-th","0882"
"TRUE","Oth rep lid lacer, par-th","0883"
"TRUE","Rep lac inv lid mar ful-th","0884"
"TRUE","Oth rep lid lacer, ful-th","0885"
"TRUE","Lower eyelid rhytidectomy","0886"
"TRUE","Upper eyelid rhytidectomy","0887"
"TRUE","Other eyelid repair","0889"
"FALSE","OTHER EYELID OPERATIONS","089"
"TRUE","Electrosurg lid epilat","0891"
"TRUE","Cryosurg lid epilation","0892"
"TRUE","Eyelid epilation NEC","0893"
"TRUE","Eyelid operation NEC","0899"
"TRUE","Lacrimal gland incision","090"
"FALSE","LACRIMAL SYS DX PROC","091"
"TRUE","Lacrimal gland biopsy","0911"
"TRUE","Lacrimal sac biopsy","0912"
"TRUE","Lacrimal sys dx proc NEC","0919"
"FALSE","LACRIMAL GLAND EXCISION","092"
"TRUE","Exc lacrimal gland NOS","0920"
"TRUE","Excis les lacrimal gland","0921"
"TRUE","Part dacryoadenect NEC","0922"
"TRUE","Total dacryoadenectomy","0923"
"TRUE","Other lacrimal gland ops","093"
"FALSE","LAC PASSAGE MANIPULATION","094"
"TRUE","Lacrimal punctum probe","0941"
"TRUE","Lac canaliculi probe","0942"
"TRUE","Nasolacrimal duct probe","0943"
"TRUE","Nasolac duct intubat","0944"
"TRUE","Lac passage manip NEC","0949"
"FALSE","INCISE LAC SAC/PASSAGES","095"
"TRUE","Lac punctum incision","0951"
"TRUE","Lac canaliculi incision","0952"
"TRUE","Lacrimal sac incision","0953"
"TRUE","Lacrim passage incis NEC","0959"
"TRUE","Lacrim sac/passage excis","096"
"FALSE","CANALICULUS/PUNCTUM REP","097"
"TRUE","Correct everted punctum","0971"
"TRUE","Punctum repair NEC","0972"
"TRUE","Canaliculus repair","0973"
"FALSE","NASO-LACRIMAL FISTULIZAT","098"
"TRUE","Dacryocystorhinostomy","0981"
"TRUE","Conjunctivocystorhinost","0982"
"TRUE","Conjunctivorhinos w tube","0983"
"FALSE","OTH LACRIMAL SYST OPS","099"
"TRUE","Lac punctum obliteration","0991"
"TRUE","Lacrimal system op NEC","0999"
"TRUE","Incise/remov conjunct FB","100"
"TRUE","Conjunctiva incision NEC","101"
"FALSE","CONJUNCTIVA DX PROC","102"
"TRUE","Conjunctival biopsy","1021"
"TRUE","Conjunctiva dx proc NEC","1029"
"FALSE","DESTRUCT CONJUNCT LESION","103"
"TRUE","Excise conjunctiv lesion","1031"
"TRUE","Destruct conjunc les NEC","1032"
"TRUE","Oth conjunc destruc proc","1033"
"FALSE","CONJUNCTIVOPLASTY","104"
"TRUE","Symbleph rep w free grft","1041"
"TRUE","Graft conjunc cul-de-sac","1042"
"TRUE","Conjun cul-de-sac rx NEC","1043"
"TRUE","Conjunc free graft NEC","1044"
"TRUE","Conjunctivoplasty NEC","1049"
"TRUE","Conjunc/lid adhesiolysis","105"
"TRUE","Repair conjunct lacerat","106"
"FALSE","OTHER CONJUNCTIVAL OPS","109"
"TRUE","Subconjunctival inject","1091"
"TRUE","Conjunctival op NEC","1099"
"TRUE","Magnet removal cornea FB","110"
"TRUE","Corneal incision","111"
"FALSE","DX PROCEDURE ON CORNEA","112"
"TRUE","Corneal scrape for smear","1121"
"TRUE","Corneal biopsy","1122"
"TRUE","Corneal dx proc NEC","1129"
"FALSE","EXCISION OF PTERYGIUM","113"
"TRUE","Pterygium transposition","1131"
"TRUE","Pteryg exc w cornea grft","1132"
"TRUE","Pterygium excision NEC","1139"
"FALSE","DESTRUCT CORNEAL LESION","114"
"TRUE","Mech remov cornea epith","1141"
"TRUE","Thermocaut cornea lesion","1142"
"TRUE","Cryotherap cornea lesion","1143"
"TRUE","Destruct cornea les NEC","1149"
"FALSE","CORNEAL REPAIR","115"
"TRUE","Suture cornea laceration","1151"
"TRUE","Rep cornea postop dehisc","1152"
"TRUE","Rx cornea lac w conj flp","1153"
"TRUE","Corneal repair NEC","1159"
"FALSE","CORNEAL TRANSPLANT","116"
"TRUE","Corneal transplant NOS","1160"
"TRUE","Lam keratplast w autgrft","1161"
"TRUE","Lamellar keratoplast NEC","1162"
"TRUE","Perf keratopl w autogrft","1163"
"TRUE","Perforat keratoplast NEC","1164"
"TRUE","Corneal transplant NEC","1169"
"FALSE","OTH RECONST REFRAC SURG","117"
"TRUE","Keratomileusis","1171"
"TRUE","Keratophakia","1172"
"TRUE","Keratoprosthesis","1173"
"TRUE","Thermokeratoplasty","1174"
"TRUE","Radial keratotomy","1175"
"TRUE","Epikeratophakia","1176"
"TRUE","Cornea reconstruct NEC","1179"
"FALSE","OTHER CORNEAL OPERATIONS","119"
"TRUE","Corneal tattooing","1191"
"TRUE","Remove corneal implant","1192"
"TRUE","Corneal operation NEC","1199"
"FALSE","REMOV INTRAOC FB ANT SEG","120"
"TRUE","Remov ant segmnt FB NOS","1200"
"TRUE","Magnet remov ant seg FB","1201"
"TRUE","Nonmag remov ant seg FB","1202"
"FALSE","IRIDOTOMY/SIMPLE IRIDECT","121"
"TRUE","Iridotomy w transfixion","1211"
"TRUE","Iridotomy NEC","1212"
"TRUE","Prolapsed iris excision","1213"
"TRUE","Iridectomy NEC","1214"
"FALSE","ANTERIOR SEGMENT DX PROC","122"
"TRUE","Dx aspirat-ant chamber","1221"
"TRUE","Iris biopsy","1222"
"TRUE","Ant segment dx proc NEC","1229"
"FALSE","IRIDOPLASTY/COREOPLASTY","123"
"TRUE","Goniosynechiae lysis","1231"
"TRUE","Ant synechia lysis NEC","1232"
"TRUE","Post synechiae lysis","1233"
"TRUE","Corneovitreal adhesiolys","1234"
"TRUE","Coreoplasty","1235"
"TRUE","Iridoplasty NEC","1239"
"FALSE","DESTR IRIS/CIL BODY LES","124"
"TRUE","Remov ant segmnt les NOS","1240"
"TRUE","Nonexc destruc iris les","1241"
"TRUE","Excision of iris lesion","1242"
"TRUE","Nonexc destr cil bod les","1243"
"TRUE","Excise ciliary body les","1244"
"FALSE","INTRAOCUL CIRC FACILITAT","125"
"TRUE","Goniopuncture","1251"
"TRUE","Goniotomy","1252"
"TRUE","Goniotomy w goniopunctur","1253"
"TRUE","Trabeculotomy ab externo","1254"
"TRUE","Cyclodialysis","1255"
"TRUE","Facilit intraoc circ NEC","1259"
"FALSE","SCLERAL FISTULIZATION","126"
"TRUE","Trephin sclera w iridect","1261"
"TRUE","Thermcaut scler w iridec","1262"
"TRUE","Iridencleisis/iridotasis","1263"
"TRUE","Trabeculectomy ab externo","1264"
"TRUE","Scler fistuliz w iridect","1265"
"TRUE","Postop revis scl fistul","1266"
"TRUE","Scler fistulizing op NEC","1269"
"FALSE","HI INTR-OC PRESS RELIEF","127"
"TRUE","Cyclodiathermy","1271"
"TRUE","Cyclocryotherapy","1272"
"TRUE","Cyclophotocoagulation","1273"
"TRUE","Cil body diminution NOS","1274"
"TRUE","Glaucoma procedure NEC","1279"
"FALSE","OPERATIONS ON SCLERA","128"
"TRUE","Suture scleral lacer","1281"
"TRUE","Scleral fistula repair","1282"
"TRUE","Revis ant seg op wnd NEC","1283"
"TRUE","Destruct scleral lesion","1284"
"TRUE","Repair staphylom w graft","1285"
"TRUE","Rep scler staphyloma NEC","1286"
"TRUE","Graft reinforce sclera","1287"
"TRUE","Sclera reinforcement NEC","1288"
"TRUE","Scleral operation NEC","1289"
"FALSE","OTH ANTERIOR SEGMENT OPS","129"
"TRUE","Therapeut evac ant chamb","1291"
"TRUE","Anterior chamber inject","1292"
"TRUE","Remov epithel downgrowth","1293"
"TRUE","Iris operation NEC","1297"
"TRUE","Ciliary body op NEC","1298"
"TRUE","Anterior chamber op NEC","1299"
"FALSE","REMOVE FB FROM LENS","130"
"TRUE","Remove FB lens NOS","1300"
"TRUE","Magnet remove FB lens","1301"
"TRUE","Nonmagnet remove FB lens","1302"
"FALSE","INTRACAPSUL LENS EXTRAC","131"
"TRUE","Temp-inf intrcap lens ex","1311"
"TRUE","Intracapsul lens ext NEC","1319"
"TRUE","Linear extracap lens ext","132"
"TRUE","Simpl aspir lens extract","133"
"FALSE","FRAG-ASP XTRACAP LENS EX","134"
"TRUE","Catarac phacoemuls/aspir","1341"
"TRUE","Post catarac frag/aspir","1342"
"TRUE","Cataract frag/aspir NEC","1343"
"FALSE","EXTRACAPS LENS EXTR NEC","135"
"TRUE","Temp-inf xtracap lens ex","1351"
"TRUE","Extracap lens extrac NEC","1359"
"FALSE","OTH CATARACT EXTRACTION","136"
"TRUE","After-catar discission","1364"
"TRUE","After-cataract excision","1365"
"TRUE","After catar fragmntation","1366"
"TRUE","Cataract extraction NEC","1369"
"FALSE","INSERT PROSTHETIC LENS","137"
"TRUE","Insert pseudophakos NOS","1370"
"TRUE","Insert lens at catar ext","1371"
"TRUE","Secondary insert lens","1372"
"TRUE","Implanted lens removal","138"
"FALSE","Other operations on lens","139"
"TRUE","OPERATION ON LENS NEC","1390"
"TRUE","IMPL INTRAOC TELESC PROS","1391"
"FALSE","REMOVE POST SEGMENT FB","140"
"TRUE","Remov post segmnt FB NOS","1400"
"TRUE","Magnet remov post seg FB","1401"
"TRUE","Nonmag remov post seg FB","1402"
"FALSE","POSTERIOR SEG DIAGNOS OP","141"
"TRUE","Diagnost vitreous aspir","1411"
"TRUE","Dx proc post seg NEC","1419"
"FALSE","RETINA-CHOR LES DESTRUCT","142"
"TRUE","Chorioret les diathermy","1421"
"TRUE","Chorioretin les cryother","1422"
"TRUE","Chorioret les xenon coag","1423"
"TRUE","Chorioret les laser coag","1424"
"TRUE","Chorioret les p/coag NOS","1425"
"TRUE","Chorioret les radiother","1426"
"TRUE","Chorioret les rad implan","1427"
"TRUE","Chorioret les destr NEC","1429"
"FALSE","REPAIR OF RETINAL TEAR","143"
"TRUE","Retinal tear diathermy","1431"
"TRUE","Retinal tear cryotherapy","1432"
"TRUE","Retinal tear xenon coag","1433"
"TRUE","Retinal tear laser coag","1434"
"TRUE","Retina tear photocoa NOS","1435"
"TRUE","Retinal tear repair NEC","1439"
"FALSE","REP RETINA DETACH/BUCKLE","144"
"TRUE","Scleral buckle w implant","1441"
"TRUE","Scleral buckling NEC","1449"
"FALSE","OTH REPAIR RETINA DETACH","145"
"TRUE","Detach retina-diathermy","1451"
"TRUE","Detach retina-cryotherap","1452"
"TRUE","Detach retina xenon coag","1453"
"TRUE","Detach retina laser coag","1454"
"TRUE","Detach ret photocoag NOS","1455"
"TRUE","Repair retina detach NEC","1459"
"TRUE","Remov pros mat post seg","146"
"FALSE","OPERATIONS ON VITREOUS","147"
"TRUE","Anterior remov vitreous","1471"
"TRUE","Vitreous removal NEC","1472"
"TRUE","Anterior mechan vitrect","1473"
"TRUE","Mech vitrectomy NEC","1474"
"TRUE","Vitreous substitut injec","1475"
"TRUE","Vitreous operation NEC","1479"
"TRUE","Other post segment ops","149"
"FALSE","XTRAOC MUSC-TEND DX PROC","150"
"TRUE","Extraoc musc-tend biopsy","1501"
"TRUE","Extraoc musc dx proc NEC","1509"
"FALSE","1 XTRAOC MUS OP W DETACH","151"
"TRUE","One extraoc mus recess","1511"
"TRUE","1 extraoc muscl advance","1512"
"TRUE","1 extraoc muscl resect","1513"
"TRUE","Xtraoc mus op/detach NEC","1519"
"FALSE","OTH OPS ON 1 EXTROC MUSC","152"
"TRUE","Lengthen 1 extraoc musc","1521"
"TRUE","Shorten 1 extraoc musc","1522"
"TRUE","Op on 1 extraoc musc NEC","1529"
"TRUE","Temp detach >1 xtroc mus","153"
"TRUE","Oth op on >1 extraoc mus","154"
"TRUE","Extraocul mus transposit","155"
"TRUE","Revis extraoc musc surg","156"
"TRUE","Extraoc musc inj repair","157"
"TRUE","Oth extraoc mus-tend op","159"
"FALSE","ORBITOTOMY","160"
"TRUE","Orbitotomy w bone flap","1601"
"TRUE","Orbitotomy w implant","1602"
"TRUE","Orbitotomy NEC","1609"
"TRUE","Remove penetrat FB eye","161"
"FALSE","ORBIT & EYEBALL DX PROC","162"
"TRUE","Ophthalmoscopy","1621"
"TRUE","Diagnostic asp of orbit","1622"
"TRUE","Eyeball & orbit biopsy","1623"
"TRUE","Eyebal/orbit dx proc NEC","1629"
"FALSE","EVISCERATION OF EYEBALL","163"
"TRUE","Eye evisc w synch implan","1631"
"TRUE","Eyeball evisceration NEC","1639"
"FALSE","ENUCLEATION OF EYEBALL","164"
"TRUE","Eye enuc/implan/musc att","1641"
"TRUE","Eye enuc w implant NEC","1642"
"TRUE","Eyeball enucleation NEC","1649"
"FALSE","EXENTERATION OF ORBIT","165"
"TRUE","Radical orbitomaxillect","1651"
"TRUE","Orbit exent w bone remov","1652"
"TRUE","Orbital exenteration NEC","1659"
"FALSE","2NDRY OP POST EYE REMOVL","166"
"TRUE","2ndry ocular imp insert","1661"
"TRUE","Revis/reinsert ocul imp","1662"
"TRUE","Revis enuc socket w grft","1663"
"TRUE","Enuc socket revis NEC","1664"
"TRUE","2ndry exent cavity graft","1665"
"TRUE","Revis exenter cavity NEC","1666"
"TRUE","2nd op post eye rem NEC","1669"
"FALSE","OCUL-ORBIT IMPLANT REMOV","167"
"TRUE","Remove ocular implant","1671"
"TRUE","Remove orbital implant","1672"
"FALSE","EYEBALL/ORBIT INJ REPAIR","168"
"TRUE","Repair of orbital wound","1681"
"TRUE","Repair eyeball rupture","1682"
"TRUE","Eye/orbit inj repair NEC","1689"
"FALSE","OTHER EYE & ORBIT OPS","169"
"TRUE","Retrobulbar injection","1691"
"TRUE","Excision orbital lesion","1692"
"TRUE","Excision eye lesion NOS","1693"
"TRUE","Operation on orbit NEC","1698"
"TRUE","Operation on eyeball NEC","1699"
"TRUE","Lap dir ing hern-graft","1711"
"TRUE","Lap indir ing hern-graft","1712"
"TRUE","Lap ing hern-graft NOS","1713"
"TRUE","Lap bil dir ing hrn-grft","1721"
"TRUE","Lap bi indir ing hrn-grf","1722"
"TRUE","Lap bi dr/ind ing hrn-gr","1723"
"TRUE","Lap bil ing hern-grf NOS","1724"
"TRUE","Lap mul seg res lg intes","1731"
"TRUE","Laparoscopic cecectomy","1732"
"TRUE","Lap right hemicolectomy","1733"
"TRUE","Lap res transverse colon","1734"
"TRUE","Lap left hemicolectomy","1735"
"TRUE","Lap sigmoidectomy","1736"
"TRUE","Lap pt ex lrg intest NEC","1739"
"TRUE","Open robotic assist proc","1741"
"TRUE","Lap robotic assist proc","1742"
"TRUE","Perc robotic assist proc","1743"
"TRUE","Endo robotic assist proc","1744"
"TRUE","Thoraco robotic ast proc","1745"
"TRUE","Robotic ast proc NEC/NOS","1749"
"TRUE","Implant CCM,total system","1751"
"TRUE","Implant CCM pulse genrtr","1752"
"TRUE","LITT lesn brain,guidance","1761"
"TRUE","LITT les hd/nck,guidance","1762"
"TRUE","LITT lesn liver,guidance","1763"
"TRUE","LITT lesn, guide oth/NOS","1769"
"TRUE","IV infusion clofarabine","1770"
"FALSE","EXTERNAL EAR INCISION","180"
"TRUE","Piercing of ear lobe","1801"
"TRUE","Ext auditory canal incis","1802"
"TRUE","External ear incis NEC","1809"
"FALSE","EXT EAR DIAGNOSTIC PROC","181"
"TRUE","Otoscopy","1811"
"TRUE","External ear biopsy","1812"
"TRUE","Ext ear diagnos proc NEC","1819"
"FALSE","DESTRUCT EXT EAR LESION","182"
"TRUE","Preauricular sinus excis","1821"
"TRUE","Destruct ext ear les NEC","1829"
"FALSE","OTHER EXTERNAL EAR EXCIS","183"
"TRUE","Rad excis ext ear les","1831"
"TRUE","Excis external ear NEC","1839"
"TRUE","Suture ext ear lac","184"
"TRUE","Correction prominent ear","185"
"TRUE","Ext audit canal reconstr","186"
"FALSE","OTH PLASTIC REP EXT EAR","187"
"TRUE","Construction ear auricle","1871"
"TRUE","Reattach amputated ear","1872"
"TRUE","Plastic rep ext ear NEC","1879"
"TRUE","Other ext ear operations","189"
"TRUE","Stapes mobilization","190"
"FALSE","STAPEDECTOMY","191"
"TRUE","Stapedect w replac incus","1911"
"TRUE","Stapedectomy NEC","1919"
"FALSE","STAPEDECTOMY REVISION","192"
"TRUE","Rev stapdec w incus repl","1921"
"TRUE","Stapedectomy revis NEC","1929"
"TRUE","Ossicular chain op NEC","193"
"TRUE","Myringoplasty","194"
"FALSE","OTHER TYMPANOPLASTY","195"
"TRUE","Type 2 tympanoplasty","1952"
"TRUE","Type 3 tympanoplasty","1953"
"TRUE","Type 4 tympanoplasty","1954"
"TRUE","Type 5 tympanoplasty","1955"
"TRUE","Tympanoplasty revision","196"
"TRUE","Middle ear repair NEC","199"
"FALSE","MYRINGOTOMY","200"
"TRUE","Myringotomy w intubation","2001"
"TRUE","Myringotomy NEC","2009"
"TRUE","Tympanostomy tube remove","201"
"FALSE","MASTOID & MID EAR INCIS","202"
"TRUE","Mastoid incision","2021"
"TRUE","Petrus pyram air cel inc","2022"
"TRUE","Middle ear incision","2023"
"FALSE","MID & INNER EAR DX PROC","203"
"TRUE","Electrocochleography","2031"
"TRUE","Mid & inner ear biopsy","2032"
"TRUE","Mid/in ear dx proc NEC","2039"
"FALSE","MASTOIDECTOMY","204"
"TRUE","Simple mastoidectomy","2041"
"TRUE","Radical mastoidectomy","2042"
"TRUE","Mastoidectomy NEC","2049"
"FALSE","OTH MIDDLE EAR EXCISION","205"
"TRUE","Excise middle ear lesion","2051"
"TRUE","Middle ear excision NEC","2059"
"FALSE","INNER EAR FENESTRATION","206"
"TRUE","Inner ear fenestration","2061"
"TRUE","Revis inner ear fenestra","2062"
"FALSE","INCIS/EXCIS/DESTR IN EAR","207"
"TRUE","Endolymphatic shunt","2071"
"TRUE","Inner ear injection","2072"
"TRUE","Inc/exc/destr in ear NEC","2079"
"TRUE","Eustachian tube ops","208"
"FALSE","OTHER MID-INNER EAR OPS","209"
"TRUE","Tympanosympathectomy","2091"
"TRUE","Mastoidectomy revision","2092"
"TRUE","Repair oval/round window","2093"
"TRUE","Tympanic injection","2094"
"TRUE","Elecmag hear dev implant","2095"
"TRUE","Implt cochlear prost NOS","2096"
"TRUE","Imp/rep schan coch pros","2097"
"TRUE","Imp/rep mchan cochl pros","2098"
"TRUE","Mid-inner ear ops NEC","2099"
"FALSE","CONTROL OF EPISTAXIS","210"
"TRUE","Control of epistaxis NOS","2100"
"TRUE","Ant nasal pack for epist","2101"
"TRUE","Post nasal pac for epist","2102"
"TRUE","Cautery to stop epistax","2103"
"TRUE","Ethmoid art ligat-epist","2104"
"TRUE","Max art lig for epistax","2105"
"TRUE","Ext carot art lig-epist","2106"
"TRUE","Nasal sept grft-epistax","2107"
"TRUE","Epistaxis control NEC","2109"
"TRUE","Incision of nose","211"
"FALSE","NASAL DIAGNOSTIC PROCED","212"
"TRUE","Rhinoscopy","2121"
"TRUE","Nasal biopsy","2122"
"TRUE","Nasal dx proc NEC","2129"
"FALSE","NASAL LESION DESTRUCTION","213"
"TRUE","Nasal lesion excis NOS","2130"
"TRUE","Intranas les destruction","2131"
"TRUE","Nasal les destruct NEC","2132"
"TRUE","Resection of nose","214"
"TRUE","Submuc nasal sept resect","215"
"FALSE","TURBINECTOMY","216"
"TRUE","Diather/cryo turbinectom","2161"
"TRUE","Turbinate fracture","2162"
"TRUE","Turbinectomy NEC","2169"
"FALSE","NASAL FRACTURE REDUCTION","217"
"TRUE","Clos reduction nasal fx","2171"
"TRUE","Open reduction nasal fx","2172"
"FALSE","NASAL REPAIR & PLASTIC","218"
"TRUE","Nasal laceration suture","2181"
"TRUE","Nasal fistula closure","2182"
"TRUE","Tot nasal reconstruction","2183"
"TRUE","Revision rhinoplasty","2184"
"TRUE","Augmentation rhinoplasty","2185"
"TRUE","Limited rhinoplasty","2186"
"TRUE","Rhinoplasty NEC","2187"
"TRUE","Septoplasty NEC","2188"
"TRUE","Nasal repair NEC","2189"
"FALSE","OTHER NASAL OPERATIONS","219"
"TRUE","Lysis of nasal adhesions","2191"
"TRUE","Nasal operation NEC","2199"
"FALSE","NASAL SINUS ASPIR/LAVAGE","220"
"TRUE","Sinus aspirat/lavage NOS","2200"
"TRUE","Sinus punct for lavage","2201"
"TRUE","Sinus lavage thru ostium","2202"
"FALSE","NASAL SINUS DIAGNOS PROC","221"
"TRUE","Closed nasal sinus bx","2211"
"TRUE","Open biopsy nasal sinus","2212"
"TRUE","Nasal sinus dx proc NEC","2219"
"TRUE","Intranasal antrotomy","222"
"FALSE","EXT MAXILLARY ANTROTOMY","223"
"TRUE","Radical maxillary antrot","2231"
"TRUE","Ext maxillary antrot NEC","2239"
"FALSE","FRONT SINUSOT & SINUSECT","224"
"TRUE","Frontal sinusotomy","2241"
"TRUE","Frontal sinusectomy","2242"
"FALSE","OTHER NASAL SINUSOTOMY","225"
"TRUE","Sinusotomy NOS","2250"
"TRUE","Ethmoidotomy","2251"
"TRUE","Sphenoidotomy","2252"
"TRUE","Multiple sinus incision","2253"
"FALSE","OTHER NASAL SINUSECTOMY","226"
"TRUE","Sinusectomy NOS","2260"
"TRUE","C-luc exc max sinus les","2261"
"TRUE","Exc max sinus lesion NEC","2262"
"TRUE","Ethmoidectomy","2263"
"TRUE","Sphenoidectomy","2264"
"FALSE","NASAL SINUS REPAIR","227"
"TRUE","Nasal sinus fistula clos","2271"
"TRUE","Nasal sinus repair NEC","2279"
"TRUE","Other nasal sinus ops","229"
"FALSE","FORCEPS TOOTH EXTRACTION","230"
"TRUE","Deciduous tooth extract","2301"
"TRUE","Tooth extraction NEC","2309"
"FALSE","SURG REMOVAL OF TOOTH","231"
"TRUE","Residual root removal","2311"
"TRUE","Surg tooth extract NEC","2319"
"TRUE","Tooth restor by filling","232"
"TRUE","Tooth restorat by inlay","233"
"FALSE","OTHER DENTAL RESTORATION","234"
"TRUE","Crown application","2341"
"TRUE","Fixed bridge insertion","2342"
"TRUE","Insert removable bridge","2343"
"TRUE","Dental restoration NEC","2349"
"TRUE","Tooth implantation","235"
"TRUE","Prosthet dental implant","236"
"FALSE","ROOT CANAL RX & APICOECT","237"
"TRUE","Root canal NOS","2370"
"TRUE","Root canal w irrigation","2371"
"TRUE","Root canal w apicoectomy","2372"
"TRUE","Apicoectomy","2373"
"TRUE","Gum or alveolar incision","240"
"FALSE","TOOTH & GUM DIAGNOS PROC","241"
"TRUE","Gum biopsy","2411"
"TRUE","Alveolus biopsy","2412"
"TRUE","Tooth & gum dx proc NEC","2419"
"TRUE","Gingivoplasty","242"
"FALSE","OTHER OPERATIONS ON GUMS","243"
"TRUE","Gum lesion excision","2431"
"TRUE","Suture of gum laceration","2432"
"TRUE","Gum operation NEC","2439"
"TRUE","Exc of dental les of jaw","244"
"TRUE","Alveoloplasty","245"
"TRUE","Exposure of tooth","246"
"TRUE","Applic orthodont appliance","247"
"TRUE","Other orthodontic operat","248"
"FALSE","OTHER DENTAL OPERATION","249"
"TRUE","Exten buccolabial/sulcus","2491"
"TRUE","Dental operation NEC","2499"
"FALSE","DX PROCEDURES ON TONGUE","250"
"TRUE","Closed biopsy of tongue","2501"
"TRUE","Open biopsy of tongue","2502"
"TRUE","Tongue dx procedure NEC","2509"
"TRUE","Destruction tongue les","251"
"TRUE","Partial glossectomy","252"
"TRUE","Complete glossectomy","253"
"TRUE","Radical glossectomy","254"
"FALSE","REPAIR OF TONGUE","255"
"TRUE","Suture of tongue lacerat","2551"
"TRUE","Repair of tongue NEC","2559"
"FALSE","OTHER TONGUE OPERATIONS","259"
"TRUE","Lingual frenotomy","2591"
"TRUE","Lingual frenectomy","2592"
"TRUE","Lysis of tongue adhesion","2593"
"TRUE","Other glossotomy","2594"
"TRUE","Tongue operation NEC","2599"
"TRUE","Incis salivary glnd/duct","260"
"FALSE","SALIVARY DIAGNOSTIC PROC","261"
"TRUE","Clos bx saliv gland/duct","2611"
"TRUE","Open bx saliv gland/duct","2612"
"TRUE","Saliv glnd dx proc NEC","2619"
"FALSE","EXCIS OF SALIV GLAND LES","262"
"TRUE","Salivary cyst marsupial","2621"
"TRUE","Saliv lesion excis NEC","2629"
"FALSE","SIALOADENECTOMY","263"
"TRUE","Sialoadenectomy NOS","2630"
"TRUE","Partial sialoadenectomy","2631"
"TRUE","Complete sialoadenectomy","2632"
"FALSE","SALIV GLND & DUCT REPAIR","264"
"TRUE","Suture of saliv glnd lac","2641"
"TRUE","Salivary fistula closure","2642"
"TRUE","Salivary repair NEC","2649"
"FALSE","OTH SALIVARY OPERATIONS","269"
"TRUE","Salivary duct probing","2691"
"TRUE","Salivary operation NEC","2699"
"TRUE","Drain face & mouth floor","270"
"TRUE","Incision of palate","271"
"FALSE","ORAL CAVITY DX PROCEDURE","272"
"TRUE","Bony palate biopsy","2721"
"TRUE","Uvula and soft palate bx","2722"
"TRUE","Biopsy of lip","2723"
"TRUE","Mouth biopsy NOS","2724"
"TRUE","Oral cavity dx proc NEC","2729"
"FALSE","EXCIS OF BONY PALATE LES","273"
"TRUE","Loc exc bony palate les","2731"
"TRUE","Wide exc bony palate les","2732"
"FALSE","OTHER EXCISION OF MOUTH","274"
"TRUE","Labial frenumectomy","2741"
"TRUE","Wide excision of lip les","2742"
"TRUE","Excision of lip les NEC","2743"
"TRUE","Excision of mouth NEC","2749"
"FALSE","PLASTIC REPAIR OF MOUTH","275"
"TRUE","Suture of lip laceration","2751"
"TRUE","Suture of mouth lac NEC","2752"
"TRUE","Closure of mouth fistula","2753"
"TRUE","Repair of cleft lip","2754"
"TRUE","Full-thick grft to mouth","2755"
"TRUE","Skin graft to mouth NEC","2756"
"TRUE","Pedicle attach to mouth","2757"
"TRUE","Mouth repair NEC","2759"
"FALSE","PALATOPLASTY","276"
"TRUE","Suture of palate lacerat","2761"
"TRUE","Cleft palate correction","2762"
"TRUE","Revis cleft palat repair","2763"
"TRUE","Insert palatal implant","2764"
"TRUE","Oth plastic repair palat","2769"
"FALSE","OPERATIONS ON UVULA","277"
"TRUE","Incision of uvula","2771"
"TRUE","Excision of uvula","2772"
"TRUE","Repair of uvula","2773"
"TRUE","Other uvula operations","2779"
"FALSE","OTHER MOUTH & FACE OPS","279"
"TRUE","Labial frenotomy","2791"
"TRUE","Mouth incision NOS","2792"
"TRUE","Oral cavity ops NEC","2799"
"TRUE","Peritonsillar I&D","280"
"FALSE","TONSIL&ADENOID DX PROC","281"
"TRUE","Tonsil&adenoid biopsy","2811"
"TRUE","Tonsil&adenoid dx op NEC","2819"
"TRUE","Tonsillectomy","282"
"TRUE","Tonsillectomy/adenoidec","283"
"TRUE","Excision of tonsil tag","284"
"TRUE","Excision lingual tonsil","285"
"TRUE","Adenoidectomy","286"
"TRUE","Hemorr contrl post T & A","287"
"FALSE","OTHER TONSIL/ADENOID OPS","289"
"TRUE","Incis to remov tonsil FB","2891"
"TRUE","Excis tonsil/adenoid les","2892"
"TRUE","Tonsil&adenoid ops NEC","2899"
"TRUE","Pharyngotomy","290"
"FALSE","PHARYNGEAL DX PROCEDURES","291"
"TRUE","Pharyngoscopy","2911"
"TRUE","Pharyngeal biopsy","2912"
"TRUE","Pharyngeal dx proc NEC","2919"
"TRUE","Exc branchial cleft cyst","292"
"FALSE","DESTRUCT PHARYNGEAL LES","293"
"TRUE","Cricopharyngeal myotomy","2931"
"TRUE","Pharyngeal diverticulec","2932"
"TRUE","Pharyngectomy","2933"
"TRUE","Excis/destr les phar NEC","2939"
"TRUE","Plastic op on pharynx","294"
"FALSE","OTHER PHARYNGEAL REPAIR","295"
"TRUE","Suture of pharyngeal lac","2951"
"TRUE","Clos branch cleft fistul","2952"
"TRUE","Clos pharynx fistula NEC","2953"
"TRUE","Lysis pharyngeal adhes","2954"
"TRUE","Pharyngeal repair NEC","2959"
"FALSE","OTHER PHARYNGEAL OPS","299"
"TRUE","Pharyngeal dilation","2991"
"TRUE","Divis glossopharyng nerv","2992"
"TRUE","Pharyngeal operation NEC","2999"
"FALSE","DESTROY LARYNGEAL LESION","300"
"TRUE","Larynx cyst marsupializ","3001"
"TRUE","Destruct larynx les NEC","3009"
"TRUE","Hemilaryngectomy","301"
"FALSE","PARTIAL LARYNGECTOMY NEC","302"
"TRUE","Epiglottidectomy","3021"
"TRUE","Vocal cordectomy","3022"
"TRUE","Other part laryngectomy","3029"
"TRUE","Complete laryngectomy","303"
"TRUE","Radical laryngectomy","304"
"TRUE","Injection of larynx","310"
"TRUE","Temporary tracheostomy","311"
"FALSE","PERMANENT TRACHEOSTOMY","312"
"TRUE","Mediastinal tracheostomy","3121"
"TRUE","Other perm tracheostomy","3129"
"TRUE","Incis larynx trachea NEC","313"
"FALSE","LARYNX TRACHEA DX PROCS","314"
"TRUE","Tracheoscopy thru stoma","3141"
"TRUE","Larygnoscopy/tracheoscop","3142"
"TRUE","Closed biopsy larynx","3143"
"TRUE","Closed biopsy trachea","3144"
"TRUE","Opn bx larynx or trachea","3145"
"TRUE","Oth larynx dx procedure","3148"
"TRUE","Oth trachea dx procedure","3149"
"TRUE","Local destruc trach les","315"
"FALSE","REPAIR OF LARYNX","316"
"TRUE","Suture of laryngeal lac","3161"
"TRUE","Laryngeal fistula clos","3162"
"TRUE","Laryngostomy revision","3163"
"TRUE","Laryngeal fx repair","3164"
"TRUE","Other laryngeal repair","3169"
"FALSE","REPAIR OF TRACHEA","317"
"TRUE","Suture of tracheal lacer","3171"
"TRUE","Closure of tracheostomy","3172"
"TRUE","Trachea fistula clos NEC","3173"
"TRUE","Revision of tracheostomy","3174"
"TRUE","Tracheal reconstruction","3175"
"TRUE","Other tracheal repair","3179"
"FALSE","LARYNX TRACHEA OPS NEC","319"
"TRUE","Laryngeal nerv division","3191"
"TRUE","Lysis trach/larynx adhes","3192"
"TRUE","Replace trac/laryn stent","3193"
"TRUE","Tracheal injection","3194"
"TRUE","Tracheoesoph fistulizat","3195"
"TRUE","Oth laryngeal operation","3198"
"TRUE","Other tracheal operation","3199"
"FALSE","LOCAL DESTRUCT BRONC LES","320"
"TRUE","Endosc destruc bronc les","3201"
"TRUE","Other destruc bronc les","3209"
"TRUE","Other bronchial excision","321"
"FALSE","LOCAL DESTRUCT LUNG LES","322"
"TRUE","Thorac exc lung lesion","3220"
"TRUE","Emphysema bleb plication","3221"
"TRUE","Lung vol reduction surg","3222"
"TRUE","OPEN ABLTN LUNG LES/TISS","3223"
"TRUE","PERC ABLTN LUNG LES/TISS","3224"
"TRUE","THOR ABLTN LUNG LES/TISS","3225"
"TRUE","ABLTN LUNG TISS NEC/NOS","3226"
"TRUE","Endosc destruc lung les","3228"
"TRUE","Destroy loc lung les NEC","3229"
"FALSE","Segmental lung resection","323"
"TRUE","Thorac seg lung resect","3230"
"TRUE","Oth seg lung resect NOS","3239"
"FALSE","Lobectomy of lung","324"
"TRUE","Thorac lobectomy lung","3241"
"TRUE","Lobectomy of lung NEC","3249"
"FALSE","Complete pneumonectomy","325"
"TRUE","Thoracospc pneumonectomy","3250"
"TRUE","Other pneumonectomy NOS","3259"
"TRUE","Rad dissec thorac struct","326"
"TRUE","Other excision of lung","329"
"TRUE","Incision of bronchus","330"
"TRUE","Incision of lung","331"
"FALSE","BRONCHIAL/LUNG DX PROCS","332"
"TRUE","Thoracoscopc lung biopsy","3320"
"TRUE","Bronchoscopy thru stoma","3321"
"TRUE","Fiber-optic bronchoscopy","3322"
"TRUE","Other bronchoscopy","3323"
"TRUE","Closed bronchial biopsy","3324"
"TRUE","Open bronchial biopsy","3325"
"TRUE","Closed lung biopsy","3326"
"TRUE","Clos endoscopic lung bx","3327"
"TRUE","Open lung biopsy","3328"
"TRUE","Bronch/lung dx proc NEC","3329"
"FALSE","SURG COLLAPSE OF LUNG","333"
"TRUE","Destr phren-lung collaps","3331"
"TRUE","Pnemothorax-lung collaps","3332"
"TRUE","Pneumoperit-lung collaps","3333"
"TRUE","Thoracoplasty","3334"
"TRUE","Surg collaps of lung NEC","3339"
"FALSE","LUNG AND BRONCHUS REPAIR","334"
"TRUE","Bronchial lacerat suture","3341"
"TRUE","Bronchial fistula clos","3342"
"TRUE","Lung laceration closure","3343"
"TRUE","Bronchial repair NEC","3348"
"TRUE","Lung repair NEC","3349"
"FALSE","LUNG TRANSPLANT","335"
"TRUE","Lung transplant NOS","3350"
"TRUE","Unilat lung transplant","3351"
"TRUE","Bilat lung transplant","3352"
"TRUE","Comb heart/lung transpla","336"
"FALSE","ENDO INTERV BRON/LUNG","337"
"TRUE","Endo ins/re bron val,one","3371"
"TRUE","Endo pulm arwy flow msmt","3372"
"TRUE","Endo ins/re brnc val,mul","3373"
"TRUE","ENDO REM BRONCH DEVC/SUB","3378"
"TRUE","Endo insrt bronc def/sub","3379"
"FALSE","OTHER BRONCHIAL LUNG OPS","339"
"TRUE","Bronchial dilation","3391"
"TRUE","Bronchial ligation","3392"
"TRUE","Puncture of lung","3393"
"TRUE","Bronchial operation NEC","3398"
"TRUE","Lung operation NEC","3399"
"FALSE","INCIS CHEST WALL/PLEURA","340"
"TRUE","Incision of chest wall","3401"
"TRUE","Exploratory thoracotomy","3402"
"TRUE","Reopen thoracotomy site","3403"
"TRUE","Insertion of ICD","3404"
"TRUE","Pleuroperitoneal shunt","3405"
"TRUE","Thorac drain pleurl cav","3406"
"TRUE","Other pleural incision","3409"
"TRUE","Incision of mediastinum","341"
"FALSE","THORAX DX PROCEDURES","342"
"TRUE","Thoracoscopic pleural bx","3420"
"TRUE","Transpleura thoracoscopy","3421"
"TRUE","Mediastinoscopy","3422"
"TRUE","Chest wall biopsy","3423"
"TRUE","Pleural biopsy NEC","3424"
"TRUE","Clos mediastinal biopsy","3425"
"TRUE","Open mediastinal biopsy","3426"
"TRUE","Biopsy of diaphragm","3427"
"TRUE","Dx procedure thorax NEC","3428"
"TRUE","Dx proc mediastinum NEC","3429"
"TRUE","Destruct mediastin les","343"
"TRUE","Destruct chest wall les","344"
"FALSE","PLEURECTOMY","345"
"TRUE","Decortication of lung","3451"
"TRUE","Thoracoscopc decort lung","3452"
"TRUE","Other pleural excision","3459"
"TRUE","Scarification of pleura","346"
"FALSE","REPAIR OF CHEST WALL","347"
"TRUE","Suture chest wall lacer","3471"
"TRUE","Thoracostomy closure","3472"
"TRUE","Clos thoracic fistul NEC","3473"
"TRUE","Pectus deformity repair","3474"
"TRUE","Other chest wall repair","3479"
"FALSE","OPERATIONS ON DIAPHRAGM","348"
"TRUE","Excise diaphragm lesion","3481"
"TRUE","Suture diaphragm lacerat","3482"
"TRUE","Close diaphragm fistula","3483"
"TRUE","Other diaphragm repair","3484"
"TRUE","Implant diaphra pacemake","3485"
"TRUE","Diaphragm operation NEC","3489"
"FALSE","OTHER OPS ON THORAX","349"
"TRUE","Thoracentesis","3491"
"TRUE","Inject into thorax cavit","3492"
"TRUE","Repair of pleura","3493"
"TRUE","Thoracic operation NEC","3499"
"FALSE","CLOSED HEART VALVOTOMY","350"
"TRUE","Closed valvotomy NOS","3500"
"TRUE","Closed aortic valvotomy","3501"
"TRUE","Closed mitral valvotomy","3502"
"TRUE","Closed pulmon valvotomy","3503"
"TRUE","Closed tricusp valvotomy","3504"
"FALSE","OPEN HEART VALVULOPLASTY","351"
"TRUE","Open valvuloplasty NOS","3510"
"TRUE","Opn aortic valvuloplasty","3511"
"TRUE","Opn mitral valvuloplasty","3512"
"TRUE","Opn pulmon valvuloplasty","3513"
"TRUE","Opn tricus valvuloplasty","3514"
"FALSE","HEART VALVE REPLACEMENT","352"
"TRUE","Replace heart valve NOS","3520"
"TRUE","Replace aort valv-tissue","3521"
"TRUE","Replace aortic valve NEC","3522"
"TRUE","Replace mitr valv-tissue","3523"
"TRUE","Replace mitral valve NEC","3524"
"TRUE","Replace pulm valv-tissue","3525"
"TRUE","Replace pulmon valve NEC","3526"
"TRUE","Replace tric valv-tissue","3527"
"TRUE","Replace tricusp valv NEC","3528"
"FALSE","TISSUE ADJAC TO VALV OPS","353"
"TRUE","Papillary muscle ops","3531"
"TRUE","Chordae tendineae ops","3532"
"TRUE","Annuloplasty","3533"
"TRUE","Infundibulectomy","3534"
"TRUE","Trabecul carneae cord op","3535"
"TRUE","Tiss adj to valv ops NEC","3539"
"FALSE","SEPTAL DEFECT PRODUCTION","354"
"TRUE","Enlarge existing sep def","3541"
"TRUE","Create septal defect","3542"
"FALSE","PROSTH REPAIR HEART SEPT","355"
"TRUE","Prosth rep hrt septa NOS","3550"
"TRUE","Pros rep atrial def-opn","3551"
"TRUE","Pros repair atria def-cl","3552"
"TRUE","Pros rep ventric def-opn","3553"
"TRUE","Pros rep endocar cushion","3554"
"TRUE","PROS REP VENTRC DEF-CLOS","3555"
"FALSE","GRAFT REPAIR HEART SEPTA","356"
"TRUE","Grft repair hrt sept NOS","3560"
"TRUE","Graft repair atrial def","3561"
"TRUE","Graft repair ventric def","3562"
"TRUE","Grft rep endocar cushion","3563"
"FALSE","HEART SEPTA REPAIR NEC","357"
"TRUE","Heart septa repair NOS","3570"
"TRUE","Atria septa def rep NEC","3571"
"TRUE","Ventr septa def rep NEC","3572"
"TRUE","Endocar cushion rep NEC","3573"
"FALSE","TOT REPAIR CONGEN ANOMAL","358"
"TRUE","Tot repair tetral fallot","3581"
"TRUE","Total repair of tapvc","3582"
"TRUE","Tot rep truncus arterios","3583"
"TRUE","Tot cor transpos grt ves","3584"
"FALSE","VALVES & SEPTA OPS NEC","359"
"TRUE","Interat ven retrn transp","3591"
"TRUE","Conduit rt vent-pul art","3592"
"TRUE","Conduit left ventr-aorta","3593"
"TRUE","Conduit artium-pulm art","3594"
"TRUE","Heart repair revision","3595"
"TRUE","Perc balloon valvuplasty","3596"
"TRUE","Other heart septa ops","3598"
"TRUE","Other heart valve ops","3599"
"FALSE","REM COR ART OBS & INS STNT","360"
"TRUE","Open coronry angioplasty","3603"
"TRUE","Intrcoronry thromb infus","3604"
"TRUE","Ins nondrug elut cor st","3606"
"TRUE","Ins drug-elut coronry st","3607"
"TRUE","Rem of cor art obstr NEC","3609"
"FALSE","HEART REVASC BYPASS ANAS","361"
"TRUE","Aortocoronary bypass NOS","3610"
"TRUE","Aortocor bypas-1 cor art","3611"
"TRUE","Aortocor bypas-2 cor art","3612"
"TRUE","Aortocor bypas-3 cor art","3613"
"TRUE","Aortcor bypas-4+ cor art","3614"
"TRUE","1 int mam-cor art bypass","3615"
"TRUE","2 int mam-cor art bypass","3616"
"TRUE","Abd-coron artery bypass","3617"
"TRUE","Hrt revas byps anas NEC","3619"
"TRUE","Arterial implant revasc","362"
"FALSE","HEART REVASCULARIZAT NEC","363"
"TRUE","Open chest trans revasc","3631"
"TRUE","Oth transmyo revascular","3632"
"TRUE","ENDO TRANSMYO REVASCULAR","3633"
"TRUE","PERC TRANSMYO REVASCULAR","3634"
"TRUE","Oth heart revascular","3639"
"FALSE","OTHER HEART VESSEL OPS","369"
"TRUE","Coron vess aneurysm rep","3691"
"TRUE","Heart vessel op NEC","3699"
"TRUE","Pericardiocentesis","370"
"FALSE","CARDIOTOMY & PERICARDIOT","371"
"TRUE","Incision of heart NOS","3710"
"TRUE","Cardiotomy","3711"
"TRUE","Pericardiotomy","3712"
"FALSE","HEART & PERICARD DX PROC","372"
"TRUE","NONINVAS ELECT STIMULATN","3720"
"TRUE","Rt heart cardiac cath","3721"
"TRUE","Left heart cardiac cath","3722"
"TRUE","Rt/left heart card cath","3723"
"TRUE","Pericardial biopsy","3724"
"TRUE","Cardiac biopsy","3725"
"TRUE","Cath base invasv ep test","3726"
"TRUE","Cardiac mapping","3727"
"TRUE","Intracardiac echocardio","3728"
"TRUE","Hrt/pericar dx proc NEC","3729"
"FALSE","PERICARDIECT/EXC HRT LES","373"
"TRUE","Pericardiectomy","3731"
"TRUE","Heart aneurysm excision","3732"
"TRUE","Exc/dest hrt lesion open","3733"
"TRUE","Exc/des hrt les,endovasc","3734"
"TRUE","Partial ventriculectomy","3735"
"TRUE","Exc left atrial appendag","3736"
"FALSE","Heart & pericard repair","374"
"TRUE","IMPL CARDIAC SUPPORT DEV","3741"
"TRUE","HEART/PERICARD REPR NEC","3749"
"FALSE","Heart transplantation","375"
"TRUE","Heart transplantation","3751"
"TRUE","Imp tot int bi ht rp sys","3752"
"TRUE","Repl/rep thr unt tot hrt","3753"
"TRUE","Repl/rep oth tot hrt sys","3754"
"TRUE","Rem int bivent hrt sys","3755"
"FALSE","IMPLANT HRT ASSIST SYST","376"
"TRUE","Imp bivn ext hrt ast sys","3760"
"TRUE","Pulsation balloon implan","3761"
"TRUE","Insrt non-impl circ dev","3762"
"TRUE","Repair heart assist sys","3763"
"TRUE","Remve ext hrt assist sys","3764"
"TRUE","Imp vent ext hrt ast sys","3765"
"TRUE","Ins Implantable hrt assist","3766"
"TRUE","Imp cardiomyostimul sys","3767"
"TRUE","Percutan hrt assist syst","3768"
"FALSE","INSERT CARD PACEMAK SYS","377"
"TRUE","Int insert pacemak lead","3770"
"TRUE","Int insert lead in vent","3771"
"TRUE","Int insert lead atri-vent","3772"
"TRUE","Int insert lead in atrium","3773"
"TRUE","Int or repl lead epicar","3774"
"TRUE","Revision of lead","3775"
"TRUE","Repl tv atri-vent lead","3776"
"TRUE","Removal of lead w/o repl","3777"
"TRUE","Inser temp pacemaker sys","3778"
"TRUE","Rev/reloc card dev pockt","3779"
"FALSE","REVISE & REMOV PACEMAKER","378"
"TRUE","Int or repl perm pacemkr","3780"
"TRUE","Int insert 1-cham, non","3781"
"TRUE","Int insert 1-cham, rate","3782"
"TRUE","Int insert dual-cham dev","3783"
"TRUE","Repl pacem w 1-cham, non","3785"
"TRUE","Repl pacem 1-cham, rate","3786"
"TRUE","Repl pacem w dual-cham","3787"
"TRUE","Revise or remove pacemak","3789"
"FALSE","HEART & PERICARD OPS NEC","379"
"TRUE","Ins left atr append dev","3790"
"TRUE","Opn chest cardiac massag","3791"
"TRUE","Injection into heart","3792"
"TRUE","Injection into pericard","3793"
"TRUE","Implt/repl carddefib tot","3794"
"TRUE","Implt cardiodefib leads","3795"
"TRUE","Implt cardiodefib genatr","3796"
"TRUE","Repl cardiodefib leads","3797"
"TRUE","Repl cardiodefib genratr","3798"
"TRUE","Other heart/pericard ops","3799"
"FALSE","INCISION OF VESSEL","380"
"TRUE","Incision of vessel NOS","3800"
"TRUE","Intracran vessel incis","3801"
"TRUE","Head/neck ves incis NEC","3802"
"TRUE","Upper limb vessel incis","3803"
"TRUE","Incision of aorta","3804"
"TRUE","Thoracic vessel inc NEC","3805"
"TRUE","Abdomen artery incision","3806"
"TRUE","Abdominal vein incision","3807"
"TRUE","Lower limb artery incis","3808"
"TRUE","Lower limb vein incision","3809"
"FALSE","ENDARTERECTOMY","381"
"TRUE","Endarterectomy NOS","3810"
"TRUE","Intracran endarterectomy","3811"
"TRUE","Head & neck endarter NEC","3812"
"TRUE","Upper limb endarterectom","3813"
"TRUE","Endarterectomy of aorta","3814"
"TRUE","Thoracic endarterectomy","3815"
"TRUE","Abdominal endarterectomy","3816"
"TRUE","Lower limb endarterect","3818"
"FALSE","BLOOD VESSEL DX PROCS","382"
"TRUE","Blood vessel biopsy","3821"
"TRUE","Percutaneous angioscopy","3822"
"TRUE","Intravasclr spectroscopy","3823"
"TRUE","Intravas img cor ves OCT","3824"
"TRUE","Intravas img non-cor OCT","3825"
"TRUE","Blood vessel dx proc NEC","3829"
"FALSE","VESSEL RESECT & ANASTOM","383"
"TRUE","Vessel resect/anast NOS","3830"
"TRUE","Intracran ves resec-anas","3831"
"TRUE","Head/neck ves resec-anas","3832"
"TRUE","Arm vessel resect/anast","3833"
"TRUE","Aorta resection & anast","3834"
"TRUE","Thor vessel resect/anast","3835"
"TRUE","Abd vessel resect/anast","3836"
"TRUE","Abd vein resect & anast","3837"
"TRUE","Leg artery resect/anast","3838"
"TRUE","Leg vein resect/anastom","3839"
"FALSE","VESSEL RESECT & REPLACE","384"
"TRUE","Vessel resect/replac NOS","3840"
"TRUE","Intracran ves resec-repl","3841"
"TRUE","Head/neck ves resec-repl","3842"
"TRUE","Arm ves resect w replace","3843"
"TRUE","Resect abdm aorta w repl","3844"
"TRUE","Resect thorac ves w repl","3845"
"TRUE","Abd artery resec w repla","3846"
"TRUE","Abd vein resect w replac","3847"
"TRUE","Leg artery resec w repla","3848"
"TRUE","Leg vein resect w replac","3849"
"FALSE","VARICOSE LIGAT & STRIP","385"
"TRUE","Varicose v lig-strip NOS","3850"
"TRUE","Intcran var v lig-strip","3851"
"TRUE","Head/neck var v lig-str","3852"
"TRUE","Arm varicose v lig-strip","3853"
"TRUE","Thorac var v lig-strip","3855"
"TRUE","Abd varicos v liga-strip","3857"
"TRUE","Leg varicos v liga-strip","3859"
"FALSE","OTHER VESSEL EXCISION","386"
"TRUE","Excision of vessel NOS","3860"
"TRUE","Intracran vessel excis","3861"
"TRUE","Head/neck vessel excis","3862"
"TRUE","Arm vessel excision","3863"
"TRUE","Excision of aorta","3864"
"TRUE","Thoracic vessel excision","3865"
"TRUE","Abdominal artery excis","3866"
"TRUE","Abdominal vein excision","3867"
"TRUE","Leg artery excision","3868"
"TRUE","Leg vein excision","3869"
"TRUE","Interruption vena cava","387"
"FALSE","OTHER SURG VESSEL OCCLUS","388"
"TRUE","Surg vessel occlus NEC","3880"
"TRUE","Occlus intracran ves NEC","3881"
"TRUE","Occlus head/neck ves NEC","3882"
"TRUE","Occlude arm vessel NEC","3883"
"TRUE","Occlude aorta NEC","3884"
"TRUE","Occlude thoracic ves NEC","3885"
"TRUE","Occlude abd artery NEC","3886"
"TRUE","Occlude abd vein NEC","3887"
"TRUE","Occlude leg artery NEC","3888"
"TRUE","Occlude leg vein NEC","3889"
"FALSE","PUNCTURE OF VESSEL","389"
"TRUE","Arterial catheterization","3891"
"TRUE","Umbilical vein cath","3892"
"TRUE","Venous cath NEC","3893"
"TRUE","Venous cutdown","3894"
"TRUE","Ven cath renal dialysis","3895"
"TRUE","Arterial puncture NEC","3898"
"TRUE","Venous puncture NEC","3899"
"TRUE","Systemic-pulm art shunt","390"
"TRUE","Intra-abd venous shunt","391"
"FALSE","OTHER SHUNT/VASC BYPASS","392"
"TRUE","Caval-pulmon art anastom","3921"
"TRUE","Aorta-subclv-carot bypas","3922"
"TRUE","Intrathoracic shunt NEC","3923"
"TRUE","Aorta-renal bypass","3924"
"TRUE","Aorta-iliac-femor bypass","3925"
"TRUE","Intra-abdomin shunt NEC","3926"
"TRUE","Dialysis arteriovenostom","3927"
"TRUE","Extracran-intracr bypass","3928"
"TRUE","Vasc shunt & bypass NEC","3929"
"FALSE","SUTURE OF VESSEL","393"
"TRUE","Suture of vessel NOS","3930"
"TRUE","Suture of artery","3931"
"TRUE","Suture of vein","3932"
"FALSE","VASC PROCEDURE REVISION","394"
"TRUE","Postop vasc op hem contr","3941"
"TRUE","Revis ren dialysis shunt","3942"
"TRUE","Remov ren dialysis shunt","3943"
"TRUE","Vasc proc revision NEC","3949"
"FALSE","OTHER VESSEL REPAIR","395"
"TRUE","Angio/ath oth non-coro ves","3950"
"TRUE","Clipping of aneurysm","3951"
"TRUE","Aneurysm repair NEC","3952"
"TRUE","Arterioven fistula rep","3953"
"TRUE","Re-entry operation","3954"
"TRUE","Reimplan aberr renal ves","3955"
"TRUE","Repair vess w tis patch","3956"
"TRUE","Rep vess w synth patch","3957"
"TRUE","Repair vess w patch NOS","3958"
"TRUE","Repair of vessel NEC","3959"
"FALSE","OPN HEART AUXILIARY PROC","396"
"TRUE","Extracorporeal circulat","3961"
"TRUE","Hypothermia w open heart","3962"
"TRUE","Cardioplegia","3963"
"TRUE","Intraop cardiac pacemak","3964"
"TRUE","Extracorporeal memb oxy","3965"
"TRUE","Per cardiopulmon bypass","3966"
"FALSE","ENDOVASC REPAIR VESSEL","397"
"TRUE","Endo impl grft abd aorta","3971"
"TRUE","Endovasc embol head ves","3972"
"TRUE","ENDO IMP GRFT THOR AORTA","3973"
"TRUE","ENDO REM OBS HD/NECK VES","3974"
"TRUE","Endo emb hd/nk,bare coil","3975"
"TRUE","Endo em hd/nk,bioac coil","3976"
"TRUE","Oth endo proc oth vessel","3979"
"TRUE","Vascular body operations","398"
"FALSE","OTHER VESSEL OPERATIONS","399"
"TRUE","Ins non-d-e non-cor stnt","3990"
"TRUE","Freeing of vessel","3991"
"TRUE","Vein inject-scleros agnt","3992"
"TRUE","Insert ves-to-ves cannul","3993"
"TRUE","Replac ves-to-ves cannul","3994"
"TRUE","Hemodialysis","3995"
"TRUE","Total body perfusion","3996"
"TRUE","Other perfusion","3997"
"TRUE","Hemorrhage control NOS","3998"
"TRUE","Vessel operation NEC","3999"
"TRUE","Incis lymphatic structur","400"
"FALSE","LYMPHATIC DX PROC","401"
"TRUE","Lymphatic struct biopsy","4011"
"TRUE","Lymphatic diag proc NEC","4019"
"FALSE","SIMP EXCIS LYMPH STRUCT","402"
"TRUE","Excis deep cervical node","4021"
"TRUE","Excise int mammary node","4022"
"TRUE","Excise axillary node","4023"
"TRUE","Excise inguinal node","4024"
"TRUE","Simp exc lymph struc NEC","4029"
"TRUE","Regional lymph node exc","403"
"FALSE","RAD CERVICAL NODE EXCIS","404"
"TRUE","Rad neck dissection NOS","4040"
"TRUE","Unilat rad neck dissect","4041"
"TRUE","Bilat rad neck dissect","4042"
"FALSE","OTH RAD NODE DISSECTION","405"
"TRUE","Rad node dissection NOS","4050"
"TRUE","Rad dissec axillary node","4051"
"TRUE","Rad dissec periaort node","4052"
"TRUE","Rad dissect iliac nodes","4053"
"TRUE","Radical groin dissection","4054"
"TRUE","Rad node dissection NEC","4059"
"FALSE","THORACIC DUCT OPERATIONS","406"
"TRUE","Thorac duct cannulation","4061"
"TRUE","Thoracic duct fistulizat","4062"
"TRUE","Close thoracic duct fist","4063"
"TRUE","Ligate thoracic duct","4064"
"TRUE","Thoracic duct op NEC","4069"
"TRUE","Lymph structure op NEC","409"
"FALSE","BM/HEM STEM CELL TRNSPLNT","410"
"TRUE","Bone marrow trnsplnt NOS","4100"
"TRUE","Auto bone mt w/o purg","4101"
"TRUE","Alo bone marrow trnsplnt","4102"
"TRUE","Allogrft bone marrow NOS","4103"
"TRUE","Auto hem stem ct w/o pur","4104"
"TRUE","Allo hem stem ct w/o pur","4105"
"TRUE","Cord bld stem cell trans","4106"
"TRUE","Auto hem stem ct w purg","4107"
"TRUE","Allo hem stem ct w purg","4108"
"TRUE","Auto bone mt w purging","4109"
"TRUE","Puncture of spleen","411"
"TRUE","Splenotomy","412"
"FALSE","MARROW & SPLEEN DX PROC","413"
"TRUE","Bone marrow biopsy","4131"
"TRUE","Closed spleen biopsy","4132"
"TRUE","Open spleen biopsy","4133"
"TRUE","Marrow diagnost proc NEC","4138"
"TRUE","Spleen diagnost proc NEC","4139"
"FALSE","DESTRUCT SPLENIC TISSUE","414"
"TRUE","Splenic cyst marsupial","4141"
"TRUE","Exc splenic lesion/tiss","4142"
"TRUE","Partial splenectomy","4143"
"TRUE","Total splenectomy","415"
"FALSE","OTH SPLEEN & MARROW OPS","419"
"TRUE","Donor marrow aspiration","4191"
"TRUE","Injection into marrow","4192"
"TRUE","Exc of accessory spleen","4193"
"TRUE","Spleen transplantation","4194"
"TRUE","Repair of spleen","4195"
"TRUE","BONE MARROW OPS NEC","4198"
"TRUE","Spleen operation NEC","4199"
"FALSE","ESOPHAGOTOMY","420"
"TRUE","Esophageal web incision","4201"
"TRUE","Esophageal incision NEC","4209"
"FALSE","ESOPHAGOSTOMY","421"
"TRUE","Esophagostomy NOS","4210"
"TRUE","Cervical esophagostomy","4211"
"TRUE","Esoph pouch exteriorizat","4212"
"TRUE","Ext fistulizat esoph NEC","4219"
"FALSE","ESOPHAGEAL DIAGNOS PROCS","422"
"TRUE","Esophagoscopy by incis","4221"
"TRUE","Esophagoscopy thru stoma","4222"
"TRUE","Esophagoscopy NEC","4223"
"TRUE","Closed bx of esophagus","4224"
"TRUE","Open biopsy of esophagus","4225"
"TRUE","Esophageal dx proc NEC","4229"
"FALSE","ESOPHAG LESION DESTRUCT","423"
"TRUE","Loc excis esoph divertic","4231"
"TRUE","Local excis esophag NEC","4232"
"TRUE","Endosc destruc esoph les","4233"
"TRUE","Destruct esophag les NEC","4239"
"FALSE","EXCISION OF ESOPHAGUS","424"
"TRUE","Esophagectomy NOS","4240"
"TRUE","Partial esophagectomy","4241"
"TRUE","Total esophagectomy","4242"
"FALSE","INTRATHOR ESOPH ANASTOM","425"
"TRUE","Thorac esophagoesophagos","4251"
"TRUE","Thorac esophagogastrost","4252"
"TRUE","Thorac sm bowel interpos","4253"
"TRUE","Thorac esophagoenter NEC","4254"
"TRUE","Thorac lg bowel interpos","4255"
"TRUE","Thorac esophagocolos NEC","4256"
"TRUE","Thorac interposition NEC","4258"
"TRUE","Thorac esophag anast NEC","4259"
"FALSE","ANTESTERN ESOPH ANASTOM","426"
"TRUE","Stern esophagoesophagost","4261"
"TRUE","Stern esophagogastrostom","4262"
"TRUE","Stern sm bowel interpos","4263"
"TRUE","Stern esophagoenter NEC","4264"
"TRUE","Stern lg bowel interpos","4265"
"TRUE","Stern esophagocolos NEC","4266"
"TRUE","Stern interposition NEC","4268"
"TRUE","Stern esophag anast NEC","4269"
"TRUE","Esophagomyotomy","427"
"FALSE","OTHER ESOPHAGEAL REPAIR","428"
"TRUE","Insert perm tube into eso","4281"
"TRUE","Suture esophageal lacer","4282"
"TRUE","Esophagostomy closure","4283"
"TRUE","Esoph fistula repair NEC","4284"
"TRUE","Esophag stricture repair","4285"
"TRUE","Prod subq tunnel no anas","4286"
"TRUE","Esophageal graft NEC","4287"
"TRUE","Esophageal repair NEC","4289"
"FALSE","OTHER ESOPHAGEAL OPS","429"
"TRUE","Ligation esoph varix","4291"
"TRUE","Dilation of esophagus","4292"
"TRUE","Esophageal operation NEC","4299"
"TRUE","Gastrotomy","430"
"FALSE","GASTROSTOMY","431"
"TRUE","Percu endosc gastrostomy","4311"
"TRUE","Other gastrostomy","4319"
"TRUE","Pyloromyotomy","433"
"FALSE","LOCAL DESTRUCT GASTR LES","434"
"TRUE","Endosc destr stomach les","4341"
"TRUE","Local gastr excision NEC","4342"
"TRUE","Local gastr destruct NEC","4349"
"TRUE","Proximal gastrectomy","435"
"TRUE","Distal gastrectomy","436"
"TRUE","Part gastrec w jej anast","437"
"FALSE","OTH PARTIAL GASTRECTOMY","438"
"TRUE","Part gast w jej transpos","4381"
"TRUE","Partial gastrectomy NEC","4389"
"FALSE","TOTAL GASTRECTOMY","439"
"TRUE","Tot gast w intes interpo","4391"
"TRUE","Total gastrectomy NEC","4399"
"FALSE","VAGOTOMY","440"
"TRUE","Vagotomy NOS","4400"
"TRUE","Truncal vagotomy","4401"
"TRUE","Highly select vagotomy","4402"
"TRUE","Selective vagotomy NEC","4403"
"FALSE","GASTRIC DIAGNOST PROCED","441"
"TRUE","Transabdomin gastroscopy","4411"
"TRUE","Gastroscopy thru stoma","4412"
"TRUE","Gastroscopy NEC","4413"
"TRUE","Closed gastric biopsy","4414"
"TRUE","Open gastric biopsy","4415"
"TRUE","Gastric diagnos proc NEC","4419"
"FALSE","PYLOROPLASTY","442"
"TRUE","Dilate pylorus, incision","4421"
"TRUE","Endoscop dilate pylorus","4422"
"TRUE","Other pyloroplasty","4429"
"FALSE","GASTROENTEROSTOMY","443"
"TRUE","High gastric bypass","4431"
"TRUE","Percu gastrojejunostomy","4432"
"TRUE","Lap gastroenterostomy","4438"
"TRUE","Gastroenterostomy NEC","4439"
"FALSE","CONTROL HEM STOMACH ULCE","444"
"TRUE","Suture peptic ulcer NOS","4440"
"TRUE","Sut gastric ulcer site","4441"
"TRUE","Suture duoden ulcer site","4442"
"TRUE","Endos ctrl gast/duod bleed","4443"
"TRUE","Transcath embo gast hem","4444"
"TRUE","Other control gast hem","4449"
"TRUE","Revision gastric anastom","445"
"FALSE","OTHER GASTRIC REPAIR","446"
"TRUE","Suture gastric lacerat","4461"
"TRUE","Gastrostomy closure","4462"
"TRUE","Close gastric fistul NEC","4463"
"TRUE","Gastropexy","4464"
"TRUE","Esophagogastroplasty","4465"
"TRUE","Creat esophagastr sphinc","4466"
"TRUE","Lap creat esoph sphinct","4467"
"TRUE","Laparoscop gastroplasty","4468"
"TRUE","Gastric repair NEC","4469"
"FALSE","OTHER GASTRIC OPERATIONS","449"
"TRUE","Ligate gastric varices","4491"
"TRUE","Intraop gastric manipul","4492"
"TRUE","Insert gastric balloon","4493"
"TRUE","Remove gastric balloon","4494"
"TRUE","Lap gastric restric proc","4495"
"TRUE","Lap rev gast restri proc","4496"
"TRUE","Lap rem gast restric dev","4497"
"TRUE","Adjust gast restrict dev","4498"
"TRUE","Gastric operation NEC","4499"
"FALSE","ENTEROTOMY","450"
"TRUE","Intestinal incision NOS","4500"
"TRUE","Duodenal incision","4501"
"TRUE","Small bowel incision NEC","4502"
"TRUE","Large bowel incision","4503"
"FALSE","SMALL BOWEL DX PROC","451"
"TRUE","Transab sm bowel endosc","4511"
"TRUE","Endosc sm bowel thru st","4512"
"TRUE","Sm bowel endoscopy NEC","4513"
"TRUE","Clos small bowel biopsy","4514"
"TRUE","Open small bowel biopsy","4515"
"TRUE","Egd with closed biopsy","4516"
"TRUE","Sm bowel dx proc NEC","4519"
"FALSE","BOWEL DIAGNOS PROCS NEC","452"
"TRUE","Transab lg bowel endosc","4521"
"TRUE","Endosc lg bowel thru st","4522"
"TRUE","Colonoscopy","4523"
"TRUE","Flexible sigmoidoscopy","4524"
"TRUE","Clos large bowel biopsy","4525"
"TRUE","Open large bowel biopsy","4526"
"TRUE","Intestinal biopsy NOS","4527"
"TRUE","Lg bowel dx proced NEC","4528"
"TRUE","Bowel diagnost proc NEC","4529"
"FALSE","LOCAL DESTRUCT SM BOWEL","453"
"TRUE","Endosc destru duoden les","4530"
"TRUE","Oth excise duodenum les","4531"
"TRUE","Destruct duoden les NEC","4532"
"TRUE","Local excis sm bowel NEC","4533"
"TRUE","Destr sm bowel les NEC","4534"
"FALSE","LOCAL DESTRUCT LG BOWEL","454"
"TRUE","Excise lg intestine les","4541"
"TRUE","Endo polpectomy lrge int","4542"
"TRUE","Endosc destru lg int les","4543"
"TRUE","Destruc lg bowel les NEC","4549"
"FALSE","INTESTINAL SEG ISOLATION","455"
"TRUE","Intest seg isolat NOS","4550"
"TRUE","Sm bowel segment isolat","4551"
"TRUE","Lg bowel segment isolat","4552"
"FALSE","OTHER SM BOWEL EXCISION","456"
"TRUE","Mult seg sm bowel excis","4561"
"TRUE","Part sm bowel resect NEC","4562"
"TRUE","Total removal sm bowel","4563"
"FALSE","PART LG BOWEL EXCISION","457"
"TRUE","Opn/oth mul seg lg int res","4571"
"TRUE","Open/oth cecectomy","4572"
"TRUE","Opn/oth rt hemicolectomy","4573"
"TRUE","Opn/oth transv colon res","4574"
"TRUE","Opn/oth lft hemicolectmy","4575"
"TRUE","Open/oth sigmoidectomy","4576"
"TRUE","Prt lg intes exc NEC/NOS","4579"
"FALSE","Tot intra-abd colectomy","458"
"TRUE","Lap tot intr-ab colectmy","4581"
"TRUE","Op tot intr-abd colectmy","4582"
"TRUE","Tot abd colectmy NEC/NOS","4583"
"FALSE","INTESTINAL ANASTOMOSIS","459"
"TRUE","Intestinal anastom NOS","4590"
"TRUE","Sm-to-sm bowel anastom","4591"
"TRUE","Sm bowel-rect stump anas","4592"
"TRUE","Small-to-large bowel NEC","4593"
"TRUE","Lg-to-lg bowel anastom","4594"
"TRUE","Anal anastomosis","4595"
"FALSE","EXTERIORIZATION OF BOWEL","460"
"TRUE","Sm bowel exteriorization","4601"
"TRUE","Resect ext seg sm bowel","4602"
"TRUE","Lg bowel exteriorization","4603"
"TRUE","Resect ext seg lg bowel","4604"
"FALSE","COLOSTOMY","461"
"TRUE","Colostomy NOS","4610"
"TRUE","Temporary colostomy","4611"
"TRUE","Permanent colostomy","4613"
"TRUE","Delay opening of colostomy","4614"
"FALSE","ILEOSTOMY","462"
"TRUE","Ileostomy NOS","4620"
"TRUE","Temporary ileostomy","4621"
"TRUE","Continent ileostomy","4622"
"TRUE","Permanent ileostomy NEC","4623"
"TRUE","Delay opening ileostomy","4624"
"FALSE","OTHER ENTEROSTOMY","463"
"TRUE","Delay opening enterostom","4631"
"TRUE","Percut endo jejunostomy","4632"
"TRUE","Other enterostomy","4639"
"FALSE","INTEST STOMA REVISION","464"
"TRUE","Intest stoma revis NOS","4640"
"TRUE","Sm bowel stoma revision","4641"
"TRUE","Pericolost hernia repair","4642"
"TRUE","Lg bowel stoma revis NEC","4643"
"FALSE","INTESTINAL STOMA CLOSURE","465"
"TRUE","Intest stoma closure NOS","4650"
"TRUE","Sm bowel stoma closure","4651"
"TRUE","Lg bowel stoma closure","4652"
"FALSE","FIXATION OF INTESTINE","466"
"TRUE","Intestinal fixation NOS","4660"
"TRUE","Sm bowel-abd wall fixat","4661"
"TRUE","Small bowel fixation NEC","4662"
"TRUE","Lg bowel-abd wall fixat","4663"
"TRUE","Large bowel fixation NEC","4664"
"FALSE","OTHER INTESTINAL REPAIR","467"
"TRUE","Duodenal lacerat suture","4671"
"TRUE","Duodenal fistula closure","4672"
"TRUE","Small bowel suture NEC","4673"
"TRUE","Close sm bowel fist NEC","4674"
"TRUE","Suture lg bowel lacerat","4675"
"TRUE","Close lg bowel fistula","4676"
"TRUE","Repair of intestine NEC","4679"
"FALSE","DILATION MANIPUL INTEST","468"
"TRUE","Intra-ab bowel manip NOS","4680"
"TRUE","Intra-abd sm bowel manip","4681"
"TRUE","Intra-abd lg bowel manip","4682"
"TRUE","Dilation of intestine","4685"
"TRUE","Endo insrt colonic stent","4686"
"TRUE","Insert colonic stent NEC","4687"
"FALSE","OTHER INTESTINAL OPS","469"
"TRUE","Myotomy of sigmoid colon","4691"
"TRUE","Myotomy of colon NEC","4692"
"TRUE","Revise sm bowel anastom","4693"
"TRUE","Revise lg bowel anastom","4694"
"TRUE","Local sm bowel perfusion","4695"
"TRUE","Local lg bowel perfusion","4696"
"TRUE","Transplant of intestine","4697"
"TRUE","Intestinal op NEC","4699"
"FALSE","APPENDECTOMY","470"
"TRUE","Lap appendectomy","4701"
"TRUE","Other appendectomy","4709"
"FALSE","INCIDENTAL APPENDECTOMY","471"
"TRUE","Lap incid appendectomy","4711"
"TRUE","Other incid appendectomy","4719"
"TRUE","Drain appendiceal absc","472"
"FALSE","OTHER APPENDICEAL OPS","479"
"TRUE","Appendicostomy","4791"
"TRUE","Close appendiceal fistul","4792"
"TRUE","Appendiceal ops NEC","4799"
"TRUE","Proctotomy","480"
"TRUE","Proctostomy","481"
"FALSE","RECTAL/PERIRECT DX PROC","482"
"TRUE","Transab proctosigmoidosc","4821"
"TRUE","Proctosigmoidosc thru st","4822"
"TRUE","Rigid proctosigmoidoscpy","4823"
"TRUE","Closed rectal biopsy","4824"
"TRUE","Open rectal biopsy","4825"
"TRUE","Perirectal tissue biopsy","4826"
"TRUE","Rect/perirect dx op NEC","4829"
"FALSE","LOCAL DESTRUC RECTAL LES","483"
"TRUE","Rad electrocoag-rect les","4831"
"TRUE","Electrocoag rect les NEC","4832"
"TRUE","Laser destruc rectal les","4833"
"TRUE","Cryosurg destr rect les","4834"
"TRUE","Local excis rectal les","4835"
"TRUE","Polypectomy of rectum","4836"
"FALSE","PULL-THRU RECT RESECTION","484"
"TRUE","Pull-thru res rectum NOS","4840"
"TRUE","Soave submuc rect resect","4841"
"TRUE","Lap pull-thru res rectum","4842"
"TRUE","Opn pull-thru res rectum","4843"
"TRUE","Pull-thru rect resec NEC","4849"
"FALSE","Abd-perineal rect resect","485"
"TRUE","Abdperneal res rectm NOS","4850"
"TRUE","Lap abdperneal resc rec","4851"
"TRUE","Opn abdperneal resc rec","4852"
"TRUE","Abdperineal resc rect NEC","4859"
"FALSE","OTHER RECTAL RESECTION","486"
"TRUE","Transsac rectosigmoidect","4861"
"TRUE","Ant rect resect w colost","4862"
"TRUE","Anterior rect resect NEC","4863"
"TRUE","Posterior rect resection","4864"
"TRUE","Duhamel rectal resection","4865"
"TRUE","Rectal resection NEC","4869"
"FALSE","REPAIR OF RECTUM","487"
"TRUE","Suture of rectal lacer","4871"
"TRUE","Closure of proctostomy","4872"
"TRUE","Close rectal fist NEC","4873"
"TRUE","Rectorectostomy","4874"
"TRUE","Abdominal proctopexy","4875"
"TRUE","Proctopexy NEC","4876"
"TRUE","Repair of rectum NEC","4879"
"FALSE","PERIRECTAL INCIS/EXCIS","488"
"TRUE","Perirectal incision","4881"
"TRUE","Perirectal excision","4882"
"FALSE","OTH RECTAL/PERIRECT OP","489"
"TRUE","Incis rectal stricture","4891"
"TRUE","Anorectal myomectomy","4892"
"TRUE","Repair perirect fistula","4893"
"TRUE","Rectal perirect op NEC","4899"
"FALSE","PERIANAL INCIS & EXCIS","490"
"TRUE","Incis perianal abscess","4901"
"TRUE","Perianal incision NEC","4902"
"TRUE","Excis perianal skin tag","4903"
"TRUE","Perianal excision NEC","4904"
"FALSE","INCIS/EXCIS ANAL FISTULA","491"
"TRUE","Anal fistulotomy","4911"
"TRUE","Anal fistulectomy","4912"
"FALSE","ANAL & PERIANAL DX PROC","492"
"TRUE","Anoscopy","4921"
"TRUE","Perianal biopsy","4922"
"TRUE","Biopsy of anus","4923"
"TRUE","Anal/perian dx proc NEC","4929"
"FALSE","LOC DESTR ANAL LES NEC","493"
"TRUE","Endosc destruc anus les","4931"
"TRUE","Other destruc anus les","4939"
"FALSE","HEMORRHOID PROCEDURES","494"
"TRUE","Hemorrhoid reduction","4941"
"TRUE","Hemorrhoid injection","4942"
"TRUE","Hemorrhoid cauterizat","4943"
"TRUE","Hemorrhoid cryotherapy","4944"
"TRUE","Hemorrhoid ligation","4945"
"TRUE","Hemorrhoidectomy","4946"
"TRUE","Hemorrhoid evacuation","4947"
"TRUE","Hemorrhoid procedure NEC","4949"
"FALSE","ANAL SPHINCTER DIVISION","495"
"TRUE","Left lat sphincterotomy","4951"
"TRUE","Post sphincterotomy","4952"
"TRUE","Anal sphincterotomy NEC","4959"
"TRUE","Excision of anus","496"
"FALSE","REPAIR OF ANUS","497"
"TRUE","Suture anal laceration","4971"
"TRUE","Anal cerclage","4972"
"TRUE","Closure of anal fistula","4973"
"TRUE","Gracilis musc transplan","4974"
"TRUE","Impl or rev art anal sph","4975"
"TRUE","Remov art anal sphincter","4976"
"TRUE","Anal sphinct repair NEC","4979"
"FALSE","OTH OPERATIONS ON ANUS","499"
"TRUE","Incision of anal septum","4991"
"TRUE","Insert subq anal stimul","4992"
"TRUE","Anal incision NEC","4993"
"TRUE","Reduction anal prolapse","4994"
"TRUE","Control anal hemorrhage","4995"
"TRUE","Anal operation NEC","4999"
"TRUE","Hepatotomy","500"
"FALSE","HEPATIC DIAGNOSTIC PROC","501"
"TRUE","Closed liver biopsy","5011"
"TRUE","Open liver biopsy","5012"
"TRUE","Transjugular liver bx","5013"
"TRUE","Laparoscopic liver bx","5014"
"TRUE","Hepatic dx proc NEC","5019"
"FALSE","LOCAL DESTRUC LIVER LES","502"
"TRUE","Marsupializat liver les","5021"
"TRUE","Partial hepatectomy","5022"
"TRUE","OPN ABLTN LIVER LES/TISS","5023"
"TRUE","PERC ABLTN LIVER LES/TIS","5024"
"TRUE","LAP ABLTN LIVER LES/TISS","5025"
"TRUE","ABLTN LIVER LES/TISS NEC","5026"
"TRUE","Destruc hepatic les NEC","5029"
"TRUE","Hepatic lobectomy","503"
"TRUE","Total hepatectomy","504"
"FALSE","LIVER TRANSPLANT","505"
"TRUE","Auxiliary liver transpl","5051"
"TRUE","Liver transplant NEC","5059"
"FALSE","REPAIR OF LIVER","506"
"TRUE","Closure liver lacerat","5061"
"TRUE","Liver repair NEC","5069"
"FALSE","OTHER LIVER OPERATIONS","509"
"TRUE","Percutan liver aspirat","5091"
"TRUE","Extracorpor hepat assis","5092"
"TRUE","Local perfusion liver","5093"
"TRUE","Hepatic injection NEC","5094"
"TRUE","Liver operation NEC","5099"
"FALSE","GALLBLADDER INCISION","510"
"TRUE","Percutan aspiration gb","5101"
"TRUE","Trocar cholecystostomy","5102"
"TRUE","Cholecystostomy NEC","5103"
"TRUE","Cholecystotomy NEC","5104"
"FALSE","BILIARY TRACT DX PROCS","511"
"TRUE","Endosc retro cholangiopa","5110"
"TRUE","Endoscop retro cholangio","5111"
"TRUE","Percu bx gb/bile duct","5112"
"TRUE","Open biliary tract bx","5113"
"TRUE","Clo endosc bx bile duct","5114"
"TRUE","Press measure sph Oddi","5115"
"TRUE","Biliary tr dx proc NEC","5119"
"FALSE","CHOLECYSTECTOMY","512"
"TRUE","Oth part cholecystectomy","5121"
"TRUE","Cholecystectomy","5122"
"TRUE","Laparoscopic cholecystec","5123"
"TRUE","Lap part cholecystectomy","5124"
"FALSE","BILIARY TRACT ANASTOMOS","513"
"TRUE","Gb-to-hepat duct anast","5131"
"TRUE","Gb-to-intestine anastom","5132"
"TRUE","Gb-to-pancreas anastom","5133"
"TRUE","Gb-to-stomach anastomos","5134"
"TRUE","Gallbladder anastom NEC","5135"
"TRUE","Choledochoenterostomy","5136"
"TRUE","Hepatic duct-gi anastom","5137"
"TRUE","Bile duct anastomos NEC","5139"
"FALSE","INCIS OBSTRUC BILE DUCT","514"
"TRUE","Cde for calculus remov","5141"
"TRUE","Cde for obstruction NEC","5142"
"TRUE","Choledochohepat intubat","5143"
"TRUE","Incis obstr bile duc NEC","5149"
"FALSE","OTH BILE DUCT INCISION","515"
"TRUE","Common duct exploration","5151"
"TRUE","Bile duct incision NEC","5159"
"FALSE","DESTRUC BILE DUCTS LES","516"
"TRUE","Excis cyst duct remnant","5161"
"TRUE","Excis ampulla of vater","5162"
"TRUE","Common duct excis NEC","5163"
"TRUE","Endosc destru bile les","5164"
"TRUE","Bile duct excision NEC","5169"
"FALSE","REPAIR OF BILE DUCTS","517"
"TRUE","Simple sut-common duct","5171"
"TRUE","Choledochoplasty","5172"
"TRUE","Bile duct repair NEC","5179"
"FALSE","OTH OP BILE DUCT/SPHINC","518"
"TRUE","Sphincter of oddi dilat","5181"
"TRUE","Pancreat sphincterotom","5182"
"TRUE","Pancreat sphincteroplas","5183"
"TRUE","Endosc dilation ampulla","5184"
"TRUE","Endosc sphincterotomy","5185"
"TRUE","Endosc inser nasobil tub","5186"
"TRUE","Endosc inser stent bile","5187"
"TRUE","Endo rem stone fr bil trac","5188"
"TRUE","Sphinct of oddi op NEC","5189"
"FALSE","OTHER BILIARY TRACT OPS","519"
"TRUE","Repair gb laceration","5191"
"TRUE","Closure cholecystostomy","5192"
"TRUE","Clos biliary fistul NEC","5193"
"TRUE","Revis bile tract anastom","5194"
"TRUE","Remove bile duct prosth","5195"
"TRUE","Perc extract CBD stone","5196"
"TRUE","Oth perc proc on bil tract","5198"
"TRUE","Biliary tract op NEC","5199"
"FALSE","PANCREATOTOMY","520"
"TRUE","Cath drain-pancreat cyst","5201"
"TRUE","Pancreatotomy NEC","5209"
"FALSE","PANCREATIC DIAGNOST PROC","521"
"TRUE","Closed pancreatic biopsy","5211"
"TRUE","Open pancreatic biopsy","5212"
"TRUE","Endosc retro pancreatog","5213"
"TRUE","Clo endosc bx pancre duc","5214"
"TRUE","Pancreatic dx proc NEC","5219"
"FALSE","DESTRU PANCREATIC DUCT","522"
"TRUE","Endosc destr pancrea les","5221"
"TRUE","Other destru pancrea les","5222"
"TRUE","Pancreat cyst marsupiali","523"
"TRUE","Int drain pancreat cyst","524"
"FALSE","PARTIAL PANCREATECTOMY","525"
"TRUE","Proximal pancreatectomy","5251"
"TRUE","Distal pancreatectomy","5252"
"TRUE","Rad subtot pancreatectom","5253"
"TRUE","Partial pancreatect NEC","5259"
"TRUE","Total pancreatectomy","526"
"TRUE","Rad pancreaticoduodenect","527"
"FALSE","TRANSPLANT OF PANCREAS","528"
"TRUE","Pancreat transplant NOS","5280"
"TRUE","Reimplant pancreatic tis","5281"
"TRUE","Pancreatic homotransplan","5282"
"TRUE","Pancreatic heterotranspl","5283"
"TRUE","Islets cell autotransplant","5284"
"TRUE","Islets cell allotransplant","5285"
"TRUE","Islets cell transplnt NOS","5286"
"FALSE","OTHER OPS ON PANCREAS","529"
"TRUE","Cannulation pancrea duc","5292"
"TRUE","Endosc inser panc stent","5293"
"TRUE","Endo rem stone fr pan duct","5294"
"TRUE","Pancreatic repair NEC","5295"
"TRUE","Pancreatic anastomosis","5296"
"TRUE","Endosc inser nasopan tub","5297"
"TRUE","Endosc dil pancreat duct","5298"
"TRUE","Pancreatic operation NEC","5299"
"FALSE","UNILAT ING HERNIA REPAIR","530"
"TRUE","Unilat inq hern rep NOS","5300"
"TRUE","Opn/oth rep dir ing hern","5301"
"TRUE","Opn/oth rep ind ing hern","5302"
"TRUE","Opn/oth dir ing hern-gft","5303"
"TRUE","Opn/oth ind ing hern-gft","5304"
"TRUE","Ing hernia rep-graft NOS","5305"
"FALSE","BILAT ING HERNIA REPAIR","531"
"TRUE","Bilat ing hernia rep NOS","5310"
"TRUE","Opn/oth bil dir ing hern","5311"
"TRUE","Opn/oth bil ind ing hern","5312"
"TRUE","Opnoth bi dr/in ing hrn","5313"
"TRUE","Opn/oth bi dr ing hrn-gr","5314"
"TRUE","Opn/oth bi in ing hrn-grf","5315"
"TRUE","Opn/oth bi dr/in ig hr-gr","5316"
"TRUE","Bil ing hrn rep-grft NOS","5317"
"FALSE","UNILAT FEMOR HERNIA REP","532"
"TRUE","Unil femor hrn rep-grft","5321"
"TRUE","Unil femor hern rep NEC","5329"
"FALSE","BILAT FEMOR HERN REPAIR","533"
"TRUE","Bil fem hern repair-grft","5331"
"TRUE","Bil fem hern repair NEC","5339"
"FALSE","UMBILICAL HERNIA REPAIR","534"
"TRUE","Opn/oth rep umb hrn-grft","5341"
"TRUE","Lap umbil hernia-graft","5342"
"TRUE","Lap umbilical hernia NEC","5343"
"TRUE","Open rep umbil hern NEC","5349"
"FALSE","REPAIR OTH ABD WALL HERN","535"
"TRUE","Incisional hernia repair","5351"
"TRUE","Abd wall hern repair NEC","5359"
"FALSE","REPAIR OTH ABD HERN-GRFT","536"
"TRUE","Open incis hern-grft NEC","5361"
"TRUE","Lap incis hern repr-grft","5362"
"TRUE","Lap hern ant abd-gft NEC","5363"
"TRUE","Opn hern ant abd-grf NEC","5369"
"FALSE","Abd repair-diaphr hernia","537"
"TRUE","Lap abd rep-diaphr hern","5371"
"TRUE","Opn abd diaphrm hern NEC","5372"
"TRUE","Abd rep-diaphr hern NOS","5375"
"FALSE","THOR REPAIR-DIAPH HERNIA","538"
"TRUE","Thor rep-diaph hern NOS","5380"
"TRUE","Diaphragmatic plication","5381"
"TRUE","Parastern hernia repair","5382"
"TRUE","Lap thorc app-diaph hern","5383"
"TRUE","Opn thorc diaph hern NEC","5384"
"TRUE","Other hernia repair","539"
"TRUE","Abdominal wall incision","540"
"FALSE","LAPAROTOMY","541"
"TRUE","Exploratory laparotomy","5411"
"TRUE","Reopen recent lap site","5412"
"TRUE","Laparotomy NEC","5419"
"FALSE","ABD REGION DIAGNOS PROCS","542"
"TRUE","Laparoscopy","5421"
"TRUE","Abdominal wall biopsy","5422"
"TRUE","Peritoneal biopsy","5423"
"TRUE","Closed intra-abd mass bx","5424"
"TRUE","Peritoneal lavage","5425"
"TRUE","Abd region dx proc NEC","5429"
"TRUE","Destruct abd wall lesion","543"
"TRUE","Destruct peritoneal tiss","544"
"FALSE","PERITONEAL ADHESIOLYSIS","545"
"TRUE","Lap periton adhesiolysis","5451"
"TRUE","Oth periton adhesiolysis","5459"
"FALSE","ABD WALL PERITON SUTURE","546"
"TRUE","Reclose post op disrupt","5461"
"TRUE","Delayed clos abd wound","5462"
"TRUE","Abd wall suture NEC","5463"
"TRUE","Peritoneal suture","5464"
"FALSE","OTH ABD WALL PERITON REP","547"
"TRUE","Repair of gastroschisis","5471"
"TRUE","Abdomen wall repair NEC","5472"
"TRUE","Peritoneal repair NEC","5473"
"TRUE","Omental repair NEC","5474"
"TRUE","Mesenteric repair NEC","5475"
"FALSE","OTHER ABDOMEN REGION OPS","549"
"TRUE","Percu abdominal drainage","5491"
"TRUE","Remove FB from periton","5492"
"TRUE","Create cutanperiton fist","5493"
"TRUE","Creat peritoneovas shunt","5494"
"TRUE","Peritoneal incision","5495"
"TRUE","Injec air-periton cavity","5496"
"TRUE","Inj therap subst periton","5497"
"TRUE","Peritoneal dialysis","5498"
"TRUE","Abdomen region ops NEC","5499"
"FALSE","NEPHROTOMY & NEPHROSTOMY","550"
"TRUE","Nephrotomy","5501"
"TRUE","Nephrostomy","5502"
"TRUE","Percu nephrostm w/o frag","5503"
"TRUE","Percu nephrostmy w frag","5504"
"FALSE","PYELOTOMY & PYELOSTOMY","551"
"TRUE","Pyelotomy","5511"
"TRUE","Pyelostomy","5512"
"FALSE","RENAL DIAGNOSTIC PROCED","552"
"TRUE","Nephroscopy","5521"
"TRUE","Pyeloscopy","5522"
"TRUE","Closed renal biopsy","5523"
"TRUE","Open renal biopsy","5524"
"TRUE","Renal diagnost proc NEC","5529"
"FALSE","LOCAL DESTRUC RENAL LES","553"
"TRUE","Renal les marsupializat","5531"
"TRUE","OPN ABLTN RENAL LES/TISS","5532"
"TRUE","PERC ABLTN RENL LES/TISS","5533"
"TRUE","LAP ABLTN RENAL LES/TISS","5534"
"TRUE","ABLTN RENAL LES/TISS NEC","5535"
"TRUE","Loc destr renal les NEC","5539"
"TRUE","Partial nephrectomy","554"
"FALSE","COMPLETE NEPHRECTOMY","555"
"TRUE","Nephroureterectomy","5551"
"TRUE","Solitary kidney nephrect","5552"
"TRUE","Rejected kidney nephrect","5553"
"TRUE","Bilateral nephrectomy","5554"
"FALSE","KIDNEY TRANSPLANT","556"
"TRUE","Renal autotransplant","5561"
"TRUE","Kidney transplant NEC","5569"
"TRUE","Nephropexy","557"
"FALSE","OTHER KIDNEY REPAIR","558"
"TRUE","Suture kidney laceration","5581"
"TRUE","Close nephrost & pyelost","5582"
"TRUE","Close renal fistula NEC","5583"
"TRUE","Reduce renal pedicl tors","5584"
"TRUE","Symphysiotomy","5585"
"TRUE","Renal anastomosis","5586"
"TRUE","Correct ureteropelv junc","5587"
"TRUE","Renal repair NEC","5589"
"FALSE","OTHER RENAL OPERATIONS","559"
"TRUE","Renal decapsulation","5591"
"TRUE","Percutan renal aspirat","5592"
"TRUE","Replace nephrostomy tube","5593"
"TRUE","Replace pyelostomy tube","5594"
"TRUE","Local renal perfusion","5595"
"TRUE","Renal injection NEC","5596"
"TRUE","Implant mechanic kidney","5597"
"TRUE","Remov mechanical kidney","5598"
"TRUE","Renal operation NEC","5599"
"TRUE","Tu remov ureter obstruct","560"
"TRUE","Ureteral meatotomy","561"
"TRUE","Ureterotomy","562"
"FALSE","URETERAL DIAGNOST PROC","563"
"TRUE","Ureteroscopy","5631"
"TRUE","Closed ureteral biopsy","5632"
"TRUE","Clos endosc ureteral bx","5633"
"TRUE","Open ureteral biopsy","5634"
"TRUE","Endoscopic ileal conduit","5635"
"TRUE","Ureteral dx procedur NEC","5639"
"FALSE","URETERECTOMY","564"
"TRUE","Ureterectomy NOS","5640"
"TRUE","Partial ureterectomy","5641"
"TRUE","Total ureterectomy","5642"
"FALSE","CUTAN URETERO-ILEOSTOMY","565"
"TRUE","Form cutan ileoureterost","5651"
"TRUE","Revis cutan ileoureteros","5652"
"FALSE","EXT URIN DIVERSION NEC","566"
"TRUE","Form cutan ureterostomy","5661"
"TRUE","Revis cutan ureteros NEC","5662"
"FALSE","OTHER URETERAL ANASTOMOS","567"
"TRUE","Urin diversion to bowel","5671"
"TRUE","Revis ureteroenterostomy","5672"
"TRUE","Nephrocystanastomosi NOS","5673"
"TRUE","Ureteroneocystostomy","5674"
"TRUE","Transureteroureterostomy","5675"
"TRUE","Ureteral anastomosis NEC","5679"
"FALSE","REPAIR OF URETER","568"
"TRUE","Intralum urete adhesioly","5681"
"TRUE","Suture ureteral lacerat","5682"
"TRUE","Ureterostomy closure","5683"
"TRUE","Close ureter fistula NEC","5684"
"TRUE","Ureteropexy","5685"
"TRUE","Remove ureteral ligature","5686"
"TRUE","Repair of ureter NEC","5689"
"FALSE","OTHER URETERAL OPERATION","569"
"TRUE","Dilation ureteral meatus","5691"
"TRUE","Implant ureteral stimul","5692"
"TRUE","Replace ureteral stimul","5693"
"TRUE","Remove ureteral stimulat","5694"
"TRUE","Ligation of ureter","5695"
"TRUE","Ureteral operation NEC","5699"
"TRUE","Transurethral clear blad","570"
"FALSE","CYSTOTOMY AND CYSTOSTOMY","571"
"TRUE","Percutan bladder aspirat","5711"
"TRUE","Cystotomy & adhesiolysis","5712"
"TRUE","Percutaneous cystostomy","5717"
"TRUE","Other suprapu cystostomy","5718"
"TRUE","Cystotomy NEC","5719"
"FALSE","VESICOSTOMY","572"
"TRUE","Vesicostomy","5721"
"TRUE","Revise clo vesicostomy","5722"
"FALSE","BLADDER DIAGNOSTIC PROC","573"
"TRUE","Cystoscopy thru stoma","5731"
"TRUE","Cystoscopy NEC","5732"
"TRUE","Clos transureth bladd bx","5733"
"TRUE","Open bladder biopsy","5734"
"TRUE","Bladder diagnos proc NEC","5739"
"FALSE","TU DESTRUCT BLADDER LES","574"
"TRUE","Tu adhesiolysis bladder","5741"
"TRUE","Tu destruc bladd les NEC","5749"
"FALSE","BLADDER LES DESTRUCT NEC","575"
"TRUE","Excision of urachus","5751"
"TRUE","Bladder les destruct NEC","5759"
"TRUE","Partial cystectomy","576"
"FALSE","TOTAL CYSTECTOMY","577"
"TRUE","Radical cystectomy","5771"
"TRUE","Total cystectomy NEC","5779"
"FALSE","OTHER BLADDER REPAIR","578"
"TRUE","Suture bladder lacerat","5781"
"TRUE","Cystostomy closure","5782"
"TRUE","Enterovesico fist repair","5783"
"TRUE","Vesic fistula repair NEC","5784"
"TRUE","Cystourethroplasty","5785"
"TRUE","Bladder exstrophy repair","5786"
"TRUE","Bladder reconstruction","5787"
"TRUE","Bladder anastomosis NEC","5788"
"TRUE","Bladder repair NEC","5789"
"FALSE","OTHER BLADDER OPERATIONS","579"
"TRUE","Bladder sphincterotomy","5791"
"TRUE","Bladder neck dilation","5792"
"TRUE","Control bladd hemorrhage","5793"
"TRUE","Insert indwelling cath","5794"
"TRUE","Replace indwelling cath","5795"
"TRUE","Implant bladder stimulat","5796"
"TRUE","Replace bladder stimulat","5797"
"TRUE","Remove bladder stimulat","5798"
"TRUE","Bladder operation NEC","5799"
"TRUE","Urethrotomy","580"
"TRUE","Urethral meatotomy","581"
"FALSE","URETHRAL DIAGNOSTIC PROC","582"
"TRUE","Perineal urethroscopy","5821"
"TRUE","Urethroscopy NEC","5822"
"TRUE","Urethral biopsy","5823"
"TRUE","Periurethral biopsy","5824"
"TRUE","Urethral dx proc NEC","5829"
"FALSE","URETHRAL LES DESTRUCTION","583"
"TRUE","Endosc destr urethra les","5831"
"TRUE","Other destru urethra les","5839"
"FALSE","REPAIR OF URETHRA","584"
"TRUE","Suture urethral lacerat","5841"
"TRUE","Urethrostomy closure","5842"
"TRUE","Close ureth fistula NEC","5843"
"TRUE","Urethral reanastomosis","5844"
"TRUE","Hypo-epispadius repair","5845"
"TRUE","Ureth reconstruction NEC","5846"
"TRUE","Urethral meatoplasty","5847"
"TRUE","Urethral repair NEC","5849"
"TRUE","Ureth stricture release","585"
"TRUE","Urethral dilation","586"
"FALSE","OTH URETH/PERIURETH OPS","589"
"TRUE","Periurethral incision","5891"
"TRUE","Periurethral excision","5892"
"TRUE","Implt artf urin sphinct","5893"
"TRUE","Ureth/periureth op NEC","5899"
"FALSE","RETROPERITONEAL DISSECT","590"
"TRUE","Retroperit dissect NOS","5900"
"TRUE","Periren adhesiolys NEC","5902"
"TRUE","Lap lys periren/uret adh","5903"
"TRUE","Periren/ureter incis NEC","5909"
"FALSE","PERIVESICAL INCISION","591"
"TRUE","Oth lys perives adhesio","5911"
"TRUE","Lap lys perivesureth adh","5912"
"TRUE","Perivesical incision NEC","5919"
"FALSE","PERIREN/URETER DX PROCS","592"
"TRUE","Periren/ureteral biopsy","5921"
"TRUE","Periren/uret dx proc NEC","5929"
"TRUE","Urethroves junct plicat","593"
"TRUE","Suprapubic sling op","594"
"TRUE","Retropubic ureth suspens","595"
"TRUE","Paraurethral suspension","596"
"FALSE","OTH URIN INCONTIN REPAIR","597"
"TRUE","Levator musc suspension","5971"
"TRUE","Inject implant urethra","5972"
"TRUE","Urin incontin repair NEC","5979"
"TRUE","Ureteral catheterization","598"
"FALSE","OTHER URINARY SYSTEM OPS","599"
"TRUE","Periren/vesicle excision","5991"
"TRUE","Periren/vesicle op NEC","5992"
"TRUE","Replace ureterost tube","5993"
"TRUE","Replace cystostomy tube","5994"
"TRUE","Ultrason fragment-stone","5995"
"TRUE","Urinary system op NEC","5999"
"TRUE","Incision of prostate","600"
"FALSE","PROST & SEM VES DX PROC","601"
"TRUE","Closed prostatic biopsy","6011"
"TRUE","Open prostatic biopsy","6012"
"TRUE","Clos seminal vesicles bx","6013"
"TRUE","Open seminal vesicles bx","6014"
"TRUE","Periprostatic biopsy","6015"
"TRUE","Prostatic dx proc NEC","6018"
"TRUE","Semin ves dx proc NEC","6019"
"FALSE","TRANSURETHRAL PROSTATECT","602"
"TRUE","Transureth prostatectomy","6021"
"TRUE","Oth transureth prostatec","6029"
"TRUE","Suprapubic prostatectomy","603"
"TRUE","Retropubic prostatectomy","604"
"TRUE","Radical prostatectomy","605"
"FALSE","OTHER PROSTATECTOMY","606"
"TRUE","Los excis prostatic les","6061"
"TRUE","Perineal prostatectomy","6062"
"TRUE","Prostatectomy NEC","6069"
"FALSE","SEMINAL VESICLE OPS","607"
"TRUE","Percut semin ves aspirat","6071"
"TRUE","Seminal vesicle incision","6072"
"TRUE","Seminal vesicle excision","6073"
"TRUE","Seminal vesicle op NEC","6079"
"FALSE","PERIPROSTAT INCIS & EXC","608"
"TRUE","Periprostatic incision","6081"
"TRUE","Periprostatic excision","6082"
"FALSE","OTHER PROSTATIC OPS","609"
"TRUE","Percut prostatic aspirat","6091"
"TRUE","Injection into prostate","6092"
"TRUE","Repair of prostate","6093"
"TRUE","Control prostate hemorr","6094"
"TRUE","Trans bal dil pros ureth","6095"
"TRUE","Tu destr prostate by mt","6096"
"TRUE","Oth tu destr pros - rt","6097"
"TRUE","Prostatic operation NEC","6099"
"TRUE","Scrotum & tunica I&D","610"
"FALSE","SCROTUM & TUNICA DX PROC","611"
"TRUE","Scrotum & tunica biopsy","6111"
"TRUE","Scrot/tunica dx proc NEC","6119"
"TRUE","Excision of hydrocele","612"
"TRUE","Scrotal les destruction","613"
"FALSE","SCROTUM & TUNICA REPAIR","614"
"TRUE","Suture scrotal lacerat","6141"
"TRUE","Scrotal fistula repair","6142"
"TRUE","Scrotum/tunic repair NEC","6149"
"FALSE","OTHER SCROTUM/TUNIC OPS","619"
"TRUE","Percut tunica aspiration","6191"
"TRUE","Excision tunica les NEC","6192"
"TRUE","Scrotum & tunica op NEC","6199"
"TRUE","Incision of testes","620"
"FALSE","TESTES DIAGNOSTIC PROCS","621"
"TRUE","Closed testicular biopsy","6211"
"TRUE","Open testicular biopsy","6212"
"TRUE","Testes dx procedure NEC","6219"
"TRUE","Testicular les destruct","622"
"TRUE","Unilateral orchiectomy","623"
"FALSE","BILATERAL ORCHIECTOMY","624"
"TRUE","Remove both testes","6241"
"TRUE","Remove solitary testis","6242"
"TRUE","Orchiopexy","625"
"FALSE","REPAIR OF TESTES","626"
"TRUE","Suture testicular lacer","6261"
"TRUE","Testicular repair NEC","6269"
"TRUE","Insert testicular prosth","627"
"FALSE","OTHER TESTICULAR OPS","629"
"TRUE","Aspiration of testes","6291"
"TRUE","Injection into testes","6292"
"TRUE","Testicular operation NEC","6299"
"FALSE","SPERMATIC CORD/VAS DX OP","630"
"TRUE","Spermatic cord/vas biops","6301"
"TRUE","Spermat cord/vas dx NEC","6309"
"TRUE","Exc spermatic varicocele","631"
"TRUE","Excise epididymis cyst","632"
"TRUE","Excise cord/epid les NEC","633"
"TRUE","Epididymectomy","634"
"FALSE","CORD & EPIDIDYMIS REPAIR","635"
"TRUE","Suture cord & epid lacer","6351"
"TRUE","Reduction torsion testes","6352"
"TRUE","Transplant spermat cord","6353"
"TRUE","Cord & epidid repair NEC","6359"
"TRUE","Vasotomy","636"
"FALSE","VASECTOMY & VAS LIGATION","637"
"TRUE","Male sterilization NOS","6370"
"TRUE","Ligation of vas deferens","6371"
"TRUE","Spermatic cord ligation","6372"
"TRUE","Vasectomy","6373"
"FALSE","VAS & EPIDIDYMIS REPAIR","638"
"TRUE","Suture vas & epidid lac","6381"
"TRUE","Postop vas reconstruct","6382"
"TRUE","Epididymovasostomy","6383"
"TRUE","Removal vas ligature","6384"
"TRUE","Remov vas deferens valve","6385"
"TRUE","Vas & epididy repair NEC","6389"
"FALSE","OTHER CORD/EPID/VAS OPS","639"
"TRUE","Spermatocele aspiration","6391"
"TRUE","Epididymotomy","6392"
"TRUE","Spermatic cord incision","6393"
"TRUE","Sperm cord adhesiolysis","6394"
"TRUE","Insert valve in vas def","6395"
"TRUE","Cord/epid/vas ops NEC","6399"
"TRUE","Circumcision","640"
"FALSE","PENILE DIAGNOSTIC PROCS","641"
"TRUE","Penile biopsy","6411"
"TRUE","Penile diagnost proc NEC","6419"
"TRUE","Local excis penile les","642"
"TRUE","Amputation of penis","643"
"FALSE","PENILE REPAIR","644"
"TRUE","Suture penile laceration","6441"
"TRUE","Release of chordee","6442"
"TRUE","Construction of penis","6443"
"TRUE","Reconstruction of penis","6444"
"TRUE","Replantation of penis","6445"
"TRUE","Penile repair NEC","6449"
"TRUE","Sex transformat op NEC","645"
"FALSE","OTHER MALE GENITAL OPS","649"
"TRUE","Dorsal/lat slit prepuce","6491"
"TRUE","Incision of penis","6492"
"TRUE","Division of penile adhes","6493"
"TRUE","Fit ext penile prosthes","6494"
"TRUE","Ins noninfl penis prosth","6495"
"TRUE","Remove int penile prosth","6496"
"TRUE","Ins inflate penis prosth","6497"
"TRUE","Penile operation NEC","6498"
"TRUE","Male genital op NEC","6499"
"FALSE","OOPHOROTOMY","650"
"TRUE","Laparoscopic oophorotomy","6501"
"TRUE","Other oophorotomy","6509"
"FALSE","OVARIAN DIAGNOST PROCS","651"
"TRUE","Ovarian aspirat biopsy","6511"
"TRUE","Ovarian biopsy NEC","6512"
"TRUE","Lap biopsy of ovary","6513"
"TRUE","Oth lap dx proc ovaries","6514"
"TRUE","Ovarian dx procedure NEC","6519"
"FALSE","LOCAL DESTRUCT OVARY LES","652"
"TRUE","Ovarian cyst marsupializ","6521"
"TRUE","Ovarian wedge resection","6522"
"TRUE","Lap marsup ovarian cyst","6523"
"TRUE","Lap wedge resect ovary","6524"
"TRUE","Oth lap loc exc dest ova","6525"
"TRUE","Local destr ova les NEC","6529"
"FALSE","UNILATERAL OOPHORECTOMY","653"
"TRUE","Lap unilat oophorectomy","6531"
"TRUE","Oth unilat oophorectomy","6539"
"FALSE","UNILAT SALPINGO-OOPHOREC","654"
"TRUE","Lap uni salpingo-oophor","6541"
"TRUE","Oth uni salpingo-oophor","6549"
"FALSE","BILATERAL OOPHORECTOMY","655"
"TRUE","Oth remove both ovaries","6551"
"TRUE","Oth remove remain ovary","6552"
"TRUE","Lap remove both ovaries","6553"
"TRUE","Lap remove remain ovary","6554"
"FALSE","BILAT SALPINGO-OOPHORECT","656"
"TRUE","Oth remove ovaries&tubes","6561"
"TRUE","Oth remove rem ova&tube","6562"
"TRUE","Lap remove ovaries&tubes","6563"
"TRUE","Lap remove rem ova&tube","6564"
"FALSE","REPAIR OF OVARY","657"
"TRUE","Oth simple suture ovary","6571"
"TRUE","Oth reimplant of ovary","6572"
"TRUE","Oth salpingo-oophoroplas","6573"
"TRUE","Lap simple suture ovary","6574"
"TRUE","Lap reimplant of ovary","6575"
"TRUE","Lap salpingo-oophoroplas","6576"
"TRUE","Repair of ovary NEC","6579"
"FALSE","TUBO-OVARIAN ADHESIOLYS","658"
"TRUE","Lap adhesiolys ova/tube","6581"
"TRUE","Adhesiolysis ovary/tube","6589"
"FALSE","OTHER OVARIAN OPERATIONS","659"
"TRUE","Aspiration of ovary","6591"
"TRUE","Transplantation of ovary","6592"
"TRUE","Manual rupt ovarian cyst","6593"
"TRUE","Ovarian denervation","6594"
"TRUE","Ovarian torsion release","6595"
"TRUE","Ovarian operation NEC","6599"
"FALSE","SALPINGOTOMY","660"
"TRUE","Salpingotomy","6601"
"TRUE","Salpingostomy","6602"
"FALSE","FALLOPIAN TUBE DX PROCS","661"
"TRUE","Fallopian tube biopsy","6611"
"TRUE","Fallop tube dx proc NEC","6619"
"FALSE","BILAT ENDOSC OCCL FALLOP","662"
"TRUE","Bilat endosc crush tube","6621"
"TRUE","Bilat endosc divis tube","6622"
"TRUE","Bilat endos occ tube NEC","6629"
"FALSE","OTHER BILAT TUBE DESTRUC","663"
"TRUE","Bilat tubal crushing NEC","6631"
"TRUE","Bilat tubal division NEC","6632"
"TRUE","Bilat tubal destruct NEC","6639"
"TRUE","Total unilat salpingect","664"
"FALSE","TOTAL BILAT SALPINGECTOM","665"
"TRUE","Remove both fallop tubes","6651"
"TRUE","Remove solitary fal tube","6652"
"FALSE","OTHER SALPINGECTOMY","666"
"TRUE","Destroy fallop tube les","6661"
"TRUE","Remov tube & ectop preg","6662"
"TRUE","Bilat part salpingec NOS","6663"
"TRUE","Partial salpingectom NEC","6669"
"FALSE","REPAIR OF FALLOPIAN TUBE","667"
"TRUE","Simpl suture fallop tube","6671"
"TRUE","Salpingo-oophorostomy","6672"
"TRUE","Salpingo-salpingostomy","6673"
"TRUE","Salpingo-uterostomy","6674"
"TRUE","Fallop tube repair NEC","6679"
"TRUE","Fallopian tube insufflat","668"
"FALSE","OTHER FALLOPIAN TUBE OPS","669"
"TRUE","Fallopian tube aspirat","6691"
"TRUE","Unilat fallop tube destr","6692"
"TRUE","Impl fallop tube prosth","6693"
"TRUE","Remov fallop tube prosth","6694"
"TRUE","Blow therapeut into tube","6695"
"TRUE","Fallopian tube dilation","6696"
"TRUE","Bury fimbriae in uterus","6697"
"TRUE","Fallopian tube op NEC","6699"
"TRUE","Cervical canal dilation","670"
"FALSE","CERVICAL DIAGNOSTIC PROC","671"
"TRUE","Endocervical biopsy","6711"
"TRUE","Cervical biopsy NEC","6712"
"TRUE","Cervical dx procedur NEC","6719"
"TRUE","Conization of cervix","672"
"FALSE","DESTROY CERVICAL LES NEC","673"
"TRUE","Cervical cyst marsupial","6731"
"TRUE","Cervical les cauterizat","6732"
"TRUE","Cervical les cryotherapy","6733"
"TRUE","Cervical les destruc NEC","6739"
"TRUE","Amputation of cervix","674"
"FALSE","REP OF INTERNAL CERV OS","675"
"TRUE","Transab cerclage cervix","6751"
"TRUE","Oth rep int cervical os","6759"
"FALSE","OTHER REPAIR OF CERVIX","676"
"TRUE","Suture cervical lacerat","6761"
"TRUE","Cervical fistula repair","6762"
"TRUE","Cervical repair NEC","6769"
"TRUE","Hysterotomy","680"
"FALSE","UTERUS & SUPPORT DX PROC","681"
"TRUE","Digital exam of uterus","6811"
"TRUE","Hysteroscopy","6812"
"TRUE","Open uterine biopsy","6813"
"TRUE","Open uterine ligament bx","6814"
"TRUE","Clos uterine ligament bx","6815"
"TRUE","Closed uterine biopsy","6816"
"TRUE","Uterus/adnex dx proc NEC","6819"
"FALSE","UTERINE LES DESTRUCTION","682"
"TRUE","Endomet synechiae divis","6821"
"TRUE","Incision uterine septum","6822"
"TRUE","Endometrial ablation","6823"
"TRUE","Uterine les destruct NEC","6829"
"FALSE","Subtot abd hysterectomy","683"
"TRUE","Lap scervic hysterectomy","6831"
"TRUE","Subtotl abd hyst NEC/NOS","6839"
"FALSE","Total abd hysterectomy","684"
"TRUE","LAP TOTAL ABDOMINAL HYST","6841"
"TRUE","TOTAL ABD HYST NEC/NOS","6849"
"FALSE","VAGINAL HYSTERECTOMY","685"
"TRUE","Lap ast vag hysterectomy","6851"
"TRUE","Vag hysterectomy NEC/NOS","6859"
"FALSE","Radical abd hysterectomy","686"
"TRUE","LAP RADICAL ABDOMNL HYST","6861"
"TRUE","RADICAL ABD HYST NEC/NOS","6869"
"FALSE","Radical vag hysterectomy","687"
"TRUE","LAP RADICAL VAGINAL HYST","6871"
"TRUE","RADICAL VAG HYST NEC/NOS","6879"
"TRUE","Pelvic evisceration","688"
"TRUE","Hysterectomy NEC/NOS","689"
"FALSE","UTERINE D & C","690"
"TRUE","D & C for preg terminat","6901"
"TRUE","D & C post delivery","6902"
"TRUE","D & C NEC","6909"
"FALSE","DESTRUC UTER SUPPORT LES","691"
"TRUE","Destruc uter support NEC","6919"
"FALSE","UTERINE SUPPORT REPAIR","692"
"TRUE","Interposit op uterin lig","6921"
"TRUE","Uterine suspension NEC","6922"
"TRUE","Vag repair invers uterus","6923"
"TRUE","Uterus/adnexa repair NEC","6929"
"TRUE","Paracerv uterine denerv","693"
"FALSE","UTERINE REPAIR","694"
"TRUE","Suture uterine lacerat","6941"
"TRUE","Closure uterine fistula","6942"
"TRUE","Uterine repair NEC","6949"
"FALSE","ASPIRAT CURETTAGE UTERUS","695"
"TRUE","Aspirat curet-preg termi","6951"
"TRUE","Aspirat curet-post deliv","6952"
"TRUE","Oth asp curettage uterus","6959"
"TRUE","Menstrual extraction","696"
"TRUE","Insertion of IUD","697"
"FALSE","OTHER UTERUS/SUPPORT OPS","699"
"TRUE","Insert uterine device","6991"
"TRUE","Artificial insemination","6992"
"TRUE","Insertion of laminaria","6993"
"TRUE","Man replace invert uter","6994"
"TRUE","Incision of cervix","6995"
"TRUE","Remove cervical cerclage","6996"
"TRUE","Remove penetrat cerv FB","6997"
"TRUE","Uterine support op NEC","6998"
"TRUE","Uterine operation NEC","6999"
"TRUE","Culdocentesis","700"
"FALSE","INCIS VAGINA/CUL-DE-SAC","701"
"TRUE","Hymenotomy","7011"
"TRUE","Culdotomy","7012"
"TRUE","Intralum vag adhesiolys","7013"
"TRUE","Vaginotomy NEC","7014"
"FALSE","VAGIN/CUL-DE-SAC DX PROC","702"
"TRUE","Vaginoscopy","7021"
"TRUE","Culdoscopy","7022"
"TRUE","Cul-de-sac biopsy","7023"
"TRUE","Vaginal biopsy","7024"
"TRUE","Vagin/cul-de-sac dx NEC","7029"
"FALSE","EXCIS VAG/CUL-DE-SAC LES","703"
"TRUE","Hymenectomy","7031"
"TRUE","Excis cul-de-sac lesion","7032"
"TRUE","Excision vaginal lesion","7033"
"TRUE","Vaginal obliteration","704"
"FALSE","CYSTOCEL/RECTOCEL REPAIR","705"
"TRUE","Cystocel/rectocel repair","7050"
"TRUE","Cystocele repair","7051"
"TRUE","Rectocele repair","7052"
"TRUE","Cysto & recto w grf/pros","7053"
"TRUE","Rep cystocel w grft/pros","7054"
"TRUE","Rep rectocele w grf/pros","7055"
"FALSE","VAG CONSTRUC/RECONSTRUC","706"
"TRUE","Vaginal construction","7061"
"TRUE","Vaginal reconstruction","7062"
"TRUE","Vaginal const w grf/pros","7063"
"TRUE","Vag reconst w grft/pros","7064"
"FALSE","OTHER VAGINAL REPAIR","707"
"TRUE","Suture vagina laceration","7071"
"TRUE","Repair colovagin fistula","7072"
"TRUE","Repair rectovag fistula","7073"
"TRUE","Rep vaginoent fistul NEC","7074"
"TRUE","Repair vag fistula NEC","7075"
"TRUE","Hymenorrhaphy","7076"
"TRUE","Vaginal suspens & fixat","7077"
"TRUE","Vag susp/fix w grft/pros","7078"
"TRUE","Vaginal repair NEC","7079"
"TRUE","Vaginal vault obliterat","708"
"FALSE","OTH VAG & CUL-DE-SAC OPS","709"
"TRUE","Vaginal operation NEC","7091"
"TRUE","Cul-de-sac operation NEC","7092"
"TRUE","Cul-de-sac grf/pros NEC","7093"
"TRUE","Insert biological graft","7094"
"TRUE","Insert synth graft/prost","7095"
"FALSE","INCIS VULVA & PERINEUM","710"
"TRUE","Vulvar adhesiolysis","7101"
"TRUE","Incis vulva/perineum NEC","7109"
"FALSE","VULVAR DIAGNOSTIC PROCS","711"
"TRUE","Vulvar biopsy","7111"
"TRUE","Vulvar diagnos proc NEC","7119"
"FALSE","BARTHOLIN'S GLAND OPS","712"
"TRUE","Percutan bartholin aspir","7121"
"TRUE","Incise bartholin's gland","7122"
"TRUE","Bartholin gland marsup","7123"
"TRUE","Destruc bartholin gland","7124"
"TRUE","Bartholin's gland op NEC","7129"
"TRUE","Local vulvar excis NEC","713"
"TRUE","Operations on clitoris","714"
"TRUE","Radical vulvectomy","715"
"FALSE","OTHER VULVECTOMY","716"
"TRUE","Unilateral vulvectomy","7161"
"TRUE","Bilateral vulvectomy","7162"
"FALSE","VULVAR & PERINEAL REPAIR","717"
"TRUE","Suture vulvar laceration","7171"
"TRUE","Repair vulvar fistula","7172"
"TRUE","Vulvar/perin repair NEC","7179"
"TRUE","Other vulvar operations","718"
"TRUE","Other female genital ops","719"
"TRUE","Low forceps operation","720"
"TRUE","Low forceps op w episiotom","721"
"FALSE","MID FORCEPS OPERATION","722"
"TRUE","Mid forceps op w episiotom","7221"
"TRUE","Oth mid forceps operation","7229"
"FALSE","HIGH FORCEPS OPERATION","723"
"TRUE","High forceps op w episioto","7231"
"TRUE","Oth high forceps operation","7239"
"TRUE","Forceps rotatn of fetal hd","724"
"FALSE","BREECH EXTRACTION","725"
"TRUE","Part breech ext w forceps","7251"
"TRUE","Oth part breech extraction","7252"
"TRUE","Tot breech ext w forceps","7253"
"TRUE","Oth tot breech ext w forc","7254"
"TRUE","Forceps-aftercoming head","726"
"FALSE","VACUUM EXTRACTION DELIV","727"
"TRUE","Vac ext w episiotomy","7271"
"TRUE","Other vacuum extraction","7279"
"TRUE","Instrument delivery NEC","728"
"TRUE","Instrument delivery NOS","729"
"FALSE","ARTIFICIAL RUPT MEMBRANE","730"
"TRUE","Induct labor-rupt memb","7301"
"TRUE","Artif rupt membranes NEC","7309"
"TRUE","Surg induct labor NEC","731"
"FALSE","INT/COMB VERSION/EXTRACT","732"
"TRUE","Int & comb ext vers wo ext","7321"
"TRUE","Int & comb ext vers w ext","7322"
"TRUE","Failed forceps","733"
"TRUE","Medical induction labor","734"
"FALSE","MANUALLY ASSISTED DELIV","735"
"TRUE","Manual rotation fetal head","7351"
"TRUE","Oth manual assist delivery","7359"
"TRUE","Episiotomy","736"
"TRUE","Op on fetus fac delivery","738"
"FALSE","OTH OPS ASSISTING DELIV","739"
"TRUE","Ext version-assist deliv","7391"
"TRUE","Replac prolaps umb cord","7392"
"TRUE","Incis cx to assist deliv","7393"
"TRUE","Pubiotomy to assist del","7394"
"TRUE","Ops assisting deliv NEC","7399"
"TRUE","Classical c-section","740"
"TRUE","Low cervical c-section","741"
"TRUE","Extraperitoneal c-sect","742"
"TRUE","Rem extratub ectop preg","743"
"TRUE","Cesarean section NEC","744"
"FALSE","CESAREAN SECTION NOS","749"
"TRUE","Hysterotomy to termin pg","7491"
"TRUE","Cesarean section NOS","7499"
"TRUE","Intra-amnion inj for abort","750"
"TRUE","Diagnostic amniocentesis","751"
"TRUE","Intrauterine transfusion","752"
"FALSE","INTRAUT FETAL OPS NEC","753"
"TRUE","Amnioscopy","7531"
"TRUE","Fetal EKG","7532"
"TRUE","Fetal blood sampling & Bx","7533"
"TRUE","Other fetal monitoring","7534"
"TRUE","Dx proc fetus/amnion NEC","7535"
"TRUE","Correction fetal defect","7536"
"TRUE","Amnioinfusion","7537"
"TRUE","Fetal pulse oximetry","7538"
"TRUE","Manual remove ret placenta","754"
"FALSE","REPAIR OB LACERAT UTERUS","755"
"TRUE","Repair ob lac uterus NOS","7550"
"TRUE","Repair ob lacerat cervix","7551"
"TRUE","Repair ob lac corp uteri","7552"
"FALSE","REPAIR OTH OB LACERATION","756"
"TRUE","Repair ob lac blad/ureth","7561"
"TRUE","Rep curr ob lac rect/anus","7562"
"TRUE","Rep oth curr OB laceration","7569"
"TRUE","Man explor uter cav,PP","757"
"TRUE","Ob tamponade uterus/vag","758"
"FALSE","OTHER OBSTETRIC OPS","759"
"TRUE","Evac OB incis hem perineum","7591"
"TRUE","Evac oth hem vulva/vag","7592"
"TRUE","Surg corr invert uterus","7593"
"TRUE","Man replac inverted uterus","7594"
"TRUE","Obstetric operation NEC","7599"
"FALSE","FACIAL BONE INCISION","760"
"TRUE","Facial bone sequestrect","7601"
"TRUE","Facial bone incision NEC","7609"
"FALSE","DX PROC FACIAL BONE/JNT","761"
"TRUE","Facial bone biopsy","7611"
"TRUE","Facial bone dx proc NEC","7619"
"TRUE","Destruct facial bone les","762"
"FALSE","PARTIAL FACIAL OSTECTOMY","763"
"TRUE","Partial mandibulectomy","7631"
"TRUE","Part facial ostectom NEC","7639"
"FALSE","FACIAL BONE EXC & RECONS","764"
"TRUE","Tot mandibulec w reconst","7641"
"TRUE","Total mandibulectomy NEC","7642"
"TRUE","Mandibular reconst NEC","7643"
"TRUE","Tot face ostect w recons","7644"
"TRUE","Tot face bone ostect NEC","7645"
"TRUE","Facial bone reconstr NEC","7646"
"TRUE","Temporomand arthroplasty","765"
"FALSE","OTHER FACIAL BONE REPAIR","766"
"TRUE","Cl osteoplasty mand rami","7661"
"TRUE","Open osteoplas mand rami","7662"
"TRUE","Osteoplasty mandible bdy","7663"
"TRUE","Mand orthognathic op NEC","7664"
"TRUE","Seg osteoplasty maxilla","7665"
"TRUE","Tot osteoplasty maxilla","7666"
"TRUE","Reduction genioplasty","7667"
"TRUE","Augmentation genioplasty","7668"
"TRUE","Facial bone repair NEC","7669"
"FALSE","REDUCTION OF FACIAL FX","767"
"TRUE","Reduction facial fx NOS","7670"
"TRUE","Cl reduct malar/zygo fx","7671"
"TRUE","Opn reduct malar/zygo fx","7672"
"TRUE","Cl reduct maxillary fx","7673"
"TRUE","Open reduct maxillary fx","7674"
"TRUE","Cl reduct mandible fx","7675"
"TRUE","Open reduct mandible fx","7676"
"TRUE","open reduct alveolar fx","7677"
"TRUE","Cl reduct facial fx NEC","7678"
"TRUE","Open reduct face fx NEC","7679"
"FALSE","OTH OPS FACIAL BONE/JNT","769"
"TRUE","Bone graft to face bone","7691"
"TRUE","Syn implant to face bone","7692"
"TRUE","Clos reduct tm dislocat","7693"
"TRUE","Open reduct tm dislocat","7694"
"TRUE","Tm manipulation NEC","7695"
"TRUE","Injec therap sbst TM jnt","7696"
"TRUE","Remove int fix face bone","7697"
"TRUE","Facial bone/jnt op NEC","7699"
"FALSE","SEQUESTRECTOMY","770"
"TRUE","Sequestrectomy NOS","7700"
"TRUE","Chest cage sequestrec","7701"
"TRUE","Humerus sequestrectomy","7702"
"TRUE","Radius & ulna sequestrec","7703"
"TRUE","Metacarp/carp sequestrec","7704"
"TRUE","Femoral sequestrectomy","7705"
"TRUE","Patellar sequestrectomy","7706"
"TRUE","Tibia/fibula sequestrec","7707"
"TRUE","Metatar/tar sequestrec","7708"
"TRUE","Sequestrectomy NEC","7709"
"FALSE","OTH BONE INCIS W/O DIVIS","771"
"TRUE","Other bone incision NOS","7710"
"TRUE","Other chest cage incis","7711"
"TRUE","Other humerus incision","7712"
"TRUE","Other radius/ulna incis","7713"
"TRUE","Oth metacarp/carp incis","7714"
"TRUE","Other femoral incision","7715"
"TRUE","Other patellar incision","7716"
"TRUE","Other tibia/fibula incis","7717"
"TRUE","Oth metatars/tars incis","7718"
"TRUE","Bone incis w/o div NEC","7719"
"FALSE","WEDGE OSTEOTOMY","772"
"TRUE","Wedge osteotomy NOS","7720"
"TRUE","Chest cage wedg osteotom","7721"
"TRUE","Humerus wedge osteotomy","7722"
"TRUE","Radius/ulna wedg osteoto","7723"
"TRUE","Metacar/car wedg osteoto","7724"
"TRUE","Femoral wedge osteotomy","7725"
"TRUE","Patellar wedge osteotomy","7726"
"TRUE","Tibia/fibul wedg osteot","7727"
"TRUE","Metatar/tar wedg osteot","7728"
"TRUE","Wedge osteotomy NEC","7729"
"FALSE","OTHER DIVISION OF BONE","773"
"TRUE","Other bone division NOS","7730"
"TRUE","Chest cage bone div NEC","7731"
"TRUE","Humerus division NEC","7732"
"TRUE","Radius/ulna division NEC","7733"
"TRUE","Metacar/car division NEC","7734"
"TRUE","Femoral division NEC","7735"
"TRUE","Patellar division NEC","7736"
"TRUE","Tibia/fibula div NEC","7737"
"TRUE","Metatar/tar division NEC","7738"
"TRUE","Bone division NEC","7739"
"FALSE","BIOPSY OF BONE","774"
"TRUE","Bone biopsy NOS","7740"
"TRUE","Chest cage bone biopsy","7741"
"TRUE","Humerus biopsy","7742"
"TRUE","Radius & ulna biopsy","7743"
"TRUE","Metacarpal/carpal biopsy","7744"
"TRUE","Femoral biopsy","7745"
"TRUE","Patellar biopsy","7746"
"TRUE","Tibia & fibula biopsy","7747"
"TRUE","Metatarsal/tarsal biopsy","7748"
"TRUE","Bone biopsy NEC","7749"
"FALSE","EXC REPAIR BUNION","775"
"TRUE","Bunionect/sft/osteotomy","7751"
"TRUE","Bunionect/sft/arthrodes","7752"
"TRUE","Oth bunionect w sft corr","7753"
"TRUE","Exc correct bunionette","7754"
"TRUE","Repair of hammer toe","7756"
"TRUE","Repair of claw toe","7757"
"TRUE","Oth exc, fus, repair toe","7758"
"TRUE","Bunionectomy NEC","7759"
"FALSE","LOC EXC BONE LESION","776"
"TRUE","Loc exc bone lesion NOS","7760"
"TRUE","Exc chest cage bone les","7761"
"TRUE","Loc exc bone les humerus","7762"
"TRUE","Loc exc les radius/ulna","7763"
"TRUE","Loc exc les metacar/car","7764"
"TRUE","Loc exc bone les femur","7765"
"TRUE","Loc exc bone les patella","7766"
"TRUE","Loc exc les tibia/fibula","7767"
"TRUE","Loc exc les metatar/tar","7768"
"TRUE","Loc exc bone lesion NEC","7769"
"FALSE","EXCISE BONE FOR GRAFT","777"
"TRUE","Excise bone for grft NOS","7770"
"TRUE","Ex chest cage bone-gft","7771"
"TRUE","Excise humerus for graft","7772"
"TRUE","Excis radius/ulna-graft","7773"
"TRUE","Excis metacar/car-graft","7774"
"TRUE","Excise femur for graft","7775"
"TRUE","Excise patella for graft","7776"
"TRUE","Excise tib/fib for graft","7777"
"TRUE","Excis metatar/tar-graft","7778"
"TRUE","Excise bone for gft NEC","7779"
"FALSE","OTHER PARTIAL OSTECTOMY","778"
"TRUE","Oth part ostectomy NOS","7780"
"TRUE","Oth chest cage ostectomy","7781"
"TRUE","Partial humerectomy NEC","7782"
"TRUE","Part ostect-radius/ulna","7783"
"TRUE","Part ostect-metacar/car","7784"
"TRUE","Part ostectomy-femur","7785"
"TRUE","Partial patellectomy","7786"
"TRUE","Part ostect-tibia/fibula","7787"
"TRUE","Part ostect-metatar/tar","7788"
"TRUE","Partial ostectomy NEC","7789"
"FALSE","TOTAL OSTECTOMY","779"
"TRUE","Total ostectomy NOS","7790"
"TRUE","Tot chest cage ostectomy","7791"
"TRUE","Total ostectomy-humerus","7792"
"TRUE","Tot ostect-radius/ulna","7793"
"TRUE","Tot ostect-metacarp/carp","7794"
"TRUE","Tot ostectomy-femur","7795"
"TRUE","Total patellectomy","7796"
"TRUE","Tot ostect-tibia/fibula","7797"
"TRUE","Tot ostect-metatars/tars","7798"
"TRUE","Total ostectomy NEC","7799"
"FALSE","BONE GRAFT","780"
"TRUE","Bone graft NOS","7800"
"TRUE","Bone graft to chest cage","7801"
"TRUE","Bone graft to humerus","7802"
"TRUE","Bone graft-radius/ulna","7803"
"TRUE","Bone grft to metacar/car","7804"
"TRUE","Bone graft to femur","7805"
"TRUE","Bone graft to patella","7806"
"TRUE","Bone graft-tibia/fibula","7807"
"TRUE","Bone graft- metatar/tar","7808"
"TRUE","Bone graft NEC","7809"
"FALSE","PERIOSTEAL SUTURE","781"
"TRUE","Applic ext fix dev NOS","7810"
"TRUE","Appl ext fix-chest cage","7811"
"TRUE","Applic ext fix-humerus","7812"
"TRUE","Appl ext fix-radius/ulna","7813"
"TRUE","Appl ext fix-metacar/car","7814"
"TRUE","Applic ext fix dev-femur","7815"
"TRUE","Appl ext fix dev-patella","7816"
"TRUE","Appl ext fix-tib/fibula","7817"
"TRUE","Appl ext fix-metatar/tar","7818"
"TRUE","Applic ext fix dev NEC","7819"
"FALSE","EPIPHYSEAL STAPLING","782"
"TRUE","Limb shorten proc NOS","7820"
"TRUE","Limb short proc-humerus","7822"
"TRUE","Limb shorten-radius/ulna","7823"
"TRUE","Limb shorten-metacar/car","7824"
"TRUE","Limb short proc-femur","7825"
"TRUE","Limb shorten-tib/fibula","7827"
"TRUE","Limb shorten-metatar/tar","7828"
"TRUE","Limb shorten proc NEC","7829"
"FALSE","OTHER BONE LENGTH CHANGE","783"
"TRUE","Limb lengthen proc NOS","7830"
"TRUE","Limb length proc-humerus","7832"
"TRUE","Limb length-radius/ulna","7833"
"TRUE","Limb length-metacar/car","7834"
"TRUE","Limb length proc-femur","7835"
"TRUE","Limb lengthen-tib/fibula","7837"
"TRUE","Limb lengthn-metatar/tar","7838"
"TRUE","Limb lengthen proc NEC","7839"
"FALSE","OTHER BONE REPAIR","784"
"TRUE","Oth bone repair/plast op","7840"
"TRUE","Oth chest cage rep/plast","7841"
"TRUE","Oth humerus repair/plast","7842"
"TRUE","Oth rad/uln repair/plast","7843"
"TRUE","Oth metac/carp rep/plast","7844"
"TRUE","Oth femur repair/plastic","7845"
"TRUE","Oth patella repair/plast","7846"
"TRUE","Oth tib/fib repair/plast","7847"
"TRUE","Oth meta/tar repa/plast","7848"
"TRUE","Oth bone repa/plast NEC","7849"
"FALSE","INT FIX W/O FX REDUCTION","785"
"TRUE","Int fix w/o fx reduc NOS","7850"
"TRUE","Int fixation-chest cage","7851"
"TRUE","Int fixation-humerus","7852"
"TRUE","Int fixation-radius/ulna","7853"
"TRUE","Int fixation-metacar/car","7854"
"TRUE","Internal fixation-femur","7855"
"TRUE","Internal fix-patella","7856"
"TRUE","Int fixation-tibia/fibul","7857"
"TRUE","Int fixation-metatar/tar","7858"
"TRUE","Int fix-no fx reduct NEC","7859"
"FALSE","REMOVE IMPLANT BONE DEV","786"
"TRUE","Remove imp device NOS","7860"
"TRUE","Remov imp dev-chest cage","7861"
"TRUE","Remove impl dev-humerus","7862"
"TRUE","Remov imp dev-radius/uln","7863"
"TRUE","Remov imp dev-metac/carp","7864"
"TRUE","Remove imp device-femur","7865"
"TRUE","Remov imp device-patella","7866"
"TRUE","Remov imp dev-tib/fibula","7867"
"TRUE","Remove imp dev-metat/tar","7868"
"TRUE","Remove impl device NEC","7869"
"FALSE","OSTEOCLASIS","787"
"TRUE","Osteoclasis NOS","7870"
"TRUE","Osteoclasis-chest cage","7871"
"TRUE","Osteoclasis-humerus","7872"
"TRUE","Osteoclasis-radius/ulna","7873"
"TRUE","Osteoclasis-metacar/car","7874"
"TRUE","Osteoclasis-femur","7875"
"TRUE","Osteoclasis-patella","7876"
"TRUE","Osteoclasis-tibia/fibula","7877"
"TRUE","Osteoclasis-metatar/tar","7878"
"TRUE","Osteoclasis NEC","7879"
"FALSE","OTHER BONE DIAGNOST PROC","788"
"TRUE","Other bone dx proc NOS","7880"
"TRUE","Oth dx proced-chest cage","7881"
"TRUE","Oth dx proced-humerus","7882"
"TRUE","Oth dx proc-radius/ulna","7883"
"TRUE","Oth dx proc-metacar/car","7884"
"TRUE","Oth dx proced-femur","7885"
"TRUE","Oth dx proced-patella","7886"
"TRUE","Oth dx proc-tibia/fibula","7887"
"TRUE","Oth dx proc-metatar/tar","7888"
"TRUE","Other bone dx proc NEC","7889"
"FALSE","OTHER BONE OPERATIONS","789"
"TRUE","Insert bone stimul NOS","7890"
"TRUE","Insert bone stimul-chest","7891"
"TRUE","Insert bone stim-humerus","7892"
"TRUE","Inser bone stim-rad/ulna","7893"
"TRUE","Inser bone stim-meta/car","7894"
"TRUE","Insert bone stim-femur","7895"
"TRUE","Insert bone stim-patella","7896"
"TRUE","Inser bone stim-tib/fib","7897"
"TRUE","Inser bone stim-meta/tar","7898"
"TRUE","Insert bone stimul NEC","7899"
"FALSE","CLOSED FRACTURE REDUCT","790"
"TRUE","Closed fx reduction NOS","7900"
"TRUE","Closed fx reduct humerus","7901"
"TRUE","Cl fx reduc-radius/ulna","7902"
"TRUE","Cl fx reduc-metacar/car","7903"
"TRUE","Cl fx reduc-finger","7904"
"TRUE","Cl fx reduc-femur","7905"
"TRUE","Cl fx reduc-tibia/fibula","7906"
"TRUE","Cl fx reduc-metatar/tar","7907"
"TRUE","Cl fx reduc-toe","7908"
"TRUE","Closed fx reduction NEC","7909"
"FALSE","CL FX REDUC W INT FIX","791"
"TRUE","Cl fx reduc-int fix NOS","7910"
"TRUE","Clos red-int fix humerus","7911"
"TRUE","Cl red-int fix rad/ulna","7912"
"TRUE","Cl red-int fix metac/car","7913"
"TRUE","Close red-int fix finger","7914"
"TRUE","Closed red-int fix femur","7915"
"TRUE","Cl red-int fix tib/fibu","7916"
"TRUE","Cl red-int fix metat/tar","7917"
"TRUE","Close red-int fix toe fx","7918"
"TRUE","Cl fx reduc-int fix NEC","7919"
"FALSE","OPEN FRACTURE REDUCTION","792"
"TRUE","Open fx reduction NOS","7920"
"TRUE","Open reduc-humerus fx","7921"
"TRUE","Open reduc-radius/uln fx","7922"
"TRUE","Open reduc-metac/car fx","7923"
"TRUE","Open reduction-finger fx","7924"
"TRUE","Open reduction-femur fx","7925"
"TRUE","Open reduc-tibia/fib fx","7926"
"TRUE","Open reduc-metat/tars fx","7927"
"TRUE","Open reduction-toe fx","7928"
"TRUE","Open fx reduction NEC","7929"
"FALSE","OPEN FX REDUCT W INT FIX","793"
"TRUE","Opn fx red w int fix NOS","7930"
"TRUE","Open red-int fix humerus","7931"
"TRUE","Op red-int fix rad/ulna","7932"
"TRUE","Op red-int fix metac/car","7933"
"TRUE","Open red-int fix finger","7934"
"TRUE","Open reduc-int fix femur","7935"
"TRUE","Op red-int fix tib/fibul","7936"
"TRUE","Op red-int fix metat/tar","7937"
"TRUE","Open reduct-int fix toe","7938"
"TRUE","Opn fx red w int fix NEC","7939"
"FALSE","CLOSED REDUCT-SEP EPIPHY","794"
"TRUE","Cls reduc-sep epiphy NOS","7940"
"TRUE","Close red-humerus epiphy","7941"
"TRUE","Cls red-radius/ul epiphy","7942"
"TRUE","Close reduc-femur epiphy","7945"
"TRUE","Cls red-tibia/fib epiphy","7946"
"TRUE","Cls reduc-sep epiphy NEC","7949"
"FALSE","OPEN REDUC-SEP EPIPHY","795"
"TRUE","Open red-sep epiphy NOS","7950"
"TRUE","Opn red-sep epiphy-humer","7951"
"TRUE","Op red-radius/uln epiphy","7952"
"TRUE","Opn red-sep epiphy-femur","7955"
"TRUE","Op red-tibia/fib epiphys","7956"
"TRUE","Open red-sep epiphy NEC","7959"
"FALSE","OPEN FX SITE DEBRIDEMENT","796"
"TRUE","Open fx site debride NOS","7960"
"TRUE","Debrid open fx-humerus","7961"
"TRUE","Debrid open fx-radius/uln","7962"
"TRUE","Debrid opn fx-metac/car","7963"
"TRUE","Debrid opn fx-finger","7964"
"TRUE","Debrid opn fx-femur","7965"
"TRUE","Debrid opn fx-tibia/fib","7966"
"TRUE","Debrid opn fx-metat/tar","7967"
"TRUE","Debrid opn fx-toe","7968"
"TRUE","Open fx site debride NEC","7969"
"FALSE","CL REDUC DISLOCATION","797"
"TRUE","Cl reduc disloc NOS","7970"
"TRUE","Cl reduc disloc-shoulder","7971"
"TRUE","Cl reduc disloc-elbow","7972"
"TRUE","Cl reduc disloc-wrist","7973"
"TRUE","Cl reduc disloc-hand/fng","7974"
"TRUE","Cl reduc disloc-hip","7975"
"TRUE","Cl reduc disloc-knee","7976"
"TRUE","Cl reduc disloc-ankle","7977"
"TRUE","Cl reduc disloc-foot/toe","7978"
"TRUE","Cl reduc dislocation NEC","7979"
"FALSE","OPN REDUC DISLOCATION","798"
"TRUE","Open reduc-dislocat NOS","7980"
"TRUE","Opn reduc disloc-shouldr","7981"
"TRUE","Open reduc-elbow disloc","7982"
"TRUE","Open reduc-wrist disloc","7983"
"TRUE","Opn reduc disloc-hand","7984"
"TRUE","Open reduc-hip dislocat","7985"
"TRUE","Open reduc-knee dislocat","7986"
"TRUE","Open reduc-ankle disloc","7987"
"TRUE","Opn reduc disloc-ft/toe","7988"
"TRUE","Open reduc-dislocat NEC","7989"
"FALSE","BONE INJURY OP NOS","799"
"TRUE","Unspec op bone inj NOS","7990"
"TRUE","Humerus injury op NOS","7991"
"TRUE","Radius/ulna inj op NOS","7992"
"TRUE","Metacarp/carp inj op NOS","7993"
"TRUE","Finger injury op NOS","7994"
"TRUE","Femur injury op NOS","7995"
"TRUE","Tibia/fibula inj op NOS","7996"
"TRUE","Metatars/tars inj op NOS","7997"
"TRUE","Toe injury operation NOS","7998"
"TRUE","Unspec op-bone inj NEC","7999"
"FALSE","ARTHROTOMY-REMOVE PROSTH","800"
"TRUE","Arth/pros rem wo repl NOS","8000"
"TRUE","Arth/pros rem wo repl-shld","8001"
"TRUE","Arth/pros rem wo repl-elb","8002"
"TRUE","Arth/pros rem wo repl-wrst","8003"
"TRUE","Arth/pros rem wo repl-hnd","8004"
"TRUE","Arth/pros rem wo repl-hip","8005"
"TRUE","Arth/pros rem wo repl-knee","8006"
"TRUE","Arth/pros rem wo repl-ank","8007"
"TRUE","Arth/pros rem wo repl-foot","8008"
"TRUE","Arth/pros rem wo repl NEC","8009"
"FALSE","OTHER ARTHROTOMY","801"
"TRUE","Other arthrotomy NOS","8010"
"TRUE","Oth arthrotomy-shoulder","8011"
"TRUE","Oth arthrotomy-elbow","8012"
"TRUE","Oth arthrotomy-wrist","8013"
"TRUE","Oth arthrotomy-hand/fngr","8014"
"TRUE","Oth arthrotomy-hip","8015"
"TRUE","Oth arthrotomy-knee","8016"
"TRUE","Oth arthrotomy-ankle","8017"
"TRUE","Oth arthrotomy-foot/toe","8018"
"TRUE","Other arthrotomy NEC","8019"
"FALSE","ARTHROSCOPY","802"
"TRUE","Arthroscopy NOS","8020"
"TRUE","Shoulder arthroscopy","8021"
"TRUE","Elbow arthroscopy","8022"
"TRUE","Wrist arthroscopy","8023"
"TRUE","Hand & finger arthroscop","8024"
"TRUE","Hip arthroscopy","8025"
"TRUE","Knee arthroscopy","8026"
"TRUE","Ankle arthroscopy","8027"
"TRUE","Foot & toe arthroscopy","8028"
"TRUE","Arthroscopy NEC","8029"
"FALSE","BIOPSY JOINT STRUCTURE","803"
"TRUE","Joint biopsy NOS","8030"
"TRUE","Shoulder joint biopsy","8031"
"TRUE","Elbow joint biopsy","8032"
"TRUE","Wrist joint biopsy","8033"
"TRUE","Hand/finger joint biopsy","8034"
"TRUE","Hip joint biopsy","8035"
"TRUE","Knee joint biopsy","8036"
"TRUE","Ankle joint biopsy","8037"
"TRUE","Foot & toe joint biopsy","8038"
"TRUE","Joint biopsy NEC","8039"
"FALSE","JT CAPSULE/LIG/CARTL DIV","804"
"TRUE","Jt structur division NOS","8040"
"TRUE","Shoulder struct division","8041"
"TRUE","Elbow structure division","8042"
"TRUE","Wrist structure division","8043"
"TRUE","Hand joint struct divis","8044"
"TRUE","Hip structure division","8045"
"TRUE","Knee structure division","8046"
"TRUE","Ankle structure division","8047"
"TRUE","Foot joint struct divis","8048"
"TRUE","Jt structur division NEC","8049"
"FALSE","EXC/DEST INTVRT DISC","805"
"TRUE","Exc/dest intvrt disc NOS","8050"
"TRUE","Excision intervert disc","8051"
"TRUE","Chemonucleolysis iv disc","8052"
"TRUE","Rep anulus fibrosus-grft","8053"
"TRUE","Rep anuls fibros NEC/NOS","8054"
"TRUE","Oth exc/dest intvrt disc","8059"
"TRUE","Excis knee semilun cartl","806"
"FALSE","SYNOVECTOMY","807"
"TRUE","Synovectomy-site NOS","8070"
"TRUE","Shoulder synovectomy","8071"
"TRUE","Elbow synovectomy","8072"
"TRUE","Wrist synovectomy","8073"
"TRUE","Hand synovectomy","8074"
"TRUE","Hip synovectomy","8075"
"TRUE","Knee synovectomy","8076"
"TRUE","Ankle synovectomy","8077"
"TRUE","Foot synovectomy","8078"
"TRUE","Synovectomy-site NEC","8079"
"FALSE","OTH DESTRUCT JOINT LES","808"
"TRUE","Destruct joint les NOS","8080"
"TRUE","Destruc-shoulder les NEC","8081"
"TRUE","Destruc-elbow lesion NEC","8082"
"TRUE","Destruc-wrist lesion NEC","8083"
"TRUE","Destruc-hand jt les NEC","8084"
"TRUE","Destruct-hip lesion NEC","8085"
"TRUE","Destruct-knee lesion NEC","8086"
"TRUE","Destruc-ankle lesion NEC","8087"
"TRUE","Destruc-foot jt les NEC","8088"
"TRUE","Destruct joint les NEC","8089"
"FALSE","OTHER EXCISION OF JOINT","809"
"TRUE","Excision of joint NOS","8090"
"TRUE","Excision of shoulder NEC","8091"
"TRUE","Excision of elbow NEC","8092"
"TRUE","Excision of wrist NEC","8093"
"TRUE","Excision hand joint NEC","8094"
"TRUE","Excision of hip NEC","8095"
"TRUE","Excision of knee NEC","8096"
"TRUE","Excision of ankle NEC","8097"
"TRUE","Excision foot joint NEC","8098"
"TRUE","Excision of joint NEC","8099"
"FALSE","SPINAL FUSION","810"
"TRUE","Spinal fusion NOS","8100"
"TRUE","Atlas-axis fusion","8101"
"TRUE","Oth cerv fusion ant/ant","8102"
"TRUE","Ot cerv fusion post/post","8103"
"TRUE","Drsl/drslumb fus ant/ant","8104"
"TRUE","Drsl/dslmb fus post/post","8105"
"TRUE","Lumb/lmbosac fus ant/ant","8106"
"TRUE","Lmb/lmbsac fus post/post","8107"
"TRUE","Lumb/lmbsac fus ant/post","8108"
"FALSE","FOOT & ANKLE ARTHRODESIS","811"
"TRUE","Ankle fusion","8111"
"TRUE","Triple arthrodesis","8112"
"TRUE","Subtalar fusion","8113"
"TRUE","Midtarsal fusion","8114"
"TRUE","Tarsometatarsal fusion","8115"
"TRUE","Metatarsophalangeal fus","8116"
"TRUE","Other fusion of foot","8117"
"TRUE","SUBTALR JT ARTHROEREISIS","8118"
"FALSE","ARTHRODESIS OF OTH JOINT","812"
"TRUE","Arthrodesis NOS","8120"
"TRUE","Arthrodesis of hip","8121"
"TRUE","Arthrodesis of knee","8122"
"TRUE","Arthrodesis of shoulder","8123"
"TRUE","Arthrodesis of elbow","8124"
"TRUE","Carporadial fusion","8125"
"TRUE","Metacarpocarpal fusion","8126"
"TRUE","Metacarpophalangeal fus","8127"
"TRUE","Interphalangeal fusion","8128"
"TRUE","Arthrodesis NEC","8129"
"FALSE","REFUSION OF SPINE","813"
"TRUE","Spinal refusion NOS","8130"
"TRUE","Refusion of atlas-axis","8131"
"TRUE","Refus oth cervcl ant/ant","8132"
"TRUE","Refus oth cerv post/post","8133"
"TRUE","Refus drs/drslmb ant/ant","8134"
"TRUE","Refus drs/drslmb pst/pst","8135"
"TRUE","Refus lmb/lmbsac ant/ant","8136"
"TRUE","Refus lmb/lmbsac pst/pst","8137"
"TRUE","Refus lmb/lmbsc ant/post","8138"
"TRUE","Refusion of spine NEC","8139"
"FALSE","OTH REPAIR JOINT LOW EXT","814"
"TRUE","Repair of hip, NEC","8140"
"TRUE","Five-in-one knee repair","8142"
"TRUE","Triad knee repair","8143"
"TRUE","Patellar stabilization","8144"
"TRUE","Cruciate lig repair NEC","8145"
"TRUE","Collaterl lig repair NEC","8146"
"TRUE","Other repair of knee","8147"
"TRUE","Other repair of ankle","8149"
"FALSE","JOINT REPL OF LOW EXT","815"
"TRUE","Total hip replacement","8151"
"TRUE","Partial hip replacement","8152"
"TRUE","Revise hip replacemt NOS","8153"
"TRUE","Total knee replacement","8154"
"TRUE","Revise knee replace NOS","8155"
"TRUE","Total ankle replacement","8156"
"TRUE","Repl joint of foot, toe","8157"
"TRUE","Rev jt repl low ext NEC","8159"
"FALSE","OTHER PROC ON SPINE","816"
"TRUE","Fus/refus 2-3 vertebrae","8162"
"TRUE","Fus/refus 4-8 vertebrae","8163"
"TRUE","Fus/refus 9 vertebrae","8164"
"TRUE","Percutan vertebroplasty","8165"
"TRUE","Percut vertebral augment","8166"
"FALSE","ARTHROPLAS HAN/FIN/WRIS","817"
"TRUE","Arthroplas metacarp wit","8171"
"TRUE","Arthroplasty metacar w/o","8172"
"TRUE","Total wrist replacement","8173"
"TRUE","Arthroplasty carpal wit","8174"
"TRUE","Arthroplasty carpal w/o","8175"
"TRUE","Oth repair han/fin/wris","8179"
"FALSE","ARTHROPLASTY SHOUL/ELBOW","818"
"TRUE","Oth totl shouldr replace","8180"
"TRUE","Partial shoulder replace","8181"
"TRUE","Rep recur shlder disloc","8182"
"TRUE","Shoulder arthroplast NEC","8183"
"TRUE","Total elbow replacement","8184"
"TRUE","Elbow arthroplasty NEC","8185"
"FALSE","OTHER JOINT STRUCTURE OP","819"
"TRUE","Arthrocentesis","8191"
"TRUE","Injection into joint","8192"
"TRUE","Sutur capsul/ligamen arm","8193"
"TRUE","Suture capsul/lig ank/ft","8194"
"TRUE","Sutur capsul/lig leg NEC","8195"
"TRUE","Other repair of joint","8196"
"TRUE","Rev jt repl upper extrem","8197"
"TRUE","Other joint dx procedure","8198"
"TRUE","Joint structure op NEC","8199"
"FALSE","INC HAND MUS/TEN/FAS/BUR","820"
"TRUE","Explor tend sheath-hand","8201"
"TRUE","Myotomy of hand","8202"
"TRUE","Bursotomy of hand","8203"
"TRUE","I & D PALMAR/THENAR SPAC+","8204"
"TRUE","Inc soft tissue hand NEC","8209"
"FALSE","DIV HAND MUSC/TEND/FASC","821"
"TRUE","Tenotomy of hand","8211"
"TRUE","Fasciotomy of hand","8212"
"TRUE","Div soft tissue hand NEC","8219"
"FALSE","EXC LES HAND MUS/TEN/FAS","822"
"TRUE","Exc les tend sheath hand","8221"
"TRUE","Excision hand muscle les","8222"
"TRUE","Exc les sft tiss hnd NEC","8229"
"FALSE","OTH EXCIS HAND SOFT TISS","823"
"TRUE","Bursectomy of hand","8231"
"TRUE","Excis hand tend for grft","8232"
"TRUE","Hand tenonectomy NEC","8233"
"TRUE","Exc hnd mus/fas for grft","8234"
"TRUE","Hand fasciectomy NEC","8235"
"TRUE","Other myectomy of hand","8236"
"TRUE","Hand soft tissue exc NEC","8239"
"FALSE","SUTURE HAND MUS/TEN/FASC","824"
"TRUE","Suture tendn sheath hand","8241"
"TRUE","Delay sut flex tend hand","8242"
"TRUE","Delay sut hand tend NEC","8243"
"TRUE","Sutur flex tend hand NEC","8244"
"TRUE","Suture hand tendon NEC","8245"
"TRUE","Suture hand muscle/fasc","8246"
"FALSE","HAND MUSC/TEND TRANSPLAN","825"
"TRUE","Hand tendon advancement","8251"
"TRUE","Hand tendon recession","8252"
"TRUE","Hand tendon reattachment","8253"
"TRUE","Hand muscle reattachment","8254"
"TRUE","Chng hnd mus/ten lng NEC","8255"
"TRUE","Transplant hand tend NEC","8256"
"TRUE","Transposit hand tend NEC","8257"
"TRUE","Transplant hand musc NEC","8258"
"TRUE","Transposit hand musc NEC","8259"
"FALSE","RECONSTRUCTION OF THUMB","826"
"TRUE","Pollicization operation","8261"
"TRUE","Thumb reconstruction NEC","8269"
"FALSE","PLAST OP HAND-GRFT/IMPLA","827"
"TRUE","Hand tend pulley reconst","8271"
"TRUE","Plast op hnd-mus/fas grf","8272"
"TRUE","Plast op hand w grft NEC","8279"
"FALSE","OTHER PLASTIC OPS HAND","828"
"TRUE","Transfer of finger","8281"
"TRUE","Repair of cleft hand","8282"
"TRUE","Repair of macrodactyly","8283"
"TRUE","Repair of mallet finger","8284"
"TRUE","Other tenodesis of hand","8285"
"TRUE","Other tenoplasty of hand","8286"
"TRUE","Hand plastic op NEC","8289"
"FALSE","OTH HAND MUS/TEN/FAS OPS","829"
"TRUE","Lysis of hand adhesions","8291"
"TRUE","Aspiration bursa of hand","8292"
"TRUE","Aspir soft tiss hand NEC","8293"
"TRUE","Inject bursa of hand","8294"
"TRUE","Inject tendon of hand","8295"
"TRUE","Hand sft tissu injec NEC","8296"
"TRUE","Hand mus/ten/fas/ops NEC","8299"
"FALSE","INCIS MUS/TEND/FASC/BURS","830"
"TRUE","Tendon sheath explorat","8301"
"TRUE","Myotomy","8302"
"TRUE","Bursotomy","8303"
"TRUE","Soft tissue incision NEC","8309"
"FALSE","MUSCL/TEND/FASC DIVISION","831"
"TRUE","Achillotenotomy","8311"
"TRUE","Adductor tenotomy of hip","8312"
"TRUE","Other tenotomy","8313"
"TRUE","Fasciotomy","8314"
"TRUE","Soft tissue division NEC","8319"
"FALSE","MUS/TEN/FAS/BURS DX PROC","832"
"TRUE","Open biopsy soft tissue","8321"
"TRUE","Soft tissue dx proc NEC","8329"
"FALSE","EXC LES MUS/TEN/FAS/BURS","833"
"TRUE","Excis les tendon sheath","8331"
"TRUE","Excis lesion of muscle","8332"
"TRUE","Exc les soft tissue NEC","8339"
"FALSE","OTHER EXCIS MUS/TEN/FASC","834"
"TRUE","Tendon excision for grft","8341"
"TRUE","Other tenonectomy","8342"
"TRUE","Musc/fasc excis for grft","8343"
"TRUE","Other fasciectomy","8344"
"TRUE","Other myectomy","8345"
"TRUE","Other soft tissue excis","8349"
"TRUE","Bursectomy","835"
"FALSE","SUTURE MUSCL/TENDON/FASC","836"
"TRUE","Tendon sheath suture","8361"
"TRUE","Delayed tendon suture","8362"
"TRUE","Rotator cuff repair","8363"
"TRUE","Other suture of tendon","8364"
"TRUE","Other muscle/fasc suture","8365"
"FALSE","MUSCLE/TENDON RECONSTRUC","837"
"TRUE","Tendon advancement","8371"
"TRUE","Tendon recession","8372"
"TRUE","Tendon reattachment","8373"
"TRUE","Muscle reattachment","8374"
"TRUE","Tendon trnsfr/transplant","8375"
"TRUE","Other tendon transposit","8376"
"TRUE","Muscle trnsfr/transplant","8377"
"TRUE","Other muscle transposit","8379"
"FALSE","OTH MUS/TEN/FAS PLAST OP","838"
"TRUE","Tendon graft","8381"
"TRUE","Muscle or fascia graft","8382"
"TRUE","Tendon pulley reconstruc","8383"
"TRUE","Clubfoot release NEC","8384"
"TRUE","Musc/tend lng change NEC","8385"
"TRUE","Quadricepsplasty","8386"
"TRUE","Other plastic ops muscle","8387"
"TRUE","Other plastic ops tendon","8388"
"TRUE","Other plastic ops fascia","8389"
"FALSE","OTHER MUS/TEN/FAS/BUR OP","839"
"TRUE","Adhesiolysis mus/ten/fas","8391"
"TRUE","Insert skel musc stimula","8392"
"TRUE","Remov skel musc stimulat","8393"
"TRUE","Aspiration of bursa","8394"
"TRUE","Soft tissue aspirat NEC","8395"
"TRUE","Injection into bursa","8396"
"TRUE","Injection into tendon","8397"
"TRUE","Soft tissue inject NEC","8398"
"TRUE","Mus/ten/fas/bur op NEC","8399"
"FALSE","AMPUTATION OF UPPER LIMB","840"
"TRUE","Upper limb amputat NOS","8400"
"TRUE","Finger amputation","8401"
"TRUE","Thumb amputation","8402"
"TRUE","Amputation through hand","8403"
"TRUE","Disarticulation of wrist","8404"
"TRUE","Amputation thru forearm","8405"
"TRUE","Disarticulation of elbow","8406"
"TRUE","Amputation thru humerus","8407"
"TRUE","Shoulder disarticulation","8408"
"TRUE","Forequarter amputation","8409"
"FALSE","AMPUTATION OF LOWER LIMB","841"
"TRUE","Lower limb amputat NOS","8410"
"TRUE","Toe amputation","8411"
"TRUE","Amputation through foot","8412"
"TRUE","Disarticulation of ankle","8413"
"TRUE","Amputat through malleoli","8414"
"TRUE","Below knee amputat NEC","8415"
"TRUE","Disarticulation of knee","8416"
"TRUE","Above knee amputation","8417"
"TRUE","Disarticulation of hip","8418"
"TRUE","Hindquarter amputation","8419"
"FALSE","EXTREMITY REATTACHMENT","842"
"TRUE","Thumb reattachment","8421"
"TRUE","Finger reattachment","8422"
"TRUE","Forearm/wrist/hand reatt","8423"
"TRUE","Upper arm reattachment","8424"
"TRUE","Toe reattachment","8425"
"TRUE","Foot reattachment","8426"
"TRUE","Lower leg/ankle reattach","8427"
"TRUE","Thigh reattachment","8428"
"TRUE","Reattachment NEC","8429"
"TRUE","Amputation stump revis","843"
"FALSE","IMPLANT/FIT PROSTH LIMB","844"
"TRUE","Implnt/fit pros limb NOS","8440"
"TRUE","Fit up arm/should prosth","8441"
"TRUE","Fit lo arm/hand prosthes","8442"
"TRUE","Fit arm prosthesis NOS","8443"
"TRUE","Implant arm prosthesis","8444"
"TRUE","Fit above knee prosthes","8445"
"TRUE","Fit below knee prosthes","8446"
"TRUE","Fit leg prosthesis NOS","8447"
"TRUE","Implant leg prosthesis","8448"
"FALSE","IMPLANT OTH MS DEV&SUBS","845"
"TRUE","Ins spinal fusion device","8451"
"TRUE","Insert recombinant bmp","8452"
"TRUE","Imp limb length kinetic","8453"
"TRUE","Impl other limb length","8454"
"TRUE","Ins bone void filler","8455"
"TRUE","Ins or rep cement spacer","8456"
"TRUE","REMOVAL OF CEMENT SPACER","8457"
"TRUE","Insert othr spin device","8459"
"FALSE","REPLACMNT OF SPINAL DISC","846"
"TRUE","Insert disc pros NOS","8460"
"TRUE","Ins part disc pros cerv","8461"
"TRUE","Ins tot disc prost cerv","8462"
"TRUE","Ins spin disc pros thor","8463"
"TRUE","Ins part disc pros lumb","8464"
"TRUE","Ins totl disc pros lumb","8465"
"TRUE","Revise disc prost cerv","8466"
"TRUE","Revise disc prost thora","8467"
"TRUE","Revise disc prosth lumb","8468"
"TRUE","Revise disc prosth NOS","8469"
"FALSE","ADJUNCT EXT FIX DEV","847"
"TRUE","APP EXT FIX DEV-MONOPLAN","8471"
"TRUE","APP EXT FIX DEV-RING SYS","8472"
"TRUE","APP HYBRID EXT FIX DEV","8473"
"TRUE","Ins/repl interspine dev","8480"
"TRUE","Rev interspine device","8481"
"TRUE","Ins/repl pdcl stabil dev","8482"
"TRUE","Rev pedcl dyn stabil dev","8483"
"TRUE","Ins/repl facet replc dev","8484"
"TRUE","Rev facet replace device","8485"
"FALSE","OTHER MUSCULOSKELETAL OP","849"
"TRUE","Amputation NOS","8491"
"TRUE","Separat equal join twin","8492"
"TRUE","Separat unequl join twin","8493"
"TRUE","Musculoskeletal op NEC","8499"
"TRUE","Mastotomy","850"
"FALSE","BREAST DIAGNOSTIC PROCS","851"
"TRUE","Closed breast biopsy","8511"
"TRUE","Open breast biopsy","8512"
"TRUE","Breast dx procedure NEC","8519"
"FALSE","BREAST TISSUE DESTRUCT","852"
"TRUE","Breast tissu destruc NOS","8520"
"TRUE","Local excis breast les","8521"
"TRUE","Quadrant resect breast","8522"
"TRUE","Subtotal mastectomy","8523"
"TRUE","Exc ectopic breast tissu","8524"
"TRUE","Excision of nipple","8525"
"FALSE","RED MAMMOPL/SUBQ MAMMECT","853"
"TRUE","Unilat reduct mammoplast","8531"
"TRUE","Bilat reduct mammoplasty","8532"
"TRUE","Unil subq mammect-implnt","8533"
"TRUE","Unilat subq mammect NEC","8534"
"TRUE","Bil subq mammect-implant","8535"
"TRUE","Bilat subq mammectom NEC","8536"
"FALSE","MASTECTOMY","854"
"TRUE","Unilat simple mastectomy","8541"
"TRUE","Bilat simple mastectomy","8542"
"TRUE","Unilat exten simp mastec","8543"
"TRUE","Bilat extend simp mastec","8544"
"TRUE","Unilat radical mastectom","8545"
"TRUE","Bilat radical mastectomy","8546"
"TRUE","Unil ext rad mastectomy","8547"
"TRUE","Bil exten rad mastectomy","8548"
"FALSE","AUGMENTATION MAMMOPLASTY","855"
"TRUE","Augment mammoplasty NOS","8550"
"TRUE","Unil breast injec-augmen","8551"
"TRUE","Bil breast injec-augment","8552"
"TRUE","Unilat breast implant","8553"
"TRUE","Bilateral breast implant","8554"
"TRUE","Mastopexy","856"
"FALSE","Total breast reconstruct","857"
"TRUE","Tot reconst breast NOS","8570"
"TRUE","Latiss dorsi myocut flap","8571"
"TRUE","TRAM flap, pedicled","8572"
"TRUE","TRAM flap, free","8573"
"TRUE","DIEP flap, free","8574"
"TRUE","SIEA flap, free","8575"
"TRUE","GAP flap, free","8576"
"TRUE","Tot reconst breast NEC","8579"
"FALSE","OTHER BREAST REPAIR","858"
"TRUE","Suture breast laceration","8581"
"TRUE","Breast split-thick graft","8582"
"TRUE","Breast full-thick graft","8583"
"TRUE","Breast pedicle graft","8584"
"TRUE","Breast muscle flap graft","8585"
"TRUE","Transposition of nipple","8586"
"TRUE","Nipple repair NEC","8587"
"TRUE","Mammoplasty NEC","8589"
"FALSE","OTHER BREAST OPERATIONS","859"
"TRUE","Aspiration of breast","8591"
"TRUE","Breast injection","8592"
"TRUE","Breast implant revision","8593"
"TRUE","Breast implant removal","8594"
"TRUE","Inser breast tissu expan","8595"
"TRUE","Remov breast tissu expan","8596"
"TRUE","Breast operation NEC","8599"
"FALSE","INCISION SKIN & SUBQ","860"
"TRUE","Aspiration skin & subq","8601"
"TRUE","Skin defect tattooing","8602"
"TRUE","Incision pilonidal sinus","8603"
"TRUE","Other skin & subq I&D","8604"
"TRUE","Removal fb/dev from skin","8605"
"TRUE","Insert infusion pump","8606"
"TRUE","Insert vasc access dev","8607"
"TRUE","Skin & subq incision NEC","8609"
"FALSE","SKIN & SUBQ DIAGNOS PROC","861"
"TRUE","Closed bx skin/subq tiss","8611"
"TRUE","Skin & subq dx proc NEC","8619"
"FALSE","DESTRUCT OF SKIN LESION","862"
"TRUE","Excision of pilonid cyst","8621"
"TRUE","Exc wound debridement","8622"
"TRUE","Nail removal","8623"
"TRUE","Skin chemosurgery","8624"
"TRUE","Dermabrasion","8625"
"TRUE","Ligation dermal appendag","8626"
"TRUE","Debridement of nail","8627"
"TRUE","Nonexcis debridement wnd","8628"
"TRUE","Other local destruc skin","863"
"TRUE","Radical excis skin les","864"
"FALSE","SKIN & SUBQ SUTURE","865"
"TRUE","Replantation of scalp","8651"
"TRUE","Skin closure NEC","8659"
"FALSE","FREE SKIN GRAFT","866"
"TRUE","Free skin graft NOS","8660"
"TRUE","Full-thick hand skin grf","8661"
"TRUE","Hand skin graft NEC","8662"
"TRUE","Full-thick skin grft NEC","8663"
"TRUE","Hair transplant","8664"
"TRUE","Heterograft to skin","8665"
"TRUE","Homograft to skin","8666"
"TRUE","Dermal regener graft","8667"
"TRUE","Free skin graft NEC","8669"
"FALSE","PEDICLE GRAFTS OR FLAPS","867"
"TRUE","Pedicle graft/flap NOS","8670"
"TRUE","Cut & prep pedicle graft","8671"
"TRUE","Pedicle graft advancemen","8672"
"TRUE","Attach pedicle to hand","8673"
"TRUE","Attach pedicle graft NEC","8674"
"TRUE","Revision of pedicle grft","8675"
"FALSE","OTHER SKIN & SUBQ REPAIR","868"
"TRUE","Repair facial weakness","8681"
"TRUE","Facial rhytidectomy","8682"
"TRUE","Size reduct plastic op","8683"
"TRUE","Relaxation of scar","8684"
"TRUE","Syndactyly correction","8685"
"TRUE","Onychoplasty","8686"
"TRUE","Skin repair & plasty NEC","8689"
"FALSE","OTHER SKIN & SUBQ OPS","869"
"TRUE","Skin excision for graft","8691"
"TRUE","Epilation of skin","8692"
"TRUE","Insert tissue expander","8693"
"TRUE","Ins/repl single pul gen","8694"
"TRUE","Ins/repl dual pulse gen","8695"
"TRUE","Insert/repl oth neurost","8696"
"TRUE","INS/REP 1 PUL GEN,RECHRG","8697"
"TRUE","INS/REP 2 PUL GEN,RECHRG","8698"
"TRUE","Skin & subq op NEC","8699"
"FALSE","HEAD/NECK SOFT TISS XRAY","870"
"TRUE","Pneumoencephalogram","8701"
"TRUE","Brain/skull contrst xray","8702"
"TRUE","C.A.T. scan of head","8703"
"TRUE","Head tomography NEC","8704"
"TRUE","Contrast dacryocystogram","8705"
"TRUE","Nasophary contrast x-ray","8706"
"TRUE","Contrast laryngogram","8707"
"TRUE","Cervical lymphangiogram","8708"
"TRUE","Head soft tiss x-ray NEC","8709"
"FALSE","OTHER HEAD/NECK X-RAY","871"
"TRUE","Full-mouth x-ray","8711"
"TRUE","Dental x-ray NEC","8712"
"TRUE","TM contrast arthrogram","8713"
"TRUE","Contrast x-ray of orbit","8714"
"TRUE","Contrast x-ray of sinus","8715"
"TRUE","Facial bone x-ray NEC","8716"
"TRUE","Skull x-ray NEC","8717"
"FALSE","X-RAY OF SPINE","872"
"TRUE","Contrast myelogram","8721"
"TRUE","Cervical spine x-ray NEC","8722"
"TRUE","Thoracic spine x-ray NEC","8723"
"TRUE","Lumbosac spine x-ray NEC","8724"
"TRUE","Spinal x-ray NEC","8729"
"FALSE","THORAX SOFT TISSUE X-RAY","873"
"TRUE","Endotracheal bronchogram","8731"
"TRUE","Contrast bronchogram NEC","8732"
"TRUE","Mediastinal pneumogram","8733"
"TRUE","Intrathor lymphangiogram","8734"
"TRUE","Contr mammary ductogram","8735"
"TRUE","Breast xerography","8736"
"TRUE","Mammography NEC","8737"
"TRUE","Chest wall sinogram","8738"
"TRUE","Thorax sft tiss xray NEC","8739"
"FALSE","OTHER X-RAY OF THORAX","874"
"TRUE","C.A.T. scan of thorax","8741"
"TRUE","Thoracic tomography NEC","8742"
"TRUE","Rib/sternum/clavic x-ray","8743"
"TRUE","Routine chest x-ray","8744"
"TRUE","Chest x-ray NEC","8749"
"FALSE","BILIARY TRACT X-RAY","875"
"TRUE","Perc hepat cholangiogram","8751"
"TRUE","Intraven cholangiogram","8752"
"TRUE","Intraoper cholangiogram","8753"
"TRUE","Cholangiogram NEC","8754"
"TRUE","Biliary tract x-ray NEC","8759"
"FALSE","OTHER DIGESTIVE SYS XRAY","876"
"TRUE","Barium swallow","8761"
"TRUE","Upper GI series","8762"
"TRUE","Small bowel series","8763"
"TRUE","Lower GI series","8764"
"TRUE","Intestinal x-ray NEC","8765"
"TRUE","Contrast pancreatogram","8766"
"TRUE","Digestive tract xray NEC","8769"
"FALSE","X-RAY OF URINARY SYSTEM","877"
"TRUE","C.A.T. scan of kidney","8771"
"TRUE","Nephrotomogram NEC","8772"
"TRUE","Intravenous pyelogram","8773"
"TRUE","Retrograde pyelogram","8774"
"TRUE","Percutaneous pyelogram","8775"
"TRUE","Retrogr cystourethrogram","8776"
"TRUE","Cystogram NEC","8777"
"TRUE","Ileal conduitogram","8778"
"TRUE","Urinary system x-ray NEC","8779"
"FALSE","FEMALE GENITAL X-RAY","878"
"TRUE","X-ray of gravid uterus","8781"
"TRUE","Gas hysterosalpingogram","8782"
"TRUE","Dye hysterosalpingogram","8783"
"TRUE","Percutaneous hysterogram","8784"
"TRUE","Tube & uterus x-ray NEC","8785"
"TRUE","Female genital x-ray NEC","8789"
"FALSE","MALE GENITAL X-RAY","879"
"TRUE","Contr semin vesiculogram","8791"
"TRUE","Prostat/sem ves xray NEC","8792"
"TRUE","Contrast epididymogram","8793"
"TRUE","Contrast vasogram","8794"
"TRUE","Epididymis/vas x-ray NEC","8795"
"TRUE","Male genital x-ray NEC","8799"
"FALSE","SOFT TISSUE X-RAY ABDOM","880"
"TRUE","C.A.T. scan of abdomen","8801"
"TRUE","Abdominal tomography NEC","8802"
"TRUE","Abdominal wall sinogram","8803"
"TRUE","Abdominal lymphangiogram","8804"
"TRUE","Abdominal wall x-ray NEC","8809"
"FALSE","OTHER X-RAY OF ABDOMEN","881"
"TRUE","Pelvic dye contrast xray","8811"
"TRUE","Pelvic gas contrast xray","8812"
"TRUE","Periton pneumogram NEC","8813"
"TRUE","Retroperiton fistulogram","8814"
"TRUE","Retroperiton pneumogram","8815"
"TRUE","Retroperitoneal xray NEC","8816"
"TRUE","Abdominal x-ray NEC","8819"
"FALSE","SKEL XRAY-LIMBS & PELVIS","882"
"TRUE","Skl xray-shoulder/up arm","8821"
"TRUE","Skel xray-elbow/forearm","8822"
"TRUE","Skel xray-wrist & hand","8823"
"TRUE","Skel xray-upper limb NOS","8824"
"TRUE","Pelvimetry","8825"
"TRUE","Skel xray-pelvis/hip NEC","8826"
"TRUE","Skel xray-thigh/knee/leg","8827"
"TRUE","Skel xray-ankle & foot","8828"
"TRUE","Skel xray-lower limb NOS","8829"
"FALSE","OTHER X-RAY","883"
"TRUE","Skeletal series x-ray","8831"
"TRUE","Contrast arthrogram","8832"
"TRUE","Other skeletal x-ray","8833"
"TRUE","Upper limb lymphangiogrm","8834"
"TRUE","Up limb sft tis xray NEC","8835"
"TRUE","Lower limb lymphangiogrm","8836"
"TRUE","Lo limb sft tis xray NEC","8837"
"TRUE","Other C.A.T. scan","8838"
"TRUE","X-ray NEC and NOS","8839"
"FALSE","CONTRAST ARTERIOGRAPHY","884"
"TRUE","Contrast arteriogram NOS","8840"
"TRUE","Contr cerebr arteriogram","8841"
"TRUE","Contrast aortogram","8842"
"TRUE","Contr pulmon arteriogram","8843"
"TRUE","Contr thor arteriogr NEC","8844"
"TRUE","Contrast renal arteriogr","8845"
"TRUE","Contrast placentogram","8846"
"TRUE","Contr abd arteriogrm NEC","8847"
"TRUE","Contrast arteriogram-leg","8848"
"TRUE","Contrast arteriogram NEC","8849"
"FALSE","CONTRAST ANGIOCARDIOGRAM","885"
"TRUE","Angiocardiography NOS","8850"
"TRUE","Vena cav angiocardiogram","8851"
"TRUE","Rt heart angiocardiogram","8852"
"TRUE","Lt heart angiocardiogram","8853"
"TRUE","Rt & lt heart angiocard","8854"
"TRUE","Coronar arteriogr-1 cath","8855"
"TRUE","Coronar arteriogr-2 cath","8856"
"TRUE","Coronary arteriogram NEC","8857"
"TRUE","Negatve-contr cardiogram","8858"
"TRUE","Intraop cor flr vas angi","8859"
"FALSE","PHLEBOGRAPHY","886"
"TRUE","Contrast phlebogram NOS","8860"
"TRUE","Contr phlebogram-hd/neck","8861"
"TRUE","Contr phlebogram-pulmon","8862"
"TRUE","Thorac contr phlebog NEC","8863"
"TRUE","Portal contr phlebogram","8864"
"TRUE","Abd contr phlebogram NEC","8865"
"TRUE","Contrast phlebogram-leg","8866"
"TRUE","Contrast phlebogram NEC","8867"
"TRUE","Impedance phlebogram","8868"
"FALSE","DIAGNOSTIC ULTRASOUND","887"
"TRUE","Dx ultrasound-head/neck","8871"
"TRUE","Dx ultrasound-heart","8872"
"TRUE","Dx ultrasound-thorax NEC","8873"
"TRUE","Dx ultrasound-digestive","8874"
"TRUE","Dx ultrasound-urinary","8875"
"TRUE","Dx ultrasound-abdomen","8876"
"TRUE","Dx ultrasound-vascular","8877"
"TRUE","Dx ultrasound-grav uter","8878"
"TRUE","Dx ultrasound NEC","8879"
"FALSE","THERMOGRAPHY","888"
"TRUE","Cerebral thermography","8881"
"TRUE","Ocular thermography","8882"
"TRUE","Bone thermography","8883"
"TRUE","Muscle thermography","8884"
"TRUE","Breast thermography","8885"
"TRUE","Blood vessel thermograph","8886"
"TRUE","Thermography NEC","8889"
"FALSE","OTHER DIAGNOSTIC IMAGING","889"
"TRUE","Diagnostic imaging NOS","8890"
"TRUE","Mri of brain & brainstem","8891"
"TRUE","Mri chest & heart","8892"
"TRUE","Mri spinal canal","8893"
"TRUE","Mri musculoskeletal","8894"
"TRUE","Mri pelvis,prostate,blad","8895"
"TRUE","Oth intraop mag res imag","8896"
"TRUE","Magnetic res image unsp","8897"
"TRUE","Bone mineral density","8898"
"FALSE","DX INTERVIEW/CONSUL/EXAM","890"
"TRUE","Brief interview & evalua","8901"
"TRUE","Limited interview/evalua","8902"
"TRUE","Comprehen interview/eval","8903"
"TRUE","Interview & evaluat NEC","8904"
"TRUE","Interview & evaluat NOS","8905"
"TRUE","Limited consultation","8906"
"TRUE","Comprehensive consultat","8907"
"TRUE","Consultation NEC","8908"
"TRUE","Consultation NOS","8909"
"FALSE","NERVOUS SYS-EXAMINATION","891"
"TRUE","Intracarot amobarb test","8910"
"TRUE","Tonometry","8911"
"TRUE","Nasal function study","8912"
"TRUE","Neurologic examination","8913"
"TRUE","Electroencephalogram","8914"
"TRUE","Neurologic func test NEC","8915"
"TRUE","Skull transilluminat","8916"
"TRUE","Polysomnogram","8917"
"TRUE","Oth sleep dis funct test","8918"
"TRUE","Video/radio eeg monitor","8919"
"FALSE","GU SYSTEM-EXAMINATION","892"
"TRUE","Urinary manometry","8921"
"TRUE","Cystometrogram","8922"
"TRUE","Urethral sphincter emg","8923"
"TRUE","Uroflowmetry","8924"
"TRUE","Urethral pressure profil","8925"
"TRUE","Gynecologic examination","8926"
"TRUE","Other GU system exams","8929"
"FALSE","OTHER EXAMINATIONS","893"
"TRUE","Dental examination","8931"
"TRUE","Esophageal manometry","8932"
"TRUE","Digital enterostomy exam","8933"
"TRUE","Digital rectal exam","8934"
"TRUE","Nasal sinus transillumin","8935"
"TRUE","Manual exam of breast","8936"
"TRUE","Vital capacity determin","8937"
"TRUE","Respiratory measure NEC","8938"
"TRUE","Nonoperative exams NEC","8939"
"FALSE","PACEMKR/CARD STRESS TEST","894"
"TRUE","Treadmill stress test","8941"
"TRUE","Masters' 2-step test","8942"
"TRUE","Bicycle ergometer test","8943"
"TRUE","Cardiac stress test NEC","8944"
"TRUE","Pacemaker rate check","8945"
"TRUE","Pacemaker wave form chck","8946"
"TRUE","Pacemaker impedance chck","8947"
"TRUE","Pacemaker volt threshold","8948"
"TRUE","Aicd check","8949"
"FALSE","OTHER CARDIAC FUNCT TEST","895"
"TRUE","Ambu cardiac monitoring","8950"
"TRUE","Rhythm electrocardiogram","8951"
"TRUE","Electrocardiogram","8952"
"TRUE","Vectorcardiogram","8953"
"TRUE","Electrocardiograph monit","8954"
"TRUE","Phonocardiogram","8955"
"TRUE","Carotid pulse tracing","8956"
"TRUE","Apexcardiogram","8957"
"TRUE","Plethysmogram","8958"
"TRUE","Nonop cardiac/vasc exam","8959"
"FALSE","CIRCULATORY MONITORING","896"
"TRUE","Cnt intraart bld gas mon","8960"
"TRUE","Arterial pressure monit","8961"
"TRUE","CVP monitoring","8962"
"TRUE","Pulmon art press monitor","8963"
"TRUE","Pulmon art wedge monitor","8964"
"TRUE","Arterial bld gas measure","8965"
"TRUE","Mix venous bld gas meas","8966"
"TRUE","Oxygen consumption monit","8967"
"TRUE","Oth cardiac mon output","8968"
"TRUE","Coronary bld flow monit","8969"
"TRUE","General physical exam","897"
"TRUE","Autopsy","898"
"FALSE","MICRO EXAM-NERVOUS SYST","900"
"TRUE","Bact smear-nervous syst","9001"
"TRUE","Culture-nervous syst","9002"
"TRUE","C&S-nervous syst","9003"
"TRUE","Parasitology-nerv syst","9004"
"TRUE","Toxicology-nervous syst","9005"
"TRUE","Cell blk/pap-nervous sys","9006"
"TRUE","Micro exam-nervous NEC","9009"
"FALSE","MICRO EXAM-ENDOCRINE","901"
"TRUE","Bact smear-endocrine","9011"
"TRUE","Culture-endocrine","9012"
"TRUE","C&S-endocrine","9013"
"TRUE","Parasitology-endocrine","9014"
"TRUE","Toxicology-endocrine","9015"
"TRUE","Cell block/pap-endocrine","9016"
"TRUE","Micro exam-endocrine NEC","9019"
"FALSE","MICRO EXAM-EYE","902"
"TRUE","Bact smear-eye","9021"
"TRUE","Culture-eye","9022"
"TRUE","C&S-eye","9023"
"TRUE","Parasitology-eye","9024"
"TRUE","Toxicology-eye","9025"
"TRUE","Cell block/pap-eye","9026"
"TRUE","Micro exam-eye NEC","9029"
"FALSE","MICRO EXAM-ENT/LARYNX","903"
"TRUE","Bact smear-ent/larynx","9031"
"TRUE","Culture-ent/larynx","9032"
"TRUE","C&S-ent/larynx","9033"
"TRUE","Parasitology-ent/larynx","9034"
"TRUE","Toxicology-ent/larynx","9035"
"TRUE","Cell block/pap-ent/laryn","9036"
"TRUE","Micro exam-ent/laryn NEC","9039"
"FALSE","MICRO EXAM-LOWER RESP","904"
"TRUE","Bact smear-lower resp","9041"
"TRUE","Culture-lower resp","9042"
"TRUE","C&S-lower resp","9043"
"TRUE","Parasitology-lower resp","9044"
"TRUE","Toxicology-lower resp","9045"
"TRUE","Cell block/pap-lowr resp","9046"
"TRUE","Micro exam-lowr resp NEC","9049"
"FALSE","MICRO EXAM-BLOOD","905"
"TRUE","Bact smear-blood","9051"
"TRUE","Culture-blood","9052"
"TRUE","C&S-blood","9053"
"TRUE","Parasitology-blood","9054"
"TRUE","Toxicology-blood","9055"
"TRUE","Cell block/pap-blood","9056"
"TRUE","Micro exam-blood NEC","9059"
"FALSE","MICRO EXAM-SPLEEN/MARROW","906"
"TRUE","Bact smear-spleen/marrow","9061"
"TRUE","Culture-spleen/marrow","9062"
"TRUE","C&S-spleen/marrow","9063"
"TRUE","Parasitol-spleen/marrow","9064"
"TRUE","Toxicology-spleen/marrow","9065"
"TRUE","Cell blk/pap-spleen/marr","9066"
"TRUE","Micro exam-spln/marr NEC","9069"
"FALSE","MICRO EXAM-LYMPH SYSTEM","907"
"TRUE","Bact smear-lymph system","9071"
"TRUE","Culture-lymph system","9072"
"TRUE","C&S-lymph system","9073"
"TRUE","Parasitology-lymph sys","9074"
"TRUE","Toxicology-lymph system","9075"
"TRUE","Cell blk/pap-lymph sys","9076"
"TRUE","Micro exam-lymph sys NEC","9079"
"FALSE","MICRO EXAM-UPPER GI","908"
"TRUE","Bact smear-upper GI","9081"
"TRUE","Culture-upper GI","9082"
"TRUE","C&S-upper GI","9083"
"TRUE","Parasitology-upper GI","9084"
"TRUE","Toxicology-upper GI","9085"
"TRUE","Cell blk/pap-upper GI","9086"
"TRUE","Micro exam-upper GI NEC","9089"
"FALSE","MICRO EXAM-LOWER GI","909"
"TRUE","Bact smear-lower GI","9091"
"TRUE","Culture-lower GI","9092"
"TRUE","C&S-lower GI","9093"
"TRUE","Parasitology-lower GI","9094"
"TRUE","Toxicology-lower GI","9095"
"TRUE","Cell blk/pap-lower GI","9096"
"TRUE","Micro exam-lower GI NEC","9099"
"FALSE","MICRO EXAM-BILI/PANCREAS","910"
"TRUE","Bact smear-bili/pancreas","9101"
"TRUE","Culture-bili/pancreas","9102"
"TRUE","C&S-bili/pancreas","9103"
"TRUE","Parasitology-bili/pancr","9104"
"TRUE","Toxicology-bili/pancreas","9105"
"TRUE","Cell blk/pap-bili/pancre","9106"
"TRUE","Micro exam-bili/panc NEC","9109"
"FALSE","MICRO EXAM-PERITONEUM","911"
"TRUE","Bact smear-peritoneum","9111"
"TRUE","Culture-peritoneum","9112"
"TRUE","C&S-peritoneum","9113"
"TRUE","Parasitology-peritoneum","9114"
"TRUE","Toxicology-peritoneum","9115"
"TRUE","Cell blk/pap-peritoneum","9116"
"TRUE","Micro exam-periton NEC","9119"
"FALSE","MICRO EXAM-UPPER URINARY","912"
"TRUE","Bact smear-upper urinary","9121"
"TRUE","Culture-upper urinary","9122"
"TRUE","C&S-upper urinary","9123"
"TRUE","Parasitology-upper urin","9124"
"TRUE","Toxicology-upper urinary","9125"
"TRUE","Cell blk/pap-upper urin","9126"
"TRUE","Micro exam-uppr urin NEC","9129"
"FALSE","MICRO EXAM-LOWER URINARY","913"
"TRUE","Bact smear-lower urinary","9131"
"TRUE","Culture-lower urinary","9132"
"TRUE","C&S-lower urinary","9133"
"TRUE","Parasitlolgy-lower urin","9134"
"TRUE","Toxicology-lower urinary","9135"
"TRUE","Cell blk/pap-lower urin","9136"
"TRUE","Micro exam-low urin NEC","9139"
"FALSE","MICRO EXAM-FEMALE GENIT","914"
"TRUE","Bact smear-female genit","9141"
"TRUE","Culture-female genital","9142"
"TRUE","C&S-female genital","9143"
"TRUE","Parasitology-female gen","9144"
"TRUE","Toxicology-female genit","9145"
"TRUE","Cell blk/pap-female gen","9146"
"TRUE","Micro exam-femal gen NEC","9149"
"FALSE","MICRO EXAM-MUSCULOSKEL","915"
"TRUE","Bact smear-musculoskel","9151"
"TRUE","Culture-musculoskeletal","9152"
"TRUE","C&S-musculoskeletal","9153"
"TRUE","Parasitology-musculoskel","9154"
"TRUE","Toxicology-musculoskel","9155"
"TRUE","Cell blk/pap-musculoskel","9156"
"TRUE","Micro exam-musculosk NEC","9159"
"FALSE","MICRO EXAM-INTEGUMENT","916"
"TRUE","Bact smear-integument","9161"
"TRUE","Culture-integument","9162"
"TRUE","C&S-integument","9163"
"TRUE","Parasitology-integument","9164"
"TRUE","Toxicology-integument","9165"
"TRUE","Cell blk/pap-integument","9166"
"TRUE","Micro exam-integumen NEC","9169"
"FALSE","MICRO EXAM-OP WOUND","917"
"TRUE","Bact smear-op wound","9171"
"TRUE","Culture-op wound","9172"
"TRUE","C&S-op wound","9173"
"TRUE","Parasitology-op wound","9174"
"TRUE","Toxicology-op wound","9175"
"TRUE","Cell blk/pap-op wound","9176"
"TRUE","Micro exam-op wound NEC","9179"
"FALSE","MICRO EXAM NEC","918"
"TRUE","Bact smear NEC","9181"
"TRUE","Culture NEC","9182"
"TRUE","C&S NEC","9183"
"TRUE","Parasitology NEC","9184"
"TRUE","Toxicology NEC","9185"
"TRUE","Cell blk/pap NEC","9186"
"TRUE","Micro exam NEC","9189"
"FALSE","MICRO EXAM NOS","919"
"TRUE","Bact smear NOS","9191"
"TRUE","Culture NOS","9192"
"TRUE","C&S NOS","9193"
"TRUE","Parasitology NOS","9194"
"TRUE","Toxicology NOS","9195"
"TRUE","Cell blk/pap NOS","9196"
"TRUE","Micro exam NOS","9199"
"FALSE","ISOTOPE SCAN & FUNCTION","920"
"TRUE","Thyroid scan/isotop func","9201"
"TRUE","Liver scan/isotope funct","9202"
"TRUE","Renal scan/isotope funct","9203"
"TRUE","Gi scan & isotope funct","9204"
"TRUE","C-vasc scan/isotop funct","9205"
"TRUE","Other isotope function","9209"
"FALSE","OTHER RADIOISOTOPE SCAN","921"
"TRUE","Cerebral scan","9211"
"TRUE","Head scan NEC","9212"
"TRUE","Parathyroid scan","9213"
"TRUE","Bone scan","9214"
"TRUE","Pulmonary scan","9215"
"TRUE","Lymphatic system scan","9216"
"TRUE","Placental scan","9217"
"TRUE","Total body scan","9218"
"TRUE","Scan of other sites","9219"
"FALSE","THERAP RADIOL & NUCL MED","922"
"TRUE","INF LIQUID BRACHY ISOTOP","9220"
"TRUE","Superficial radiation","9221"
"TRUE","Orthovoltage radiation","9222"
"TRUE","Radioisot teleradiother","9223"
"TRUE","Teleradio using photons","9224"
"TRUE","Electron teleradiotherap","9225"
"TRUE","Particul teleradioth NEC","9226"
"TRUE","Radioactive elem implant","9227"
"TRUE","Isotope inject/instill","9228"
"TRUE","Radiotherapeut proc NEC","9229"
"FALSE","STEREOTACT RADIOSURGERY","923"
"TRUE","Stereo radiosurgery NOS","9230"
"TRUE","Sing source radiosurgery","9231"
"TRUE","Multisource radiosurgery","9232"
"TRUE","Particulate radiosurgery","9233"
"TRUE","Stereo radiosurgery NEC","9239"
"TRUE","Intra-op electron rad rx","9241"
"FALSE","DIAGNOSTIC PHYSICAL THER","930"
"TRUE","Functional PT evaluation","9301"
"TRUE","Orthotic evaluation","9302"
"TRUE","Prosthetic evaluation","9303"
"TRUE","Manual muscle funct test","9304"
"TRUE","Range of motion testing","9305"
"TRUE","Limb length measurement","9306"
"TRUE","Body measurement","9307"
"TRUE","Electromyography","9308"
"TRUE","Other dx PT procedure","9309"
"FALSE","PHYS THERAPY EXERCISES","931"
"TRUE","Assisting exercise","9311"
"TRUE","Activ musculosk exer NEC","9312"
"TRUE","Resistive exercise","9313"
"TRUE","Joint movement training","9314"
"TRUE","Mobilization of spine","9315"
"TRUE","Other joint mobilization","9316"
"TRUE","Pass musculosk exer NEC","9317"
"TRUE","Pt breathing exercise","9318"
"TRUE","Pt exercise NEC","9319"
"FALSE","OTH PT MUSCULOSKEL MANIP","932"
"TRUE","Manual & mechan traction","9321"
"TRUE","Ambulat & gait training","9322"
"TRUE","Orthotic device fitting","9323"
"TRUE","Prosthet/orthot training","9324"
"TRUE","Forced limb extension","9325"
"TRUE","Manual rupt joint adhes","9326"
"TRUE","Musc or tend stretching","9327"
"TRUE","Stretching of fascia","9328"
"TRUE","Forcib correct defor NEC","9329"
"FALSE","OTHER PT THERAPEUT PROCS","933"
"TRUE","Assisted pool exercise","9331"
"TRUE","Whirlpool treatment","9332"
"TRUE","Other hydrotherapy","9333"
"TRUE","Diathermy","9334"
"TRUE","Other heat therapy","9335"
"TRUE","Cardiac retraining","9336"
"TRUE","Prenatal training","9337"
"TRUE","Combined PT NOS","9338"
"TRUE","Physical therapy NEC","9339"
"FALSE","SKELETAL & OTH TRACTION","934"
"TRUE","Spine tract w skull dev","9341"
"TRUE","Other spinal traction","9342"
"TRUE","Intermitt skel traction","9343"
"TRUE","Other skeletal traction","9344"
"TRUE","Thomas' splint traction","9345"
"TRUE","Limb skin traction NEC","9346"
"FALSE","OTH IMMOBILIZ/WOUND ATTN","935"
"TRUE","Plaster jacket applicat","9351"
"TRUE","Neck support application","9352"
"TRUE","Other cast application","9353"
"TRUE","Application of splint","9354"
"TRUE","Dental wiring","9355"
"TRUE","Pressure dressing applic","9356"
"TRUE","Dressing of wound NEC","9357"
"TRUE","Pressure trouser applica","9358"
"TRUE","Immobiliz/wound attn NEC","9359"
"FALSE","OSTEOPATHIC MANIPULATION","936"
"TRUE","OMT for gen'l mobilizat","9361"
"TRUE","OMT with hi-vel,lo-ampli","9362"
"TRUE","OMT with lo-vel,hi-ampli","9363"
"TRUE","OMT with isoton,isometri","9364"
"TRUE","OMT with indirect forces","9365"
"TRUE","OMT to move tissue fluid","9366"
"TRUE","Osteopath manipulat NEC","9367"
"FALSE","SPEECH/READ/BLIND REHAB","937"
"TRUE","Dyslexia training","9371"
"TRUE","Dysphasia training","9372"
"TRUE","Esophag speech training","9373"
"TRUE","Speech defect training","9374"
"TRUE","Other speech therapy","9375"
"TRUE","Training in lead dog use","9376"
"TRUE","Braille or moon training","9377"
"TRUE","Rehab for the blind NEC","9378"
"FALSE","OTHER REHAB THERAPY","938"
"TRUE","Recreational therapy","9381"
"TRUE","Educational therapy","9382"
"TRUE","Occupational therapy","9383"
"TRUE","Music therapy","9384"
"TRUE","Vocational rehabilitat","9385"
"TRUE","Rehabilitation NEC","9389"
"FALSE","RESPIRATORY THERAPY","939"
"TRUE","Non-invasive mech vent","9390"
"TRUE","IPPB","9391"
"TRUE","Nonmechan resuscitation","9393"
"TRUE","Nebulizer therapy","9394"
"TRUE","Hyperbaric oxygenation","9395"
"TRUE","Oxygen enrichment NEC","9396"
"TRUE","Decompression chamber","9397"
"TRUE","Atmos press/compos contr","9398"
"TRUE","Other resp procedures","9399"
"FALSE","PSYCHOLOG EVAL & TESTING","940"
"TRUE","Intelligence test admin","9401"
"TRUE","Psychologic test adminis","9402"
"TRUE","Character analysis","9403"
"TRUE","Psychol eval & test NEC","9408"
"TRUE","Psychol mental stat NOS","9409"
"FALSE","PSYCHIATRIC EVAL/CONSULT","941"
"TRUE","Psychiat mental determin","9411"
"TRUE","Routine psychiat visit","9412"
"TRUE","Psychia commitment eval","9413"
"TRUE","Psychia interv/eval NEC","9419"
"FALSE","PSYCHIATRIC SOMATOTHERAP","942"
"TRUE","Narcoanalysis","9421"
"TRUE","Lithium therapy","9422"
"TRUE","Neuroleptic therapy","9423"
"TRUE","Chemical shock therapy","9424"
"TRUE","Psychiat drug therap NEC","9425"
"TRUE","Subconvulsive EST","9426"
"TRUE","Other electroshock therapy","9427"
"TRUE","Psychiatr somatother NEC","9429"
"FALSE","INDIVIDUAL PSYCHOTHERAPY","943"
"TRUE","Psychoanalysis","9431"
"TRUE","Hypnotherapy","9432"
"TRUE","Behavior therapy","9433"
"TRUE","Ind therap psychsex dysf","9434"
"TRUE","Crisis intervention","9435"
"TRUE","Play psychotherapy","9436"
"TRUE","Explor verbal psychother","9437"
"TRUE","Suppor verbal psychother","9438"
"TRUE","Individ psychotherap NEC","9439"
"FALSE","OTH PSYCHOTH/COUNSELLING","944"
"TRUE","Grp therap psychsex dysf","9441"
"TRUE","Family therapy","9442"
"TRUE","Psychodrama","9443"
"TRUE","Other group therapy","9444"
"TRUE","Drug addict counselling","9445"
"TRUE","Alcoholism counselling","9446"
"TRUE","Other counselling","9449"
"FALSE","PSYCHOLOGIC REHAB REFERR","945"
"TRUE","Referral for psychother","9451"
"TRUE","Referral psych aftercare","9452"
"TRUE","Referral alcohol rehab","9453"
"TRUE","Referral for drug rehab","9454"
"TRUE","Referral vocation rehab","9455"
"TRUE","Referral psych rehab NEC","9459"
"FALSE","ALCOHOL/DRUG REHAB/DETOX","946"
"TRUE","Alcohol rehabilitation","9461"
"TRUE","Alcohol detoxification","9462"
"TRUE","Alcohol rehab/detox","9463"
"TRUE","Drug rehabilitation","9464"
"TRUE","Drug detoxification","9465"
"TRUE","Drug rehab/detox","9466"
"TRUE","Comb alcohol/drug rehab","9467"
"TRUE","Comb alcohol/drug detox","9468"
"TRUE","Comb alco/drug reha/deto","9469"
"FALSE","GEN'L & SUBJECT EYE EXAM","950"
"TRUE","Limited eye examination","9501"
"TRUE","Comprehensive eye exam","9502"
"TRUE","Extended ophthal work-up","9503"
"TRUE","Anesthetized eye exam","9504"
"TRUE","Visual field study","9505"
"TRUE","Color vision study","9506"
"TRUE","Dark adaptation study","9507"
"TRUE","Eye examination NOS","9509"
"FALSE","FORM & STRUCTUR EYE EXAM","951"
"TRUE","Fundus photography","9511"
"TRUE","Eye fluorescein angiogra","9512"
"TRUE","Ultrasound study of eye","9513"
"TRUE","X-ray study of eye","9514"
"TRUE","Ocular motility study","9515"
"TRUE","P32 & eye tracer NEC","9516"
"FALSE","OBJECTV FUNCT EYE TESTS","952"
"TRUE","Electroretinogram","9521"
"TRUE","Electro-oculogram","9522"
"TRUE","Visual evoked potential","9523"
"TRUE","Electronystagmogram","9524"
"TRUE","Electromyogram of eye","9525"
"TRUE","Glaucoma testing","9526"
"FALSE","SPECIAL VISION SERVICES","953"
"TRUE","Spectacle fit & dispense","9531"
"TRUE","Perscr/fit/disp contacts","9532"
"TRUE","Oth lo vision aid dispen","9533"
"TRUE","Ocular prosthetics","9534"
"TRUE","Orthoptic training","9535"
"TRUE","Ophth counsel & instruct","9536"
"FALSE","NON-OP HEARING PROCEDURE","954"
"TRUE","Audiometry","9541"
"TRUE","Clinical hearing test","9542"
"TRUE","Audiological evaluation","9543"
"TRUE","Clin vestibul funct test","9544"
"TRUE","Rotation tests","9545"
"TRUE","Audit & vestib test NEC","9546"
"TRUE","Hearing examination NOS","9547"
"TRUE","Fitting of hearing aid","9548"
"TRUE","Non-op hearing proc NEC","9549"
"FALSE","NON-OP GI & RESP INTUBAT","960"
"TRUE","Insert nasopharyn airway","9601"
"TRUE","Insert oropharyn airway","9602"
"TRUE","Insert esoph obtu airway","9603"
"TRUE","Insert endotracheal tube","9604"
"TRUE","Resp tract intubat NEC","9605"
"TRUE","Insert sengstaken tube","9606"
"TRUE","Insert gastric tube NEC","9607"
"TRUE","Insert intestinal tube","9608"
"TRUE","Insert rectal tube","9609"
"FALSE","OTHER NON-OP INSERTION","961"
"TRUE","Pack ext auditory canal","9611"
"TRUE","Vaginal packing","9614"
"TRUE","Vaginal mold insertion","9615"
"TRUE","Other vaginal dilation","9616"
"TRUE","Vag diaphragm insertion","9617"
"TRUE","Oth vagin pessary insert","9618"
"TRUE","Rectal packing","9619"
"FALSE","NON-OP DILATION & MANIP","962"
"TRUE","Dilat frontonasal duct","9621"
"TRUE","Dilation of rectum","9622"
"TRUE","Dilation anal sphincter","9623"
"TRUE","Dilat enterostomy stoma","9624"
"TRUE","Therapeut distent bladd","9625"
"TRUE","Manual reduc rect prolap","9626"
"TRUE","Manual reduction hernia","9627"
"TRUE","Manl reduct stoma prolap","9628"
"TRUE","Reduct intuss ali tract","9629"
"FALSE","NON-OP GI IRRIG & INSTIL","963"
"TRUE","Gastric cooling","9631"
"TRUE","Gastric freezing","9632"
"TRUE","Gastric lavage","9633"
"TRUE","Gastric tube irrigat NEC","9634"
"TRUE","Gastric gavage","9635"
"TRUE","Gi ostomy irrigation","9636"
"TRUE","Proctoclysis","9637"
"TRUE","Impacted feces removal","9638"
"TRUE","Other transanal enema","9639"
"FALSE","DIGEST & GU IRRIG/INSTIL","964"
"TRUE","Biliary tube irrigation","9641"
"TRUE","Pancreatic tube irrigat","9642"
"TRUE","Gi tract instillat NEC","9643"
"TRUE","Vaginal douche","9644"
"TRUE","Nephrost/pyelost irrigat","9645"
"TRUE","Urterost/urete cth irrig","9646"
"TRUE","Cystostomy irrigation","9647"
"TRUE","Indwell cath irrig NEC","9648"
"TRUE","Other GU instillation","9649"
"FALSE","OTHER NON-OP IRRIGATION","965"
"TRUE","Irrigation of eye","9651"
"TRUE","Irrigation of ear","9652"
"TRUE","Irrigation of nasal pass","9653"
"TRUE","Dental scaling & debride","9654"
"TRUE","Tracheostomy toilette","9655"
"TRUE","Bronch/trach lavage NEC","9656"
"TRUE","Vascular cath irrigation","9657"
"TRUE","Wound catheter irrigat","9658"
"TRUE","Wound irrigation NEC","9659"
"TRUE","Entral infus nutrit sub","966"
"FALSE","CONT MECH VENT","967"
"TRUE","Cont mech vent-unspc dur","9670"
"TRUE","Cont mech vent < 96 hrs","9671"
"TRUE","Cont mech vent 96+ hrs","9672"
"FALSE","GI APPLIANCE REPLACEMENT","970"
"TRUE","Replace gast/esoph tube","9701"
"TRUE","Replace gastrostomy tube","9702"
"TRUE","Replace small bowel tube","9703"
"TRUE","Replace large bowel tube","9704"
"TRUE","Repl stent in bile duct","9705"
"FALSE","REPLAC MUSCSKEL APPLIANC","971"
"TRUE","Replace upper limb cast","9711"
"TRUE","Replace lower limb cast","9712"
"TRUE","Replace cast NEC","9713"
"TRUE","Replac M/S immob dev NEC","9714"
"TRUE","Replace wound catheter","9715"
"TRUE","Replace wound pack/drain","9716"
"FALSE","OTHER NON-OP REPLACEMENT","972"
"TRUE","Replace nasal packing","9721"
"TRUE","Replace dental packing","9722"
"TRUE","Replace trach tube","9723"
"TRUE","Replace vag diaphragm","9724"
"TRUE","Replace vaginal pessary","9725"
"TRUE","Replace vag/vulv packing","9726"
"TRUE","Non-op replacement NEC","9729"
"FALSE","REMOV THERAP DEVICE-HEAD","973"
"TRUE","Remove eye prosthesis","9731"
"TRUE","Remove nasal packing","9732"
"TRUE","Remove dental wiring","9733"
"TRUE","Remove dental packing","9734"
"TRUE","Remove dental prosthesis","9735"
"TRUE","Remove ext mand fix dev","9736"
"TRUE","Remove tracheostomy tube","9737"
"TRUE","Remove head/neck sutures","9738"
"TRUE","Remove head/neck dev NEC","9739"
"FALSE","REMOV THOR THERAP DEVICE","974"
"TRUE","Remov thoracotomy tube","9741"
"TRUE","Remov mediastinal drain","9742"
"TRUE","Remov thorax sutures","9743"
"TRUE","Nonop remov hrt asst sys","9744"
"TRUE","Remov thor ther dev NEC","9749"
"FALSE","REMOV GI THERAPEU DEVIC","975"
"TRUE","Remov gastrostomy tube","9751"
"TRUE","Remov small bowel tube","9752"
"TRUE","Remov large bowel tube","9753"
"TRUE","Remov cholecystost tube","9754"
"TRUE","Remov biliary/liver tube","9755"
"TRUE","Remov pancreatic tube","9756"
"TRUE","Remov other GI device","9759"
"FALSE","REMOV URIN THERAP DEVIC","976"
"TRUE","Remov pyelos/nephros tub","9761"
"TRUE","Remov ureteral drain","9762"
"TRUE","Remov cystostomy tube","9763"
"TRUE","Remov urin drainage NEC","9764"
"TRUE","Remov urethral stent","9765"
"TRUE","Remov other urin device","9769"
"FALSE","REMOVAL GENIT THERAP DEV","977"
"TRUE","Removal IUD","9771"
"TRUE","Remov intrauterine pack","9772"
"TRUE","Remov vaginal diaphragm","9773"
"TRUE","Removal oth vag pessary","9774"
"TRUE","Remov vag/vulv packing","9775"
"TRUE","Remov other genit device","9779"
"FALSE","OTHER NON-OP REMOVAL-DEV","978"
"TRUE","Remov retroperiton drain","9781"
"TRUE","Remov peritoneal drain","9782"
"TRUE","Remov abdom wall suture","9783"
"TRUE","Remov trunk suture NEC","9784"
"TRUE","Remov trunk packing NEC","9785"
"TRUE","Remov abdomen device NEC","9786"
"TRUE","Remov trunk device NEC","9787"
"TRUE","Remov ext immobilization","9788"
"TRUE","Remov therapeut dev NEC","9789"
"FALSE","REMOV INTRALUM GI FB","980"
"TRUE","Remov intralum mouth FB","9801"
"TRUE","Rem eso FB wo incision","9802"
"TRUE","Rem gas & sm int FB wo inc","9803"
"TRUE","Rem large int FB wo inc","9804"
"TRUE","Remov intralum rect FB","9805"
"FALSE","REMOV INTRALUM FB NEC","981"
"TRUE","Remov intralum ear FB","9811"
"TRUE","Remov intralum nose FB","9812"
"TRUE","Remov intralum pharyn FB","9813"
"TRUE","Remov intralum laryn FB","9814"
"TRUE","Remov intralum trach FB","9815"
"TRUE","Remov intralum uter FB","9816"
"TRUE","Remov intralum vag FB","9817"
"TRUE","Remov intralum stoma FB","9818"
"TRUE","Remove intralum ureth FB","9819"
"FALSE","REMOVE OTHER FB-NO INCIS","982"
"TRUE","Removal of FB NOS","9820"
"TRUE","Removal superfic FB eye","9821"
"TRUE","Removal head/neck FB","9822"
"TRUE","Removal vulvar FB","9823"
"TRUE","Removal scrotal/penis FB","9824"
"TRUE","Removal trunk FB NEC","9825"
"TRUE","Removal FB from hand","9826"
"TRUE","Removal FB from arm","9827"
"TRUE","Removal FB from foot","9828"
"TRUE","Removal FB from leg","9829"
"FALSE","ESWL","985"
"TRUE","Eswl kid/ureter/bladder","9851"
"TRUE","Eswl gb/bile duct","9852"
"TRUE","Eswl other sites","9859"
"FALSE","BLOOD TRANSFUSION","990"
"TRUE","Periop aut trans hol bld","9900"
"TRUE","Exchange transfusion","9901"
"TRUE","Transfus prev auto blood","9902"
"TRUE","Whole blood transfus NEC","9903"
"TRUE","Packed cell transfusion","9904"
"TRUE","Platelet transfusion","9905"
"TRUE","Coag factor transfusion","9906"
"TRUE","Serum transfusion NEC","9907"
"TRUE","Blood expander transfus","9908"
"TRUE","Transfusion NEC","9909"
"FALSE","INJ/INFUS THERAP SUBSTAN","991"
"TRUE","Thrombolytic inj/inf","9910"
"TRUE","Inject rh immune globul","9911"
"TRUE","Allergy immunization","9912"
"TRUE","Autoimmune dis immunizat","9913"
"TRUE","Injct/inf immunoglobulin","9914"
"TRUE","Parent infus nutrit sub","9915"
"TRUE","Inject antidote","9916"
"TRUE","Inject insulin","9917"
"TRUE","Inject/infuse electrolyt","9918"
"TRUE","Inject anticoagulant","9919"
"FALSE","OTH INJ/INF THERAP SUBST","992"
"TRUE","Inj/inf platelet inhibit","9920"
"TRUE","Inject antibiotic","9921"
"TRUE","Inject anti-infect NEC","9922"
"TRUE","Inject steroid","9923"
"TRUE","Inject hormone NEC","9924"
"TRUE","Inject ca chemother NEC","9925"
"TRUE","Inject tranquilizer","9926"
"TRUE","Iontophoresis","9927"
"TRUE","Immunotherapy as antineo","9928"
"TRUE","Inject/infuse NEC","9929"
"FALSE","PROPHYLACT IMMUN-BACTER","993"
"TRUE","Cholera vaccination","9931"
"TRUE","Typhoid/paratyphoid vacc","9932"
"TRUE","Tuberculosis vaccination","9933"
"TRUE","Plague vaccination","9934"
"TRUE","Tularemia vaccination","9935"
"TRUE","Diphtheria toxoid admin","9936"
"TRUE","Pertussis vaccination","9937"
"TRUE","Tetanus toxoid administ","9938"
"TRUE","DPT administration","9939"
"FALSE","VIRAL IMMUNIZATION","994"
"TRUE","Polio vaccine administra","9941"
"TRUE","Smallpox vaccination","9942"
"TRUE","Yellow fever vaccination","9943"
"TRUE","Rabies vaccination","9944"
"TRUE","Measles vaccination","9945"
"TRUE","Mumps vaccination","9946"
"TRUE","Rubella vaccination","9947"
"TRUE","Mmr administration","9948"
"FALSE","OTHER IMMUNIZATION","995"
"TRUE","Common cold vaccination","9951"
"TRUE","Influenza vaccination","9952"
"TRUE","Arbovirus enceph vaccin","9953"
"TRUE","Arbovirus vaccinat NEC","9954"
"TRUE","Vaccination NEC","9955"
"TRUE","Tetanus antitoxin admini","9956"
"TRUE","Botulism antitoxin admin","9957"
"TRUE","Antitoxin administra NEC","9958"
"TRUE","Vaccination/innocula NEC","9959"
"FALSE","CARDIAC RHYTH CONVERSION","996"
"TRUE","Cardiopulm resuscita NOS","9960"
"TRUE","Atrial cardioversion","9961"
"TRUE","Oth elec countershock hrt","9962"
"TRUE","Closed chest card massag","9963"
"TRUE","Carotid sinus stiumlat","9964"
"TRUE","Cardiac rhythm conv NEC","9969"
"FALSE","THERAPEUTIC APHERESIS","997"
"TRUE","Therapeu plasmapheresis","9971"
"TRUE","Therapeutc leukopheresis","9972"
"TRUE","Therapeu erythropheresis","9973"
"TRUE","Therapeu plateltpheresis","9974"
"TRUE","Adm neuroprotective agnt","9975"
"TRUE","Extracorp immunoabsorpt","9976"
"TRUE","App adhesion barrier sub","9977"
"TRUE","Aquapheresis","9978"
"TRUE","Other therapeu apheresis","9979"
"FALSE","MISC PHYSICAL PROCEDURES","998"
"TRUE","Hypothermia","9981"
"TRUE","Ultraviolet light therap","9982"
"TRUE","Other phototherapy","9983"
"TRUE","Isolation","9984"
"TRUE","Hyperthermia ca therapy","9985"
"TRUE","Non-invasive bone stimul","9986"
"TRUE","Therapeutc photopheresis","9988"
"FALSE","OTHER MISC PROCEDURES","999"
"TRUE","Anesthesia acupuncture","9991"
"TRUE","Other acupuncture","9992"
"TRUE","Rectal massage","9993"
"TRUE","Prostatic massage","9994"
"TRUE","Stretching of foreskin","9995"
"TRUE","Sperm collection","9996"
"TRUE","Denture fitting","9997"
"TRUE","Milk extraction","9998"
"TRUE","Miscellaneous proc NEC","9999"
