"CODE","ORP","ORPTYPE","SEX","SITE","PROCGR","PCPART","EXTLEV","DESC","DRGUSE","MAYUN"
"0001","N","U","B","-","0","0","0","Ther ult head & neck ves","FALSE",
"0002","N","U","B","-","0","0","0","Ther ultrasound of heart","FALSE",
"0003","N","U","B","-","0","0","0","Ther ult peripheral ves","FALSE",
"0009","N","U","B","-","0","0","0","Other therapeutic ultsnd","FALSE",
"0010","N","U","B","-","0","0","0","Implant chemothera agent","FALSE",
"0011","N","U","B","-","0","0","0","Infus drotrecogin alfa","FALSE",
"0012","N","U","B","-","0","0","0","Adm inhal nitric oxide","FALSE",
"0013","N","U","B","-","0","0","0","Inject/infus nesiritide","FALSE",
"0014","N","U","B","-","0","0","0","Injection oxazolidinone","FALSE",
"0015","N","U","B","-","0","0","0","High-dose infusion il-2","FALSE",
"0016","N","U","B","-","0","0","0","Pressurized treat graft","FALSE",
"0017","N","U","B","-","0","0","0","Infusion of vasopressor","FALSE",
"0018","N",,"B","-","0","0","0","INFUS IMMUNOSUP ANTIBODY","FALSE",
"0019","P","U","B","-","0","0","0","BBBD via infusion","FALSE",
"0021","N","U","B","-","0","0","0","Ivus extracran cereb ves","FALSE",
"0022","N","U","B","-","0","0","0","Ivus intrathoracic ves","FALSE",
"0023","N","U","B","-","0","0","0","Ivus peripheral vessels","FALSE",
"0024","N","U","B","-","0","0","0","Ivus coronary vessels","FALSE",
"0025","N","U","B","-","0","0","0","Ivus renal vessels","FALSE",
"0028","N","U","B","-","0","0","0","Intravascul imaging NEC","FALSE",
"0029","N","U","B","-","0","0","0","Intravascul imaging NOS","FALSE",
"0031","N","U","B","-","0","0","0","CAS w CT/CTA","FALSE",
"0032","N","U","B","-","0","0","0","CAS w MR/MRA","FALSE",
"0033","N","U","B","-","0","0","0","CAS w fluoroscopy","FALSE",
"0034","N","U","B","-","0","0","0","Imageless comp asst surg","FALSE",
"0035","N","U","B","-","0","0","0","CAS w multiple datasets","FALSE",
"0039","N","U","B","-","0","0","0","Other CAS","FALSE",
"0040","N",,"B","-","0","2","0","PROCEDURE-ONE VESSEL","TRUE",
"0041","N",,"B","-","0","2","0","PROCEDURE-TWO VESSELS","TRUE",
"0042","N",,"B","-","0","2","0","PROCEDURE-THREE VESSELS","TRUE",
"0043","N",,"B","-","0","2","0","PROCEDURE-FOUR+ VESSELS","TRUE",
"0044","N",,"B","-","0","0","0","PROC-VESSEL BIFURCATION","FALSE",
"0045","N",,"B","-","0","0","0","INSERT 1 VASCULAR STENT","FALSE",
"0046","N",,"B","-","0","0","0","INSERT 2 VASCULAR STENTS","FALSE",
"0047","N",,"B","-","0","0","0","INSERT 3 VASCULAR STENTS","FALSE",
"0048","N",,"B","-","0","0","0","INSERT 4+ VASCULR STENTS","FALSE",
"0049","P","U","B","-","0","0","0","SuperSat O2 therapy","FALSE",
"0050","Y","E","B","C","5","0","0","Impl CRT pacemaker sys","TRUE",
"0051","Y","E","B","C","5","0","0","Impl CRT defibrillat sys","TRUE",
"0052","Y","E","B","C","5","0","0","Imp/rep lead lf ven sys","TRUE",
"0053","Y","E","B","C","5","0","0","Imp/rep CRT pacemakr gen","TRUE",
"0054","Y","E","B","C","5","0","0","Imp/rep CRT defib genat","TRUE",
"0055","N","U","B","-","0","0","0","Ins d-e peripheral stent","TRUE",
"0056","Y",,"B","-","0","1","0","INS/REP IMPL SENSOR LEAD","TRUE",
"0057","Y",,"B","-","0","2","0","IMP/REP SUBCUE CARD DEV","TRUE",
"0058","P","U","B","-","0","0","0","Ins intra-ansm pres mntr","FALSE",
"0059","P","U","B","-","0","0","0","Intravasc msmnt cor art","FALSE",
"0061","Y","E","B","A","5","0","0","Perc angio precereb vess","TRUE",
"0062","Y","E","B","A","3","0","0","Perc angio intracran ves","TRUE",
"0063","N","U","B","-","0","0","0","Perc ins carotid stent","TRUE",
"0064","N","U","B","-","0","0","0","Perc ins precereb stent","TRUE",
"0065","N","U","B","-","0","0","0","Perc ins intracran stent","TRUE",
"0066","Y",,"B","-","5","1","0","PTCA OR CORONARY ATHER","TRUE",
"0067","P","U","B","-","0","0","0","Intravas msmnt thorc art","FALSE",
"0068","P","U","B","-","0","0","0","Intravas msmt periph art","FALSE",
"0069","P","U","B","-","0","0","0","Intravs msmt ves NEC/NOS","FALSE",
"0070","Y","E","B","-","5","0","1","REV HIP REPL-ACETAB/FEM","TRUE",
"0071","Y","E","B","-","5","0","1","REV HIP REPL-ACETAB COMP","TRUE",
"0072","Y","E","B","-","5","0","1","REV HIP REPL-FEM COMP","TRUE",
"0073","Y","E","B","-","5","0","1","REV HIP REPL-LINER/HEAD","TRUE",
"0074","N","E","B","-","0","0","0","HIP REPL SURF-METAL/POLY","FALSE",
"0075","N","E","B","-","0","0","0","HIP REP SURF-METAL/METAL","FALSE",
"0076","N","E","B","-","0","0","0","HIP REP SURF-CERMC/CERMC","FALSE",
"0077","N","E","B","-","0","0","0","HIP REPL SURF-CERMC/POLY","FALSE",
"0080","Y","E","B","-","5","0","1","REV KNEE REPLACEMT-TOTAL","TRUE",
"0081","Y","E","B","-","5","0","1","REV KNEE REPL-TIBIA COMP","TRUE",
"0082","Y","E","B","-","5","0","1","REV KNEE REPL-FEMUR COMP","TRUE",
"0083","Y","E","B","-","5","0","1","REV KNEE REPLACE-PATELLA","TRUE",
"0084","Y","E","B","-","5","0","1","REV KNEE REPL-TIBIA LIN","TRUE",
"0085","Y","E","B","-","4","0","1","RESRF HIP,TOTAL-ACET/FEM","TRUE",
"0086","Y","E","B","-","4","0","1","RESRF HIP,PART-FEM HEAD","TRUE",
"0087","Y","E","B","-","4","0","1","RESRF HIP,PART-ACETABLUM","TRUE",
"0091","N","U","B","-","0","0","0","Trnsplnt live rel donor","FALSE",
"0092","N","U","B","-","0","0","0","Trnsplnt live nonrel don","FALSE",
"0093","N","U","B","-","0","0","0","Transplant cadaver donor","FALSE",
"0094","U",,"B","-","0","0","0","Intra-op neurophys montr","FALSE",
"0101","P","U","B","-","0","0","0","Cisternal puncture","FALSE",
"0102","N","U","B","-","0","0","0","Ventriculopunct thru cath","FALSE",
"0109","N","U","B","-","0","0","0","Other cranial puncture","TRUE",
"0110","Y","E","B","-","0","0","0","Intracran pressure montr","TRUE",
"0111","P","U","B","-","0","0","0","Clos cereb meninges bx","TRUE",
"0112","Y","E","B","-","5","0","1","Open cereb meninges bx","TRUE",
"0113","P","U","B","-","5","0","0","Closed brain biopsy","TRUE",
"0114","Y","E","B","-","6","0","1","Open brain biopsy","TRUE",
"0115","Y","E","B","-","4","0","1","Skull biopsy","TRUE",
"0116","Y","E","B","-","0","0","0","Intracranial 02 monitor","TRUE",
"0117","Y","E","B","-","5","0","0","Brain temp monitoring","TRUE",
"0118","Y","E","B","-","5","0","1","Other brain dx procedure","TRUE",
"0119","Y","E","B","-","4","0","1","Other skull dx procedure","TRUE",
"0121","Y","E","B","A","4","0","1","Cranial sinus I&D","TRUE",
"0122","Y","E","B","-","4","0","1","Remov intracran stimulat","TRUE",
"0123","Y","E","B","A","6","0","1","Reopen craniotomy site","TRUE",
"0124","Y","E","B","A","5","0","1","Other craniotomy","TRUE",
"0125","Y","E","B","A","5","0","1","Other craniectomy","TRUE",
"0126","N",,"B","-","0","0","0","INS CATH CRANIAL CAV/TIS","FALSE",
"0127","N",,"B","-","0","0","0","REM CATH CRANIAL CAV/TIS","FALSE",
"0128","Y",,"B","A","4","0","0","INTRACEREB CTH-BURR HOLE","TRUE",
"0131","Y","E","B","A","5","0","1","Incise cerebral meninges","TRUE",
"0132","Y","E","B","-","6","0","1","Lobotomy & tractotomy","TRUE",
"0139","Y","E","B","A","5","0","1","Other brain incision","TRUE",
"0141","Y","E","B","-","5","0","1","Thalamus operations","TRUE",
"0142","Y","E","B","-","6","0","1","Globus pallidus ops","TRUE",
"0151","Y","E","B","-","6","0","1","Ex cereb meningeal les","TRUE",
"0152","Y","E","B","A","6","0","1","Hemispherectomy","TRUE",
"0153","Y","E","B","A","6","0","1","Brain lobectomy","TRUE",
"0159","Y","E","B","A","6","0","1","Other brain excision","TRUE",
"016","Y","E","B","A","4","0","1","Excise skull lesion","TRUE",
"0201","Y","E","B","-","4","0","1","Linear craniectomy","TRUE",
"0202","Y","E","B","A","4","0","1","Elevate skull fx fragmnt","TRUE",
"0203","Y","E","B","A","5","0","1","Skull flap formation","TRUE",
"0204","Y","E","B","A","5","0","1","Bone graft to skull","TRUE",
"0205","Y","E","B","A","5","0","1","Skull plate insertion","TRUE",
"0206","Y","E","B","A","4","0","1","Cranial osteoplasty NEC","TRUE",
"0207","Y","E","B","A","4","0","1","Skull plate removal","TRUE",
"0211","Y","E","B","A","4","0","1","Simple suture of dura","TRUE",
"0212","Y","E","B","A","5","0","1","Brain meninge repair NEC","TRUE",
"0213","Y","E","B","A","3","0","0","Meninge vessel ligation","TRUE",
"0214","Y","E","B","-","6","0","1","Choroid plexectomy","TRUE",
"022","Y","E","B","A","5","0","1","Ventriculostomy","TRUE",
"0231","Y","E","B","A","5","0","1","Ventricl shunt-head/neck","TRUE",
"0232","Y","E","B","A","5","0","1","Ventri shunt-circula sys","TRUE",
"0233","Y","E","B","A","5","0","1","Ventricl shunt-thorax","TRUE",
"0234","Y","E","B","A","5","0","1","Ventricl shunt-abdomen","TRUE",
"0235","Y","E","B","A","5","0","1","Ventri shunt-uninary sys","TRUE",
"0239","Y","E","B","A","5","0","1","Other ventricular shunt","TRUE",
"0241","P","U","B","-","0","0","0","Irrigate ventricle shunt","FALSE",
"0242","Y","E","B","A","5","0","0","Replace ventricle shunt","TRUE",
"0243","Y","E","B","A","5","0","0","Remove ventricle shunt","TRUE",
"0291","Y","E","B","-","5","0","1","Lysis cortical adhesion","TRUE",
"0292","Y","E","B","A","5","0","1","Brain repair","TRUE",
"0293","Y","E","B","-","5","0","1","Implant brain stimulator","TRUE",
"0294","Y","E","B","A","5","0","1","Insert/replac skull tong","TRUE",
"0295","P","U","B","-","0","0","0","Remove skull tongs","FALSE",
"0296","P","U","B","-","0","0","0","Insert sphenoid electrod","FALSE",
"0299","Y","E","B","-","3","0","1","Skull & brain op NEC","TRUE",
"0301","Y","E","B","E","5","0","0","Removal FB spinal canal","TRUE",
"0302","Y","E","B","E","5","0","0","Reopen laminectomy site","TRUE",
"0309","Y","E","B","E","5","0","0","Spinal canal explor NEC","TRUE",
"031","Y","E","B","-","3","0","0","Intraspin nerve root div","TRUE",
"0321","Y","E","B","-","4","0","0","Percutaneous chordotomy","TRUE",
"0329","Y","E","B","-","4","0","0","Other chordotomy","TRUE",
"0331","N","U","B","-","0","0","0","Spinal tap","TRUE",
"0332","Y","E","B","-","5","0","0","Spinal cord/meninges bx","TRUE",
"0339","Y","E","B","-","2","0","0","Other spinal dx proc","TRUE",
"034","Y","E","B","-","6","0","0","Excis spinal cord lesion","TRUE",
"0351","Y","E","B","-","5","0","0","Spine meningocele repair","TRUE",
"0352","Y","E","B","-","5","0","0","Myelomeningocel repair","TRUE",
"0353","Y","E","B","E","5","0","0","Vertebral fx repair","TRUE",
"0359","Y","E","B","E","5","0","0","Spinal struct repair NEC","TRUE",
"036","Y","E","B","-","4","0","0","Spinal cord adhesiolysis","TRUE",
"0371","Y","E","B","E","4","0","0","Subarach-periton shunt","TRUE",
"0372","Y","E","B","E","4","0","0","Subarach-ureteral shunt","TRUE",
"0379","Y","E","B","E","4","0","0","Oth spinal thecal shunt","TRUE",
"038","P","U","B","-","0","0","0","Destr inject-spine canal","FALSE",
"0390","P","U","B","-","0","0","0","Insert spinal canal cath","FALSE",
"0391","P","U","B","-","0","0","0","Anesth inject-spin canal","FALSE",
"0392","P","U","B","-","0","0","0","Spinal canal inject NEC","FALSE",
"0393","Y","E","B","-","2","0","0","Insert spinal stimulator","TRUE",
"0394","Y","E","B","-","2","0","0","Remove spinal stimulator","TRUE",
"0395","P","U","B","-","0","0","0","Spinal blood patch","FALSE",
"0396","P","U","B","-","0","0","0","Percutan facet denervat","FALSE",
"0397","Y","E","B","E","4","0","0","Revise spine theca shunt","TRUE",
"0398","Y","E","B","E","4","0","0","Remove spine theca shunt","TRUE",
"0399","Y","E","B","-","3","0","0","Spine canal struc op NEC","TRUE",
"0401","Y","E","B","-","6","0","1","Excision acoustc neuroma","TRUE",
"0402","Y","E","B","-","3","0","0","Trigeminal nerv division","TRUE",
"0403","Y","E","B","-","2","0","0","Periph nerve div NEC","TRUE",
"0404","Y","E","B","-","3","0","0","Periph nerve incis NEC","TRUE",
"0405","Y","E","B","-","3","0","0","Gasserian ganglionectomy","TRUE",
"0406","Y","E","B","-","2","0","0","Periph ganglionect NEC","TRUE",
"0407","Y","N","B","-","3","0","0","Periph nerv excision NEC","TRUE",
"0411","P","U","B","-","0","0","0","Clos periph nerve biopsy","TRUE",
"0412","Y","E","B","-","2","0","0","Open periph nerve biopsy","TRUE",
"0419","Y","E","B","-","2","0","0","Periph nerve dx proc NEC","TRUE",
"042","P","U","B","-","0","0","0","Periph nerve destruction","FALSE",
"043","Y","E","B","J","3","0","0","Peripheral nerve suture","TRUE",
"0441","Y","N","B","-","5","0","1","Decompress trigem root","TRUE",
"0442","Y","N","B","-","4","0","0","Cranial nerv decom NEC","TRUE",
"0443","Y","N","B","-","1","0","0","Carpal tunnel release","TRUE",
"0444","Y","N","B","-","2","0","0","Tarsal tunnel release","TRUE",
"0449","Y","N","B","-","3","0","0","Per nerve adhesiolys NEC","TRUE",
"045","Y","E","B","J","4","0","0","Peripheral nerve graft","TRUE",
"046","Y","E","B","J","3","0","0","Periph nerve transposit","TRUE",
"0471","Y","E","B","-","4","0","0","Hypogloss-facial anastom","TRUE",
"0472","Y","E","B","-","3","0","0","Accessory-facial anastom","TRUE",
"0473","Y","E","B","-","3","0","0","Access- hypogloss anasto","TRUE",
"0474","Y","E","B","J","3","0","0","Periph nerv anastom NEC","TRUE",
"0475","Y","E","B","J","3","0","0","Postop revis per nerv op","TRUE",
"0476","Y","E","B","J","3","0","0","Late repair per nerv inj","TRUE",
"0479","Y","E","B","J","3","0","0","Other neuroplasty","TRUE",
"0480","P","U","B","-","0","0","0","Periph nerve inject NOS","FALSE",
"0481","P","U","B","-","0","0","0","Anesth injec periph nerv","FALSE",
"0489","P","U","B","-","0","0","0","Periph nerve inject NEC","FALSE",
"0491","Y","E","B","-","2","0","0","Neurectasis","TRUE",
"0492","Y","E","B","-","1","0","0","Implant periph stimulat","TRUE",
"0493","Y","E","B","-","1","0","0","Remove periph stimulator","TRUE",
"0499","Y","N","B","-","1","0","0","Peripheral nerve ops NEC","TRUE",
"050","Y","E","B","-","3","0","0","Sympath nerve division","TRUE",
"0511","Y","E","B","-","3","0","0","Sympathetic nerve biopsy","TRUE",
"0519","Y","E","B","-","3","0","0","Sympath nrv dx proc NEC","TRUE",
"0521","Y","E","B","-","3","0","0","Sphenopalatin ganglionec","TRUE",
"0522","Y","E","B","-","3","0","0","Cervical sympathectomy","TRUE",
"0523","Y","N","B","-","3","0","0","Lumbar sympathectomy","TRUE",
"0524","Y","E","B","-","3","0","0","Presacral sympathectomy","TRUE",
"0525","Y","E","B","-","3","0","0","Periart sympathectomy","TRUE",
"0529","Y","E","B","-","3","0","0","Other sympathectomy","TRUE",
"0531","P","U","B","-","0","0","0","Anesth inject symp nerve","FALSE",
"0532","P","U","B","-","0","0","0","Neurolyt injec-symp nrv","FALSE",
"0539","P","U","B","-","0","0","0","Sympath nerve inject NEC","FALSE",
"0581","Y","E","B","J","3","0","0","Sympathetic nerve repair","TRUE",
"0589","Y","E","B","-","3","0","0","Sympathetic nerve op NEC","TRUE",
"059","Y","E","B","-","2","0","0","Other nervous system ops","TRUE",
"0601","P","U","B","-","0","0","0","Thyroid field aspiration","FALSE",
"0602","Y","N","B","J","3","0","0","Reopen thyroid field wnd","TRUE",
"0609","Y","E","B","-","3","0","0","Incis thyroid field NEC","TRUE",
"0611","P","U","B","-","0","0","0","Closed thyroid gland bx","FALSE",
"0612","Y","E","B","-","3","0","0","Open thyroid gland bx","TRUE",
"0613","Y","E","B","-","3","0","0","Parathyroid biopsy","TRUE",
"0619","Y","E","B","-","3","0","0","Thyr/parathy dx proc NEC","TRUE",
"062","Y","E","B","-","3","0","0","Unilat thyroid lobectomy","TRUE",
"0631","Y","E","B","-","3","0","0","Excision thyroid lesion","TRUE",
"0639","Y","E","B","-","4","0","0","Part thyroidectomy NEC","TRUE",
"064","Y","E","B","-","4","0","0","Complete thyroidectomy","TRUE",
"0650","Y","E","B","-","4","0","0","Substern thyroidect NOS","TRUE",
"0651","Y","E","B","-","4","0","0","Part substern thyroidect","TRUE",
"0652","Y","E","B","-","4","0","0","Tot substern thyroidect","TRUE",
"066","Y","E","B","-","4","0","0","Lingual thyroid excision","TRUE",
"067","Y","E","B","-","3","0","0","Thyrogloss duct excision","TRUE",
"0681","Y","E","B","-","5","0","0","Total parathyroidectomy","TRUE",
"0689","Y","E","B","-","4","0","0","Other parathyroidectomy","TRUE",
"0691","Y","E","B","-","3","0","0","Thyroid isthmus division","TRUE",
"0692","Y","E","B","J","3","0","0","Thyroid vessel ligation","TRUE",
"0693","Y","E","B","J","3","0","0","Thyroid suture","TRUE",
"0694","Y","E","B","J","3","0","0","Thyroid reimplantation","TRUE",
"0695","Y","E","B","J","3","0","0","Parathyroid reimplant","TRUE",
"0698","Y","E","B","-","3","0","0","Other thyroid operations","TRUE",
"0699","Y","E","B","-","3","0","0","Other parathyroid ops","TRUE",
"0700","Y","E","B","D","3","0","0","Adrenal exploration NOS","TRUE",
"0701","Y","E","B","D","4","0","0","Unilat adrenal explorat","TRUE",
"0702","Y","E","B","D","4","0","0","Bilat adrenal explorat","TRUE",
"0711","P","U","B","-","0","0","0","Closed adrenal gland bx","FALSE",
"0712","Y","E","B","-","5","0","0","Open adrenal gland bx","TRUE",
"0713","Y","E","B","-","6","0","1","Transfront pituitary bx","TRUE",
"0714","Y","E","B","-","6","0","1","Transphen pituitary bx","TRUE",
"0715","Y","E","B","-","6","0","1","Pituitary biopsy NOS","TRUE",
"0716","Y","E","B","-","4","0","0","Thymus biopsy","TRUE",
"0717","Y","E","B","-","5","0","1","Pineal biopsy","TRUE",
"0719","Y","E","B","-","3","0","0","Endocrine dx proc NEC","TRUE",
"0721","Y","E","B","D","5","0","0","Adrenal lesion excision","TRUE",
"0722","Y","E","B","D","5","0","0","Unilateral adrenalectomy","TRUE",
"0729","Y","E","B","D","5","0","0","Part adrenalectomy NEC","TRUE",
"073","Y","E","B","D","5","0","0","Bilateral adrenalectomy","TRUE",
"0741","Y","E","B","D","3","0","0","Adrenal incision","TRUE",
"0742","Y","E","B","-","4","0","0","Adrenal nerve division","TRUE",
"0743","Y","E","B","D","4","0","0","Adrenal vessel ligation","TRUE",
"0744","Y","E","B","D","4","0","0","Adrenal repair","TRUE",
"0745","Y","E","B","D","4","0","0","Adrenal reimplantation","TRUE",
"0749","Y","E","B","D","4","0","0","Adrenal operation NEC","TRUE",
"0751","Y","E","B","-","6","0","1","Pineal field exploration","TRUE",
"0752","Y","E","B","-","6","0","1","Pineal gland incision","TRUE",
"0753","Y","E","B","-","6","0","1","Partial pinealectomy","TRUE",
"0754","Y","E","B","-","6","0","1","Total pinealectomy","TRUE",
"0759","Y","E","B","-","6","0","1","Pineal operation NEC","TRUE",
"0761","Y","E","B","-","6","0","1","Exc pituit les-transfron","TRUE",
"0762","Y","E","B","-","6","0","1","Exc pituit les-transphen","TRUE",
"0763","Y","E","B","-","6","0","1","Part excis pituitary NOS","TRUE",
"0764","Y","E","B","-","6","0","1","Tot exc pituit-transfron","TRUE",
"0765","Y","E","B","-","6","0","1","Tot exc pituit-transphen","TRUE",
"0768","Y","E","B","-","6","0","1","Total exc pituitary NEC","TRUE",
"0769","Y","E","B","-","6","0","1","Total exc pituitary NOS","TRUE",
"0771","Y","E","B","-","6","0","1","Pituitary fossa explorat","TRUE",
"0772","Y","E","B","-","6","0","1","Pituitary gland incision","TRUE",
"0779","Y","E","B","-","6","0","1","Pituitary operation NEC","TRUE",
"0780","Y","E","B","C","5","0","0","Thymectomy NOS","TRUE",
"0781","Y","E","B","C","5","0","0","Part excision of thymus","TRUE",
"0782","Y","E","B","C","5","0","0","Total excision of thymus","TRUE",
"0783","Y","E","B","C","5","0","0","Thorac part excisn thymus","TRUE",
"0784","Y","E","B","C","5","0","0","Thorac total exc thymus","TRUE",
"0791","Y","E","B","C","5","0","0","Thymus field exploration","TRUE",
"0792","Y","E","B","C","5","0","0","Incision of thymus","TRUE",
"0793","Y","E","B","C","5","0","0","Repair of thymus","TRUE",
"0794","Y","E","B","C","5","0","0","Thymus transplantation","TRUE",
"0795","Y","E","B","C","5","0","0","Thorac incision thymus","TRUE",
"0798","Y","E","B","C","5","0","0","Oth thorac op thymus NOS","TRUE",
"0799","Y","E","B","C","5","0","0","Thymus operation NEC","TRUE",
"0801","P","U","B","-","0","0","0","Incision of lid margin","TRUE",
"0802","P","U","B","-","0","0","0","Blepharorrhaphy severing","FALSE",
"0809","P","U","B","-","0","0","0","Other eyelid incision","TRUE",
"0811","Y","N","B","-","1","0","0","Eyelid biopsy","TRUE",
"0819","P","U","B","-","0","0","0","Eyelid dx procedure NEC","FALSE",
"0820","Y","N","B","-","1","0","0","Remove eyelid lesion NOS","TRUE",
"0821","Y","N","B","-","1","0","0","Chalazion excision","TRUE",
"0822","Y","N","B","-","1","0","0","Excise minor les lid NEC","TRUE",
"0823","Y","N","B","-","2","0","0","Exc maj les lid prt-thic","TRUE",
"0824","Y","N","B","-","2","0","0","Exc maj les lid ful-thic","TRUE",
"0825","Y","N","B","-","1","0","0","Destruction lid lesion","TRUE",
"0831","Y","N","B","-","2","0","0","Ptosis rep-front mus sut","TRUE",
"0832","Y","N","B","-","2","0","0","Ptosis rep-fron mus slng","TRUE",
"0833","Y","N","B","-","2","0","0","Ptosis rep-levat mus adv","TRUE",
"0834","Y","N","B","-","2","0","0","Ptosis rep-levat mus NEC","TRUE",
"0835","Y","N","B","-","2","0","0","Ptos rep-tarsal techniq","TRUE",
"0836","Y","N","B","-","2","0","0","Blepharoptos repair NEC","TRUE",
"0837","Y","N","B","-","2","0","0","Reduc overcorrect ptosis","TRUE",
"0838","Y","N","B","-","2","0","0","Correct lid retraction","TRUE",
"0841","Y","N","B","-","1","0","0","Thermocaut/entropion rep","TRUE",
"0842","Y","N","B","-","1","0","0","Suture entropion repair","TRUE",
"0843","Y","N","B","-","2","0","0","Wedg resec entropion rep","TRUE",
"0844","Y","N","B","-","2","0","0","Lid recons entropion rep","TRUE",
"0849","Y","N","B","-","2","0","0","Entropion/ectrop rep NEC","TRUE",
"0851","Y","N","B","-","3","0","0","Canthotomy","TRUE",
"0852","Y","N","B","J","4","0","0","Blepharorrhaphy","TRUE",
"0859","Y","N","B","J","3","0","0","Adjust lid position NEC","TRUE",
"0861","Y","N","B","J","3","0","0","Lid reconst w skin graft","TRUE",
"0862","Y","N","B","J","3","0","0","Lid reconst w muc graft","TRUE",
"0863","Y","N","B","J","3","0","0","Lid reconst w hair graft","TRUE",
"0864","Y","N","B","J","3","0","0","Lid recon-tarsoconj flap","TRUE",
"0869","Y","N","B","J","3","0","0","Lid reconstr w graft NEC","TRUE",
"0870","Y","N","B","J","2","0","0","Lid reconstruction NOS","TRUE",
"0871","Y","N","B","J","3","0","0","Lid marg recon-part thic","TRUE",
"0872","Y","N","B","J","2","0","0","Lid recons-part thic NEC","TRUE",
"0873","Y","N","B","J","2","0","0","Lid marg recons ful thic","TRUE",
"0874","Y","N","B","J","2","0","0","Lid reconst-ful thic NEC","TRUE",
"0881","Y","N","B","J","2","0","0","Lin rep lacer eyelid/brow","TRUE",
"0882","Y","N","B","J","2","0","0","Rep lac inv lid mar par-th","TRUE",
"0883","Y","N","B","J","2","0","0","Oth rep lid lacer, par-th","TRUE",
"0884","Y","N","B","J","2","0","0","Rep lac inv lid mar ful-th","TRUE",
"0885","Y","N","B","J","2","0","0","Oth rep lid lacer, ful-th","TRUE",
"0886","Y","N","B","-","2","0","0","Lower eyelid rhytidectomy","TRUE",
"0887","Y","N","B","-","2","0","0","Upper eyelid rhytidectomy","TRUE",
"0889","Y","N","B","J","2","0","0","Other eyelid repair","TRUE",
"0891","Y","N","B","-","1","0","0","Electrosurg lid epilat","TRUE",
"0892","Y","N","B","-","1","0","0","Cryosurg lid epilation","TRUE",
"0893","Y","N","B","-","1","0","0","Eyelid epilation NEC","TRUE",
"0899","Y","N","B","-","2","0","0","Eyelid operation NEC","TRUE",
"090","Y","N","B","-","2","0","0","Lacrimal gland incision","TRUE",
"0911","Y","N","B","-","2","0","0","Lacrimal gland biopsy","TRUE",
"0912","Y","N","B","-","1","0","0","Lacrimal sac biopsy","TRUE",
"0919","Y","N","B","-","1","0","0","Lacrimal sys dx proc NEC","TRUE",
"0920","Y","N","B","-","1","0","0","Exc lacrimal gland NOS","TRUE",
"0921","Y","N","B","-","2","0","0","Excis les lacrimal gland","TRUE",
"0922","Y","N","B","-","1","0","0","Part dacryoadenect NEC","TRUE",
"0923","Y","N","B","-","1","0","0","Total dacryoadenectomy","TRUE",
"093","Y","N","B","-","1","0","0","Other lacrimal gland ops","TRUE",
"0941","Y","N","B","-","1","0","0","Lacrimal punctum probe","TRUE",
"0942","Y","N","B","-","2","0","0","Lac canaliculi probe","TRUE",
"0943","Y","N","B","-","1","0","0","Nasolacrimal duct probe","TRUE",
"0944","Y","N","B","-","2","0","0","Nasolac duct intubat","TRUE",
"0949","Y","N","B","-","1","0","0","Lac passage manip NEC","TRUE",
"0951","Y","N","B","-","1","0","0","Lac punctum incision","TRUE",
"0952","Y","N","B","-","2","0","0","Lac canaliculi incision","TRUE",
"0953","Y","N","B","-","2","0","0","Lacrimal sac incision","TRUE",
"0959","Y","N","B","-","1","0","0","Lacrim passage incis NEC","TRUE",
"096","Y","N","B","-","1","0","0","Lacrim sac/passage excis","TRUE",
"0971","Y","N","B","-","1","0","0","Correct everted punctum","TRUE",
"0972","Y","N","B","J","2","0","0","Punctum repair NEC","TRUE",
"0973","Y","N","B","J","2","0","0","Canaliculus repair","TRUE",
"0981","Y","N","B","-","3","0","0","Dacryocystorhinostomy","TRUE",
"0982","Y","N","B","-","2","0","0","Conjunctivocystorhinost","TRUE",
"0983","Y","N","B","-","2","0","0","Conjunctivorhinos w tube","TRUE",
"0991","Y","N","B","-","1","0","0","Lac punctum obliteration","TRUE",
"0999","Y","N","B","-","2","0","0","Lacrimal system op NEC","TRUE",
"100","Y","N","B","J","2","0","0","Incise/remov conjunct FB","TRUE",
"101","Y","N","B","-","1","0","0","Conjunctiva incision NEC","TRUE",
"1021","Y","N","B","-","1","0","0","Conjunctival biopsy","TRUE",
"1029","Y","N","B","-","1","0","0","Conjunctiva dx proc NEC","TRUE",
"1031","Y","N","B","-","1","0","0","Excise conjunctiv lesion","TRUE",
"1032","Y","N","B","-","1","0","0","Destruct conjunc les NEC","TRUE",
"1033","Y","N","B","-","1","0","0","Oth conjunc destruc proc","TRUE",
"1041","Y","N","B","-","2","0","0","Symbleph rep w free grft","TRUE",
"1042","Y","N","B","-","2","0","0","Graft conjunc cul-de-sac","TRUE",
"1043","Y","N","B","-","2","0","0","Conjun cul-de-sac rx NEC","TRUE",
"1044","Y","N","B","-","3","0","0","Conjunc free graft NEC","TRUE",
"1049","Y","N","B","-","1","0","0","Conjunctivoplasty NEC","TRUE",
"105","Y","N","B","-","2","0","0","Conjunc/lid adhesiolysis","TRUE",
"106","Y","N","B","J","1","0","0","Repair conjunct lacerat","TRUE",
"1091","N","U","B","-","0","0","0","Subconjunctival inject","TRUE",
"1099","Y","N","B","-","1","0","0","Conjunctival op NEC","TRUE",
"110","Y","N","B","J","1","0","0","Magnet removal cornea FB","TRUE",
"111","Y","N","B","-","2","0","0","Corneal incision","TRUE",
"1121","N","U","B","-","0","0","0","Corneal scrape for smear","TRUE",
"1122","Y","N","B","-","3","0","0","Corneal biopsy","TRUE",
"1129","Y","N","B","-","3","0","0","Corneal dx proc NEC","TRUE",
"1131","Y","N","B","-","1","0","0","Pterygium transposition","TRUE",
"1132","Y","N","B","-","1","0","0","Pteryg exc w cornea grft","TRUE",
"1139","Y","N","B","-","1","0","0","Pterygium excision NEC","TRUE",
"1141","Y","N","B","-","2","0","0","Mech remov cornea epith","TRUE",
"1142","Y","N","B","-","1","0","0","Thermocaut cornea lesion","TRUE",
"1143","Y","N","B","-","2","0","0","Cryotherap cornea lesion","TRUE",
"1149","Y","N","B","-","2","0","0","Destruct cornea les NEC","TRUE",
"1151","Y","N","B","J","3","0","0","Suture cornea laceration","TRUE",
"1152","Y","N","B","J","2","0","0","Rep cornea postop dehisc","TRUE",
"1153","Y","N","B","J","4","0","0","Rx cornea lac w conj flp","TRUE",
"1159","Y","N","B","J","3","0","0","Corneal repair NEC","TRUE",
"1160","Y","N","B","-","4","0","0","Corneal transplant NOS","TRUE",
"1161","Y","N","B","-","4","0","0","Lam keratplast w autgrft","TRUE",
"1162","Y","N","B","-","4","0","0","Lamellar keratoplast NEC","TRUE",
"1163","Y","N","B","-","4","0","0","Perf keratopl w autogrft","TRUE",
"1164","Y","N","B","-","4","0","0","Perforat keratoplast NEC","TRUE",
"1169","Y","N","B","-","4","0","0","Corneal transplant NEC","TRUE",
"1171","Y","N","B","-","3","0","0","Keratomileusis","TRUE",
"1172","Y","N","B","-","3","0","0","Keratophakia","TRUE",
"1173","Y","N","B","-","3","0","0","Keratoprosthesis","TRUE",
"1174","Y","N","B","-","3","0","0","Thermokeratoplasty","TRUE",
"1175","Y","N","B","-","3","0","0","Radial keratotomy","TRUE",
"1176","Y","N","B","-","3","0","0","Epikeratophakia","TRUE",
"1179","Y","N","B","-","3","0","0","Cornea reconstruct NEC","TRUE",
"1191","Y","N","B","-","1","0","0","Corneal tattooing","TRUE",
"1192","Y","N","B","-","2","0","0","Remove corneal implant","TRUE",
"1199","Y","N","B","-","3","0","0","Corneal operation NEC","TRUE",
"1200","Y","N","B","J","2","0","0","Remov ant segmnt FB NOS","TRUE",
"1201","Y","N","B","J","2","0","0","Magnet remov ant seg FB","TRUE",
"1202","Y","N","B","J","2","0","0","Nonmag remov ant seg FB","TRUE",
"1211","Y","N","B","-","3","0","0","Iridotomy w transfixion","TRUE",
"1212","Y","N","B","-","2","0","0","lridotomy NEC","TRUE",
"1213","Y","N","B","-","2","0","0","Prolapsed iris excision","TRUE",
"1214","Y","N","B","-","2","0","0","lridectomy NEC","TRUE",
"1221","Y","N","B","-","2","0","0","Dx aspirat-ant chamber","TRUE",
"1222","Y","N","B","-","2","0","0","Iris biopsy","TRUE",
"1229","Y","N","B","-","2","0","0","Ant segment dx proc NEC","TRUE",
"1231","Y","N","B","-","2","0","0","Goniosynechiae lysis","TRUE",
"1232","Y","N","B","-","2","0","0","Ant synechia lysis NEC","TRUE",
"1233","Y","N","B","-","3","0","0","Post synechiae lysis","TRUE",
"1234","Y","N","B","-","2","0","0","Corneovitreal adhesiolys","TRUE",
"1235","Y","N","B","-","2","0","0","Coreoplasty","TRUE",
"1239","Y","N","B","-","2","0","0","Iridoplasty NEC","TRUE",
"1240","Y","N","B","-","2","0","0","Remov ant segmnt les NOS","TRUE",
"1241","Y","N","B","-","2","0","0","Nonexc destruc iris les","TRUE",
"1242","Y","N","B","-","2","0","0","Excision of iris lesion","TRUE",
"1243","Y","N","B","-","2","0","0","Nonexc destr cil bod les","TRUE",
"1244","Y","N","B","-","2","0","0","Excise ciliary body les","TRUE",
"1251","Y","N","B","-","2","0","0","Goniopuncture","TRUE",
"1252","Y","N","B","-","3","0","0","Goniotomy","TRUE",
"1253","Y","N","B","-","2","0","0","Goniotomy w goniopunctur","TRUE",
"1254","Y","N","B","-","3","0","0","Trabeculotomy ab externo","TRUE",
"1255","Y","N","B","-","2","0","0","Cyclodialysis","TRUE",
"1259","Y","N","B","-","2","0","0","Facilit intraoc circ NEC","TRUE",
"1261","Y","N","B","-","2","0","0","Trephin sclera w iridect","TRUE",
"1262","Y","N","B","-","2","0","0","Thermcaut scler w iridec","TRUE",
"1263","Y","N","B","-","2","0","0","Iridencleisis/iridotasis","TRUE",
"1264","Y","N","B","-","2","0","0","Trabeculectomy ab externo","TRUE",
"1265","Y","N","B","-","2","0","0","Scler fistuliz w iridect","TRUE",
"1266","Y","N","B","-","2","0","0","Postop revis scl fistul","TRUE",
"1269","Y","N","B","-","3","0","0","Scler fistulizing op NEC","TRUE",
"1271","Y","N","B","-","2","0","0","Cyclodiathermy","TRUE",
"1272","Y","N","B","-","2","0","0","Cyclocryotherapy","TRUE",
"1273","Y","N","B","-","2","0","0","Cyclophotocoagulation","TRUE",
"1274","Y","N","B","-","2","0","0","Cil body diminution NOS","TRUE",
"1279","Y","N","B","-","2","0","0","Glaucoma procedure NEC","TRUE",
"1281","Y","N","B","J","3","0","0","Suture scleral lacer","TRUE",
"1282","Y","N","B","J","2","0","0","Scleral fistula repair","TRUE",
"1283","Y","N","B","J","2","0","0","Revis ant seg op wnd NEC","TRUE",
"1284","Y","N","B","-","2","0","0","Destruct scleral lesion","TRUE",
"1285","Y","N","B","-","3","0","0","Repair staphylom w graft","TRUE",
"1286","Y","N","B","-","2","0","0","Rep scler staphyloma NEC","TRUE",
"1287","Y","N","B","-","3","0","0","Graft reinforce sclera","TRUE",
"1288","Y","N","B","-","2","0","0","Sclera reinforcement NEC","TRUE",
"1289","Y","N","B","-","3","0","0","Scleral operation NEC","TRUE",
"1291","Y","N","B","J","2","0","0","Therapeut evac ant chamb","TRUE",
"1292","Y","N","B","-","3","0","0","Anterior chamber inject","TRUE",
"1293","Y","N","B","-","2","0","0","Remov epithel downgrowth","TRUE",
"1297","Y","N","B","-","2","0","0","Iris operation NEC","TRUE",
"1298","Y","N","B","-","2","0","0","Ciliary body op NEC","TRUE",
"1299","Y","N","B","-","3","0","0","Anterior chamber op NEC","TRUE",
"1300","Y","N","B","J","3","0","0","Remove FB lens NOS","TRUE",
"1301","Y","N","B","J","2","0","0","Magnet remove FB lens","TRUE",
"1302","Y","N","B","J","3","0","0","Nonmagnet remove FB lens","TRUE",
"1311","Y","N","B","-","3","1","1","Temp-inf intrcap lens ex","TRUE",
"1319","Y","N","B","-","3","2","1","Intracapsul lens ext NEC","TRUE",
"132","Y","N","B","-","3","3","1","Linear extracap lens ext","TRUE",
"133","Y","N","B","-","3","3","1","Simpl aspir lens extract","TRUE",
"1341","Y","N","B","-","3","3","1","Catarac phacoemuls/aspir","TRUE",
"1342","Y","N","B","-","4","3","1","Post catarac frag/aspir","TRUE",
"1343","Y","N","B","-","3","3","1","Cataract frag/aspir NEC","TRUE",
"1351","Y","N","B","-","3","2","1","Temp-inf xtracap lens ex","TRUE",
"1359","Y","N","B","-","3","0","1","Extracap lens extrac NEC","TRUE",
"1364","Y","N","B","-","2","2","1","After-catar discission","TRUE",
"1365","Y","N","B","-","3","0","1","After-cataract excision","TRUE",
"1366","Y","N","B","-","2","0","1","After catar fragmntation","TRUE",
"1369","Y","N","B","-","2","0","1","Cataract extraction NEC","TRUE",
"1370","Y","N","B","-","3","0","1","Insert pseudophakos NOS","TRUE",
"1371","Y","N","B","-","3","0","0","Insert lens at catar ext","TRUE",
"1372","Y","N","B","-","3","2","1","Secondary insert lens","TRUE",
"138","Y","N","B","-","2","2","1","Implanted lens removal","TRUE",
"139","Y","N","B","-","2","0","1","Other operations on lens","TRUE",
"1390","Y",,"B","J","2","0","0","OPERATION ON LENS NEC","TRUE",
"1391","Y",,"B","-","2","0","0","IMPL INTRAOC TELESC PROS","TRUE",
"1400","Y","N","B","J","3","0","0","Remov post segn-int FB NOS","TRUE",
"1401","Y","N","B","J","3","0","0","Magnet remov post seg FB","TRUE",
"1402","Y","N","B","J","3","0","0","Nonmag remov post seg FB","TRUE",
"1411","Y","N","B","-","3","0","0","Diagnost vitreous aspir","TRUE",
"1419","Y","N","B","-","3","0","0","Dx proc post seg NEC","TRUE",
"1421","Y","N","B","-","4","0","0","Chorioret les diathermy","TRUE",
"1422","Y","N","B","-","4","0","0","Chorioretin les cryother","TRUE",
"1423","Y","N","B","-","4","0","0","Chorioret les xenon  photo","TRUE",
"1424","Y","N","B","-","4","0","0","Chorioret les laser photoc","TRUE",
"1425","Y","N","B","-","3","0","0","Chorioret les unsp photoc","TRUE",
"1426","Y","N","B","-","4","0","0","Chorioret les radiother","TRUE",
"1427","Y","N","B","-","4","0","0","Chorioret les rad implan","TRUE",
"1429","Y","N","B","-","4","0","0","Chorioret les destr NEC","TRUE",
"1431","Y","N","B","J","4","0","0","Retinal tear diathermy","TRUE",
"1432","Y","N","B","J","4","0","0","Retinal tear cryotherapy","TRUE",
"1433","Y","N","B","J","4","0","0","Retin tear  xenon photoco","TRUE",
"1434","Y","N","B","J","4","0","0","Retin tear laser photoco","TRUE",
"1435","Y","N","B","J","4","0","0","Retin tear unsp photoco","TRUE",
"1439","Y","N","B","J","4","0","0","Retinal tear repair NEC","TRUE",
"1441","Y","N","B","-","4","0","0","Scleral buckle w implant","TRUE",
"1449","Y","N","B","-","4","0","0","Scleral buckling NEC","TRUE",
"1451","Y","N","B","-","4","0","0","Detach retina-diathermy","TRUE",
"1452","Y","N","B","-","4","0","0","Detach retina-cryotherap","TRUE",
"1453","Y","N","B","-","4","0","0","Detach retina xenon coag","TRUE",
"1454","Y","N","B","-","4","0","0","Detach retina laser coag","TRUE",
"1455","Y","N","B","-","4","0","0","Detach ret photocoag NOS","TRUE",
"1459","Y","N","B","-","4","0","0","Repair retina detach NEC","TRUE",
"146","Y","N","B","-","3","0","0","Remov pros mat post seg","TRUE",
"1471","Y","N","B","-","3","0","0","Anterior remov vitreous","TRUE",
"1472","Y","N","B","-","4","0","0","Vitreous removal NEC","TRUE",
"1473","Y","N","B","-","3","0","0","Anterior mechan vitrect","TRUE",
"1474","Y","N","B","-","4","0","0","Mech vitrectomy NEC","TRUE",
"1475","Y","N","B","-","3","0","0","Vitreous substitut injec","TRUE",
"1479","Y","N","B","-","3","0","0","Vitreous operation NEC","TRUE",
"149","Y","N","B","-","4","0","0","Other post segment ops","TRUE",
"1501","Y","N","B","-","3","0","0","Extraoc musc-tend biopsy","TRUE",
"1509","Y","N","B","-","1","0","0","Extraoc musc dx proc NEC","TRUE",
"1511","Y","N","B","-","2","0","0","One extraoc mus rec","TRUE",
"1512","Y","N","B","-","2","0","0","1 extraoc muscl advance","TRUE",
"1513","Y","N","B","-","2","0","0","1 extraoc muscl resect","TRUE",
"1519","Y","N","B","-","2","0","0","Xtraoc mus op/detach NEC","TRUE",
"1521","Y","N","B","-","2","0","0","Lengthen 1 extraoc musc","TRUE",
"1522","Y","N","B","-","2","0","0","Shorten 1 extraoc musc","TRUE",
"1529","Y","N","B","-","2","0","0","Op on 1 extraoc musc NEC","TRUE",
"153","Y","N","B","-","3","0","0","Temp detach >1 xtroc mus","TRUE",
"154","Y","N","B","-","3","0","0","Oth op on >1 extraoc mus","TRUE",
"155","Y","N","B","-","3","0","0","Extraocul mus transposit","TRUE",
"156","Y","N","B","-","3","0","0","Revis extraoc musc surg","TRUE",
"157","Y","N","B","B","2","0","0","Extraoc musc inj repair","TRUE",
"159","Y","N","B","-","2","0","0","Oth extraoc mus-tend op","TRUE",
"1601","Y","N","B","-","3","0","0","Orbitotomy w bone flap","TRUE",
"1602","Y","N","B","-","3","0","0","Orbitotomy w implant","TRUE",
"1609","Y","N","B","-","3","0","0","Orbitotomy NEC","TRUE",
"161","Y","N","B","J","3","0","0","Remove penetrat FB eye","TRUE",
"1621","P","U","B","-","0","0","0","Ophthalmoscopy","TRUE",
"1622","Y","N","B","-","2","0","0","Diagnostic asp of orbit","TRUE",
"1623","Y","N","B","-","3","0","0","Eyeball & orbit biopsy","TRUE",
"1629","Y","N","B","-","2","0","0","Eyebal/orbit dx proc NEC","TRUE",
"1631","Y","N","B","J","3","0","0","Eye evisc w synch implan","TRUE",
"1639","Y","N","B","J","3","0","0","Eyeball evisceration NEC","TRUE",
"1641","Y","N","B","J","4","0","0","Eye enuc/implan/musc att","TRUE",
"1642","Y","N","B","J","4","0","0","Eye enuc w implant NEC","TRUE",
"1649","Y","N","B","J","3","0","0","Eyeball enucleation NEC","TRUE",
"1651","Y","N","B","-","4","0","0","Radical orbitomaxillect","TRUE",
"1652","Y","N","B","-","3","0","0","Orbit exent w bone remov","TRUE",
"1659","Y","N","B","-","4","0","0","Orbital exenteration NEC","TRUE",
"1661","Y","N","B","-","3","0","0","2ndry ocular imp insert","TRUE",
"1662","Y","N","B","-","3","0","0","Revis/reinsert ocul imp","TRUE",
"1663","Y","N","B","-","3","0","0","Revis enuc socket w grft","TRUE",
"1664","Y","N","B","-","2","0","0","Enuc socket revis NEC","TRUE",
"1665","Y","N","B","-","2","0","0","2ndry exent cavity graft","TRUE",
"1666","Y","N","B","-","2","0","0","Revis exenter cavity NEC","TRUE",
"1669","Y","N","B","-","2","0","0","2nd op post eye rem NEC","TRUE",
"1671","Y","N","B","-","2","0","0","Remove ocular implant","TRUE",
"1672","Y","N","B","-","2","0","0","Remove orbital implant","TRUE",
"1681","Y","N","B","J","3","0","0","Repair of orbital wound","TRUE",
"1682","Y","N","B","J","3","0","0","Repair eyeball rupture","TRUE",
"1689","Y","N","B","J","3","0","0","Eye/orbit inj repair NEC","TRUE",
"1691","P","U","B","-","0","0","0","Retrobulbar injection","FALSE",
"1692","Y","N","B","-","3","0","0","Excision orbital lesion","TRUE",
"1693","Y","N","B","-","3","0","0","Excision eye lesion N0S","TRUE",
"1698","Y","N","B","-","3","0","0","Operation on orbit NEC","TRUE",
"1699","Y","N","B","-","3","0","0","Operation on eyeball NEC","TRUE",
"1711","Y","N","B","-","3","0","0","Lap dir ing hern-graft","TRUE",
"1712","Y","N","B","-","3","0","0","Lap indir ing hern-graft","TRUE",
"1713","Y","N","B","-","3","0","0","Lap ing hern-graft NOS","TRUE",
"1721","Y","N","B","-","3","0","0","Lap bil dir ing hrn-grft","TRUE",
"1722","Y","N","B","-","3","0","0","Lap bi indir ing hrn-grf","TRUE",
"1723","Y","N","B","-","3","0","0","Lap bi dr/ind ing hrn-gr","TRUE",
"1724","Y","N","B","-","3","0","0","Lap bil ing hern-grf NOS","TRUE",
"1731","Y","E","B","D","4","0","0","Lap mul seg res lg intes","TRUE",
"1732","Y","E","B","D","4","0","0","Laparoscopic cecectomy","TRUE",
"1733","Y","E","B","D","4","0","0","Lap right hemicolectomy","TRUE",
"1734","Y","E","B","D","4","0","0","Lap res transverse colon","TRUE",
"1735","Y","E","B","D","4","0","0","Lap left hemicolectomy","TRUE",
"1736","Y","E","B","D","4","0","0","Lap sigmoidectomy","TRUE",
"1739","Y","E","B","D","4","0","0","Lap pt ex lrg intest NEC","TRUE",
"1741","U",,"B","-","0","0","0","Open robotic assist proc","FALSE",
"1742","U",,"B","-","0","0","0","Lap robotic assist proc","FALSE",
"1743","U",,"B","-","0","0","0","Perc robotic assist proc","FALSE",
"1744","U",,"B","-","0","0","0","Endo robotic assist proc","FALSE",
"1745","U",,"B","-","0","0","0","Thoraco robotic ast proc","FALSE",
"1749","U",,"B","-","0","0","0","Robotic ast proc NEC/NOS","FALSE",
"1751","U",,"B","-","0","0","0","Implant CCM,total system","FALSE",
"1752","U",,"B","-","0","0","0","Implant CCM pulse genrtr","FALSE",
"1761","Y","E","B","A","5","0","0","LITT lesn brain,guidance","TRUE",
"1762","Y","E","B","A","5","0","0","LITT les hd/nck,guidance","TRUE",
"1763","Y","E","B","D","5","0","0","LITT lesn liver,guidance","TRUE",
"1769","Y","E","B","C","0","0","0","LITT lesn, guide oth/NOS","TRUE",
"1770","P","U","B","-","0","0","0","IV infusion clofarabine","TRUE",
"1801","P","U","B","-","0","0","0","Piercing of ear lobe","FALSE",
"1802","P","U","B","-","0","0","0","Ext auditory canal incis","FALSE",
"1809","P","U","B","-","0","0","0","External ear incis NEC","TRUE",
"1811","P","U","B","-","0","0","0","Otoscopy","FALSE",
"1812","P","U","B","-","0","0","0","External ear biopsy","TRUE",
"1819","P","U","B","-","0","0","0","Ext ear diagnos proc NEC","FALSE",
"1821","Y","N","B","-","2","0","0","Preauricular sinus excis","TRUE",
"1829","P","U","B","-","0","0","0","Destruct ext ear les NEC","TRUE",
"1831","Y","N","B","-","2","0","0","Rad excis ext ear les","TRUE",
"1839","Y","N","B","-","2","0","0","Excis external ear NEC","TRUE",
"184","P","U","B","-","0","0","0","Suture ext ear lac","TRUE",
"185","Y","N","B","-","2","0","0","Correction prominent ear","TRUE",
"186","Y","N","B","J","3","0","0","Ext audit canal reconstr","TRUE",
"1871","Y","N","B","J","4","0","0","Construction ear auricle","TRUE",
"1872","Y","N","B","J","3","0","0","Reattach amputated ear","TRUE",
"1879","Y","N","B","J","3","0","0","Plastic rep ext ear NEC","TRUE",
"189","Y","N","B","-","2","0","0","Other ext ear operations","TRUE",
"190","Y","E","B","-","3","0","0","Stapes mobilization","TRUE",
"1911","Y","N","B","-","3","0","0","Stapedect w replac incus","TRUE",
"1919","Y","N","B","-","3","0","0","Stapedectomy NEC","TRUE",
"1921","Y","E","B","-","3","0","0","Rev stapdec w incus repl","TRUE",
"1929","Y","E","B","-","3","0","0","Stapedectomy revis NEC","TRUE",
"193","Y","E","B","-","3","0","0","Ossicular chain op NEC","TRUE",
"194","Y","N","B","-","2","0","0","Myringoplasty","TRUE",
"1952","Y","E","B","-","2","0","0","Type 2 tympanoplasty","TRUE",
"1953","Y","E","B","-","2","0","0","Type 3 tympanoplasty","TRUE",
"1954","Y","E","B","-","2","0","0","Type 4 tympanoplasty","TRUE",
"1955","Y","E","B","-","2","0","0","Type 5 tympanoplasty","TRUE",
"196","Y","E","B","-","2","0","0","Tympanoplasty revision","TRUE",
"199","Y","N","B","-","2","0","0","Middle ear repair NEC","TRUE",
"2001","Y","N","B","-","2","0","0","Myringotomy w intubation","TRUE",
"2009","P","U","B","-","0","0","0","Myringotomy NEC","FALSE",
"201","P","U","B","-","0","0","0","Tympanostomy tube remove","FALSE",
"2021","Y","N","B","-","3","0","0","Mastoid incision","TRUE",
"2022","Y","N","B","-","3","0","0","Petrus pyram air cel inc","TRUE",
"2023","Y","N","B","-","2","0","0","Middle ear incision","TRUE",
"2031","P","U","B","-","0","0","0","Electrocochleography","FALSE",
"2032","Y","N","B","-","3","0","0","Mid & inner ear biopsy","TRUE",
"2039","Y","N","B","-","3","0","0","Mid/in ear dx proc NEC","TRUE",
"2041","Y","E","B","-","4","0","0","Simple mastoidectomy","TRUE",
"2042","Y","E","B","-","4","0","0","Radical mastoidectomy","TRUE",
"2049","Y","E","B","-","4","0","0","Mastoidectomy NEC","TRUE",
"2051","Y","N","B","-","2","0","0","Excise middle ear lesion","TRUE",
"2059","Y","E","B","-","2","0","0","Middle ear excision NEC","TRUE",
"2061","Y","E","B","-","4","0","0","Inner ear fenestration","TRUE",
"2062","Y","E","B","-","4","0","0","Revis inner ear fenestra","TRUE",
"2071","Y","E","B","-","4","0","0","Endolymphatic shunt","TRUE",
"2072","Y","E","B","-","0","0","0","Inner ear injection","TRUE",
"2079","Y","E","B","-","3","0","0","Inc/exc/destr in ear NEC","TRUE",
"208","P","U","B","-","0","0","0","Eustachian tube ops","TRUE",
"2091","Y","E","B","-","2","0","0","Tympanosympathectomy","TRUE",
"2092","Y","E","B","-","4","0","0","Mastoidectomy revision","TRUE",
"2093","Y","E","B","-","4","0","0","Repair oval/round window","TRUE",
"2094","P","U","B","-","0","0","0","Tympanic injection","FALSE",
"2095","Y","E","B","-","4","0","0","Elecmag hear dev implant","TRUE",
"2096","Y","E","B","-","4","0","0","Impit cochlear prost NOS","TRUE",
"2097","Y","E","B","-","4","0","0","Imp/rep schan coch pros","TRUE",
"2098","Y","E","B","-","4","0","0","Imp/rep mchan cochl pros","TRUE",
"2099","Y","E","B","-","2","0","0","Mid-inner ear ops NEC","TRUE",
"2100","P","U","B","-","0","0","0","Control of epistaxis NOS","FALSE",
"2101","P","U","B","-","0","0","0","Ant nasal pack for epist","TRUE",
"2102","P","U","B","-","0","0","0","Post nasal pac for epist","FALSE",
"2103","P","U","B","-","0","0","0","Cautery to stop epistax","FALSE",
"2104","Y","E","B","-","3","0","0","Ethmoid art ligat-epist","TRUE",
"2105","Y","E","B","B","3","0","0","Max art lig for epistax","TRUE",
"2106","Y","E","B","B","4","0","0","Ext carot art lig-epist","TRUE",
"2107","Y","E","B","-","2","0","0","Nasal sept grft-epistax","TRUE",
"2109","Y","N","B","B","2","0","0","Epistaxis control NEC","TRUE",
"211","P","U","B","-","0","0","0","Incision of nose","TRUE",
"2121","N","U","B","-","0","0","0","Rhinoscopy","TRUE",
"2122","P","U","B","-","0","0","0","Nasal biopsy","TRUE",
"2129","P","U","B","-","0","0","0","Nasal dx proc NEC","TRUE",
"2130","P","U","B","-","0","0","0","Nasal lesion excis NOS","TRUE",
"2131","P","U","B","-","0","0","0","Intranas les destruction","TRUE",
"2132","P","U","B","-","0","0","0","Nasal les destruct NEC","TRUE",
"214","Y","E","B","-","2","0","0","Resection of nose","TRUE",
"215","Y","N","B","-","2","0","0","Submuc nasal sept resect","TRUE",
"2161","Y","E","B","-","3","0","0","Diather/cryo turbinectom","TRUE",
"2162","Y","N","B","-","2","0","0","Turbinate fracture","TRUE",
"2169","Y","N","B","-","3","0","0","Turbinectomy NEC","TRUE",
"2171","P","U","B","-","0","0","0","Clos reduction nasal fx","FALSE",
"2172","Y","N","B","B","3","0","0","Open reduction nasal fx","TRUE",
"2181","P","U","B","-","0","0","0","Nasal laceration suture","TRUE",
"2182","Y","N","B","-","3","0","0","Nasal fistula closure","TRUE",
"2183","Y","N","B","-","3","0","0","Tot nasal reconstruction","TRUE",
"2184","Y","N","B","-","3","0","0","Revision rhinoplasty","TRUE",
"2185","Y","N","B","-","3","0","0","Augmentation rhinoplasty","TRUE",
"2186","Y","N","B","-","3","0","0","Limited rhinoplasty","TRUE",
"2187","Y","N","B","-","3","0","0","Rhinoplasty NEC","TRUE",
"2188","Y","N","B","-","3","0","0","Septoplasty NEC","TRUE",
"2189","Y","N","B","B","3","0","0","Nasal repair NEC","TRUE",
"2191","P","U","B","-","0","0","0","Lysis of nasal adhesions","TRUE",
"2199","Y","N","B","-","3","0","0","Nasal operation NEC","TRUE",
"2200","P","U","B","-","0","0","0","Sinus aspirat/lavage NOS","FALSE",
"2201","P","U","B","-","0","0","0","Sinus punct for lavage","FALSE",
"2202","P","U","B","-","0","0","0","Sinus lavage thru ostium","FALSE",
"2211","P","U","B","-","0","0","0","Closed nasal sinus bx","TRUE",
"2212","Y","E","B","-","3","0","0","Open biopsy nasal sinus","TRUE",
"2219","P","U","B","-","0","0","0","Nasal sinus dx proc NEC","FALSE",
"222","P","U","B","-","0","0","0","Intranasal antrotomy","FALSE",
"2231","Y","E","B","-","4","0","0","Radical maxillary antrot","TRUE",
"2239","Y","E","B","-","3","0","0","Ext maxillary antrot NEC","TRUE",
"2241","Y","E","B","-","4","0","0","Frontal sinusotomy","TRUE",
"2242","Y","E","B","-","4","0","0","Frontal sinusectomy","TRUE",
"2250","Y","E","B","-","2","0","0","Sinusotomy NOS","TRUE",
"2251","Y","E","B","-","3","0","0","Ethmoidotomy","TRUE",
"2252","Y","E","B","-","5","0","0","Sphenoidotomy","TRUE",
"2253","Y","E","B","-","4","0","0","Multiple sinus incision","TRUE",
"2260","Y","E","B","-","3","0","0","Sinusectomy NOS","TRUE",
"2261","Y","E","B","-","4","0","0","C-luc exc max sinus les","TRUE",
"2262","Y","E","B","-","4","0","0","Exc max sinus lesion NEC","TRUE",
"2263","Y","N","B","-","4","0","0","Ethmoidectomy","TRUE",
"2264","Y","E","B","-","4","0","0","Sphenoidectomy","TRUE",
"2271","Y","E","B","-","3","0","0","Nasal sinus fistula clos","TRUE",
"2279","Y","E","B","-","2","0","0","Nasal sinus repair NEC","TRUE",
"229","Y","E","B","-","3","0","0","Other nasal sinus ops","TRUE",
"2301","N","U","B","-","0","0","0","Deciduous tooth extract","TRUE",
"2309","N","U","B","-","0","0","0","Tooth extraction NEC","TRUE",
"2311","N","U","B","-","0","0","0","Residual root removal","TRUE",
"2319","N","U","B","-","0","0","0","Surg tooth extract NEC","TRUE",
"232","N","U","B","-","0","0","0","Tooth restor by filling","TRUE",
"233","N","U","B","-","0","0","0","Tooth restorat by inlay","TRUE",
"2341","N","U","B","-","0","0","0","Crown application","TRUE",
"2342","N","U","B","-","0","0","0","Fixed bridge insertion","TRUE",
"2343","N","U","B","-","0","0","0","Insert removable bridge","TRUE",
"2349","N","U","B","-","0","0","0","Dental restoration NEC","TRUE",
"235","N","U","B","-","0","0","0","Tooth implantation","TRUE",
"236","N","U","B","-","0","0","0","Prosthet dental implant","TRUE",
"2370","N","U","B","-","0","0","0","Root canal NOS","TRUE",
"2371","N","U","B","-","0","0","0","Root canal w irrigation","TRUE",
"2372","N","U","B","-","0","0","0","Root canal w apicoectomy","TRUE",
"2373","N","U","B","-","0","0","0","Apicoectomy","TRUE",
"240","P","U","B","-","0","0","0","Gum or alveolar incision","FALSE",
"2411","P","U","B","-","0","0","0","Gum biopsy","TRUE",
"2412","P","U","B","-","0","0","0","Alveolus biopsy","TRUE",
"2419","P","U","B","-","0","0","0","Tooth & gum dx proc NEC","FALSE",
"242","Y","E","B","J","3","0","0","Gingivoplasty","TRUE",
"2431","P","U","B","-","0","0","0","Gum lesion excision","TRUE",
"2432","P","U","B","-","0","0","0","Suture of gum laceration","FALSE",
"2439","P","U","B","-","0","0","0","Gum operation NEC","FALSE",
"244","Y","N","B","-","3","0","0","Exc of dental les of jaw","TRUE",
"245","Y","N","B","J","3","0","0","Alveoloplasty","TRUE",
"246","P","U","B","-","0","0","0","Exposure of tooth","FALSE",
"247","N","U","B","-","0","0","0","Applic orthodont appliance","TRUE",
"248","P","U","B","-","0","0","0","Other orthodontic operat","FALSE",
"2491","P","U","B","-","0","0","0","Exten buccolabial/sulcus","FALSE",
"2499","P","U","B","-","0","0","0","Dental operation NEC","FALSE",
"2501","P","U","B","-","0","0","0","Closed biopsy of tongue","TRUE",
"2502","Y","E","B","-","2","0","0","Open biopsy of tongue","TRUE",
"2509","P","U","B","-","0","0","0","Tongue dx procedure NEC","FALSE",
"251","Y","N","B","-","2","0","0","Destruction tongue les","TRUE",
"252","Y","E","B","-","3","0","0","Partial glossectomy","TRUE",
"253","Y","E","B","-","3","0","0","Complete glossectomy","TRUE",
"254","Y","E","B","-","4","0","0","Radical glossectomy","TRUE",
"2551","P","U","B","-","0","0","0","Suture of tongue lacerat","TRUE",
"2559","Y","E","B","J","2","0","0","Repair of tongue NEC","TRUE",
"2591","P","U","B","-","0","0","0","Lingual frenotomy","TRUE",
"2592","P","U","B","-","0","0","0","Lingual frenectomy","TRUE",
"2593","P","U","B","-","0","0","0","Lysis of tongue adhesion","TRUE",
"2594","Y","E","B","-","3","0","0","Other glossotomy","TRUE",
"2599","Y","E","B","-","1","0","0","Tongue operation NEC","TRUE",
"260","P","U","B","-","0","0","0","Incis salivary glnd/duct","TRUE",
"2611","P","U","B","-","0","0","0","Clos bx saliv gland/duct","TRUE",
"2612","Y","E","B","-","2","0","0","Open bx saliv gland/duct","TRUE",
"2619","P","U","B","-","0","0","0","Saliv glnd dx proc NEC","FALSE",
"2621","Y","N","B","-","2","0","0","Salivary cyst marsupial","TRUE",
"2629","Y","N","B","-","3","0","0","Saliv lesion excis NEC","TRUE",
"2630","Y","N","B","-","3","0","0","Sialoadenectomy NOS","TRUE",
"2631","Y","N","B","-","4","0","0","Partial sialoadenectomy","TRUE",
"2632","Y","N","B","-","4","0","0","Complete sialoadenectomy","TRUE",
"2641","Y","E","B","J","4","0","0","Suture of saliv glnd lac","TRUE",
"2642","Y","E","B","J","3","0","0","Salivary fistula closure","TRUE",
"2649","Y","E","B","J","3","0","0","Salivary repair NEC","TRUE",
"2691","P","U","B","-","0","0","0","Salivary duct probing","FALSE",
"2699","Y","E","B","-","2","0","0","Salivary operation NEC","TRUE",
"270","Y","E","B","J","3","0","0","Drain face & mouth floor","TRUE",
"271","Y","E","B","-","2","0","0","Incision of palate","TRUE",
"2721","Y","N","B","-","2","0","0","Bony palate biopsy","TRUE",
"2722","Y","N","B","-","2","0","0","Uvula and soft palate bx","TRUE",
"2723","N","U","B","-","0","0","0","Biopsy of lip","TRUE",
"2724","P","U","B","-","0","0","0","Mouth biopsy NOS","FALSE",
"2729","P","U","B","-","0","0","0","Oral cavity dx proc NEC","FALSE",
"2731","Y","N","B","-","2","0","0","Loc exc bony palate les","TRUE",
"2732","Y","N","B","-","3","0","0","Wide exc bony palate les","TRUE",
"2741","P","U","B","-","0","0","0","Labial frenumectomy","FALSE",
"2742","Y","N","B","-","3","0","0","Wide excision of lip les","TRUE",
"2743","Y","N","B","-","2","0","0","Excision of lip les NEC","TRUE",
"2749","Y","N","B","-","2","0","0","Excision of mouth NEC","TRUE",
"2751","P","U","B","-","0","0","0","Suture of lip laceration","TRUE",
"2752","P","U","B","-","0","0","0","Suture of mouth lac NEC","TRUE",
"2753","Y","N","B","J","2","0","0","Closure of mouth fistula","TRUE",
"2754","Y","N","B","-","3","0","0","Repair of cleft lip","TRUE",
"2755","Y","N","B","H","3","0","0","Full-thick grft to mouth","TRUE",
"2756","Y","N","B","H","4","0","0","Skin graft to mouth NEC","TRUE",
"2757","Y","N","B","H","4","0","0","Pedicle attach to mouth","TRUE",
"2759","Y","N","B","J","2","0","0","Mouth repair NEC","TRUE",
"2761","Y","E","B","J","2","0","0","Suture of palate lacerat","TRUE",
"2762","Y","E","B","-","3","0","0","Cleft palate correction","TRUE",
"2763","Y","E","B","-","3","0","0","Revis cleft palat repair","TRUE",
"2764","N","U","B","-","0","0","0","Insert palatal implant","TRUE",
"2769","Y","E","B","J","3","0","0","Oth plastic repair palat","TRUE",
"2771","Y","N","B","-","1","0","0","Incision of uvula","TRUE",
"2772","Y","N","B","-","2","0","0","Excision of uvula","TRUE",
"2773","Y","N","B","J","2","0","0","Repair of uvula","TRUE",
"2779","Y","N","B","-","2","0","0","Other uvula operations","TRUE",
"2791","P","U","B","-","0","0","0","Labial frenotomy","FALSE",
"2792","Y","N","B","-","2","0","0","Mouth incision NOS","TRUE",
"2799","Y","N","B","-","2","0","0","Oral cavity ops NEC","TRUE",
"280","Y","E","B","-","2","0","0","Peritonsillar I&D","TRUE",
"2811","Y","N","B","-","2","0","0","Tonsil&adenoid biopsy","TRUE",
"2819","Y","E","B","-","1","0","0","Tonsil&adenoid dx op NEC","TRUE",
"282","Y","N","B","-","2","0","0","Tonsillectomy","TRUE",
"283","Y","E","B","-","2","0","0","Tonsillectomy/adenoidec","TRUE",
"284","Y","E","B","-","2","0","0","Excision of tonsil tag","TRUE",
"285","Y","E","B","-","2","0","0","Excision lingual tonsil","TRUE",
"286","Y","E","B","-","2","0","0","Adenoidectomy","TRUE",
"287","Y","E","B","-","2","0","0","Hemorr contrI post T & A","TRUE",
"2891","Y","E","B","J","1","0","0","Incis to remov tonsil FB","TRUE",
"2892","Y","E","B","-","2","0","0","Excis tonsil/adenoid les","TRUE",
"2899","Y","E","B","-","2","0","0","Tonsil&adenoid ops NEC","TRUE",
"290","Y","E","B","J","3","0","0","Pharyngotomy","TRUE",
"2911","N","U","B","-","0","0","0","Pharyngoscopy","TRUE",
"2912","P","U","B","-","0","0","0","Pharyngeal biopsy","TRUE",
"2919","P","U","B","-","0","0","0","Pharyngeal dx proc NEC","TRUE",
"292","Y","E","B","-","3","0","0","Exc branchial cleft cyst","TRUE",
"2931","Y","E","B","-","2","0","0","Cricopharyngeal myotomy","TRUE",
"2932","Y","E","B","-","3","0","0","Pharyngeal diverticulec","TRUE",
"2933","Y","E","B","-","3","0","0","Pharyngectomy","TRUE",
"2939","Y","E","B","-","2","0","0","Excis/destr les phar NEC","TRUE",
"294","Y","N","B","-","3","0","0","Plastic op on pharynx","TRUE",
"2951","Y","E","B","J","3","0","0","Suture of pharyngeal lac","TRUE",
"2952","Y","E","B","-","3","0","0","Clos branch cleft fistul","TRUE",
"2953","Y","E","B","-","3","0","0","Clos pharynx fistula NEC","TRUE",
"2954","Y","E","B","-","3","0","0","Lysis pharyngeal adhes","TRUE",
"2959","Y","E","B","J","2","0","0","Pharyngeal repair NEC","TRUE",
"2991","P","U","B","-","0","0","0","Pharyngeal dilation","TRUE",
"2992","Y","E","B","-","3","0","1","Divis glossopharyng nerv","TRUE",
"2999","Y","E","B","-","2","0","0","Pharyngeal operation NEC","TRUE",
"3001","Y","E","B","-","3","0","0","Larynx cyst marsupializ","TRUE",
"3009","Y","N","B","-","2","0","0","Destruct larynx les NEC","TRUE",
"301","Y","E","B","-","5","0","0","Hemilaryngectomy","TRUE",
"3021","Y","E","B","-","3","0","0","Epiglottidectomy","TRUE",
"3022","Y","E","B","-","3","0","0","Vocal cordectomy","TRUE",
"3029","Y","E","B","-","4","0","0","Other part laryngectomy","TRUE",
"303","Y","E","B","-","5","0","0","Complete laryngectomy","TRUE",
"304","Y","E","B","-","6","0","0","Radical laryngectomy","TRUE",
"310","P","U","B","-","0","0","0","Injection of larynx","FALSE",
"311","N","U","B","-","0","0","0","Temporary tracheostomy","TRUE",
"3121","Y","E","B","-","6","0","0","Mediastinal tracheostomy","TRUE",
"3129","Y","E","B","-","6","0","0","Other perm tracheostomy","TRUE",
"313","Y","E","B","-","3","0","0","Incis larynx trachea NEC","TRUE",
"3141","N","U","B","-","0","0","0","Tracheoscopy thru stoma","TRUE",
"3142","N","U","B","-","0","0","0","Larygnoscopy/tracheoscop","TRUE",
"3143","N","U","B","-","0","0","0","Closed biopsy larynx","TRUE",
"3144","N","U","B","-","0","0","0","Closed biopsy trachea","TRUE",
"3145","Y","E","B","-","2","0","0","Opn bx larynx or trachea","TRUE",
"3148","P","U","B","-","0","0","0","Oth larynx dx procedure","TRUE",
"3149","P","U","B","-","0","0","0","Oth trachea dx procedure","FALSE",
"315","Y","E","B","-","3","0","0","Local destruc trach les","TRUE",
"3161","Y","E","B","J","3","0","0","Suture of laryngeal lac","TRUE",
"3162","Y","E","B","-","4","0","0","Laryngeal fistula clos","TRUE",
"3163","Y","E","B","-","2","0","0","Laryngostomy revision","TRUE",
"3164","Y","E","B","J","4","0","0","Laryngeal fx repair","TRUE",
"3169","Y","E","B","J","4","0","0","Other laryngeal repair","TRUE",
"3171","Y","E","B","J","3","0","0","Suture of tracheal lacer","TRUE",
"3172","Y","E","B","-","1","0","0","Closure of tracheostomy","TRUE",
"3173","Y","E","B","-","4","0","0","Trachea fistula clos NEC","TRUE",
"3174","Y","E","B","-","4","0","0","Revision of tracheostomy","TRUE",
"3175","Y","E","B","-","4","0","0","Tracheal reconstruction","TRUE",
"3179","Y","E","B","J","4","0","0","Other tracheal repair","TRUE",
"3191","Y","E","B","-","3","0","0","Laryngeal nerv division","TRUE",
"3192","Y","E","B","-","3","0","0","Lysis trach/larynx adhes","TRUE",
"3193","P","U","B","-","0","0","0","Replace trac/laryn stent","FALSE",
"3194","P","U","B","-","0","0","0","Tracheal injection","FALSE",
"3195","P","U","B","-","0","0","0","Tracheoesoph fistulizat","FALSE",
"3198","Y","N","B","-","2","0","0","Oth laryngeal operation","TRUE",
"3199","Y","E","B","-","3","0","0","Other tracheal operation","TRUE",
"3201","N","U","B","-","0","0","0","Endosc destruc bronc les","TRUE",
"3209","Y","E","B","-","4","0","0","Other destruc bronc les","TRUE",
"321","Y","E","B","-","5","0","0","Other bronchial excision","TRUE",
"3220","Y","E","B","C","5","0","0","Thorac exc lung lesion","TRUE",
"3221","Y","E","B","-","5","0","0","Emphysema bleb plication","TRUE",
"3222","Y","E","B","-","5","0","0","Lung vol reduction surg","TRUE",
"3223","Y",,"B","C","5","0","0","OPEN ABLTN LUNG LES/TISS","TRUE",
"3224","Y",,"B","-","5","0","0","PERC ABLTN LUNG LES/TISS","TRUE",
"3225","Y",,"B","C","5","0","0","THOR ABLTN LUNG LES/TISS","TRUE",
"3226","Y",,"B","C","5","0","0","ABLTN LUNG TISS NEC/NOS","TRUE",
"3228","N","U","B","-","0","0","0","Endosc destruc lung les","TRUE",
"3229","Y","E","B","C","5","0","0","Destroy loc lung les NEC","TRUE",
"323","Y","E","B","C","5","0","0","Segmental lung resection","TRUE",
"3230","Y","E","B","C","5","0","0","Thorac seg lung resect","TRUE",
"3239","Y","E","B","C","5","0","0","Oth seg lung resect NOS","TRUE",
"324","Y","E","B","C","5","0","0","Lobectomy of lung","TRUE",
"3241","Y","E","B","C","5","0","0","Thorac lobectomy lung","TRUE",
"3249","Y","E","B","C","5","0","0","Lobectomy of lung NEC","TRUE",
"325","Y","E","B","C","6","0","0","Complete pneumonectomy","TRUE",
"3250","Y","E","B","C","6","0","0","Thoracospc pneumonectomy","TRUE",
"3259","Y","E","B","C","6","0","0","Other pneumonectomy NOS","TRUE",
"326","Y","E","B","-","5","0","0","Rad dissec thorac struct","TRUE",
"329","Y","E","B","C","5","0","0","Other excision of lung","TRUE",
"330","Y","E","B","-","5","0","0","Incision of bronchus","TRUE",
"331","Y","E","B","-","5","0","0","Incision of lung","TRUE",
"3320","Y","E","B","-","4","0","0","Thoracoscopc lung biopsy","TRUE",
"3321","N","U","B","-","0","0","0","Bronchoscopy thru stoma","TRUE",
"3322","N","U","B","-","0","0","0","Fiber-optic bronchoscopy","TRUE",
"3323","N","U","B","-","0","0","0","Other bronchoscopy","TRUE",
"3324","N","U","B","-","0","0","0","Closed bronchial biopsy","TRUE",
"3325","Y","E","B","-","3","0","0","Open bronchial biopsy","TRUE",
"3326","P","U","B","-","0","0","0","Closed lung biopsy","TRUE",
"3327","Y","N","B","-","0","0","0","Clos endoscopic lung bx","TRUE",
"3328","Y","E","B","-","5","0","0","Open lung biopsy","TRUE",
"3329","Y","E","B","-","3","0","0","Bronch/lung dx proc NEC","TRUE",
"3331","P","U","B","-","0","0","0","Destr phren-lung collaps","FALSE",
"3332","P","U","B","-","0","0","0","Pnemothorax-lung collaps","FALSE",
"3333","P","U","B","-","0","0","0","Pneumoperit-lung collaps","FALSE",
"3334","Y","E","B","-","5","0","0","Thoracoplasty","TRUE",
"3339","Y","E","B","-","5","0","0","Surg collaps of lung NEC","TRUE",
"3341","Y","E","B","C","5","0","0","Bronchial lacerat suture","TRUE",
"3342","Y","E","B","C","5","0","0","Bronchial fistula clos","TRUE",
"3343","Y","E","B","C","5","0","0","Lung laceration closure","TRUE",
"3348","Y","E","B","C","5","0","0","Bronchial repair NEC","TRUE",
"3349","Y","E","B","C","5","0","0","Lung repair NEC","TRUE",
"3350","Y","E","B","-","6","0","0","Lung transplant NOS","TRUE",
"3351","Y","E","B","-","6","0","0","Unilat lung transplant","TRUE",
"3352","Y","E","B","-","6","0","0","Bilat lung transplant","TRUE",
"336","Y","E","B","-","6","0","0","Comb heart/lung transpla","TRUE",
"3371","N",,"B","-","0","0","0","ENDO INSRT/REPL BRON VAL","FALSE",
"3372","N","U","B","-","0","0","0","Endo pulm arwy flow msmt","TRUE",
"3373","N",,"B","-","0","0","0","Endo ins/re brnc val,mul","FALSE",
"3378","N",,"B","-","0","0","0","ENDO REM BRONCH DEVC/SUB","FALSE",
"3379","N",,"B","-","0","0","0","ENDO INSRT BRONC DEVC/SUB","FALSE",
"3391","P","U","B","-","0","0","0","Bronchial dilation","TRUE",
"3392","Y","E","B","-","3","0","0","Bronchial ligation","TRUE",
"3393","Y","E","B","-","0","0","0","Puncture of lung","TRUE",
"3398","Y","E","B","-","4","0","0","Bronchial operation NEC","TRUE",
"3399","Y","E","B","-","4","0","0","Lung operation NEC","TRUE",
"3401","N","U","B","-","0","0","0","Incision of chest wall","TRUE",
"3402","Y","E","B","C","5","0","0","Exploratory thoracotomy","TRUE",
"3403","Y","E","B","C","5","0","0","Reopen thoracotomy site","TRUE",
"3404","N","U","B","-","0","0","0","Insertion of ICD","TRUE",
"3405","P","U","B","-","0","0","0","Pleuroperitoneal shunt","FALSE",
"3406","N","U","B","-","0","0","0","Thorac drain pleurl cav","TRUE",
"3409","P","U","B","-","0","0","0","Other pleural incision","TRUE",
"341","Y","E","B","C","4","0","0","Incision of mediastinum","TRUE",
"3420","P","U","B","-","0","0","0","Thoracoscopic pleural bx","FALSE",
"3421","Y","E","B","C","5","0","0","Transpleura thoracoscopy","TRUE",
"3422","Y","E","B","C","4","0","0","Mediastinoscopy","TRUE",
"3423","P","U","B","-","0","0","0","Chest wall biopsy","TRUE",
"3424","P","U","B","-","0","0","0","Pleural biopsy","FALSE",
"3425","P","U","B","-","0","0","0","Clos mediastinal biopsy","FALSE",
"3426","Y","E","B","-","5","0","0","Open mediastinal biopsy","TRUE",
"3427","Y","E","B","-","3","0","0","Biopsy of diaphragm","TRUE",
"3428","Y","E","B","-","4","0","0","Dx procedure thorax NEC","TRUE",
"3429","Y","E","B","-","3","0","0","Dx proc mediastinum NEC","TRUE",
"343","Y","N","B","-","5","0","0","Destruct mediastin les","TRUE",
"344","Y","N","B","-","3","0","0","Destruct chest wall les","TRUE",
"3451","Y","E","B","-","6","0","0","Decortication of lung","TRUE",
"3452","Y","E","B","-","6","0","0","Thoracoscopc decort lung","TRUE",
"3459","Y","E","B","-","5","0","0","Other pleural excision","TRUE",
"346","Y","E","B","-","4","0","0","Scarification of pleura","TRUE",
"3471","P","U","B","-","0","0","0","Suture chest wall lacer","FALSE",
"3472","P","U","B","-","0","0","0","Thoracostomy closure","FALSE",
"3473","Y","E","B","-","6","0","0","Clos thoracic fistul NEC","TRUE",
"3474","Y","E","B","-","4","0","0","Pectus deformity repair","TRUE",
"3479","Y","E","B","C","3","0","0","Other chest wall repair","TRUE",
"3481","Y","E","B","-","4","0","0","Excise diaphragm lesion","TRUE",
"3482","Y","E","B","C","5","0","0","Suture diaphragm lacerat","TRUE",
"3483","Y","E","B","C","5","0","0","Close diaphragm fistula","TRUE",
"3484","Y","E","B","C","5","0","0","Other diaphragm repair","TRUE",
"3485","Y","E","B","-","3","0","0","Implant diaphra pacemake","TRUE",
"3489","Y","E","B","-","3","0","0","Diaphragm operation NEC","TRUE",
"3491","N","U","B","-","0","0","0","Thoracentesis","TRUE",
"3492","P","U","B","-","0","0","0","Inject into thorax cavit","TRUE",
"3493","Y","E","B","C","4","0","0","Repair of pleura","TRUE",
"3499","Y","E","B","-","4","0","0","Thoracic operation NEC","TRUE",
"3500","Y","E","B","-","5","0","0","Closed valvotomy NOS","TRUE",
"3501","Y","E","B","-","5","0","0","Closed aortic valvotomy","TRUE",
"3502","Y","E","B","-","5","0","0","Closed mitral valvatomy","TRUE",
"3503","Y","E","B","-","5","0","0","Closed pulmon valvotomy","TRUE",
"3504","Y","E","B","-","5","0","0","Closed tricusp valvotomy","TRUE",
"3510","Y","E","B","-","6","0","0","Open valvuloplasty NOS","TRUE",
"3511","Y","E","B","-","6","1","0","Opn aortic valvuloplasty","TRUE",
"3512","Y","E","B","-","6","3","0","Opn mitral valvuloplasty","TRUE",
"3513","Y","E","B","-","6","0","0","Opn pulmon valvuloplasty","TRUE",
"3514","Y","E","B","-","6","3","0","Opn tricus valvuloplasty","TRUE",
"3520","Y","E","B","-","6","0","0","Replace heart valve NOS","TRUE",
"3521","Y","E","B","-","6","3","0","Replace aort valv-tissue","TRUE",
"3522","Y","E","B","-","6","3","0","Replace aortic valve NEC","TRUE",
"3523","Y","E","B","-","6","3","0","Replace mitr valv-tissue","TRUE",
"3524","Y","E","B","-","6","3","0","Replace mitral valve NEC","TRUE",
"3525","Y","E","B","-","6","0","0","Replace pulm valv-tissue","TRUE",
"3526","Y","E","B","-","6","0","0","Replace pulmon valve NEC","TRUE",
"3527","Y","E","B","-","6","2","0","Replace tric valv-tissue","TRUE",
"3528","Y","E","B","-","6","2","0","Replace tricusp valv NEC","TRUE",
"3531","Y","E","B","-","6","0","0","Papillary muscle ops","TRUE",
"3532","Y","E","B","-","6","0","0","Chordae tendineae ops","TRUE",
"3533","Y","E","B","-","6","0","0","Annuloplasty","TRUE",
"3534","Y","E","B","-","6","0","0","Infundibulectomy","TRUE",
"3535","Y","E","B","-","6","0","0","Trabecul carneae cord op","TRUE",
"3539","Y","E","B","-","6","0","0","Tiss adj to valv ops NEC","TRUE",
"3541","P","U","B","-","0","0","0","Enlarge existing sep def","TRUE",
"3542","Y","E","B","-","6","0","0","Create septal defect","TRUE",
"3550","Y","E","B","-","6","0","0","Prosth rep hrt septa NOS","TRUE",
"3551","Y","E","B","-","6","0","0","Pros rep atrial def-opn","TRUE",
"3552","Y","E","B","-","6","0","0","Pros repair atria def-cl","TRUE",
"3553","Y","E","B","-","6","0","0","Prost repair ventric def","TRUE",
"3554","Y","E","B","-","6","0","0","Pros rep endocar cushion","TRUE",
"3555","Y",,"B","-","6","0","0","PROS REP VENTRC DEF-CLOS","TRUE",
"3560","Y","E","B","-","6","0","0","Grft repair hrt sept NOS","TRUE",
"3561","Y","E","B","-","6","0","0","Graft repair atrial def","TRUE",
"3562","Y","E","B","-","6","0","0","Graft repair ventric def","TRUE",
"3563","Y","E","B","-","6","0","0","Grft rep endocar cushion","TRUE",
"3570","Y","E","B","-","6","0","0","Heart septa repair NOS","TRUE",
"3571","Y","E","B","-","6","0","0","Atria septa def rep NEC","TRUE",
"3572","Y","E","B","-","6","0","0","Ventr septa def rep NEC","TRUE",
"3573","Y","E","B","-","6","0","0","Endocar cushion rep NEC","TRUE",
"3581","Y","E","B","-","6","0","0","Tot repair tetral fallot","TRUE",
"3582","Y","E","B","-","6","0","0","Total repair of tapvc","TRUE",
"3583","Y","E","B","-","6","0","0","Tot rep truncus arterios","TRUE",
"3584","Y","E","B","-","6","0","0","Tot cor transpos grt ves","TRUE",
"3591","Y","E","B","-","6","0","0","Interat ven retrn transp","TRUE",
"3592","Y","E","B","-","6","0","0","Conduit rt vent-pul art","TRUE",
"3593","Y","E","B","-","6","0","0","Conduit left ventr-aorta","TRUE",
"3594","Y","E","B","-","6","0","0","Conduit artium-pulm art","TRUE",
"3595","Y","E","B","-","6","0","0","Heart repair revision","TRUE",
"3596","Y","E","B","-","5","0","0","Perc heart valvuloplasty","TRUE",
"3598","Y","E","B","-","5","0","0","Other heart septa ops","TRUE",
"3599","Y","E","B","-","5","0","0","Other heart valve ops","TRUE",
"3601","Y","E","B","-","6","0","0","Ptca-1 ves/ath w/o agent","TRUE",
"3602","Y","E","B","-","6","0","0","Ptca-1 ves/ath w agent","TRUE",
"3603","Y","E","B","-","6","0","0","Open coronry angioplasty","TRUE",
"3604","P","U","B","-","0","0","0","Intrcoronry thromb infus","TRUE",
"3605","Y","E","B","-","6","0","0","Ptca-multiple vessel/ath","TRUE",
"3606","N","U","B","-","0","0","0","Insert of cor art stent","TRUE",
"3607","N","U","B","-","0","0","0","Ins drug-elut coronry st","TRUE",
"3609","Y","E","B","-","5","0","0","Rem of cor art obstr NEC","TRUE",
"3610","Y","E","B","-","6","0","0","Aortocoronary bypass NOS","TRUE",
"3611","Y","E","B","-","6","0","0","Aortocor bypas-1 cor art","TRUE",
"3612","Y","E","B","-","6","0","0","Aortocor bypas-2 cor art","TRUE",
"3613","Y","E","B","-","6","0","0","Aortocor bypas-3 cor art","TRUE",
"3614","Y","E","B","-","6","0","0","Aortcor bypas-4+ cor art","TRUE",
"3615","Y","E","B","-","6","0","0","1 int mam-cor art bypass","TRUE",
"3616","Y","E","B","-","6","0","0","2 int mam-cor art bypass","TRUE",
"3617","Y","E","B","-","6","0","0","Abd-coron artery bypass","TRUE",
"3619","Y","E","B","-","5","0","0","Hrt revas byps anas NEC","TRUE",
"362","Y","E","B","-","5","0","0","Arterial implant revasc","TRUE",
"3631","Y","E","B","-","5","0","0","Open chest trans revasc","TRUE",
"3632","Y","E","B","-","5","0","0","Oth transmyo revascular","TRUE",
"3633","Y",,"B","-","5","0","0","ENDO TRANSMYO REVASCULAR","TRUE",
"3634","Y",,"B","-","5","0","0","PERC TRANSMYO REVASCULAR","TRUE",
"3639","Y","E","B","-","5","0","0","Oth heart revascular","TRUE",
"3691","Y","E","B","-","6","0","0","Coron vess aneurysm rep","TRUE",
"3699","Y","E","B","-","5","0","0","Heart vessel op NEC","TRUE",
"370","P","U","B","-","0","0","0","Pericardiocentesis","TRUE",
"3710","Y","E","B","-","5","0","0","Incision of heart NOS","TRUE",
"3711","Y","E","B","-","6","0","0","Cardiotomy","TRUE",
"3712","Y","E","B","C","5","0","0","Pericardiotomy","TRUE",
"3720","N",,"B","-","0","0","0","NONINVAS ELECT STIMULATN","TRUE",
"3721","N","U","B","-","0","0","0","Rt heart cardiac cath","TRUE",
"3722","N","U","B","-","0","0","0","Left heart cardiac cath","TRUE",
"3723","N","U","B","-","0","0","0","Rt/left heart card cath","TRUE",
"3724","Y","E","B","-","5","0","0","Pericardial biopsy","TRUE",
"3725","P","U","B","-","0","0","0","Cardiac biopsy","FALSE",
"3726","N","U","B","-","0","0","0","Cardiac electrophy stim","TRUE",
"3727","N","U","B","-","0","0","0","Cardiac mapping","TRUE",
"3728","N","U","B","-","0","0","0","Intracardiac echocardio","TRUE",
"3729","P","U","B","-","0","0","0","Hrt/pericar dx proc NEC","FALSE",
"3731","Y","E","B","-","6","0","0","Pericardiectomy","TRUE",
"3732","Y","E","B","-","6","0","0","Heart aneurysm excision","TRUE",
"3733","Y","E","B","-","6","0","0","Exc/dest oth hrt lesion","TRUE",
"3734","Y","E","B","-","6","0","0","Cath ablation les heart","TRUE",
"3735","Y","E","B","-","6","0","0","Partial ventriculectomy","TRUE",
"3736","Y","E","B","-","6","0","0","Exc left atrial appendag","TRUE",
"374","Y","E","B","C","5","0","0","Heart & pericard repair","TRUE",
"3741","Y",,"B","C","5","0","0","IMPL CARDIAC SUPPORT DEV","TRUE",
"3749","Y",,"B","C","5","0","0","HEART/PERICARD REPR NEC","TRUE",
"3751","Y","E","B","-","6","0","0","Heart transplantation","TRUE",
"3752","Y","E","B","-","5","0","0","Implant tot rep hrt sys","TRUE",
"3753","Y","E","B","-","5","0","0","Repl/rep thorac unit hrt","TRUE",
"3754","Y","E","B","-","5","0","0","Repl/rep oth tot hrt sys","TRUE",
"3755","Y","E","B","-","6","0","0","Rem int bivent hrt sys","TRUE",
"3760","Y","E","B","-","6","0","0","Imp bivn ext hrt ast sys","TRUE",
"3761","Y","E","B","-","6","0","0","Pulsation balloon implan","TRUE",
"3762","Y","E","B","-","6","0","0","Implant hrt asst sys NEC","TRUE",
"3763","Y","E","B","-","6","0","0","Replace hrt assist syst","TRUE",
"3764","Y","E","B","-","6","0","0","Remove heart assist sys","TRUE",
"3765","Y","E","B","-","6","0","0","Imp ext pul hrt asst sys","TRUE",
"3766","Y","E","B","-","6","0","0","Imp imp pul hrt asst sys","TRUE",
"3767","Y","E","B","-","6","0","0","Imp cardiomyostimul sys","TRUE",
"3768","Y","E","B","-","6","0","0","Percutan hrt assist syst","TRUE",
"3770","N","U","B","-","0","1","0","Int insert pacemak lead","TRUE",
"3771","N","U","B","-","0","1","0","Int insert lead in vent","TRUE",
"3772","N","U","B","-","0","1","0","Int insert lead atri-vent","TRUE",
"3773","N","U","B","-","0","1","0","Int insert lead in atrium","TRUE",
"3774","Y","E","B","-","0","1","0","Int or repl lead epicar","TRUE",
"3775","Y","E","B","-","0","0","0","Revision of lead","TRUE",
"3776","Y","E","B","-","0","1","0","Repl tv atri-vent lead","TRUE",
"3777","Y","E","B","-","0","0","0","Removal of lead w/o repl","TRUE",
"3778","P","U","B","-","0","0","0","Inser temp pacemaker sys","TRUE",
"3779","Y","E","B","-","5","0","0","Revis or relocate pocket","TRUE",
"3780","Y","E","B","-","4","2","0","Int or repl perm pacemkr","TRUE",
"3781","N","U","B","-","0","2","0","Int insert 1-cham, non","TRUE",
"3782","N","U","B","-","0","2","0","Int insert 1-cham, rate","TRUE",
"3783","N","U","B","-","0","2","0","Int insert dual-cham dev","TRUE",
"3785","Y","E","B","-","4","2","0","Repl pacem w 1-cham, non","TRUE",
"3786","Y","E","B","-","4","2","0","Repl pacem 1-cham, rate","TRUE",
"3787","Y","E","B","-","4","2","0","Repl pacem w dual-cham","TRUE",
"3789","Y","N","B","-","4","0","0","Revise or remove pacemak","TRUE",
"3790","N","U","B","-","0","0","0","Ins left atr append dev","TRUE",
"3791","Y","E","B","C","4","0","0","Opn chest cardiac massag","TRUE",
"3792","P","U","B","-","0","0","0","Injection into heart","FALSE",
"3793","P","U","B","-","0","0","0","Injection into pericard","FALSE",
"3794","Y","E","B","-","5","0","0","lmplt/repl carddefib tot","TRUE",
"3795","Y","E","B","-","3","1","0","Implt cardiodefib leads","TRUE",
"3796","Y","E","B","-","5","2","0","Implt cardiodefib genatr","TRUE",
"3797","Y","E","B","-","4","1","0","Repl cardiodefib leads","TRUE",
"3798","Y","E","B","-","4","2","0","Repl cardiodefib genratr","TRUE",
"3799","Y","E","B","-","4","0","0","Other heart/pericard ops","TRUE",
"3800","Y","N","B","-","4","0","0","Incision of vessel NOS","TRUE",
"3801","Y","E","B","-","4","0","0","Intracran vessel incis","TRUE",
"3802","Y","E","B","-","4","0","0","Head/neck ves incis NEC","TRUE",
"3803","Y","E","B","-","4","0","0","Upper limb vessel incis","TRUE",
"3804","Y","E","B","-","4","0","0","Incision of aorta","TRUE",
"3805","Y","E","B","-","6","0","0","Thoracic vessel inc NEC","TRUE",
"3806","Y","E","B","-","4","0","0","Abdomen artery incision","TRUE",
"3807","Y","E","B","-","4","0","0","Abdominal vein incision","TRUE",
"3808","Y","E","B","-","5","0","0","Lower limb artery incis","TRUE",
"3809","Y","N","B","-","4","0","0","Lower limb vein incision","TRUE",
"3810","Y","E","B","-","3","0","0","Endarterectomy NOS","TRUE",
"3811","Y","E","B","-","4","0","0","Intracran endarterectomy","TRUE",
"3812","Y","E","B","-","6","0","0","Head & neck endarter NEC","TRUE",
"3813","Y","E","B","-","3","0","0","Upper limb endarterectom","TRUE",
"3814","Y","E","B","-","4","0","0","Endarterectomy of aorta","TRUE",
"3815","Y","E","B","-","6","0","0","Thoracic endarterectomy","TRUE",
"3816","Y","E","B","-","4","0","0","Abdominal endarterectomy","TRUE",
"3818","Y","E","B","-","5","0","0","Lower limb endarterect","TRUE",
"3821","Y","E","B","-","3","0","0","Blood vessel biopsy","TRUE",
"3822","P","U","B","-","0","0","0","Percutaneous angioscopy","FALSE",
"3823","N","U","B","-","0","0","0","Intravasclr spectroscopy","FALSE",
"3824","N","U","B","-","0","0","0","Intravas img cor ves OCT","FALSE",
"3825","N","U","B","-","0","0","0","Intravas img non-cor OCT","FALSE",
"3829","Y","E","B","-","2","0","0","Blood vessel dx proc NEC","TRUE",
"3830","Y","E","B","-","3","0","0","Vessel resect/anast NOS","TRUE",
"3831","Y","E","B","A","6","0","0","Intracran ves resec-anas","TRUE",
"3832","Y","E","B","-","4","0","0","Head/neck ves resec-anas","TRUE",
"3833","Y","E","B","F","4","0","0","Arm vessel resect/anast","TRUE",
"3834","Y","E","B","D","6","0","0","Aorta resection & anast","TRUE",
"3835","Y","E","B","C","6","0","0","Thor vessel resect/anast","TRUE",
"3836","Y","E","B","D","4","0","0","Abd vessel resect/anast","TRUE",
"3837","Y","E","B","D","4","0","0","Abd vein resect & anast","TRUE",
"3838","Y","E","B","G","5","0","0","Leg artery resect/anast","TRUE",
"3839","Y","E","B","G","3","0","0","Leg vein resect/anastom","TRUE",
"3840","Y","E","B","-","4","0","0","Vessel resect/replac NOS","TRUE",
"3841","Y","E","B","A","6","0","0","Intracran ves resec-repl","TRUE",
"3842","Y","E","B","-","5","0","0","Head/neck ves resec-repl","TRUE",
"3843","Y","E","B","F","4","0","0","Arm ves resect w replace","TRUE",
"3844","Y","E","B","D","6","1","0","Resect abdm aorta w repl","TRUE",
"3845","Y","E","B","C","6","2","0","Resect thorac ves w repl","TRUE",
"3846","Y","E","B","D","6","0","0","Abd artery resec w repla","TRUE",
"3847","Y","E","B","D","4","0","0","Abd vein resect w replac","TRUE",
"3848","Y","E","B","G","4","0","0","Leg artery resec w repla","TRUE",
"3849","Y","E","B","G","4","0","0","Leg vein resect w replac","TRUE",
"3850","Y","E","B","-","3","0","0","Varicose v lig-strip NOS","TRUE",
"3851","Y","E","B","-","0","0","0","Intcran var v lig-strip","TRUE",
"3852","Y","E","B","-","0","0","0","Head/neck var v lig-str","TRUE",
"3853","Y","E","B","-","0","0","0","Arm varicose v lig-strip","TRUE",
"3855","Y","E","B","-","0","0","0","Thorac var v lig-strip","TRUE",
"3857","Y","E","B","-","0","0","0","Abd varicos v liga-strip","TRUE",
"3859","Y","N","B","-","3","0","0","Leg varicos v liga-strip","TRUE",
"3860","Y","E","B","-","3","0","0","Excision of vessel NOS","TRUE",
"3861","Y","E","B","A","6","0","0","Intracran vessel excis","TRUE",
"3862","Y","E","B","-","3","0","0","Head/neck vessel excis","TRUE",
"3863","Y","E","B","F","3","0","0","Arm vessel excision","TRUE",
"3864","Y","E","B","D","6","0","0","Excision of aorta","TRUE",
"3865","Y","E","B","C","4","0","0","Thoracic vessel excision","TRUE",
"3866","Y","E","B","D","4","0","0","Abdominal artery excis","TRUE",
"3867","Y","E","B","D","4","0","0","Abdominal vein excision","TRUE",
"3868","Y","E","B","G","4","0","0","Leg artery excision","TRUE",
"3869","Y","E","B","G","3","0","0","Leg vein excision","TRUE",
"387","Y","E","B","C","5","0","0","Interruption vena cava","TRUE",
"3880","Y","E","B","-","4","0","0","Surg vessel occlus NEC","TRUE",
"3881","Y","E","B","A","6","0","0","Occlus intracran ves NEC","TRUE",
"3882","Y","E","B","-","4","0","0","Occlus head/neck ves NEC","TRUE",
"3883","Y","E","B","F","3","0","0","Occlude arm vessel NEC","TRUE",
"3884","Y","E","B","D","5","0","0","Occlude aorta NEC","TRUE",
"3885","Y","E","B","C","6","0","0","Occlude thoracic ves NEC","TRUE",
"3886","Y","N","B","D","5","0","0","Occlude abd artery NEC","TRUE",
"3887","Y","E","B","D","4","0","0","Occlude abd vein NEC","TRUE",
"3888","Y","E","B","G","4","0","0","Occlude leg artery NEC","TRUE",
"3889","Y","E","B","G","3","0","0","Occlude leg vein NEC","TRUE",
"3891","N","U","B","-","0","0","0","Arterial catheterization","TRUE",
"3892","N","U","B","-","0","0","0","Umbilical vein cath","TRUE",
"3893","N","U","B","-","0","0","0","Venous catheterization","TRUE",
"3894","N","U","B","-","0","0","0","Venous cutdown","TRUE",
"3895","P","U","B","-","0","0","0","Ven cath renal dialysis","FALSE",
"3898","P","U","B","-","0","0","0","Arterial puncture NEC","FALSE",
"3899","P","U","B","-","0","0","0","Venous puncture NEC","FALSE",
"390","Y","E","B","-","6","0","0","Systemic-pulm art shunt","TRUE",
"391","Y","E","B","-","6","0","0","Intra-abd venous shunt","TRUE",
"3921","Y","E","B","-","6","0","0","Caval-pulmon art anastom","TRUE",
"3922","Y","E","B","C","6","0","0","Aorta-subcIv-carot bypas","TRUE",
"3923","Y","E","B","C","6","0","0","Intrathoracic shunt NEC","TRUE",
"3924","Y","E","B","D","5","0","0","Aorta-renal bypass","TRUE",
"3925","Y","E","B","D","5","0","0","Aorta-iliac-femor bypass","TRUE",
"3926","Y","E","B","D","4","0","0","Intra-abdomin shunt NEC","TRUE",
"3927","Y","E","B","-","4","0","0","Dialysis arteriovenostom","TRUE",
"3928","Y","E","B","A","6","0","0","Extracran-intracr bypass","TRUE",
"3929","Y","E","B","-","5","0","0","Vasc shunt & bypass NEC","TRUE",
"3930","Y","E","B","J","2","0","0","Suture of vessel NOS","TRUE",
"3931","Y","E","B","J","4","0","0","Suture of artery","TRUE",
"3932","Y","E","B","J","4","0","0","Suture of vein","TRUE",
"3941","Y","E","B","-","4","0","0","Postop vasc op hem contr","TRUE",
"3942","Y","E","B","-","4","0","0","Revis ren dialysis shunt","TRUE",
"3943","Y","E","B","-","4","0","0","Remov ren dialysis shunt","TRUE",
"3949","Y","E","B","-","4","0","0","Vasc proc revision NEC","TRUE",
"3950","Y","E","B","-","5","0","0","Angio/ath non-coro ves","TRUE",
"3951","Y","E","B","A","6","0","0","Clipping of aneurysm","TRUE",
"3952","Y","E","B","A","6","0","0","Aneurysm repair NEC","TRUE",
"3953","Y","E","B","A","6","0","0","Arterioven fistula rep","TRUE",
"3954","Y","E","B","C","4","0","0","Re-entry operation","TRUE",
"3955","Y","E","B","-","4","0","0","Reimplan aberr renal ves","TRUE",
"3956","Y","E","B","J","5","0","0","Repair vess w tis patch","TRUE",
"3957","Y","E","B","J","5","0","0","Rep vess w synth patch","TRUE",
"3958","Y","E","B","J","5","0","0","Repair vess w patch NOS","TRUE",
"3959","Y","E","B","J","4","0","0","Repair of vessel NEC","TRUE",
"3961","P","U","B","-","0","0","0","Extracorporeal circulat","TRUE",
"3962","P","U","B","-","0","0","0","Hypothermia w open heart","TRUE",
"3963","P","U","B","-","0","0","0","Cardioplegia","TRUE",
"3964","P","U","B","-","0","0","0","Intraop cardiac pacemak","TRUE",
"3965","P","U","B","-","0","0","0","Extracorporeal memb oxy","TRUE",
"3966","P","U","B","-","0","0","0","Per cardiopulmon bypass","TRUE",
"3971","Y","E","B","D","6","0","0","Endo impl grft abd aorta","TRUE",
"3972","P","U","B","-","6","0","0","Endovasc repair head ves","TRUE",
"3973","Y",,"B","D","6","0","0","ENDO IMP GRFT THOR AORTA","TRUE",
"3974","Y",,"B","-","5","0","0","ENDO REM OBS HD/NECK VES","TRUE",
"3975","Y","U","B","-","5","0","0","Endo emb hd/nk,bare coil","TRUE",
"3976","Y","U","B","-","5","0","0","Endo em hd/nk,bioac coil","TRUE",
"3979","P","U","B","-","5","0","0","Oth endo grft rep aneury","TRUE",
"398","Y","E","B","-","4","0","0","Vascular body operations","TRUE",
"3990","P","U","B","-","5","0","0","Ins non-coro art stent","TRUE",
"3991","Y","E","B","-","3","0","0","Freeing of vessel","TRUE",
"3992","Y","E","B","-","0","0","0","Vein inject-scleros agnt","TRUE",
"3993","Y","E","B","-","3","0","0","Insert ves-to-ves cannul","TRUE",
"3994","Y","N","B","-","4","0","0","Replac ves-to-ves cannul","TRUE",
"3995","N","U","B","-","0","0","0","Hemodialysis","TRUE",
"3996","P","U","B","-","0","0","0","Total body perfusion","FALSE",
"3997","P","U","B","-","0","0","0","Other perfusion","FALSE",
"3998","Y","E","B","J","4","0","0","Hemorrhage control NOS","TRUE",
"3999","Y","E","B","-","3","0","0","Vessel operation NEC","TRUE",
"400","Y","N","B","-","3","0","0","Incis lymphatic structur","TRUE",
"4011","Y","N","B","-","4","0","0","Lymphatic struct biopsy","TRUE",
"4019","Y","N","B","-","3","0","0","Lymphatic diag proc NEC","TRUE",
"4021","Y","N","B","-","3","0","0","Excis deep cervical node","TRUE",
"4022","Y","E","B","-","3","0","0","Excise int mammary node","TRUE",
"4023","Y","N","B","-","3","0","0","Excise axillary node","TRUE",
"4024","Y","N","B","-","4","0","0","Excise inguinal node","TRUE",
"4029","Y","N","B","-","3","0","0","Simp exc lymph struc NEC","TRUE",
"403","Y","N","B","-","3","0","0","Regional lymph node exc","TRUE",
"4040","Y","E","B","-","4","0","0","Rad neck dissection NOS","TRUE",
"4041","Y","E","B","-","4","0","0","Unilat rad neck dissect","TRUE",
"4042","Y","E","B","-","5","0","0","Bilat rad neck dissect","TRUE",
"4050","Y","E","B","-","3","0","0","Rad node dissection NOS","TRUE",
"4051","Y","E","B","-","4","0","0","Rad dissec axillary node","TRUE",
"4052","Y","E","B","-","4","0","0","Rad dissec periaort node","TRUE",
"4053","Y","E","B","-","5","0","0","Rad dissect iliac nodes","TRUE",
"4054","Y","E","B","-","4","0","0","Radical groin dissection","TRUE",
"4059","Y","E","B","-","4","0","0","Rad node dissection NEC","TRUE",
"4061","Y","E","B","C","4","0","0","Thorac duct cannulization","TRUE",
"4062","Y","E","B","C","4","0","0","Thoracic duct fistulizat","TRUE",
"4063","Y","E","B","C","4","0","0","Close thoracic duct fist","TRUE",
"4064","Y","E","B","C","4","0","0","Ligate thoracic duct","TRUE",
"4069","Y","E","B","C","4","0","0","Thoracic duct op NEC","TRUE",
"409","Y","E","B","-","2","0","0","Lymph structure op NEC","TRUE",
"4100","Y","E","B","-","4","0","0","Bone marrow trnsplnt NOS","TRUE",
"4101","Y","E","B","-","6","0","0","Aut bone marrow trnsplnt","TRUE",
"4102","Y","E","B","-","6","0","0","Alo bone marrow trnsplnt","TRUE",
"4103","Y","E","B","-","6","0","0","Alogrft bone marrow NOS","TRUE",
"4104","Y","E","B","-","6","0","0","Aut hem stem cell trans","TRUE",
"4105","Y","E","B","-","6","0","0","Allo hem stem cell trans","TRUE",
"4106","Y","E","B","-","6","0","0","Cord bld stem cell trans","TRUE",
"4107","Y","E","B","-","6","0","0","Auto hem stem ct w purg","TRUE",
"4108","Y","E","B","-","6","0","0","Allo hem stem ct w purg","TRUE",
"4109","Y","E","B","-","6","0","0","Auto bone mt w purging","TRUE",
"411","P","U","B","-","0","0","0","Puncture of spleen","FALSE",
"412","Y","E","B","-","4","0","0","Splenotomy","TRUE",
"4131","P","U","B","-","0","0","0","Bone marrow biopsy","TRUE",
"4132","P","U","B","-","0","0","0","Closed spleen biopsy","FALSE",
"4133","Y","E","B","-","4","0","0","Open spleen biopsy","TRUE",
"4138","P","U","B","-","0","0","0","Marrow diagnost proc NEC","TRUE",
"4139","P","U","B","-","0","0","0","Spleen diagnost proc NEC","FALSE",
"4141","Y","E","B","-","3","0","0","Splenic cyst marsupial","TRUE",
"4142","Y","E","B","-","3","0","0","Exc splenic lesion/tiss","TRUE",
"4143","Y","E","B","D","4","0","0","Partial splenectomy","TRUE",
"415","Y","E","B","D","4","0","0","Total splenectomy","TRUE",
"4191","P","U","B","-","0","0","0","Donor marrow aspiration","FALSE",
"4192","P","U","B","-","0","0","0","Injection into marrow","FALSE",
"4193","Y","E","B","-","4","0","0","Exc of accessory spleen","TRUE",
"4194","Y","E","B","D","4","0","0","Spleen transplantation","TRUE",
"4195","Y","E","B","D","4","0","0","Repair of spleen","TRUE",
"4198",,,"B","-","0","0","0","BONE MARROW OPS NEC","FALSE",
"4199","Y","E","B","-","4","0","0","Spleen operation NEC","TRUE",
"4201","Y","E","B","-","3","0","0","Esophageal web incision","TRUE",
"4209","Y","E","B","C","3","0","0","Esophageal incision NEC","TRUE",
"4210","Y","E","B","-","3","0","0","Esophagostomy NOS","TRUE",
"4211","Y","E","B","-","5","0","0","Cervical esophagostomy","TRUE",
"4212","Y","E","B","-","5","0","0","Esoph pouch exteriorizat","TRUE",
"4219","Y","E","B","-","5","0","0","Ext fistulizat esoph NEC","TRUE",
"4221","Y","E","B","-","0","0","0","Esophagoscopy by incis","TRUE",
"4222","N","U","B","-","0","0","0","Esophagoscopy thru stoma","TRUE",
"4223","N","U","B","-","0","0","0","Esophagoscopy NEC","TRUE",
"4224","N","U","B","-","0","0","0","Closed bx of esophagus","TRUE",
"4225","Y","E","B","-","3","0","0","Open biopsy of esophagus","TRUE",
"4229","P","U","B","-","0","0","0","Esophageal dx proc NEC","FALSE",
"4231","Y","E","B","-","4","0","0","Loc excis esoph divertic","TRUE",
"4232","Y","E","B","-","4","0","0","Local excis esophag NEC","TRUE",
"4233","N","U","B","-","0","0","0","Endosc destruc esoph les","TRUE",
"4239","Y","E","B","-","5","0","0","Destruct esophag les NEC","TRUE",
"4240","Y","E","B","C","6","0","0","Esophagectomy NOS","TRUE",
"4241","Y","E","B","C","6","0","0","Partial esophagectomy","TRUE",
"4242","Y","E","B","C","6","0","0","Total esophagectomy","TRUE",
"4251","Y","E","B","C","6","0","0","Thorac esophagoesophagos","TRUE",
"4252","Y","E","B","C","6","0","0","Thorac esophagogastrost","TRUE",
"4253","Y","E","B","C","6","0","0","Thorac sm bowel interpos","TRUE",
"4254","Y","E","B","C","6","0","0","Thorac esophagoenter NEC","TRUE",
"4255","Y","E","B","C","6","0","0","Thorac lg bowel interpos","TRUE",
"4256","Y","E","B","C","6","0","0","Thorac esophagocolos NEC","TRUE",
"4258","Y","E","B","C","6","0","0","Thorac interposition NEC","TRUE",
"4259","Y","E","B","C","6","0","0","Thorac esophag anast NEC","TRUE",
"4261","Y","E","B","C","6","0","0","Stern esophagoesophagost","TRUE",
"4262","Y","E","B","C","6","0","0","Stern esophagogastrostom","TRUE",
"4263","Y","E","B","C","6","0","0","Stern sm bowel interpos","TRUE",
"4264","Y","E","B","C","6","0","0","Stern esophagoenter NEC","TRUE",
"4265","Y","E","B","C","6","0","0","Stern lg bowel interpos","TRUE",
"4266","Y","E","B","C","6","0","0","Stern esophagocolos NEC","TRUE",
"4268","Y","E","B","C","6","0","0","Stern interposition NEC","TRUE",
"4269","Y","E","B","C","6","0","0","Stern esophag anast NEC","TRUE",
"427","Y","E","B","-","4","0","0","Esophagomyotomy","TRUE",
"4281","N","U","B","-","0","0","0","Insert perm tube into eso","TRUE",
"4282","Y","E","B","C","4","0","0","Suture esophageal lacer","TRUE",
"4283","Y","E","B","C","4","0","0","Esophagostomy closure","TRUE",
"4284","Y","E","B","C","5","0","0","Esoph fistula repair NEC","TRUE",
"4285","Y","E","B","-","5","0","0","Esophag stricture repair","TRUE",
"4286","Y","E","B","C","5","0","0","Prod subq tunnel no anas","TRUE",
"4287","Y","E","B","C","5","0","0","Esophageal graft NEC","TRUE",
"4289","Y","E","B","C","5","0","0","Esophageal repair NEC","TRUE",
"4291","Y","E","B","-","5","0","0","Ligation esoph varix","TRUE",
"4292","N","U","B","-","0","0","0","Dilation of esophagus","TRUE",
"4299","P","U","B","-","0","0","0","Esophageal operation NEC","FALSE",
"430","Y","E","B","D","5","0","0","Gastrotomy","TRUE",
"4311","N","U","B","-","0","0","0","Endoscopic gastrostomy","TRUE",
"4319","Y","N","B","D","5","0","0","Oth gastrostomy","TRUE",
"433","Y","E","B","-","4","0","0","Pyloromyotomy","TRUE",
"4341","N","U","B","-","0","0","0","Endosc destr stomach les","TRUE",
"4342","Y","E","B","-","5","0","0","Local gastr excision NEC","TRUE",
"4349","Y","N","B","-","4","0","0","Local gastr destruct NEC","TRUE",
"435","Y","E","B","D","5","0","0","Proximal gastrectomy","TRUE",
"436","Y","E","B","D","5","0","0","Distal gastrectomy","TRUE",
"437","Y","E","B","D","6","0","0","Part gastrec w jej anast","TRUE",
"4381","Y","E","B","D","6","0","0","Part gast w jej transpos","TRUE",
"4389","Y","E","B","D","5","0","0","Partial gastrectomy NEC","TRUE",
"4391","Y","E","B","D","6","0","0","Tot gast w intes interpo","TRUE",
"4399","Y","E","B","D","6","0","0","Total gastrectomy NEC","TRUE",
"4400","Y","E","B","D","4","0","0","Vagotomy NOS","TRUE",
"4401","Y","E","B","D","4","0","0","Truncal vagotomy","TRUE",
"4402","Y","E","B","D","4","0","0","Highly select vagotomy","TRUE",
"4403","Y","E","B","D","4","0","0","Selective vagotomy NEC","TRUE",
"4411","Y","E","B","D","4","0","0","Transabdomin gastroscopy","TRUE",
"4412","N","U","B","-","0","0","0","Gastroscopy thru stoma","TRUE",
"4413","N","U","B","-","0","0","0","Gastroscopy NEC","TRUE",
"4414","N","U","B","-","0","0","0","Closed gastric biopsy","TRUE",
"4415","Y","N","B","-","4","0","0","Open gastric biopsy","TRUE",
"4419","P","U","B","-","0","0","0","Gastric diagnos proc NEC","TRUE",
"4421","Y","E","B","-","4","0","0","Dilate pylorus, incision","TRUE",
"4422","N","U","B","-","0","0","0","Dilate pyrorus, endoscopic","TRUE",
"4429","Y","E","B","D","4","0","0","Other pyloroplasty","TRUE",
"4431","Y","E","B","D","4","0","0","High gastric bypass","TRUE",
"4432","Y","E","B","-","3","0","0","Percu gastrojejunostomy","TRUE",
"4438","Y","E","B","D","5","0","0","Lap gastroenterostomy","TRUE",
"4439","Y","E","B","D","5","0","0","Gastroenterostomy NEC","TRUE",
"4440","Y","E","B","-","4","0","0","Suture peptic ulcer NOS","TRUE",
"4441","Y","E","B","-","4","0","0","Sut gastric ulcer site","TRUE",
"4442","Y","E","B","-","4","0","0","Suture duoden ulcer site","TRUE",
"4443","N","U","B","-","0","0","0","Endos ctrl gast/duod bleed","TRUE",
"4444","P","U","B","-","0","0","0","Transcath embo gast hem","TRUE",
"4449","P","U","B","-","0","0","0","Other control gast hem","FALSE",
"445","Y","E","B","D","5","0","0","Revision gastric anastom","TRUE",
"4461","Y","E","B","D","4","0","0","Suture gastric lacerat","TRUE",
"4462","N","U","B","-","0","0","0","Gastrostomy closure","TRUE",
"4463","Y","E","B","D","4","0","0","Close gastric fistul NEC","TRUE",
"4464","Y","E","B","-","4","0","0","Gastropexy","TRUE",
"4465","Y","E","B","-","5","0","0","Esophagogastroplasty","TRUE",
"4466","Y","E","B","-","6","0","0","Creat esophagastr sphinc","TRUE",
"4467","Y","E","B","-","5","0","0","Lap creat esoph sphinct","TRUE",
"4468","Y","E","B","-","5","0","0","Laparoscop gastroplasty","TRUE",
"4469","Y","E","B","D","5","0","0","Gastric repair NEC","TRUE",
"4491","Y","E","B","-","5","0","0","Ligate gastric varices","TRUE",
"4492","Y","E","B","D","4","0","0","Intraop gastric manipul","TRUE",
"4493","N","U","B","-","0","0","0","Insert gastric balloon","TRUE",
"4494","N","U","B","-","0","0","0","Remove gastric balloon","TRUE",
"4495","Y","E","B","-","5","0","0","Lap gastric restric proc","TRUE",
"4496","Y","E","B","-","5","0","0","Lap rev gast restri proc","TRUE",
"4497","Y","E","B","-","5","0","0","Lap rem gast restric dev","TRUE",
"4498","Y","E","B","-","0","0","0","Adjust gast restrict dev","TRUE",
"4499","Y","E","B","-","4","0","0","Gastric operation NEC","TRUE",
"4500","Y","E","B","-","4","0","0","Intestinal incision NOS","TRUE",
"4501","Y","E","B","-","4","0","0","Duodenal incision","TRUE",
"4502","Y","E","B","-","4","0","0","Small bowel incision NEC","TRUE",
"4503","Y","E","B","-","4","0","0","Large bowel incision","TRUE",
"4511","Y","N","B","D","0","0","0","Transab sm bowel endosc","TRUE",
"4512","N","U","B","-","0","0","0","Endosc sm bowel thru st","TRUE",
"4513","N","U","B","-","0","0","0","Sm bowel endoscopy NEC","TRUE",
"4514","N","U","B","-","0","0","0","Clos small bowel biopsy","TRUE",
"4515","Y","E","B","-","4","0","0","Open small bowel biopsy","TRUE",
"4516","N","U","B","-","0","0","0","Egd with closed biopsy","TRUE",
"4519","P","U","B","-","0","0","0","Sm bowel dx proc NEC","TRUE",
"4521","Y","N","B","D","0","0","0","Transab lg bowel endosc","TRUE",
"4522","N","U","B","-","0","0","0","Endosc lg bowel thru st","TRUE",
"4523","N","U","B","-","0","0","0","Colonoscopy","TRUE",
"4524","N","U","B","-","0","0","0","Flexible sigmoidoscopy","TRUE",
"4525","N","U","B","-","0","0","0","Clos large bowel biopsy","TRUE",
"4526","Y","N","B","-","4","0","0","Open large bowel biopsy","TRUE",
"4527","P","U","B","-","0","0","0","Intestinal biopsy NOS","TRUE",
"4528","P","U","B","-","0","0","0","Lg bowel dx proced NEC","TRUE",
"4529","P","U","B","-","0","0","0","Bowel diagnost proc NEC","FALSE",
"4530","N","U","B","-","0","0","0","Endosc destru duoden les","TRUE",
"4531","Y","N","B","-","4","0","0","Oth excise duodenum les","TRUE",
"4532","Y","N","B","-","4","0","0","Destruct duoden les NEC","TRUE",
"4533","Y","N","B","-","4","0","0","Local excis sm bowel NEC","TRUE",
"4534","Y","N","B","-","4","0","0","Destr sm bowel les NEC","TRUE",
"4541","Y","N","B","-","4","0","0","Excise lg intestine les","TRUE",
"4542","N","U","B","-","0","0","0","Endo polpectomy Irge int","TRUE",
"4543","N","U","B","-","0","0","0","Endosc destru lg int les","TRUE",
"4549","Y","N","B","-","4","0","0","Destruc lg bowel les NEC","TRUE",
"4550","Y","E","B","-","5","0","0","Intest seg isolat NOS","TRUE",
"4551","Y","E","B","-","5","0","0","Sm bowel segment isolat","TRUE",
"4552","Y","E","B","-","5","0","0","Lg bowel segment isolat","TRUE",
"4561","Y","E","B","D","5","0","0","Mult seg sm bowel excis","TRUE",
"4562","Y","E","B","D","5","0","0","Part sm bowel resect NEC","TRUE",
"4563","Y","E","B","D","5","0","0","Total removal sm bowel","TRUE",
"4571","Y","E","B","D","5","0","0","Mult seg lg bowel excis","TRUE",
"4572","Y","E","B","D","5","0","0","Cecectomy","TRUE",
"4573","Y","E","B","D","5","0","0","Right hemicolectomy","TRUE",
"4574","Y","E","B","D","5","0","0","Transverse colon resect","TRUE",
"4575","Y","E","B","D","5","0","0","Left hemicolectomy","TRUE",
"4576","Y","E","B","D","5","0","0","Sigmoidectomy","TRUE",
"4579","Y","E","B","D","5","0","0","Part lg bowel excis NEC","TRUE",
"458","Y","E","B","D","6","0","0","Tot intra-abd colectomy","TRUE",
"4581","Y","E","B","D","6","0","0","Lap tot intr-ab colectmy","TRUE",
"4582","Y","E","B","D","6","0","0","Op tot intr-abd colectmy","TRUE",
"4583","Y","E","B","D","6","0","0","Tot abd colectmy NEC/NOS","TRUE",
"4590","Y","E","B","D","5","0","0","Intestinal anastom NOS","TRUE",
"4591","Y","E","B","D","5","0","0","Sm-to-sm bowel anastom","TRUE",
"4592","Y","E","B","D","5","0","0","Sm bowel-rect stump anas","TRUE",
"4593","Y","E","B","D","5","0","0","Small-to-large bowel NEC","TRUE",
"4594","Y","E","B","D","5","0","0","Lg-to-lg bowel anastom","TRUE",
"4595","Y","E","B","D","5","0","0","Anal anastomosis","TRUE",
"4601","Y","E","B","D","5","0","0","Sm bowel exteriorization","TRUE",
"4602","Y","E","B","D","5","0","0","Resect ext seg sm bowel","TRUE",
"4603","Y","E","B","D","5","0","0","Lg bowel exteriorization","TRUE",
"4604","Y","E","B","D","5","0","0","Resect ext seg lg bowel","TRUE",
"4610","Y","E","B","D","5","0","0","Colostomy NOS","TRUE",
"4611","Y","E","B","D","5","0","0","Temporary colostomy","TRUE",
"4613","Y","E","B","D","5","0","0","Permanent colostomy","TRUE",
"4614","N","U","B","-","0","0","0","Delay opening of colostomy","TRUE",
"4620","Y","E","B","D","5","0","0","lleostomy NOS","TRUE",
"4621","Y","E","B","D","5","0","0","Temporary ileostomy","TRUE",
"4622","Y","E","B","D","5","0","0","Continent ileostomy","TRUE",
"4623","Y","E","B","D","5","0","0","Permanent ileostomy NEC","TRUE",
"4624","N","U","B","-","0","0","0","Delay open ileostomy","TRUE",
"4631","N","U","B","-","0","0","0","Delay open oth enterostomy","TRUE",
"4632","N","U","B","-","0","0","0","Percut endo jejunostomy","TRUE",
"4639","Y","N","B","D","5","0","0","Other enterostomy","TRUE",
"4640","Y","E","B","D","4","0","0","Intest stoma revis NOS","TRUE",
"4641","Y","N","B","D","4","0","0","Sm bowel stoma revision","TRUE",
"4642","Y","E","B","D","4","0","0","Pericolost hernia repair","TRUE",
"4643","Y","N","B","D","4","0","0","Lg bowel stoma revis NEC","TRUE",
"4650","Y","E","B","D","4","0","0","Intest stoma closure NOS","TRUE",
"4651","Y","E","B","D","4","0","0","Sm bowel stoma closure","TRUE",
"4652","Y","N","B","D","4","0","0","Lg bowel stoma closure","TRUE",
"4660","Y","E","B","D","3","0","0","Intestinal fixation NOS","TRUE",
"4661","Y","E","B","D","3","0","0","Sm bowel-abd wall fixat","TRUE",
"4662","Y","E","B","D","3","0","0","Small bowel fixation NEC","TRUE",
"4663","Y","E","B","D","3","0","0","Lg bowel-abd wall fixat","TRUE",
"4664","Y","E","B","D","3","0","0","Large bowel fixation NEC","TRUE",
"4671","Y","E","B","D","5","0","0","Duodenal lacerat suture","TRUE",
"4672","Y","E","B","D","4","0","0","Duodenal fistula closure","TRUE",
"4673","Y","E","B","D","4","0","0","Small bowel suture NEC","TRUE",
"4674","Y","E","B","D","5","0","0","Close sm bowel fist NEC","TRUE",
"4675","Y","E","B","D","4","0","0","Suture lg bowel lacerat","TRUE",
"4676","Y","E","B","D","5","0","0","Close lg bowel fistula","TRUE",
"4679","Y","E","B","D","5","0","0","Repair of intestine NEC","TRUE",
"4680","Y","E","B","D","4","0","0","Intra-ab bowel manip NOS","TRUE",
"4681","Y","E","B","D","4","0","0","Intra-abd sm bowel manip","TRUE",
"4682","Y","E","B","D","4","0","0","Intra-abd lg bowel manip","TRUE",
"4685","N","U","B","-","0","0","0","Dilation of intestine","TRUE",
"4686","N","U","B","-","0","0","0","Endo insrt colonic stent","TRUE",
"4687","N","U","B","-","0","0","0","Insert colonic stent NEC","TRUE",
"4691","Y","E","B","-","4","0","0","Myotomy of sigmoid colon","TRUE",
"4692","Y","E","B","-","4","0","0","Myotomy of colon NEC","TRUE",
"4693","Y","E","B","D","4","0","0","Revise sm bowel anastom","TRUE",
"4694","Y","E","B","D","4","0","0","Revise lg bowel anastom","TRUE",
"4695","P","U","B","-","0","0","0","Local sm bowel perfusion","FALSE",
"4696","P","U","B","-","0","0","0","Local lg bowel perfusion","FALSE",
"4697","Y","E","B","D","6","0","0","Transplant of intestine","TRUE",
"4699","Y","E","B","-","4","0","0","Intestinal op NEC","TRUE",
"4701","Y","E","B","-","3","0","0","Lap appendectomy","TRUE",
"4709","Y","E","B","-","3","0","0","Other appendectomy","TRUE",
"4711","Y","A","B","-","3","0","0","Lap incid appendectomy","TRUE",
"4719","Y","A","B","-","3","0","0","Other incid appendectomy","TRUE",
"472","Y","E","B","-","3","0","0","Drain appendiceal absc","TRUE",
"4791","Y","E","B","D","3","0","0","Appendicostomy","TRUE",
"4792","Y","E","B","D","3","0","0","Close appendiceal fistul","TRUE",
"4799","Y","E","B","-","3","0","0","Appendiceal ops NEC","TRUE",
"480","Y","E","B","D","4","0","0","Proctotomy","TRUE",
"481","Y","E","B","D","3","0","0","Proctostomy","TRUE",
"4821","Y","E","B","D","0","0","0","Transab proctosigmoidosc","TRUE",
"4822","N","U","B","-","0","0","0","Proctosigmoidosc thru st","TRUE",
"4823","N","U","B","-","0","0","0","Rigid proctosigmoidoscpy","TRUE",
"4824","N","U","B","-","0","0","0","Closed rectal biopsy","TRUE",
"4825","Y","N","B","-","3","0","0","Open rectal biopsy","TRUE",
"4826","P","U","B","-","0","0","0","Perirectal tissue biopsy","TRUE",
"4829","P","U","B","-","0","0","0","Rect/perirect dx op NEC","FALSE",
"4831","P","U","B","-","0","0","0","Rad electrocoag-rect les","FALSE",
"4832","P","U","B","-","0","0","0","Electrocoag rect les NEC","TRUE",
"4833","P","U","B","-","0","0","0","Laser destruc rectal les","FALSE",
"4834","P","U","B","-","0","0","0","Cryosurg destr rect les","FALSE",
"4835","Y","N","B","-","3","0","0","Local excis rectal les","TRUE",
"4836","N","U","B","-","0","0","0","Polypectomy of rectum","TRUE",
"4840","Y","E","B","D","5","0","0","Pull-thru res rectum NOS","TRUE",
"4841","Y","E","B","D","5","0","0","Soave submuc rect resect","TRUE",
"4842","Y","E","B","D","5","0","0","Lap pull-thru res rectum","TRUE",
"4843","Y","E","B","D","5","0","0","Opn pull-thru res rectum","TRUE",
"4849","Y","E","B","D","5","0","0","Pull-thru rect resec NEC","TRUE",
"485","Y","E","B","D","5","0","0","Abd-perineal rect resect","TRUE",
"4850","Y","E","B","D","5","0","0","Abdperneal res rectm NOS","TRUE",
"4851","Y","E","B","D","5","0","0","Lap abdperneal resc rec","TRUE",
"4852","Y","E","B","D","5","0","0","Opn abdperneal resc rec","TRUE",
"4859","Y","E","B","D","5","0","0","Abdperineal resc rect NEC","TRUE",
"4861","Y","E","B","D","5","0","0","Transsac rectosigmoidect","TRUE",
"4862","Y","E","B","D","5","0","0","Ant rect resect w colost","TRUE",
"4863","Y","E","B","D","5","0","0","Anterior rect resect NEC","TRUE",
"4864","Y","E","B","D","5","0","0","Posterior rect resection","TRUE",
"4865","Y","E","B","D","5","0","0","Duhamel rectal resection","TRUE",
"4869","Y","E","B","D","5","0","0","Rectal resection NEC","TRUE",
"4871","Y","E","B","D","3","0","0","Suture of rectal lacer","TRUE",
"4872","Y","E","B","D","3","0","0","Closure of proctostomy","TRUE",
"4873","Y","E","B","D","3","0","0","Close rectal fist NEC","TRUE",
"4874","Y","E","B","D","3","0","0","Rectorectostomy","TRUE",
"4875","Y","E","B","-","3","0","0","Abdominal proctopexy","TRUE",
"4876","Y","E","B","-","4","0","0","Proctopexy NEC","TRUE",
"4879","Y","E","B","D","4","0","0","Repair of rectum NEC","TRUE",
"4881","Y","N","B","-","3","0","0","Perirectal incision","TRUE",
"4882","Y","N","B","D","3","0","0","Perirectal excision","TRUE",
"4891","Y","E","B","-","3","0","0","Incis rectal stricture","TRUE",
"4892","Y","E","B","-","4","0","0","Anorectal myomectomy","TRUE",
"4893","Y","E","B","D","3","0","0","Repair perirect fistula","TRUE",
"4899","Y","E","B","D","3","0","0","Rectal perirect op NEC","TRUE",
"4901","Y","E","B","-","2","0","0","Incis perianal abscess","TRUE",
"4902","Y","E","B","-","2","0","0","Perianal incision NEC","TRUE",
"4903","P","U","B","-","0","0","0","Excis perianal skin tag","TRUE",
"4904","Y","E","B","D","2","0","0","Perianal excision NEC","TRUE",
"4911","Y","N","B","-","2","0","0","Anal fistulotomy","TRUE",
"4912","Y","N","B","-","2","0","0","Anal fistulectomy","TRUE",
"4921","N","U","B","-","0","0","0","Anoscopy","TRUE",
"4922","P","U","B","-","0","0","0","Perianal biopsy","TRUE",
"4923","N","U","B","-","0","0","0","Biopsy of anus","TRUE",
"4929","P","U","B","-","0","0","0","Anal/perian dx proc NEC","FALSE",
"4931","N","U","B","-","0","0","0","Endosc destruc anus les","TRUE",
"4939","Y","N","B","-","2","0","0","Other destruc anus les","TRUE",
"4941","P","U","B","-","0","0","0","Hemorrhoid reduction","FALSE",
"4942","P","U","B","-","0","0","0","Hemorrhoid injection","FALSE",
"4943","P","U","B","-","0","0","0","Hemorrhoid cauterizat","FALSE",
"4944","Y","N","B","-","2","0","0","Hemorrhoid cryotherapy","TRUE",
"4945","Y","N","B","-","2","0","0","Hemorrhoid ligation","TRUE",
"4946","Y","N","B","-","2","0","0","Hemorrhoidectomy","TRUE",
"4947","P","U","B","-","0","0","0","Hemorrhoid evacuation","FALSE",
"4949","Y","N","B","-","2","0","0","Hemorrhoid procedure NEC","TRUE",
"4951","Y","N","B","-","2","0","0","Left lat sphincterotomy","TRUE",
"4952","Y","N","B","-","2","0","0","Post sphincterotomy","TRUE",
"4959","Y","N","B","-","2","0","0","Anal sphincterotomy NEC","TRUE",
"496","Y","N","B","D","2","0","0","Excision of anus","TRUE",
"4971","Y","E","B","D","2","0","0","Suture anal laceration","TRUE",
"4972","Y","E","B","D","2","0","0","Anal cerclage","TRUE",
"4973","Y","E","B","D","2","0","0","Closure of anal fistula","TRUE",
"4974","Y","E","B","D","3","0","0","Gracilis musc transplan","TRUE",
"4975","Y","N","B","D","2","0","0","Impl or rev art anal sph","TRUE",
"4976","Y","N","B","D","2","0","0","Remov art anal sphincter","TRUE",
"4979","Y","N","B","D","3","0","0","Anal sphinct repair NEC","TRUE",
"4991","Y","E","B","-","2","0","0","Incision of anal septum","TRUE",
"4992","Y","E","B","-","2","0","0","Insert subq anal stimul","TRUE",
"4993","Y","E","B","-","2","0","0","Anal incision NEC","TRUE",
"4994","Y","E","B","-","2","0","0","Reduction anal prolapse","TRUE",
"4995","Y","E","B","D","2","0","0","Control anal hemorrhage","TRUE",
"4999","Y","E","B","-","2","0","0","Anal operation NEC","TRUE",
"500","Y","E","B","D","5","0","0","Hepatotomy","TRUE",
"5011","P","U","B","-","0","0","0","Closed liver biopsy","TRUE",
"5012","Y","E","B","-","4","0","0","Open liver biopsy","TRUE",
"5013","P","U","B","-","0","0","0","Transjugular liver bx","TRUE",
"5014","Y","E","B","-","1","0","0","Laparoscopic liver bx","TRUE",
"5019","Y","E","B","-","4","0","0","Hepatic dx proc NEC","TRUE",
"5021","Y","E","B","-","4","0","0","Marsupializat liver les","TRUE",
"5022","Y","E","B","D","5","0","0","Partial hepatectomy","TRUE",
"5023","Y",,"B","D","5","0","0","OPN ABLTN LIVER LES/TISS","TRUE",
"5024","Y",,"B","D","5","0","0","PERC ABLTN LIVER LES/TIS","TRUE",
"5025","Y",,"B","D","5","0","0","LAP ABLTN LIVER LES/TISS","TRUE",
"5026","Y",,"B","D","5","0","0","ABLTN LIVER LES/TISS NEC","TRUE",
"5029","Y","E","B","D","5","0","0","Destruc hepatic les NEC","TRUE",
"503","Y","E","B","D","6","0","0","Hepatic lobectomy","TRUE",
"504","Y","E","B","D","6","0","0","Total hepatectomy","TRUE",
"5051","Y","E","B","-","6","0","0","Auxilliary liver transpl","TRUE",
"5059","Y","E","B","-","6","0","0","Liver transplant NEC","TRUE",
"5061","Y","E","B","D","5","0","0","Closure liver lacerat","TRUE",
"5069","Y","E","B","D","5","0","0","Liver repair NEC","TRUE",
"5091","P","U","B","-","0","0","0","Percutan liver aspirat","FALSE",
"5092","P","U","B","-","0","0","0","Extracorpor hepat assis","FALSE",
"5093","P","U","B","-","0","0","0","Local perfusion liver","FALSE",
"5094","P","U","B","-","0","0","0","Hepatic injection NEC","FALSE",
"5099","P","U","B","-","0","0","0","Liver operation NEC","FALSE",
"5101","P","U","B","-","0","0","0","Percutan aspiration gb","FALSE",
"5102","Y","E","B","D","4","0","0","Trocar cholecystostomy","TRUE",
"5103","Y","E","B","D","4","0","0","Cholecystostomy NEC","TRUE",
"5104","Y","E","B","D","4","0","0","Cholecystotomy NEC","TRUE",
"5110","N","U","B","-","0","0","0","Endosc retro cholangiopa","TRUE",
"5111","N","U","B","-","0","0","0","Endoscop retro cholangio","TRUE",
"5112","P","U","B","-","0","0","0","Percu bx gb/bile duct","TRUE",
"5113","Y","E","B","-","4","0","0","Open biliary tract bx","TRUE",
"5114","N","U","B","-","0","0","0","Clo endosc bx bile duct","TRUE",
"5115","N","U","B","-","0","0","0","Press measure sph Oddi","TRUE",
"5119","Y","E","B","-","4","0","0","Biliary tr dx proc NEC","TRUE",
"5121","Y","E","B","D","4","0","0","Oth part cholecystectomy","TRUE",
"5122","Y","E","B","D","4","0","0","Cholecystectomy","TRUE",
"5123","Y","E","B","D","4","0","0","Laparoscopic cholecystec","TRUE",
"5124","Y","E","B","D","4","0","0","Lap part cholecystectomy","TRUE",
"5131","Y","E","B","D","4","0","0","Gb-to-hepat duct anast","TRUE",
"5132","Y","E","B","D","5","0","0","Gb-to-intestine anastom","TRUE",
"5133","Y","E","B","D","5","0","0","Gb-to-pancreas anastom","TRUE",
"5134","Y","E","B","D","5","0","0","Gb-to-stomach anastomos","TRUE",
"5135","Y","E","B","D","5","0","0","Gallbladder anastom NEC","TRUE",
"5136","Y","E","B","D","5","0","0","Choledochoenterostomy","TRUE",
"5137","Y","E","B","D","5","0","0","Hepatic duct-gi anastom","TRUE",
"5139","Y","E","B","D","5","0","0","Bile duct anastomos NEC","TRUE",
"5141","Y","E","B","-","5","0","0","Cde for calculus remov","TRUE",
"5142","Y","E","B","D","5","0","0","Cde for obstruction NEC","TRUE",
"5143","Y","E","B","D","5","0","0","Choledochohepat intubat","TRUE",
"5149","Y","E","B","D","5","0","0","Incis obstr bile duc NEC","TRUE",
"5151","Y","E","B","D","5","0","0","Common duct exploration","TRUE",
"5159","Y","E","B","D","5","0","0","Bile duct incision NEC","TRUE",
"5161","Y","E","B","-","4","0","0","Excis cyst duct remnant","TRUE",
"5162","Y","E","B","-","4","0","0","Excis ampulla of vater","TRUE",
"5163","Y","E","B","D","4","0","0","Common duct excis NEC","TRUE",
"5164","N","U","B","-","0","0","0","Endosc destru bile les","TRUE",
"5169","Y","E","B","D","4","0","0","Bile duct excision NEC","TRUE",
"5171","Y","E","B","D","4","0","0","Simple sut-common duct","TRUE",
"5172","Y","E","B","D","4","0","0","Choledochoplasty","TRUE",
"5179","Y","E","B","D","4","0","0","Bile duct repair NEC","TRUE",
"5181","Y","E","B","D","4","0","0","Sphincter of oddi dilat","TRUE",
"5182","Y","E","B","D","4","0","0","Pancreat sphincterotom","TRUE",
"5183","Y","E","B","D","4","0","0","Pancreat sphincteroplas","TRUE",
"5184","N","U","B","-","0","0","0","Endosc dilation ampulla","TRUE",
"5185","N","U","B","-","0","0","0","Endosc sphincterotomy","TRUE",
"5186","N","U","B","-","0","0","0","Endosc inser nasobil tub","TRUE",
"5187","N","U","B","-","0","0","0","Endosc inser stent bile","TRUE",
"5188","N","U","B","-","0","0","0","Endo rem stone fr bil trac","TRUE",
"5189","Y","E","B","D","5","0","0","Sphinct of oddi op NEC","TRUE",
"5191","Y","E","B","D","4","0","0","Repair gb laceration","TRUE",
"5192","Y","E","B","D","3","0","0","Closure cholecystostomy","TRUE",
"5193","Y","E","B","D","4","0","0","Clos biliary fistul NEC","TRUE",
"5194","Y","E","B","D","5","0","0","Revis bile tract anastom","TRUE",
"5195","Y","E","B","D","4","0","0","Remove bile duct prosth","TRUE",
"5196","N","U","B","-","0","0","0","Perc extract CBD stone","TRUE",
"5198","N","U","B","-","0","0","0","Oth perc proc on bil tract","TRUE",
"5199","Y","N","B","D","4","0","0","Biliary tract op NEC","TRUE",
"5201","Y","E","B","D","5","0","0","Cath drain-pancreat cyst","TRUE",
"5209","Y","E","B","D","5","0","0","Pancreatotomy NEC","TRUE",
"5211","P","U","B","-","0","0","0","Closed pancreatic biopsy","TRUE",
"5212","Y","E","B","-","4","0","0","Open pancreatic biopsy","TRUE",
"5213","N","U","B","-","0","0","0","Endosc retro pancreatog","TRUE",
"5214","N","U","B","-","0","0","0","Clo endosc bx pancre duc","TRUE",
"5219","Y","E","B","-","4","0","0","Pancreatic dx proc NEC","TRUE",
"5221","N","U","B","-","0","0","0","Endosc destr pancrea les","TRUE",
"5222","Y","E","B","D","5","0","0","Other destru pancrea les","TRUE",
"523","Y","E","B","D","5","0","0","Pancreat cyst marsupiali","TRUE",
"524","Y","E","B","D","5","0","0","Int drain pancreat cyst","TRUE",
"5251","Y","E","B","D","6","0","0","Proximal pancreatectomy","TRUE",
"5252","Y","E","B","D","6","0","0","Distal pancreatectomy","TRUE",
"5253","Y","E","B","D","6","0","0","Rad subtot pancreatectom","TRUE",
"5259","Y","E","B","D","6","0","0","Partial pancreatect NEC","TRUE",
"526","Y","E","B","D","6","0","0","Total pancreatectomy","TRUE",
"527","Y","E","B","D","6","0","0","Rad pancreaticoduodenect","TRUE",
"5280","Y","E","B","D","5","0","0","Pancreat transplant NOS","TRUE",
"5281","Y","E","B","D","5","0","0","Reimplant pancreatic tis","TRUE",
"5282","Y","E","B","D","5","0","0","Pancreatic homotransplan","TRUE",
"5283","Y","E","B","D","5","0","0","Pancreatic heterotranspl","TRUE",
"5284","Y","E","B","D","5","0","0","Islets cell autotransplant","TRUE",
"5285","Y","E","B","D","5","0","0","Islets cell allotransplant","TRUE",
"5286","Y","E","B","D","5","0","0","Islets cell transplnt NOS","TRUE",
"5292","Y","E","B","D","5","0","0","Cannulation pancrea duc","TRUE",
"5293","N","U","B","-","0","0","0","Endosc inser panc stent","TRUE",
"5294","N","U","B","-","0","0","0","Endo rem stone fr pan duct","TRUE",
"5295","Y","E","B","D","5","0","0","Pancreatic repair NEC","TRUE",
"5296","Y","E","B","D","5","0","0","Pancreatic anastomosis","TRUE",
"5297","N","U","B","-","0","0","0","Endosc inser nasopan tub","TRUE",
"5298","N","U","B","-","0","0","0","Endosc dil pancreat duct","TRUE",
"5299","Y","E","B","D","5","0","0","Pancreatic operation NEC","TRUE",
"5300","Y","N","B","-","2","0","0","Unilat inq hern rep NOS","TRUE",
"5301","Y","N","B","-","2","0","0","Repair direct ing hernia","TRUE",
"5302","Y","N","B","-","2","0","0","Repair indir ing hernia","TRUE",
"5303","Y","N","B","-","3","0","0","Dir ing hernia rep-graft","TRUE",
"5304","Y","N","B","-","3","0","0","Ind ing hernia rep-graft","TRUE",
"5305","Y","N","B","-","3","0","0","Ing hernia rep-graft NOS","TRUE",
"5310","Y","N","B","-","3","0","0","Bilat ing hernia rep NOS","TRUE",
"5311","Y","N","B","-","3","0","0","Bilat dir ing hern rep","TRUE",
"5312","Y","N","B","-","3","0","0","Bilat ind ing hern rep","TRUE",
"5313","Y","N","B","-","3","0","0","Bil dir/ind ing hrn rep","TRUE",
"5314","Y","N","B","-","3","0","0","Bil dir ing hrn rep-grft","TRUE",
"5315","Y","N","B","-","4","0","0","Bil ind ing hrn rep-grft","TRUE",
"5316","Y","N","B","-","4","0","0","Bil dir/ind ing hern-pro","TRUE",
"5317","Y","N","B","-","3","0","0","Bil ing hrn rep-grft NOS","TRUE",
"5321","Y","N","B","-","3","0","0","Unil femor hrn rep-grft","TRUE",
"5329","Y","N","B","-","3","0","0","Unil femor hern rep NEC","TRUE",
"5331","Y","N","B","-","4","0","0","Bil fem hern repair-grft","TRUE",
"5339","Y","N","B","-","3","0","0","Bil fem hern repair NEC","TRUE",
"5341","Y","N","B","-","3","0","0","Umbil hernia repair-grft","TRUE",
"5342","Y","N","B","-","3","0","0","Lap umbil hernia-graft","TRUE",
"5343","Y","N","B","-","3","0","0","Lap umbilical hernia NEC","TRUE",
"5349","Y","N","B","-","3","0","0","Umbil hernia repair NEC","TRUE",
"5351","Y","N","B","-","3","0","0","Incisional hernia repair","TRUE",
"5359","Y","E","B","-","3","0","0","Abd wall hern repair NEC","TRUE",
"5361","Y","N","B","-","4","0","0","Incis hernia repair-grft","TRUE",
"5362","Y","N","B","-","3","0","0","Lap incis hern repr-grft","TRUE",
"5363","Y","N","B","-","3","0","0","Lap hern ant abd-gft NEC","TRUE",
"5369","Y","N","B","-","3","0","0","Abd hern repair-grft NEC","TRUE",
"537","Y","E","B","-","4","0","0","Abd repair-diaphr hernia","TRUE",
"5371","Y","E","B","-","4","0","0","Lap abd rep-diaphr hern","TRUE",
"5372","Y","E","B","-","4","0","0","Opn abd diaphrm hern NEC","TRUE",
"5375","Y","E","B","-","4","0","0","Abd rep-diaphr hern NOS","TRUE",
"5380","Y","E","B","-","4","0","0","Thor rep-diaph hern NOS","TRUE",
"5381","Y","E","B","C","4","0","0","Diaphragmatic plication","TRUE",
"5382","Y","E","B","-","4","0","0","Parastern hernia repair","TRUE",
"5383","Y","E","B","-","4","0","0","Lap thorc app-diaph hern","TRUE",
"5384","Y","E","B","-","4","0","0","Opn thorc diaph hern NEC","TRUE",
"539","Y","E","B","-","2","0","0","Other hernia repair","TRUE",
"540","Y","E","B","D","2","0","0","Abdominal wall incision","TRUE",
"5411","Y","E","B","D","4","0","0","Exploratory laparotomy","TRUE",
"5412","Y","E","B","D","4","0","0","Reopen recent lap site","TRUE",
"5419","Y","E","B","D","4","0","0","Laparotomy NEC","TRUE",
"5421","Y","N","B","D","3","0","0","Laparoscopy","TRUE",
"5422","Y","N","B","-","2","0","0","Abdominal wall biopsy","TRUE",
"5423","Y","E","B","-","4","0","0","Peritoneal biopsy","TRUE",
"5424","P","U","B","-","0","0","0","Closed intra-abd mass bx","TRUE",
"5425","N","U","B","-","0","0","0","Peritoneal lavage","TRUE",
"5429","Y","N","B","-","2","0","0","Abd region dx proc NEC","TRUE",
"543","Y","N","B","D","2","0","0","Destruct abd wall lesion","TRUE",
"544","Y","N","B","D","4","0","0","Destruct peritoneal tiss","TRUE",
"5451","Y","E","B","-","4","0","0","Lap periton adhesiolysis","TRUE",
"5459","Y","E","B","-","4","0","0","Oth periton adhesiolysis","TRUE",
"5461","Y","E","B","D","3","0","0","Reclose post op disrupt","TRUE",
"5462","Y","E","B","D","3","0","0","Delayed clos abd wound","TRUE",
"5463","Y","E","B","D","2","0","0","Abd wall suture NEC","TRUE",
"5464","Y","N","B","D","3","0","0","Peritoneal suture","TRUE",
"5471","Y","E","B","-","6","0","0","Repair of gastroschisis","TRUE",
"5472","Y","E","B","D","4","0","0","Abdomen wall repair NEC","TRUE",
"5473","Y","E","B","D","3","0","0","Peritoneal repair NEC","TRUE",
"5474","Y","E","B","D","4","0","0","Omental repair NEC","TRUE",
"5475","Y","E","B","D","4","0","0","Mesenteric repair NEC","TRUE",
"5491","N","U","B","-","0","0","0","Paracentesis","TRUE",
"5492","Y","E","B","D","3","0","0","Remove FB from periton","TRUE",
"5493","Y","E","B","D","6","0","0","Create cutanperiton fist","TRUE",
"5494","Y","E","B","D","4","0","0","Creat peritoneovas shunt","TRUE",
"5495","Y","E","B","-","4","0","0","Peritoneal incision","TRUE",
"5496","P","U","B","-","0","0","0","Injec air-periton cavity","FALSE",
"5497","P","U","B","-","0","0","0","Inj therap subst periton","FALSE",
"5498","N","U","B","-","0","0","0","Peritoneal dialysis","TRUE",
"5499","P","U","B","-","0","0","0","Abdomen region ops NEC","FALSE",
"5501","Y","E","B","D","4","0","0","Nephrotomy","TRUE",
"5502","Y","E","B","D","4","0","0","Nephrostomy","TRUE",
"5503","Y","E","B","D","4","0","0","Percu nephrostm w/o frag","TRUE",
"5504","Y","E","B","D","4","0","0","Percu nephrostmy w frag","TRUE",
"5511","Y","E","B","D","4","0","0","Pyelotomy","TRUE",
"5512","Y","N","B","D","4","0","0","Pyelostomy","TRUE",
"5521","N","U","B","-","0","0","0","Nephroscopy","TRUE",
"5522","N","U","B","-","0","0","0","Pyeloscopy","TRUE",
"5523","P","U","B","-","0","0","0","Closed renal biopsy","TRUE",
"5524","Y","E","B","-","4","0","0","Open renal biopsy","TRUE",
"5529","Y","E","B","-","4","0","0","Renal diagnost proc NEC","TRUE",
"5531","Y","E","B","-","4","0","0","Renal les marsupializat","TRUE",
"5532","Y",,"B","D","4","0","0","OPN ABLTN RENAL LES/TISS","TRUE",
"5533","Y",,"B","D","4","0","0","PERC ABLTN RENL LES/TISS","TRUE",
"5534","Y",,"B","D","4","0","0","LAP ABLTN RENAL LES/TISS","TRUE",
"5535","Y",,"B","D","4","0","0","ABLTN RENAL LES/TISS NEC","TRUE",
"5539","Y","E","B","D","4","0","0","Loc destr renal les NEC","TRUE",
"554","Y","E","B","D","5","0","0","Partial nephrectomy","TRUE",
"5551","Y","E","B","D","5","0","0","Nephroureterectomy","TRUE",
"5552","Y","E","B","D","5","0","0","Solitary kidney nephrect","TRUE",
"5553","Y","E","B","-","5","0","0","Rejected kidney nephrect","TRUE",
"5554","Y","E","B","D","5","0","0","Bilateral nephrectomy","TRUE",
"5561","Y","E","B","D","6","0","0","Renal autotransplant","TRUE",
"5569","Y","E","B","D","6","0","0","Kidney transplant NEC","TRUE",
"557","Y","E","B","D","4","0","0","Nephropexy","TRUE",
"5581","Y","E","B","D","4","0","0","Suture kidney laceration","TRUE",
"5582","Y","E","B","D","4","0","0","Close nephrost & pyelost","TRUE",
"5583","Y","E","B","D","4","0","0","Close renal fistula NEC","TRUE",
"5584","Y","E","B","D","4","0","0","Reduce renal pedicl tors","TRUE",
"5585","Y","E","B","-","4","0","0","Symphysiotomy","TRUE",
"5586","Y","E","B","D","4","0","0","Renal anastomosis","TRUE",
"5587","Y","E","B","D","4","0","0","Correct ureteropelv junc","TRUE",
"5589","Y","E","B","D","4","0","0","Renal repair NEC","TRUE",
"5591","Y","E","B","D","4","0","0","Renal decapsulation","TRUE",
"5592","P","U","B","-","0","0","0","Percutan renal aspirat","FALSE",
"5593","P","U","B","-","0","0","0","Replace nephrostomy tube","FALSE",
"5594","P","U","B","-","0","0","0","Replace pyelostomy tube","FALSE",
"5595","P","U","B","-","0","0","0","Local renal perfusion","FALSE",
"5596","P","U","B","-","0","0","0","Renal injection NEC","FALSE",
"5597","Y","E","B","D","4","0","0","Implant mechanic kidney","TRUE",
"5598","Y","E","B","D","4","0","0","Remov mechanical kidney","TRUE",
"5599","Y","E","B","D","4","0","0","Renal operation NEC","TRUE",
"560","Y","N","B","D","4","0","0","Tu remov ureter obstruct","TRUE",
"561","Y","N","B","D","3","0","0","Ureteral meatotomy","TRUE",
"562","Y","N","B","D","4","0","0","Ureterotomy","TRUE",
"5631","N","U","B","-","0","0","0","Ureteroscopy","TRUE",
"5632","P","U","B","-","0","0","0","Closed ureteral biopsy","TRUE",
"5633","P","U","B","-","0","0","0","Clos endosc ureteral bx","TRUE",
"5634","Y","E","B","-","4","0","0","Open ureteral biopsy","TRUE",
"5635","P","U","B","-","0","0","0","Endoscopic ileal conduit","TRUE",
"5639","Y","N","B","-","3","0","0","Ureteral dx procedur NEC","TRUE",
"5640","Y","E","B","D","4","0","0","Ureterectomy NOS","TRUE",
"5641","Y","E","B","D","4","0","0","Partial ureterectomy","TRUE",
"5642","Y","E","B","D","4","0","0","Total ureterectomy","TRUE",
"5651","Y","E","B","D","4","0","0","Form cutan ileoureterast","TRUE",
"5652","Y","N","B","D","4","0","0","Revis cutan ileoureteros","TRUE",
"5661","Y","E","B","D","4","0","0","Form cutan ureterostomy","TRUE",
"5662","Y","E","B","D","4","0","0","Revis cutan ureteros NEC","TRUE",
"5671","Y","E","B","D","4","0","0","Urin diversion to bowel","TRUE",
"5672","Y","E","B","D","4","0","0","Revis ureteroenterostomy","TRUE",
"5673","Y","E","B","D","4","0","0","Nephrocystanastomosi NOS","TRUE",
"5674","Y","E","B","D","4","0","0","Ureteroneocystostomy","TRUE",
"5675","Y","E","B","D","4","0","0","Transureteroureterostomy","TRUE",
"5679","Y","E","B","D","4","0","0","Ureteral anastomosis NEC","TRUE",
"5681","Y","E","B","D","4","0","0","Intralum urete adhesioly","TRUE",
"5682","Y","E","B","D","4","0","0","Suture ureteral lacerat","TRUE",
"5683","Y","E","B","D","3","0","0","Ureterostomy closure","TRUE",
"5684","Y","E","B","D","3","0","0","Close ureter fistula NEC","TRUE",
"5685","Y","E","B","D","4","0","0","Ureteropexy","TRUE",
"5686","Y","E","B","D","4","0","0","Remove ureteral ligature","TRUE",
"5689","Y","E","B","D","4","0","0","Repair of ureter NEC","TRUE",
"5691","Y","N","B","D","2","0","0","Dilation ureteral meatus","TRUE",
"5692","Y","E","B","D","3","0","0","Implant ureteral stimul","TRUE",
"5693","Y","E","B","D","3","0","0","Replace ureteral stimul","TRUE",
"5694","Y","E","B","D","3","0","0","Remove ureteral stimulat","TRUE",
"5695","Y","E","B","D","4","0","0","Ligation of ureter","TRUE",
"5699","Y","E","B","D","4","0","0","Ureteral operation NEC","TRUE",
"570","Y","N","B","D","3","0","0","Transurethral clear blad","TRUE",
"5711","N","U","B","-","0","0","0","Percutan bladder aspirat","TRUE",
"5712","Y","E","B","D","2","0","0","Cystotomy & adhesiolysis","TRUE",
"5717","P","U","B","-","0","0","0","Percutaneous cystostomy","TRUE",
"5718","Y","E","B","D","3","0","0","Other suprapu cystostomy","TRUE",
"5719","Y","E","B","D","3","0","0","Cystotomy NEC","TRUE",
"5721","Y","E","B","D","3","0","0","Vesicostomy","TRUE",
"5722","Y","N","B","D","3","0","0","Revise clo vesicostomy","TRUE",
"5731","N","U","B","-","0","0","0","Cystoscopy thru stoma","TRUE",
"5732","N","U","B","-","0","0","0","Cystoscopy NEC","TRUE",
"5733","Y","N","B","-","3","0","0","Clos transureth bladd bx","TRUE",
"5734","Y","E","B","-","3","0","0","Open bladder biopsy","TRUE",
"5739","Y","N","B","-","2","0","0","Bladder diagnos proc NEC","TRUE",
"5741","Y","E","B","D","3","0","0","Tu adhesiolysis bladder","TRUE",
"5749","Y","N","B","D","3","0","0","Tu destruc bladd les NEC","TRUE",
"5751","Y","E","B","-","3","0","0","Excision of urachus","TRUE",
"5759","Y","N","B","D","3","0","0","Bladder les destruct NEC","TRUE",
"576","Y","E","B","D","4","0","0","Partial cystectomy","TRUE",
"5771","Y","E","B","D","6","0","0","Radical cystectomy","TRUE",
"5779","Y","E","B","D","5","0","0","Total cystectomy NEC","TRUE",
"5781","Y","E","B","D","4","0","0","Suture bladder lacerat","TRUE",
"5782","Y","N","B","D","2","0","0","Cystostomy closure","TRUE",
"5783","Y","E","B","D","5","0","0","Enterovesico fist repair","TRUE",
"5784","Y","E","B","D","4","0","0","Vesic fistula repair NEC","TRUE",
"5785","Y","E","B","D","4","0","0","Cystourethroplasty","TRUE",
"5786","Y","E","B","-","4","0","0","Bladder exstrophy repair","TRUE",
"5787","Y","E","B","D","5","0","0","Bladder reconstruction","TRUE",
"5788","Y","E","B","D","4","0","0","Bladder anastomosis NEC","TRUE",
"5789","Y","E","B","D","4","0","0","Bladder repair NEC","TRUE",
"5791","Y","N","B","D","3","0","0","Bladder sphincterotomy","TRUE",
"5792","P","U","B","-","0","0","0","Bladder neck dilation","FALSE",
"5793","Y","E","B","D","3","0","0","Control bladd hemorrhage","TRUE",
"5794","N","U","B","-","0","0","0","Insert indwelling cath","TRUE",
"5795","P","U","B","-","0","0","0","Replace indwelling cath","FALSE",
"5796","Y","E","B","D","2","0","0","Implant bladder stimulat","TRUE",
"5797","Y","N","B","D","2","0","0","Replace bladder stimulat","TRUE",
"5798","Y","N","B","D","2","0","0","Remove bladder stimulat","TRUE",
"5799","Y","E","B","D","2","0","0","Bladder operation NEC","TRUE",
"580","Y","N","B","D","3","0","0","Urethrotomy","TRUE",
"581","Y","N","B","D","2","0","0","Urethral meatotomy","TRUE",
"5821","P","U","B","-","0","0","0","Perineal urethroscopy","TRUE",
"5822","N","U","B","-","0","0","0","Urethroscopy NEC","TRUE",
"5823","P","U","B","-","0","0","0","Urethral biopsy","TRUE",
"5824","P","U","B","-","0","0","0","Periurethral biopsy","TRUE",
"5829","P","U","B","-","0","0","0","Urethral dx proc NEC","FALSE",
"5831","P","U","B","-","0","0","0","Endosc destr urethra les","TRUE",
"5839","P","U","B","-","0","0","0","Other destru urethra les","FALSE",
"5841","Y","E","B","D","3","0","0","Suture urethral lacerat","TRUE",
"5842","Y","E","B","D","3","0","0","Urethrostomy closure","TRUE",
"5843","Y","E","B","D","3","0","0","Close ureth fistula NEC","TRUE",
"5844","Y","E","B","D","4","0","0","Urethral reanastomosis","TRUE",
"5845","Y","E","B","-","4","0","0","Hypo-epispadjus repair","TRUE",
"5846","Y","E","B","D","4","0","0","Ureth reconstruction NEC","TRUE",
"5847","Y","E","B","D","3","0","0","Urethral meatoplasty","TRUE",
"5849","Y","E","B","D","3","0","0","Urethral repair NEC","TRUE",
"585","Y","N","B","D","3","0","0","Ureth stricture release","TRUE",
"586","P","U","B","-","0","0","0","Urethral dilation","TRUE",
"5891","Y","E","B","D","2","0","0","Periurethral incision","TRUE",
"5892","Y","E","B","D","3","0","0","Periurethral excision","TRUE",
"5893","Y","E","B","D","3","0","0","lmplt artf urin sphinct","TRUE",
"5899","Y","N","B","D","2","0","0","Ureth/periureth op NEC","TRUE",
"5900","Y","E","B","D","4","0","0","Retroperit dissect NOS","TRUE",
"5902","Y","E","B","D","4","0","0","Periren adhesiolys NEC","TRUE",
"5903","Y","E","B","D","4","0","0","Lap lys periren/uret adh","TRUE",
"5909","Y","E","B","D","4","0","0","Periren/ureter incis NEC","TRUE",
"5911","Y","E","B","D","2","0","0","Oth lys perives adhesio","TRUE",
"5912","Y","E","B","D","2","0","0","Lap lys perivesureth adh","TRUE",
"5919","Y","E","B","D","2","0","0","Perivesical incision NEC","TRUE",
"5921","Y","E","B","-","2","0","0","Periren/ureteral biopsy","TRUE",
"5929","Y","E","B","-","2","0","0","Periren/uret dx proc NEC","TRUE",
"593","Y","E","B","-","2","0","0","Urethroves junct plicat","TRUE",
"594","Y","E","B","-","3","0","0","Suprapubic sling op","TRUE",
"595","Y","E","B","-","3","0","0","Retropubic ureth suspens","TRUE",
"596","Y","E","B","-","3","0","0","Paraurethral suspension","TRUE",
"5971","Y","E","B","-","3","0","0","Levator musc suspension","TRUE",
"5972","P","U","B","-","0","0","0","Inject implant urethra","TRUE",
"5979","Y","N","B","-","4","0","0","Urin incontin repair NEC","TRUE",
"598","Y","N","B","D","3","0","0","Ureteral catheterization","TRUE",
"5991","Y","E","B","D","4","0","0","Periren/vesicle excision","TRUE",
"5992","Y","E","B","D","3","0","0","Periren/vesicle op NEC","TRUE",
"5993","P","U","B","-","0","0","0","Replace ureterost tube","FALSE",
"5994","P","U","B","-","0","0","0","Replace cystostomy tube","FALSE",
"5995","P","U","B","-","0","0","0","Ultrason fragment-stone","FALSE",
"5999","P","U","B","-","0","0","0","Urinary system op NEC","FALSE",
"600","Y","P","M","D","3","0","0","Incision of prostate","TRUE",
"6011","P","U","M","-","0","0","0","Closed prostatic biopsy","TRUE",
"6012","Y","P","M","-","3","0","0","Open prostatic biopsy","TRUE",
"6013","P","U","M","-","0","0","0","Clos seminal vesicles bx","TRUE",
"6014","Y","E","M","-","3","0","0","Open seminal vesicles bx","TRUE",
"6015","Y","P","M","-","3","0","0","Periprostatic biopsy","TRUE",
"6018","Y","P","M","-","3","0","0","Prostatic dx proc NEC","TRUE",
"6019","Y","E","M","-","3","0","0","Semin ves dx proc NEC","TRUE",
"6021","Y","P","M","-","4","0","0","Transureth prostatectomy","TRUE",
"6029","Y","P","M","-","4","0","0","Oth transureth prostatec","TRUE",
"603","Y","E","M","-","4","0","0","Suprapubic prostatectomy","TRUE",
"604","Y","E","M","-","4","0","0","Retropubic prostatectomy","TRUE",
"605","Y","E","M","-","6","0","0","Radical prostatectomy","TRUE",
"6061","Y","P","M","-","3","0","0","Los excis prostatic les","TRUE",
"6062","Y","E","M","-","4","0","0","Perineal prostatectomy","TRUE",
"6069","Y","P","M","-","4","0","0","Prostatectomy NEC","TRUE",
"6071","P","U","M","-","0","0","0","Percut semin ves aspirat","FALSE",
"6072","Y","E","M","-","3","0","0","Seminal vesicle incision","TRUE",
"6073","Y","E","M","-","3","0","0","Seminal vesicle excision","TRUE",
"6079","Y","E","M","-","3","0","0","Seminal vesicle op NEC","TRUE",
"6081","Y","P","M","D","3","0","0","Periprostatic incision","TRUE",
"6082","Y","P","M","D","3","0","0","Periprostatic excision","TRUE",
"6091","P","U","M","-","0","0","0","Percut prostatic aspirat","FALSE",
"6092","P","U","M","-","0","0","0","Injection into prostate","FALSE",
"6093","Y","P","M","D","3","0","0","Repair of prostate","TRUE",
"6094","Y","P","M","D","3","0","0","Control prostate hemorr","TRUE",
"6095","Y","P","M","D","3","0","0","Trans bal dil pros ureth","TRUE",
"6096","Y","P","M","-","3","0","0","Tu destr prostate by mt","TRUE",
"6097","Y","P","M","-","3","0","0","Oth tu destr pros - rt","TRUE",
"6099","Y","P","M","D","3","0","0","Prostatic operation NEC","TRUE",
"610","N","U","M","-","0","0","0","Scrotum & tunica I&D","TRUE",
"6111","P","U","M","-","0","0","0","Scrotum & tunica biopsy","TRUE",
"6119","P","U","M","-","0","0","0","Scrot/tunica dx proc NEC","FALSE",
"612","Y","N","M","-","2","0","0","Excision of hydrocele","TRUE",
"613","Y","N","M","D","3","0","0","Scrotal les destruction","TRUE",
"6141","P","U","M","-","0","0","0","Suture scrotal lacerat","FALSE",
"6142","Y","E","M","D","3","0","0","Scrotal fistula repair","TRUE",
"6149","Y","E","M","D","3","0","0","Scrotum/tunic repair NEC","TRUE",
"6191","P","U","M","-","0","0","0","Percut tunica aspiration","FALSE",
"6192","Y","E","M","D","3","0","0","Excision tunica les NEC","TRUE",
"6199","Y","E","M","D","3","0","0","Scrotum & tunica op NEC","TRUE",
"620","Y","E","M","D","3","0","0","Incision of testes","TRUE",
"6211","P","U","M","-","0","0","0","Closed testicular biopsy","TRUE",
"6212","Y","E","M","-","2","0","0","Open testicular biopsy","TRUE",
"6219","Y","E","M","-","2","0","0","Testes dx procedure NEC","TRUE",
"622","Y","E","M","D","2","0","0","Testicular les destruct","TRUE",
"623","Y","E","B","D","3","0","0","Unilateral orchiectomy","TRUE",
"6241","Y","E","B","D","3","0","0","Remove both testes","TRUE",
"6242","Y","E","B","D","3","0","0","Remove solitary testis","TRUE",
"625","Y","E","M","D","2","0","0","Orchiopexy","TRUE",
"6261","Y","E","M","D","2","0","0","Suture testicular lacer","TRUE",
"6269","Y","E","M","D","2","0","0","Testicular repair NEC","TRUE",
"627","Y","E","M","D","2","0","0","Insert testicular prosth","TRUE",
"6291","P","U","M","-","0","0","0","Aspiration of testes","FALSE",
"6292","P","U","M","-","0","0","0","Injection into testes","FALSE",
"6299","Y","E","M","D","2","0","0","Testicular operation NEC","TRUE",
"6301","P","U","M","-","0","0","0","Spermatic cord/vas biops","TRUE",
"6309","Y","N","M","-","2","0","0","Spermat cord/vas dx NEC","TRUE",
"631","Y","N","M","-","2","0","0","Exc spermatic varicocele","TRUE",
"632","Y","N","M","-","2","0","0","Excise epididymis cyst","TRUE",
"633","Y","N","M","D","2","0","0","Excise cord/epid les NEC","TRUE",
"634","Y","E","M","D","2","0","0","Epididymectomy","TRUE",
"6351","Y","E","M","D","2","0","0","Suture cord & epid lacer","TRUE",
"6352","P","U","M","-","0","0","0","Reduction torsion testes","FALSE",
"6353","Y","E","M","D","2","0","0","Transplant spermat cord","TRUE",
"6359","Y","E","M","D","2","0","0","Cord & epidid repair NEC","TRUE",
"636","P","U","M","-","0","0","0","Vasotomy","FALSE",
"6370","P","U","M","-","0","0","0","Male sterilization NOS","FALSE",
"6371","P","U","M","-","1","0","0","Ligation of vas deferens","TRUE",
"6372","P","U","M","-","1","0","0","Spermatic cord ligation","TRUE",
"6373","P","U","M","-","0","0","0","Vasectomy","FALSE",
"6381","Y","E","M","D","2","0","0","Suture vas & epidid lac","TRUE",
"6382","Y","E","M","-","2","0","0","Postop vas reconstruct","TRUE",
"6383","Y","E","M","-","2","0","0","Epididymovasostomy","TRUE",
"6384",,,"M","-","0","0","0","REMOVAL VAS LIGATURE+","FALSE",
"6385","Y","E","M","-","2","0","0","Remov vas deferens valve","TRUE",
"6389","Y","E","M","D","2","0","0","Vas & epididy repair NEC","TRUE",
"6391","P","U","M","-","0","0","0","Spermatocele aspiration","FALSE",
"6392","Y","E","M","D","2","0","0","Epididymotomy","TRUE",
"6393","Y","E","M","D","2","0","0","Spermatic cord incision","TRUE",
"6394","Y","E","M","D","2","0","0","Sperm cord adhesiolysis","TRUE",
"6395","Y","E","M","-","2","0","0","Insert valve in vas def","TRUE",
"6399","Y","E","M","D","2","0","0","Cord/epid/vas ops NEC","TRUE",
"640","Y","N","M","-","1","0","0","Circumcision","TRUE",
"6411","Y","N","M","-","2","0","0","Penile biopsy","TRUE",
"6419","P","U","M","-","0","0","0","Penile diagnost proc NEC","FALSE",
"642","Y","N","M","D","2","0","0","Local excis penile les","TRUE",
"643","Y","E","M","D","3","0","0","Amputation of penis","TRUE",
"6441","Y","E","M","D","1","0","0","Suture penile laceration","TRUE",
"6442","Y","E","M","-","3","0","0","Release of chordee","TRUE",
"6443","Y","E","M","D","3","0","0","Construction of penis","TRUE",
"6444","Y","E","M","D","3","0","0","Reconstruction of penis","TRUE",
"6445","Y","E","M","D","5","0","0","Replantation of penis","TRUE",
"6449","Y","N","M","D","3","0","0","Penile repair NEC","TRUE",
"645","Y","E","M","-","3","0","0","Sex transformat op NEC","TRUE",
"6491","P","U","M","-","0","0","0","Dorsal/lat slit prepuce","TRUE",
"6492","Y","N","M","D","2","0","0","Incision of penis","TRUE",
"6493","Y","N","M","D","2","0","0","Division of penile adhes","TRUE",
"6494","P","U","M","-","0","0","0","Fit ext penile prosthes","FALSE",
"6495","Y","N","M","-","2","0","0","Ins noninfl penis prosth","TRUE",
"6496","Y","N","M","-","2","0","0","Remove int penile prosth","TRUE",
"6497","Y","N","M","-","2","0","0","Ins inflate penis prosth","TRUE",
"6498","Y","N","M","D","2","0","0","Penile operation NEC","TRUE",
"6499","Y","N","M","D","2","0","0","Male genital op NEC","TRUE",
"6501","Y","E","F","D","4","0","0","Laparoscopic oophorotomy","TRUE",
"6509","Y","E","F","D","4","0","0","Other oophorotomy","TRUE",
"6511","Y","E","F","-","2","0","0","Ovarian aspirat biopsy","TRUE",
"6512","Y","E","F","-","4","0","0","Ovarian biopsy NEC","TRUE",
"6513","Y","E","F","-","4","0","0","Lap biopsy of ovary","TRUE",
"6514","Y","E","F","-","3","0","0","Oth lap dx proc ovaries","TRUE",
"6519","Y","E","F","-","3","0","0","Ovarian dx procedure NEC","TRUE",
"6521","Y","E","F","-","3","0","0","Ovarian cyst marsupializ","TRUE",
"6522","Y","E","F","D","3","0","0","Ovarian wedge resection","TRUE",
"6523","Y","E","F","-","3","0","0","Lap marsup ovarian cyst","TRUE",
"6524","Y","E","F","D","4","0","0","Lap wedge resect ovary","TRUE",
"6525","Y","E","F","D","4","0","0","Oth lap loc exc dest ova","TRUE",
"6529","Y","E","F","D","3","0","0","Local destr ova les NEC","TRUE",
"6531","Y","E","B","D","4","0","0","Lap unilat oophorectomy","TRUE",
"6539","Y","E","B","D","3","0","0","Oth unilat oophorectomy","TRUE",
"6541","Y","E","F","D","4","0","0","Lap uni salpingo-oophor","TRUE",
"6549","Y","E","F","D","3","0","0","Oth uni salpingo-oophor","TRUE",
"6551","Y","E","B","D","4","0","0","Oth remove both ovaries","TRUE",
"6552","Y","E","B","D","3","0","0","Oth remove remain ovary","TRUE",
"6553","Y","E","B","D","4","0","0","Lap remove both ovaries","TRUE",
"6554","Y","E","B","D","4","0","0","Lap remove remain ovary","TRUE",
"6561","Y","N","F","D","4","0","0","Oth remove ovaries/tubes","TRUE",
"6562","Y","E","F","D","4","0","0","Oth remove rem ova/tube","TRUE",
"6563","Y","E","F","D","4","0","0","Lap remove ovaries/tubes","TRUE",
"6564","Y","E","F","D","4","0","0","Lap remove rem ova/tube","TRUE",
"6571","Y","E","F","D","3","0","0","Oth simple suture ovary","TRUE",
"6572","Y","E","F","D","3","0","0","Oth reimplant of ovary","TRUE",
"6573","Y","E","F","D","3","0","0","Oth salpingo-oophoroplas","TRUE",
"6574","Y","E","F","D","3","0","0","Lap simple suture ovary","TRUE",
"6575","Y","E","F","D","3","0","0","Lap reimplant of ovary","TRUE",
"6576","Y","E","F","D","3","0","0","Lap salpingo-oophoroplas","TRUE",
"6579","Y","E","F","D","3","0","0","Repair of ovary NEC","TRUE",
"6581","Y","E","F","D","4","0","0","Lap adhesiolys ova/tube","TRUE",
"6589","Y","E","F","D","3","0","0","Adhesiolysis ovary/tube","TRUE",
"6591","Y","E","F","D","3","0","0","Aspiration of ovary","TRUE",
"6592","Y","E","F","D","4","0","0","Transplantation of ovary","TRUE",
"6593","Y","E","F","-","3","0","0","Manual rupt ovarian cyst","TRUE",
"6594","Y","E","F","-","3","0","0","Ovarian denervation","TRUE",
"6595","Y","E","F","D","3","0","0","Ovarian torsion release","TRUE",
"6599","Y","E","F","D","3","0","0","Ovarian operation NEC","TRUE",
"6601","Y","E","F","D","3","0","0","Salpingotomy","TRUE",
"6602","Y","E","F","D","3","0","0","Salpingostomy","TRUE",
"6611","Y","E","F","-","2","0","0","Fallopian tube biopsy","TRUE",
"6619","Y","E","F","-","2","0","0","Fallop tube dx proc NEC","TRUE",
"6621","Y","N","F","-","1","0","0","Bilat endosc crush tube","TRUE",
"6622","Y","N","F","-","2","0","0","Bilat endosc divis tube","TRUE",
"6629","Y","N","F","-","2","0","0","Bilat endos occ tube NEC","TRUE",
"6631","Y","N","F","-","1","0","0","Bilat tubal crushing NEC","TRUE",
"6632","Y","N","F","-","1","0","0","Bilat tubal division NEC","TRUE",
"6639","Y","N","F","-","1","0","0","Bilat tubal destruct NEC","TRUE",
"664","Y","E","F","D","3","0","0","Total unilat salpingect","TRUE",
"6651","Y","E","F","D","3","0","0","Remove both fallop tubes","TRUE",
"6652","Y","E","F","D","3","0","0","Remove solitary fal tube","TRUE",
"6661","Y","E","F","D","3","0","0","Destroy fallop tube les","TRUE",
"6662","Y","E","F","-","3","0","0","Remov tube & ectop reg","TRUE",
"6663","Y","E","F","D","2","0","0","Bilat part salpingec NOS","TRUE",
"6669","Y","E","F","D","3","0","0","Partial salpingectom NEC","TRUE",
"6671","Y","E","F","D","3","0","0","Simpl suture fallop tube","TRUE",
"6672","Y","E","F","D","3","0","0","Salpingo-oophorostomy","TRUE",
"6673","Y","E","F","D","3","0","0","Salpingo-salpingostomy","TRUE",
"6674","Y","E","F","D","3","0","0","Salpingo-uterostomy","TRUE",
"6679","Y","E","F","D","3","0","0","Fallop tube repair NEC","TRUE",
"668","P","U","F","-","0","0","0","Fallopian tube insufflat","FALSE",
"6691","P","U","F","-","0","0","0","Fallopian tube aspirat","FALSE",
"6692","Y","N","F","D","2","0","0","Unilat fallop tube destr","TRUE",
"6693","Y","E","F","D","3","0","0","Impl fallop tube prosth","TRUE",
"6694","Y","E","F","D","3","0","0","Remov fallop tube prosth","TRUE",
"6695","Y","E","F","-","3","0","0","Blow therapeut into tube","TRUE",
"6696","Y","E","F","D","3","0","0","Fallopian tube dilation","TRUE",
"6697","Y","E","F","D","3","0","0","Bury fimbriae in uterus","TRUE",
"6699","Y","E","F","D","1","0","0","Fallopian tube op NEC","TRUE",
"670","P","U","F","-","0","0","0","Cervical canal dilation","FALSE",
"6711","Y","N","F","-","1","0","0","Endocervical biopsy","TRUE",
"6712","Y","N","F","-","1","0","0","Cervical biopsy NEC","TRUE",
"6719","Y","N","F","-","1","0","0","Cervical dx procedur NEC","TRUE",
"672","Y","N","F","D","2","0","0","Conization of cervix","TRUE",
"6731","Y","N","F","-","1","0","0","Cervical cyst marsupial","TRUE",
"6732","Y","N","F","D","1","0","0","Cervical les cauterizat","TRUE",
"6733","Y","N","F","D","0","0","0","Cervical les cryotherapy","TRUE",
"6739","Y","N","F","D","1","0","0","Cervical les destruc NEC","TRUE",
"674","Y","E","F","D","1","0","0","Amputation of cervix","TRUE",
"6751","Y","E","F","-","2","0","0","Transab cerclage cervix","TRUE",
"6759","Y","E","F","-","2","0","0","Oth rep int cervical os","TRUE",
"6761","Y","E","F","D","1","0","0","Suture cervical lacerat","TRUE",
"6762","Y","E","F","D","3","0","0","Cervical fistula repair","TRUE",
"6769","Y","E","F","D","1","0","0","Cervical repair NEC","TRUE",
"680","Y","E","F","D","3","0","0","Hysterotomy","TRUE",
"6811","P","U","F","-","0","0","0","Digital exam of uterus","FALSE",
"6812","N","U","F","-","0","0","0","Hysteroscopy","TRUE",
"6813","Y","E","F","-","3","0","0","Open uterine biopsy","TRUE",
"6814","Y","E","F","-","3","0","0","Open uterine ligament bx","TRUE",
"6815","Y","N","F","-","1","0","0","Clos uterine ligament bx","TRUE",
"6816","Y","N","F","-","0","0","0","Closed uterine biopsy","TRUE",
"6819","Y","E","F","-","2","0","0","Uterus/adnex dx proc NEC","TRUE",
"6821","Y","E","F","-","2","0","0","Endomet synechiae divis","TRUE",
"6822","Y","E","F","-","3","0","0","Incision uterine septum","TRUE",
"6823","Y","E","F","-","1","0","0","Endometrial ablation","TRUE",
"6829","Y","N","F","D","3","0","0","Uterine les destruct NEC","TRUE",
"6831","Y","E","F","D","4","0","0","Lap scervic hysterectomy","TRUE",
"6839","Y","E","F","D","4","0","0","Oth subtot abd hysterect","TRUE",
"684","Y","E","F","D","4","0","0","Total abd hysterectomy","TRUE",
"6841","Y","E","F","-","4","0","0","LAP TOTAL ABDOMINAL HYST","TRUE",
"6849","Y","E","F","-","4","0","0","TOTAL ABD HYST NEC/NOS","TRUE",
"6851","Y","N","F","-","4","0","0","Lap ast vag hysterectomy","TRUE",
"6859","Y","N","F","-","4","0","0","Other vag hysterectomy","TRUE",
"686","Y","E","F","-","5","0","0","Radical abd hysterectomy","TRUE",
"6861","Y","E","F","-","5","0","0","LAP RADICAL ABDOMNL HYST","TRUE",
"6869","Y","E","F","-","5","0","0","RADICAL ABD HYST NEC/NOS","TRUE",
"687","Y","E","F","-","5","0","0","Radical vag hysterectomy","TRUE",
"6871","Y","E","F","-","5","0","0","LAP RADICAL VAGINAL HYST","TRUE",
"6879","Y","E","F","-","5","0","0","RADICAL VAG HYST NEC/NOS","TRUE",
"688","Y","E","F","D","6","0","0","Pelvic evisceration","TRUE",
"689","Y","E","F","D","4","0","0","Hysterectomy NEC/NOS","TRUE",
"6901","Y","L","F","-","1","0","0","D & C for preg terminat","TRUE",
"6902","Y","L","F","-","1","0","0","D & C post delivery","TRUE",
"6909","Y","N","F","-","1","0","0","D & C NEC","TRUE",
"6919","Y","E","F","D","3","0","0","Destruc uter support NEC","TRUE",
"6921","Y","E","F","D","3","0","0","Interposit op uterin lig","TRUE",
"6922","Y","E","F","D","3","0","0","Uterine suspension NEC","TRUE",
"6923","Y","E","F","-","3","0","0","Vag repair invers uterus","TRUE",
"6929","Y","E","F","D","3","0","0","Uterus/adnexa repair NEC","TRUE",
"693","Y","E","F","-","3","0","0","Paracerv uterine denerv","TRUE",
"6941","Y","E","F","D","3","0","0","Suture uterine lacerat","TRUE",
"6942","Y","E","F","D","3","0","0","Closure uterine fistula","TRUE",
"6949","Y","E","F","D","3","0","0","Uterine repair NEC","TRUE",
"6951","Y","L","F","-","1","0","0","Aspirat curet-preg termi","TRUE",
"6952","Y","L","F","-","1","0","0","Aspirat curet-post deliv","TRUE",
"6959","N","U","F","-","0","0","0","Oth asp curettage uterus","TRUE",
"696","P","U","F","-","0","0","0","Menstrual extraction","FALSE",
"697","P","U","F","-","0","0","0","Insertion of IUD","FALSE",
"6991","P","U","F","-","0","0","0","Insert uterine device","FALSE",
"6992","P","U","F","-","0","0","0","Artificial insemination","FALSE",
"6993","P","U","F","-","0","0","0","Insertion of laminaria","FALSE",
"6994","P","U","F","-","0","0","0","Man replace invert uter","FALSE",
"6995","Y","N","F","D","2","0","0","Incision of cervix","TRUE",
"6996","P","U","F","-","0","0","0","Remove cervical cerclage","FALSE",
"6997","Y","E","F","D","1","0","0","Remove penetrat cerv FB","TRUE",
"6998","Y","E","F","D","3","0","0","Uterine support op NEC","TRUE",
"6999","Y","E","F","D","2","0","0","Uterine operation NEC","TRUE",
"700","P","U","F","-","0","0","0","Culdocentesis","FALSE",
"7011","P","U","F","-","0","0","0","Hymenotomy","FALSE",
"7012","Y","E","F","D","2","0","0","Culdotomy","TRUE",
"7013","Y","E","F","D","1","0","0","Intralum vag adhesiolys","TRUE",
"7014","Y","N","F","D","1","0","0","Vaginotomy NEC","TRUE",
"7021","N","U","F","-","0","0","0","Vaginoscopy","TRUE",
"7022","N","U","F","-","0","0","0","Culdoscopy","TRUE",
"7023","Y","N","F","-","1","0","0","Cul-de-sac biopsy","TRUE",
"7024","Y","N","F","-","2","0","0","Vaginal biopsy","TRUE",
"7029","Y","N","F","-","1","0","0","Vagin/cul-de-sac dx NEC","TRUE",
"7031","Y","N","F","-","1","0","0","Hymenectomy","TRUE",
"7032","Y","N","F","D","1","0","0","Excis cul-de-sac lesion","TRUE",
"7033","Y","N","F","D","1","0","0","Excision vaginal lesion","TRUE",
"704","Y","E","F","D","2","0","0","Vaginal obliteration","TRUE",
"7050","Y","E","F","-","3","0","0","Cystocel/rectocel repair","TRUE",
"7051","Y","E","F","-","3","0","0","Cystocele repair","TRUE",
"7052","Y","E","F","-","2","0","0","Rectocele repair","TRUE",
"7053","Y","E","F","-","3","0","0","Cysto & recto w grf/pros","TRUE",
"7054","Y","E","F","-","3","0","0","Rep cystocel w grft/pros","TRUE",
"7055","Y","E","F","-","3","0","0","Rep rectocele w grf/pros","TRUE",
"7061","Y","E","F","D","4","0","0","Vaginal construction","TRUE",
"7062","Y","E","F","D","4","0","0","Vaginal reconstruction","TRUE",
"7063","Y","E","B","D","4","0","0","Vaginal const w grf/pros","TRUE",
"7064","Y","E","F","D","4","0","0","Vag reconst w grft/pros","TRUE",
"7071","Y","E","F","D","2","0","0","Suture vagina laceration","TRUE",
"7072","Y","E","F","D","3","0","0","Repair colovagin fistula","TRUE",
"7073","Y","E","F","D","3","0","0","Repair rectovag fistula","TRUE",
"7074","Y","E","F","D","3","0","0","Rep vaginoent fistul NEC","TRUE",
"7075","Y","E","F","D","3","0","0","Repair vag fistula NEC","TRUE",
"7076","Y","N","F","-","1","0","0","Hymenorrhaphy","TRUE",
"7077","Y","E","F","D","3","0","0","Vaginal suspens & fixat","TRUE",
"7078","Y","E","F","D","3","0","0","Vag susp/fix w grft/pros","TRUE",
"7079","Y","E","F","D","2","0","0","Vaginal repair NEC","TRUE",
"708","Y","E","F","D","3","0","0","Vaginal vault obliterat","TRUE",
"7091","Y","E","F","D","2","0","0","Vaginal operation NEC","TRUE",
"7092","Y","E","F","D","1","0","0","Cul-de-sac operation NEC","TRUE",
"7093","Y","E","F","D","1","0","0","Cul-de-sac grf/pros NEC","TRUE",
"7094","U",,"B","-","0","0","0","Insert biological graft","FALSE",
"7095","U",,"B","-","0","0","0","Insert synth graft/prost","FALSE",
"7101","Y","E","F","D","1","0","0","Vulvar adhesiolysis","TRUE",
"7109","Y","N","F","D","1","0","0","Incis vulva/perineum NEC","TRUE",
"7111","Y","N","F","-","1","0","0","Vulvar biopsy","TRUE",
"7119","Y","N","F","-","1","0","0","Vulvar diagnos proc NEC","TRUE",
"7121","P","U","F","-","0","0","0","Percutan bartholin aspir","FALSE",
"7122","Y","N","F","-","1","0","0","Incise bartholin's gland","TRUE",
"7123","Y","N","F","-","1","0","0","Bartholin gland marsup","TRUE",
"7124","Y","N","F","-","1","0","0","Destruc bartholin gland","TRUE",
"7129","Y","N","F","-","1","0","0","Bartholin's gland op NEC","TRUE",
"713","Y","N","F","D","1","0","0","Local vulvar excis NEC","TRUE",
"714","Y","N","F","-","2","0","0","Operations on clitoris","TRUE",
"715","Y","E","F","D","5","0","0","Radical vulvectomy","TRUE",
"7161","Y","E","F","D","3","0","0","Unilateral vulvectomy","TRUE",
"7162","Y","E","F","D","3","0","0","Bilateral vulvectomy","TRUE",
"7171","Y","N","F","D","1","0","0","Suture vulvar laceration","TRUE",
"7172","Y","E","F","D","3","0","0","Repair vulvar fistula","TRUE",
"7179","Y","N","F","D","1","0","0","Vulvar/perin repair NEC","TRUE",
"718","Y","E","F","D","1","0","0","Other vulvar operations","TRUE",
"719","Y","E","F","D","1","0","0","Other female genital ops","TRUE",
"720","N","U","F","-","0","0","0","Low forceps operation","TRUE",
"721","N","U","F","-","0","0","0","Low forceps op w episiotom","TRUE",
"7221","N","U","F","-","0","0","0","Mid forceps op w episiotom","TRUE",
"7229","N","U","F","-","0","0","0","Oth mid forceps operation","TRUE",
"7231","N","U","F","-","0","0","0","High forceps op w episioto","TRUE",
"7239","N","U","F","-","0","0","0","Oth high forceps operation","TRUE",
"724","N","U","F","-","0","0","0","Forceps rotatn of fetal hd","TRUE",
"7251","N","U","F","-","0","0","0","Part breech ext w forceps","TRUE",
"7252","N","U","F","-","0","0","0","Oth part breech extraction","TRUE",
"7253","N","U","F","-","0","0","0","Tot breech ext w forceps","TRUE",
"7254","N","U","F","-","0","0","0","Oth tot breech ext w forc","TRUE",
"726","P","U","F","-","0","0","0","Forceps-aftercoming head","FALSE",
"7271","N","U","F","-","0","0","0","Vac ext w episiotomy","TRUE",
"7279","N","U","F","-","0","0","0","Other vacuum extraction","TRUE",
"728","P","U","F","-","0","0","0","Instrument delivery NEC","FALSE",
"729","P","U","F","-","0","0","0","Instrument delivery NOS","FALSE",
"7301","P","U","F","-","0","0","0","Induct labor-rupt memb","FALSE",
"7309","P","U","F","-","0","0","0","Artif rupt membranes NEC","FALSE",
"731","P","U","F","-","0","0","0","Surg induct labor NEC","FALSE",
"7321","N","U","F","-","0","0","0","Int & comb ext vers wo ext","TRUE",
"7322","N","U","F","-","0","0","0","Int & comb ext vers w ext","TRUE",
"733","N","U","F","-","0","0","0","Failed forceps","TRUE",
"734","P","U","F","-","0","0","0","Medical induction labor","FALSE",
"7351","N","U","F","-","0","0","0","Manual rotation fetal head","FALSE",
"7359","N","U","F","-","0","0","0","Oth manual assist delivery","FALSE",
"736","P","U","F","-","0","0","0","Episiotomy","FALSE",
"738","N","U","F","-","0","0","0","Op on fetus fac delivery","TRUE",
"7391","N","U","F","-","0","0","0","External version","TRUE",
"7392","N","U","F","-","0","0","0","Replac prolaps umb cord","TRUE",
"7393","P","U","F","-","0","0","0","Incis cx to assist deliv","FALSE",
"7394","Y","L","F","-","3","0","0","Pubiotomy to assist del","TRUE",
"7399","Y","L","F","-","1","0","0","Ops assisting deliv NEC","TRUE",
"740","Y","L","F","-","3","0","0","Classical c-section","TRUE",
"741","Y","L","F","-","3","0","0","Low cervical c-section","TRUE",
"742","Y","L","F","-","3","0","0","Extraperitoneal c-sect","TRUE",
"743","Y","L","F","-","3","0","0","Rem extratub ectop preg","TRUE",
"744","Y","L","F","-","3","0","0","Cesarean section NEC","TRUE",
"7491","Y","L","F","-","3","0","0","Hysterotomy to termin pg","TRUE",
"7499","Y","L","F","-","3","0","0","Cesarean section NOS","TRUE",
"750","N","U","F","-","0","0","0","Intra-amnio inj abortion","TRUE",
"751","N","U","F","-","0","0","0","Diag amniocentesis","TRUE",
"752","N","U","F","-","0","0","0","Intrauterine transfusion","TRUE",
"7531","N","U","F","-","0","0","0","Amnioscopy","TRUE",
"7532","P","U","F","-","0","0","0","Fetal EKG","FALSE",
"7533","N","U","F","-","0","0","0","Fetal blood sampling & Bx","TRUE",
"7534","P","U","F","-","0","0","0","Fetal monitoring NOS","FALSE",
"7535","P","U","F","-","0","0","0","Dx proc fetus/amnion NEC","FALSE",
"7536","Y","L","F","-","4","0","0","Correction fetal defect","TRUE",
"7537","N","U","F","-","0","0","0","Amnioinfusion","TRUE",
"7538","N","U","F","-","0","0","0","Fetal pulse oximetry","FALSE",
"754","N","U","F","-","0","0","0","Manual remove ret placenta","TRUE",
"7550","Y","L","F","-","3","0","0","Repair ob lac uterus NOS","TRUE",
"7551","Y","L","F","-","2","0","0","Repair ob lacerat cervix","TRUE",
"7552","Y","L","F","-","3","0","0","Repair ob lac corp uteri","TRUE",
"7561","Y","L","F","-","3","0","0","Repair ob lac blad/ureth","TRUE",
"7562","N","U","F","-","0","0","0","Rep curr OB lac rectum","TRUE",
"7569","N","U","F","-","0","0","0","Rep oth curr OB laceration","TRUE",
"757","N","U","F","-","0","0","0","Man explor uter cav,PP","TRUE",
"758","P","U","F","-","0","0","0","Ob tamponade uterus/vag","FALSE",
"7591","N","U","F","-","0","0","0","Evac OB incis hem perineum","TRUE",
"7592","N","U","F","-","0","0","0","Evac oth hem vulva/vag","TRUE",
"7593","Y","L","F","-","3","0","0","Surg corr invert uterus","TRUE",
"7594","N","U","F","-","0","0","0","Man replac inverted uterus","TRUE",
"7599","Y","L","F","-","1","0","0","Obstetric operation NEC","TRUE",
"7601","Y","E","B","-","3","0","0","Facial bone sequestrect","TRUE",
"7609","Y","E","B","-","3","0","0","Facial bone incision NEC","TRUE",
"7611","Y","N","B","-","3","0","0","Facial bone biopsy","TRUE",
"7619","Y","E","B","-","2","0","0","Facial bone dx proc NEC","TRUE",
"762","Y","N","B","B","3","0","0","Destruct facial bone les","TRUE",
"7631","Y","E","B","B","4","0","0","Partial mandibulectomy","TRUE",
"7639","Y","E","B","B","4","0","0","Part facial ostectom NEC","TRUE",
"7641","Y","E","B","B","4","0","0","Tot mandibulec w reconst","TRUE",
"7642","Y","E","B","B","4","0","0","Total mandibulectomy NEC","TRUE",
"7643","Y","E","B","B","4","0","0","Mandibular reconst NEC","TRUE",
"7644","Y","E","B","B","4","0","0","Tot face ostect w recons","TRUE",
"7645","Y","E","B","B","4","0","0","Tot face bone ostect NEC","TRUE",
"7646","Y","E","B","B","4","0","0","Facial bone reconstr NEC","TRUE",
"765","Y","E","B","B","4","0","0","Temporomand arthroplasty","TRUE",
"7661","Y","E","B","B","3","0","0","Cl osteoplasty mand rami","TRUE",
"7662","Y","E","B","B","4","0","0","Open osteoplas mand rami","TRUE",
"7663","Y","E","B","B","4","0","0","Osteoplasty mandible bdy","TRUE",
"7664","Y","E","B","B","4","0","0","Mand orthognathic op NEC","TRUE",
"7665","Y","E","B","B","4","0","0","Seg osteoplasty maxilla","TRUE",
"7666","Y","E","B","B","4","0","0","Tot osteoplasty maxilla","TRUE",
"7667","Y","E","B","B","3","0","0","Reduction genioplasty","TRUE",
"7668","Y","E","B","B","3","0","0","Augmentation genioplasty","TRUE",
"7669","Y","E","B","B","4","0","0","Facial bone repair NEC","TRUE",
"7670","Y","E","B","B","3","0","0","Reduction facial fx NOS","TRUE",
"7671","N","U","B","-","0","0","0","Cl reduct malar/zygo fx","TRUE",
"7672","Y","E","B","B","4","0","0","Opn reduct malar/zygo fx","TRUE",
"7673","P","U","B","-","0","0","0","Cl reduct maxillary fx","FALSE",
"7674","Y","E","B","B","4","0","0","Open reduct maxillary fx","TRUE",
"7675","P","U","B","-","0","0","0","Cl reduct mandible fx","FALSE",
"7676","Y","E","B","B","4","0","0","Open reduct mandible fx","TRUE",
"7677","Y","E","B","B","3","0","0","open reduct alveolar fx","TRUE",
"7678","P","U","B","-","0","0","0","Cl reduct facial fx NEC","FALSE",
"7679","Y","E","B","B","4","0","0","Open reduct face fx NEC","TRUE",
"7691","Y","E","B","B","4","0","0","Bone graft to face bone","TRUE",
"7692","Y","E","B","B","4","0","0","Syn implant to face bone","TRUE",
"7693","P","U","B","-","0","0","0","Clos reduct tm dislocat","FALSE",
"7694","Y","E","B","B","3","0","0","Open reduct tm dislocat","TRUE",
"7695","P","U","B","-","0","0","0","Tm manipulation NEC","FALSE",
"7696","P","U","B","-","0","0","0","Injec therap sbst TM jnt","FALSE",
"7697","Y","E","B","B","2","0","0","Remove int fix face bone","TRUE",
"7699","Y","E","B","B","2","0","0","Facial bone/jnt op NEC","TRUE",
"7700","Y","E","B","-","2","0","0","Sequestrectomy NOS","TRUE",
"7701","Y","E","B","-","3","0","0","Chest cage sequestrec","TRUE",
"7702","Y","E","B","-","3","0","0","Humerus sequestrectomy","TRUE",
"7703","Y","E","B","-","3","0","0","Radius & ulna sequestrec","TRUE",
"7704","Y","E","B","-","2","0","0","Metacarp/carp sequestrec","TRUE",
"7705","Y","E","B","-","4","0","0","Femoral sequestrectomy","TRUE",
"7706","Y","E","B","-","3","0","0","Patellar sequestrectomy","TRUE",
"7707","Y","E","B","-","4","0","0","Tibia/fibula sequestrec","TRUE",
"7708","Y","E","B","-","3","0","0","Metatar/tar sequestrec","TRUE",
"7709","Y","E","B","-","2","0","0","Sequestrectomy NEC","TRUE",
"7710","Y","E","B","-","2","0","0","Other bone incision NOS","TRUE",
"7711","Y","E","B","-","2","0","0","Other chest cage incis","TRUE",
"7712","Y","E","B","-","3","0","0","Other humerus incision","TRUE",
"7713","Y","E","B","-","3","0","0","Other radius/ulna incis","TRUE",
"7714","Y","E","B","-","2","0","0","Oth metacarp/carp incis","TRUE",
"7715","Y","E","B","-","4","0","0","Other femoral incision","TRUE",
"7716","Y","E","B","-","2","0","0","Other patellar incision","TRUE",
"7717","Y","E","B","-","3","0","0","Other tibia/fibula incis","TRUE",
"7718","Y","E","B","-","2","0","0","Oth metatars/tars incis","TRUE",
"7719","Y","E","B","-","2","0","0","Bone incis w/o div NEC","TRUE",
"7720","Y","E","B","-","2","0","0","Wedge osteotomy NOS","TRUE",
"7721","Y","E","B","C","3","0","0","Chest cage wedg osteotom","TRUE",
"7722","Y","E","B","F","3","0","0","Humerus wedge osteotomy","TRUE",
"7723","Y","E","B","F","3","0","0","Radius/uIna wedg osteoto","TRUE",
"7724","Y","E","B","F","2","0","0","Metacar/car wedg osteoto","TRUE",
"7725","Y","E","B","G","4","0","0","Femoral wedge osteotomy","TRUE",
"7726","Y","E","B","G","3","0","0","Patellar wedge osteotomy","TRUE",
"7727","Y","E","B","G","4","0","0","Tibia/fibul wedg osteot","TRUE",
"7728","Y","E","B","G","2","0","0","Metatar/tar wedg osteot","TRUE",
"7729","Y","E","B","J","2","0","0","Wedge osteotomy NEC","TRUE",
"7730","Y","E","B","J","2","0","0","Other bone division NOS","TRUE",
"7731","Y","E","B","C","3","0","0","Chest cage bone div NEC","TRUE",
"7732","Y","E","B","F","3","0","0","Humerus division NEC","TRUE",
"7733","Y","E","B","F","3","0","0","Radius/ulna division NEC","TRUE",
"7734","Y","E","B","F","2","0","0","Metacar/car division NEC","TRUE",
"7735","Y","E","B","G","4","0","0","Femoral division NEC","TRUE",
"7736","Y","E","B","G","3","0","0","Patellar division NEC","TRUE",
"7737","Y","E","B","G","4","0","0","Tibia/fibula div NEC","TRUE",
"7738","Y","N","B","G","3","0","0","Metatar/tar division NEC","TRUE",
"7739","Y","E","B","J","3","0","0","Bone division NEC","TRUE",
"7740","Y","N","B","-","3","0","0","Bone biopsy NOS","TRUE",
"7741","Y","N","B","-","4","0","0","Chest cage bone biopsy","TRUE",
"7742","Y","E","B","-","3","0","0","Humerus biopsy","TRUE",
"7743","Y","E","B","-","3","0","0","Radius & ulna biopsy","TRUE",
"7744","Y","E","B","-","2","0","0","Metacarpal/carpal biopsy","TRUE",
"7745","Y","E","B","-","4","0","0","Femoral biopsy","TRUE",
"7746","Y","E","B","-","3","0","0","Patellar biopsy","TRUE",
"7747","Y","E","B","-","4","0","0","Tibia & fibula biopsy","TRUE",
"7748","Y","E","B","-","3","0","0","Metatarsal/tarsal biopsy","TRUE",
"7749","Y","E","B","-","3","0","0","Bone biopsy NEC","TRUE",
"7751","Y","N","B","-","3","0","0","Bunionect/sft/osteotomy","TRUE",
"7752","Y","N","B","-","2","0","0","Bunionect/sft/arthrodes","TRUE",
"7753","Y","N","B","-","2","0","0","Oth bunionect w sft corr","TRUE",
"7754","Y","N","B","-","2","0","0","Exc correct bunionette","TRUE",
"7756","Y","N","B","-","2","0","0","Repair of hammer toe","TRUE",
"7757","Y","N","B","-","2","0","0","Repair of claw toe","TRUE",
"7758","Y","N","B","-","2","0","0","Oth exc, fus, repair toe","TRUE",
"7759","Y","N","B","-","2","0","0","Bunionectomy NEC","TRUE",
"7760","Y","N","B","-","3","0","0","Loc exc bone lesion NOS","TRUE",
"7761","Y","N","B","-","3","0","0","Exc chest cage bone les","TRUE",
"7762","Y","N","B","-","3","0","0","Loc exc bone les humerus","TRUE",
"7763","Y","N","B","-","3","0","0","Loc exc les radius/ulna","TRUE",
"7764","Y","N","B","-","2","0","0","Loc exc les metacar/car","TRUE",
"7765","Y","N","B","-","4","0","0","Loc exc bone les femur","TRUE",
"7766","Y","N","B","-","4","0","0","Loc exc bone les patella","TRUE",
"7767","Y","N","B","-","4","0","0","Loc exc les tibia/fibula","TRUE",
"7768","Y","N","B","-","3","0","0","Loc exc les metatar/tar","TRUE",
"7769","Y","N","B","-","3","0","0","Loc exc bone lesion NEC","TRUE",
"7770","Y","E","B","J","4","0","0","Excise bone for grft NOS","TRUE",
"7771","Y","E","B","C","2","0","0","Ex chest cage bone-gft","TRUE",
"7772","Y","E","B","F","2","0","0","Excise humerus for graft","TRUE",
"7773","Y","E","B","F","2","0","0","Excis radius/ulna-graft","TRUE",
"7774","Y","E","B","F","2","0","0","Excis metacar/car-graft","TRUE",
"7775","Y","E","B","G","2","0","0","Excise femur for graft","TRUE",
"7776","Y","E","B","G","2","0","0","Excise patella for graft","TRUE",
"7777","Y","E","B","G","2","0","0","Excise tib/fib for graft","TRUE",
"7778","Y","E","B","G","2","0","0","Excis metatar/tar-graft","TRUE",
"7779","Y","E","B","J","2","0","0","Excise bone for gft NEC","TRUE",
"7780","Y","E","B","J","2","0","0","Oth part ostectomy NOS","TRUE",
"7781","Y","E","B","C","3","0","0","Oth chest cage ostectomy","TRUE",
"7782","Y","E","B","F","3","0","0","Partial humerectomy NEC","TRUE",
"7783","Y","E","B","F","3","0","0","Part ostect-radius/ulna","TRUE",
"7784","Y","E","B","F","2","0","0","Part ostect-metacar/car","TRUE",
"7785","Y","E","B","G","4","0","0","Part ostectomy-femur","TRUE",
"7786","Y","E","B","G","3","0","0","Partial patellectomy","TRUE",
"7787","Y","E","B","G","3","0","0","Part ostect-tibia/fibula","TRUE",
"7788","Y","N","B","G","3","0","0","Part ostect-metatar/tar","TRUE",
"7789","Y","E","B","J","3","0","0","Partial ostectomy NEC","TRUE",
"7790","Y","E","B","J","3","0","0","Total ostectomy NOS","TRUE",
"7791","Y","E","B","C","5","0","0","Tot chest cage ostectomy","TRUE",
"7792","Y","E","B","F","3","0","0","Total ostectomy-humerus","TRUE",
"7793","Y","E","B","F","3","0","0","Tot ostect-radius/ulna","TRUE",
"7794","Y","E","B","F","3","0","0","Tot ostect-metacarp/carp","TRUE",
"7795","Y","E","B","G","4","0","0","Tot ostectomy-femur","TRUE",
"7796","Y","E","B","G","3","0","0","Total patellectomy","TRUE",
"7797","Y","E","B","G","3","0","0","Tot ostect-tibia/fibula","TRUE",
"7798","Y","N","B","G","3","0","0","Tot ostect-metatars/tars","TRUE",
"7799","Y","E","B","J","3","0","0","Total ostectomy NEC","TRUE",
"7800","Y","E","B","J","4","0","0","Bone graft NOS","TRUE",
"7801","Y","E","B","C","3","0","0","Bone graft to chest cage","TRUE",
"7802","Y","E","B","F","4","0","0","Bone graft to humerus","TRUE",
"7803","Y","N","B","F","4","0","0","Bone graft-radius/ulna","TRUE",
"7804","Y","E","B","F","2","0","0","Bone grft to metacar/car","TRUE",
"7805","Y","E","B","G","4","0","0","Bone graft to femur","TRUE",
"7806","Y","E","B","G","3","0","0","Bone graft to patella","TRUE",
"7807","Y","E","B","G","3","0","0","Bone graft-tibia/fibula","TRUE",
"7808","Y","E","B","G","3","0","0","Bone graft- metatar/tar","TRUE",
"7809","Y","E","B","J","3","0","0","Bone graft NEC","TRUE",
"7810","Y","E","B","J","2","0","0","Applic ext fix dev NOS","TRUE",
"7811","Y","E","B","C","2","0","0","Appl ext fix-chest cage","TRUE",
"7812","Y","E","B","G","2","0","0","Applic ext fix-humerus","TRUE",
"7813","Y","E","B","F","3","0","0","Appl ext fix-radius/ulna","TRUE",
"7814","Y","E","B","F","2","0","0","Appl ext fix-metacar/car","TRUE",
"7815","Y","E","B","G","4","0","0","Applic ext fix dev-femur","TRUE",
"7816","Y","E","B","G","3","0","0","Appl ext fix dev-patella","TRUE",
"7817","Y","E","B","G","4","0","0","Appl ext fix-tib/fibula","TRUE",
"7818","Y","E","B","G","3","0","0","Appl ext fix-metatar/tar","TRUE",
"7819","Y","E","B","J","3","0","0","Applic ext fix dev NEC","TRUE",
"7820","Y","E","B","-","3","0","0","Limb shorten proc NOS","TRUE",
"7822","Y","E","B","-","3","0","0","Limb short proc-humerus","TRUE",
"7823","Y","E","B","-","3","0","0","Limb shorten-radius/ulna","TRUE",
"7824","Y","E","B","-","2","0","0","Limb shorten-metacar/car","TRUE",
"7825","Y","E","B","-","3","0","0","Limb short proc-femur","TRUE",
"7827","Y","E","B","-","3","0","0","Limb shorten-tib/fibula","TRUE",
"7828","Y","E","B","-","2","0","0","Limb shorten-metatar/tar","TRUE",
"7829","Y","E","B","-","1","0","0","Limb shorten proc NEC","TRUE",
"7830","Y","E","B","-","2","0","0","Limb lengthen proc NOS","TRUE",
"7832","Y","E","B","-","3","0","0","Limb length proc-humerus","TRUE",
"7833","Y","E","B","-","3","0","0","Limb length-radius/uIna","TRUE",
"7834","Y","E","B","-","1","0","0","Limb length-metacar/car","TRUE",
"7835","Y","E","B","-","4","0","0","Limb length proc-femur","TRUE",
"7837","Y","E","B","-","4","0","0","Limb lengthen-tib/fibula","TRUE",
"7838","Y","E","B","-","1","0","0","Limb lengthn-metatar/tar","TRUE",
"7839","Y","E","B","-","3","0","0","Limb lengthen proc NEC","TRUE",
"7840","Y","E","B","J","3","0","0","Oth bone repair/plast op","TRUE",
"7841","Y","E","B","C","3","0","0","Oth chest cage rep/plast","TRUE",
"7842","Y","E","B","F","3","0","0","Oth humerus repair/plast","TRUE",
"7843","Y","E","B","F","3","0","0","Oth rad/uln repair/plast","TRUE",
"7844","Y","E","B","F","2","0","0","Oth metac/carp rep/plast","TRUE",
"7845","Y","E","B","G","4","0","0","Oth femur repair/plastic","TRUE",
"7846","Y","E","B","G","4","0","0","Oth patella repair/plast","TRUE",
"7847","Y","E","B","G","4","0","0","Oth tib/fib repair/plast","TRUE",
"7848","Y","E","B","G","3","0","0","Oth meta/tar repa/plast","TRUE",
"7849","Y","E","B","J","3","0","0","Oth bone repa/plast NEC","TRUE",
"7850","Y","E","B","J","3","0","0","Int fix w/o fx reduc NOS","TRUE",
"7851","Y","E","B","C","3","0","0","Int fixation-chest cage","TRUE",
"7852","Y","E","B","F","3","0","0","Int fixation-humerus","TRUE",
"7853","Y","E","B","F","3","0","0","Int fixation-radius/ulna","TRUE",
"7854","Y","E","B","F","2","0","0","Int fixation-metacar/car","TRUE",
"7855","Y","E","B","G","4","0","0","Internal fixation-femur","TRUE",
"7856","Y","E","B","G","4","0","0","Internal fix-patella","TRUE",
"7857","Y","E","B","G","4","0","0","Int fixation-tibia/fibul","TRUE",
"7858","Y","E","B","G","3","0","0","Int fixation-metatar/tar","TRUE",
"7859","Y","E","B","J","3","0","0","Int fix-no fx reduct NEC","TRUE",
"7860","Y","N","B","J","2","0","0","Remove imp device NOS","TRUE",
"7861","Y","N","B","C","2","0","0","Remov imp dev-chest cage","TRUE",
"7862","Y","N","B","F","2","0","0","Remove impi dev-humerus","TRUE",
"7863","Y","N","B","F","2","0","0","Remov imp dev-radius/uln","TRUE",
"7864","Y","N","B","F","2","0","0","Remov imp dev-metac/carp","TRUE",
"7865","Y","N","B","G","3","0","0","Remove imp device-femur","TRUE",
"7866","Y","N","B","G","2","0","0","Remov imp device-patella","TRUE",
"7867","Y","N","B","G","2","0","0","Remov imp dev-tib/fibula","TRUE",
"7868","Y","N","B","G","2","0","0","Remove imp dev-metat/tar","TRUE",
"7869","Y","N","B","J","2","0","0","Remove impi device NEC","TRUE",
"7870","Y","E","B","-","2","0","0","Osteoclasis NOS","TRUE",
"7871","Y","E","B","-","3","0","0","Osteoclasis-chest cage","TRUE",
"7872","Y","E","B","-","2","0","0","Osteoclasis-humerus","TRUE",
"7873","Y","E","B","-","3","0","0","Osteoclasis-radius/ulna","TRUE",
"7874","Y","E","B","-","2","0","0","Osteoclasis-metacar/car","TRUE",
"7875","Y","E","B","-","3","0","0","Osteoclasis-femur","TRUE",
"7876","Y","E","B","-","2","0","0","Osteoclasis-patella","TRUE",
"7877","Y","E","B","-","2","0","0","Osteoclasis-tibia/fibula","TRUE",
"7878","Y","E","B","-","2","0","0","Osteoclasis-metatar/tar","TRUE",
"7879","Y","E","B","-","2","0","0","Osteoclasis NEC","TRUE",
"7880","Y","E","B","-","2","0","0","Other bone dx proc NOS","TRUE",
"7881","Y","E","B","-","2","0","0","Oth dx proced-chest cage","TRUE",
"7882","Y","E","B","-","2","0","0","Oth dx proced-humerus","TRUE",
"7883","Y","E","B","-","2","0","0","Oth dx proc-radius/ulna","TRUE",
"7884","Y","E","B","-","2","0","0","Oth dx proc-metacar/car","TRUE",
"7885","Y","E","B","-","2","0","0","Oth dx proced-femur","TRUE",
"7886","Y","E","B","-","2","0","0","Oth dx proced-patella","TRUE",
"7887","Y","E","B","-","2","0","0","Oth dx proc-tibia/fibula","TRUE",
"7888","Y","E","B","-","2","0","0","Oth dx proc-metatar/tar","TRUE",
"7889","Y","E","B","-","2","0","0","Other bone dx proc NEC","TRUE",
"7890","Y","E","B","J","2","0","0","Insert bone stimul NOS","TRUE",
"7891","Y","E","B","C","2","0","0","Insert bone stimul-chest","TRUE",
"7892","Y","E","B","F","2","0","0","Insert bone stim-humerus","TRUE",
"7893","Y","E","B","F","2","0","0","Inser bone stim-rad/uIna","TRUE",
"7894","Y","E","B","F","2","0","0","Inser bone stim-meta/car","TRUE",
"7895","Y","E","B","G","2","0","0","Insert bone slim-femur","TRUE",
"7896","Y","E","B","G","2","0","0","Insert bone stim-patella","TRUE",
"7897","Y","E","B","G","2","0","0","Inser bone stim-tib/fib","TRUE",
"7898","Y","E","B","G","2","0","0","Inser bone stim-meta/tar","TRUE",
"7899","Y","E","B","J","1","0","0","Insert bone stimul NEC","TRUE",
"7900","P","U","B","-","0","0","0","Closed fx reduction NOS","FALSE",
"7901","P","U","B","-","0","0","0","Closed fx reduct humerus","TRUE",
"7902","P","U","B","-","0","0","0","Cl fx reduc-radius/ulna","TRUE",
"7903","P","U","B","-","0","0","0","Cl fx reduc-metacar/car","TRUE",
"7904","P","U","B","-","0","0","0","Cl fx reduc-finger","TRUE",
"7905","P","U","B","-","0","0","0","Cl fx reduc-femur","TRUE",
"7906","P","U","B","-","0","0","0","Cl fx reduc-tibia/fibula","TRUE",
"7907","P","U","B","-","0","0","0","Cl fx reduc-metatar/tar","TRUE",
"7908","P","U","B","-","0","0","0","Cl fx reduc-toe","TRUE",
"7909","P","U","B","-","0","0","0","Closed fx reduction NEC","TRUE",
"7910","Y","E","B","J","2","0","0","Cl fx reduc-int fix NOS","TRUE",
"7911","Y","E","B","F","2","0","0","Clos red-int fix humerus","TRUE",
"7912","Y","N","B","F","2","0","0","Cl red-int fix rad/ulna","TRUE",
"7913","Y","E","B","F","2","0","0","Cl red-int fix metac/car","TRUE",
"7914","Y","E","B","F","2","0","0","Close red-int fix finger","TRUE",
"7915","Y","E","B","G","4","0","0","Closed red-int fix femur","TRUE",
"7916","Y","E","B","G","4","0","0","Cl red-int fix tib/fibu","TRUE",
"7917","Y","E","B","G","3","0","0","Cl red-int fix metat/tar","TRUE",
"7918","Y","E","B","G","2","0","0","Close red-int fix toe fx","TRUE",
"7919","Y","E","B","J","3","0","0","Cl fx reduc-int fix NEC","TRUE",
"7920","Y","E","B","J","2","0","0","Open fx reduction NOS","TRUE",
"7921","Y","E","B","F","3","0","0","Open reduc-humerus fx","TRUE",
"7922","Y","E","B","F","3","0","0","Open reduc-radius/uln fx","TRUE",
"7923","Y","E","B","F","2","0","0","Open reduc-metac/car fx","TRUE",
"7924","Y","E","B","F","2","0","0","Open reduction-finger fx","TRUE",
"7925","Y","E","B","G","4","0","0","Open reduction-femur fx","TRUE",
"7926","Y","E","B","G","4","0","0","Open recluc-tibia/fib fx","TRUE",
"7927","Y","E","B","G","2","0","0","Open reduc-metat/tars fx","TRUE",
"7928","Y","E","B","G","2","0","0","Open reduction-toe fx","TRUE",
"7929","Y","E","B","J","2","0","0","Open fx reduction NEC","TRUE",
"7930","Y","E","B","J","3","0","0","Opn fx red w int fix NOS","TRUE",
"7931","Y","E","B","F","3","0","0","Open red-int fix humerus","TRUE",
"7932","Y","E","B","F","3","0","0","Op red-int fix rad/ulna","TRUE",
"7933","Y","E","B","F","3","0","0","Op red-int fix metac/car","TRUE",
"7934","Y","E","B","F","2","0","0","Open red-int fix finger","TRUE",
"7935","Y","E","B","G","4","0","0","Open reduc-int fix femur","TRUE",
"7936","Y","E","B","G","4","0","0","Op red-int fix tib/fibul","TRUE",
"7937","Y","E","B","G","3","0","0","Op red-int fix metat/tar","TRUE",
"7938","Y","E","B","G","3","0","0","Open reduct-int fix toe","TRUE",
"7939","Y","E","B","J","3","0","0","Opn fx red w int fix NEC","TRUE",
"7940","Y","E","B","J","2","0","0","Cls reduc-sep epiphy NOS","TRUE",
"7941","Y","E","B","F","1","0","0","Close red-humerus epiphy","TRUE",
"7942","Y","E","B","F","1","0","0","Cls red-radius/ul epiphy","TRUE",
"7945","Y","E","B","G","3","0","0","Close reduc-femur epiphy","TRUE",
"7946","Y","E","B","G","3","0","0","Cls red-tibia/fib epiphy","TRUE",
"7949","Y","E","B","J","1","0","0","Cls reduc-sep epiphy NEC","TRUE",
"7950","Y","E","B","J","1","0","0","Open red-sep epiphy NOS","TRUE",
"7951","Y","E","B","F","3","0","0","Opn red-sep epiphy-humer","TRUE",
"7952","Y","E","B","F","2","0","0","Op red-radius/uln epiphy","TRUE",
"7955","Y","E","B","F","4","0","0","Opn red-sep epiphy-femur","TRUE",
"7956","Y","E","B","F","2","0","0","Op red-tibia/fib epiphys","TRUE",
"7959","Y","E","B","J","2","0","0","Open red-sep epiphy NEC","TRUE",
"7960","Y","E","B","J","2","0","0","Open fx site debride NOS","TRUE",
"7961","Y","E","B","F","3","0","0","Debrid open fx-humerus","TRUE",
"7962","Y","E","B","F","3","0","0","Debrid open fx-radius/uln","TRUE",
"7963","Y","E","B","F","2","0","0","Debrid opn fx-metac/car","TRUE",
"7964","Y","E","B","F","1","0","0","Debrid opn fx-finger","TRUE",
"7965","Y","E","B","G","4","0","0","Debrid opn fx-femur","TRUE",
"7966","Y","E","B","G","3","0","0","Debrid opn fx-tibia/fib","TRUE",
"7967","Y","E","B","G","3","0","0","Debrid opn fx-metat/tar","TRUE",
"7968","Y","E","B","G","2","0","0","Debrid opn fx-toe","TRUE",
"7969","Y","E","B","J","2","0","0","Open fx site debride NEC","TRUE",
"7970","P","U","B","-","0","0","0","Cl reduc disloc NOS","TRUE",
"7971","P","U","B","-","0","0","0","Cl reduc disloc-shoulder","TRUE",
"7972","P","U","B","-","0","0","0","Cl reduc disloc-elbow","TRUE",
"7973","P","U","B","-","0","0","0","Cl reduc disloc-wrist","TRUE",
"7974","P","U","B","-","0","0","0","Cl reduc disloc-hand/fng","TRUE",
"7975","P","U","B","-","0","0","0","Cl reduc disloc-hip","TRUE",
"7976","P","U","B","-","0","0","0","Cl reduc disloc-knee","TRUE",
"7977","P","U","B","-","0","0","0","Cl reduc disloc-ankle","FALSE",
"7978","P","U","B","-","0","0","0","Cl reduc disloc-foot/toe","TRUE",
"7979","P","U","B","-","0","0","0","Cl reduc dislocation NEC","TRUE",
"7980","Y","E","B","J","3","0","0","Open reduc-dislocat NOS","TRUE",
"7981","Y","E","B","F","3","0","0","Opn reduc disloc-shouldr","TRUE",
"7982","Y","E","B","F","3","0","0","Open reduc-elbow disloc","TRUE",
"7983","Y","E","B","F","3","0","0","Open reduc-wrist disloc","TRUE",
"7984","Y","E","B","F","2","0","0","Opn reduc disloc-hand","TRUE",
"7985","Y","E","B","G","4","0","0","Open reduc-hip dislocat","TRUE",
"7986","Y","E","B","G","3","0","0","Open reduc-knee dislocat","TRUE",
"7987","Y","E","B","G","3","0","0","Open reduc-ankle disloc","TRUE",
"7988","Y","E","B","G","2","0","0","Opn reduc disloc-ft/toe","TRUE",
"7989","Y","E","B","J","2","0","0","Open reduc-dislocat NEC","TRUE",
"7990","Y","E","B","J","2","0","0","Unspec op bone inj NOS","TRUE",
"7991","Y","E","B","F","2","0","0","Humerus injury op NOS","TRUE",
"7992","Y","E","B","F","2","0","0","Radius/uIna inj op NOS","TRUE",
"7993","Y","E","B","F","1","0","0","Metacarp/earp inj op NOS","TRUE",
"7994","Y","E","B","F","1","0","0","Finger injury op NOS","TRUE",
"7995","Y","E","B","G","2","0","0","Femur injury op NOS","TRUE",
"7996","Y","E","B","G","2","0","0","Tibia/fibula inj op NOS","TRUE",
"7997","Y","E","B","G","2","0","0","Metatars/tars inj op NOS","TRUE",
"7998","Y","E","B","G","2","0","0","Toe injury operation NOS","TRUE",
"7999","Y","E","B","J","2","0","0","Unspec op-bone inj NEC","TRUE",
"8000","Y","E","B","-","1","0","0","Arthrot & pros remov NOS","TRUE",
"8001","Y","E","B","-","2","0","0","Arthrot/pros remov-shldr","TRUE",
"8002","Y","E","B","-","2","0","0","Arthrot/pros remov-elbow","TRUE",
"8003","Y","E","B","-","2","0","0","Arthrot/pros remov-wrist","TRUE",
"8004","Y","E","B","-","2","0","0","Arthrot/pros remov-hand","TRUE",
"8005","Y","E","B","-","4","0","0","Arthrot/pros remov-hip","TRUE",
"8006","Y","E","B","-","3","0","0","Arthrot/pros remov-knee","TRUE",
"8007","Y","E","B","-","2","0","0","Arthrot/pros remov-ankle","TRUE",
"8008","Y","E","B","-","2","0","0","Arthrot/pros remov-foot","TRUE",
"8009","Y","E","B","-","2","0","0","Arthrot & pros remov NEC","TRUE",
"8010","Y","E","B","J","2","0","0","Other arthrotomy NOS","TRUE",
"8011","Y","E","B","F","5","0","0","Oth arthrotomy-shoulder","TRUE",
"8012","Y","E","B","F","4","0","0","Oth arthrotomy-elbow","TRUE",
"8013","Y","E","B","F","4","0","0","Oth arthrotomy-wrist","TRUE",
"8014","Y","E","B","F","3","0","0","Oth arthrotomy-hand/fngr","TRUE",
"8015","Y","E","B","G","5","0","0","Oth arthrotomy-hip","TRUE",
"8016","Y","N","B","G","4","0","0","Oth arthrotomy-knee","TRUE",
"8017","Y","E","B","G","4","0","0","Oth arthrotomy-ankle","TRUE",
"8018","Y","N","B","G","2","0","0","Oth arthrotomy-foot/toe","TRUE",
"8019","Y","E","B","J","4","0","0","Other arthrotomy NEC","TRUE",
"8020","Y","E","B","J","2","0","0","Arthroscopy NOS","TRUE",
"8021","Y","E","B","F","4","0","0","Shoulder arthroscopy","TRUE",
"8022","Y","E","B","F","3","0","0","Elbow arthroscopy","TRUE",
"8023","Y","E","B","F","3","0","0","Wrist arthroscopy","TRUE",
"8024","Y","E","B","F","2","0","0","Hand & finger arthroscop","TRUE",
"8025","Y","E","B","G","3","0","0","Hip arthroscopy","TRUE",
"8026","Y","N","B","G","3","0","0","Knee arthroscopy","TRUE",
"8027","Y","E","B","G","3","0","0","Ankle arthroscopy","TRUE",
"8028","Y","E","B","G","2","0","0","Foot & toe arthroscopy","TRUE",
"8029","Y","E","B","J","1","0","0","Arthroscopy NEC","TRUE",
"8030","P","U","B","-","2","0","0","Joint biopsy NOS","TRUE",
"8031","P","U","B","-","3","0","0","Shoulder joint biopsy","TRUE",
"8032","P","U","B","-","2","0","0","Elbow joint biopsy","TRUE",
"8033","P","U","B","-","2","0","0","Wrist joint biopsy","TRUE",
"8034","P","U","B","-","1","0","0","Hand/finger joint biopsy","TRUE",
"8035","P","U","B","-","4","0","0","Hip joint biopsy","TRUE",
"8036","P","U","B","-","4","0","0","Knee joint biopsy","TRUE",
"8037","P","U","B","-","3","0","0","Ankle joint biopsy","TRUE",
"8038","P","U","B","-","2","0","0","Foot & toe joint biopsy","TRUE",
"8039","P","U","B","-","2","0","0","Joint biopsy NEC","TRUE",
"8040","Y","E","B","-","2","0","0","Jt structur division NOS","TRUE",
"8041","Y","E","B","-","3","0","0","Shoulder struct division","TRUE",
"8042","Y","E","B","-","3","0","0","Elbow structure division","TRUE",
"8043","Y","E","B","-","2","0","0","Wrist structure division","TRUE",
"8044","Y","E","B","-","2","0","0","Hand joint struct divis","TRUE",
"8045","Y","E","B","-","3","0","0","Hip structure division","TRUE",
"8046","Y","N","B","-","4","0","0","Knee structure division","TRUE",
"8047","Y","E","B","-","3","0","0","Ankle structure division","TRUE",
"8048","Y","E","B","-","3","0","0","Foot joint struct divis","TRUE",
"8049","Y","E","B","-","2","0","0","Jt structur division NEC","TRUE",
"8050","Y","E","B","E","2","0","0","Exc/dest intvrt disc NOS","TRUE",
"8051","Y","E","B","E","4","0","0","Excision intervert disc","TRUE",
"8052","P","U","B","-","0","0","0","Chemonucleolysis iv disc","FALSE",
"8053","Y","E","B","-","4","0","0","Rep anulus fibrosus-grft","TRUE",
"8054","Y","E","B","-","4","0","0","Rep anuls fibros NEC/NOS","TRUE",
"8059","Y","E","B","E","4","0","0","Oth exc/dest intvrt disc","TRUE",
"806","Y","N","B","G","3","0","0","Excis knee semilun cartl","TRUE",
"8070","Y","N","B","J","2","0","0","Synovectomy-site NOS","TRUE",
"8071","Y","N","B","F","4","0","0","Shoulder synovectomy","TRUE",
"8072","Y","N","B","F","3","0","0","Elbow synovectomy","TRUE",
"8073","Y","N","B","F","3","0","0","Wrist synovectomy","TRUE",
"8074","Y","N","B","F","2","0","0","Hand synovectomy","TRUE",
"8075","Y","N","B","G","4","0","0","Hip synovectomy","TRUE",
"8076","Y","N","B","G","4","0","0","Knee synovectomy","TRUE",
"8077","Y","N","B","G","3","0","0","Ankle synovectomy","TRUE",
"8078","Y","N","B","G","2","0","0","Foot synovectomy","TRUE",
"8079","Y","N","B","J","2","0","0","Synovectomy-site NEC","TRUE",
"8080","Y","E","B","J","2","0","0","Destruct joint les NOS","TRUE",
"8081","Y","E","B","F","4","0","0","Destruc-shoulder les NEC","TRUE",
"8082","Y","E","B","F","3","0","0","Destruc-elbow lesion NEC","TRUE",
"8083","Y","E","B","F","3","0","0","Destruc-wrist lesion NEC","TRUE",
"8084","Y","E","B","F","2","0","0","Destruc-hand jt les NEC","TRUE",
"8085","Y","E","B","G","5","0","0","Destruct-hip lesion NEC","TRUE",
"8086","Y","N","B","G","4","0","0","Destruct-knee lesion NEC","TRUE",
"8087","Y","E","B","G","4","0","0","Destruc-ankle lesion NEC","TRUE",
"8088","Y","N","B","G","2","0","0","Destruc-foot jt les NEC","TRUE",
"8089","Y","E","B","J","2","0","0","Destruct joint les NEC","TRUE",
"8090","Y","E","B","J","2","0","0","Excision of joint NOS","TRUE",
"8091","Y","E","B","F","3","0","0","Excision of shoulder NEC","TRUE",
"8092","Y","E","B","F","3","0","0","Excision of elbow NEC","TRUE",
"8093","Y","E","B","F","2","0","0","Excision of wrist NEC","TRUE",
"8094","Y","E","B","F","2","0","0","Excision hand joint NEC","TRUE",
"8095","Y","E","B","G","4","0","0","Excision of hip NEC","TRUE",
"8096","Y","E","B","G","3","0","0","Excision of knee NEC","TRUE",
"8097","Y","E","B","G","3","0","0","Excision of ankle NEC","TRUE",
"8098","Y","N","B","G","2","0","0","Excision foot joint NEC","TRUE",
"8099","Y","E","B","J","2","0","0","Excision of joint NEC","TRUE",
"8100","Y","E","B","E","5","0","0","Spinal fusion NOS","TRUE",
"8101","Y","E","B","E","6","0","0","Atlas-axis fusion","TRUE",
"8102","Y","E","B","E","5","0","0","Other cervical fus ant","TRUE",
"8103","Y","E","B","E","5","0","0","Other cervical fus post","TRUE",
"8104","Y","E","B","E","5","0","0","Dorsal/dorsolum fus ant","TRUE",
"8105","Y","E","B","E","5","0","0","Dorsal/dorsolum fus post","TRUE",
"8106","Y","E","B","E","5","0","0","Lumbar/lumbosac fus ant","TRUE",
"8107","Y","E","B","E","5","0","0","Lumbar/lumbosac fus lat","TRUE",
"8108","Y","E","B","E","5","0","0","Lumbar/lumbosac fus post","TRUE",
"8111","Y","E","B","G","4","0","0","Ankle fusion","TRUE",
"8112","Y","E","B","G","4","0","0","Triple arthrodesis","TRUE",
"8113","Y","E","B","G","3","0","0","Subtalar fusion","TRUE",
"8114","Y","E","B","G","3","0","0","Midtarsal fusion","TRUE",
"8115","Y","E","B","G","2","0","0","Tarsometatarsal fusion","TRUE",
"8116","Y","E","B","G","3","0","0","Metatarsophalangeal fus","TRUE",
"8117","Y","E","B","G","3","0","0","Other fusion of foot","TRUE",
"8118","Y",,"B","G","3","0","0","SUBTALR JT ARTHROEREISIS","TRUE",
"8120","Y","E","B","J","3","0","0","Arthrodesis NOS","TRUE",
"8121","Y","E","B","G","4","0","0","Arthrodesis of hip","TRUE",
"8122","Y","E","B","G","4","0","0","Arthrodesis of knee","TRUE",
"8123","Y","E","B","F","3","0","0","Arthrodesis of shoulder","TRUE",
"8124","Y","E","B","F","3","0","0","Arthrodesis of elbow","TRUE",
"8125","Y","E","B","F","3","0","0","Carporadial fusion","TRUE",
"8126","Y","E","B","F","3","0","0","Metacarpocarpal fusion","TRUE",
"8127","Y","E","B","F","3","0","0","Metacarpophalangeal fus","TRUE",
"8128","Y","E","B","F","3","0","0","Interphalangeal fusion","TRUE",
"8129","Y","E","B","J","3","0","0","Arthrodesis NEC","TRUE",
"8130","Y","E","B","E","5","0","0","Spinal refusion NOS","TRUE",
"8131","Y","E","B","E","5","0","0","Refusion of atlas-axis","TRUE",
"8132","Y","E","B","E","5","0","0","Refusion of oth cerv ant","TRUE",
"8133","Y","E","B","E","5","0","0","Refus of oth cerv post","TRUE",
"8134","Y","E","B","E","5","0","0","Refusion of dorsal ant","TRUE",
"8135","Y","E","B","E","5","0","0","Refusion of dorsal post","TRUE",
"8136","Y","E","B","E","5","0","0","Refusion of lumbar ant","TRUE",
"8137","Y","E","B","E","5","0","0","Refusion of lumbar lat","TRUE",
"8138","Y","E","B","E","5","0","0","Refusion of lumbar post","TRUE",
"8139","Y","E","B","E","4","0","0","Refusion of spine NEC","TRUE",
"8140","Y","E","B","G","5","0","0","Repair of hip, NEC","TRUE",
"8142","Y","E","B","G","4","0","0","Five-in-one knee repair","TRUE",
"8143","Y","E","B","G","4","0","0","Triad knee repair","TRUE",
"8144","Y","E","B","G","4","0","0","Patellar stabilization","TRUE",
"8145","Y","E","B","G","4","0","0","Cruciate lig repair NEC","TRUE",
"8146","Y","E","B","G","4","0","0","Collaterl lig repair NEC","TRUE",
"8147","Y","E","B","G","4","0","0","Other repair of knee","TRUE",
"8149","Y","E","B","G","3","0","0","Other repair of ankle","TRUE",
"8151","Y","E","B","G","5","0","1","Total hip replacement","TRUE",
"8152","Y","E","B","G","5","0","1","Partial hip replacement","TRUE",
"8153","Y","E","B","G","5","0","1","Revise hip replacement","TRUE",
"8154","Y","E","B","G","5","0","1","Total knee replacement","TRUE",
"8155","Y","E","B","G","5","0","1","Revise knee replacement","TRUE",
"8156","Y","E","B","G","5","0","1","Total ankle replacement","TRUE",
"8157","Y","N","B","G","3","0","0","Repl joint of foot, toe","TRUE",
"8159","Y","E","B","G","5","0","0","Rev jt repl low ext NEC","TRUE",
"8161","Y","E","B","E","0","0","0","360 SPINAL FUSION","TRUE",
"8162","N","U","B","-","0","0","0","Fus/refus 2-3 vertebrae","FALSE",
"8163","N","U","B","-","0","0","0","Fus/refus 4-8 vertebrae","FALSE",
"8164","N","U","B","-","0","0","0","Fus/refus 9 vertebrae","FALSE",
"8165","Y","E","B","-","4","0","0","Vertebroplasty","TRUE",
"8166","Y","E","B","-","4","0","0","Kyphoplasty","TRUE",
"8171","Y","E","B","F","3","0","0","Arthroplas metacarp wit","TRUE",
"8172","Y","E","B","F","3","0","0","Arthroplasty metacar w/o","TRUE",
"8173","Y","E","B","F","4","0","0","Total wrist replacement","TRUE",
"8174","Y","E","B","F","2","0","0","Arthroplasty carpal wit","TRUE",
"8175","Y","E","B","F","2","0","0","Arthroplasty carpal w/o","TRUE",
"8179","Y","E","B","F","2","0","0","Oth repair han/fin/wris","TRUE",
"8180","Y","E","B","F","5","0","0","Total shoulder replace","TRUE",
"8181","Y","E","B","F","5","0","0","Partial shoulder replace","TRUE",
"8182","Y","E","B","-","4","0","0","Rep recur shlder disloc","TRUE",
"8183","Y","N","B","F","4","0","0","Shoulder arthroplast NEC","TRUE",
"8184","Y","E","B","F","4","0","0","Total elbow replacement","TRUE",
"8185","Y","E","B","F","3","0","0","Elbow arthroplasty NEC","TRUE",
"8191","N","U","B","-","0","0","0","Arthrocentesis","TRUE",
"8192","P","U","B","-","0","0","0","Injection into joint","FALSE",
"8193","Y","E","B","F","3","0","0","Sutur capsul/ligamen arm","TRUE",
"8194","Y","E","B","G","2","0","0","Suture capsul/lig ank/ft","TRUE",
"8195","Y","E","B","G","2","0","0","Sutur capsul/lig leg NEC","TRUE",
"8196","Y","E","B","-","3","0","0","Other repair of joint","TRUE",
"8197","Y","E","B","F","3","0","0","Rev jt repI upper extrem","TRUE",
"8198","Y","E","B","-","2","0","0","Other joint dx procedure","TRUE",
"8199","Y","E","B","-","2","0","0","Joint structure op NEC","TRUE",
"8201","Y","N","B","F","1","0","0","Explor tend sheath-hand","TRUE",
"8202","Y","E","B","F","2","0","0","Myotomy of hand","TRUE",
"8203","Y","E","B","F","2","0","0","Bursotomy of hand","TRUE",
"8204",,,"B","-","0","0","0","I & D PALMAR/THENAR SPAC+","FALSE",
"8209","Y","N","B","F","2","0","0","Inc soft tissue hand NEC","TRUE",
"8211","Y","N","B","F","2","0","0","Tenotomy of hand","TRUE",
"8212","Y","E","B","F","4","0","0","Fasciotomy of hand","TRUE",
"8219","Y","E","B","F","2","0","0","Div soft tissue hand NEC","TRUE",
"8221","Y","N","B","F","1","0","0","Exc les tend sheath hand","TRUE",
"8222","Y","E","B","F","2","0","0","Excision hand muscle les","TRUE",
"8229","Y","N","B","F","2","0","0","Exc les sft tiss hnd NEC","TRUE",
"8231","Y","E","B","F","1","0","0","Bursectomy of hand","TRUE",
"8232","Y","E","B","F","2","0","0","Excis hand tend for grft","TRUE",
"8233","Y","E","B","F","2","0","0","Hand tenonectomy NEC","TRUE",
"8234","Y","E","B","F","2","0","0","Exc hnd mus/fas for grft","TRUE",
"8235","Y","E","B","F","2","0","0","Hand fasciectomy NEC","TRUE",
"8236","Y","E","B","F","2","0","0","Other myectomy of hand","TRUE",
"8239","Y","E","B","F","2","0","0","Hand soft tissue exc NEC","TRUE",
"8241","Y","N","B","F","2","0","0","Suture tendn sheath hand","TRUE",
"8242","Y","E","B","F","2","0","0","Delay sut flex tend hand","TRUE",
"8243","Y","E","B","F","2","0","0","Delay sut hand tend NEC","TRUE",
"8244","Y","E","B","F","2","0","0","Sutur flex tend hand NEC","TRUE",
"8245","Y","N","B","F","2","0","0","Suture hand tendon NEC","TRUE",
"8246","Y","N","B","F","1","0","0","Suture hand muscle/fasc","TRUE",
"8251","Y","E","B","F","2","0","0","Hand tendon advancement","TRUE",
"8252","Y","E","B","F","2","0","0","Hand tendon recession","TRUE",
"8253","Y","E","B","F","2","0","0","Hand tendon reattachment","TRUE",
"8254","Y","E","B","F","2","0","0","Hand muscle reattachment","TRUE",
"8255","Y","E","B","F","2","0","0","Chng hnd mus/ten Ing NEC","TRUE",
"8256","Y","E","B","F","3","0","0","Transplant hand tend NEC","TRUE",
"8257","Y","E","B","F","2","0","0","Transposit hand tend NEC","TRUE",
"8258","Y","E","B","F","2","0","0","Transplant hand musc NEC","TRUE",
"8259","Y","E","B","F","2","0","0","Transposit hand musc NEC","TRUE",
"8261","Y","E","B","F","2","0","0","Pollicization operation","TRUE",
"8269","Y","E","B","F","2","0","0","Thumb reconstruction NEC","TRUE",
"8271","Y","E","B","F","3","0","0","Hand tend pulley reconst","TRUE",
"8272","Y","E","B","F","2","0","0","Plast op hnd-mus/fas grf","TRUE",
"8279","Y","E","B","F","3","0","0","Plast op hand w grft NEC","TRUE",
"8281","Y","E","B","F","3","0","0","Transfer of finger","TRUE",
"8282","Y","E","B","-","2","0","0","Repair of cleft hand","TRUE",
"8283","Y","E","B","-","2","0","0","Repair of macrodactyly","TRUE",
"8284","Y","E","B","-","2","0","0","Repair of mallet finger","TRUE",
"8285","Y","E","B","F","2","0","0","Other tenodesis of hand","TRUE",
"8286","Y","E","B","F","2","0","0","Other tenoplasty of hand","TRUE",
"8289","Y","E","B","F","2","0","0","Hand plastic op NEC","TRUE",
"8291","Y","E","B","F","2","0","0","Lysis of hand adhesions","TRUE",
"8292","P","U","B","-","0","0","0","Aspiration bursa of hand","FALSE",
"8293","P","U","B","-","0","0","0","Aspir soft tiss hand NEC","FALSE",
"8294","P","U","B","-","0","0","0","Inject bursa of hand","FALSE",
"8295","P","U","B","-","0","0","0","Inject tendon of hand","FALSE",
"8296","P","U","B","-","0","0","0","Hand sft tissu injec NEC","FALSE",
"8299","Y","E","B","F","2","0","0","Hand mus/ten/fas/ops NEC","TRUE",
"8301","Y","N","B","J","3","0","0","Tendon sheath explorat","TRUE",
"8302","Y","N","B","J","3","0","0","Myotomy","TRUE",
"8303","Y","N","B","J","2","0","0","Bursotomy","TRUE",
"8309","Y","N","B","J","2","0","0","Soft tissue incision NEC","TRUE",
"8311","Y","E","B","G","2","0","0","Achillotenotomy","TRUE",
"8312","Y","E","B","G","3","0","0","Adductor tenotomy of hip","TRUE",
"8313","Y","N","B","J","2","0","0","Other tenotomy","TRUE",
"8314","Y","E","B","J","4","0","0","Fasciotomy","TRUE",
"8319","Y","N","B","J","2","0","0","Soft tissue division NEC","TRUE",
"8321","Y","N","B","-","3","0","0","Soft tissue biopsy","TRUE",
"8329","Y","E","B","-","2","0","0","Soft tissue dx proc NEC","TRUE",
"8331","Y","E","B","-","1","0","0","Excis les tendon sheath","TRUE",
"8332","Y","N","B","-","2","0","0","Excis lesion of muscle","TRUE",
"8339","Y","N","B","-","2","0","0","Exc les soft tissue NEC","TRUE",
"8341","Y","E","B","-","2","0","0","Tendon excision for grft","TRUE",
"8342","Y","E","B","-","2","0","0","Other tenonectomy","TRUE",
"8343","Y","E","B","-","2","0","0","Musc/fasc excis for grft","TRUE",
"8344","Y","E","B","-","4","0","0","Other fasciectomy","TRUE",
"8345","Y","E","B","-","2","0","0","Other myectomy","TRUE",
"8349","Y","E","B","-","2","0","0","Other soft tissue excis","TRUE",
"835","Y","N","B","-","2","0","0","Bursectomy","TRUE",
"8361","Y","N","B","J","2","0","0","Tendon sheath suture","TRUE",
"8362","Y","N","B","J","2","0","0","Delayed tendon suture","TRUE",
"8363","Y","N","B","F","4","0","0","Rotator cuff repair","TRUE",
"8364","Y","N","B","J","2","0","0","Other suture of tendon","TRUE",
"8365","Y","N","B","J","2","0","0","Other muscle/fasc suture","TRUE",
"8371","Y","E","B","J","2","0","0","Tendon advancement","TRUE",
"8372","Y","E","B","J","2","0","0","Tendon recession","TRUE",
"8373","Y","E","B","J","2","0","0","Tendon reattachment","TRUE",
"8374","Y","E","B","J","3","0","0","Muscle reattachment","TRUE",
"8375","Y","E","B","J","3","0","0","Tendon trnsfr/transplant","TRUE",
"8376","Y","E","B","J","3","0","0","Other tendon transposit","TRUE",
"8377","Y","E","B","J","4","0","0","Muscle trnsfr/transplant","TRUE",
"8379","Y","E","B","J","3","0","0","Other muscle transposit","TRUE",
"8381","Y","E","B","J","3","0","0","Tendon graft","TRUE",
"8382","Y","E","B","J","2","0","0","Muscle or fascia graft","TRUE",
"8383","Y","E","B","J","3","0","0","Tendon pulley reconstruc","TRUE",
"8384","Y","E","B","-","3","0","0","Clubfoot release NEC","TRUE",
"8385","Y","E","B","-","3","0","0","Musc/tend Ing change","TRUE",
"8386","Y","E","B","G","4","0","0","Quadricepsplasty","TRUE",
"8387","Y","E","B","-","2","0","0","Other plastic ops muscle","TRUE",
"8388","Y","E","B","-","2","0","0","Other plastic ops tendon","TRUE",
"8389","Y","E","B","-","3","0","0","Other plastic ops fascia","TRUE",
"8391","Y","E","B","-","2","0","0","Adhesiolysis mus/ten/fas","TRUE",
"8392","Y","E","B","-","2","0","0","Insert skel musc stimula","TRUE",
"8393","Y","E","B","-","2","0","0","Remov skel musc stimulat","TRUE",
"8394","P","U","B","-","0","0","0","Aspiration of bursa","FALSE",
"8395","P","U","B","-","0","0","0","Soft tissue aspirat NEC","FALSE",
"8396","P","U","B","-","0","0","0","Injection into bursa","TRUE",
"8397","P","U","B","-","0","0","0","Injection into tendon","FALSE",
"8398","P","U","B","-","0","0","0","Soft tissue inject NEC","FALSE",
"8399","Y","E","B","-","2","0","0","Mus/ten/fas/bur op NEC","TRUE",
"8400","Y","E","B","F","2","0","0","Upper limb ampulat NOS","TRUE",
"8401","Y","N","B","F","2","0","0","Finger amputation","TRUE",
"8402","Y","E","B","F","2","0","0","Thumb amputation","TRUE",
"8403","Y","E","B","F","4","0","0","Amputation through hand","TRUE",
"8404","Y","E","B","F","3","0","0","Disarticulation of wrist","TRUE",
"8405","Y","E","B","F","4","0","0","Amputation thru forearm","TRUE",
"8406","Y","E","B","F","4","0","0","Disarticulation of elbow","TRUE",
"8407","Y","E","B","F","4","0","0","Amputation thru humerus","TRUE",
"8408","Y","E","B","F","5","0","0","Shoulder disarticulation","TRUE",
"8409","Y","E","B","F","4","0","0","Forequarter amputation","TRUE",
"8410","Y","E","B","G","3","0","0","Lower limb amputat NOS","TRUE",
"8411","Y","E","B","G","4","0","0","Toe amputation","TRUE",
"8412","Y","E","B","G","4","0","0","Amputation through foot","TRUE",
"8413","Y","E","B","G","4","0","0","Disarticulation of ankle","TRUE",
"8414","Y","E","B","G","4","0","0","Amputat through malleoli","TRUE",
"8415","Y","E","B","G","5","0","0","Below knee amputat NEC","TRUE",
"8416","Y","E","B","G","5","0","0","Disarticulation of knee","TRUE",
"8417","Y","E","B","G","5","0","0","Above knee amputation","TRUE",
"8418","Y","E","B","G","6","0","0","Disarticulation of hip","TRUE",
"8419","Y","E","B","G","5","0","0","Hindquarter amputation","TRUE",
"8421","Y","E","B","F","5","0","0","Thumb reattachment","TRUE",
"8422","Y","E","B","F","5","0","0","Finger reattachment","TRUE",
"8423","Y","E","B","F","5","0","0","Forearm/wrist/hand reatt","TRUE",
"8424","Y","E","B","F","5","0","0","Upper arm reattachment","TRUE",
"8425","Y","E","B","G","3","0","0","Toe reattachment","TRUE",
"8426","Y","E","B","G","5","0","0","Foot reattachment","TRUE",
"8427","Y","E","B","G","5","0","0","Lower leg/ankle reattach","TRUE",
"8428","Y","E","B","G","6","0","0","Thigh reattachment","TRUE",
"8429","Y","E","B","J","2","0","0","Reattachment NEC","TRUE",
"843","Y","E","B","J","2","0","0","Amputation stump revis","TRUE",
"8440","Y","E","B","-","2","0","0","Implnt/fit pros limb NOS","TRUE",
"8441","P","U","B","-","0","0","0","Fit up arm/should prosth","FALSE",
"8442","P","U","B","-","0","0","0","Fit lo arm/hand prosthes","FALSE",
"8443","P","U","B","-","0","0","0","Fit arm prosthesis NOS","FALSE",
"8444","Y","E","B","F","3","0","0","Implant arm prosthesis","TRUE",
"8445","P","U","B","-","0","0","0","Fit above knee prosthes","FALSE",
"8446","P","U","B","-","0","0","0","Fit below knee prosthes","FALSE",
"8447","P","U","B","-","0","0","0","Fit leg prosthesis NOS","FALSE",
"8448","Y","E","B","G","3","0","0","Implant leg prosthesis","TRUE",
"8451","N","U","B","-","0","0","0","Ins spinal fusion device","FALSE",
"8452","N","U","B","-","0","0","0","Insert recombinant bmp","FALSE",
"8453","N","U","B","-","0","0","0","Imp limb length kinetic","FALSE",
"8454","N","U","B","-","0","0","0","Impl other limb length","FALSE",
"8455","N","U","B","-","0","0","0","Ins bone void filler","FALSE",
"8456","N",,"B","-","0","0","0","INSERTION CEMENT SPACER","FALSE",
"8457","N",,"B","-","0","0","0","REMOVAL OF CEMENT SPACER","FALSE",
"8458","Y",,"B","E","0","0","0","IMP INTRSPINE DECOMP DEV","TRUE",
"8459","N","U","B","-","0","0","0","Insert othr spin device","TRUE",
"8460","Y","E","B","-","3","0","0","Insert disc pros NOS","TRUE",
"8461","Y","E","B","-","3","0","0","Ins part disc pros cerv","TRUE",
"8462","Y","E","B","-","4","0","0","Ins tot disc prost cerv","TRUE",
"8463","Y","E","B","-","4","0","0","Ins spin disc pros thor","TRUE",
"8464","Y","E","B","-","4","0","0","Ins part disc pros lumb","TRUE",
"8465","Y","E","B","-","4","0","0","Ins totl disc pros lumb","TRUE",
"8466","Y","E","B","-","4","0","0","Revise disc prost cerv","TRUE",
"8467","Y","E","B","-","4","0","0","Revise disc prost thora","TRUE",
"8468","Y","E","B","-","4","0","0","Revise disc prosth lumb","TRUE",
"8469","Y","E","B","-","3","0","0","Revise disc prosth NOS","TRUE",
"8471","N",,"B","-","0","0","0","APP EXT FIX DEV-MONOPLAN","FALSE",
"8472","N",,"B","-","0","0","0","APP EXT FIX DEV-RING SYS","FALSE",
"8473","N",,"B","-","0","0","0","APP HYBRID EXT FIX DEV","FALSE",
"8480","Y",,"B","E","2","0","0","Ins/repl interspine dev","TRUE",
"8481","Y","E","B","J","2","0","0","Rev interspine device","TRUE",
"8482","N","U","B","-","0","0","0","Ins/repl pdcl stabil dev","TRUE",
"8483","Y","E","B","J","4","0","0","Rev pedcl dyn stabil dev","TRUE",
"8484","N","U","B","-","0","0","0","Ins/repl facet replc dev","TRUE",
"8485","Y","E","B","J","2","0","0","Rev facet replace device","TRUE",
"8491","Y","E","B","J","2","0","0","Amputation NOS","TRUE",
"8492","Y","E","B","-","5","0","0","Separat equal join twin","TRUE",
"8493","Y","E","B","-","5","0","0","Separat unequi join twin","TRUE",
"8499","Y","E","B","-","1","0","0","Musculoskeletal op NEC","TRUE",
"850","P","U","B","-","0","0","0","Mastotomy","FALSE",
"8511","P","U","B","-","0","0","0","Closed breast biopsy","TRUE",
"8512","Y","N","B","-","2","0","0","Open breast biopsy","TRUE",
"8519","P","U","B","-","0","0","0","Breast dx procedure NEC","FALSE",
"8520","Y","N","B","-","2","0","0","Breast tissu destruc NOS","TRUE",
"8521","Y","N","B","-","2","0","0","Local excis breast les","TRUE",
"8522","Y","E","B","-","3","0","0","Quadrant resect breast","TRUE",
"8523","Y","N","B","-","3","0","0","Subtotal mastectomy","TRUE",
"8524","Y","E","B","-","3","0","0","Exc ectopic breast tissu","TRUE",
"8525","Y","E","B","-","2","0","0","Excision of nipple","TRUE",
"8531","Y","E","B","-","3","0","0","Unilat reduct mammoplast","TRUE",
"8532","Y","E","B","-","4","0","0","Bilat reduct mammoplasty","TRUE",
"8533","Y","E","B","-","3","0","0","Unil subq mammect-implnt","TRUE",
"8534","Y","E","B","-","3","0","0","Unilat subq mammect NEC","TRUE",
"8535","Y","E","B","-","3","0","0","Bil subq mammect-implant","TRUE",
"8536","Y","E","B","-","3","0","0","Bilat subq mammectom NEC","TRUE",
"8541","Y","E","B","-","3","0","0","Unilat simple mastectomy","TRUE",
"8542","Y","E","B","-","4","0","0","Bilat simple mastectomy","TRUE",
"8543","Y","E","B","-","4","0","0","Unilat exten simp mastec","TRUE",
"8544","Y","E","B","-","4","0","0","Bilat extend simp mastec","TRUE",
"8545","Y","E","B","-","4","0","0","Unilat radical mastectom","TRUE",
"8546","Y","E","B","-","4","0","0","Bilat radical mastectomy","TRUE",
"8547","Y","E","B","-","4","0","0","Unil ext rad mastectomy","TRUE",
"8548","Y","E","B","-","4","0","0","Bil exten rad mastectomy","TRUE",
"8550","Y","N","B","-","2","0","0","Augment mammoplasty NOS","TRUE",
"8551","P","U","B","-","0","0","0","Unil breast injec-augmen","FALSE",
"8552","P","U","B","-","0","0","0","Bil breast injec-augment","FALSE",
"8553","Y","N","B","-","2","0","0","Unilat breast implant","TRUE",
"8554","Y","N","B","-","2","0","0","Bilateral breast implant","TRUE",
"856","Y","E","B","-","2","0","0","Mastopexy","TRUE",
"857","Y","E","B","-","2","0","0","Total breast reconstruct","TRUE",
"8570","Y","E","B","-","2","0","0","Tot reconst breast NOS","TRUE",
"8571","Y","E","B","-","2","0","0","Latiss dorsi myocut flap","TRUE",
"8572","Y","E","B","-","2","0","0","TRAM flap, pedicled","TRUE",
"8573","Y","E","B","-","2","0","0","TRAM flap, free","TRUE",
"8574","Y","E","B","-","2","0","0","DIEP flap, free","TRUE",
"8575","Y","E","B","-","2","0","0","SIEA flap, free","TRUE",
"8576","Y","E","B","-","2","0","0","GAP flap, free","TRUE",
"8579","Y","E","B","-","2","0","0","Tot reconst breast NEC","TRUE",
"8581","P","U","B","-","0","0","0","Suture breast laceration","TRUE",
"8582","Y","E","B","H","3","0","0","Breast split-thick graft","TRUE",
"8583","Y","E","B","H","3","0","0","Breast full-thick graft","TRUE",
"8584","Y","E","B","H","3","0","0","Breast pedicle graft","TRUE",
"8585","Y","E","B","H","3","0","0","Breast muscle flap graft","TRUE",
"8586","Y","E","B","-","3","0","0","Transposition of nipple","TRUE",
"8587","Y","E","B","-","2","0","0","Nipple repair NEC","TRUE",
"8589","Y","E","B","-","2","0","0","Mammoplasty NEC","TRUE",
"8591","P","U","B","-","0","0","0","Aspiration of breast","TRUE",
"8592","P","U","B","-","0","0","0","Breast injection","FALSE",
"8593","Y","N","B","-","2","0","0","Breast implant revision","TRUE",
"8594","Y","N","B","-","2","0","0","Breast implant removal","TRUE",
"8595","Y","N","B","-","2","0","0","Inser breast tissu expan","TRUE",
"8596","Y","N","B","-","2","0","0","Remov breast tissu expan","TRUE",
"8599","Y","N","B","-","2","0","0","Breast operation NEC","TRUE",
"8601","P","U","B","-","0","0","0","Aspiration skin & subq","FALSE",
"8602","P","U","B","-","0","0","0","Skin defect tattooing","FALSE",
"8603","P","U","B","-","0","0","0","Incision pilonidal sinus","FALSE",
"8604","P","U","B","-","0","0","0","Other skin & subq I&D","FALSE",
"8605","P","U","B","-","0","0","0","Skin incis & FB removal","TRUE",
"8606","Y","E","B","-","0","0","0","Insert infusion pump","TRUE",
"8607","N","U","B","-","0","0","0","Insert vasc access dev","TRUE",
"8609","N","U","B","-","0","0","0","Skin & subq incision NEC","TRUE",
"8611","N","U","B","-","0","0","0","Skin & subq biopsy","TRUE",
"8619","P","U","B","-","0","0","0","Skin & subq dx proc NEC","FALSE",
"8621","Y","N","B","-","2","0","0","Excision of pilonid cyst","TRUE",
"8622","Y","E","B","H","4","0","4","Exc wound debridement","TRUE",
"8623","P","U","B","-","0","0","0","Nail removal","TRUE",
"8624","P","U","B","-","0","0","0","Skin chemosurgery","FALSE",
"8625","Y","N","B","-","3","0","0","Dermabrasion","TRUE",
"8626","P","U","B","-","0","0","0","Ligation dermal appendag","FALSE",
"8627","P","U","B","-","0","0","0","Debridement of nail","TRUE",
"8628","P","U","B","-","0","0","0","Nonexcis debridement wnd","FALSE",
"863","N","U","B","-","0","0","0","Other local destruc skin","TRUE",
"864","Y","N","B","-","3","0","0","Radical excis skin les","TRUE",
"8651","P","U","B","-","0","0","0","Replantation of scalp","FALSE",
"8659","N","U","B","-","0","0","0","Skin closure NEC","TRUE",
"8660","Y","N","B","H","4","0","0","Free skin graft NOS","TRUE",
"8661","Y","E","B","H","3","0","0","Full-thick hand skin grf","TRUE",
"8662","Y","N","B","H","3","0","0","Hand skin graft NEC","TRUE",
"8663","Y","E","B","H","4","0","0","Full-thick skin grft NEC","TRUE",
"8664","P","U","B","-","0","0","0","Hair transplant","FALSE",
"8665","Y","N","B","H","3","0","0","Heterograft to skin","TRUE",
"8666","Y","E","B","H","3","0","0","Homograft to skin","TRUE",
"8667","Y","E","B","H","3","0","0","Dermal rener graft","TRUE",
"8669","Y","E","B","H","4","0","0","Free skin graft NEC","TRUE",
"8670","Y","E","B","H","4","0","0","Pedicle graft/flap NOS","TRUE",
"8671","Y","E","B","H","4","0","0","Cut & prep pedicle graft","TRUE",
"8672","Y","E","B","H","4","0","0","Pedicle graft advancemen","TRUE",
"8673","Y","E","B","H","2","0","0","Attach pedicle to hand","TRUE",
"8674","Y","E","B","H","4","0","0","Attach pedicle graft NEC","TRUE",
"8675","Y","E","B","H","4","0","0","Revision of pedicle grft","TRUE",
"8681","Y","E","B","-","3","0","0","Repair facial weakness","TRUE",
"8682","Y","N","B","-","2","0","0","Facial rhytidectomy","TRUE",
"8683","Y","N","B","-","2","0","0","Size reduct plastic op","TRUE",
"8684","Y","N","B","-","2","0","0","Relaxation of scar","TRUE",
"8685","Y","E","B","-","3","0","0","Syndactyly correction","TRUE",
"8686","Y","E","B","-","1","0","0","Onychoplasty","TRUE",
"8689","Y","N","B","H","2","0","0","Skin repair & plasty NEC","TRUE",
"8691","Y","E","B","H","4","0","0","Skin excision for graft","TRUE",
"8692","P","U","B","-","0","0","0","Epilation of skin","FALSE",
"8693","Y","E","B","H","3","0","0","Insert tissue expander","TRUE",
"8694","Y","E","B","-","2","0","0","Ins/repl single pul gen","TRUE",
"8695","Y","E","B","-","2","0","0","Ins/repl dual pulse gen","TRUE",
"8696","Y","E","B","-","2","0","0","Insert/repl oth neurost","TRUE",
"8697","Y",,"B","-","2","0","0","INS/REP 1 PUL GEN,RECHRG","TRUE",
"8698","Y",,"B","-","2","0","0","INS/REP 2 PUL GEN,RECHRG","TRUE",
"8699","P","U","B","-","0","0","0","Skin & subq op NEC","FALSE",
"8701","P","U","B","-","0","0","0","Pneumoencephalogram","TRUE",
"8702","P","U","B","-","0","0","0","Brain/skull contrst xray","TRUE",
"8703","P","U","B","-","0","0","0","C.A.T. scan of head","TRUE",
"8704","P","U","B","-","0","0","0","Head tomography NEC","TRUE",
"8705","P","U","B","-","0","0","0","Contrast dacryocystogram","FALSE",
"8706","P","U","B","-","0","0","0","Nasophary contrast x-ray","TRUE",
"8707","P","U","B","-","0","0","0","Contrast laryngogram","FALSE",
"8708","P","U","B","-","0","0","0","Cervical lymphangiogram","FALSE",
"8709","P","U","B","-","0","0","0","Head soft tiss x-ray NEC","FALSE",
"8711","P","U","B","-","0","0","0","Full-mouth x-ray","FALSE",
"8712","P","U","B","-","0","0","0","Dental x-ray NEC","FALSE",
"8713","P","U","B","-","0","0","0","TM contrast arthrogram","FALSE",
"8714","P","U","B","-","0","0","0","Contrast x-ray of orbit","TRUE",
"8715","P","U","B","-","0","0","0","Contrast x-ray of sinus","TRUE",
"8716","P","U","B","-","0","0","0","Facial bone x-ray NEC","FALSE",
"8717","P","U","B","-","0","0","0","Skull x-ray NEC","FALSE",
"8721","P","U","B","-","0","0","0","Contrast myelogram","TRUE",
"8722","P","U","B","-","0","0","0","Cervical spine x-ray NEC","FALSE",
"8723","P","U","B","-","0","0","0","Thoracic spine x-ray NEC","FALSE",
"8724","P","U","B","-","0","0","0","Lumbosac spine x-ray NEC","FALSE",
"8729","P","U","B","-","0","0","0","Spinal x-ray NEC","FALSE",
"8731","P","U","B","-","0","0","0","Endotracheal bronchogram","FALSE",
"8732","P","U","B","-","0","0","0","Contrast bronchogram NEC","FALSE",
"8733","P","U","B","-","0","0","0","Mediastinal pneumogram","FALSE",
"8734","P","U","B","-","0","0","0","Intrathor lymphangiogram","FALSE",
"8735","P","U","B","-","0","0","0","Contr mammary ductogram","TRUE",
"8736","P","U","B","-","0","0","0","Breast xerography","TRUE",
"8737","P","U","B","-","0","0","0","Mammography NEC","TRUE",
"8738","P","U","B","-","0","0","0","Chest wall sinogram","FALSE",
"8739","P","U","B","-","0","0","0","Thorax sft tiss xray NEC","FALSE",
"8741","P","U","B","-","0","0","0","C.A.T. scan of thorax","TRUE",
"8742","P","U","B","-","0","0","0","Thoracic tomography NEC","FALSE",
"8743","P","U","B","-","0","0","0","Rib/sternum/clavic x-ray","FALSE",
"8744","P","U","B","-","0","0","0","Routine chest x-ray","FALSE",
"8749","P","U","B","-","0","0","0","Chest x-ray NEC","FALSE",
"8751","P","U","B","-","0","0","0","Perc hepat cholangiogram","TRUE",
"8752","P","U","B","-","0","0","0","Intraven cholangiogram","TRUE",
"8753","Y","N","B","D","0","0","0","Intraoper cholangiogram","TRUE",
"8754","P","U","B","-","0","0","0","Cholangiogram NEC","TRUE",
"8759","P","U","B","-","0","0","0","Biliary tract x-ray NEC","TRUE",
"8761","P","U","B","-","0","0","0","Barium swallow","TRUE",
"8762","P","U","B","-","0","0","0","Upper GI series","TRUE",
"8763","P","U","B","-","0","0","0","Small bowel series","TRUE",
"8764","P","U","B","-","0","0","0","Lower GI series","TRUE",
"8765","P","U","B","-","0","0","0","Intestinal x-ray NEC","TRUE",
"8766","P","U","B","-","0","0","0","Contrast pancreatogram","TRUE",
"8769","P","U","B","-","0","0","0","Digestive tract xray NEC","FALSE",
"8771","P","U","B","-","0","0","0","C.A.T. scan of kidney","TRUE",
"8772","P","U","B","-","0","0","0","Nephrotomogram NEC","TRUE",
"8773","P","U","B","-","0","0","0","Intravenous pyelogram","TRUE",
"8774","Y","N","B","D","2","0","0","Retrograde pyelogram","TRUE",
"8775","P","U","B","-","0","0","0","Percutaneous pyelogram","TRUE",
"8776","P","U","B","-","0","0","0","Retrogr cystourethrogram","TRUE",
"8777","P","U","B","-","0","0","0","Cystogram NEC","TRUE",
"8778","P","U","B","-","0","0","0","Ileal conduitogram","FALSE",
"8779","P","U","B","-","0","0","0","Urinary system x-ray NEC","FALSE",
"8781","P","U","F","-","0","0","0","X-ray of gravid uterus","FALSE",
"8782","P","U","F","-","0","0","0","Gas hysterosalpingogram","FALSE",
"8783","P","U","F","-","0","0","0","Dye hysterosalpingogram","FALSE",
"8784","P","U","F","-","0","0","0","Percutaneous hysterogram","FALSE",
"8785","P","U","F","-","0","0","0","Tube & uterus x-ray NEC","FALSE",
"8789","P","U","F","-","0","0","0","Female genital x-ray NEC","FALSE",
"8791","P","U","M","-","0","0","0","Contr semin vesiculogram","TRUE",
"8792","P","U","M","-","0","0","0","Prostat/sem ves xray NEC","FALSE",
"8793","P","U","M","-","0","0","0","Contrast epididymogram","TRUE",
"8794","P","U","M","-","0","0","0","Contrast vasogram","FALSE",
"8795","P","U","M","-","0","0","0","Epididymis/vas x-ray NEC","FALSE",
"8799","P","U","M","-","0","0","0","Male genital x-ray NEC","FALSE",
"8801","P","U","B","-","0","0","0","C.A.T. scan of abdomen","TRUE",
"8802","P","U","B","-","0","0","0","Abdominal tomography NEC","TRUE",
"8803","P","U","B","-","0","0","0","Abdominal wall sinogram","FALSE",
"8804","P","U","B","-","0","0","0","Abdominal lymphangiogram","TRUE",
"8809","P","U","B","-","0","0","0","Abdominal wall x-ray NEC","FALSE",
"8811","P","U","B","-","0","0","0","Pelvic dye contrast xray","FALSE",
"8812","P","U","B","-","0","0","0","Pelvic gas contrast xray","FALSE",
"8813","P","U","B","-","0","0","0","Periton pneumogram NEC","FALSE",
"8814","P","U","B","-","0","0","0","Retroperiton fistulogram","FALSE",
"8815","P","U","B","-","0","0","0","Retroperiton pneumogram","FALSE",
"8816","P","U","B","-","0","0","0","Retroperitoneal xray NEC","FALSE",
"8819","P","U","B","-","0","0","0","Abdominal x-ray NEC","FALSE",
"8821","P","U","B","-","0","0","0","Skl xray-shoulder/up arm","FALSE",
"8822","P","U","B","-","0","0","0","Skel xray-elbow/forearm","FALSE",
"8823","P","U","B","-","0","0","0","Skel xray-wrist & hand","FALSE",
"8824","P","U","B","-","0","0","0","Skel xray-upper limb NOS","FALSE",
"8825","P","U","B","-","0","0","0","Pelvimetry","FALSE",
"8826","P","U","B","-","0","0","0","Skel xray-pelvis/hip NEC","FALSE",
"8827","P","U","B","-","0","0","0","Skel xray-thigh/knee/leg","FALSE",
"8828","P","U","B","-","0","0","0","Skel xray-ankle & foot","FALSE",
"8829","P","U","B","-","0","0","0","Skel xray-lower limb NOS","FALSE",
"8831","P","U","B","-","0","0","0","Skeletal series x-ray","FALSE",
"8832","P","U","B","-","0","0","0","Contrast arthrogram","FALSE",
"8833","P","U","B","-","0","0","0","Other skeletal x-ray","FALSE",
"8834","P","U","B","-","0","0","0","Upper limb lymphangiogrm","TRUE",
"8835","P","U","B","-","0","0","0","Up limb sft tis xray NEC","FALSE",
"8836","P","U","B","-","0","0","0","Lower limb lymphangiogrm","TRUE",
"8837","P","U","B","-","0","0","0","Lo limb sft tis xray NEC","FALSE",
"8838","P","U","B","-","0","0","0","Other C.A.T. scan","TRUE",
"8839","P","U","B","-","0","0","0","X-ray NEC and NOS","FALSE",
"8840","P","U","B","-","0","0","0","Contrast arteriogram NOS","FALSE",
"8841","P","U","B","-","0","0","0","Contr cerebr arteriogram","TRUE",
"8842","P","U","B","-","0","0","0","Contrast aortogram","FALSE",
"8843","P","U","B","-","0","0","0","Contr pulmon arteriogram","FALSE",
"8844","P","U","B","-","0","0","0","Contr thor arteriogr NEC","FALSE",
"8845","P","U","B","-","0","0","0","Contrast renal arteriogr","TRUE",
"8846","P","U","B","-","0","0","0","Contrast placentogram","FALSE",
"8847","P","U","B","-","0","0","0","Contr abd arteriogrm NEC","TRUE",
"8848","P","U","B","-","0","0","0","Contrast arteriogram-leg","TRUE",
"8849","P","U","B","-","0","0","0","Contrast arteriogram NEC","FALSE",
"8850","P","U","B","-","0","0","0","Angiocardiography NOS","FALSE",
"8851","P","U","B","-","0","0","0","Vena cav angiocardiogram","FALSE",
"8852","N","U","B","-","0","0","0","Rt heart angiocardiogram","TRUE",
"8853","N","U","B","-","0","0","0","Lt heart angiocardiogram","TRUE",
"8854","N","U","B","-","0","0","0","Rt & It heart angiocard","TRUE",
"8855","N","U","B","-","0","0","0","Coronar arteriogr-1 cath","TRUE",
"8856","N","U","B","-","0","0","0","Coronar arteriogr-2 cath","TRUE",
"8857","N","U","B","-","0","0","0","Coronary arteriogram NEC","TRUE",
"8858","N","U","B","-","0","0","0","Negatve-contr cardiogram","TRUE",
"8859","P","U","B","-","0","0","0","Intra-op fluor vasc angi","FALSE",
"8860","P","U","B","-","0","0","0","Contrast phlebogram NOS","FALSE",
"8861","P","U","B","-","0","0","0","Contr phlebogram-hd/neck","TRUE",
"8862","P","U","B","-","0","0","0","Contr phlebogram-pulmon","FALSE",
"8863","P","U","B","-","0","0","0","Thorac contr phlebog NEC","FALSE",
"8864","P","U","B","-","0","0","0","Portal contr phlebogram","TRUE",
"8865","P","U","B","-","0","0","0","Abd contr phlebogram NEC","TRUE",
"8866","P","U","B","-","0","0","0","Contrast phlebogram-leg","FALSE",
"8867","P","U","B","-","0","0","0","Contrast phlebogram NEC","FALSE",
"8868","P","U","B","-","0","0","0","Impedance phlebogram","FALSE",
"8871","N","U","B","-","0","0","0","Diag US of head & neck","TRUE",
"8872","N","U","B","-","0","0","0","Diag US of heart","TRUE",
"8873","P","U","B","-","0","0","0","Dx ultrasound-thorax NEC","TRUE",
"8874","P","U","B","-","0","0","0","Dx ultrasound-digestive","TRUE",
"8875","P","U","B","-","0","0","0","Dx ultrasound-urinary","TRUE",
"8876","P","U","B","-","0","0","0","Dx ultrasound-abdomen","TRUE",
"8877","P","U","B","-","0","0","0","Dx ultrasound-vascular","FALSE",
"8878","P","U","F","-","0","0","0","Dx ultrasound-grav uter","FALSE",
"8879","P","U","B","-","0","0","0","Dx ultrasound NEC","TRUE",
"8881","P","U","B","-","0","0","0","Cerebral thermography","FALSE",
"8882","P","U","B","-","0","0","0","Ocular thermography","FALSE",
"8883","P","U","B","-","0","0","0","Bone thermography","FALSE",
"8884","P","U","B","-","0","0","0","Muscle thermography","FALSE",
"8885","P","U","B","-","0","0","0","Breast thermography","FALSE",
"8886","P","U","B","-","0","0","0","Blood vessel thermograph","FALSE",
"8889","P","U","B","-","0","0","0","Thermography NEC","FALSE",
"8890","P","U","B","-","0","0","0","Diagnostic imaging NOS","FALSE",
"8891","P","U","B","-","0","0","0","Mri of brain & brainstem","TRUE",
"8892","P","U","B","-","0","0","0","Mri chest & heart","TRUE",
"8893","P","U","B","-","0","0","0","Mri spinal canal","TRUE",
"8894","P","U","B","-","0","0","0","Mri musculoskeletal","TRUE",
"8895","P","U","B","-","0","0","0","Mri pelvis,prostate,blad","TRUE",
"8896","N","U","B","-","0","0","0","Oth intraop mag res imag","FALSE",
"8897","P","U","B","-","0","0","0","Magnetic res image unsp","TRUE",
"8898","P","U","B","-","0","0","0","Bone mineral density","FALSE",
"8901","P","U","B","-","0","0","0","Brief interview & evalua","FALSE",
"8902","P","U","B","-","0","0","0","Limited interview/evalua","FALSE",
"8903","P","U","B","-","0","0","0","Comprehen interview/eval","FALSE",
"8904","P","U","B","-","0","0","0","Interview & evaluat NEC","FALSE",
"8905","P","U","B","-","0","0","0","Interview & evaluat NOS","FALSE",
"8906","P","U","B","-","0","0","0","Limited consultation","FALSE",
"8907","P","U","B","-","0","0","0","Comprehensive consultat","FALSE",
"8908","P","U","B","-","0","0","0","Consultation NEC","FALSE",
"8909","P","U","B","-","0","0","0","Consultation NOS","FALSE",
"8910","P","U","B","-","0","0","0","Intracarot amobarb test","FALSE",
"8911","P","U","B","-","0","0","0","Tonometry","FALSE",
"8912","P","U","B","-","0","0","0","Nasal function study","FALSE",
"8913","P","U","B","-","0","0","0","Neurologic examination","FALSE",
"8914","P","U","B","-","0","0","0","Electroencephalogram","FALSE",
"8915","P","U","B","-","0","0","0","Neurologic func test NEC","FALSE",
"8916","P","U","B","-","0","0","0","Skull transilluminat","FALSE",
"8917","P","U","B","-","0","0","0","Polysomnogram","FALSE",
"8918","P","U","B","-","0","0","0","Oth sleep dis funct test","FALSE",
"8919","P","U","B","-","0","0","0","Video/radio eeg monitor","FALSE",
"8921","P","U","B","-","0","0","0","Urinary manometry","FALSE",
"8922","P","U","B","-","0","0","0","Cystometrogram","FALSE",
"8923","P","U","B","-","0","0","0","Urethral sphincter emg","FALSE",
"8924","P","U","B","-","0","0","0","Uroflowmetry","FALSE",
"8925","P","U","B","-","0","0","0","Urethral pressure profil","FALSE",
"8926","P","U","F","-","0","0","0","Gynecologic examination","FALSE",
"8929","P","U","B","-","0","0","0","Other GU system exams","FALSE",
"8931","P","U","B","-","0","0","0","Dental examination","FALSE",
"8932","P","U","B","-","0","0","0","Esophageal manometry","FALSE",
"8933","P","U","B","-","0","0","0","Digital enterostomy exam","FALSE",
"8934","P","U","B","-","0","0","0","Digital rectal exam","FALSE",
"8935","P","U","B","-","0","0","0","Nasal sinus transillumin","FALSE",
"8936","P","U","B","-","0","0","0","Manual exam of breast","FALSE",
"8937","P","U","B","-","0","0","0","Vital capacity determin","FALSE",
"8938","P","U","B","-","0","0","0","Respiratory measure NEC","FALSE",
"8939","P","U","B","-","0","0","0","Nonoperative exams NEC","FALSE",
"8941","P","U","B","-","0","0","0","Treadmill stress test","FALSE",
"8942","P","U","B","-","0","0","0","Masters' 2-step test","FALSE",
"8943","P","U","B","-","0","0","0","Bicycle ergometer test","FALSE",
"8944","P","U","B","-","0","0","0","Cardiac stress test NEC","FALSE",
"8945","P","U","B","-","0","0","0","Pacemaker rate check","FALSE",
"8946","P","U","B","-","0","0","0","Pacemaker wave form chck","FALSE",
"8947","P","U","B","-","0","0","0","Pacemaker impedance chck","FALSE",
"8948","P","U","B","-","0","0","0","Pacemaker volt threshold","FALSE",
"8949","N","U","B","-","0","0","0","Aicd check","FALSE",
"8950","P","U","B","-","0","0","0","Ambu cardiac monitoring","FALSE",
"8951","P","U","B","-","0","0","0","Rhythm electrocardiogram","FALSE",
"8952","P","U","B","-","0","0","0","Electrocardiogram","FALSE",
"8953","P","U","B","-","0","0","0","Vectorcardiogram","FALSE",
"8954","P","U","B","-","0","0","0","Electrocardiograph monit","FALSE",
"8955","P","U","B","-","0","0","0","Phonocardiogram","FALSE",
"8956","P","U","B","-","0","0","0","Carotid pulse tracing","FALSE",
"8957","P","U","B","-","0","0","0","Apexcardiogram","FALSE",
"8958","P","U","B","-","0","0","0","Plethysmogram","FALSE",
"8959","P","U","B","-","0","0","0","Nonop cardiac/vasc exam","FALSE",
"8960","N","U","B","-","0","0","0","Cnt intraart bld gas mon","FALSE",
"8961","P","U","B","-","0","0","0","Arterial pressure monit","FALSE",
"8962","P","U","B","-","0","0","0","CVP monitoring","FALSE",
"8963","P","U","B","-","0","0","0","Pulmon art press monitor","FALSE",
"8964","N","U","B","-","0","0","0","Pulmon art wedge monitor","TRUE",
"8965","P","U","B","-","0","0","0","Arterial bld gas measure","FALSE",
"8966","P","U","B","-","0","0","0","Mix venous bld gas meas","FALSE",
"8967","P","U","B","-","0","0","0","Oxygen consumption monit","FALSE",
"8968","P","U","B","-","0","0","0","Oth cardiac mon output","FALSE",
"8969","P","U","B","-","0","0","0","Coronary bld flow monit","FALSE",
"897","P","U","B","-","0","0","0","General physical exam","FALSE",
"898","P","U","B","-","0","0","0","Autopsy","FALSE",
"9001","P","U","B","-","0","0","0","Bact smear-nervous syst","FALSE",
"9002","P","U","B","-","0","0","0","Culture-nervous syst","FALSE",
"9003","P","U","B","-","0","0","0","C&S-nervous syst","FALSE",
"9004","P","U","B","-","0","0","0","Parasitology-nerv syst","FALSE",
"9005","P","U","B","-","0","0","0","Toxicology-nervous syst","FALSE",
"9006","P","U","B","-","0","0","0","Cell blk/pap-nervous sys","FALSE",
"9009","P","U","B","-","0","0","0","Micro exam-nervous NEC","FALSE",
"9011","P","U","B","-","0","0","0","Bact smear-endocrine","FALSE",
"9012","P","U","B","-","0","0","0","Culture-endocrine","FALSE",
"9013","P","U","B","-","0","0","0","C&S-endocrine","FALSE",
"9014","P","U","B","-","0","0","0","Parasitology-endocrine","FALSE",
"9015","P","U","B","-","0","0","0","Toxicology-endocrine","FALSE",
"9016","P","U","B","-","0","0","0","Cell block/pap-endocrine","FALSE",
"9019","P","U","B","-","0","0","0","Micro exam-endocrine NEC","FALSE",
"9021","P","U","B","-","0","0","0","Bact smear-eye","FALSE",
"9022","P","U","B","-","0","0","0","Culture-eye","FALSE",
"9023","P","U","B","-","0","0","0","C&S-eye","FALSE",
"9024","P","U","B","-","0","0","0","Parasitology-eye","FALSE",
"9025","P","U","B","-","0","0","0","Toxicology-eye","FALSE",
"9026","P","U","B","-","0","0","0","Cell block/pap-eye","FALSE",
"9029","P","U","B","-","0","0","0","Micro exam-eye NEC","FALSE",
"9031","P","U","B","-","0","0","0","Bact smear-ent/larynx","FALSE",
"9032","P","U","B","-","0","0","0","Culture-ent/larynx","FALSE",
"9033","P","U","B","-","0","0","0","C&S-ent/larynx","FALSE",
"9034","P","U","B","-","0","0","0","Parasitology-ent/larynx","FALSE",
"9035","P","U","B","-","0","0","0","Toxicology-ent/larynx","FALSE",
"9036","P","U","B","-","0","0","0","Cell block/pap-ent/laryn","FALSE",
"9039","P","U","B","-","0","0","0","Micro exam-ent/laryn NEC","FALSE",
"9041","P","U","B","-","0","0","0","Bact smear-lower resp","FALSE",
"9042","P","U","B","-","0","0","0","Culture-lower resp","FALSE",
"9043","P","U","B","-","0","0","0","C&S-lower resp","FALSE",
"9044","P","U","B","-","0","0","0","Parasitology-lower resp","FALSE",
"9045","P","U","B","-","0","0","0","Toxicology-lower resp","FALSE",
"9046","P","U","B","-","0","0","0","Cell block/pap-lowr resp","FALSE",
"9049","P","U","B","-","0","0","0","Micro exam-lowr resp NEC","FALSE",
"9051","P","U","B","-","0","0","0","Bact smear-blood","FALSE",
"9052","P","U","B","-","0","0","0","Culture-blood","FALSE",
"9053","P","U","B","-","0","0","0","C&S-blood","FALSE",
"9054","P","U","B","-","0","0","0","Parasitology-blood","FALSE",
"9055","P","U","B","-","0","0","0","Toxicology-blood","FALSE",
"9056","P","U","B","-","0","0","0","Cell block/pap-blood","FALSE",
"9059","P","U","B","-","0","0","0","Micro exam-blood NEC","FALSE",
"9061","P","U","B","-","0","0","0","Bact smear-spleen/marrow","FALSE",
"9062","P","U","B","-","0","0","0","Culture-spleen/marrow","FALSE",
"9063","P","U","B","-","0","0","0","C&S-spleen/marrow","FALSE",
"9064","P","U","B","-","0","0","0","Parasitol-spleen/marrow","FALSE",
"9065","P","U","B","-","0","0","0","Toxicology-spleen/marrow","FALSE",
"9066","P","U","B","-","0","0","0","Cell blk/pap-spleen/marr","FALSE",
"9069","P","U","B","-","0","0","0","Micro exam-spln/marr NEC","FALSE",
"9071","P","U","B","-","0","0","0","Bact smear-lymph system","FALSE",
"9072","P","U","B","-","0","0","0","Culture-lymph system","FALSE",
"9073","P","U","B","-","0","0","0","C&S-lymph system","FALSE",
"9074","P","U","B","-","0","0","0","Parasitology-lymph sys","FALSE",
"9075","P","U","B","-","0","0","0","Toxicology-lymph system","FALSE",
"9076","P","U","B","-","0","0","0","Cell blk/pap-lymph sys","FALSE",
"9079","P","U","B","-","0","0","0","Micro exam-lymph sys NEC","FALSE",
"9081","P","U","B","-","0","0","0","Bact smear-upper GI","FALSE",
"9082","P","U","B","-","0","0","0","Culture-upper GI","FALSE",
"9083","P","U","B","-","0","0","0","C&S-upper GI","FALSE",
"9084","P","U","B","-","0","0","0","Parasitology-upper GI","FALSE",
"9085","P","U","B","-","0","0","0","Toxicology-upper GI","FALSE",
"9086","P","U","B","-","0","0","0","Cell blk/pap-upper GI","FALSE",
"9089","P","U","B","-","0","0","0","Micro exam-upper GI NEC","FALSE",
"9091","P","U","B","-","0","0","0","Bact smear-lower GI","FALSE",
"9092","P","U","B","-","0","0","0","Culture-lower GI","FALSE",
"9093","P","U","B","-","0","0","0","C&S-lower GI","FALSE",
"9094","P","U","B","-","0","0","0","Parasitology-lower GI","FALSE",
"9095","P","U","B","-","0","0","0","Toxicology-lower GI","FALSE",
"9096","P","U","B","-","0","0","0","Cell blk/pap-lower GI","FALSE",
"9099","P","U","B","-","0","0","0","Micro exam-lower GI NEC","FALSE",
"9101","P","U","B","-","0","0","0","Bact smear-bili/pancreas","FALSE",
"9102","P","U","B","-","0","0","0","Culture-bili/pancreas","FALSE",
"9103","P","U","B","-","0","0","0","C&S-bili/pancreas","FALSE",
"9104","P","U","B","-","0","0","0","Parasitology-bili/pancr","FALSE",
"9105","P","U","B","-","0","0","0","Toxicology-bili/pancreas","FALSE",
"9106","P","U","B","-","0","0","0","Cell blk/pap-bili/pancre","FALSE",
"9109","P","U","B","-","0","0","0","Micro exam-bili/panc NEC","FALSE",
"9111","P","U","B","-","0","0","0","Bact smear-peritoneum","FALSE",
"9112","P","U","B","-","0","0","0","Culture-peritoneum","FALSE",
"9113","P","U","B","-","0","0","0","C&S-peritoneum","FALSE",
"9114","P","U","B","-","0","0","0","Parasitology-peritoneum","FALSE",
"9115","P","U","B","-","0","0","0","Toxicology-peritoneum","FALSE",
"9116","P","U","B","-","0","0","0","Cell blk/pap-peritoneum","FALSE",
"9119","P","U","B","-","0","0","0","Micro exam-periton NEC","FALSE",
"9121","P","U","B","-","0","0","0","Bact smear-upper urinary","FALSE",
"9122","P","U","B","-","0","0","0","Culture-upper urinary","FALSE",
"9123","P","U","B","-","0","0","0","C&S-upper urinary","FALSE",
"9124","P","U","B","-","0","0","0","Parasitology-upper urin","FALSE",
"9125","P","U","B","-","0","0","0","Toxicology-upper urinary","FALSE",
"9126","P","U","B","-","0","0","0","Cell blk/pap-upper urin","FALSE",
"9129","P","U","B","-","0","0","0","Micro exam-uppr urin NEC","FALSE",
"9131","P","U","B","-","0","0","0","Bact smear-lower urinary","FALSE",
"9132","P","U","B","-","0","0","0","Culture-lower urinary","FALSE",
"9133","P","U","B","-","0","0","0","C&S-lower urinary","FALSE",
"9134","P","U","B","-","0","0","0","Parasitlolgy-lower urin","FALSE",
"9135","P","U","B","-","0","0","0","Toxicology-lower urinary","FALSE",
"9136","P","U","B","-","0","0","0","Cell blk/pap-lower urin","FALSE",
"9139","P","U","B","-","0","0","0","Micro exam-low urin NEC","FALSE",
"9141","P","U","F","-","0","0","0","Bact smear-female genit","FALSE",
"9142","P","U","F","-","0","0","0","Culture-female genital","FALSE",
"9143","P","U","F","-","0","0","0","C&S-female genital","FALSE",
"9144","P","U","F","-","0","0","0","Parasitology-female gen","FALSE",
"9145","P","U","F","-","0","0","0","Toxicology-female genit","FALSE",
"9146","P","U","F","-","0","0","0","Cell blk/pap-female gen","FALSE",
"9149","P","U","F","-","0","0","0","Micro exam-femal gen NEC","FALSE",
"9151","P","U","B","-","0","0","0","Bact smear-musculoskel","FALSE",
"9152","P","U","B","-","0","0","0","Culture-musculoskeletal","FALSE",
"9153","P","U","B","-","0","0","0","C&S-musculoskeletal","FALSE",
"9154","P","U","B","-","0","0","0","Parasitology-musculoskel","FALSE",
"9155","P","U","B","-","0","0","0","Toxicology-musculoskel","FALSE",
"9156","P","U","B","-","0","0","0","Cell blk/pap-musculoskel","FALSE",
"9159","P","U","B","-","0","0","0","Micro exam-musculosk NEC","FALSE",
"9161","P","U","B","-","0","0","0","Bact smear-integument","FALSE",
"9162","P","U","B","-","0","0","0","Culture-integument","FALSE",
"9163","P","U","B","-","0","0","0","C&S-integument","FALSE",
"9164","P","U","B","-","0","0","0","Parasitology-integument","FALSE",
"9165","P","U","B","-","0","0","0","Toxicology-integument","FALSE",
"9166","P","U","B","-","0","0","0","Cell blk/pap-integument","FALSE",
"9169","P","U","B","-","0","0","0","Micro exam-integumen NEC","FALSE",
"9171","P","U","B","-","0","0","0","Bact smear-op wound","FALSE",
"9172","P","U","B","-","0","0","0","Culture-op wound","FALSE",
"9173","P","U","B","-","0","0","0","C&S-op wound","FALSE",
"9174","P","U","B","-","0","0","0","Parasitology-op wound","FALSE",
"9175","P","U","B","-","0","0","0","Toxicology-op wound","FALSE",
"9176","P","U","B","-","0","0","0","Cell blk/pap-op wound","FALSE",
"9179","P","U","B","-","0","0","0","Micro exam-op wound NEC","FALSE",
"9181","P","U","B","-","0","0","0","Bact smear NEC","FALSE",
"9182","P","U","B","-","0","0","0","Culture NEC","FALSE",
"9183","P","U","B","-","0","0","0","C&S NEC","FALSE",
"9184","P","U","B","-","0","0","0","Parasitology NEC","FALSE",
"9185","P","U","B","-","0","0","0","Toxicology NEC","FALSE",
"9186","P","U","B","-","0","0","0","Cell blk/pap NEC","FALSE",
"9189","P","U","B","-","0","0","0","Micro exam NEC","FALSE",
"9191","P","U","B","-","0","0","0","Bact smear NOS","FALSE",
"9192","P","U","B","-","0","0","0","Culture NOS","FALSE",
"9193","P","U","B","-","0","0","0","C&S NOS","FALSE",
"9194","P","U","B","-","0","0","0","Parasitology NOS","FALSE",
"9195","P","U","B","-","0","0","0","Toxicology NOS","FALSE",
"9196","P","U","B","-","0","0","0","Cell blk/pap NOS","FALSE",
"9199","P","U","B","-","0","0","0","Micro exam NOS","FALSE",
"9201","P","U","B","-","0","0","0","Thyroid scan/isotop func","FALSE",
"9202","P","U","B","-","0","0","0","Liver scan/isotope funct","TRUE",
"9203","P","U","B","-","0","0","0","Renal scan/isotope funct","FALSE",
"9204","P","U","B","-","0","0","0","Gi scan & isotope funct","TRUE",
"9205","P","U","B","-","0","0","0","C-vasc scan/isotop funct","FALSE",
"9209","P","U","B","-","0","0","0","Other isotope function","FALSE",
"9211","P","U","B","-","0","0","0","Cerebral scan","TRUE",
"9212","P","U","B","-","0","0","0","Head scan NEC","TRUE",
"9213","P","U","B","-","0","0","0","Parathyroid scan","FALSE",
"9214","P","U","B","-","0","0","0","Bone scan","TRUE",
"9215","P","U","B","-","0","0","0","Pulmonary scan","FALSE",
"9216","P","U","B","-","0","0","0","Lymphatic system scan","TRUE",
"9217","P","U","B","-","0","0","0","Placental scan","FALSE",
"9218","P","U","B","-","0","0","0","Total body scan","TRUE",
"9219","P","U","B","-","0","0","0","Scan of other sites","FALSE",
"9220","N",,"B","-","0","0","0","INF LIQUID BRACHY ISOTOP","FALSE",
"9221","P","U","B","-","0","0","0","Superficial radiation","FALSE",
"9222","P","U","B","-","0","0","0","Orthovoltage radiation","FALSE",
"9223","P","U","B","-","0","0","0","Radioisot teleradiother","TRUE",
"9224","P","U","B","-","0","0","0","Teleradio using photons","TRUE",
"9225","P","U","B","-","0","0","0","Electron teleradiotherap","TRUE",
"9226","P","U","B","-","0","0","0","Particul teleradioth NEC","FALSE",
"9227","P","U","B","-","0","0","0","Radioactive elem implant","TRUE",
"9228","P","U","B","-","0","0","0","Isotope inject/instill","TRUE",
"9229","P","U","B","-","0","0","0","Radiotherapeut proc NEC","TRUE",
"9230","N","U","B","-","0","0","0","Stereo radiosurgery NOS","TRUE",
"9231","N","U","B","-","0","0","0","Sing source radiosurgery","TRUE",
"9232","N","U","B","-","0","0","0","Multisource radiosurgery","TRUE",
"9233","N","U","B","-","0","0","0","Particulate radiosurgery","TRUE",
"9239","N","U","B","-","0","0","0","Stereo radiosurgery NEC","TRUE",
"9241","P","U","B","-","0","0","0","Intra-op electron rad rx","TRUE",
"9301","P","U","B","-","0","0","0","Functional PT evaluation","FALSE",
"9302","P","U","B","-","0","0","0","Orthotic evaluation","FALSE",
"9303","P","U","B","-","0","0","0","Prosthetic evaluation","FALSE",
"9304","P","U","B","-","0","0","0","Manual muscle funct test","FALSE",
"9305","P","U","B","-","0","0","0","Range of motion testing","FALSE",
"9306","P","U","B","-","0","0","0","Limb length measurement","FALSE",
"9307","P","U","B","-","0","0","0","Body measurement","FALSE",
"9308","P","U","B","-","0","0","0","Electromyography","FALSE",
"9309","P","U","B","-","0","0","0","Other dx PT procedure","FALSE",
"9311","P","U","B","-","0","0","0","Assisting exercise","FALSE",
"9312","P","U","B","-","0","0","0","Activ musculosk exer NEC","FALSE",
"9313","P","U","B","-","0","0","0","Resistive exercise","FALSE",
"9314","P","U","B","-","0","0","0","Joint movement training","FALSE",
"9315","P","U","B","-","0","0","0","Mobilization of spine","FALSE",
"9316","P","U","B","-","0","0","0","Other joint mobilization","FALSE",
"9317","P","U","B","-","0","0","0","Pass musculosk exer NEC","FALSE",
"9318","P","U","B","-","0","0","0","Pt breathing exercise","FALSE",
"9319","P","U","B","-","0","0","0","Pt exercise NEC","FALSE",
"9321","P","U","B","-","0","0","0","Manual & mechan traction","FALSE",
"9322","P","U","B","-","0","0","0","Ambulat & gait training","FALSE",
"9323","P","U","B","-","0","0","0","Orthotic device fitting","FALSE",
"9324","P","U","B","-","0","0","0","Prosthet/orthot training","FALSE",
"9325","P","U","B","-","0","0","0","Forced limb extension","FALSE",
"9326","P","U","B","-","0","0","0","Manual rupt joint adhes","FALSE",
"9327","P","U","B","-","0","0","0","Musc or tend stretching","FALSE",
"9328","P","U","B","-","0","0","0","Stretching of fascia","FALSE",
"9329","P","U","B","-","0","0","0","Forcib correct defor NEC","FALSE",
"9331","P","U","B","-","0","0","0","Assisted pool exercise","FALSE",
"9332","P","U","B","-","0","0","0","Whirlpool treatment","FALSE",
"9333","P","U","B","-","0","0","0","Other hydrotherapy","FALSE",
"9334","P","U","B","-","0","0","0","Diathermy","FALSE",
"9335","P","U","B","-","0","0","0","Other heat therapy","FALSE",
"9336","P","U","B","-","0","0","0","Cardiac retraining","FALSE",
"9337","P","U","B","-","0","0","0","Prenatal training","FALSE",
"9338","P","U","B","-","0","0","0","Combined PT NOS","FALSE",
"9339","P","U","B","-","0","0","0","Physical therapy NEC","FALSE",
"9341","P","U","B","-","0","0","0","Spine tract w skull dev","FALSE",
"9342","P","U","B","-","0","0","0","Other spinal traction","FALSE",
"9343","P","U","B","-","0","0","0","Intermitt skel traction","FALSE",
"9344","P","U","B","-","0","0","0","Other skeletal traction","FALSE",
"9345","P","U","B","-","0","0","0","Thomas' splint traction","FALSE",
"9346","P","U","B","-","0","0","0","Limb skin traction NEC","FALSE",
"9351","P","U","B","-","0","0","0","Plaster jacket applicat","FALSE",
"9352","P","U","B","-","0","0","0","Neck support application","FALSE",
"9353","P","U","B","-","0","0","0","Other cast application","FALSE",
"9354","P","U","B","-","0","0","0","Application of splint","FALSE",
"9355","P","U","B","-","0","0","0","Dental wiring","FALSE",
"9356","P","U","B","-","0","0","0","Pressure dressing applic","FALSE",
"9357","P","U","B","-","0","0","0","Dressing of wound NEC","FALSE",
"9358","P","U","B","-","0","0","0","Pressure trouser applica","FALSE",
"9359","P","U","B","-","0","0","0","Immobiliz/wound attn NEC","FALSE",
"9361","P","U","B","-","0","0","0","OMT for gen'l mobilizat","FALSE",
"9362","P","U","B","-","0","0","0","OMT with hi-vel,lo-ampli","FALSE",
"9363","P","U","B","-","0","0","0","OMT with lo-vel,hi-ampli","FALSE",
"9364","P","U","B","-","0","0","0","OMT with isoton,isometri","FALSE",
"9365","P","U","B","-","0","0","0","OMT with indirect forces","FALSE",
"9366","P","U","B","-","0","0","0","OMT to move tissue fluid","FALSE",
"9367","P","U","B","-","0","0","0","Osteopath manipulat NEC","FALSE",
"9371","P","U","B","-","0","0","0","Dyslexia training","FALSE",
"9372","P","U","B","-","0","0","0","Dysphasia training","FALSE",
"9373","P","U","B","-","0","0","0","Esophag speech training","FALSE",
"9374","P","U","B","-","0","0","0","Speech defect training","FALSE",
"9375","P","U","B","-","0","0","0","Other speech therapy","FALSE",
"9376","P","U","B","-","0","0","0","Training in lead dog use","FALSE",
"9377","P","U","B","-","0","0","0","Braille or moon training","FALSE",
"9378","P","U","B","-","0","0","0","Rehab for the blind NEC","FALSE",
"9381","P","U","B","-","0","0","0","Recreational therapy","FALSE",
"9382","P","U","B","-","0","0","0","Educational therapy","FALSE",
"9383","P","U","B","-","0","0","0","Occupational therapy","FALSE",
"9384","P","U","B","-","0","0","0","Music therapy","FALSE",
"9385","P","U","B","-","0","0","0","Vocational rehabilitat","FALSE",
"9389","P","U","B","-","0","0","0","Rehabilitation NEC","FALSE",
"9390","N","U","B","-","0","0","0","CPAP","TRUE",
"9391","N","U","B","-","0","0","0","IPPB","TRUE",
"9393","P","U","B","-","0","0","0","Nonmechan resuscitation","FALSE",
"9394","P","U","B","-","0","0","0","Nebulizer therapy","FALSE",
"9395","P","U","B","-","0","0","0","Hyperbaric oxygenation","FALSE",
"9396","P","U","B","-","0","0","0","Oxygen enrichment NEC","FALSE",
"9397","P","U","B","-","0","0","0","Decompression chamber","FALSE",
"9398","P","U","B","-","0","0","0","Atmos press/compos contr","FALSE",
"9399","P","U","B","-","0","0","0","Other resp procedures","FALSE",
"9401","P","U","B","-","0","0","0","Intelligence test admin","FALSE",
"9402","P","U","B","-","0","0","0","Psychologic test adminis","FALSE",
"9403","P","U","B","-","0","0","0","Character analysis","FALSE",
"9408","P","U","B","-","0","0","0","Psychol eval & test NEC","FALSE",
"9409","P","U","B","-","0","0","0","Psychol mental stat NOS","FALSE",
"9411","P","U","B","-","0","0","0","Psychiat mental determin","FALSE",
"9412","P","U","B","-","0","0","0","Routine psychiat visit","FALSE",
"9413","P","U","B","-","0","0","0","Psychia commitment eval","FALSE",
"9419","P","U","B","-","0","0","0","Psychia interv/eval NEC","FALSE",
"9421","P","U","B","-","0","0","0","Narcoanalysis","FALSE",
"9422","P","U","B","-","0","0","0","Lithium therapy","FALSE",
"9423","P","U","B","-","0","0","0","Neuroleptic therapy","FALSE",
"9424","P","U","B","-","0","0","0","Chemical shock therapy","FALSE",
"9425","P","U","B","-","0","0","0","Psychiat drug therap NEC","FALSE",
"9426","P","U","B","-","0","0","0","Subconvulsive EST","FALSE",
"9427","N","U","B","-","0","0","0","Other electroshock therapy","TRUE",
"9429","P","U","B","-","0","0","0","Psychiatr somatother NEC","FALSE",
"9431","P","U","B","-","0","0","0","Psychoanalysis","FALSE",
"9432","P","U","B","-","0","0","0","Hypnotherapy","FALSE",
"9433","P","U","B","-","0","0","0","Behavior therapy","FALSE",
"9434","P","U","B","-","0","0","0","Ind therap psychsex dysf","FALSE",
"9435","P","U","B","-","0","0","0","Crisis intervention","FALSE",
"9436","P","U","B","-","0","0","0","Play psychotherapy","FALSE",
"9437","P","U","B","-","0","0","0","Explor verbal psychother","FALSE",
"9438","P","U","B","-","0","0","0","Suppor verbal psychother","FALSE",
"9439","P","U","B","-","0","0","0","Individ psychotherap NEC","FALSE",
"9441","P","U","B","-","0","0","0","Grp therap psychsex dysf","FALSE",
"9442","P","U","B","-","0","0","0","Family therapy","FALSE",
"9443","P","U","B","-","0","0","0","Psychodrama","FALSE",
"9444","P","U","B","-","0","0","0","Other group therapy","FALSE",
"9445","P","U","B","-","0","0","0","Drug addict counselling","FALSE",
"9446","P","U","B","-","0","0","0","Alcoholism counselling","FALSE",
"9449","P","U","B","-","0","0","0","Other counselling","FALSE",
"9451","P","U","B","-","0","0","0","Referral for psychother","FALSE",
"9452","P","U","B","-","0","0","0","Referral psych aftercare","FALSE",
"9453","P","U","B","-","0","0","0","Referral alcohol rehab","FALSE",
"9454","P","U","B","-","0","0","0","Referral for drug rehab","FALSE",
"9455","P","U","B","-","0","0","0","Referral vocation rehab","FALSE",
"9459","P","U","B","-","0","0","0","Referral psych rehab NEC","FALSE",
"9461","P","U","B","-","0","0","0","Alcohol rehabilitation","FALSE",
"9462","P","U","B","-","0","0","0","Alcohol detoxification","FALSE",
"9463","P","U","B","-","0","0","0","Alcohol rehab/detox","FALSE",
"9464","P","U","B","-","0","0","0","Drug rehabilitation","FALSE",
"9465","P","U","B","-","0","0","0","Drug detoxification","FALSE",
"9466","P","U","B","-","0","0","0","Drug rehab/detox","FALSE",
"9467","P","U","B","-","0","0","0","Comb alcohol/drug rehab","FALSE",
"9468","P","U","B","-","0","0","0","Comb alcohol/drug detox","FALSE",
"9469","P","U","B","-","0","0","0","Comb alco/drug reha/deto","FALSE",
"9501","P","U","B","-","0","0","0","Limited eye examination","FALSE",
"9502","P","U","B","-","0","0","0","Comprehensive eye exam","FALSE",
"9503","P","U","B","-","0","0","0","Extended ophthal work-up","FALSE",
"9504","Y","N","B","-","0","0","0","Anesthetized eye exam","TRUE",
"9505","P","U","B","-","0","0","0","Visual field study","FALSE",
"9506","P","U","B","-","0","0","0","Color vision study","FALSE",
"9507","P","U","B","-","0","0","0","Dark adaptation study","FALSE",
"9509","P","U","B","-","0","0","0","Eye examination NOS","FALSE",
"9511","P","U","B","-","0","0","0","Fundus photography","FALSE",
"9512","P","U","B","-","0","0","0","Eye fluorescein angiogra","FALSE",
"9513","P","U","B","-","0","0","0","Ultrasound study of eye","FALSE",
"9514","P","U","B","-","0","0","0","X-ray study of eye","FALSE",
"9515","P","U","B","-","0","0","0","Ocular motility study","FALSE",
"9516","P","U","B","-","0","0","0","P32 & eye tracer NEC","FALSE",
"9521","P","U","B","-","0","0","0","Electroretinogram","FALSE",
"9522","P","U","B","-","0","0","0","Electro-oculogram","FALSE",
"9523","P","U","B","-","0","0","0","Visual evoked potential","TRUE",
"9524","P","U","B","-","0","0","0","Electronystagmogram","FALSE",
"9525","P","U","B","-","0","0","0","Electromyogram of eye","TRUE",
"9526","P","U","B","-","0","0","0","Glaucoma testing","FALSE",
"9531","P","U","B","-","0","0","0","Spectacle fit & dispense","FALSE",
"9532","P","U","B","-","0","0","0","Perscr/fit/disp contacts","FALSE",
"9533","P","U","B","-","0","0","0","Oth lo vision aid dispen","FALSE",
"9534","P","U","B","-","0","0","0","Ocular prosthetics","FALSE",
"9535","P","U","B","-","0","0","0","Orthoptic training","FALSE",
"9536","P","U","B","-","0","0","0","Ophth counsel & instruct","FALSE",
"9541","P","U","B","-","0","0","0","Audiometry","TRUE",
"9542","P","U","B","-","0","0","0","Clinical hearing test","FALSE",
"9543","P","U","B","-","0","0","0","Audiological evaluation","FALSE",
"9544","P","U","B","-","0","0","0","Clin vestibul funct test","FALSE",
"9545","P","U","B","-","0","0","0","Rotation tests","FALSE",
"9546","P","U","B","-","0","0","0","Audit & vestib test NEC","FALSE",
"9547","P","U","B","-","0","0","0","Hearing examination NOS","FALSE",
"9548","P","U","B","-","0","0","0","Fitting of hearing aid","FALSE",
"9549","P","U","B","-","0","0","0","Non-op hearing proc NEC","FALSE",
"9601","P","U","B","-","0","0","0","Insert nasopharyn airway","FALSE",
"9602","P","U","B","-","0","0","0","Insert oropharyn airway","FALSE",
"9603","P","U","B","-","0","0","0","Insert esoph obtu airway","FALSE",
"9604","P","U","B","-","0","0","0","Insert endotracheal tube","FALSE",
"9605","P","U","B","-","0","0","0","Resp tract intubat NEC","FALSE",
"9606","P","U","B","-","0","0","0","Insert sengstaken tube","FALSE",
"9607","P","U","B","-","0","0","0","Insert gastric tube NEC","FALSE",
"9608","N","U","B","-","0","0","0","Insert intestinal tube","FALSE",
"9609","P","U","B","-","0","0","0","Insert rectal tube","FALSE",
"9611","P","U","B","-","0","0","0","Pack ext auditory canal","FALSE",
"9614","P","U","F","-","0","0","0","Vaginal packing","FALSE",
"9615","P","U","F","-","0","0","0","Vaginal mold insertion","FALSE",
"9616","P","U","F","-","0","0","0","Other vaginal dilation","FALSE",
"9617","P","U","F","-","0","0","0","Vag diaphragm insertion","FALSE",
"9618","P","U","F","-","0","0","0","Oth vagin pessary insert","FALSE",
"9619","P","U","B","-","0","0","0","Rectal packing","FALSE",
"9621","P","U","B","-","0","0","0","Dilat frontonasal duct","FALSE",
"9622","P","U","B","-","0","0","0","Dilation of rectum","FALSE",
"9623","N","U","B","-","0","0","0","Dilation anal sphincter","TRUE",
"9624","P","U","B","-","0","0","0","Dilat enterostomy stoma","FALSE",
"9625","P","U","B","-","0","0","0","Therapeut distent bladd","FALSE",
"9626","P","U","B","-","0","0","0","Manual reduc rect prolap","FALSE",
"9627","P","U","B","-","0","0","0","Manual reduction hernia","FALSE",
"9628","P","U","B","-","0","0","0","Manl reduct stoma prolap","FALSE",
"9629","P","U","B","-","0","0","0","Reduct intuss ali tract","FALSE",
"9631","P","U","B","-","0","0","0","Gastric cooling","FALSE",
"9632","P","U","B","-","0","0","0","Gastric freezing","FALSE",
"9633","P","U","B","-","0","0","0","Gastric lavage","FALSE",
"9634","P","U","B","-","0","0","0","Gastric tube irrigat NEC","FALSE",
"9635","N","U","B","-","0","0","0","Gastric gavage","TRUE",
"9636","P","U","B","-","0","0","0","Gi ostomy irrigation","FALSE",
"9637","P","U","B","-","0","0","0","Proctoclysis","FALSE",
"9638","P","U","B","-","0","0","0","Impacted feces removal","FALSE",
"9639","P","U","B","-","0","0","0","Other transanal enema","FALSE",
"9641","P","U","B","-","0","0","0","Biliary tube irrigation","FALSE",
"9642","P","U","B","-","0","0","0","Pancreatic tube irrigat","FALSE",
"9643","P","U","B","-","0","0","0","Gi tract instillat NEC","FALSE",
"9644","P","U","F","-","0","0","0","Vaginal douche","FALSE",
"9645","P","U","B","-","0","0","0","Nephrost/pyelost irrigat","FALSE",
"9646","P","U","B","-","0","0","0","Urterost/urete cth irrig","FALSE",
"9647","P","U","B","-","0","0","0","Cystostomy irrigation","FALSE",
"9648","P","U","B","-","0","0","0","Indwell cath irrig NEC","FALSE",
"9649","P","U","B","-","0","0","0","Other GU instillation","FALSE",
"9651","P","U","B","-","0","0","0","Irrigation of eye","FALSE",
"9652","P","U","B","-","0","0","0","Irrigation of ear","FALSE",
"9653","P","U","B","-","0","0","0","Irrigation of nasal pass","FALSE",
"9654","P","U","B","-","0","0","0","Dental scaling & debride","FALSE",
"9655","P","U","B","-","0","0","0","Tracheostomy toilette","FALSE",
"9656","P","U","B","-","0","0","0","Bronch/trach lavage NEC","FALSE",
"9657","P","U","B","-","0","0","0","Vascular cath irrigation","FALSE",
"9658","P","U","B","-","0","0","0","Wound catheter irrigat","FALSE",
"9659","P","U","B","-","0","0","0","Wound irrigation NEC","FALSE",
"966","P","U","B","-","0","0","0","Entral infus nutrit sub","FALSE",
"9670","N","U","B","-","0","0","0","Cont mech vent-unspc dur","TRUE",
"9671","N","U","B","-","0","0","0","Cont mech vent < 96 hrs","TRUE",
"9672","N","U","B","-","0","0","0","Cont mech vent 96+ hrs","TRUE",
"9701","P","U","B","-","0","0","0","Replace gast/esoph tube","FALSE",
"9702","P","U","B","-","0","0","0","Replace gastrostomy tube","FALSE",
"9703","P","U","B","-","0","0","0","Replace small bowel tube","FALSE",
"9704","P","U","B","-","0","0","0","Replace large bowel tube","FALSE",
"9705","P","U","B","-","0","0","0","Repl stent in bile duct","FALSE",
"9711","P","U","B","-","0","0","0","Replace upper limb cast","FALSE",
"9712","P","U","B","-","0","0","0","Replace lower limb cast","FALSE",
"9713","P","U","B","-","0","0","0","Replace cast NEC","FALSE",
"9714","P","U","B","-","0","0","0","Replac M/S immob dev NEC","FALSE",
"9715","P","U","B","-","0","0","0","Replace wound catheter","FALSE",
"9716","P","U","B","-","0","0","0","Replace wound pack/drain","FALSE",
"9721","P","U","B","-","0","0","0","Replace nasal packing","FALSE",
"9722","P","U","B","-","0","0","0","Replace dental packing","FALSE",
"9723","P","U","B","-","0","0","0","Replace trach tube","FALSE",
"9724","P","U","F","-","0","0","0","Replace vag diaphragm","FALSE",
"9725","P","U","F","-","0","0","0","Replace vaginal pessary","FALSE",
"9726","P","U","F","-","0","0","0","Replace vag/vulv packing","FALSE",
"9729","P","U","B","-","0","0","0","Non-op replacement NEC","FALSE",
"9731","P","U","B","-","0","0","0","Remove eye prosthesis","FALSE",
"9732","P","U","B","-","0","0","0","Remove nasal packing","FALSE",
"9733","P","U","B","-","0","0","0","Remove dental wiring","FALSE",
"9734","P","U","B","-","0","0","0","Remove dental packing","FALSE",
"9735","P","U","B","-","0","0","0","Remove dental prosthesis","FALSE",
"9736","P","U","B","-","0","0","0","Remove ext mand fix dev","FALSE",
"9737","P","U","B","-","0","0","0","Remove tracheostomy tube","FALSE",
"9738","P","U","B","-","0","0","0","Remove head/neck sutures","FALSE",
"9739","P","U","B","-","0","0","0","Remove head/neck dev NEC","FALSE",
"9741","P","U","B","-","0","0","0","Remov thoracotomy tube","FALSE",
"9742","P","U","B","-","0","0","0","Remov mediastinal drain","FALSE",
"9743","P","U","B","-","0","0","0","Remov thorax sutures","FALSE",
"9744","N","U","B","-","0","0","0","Nonop remov hrt asst sys","FALSE",
"9749","P","U","B","-","0","0","0","Remov thor ther dev NEC","FALSE",
"9751","P","U","B","-","0","0","0","Remov gastrostomy tube","FALSE",
"9752","P","U","B","-","0","0","0","Remov small bowel tube","FALSE",
"9753","P","U","B","-","0","0","0","Remov large bowel tube","FALSE",
"9754","P","U","B","-","0","0","0","Remov cholecystost tube","FALSE",
"9755","P","U","B","-","0","0","0","Remov biliary/liver tube","FALSE",
"9756","P","U","B","-","0","0","0","Remov pancreatic tube","FALSE",
"9759","P","U","B","-","0","0","0","Remov other GI device","FALSE",
"9761","P","U","B","-","0","0","0","Remov pyelos/nephros tub","FALSE",
"9762","N","U","B","-","0","0","0","Remov ureteral drain","TRUE",
"9763","P","U","B","-","0","0","0","Remov cystostomy tube","FALSE",
"9764","P","U","B","-","0","0","0","Remov urin drainage NEC","FALSE",
"9765","P","U","B","-","0","0","0","Remov urethral stent","FALSE",
"9769","P","U","B","-","0","0","0","Remov other urin device","FALSE",
"9771","P","U","F","-","0","0","0","Removal IUD","FALSE",
"9772","P","U","F","-","0","0","0","Remov intrauterine pack","FALSE",
"9773","P","U","F","-","0","0","0","Remov vaginal diaphragm","FALSE",
"9774","P","U","F","-","0","0","0","Removal oth vag pessary","FALSE",
"9775","P","U","F","-","0","0","0","Remov vag/vulv packing","FALSE",
"9779","P","U","B","-","0","0","0","Remov other genit device","FALSE",
"9781","P","U","B","-","0","0","0","Remov retroperiton drain","FALSE",
"9782","P","U","B","-","0","0","0","Remov peritoneal drain","FALSE",
"9783","P","U","B","-","0","0","0","Remov abdom wall suture","FALSE",
"9784","P","U","B","-","0","0","0","Remov trunk suture NEC","FALSE",
"9785","P","U","B","-","0","0","0","Remov trunk packing NEC","FALSE",
"9786","P","U","B","-","0","0","0","Remov abdomen device NEC","FALSE",
"9787","P","U","B","-","0","0","0","Remov trunk device NEC","FALSE",
"9788","P","U","B","-","0","0","0","Remov ext immobilization","FALSE",
"9789","P","U","B","-","0","0","0","Remov therapeut dev NEC","FALSE",
"9801","P","U","B","-","0","0","0","Remov intralum mouth FB","FALSE",
"9802","N","U","B","-","0","0","0","Rem eso FB wo incision","TRUE",
"9803","N","U","B","-","0","0","0","Rem gas & sm int FB wo inc","TRUE",
"9804","N","U","B","-","0","0","0","Rem large int FB wo inc","TRUE",
"9805","P","U","B","-","0","0","0","Remov intralum rect FB","FALSE",
"9811","P","U","B","-","0","0","0","Remov intralum ear FB","FALSE",
"9812","P","U","B","-","0","0","0","Remov intralum nose FB","FALSE",
"9813","P","U","B","-","0","0","0","Remov intralum pharyn FB","TRUE",
"9814","P","U","B","-","0","0","0","Remov intralum laryn FB","FALSE",
"9815","P","U","B","-","0","0","0","Remov intralum trach FB","FALSE",
"9816","P","U","B","-","0","0","0","Remov intralum uter FB","FALSE",
"9817","P","U","B","-","0","0","0","Remov intralum vag FB","FALSE",
"9818","P","U","B","-","0","0","0","Remov intralum stoma FB","FALSE",
"9819","P","U","B","-","0","0","0","Remove intralum ureth FB","FALSE",
"9820","P","U","B","-","0","0","0","Removal of FB NOS","FALSE",
"9821","P","U","B","-","0","0","0","Removal superfic FB eye","FALSE",
"9822","P","U","B","-","0","0","0","Removal head/neck FB","FALSE",
"9823","P","U","F","-","0","0","0","Removal vulvar FB","FALSE",
"9824","P","U","M","-","0","0","0","Removal scrotal/penis FB","FALSE",
"9825","P","U","B","-","0","0","0","Removal trunk FB NEC","FALSE",
"9826","P","U","B","-","0","0","0","Removal FB from hand","FALSE",
"9827","P","U","B","-","0","0","0","Removal FB from arm","FALSE",
"9828","P","U","B","-","0","0","0","Removal FB from foot","FALSE",
"9829","P","U","B","-","0","0","0","Removal FB from leg","FALSE",
"9851","N","U","B","-","0","0","0","Eswl kid/ureter/bladder","TRUE",
"9852","P","U","B","-","0","0","0","Eswl gb/bile duct","FALSE",
"9859","P","U","B","-","0","0","0","Eswl other sites","FALSE",
"9900","P","U","B","-","0","0","0","Periop aut trans hol bld","FALSE",
"9901","N","U","B","-","0","0","0","Exchange transfusion","TRUE",
"9902","P","U","B","-","0","0","0","Transfus prev auto blood","FALSE",
"9903","P","U","B","-","0","0","0","Whole blood transfus NEC","TRUE",
"9904","P","U","B","-","0","0","0","Packed cell transfusion","TRUE",
"9905","P","U","B","-","0","0","0","Platelet transfusion","TRUE",
"9906","P","U","B","-","0","0","0","Coag factor transfusion","TRUE",
"9907","P","U","B","-","0","0","0","Serum transfusion NEC","TRUE",
"9908","P","U","B","-","0","0","0","Blood expander transfus","FALSE",
"9909","P","U","B","-","0","0","0","Transfusion NEC","TRUE",
"9910","N","U","B","-","0","0","0","Thrombolytic inj/inf","TRUE",
"9911","P","U","B","-","0","0","0","Inject rh immune globul","FALSE",
"9912","P","U","B","-","0","0","0","Allergy immunization","FALSE",
"9913","P","U","B","-","0","0","0","Autoimmune dis immunizat","FALSE",
"9914","P","U","B","-","0","0","0","Inject gamma globulin","TRUE",
"9915","P","U","B","-","0","0","0","Parent infus nutrit sub","TRUE",
"9916","P","U","B","-","0","0","0","Inject antidote","FALSE",
"9917","P","U","B","-","0","0","0","Inject insulin","FALSE",
"9918","P","U","B","-","0","0","0","Inject/infuse electrolyt","FALSE",
"9919","P","U","B","-","0","0","0","Inject anticoagulant","FALSE",
"9920","N","U","B","-","0","0","0","Platelet inhibitor inj/inf","TRUE",
"9921","P","U","B","-","0","0","0","Inject antibiotic","FALSE",
"9922","P","U","B","-","0","0","0","Inject anti-infect NEC","FALSE",
"9923","P","U","B","-","0","0","0","Inject steroid","FALSE",
"9924","P","U","B","-","0","0","0","Inject hormone NEC","FALSE",
"9925","P","U","B","-","0","0","0","Inject ca chemother NEC","TRUE",
"9926","P","U","B","-","0","0","0","Inject tranquilizer","FALSE",
"9927","P","U","B","-","0","0","0","Iontophoresis","FALSE",
"9928","P","U","B","-","0","0","0","Immunotherapy as antineo","FALSE",
"9929","P","U","B","-","0","0","0","Inject/infuse NEC","FALSE",
"9931","P","U","B","-","0","0","0","Cholera vaccination","FALSE",
"9932","P","U","B","-","0","0","0","Typhoid/paratyphoid vacc","FALSE",
"9933","P","U","B","-","0","0","0","Tuberculosis vaccination","FALSE",
"9934","P","U","B","-","0","0","0","Plague vaccination","FALSE",
"9935","P","U","B","-","0","0","0","Tularemia vaccination","FALSE",
"9936","P","U","B","-","0","0","0","Diphtheria toxoid admin","FALSE",
"9937","P","U","B","-","0","0","0","Pertussis vaccination","FALSE",
"9938","P","U","B","-","0","0","0","Tetanus toxoid administ","FALSE",
"9939","P","U","B","-","0","0","0","DPT administration","FALSE",
"9941","P","U","B","-","0","0","0","Polio vaccine administra","FALSE",
"9942","P","U","B","-","0","0","0","Smallpox vaccination","FALSE",
"9943","P","U","B","-","0","0","0","Yellow fever vaccination","FALSE",
"9944","P","U","B","-","0","0","0","Rabies vaccination","FALSE",
"9945","P","U","B","-","0","0","0","Measles vaccination","FALSE",
"9946","P","U","B","-","0","0","0","Mumps vaccination","FALSE",
"9947","P","U","B","-","0","0","0","Rubella vaccination","FALSE",
"9948","P","U","B","-","0","0","0","Mmr administration","FALSE",
"9951","P","U","B","-","0","0","0","Common cold vaccination","FALSE",
"9952","P","U","B","-","0","0","0","Influenza vaccination","FALSE",
"9953","P","U","B","-","0","0","0","Arbovirus enceph vaccin","FALSE",
"9954","P","U","B","-","0","0","0","Arbovirus vaccinat NEC","FALSE",
"9955","P","U","B","-","0","0","0","Vaccination NEC","FALSE",
"9956","P","U","B","-","0","0","0","Tetanus antitoxin admini","FALSE",
"9957","P","U","B","-","0","0","0","Botulism antitoxin admin","FALSE",
"9958","P","U","B","-","0","0","0","Antitoxin administra NEC","FALSE",
"9959","P","U","B","-","0","0","0","Vaccination/innocula NEC","FALSE",
"9960","N","U","B","-","0","0","0","Cardiopulm resuscitaton","TRUE",
"9961","P","U","B","-","0","0","0","Atrial cardioversion","FALSE",
"9962","N","U","B","-","0","0","0","Oth elec countershock hrt","TRUE",
"9963","P","U","B","-","0","0","0","Closed chest card massag","FALSE",
"9964","P","U","B","-","0","0","0","Carotid sinus stiumlat","FALSE",
"9969","P","U","B","-","0","0","0","Cardiac rhythm conv NEC","FALSE",
"9971","P","U","B","-","0","0","0","Therapeu plasmapheresis","TRUE",
"9972","P","U","B","-","0","0","0","Therapeutc leukopheresis","FALSE",
"9973","P","U","B","-","0","0","0","Therapeu erythropheresis","FALSE",
"9974","P","U","B","-","0","0","0","Therapeu plateltpheresis","FALSE",
"9975","N","U","B","-","0","0","0","Adm neuroprotective agnt","FALSE",
"9976","N","U","B","-","0","0","0","Extracorp immunoabsorpt","FALSE",
"9977","N","U","B","-","0","0","0","App adhesion barrier sub","FALSE",
"9978","N","U","B","-","0","0","0","Aquapheresis","FALSE",
"9979","P","U","B","-","0","0","0","Other therapeu apheresis","FALSE",
"9981","P","U","B","-","0","0","0","Hypothermia","FALSE",
"9982","P","U","B","-","0","0","0","Ultraviolet light therap","FALSE",
"9983","P","U","B","-","0","0","0","Other phototherapy","FALSE",
"9984","P","U","B","-","0","0","0","Isolation","FALSE",
"9985","P","U","B","-","0","0","0","Hyperthermia ca therapy","FALSE",
"9986","P","U","B","-","0","0","0","Non-invasive bone stimul","FALSE",
"9988","P","U","B","-","0","0","0","Therapeutc photopheresis","FALSE",
"9991","P","U","B","-","0","0","0","Anesthesia acupuncture","FALSE",
"9992","P","U","B","-","0","0","0","Other acupuncture","FALSE",
"9993","P","U","B","-","0","0","0","Rectal massage","FALSE",
"9994","P","U","M","-","0","0","0","Prostatic massage","FALSE",
"9995","P","U","B","-","0","0","0","Stretching of foreskin","FALSE",
"9996","P","U","M","-","0","0","0","Sperm collection","FALSE",
"9997","P","U","B","-","0","0","0","Denture fitting","FALSE",
"9998","P","U","F","-","0","0","0","Milk extraction","FALSE",
"9999","P","U","B","-","0","0","0","Non-op procedure NEC","FALSE",
"C4445","C","E","B","-","0","0","0","3844 & 3845","TRUE",
"C5657","C","E","B","-","0","0","0","0056 & 0057","TRUE",
"C7080","C","E","B","-","0","0","0","3770 & 3780","TRUE",
"C7081","C","E","B","-","0","0","0","3770 & 3781","TRUE",
"C7082","C","E","B","-","0","0","0","3770 & 3782","TRUE",
"C7085","C","E","B","-","0","0","0","3770 & 3785","TRUE",
"C7086","C","E","B","-","0","0","0","3770 & 3786","TRUE",
"C7087","C","E","B","-","0","0","0","3770 & 3787","TRUE",
"C7180","C","E","B","-","0","0","0","3771 & 3780","TRUE",
"C7181","C","E","B","-","0","0","0","3771 & 3781","TRUE",
"C7182","C","E","B","-","0","0","0","3771 & 3782","TRUE",
"C7185","C","E","B","-","0","0","0","3771 & 3785","TRUE",
"C7186","C","E","B","-","0","0","0","3771 & 3786","TRUE",
"C7187","C","E","B","-","0","0","0","3771 & 3787","TRUE",
"C7280","C","E","B","-","0","0","0","3772 & 3780","TRUE",
"C7283","C","E","B","-","0","0","0","3772 & 3783","TRUE",
"C7380","C","E","B","-","0","0","0","3773 & 3780","TRUE",
"C7381","C","E","B","-","0","0","0","3773 & 3781","TRUE",
"C7382","C","E","B","-","0","0","0","3773 & 3782","TRUE",
"C7385","C","E","B","-","0","0","0","3773 & 3785","TRUE",
"C7386","C","E","B","-","0","0","0","3773 & 3786","TRUE",
"C7387","C","E","B","-","0","0","0","3773 & 3787","TRUE",
"C7480","C","E","B","-","0","0","0","3774 & 3780","TRUE",
"C7481","C","E","B","-","0","0","0","3774 & 3781","TRUE",
"C7482","C","E","B","-","0","0","0","3774 & 3782","TRUE",
"C7483","C","E","B","-","0","0","0","3774 & 3783","TRUE",
"C7485","C","E","B","-","0","0","0","3774 & 3785","TRUE",
"C7486","C","E","B","-","0","0","0","3774 & 3786","TRUE",
"C7487","C","E","B","-","0","0","0","3774 & 3787","TRUE",
"C7680","C","E","B","-","0","0","0","3776 & 3780","TRUE",
"C7685","C","E","B","-","0","0","0","3776 & 3785","TRUE",
"C7686","C","E","B","-","0","0","0","3776 & 3786","TRUE",
"C7687","C","E","B","-","0","0","0","3776 & 3787","TRUE",
"C9596","C","E","B","-","0","0","0","3795 & 3796","FALSE",
"C9798","C","E","B","-","0","0","0","3797 & 3798","FALSE",
"CE001","C","C","B","-","0","0","0","1311 & 1341","TRUE",
"CE002","C","C","B","-","0","0","0","132 & 1341","TRUE",
"CE003","C","C","B","-","0","0","0","132 & 1342","TRUE",
"CE004","C","C","B","-","0","0","0","133 & 1341","TRUE",
"CE005","C","C","B","-","0","0","0","133 & 1342","TRUE",
"CE006","C","C","B","-","0","0","0","133 & 1343","TRUE",
"CE007","C","C","B","-","0","0","0","1341 & 1351","TRUE",
"CE008","C","C","B","-","0","0","0","1341 & 1364","TRUE",
"CE009","C","C","B","-","0","0","0","1342 & 1351","TRUE",
"CE010","C","C","B","-","0","0","0","1343 & 1351","TRUE",
"CE011","C","C","B","-","0","0","0","1341 & 1342","TRUE",
"CE012","C","C","B","-","0","0","0","1341 & 1343","TRUE",
"CE013","C","C","B","-","0","0","0","1341 & 1372","TRUE",
"CE014","C","C","B","-","0","0","0","1341 & 138","TRUE",
"CE015","C","C","B","-","0","0","0","1311 & 1319","TRUE",
"CE016","C","C","B","-","0","0","0","1311 & 132","TRUE",
"CE017","C","C","B","-","0","0","0","1311 & 133","TRUE",
"CE018","C","C","B","-","0","0","0","132 & 133","TRUE",
"CE019","C","C","B","-","0","0","0","1311 & 1351","TRUE",
"CE020","C","C","B","-","0","0","0","132 & 1351","TRUE",
"CE021","C","C","B","-","0","0","0","133 & 1351","TRUE",
"CK001","C","E","B","-","0","0","0","3511 & 3512","TRUE",
"CK002","C","E","B","-","0","0","0","3511 & 3523","TRUE",
"CK003","C","E","B","-","0","0","0","3511 & 3524","TRUE",
"CK004","C","E","B","-","0","0","0","3511 & 3514","TRUE",
"CK005","C","E","B","-","0","0","0","3511 & 3527","TRUE",
"CK006","C","E","B","-","0","0","0","3512 & 3528","TRUE",
"CK007","C","E","B","-","0","0","0","3512 & 3514","TRUE",
"CK008","C","E","B","-","0","0","0","3512 & 3521","TRUE",
"CK009","C","E","B","-","0","0","0","3512 & 3522","TRUE",
"CK010","C","E","B","-","0","0","0","3512 & 3527","TRUE",
"CK011","C","E","B","-","0","0","0","3512 & 3528","TRUE",
"CK012","C","E","B","-","0","0","0","3514 & 3521","TRUE",
"CK013","C","E","B","-","0","0","0","3514 & 3522","TRUE",
"CK014","C","E","B","-","0","0","0","3514 & 3523","TRUE",
"CK015","C","E","B","-","0","0","0","3514 & 3524","TRUE",
"CK016","C","E","B","-","0","0","0","3521 & 3523","TRUE",
"CK017","C","E","B","-","0","0","0","3521 & 3524","TRUE",
"CK018","C","E","B","-","0","0","0","3521 & 3527","TRUE",
"CK019","C","E","B","-","0","0","0","3521 & 3528","TRUE",
"CK020","C","E","B","-","0","0","0","3522 & 3523","TRUE",
"CK021","C","E","B","-","0","0","0","3522 & 3524","TRUE",
"CK022","C","E","B","-","0","0","0","3522 & 3527","TRUE",
"CK023","C","E","B","-","0","0","0","3522 & 3528","TRUE",
"CK024","C","E","B","-","0","0","0","3523 & 3527","TRUE",
"CK025","C","E","B","-","0","0","0","3523 & 3528","TRUE",
"CK026","C","E","B","-","0","0","0","3524 & 3527","TRUE",
"CK027","C","E","B","-","0","0","0","3524 & 3528","TRUE",
"CK028","C","E","B","-","0","0","0","0066 & 0040","TRUE",
"CK029","C","E","B","-","0","0","0","0066 & 0041","TRUE",
"CK030","C","E","B","-","0","0","0","0066 & 0042","TRUE",
"CK031","C","E","B","-","0","0","0","0066 & 0043","TRUE",
