raw_code,mapped_code
K580,K580
J1892,J189
G473,G473
S0690,S0690
I101,I10
A099,A099
K291,K291
R570,R570
N939,N939
N10,N10
B349,B349
T784,T784
J1893,J189
J069,J069
N390,N390
S0621,S0621
A010,A010
A971,_
K567,K567
E861,E86
O210,O210
N179,N179
E876,E876
N19,N19
J1592,J159
J4590,J459
J4500,J450
K590,K590
A970,_
I499,I499
E108,E108
J441,J441
K250,K250
K800,K800
A090,A090
L039,L039
N189,N189
J36,J36
K122,K122
I639,I639
H811,H811
I210,I210
I500,I500
O200,O200
B09,B09
J449,J449
L031,L031
J46,J46
S0630,S0630
P039,P039
D649,D649
I200,I200
J989,J989
K270,K270
C859,C859
O995,O995
J440,J440
J110,J110
E116,E116
E878,E878
J111,J111
E862,E86
K566,K566
I420,I420
L038,L038
K292,K292
K297,K297
N185,N185
A062,A062
I109,I10
E109,E109
J683,J683
I64,I64
A169,A169
S018,S018
R560,R560
K818,K818
J391,J391
I209,I209
T781,T781
I443,I443
J960,J960
A162,A162
M353,M353
G439,G439
I679G467,_
G934,G934
M0809,M0809
J90,J90
C220,C220
A060,A060
D329,D329
J209,J209
K30,K30
I609,I609
J690,J690
G402,G402
P128,P128
J068,J068
D65,D65
B948,B948
I459,I459
J039,J039
J969,J969
C910,C910
E119,E119
K273,K273
I119,I119
K259,K259
J682,J682
C760,C760
C349,C349
E162,E162
J81,J81
E106,E106
G621,G621
I259,I259
I214,I214
C762,C762
I638,I638
R568,R568
D691,D691
M512,M512
P240,P240
P073,P073
R42,R42
K299,K299
K279,K279
I219,I219
J929,J929
I48,I48
G629,G629
I494,I494
M940,M940
N300,N300
K746,K746
I279,I279
G952,G952
I678,I678
J981,J981
D391,D391
I674,I674
G933,G933
P025,P025
N049,N049
T300,T300
C030,C030
N201,N201
I213,I213
K904,K904
K219,K219
L032,L032
C73,C73
P599,P599
Q438,Q438
K659,K659
C719,C719
I099,I099
K047,K047
I510,I510
O600,O600
N831,N831
C793,C793
E871,E871
K579,K579
K760,K760
H46,H46
P593,P593
K801,K801
B059,B059
M6268,M6268
M159,M159
J1812,J181
D539,D539
J679,J679
K564,K564
A370,A370
E117,E117
K810,K810
D611,D611
I359,I359
A972,_
C795,C795
H603,H603
M628,M628
N61,N61
E288,E288
G723,G723
P551,P551
S0600,S0600
P031,P031
O440,O440
J208,J208
M6269,M6269
J849,J849
A156,A156
M1099,M1099
I098,I098
M0029,M0029
M7900,M7900
N40,N40
R579,R579
D440,D440
N308,N308
K572,K572
P393,P393
G441,G441
K274,K274
O009,O009
P239,P239
G309F009,_
K318,K318
I248,I248
C240,C240
T887,T887
A011,A011
I899,I899
A419,A419
B052J171,_
E050,E050
C20,C20
L033,L033
G934E90,_
S099,S099
99460,_
N200,N200
K729,K729
I250,I250
A150,A150
A029,A029
A020,A020
R509,R509
J448,J448
D728,D728
I693,I693
T519,T519
D509,D509
C780,C780
T921,T921
T009,T009
I880,I880
C900,C900
G443,G443
K759,K759
A160,A160
M7999,M7999
G809,G809
T758,T758
E781,E781
M7919,M7919
J40,J40
K863,K863
J118,J118
D638,D638
P012,P012
C180,C180
M1000,M1000
S913,S913
N739,N739
S0620,S0620
D693,D693
Z380,Z380
K210,K210
K802,K802
S008,S008
P394,P394
N289,N289
R290,R290
J668,J668
I608,I608
A279,A279
G450,G450
J1802,J180
J22,J22
P011,P011
D500,D500
S817,S817
C61,C61
S0240,S0240
I110,I110
C509,C509
G403,G403
G932,G932
L020,L020
M754,M754
G459,G459
K650,K650
I620,I620
E101,E101
B019,B019
A499,A499
J80,J80
G442,G442
G900,G900
O234,O234
E141,E141
K040,K040
J1292,J129
E441,E441
G910,G910
K719,K719
T006,T006
O230,O230
S390,S390
D560,D560
C189,C189
I614,I614
S0640,S0640
D751,D751
T391,T391
Q249,Q249
K529,K529
M7920,M7920
I619,I619
C912,C912
J204,J204
E147,E147
I260,I260
J988,J988
O233,O233
C341,C341
J841,J841
N139,N139
A061,A061
I633,I633
E115,E115
J1803,J180
P369,P369
N209,N209
F100,F100
P916,P916
O211,O211
A014,A014
L030,L030
M4792,M4792
E889,E889
E888,E888
T789,T789
A159,A159
M0096,M0096
M1399,M1399
A168,A168
D471,D471
O080,O080
K137,K137
K253,K253
J848,J848
O984,O984
J4510,J451
M0690,M0690
P051,P051
J050,J050
I059,I059
O141,O141
F064,F064
G931,G931
G432,G432
P038,P038
M532,M532
O809,O809
C119,C119
J101,J101
N009,N009
Y455,_
G409,G409
E46,E46
M6295,M6295
J961,J961
I409,I409
I341,I341
K290,K290
K915,K915
I471,I471
L021,L021
K561,K561
M7910,M7910
M478,M478
E872,E872
D692,D692
K852,K852
M545,M545
K565,K565
M6261,M6261
N132,N132
K280,K280
J108,J108
M6260,M6260
C159,C159
K271,K271
O998,O998
G92,G92
H669,H669
C679,C679
N26,N26
O039,O039
T242,T242
K769,K769
N459,N459
E055,E055
K700,K700
D690,D690
S0610,S0610
S019,S019
B348,B348
C419,C419
P590,P590
I743,I743
J392,J392
C19,C19
D129,D129
K573,K573
F03,F03
B069,B069
C786,C786
C539,C539
Q239,Q239
I052,I052
K766,K766
H818,H818
K251,K251
E111,E111
P399,P399
I5000,I500
C259,C259
M5410,M5410
H440,H440
C169,C169
E059,E059
M331,M331
I429,I429
O069,O069
P760,P760
P030,P030
P000,P000
N202,N202
C221,C221
R51,R51
K709,K709
C629,C629
O988,O988
C782,C782
B189,B189
F063,F063
I251,I251
I340,I340
E161,E161
J980,J980
I509,I509
B829,B829
N059,N059
E146,E146
M4795,M4795
K859,K859
E877,E877
Z370,Z370
Z390,Z390
T366,T366
I618,I618
Q054,Q054
M1998,M1998
K808,K808
K295,K295
L024,L024
M6081,M6081
I220,I220
N178,N178
M1097,M1097
S0680,S0680
P249,P249
E349,E349
G935,G935
N136,N136
M1990,M199
J118I411,_
I493,I493
K85,K859
N180,N180
S934,S934
E892,E892
K599,K599
I255,I255
A167,A167
E209,E209
I679G468,_
B054,B054
K560,K560
A084,A084
K283,K283
J1899Y95,_
T932,T932
A920,A920
A158,A158
N000,N000
T793,T793
J984,J984
P081,P081
H814,H814
F453,F453
C229,C229
D291,D291
P209,P209
M513,M513
P221,P221
P129,P129
G35,G35
L511,L511
K658,K658
P700,P700
O100,O100
T000,T000
T008,T008
G901,G901
P071,P071
M1999,M1999
A911,A911
J709,J709
J1593,J159
B509,B509
P358,P358
T941,T941
H819,H819
C798,C798
I120,I120
M1309,M1309
M4307,M4307
E105,E105
M1090,M1090
S340,S340
C55,C55
K277,K277
T754,T754
J100,J100
59401,_
F341,F341
F259,F259
M7986,M7986
M948,M948
O721,O721
M5419,M5419
M1007,M1007
Z349,Z349
T940,T940
I672,I672
G959,G959
K319,K319
C310,C310
D479,D479
O149,O149
E340,E340
G510,G510
P201,P201
B058,B058
M329,M329
N419,N419
N709,N709
M1996,M199
A09E861,A09
M5449,M5449
S460,S460
J689,J689
K805,K805
M4781,M4781
Q068,Q068
M4306,M4306
F430,F430
J038,J038
K824,K824
A199,A199
D381,D381
O064,O064
I129,I129
T232,T232
T630,T630
E052,E052
G440,G440
E43,E43
M750,M750
T252,T252
I630,I630
E41,E41
E140,E140
I607,I607
H601,H601
M1006,M1006
J939,J939
G939,G939
G519,G519
K276,K276
A0990E861,A09
P034,P034
T798,T798
R571,R571
K254,K254
P53,P53
I850,I850
S224,S224
D180,D180
L721,L721
T780,T780
O996,O996
Q040,Q040
K598,K598
O470,O470
K821,K821
N170,N170
I613,I613
I802,I802
F315,F315
P38,P38
Q250,Q250
G930,G930
E730,E730
J200,J200
A86,A86
I240,I240
P008,P008
P598,P598
N039,N039
G500,G500
J680,J680
Q210,Q210
A161,A161
N803,N803
P611,P611
P701,P701
P831,P831
P070,P070
M5452,M545
S2200,S2200
Q213,Q213
G049,G049
C029,C029
E780,E780
K578,K578
I615,I615
A379,A379
K830,K830
K831,K831
I719,I719
H660,H660
A488,A488
M543,M543
G404,G404
P361,P361
M609,M609
H810,H810
M1911,M1911
O730,O730
O364,O364
T002,T002
S0600W0799,_
T212,T212
I309,I309
R578,R578
E15,E15
Z356,Z356
O365,O365
M0695,M0695
E145,E145
B949,B949
I208,I208
G430,G430
M7991,M7991
J941,J941
E273,E273
P003,P003
I778,I778
L022,L022
M303,M303
O860,O860
D70,D70
O13,O13
A063,A063
N800,N800
N028,N028
C499,C499
L029,L029
F322,F322
A90,A90
M0686,M0686
I498,I498
M359,M359
S223,S223
I00,I00
T782,T782
S911,S911
I278,I278
I610,I610
A022,A022
I270,I270
Z340,Z340
O410,O410
A799,A799
N309,N309
D589,D589
D62,D62
L120,L120
C837,C837
I159,I159
I211,I211
B820,B820
Q444,Q444
T629,T629
G20,G20
T291,T291
H050,H050
C241,C241
O990,O990
A157,A157
N12,N12
S0660,S0660
Q281,Q281
C911,C911
N040,N040
S098,S098
I490,I490
N312,N312
M758,M758
O994,O994
E142N083,_
E110,E110
M5326,M5326
S000,S000
G031,G031
A099E861,A09
J029,J029
E631,E631
I518,I518
N733,N733
I891,I891
P914,P914
J132,J13
C56,C56
F319,F319
Q423,Q423
T783,T783
K851,K851
D593,D593
C920,C920
M600,M600
M320,M320
I38,I38
O85,O85
I501,I501
M0099,M0099
M0689,M0689
K045,K045
H651,H651
N319,N319
D320,D320
H813,H813
M5437,M5437
T549,T549
M5416,M5416
P220,P220
J1293,J129
M0899,M0899
M0699,M0699
N938,N938
M6289,M6289
I258,I258
N508,N508
F59,F59
O479,O479
E039,E039
F318,F318
S818,S818
O244,O244
O240,O240
M1306,M1306
K296,K296
I201,I201
H409,H409
P353,P353
A153,A153
I256,I256
A35,A35
K811,K811
S669,S669
F488,F488
T600,T600
D569,D569
G458,G458
N840,N840
B052J17,_
O717,O717
P233,P233
I311,I311
E501,E501
K575,K575
P001,P001
K260,K260
O218,O218
I629,I629
D259,D259
M1919,M1919
G64,G64
M436,M436
S011,S011
M4796,M4796
G308,G308
M629,M629
M4782,M4782
S0650,S0650
N809,N809
K862,K862
T509,T509
N281,N281
I428,I428
P015,P015
E835,E835
O339,O339
O034,O034
F058,F058
F069,F069
K272,K272
S619,S619
D619,D619
K752,K752
K528,K528
B199,B199
I241,I241
O759,O759
O758,O758
I212,I212
O678,O678
O718,O718
I238,I238
O713,O713
N082,N082
E142,E142
0809,_
Z392,Z392
P0000,_
K20,K20
O649,O649
O654,O654
O140,O140
O821,O821
N083,N083
N138,N138
M103,M103
I249,I249
Z491,Z491
Z379,Z379
Q613,Q613
N119,N119
A244,A244
U05,_
N019,N019
O800,O800
Z300,Z300
C71,C719
C53,C539
C08,C089
C50,C509
C11,C119
L918,L918
O702,O702
C34,C349
Z308,Z308
U04,U049
O700,O700
E143,E143
H360,H360
H262,H262
E112,E112
Y560,_
M1009,M1009
N320,N320
M179,M179
S517,S517
E86,E86
N08,_
C18,C189
H264,H264
Q615,Q615
O699,O699
Z381,Z381
H271,H271
H11,H119
J018,J018
H1100,H110
H3602,H3602
H352,H352
R18,R18
L97,L97
H402,H402
T150,T150
H110,H110
O820,O820
O060,O060
O045,O045
O703,O703
O814,O814
O681,O681
N142,N142
M1039,M1039
D179,D179
Z301,Z301
N859,N859
K221,K221
M8000,M8000
S5250,S5250
O342,O342
K638,K638
O418,O418
K359,K359
O80,O809
K640,_
H2590,H259
O619,O619
S525,S525
N63,N63
D24,D24
K409,K409
H353,H353
N401,N40
J320,J320
K35,K359
Q612,Q612
K602,K602
K648,_
Y834,_
H259,H259
N140,N140
S810,S810
V899,_
J060,J060
H023,H023
H433,H433
A091,A09
M139,M139
D64,D649
Q668,Q668
M069,M069
I698,I698
I679,I679
G467,G467
J47,J47
J450,J450
O021,O021
D485,D485
O690,O690
N841,N841
M6534,M6534
1,_
I842,I842
S434,S434
L82,L82
L720,L720
O421,O421
L858,L858
S721,S721
H619,H619
R220,R220
S420,S420
M1030,M1030
H1101,H110
S4100,S410
S610,S610
L089,L089
T393,T393
E1451,E145
C5090,C509
L932,L932
N141,N141
I517,I517
I313,I313
S680,S680
K621,K621
R62,R629
E103,E103
O001,O001
K922,K922
O829,O829
D758,D758
M511,M511
R064,R064
O623,O623
H357,H357
H269,H269
N110,N110
I139,I139
N72,N72
N889,N889
N328,N328
N750,N750
S819,S819
M199,M199
D487,D487
M659,M659
S519,S519
L89,L89
S618,S618
J189,J189
B659,B659
J459,J459
M402,M402
I071,I071
E789,E789
I438,I438
R58,R58
R252,R252
O691,O691
O322,O322
D131,D131
I959,I959
O020,O020
E1134,E113
92,_
H4020,H402
J329,J329
J348,J348
H4021,H402
H2640,H264
C504,C504
O689,O689
O054,O054
C5091,C509
M8500,M8500
M8910,M8910
M9391,M9391
M8822,_
D481,D481
C109,C109
C844,C844
C851,C851
M9510,M951
C692,C692
I859,I859
H332,H332
C541,C541
C770,C770
M8861,_
J303,J303
M9440,_
K403,K403
J370,J370
M8070,_
C300,C300
H3301,H330
O680,O680
N8000,N800
O701,O701
O801,O801
M8562,M8562
M8200,M8200
K838,K838
H001,H001
L929,L929
K317,K317
K635,K635
N950,N950
L73,L739
K8010,K801
N832,N832
S0151,S0151
N359,N359
M8010,M8010
K37,K37
M654,M654
C181,C181
L600,L600
C210,C210
S835,S835
M222,M222
M8802,M880
M540,M540
Z511,Z511
B169,B169
D580,D580
K269,K269
I050,I050
Q233,Q233
I845,I845
E049,E049
I272,I272
K661,K661
T143,T143
S832,S832
R229,R229
L732,L732
M480,M480
Z988,Z988
C80,C80
C819,C819
H333,H333
S423,S423
E042,E042
S931,S931
H330,H330
H400,H400
H335,H335
J382,J382
O757,O757
S602,S602
N649,N649
Z961,Z961
J343,J343
R590,R590
O332,O332
K25,K259
N971,N971
L023,L023
J342,J342
R02,R02
S681,S681
M8666,M8666
C929,C929
H16,H169
H33,_
H119,H119
H472,H472
H36,_
K828,K828
L922,L922
D473,D473
E790,E790
K358,K358
M653,M653
R222,R222
H3530,H353
H0010,H001
H744,H744
N13,N139
Z121,Z121
Z39,_
J00,J00
W199,_
Z389,_
S6100,S610
I841,I841
B05,B059
O639,O639
Z321,Z321
E118,E118
I714,I714
Z9880,Z988
M674,M674
M100,M100
P0001,_
S9311,S931
0,_
S318,S318
M7540,M754
S0310,S031
K519,K519
S8220,S8220
K623,K623
S9131,S913
T814,T814
Z895,Z895
W3400,_
S821,S821
M869,M869
T846,T846
S729,S729
M796,M796
Z039,Z039
M6581,M6581
W34,_
D172,D172
W55,_
T141,T141
C493,C493
J698,J698
O321,O321
G309,G309
F009,F009
S026,S026
H2591,H259
C02,C029
C49,C499
L60,L609
M8210,M8210
D059,D059
H3601,H3601
H4401,H440
H4310,H431
E1410,E141
H3600,H3600
H2090,H209
H3552,H355
H2092,H209
H3570,H357
H0011,H001
C8010,C80
C322,C322
D106,D106
T023,T023
J380,J380
D375,D375
E041,E041
K449,K449
K515,K515
K8012,K801
016,_
0410,_
H2511,H251
R609,R609
K228,K228
M8041,M8041
E149,E149
B052,B052
J171,J171
C64,C64
J324,J324
E890,E890
Z348,Z348
E90,E90
O698,O698
O709,O709
K81,K819
O620,O620
O16,O16
O441,O441
O631,O631
E113,E113
E1142,E114
E788,E788
J304,J304
H358,H358
H2641,H264
J4599,J459
N991,N991
H2609,H260
E131,E131
K130,K130
B082,B082
O420,O420
S824,S824
A069,A069
O429,O429
I844,I844
I849,I849
K352,K352
O601,O601
O439,O439
E282,E282
O909,O909
H260,H260
O641,O641
Z038,Z038
D27,D27
N994,N994
L6001,L600
C759,C759
A183,A183
A180,A180
O329,O329
E11,E119
K929,K929
2,_
R104,R104
J0190,J019
P019,P019
S9130,S913
2A,_
L723,_
H350,H350
C080,C080
D631,D631
E785,E785
N288,N288
Y453,_
T240,T240
V2999,_
S051,S051
S809,S809
Z9881,Z988
M1096,M1096
R091,R091
O459,O459
Z512,Z512
R55,R55
F419,F419
R740,R740
M1991,M1991
M1004,M1004
R739,R739
M109,M109
M102,M102
K819,K819
M7511,M751
J3302,J330
J3032,J303
T876,T876
S828,S828
V892,_
R680,R680
Z38,_
R601,R601
W54,_
B209,B209
I495,I495
J019,J019
I739,I739
H741,H741
R13,R13
Q211,Q211
C8591,C859
L72,L729
H251,H251
M8040,M8040
M9823,_
H024,H024
D400,D400
Q892,Q892
Z382,Z382
M9064,M9064
C720,C720
D370,D370
R040,R040
H045,H045
K404,K404
H059,H059
M321,M321
N085,N085
C767,C767
H401,H401
I776,I776
A09,A09
H020,H020
S370,S370
H111,H111
H1780,H178
H473,H473
H1781,H178
H169,H169
H181,H181
H405,H405
S526,S526
H118,H118
K603,K603
J040,J040
L028,L028
C069,C069
C820,C820
E142NO83,_
C500,C500
K631,K631
N1129,_
N601,N601
H252,H252
C449,C449
N842,N842
D689,D689
M1003,M1003
S518,S518
K041,K041
K643,_
K628,K628
S422,S422
M7981,M7981
S8180,S818
Z302,Z302
L892,L892
N03,N039
K644,_
M799,M799
S015,S015
L6002,L600
D141,D141
H600,H600
O096,_
Z376,Z376
S310,S310
S4240,S4240
R223,R223
I10,I10
H1102,H110
T1501,T150
T1503,T150
C530,C530
S912,S912
O624,O624
R730,R730
H029,H029
D759,D759
0807,_
N183,N183
M10,M109
J20,J209
I12,I129
B370,B370
V2209,_
S599,S599
H578,H578
W2999,_
X599,_
H160,H160
E148,E148
N979,N979
C447,C447
K591,K591
T874,T874
T813,T813
M798,M798
S119,S119
Z139,Z139
H250,H250
I843,I843
Z309,Z309
N736,N736
O720,O720
N62,N62
M4807,M4807
C089,C089
O150,O150
I840,I840
H2510,H251
E102,E102
H179,H179
Q619,Q619
M328,M328
A01,_
I700,I700
E860,E86
S424,S424
H605,H605
L309,L309
O692,O692
J310,J310
N036,N036
R221,R221
N47,N47
H341,H341
M7988,M7988
H2611,H261
W22,_
O630,O630
H2610,H261
0820,_
0322,_
P929,P929
Q359,Q359
H612,H612
I351,I351
M626,M626
M6594,M6594
I350,I350
I130,I130
K298,K298
J339,J339
H663,H663
S320,S320
N030,N030
K350,K350
Z030,Z030
0800,_
I861,I861
H408,H408
Z373,Z373
Z0800,Z080
S611,S611
R190,R190
V299,_
J1890,J189
T809,T809
R090,R090
I469,I469
O60,_
J439,J439
M0090,M0090
N850,N850
H161,H161
H000,H000
H105,H105
L980,L980
T16,T16
M6596,M6596
L570,L570
T151,T151
S418,S418
S510,S510
M1396,M1396
V8999,_
9,_
N188,N188
I328,I328
H2521,H252
S822,S822
L91,L919
K920,K920
H354,H354
G551,G551
C187,C187
G5601,G560
J34,_
C329,C329
M231,M231
M835,M835
M9050,M9050
C459,C459
J381,J381
M8090,M8090
H35,H359
D2310,D231
N6320,N63
L729,L729
M7710,M7710
K629,K629
N818,N818
Q180,Q180
N86,N86
H215,H215
E2510,_
N764,N764
I708,I708
H368,H368
L20,L209
L728,L728
N858,N858
H342,H342
S523,S523
N428,N428
0689,_
Z246,Z246
Z134,Z134
Z232,Z232
F039,F03
J309,_
M519,M519
S53,_
J383,J383
N838,N838
Q909,Q909
K804,K804
D374,D374
0901,_
T140,T140
M8932,M8932
D261,D261
J45,J459
H8301,H830
D235,D235
M8050,M8050
D232,D232
R490,R490
M9408,M940
H270,H270
H590,H590
R160,R160
H100,H100
S4310,S431
S009,S009
D486,D486
M4800,M4800
O901,O901
S614,_
S71,_
M622,M622
L988,L988
E114,E114
I489,I48
J1899,J189
Y95,_
F89,F89
M029,M029
W459,_
T013,T013
T222,T222
I830,I830
M79,M799
T796,T796
T016,T016
T07,T07
H527,H527
C81,C819
J352,J352
N97,N979
Z3000,Z300
800,_
H0014,H001
Z470,Z470
S411,S411
S711,S711
Q600,Q600
H2690,H269
H1190,H119
H2581,H258
H2580,H258
H2501,H250
H431,H431
E869,E86
S929,S929
I651,I651
H618,H618
K116,K116
R05,R05
S060,S060
S069,S069
F209,F209
T147,T147
370,_
392,_
O828,O828
J387,J387
S050,S050
Z9611,Z961
Z9610,Z961
D595,D595
C23,C23
C140,C140
D128,D128
M201,M201
S720,S720
M8160,M8160
N819,N819
M9070,M9070
E1132,E113
J219,J219
G560,G560
H2461,_
O82,O829
H2691,H269
I871,I871
K429,K429
M9421,M9421
I839,I839
O366,O366
M9680,M968
M9450,_
C412,C412
S860,S860
H59,H599
H114,H114
S630,S630
D469,D469
D099,D099
K918,K918
K639,K639
H348,H348
H442,H442
H340,H340
K610,K610
J312,J312
J353,J353
N111,N111
H522,H522
H430,H430
J479,J47
S220,S220
S120,S120
M4369,M4369
R098,R098
D630,D630
K21,K219
N433,N433
M9821,_
Z3800,Z380
H258,H258
N8500,N850
S5270,S5270
B084,B084
E10,E109
E222,E222
D110,D110
Z430,Z430
K40,K409
E709,E709
I151,I151
M6501,M6501
K3580,K358
C07,C07
K589,K589
K820,K820
D46,D469
D170,D170
M250,M250
T230,T230
D121,D121
L0261,_
S1190,S119
K044,K044
H178,H178
N158,N158
S577,_
O051,O051
H261,H261
H2504,H250
H0291,H029
H4090,H409
G521,G521
I634,I634
W250,_
W255,_
S014,S014
V2249,_
V2859,_
S017,S017
S8100,S810
T250,T250
O750,O750
H2649,H264
Z992,Z992
080,_
R591,R591
H4011,H401
23,_
H2520,H252
H4050,H405
C549,C549
Q369,Q369
M8970,_
D233,D233
H2642,H264
I411,I411
Q070,Q070
M7995,M7995
L8190,L819
S561,S561
H3531,H353
H4422,H442
H0242,H024
H0282,H028
H3480,H348
H3532,H353
H3300,H330
S0500,S050
H3481,H348
O324,O324
N751,N751
M490,M490
R102,R102
J1891,J189
M8800,M880
D414,D414
N879,N879
Z010,Z010
I229,I229
O813,O813
H2692,H269
C250,C250
I872,I872
A06,A069
E834,E834
G468,G468
K048,K048
E133,E133
J350,J350
S524,S524
N118,N118
L9801,L980
Z466,Z466
A630,A630
H18,H189
M722,M722
M170,M170
D367,D367
D213,D213
D215,D215
H652,H652
O323,O323
Z80,Z809
M7297,M7297
M678,M678
K571,K571
Z031,Z031
S6261,S6261
S010,S010
I652,I652
Q048,Q048
N908,N908
I729,I729
S719,_
D380,D380
D125,D125
T852,T852
W1999,_
R224,R224
S055,S055
D126,D126
L040,L040
S4231,S4231
G80,G809
K388,K388
T14IW54,_
S308,S308
K430,K430
A068,A068
N940,N940
D060,D060
T14IW55,_
B99,B99
O349,O349
M4056,M4056
I951,I951
C785,C785
C787,C787
M771,M771
S710,S710
J300,J300
M2548,M2548
M8599,M8599
O729,_
O769,_
Z901,Z901
N84,N849
N20,N209
Z30,Z309
B379,B379
K294,K294
T146,T146
N509,N509
O48,O48
S528,S528
T010,T010
S917,S917
W1899,_
B029,B029
Q181,Q181
L928,L928
N1185,N118
R227,R227
1120,_
T310,T310
Q611,Q611
E144,E144
G632,G632
K660,K660
I511,I511
N399,N399
J410,J410
V255,_
W019,_
X999,_
H1880,H188
E669,E669
I770,I770
J010,J010
Q658,Q658
M419,M419
G800,G800
O983,O983
Y848,_
B354,B354
H445,H445
I889,I889
J359,J359
H919,H919
H109,H109
F078,F078
B369,B369
H622,H622
Q172,Q172
380,_
S4230,S4230
H1680,H168
N210,N210
L0321,L032
H3503,H350
3,_
S868,S868
C494,C494
E1133,E113
13,_
Z372,Z372
C54,C549
J01,J019
D25,D259
D250,D250
M9861,_
C92,C929
K42,K429
K420,K420
L03,L039
M9970,M9970
C139,C139
A182,A182
T83,T839
H699,H699
H2643,H264
R131,R13
Z930,Z930
O00,O009
J955,J955
Q401,Q401
I84,I849
I35,I359
H0241,H024
Z691,_
H5220,H522
M8895,M8895
N798,_
S0651,S0651
S0290,S0290
S626,S626
S830,S830
C531,C531
H3500,H350
C16,C169
O69,O699
E011,E011
S521,S521
F410,F410
Z955,Z955
S065,S065
S608,S608
C921,C921
0629,_
08O0,_
Q221,Q221
N952,N952
C5099,C509
Z355,Z355
H3520,H352
H3581,H358
H3521,H352
H3522,H352
H3482,H348
S7200,S7200
L989,L989
M819,M819
I100,I10
N151,N151
N008,N008
K768,K768
L010,L010
K822,K822
C845,C845
E660,E660
M1395,M1395
N133,N133
M45,M45
M6522,M6522
J985,J985
I062,I062
M533,M533
O830,O830
O831,O831
J42,J42
K80,_
K930,K930
I982,I982
H028,H028
M8699,M8699
S9270,S9270
Z305,Z305
B24,B24
H4311,H431
N471,N47
M7000,M7000
J3800,J380
K053,K053
H1106,H110
I8915,I891
8,_
E1130,E113
Q381,Q381
H2522,H252
A071,A071
K056,K056
R918,R91
R0202,R02
I611,I611
0364,_
Q279,Q279
M726,M726
B968,B968
E078,E078
J012,J012
L910,L910
S6191,S619
J051,J051
O241,O241
T861,T861
H701,H701
O756,O756
S013,S013
O030,O030
E880,E880
H3571,H357
H3331,H333
L609,L609
S0520,S052
H3330,H333
L9800,L980
0801,_
Z3801,Z380
B085,B085
M9131,M913
X5999,_
V8929,_
K123,K123
W19,_
R042,R042
L088,L088
O350,O350
M8521,M852
C91,C919
G990,G990
E875,E875
D413,D413
S063,S063
V99,_
H4301,H430
Z9851,_
M7918,M7918
R074,R074
O629,O629
O053,O053
T844,T844
T875,T875
T847,T847
W320,_
Z933,Z933
D239,D239
S9230,S9230
M255,M255
S826,S826
S3200,S3200
M800,M800
Z894,Z894
S612,_
K351,K351
A165,A165
Z490,Z490
K613,K613
D377,D377
H3572,H357
H3090,H309
O621,O621
O44,_
Z369,Z369
P210,P210
K513,K513
S6992,S699
M9084,M9084
D489,D489
M650,M650
K833,K833
E1131,E113
O810,O810
M871,M871
M541,M541
G635,G635
I847,I847
N802,N802
N73,N739
D445,D445
N630,N63
T003,T003
T931,T931
K293,K293
M8245,_
O419,O419
O693,O693
O068,O068
N926,N926
N870,N870
S6120,_
H0692,_
B07,B07
M2321,M2321
N701,N701
K353,K353
H912,H912
Q741,Q741
M489,M489
C57,C579
S833,S833
H4022,H402
J330,J330
0821,_
H2592,H259
M755,M755
S920,S920
Z10,_
J09,J09
H218,H218
R33,R33
M810,M810
R91,R91
M257,M257
E784,E784
P072,P072
M713,M713
D175,D175
C170,C170
N131,N131
S2280,S2280
D480,D480
S9240,S9240
M518,M518
T001,T001
S531,S531
O152,O152
S663,S663
Z371,Z371
T198,T198
H200,H200
D046,D046
S689,S689
R31,R31
S62,_
D177,D177
M7738,M773
P013,P013
G542,G542
S923,S923
S399,S399
S609,S609
R11,R11
R638,R638
D100,D100
E130,E130
R392,R392
K121,K121
O331,O331
Z354,Z354
M1900,M190
R398,R398
K641,_
L509,L509
I482,I48
S5292,S529
Z3001,Z300
K439,K439
Z383,Z383
E136,E136
S408,S408
O288,O288
S6101,S610
V2259,_
C495,C495
W0799,_
T171,T171
O300,O300
O842,O842
S6210,S6210
S4200,S4200
V2899,_
T149,T149
D173,D173
S012,S012
V2299,_
S062,S062
S9100,S910
A46,A46
K3189,K318
2370,_
2392,_
N239,N23
S723,S723
P241,P241
L209,L209
N64,N649
M479,M479
M751,M751
S6121,_
S670,S670
S6130,_
S825,S825
B083,B083
D561,D561
E756,E756
E716,_
S8260,S8260
L0241,L024
E1150,E115
Z980,Z980
Q539,Q539
C409,C409
O341,O341
O878,O878
S924,S924
J44,J449
I50,I509
K626,K626
D508,D508
Z3700,Z370
C439,C439
C570,C570
Z33,Z33
O3390,O339
429,_
O06,O069
O363,O363
O063,O063
K227,K227
D130,D130
K868,K868
D379,D379
K861,K861
M171,M171
M4787,M4787
M719,M719
L405,L405
M073,M073
S649,S649
B072,B07
M658,M658
M844,M844
M1904,M1904
M1318,M1318
K633,K633
B353,B353
J188,J188
P592,P592
M1010,M1010
N211,N211
R17,R17
P285,P285
S007,S007
V099,_
V224,_
O368,O368
E853,E853
H1140,H114
K209,K20
K120,K120
S909,S909
H2620,H262
E768,E768
M9016,M9016
Q763,Q763
E806,E806
H2621,H262
Z320,Z320
B77,B779
A861,A86
H4421,H442
H2612,H261
Z9612,Z961
W2288,_
S910,S910
S624,S624
N970,N970
N760,N760
S312,S312
G590,G590
N821,N821
A188,A188
I320,I320
H4300,H430
W870,_
S053,S053
08O9,_
N318,N318
C4101,C4101
L9280,L928
E1151,E115
E0421,E042
L0200,L020
T08,T08
H2180,H218
I694,I694
I451,I451
D34,D34
C249,C249
J69,_
I7091,I7091
T827,T827
N44,N44
N811,N811
D385,D385
B689,B689
S208,S208
M6294,M6294
B181,B181
S699,S699
W299,_
D219,D219
E739,E739
J390,J390
M8198,M8198
O243,O243
O640,O640
I131,I131
Z519,Z519
M1997,M1997
S212,S212
K311,K311
V2749,_
S509,S509
W230,_
V289,_
K315,K315
H624,H624
K131,K131
H71,H71
S022,S022
P219,P219
E0490,E049
E0491,E049
E0790,E079
K754,K754
I855,_
Q375,Q375
N89,N899
D2220,D222
S722,S722
D17,D179
M51,M519
I456,I456
D000,D000
S0220,S0220
H143,_
L0310,L031
N350,N350
H2710,H271
R2201,R220
N69,_
E160,E160
D550,D550
I460,I460
H021,H021
M670,M670
N321,N321
F028,F028
D390,D390
C811,C811
S969,S969
N907,N907
M8140,M8140
L722,L722
J328,J328
J042,J042
S410,S410
C059,C059
M7989,M7989
H4920,H492
H438,H438
H334,H334
N898,N898
D210,D210
S623,S623
N813,N813
M4806,M4806
Z931,Z931
S9312,S931
N632,N63
D229,D229
S837,S837
H444,H444
J950,J950
M779,M779
D249,D24
S834,S834
S0551,S055
C12,C12
C491,C491
J180,J180
F458,F458
R430,R430
C443,C443
H500,H500
M753,M753
S661,S661
0429,_
M8697,M8697
I864,I864
S799,S799
S8320,S832
R339,R33
G636,G636
N035,N035
Z902,Z902
Y423,_
E14,E149
1501,_
P391,P391
R2232,R223
Z4802,Z480
B023,B023
K649,_
R041,R041
S1210,S1210
T307,T307
M0645,M0645
S0241,S0241
V234,_
H268,H268
F01,F019
O335,O335
O61,O619
L0315,L031
I709,I709
0370,_
O000,O000
Z8744,Z874
N258,N258
C25,C259
S023,S023
M9473,_
N18,N189
J30,_
O610,O610
Q133,Q133
S530,S530
C774,C774
M6587,M6587
S529,S529
M215,M215
H310,H310
C680,C680
D760,D760
Z471,_
O40,O40
L84,L84
W39,_
L280,L280
S2081,S208
S9231,S9231
S273,S273
S9101,S910
S3101,S310
W11,_
J322,J322
S309,S309
H309,H309
L239,L239
T292,T292
K767,K767
N144,N144
N391,N391
B769,B769
Z353,Z353
S300,S300
S058,S058
M0806,M0806
D015,D015
5,_
L973,L97
D1722,D172
A560,A560
T2502,T250
L891,L891
R188,R18
L942,L942
S5261,S5261
Z960,Z960
O326,O326
K410,K410
H93,H939
T173,T173
N361,N361
T849,T849
C560,C56
N492,N492
M1910,M191
H650,H650
T7960,T796
K6289,K628
T841,T841
I21,I219
L519,L519
C569,C56
K22,K229
H164,H164
B589,B589
D051,D051
B185,_
P050,P050
K310,K310
Q282,Q282
M009,M009
C773,C773
H2701,H270
C410,C410
C718,C718
C839,C839
T360,T360
Y400,_
M538,M538
K605,K605
C901,C901
L739,L739
M258,M258
M064,M064
I848,I848
J384,J384
T10,T10
N890,N890
O369,O369
C90,_
R57,R579
J37,_
C696,C696
R652,R652
D709,D70
A691,A691
O2441,O2441
O0961,_
O648,O648
O42,O429
N032,N032
L40,L409
S808,S808
T251,T251
M544,M544
O011,O011
S731,S731
S4225,S422
K788,_
R81,R81
B351,B351
N99,N999
S3250,S3250
N951,N951
W0604,_
S064,S064
S066,S066
H729,H729
J91,J91
S7235,S723
D1721,D172
C4412,C441
E1422,E142
083,_
A249,_
0149,_
D166,D166
K229,K229
E786,E786
O652,O652
H0441,H044
Z37,Z379
I514,I514
R298,R298
Q513,Q513
O992,O992
K928,K928
E782,E782
F050,F050
S0532,S053
H0141,_
S6260,S6260
M7711,M771
M6531,M653
M6780,M6780
S5191,S519
S9121,S912
D1771,D177
B0841,B084
S7211,S7211
L0891,L089
S7210,S7210
E1450,E145
D216,D216
H0240,H024
D231,D231
0770,_
O159,O159
O870,O870
K2960,K296
I252,I252
H0016,H001
J942,J942
006,_
N2002,N200
R599,R599
K118,K118
L923,L923
O722,O722
G938,G938
M7939,M7939
I635,I635
O239,O239
B160,B160
M6266,M6266
O269,O269
H709,H709
O985,O985
A490,A490
M4726,M4726
P783,P783
O908,O908
P009,P009
M4722,M4722
D66,D66
T911,T911
B941,B941
T266,T266
I612,I612
A690,A690
K102,K102
P007,P007
S097,S097
M608,M608
B341,B341
P704,P704
G300,G300
K750,K750
I269,I269
F840,F840
H661,H661
N410,N410
A155,A155
M7929,M7929
O059,O059
M6290,M6290
N394,N394
O471,O471
A079,A079
K718,K718
R54,R54
H470,H470
B779,B779
D430,D430
I421,I421
P017,P017
M4786,M4786
K803,K803
D610,D610
G419,G419
D103,D103
H403,H403
R32,R32
D163,D163
K745,K745
P589,P589
J1563,J156
P211,P211
S0200,S0200
B159,B159
K720,K720
J4580,J458
B909,B909
S0270,S0270
G038,G038
N298,N298
N279,N279
E100,E100
L139,L139
I019,I019
I158,I158
D899,D899
T912,T912
S0691,S0691
P569,P569
I342,I342
D352,D352
E112N083,_
F311,F311
Y409,_
P018,P018
M0649,M0649
I639G467,_
N171,N171
P036,P036
C155,C155
Q447,Q447
A310,A310
Q621,Q621
K740,K740
N930,N930
M1391,M1391
M1098,M1098
O11,O11
L00,L00
G310,G310
A498,A498
G408,G408
D648,D648
M1094,M1094
K113,K113
A89,A89
K090,K090
G360,G360
O249,O249
D350,D350
F339,F339
S2230,S2230
P546,P546
E069,E069
N450,N450
F239,F239
T901,T901
M1988,M1988
J438,J438
N946,N946
M0609,M0609
I442,I442
T751,T751
T202,T202
M7915,M7915
A99,A99
G724,G724
P968,P968
P080,P080
O991,O991
M1390,M1390
T909,T909
J1503,J150
T910,T910
O993,O993
Q332,Q332
C402,C402
G549,G549
P77,P77
G969,G969
F329,F329
G911,G911
C320,C320
E798,E798
G610,G610
O989,O989
T402,T402
D688,D688
G401,G401
I422,I422
M349,M349
P558,P558
M1906,M190
O101,O101
T810,T810
A418,A418
M54,M549
D376,D376
M6265,M6265
A38,A38
N130,N130
G373,G373
F252,F252
F312,F312
N748,N748
O997,O997
O235,O235
K289,K289
P120,P120
P809,P809
T578,T578
M0696,M0696
M7980,M7980
M5439,M5439
M0097,M0097
Q278,Q278
A085,A085
A938,A938
G433,G433
Q935,Q935
P60,P60
G909,G909
J931,J931
P90,P90
E249,E249
G400,G400
I710,I710
K739,K739
K703,K703
M673,M673
M0094,M0094
T671,T671
A819,A819
Q902,Q902
T797,T797
D372,D372
J948,J948
P838,P838
G039,G039
P00000,P000
G406,G406
J1522,J152
P368,P368
K287,K287
S430,S430
E230,E230
J1533,J153
G009,G009
O731,O731
K049,K049
M1317,M1317
D134,D134
J983,J983
MDP01,_
M318,M318
G919,G919
N730,N730
S836,S836
K668,K668
T213,T213
M352,M352
S021,S021
H4091,H409
K919,K919
G418,G418
K743,K743
D752,D752
D568,D568
D618,D618
I606,I606
Q811,Q811
0039,_
91,_
O4,_
S228,S228
K220,K220
H3501,H350
H1040,H104
K061,K061
N323,N323
Z801,Z801
Z940,Z940
D211,D211
N603,N603
R0902,R090
S898,S898
M712,M712
Y283,_
X990,_
O48O,O48
O642,O642
W87,_
K148,K148
S0110,S011
O109,O109
N159,N159
W270,_
W247,_
S313,S313
H3502,H350
M765,M765
Z480,Z480
W209,_
W238,_
J06,J069
C833,C833
D50,D509
Q90,Q909
S136,S136
S089,S089
M792,M792
H112,H112
A309,A309
S127,S127
E079,E079
0141,_
120,_
M1961,_
S311,S311
T818,T818
K829,K829
M8001,M8001
O622,O622
T857,T857
H4001,H400
H4380,H438
D334,D334
N369,N369
O033,O033
O340,O340
H0000,H000
S6122,_
S724,S724
N184,N184
I868,I868
H171,H171
M8011,M8011
Z431,Z431
O682,O682
M8851,_
L589,L589
M8900,M8900
M8310,M8310
S024,S024
Z9841,_
Q647,Q647
N489,N489
N342,N342
Z331,Z33
C501,C501
F845,F845
F200,F200
I8501,I850
B962,B962
Z488,Z488
0681,_
0441,_
0244,_
M651,M651
B079,B07
J311,J311
M17,M179
Z49,_
O328,O328
C110,C110
C44BASALCELLCARCINOMA,_
C340,C340
C710,C710
C540,C540
M86,M869
M150,M150
K432,_
N949,N949
K66,K669
R10,_
0800A0,_
X48,_
Y56,_
S5281,S5281
W1808,_
R21,R21
D212,D212
M4189,M4189
W0488,_
D251,D251
O336,O336
C919,C919
M7125,M712
S4280,S4280
N429,N429
H878,_
O403,O40
Q549,Q549
J351,J351
B178,B178
T019,T019
L893,L893
K2940,K294
S052,S052
H046,H046
N070,N070
S5251,S5251
V89,_
Z510,Z510
C21,_
C519,C519
C729,C729
Q334,Q334
S0111,S011
K627,K627
O751,O751
T920,T920
M2546,M2546
2380,_
N500,N500
O779,_
Z641,Z641
T1500,T150
G431,G431
R092,R092
S857,S857
N491,N491
S002,S002
B088,B088
S8101,S810
T828,T828
S682,S682
S617,S617
B650,B650
M140,M140
O986,O986
S271,S271
X99,_
Z824,Z824
K761,K761
J1822,J182
S522,S522
D45,D45
G470,G470
E289,E289
M430,M430
J207,J207
T461,T461
X649,_
M431,M431
N23,N23
J011,J011
M9020,M9020
M9380,M9380
M9592,M959
C850,C850
K447,_
M239,M239
L02,L029
R92,R92
W1099,_
S637,S637
N924,N924
S527,S527
R22,R229
S8351,S8351
C801,C80
N329,N329
M434,M434
Z436,Z436
O031,O031
R2230,R223
O770,_
H279,H279
K400,K400
S908,S908
O63,O639
Q850,Q850
O411,O411
M707,M707
H356,H356
M9961,M9961
I789,I789
I958,I958
R876,R876
M9960,M9960
H0181,H018
L0240,L024
C218,C218
I99,I99
S72,S729
N181,N181
K559,K559
J340,J340
D2120,D212
S6291,_
L9891,L989
E1331,E133
S0260,S0260
C827,C827
C348,C348
K217,_
S0261,S0261
K469,K469
L930,L930
O840,O840
Z377,Z377
S8284,S828
M6743,M6743
K046,K046
K134,K134
K011,K011
H05,H059
I771,I771
J1590,J159
K112,K112
L639,L639
R001,R001
E030,E030
K050,K050
E061,E061
W1804,_
W0109,_
K222,K222
Q929,Q929
C099,C099
H4010,H401
E1135,E113
H3580,H358
J910,J91
Q240,Q240
F019,F019
M6285,M6285
S8221,S8221
W1362,_
D101,D101
M6539,M6539
Z001,Z001
S520,S520
Q182,Q182
K64,_
H00,_
K051,K051
A913,A91
H830,H830
S5230,S5230
S8250,S8250
K073,K073
I49,I499
M32,M329
B070,B07
I8030,I803
H1082,H108
B269,B269
T8522,T852
C01,C01
C319,C319
L049,L049
L22,L22
Z304,Z304
Z3880,Z388
S823,S823
3A,_
O344,O344
B378,B378
H441,H441
S935,S935
L8915,L891
D482,D482
S813,_
N810,N810
S005,S005
M1258,M1258
S925,S925
A491,A491
S807,S807
​,_
K913,K913
O151,O151
E1430,E143
D510,D510
M7998,M7998
V280,_
H010,H010
S801,S801
M7667,M7667
M7541,M754
Q6602,Q660
B658,B658
Q7439,Q743
Q6600,Q660
M2456,M2456
M8460,_
Z13,Z139
S219,S219
O719,O719
S5180,S518
H182,H182
L688,L688
H570,H570
Z867,Z867
H544,H544
T111,T111
S202,S202
M1995,M1995
K264,K264
G819,G819
D696,D696
O64,O649
S329,_
S334,S334
L0390,L039
L0890,L089
J0120,J012
M879,M879
L979,L97
H1681,H168
S344,S344
L9751,L97
L975,L97
S0180,S018
T2520,T252
S372,S372
N639,N63
D407,D407
H351,H351
J852,J852
C260,C260
O688,O688
O658,O658
M8014,M8014
S6230,S6230
S429,S429
D282,D282
S5210,S5210
O611,O611
S5220,S5220
I671,I671
D242,D24
N882,N882
N836,N836
L538,L538
D280,D280
S129,S129
C779,C779
I519,I519
H0202,H020
C184,C184
D6959,D695
H40,H409
K9222,K922
90,_
O711,O711
D236,D236
K263,K263
C730,C73
Z138,Z138
R932,R932
O0399,O039
R629,R629
O755,O755
Q660,Q660
M459,M459
S9200,S9200
M471,M471
Q141,Q141
S4220,S4220
I26,I269
S728,S728
Z413,Z413
M131,M131
S325,S325
S709,S709
T028,T028
V03,_
H011,H011
H246,_
S730,S730
D640,D640
A070,A070
H579,H579
K8020,K802
K0500,K0500
D181,D181
S0131,S013
S6141,_
K083,K083
H2605,H260
N929,_
S622,S622
C448,C448
M6530,M6530
J0382,J038
Q501,Q501
Y838,_
Z478,Z478
S111,S111
M13,M139
I080,I080
K402,K402
G589,G589
S5205,S520
N340,N340
Z949,Z949
M8480,M8480
S3990,S399
V029,_
W1799,_
T905,T905
T902,T902
V270,_
V195,_
S0150,S0150
S0140,S0140
S0182,S018
N280,N280
O808,O808
T71,T71
S109,S109
G312,G312
H521,H521
E8809,E880
S631,S631
M9260,M926
Z082,Z082
M9180,M9180
M8550,M8550
M8410,M8410
Z087,Z087
H588,H588
X59,_
B260,B260
N511,N511
M1387,M1387
V285,_
W2362,_
R100,R100
S028,S028
S421,S421
G513,G513
A179,A179
K681,_
I772,I772
M1986,M198
N849,N849
D269,D269
D140,D140
N368,N368
D223,D223
M2454,M2454
Y849,_
J68,J689
L984,L984
N358,N358
H4051,H405
H2181,H218
O651,O651
H5990,H599
H3582,H358
H3100,H310
H4330,H433
E469,E46
S648,S648
M720,M720
M200,M200
S625,S625
O443,_
B37,B379
O03,O039
H5001,H500
H5012,H501
T843,T843
Y841,_
S636,S636
Y831,_
T853,T853
M4316,M4316
Q528,Q528
E104,E104
H4003,H400
S6271,S6271
Z791,_
K010,K010
M7227,M7227
M6584,M6584
H4331,H433
M7712,M7712
M7791,M7791
V200,_
S635,S635
S003,S003
L700,L700
K255,K255
V2399,_
A048,A048
R688,R688
S798,S798
Q150,Q150
I102,I10
W0199,_
B9681,B968
N801,N801
H103,H103
T180,T180
O333,O333
M8810,_
L409,L409
N922,N922
Z975,Z975
N648,N648
Z419,Z419
S628,S628
D483,D483
R659,R659
F150,F150
F159,F159
F109,F109
F179,F179
K092,K092
N034,N034
R798,R798
N134,N134
Z014,Z014
T172,T172
I319,I319
O669,O669
O019,O019
C490,C490
M954,M954
S936,S936
Z800,Z800
O820Z,_
S534,S534
S4202,S420
Y919,_
N920,N920
K701,K701
C858,_
Z438,Z438
M274,_
M1016,M1016
L608,L608
E870,E870
L08,L089
T658,T658
S01,S019
M4196,M4196
S9841,S984
N051,N051
N103,N10
H209,H209
S020,S020
S629,_
Z524,Z524
M9173,_
M9989,M9989
D171,D171
H501,H501
E04,E049
R78,R789
Q762,Q762
S143,S143
I44,_
O68,O689
D444,D444
H4019,H401
H5011,H501
K509,K509
M8145,M8145
N888,N888
K088,K088
K068,K068
K006,K006
H2711,H271
K600,K600
H1830,H183
O320,O320
008,_
C186,C186
M241,M241
C482,C482
N719,N719
K29,K299
H219,H219
E038,E038
N21,N219
S6181,S618
H3321,H332
S001,S001
J321,J321
I738,I738
Z434,Z434
C433,C433
S5190,S519
V229,_
M104,M104
M998,M998
S961,S961
Z926,Z926
K309,K30
Z907,Z907
M968,M968
M6549,M6549
H2597,H259
M7799,M7799
K0510,K0510
O343,O343
O043,O043
M130,M130
N816,N816
M6262,M6262
O838,O838
O302,O302
O6010,O601
K5190,K519
A047,A047
M710,M710
O823,_
C69,C699
X9999,_
Z904,Z904
M703,M703
P082,P082
S981,S981
L0301,L030
S7291,S7291
O900,O900
P95,P95
S91,S919
J358,J358
2592,_
L259,L259
O76,_
Z38O,_
H170,H170
S5260,S5260
G700,G700
O14,O149
S141,S141
T24,_
S5640,S564
Z418,Z418
S5200,S5200
W7088,_
I081,I081
S0181,S018
7,_
F192,F192
C711,C711
O697,_
J901,J90
S118,S118
D432,D432
S6190,S619
E668,E668
V199,_
R599TYPEA,_
Y049,_
S054,S054
B49,B49
L130,L130
L080,L080
O832,O832
D431,D431
R500,_
K625,K625
M254,M254
G319,G319
T115,T115
T178,T178
M856,M856
D227,D227
P020,P020
D591,D591
H2660,_
A1550,A155
D105,D105
K44,K449
D294,D294
N302,N302
I954,_
Z374,Z374
Y089,_
S7220,S7220
C440,C440
H6010,H601
O659,O659
H2150,H215
M219,M219
R2231,R223
S9133,S913
M9392,M9392
K869,K869
T858,T858
H2509,H250
M8720,M8720
O361,O361
C4402,C440
K620,K620
C165,C165
0829,_
M9560,_
H448,H448
G728,G728
S0631,S0631
T189,T189
X69,_
M8045,M8045
H311,H311
N852,N852
Q121,Q121
0369,_
A4151,A415
E1169,E116
R7301,R730
O8000,O800
14,_
E1122,E112
S921,S921
H188,H188
H2601,H260
C690,C690
J32,J329
M2320,M2320
H359,H359
Z3493,Z349
E0590,E059
G950,G950
K284,K284
I472,I472
T492,T492
D439,D439
E830,E830
K721,K721
P029,P029
C162,C162
D330,D330
N001,N001
J030,J030
S0601,S0601
S0210,S0210
E107,E107
J1513,J151
Q433,Q433
P243,P243
A192,A192
A979,_
A483,A483
M7909,M7909
A492,A492
A010J170,_
F220,F220
F105,F105
J1823,J182
A191,A191
M332,M332
G448,G448
T303,T303
T930,T930
A154,A154
N250,N250
M6000,M6000
G238,G238
F203,F203
F232,F232
F205,F205
F700,F700
F29,F29
F531,F531
F191,F191
F068,F068
K758,K758
J869,J869
F313,F313
C301,C301
M0694,M0694
Q897,Q897
F101,F101
M1190,M1190
C66,C66
L88,L88
E274,E274
H604,H604
K850,K850
I828,I828
T424,T424
T604,T604
G709,G709
S435,S435
T210,T210
Q822,Q822
K103,K103
C959,C959
C269,C269
I020,I020
I288,I288
J1543,J154
K119,K119
K522,K522
N499,N499
P002,P002
I749,I749
H748,H748
G98,G98
N944,N944
E125,E125
T928,T928
P741,P741
F09,F09
C761,C761
G729,G729
J133,J13
K630,K630
A184,A184
N948,N948
B171,B171
O219,O219
C58,C58
F328,F328
P922,P922
T66,T66
G301,G301
J851,J851
B012J171,_
D441,D441
T672,T672
N738,N738
C492,C492
D531,D531
A94,A94
M4646,M4646
T900,T900
O208,O208
K858,K858
D609,D609
A300,A300
D384,D384
Q231,Q231
G249,G249
H659,H659
E058,E058
M501,M501
A379J170,_
P026,P026
A010J17,_
C716,C716
T313,T313
G951,G951
E58,E58
A080,A080
G912,G912
E881,E881
Z01201,Z012
F316,F316
N135,N135
P545,P545
S960,S960
G253,G253
T55,T55
J1512,J151
S763,S763
I492,I492
D732,D732
F530,F530
G311,G311
P351,P351
D371,D371
E132N083,_
E102N083,_
D599,D599
Q899,Q899
M1905,M1905
C950,C950
A028,A028
M5412,M5412
M4797,M4797
P028,P028
M8189,M8189
D849,D849
I803,I803
K512,K512
T938,T938
G060,G060
M0687,M0687
G903,G903
P360,P360
C050,C050
M642,_
C85,C859
J386,J386
M2116,M2116
I721,I721
C182,C182
S60,S609
N058,N058
Z135,Z135
Z3046,Z304
N393,N393
T233,T233
E1143,E114
H150,H150
J182,J182
T610,T610
S398,S398
K111,K111
C764,C764
H6189,H618
D143,D143
D225,D225
M8662,M8662
L578,L578
S0291,S0291
Z908,Z908
I63,I639
A164,A164
C090,C090
T304,T304
O0800,O080
I4891,I48
B880,B880
M4892,M4892
N823,N823
C22,C229
O655,O655
S319,_
I11,I119
D1720,D172
P837,_
O309,O309
C930,C930
G991,G991
S51,S519
S211,S211
Q224,Q224
B027,B027
B980,B980
K223,K223
E841,E841
R2242,R224
R49,_
F320,F320
T812,T812
Z352,Z352
T831,T831
O268,O268
W4499,_
N608,N608
E040,E040
Y310,_
Z6490,_
K27,K279
B89,B89
O358,O358
O65,O659
M8520,M8520
Z3710,Z371
O1,_
Z342,_
Q000,Q000
L0100,L010
Z923,Z923
S999,S999
J170,J170
K282,K282
G09,G09
B956,B956
T2821,T282
H938,H938
D731,D731
S221,S221
S327,S327
S5290,S5290
0680,_
K267,K267
K257,K257
M7050,M7050
S899,S899
M864,M864
T840,T840
M190,M190
C3490,C349
R569,_
T873,T873
P250,P250
R829,R829
T859,T859
H0450,H045
H4701,H470
X110,_
T170XXA,_
M767,M767
M9714,_
C857,C857
M841,M841
T980,T980
H905,H905
D397,D397
M9530,M953
M3214,M321
N362,N362
B009,B009
M8312,M8312
C384,C384
O142,O142
C621,C621
N899,N899
L602,L602
H025,H025
T17,T179
0620,_
D467,D467
K054,K054
S2231,S2231
S820,S820
H599,H599
K834,K834
H6690,H669
H72,H729
N412,N412
H185,H185
L400,L400
H30,H309
T11,T119
J399,J399
L7210,L721
M861,M861
C43MELANOMA,_
H27,H279
J03,J039
F010,F010
T170,T170
N05,N059
I631,I631
K224,K224
L93,_
I82,I829
A41,A419
H60,H609
I716,I716
E78,E789
R69,R69
Z513,Z513
048,_
S6081,S6081
W559,_
0331,_
D4870,D487
H113,H113
K259\,_
D2111,D211
S5240,S5240
A759,A759
W1909,_
S134,S134
S241,S241
S0090,S009
O380,_
E1140,E114
K656,_
I85,I859
C009,C009
I879,I879
I4990,I499
Z936,Z936
S686,_
S8240,S8240
S902,S902
R59,R599
S299,S299
P616,P616
S5280,S5280
V30,_
K521,K521
W2299,_
Z861,Z861
H2512,H251
N033,N033
M7137,M7137
N814,N814
T2412,T241
D252,D252
S9251,S9251
R020,R02
S6049,_
W201,_
W200,_
I5160,I516
W14,_
V37,_
S5291,S5291
L859,L859
V26,_
W31,_
S8191,S819
22,_
S4110,S411
M9801,_
C445,C445
H1790,H179
21,_
S9111,S911
S361,S361
11,_
K562,K562
K4090,K409
I440,I440
Q7482,Q748
Q6822,Q682
F104,F104
K300,K30
F411,F411
M8542,M8542
L235,L235
Q6601,Q660
Q7090,Q709
I669,I669
D260,D260
M198,M198
I712,I712
R908,R908
I870,I870
D685,D685
G936,G936
A858,A858
X46,_
T1420,T1420
M1994,M1994
E833,E833
K089,K089
H3421,H342
M4790,M4790
T018,T018
O765,_
M1287,M1287
N432,N432
H1180,H118
H1120,H112
S328,S328
S321,S321
S634,S634
O24,O249
C160,C160
N8380,N838
S627,S627
C024,C024
K500,K500
S613,_
I516,I516
H184,H184
Q273,Q273
M9100,M9100
A181,A181
N291,N291
M8890,M8890
K4091,K409
D594,D594
C113,C113
M224,M224
S16,S16
Z922,Z922
O821Z,_
Q522,Q522
O809Z,_
S314,S314
Q431,Q431
R19,_
D40,D409
L0221,L022
E135,E135
C574,C574
D0003,D000
K57,K579
S621,S621
E8881,E888
K943,_
G4090,G409
G4020,G402
H2502,H250
C15,C159
R2241,R224
Z9221,Z922
L0291,L029
J02,J029
M8832,_
T302,T302
7392,_
Z398,_
V8994,_
S3091,S309
S8190,S819
S8170,S817
R000,R000
N04,N049
I228,I228
F802,F802
G609,G609
H921,H921
S508,S508
I513,I513
I713,I713
B012,B012
M484,M484
C765,C765
F431,F431
M8408,M8408
T801,T801
R1905,R190
M9731,_
C902,C902
S5241,S5241
D279,D27
W190,_
H0261,H026
D241,D24
C411,C411
M8430,M8430
S057,S057
N998,N998
T131,T131
Q610,Q610
B34,B349
Q220,Q220
N830,N830
O890,O890
M6027,M6027
C480,C480
M542,M542
M138,M138
C829,C829
S210,S210
C328,C328
S831,S831
A919,A919
S9085,S908
N600,N600
0601,_
I122,_
E440,E440
D438,_
M8590,M8590
Q212,Q212
M8020,M8020
T833,T833
M868,M868
Q203,Q203
N186,_
P582,P582
S3700,S3700
Z905,Z905
M2547,M2547
B050,B050
S8289,S828
V293,_
C799,C799
D176,D176
E048,E048
M9540,M954
S317,S317
S400,S400
G808,G808
M9950,M9950
I779,I779
B839,B839
M438,M438
Y577,_
X5990,_
T311,T311
M6772,_
Q7989,Q798
N2000,N200
I846,I846
T888,T888
G563,G563
M602,M602
R572,R572
I254,I254
Q379,Q379
H520,H520
E343,E343
Q699,Q699
J181,J181
A59,A599
E40,E40
O618,O618
T349,T349
S427,S427
S61,S619
T794,T794
S701,S701
I111,_
M6298,M6298
E970,_
M706,M706
T848,T848
F011,F011
O37,_
W349,_
B373,B373
N771,N771
S360,S360
A278,A278
M6740,M6740
H1111,H111
S8181,S818
O715,O715
M8616,M8616
M8400,M8400
L9790,L97
F39,F39
S889,S889
S6180,S618
S9330,S933
S4201,S4201
C5400,C540
E0480,E048
H3542,H354
H3342,H334
K92,K929
M9471,_
K200,K20
K5780,K578
H3340,H334
H3592,H359
H3590,H359
S8321,S832
N839,N839
T802,T802
C67,C679
J0381,J038
I72,I729
K632,K632
E42,E42
M8950,M8950
C577,C577
S601,S601
J371,J371
Z012,Z012
R069,_
O010,O010
M6544,M654
Q313,Q313
S81,S819
K256,K256
T913,T913
0701,_
J31,_
D127,D127
I742,I742
S560,S560
C131,C131
Q315,Q315
K61,_
C381,C381
C9101,C910
Q825,Q825
C931,C931
H653,H653
0150,_
M729,M729
Z100,Z100
D600,D600
H447,H447
F10,F109
K441,K441
K31,K319
A198,A198
K226,K226
K261,K261
F55,F55
M500,M500
G992,G992
H4081,H408
H1161,_
K059,_
Q039,Q039
V2258,_
V021,_
W0130,_
E132,E132
Z858,Z858
S58,S589
H2549,_
H4360,_
E1432,E143
K651,_
T834,T834
H019,H019
R120,R12
D750,D750
T1502,T150
S6280,S6280
O330,O330
C103,C103
E743,E743
M2540,M2540
M2488,M2488
S507,S507
K570,K570
Q370,Q370
O083,O083
N029,N029
H5900,H590
H5901,H590
E071,E071
H058,H058
W2591,_
T290,T290
O602,O602
K3589,K358
O355,O355
O008,O008
K275,K275
I461,I461
D401,D401
J338,J338
R062,R062
M7971,M7971
T7931,T793
S8280,S8280
H0001,H000
H3560,H356
W5599,_
S270,S270
S0130,S013
L042,L042
Q901,Q901
T181,T181
S7290,S7290
D135,D135
M8619,M8619
M8540,M8540
M712TYPEA,_
Z033,Z033
E550,E550
T142,T142
A064,A064
K770,K770
J902,J90
J638,J638
G318,G318
H153,_
S059,S059
T159,T159
A16,A169
E051,E051
I426,I426
D369,D369
M464,M464
M1002,M1002
E010,E010
N398,N398
T130,T130
I152,I152
S409,S409
O254,O25
J11,_
J3830,J383
C4460,C446
S3180,S318
S7111,S711
L025,_
I731,I731
G822,G822
M256,M256
T868,T868
K029,K029
W3999,_
H4092,H409
M6626,M6626
93,_
W130,_
H838,H838
D069,D069
K611,K611
S8210,S8210
M7987,M7987
H3350,H335
Q112,Q112
H0201,H020
H3700,_
Q430,Q430
C254,C254
D582,D582
T675,T675
M1902,M1902
J678,J678
O265,O265
T628,T628
D332,D332
M0599,M0599
P550,P550
O881,O881
E128,E128
N050,N050
C021,C021
B068,B068
NSDO1,_
G259,G259
S140,S140
M5450,M5450
F459,F459
MCPO1,_
A059,A059
I470,I470
E035,E035
T886,T886
T634,T634
E639,E639
A152,A152
A812,A812
I741,I741
P229,P229
A049,A049
Q875,Q875
G618,G618
A039,A039
H812,H812
C749,C749
I330,I330
O911,O911
J82,J82
A151,A151
P006,P006
A012,A012
T603,T603
A078,A078
P200,P200
A412,A412
59402,_
I444,I444
D590,D590
M7908,M7908
M7984,M7984
O081,O081
I829,I829
J202,J202
O028,O028
T598,T598
D67,D67
D581,D581
M472,M472
J708,J708
I808,I808
P021,P021
P123,P123
T788,T788
M4729,M4729
M300,M300
C830,C830
G619,G619
S0670,S0670
B068J171,_
M1398,M1398
M4382,M4382
J670,J670
E873,E873
G328,G328
M4362,M4362
D596,D596
C251,C251
I616,I616
E012,E012
T039,T039
A378,A378
A163,A163
J1523,J152
F238,F238
F107,F107
M5499,M5499
P027,P027
D443,D443
N413,N413
M1909,M1909
P004,P004
M1001,M1001
Q011,Q011
T543,T543
Q858,Q858
I744,I744
O209,O209
M7911,M7911
B150,B150
Q057,Q057
Q043,Q043
C722,C722
Q556,Q556
T507,T507
N011,N011
C957,C957
M0098,M0098
A403,A403
T312,T312
M6299,M6299
M0082,M0082
T620,T620
P294,P294
M4809,M4809
Z010B,_
Z010A,_
T542,T542
M896,M896
I458,I458
M6006,M6006
O262,O262
A064K370,_
M7985,M7985
D820,D820
J1502,J150
H664,H664
O809Z370,_
S2240,S2240
N392,N392
M4317,M4317
M5417,M5417
Y479,_
Q623,Q623
F323,F323
K712,K712
F310,F310
T824,T824
N93,N939
O800Z,_
H533,H533
S42,S429
I343,_
I690,I690
H338,_
T301,T301
C435,C435
J38,_
H3305,H330
G960,G960
K26,K269
O337,O337
O62,O629
C5092,C509
N8320,N832
N851,N851
K642,_
S615,_
Z393,_
K052,K052
W4901,_
S3701,S3701
L059,L059
L270,L270
D809,D809
T14,T149
S080,S080
F067,F067
O029,O029
J378,_
M8120,M8120
M8072,_
C753,C753
764,_
795,_
N815,N815
C915,C915
Q790,Q790
O0349,O034
E778,E778
J810,J81
B188,B188
C790,C790
H4339,H433
P052,P052
K129,_
D360,D360
E611,E611
N1858,N185
J86,J869
B332,B332
A408,A408
M8850,_
J3489,J348
D763,D763
B79,B79
H1181,H118
H1121,H112
T659,T659
O422,O422
Y0499,_
Z049,Z049
S4300,S4300
M795,M795
S2730,S2730
T791,T791
T029,T029
K923,_
I491,I491
H1890,H189
Z201,Z201
D729,D729
M872,M872
H4000,H400
V204,_
Z962,Z962
I881,I881
R068,R068
L9100,L910
4,_
T1411,T141
Z391,Z391
S4221,S4221
N8580,N858
H355,H355
O714,O714
S7110,S711
M791,M791
B180,B180
B359,B359
N382,_
I809,I809
Z467,Z467
O6938,O693
B639,_
D117,D117
Q859,Q859
D301,D301
M0619,M0619
Q633,Q633
L7201,L720
E043,_
L562,L562
M6597,M6597
I103,I10
I348,I348
T093,T093
N923,N923
M6543,M6543
D093,D093
O662,O662
C444,C444
S7201,S7201
N30,N309
E762,E762
S3020,S302
Y0999,_
N602,N602
H614,H614
G541,G541
M773,M773
N143,N143
S0292,S029
K8050,K805
I454,I454
O224,O224
N820,N820
K809,_
E063,E063
E05,E059
M9863,_
M67,M679
C65,C65
O920,O920
Q512,Q512
S302,S302
M6533,M653
C4431,C443
L372,_
D698,D698
M2381,M2381
K060,K060
B145,_
D104,D104
J3801,J380
E053,E053
S7230,S7230
C674,C674
D234,D234
P109,P109
C670,C670
C82,C829
0329,_
0339,_
0342,_
C32,C329
N95,N959
M503,M503
I447,I447
W1399,_
Z011,Z011
E8351,E835
Z136,Z136
Z350,Z350
129,_
C78,_
C709,C709
M1080,_
798,_
H613,H613
S655,S655
M8801,M880
I253,I253
M8727,M8727
R8761,R8761
L7211,L721
O679,O679
N310,N310
M65,M659
S789,S789
N418,N418
J014,J014
M62,M629
B01,B019
H922,H922
R788,R788
L026,_
H654,H654
J39,J399
N5185,N518
O804,_
D167,D167
Z951,Z951
S7214,S721
O802,_
Z322,_
Z388,Z388
M322,_
S8200,S8200
P525,P525
O095,_
N972,N972
J3481,J348
T399,T399
W3199,_
W109,_
O089,O089
E559,E559
J323,J323
W189,_
I480,I48
A170,A170
G01,G01
S315,S315
M2386,M2386
L048,L048
G948,G948
Y189,_
T609,T609
T856,T856
N28,N289
R53,R53
S567,S567
I427,I427
H610,H610
Z3831,Z383
D287,D287
C689,C689
Z966,Z966
E208,E208
Z048,Z048
X1199,_
T211,T211
M8199,M8199
T199,T199
H052,H052
C789,_
O041,O041
C4190,C419
M4319,M4319
V589,_
M5418,M5418
Z27,Z279
Q248,Q248
Z399,_
M1980,M198
T8130,T813
H1501,H150
H1141,H114
Z0381,Z038
S0521,S052
E0401,E040
E0411,E041
X58,_
M8077,_
O604,_
Z208,Z208
N46,N46
E032,E032
E232,E232
W267,_
Z397,_
O180,_
Z9857,_
E120,E120
B356,B356
M1984,M1984
J930,J930
M8380,M8380
L0300,L030
S4301,S4301
L7281,L728
R008,R008
L899,L899
M958,M958
H1690,H169
T2421,T242
Z378,_
K2520,K252
O644,O644
H3541,H354
H3109,H310
H3319,H331
A599,A599
S7012,S701
Q532,Q532
M866,M866
Q102,Q102
N454,_
D020,D020
M8401,M8401
D049,D049
M161,M161
K371,K37
O02,O029
D0000,D000
A1801,A180
K601,K601
C4413,C441
H8149,H814
E79,E799
J33,J339
O665,O665
M061,M061
L0441,_
Q542,Q542
Q627,Q627
M7042,M704
M1712,M171
W5499,_
L0210,L021
J153,J153
W4409,_
R0400,R040
N799,_
Q049,Q049
H6123,H612
C163,C163
B3781,B378
E44,_
G250,G250
M8503,M8503
C479,C479
M9071,M9071
K098,K098
M1300,M1300
E1425,E142
M19,M199
S5211,S5211
M9570,_
O89,O899
T063,T063
Z458,Z458
N978,N978
S431,S431
E816,_
Z86,_
K716,K716
K36,K36
Z492,Z492
W2998,_
T845,T845
M8440,M8440
M1792,M179
N6300,N63
O449,_
T20,_
O80O,_
Z37O,_
C496,C496
M7928,M7928
S5181,S518
S335,S335
S5310,S5310
S8241,S8241
Z3005,Z300
9403,_
Q441,Q441
C383,C383
Y0409,_
Z518,Z518
P75,P75
T145,T145
H450,H450
N9,_
S7249,S724
T200,T200
M725,M725
A33,A33
S307,S307
M6005,M6005
H102,H102
H108,H108
F841,F841
L3091,L309
L3092,L309
T740,T740
M6592,M6592
H0211,H021
H0221,H022
S004,S004
H611,H611
M7994,M7994
I724,I724
O754,O754
O742,O742
S8661,_
I74,I749
M8441,M8441
H186,H186
L508,L508
D164,D164
D321,D321
G93,G939
B002,B002
M9401,M940
H91,H919
M990,M990
B008,B008
N909,N909
C840,C840
H5903,H590
S0230,S0230
O664,O664
D009,_
G4739,G473
H50,H509
S982,S982
H34,H349
O839,O839
S598,S598
D033,D033
G4730,G473
N85,N859
N81,N819
C792,C792
D0510,D051
K062,K062
Z853,Z853
C8190,C819
M8980,M8980
P835,P835
N80,N809
M23,M239
6,_
0380,_
M7551,M755
S8601,S860
D2350,D235
N7012,N701
G240,G240
Y467,_
S3011,S301
E807,E807
I662,I662
S6311,S6311
W2983,_
M8567,M8567
J589,_
M7502,M750
I400,I400
S6990,S699
W2399,_
X6899,_
N8321,N832
S8201,S8201
K038,K038
Q780,Q780
0807A0,_
S87,S879
R56,_
I723,I723
E755,E755
T220,T220
Q170,Q170
D120,D120
M1389,M1389
N883,N883
109,_
Q740,Q740
Q120,Q120
M7997,M7997
N400,N40
Q893,Q893
Z441,Z441
O8080,O808
S8081,S8081
L0892,L089
E723,E723
K140,K140
J18,J189
Z412,Z412
H214,H214
P251,P251
0321,_
D686,D686
C849,C849
H524,H524
S31,_
W2698,_
H4381,H438
H3540,H354
O061,O061
L0311,L031
H3102,H310
H5992,H599
H4002,H400
H5212,H521
H3112,H311
T22,_
D474,D474
C945,C945
M189,M189
I2191,I219
A0100,A010
K460,K460
S7992,S799
R80,R80
S933,S933
31,_
W1809,_
L0251,_
Q559,Q559
D224,D224
I160,_
E1433,E143
60,_
K510,K510
T148,T148
E13,E139
B770,B770
E142_N083,_
N038,N038
F989,F989
N084,N084
0702,_
O7O2,_
N249,_
S0101,S010
V020,_
T904,T904
O848,O848
N285,_
N172,N172
K764,K764
J1202,J120
S0541,S054
P744,P744
M4699,M4699
A831,A831
M5327,M5327
Q722,Q722
M818,M818
O212,O212
N482,N482
S044,S044
P819,P819
N056,N056
C253,C253
A409,A409
P032,P032
B206,B206
I691,I691
A281,A281
B050G051,_
Q620,Q620
C699,C699
F103,F103
P363,P363
P059,P059
I898,I898
N048,N048
S0250,S0250
C763,C763
M4310,M4310
K717,K717
M709,M709
M5496,M5496
I221,I221
P921,P921
E054,E054
M894,M894
I083,I083
J688,J688
O891,O891
Q656,Q656
K252,K252
F842,F842
K316,K316
T825,T825
M4794,M4794
N921,N921
D333,D333
I636,I636
B201,B201
T579,T579
S0661,S0661
N053,N053
D410,D410
A530,A530
T602,T602
K704,K704
H832,H832
T421,T421
L512,L512
P292,P292
A509,A509
G048,G048
T594,T594
J684,J684
M6296,M6296
C914,C914
P370,P370
M4895,M4895
M4789,M4789
K550,K550
I029,I029
O430,O430
P140,P140
F332,F332
A414,A414
M1036,M1036
K909,K909
S869,S869
S0280,S0280
M0299,M0299
N943,N943
O345,O345
S764,S764
A319,A319
59400,_
P521,P521
C794,C794
0309,_
H043,H043
D644,D644
Q378,Q378
O872,O872
N486,N486
U801,U801
R910,R91
P291,P291
C796,C796
Q524,Q524
H6692,H669
E831,E831
N1030,N10
N488,N488
R99,R99
V8909,_
A880,A880
L971,L97
L972,L97
L970,L97
N039Z4,_
H3411,H341
M8021,M8021
S467,S467
0650,_
I120Z,_
M165,M165
O480,O48
J349,_
O392,_
D3670,D367
M8591,M8591
M9161,_
D33,D339
Z423,Z423
N568,_
R928,R92
O1803,_
24,_
H2600,H260
H0110,H011
M8914,M8914
H3551,H355
S930,S930
B200,B200
D237,D237
Z280,Z280
N403,N40
L502,L502
R060,R060
D351,D351
O3412,O341
D162,D162
Z9883,Z988
G051,G051
O723,O723
D734,D734
O3683,O368
N9089,N908
H6501,H650
H5122,H512
L26,L26
K552,K552
D2222,D222
N611,N61
L7219,L721
G479,G479
O694,O694
N15,N159
E799,E799
D122,D122
D017,D017
C183,C183
C413,C413
N1485,_
S5201,S5201
P832,P832
M94,M949
D29,D299
Y578,_
9093,_
S7221,S7221
C390,C390
S829,S829
M679,M679
O444,_
W0608,_
S7240,S7240
W0103,_
M711,M711
S428,S428
J398,J398
G370,G370
N137,N137
Y442,_
G893,_
S0081,S008
M245,M245
Q443,Q443
9A,_
D037,D037
Y545,_
M8290,_
V031,_
W192,_
H6111,H611
W390,_
K2970,K297
W2099,_
Y459,_
S0001,S000
S4090,S409
V284,_
S903,S903
H4450,H445
D2491,D24
C4492,C449
C4432,C443
M0606,M0606
K839,K839
E1480,E148
F1020,F1020
G528,G528
T184,T184
I169,_
J470,J47
G699,_
D316,D316
T919,T919
K285,K285
M8071,_
V279,_
V274,_
M766,M766
S0080,S008
Q360,Q360
M9080,M9080
W2088,_
X4999,_
O359,O359
K790,_
L601,L601
I218,_
W7699,_
C403,C403
A480,A480
W206,_
J918,J91
T15,T159
E561,E561
I358,I358
X399,_
S364,S364
V2499,_
D699,D699
R620,R620
Q318,Q318
Y653,_
I318,I318
N993,N993
K624,K624
T739,T739
T700,T700
00,_
V8997,_
B965,B965
R64,R64
Y422,_
N2091,N209
Y406,_
S6810,S681
Q442,Q442
S070,S070
F480,F480
K115,K115
I955,_
D226,D226
K46,K469
S8020,_
H1691,H169
T2101,T210
A973,_
L8961,L89
N498,N498
O903,O903
0080,_
I96,_
R900,R900
K1892,_
H2151,H215
H6519,H651
O822,O822
M510,M510
C502,C502
E1162,E116
B190,B190
J1813,J181
S4431,S443
I502,_
Z3970,_
S354,S354
C414,C414
E6601,E660
S562,S562
C312,C312
N871,N871
D464,D464
T8529,T852
D2311,D231
K501,K501
M840,M840
Z958,Z958
C671,C671
T190,T190
T889,T889
Q709,Q709
D300,D300
X61,_
L763,_
C695,C695
H4411,H441
C781,C781
N493,_
K3532,K353
H349,H349
H3412,H341
O094,_
M8960,M8960
Z860,Z860
N87,N879
C9110,C911
H6590,H659
O092,_
O09,_
T1810,T181
A1812,A181
H1092,H109
N2001,N200
O348,O348
M9983,M9983
C1319,C131
N6002,N600
Q5390,Q539
J0100,J010
I6939,I693
S125,_
S122,S122
T799,T799
O062,O062
O032,O032
M6741,M6741
L01,_
N057,N057
Q446,Q446
B182,B182
V8918,_
K001,K001
H002,_
J341,J341
H318,H318
M5131,M513
S6110,S611
W4999,_
C442,C442
Z1810,_
D4871,D487
M25,M259
U040,_
U049,U049
Z978,Z978
M7901,M7901
G5602,G560
N980,N980
R73,R739
H2629,H262
H0456,H045
H3101,H310
N2010,N201
N129,N12
M1393,M1393
I781,I781
S9290,S9290
R269,_
O683,O683
C609,C609
A240,A240
N732,N732
N00,N009
Q420,Q420
E271,E271
E1481,E148
E1160,E116
N228,N228
A066,A066
H6691,H669
Z3043,Z304
F799,F799
H490,H490
S101,S101
O139,O13
D3612,D361
N085Z4,_
M002,M002
S218,S218
E142N0,_
I109N,I10
R1010,R101
Y304,_
J458,J458
O849,O849
Z854,Z854
C048,C048
W3499,_
E02,E02
Y408,_
D240,D24
G638,G638
M9940,M9940
P612,P612
Z906,Z906
B028,B028
Q383,Q383
E569,E569
I571,_
T823,T823
X1999,_
N768,N768
I051,I051
Z386,Z386
S2700,S2700
S298,S298
X5899,_
I058,I058
W540,_
S900,S900
R7302,R730
602,_
L890,L890
D1779,D177
D310,D310
H939,H939
E66,E669
G258,G258
M4194,M4194
L050,L050
Q3690,Q369
Y883,_
Q7181,Q718
M8407,M8407
Z387,Z387
E8761,E876
M1029,M1029
H3092,H309
D043,D043
L041,L041
O022,_
M7150,M7150
H3322,H332
H0292,H029
H5242,H524
H1192,H119
K5732,K573
K6389,K638
Q795,Q795
A361,A361
Q688,Q688
M232,M232
S6055,_
D721,D721
Z90,_
Z8712,Z871
Z8679,Z867
G9519,G951
N35,N359
T161,T16
J9859,J985
0814,_
I878,I878
K82,K829
T293,T293
X68,_
S6140,_
H1873,H187
I290,_
M8901,M8901
H2961,_
K5000,K500
R0982,R098
T194,_
R019,_
B958,B958
R1900,R190
M7132,M7132
M809,M809
K468,_
C5413,C541
Z928,Z928
M8032,M8032
M9470,_
R4442,_
O41,O419
S700,S700
I361,I361
K592,K592
O670,O670
E16,E169
Z358,Z358
C712,C712
C713,C713
C200,C20
J1532,J153
E250,E250
M8405,M8405
M142,M142
S3081,S308
O362,O362
E748,E748
A178,A178
G050,G050
M089,M089
F819,F819
M950,M950
O048,O048
O861,O861
J1811,J181
N9408,N940
R048,R048
L411,L411
A189,_
Z040,Z040
Z916,Z916
T493,T493
C154,C154
I632,I632
J840,J840
M5415,M5415
C788,C788
N411,N411
T260,T260
J1572,J157
N481,N481
A830,A830
P390,P390
M620,M620
G040,G040
F438,F438
S091,S091
Q419,Q419
M1981,M1981
A415,A415
A064K770,_
P969,P969
D613,D613
T520,T520
M5401,M5401
C311,C311
T835,T835
Z0168,Z016
T933,T933
C179,C179
C959M9800/3,_
P910,P910
NCP01,_
S0201,S0201
M752,M752
E242,E242
T234,T234
P398,P398
F155,F155
Q02,Q02
F231,F231
Q204,Q204
A878,A878
A801,A801
E752,E752
T246,T246
J1212,J121
Q031,Q031
P788,P788
C171,C171
P352,P352
G379,G379
A910,A910
M6259,M6259
J982,J982
S090,S090
F199,F199
K091,K091
I091,I091
O862,O862
Q649,Q649
L122,L122
K563,K563
M319,M319
P721,P721
P234,P234
A083,A083
H702,H702
A839,A839
F340,F340
E164,E164
M6510M8,_
I602,I602
R561,_
N835,N835
S032,S032
H192,H192
M8930,M8930
O367,O367
G918,G918
X6999,_
B668,B668
W1801,_
H749,H749
K002,K002
S025,S025
K035,K035
V2841,_
S407,S407
M6510,M6510
N039Z,_
K43,K439
K597,_
L818,L818
J938,J938
O95,O95
T708,T708
S9213,S921
K56,_
M5456,M5456
S8230,S8230
N003,N003
T022,T022
M843,M843
R101,R101
R161,R161
C924,C924
A067,A067
R066,R066
T935,T935
O084,O084
Z035,Z035
L208,L208
M6532,M653
M6787,M6787
L949,L949
B081,B081
I831,I831
H2780,H278
H2622,H262
W450,_
C37,C37
S927,S927
S8231,S8231
W607,_
V209,_
W268,_
W208,_
M768,M768
M059,M059
S9991,S999
R649,R64
S66,S669
G600,G600
R600,R600
T839,T839
M2585,M2585
Q301,Q301
L0309,L030
T231,T231
M3210,M321
F412,F412
M0646,M0646
Q398,Q398
H375,_
Z711,Z711
M8330,M8330
Q350,_
D281,D281
N1875,_
M48,M489
D35,D359
M233,M233
M6099,M6099
M8053,M8053
H2154,H215
A541,A541
M0829,M0829
H319,H319
S397,S397
C809,C809
P271,P271
J481,_
N360,N360
T243,T243
Q201,Q201
N182,N182
S469,S469
C641,C64
J3292,J329
S32,_
Z0380,Z038
M8240,_
H708,H708
H65,H659
L76,_
Q505,Q505
H439,H439
M8510,M8510
H0019,H001
K3184,K318
I25,I259
K51,K519
D56,D569
D1724,D172
N6301,N63
K8001,K800
C436,C436
C4912,C491
J96,J969
M311,M311
M1711,M171
W1731,_
C884,C884
J251,_
W5521,_
M4619,M4619
G570,G570
J3831,J383
R270,R270
4348,_
I699,_
082,_
Z3830,Z383
M40,_
S029,S029
S82,S829
W6009,_
Y3309,_
D169,D169
H4312,H431
H3534,H353
M6586,M6586
D4860,D486
C6790,C679
M6591,M6591
L7321,L732
R2211,R221
S6301,S6301
M7221,M722
M7501,M750
D361,D361
D151,D151
B06,B069
E787,_
C00,C009
O824,_
Y458,_
K612,K612
M705,M705
L219,L219
S8011,S801
S678,S678
D152,D152
W010,_
V436,_
E874,E874
S761,S761
M1916,M191
W5099,_
T428,T428
I702,I702
E783,E783
P610,P610
Z016,Z016
H432,H432
Q358,_
S932,S932
M9580,M958
K301,K30
R636,R636
I371,I371
X9958,_
S4180,S418
V381,_
X1099,_
X9998,_
Q548,Q548
X0999,_
S7231,S7231
V225,_
S128,S128
S331,S331
E438,E43
M9220,M922
S0171,S017
Q246,Q246
F609,F609
A548,A548
N911,N911
O088,O088
O99,_
R529,R529
G255,G255
V890,_
E87,_
B170,B170
S839,_
L30,L309
S41,_
B02,B029
W194,_
M6580,M6580
L9290,L929
L898,L89
I873,_
Z433,Z433
V399,_
I120Z4,_
B018,B018
L0270,_
M6747,M6747
M7970,M7970
O049,O049
S8352,S835
M244,M244
0031,_
K458,K458
T18,T189
M1710,M171
N812,N812
D4861,D486
J1542,J154
O820P,_
K914,K914
D392,D392
O842Z,_
Q543,Q543
D0511,D051
K60,_
O981,O981
Z359,Z359
Q828,Q828
L7290,L729
M9350,_
C051,C051
Q541,Q541
S65,S659
K3595,K359
470,_
K5730,K573
S9110,S911
W3072,_
M273,_
T420,T420
K370,K37
Z472,_
H2604,H260
R09,_
I132,I132
O3640,O364
S983,S983
J119,_
1129,_
S8209,S820
H4014,H401
H3483,H348
H61,H619
M8003,M8003
D139,D139
S4250,_
V439,_
P299,P299
S5010,S501
V4399,_
Z375,Z375
P284,P284
P364,P364
V2018,_
O653,O653
S7280,S7280
W0704,_
P768,P768
Z31,Z319
H547,H547
C001,C001
M6229,M6229
S352,S352
R960,R960
J150,J150
H933,H933
K622,K622
M8580,M8580
R5381,R53
M899,M899
O8090,O809
48,_
Q300,Q300
M8830,_
O458,O458
T815,T815
M234,M234
R896,R896
A58,A58
G608,G608
D694,D694
T090,T090
D383,D383
A270,A270
M502,M502
J451,J451
B974,B974
I244,_
Q643,Q643
T445,T445
M995,M995
M9893,_
P033,P033
T923,T923
P024,P024
Z495,_
D165,D165
S3640,S3640
Y2999,_
T915,T915
C679Z,_
M850,M850
C750,C750
C020,C020
M8620,M8620
M8470,_
Y0399,_
E210,E210
D639,_
V1199,_
V190,_
C488,C488
N002,N002
S3600,S3600
S301,S301
W440,_
Q371,Q371
N853,N853
Z330,Z33
J9810,J981
S5969,_
X5969,_
S068,S068
Z932,Z932
Y169,_
O266,O266
W499,_
O753,O753
H6990,H699
M9160,_
S8301,S830
Q6671,Q667
Z762,Z762
W0138,_
X5903,_
M9840,_
I061,I061
Q3602,Q360
S607,S607
H602,H602
J1992,_
D738,D738
E0412,E041
R628,R628
Z32,_
G968,G968
A00,A009
X449,_
S800,S800
V2241,_
S3130,S313
N501,N501
E1121,E112
B96,_
H609,H609
N322,N322
L905,L905
D564,D564
F208,F208
Q225,Q225
Q059,Q059
D683,D683
A410,A410
M8795,M8795
P559,P559
D682,D682
M439,M439
M4780,M4780
M0681,M0681
N11,N119
S468,S468
D684,D684
M878,M878
J1562,J156
K746I982,_
M0698,M0698
K738,K738
E269,E269
G410,G410
M0891,M0891
C222,C222
G958,G958
M483,M483
M6009,M6009
C797,C797
C400,C400
I479,I479
G628,G628
N735,N735
C969,C969
D132,D132
E126,E126
M6589,M6589
Z0042,Z004
Z01202,Z012
A97,_
I676,I676
T255,T255
A879,A879
E662,E662
D571,D571
C227,C227
S437,S437
N421,N421
O894,O894
C049,C049
Q891,Q891
ICD,_
I603,I603
T539,T539
Q820,Q820
F233,F233
M8989,M8989
M5436,M5436
P035,P035
C717,C717
T676,T676
A022J170,_
P584,P584
M4628,M4628
I455,I455
C343,C343
O079,O079
K710,K710
J700,J700
Q614,Q614
P259,_
Q523,Q523
F1135,F113
R0231,R02
L0260,_
L7320,L732
O3410,O341
N925,N925
D21,D219
M351,M351
J471,J47
M9430,M9430
S4610,S461
H2613,H261
M9370,_
H2500,H250
S6690,S669
C889,C889
R861,R861
M9382,M9382
T819,T819
I503,_
H210,H210
P2930,P293
P2401,P240
A093,A09
C659,C65
I832,I832
A15,A159
M7902,M7902
Q6581,Q658
D150,D150
M4185,M4185
Q245,Q245
M2446,M2446
D339,D339
G008,G008
Z346,_
C649,C64
V5814,_
M1840,M184
L0391,L039
N2011,N201
S5227,S522
I088,I088
S9090,S909
S8080,S8080
H3351,H335
M8052,M8052
Q531,Q531
M169,M169
S52,S529
O710,O710
M6516,M6516
L390,_
K3181,K318
K938,K938
S604,_
M6291,M6291
M7660,M7660
E858,E858
Q100,Q100
M7191,M7191
J1809,J180
S0030,S003
C5680,C56
L308,L308
S7642,S764
M418,M418
J900,J90
O0090,O009
M839,M839
O739,_
S112,S112
M8051,M8051
L0331,L033
S8184,S818
909,_
M9488,M9488
H918,H918
O10,O109
R108,_
T8910,_
K034,K034
J3820,J382
D99,_
E0520,E052
E1161,E116
S5100,S510
J360,J36
D4850,D485
R1310,R13
S0990,S099
T914,T914
C441,C441
B86,B86
S2080,S208
S644,S644
Z468,Z468
S05,S059
K28,K289
K52,K529
M9400,M940
Z51,Z519
V189,_
T918,T918
S3720,S3720
Z204,Z204
O905,O905
W0391,_
W0198,_
T175,T175
G913,G913
0034,_
M5406,M5406
S368,S368
C321,C321
Q552,Q552
M4070,_
M4802,M4802
H1191,H119
G4390,G439
L931,L931
X5909,_
H504,H504
V281,_
L808,L80
G465,G465
S2710,S2710
X9599,_
K558,K558
Y451,_
S4210,S4210
Q257,Q257
H048,H048
W50,_
H6631,H663
Z950,Z950
M9500,M950
Z089,Z089
J3392,J339
M9310,M931
W228,_
9095,_
Z450,Z450
M8472,_
S4311,S431
N805,N805
N303,N303
C542,C542
O231,O231
D073,D073
P389,P38
Z999,Z999
Q898,Q898
L439,L439
J152,J152
S06,S069
N700,N700
M7950,M7950
M6240,M6240
S9611,S961
S3110,S311
S802,_
T2423,T242
H681,H681
T808,T808
809,_
M836,_
A809,A809
M2326,M2326
M2323,M2323
M675,_
O8009,O800
K645,_
N155,_
S9132,S913
M7993,M7993
I1011,I10
R921,R92
L919,L919
B235,B23
M625,M625
C342,C342
D314,D314
C060,C060
B977,B977
L98,L989
Q0700,Q070
N6021,N602
K030,K030
I701,I701
H8110,H811
H3535,H353
0440,_
C188,C188
Q792,Q792
K401,K401
0756,_
O603,O603
F432,F432
S9120,S912
Q3590,Q359
M4388,M4388
O090,_
Z439,Z439
O038,O038
J028,J028
C77,C779
S9129,S912
L0230,L023
S9103,S910
M9489,M9489
I520,I520
L821,L82
S589,S589
M6023,M6023
0064,_
I104,I10
D217,_
S919,S919
G571,G571
H4711,H471
Q504,Q504
S02,S029
Z162,_
S671,_
H0003,H000
A91,A91
M2549,M2549
J8411,J841
Z825,Z825
D3292,D329
M9451,_
N631,N63
M4309,M4309
E261,E261
S00,S009
J3391,J339
N3591,N359
J3390,J339
J3822,J382
R2200,R220
R5911,R591
J3490,_
Z88,Z889
S7202,S720
R961,R961
J4520,J452
B377,B377
1959,_
Z98,_
D12,D129
M8154,M8154
V471,_
O645,O645
N453,_
I301,I301
I133,_
P789,P789
M1397,M1397
M7131,M7131
K1230,K123
S365,S365
S457,S457
T908,T908
I659,I659
V220,_
D174,D174
V275,_
I601,I601
Z189,_
N198,N19
K673,K673
T850,T850
S369,S369
S278,S278
S199,S199
T884,T884
Q111,Q111
M5338,M533
R1909,R190
S559,S559
Y300,_
E859,E859
Q421,Q421
H0200,H020
W0899,_
E740,E740
Z489,Z489
S248,_
R198,R198
S6221,S6221
B872,B872
S3680,S3680
S3610,S3610
Z440,Z440
Z090,Z090
Y349,_
L959,L959
L531,L531
T730,T730
M146,M146
K823,K823
S660,S660
M8891,M8891
I5170,I517
R193,R193
O002,O002
I728,I728
Q602,Q602
I718,I718
K860,K860
V0211,_
J940,J940
J17,_
X680,_
Z292,Z292
L303,L303
D702,D70
M7982,M7982
M2596,M2596
S09,S099
N959,N959
M216,M216
M411,M411
D22,D229
M1020,M1020
H3341,H334
H1811,H181
M89,M899
D373,D373
Q1200,Q120
H3536,H353
R418,R418
O450,O450
D23,D239
D2372,D237
M8334,M8334
K551,K551
M932,M932
K908,K908
J4490,J449
0641,_
K8064,_
S668,S668
S5611,S561
H4006,H400
R630,R630
R522,R522
L408,L408
L539,L539
J958,J958
S0641,S0641
M6205,M6205
S1240,_
0A,_
Q42,Q429
H4042,H404
D1723,D172
T88,T889
H5902,H590
S4233,S423
R197,_
O685,_
K8025,K802
511,_
S92,S929
N60,N609
E1231,E123
K889,_
H6042,H604
C52,C52
M508,M508
T460,T460
D563,D563
M4687,M4687
T656,T656
P293,P293
F125,F125
I079,I079
Q760,Q760
F489,F489
G438,G438
M6288,M6288
M5438,M5438
C962,C962
S42401,S42401
T522,T522
Y411,_
M0636,M0636
M539,M539
M460,M460
J704,J704
I00J178,I00
P236,P236
C252,C252
Q283,Q283
M330,M330
S0681,S0681
N271,N271
P278,P278
P248,P248
I089,I089
F072,F072
M0697,M0697
I600,I600
P010,P010
Q618,Q618
M6090,M6090
M0095,M0095
C153,C153
K286,K286
B778J173,_
T518,T518
M7925,M7925
E169,E169
A370J170,_
M153,M153
C33,C33
C578,C578
T792,T792
T454,T454
T479,T479
N301,N301
B371J172,_
F102,F102
N1350,N135
232,_
S2980,S298
R071,R071
N881,N881
P022,P022
C835,C835
W4462,_
T2401,T240
Z9921,Z992
M5800,_
G971,G971
I952,I952
S40,S409
Z34,Z349
E279,E279
M008,M008
M469,M469
X1299,_
S6021,S602
S7011,S701
V835,_
M8404,M8404
Q149,Q149
M858,M858
M7296,M7296
H6121,H612
L50,L509
F603,F603
J811,J81
M966,M966
E7870,_
M2669,_
H051,H051
N539,_
1A,_
M4104,M4104
M4186,M4186
Z034,Z034
S300XXA,_
S4241,S4241
R935,R935
Q6682,Q668
R2271,R227
Q6680,Q668
W1989,_
M701,M701
L6000,L600
H2404,_
N341,N341
V2099,_
L012,_
B59,B59
J173,J173
H534,H534
H7290,H729
V221,_
S027,S027
S5231,S5231
V481,_
M2322,M2322
Q351,Q351
S6270,S6270
T922,T922
G838,G838
W1990,_
B309,B309
R1083,_
S740,S740
I090,I090
E879,_
W254,_
K266,K266
Q872,Q872
H168,H168
S203,S203
S254,S254
M259,M259
M6022,M6022
S3240,S3240
M2506,M2506
X1109,_
S6831,S683
N808,N808
M9121,M912
C150,C150
T830,T830
T064,T064
V333,_
O871,O871
M8691,M8691
N912,N912
O347,O347
L121,L121
M3215,M321
M9720,_
C966,C966
C1890,C189
S2780,S2780
D3910,D391
M9060,M9060
C5390,C539
Y19,_
G07,G07
K50,K509
P518,P518
I449,_
Z986,_
0300,_
V22,_
X589,_
S907,S907
T70,T709
K05,_
L978,L97
M2553,M2553
G062,G062
T253,T253
M549,M549
M2561,M2561
Z70,Z709
S0281,S0281
V326,_
Z3044,Z304
F452,F452
J159,J159
0020,_
O4239,_
O428,_
J178,J178
J639,_
O702Z,_
M119,M119
R4902,R490
O8210,O821
620,_
J84,J849
C111,C111
K604,K604
H0002,H000
O9121,O912
I08,I089
Q234,Q234
N442,N44
C944,C944
T612,T612
L851,L851
M6514,M6514
R633,R633
M9040,M9040
R35,R35
Q256,Q256
E278,E278
I232,I232
G940,G940
M893,M893
O820Z3,_
82,_
O036,O036
E0410,E041
P560,P560
R498,R498
G454,G454
S605,_
S8690,S869
Z3470,_
S198,S198
S6231,S6231
S031,S031
S0119,S011
D022,D022
Q60,_
A019,_
Y599,_
O660,O660
I69,_
C9000,C900
R856,R856
C775,C775
S5091,S509
Q1201,Q120
Q280,Q280
N402,N40
M8505,M8505
Z985,_
M952,M952
M9262,M926
O325,O325
O144,_
Y953,_
O244Z3,_
X19,_
X49,_
W40,_
W579,_
Z225,Z225
H931,H931
S9260,_
H4080,H408
M4120,M4120
H2909,_
K713,K713
M101,M101
S5312,S5312
K5669,K566
Q010,Q010
Y959,_
B778,B778
Z878,Z878
E370,_
T811,T811
G810,G810
S2290,S2290
M6506,M6506
K926,_
G576,G576
L751,L751
C7895,_
X64,_
F604,F604
K381,K381
Z341,_
W2599,_
W5501,_
S371,S371
N973,N973
1401,_
N230,N23
M2485,M2485
H6181,H618
E211,E211
K8035,K803
R972,_
M8996,M8996
H1112,H111
Z9072,Z907
M9120,M9120
I515,I515
E260,E260
S363,S363
D161,D161
T062,T062
T182,T182
S9210,S9210
M8723,M8723
P252,P252
Z370MCPO1,_
Z900,Z900
P829,_
S8270,S8270
H0230,H023
J409,J40
O401,O40
Q53,Q539
C088,C088
M0091,M0091
N0803,N080
S9340,S934
M4398,M4398
M4318,M4318
V2802,_
S088,S088
D119,D119
Z132,Z132
N958,N958
S2241,S2241
S597,S597
Z903,Z903
B3511,B351
D160,D160
M4624,M4624
I45,I459
B960,B960
C601,C601
D399,D399
B371,B371
J172,J172
S9220,S9220
D8000,D800
Z560,Z560
H044,H044
N8185,N818
T221,T221
S324,S324
H280,H280
J205,J205
P529,P529
L131,L131
M708,M708
G122,G122
P761,P761
F059,F059
E031,E031
S0211,S0211
Q012,Q012
P111,P111
F99,F99
M6096,M6096
G219,G219
T636,T636
F132,F132
P230,P230
G412,G412
D519,D519
S222,S222
D354,D354
Q209,Q209
Q912,Q912
C172,C172
T245,T245
H700,H700
K518,K518
G540,G540
P288,P288
P290,P290
G405,G405
A062E861,_
Q046,Q046
B342,B342
P134,P134
O980,O980
E804,E804
M2441,M2441
P375,P375
P350,P350
F108,F108
A400,A400
T406,T406
M652,M652
M8617,M8617
G218,G218
F798,F798
C691,C691
B161,B161
Q219,Q219
M621,M621
M624,M624
Q61,Q619
M7990,M7990
S9221,S9221
M8171,_
K329,_
L819,L819
S5253,S525
069,_
K100,K100
R208,R208
H026,H026
M855,M855
D419,D419
R651,R651
V869,_
S4171,S417
V235,_
V335,_
V2049,_
R538,R53
S67,_
M01,_
M0076,_
S7035,_
J469,J46
P269,P269
Z3049,Z304
Z8546,Z854
C791,C791
I46,I469
W509,_
K835,K835
V2944,_
W4099,_
K109,K109
I20,I209
1499,_
M011,M011
M9595,M959
J35,J359
Q243,Q243
J802,J80
I1I9,_
W2773,_
W2962,_
R238,R238
H201,H201
B961,B961
V201,_
D434,D434
M8074,_
M8490,M8490
M9670,_
M9550,M955
R6511,R651
H506,H506
R65,R659
R650,R650
V100,_
M7979,M7979
T1592,T159
K108,K108
Z929,Z929
B19,B199
L906,L906
M9250,M925
G620,G620
Z866,Z866
A505,A505
Y9390,_
H158,H158
O499,_
T110,T110
M8667,M8667
V222,_
R789,R789
I150,I150
S030,S030
R478,R478
Q670,Q670
Z875,Z875
0998,_
N17,N179
E1423,E142
W319,_
M7958,M7958
S045,S045
B451,B451
G021,G021
M1702,M170
M4200,M4200
M9535,M953
T8520,T852
L401,L401
H3512,H351
H4440,H444
S0190,S019
M213,M213
J1290,J129
J369,J36
M619,M619
K7290,K729
K069,K069
O841,O841
N14,_
Q644,Q644
M7288,M7288
M1386,M1386
J0390,J039
G451,G451
M4799,M4799
M828,M828
D2411,D24
S4101,S410
T8151,T815
K268,_
044,_
L072,_
0301,_
185,_
Z71,Z719
K1219,K1219
H0461,H046
C6290,C629
H2648,H264
R944,R944
N8410,N841
A044,A044
B2582,B258
N1709,N170
Z73,Z739
K669,K669
H26,H269
W1009,_
O346,O346
K842,_
M8853,_
K413,K413
M892,M892
I83,I839
N895,N895
C751,C751
Q540,Q540
B022,B022
G530,G530
H6000,H600
P0501,P050
C446,C446
J1895,J189
D719,D71
C800,C800
F349,F349
T85,T859
M8100,M8100
C4920,C492
A63,_
Z000,Z000
K3590,K359
O338,O338
K2900,K290
J129,J129
D124,D124
W5199,_
D331,D331
K0735,K0735
V4899,_
H313,H313
J842,_
I5189,I518
G929,G92
S3141,S314
V18,_
H7101,H71
N031,N031
O8010,O801
V33,_
S0100,S010
V298,_
Z43,Z439
I011,I011
D68,D689
Q34,Q349
J862,_
I823,I823
Q253,Q253
M700,M700
Z1624,_
M1038,M1038
0654,_
J301,J301
K870,K870
K2989,K298
O360,O360
B220,B220
O0080,O008
M191,M191
H1791,H179
O370,_
B232,B232
N088,N088
M8260,_
Q062,Q062
S6151,_
R162,R162
S9056,_
D6859,D685
O111,O11
S8021,_
S2021,S202
S0083,S008
T201,T201
Y880,_
S3661,S3661
P520,P520
O807,_
D292,D292
Z36,Z369
E867,E86
S269,S269
V294,_
L92,L929
R87,R879
O334,O334
K007,K007
Z539,Z539
S684,S684
E865,E86
I215,_
B954,B954
P729,P729
B259,B259
P280,P280
M8442,M8442
G488,_
I43,_
P742,P742
S443,S443
S259,S259
T924,T924
W1478,_
S151,S151
X7899,_
S056,S056
S362,S362
P614,P614
J143,J14
W8799,_
T223,T223
V230,_
Z491VV,_
H2781,H278
H2091,H209
C023,C023
Z462,Z462
M9170,_
W033,_
N880,N880
S6192,S619
B179,B179
C579,C579
I86,_
L810,L810
V271,_
K5900,K590
W549,_
M18,M189
I822,I822
M761,M761
L853,L853
F330,F330
Y360,_
W402,_
P839,P839
M2501,M2501
Q396,Q396
S2901,S290
E1351,E135
7320,_
V295,_
V20,_
S3100,S310
S0542,S054
S3121,S312
H2541,_
Q030,Q030
S5271,S5271
M429,M429
S3650,S3650
P0341,P034
D349,D34
S667,S667
K2962,K296
X959,_
M0116,M0116
S272,S272
S376,S376
Z989,_
O15,O159
E122,E122
P289,P289
Z911,Z911
B963,B963
J0658,_
M9862,_
D77,D77
Y401,_
K314,K314
T435,T435
Y495,_
F061,F061
0690,_
M821,M821
V124,_
0720,_
K354,_
V9999,_
P037,_
S500,S500
O0010,O001
S766,_
K514,K514
T2403,T240
H1611,H161
K652,_
Y04,_
D412,D412
2369,_
H4601,H46
M314,M314
L940,L940
O1490,O149
H3320,H332
M860,M860
M9372,_
M4808,M4808
D023,D023
S3111,S311
M1196,M1196
O8200,O820
R196,R196
M870,M870
M9364,_
L815,L815
M1394,M1394
T158,T158
J3501,J350
Q103,Q103
I788,I788
G972,G972
0324,_
Q793,Q793
Q422,Q422
A190,A190
I2510,I251
Q870,Q870
R2221,R222
K2961,K296
H3180,H318
N902,N902
M8856,_
L301,L301
N1835,N183
S632,S632
E1431,E143
H5780,H578
G56,G569
H833,H833
M548,M548
H3506,H350
N96,N96
N089,_
K508,K508
W2204,_
M6226,M6226
Z588,Z588
J899,_
O955,O95
I303,_
C810,C810
E710,E710
P740,P740
K511,K511
A058,A058
A021,A021
M898,M898
M4366,M436
E272,E272
Q439,Q439
T750,T750
M7921,M7921
G030,G030
A829,A829
P298,P298
M7916,M7916
D538,D538
M1380,M1380
Z0142C,_
T510,T510
I673,I673
D437,D437
B053H671,_
F230,F230
O469,O469
N020,N020
T450,T450
P519,P519
M4302,M4302
F333,F333
T204,T204
N010,N010
S4235,S423
C733,C73
C771,C771
I722,I722
L0101,L010
H0205,H020
H6502,H650
R39,_
S0502,S050
I121,_
N8392,N839
E839,E839
K1370,K1370
R070,R070
S8092,S809
S4091,S409
T068,T068
V1299,_
S5092,S509
S0010,S001
T836,T836
O701Z,_
Z370Z,_
W446,_
O36,O369
N76,_
M7264,M7264
H2680,H268
O242,O242
M6744,M6744
Q159,Q159
S93,_
H041,H041
Y593,_
O30,O309
S0029,S002
W8762,_
L7232,_
N1854,N185
G460,G460
D44,D449
G130,G130
S697,S697
O121,O121
F0390,F03
B841,_
E221,E221
I780,I780
W100,_
T78,T789
C190,C19
K132,K132
O650,O650
S600,S600
W2903,_
E741,E741
S922,S922
491,_
N2891,N289
M9085,M9085
N833,N833
I106,I10
M8170,_
I998,I99
B279,B279
R109,_
M6590,M6590
G733,G733
N485,N485
P005,P005
Z235,Z235
L740,L740
R1907,R190
H1131,H113
S0501,S050
Q373,Q373
L273,_
X4802,_
D823,D823
Z3292,_
W7499,_
C700,C700
C714,C714
M8263,_
Z724,Z724
Z080,Z080
S4211,S4211
S7301,S7301
A988,A988
H3140,H314
L500,L500
L438,L438
L951,L951
L817,L817
D3160,D316
Z0310,Z031
A140,_
I604,I604
T455,T455
I055,_
S6250,S6250
L958,L958
K149,K149
L300,L300
S8211,S8211
D695,D695
F79,F799
A411,A411
Z3902,Z390
0996,_
I675,I675
S717,S717
N475,N47
M8663,M8663
P0730,P073
S209,_
P649,_
O259,O25
0009,_
H189,H189
L983,L983
D075,D075
C677,C677
G922,G92
K399,_
M942,M942
O0921,_
A401,A401
A053,A053
C41,C419
Q6211,Q621
Q632,Q632
G904,G904
C209,C20
H022,H022
M2450,M2450
C469,C469
M8711,M8711
M2106,M2106
C723,C723
M797,M797
J93,J939
Q385,Q385
0779,_
B053,B053
H671,H671
E19,_
N891,N891
Q289,Q289
I039,_
M9866,_
Z820,Z820
M9722,_
S092,S092
S9235,S923
M7134,M7134
H1130,H113
V2801,_
N451,_
S6310,S6310
W2392,_
K1379,K1379
M278,_
J269,_
K450,K450
H018,H018
W184,_
H6506,H650
I860,I860
D1030,D1030
S0011,S001
C44SQUAMOUSCELLCARCINOMA,_
C44,C449
V28,_
D3900,D390
K59,K599
K58,K589
M1171,_
Q458,Q458
M70,M709
J517,_
0992,_
M775,M775
M122,M122
M6783,M6783
V8789,_
A64,A64
A18,_
S14,_
V8899,_
N164,N164
Y036,_
O0391,O039
I236,I236
C831,C831
N1892,N189
H598,H598
T191,T191
M8075,_
S850,S850
T829,T829
S9992,S999
P913,P913
H1999,_
M4184,M4184
S373,S373
S57,S579
P380,P38
F449,F449
F445,F445
M8681,M8681
M8821,_
S6281,S6281
N370,N370
N933,_
V325,_
S9051,_
A288,A288
S2111,S211
S39,S399
W269,_
W239,_
Z153,_
W5399,_
C939,C939
S9250,S9250
E512,E512
S6220,S6220
O371,_
H4082,H408
M9011,M9011
V2849,_
M8030,M8030
H4410,H441
S4085,S408
S5221,S5221
H9123,H912
S620,S620
W01,_
F151,F151
X6499,_
R094,_
D220,D220
Z971,Z971
M9061,M9061
Q878,Q878
C7640,C764
S197,S197
H01,H019
S3280,S3280
V049,_
W1930,_
H9391,H939
M8522,M852
E8631,E86
I370,I370
R0FBOS,_
S3901,S390
C508,C508
S5101,S510
M185,M185
S8183,S818
T68,T68
I231,I231
M4315,M4315
E348,E348
M1313,M1313
P613,P613
E838,E838
J954,J954
K732,K732
G058,G058
I408,I408
J64,J64
M4692,M4692
O050,O050
C62,C629
Y470,_
E849,E849
G558,G558
N043,N043
E268,E268
K291E861,_
G369,G369
A394,A394
A561,A561
F258,F258
J633,J633
M0019,M0019
T601,T601
Q751,Q751
M2507,M2507
J986,J986
C772,C772
T316,T316
N022,N022
P359,P359
E619,E619
G042,G042
T203,T203
D429,D429
T363,T363
K281,K281
M6098,M6098
V0999,_
G437,_
S5780,S578
Z37Z,_
M413,M413
L0103,L010
Q320,Q320
A600,A600
N09,_
W229,_
Y543,_
Z036,Z036
T371,T371
I0500,I050
W5977,_
X129,_
Y5629,_
Z883,Z883
L249,L249
Z896,Z896
H1090,H109
S0540,S054
X6199,_
T436,T436
S4170,S417
S862,S862
K411,K411
M1092,M1092
S503,_
T012,T012
N3990,N399
M9251,M925
W26,_
T842,T842
W340,_
H1110,H111
T2111,T211
D1100,D110
N610,N61
S5170,S517
O487,O48
E143H3,_
H4032,H403
H360H3,_
H5302,H530
H360H,_
B2099,B209
N622,N62
C4339,C433
O75,O759
B071,B07
M7120,M7120
I890,I890
S1280,S1280
Q052,Q052
Q259,Q259
M9671,_
M9673,_
N766,N766
U843,_
H1331,H133
C96,C969
H301,H301
I8240,_
E8342,E834
M4712,M4712
G6182,G618
T2124,T212
T456,T456
M630,M630
O9113,O911
Q390,Q390
J15,J159
Z270,Z270
L83,L83
Q042,Q042
E45,E45
Q506,Q506
V5811,_
M8665,M8665
O6810,O681
O8,_
H3561,H356
J702,J702
M1870,_
E851,E851
X2099,_
K921,K921
Z008,Z008
O32,O329
K021,K021
M900,M900
M013,M013
I862,I862
P282,P282
I369,I369
E729,E729
M246,M246
N88,N889
O0020,O002
T8089,T808
R827,R827
O0211,O021
V3899,_
S7090,S709
N857,N857
O353,O353
D829,D829
L709,L709
I950,I950
D4800,D480
N48,N489
X02,_
T320,T320
I960,_
S662,S662
T983,T983
I6782,I678
I81,I81
O099,_
O035,O035
S4000,S400
D420,D420
O400,O40
Y920,_
Z129,Z129
S698,S698
D4710,D471
8801,_
N7091,N709
B799,B79
M7206,M720
S9002,S900
0990,_
N6491,N649
M220,M220
D4801,D480
D3671,D367
D2370,D237
S8182,S818
J3580,J358
T8742,T874
H2121,H212
61,_
N389,_
T179,T179
0069,_
Z191,_
W1499,_
W4998,_
V232,_
S2720,S2720
B192,_
B360,B360
X0988,_
M9090,_
M951,M951
M8211,M8211
E065,E065
T803,T803
E98,_
Z91,_
N1392,N139
W2208,_
X7299,_
L738,L738
S8361,S836
S9342,S934
T800,T800
V292,_
Y3499,_
M7056,M7056
N32,N329
O438,O438
H530,H530
S4111,S411
X4599,_
W1199,_
P579,P579
M5411,M5411
M9930,M9930
W5999,_
S117,S117
T433,T433
Y493,_
N218,N218
M8664,M8664
R531,R53
M811,M811
D800,D800
I281,I281
N420,N420
S417,S417
T486,T486
N1351,N135
O638,_
J10,_
M6283,M6283
A711,A711
Q163,Q163
I820,I820
A669,A669
D047,D047
J9890,J989
T092,T092
M728,M728
Z9882,Z988
C431,C431
N470,N47
M863,M863
H10,H109
M235,M235
O781,_
S9331,S933
M2551,M2551
S7610,S761
W251,_
S2300,S230
I481,I48
E298,E298
Z360,Z360
Q774,Q774
Y141,_
M6583,M6583
H6180,H618
M9181,M918
1842,_
K533,_
1509,_
Z452,Z452
M4312,M4312
T885,T885
0890,_
M5106,M510
N1793,N179
I508,_
I5030,_
O225,O225
O609,_
H512,H512
M7051,M705
S8281,S8281
M00,M009
Y10,_
D2820,D282
V02,_
S6251,S6251
K4031,K403
N638,N63
K440,K440
E03,E039
Z310,Z310
W45,_
H0440,H044
H0290,H029
K0901,K0901
J949,J949
M1319,M1319
Y835,_
R0603,R060
Q308,Q308
B1910,_
S6144,_
F510,F510
I291,_
Z959,Z959
C573,C573
G710,G710
O72,_
K099,K099
O883,O883
N1850,N185
39,_
S5001,S500
J04,_
Q518,Q518
W2109,_
M2599,M2599
G834,G834
K4030,K403
C22O,_
C003,C003
0234,_
P378,P378
W207,_
Z351,Z351
T622,T622
P523,P523
C961,C961
T650,T650
J142,J14
T703,T703
O066,O066
D470,D470
B900,B900
A523,A523
M6248,M6248
P918,P918
Q551,Q551
M4896,M4896
Q677,Q677
D898,D898
N041,N041
T465,T465
E328,E328
Z0013,Z001
G08,G08
E895,E895
D136,D136
P112,P112
A099E86,A09
P392,P392
M5451,M545
M2509,M2509
O495,_
X5930,_
M4805,M4805
P023,P023
K1120,K112
Z3201,Z320
W876,_
J9809,J980
X09,_
M6024,M6024
W2899,_
Z910,Z910
V0299,_
O423,_
G527,G527
R891,R891
W220,_
M6700,M670
M8246,_
E898,E898
M7020,M7020
I419,_
N804,N804
Q564,Q564
M1992,M1992
M672,M672
S49,S499
K903,K903
W3162,_
Q134,Q134
B099,B09
H1430,_
M5127,M512
N1805,N180
Z234,Z234
Z130,Z130
H739,H739
Z240,Z240
K654,_
M793,M793
M6588,M6588
D2121,D212
T192,T192
S279,S279
O9901,O990
O3421,O342
S9301,S930
F959,F959
H1002,H100
M1993,M1993
H159,H159
I441,I441
S958,S958
S2100,S210
S110,S110
S9181,_
O73,_
T382,T382
S959,S959
S8269,S826
L05,L059
S8329,S832
M180,M180
S8350,S8350
M9320,M9320
M6599,M6599
H138,H138
Z1211,Z121
R3222,R32
H3538,H353
I824,_
D48,D489
Q639,Q639
E88,E889
J109,_
M4752,_
M2578,M2578
I082,I082
S8091,S809
M1790,M179
X78,_
H67,_
H7090,H709
I6341,I634
I5032,_
Z9070,Z907
Z3021,Z302
H331,H331
S6090,S609
Z9920,Z992
Z411,Z411
N825,N825
M1226,M1226
Q251,Q251
D6101,D610
Q678,Q678
M8931,M8931
O982,O982
G738,_
M6789,M6789
O33,O339
V182,_
O829Z3,_
T63,T639
H213,H213
O628,O628
O442,_
H0013,H001
D319,D319
O391,_
O312,O312
R5710,R571
R471,R471
R04,R049
I09,I099
I300,I300
Q673,Q673
O232,O232
W1998,_
V2244,_
G463,G463
L80,L80
W0999,_
S8090,S809
T1431,T143
C639,C639
E8766,E876
Z9101,Z910
B048,B04
T394,T394
S5311,S5311
M8445,M8445
W16,_
I352,I352
I394,I394
S540,S540
S459,S459
S341,S341
I060,I060
C4410,C441
V988,_
K081,K081
O716,O716
Z306,_
Q018,Q018
M158,M158
V839,_
M7531,M753
T2400,T240
M0020,M0020
M2451,M2451
M0087,M0087
Z384,Z384
H4320,H432
H9325,H932
C339,C33
O3431,O343
M2154,M2154
R16,_
Z4911,Z491
C13,C139
R2291,R229
Q258,Q258
D552,D552
Z730,Z730
M7299,M7299
Y525,_
P0703,P070
M647,_
S379,S379
O7002,O700
H5781,H578
K225,K225
H502,H502
S8291,S8291
N195,N19
W17,_
E09,_
H540,H540
S968,S968
I838,_
C43,C439
S6722,_
S6109,S610
W5098,_
A305,A305
B508,B508
V3859,_
V0399,_
S727,S727
O803,_
W8503,_
M0085,M0085
O0339,O033
S7041,_
A,_
N8582,N858
K135,K135
D2112,D211
S672,_
N806,N806
0418,_
N0390,N039
L7200,L720
M7790,M7790
D2101,D210
R2290,R229
Q330,Q330
E866,E86
T185,T185
X593,_
V4999,_
M06,M069
M4716,M4716
M8449,M8449
A811,A811
C675,C675
K3530,K353
Q339,Q339
R021,R02
H66,H669
D303,D303
Q436,Q436
1892,_
Q238,Q238
Y319,_
N1851,N185
D4851,D485
G4091,G409
I2418,I241
R061,R061
A360,A360
A639,_
D409,D409
I380,I38
W1291,_
L011,L011
G248,G248
I688,I688
A900,A90
M72,M729
D680,D680
N005,N005
J853,J853
A888,A888
Y420,_
M461,M461
F781,F781
Z0011,Z001
T318,T318
K520,K520
D802,D802
M0691,M0691
M6263,M6263
D386,D386
T512,T512
C169M8010/3,_
D735,D735
A719,A719
Q336,Q336
Q917,Q917
F193,F193
E060,E060
G453,G453
Q998,Q998
T560,T560
A052,A052
M6002,M6002
O085,O085
T795,T795
I512,I512
Q386,Q386
G50,G509
M8142,M8142
T139,T139
T1410,T141
W295,_
N645,N645
S8991,S899
S9201,S9201
X5962,_
861,_
S0027,S002
S402,_
Q666,Q666
M6021,M6021
O318,O318
D1791,D179
T1701,T170
M848,M848
M8857,_
M172,M172
O663,O663
T531,T531
M6008,M6008
Z533,_
E714,_
C923,C923
S4001,S400
M8381,M8381
K744,K744
M9231,M923
Q255,Q255
S8000,S800
V445,_
H1580,H158
M1982,M1982
M8724,M8724
M8201,M8201
M9075,M9075
M8180,M8180
S3230,S3230
K031,K031
148,_
T361,T361
Z119,Z119
Y299,_
N052,N052
M8715,M8715
C185,C185
M8785,M8785
1500,_
F900,F900
Q874,Q874
G821,G821
B964,B964
N969,N96
M1388,M1388
B3532,B353
T8461,T846
S5031,_
Z3720,Z372
S844,_
Q829,Q829
1619,_
441,_
K2210,K221
H2101,H210
H2082,H208
H3141,H314
C75,C759
T8402,T840
G804,G804
I31,I319
D289,D289
C503,C503
T768,_
N4591,N459
L0280,L028
J0510,J051
H5010,H501
H2681,H268
Y,_
H69,H699
K02,K029
M2408,M2408
M8799,M8799
M1191,M1191
M760,M760
Q771,Q771
M5214,_
H0232,H023
M2179,M2179
H1122,H112
G407,G407
N995,N995
R29,_
D010,D010
O43,O439
H2682,H268
O8201,O820
K4391,K439
H4602,H46
M664,M664
0622,_
M8012,M8012
E1444,E144
I650,I650
B461,B461
G998,G998
K5720,K572
S863,S863
K62,K629
H860,_
0021,_
K7031,K703
D18,_
I34,I349
S6264,S626
S8204,S820
D2239,D223
Z230,Z230
C315,_
C769,_
N0883,N088
E0591,E059
438,_
M9044,M9044
M151,M151
N897,N897
S4092,S409
E2822,E282
S36,S369
S37,S379
O899,O899
D26,D269
B340,B340
K796,_
M680,M680
K865,_
F45,F459
E8614,E86
H4089,H408
L840,L84
Z385,Z385
W4599,_
M1907,M1907
S0430,S043
E1421,E142
E189,_
S7241,S7241
T275,T275
O6962,_
O879,O879
V180,_
T183,T183
K911,K911
L900,L900
P222,_
M8004,M8004
S6263,S626
S7912,_
5069,_
R68,_
D6498,D649
801,_
O220,O220
D254,_
D821,D821
P228,P228
G464,G464
I29,_
N984,_
P20,P209
D168,D168
P588,P588
J819,J81
A041,A041
C24,C249
G529,G529
J66,_
J660,J660
R580,R58
W0699,_
Q630,Q630
O880,O880
R862,R862
S998,S998
B078,B07
Y518,_
M8471,_
Q174,Q174
Q743,Q743
Q791,Q791
K5299,K529
K000,K000
S2210,S2210
G002,G002
T8021,T802
S659,S659
W4498,_
S3690,S3690
T065,T065
B0820,B082
E034,E034
K133,K133
B001,B001
S851,S851
S0051,S0051
K765,K765
C164,C164
M5386,M5386
V400,_
O9951,O995
S9104,S910
A779,A779
T188,T188
K076,K076
S8290,S8290
Q366,_
D637,_
P925,P925
Q309,Q309
V245,_
M8092,M8092
Y910,_
T080,T080
U01,_
M9531,M953
D502,_
Q5310,Q531
V291,_
V1999,_
G40,G409
Q200,Q200
Y3399,_
R233,R233
S9681,S968
M9014,M9014
S462,S462
Y0899,_
E168,E168
M2167,M2167
Z579,Z579
X689,_
Y289,_
M7510,M751
M2202,M220
H3420,H342
M8088,M8088
H4692,H46
E1438,E143
B04,B04
E971,_
Y288,_
A540,A540
S984,S984
K971,_
H1600,H160
B049,B04
S499,S499
S90,S909
S97,_
L0312,L031
S3993,S399
V184,_
W296,_
W070,_
E0481,E048
K615,_
I799,_
P101,P101
R140,R14
H2141,H214
R195,R195
M202,M202
F4321,F4321
C724,C724
Z131,Z131
F195,F195
00000,_
O864,O864
M4720,M4720
K711,K711
F539,F539
M1049,M1049
S040,S040
I800,I800
E539,E539
A371,A371
M1040,M1040
11054,_
C399,C399
Z0143C,_
Z0132B,_
T536,T536
T383,T383
M1908,M1908
T599,T599
P720,P720
O828Z370,_
Z01203,Z012
T639,T639
P710,P710
D270,D27
C3499,C349
D3901,D390
H0210,H021
X1009,_
O6201,O620
M662,M662
H449,H449
H5782,H578
K8051,K805
K812,_
9160,_
N6019,N601
N79,_
K2109,K210
E401,E40
T8684,T868
R180,R18
N932,_
R230,R230
O760,_
Q544,Q544
Q411,Q411
M8144,M8144
Z9049,Z904
A449,A449
M47,M479
O9981,O998
G239,G239
S8199,S819
Z3080,Z308
599,_
I126,_
S501,S501
M8073,_
R103,R103
C472,C472
Q410,Q410
Y0099,_
S5671,S567
S2110,S211
W07,_
I410,I410
P769,P769
D761,D761
Z499,_
V2349,_
J4390,J439
J0600,J060
T2500,T250
X11,_
M970,_
_,_
S231,S231
M8013,M8013
S683,S683
O700Z,_
Z3491,Z349
Z3730,Z373
V27,_
M8696,M8696
S337,S337
M4386,M4386
A539,A539
E329,E329
E896,E896
Z939,Z939
S8212,S821
0662,_
E1152,E115
H0012,H001
H932,H932
H5221,H522
D123,D123
S392,_
Z3980,_
O432,O432
S9232,S923
B010,B010
S0003,S000
S8214,S821
S1600,S16
M9681,M968
L0330,L033
O0640,O064
S939,_
T611,T611
Y1899,_
N100,N10
O912,O912
W2699,_
J120,J120
C437,C437
S3220,S3220
C859M,_
N7093,N709
J850,J850
P2001,P200
M9506,M950
S971,S971
L7720,_
K526,_
N259,N259
0631,_
2343,_
0840,_
S3991,S399
T7199,T71
K5641,K564
S79,S799
S6240,S6240
R228,_
M2500,M2500
M8018,M8018
I649,I64
V1899,_
T711,T71
M842,M842
H1132,H113
M8333,M8333
S4071,S407
L0333,L033
H055,H055
K569,_
V6899,_
E0,_
K7689,K768
R911,R91
V539,_
V398,_
L109,L109
Q3691,Q369
B651,B651
X469,_
A1706,A170
01,_
0630,_
W8722,_
T380,T380
0721,_
L23,L239
M316,M316
N395,_
F20,F209
S067,S067
D739,D739
O460,O460
Z570,Z570
F23,F239
M859,M859
L8932,L893
N0838,N083
C380,C380
O869,_
Y099,_
R7303,R730
S762,S762
H5213,H521
I2511,I251
O45,O459
F442,F442
S564,S564
I401,I401
C161,C161
H3880,_
D3811,D381
L281,L281
C1818,C181
E1436,E143
Q605,Q605
V599,_
H25,H259
L982,L982
O8093,O809
70,_
S316,_
80,_
0330,_
T822,T822
C9103,C910
Z3709,Z370
K609,_
A0109,A010
X120,_
B2,_
O364XX1,_
4019,_
Y28,_
O82I,_
H8139,H813
B9562,B956
T568,T568
A009,A009
M128,M128
R748,R748
O0394,O039
C370,C37
R078,_
0988,_
K75,K759
P702,P702
T411,T411
T162,T16
H104,H104
S0581,S058
S0191,S019
0268,_
N4330,N433
P1281,P128
F890,F89
C590,_
D6109,D610
Y09,_
E81,_
J302,J302
C942,C942
K949,_
Z3807,Z380
M8694,M8694
C9100,C910
R700,R700
Z798,_
Z332,Z33
C258,C258
O6981,O698
I117,_
J9849,J984
R919,R91
S6102,S610
1200,_
O103,O103
X460,_
M6267,M6267
M4342,M434
G372,G372
J1899Y9,_
G243,G243
B652,B652
N004,N004
I740,I740
P810,P810
M2508,M2508
B653,B653
G801,G801
P279,P279
M8705,M8705
M310,M310
F451,F451
K114,K114
O058,O058
T590,T590
I677,I677
Q764,Q764
A060E861,_
Q871,Q871
F018,F018
J8192,J81
D47,D479
0750,_
601,_
R802,R80
A601,A601
E8352,E835
S1171,S117
Z370O,_
S497,S497
D633,_
B70,_
C3493,C349
H0451,H045
P834,P834
P84,_
V23,_
S1291,S1291
G8190,G819
M2538,M2538
W339,_
E8613,E86
H3609,H3609
J452,J452
C268,C268
P711,P711
I544,_
S703,_
W7698,_
I6340,I634
H5230,H523
M8080,M8080
O283,O283
C7980,C798
T939,T939
V9027,_
Z924,Z924
J13,J13
M8250,_
C506,C506
S274,S274
M1091,M1091
Z920,Z920
W4509,_
V2814,_
W2009,_
S276,S276
W0698,_
S131,S131
F171,F171
C876,_
H2529,H252
H4029,H402
S6143,_
Z303,Z303
N8880,N888
Z9861,_
Z935,Z935
O500,_
K72,K729
X199,_
S0132,S013
H6102,H610
H911,H911
J442,J442
M9200,M920
W3498,_
I412,I412
X8929,_
S566,_
H6630,H663
Y1999,_
Q521,Q521
W1949,_
K379,K37
N251,N251
S6543,S654
M8448,M8448
Q3599,Q359
M2176,M2176
B343,B343
Z3Z0,_
E138,E138
M1008,M1008
P570,P570
M521,_
013,_
P0510,P051
Y579,_
N069,N069
Z890,Z890
F41,F419
N01,N019
K028,K028
W2609,_
015,_
B449,B449
J1111,J111
C619,C61
D102,D102
M5324,M5324
Z3701,Z370
J325,_
20,_
N083Z,_
C68,C689
H6054,H605
J0689,J068
N43,_
O01,O019
C7900,C790
C866,C866
H712,H71
H0252,H025
K531,_
M9442,_
H3761,_
C693,C693
V185,_
B957,B957
O3240,O324
820,_
D214,D214
D733,D733
S3501,S350
O3420,O342
821,_
Z8631,Z863
O037,O037
Q355,Q355
O6400,O640
Q353,Q353
G9009,G900
H1030,H103
A096,A09
S568,S568
I010,I010
B162,B162
1469,_
Q382,Q382
O632,O632
K91,K919
V878,_
S2120,S212
M0080,M0080
I71,I719
R046,_
K70,K709
D488,_
Q269,Q269
063,_
O1021,O102
G30,G309
Z833,Z833
B439,B439
A202,A202
N2890,N289
S0510,S051
M358,M358
S70,S709
J1801,J180
S4181,S418
J013,J013
E791,E791
D442,D442
E511,E511
R770,R770
J248,_
O501,_
M8558,M8558
Z092,Z092
X5991,_
S5990,S599
W2799,_
S5991,S599
G531,G531
H6591,H659
W259,_
S8192,S819
J156,J156
M3010,M301
0757,_
Z500,Z500
S5012,S501
S8012,S801
X83,_
N848,N848
S9271,S9271
B649,B64
S9291,S9291
D2410,D24
E233,E233
T2201,T220
O811,O811
5729,_
H254,_
N2,_
M8784,M8784
S033,S033
143,_
C104,C104
X0399,_
K2350,_
N7092,N709
V3269,_
S5080,S5080
S3080,S308
V2,_
K7030,K703
H731,H731
C7881,C788
W59,_
N641,N641
T19,T199
E0500,E050
G511,G511
K12,_
J9811,J981
G522,G522
B951,B951
W2309,_
H1091,H109
E722,E722
V2029,_
S80,S809
S9081,S9081
W51,_
B663,B663
N299,_
W2062,_
L8990,L899
O825,_
H460,H46
C091,C091
S5999,S599
D11,D119
K63,K639
M530,M530
B2093,B209
M7126,M7126
L0302,L030
R099,_
H4682,H46
B211,B211
C323,C323
H2506,H250
K13,_
M8370,_
C83,C839
B08,_
S89,S899
N34,_
S8252,S825
M9150,_
O0,_
O,_
O8290,O829
B249,B24
J860,J860
K742,K742
C152,C152
M4899,M4899
F251,F251
I069,I069
MCP,_
M5497,M5497
H730,H730
J206,J206
A34,A34
M5446,M5446
T494,T494
F302,F302
Q341,Q341
K751,K751
E215,E215
T504,T504
M0896,M0896
M5420,M5420
P591,P591
P242,P242
F060,F060
Z0151A1,_
P362,P362
C509M8000/3,_
S8285,S828
Q753,Q753
Q980,Q980
N741,N741
M8700,M8700
Q437,Q437
K208,K20
149,_
E094,_
D1801,D1801
O6200,O620
G9520,G952
N887,_
T855,T855
O3641,O364
N8160,N816
O399,_
W1741,_
S204,S204
W1709,_
W1701,_
S9830,S983
F1012,F101
T464,T464
T144,T144
M7992,M7992
S9780,S978
C481,C481
J162,_
Z571,Z571
S0271,S0271
X4899,_
V24,_
O904,O904
S6091,S609
M930,M930
M481,M481
D2100,D210
S891,_
Z941,Z941
L0211,L021
H132,H132
O712,O712
R2340,R234
Q019,Q019
M6742,M6742
I12O,_
H7093,H709
B888,B888
L7230,_
M6007,M6007
M6517,M6517
M9010,M9010
M8999,M8999
R1903,R190
Q218,Q218
O4211,O421
R330,R33
K278,_
N3091,N309
Q069,Q069
K421,K421
0054,_
Z49Z,_
A4193,A419
T378,T378
Y520,_
Z491C,_
B953,B953
B0840,B084
S217,S217
S144,S144
M210,M210
V2844,_
X95,_
H3091,H309
I349,I349
E725,E725
H913,H913
C9410,C941
M598,_
W18,_
Y0799,_
Q842,Q842
Q845,Q845
X4199,_
V205,_
Q851,Q851
N324,N324
Z761,Z761
0235,_
O1412,O141
R95,R95
S2160,_
E1051,E105
R2210,R221
H6090,H609
G518,G518
L9291,L929
X4699,_
J908,J90
T286,T286
O9940,O994
N287,_
8861,_
R45,_
V409,_
N935,_
B908,B908
A504,A504
O672,_
I89,I899
M1731,M173
M2452,M2452
H101,H101
E854,E854
L990,L990
H608,H608
S3630,S3630
M0440,_
V8399,_
Z255,_
C784,C784
H0281,H028
B942,B942
R562,_
F82,F82
N2083,_
I4290,I429
X489,_
D230,D230
P8381,P838
L0201,L020
O82O,_
R868,R868
M7022,M7022
N1339,N133
R920,R92
S9241,S9241
M8680,M8680
D14,_
S0035,S003
E319,E319
S83,_
C4491,C449
N7510,N751
D001,D001
K312,K312
T541,T541
T112,T112
J9600,J960
Q158,Q158
N721,N72
M8854,_
O245,_
M6541,M654
W0108,_
A590,A590
T174,T174
A922,A922
H509,H509
C039,C039
D501,D501
O251,O25
M895,M895
M6286,M6286
Z3705,Z370
O820O,_
M889,M889
O820O9,_
K94,_
O829O9,_
R859,R859
D06,D069
O012,_
Z3982,_
S551,S551
O8612,O861
S6331,S633
S0055,S005
C618,C61
1214,_
M1901,M1901
T038,T038
S326,_
A663,A663
H2608,H260
N093,_
S5090,S509
L0231,L023
J936,_
Z006,Z006
N39,N399
O301,O301
L741,L741
C388,C388
Q132,Q132
Z41,Z419
Y8699,_
Z0151,Z015
A1,_
H3505,H350
O481,O48
C669,C66
J036,_
M6444,_
X40,_
Z870,Z870
J1573,J157
T264,T264
I801,I801
M0889,M0889
Q606,Q606
M4397,M4397
P154,P154
T528,T528
A413,A413
B659J173,_
O264,O264
I972,I972
D433,D433
T369,T369
T982,T982
T449,T449
T226,T226
M8660,M8660
T635,T635
M5484,M5484
S811,S811
D679,D67
D63,_
S7501,S750
H4389,H438
K265,K265
M2581,M2581
N6080,N608
W510,_
Q24,Q249
H042,H042
S6149,_
V485,_
D6386,D638
K248,_
M062,M062
B000,B000
N974,N974
K0840,_
V92,_
D090,D090
W09,_
I1219,_
W180,_
1248,_
S558,S558
K931,K931
P619,P619
B986,_
R760,R760
H499,H499
E810,_
I80,I809
W640,_
F729,F729
V0199,_
O0011,O001
N3900,N390
H9040,H904
E850,E850
Y1199,_
N620,N62
R470,R470
Z465,Z465
M3212,M321
085,_
V340,_
H4400,H440
A040,A040
N711,N711
W3192,_
S950,S950
W0101,_
T93,T939
P944,_
T929,T929
D038,D038
V260,_
X5992,_
S168,S16
F070,F070
M999,M999
T1401,T140
S7100,S710
T1400,T140
L9181,L918
K190,_
C620,C620
K389,K389
L689,L689
I574,_
M8948,M8948
S061,S061
0621,_
M8110,M8110
K042,K042
S0021,S002
T134,T134
W7999,_
K055,K055
R559,R55
M623,M623
H503,H503
M4199,M4199
R448,R448
M9210,M921
O70,O709
S366,S366
E248,E248
M0601,M0601
757,_
Y2899,_
Z111,Z111
S149,_
M2466,M2466
I243,_
M7287,M7287
T8740,T874
Z432,Z432
Z4914,Z491
B,_
S988,_
X1748,_
S688,S688
T8131,T813
V489,_
Y427,_
R6250,_
F439,F439
T86,T869
L814,L814
0699,_
V2252,_
Z344,_
E12,E129
M8416,M8416
T7691,_
S5081,S5081
S4341,S434
T1511,T151
Z409,Z409
I468,_
O8O9,_
R030,R030
M034,_
I012,I012
G231,G231
H1011,H101
V2898,_
W1890,_
C0991,C099
O6640,O664
C838,C838
J043,_
H0589,H058
I78,I789
H6509,H650
C821,C821
K357,_
C168,C168
I812,I81
M8403,M8403
D2230,D223
J3493,_
1231,_
K74,_
H508,H508
S7611,S761
Z948,Z948
Q527,Q527
D7581,D758
H0452,H045
N2019,N201
C0290,C029
M6781,M6781
H5210,H521
S563,S563
O311,O311
I308,I308
S0109,S010
H678,H678
N343,N343
M9870,_
Q184,Q184
L0293,L029
H3523,H352
M704,M704
O787,_
O034Q,_
M75,M759
O2445,O244
O321Z9,_
C8598,C859
O8220,O822
O1692,O16
0809Z,_
D304,D304
J3690,J36
C5042,C504
M2518,M2518
6268,_
F418,F418
W2709,_
W1341,_
631,_
O957,O95
N503,_
S9092,S909
H4481,H448
H187,H187
S006,_
O71,O719
P509,P509
D347,D34
J064,_
T169,T16
O221,O221
Y418,_
M9832,_
W44,_
5S,_
S060X,_
M8998,M8998
R0209,R02
H1123,H112
1S,_
E8119,_
Q333,Q333
H366,_
Z968,Z968
M253,M253
V861,_
I971,I971
T8579,T857
O1001,O100
S3181,S318
S6045,_
S3710,S3710
O250,O25
H4063,H406
I161,_
C951,C951
T670,T670
G061,G061
N055,N055
Q603,Q603
M0016,M0016
K901,K901
D848,D848
R410,R410
B068J17,_
C701,C701
Z0157B2,_
A318,A318
Q782,Q782
A810,A810
C112,C112
M8688,M8688
JO69,_
P232,P232
F450,F450
Q625,Q625
M465,M465
D484,D484
S332,S332
O289,O289
J965,_
J692,_
N957,_
A907,A90
O160,O16
G3936,_
C967,C967
R106,_
S708,S708
T517,_
N2589,N258
Z4918,Z491
C778,C778
M8462,_
M8852,_
W0709,_
0758,_
W8599,_
S76,_
E663,_
K063,_
J354,_
N7511,N751
B372,B372
M060,M060
L201,_
W878,_
L921,L921
N452,_
X93,_
S9821,S982
S2192,S219
F908,F908
L896,L89
T7971,T797
R7989,R798
Y336,_
I663,I663
M414,M414
V019,_
S2250,S2250
A073,A073
Q7432,Q743
H4012,H401
H4052,H405
M7157,M7157
H3380,_
C805,C80
S5256,S525
S2711,S2711
V509,_
M2150,M2150
Q7231,Q7231
Q7030,Q703
Y179,_
M8568,M8568
Q810,Q810
I874,_
M242,M242
S268,S268
N2090,N209
Q2730,Q273
J6903,J690
K8022,K802
R073,R073
N828,N828
F739,F739
T241,T241
S6721,_
Y844,_
S565,S565
N026,N026
R141,R14
H6030,H603
D490,_
H162,H162
J846,_
H3130,H313
S904,_
T1299,T12
N829,N829
K8000,K800
C79,C799
S2113,S211
R5601,R560
J091,J09
Q748,Q748
C3401,C340
C1101,C110
D034,D034
Q672,Q672
N5090,N509
L0250,_
I77,I779
P618,P618
I95,I959
C559,C55
R2240,R224
D244,D24
O3400,O340
L0381,L038
H183,H183
K8080,K808
R300,R300
076,_
H2790,H279
I191,_
Y762,_
M5408,M5408
E070,E070
K7460,K746
N604,N604
X952,_
Q374,Q374
N6310,N63
Z0157,Z015
Z015,Z015
H55,H55
O256,O25
F33,F339
S6811,S681
Z233,Z233
Z3009,Z300
D7282,D728
K653,_
Q873,Q873
K9423,_
N190,N19
N8360,N836
K593,K593
S4215,S421
K126,_
R319,R31
S781,S781
R399,_
H6510,H651
356,_
H0412,H041
H0032,_
I1101,I110
H0101,H010
K832,K832
J998,J998
H874,_
V129,_
M1255,M1255
C434,C434
D2821,D282
G5600,G560
1802,_
Z803,Z803
S108,S108
M6191,M6191
W1830,_
P524,P524
P12,P129
R7309,R730
D69,D699
H2602,H260
N290,N290
T404,T404
W343,_
2301,_
M4134,M4134
N3420,N342
Z3780,_
H908,H908
H904,H904
W080,_
H4061,H406
A372,_
0639,_
064,_
N992,N992
A149,_
16,_
H2153,H215
F448,F448
S042,S042
C768,C768
E1482,E148
T490,T490
W3172,_
V7959,_
M8188,M8188
S827,S827
G189,_
R06,_
R90,_
V223,_
F988,F988
W4529,_
T723,_
A1650,A165
M8990,M8990
E491,_
L908,L908
M485,M485
M8860,_
W3449,_
L111,L111
T790,T790
Z011B,_
A308,A308
D267,D267
T638,T638
M5435,M543
S041,S041
G622,G622
G803,G803
L100,L100
D530,D530
T500,T500
C510,C510
H308,H308
T273,T273
P549,P549
D159,D159
P014,P014
G544,G544
P782,P782
M8661,M8661
G003,G003
M4727,M4727
R413,R413
P941,P941
T432,T432
X6099,_
W0338,_
K207,K20
R669,_
H423,_
O686,_
Z479,Z479
N8352,N835
H2702,H270
J1599,J159
R268,R268
P9683,P968
S0121,S012
S145,S145
Q37,Q379
J1999,_
R799,R799
L250,L250
A520,A520
I681,I681
Z969,Z969
M8889,M8889
J4509,J450
H0881,_
K036,K036
W260,_
M495,M495
M7117,M7117
L253,L253
M8076,_
M0093,M0093
Z5111,Z511
M9687,M968
D042,D042
C031,C031
S6129,_
M615,M615
B00,B009
H304,_
X60,_
K6819,_
F001,F001
G8250,G825
S6701,S670
S8085,S808
A912,A91
V891,_
D529,D529
T021,T021
S46,S469
L211,L211
S323,S323
0828,_
H2619,H261
O1821,_
O0951,_
6809,_
J3590,J359
R2380,R238
J168,J168
0682,_
C998,_
D3610,D361
M9650,M965
G9341,G934
R5600,R560
V475,_
M2429,M2429
E283,E283
H202,H202
K4020,K402
H710,H71
S440,S440
R821,R821
O110,O11
O489,O48
P143,P143
N7500,N750
M7954,M7954
R779,R779
S666,S666
M163,M163
K891,_
B35,B359
L403,L403
E139,E139
Z282,Z282
C8300,C830
D31,D319
5795,_
K8041,K804
K83,K839
53,_
Q641,Q641
S8225,S822
V039,_
I1191,I119
K270D1,_
M9850,_
O0205,O020
690,_
N2005,N200
570,_
E275,E275
M7052,M705
M5432,M543
M000,M000
M1019,M1019
E350,E350
E883,E883
E1010,E101
259,_
E8391,E839
Z9071,Z907
H6549,H654
H7291,H729
B95,_
C917,C917
S3611,S3611
W539,_
L603,L603
Z211,Z21
Z149,_
V68,_
Z380O8,_
G5610,G561
O83,O839
Z47,Z479
S3151,S315
O741,O741
0624,_
Q798,Q798
E089,_
J364,J36
B978,B978
I692,I692
P324,_
S6610,S661
K2950,K295
L430,L430
K085,_
B191,_
D0512,D051
M9698,M969
I619I,_
Z970,Z970
S3251,S3251
S6153,_
1109,_
S7204,S720
I711,I711
P24,P249
V3959,_
B409,B409
B374,B374
S233,S233
O815,O815
J835,_
Z451,Z451
E213,E213
D324,_
M236,M236
J020,J020
L142,L14
M051,M051
J990,J990
V0204,_
C498,C498
M1721,M172
S812,_
D2261,D226
H2703,H270
I748,I748
E090,_
E251,_
S6039,_
J9601,J960
055,_
054,_
A421,A421
M9827,_
M8561,M8561
T387,T387
Y839,_
M8669,M8669
M8098,M8098
H131,H131
J9391,J939
G735,G735
Q514,Q514
E89,E899
I504,_
D655,D65
D3001,D300
C028,C028
Z318,Z318
M5459,M5459
X5890,_
S5989,S598
M9202,M920
1517,_
M7257,M7257
C95,C959
X5901,_
C0625,C062
J1982,_
D382,D382
G472,G472
N1331,N133
D271,D27
R701,R701
I070,I070
S3609,S360
N855,N855
Z181,_
O668,O668
A500,A500
Q412,Q412
P048,P048
T820,T820
T478,T478
N999,N999
T471,T471
T215,T215
M6256,M6256
C211,C211
D71,D71
B210,B210
F317,F317
Z0131B,_
Z0141CL,_
Z0141B,_
I092,I092
P159,P159
T64,T64
C676,C676
C740,C740
M8190,M8190
G4310,G431
L3080,L308
V49,_
D388,_
M390,_
M1903,M1903
E681,E68
R879,R879
Q922,Q922
Y354,_
X1298,_
I8310,I831
H02,H029
H4382,H438
J892,_
H1892,H189
H3701,_
H4211,_
Q161,Q161
H2000,H200
H1940,_
N6001,N600
Z3,_
A08,_
A186,A186
M2531,M2531
N8322,N832
N080,N080
O4403,O440
S0266,S026
C2O,_
M925,M925
M8315,M8315
909\,_
Q794,Q794
N761,N761
H2599,H259
Z830,Z830
C8599,C859
Q831,Q831
F808,F808
O130,O13
T80,T809
83,_
P01,P019
I999,I99
S8310,S831
S9242,S924
M8750,_
I114,_
W3099,_
S6700,S670
O4210,O421
O614,_
R002,R002
E961,_
Z081,Z081
M759,M759
0233,_
Y14,_
G561,G561
J1882,J188
S641,S641
S643,S643
Z459,Z459
B955,B955
N3736,_
H1591,H159
S8222,S822
S9811,S981
S0530,S053
H4062,H406
M6513,M6513
H1841,H184
1639,_
T219,_
V092,_
T025,T025
W06,_
W0188,_
R625,_
Z00,_
J009,J00
S9091,S909
S86,S869
S142,S142
S9135,S913
S8185,S818
S0202,S020
K461,K461
S7251,_
S6200,S6200
J0130,J013
W506,_
Y531,_
H4451,H445
R234,R234
S6341,S634
S3210,S3210
S6620,S662
E749,E749
H1032,H103
B849,_
G902,G902
S8311,S831
K65,K659
M1796,M179
H0289,H028
M2550,M2550
T8460,T846
D309,D309
Q271,Q271
C078,C07
F023,F023
O34,O349
C31,C319
M374,_
H6520,H652
C922,C922
P331,_
P0581,_
M6749,M6749
N4300,N430
O1401,O140
T8111,T811
X9941,_
V3869,_
Y464,_
S6860,_
E720,E720
K143,K143
M5457,M5457
H314,H314
I988,I988
Y9,_
K180,_
W799,_
O0390,O039
O414,_
S5300,S5300
F88,F88
Z3090,Z309
S665,S665
H4005,H400
W0328,_
W5409,_
N380,_
E064,E064
Y280,_
M8786,M8786
S9781,S978
T786,_
B851,B851
B3512,B351
S3113,S311
H4321,H432
M16,M169
R119,R119
H802,H802
O357,O357
O120,O120
A311,A311
F800,F800
J385,J385
T8569,T856
8A,_
H662,H662
M546,M546
O3402,O340
S382,S382
N609,N609
O143,_
L6070,_
O86,_
C925,C925
O134,O13
E1102,E110
K76,K769
H2156,H215
O1410,O141
E49,_
Z238,Z238
S081,S081
K5130,K513
H435,_
Q5391,Q539
N079,N079
M9270,M927
F1002,F1002
I6203,I620
S1214,S121
T094,T094
719,_
B680,B680
V58,_
S436,S436
S7300,S7300
V34,_
H1115,H111
H1823,H182
H5921,_
H278,H278
T476,T476
T633,T633
AO99E861,_
C224,C224
C166,C166
M4697,M4697
P371,P371
T282,T282
M5444,M544
M1256,M1256
F201,F201
I425,I425
D142,D142
M4783,M4783
D521,D521
O071,O071
F454,F454
A502,A502
E112N08,_
N0185,N018
Z370O3,_
0100,_
V3208,_
W10,_
X18,_
J411,J411
H1700,H170
M8541,M8541
M854,M854
N6390,N63
H5032,H503
I660,I660
W060,_
O47,O479
0698,_
M251,M251
J0380,J038
P811,_
O81,_
S512,_
E1434,E143
3601,_
K299Y,_
E829,_
K2990,K299
J691,J691
L571,L571
E190,_
J499,_
Y832,_
O075,O075
V25,_
M790,M790
X5801,_
C538,C538
T761,_
S6300,S6300
W1928,_
V0219,_
G802,G802
A259,A259
M2503,M2503
W0362,_
I27,I279
X5993,_
M9980,M9980
T8539,T853
G588,G588
M8600,M8600
Z982,Z982
A119,_
O8039,_
J19,_
T410,T410
H539,H539
S2193,S219
T1591,T159
C5410,C541
A042,A042
D840,D840
S6241,S6241
I8610,I861
E7876,_
N409,N40
A050,A050
S9191,S919
D1790,D179
Y425,_
Q391,Q391
D036,D036
P00,P009
I851,_
Z028,Z028
C818,_
Y18,_
Z794,_
M8093,M8093
F015,_
A549,A549
V674,_
Q7801,Q780
M9259,M925
Q7241,Q724
S8239,S823
M8919,M8919
V244,_
G908,G908
A1612,A161
T257,T257
W5799,_
Q1501,Q150
M4180,M4180
Z229,Z229
T109,T10
B381,B381
Z380PO34,_
S6991,S699
T0540,T054
Q1202,Q120
S6035,_
0691,_
J609,J60
A440,A440
J128,J128
H0280,H028
L043,L043
E001,E001
K356,_
Z991,Z991
C642,C64
0619,_
J332,_
Y450,_
M845,_
Q819,Q819
I125,_
D513,D513
B830,B830
H451,H451
M8162,M8162
N770,N770
B879,B879
B850,B850
H0212,H021
O9,_
Z3706,Z370
P600,P60
P268,P268
P522,P522
B582,B582
G052,G052
S367,S367
Q051,Q051
M3219,M321
0283,_
0600,_
R310,R31
R312,R31
Y772,_
H0455,H045
O0345,O034
3235,_
K322,_
D3911,D391
S5202,S520
T807,_
49,_
B441,B441
B871,B871
N2889,N288
M8760,_
C8590,C859
M865,M865
D0460,D046
M5414,M5414
V8781,_
U821,_
M9111,M911
R558,R55
N017,N017
Z981,Z981
V2894,_
V01,_
M939,M939
N8355,N835
V5359,_
M6784,M6784
K1371,K1371
J3411,J341
J061,_
I4639,_
M10O,_
M81,M819
W0178,_
S1290,S1290
M0110,M0110
M7151,M715
V296,_
S9233,S923
T314,T314
Q676,Q676
R321,R32
O789,_
Y842,_
H0100,H010
N0833,N083
W64,_
M5429,M5429
O8203,O820
C17,C179
Z53,Z539
A030,A030
M1259,M1259
Q228,Q228
F250,F250
O431,O431
O104,O104
P040,P040
N044,N044
T261,T261
F429,F429
Z01204,Z012
J1893I248,_
P365,P365
P526,P526
Q848,Q848
T592,T592
T423,T423
M6095,M6095
I644,I64
C562,C56
A1883,A188
S0570,S057
N1890,N189
K428,_
R6510,R651
I8500,I850
M9953,M9953
E1159,E115
G839,G839
0470,_
W279,_
S0999,S099
Q162,Q162
L0303,L030
Q261,Q261
I821,I821
I6390,I639
E1101,E110
B869,B869
E390,_
C632,C632
M488,M488
B950,B950
O0620,O062
G358,G35
P110,P110
O073,O073
H1109,H110
S2990,S299
T936,T936
S3241,S3241
K201,K20
S8372,S837
C7130,C713
I452,I452
K189,_
D641,D641
119,_
W4098,_
W8798,_
F24,F24
Y2099,_
C608,C608
V444,_
L1815,_
B350,B350
S0102,S010
P22,P229
P224,_
Z722,Z722
W13,_
I199,_
O687,_
N120,N12
T838,T838
H6122,H612
S633,S633
K459,_
M4882,M4882
J5490,_
I793,_
Q263,Q263
Z760,Z760
Z859,Z859
H3422,H342
B258,B258
0623,_
K3540,_
W809,_
M1696,M169
S7171,S717
M7500,M750
S9112,S911
S0000,S000
M8787,M8787
Z990,Z990
Q958,Q958
M715,M715
S718,S718
L248,L248
S8031,_
L9220,L922
L8920,L892
W222,_
Y272,_
S8102,S810
T315,T315
M8560,M8560
H1105,H110
K8214,K821
O520,_
I120HD,_
D492,_
L0281,L028
L233,L233
N440,N44
N90,N909
M9657,M965
M162,M162
H6610,H661
T3939,T393
Z185,_
E1165,E116
Q839,Q839
Q232,Q232
C960,C960
R5701,R570
210,_
Q058,Q058
L506,L506
A821,A821
S652,S652
O833,O833
I280,I280
G712,G712
M6208,M6208
M8588,M8588
O812,O812
J1788,J178
T8140,T814
Q933,Q933
D37,D379
V499,_
S378,S378
Z1318,Z131
Z2318,Z231
M7967,M7967
S8392,_
P2911,P291
I4470,I447
M7251,M7251
M085,_
A838,A838
H6511,H651
O84,O849
M154,M154
X5092,_
S0152,S015
S1191,S119
H1031,H103
S861,S861
M8668,M8668
W76,_
S225,S225
S277,S277
O834,O834
G914,_
O132,O13
O20,O209
D340,D34
S6131,_
S739,_
X04,_
X17,_
N893,N893
Z101,Z101
K902,K902
N105,N10
L9292,L929
S6094,S609
M4188,M4188
L129,L129
M7739,M7739
M5422,M5422
M4825,M4825
0252,_
070,_
K730,K730
I42,I429
S642,S642
H3591,H359
J43,J439
L981,L981
M4856,M4856
R1902,R190
T381,T381
T306,T306
Z011G2,_
Z011G1,_
C920D630,_
D588,D588
I605,I605
T452,T452
A78J178,A78
T398,T398
T953,T953
S049,S049
CR0016,_
CR0250,_
N910,N910
Y415,_
T239,_
Z200,Z200
S8072,S807
L948,L948
V2995,_
E330,_
G718,G718
S43,_
V0214,_
A350,A35
B3490,B349
C10,C109
W56,_
V4973,_
6X5TUMOROCCIPITALAREA,_
M8402,M8402
M8220,_
W1409,_
N729,N72
W550,_
N304,N304
D754,_
Q890,Q890
E8611,E86
F331,F331
M867,_
Q781,Q781
D451,D45
W2211,_
A389,A38
T1110,T111
P304,_
W2199,_
K706,_
Q82,Q829
O94,O94
N518,N518
V091,_
M9103,M910
K009,K009
W236,_
V290,_
W018,_
G538,G538
N4981,N498
H2700,H270
S4270,S4270
E719,_
S978,S978
C51,C519
M1199,M1199
I489F,I48
W1789,_
K01,_
W226,_
H0581,H058
5923,_
H352E,_
I132HDD,_
O0337,O033
C4911,C491
I8721,I872
S68,S689
D462,D462
R809,R80
0389,_
A171,A171
Q51,Q519
Z965,Z965
V1359,_
D050,D050
M462,M462
K082,K082
M8840,_
Q268,Q268
N6011,N601
H4111,_
D4865,D486
D3800,D380
C5950,_
R8012,R80
H404,H404
H2713,H271
B358,B358
X4499,_
Y584,_
L110,L110
N70,N709
N098,_
A78,A78
I730,I730
K5909,K590
H4600,H46
Q388,Q388
M8023,M8023
S3729,S372
J9690,J969
M9835,_
F790,F790
J401,J40
T2300,T230
T2501,T250
649,_
J169,_
E745,_
E891,E891
H2530,_
H81,H819
S694,_
J319,_
N1853,N185
X0992,_
T2422,T242
T2210,T221
S2701,S2701
M8902,M8902
M7136,M7136
Y86,_
A094,A09
N7185,_
J495,_
Y34,_
W149,_
M7265,M7265
M7290,M7290
W2918,_
V010,_
S0050,S0050
N1009,N10
R508,R508
S63,_
M60,M609
6470,_
1259,_
1251,_
E1100,E110
A1802,A180
M080,M080
P0811,P081
S6132,_
N160,N160
S153,S153
H2001,H200
I8243,_
S8340,S834
C7611,C761
A98,_
S0504,S050
F321,F321
D258,_
L272,L272
0717,_
O868,O868
M808,M808
D221,D221
Q5110,Q511
A493,A493
V0919,_
T860,T860
W2492,_
M5329,M5329
S797,S797
V6869,_
0365,_
A369,A369
E703,E703
V249,_
N1320,N132
H4700,H470
B560,B560
O1423,O142
M5130,M513
E237,E237
G209,G20
T958,T958
Z370O6,_
41,_
V0249,_
R1013,R101
H9390,H939
C4441,C444
W5009,_
N31,N319
0800Z34,_
B519,B519
J1222,J122
D411,D411
N015,N015
M4387,M4387
AAA,_
T141W55,_
M5426,M542
F152,F152
S0221,S0221
T384,T384
D008,_
Q2734,Q273
9932,_
J51,_
Q799,Q799
M2601,_
C148,C148
T1711,T171
J1203,J120
M7509,M750
Z899,Z899
E8771,E877
E0521,E052
M611,M611
J1571,J157
S107,S107
C952,C952
C5098,C509
H0430,H043
M8995,M8995
M8094,M8094
T96,T96
M350,M350
K18,_
C7931,C793
J6900,J690
A471,_
Q399,Q399
Y209,_
T058,T058
T244,T244
O744,O744
H6632,H663
M01X9,_
Z4780,Z478
H6050,H605
S8370,S837
L7280,L728
W458,_
Q434,Q434
N2892,N289
I529,_
K940,_
M0072,_
T90,T909
I670,I670
I90,_
M8641,M8641
W198,_
A0991,A099
Z8,_
K8011,K801
8150,_
K813,_
H0501,H050
D499,_
Z6221,Z622
R528,_
D839,D839
M778,M778
Q704,Q704
O702O8O9,_
Z3270,_
O6000,O600
T193,T193
S121,S121
M2325,M2325
Z821,Z821
P638,_
Q79,Q799
I6333,I633
C4910,C491
Q21,Q219
E1164,E116
O8003,O800
Z1381,Z138
Z481,_
O8211,O821
2641,_
S616,_
H3510,H351
N348,_
Z5331,_
H903,H903
E711,E711
S6432,S643
Q179,Q179
J1731,J173
Z242,Z242
Q913,Q913
E1119,E111
E214,E214
T51,T519
Z203,Z203
S0112,S011
S0012,S001
Z591,Z591
S333,S333
Z913,Z913
C56C3,C56
X1209,_
J1603,J160
S8331,S833
236,_
T447,T447
R25,_
N1390,N139
O3660,O366
S0193,S019
W4904,_
P800,P800
S6619,S661
S651,S651
O8342,O834
M955,M955
S445,S445
O263,O263
S6232,S623
N330,N330
5839,_
O0995,_
D449,D449
C14,_
A098,A09
D2290,D229
S2690,S2690
V3349,_
Z4881,Z488
Z7952,_
M8986,M8986
R634,R634
V023,_
H5941,_
S6632,S663
Z918,Z918
N758,N758
S9119,S911
S7302,S7302
D6200,D62
K38,K389
G894,_
M1456,M145
O999,_
S4290,S4290
T317,T317
X126,_
S0920,S092
S463,S463
R563,_
H406,H406
X499,_
Y430,_
S8371,S837
E044,_
G573,G573
P928,P928
M0000,M0000
Q143,Q143
W197,_
Z128,Z128
M8701,M8701
D019,D019
Z099,Z099
P158,P158
Q183,Q183
S4040,_
I979,I979
Q302,Q302
P064,_
K655,_
O468,O468
J4410,J441
L081,L081
V2998,_
S650,S650
H1620,H162
P960,P960
T821,T821
K313,K313
M341,M341
G211,G211
G961,G961
K753,K753
J65,J65
K741,K741
Q400,Q400
J157,J157
D072,D072
S6441,S644
T390,T390
S150,S150
H328,H328
H3608,H360
D070,D070
M772,M772
M1791,M179
H1071,_
N6010,N601
D4070,D407
S27,S279
I2783,I278
K1212,K1212
O119,O11
M082,M082
H3554,H355
K380,K380
Z3760,Z376
Z01,Z019
K2966,K296
C4499,C449
Z8950,Z895
S3711,S3711
Q511,Q511
V2989,_
Z601,Z601
O643,O643
I577,_
Q669,Q669
Z925,Z925
G641,G64
G214,G214
M2329,M2329
M9426,M9426
000,_
M301,M301
K756,_
1724,_
1770,_
339,_
709,_
V069,_
W0399,_
V5830,_
J914,J91
S5254,S525
1D,_
R749,R749
R658,_
D53,D539
Q910,Q910
M5382,M5382
L051,_
K941,_
M066,_
M0662,_
M4909,M4909
S8263,S826
N175,_
E802,E802
S3909,S390
F719,F719
P339,_
C349M,_
J158,J158
O827,_
W2369,_
Z584,Z584
G034,_
B368,B368
S5340,S534
M5389,M5389
E771,E771
O96,O96
T042,T042
T426,T426
M973,_
M6025,M6025
H7301,H730
O046,O046
X0908,_
J201,J201
E763,E763
S9171,S917
Z809,Z809
C9111,C911
N1885,N188
N1855,N185
7381,_
V2242,_
S8992,S899
S5992,S599
M8323,M8323
L204,_
M8360,_
W5541,_
F919,F919
Z122,Z122
Q372,Q372
N483,N483
R519,R51
A342,A34
W3249,_
D144,D144
I978,I978
R5910,R591
Q8392,Q839
P836,P836
R840,R840
Z3480,Z348
K548,_
Z311,Z311
L916,_
M2391,M2391
M8690,M8690
R0401,R040
H6640,H664
H3632,_
R159,R15
S6172,S617
326,_
C2291,C229
641,_
O4302,O430
D13,D139
N0499,N049
N75,N759
D1311,D131
H4732,H473
M801,M801
0813,_
C8310,C831
M4785,M4785
M7686,M7686
Z236,Z236
W1403,_
W1303,_
I528,I528
H7292,H729
M9490,M9490
M7521,M752
P91,P919
S0071,S007
Z9010,Z901
O3221,O322
O0091,O009
J430,J430
B0519,B051
O4500,O450
S0881,S088
V2359,_
V8989,_
S2721,S2721
V2799,_
V3459,_
I888,I888
M8963,M8963
V72,_
X47,_
D4862,D486
R828,R828
M2333,M2333
W30,_
S570,S570
S441,S441
M8083,M8083
S18,S18
T441,T441
S9093,S909
H1861,H186
P00001,P000
M8695,M8695
M0807,M0807
J088,_
M880,M880
M4360,M4360
P722,P722
C783,C783
Q244,Q244
I310,I310
T407,T407
A422,A422
K900,K900
G937,G937
C475,C475
T350,T350
S8300,S830
J0192,J019
I8891,I889
D1770,D177
N843,N843
Z5333,_
X590,_
J189Y,_
J4499,J449
0450,_
E7988,E798
O024,_
B890,B89
Z041,Z041
H0500,H050
T881,T881
W709,_
C,_
O859,O85
S6972,S697
S8990,S899
F198,F198
V809,_
M890,M890
M688,M688
L52,L52
M9962,M9962
Q6102,Q610
C418,C418
C471,C471
E352,_
Z954,Z954
W0131,_
M8722,M8722
O902,O902
S355,S355
S1220,S1220
M2583,M2583
V11,_
P0701,P070
B811,B811
M4836,M4836
V282,_
0637,_
I959I2,_
H339,_
C5000,C500
G978,G978
P963,P963
Q681,Q681
P728,P728
N1100,N110
F602,F602
D603,_
O070,O070
R225,_
B268,B268
S0141,S0141
T882,T882
L894,L89
S213,_
W4508,_
0479,_
M8413,M8413
H4721,H472
W013,_
O4406,O440
0101,_
M764,M764
X84,_
O740,O740
S5212,S521
R2220,R222
A664,A664
M9591,M959
N042,N042
Z3790,Z379
C4921,C492
C97,C97
M9685,M968
371,_
P606,P60
Z97,_
Q122,Q122
O308,O308
O6410,O641
P132,P132
D353,D353
I720,I720
C081,C081
N5314,_
I19,_
N2591,N259
S0120,S012
S5641,S564
D621,D62
K433,_
Z239,_
M4685,M4685
N7011,N701
M218,M218
W57,_
R5621,_
S2731,S2731
O9900,O990
M8406,M8406
J677,J677
M271,_
P820,_
D592,D592
C927,C927
P511,_
O321Z,_
O412,_
O149O8,_
Y286,_
K574,K574
J331,J331
P244,_
J8999,_
M509,M509
E904,E90
Q3790,Q379
E770,E770
M228,M228
M8564,M8564
R5990,R599
S166,S16
E54,E54
S2208,S220
T82,T829
G4041,G404
J041,J041
B899,B89
F63,F639
E142NO80,_
W0798,_
H5980,H598
I990,I99
O129,_
W139,_
T098,T098
S8082,S8082
U88,U88
Z1342,Z134
C511,C511
J194,_
D6182,D618
A543,A543
M8530,M8530
F197,F197
W5598,_
S8245,S824
H4099,H409
M41,M419
K7581,K758
N3901,N390
I62,I629
O8213,O821
A928,A928
D720,D720
D643,D643
Z0012,Z001
C473,C473
M1989,M1989
M247,M247
B052J1,_
P528,P528
P919,P919
M1987,M1987
A689,A689
F172,F172
M4854,M4854
T952,T952
B345,_
L271,L271
E811,_
F31,F319
S9840,S984
R259,_
E670,E670
R011,R011
S7072,S707
L9858,L985
R390,R390
X991,_
X119,_
M4696,M4696
M8415,M8415
M9485,M9485
Y1699,_
M2324,M2324
W490,_
T7804,T780
M1014,M1014
S2129,S212
W2408,_
M432,M432
Z720,Z720
M400,M400
B952,B952
C420,_
I439,_
R768,R768
Z3400,Z340
I247,_
H2712,H271
A909,A90
Z3703,Z370
O8O0,_
I15,I159
Z370O8,_
S8349,S834
H861,_
M84,M849
H3332,H333
C30,_
J0402,J040
K2201,K220
I488,I48
Q107,Q107
C739,C73
X6599,_
O229,O229
Q558,Q558
C2201,C220
Q728,Q728
Q772,Q772
K070,K070
P0009,P000
A83,A839
M9330,_
O122,O122
C7651,C765
O2,_
O6,_
M6540,M6540
P0735,P073
O1419,O141
O800Z0,_
N2981,N298
N20E2,_
H519,H519
H6522,H652
G9529,G952
C855,_
V6862,_
W1573,_
K3531,K353
P096,_
S5141,_
M0086,M0086
V3299,_
S0582,S058
N9710,N971
O23,O239
V3254,_
B329,_
H711,H71
H6592,H659
Z324,_
S3120,S312
P300,_
P321,_
Z3020,Z302
H6699,H669
S5257,S525
T321,T321
V32,_
Q208,Q208
W23,_
V38,_
C76,_
P3969,_
P712,P712
N945,N945
W1394,_
N759,N759
M9104,M910
S6862,_
T1412,T141
54,_
V09,_
0984,_
1714,_
M0586,M0586
F861,_
E1459,E145
691,_
W500,_
W234,_
Z3702,Z370
O8089,O808
B440,B440
F1023,F1023
M1A9,_
S9102,S910
A289,A289
T8744,T874
E1337,E133
Q809,Q809
K5904,K590
0412,_
U00,_
B403,B403
G953,_
T00,T009
Q703,Q703
G10,G10
O310,O310
V889,_
R6092,R609
D448,D448
29,_
T8784,_
V231,_
S878,S878
T804,T804
D337,D337
E8612,E86
G82,_
T1111,T111
S21,S219
M5136,M513
699,_
B30,B309
D642,D642
P281,P281
X109,_
M3596,M359
1698,_
W249,_
0703,_
J063,_
O826,_
K436,_
Y3629,_
5018,_
M7267,M7267
M8109,M8109
M8251,_
G630,G630
A76,_
E382,_
I1249,_
W2702,_
N990,N990
T608,T608
A049E861,_
T619,T619
M5488,M5488
P102,P102
P379,P379
B051G020,_
H0015,H001
M8009,M8009
R488,R488
M884,_
J1898,J189
J0140,J014
C261,C261
C822,C822
D551,D551
D3912,D391
E0420,E042
O376,_
H1810,H181
A380,A38
D012,D012
M2559,M2559
Q35,Q359
C841,C841
S498,S498
C022,C022
M070,M070
K5660,K566
C2,_
C4411,C441
O3000,O300
840,_
H2182,H218
M2054,M205
J4521,J452
D5095,D509
O680Z9,_
H0533,H053
Z1883,_
N904,N904
E7898,E789
M7104,M7104
W2701,_
I149,_
B051,B051
T41,_
N284,_
E1472,E147
Z094,Z094
H0266,H026
S8283,S828
B39,B399
J4890,_
E018,E018
N83,N839
I745,I745
S5237,S523
C5093,C509
S541,S541
R1707,R170
O959,O95
I379,I379
Y440,_
S451,S451
W25,_
Y872,_
N6081,N608
Y899,_
E129,E129
T1IW55,_
P3610,P361
K9184,K918
P153,P153
N,_
O708,_
O417,_
D2320,D232
S2220,S2220
011,_
X699,_
Q3108,Q310
M24,M249
M8091,M8091
J0681,J068
Y070,_
F529,F529
I6992,_
N8890,N889
R1901,R190
N8501,N850
D2272,D227
S04,S049
0082,_
Q36,Q369
S9139,S913
M2555,M2555
O8099,O809
K4092,K409
Y928,_
P33,_
M8557,M8557
W0609,_
D3703,D370
J154,J154
O201,_
V139,_
Y199,_
P113,P113
Q758,Q758
P074,_
P383,P38
M7280,M7280
K013,_
B15,B159
F491,_
V288,_
P942,P942
G02,_
G020,G020
H57,H579
V252,_
1700,_
R07,_
D4811,D481
Q3802,Q380
Q3591,Q359
M7687,M7687
C812,C812
K211,_
M166,M166
Q05,Q059
D245,D24
Q529,Q529
N981,N981
D137,D137
P238,P238
Q894,Q894
H0283,H028
260,_
Q674,Q674
G478,G478
G111,G111
A542,A542
Y550,_
E713,E713
Q638,Q638
G548,G548
O072,O072
K7490,_
Q310,Q310
X7099,_
S733,_
J98,J989
M8710,M8710
3200,_
J746,_
E046,_
I67,I679
T8189,T818
K5710,K571
R059,R05
N9712,N971
M788,_
O2492,O249
W53,_
M7032,M7032
T091,T091
H288,H288
D73,D739
W03,_
P548,P548
D2110,D211
W8708,_
M8488,M8488
N0835,N083
T837,_
B238,B238
Q130,Q130
P748,P748
V330,_
V8993,_
C536,_
O065,O065
K3533,K353
L998,L998
O7500,O750
H3302,H330
G9340,G934
M8615,M8615
E239,_
R0402,R040
B004,B004
R877,R877
E1124,E112
K87,_
L245,L245
X50,_
I464,_
M211,M211
F052,_
T027,T027
I648,I64
H240,_
W519,_
S6328,S632
I1210,_
S5000,S500
D681,D681
S569,_
R631,R631
K446,_
V2804,_
H1099,H109
X5979,_
F4310,F431
L449,L449
J001,J00
K077,_
W2130,_
F71,F719
Y343,_
S8261,S8261
M6004,M6004
Z312,Z312
W491,_
S866,_
G251,G251
B26,B269
C968,C968
T1150,T115
E07,E079
D2240,D224
S3190,_
S6302,S6302
S3281,S3281
S9310,S931
J3480,J348
M1360,_
J3702,J370
W769,_
Z171,_
D029,_
Z3796,Z379
E0835,_
C589,C58
C451,C451
Z829,_
C1689,C168
H0191,H019
H3181,H318
O893,O893
D61,D619
I8731,_
M125,M125
W27,_
B3510,B351
W4441,_
I1010,I10
V0394,_
Z032,Z032
G562,G562
N8381,N838
H3528,H352
B54,B54
H1312,H131
R02I,R02
Y431,_
S9305,S930
M7122,M712
Q392,Q392
I233,I233
M911,M911
P103,P103
T319,T319
Z0156A1,_
G720,G720
E320,E320
D477,D477
C223,C223
L9750,L97
I162,_
O863,O863
X690,_
P235,P235
W7604,_
H720,H720
T8101,T810
A97O,_
T731,T731
X831,_
H4590,_
Y362,_
W2603,_
M7530,M753
M6241,M6241
S3112,S311
T099,T099
L849,L84
S0993,S099
D302,D302
B005,B005
N740,N740
B207,B207
Q038,Q038
Q626,Q626
E291,E291
O0940,_
E000,E000
M2187,M2187
S578,S578
W2509,_
Q503,Q503
W311,_
R931,R931
L0220,L022
H5211,H521
H9312,H931
V17,_
Y859,_
B16,B169
B448,B448
X41,_
J160,J160
G24,G249
D290,D290
T119,T119
S0511,S051
S1090,S109
W0991,_
N1999,N19
W649,_
M1392,M1392
C208,C20
C732,C73
C731,C73
L6072,_
Q5051,Q505
M4647,M4647
V183,_
D10,D109
S8104,S810
L889,L88
H163,H163
10,_
A671,A671
W901,_
B82,B829
T503,T503
D43,D439
H6001,H600
Z0156,Z015
H0521,H052
M888,M888
E882,E882
A092,A09
I852,_
K408,_
I8491,I849
Q833,Q833
W3195,_
M937,_
B852,B852
N1899,N189
C672,C672
V3354,_
V5999,_
S6621,S662
H4443,H444
D064,_
B0239,B023
D109,D109
Q742,Q742
D1811,D181
Y846,_
N3O9,_
Z141,_
2309,_
S6692,S669
A649,A64
Z8951,Z8951
S3339,S333
0001,_
O539,_
A16O,_
W879,_
V239,_
I24,I249
S433,S433
0700,_
M9708,_
I2781,I278
K5120,K512
0259,_
420,_
X65,_
K762,K762
M6227,M6227
W5589,_
1845,_
A046,A046
H1601,H160
E3600,_
K726,_
J956,J956
S0231,S0231
E509,E509
E83,E839
J376,_
T8319,T831
S9030,S903
C7101,C710
S750,S750
W3062,_
N8110,N811
N185II29,_
M2558,M2558
D045,D045
X5998,_
Y365,_
L42,L42
Z938,Z938
V2819,_
T502,T502
Q900,Q900
J681,J681
G4599,G459
J4595,J459
539,_
Z483,_
T3131,T313
164,_
Y564,_
L290,L290
X6699,_
M8412,M8412
M4500,M450
141,_
E3582,E358
X0899,_
V746,_
Z3870,Z387
0995,_
M8566,M8566
D2371,D237
L035,_
M6088,M6088
D601,D601
P139,P139
A699,A699
E062,E062
M1912,M1912
K291E86,_
E760,E760
N731,N731
T632,T632
M514,M514
M8988,M8988
M1250,M1250
67951,_
R530,R53
M7075,M7075
D222,D222
Z531,Z531
I8431,I843
M1733,M173
K188,_
R291,R291
I8390,I839
D447,D447
S0522,S052
068,_
66,_
H6620,H662
H2140,H214
J3811,J381
W55D,_
T81,T819
830,_
5814,_
O2449,O2449
J3515,J351
281,_
K2901,K290
D1330,D133
P0I5,_
V4939,_
M7957,M7957
S5971,S597
M6833,_
J1582,J158
G45,G459
Z934,Z934
F112,F112
O0021,O002
V4799,_
O8098,O809
D38,_
B089,_
T368,T368
N745,_
M959,M959
X1303,_
E715,_
S6041,_
Y3838,_
O752,O752
S280,S280
N021,N021
T051,T051
K679,_
H300,H300
E899,E899
N371,_
S11,S119
O394,_
W213,_
Q640,Q640
S0199,S019
S0189,S018
S73,_
M269,_
O9809,O980
J089,_
H1590,H159
Z289,Z289
W5498,_
K763,K763
T026,T026
T373,T373
Y413,_
Q802,Q802
S870,S870
E27,E279
E868,E86
Y950,_
Q752,Q752
M8941,M8941
Q262,Q262
U016,_
I869,_
S6211,S6211
E259,E259
9O935,_
S6312,S631
O216,_
I1499,_
G499,_
K395,_
M112,M112
I683,_
Y340,_
F608,F608
J690_,_
D368,_
K568,_
M2457,M2457
1250,_
E236,E236
Z787,_
W8792,_
P215,_
K249,_
S9500,S950
X099,_
N3010,N301
Z952,Z952
S152,S152
G545,G545
I299,_
C640,C64
N9792,N979
Q7091,Q709
G95,G959
Z541,Z541
C4420,C442
T3122,T312
D3740,D374
K932,_
H0190,H019
O820O0,_
J024,_
I6195,I619
L94,L949
Z9664,Z9664
O800Z3Z0,_
A0909,A090
J0391,J039
Y763,_
Q2500,Q250
Y990,_
Q701,Q701
S322,S322
V8949,_
B204,B204
S8207,S820
K2951,K295
M949,M949
M1611,M161
S5622,S562
S5432,S543
V2199,_
V3359,_
S2103,S210
Q675,Q675
T6300,T6300
O05,O059
G46,_
Z02,Z029
H492,H492
T469,T469
O223,O223
P543,P543
T950,T950
G411,G411
E122N083,_
B344,B344
G041,G041
E671,E671
N915,N915
Z0131A,_
I424,I424
P583,P583
A084E861,_
J60,J60
I417,_
E419,E41
O0099,O009
S5259,S525
G5603,G560
D311,D311
W74,_
Z22,Z229
B5801,B580
H3550,H355
L5701,L570
L5700,L570
H940,H940
I430,I430
T2301,T230
W8562,_
O6910,O691
342,_
419,_
I323,_
S3001,S300
985,_
I1892,_
S12,S129
H6041,H604
H7441,H744
D1800,D1800
N824,N824
R979,_
G963,_
D79,_
C60,C609
J1713,J171
S3681,S3681
M4326,M4326
P231,P231
I6903,I690
G001,G001
N431,N431
S3109,S310
E241,E241
P36,P369
Q642,Q642
M4784,M4784
W457,_
Z733,Z733
J699,_
D58,D589
2591,_
M3299,M329
J3300,J330
H2589,H258
V8829,_
C062,C062
E301,E301
M9663,M966
3115,_
S5410,S541
R402,R402
D620,D62
X2399,_
M8698,M8698
Z863,Z863
S0104,S010
R34,R34
M4399,M4399
I6200,I620
Q3800,Q380
N6480,N648
H5222,H522
M7204,M7204
H1581,H158
Q988,Q988
O0088,O008
L711,L711
Q788,Q788
B389,B389
H577,_
K973,_
H6611,H661
C4371,C437
K4095,K409
530,_
H3537,H353
O0009,O000
F600,F600
A1625,A162
K0,_
H208,H208
D3502,D350
J393,J393
Z366,_
S0531,S053
Q03,Q039
K373,K37
I680,I680
V1859,_
G4420,G442
L811,L811
V2344,_
B67,B679
S6590,S659
Z0131,Z013
Y833,_
M8151,M8151
W12,_
X20,_
M7021,M702
E1129,E112
M8940,M8940
B878,B878
0302,_
S713,_
M665,M665
Y496,_
C84,C849
O634,_
M8559,M8559
Q242,Q242
Y463,_
B7,_
I10I,I10
O8014,O801
T248,_
M2740,_
M8002,M8002
N765,N765
R689,_
C8461,C846
N22,_
Q5211,Q521
M885,_
M770,M770
G110,G110
N896,N896
H4391,H439
S0213,S021
P818,P818
I431,I431
M8473,_
C7650,C765
S913RA,_
G423,_
M702,M702
I095,_
P119,P119
E538,E538
N480,N480
I368,I368
Q750,Q750
M5395,M5395
M8938,M8938
Z011H1,_
Z011E,_
M4788,M4788
M6746,M6746
N6012,N601
K7461,K746
982,_
M0737,M0737
O2689,O268
Z09,Z099
M5132,M513
S8902,_
Q055,Q055
F54,F54
F780,F780
S9300,S930
P283,P283
C000,C000
G8199,G819
N2185,N218
F030,F030
V9829,_
K258,_
P0738,P073
Y009,_
M9130,M9130
M9830,_
M7737,M7737
M272,_
M4904,M4904
B231,B231
B479,B479
S0550,S055
S3620,S3620
Z013,Z013
N8510,N851
Q361,Q361
H6011,H601
J1993,_
B828,_
E758,_
S0580,S058
I339,I339
C345,_
G395,_
Q356,_
W224,_
0908,_
T1430,T143
M205,M205
T3002,T300
O892,O892
D566,_
X6909,_
O3001,O300
I142,_
N683,_
E5464,E54
R683,R683
A000,A000
J1894,J189
K382,K382
N49,N499
I6915,I691
M961,M961
N3602,N360
Q14,Q149
H054,H054
Q202,Q202
P055,_
D4671,D467
K202,K20
C5049,C504
C599,_
C7981,C798
J9585,J958
D191,D191
I469A1,_
O98,O989
H2515,H251
146,_
K8105,K810
P0723,P072
Y119,_
R419,_
Z1380,Z138
K942,_
S396,S396
R871,R871
G322,_
M4190,M4190
M9730,_
K594,K594
Z621,Z621
J203,J203
0692,_
S3172,S317
B1699,B169
Y452,_
I6110,I611
M971,_
A1692,A169
T323,T323
W5030,_
N099,_
O882,O882
O3910,_
J432,J432
S4160,_
H0284,H028
X10,_
N1815,N181
R945,R945
W20,_
H2524,H252
P0702,P070
P0716,P071
D378,_
D7281,D728
M1620,M162
1219,_
K634,K634
J460,J46
R15,R15
F909,F909
O298,O298
B0189,B018
M9581,M958
D969,_
Q749,Q749
K2980,K298
M1985,M1985
O342O8,_
L920,L920
V130,_
B142,_
I075,_
M7955,M7955
C394,_
S849,S849
M7121,M712
M7138,M7138
I119E,_
S771,S771
W21,_
M2428,M2428
O7708,_
V272,_
S3641,S3641
J1819,J181
M2349,M2349
A5901,A590
A6000,A600
M0895,M0895
I817,I81
M8007,M8007
C40,C409
Z807,Z807
T8781,_
Y603,_
Z3862,Z386
W555,_
H0457,H045
H1182,H118
T23,_
O800Z370,_
G000,G000
B529,B529
E893,E893
T58,T58
M5491,M5491
A220,A220
G602,G602
O821Z3,_
K7291,K729
H299,_
N241,_
M8982,M8982
J3802,J380
O922,O922
0019,_
99,_
S4991,S499
W1044,_
A209,A209
V3399,_
M7107,M7107
S2082,S208
Z9001,Z900
O402,O40
Y033,_
Y82,_
X63,_
T444,T444
T483,T483
T484,T484
K3581,K358
G55,_
M4195,M4195
X1208,_
I87,I879
Y403,_
F518,F518
H525,H525
R052,R05
H265,_
Z3A3,_
L4052,L405
D389,_
E342,E342
S5255,S525
B135,_
K8512,K851
O3210,O321
O806,_
S963,_
D7589,D758
Q311,Q311
V429,_
X5099,_
V805,_
T4561,T456
H7202,H720
V8924,_
B591,B59
Q759,Q759
Z112,Z112
J640,J64
C7871,C787
J3090,_
S6630,S663
M1071,_
R181,R18
D645,_
T8521,T852
S8800,S880
J3840,J384
K419,K419
S4602,S460
O0989,_
Q380,Q380
Z3042,Z304
N185I,_
E1123,E112
M5441,M544
D780,_
V431,_
X08,_
D1620,D162
X9909,_
5819,_
I854,_
I8301,I830
I216,_
K174,_
M7952,M7952
D021,D021
W449,_
M922,M922
W292,_
K215,_
I61,I619
O3004,O300
L7231,_
S01D,_
M7736,M773
B208,B208
T2321,T232
M5186,M518
S2660,_
T7840,T784
R942,R942
K71,K719
M6281,M6281
M2586,M2586
D2102,D210
L841,L84
D90,_
Z3392,Z33
G572,G572
T011,T011
M923,M923
Q631,Q631
G200,G20
W1001,_
219,_
222,_
226,_
D570,D570
T30,_
N185H,_
V2459,_
V3854,_
W170,_
S5620,S562
K748,_
H4413,H441
V820,_
Y850,_
E220,E220
X600,_
I446,I446
J454,_
Y22,_
S146,S146
O726,_
D495,_
V336,_
D6384,D638
A089,_
R00,_
W54TI41,_
H3391,_
G825,G825
C287,_
I2493,I249
V2909,_
N1891,N189
139,_
D6861,D686
C7490,C749
R6521,R652
N607,_
F809,F809
M7702,M7702
Y3652,_
NSD0,_
A527,A527
M0239,M0239
P749,P749
Z0156B1,_
G119,G119
M8985,M8985
Q230,Q230
T434,T434
A210,A210
M313,M313
S0020,S002
S0590,S059
M9511,M951
S8251,S8251
N8,_
T3003,T300
X1203,_
K445,_
J184,_
M8637,M8637
K101,K101
A902,A90
M907,M907
W0104,_
Y149,_
Q394,Q394
I628,_
K6315,K631
H4722,H472
0648,_
B768,B768
C5021,C502
W5508,_
A923,A923
M7258,M7258
H4302,H430
D133,D133
O0200,O020
D939,_
T1621,T16
H4332,H433
M9761,_
C880,C880
M230,M230
N477,N47
L820,L82
S22,S229
W04,_
B1,_
H2505,H250
D808,D808
0348,_
J3045,J304
203,_
087,_
N2015,N201
D3915,D391
655,_
Z3025,Z302
O324Z9,_
N779,_
N699,_
W79,_
I2500,I250
060,_
S0082,S008
S0040,S004
H2540,_
V2854,_
K724,_
J389,_
J140,J14
R943,R943
S897,S897
O113,O11
N430,N430
Q223,Q223
V090,_
E73,E739
T2123,T212
T2010,T201
R5290,R529
P29,P299
Q663,Q663
S841,S841
J000,J00
S345,S345
R5900,R590
Z30O,_
T034,T034
0368,_
D91,_
M721,M721
O2442,O244
O6918,O691
M6255,M6255
Q682,Q682
G824,G824
H0251,H025
Q140,Q140
1190,_
P261,P261
M8689,M8689
X610,_
M9704,_
S5631,S563
W3169,_
M997,M997
I462,_
R009,_
M074,M074
B65,B659
T749,T749
J999,_
W1919,_
I507,_
S9999,S999
1447,_
Y926,_
M9409,M940
Y2892,_
J308,_
P204,_
K2979,K297
S751,S751
V2949,_
S252,S252
E1011,E101
G634,G634
E461,E46
M7922,M7922
M0006,M0006
K614,K614
M8820,_
C132,C132
O6240,O624
C468,C468
M7782,M7782
I,_
N8114,N811
C470,C470
O7020,O702
Q407,_
P28,P289
J0430,_
J388,_
C626,_
O6800,O680
A521,A521
N332,_
M9702,_
V1909,_
D6495,D649
O329Z9,_
K2191,K219
O620Z9,_
Q449,_
P499,_
Q044,Q044
M8417,M8417
S,_
T1100,T110
T1300,T130
M267,_
M373,_
M173,M173
T2612,T261
H6593,H659
N934,_
S5650,S565
C4951,C495
Y284,_
S0331,S033
J3202,J320
Y951,_
11061,_
N941,N941
G241,G241
P041,P041
P965,P965
T439,T439
Z01205,Z012
M4327,M4327
G708,G708
Z967,Z967
E123,E123
O8900,O890
Z873,Z873
W039,_
T826,T826
N633,N63
W316,_
E75,_
Z871,Z871
Z3007,Z300
M20,_
A899,A89
E112NO83,_
N1889,N188
A19,A199
P743,P743
D2231,D223
H2491,_
8676,_
S542,S542
K2971,K297
R359,R35
N1800,N180
H5989,H598
S997,S997
Q222,Q222
B9861,_
B761,B761
H2822,H282
H48,_
W1811,_
I217,_
B733,B73
W861,_
I289,I289
Z752,Z752
K662,_
M6209,M6209
C610,C61
1249,_
M7960,M7960
O082,O082
M807,_
O1413,O141
K181,_
M052,M052
D3701,D370
N1895,N189
H1941,_
C832,C832
N658,_
C505,C505
Z,_
O0829,O082
J047,_
O523,_
L501,L501
W0149,_
I8615,I861
630,_
E1334,E133
S266,_
S157,S157
I621,I621
I009,I00
I8425,I842
493,_
M2,_
550,_
I1015,I10
N200E0,_
D6499,D649
P0,_
M8202,M8202
O390,_
S0006,S000
H0431,H043
I5023,_
B352,B352
H0180,H018
Q5279,Q527
L0501,L050
E240,E240
W08,_
D05,D059
0731,_
K910,K910
M9000,M9000
S452,S452
O745,O745
Y585,_
N905,N905
D3649,_
H2791,H279
A946,A94
R045,_
W5400,_
S8111,S811
Y1499,_
O2302,O230
T513,T513
T7800,T780
W1908,_
R130,R13
W2792,_
I8420,I842
Y471,_
M85,M859
M8008,M8008
Z9922,Z992
I8612,I861
K4021,K402
H6500,H650
P912,P912
O0330,O033
M8740,_
L0329,L032
T0099,T009
S016,_
V404,_
M455,M455
M1316,M1316
N018,N018
P138,P138
M339,M339
J1602,J160
P714,P714
M7255,M7255
V7999,_
M92,M929
M8060,_
S7181,S718
K3190,K319
A27,A279
N2012,N201
S8109,S810
D3611,D361
M8813,_
O491,_
K678,K678
Z029,Z029
T1510,T151
H4053,H405
M214,M214
C430,C430
M2440,M2440
D4981,_
B17,B179
C5010,C501
M340,M340
N9500,N950
N906,N906
C694,C694
A200,A200
F21,F21
2822,_
M8121,M8121
Q432,Q432
I8495,I849
N5,_
K8055,K805
K810K1,_
I8429,I842
J3044,J304
J382J,_
S2,_
N8142,N814
901,_
0420,_
Z640,Z640
Z290,Z290
Z24,_
O304,_
Z23,_
P07,_
T79,T799
S3131,S313
S6309,S6309
S96,S969
1847,_
I2145,I214
Q324,Q324
B419,B419
I7026,I702
A1162,_
Z9832,_
K230,K230
M03,_
N208,_
Z3750,Z375
B301,B301
K244,_
Y414,_
A869,A86
M5141,M514
L404,L404
O354,O354
R110,R110
M6010,M6010
M8313,M8313
L730,L730
H1050,H105
N109N,N10
M9803,_
M9971,M9971
M9522,M952
E292,_
Q6100,Q610
Y97,_
I782,_
D8260,_
Q3799,Q379
E1460,E146
M4728,M4728
L304,L304
M6595,M6595
Q517,Q517
H6051,H605
S4690,S469
1058,_
F981,F981
G25,G259
W0795,_
M016,M016
I826,_
H6120,H612
Q445,Q445
J278,_
W1792,_
C5009,C500
L33,_
004,_
A970AO60,_
T2112,T211
N856,N856
D32,D329
Z5999,Z599
T544,_
H2892,_
B18,B189
V082,_
I1120,_
X1003,_
A390,A390
Z723,Z723
S380,S380
V2829,_
F650,F650
M14,_
S2191,S219
Q5311,Q531
S1270,S1270
Z9181,Z918
T0800,T080
I245,_
J1230,J123
0000,_
B999,B99
W2501,_
M1060,_
N710,N710
B250J171,_
T529,T529
M4394,M4394
S046,S046
T534,T534
Z011C,_
Z011F,_
9935,_
1099,_
S0891,S089
L7634,_
R786,R786
S5235,S523
O9935,O993
I314,_
D057,D057
K55,K559
H040,H040
S9511,S951
Z3704,Z370
B250,B250
M088,M088
W590,_
C7110,C711
C7100,C710
O62O,_
R619,R619
K4190,K419
Q18,Q189
S760,S760
C382,C382
O0952,_
C100,C100
L985,L985
D762,D762
M9841,_
J992,_
Z526,Z526
3800,_
T8145,T814
E1195,E119
K1,_
S0592,S059
N8091,N809
471,_
C5011,C501
R5685,R568
M8823,_
T2008,T200
I4902,I490
Q451,Q451
H0006,H000
S4244,S424
G943,_
Z9051,Z905
N2881,N288
V3369,_
S432,S432
I7210,I721
075,_
I463,_
C637,C637
O342O,_
O214,_
B97,_
B333,B333
J,_
R049,R049
Z244,Z244
S188,S18
S161XXA,S16
D408,_
O6809,O680
640,_
N1I5,_
N900,N900
E451,E45
M8685,M8685
G831,G831
M2137,M2137
112,_
M2607,_
Z3981,_
S707,S707
J9503,J950
V893,_
S50,S509
P122,P122
S9211,S9211
S7791,_
K619,_
M8893,M8893
O538,_
L795,_
S8691,S869
L6081,L608
L9840,L984
D0230,D023
T8580,T858
I7310,I731
M1361,_
0669,_
M986,_
M80,M809
1119,_
C6201,C620
X6498,_
Z9079,Z907
S2121,S212
I818,I81
Q270,Q270
W172,_
S7511,S751
G444,G444
S749,S749
N1893,N189
X14,_
X70,_
O445,_
O3003,O300
M4870,_
M1093,M1093
G870,_
M6507,M6507
R047,_
F062,F062
NOICD,_
F079,F079
J959,J959
E649,E649
M4857,M4857
E85,E859
T269,T269
T679,T679
Z011H2,_
E299,E299
I230,I230
M5498,M5498
T654,T654
P045,P045
S0770,_
S8770,_
S2000,S200
M941,M941
V8990,_
R750,R75
F818,F818
Z5189,Z518
W0158,_
J8929,_
O2303,O230
E096,_
T259,_
V29,_
V5299,_
X1699,_
V0499,_
W261,_
B760,B760
A100,_
B330,B330
I298,_
B632,_
M7983,M7983
O0644,O064
I239,_
S4992,S499
X509,_
L3090,L309
M7260,M7260
Y098,_
I6746,I674
M931,M931
M947,_
M88,M889
P580,P580
M8148,M8148
J9382,J938
Z945,Z945
L909,L909
H571,H571
O0680,O068
M4129,M4129
C263,_
N8312,N831
Q849,Q849
N8012,N801
L302,L302
0640,_
X1599,_
H5123,H512
M2595,M2595
K45,_
C48,_
Q563,Q563
K490,_
K00,K009
Z248,_
W3409,_
T832,T832
G578,G578
D646,_
P043,P043
I277,_
V3894,_
12,_
H1045,H104
G4733,G473
O689Z,_
O4290,O429
S207,S207
I329,_
Z429,Z429
829,_
3639,_
Z380Q,_
O6110,O611
H2990,_
G795,_
K0889,K088
S5612,S561
M1A9XX1,_
M2660,_
M8655,M8655
M49O,_
T129,T12
H5991,H599
N1391,N139
I1092,I10
W565,_
X1593,_
L503,L503
K1490,K149
S229,S229
M4852,M4852
A0809,A080
S815,_
Q31,Q319
L8989,L89
992,_
C580,C58
E618,E618
W503,_
F5102,F510
M7266,M7266
E700,E700
I689,_
P270,P270
I11O,_
I98,_
M5116,M511
651,_
O684,_
Z877,Z877
X596,_
T951,T951
N472,N47
P049,P049
N109,N10
T87,_
K7041,K704
M8606,M8606
X709,_
138,_
E801,E801
N45,N459
H529,_
J403,J40
C7951,C795
J0191,J019
B819,_
E495,_
M4889,M4889
Q214,Q214
L839,L83
D4872,D487
H6621,H662
Z567,Z567
Z630,Z630
Q500,Q500
T702,T702
K537,_
Z701,Z701
K4099,K409
K142,K142
O9112,O911
Z3809,Z380
J90X,J90
N2008,N200
F05,F059
P133,P133
H1080,H108
W276,_
T0022,T002
O3480,O348
N3001,N300
D1711,D171
X459,_
Y1109,_
S339,_
R050,R05
M7672,M767
G4700,G470
I138,_
L0212,L021
O6641,O664
Q135,Q135
X9995,_
B971,B971
C600,C600
M5448,M5448
M2505,M2505
M763,M763
M4322,M4322
Z0156C1,_
D532,D532
F421,F421
M410,M410
S8202,S820
K2689,_
E099,_
X998,_
V486,_
S9812,S981
S88,S889
K9409,_
S3270,S3270
Z0021,Z002
V1259,_
M405,M405
F002,F002
T132,T132
S6335,S633
W570,_
3861,_
I4510,I451
M2453,M2453
S654,S654
H3410,H341
T1480,T148
S770,S770
S7242,S724
W344,_
Z50,Z509
Y557,_
Z3370,Z33
R566,_
J151,J151
M6720,M6720
B20,B20
C624,_
C4021,C402
O496,_
Q519,Q519
N8329,N832
K6812,_
L2,_
K4295,K429
I8725,I872
384,_
K8245,K824
O592,_
K6351,K635
R199,_
P830,P830
Z231,Z231
G569,G569
V13,_
V5269,_
S5980,S598
S5680,S568
S9810,S981
H1081,H108
G466,G466
T2221,T222
I6330,I633
N2020,N202
E200,E200
I2109,I210
H6540,H654
N206,_
C1,_
Z448,Z448
560,_
I1290,I129
M309,_
O8720,O872
B039,B03
E243,E243
M9499,M9499
H2189,H218
Y843,_
K033,K033
D1101,D110
E769,E769
J829,J82
D472,D472
S69,S699
T888XXA,_
Q272,Q272
Q8999,Q899
G4422,G442
G5881,G588
H206,_
H6191,H619
K5520,K552
S169,S16
M4395,M4395
N233,N23
I664,I664
V3799,_
V1799,_
R370,_
Y93,_
X679,_
V435,_
O091,_
C8580,_
G811,G811
S200,S200
E8651,E86
R6520,R652
M7956,M7956
J813,J81
S4271,S4271
V2959,_
M96,M969
M5493,M5493
Y548,_
T466,T466
C678,C678
F309,F309
A051,A051
842,_
1101,_
O654O1,_
N0815,N081
A871,A871
C3799,C37
H3578,H357
Z964,Z964
D700,D70
M9013,M9013
W4994,_
I65,I659
F304,_
M148,M148
D342,D34
H950,H950
L119,L119
G376,_
L0880,L088
K9187,K918
A4190,A419
T12,T12
H459,_
G210,G210
S0159,S015
G321,_
W2052,_
V449,_
S20,_
E098,_
I148,_
J491,_
S9021,S902
W2462,_
M6535,M653
D421,D421
D3819,D381
A1831,A183
C4999,C499
H294,_
I6202,I620
\,_
0224,_
Q124,Q124
S0164,_
S0633,S063
2356,_
0802,_
6606,_
M99,M999
I1099,I10
M5325,M5325
X049,_
P077,_
L605,L605
S859,S859
I6201,I620
N6481,N648
G9321,G932
C88,C889
N9440,N944
N834,N834
R079,_
N6321,N63
P55,P559
O968,O96
M9122,M912
M,_
S359,S359
Z2302,Z230
S8402,S840
S9192,S919
S0002,S000
W2092,_
M7552,M755
S290,S290
V4294,_
K079,K079
M66,_
Z380O1,_
R5991,R599
B308,B308
D6288,D62
A890,A89
T84,T849
C568,C56
M5139,M513
A17,A179
A901,A90
Z3990,_
P034PO71,_
M8791,M8791
S6602,S660
S0602,S060
T050,T050
J61,J61
W0304,_
Z96,Z969
T2522,T252
Y249,_
O014,_
I118,_
S4081,S4081
1693,_
Z01206,Z012
M8790,M8790
B441J172,_
I679G46,_
E310,E310
Q934,Q934
T453,T453
Z011A,_
0709,_
S8001,S800
S9341,S934
Y0721,_
M8707,M8707
S5700,S570
Q7222,Q722
M0084,M0084
995,_
Q7209,Q720
M8936,M8936
S7281,S7281
M4855,M4855
B399,B399
W60,_
X2699,_
O327,_
S658,S658
P0511,P051
T50,T509
F00,F009
M956,_
Z3812,Z381
S304,_
S1201,S1201
A840,A840
M8964,M8964
A29,_
M8894,M8894
S6262,S626
C9200,C920
N7505,N750
711,_
S3,_
M9665,M966
O1657,O16
O680Z,_
788,_
C61KKKK3,C61
S1211,S1211
Z3757,Z375
O829O,_
0820O9,_
390,_
S389,_
S8511,S851
O0941,_
T8339,T833
K368,K36
Z307,_
S2101,S210
H5981,H598
V494,_
W5038,_
N478,N47
M197,_
S419,_
S951,S951
W1958,_
W86,_
I1O9,_
H532,H532
H1920,H192
B303,B303
J092,J09
K708,_
H1842,H184
F338,F338
S6631,S663
X479,_
G1221,G122
D416,_
N8390,N839
M5328,M5328
S901,S901
V8299,_
H7443,H744
Q459,Q459
M184,M184
M204,M204
M816,M816
B966,B966
T459,T459
T263,T263
X2999,_
E155,E15
H630,_
M8687,M8687
G547,G547
040,_
S7309,S7309
Q6689,Q668
G44,_
S6290,_
J4592,J459
E1O9,_
M8692,M8692
M5126,M512
P96,P969
L21,L219
L852,L852
P706,_
O704,_
N914,N914
M5000,M500
N6022,N602
C721,C721
H8180,H818
H3539,H353
H8590,_
C116,_
L7208,L720
5411,_
T8144,T814
J3042,J304
I206,_
T9415,T941
792,_
S0031,S003
Q803,Q803
I750,_
I271,I271
Z20,Z209
V259,_
K360,K36
W49,_
N4331,N433
I8611,I861
Z044,Z044
N363,N363
H6040,H604
S201,S201
Y11,_
O2210,O221
1791,_
0842,_
0230,_
L108,L108
M8195,M8195
D892,D892
G508,G508
F444,F444
T573,T573
B213,B213
S3161,_
2B,_
Z9801,Z980
L0243,L024
O829Z9,_
H958,H958
E1212,E121
Y402,_
I433,_
M4894,M4894
T4699,T469
S167,S16
099,_
B011,B011
T704,T704
S492,_
R82,R829
Z79,_
Z018,Z018
R468,R468
Z3925,Z392
X6408,_
T816,T816
D59,D599
M492,M492
G9389,G938
D364,_
O055,O055
M8589,M8589
E056,_
H4720,H472
L9711,L97
Y544,_
Q6920,Q692
F22,F229
J1509,J150
G9390,G939
H627,_
N3000,N300
L299,L299
B222,B222
C7191,C719
N1510,N151
W258,_
Q661,Q661
S8341,S834
R429,R42
R309,R309
M6072,_
K6111,K611
K636,_
K3601,K36
D436,_
Q354,_
K608,_
S3182,S318
Z93,Z939
Z314,Z314
N007,N007
P3669,_
M8350,M8350
F952,F952
N6391,N63
S6890,S689
E661,E661
0808,_
K826,_
D1610,D161
S639,_
N468,N46
M2012,M201
P9161,P916
T871,T871
S8070,S807
S8071,S807
T443,T443
E517,_
Z8673,Z867
T01,T019
S481,S481
Z702,Z702
S4232,S423
M2008,M200
S6581,S658
Y287,_
O4410,O441
Z637,Z637
I13,I139
H3381,_
D498,_
M1690,M169
D0590,D059
O932,_
P660,_
D6181,D618
B967,B967
A0689,A068
C852,C852
O4418,O441
M8044,M8044
H315,_
M1929,M1929
2520,_
E702,E702
P00002,P000
E142N08,_
S913W1999,_
F206,F206
W94,_
W513,_
R959,R95
R031,R031
S234,S234
V028,_
W2008,_
K3353,_
L200,L200
A02,A029
W136,_
M1252,M1252
F911,F911
Z721,Z721
K0499,K049
N983,N983
T054,T054
O246,_
N960,N96
I466,_
D541,_
S6830,S683
P356,_
R438,R438
W2602,_
S461,S461
T0250,T0250
K7469,K746
G129,G129
A219,A219
E1437,E143
C743,_
O3440,O344
S4302,S4302
L85,L859
J3482,J348
J3282,J328
R4302,R430
B064,_
Z249,_
S8264,S826
M212,M212
M8671,_
S0991,S099
O040,O040
C004,C004
K502,_
A14,_
T004,_
W790,_
O805,_
D520,D520
J3420,J342
2355,_
M663,M663
S0086,S008
S6103,S610
O4443,_
O490,_
O252,O25
Y4530,_
U09,_
K5010,K501
Z364,Z364
M6656,M6656
S8609,S860
S2190,S219
W2409,_
F137,F137
O910,O910
X439,_
R75,R75
I257,_
L938,_
E779,E779
Y2962,_
I031,_
F4530,F4530
R2270,R227
J3483,J348
T13,T139
J8690,J869
F519,F519
8120,_
F190,F190
S6170,S617
S9000,S900
Q3429,_
V3999,_
X9199,_
O2340,O234
L0335,L033
O646,_
J3410,J341
H3120,H312
C3491,C349
H462,H46
M050,M050
I6901,I690
1II9,_
D579,_
P0800,P080
V1399,_
Q700,Q700
M8770,_
I73,I739
J9501,J950
O8001,O800
S592,_
I140,_
E,_
D891,D891
D578,D578
T451,T451
M5431,M543
C257,C257
N185G,_
L6080,L608
S9134,S913
K749,_
M4832,M4832
J123,J123
698,_
O9929,O992
S7101,S710
M348,M348
N115,_
I448,_
Q691,Q691
T869,T869
B0509,B050
C118,C118
Y428,_
T09,T099
S450,S450
U03,_
B789,B789
R823,R823
81,_
A740,A740
N931,_
X9908,_
M9995,M9995
V430,_
I9761,_
B729,B72
M2616,_
T048,T048
W2662,_
S550,S550
Z042,Z042
H2582,H258
W119,_
S6812,S681
Z35,Z359
W569,_
Q338,Q338
W504,_
O0034,_
R2235,R223
S5370,_
D2130,D213
G62,G629
C741,C741
K185,_
A872,A872
C332,C33
D097,D097
H591,_
55,_
Z46,Z469
S677,_
D746,_
Z243,Z243
S073,_
I116,_
D041,D041
C1893,C189
M129,_
O0344,O034
X380,_
H2623,H262
V498,_
I5021,_
J909,J90
71,_
O0901,_
S444,S444
H21,H219
S8781,S878
M1898,M189
M4301,M4301
K9422,_
I8890,I889
O809OO34,_
L101,L101
1679,_
I983,I983
T216,T216
D612,D612
M803,M803
M4396,M4396
M1286,M1286
67421,_
T458,T458
A301,A301
M8788,M8788
080O,_
K084,_
A081,A081
B690,B690
I814,I81
N782,_
W0321,_
T225,T225
Z516,Z516
E638,E638
Z984,_
M0850,_
J098,J09
J148,J14
S9190,S919
B0090,B009
Z38L0,_
D1808,D1808
C4331,C433
H4412,H441
J2490,_
A054,A054
F402,F402
C09,C099
M8153,M8153
M924,M924
M6228,M6228
H4471,H447
D4491,D449
H670,H670
O4201,O420
K5735,K573
545,_
S3354,S335
K359M,_
C7350,C73
62,_
S520S2,_
N5630,_
N802K1,_
Z3802,Z380
46,_
H953,_
R686,_
1279,_
Q8500,Q850
L0209,L020
R913,R91
W69,_
Q297,_
V888,_
073,_
G474,G474
M2416,M241
J334,_
F522,F522
H053,H053
O448,_
V3019,_
349,_
R044,_
M774,M774
V240,_
H505,H505
Q384,Q384
O17,_
S653,S653
V0304,_
W6008,_
W5509,_
Q229,Q229
160,_
M470,M470
D811,D811
C715,C715
S1410,S141
G81,G819
T100,T100
Q680,Q680
M8921,M8921
Y802,_
T365,T365
A010\,_
B230,B230
M0003,M0003
S3603,S360
B0689,B068
V8009,_
X5982,_
S8110,S811
B27,B279
D2190,D219
M7931,M7931
H2503,H250
J3439,J343
M9732,_
S8312,S831
N6000,N600
H064,_
M6280,M6280
C970,C97
Q7400,Q740
I5040,_
K8021,K802
I484,I48
T8495,T849
T2,_
I4816,I48
K564I,_
E0425,E042
O0340,O034
H4095,H409
Z94,Z949
C5019,C501
N434,N434
N4400,N44
M4880,M4880
I018,I018
P924,P924
L102,L102
D6492,D649
T8501,T850
P990,_
G4489,G448
L0292,L029
H1089,H108
B552,B552
N762,N762
S448,S448
J579,_
D2212,D221
M9723,_
H0203,H020
E766,_
M7268,M7268
P759,P75
Q868,Q868
S0122,S012
L8921,L892
089,_
Z494,_
K489,_
O102,O102
H8321,H832
Z823,Z823
V2009,_
B090,B09
B60,_
M2240,M224
H2809,H280
M9920,M9920
H063,H063
S579,S579
Y96,_
S0834,_
H4921,H492
S918,_
Z944,Z944
Z528,Z528
T116,T116
X1799,_
Y347,_
Z8999,Z899
W29,_
E701,E701
M0693,M0693
L9050,L905
L9890,L989
J033,_
K0531,K0531
S8602,S860
W252,_
Q561,Q561
L904,L904
U551,_
N357,_
K2911,K291
K4301,K430
L679,L679
9035,_
X430,_
G269,G26
K431,K431
V2848,_
M412,M412
V831,_
C72,C729
V390,_
N939D2,_
N939N8,_
R4900,R490
R194,R194
W740,_
Y0599,_
N0836,N083
B87,B879
R14,R14
M053,M053
Z45,Z459
G497,_
S0129,S012
Z888,Z888
S533,S533
T94,_
W290,_
Y433,_
Y2599,_
C1590,C159
H3491,H349
G4050,G405
R7881,R788
V2201,_
S3730,S3730
M8892,M8892
M2159,M2159
750,_
V9698,_
D2331,D233
J1883,J188
V,_
T524,T524
12345,_
Q510,Q510
I304,_
D1810,D181
J3522,J352
J3422,J342
N0391,N039
W1889,_
H3519,H351
V320,_
M8805,M880
101,_
T2641,T264
S0571,S057
S8172,S817
D446,D446
E229,E229
A985,A985
S7045,_
C7741,C774
Z9831,_
Z947,Z947
H4121,_
819,_
R12,R12
W1898,_
J0392,J039
Z9689,Z968
N9391,N939
K5699,_
N3595,N359
583,_
C8199,C819
M8022,M8022
C535,_
B457,B457
0649,_
Z319,Z319
Z39O,_
U501,_
080A0,_
Z9838,_
L060,_
L743,L743
M7102,M7102
S0133,S013
R74,R749
G31,G319
I7701,I770
S6051,_
Z3707,Z370
K355,_
Y1599,_
P087,_
S10,S109
X370,_
N790,_
O724,_
9B,_
H0590,H059
H0250,H025
H6091,H609
K67,_
J295,_
T495,T495
X44,_
T1490,T149
W0499,_
W277,_
T2122,T212
N1289,N12
O8234,_
J962,_
B025,_
Q136,_
W541,_
O248,_
J099,J09
M8803,M880
B020,B020
Q650,Q650
M4115,M4115
Q178,Q178
N7999,_
M9709,_
R778,R778
D39,D399
C7642,C764
I2140,I214
A399,A399
A427,A427
M6091,M6091
N3281,N328
Z9012,Z901
W2295,_
S4,_
M2475,M2475
5749,_
D60,D609
M9539,M953
B328,_
I1109,I110
N0839,N083
N860,N86
878,_
O004,_
E430,E43
S4121,_
N6332,N63
R50,R509
I1001,I10
H4702,H470
H3111,H311
E1446,E144
M2410,M2410
M7669,M7669
I03,_
V219,_
M3522,M352
H0035,_
O9952,O995
O023,_
N025,N025
T1311,T131
M289,_
V0419,_
D074,D074
G47,G479
Z291,Z291
W099,_
T224,T224
Q27,Q279
V546,_
P911,P911
J2090,J209
N16,_
C9510,C951
K1321,K1321
A109,_
S336,S336
S5720,_
K1123,K112
L9880,L988
T2531,T253
M9700,_
L419,L419
M9538,M953
F051,F051
W2201,_
M0692,M0692
D461,D461
O22,O229
G6328,G632
S6321,S632
S8999,S899
T0580,T058
7849,_
O39,_
L034,_
M7199,M7199
M451,M451
Z602,Z602
O776,_
H3509,H350
M2465,M2465
M8570,_
O2821,O282
S9591,S959
Z963,Z963
I40,I409
X598,_
S6800,S680
R96,_
E1112,E111
I8302,I830
M655,_
116,_
O7582,O758
M9326,M9326
I107,I10
E959,_
W1322,_
H062,H062
J048,_
Z795,_
M6242,M6242
O154,_
M1385,M1385
O9841,O984
I833,_
S557,S557
D534,_
N7380,N738
Q254,Q254
Z01208,Z012
Y466,_
M6249,M6249
A392,A392
J0581,_
S9980,S998
M9505,M950
J1192,_
M9562,_
C130,C130
F122,F122
R938,R938
H2332,_
Z03,Z039
M6086,M6086
L727,_
S6511,S651
K7681,K768
O169,O16
D2811,D281
H434,_
E163,E163
M5124,M512
E821,_
N3991,N399
I2699,I269
A891,A89
695,_
I8435,I843
D3295,D329
I1,_
C450,C450
K924,_
K715,K715
R878,R878
O728,_
K325,_
B0520,B052
H4641,H46
J6983,J698
Y1799,_
C239,C23
V999,_
K409N4,_
W1995,_
O067,O067
T31,T319
F83,F83
S357,S357
B79D6,B79
B0229,B022
O8269,_
Y999,_
S071,S071
A40,A409
X090,_
T926,T926
0089,_
L0242,L024
S3410,S341
W1803,_
W2508,_
S351,S351
R9082,R908
Y497,_
W0898,_
M9015,M9015
R251,R251
T236,T236
W1599,_
S9001,S900
F202,F202
B712,_
M814,M814
A291,_
V2809,_
Z872,Z872
0602,_
W3462,_
E1163,E116
M9880,_
N4332,N433
Y563,_
B203,B203
R4020,R402
366,_
Q429,Q429
Q40,Q409
D30,D309
I811,I81
M671,M671
M805,M805
H295,_
S1990,S199
I8452,I845
S161,S16
K5291,K529
S5,_
D035,D035
0211,_
A0899,_
K77,_
S6092,S609
S0072,S007
S9831,S983
C507,_
D200,D200
5812,_
G121,G121
M7224,M722
N2812,N281
J9411,J941
R950,R95
H3507,H350
I4599,I459
I2199,I219
S5182,S518
A1602,A160
V192,_
S5630,S563
Q713,Q713
S4342,S434
H1104,H110
2381,_
M885D,_
S0608,S060
A818,A818
W6462,_
V120,_
O2620,O262
S9082,S9082
X269,_
J299,_
894,_
M2587,M2587
M8987,M8987
E300,E300
N199,N19
O80OZ37,_
Z183,_
Z517,_
J658,J65
P703,P703
X8991,_
A568,A568
O3429,O342
K1221,K122
T8730,T873
T8750,T875
T959,T959
R685,_
D048,D048
F509,F509
0139,_
O291,O291
Z421,Z421
364,_
C725,C725
S8229,S822
D901,_
C4471,C447
A1810,A181
M87,M879
0349,_
0320,_
I58,_
Z92,Z929
G579,G579
O12,_
T509X,_
M6001,M6001
V1893,_
0094,_
H4470,H447
K1802,_
S941,S941
M885DD,_
M668,_
M885D0,_
E212,E212
X29,_
V395,_
X4099,_
I88,I889
J062,_
Z3040,Z304
T8741,T874
T8530,T853
S9400,S940
N6459,N645
L258,L258
W2104,_
T54,T549
V2449,_
V2248,_
O044,O044
J651,J65
M2573,M2573
Y16,_
I792,I792
O131,O13
S8223,S822
V134,_
B90,B909
K86,K869
J259,_
D2241,D224
C259M8000/3,_
B380J172,_
K912,K912
D598,D598
T009V899,_
G722,G722
Q079,Q079
E0472,_
A939,_
C432,C432
K6130,K613
T305,T305
W079,_
Q25,Q259
Z48,Z489
N6450,N645
R391,R391
D28,D289
L413,L413
B380,B380
M2331,M2331
R851,R851
S4315,S431
M8565,M8565
S6411,S641
E8610,E86
I1893,_
M8650,M8650
S7239,S723
M7949,M7949
N36,N369
S9212,S921
Z3739,Z373
W2298,_
2590,_
S0560,S056
K9172,_
S6123,_
K5792,K579
Z4800,Z480
2308,_
S159,S159
D9C,_
F801,F801
G21,G219
R04O,_
Q138,Q138
I129Z4,_
K5100,K510
M9824,_
Q664,Q664
Q667,Q667
T8751,T875
K3880,K388
A420,A420
S391,_
S3292,_
M0008,M0008
69,_
D504,_
A172,_
N1330,N133
G539,_
T872,T872
O6499,O649
S3651,S3651
H2671,_
M6702,M670
Y5999,_
I1429,_
H6641,H664
A045,A045
M1962,_
F141,F141
S0105,S010
M9792,_
N460,N46
N29,_
S9225,S922
K14,K149
0860,_
M7800,_
421,_
H4390,H439
H3670,_
C616,C61
N9205,N920
Z3022,Z302
541,_
R294,R294
S858,S858
N4000,N40
D1190,D119
M2361,M2361
H538,H538
C5081,C508
K6030,K603
N187,_
S0591,S059
Y773,_
N8581,N858
N1,_
S8265,S826
E083,_
J1552,J155
0171,_
I7024,I702
M9128,M912
0981,_
K8071,_
L0233,L023
P225,_
V3259,_
S544,_
B481,B481
J4411,J441
H2523,H252
T322,T322
N390E861,_
M1005,M1005
D869,D869
74740,_
M862,M862
99406,_
K815,_
X4799,_
P2006,P200
Z4931,_
N1189,N118
4900,_
S8224,S822
C719M8,_
N5091,N509
N4501,N450
K5506,K550
C4310,C431
I863,I863
A1689,A168
S2221,S2221
L9752,L97
E8,_
J9311,J931
639,_
E0501,E050
H211,H211
V2394,_
W2993,_
M4384,M4384
M9826,_
Z498,_
142,_
V384,_
G230,G230
M312,M312
M4890,M4890
S980,S980
W3662,_
V4849,_
W6052,_
05,_
N2810,N281
S726,_
S0047,S004
Z0120,Z012
J789,_
X190,_
Z370O2,_
760,_
N0834,N083
X490,_
J9410,J941
S3621,S3621
E863,E86
H5000,H500
E0791,E079
R520,R520
H1145,H114
M9021,M9021
Z915,Z915
H11O,_
J199,_
S0572,S057
Z850,Z850
3170,_
J6101,J61
S282,_
M817,_
M95,M959
P601,P60
E591,E59
M6750,_
S593,_
F789,F789
C8293,C829
D4102,D410
L7322,L732
M7940,M7940
H658,_
H900,H900
M6641,M6641
Q730,Q730
Q8510,Q851
M2458,M2458
M4859,M4859
F013,F013
Z9889,Z988
33,_
L63,L639
0350,_
P808,P808
M9596,M959
D703,D70
S5232,S523
E045,_
R850,R850
C3411,C341
D487I,_
0804,_
Y539,_
O0757,O075
701,_
S4246,S424
Y556,_
V264,_
P258,P258
P691,_
E8961,E896
S640,S640
J3421,J342
M2050,M205
P9160,P916
T133,T133
9946,_
N145,_
H4031,H403
H402D,_
H049,H049
D36,D369
O9989,O998
D701,D70
M8085,M8085
M8981,M8981
R338,R33
V1749,_
B175,_
M6687,_
F849,F849
C401,C401
B012J17,_
B059J171,_
E8878,_
D1802,D1802
A185,A185
S6822,S682
J066,_
W1791,_
N197,N19
L073,_
A1513,A151
0200,_
N3,_
J1718,J171
E180,_
J723,_
W749,_
V324,_
H3511,H351
S9180,_
M6712,M6712
I469TYPEC,_
L9052,L905
I784,_
G273,_
Q78,Q789
F803,F803
H361,_
T470,T470
P0722,P072
L25,L259
A917,A91
G673,_
S4430,S443
Z38Z,_
W179,_
X1724,_
M8702,M8702
Z469,Z469
C4802,C480
I8521,_
Z3951,_
V5849,_
M7943,M7943
Q628,Q628
Z3403,Z340
N013,N013
H180,H180
B052JI71,_
E207,_
A362,A362
O0215,O021
6A,_
9239,_
O352,O352
K136,K136
S0170,S017
K660D,_
I108,I10
P821,_
Z892,Z892
V495,_
V54,_
M6282,M6282
P410,_
G575,G575
S957,S957
M7269,M7269
M7719,M7719
7370,_
A1889,A188
C523,C52
Q6000,Q600
S6782,S678
L9732,L97
S9215,S921
L9792,L97
N0893,_
89,_
E832,E832
J1896,J189
D011,D011
S679,_
M0115,M0115
S9982,S998
A013,A013
V210,_
G835,_
D608,D608
Z363,Z363
O612,_
M8491,M8491
Z740,Z740
Z272,Z272
N4590,N459
G252,G252
S206,_
K9225A,_
0924,_
M6732,M6732
S8262,S826
M6529,M6529
J1593I248,_
D201,D201
D559,D559
T283,T283
T565,T565
0810,_
5119,_
J800,J80
1350,_
S4891,S489
L0401,L040
\3,_
T409,T409
N837,N837
M8485,M8485
M938,M938
S603,_
G378,G378
H4221,_
H5002,H500
C8410,C841
H1000,H100
T8454,T845
N9795,N979
D1,_
W0195,_
W1195,_
V8995,_
S027S2,_
M8704,M8704
O661,O661
K6035,K603
H6521,H652
S6,_
M0540,_
E0861,_
M174,M174
0359,_
N2811,N281
J344,_
S251,S251
M275,_
I23,_
K04,K049
S4245,S424
O800M,_
R36,R36
Z9011,Z901
H1041,H104
A1850,A185
E154,E15
O6208,O620
X4619,_
S7631,S763
V386,_
V346,_
S9819,S981
A12,_
0605,_
0889,_
W219,_
S6841,S684
O04,O049
0722,_
K539,_
R250,R250
M537,_
D749,D749
S581,S581
I487,I48
D4329,D432
K3508,K350
P0387,P038
G471,G471
W1452,_
K0920,K0920
X,_
S30,S309
B594,B59
M669,_
1719,_
Y242,_
O0892,O089
5519,_
M0001,M0001
S2242,S224
D6308,D630
F606,F606
Q7431,Q743
M8221,_
Z9888,Z988
S967,S967
G141,G14
5A,_
K806,_
T1301,T130
M8506,M8506
O49,_
R5081,R508
L,_
T678,T678
L7711,_
I94,_
N039HD,_
Z881,Z881
G232,G232
M8054,M8054
Q3592,Q359
H2881,H288
M873,M873
D1700,D170
I4901,I4901
M7041,M704
H471,H471
H244,_
I078,I078
P2392,P239
H691,_
R1110,R11
C8191,C819
Z209,Z209
D1710,D171
H4710,H471
M1716,M171
T2632,T263
Z655,Z655
Y911,_
A748,A748
H2593,H259
W66,_
S5184,S518
D478,_
W5699,_
K2591,K259
N083C,_
N938N8,_
M683,_
R219,R21
B432,B432
N174,_
T020,T020
Y538,_
Y424,_
N490,N490
P709,P709
99640,_
K714,K714
P540,P540
M6155,M6155
M4368,M436
D558,D558
Z01207,Z012
S4591,S459
W2729,_
M6521,M652
2390,_
W012,_
S7270,S7270
S489,S489
M6548,M654
P071N,_
R065,R065
I7391,I739
X7009,_
J3870,J387
W2604,_
T925,T925
M2380,M2380
M2342,M2342
S6111,S611
I354,_
N643,N643
Y9999,_
J027,_
H3132,H313
Z521,Z521
M98,_
O987,O987
Q789,Q789
P349,_
Q800,Q800
M8436,M8436
Z9551,Z955
J16,_
J729,_
R912,R91
T2121,T212
O3300,O330
V880,_
T21,_
C002,C002
O321XX0,_
D16,D169
W8709,_
S6010,S601
T1472,T147
S0142,S014
J48,_
S3670,S3670
S3139,S313
W558,_
E1043,E104
N1451,_
J1596,J159
R0489,R048
H6910,_
R5400,R54
M6634,M6634
N18O,_
I06,I069
C5012,C501
O1404,O140
I2512,I251
H4712,H471
E0921,_
G523,G523
O889,_
M8502,M8502
J1829,J182
O29,O299
D107,D107
J1089,J108
O509,_
Z862,Z862
G633,G633
V425,_
H4441,H444
H255,_
N351,N351
S242,S242
M8631,M8631
V2304,_
I6190,I619
S0634,S063
G890,_
V696,_
S2680,S2680
N7501,N750
K043,K043
J490,_
N2323,N23
A241,A241
E708,E708
K893,_
W840,_
C5094,C509
D3760,D376
H3490,H349
Z3930,_
5146,_
J3290,J329
J3092,_
E0399,E039
Z370J0,_
K5731,K573
J130,J13
G304,_
N3820,_
D677,D67
I5031,_
Z8585,Z858
E0840,_
Y12,_
H1052,H105
R948,R948
K499,_
E1139,E113
T74,T749
K262,K262
S123,_
D2511,D251
T6200,T620
P1340,P134
251,_
S6031,_
C349M8,_
M5991,_
J671,J671
Q550,Q550
H831,H831
I378,I378
T427,T427
J1553,J155
F120,F120
W8099,_
M7129,M7129
G690,_
J1818,J181
R946,R946
J4591,J459
Z317,_
C903,C903
S439,_
B678,B678
I1190,I119
M8475,_
K96,_
H6112,H611
V0319,_
N112,_
A1817,A181
M2346,M2346
Q1810,Q181
S1360,S136
G23,G239
K702,K702
W939,_
M167,M167
L0591,L059
A0644,A064
K166,_
T878,_
0068,_
T1390,T139
W1962,_
Z123,Z123
0509,_
C544,_
S5189,S518
M7065,M7065
Q7011,Q701
R824,R824
Y29,_
P917,_
J1800,J180
J9602,J960
G4030,G403
I1509,I150
K8060,_
L9180,L918
B883,B883
J3031,J303
H3131,H313
O4202,O420
Q840,Q840
D0592,D059
N872,N872
O705,_
M3440,_
L564,L564
H1881,H188
D2160,D216
H3553,H355
K405,_
L243,L243
X1909,_
Q260,Q260
S160,S16
D4101,D410
J3295,J329
212,_
S0093,S009
I01,I019
I32,_
T8754,T875
C5041,C504
I391,I391
N047,N047
I0981,I098
R732,_
O1041,O104
E08,_
G3109,G310
I1708,_
L760,_
X0699,_
D876,_
R258,R258
S3090,S309
S8680,S868
S6681,S668
M4349,M434
2008,_
W0189,_
B499,B49
X595,_
V48,_
D3290,D329
T14W1,_
M7209,M7209
M909,_
O189,_
H809,H809
W237,_
H2222,_
L054,_
O940,O94
D549,_
Z3962,_
S6142,_
N083N1,_
K306,K30
D51,D519
N101,N10
S4080,S4080
T7928,T792
S1221,S1221
I6935,I693
K972,_
Q776,Q776
I639G46,_
T561,T561
M5430,M5430
I790,I790
R0421,R042
X289,_
M4636,M4636
N1049,N10
S7030,_
P833,P833
Z098,Z098
S820TYPEA,_
E3521,_
E0965,_
S4281,S4281
C561,C56
H907,H907
H1712,H171
B229,B22
M196,_
B0230,B023
D0231,D023
L9841,L984
S2451,S245
O31,_
V2298,_
R790,R790
M9672,_
J866,_
H6612,H661
O800P,_
I05,I059
I70,I709
K279K2,_
J229,J22
I2574,_
X419,_
T9835,T983
Y3645,_
I0510,I051
N289C,_
K291A2,_
S4205,S420
C673,C673
692,_
J0,_
X23,_
R551,R55
246,_
P950,P95
H004,_
E775,_
O695,O695
S7113,S711
D2122,D212
V4359,_
V5859,_
T2402,T240
T2202,T220
M8435,M8435
B080,B080
P1185,_
J9801,J980
N390N,_
O381,_
M5387,M5387
H1692,H169
Q226,Q226
M2442,M2442
M9998,M9998
O0001,O000
M8501,M8501
T5090,T509
K8510,K851
B060,B060
N789,_
M660,M660
G43,G439
M2552,M2552
E0822,_
C539D6,_
I969,_
E1242,E124
J025,_
S404,_
S1102,S110
C349Z5,_
L310,_
W1028,_
H839,H839
B80,B80
0730,_
S289,_
S7234,S723
G138,G138
M8634,M8634
J97,_
L746,_
O260,O260
N078,N078
B289,_
Q969,Q969
Z3490,Z349
2300,_
O7507,O750
O363Z3,_
G9391,G939
N27,N279
N77,_
K139,_
N8520,N852
Z886,Z886
L0199,_
O8096,O809
P303,_
K746I98,_
C20M8010/3,_
A099E862,A09
E612,E612
M1289,M1289
M8108,M8108
M7912,M7912
M531,M531
M560,_
O056,O056
S6305,S630
M8645,M8645
D3705,D370
S0042,S004
O6310,O631
B670,B670
A15O,_
K008,K008
S3601,S3601
G568,G568
Q12,Q129
S0245,S024
S021V1,_
R8271,R827
I60,I609
H4060,H406
S3645,S364
T1,_
T0,_
O625,_
0570,_
G4741,G474
K449K2,_
N3225,N322
572,_
C955,_
C449I3,_
M276,_
M5012,M501
K8590,K859
Z2380,Z238
D72,D729
V0929,_
T0031,T003
M8881,M8881
H3303,H330
R1031,R103
S852,S852
N1372,N137
Y569,_
J044,_
S048,S048
S6080,S6080
S538,_
R552,R55
321,_
D650,D65
G649,G64
I641,I64
E885,_
O8329,O832
V391,_
K407,_
S757,S757
Z581,Z581
Y405,_
Z0301,Z030
H2603,H260
J3212,J321
F129,F129
J179,_
V919,_
S7010,S701
S8140,_
C529,C52
Z4689,Z468
K057,_
Q952,Q952
O202,_
Z89,Z899
W256,_
M7581,M758
R1032,R103
O7510,O751
M4706,M4706
S8171,S817
J3502,J350
M463,M463
K0401,K040
S4320,S432
X899,_
S816,_
P054,_
O2652,O265
W0701,_
Z578,Z578
O2300,O230
I1214,_
I1620,_
X0989,_
E842,_
0363,_
K3182,K318
C8140,C814
N02,N029
M8143,M8143
E0492,E049
K3730,K37
M9238,M923
J87,_
H1782,H178
09,_
H323,_
H3182,H318
C4399,C439
H3691,_
C3296,C329
M6538,M653
O8137,O813
B3322,B332
I2519,I251
H1630,H163
M5020,M502
L8930,L893
1491,_
S0070,S007
J220,J22
Z9050,Z905
X700,_
M90,_
J197,_
M8031,M8031
Q264,Q264
CR0194,_
Z0142BL,_
CR0243,_
C541M8000/3,_
V3759,_
P59,P599
X491,_
J4495,J449
1731,_
V5499,_
I453,I453
L305,L305
G461,G461
T99,_
B487,B487
S132,S132
H4030,H403
Q768,Q768
C8589,_
B4349,_
L826,L82
I0989,I098
H5231,H523
H5310,H531
Z2999,Z299
D3330,D333
M9805,_
S743,_
V2204,_
W141,_
V504,_
O6490,O649
O821Z9,_
S6821,S682
P016,P016
J9841,J984
T1471,T147
E7451,_
N9421,N942
M9705,_
M6752,_
H841,_
O052,O052
S9981,S998
C5719,C571
P02,P029
M7140,M7140
M8130,M8130
C5250,C52
H488,H488
M4690,M4690
H277,_
C1390,C139
C0590,C059
C070,C07
S0033,S003
Q826,_
Z9550,Z955
R191,R191
K90,K909
E64,E649
K367,K36
S3142,S314
V2059,_
V0909,_
O1409,O140
Y465,_
K41,K419
M7295,M7295
W7480,_
M8563,M8563
M7220,M7220
Z28O,_
T2530,T253
C806,C80
J94,J949
S4021,_
P581,P581
Y929,_
O3452,O345
M7298,M7298
S4236,S423
J3921,J392
S25,S259
E568,E568
K960,_
W2321,_
E1420,E142
V8922,_
S8243,S824
D2271,D227
W0331,_
I97,I979
Q328,_
K581,_
Z599,Z599
I147,_
K0451,K045
Z8780,Z878
S842,S842
N635,N63
T690,T690
M217,M217
N0310,N031
S5110,S511
A214,_
T0930,T093
M401,M401
K899,_
K0521,K0521
E818,_
M1960,_
M7113,M7113
P343,_
B111,_
S022XXA,_
Z420,Z420
9460,_
1351,_
N220,N220
K849,_
H49,H499
Q189,Q189
S3820,S382
D2291,D229
N149,_
M8409,M8409
D460,D460
H43,H439
H491,H491
Y822,_
H1189,H118
O7205,O720
N1585,N158
I2129,I212
C6455,C64
M9590,M959
C8593,C859
M1622,M162
M1927,M1927
S758,S758
G51,G519
N261,N26
I6111,I611
I6101,I610
O0022,O002
N8011,N801
S8891,S889
P100,P100
S8302,S830
X209,_
J3040,J304
M9381,M9381
Y1099,_
N3580,N358
A419N4,_
C539M1,_
Z251,Z251
H302,H302
V1808,_
J4540,_
B572,B572
I4010,I401
B172,B172
O27,_
K5651,K565
R1030,R103
D189,_
X950,_
W1824,_
F1924,F1924
J3511,J351
R179,R179
J9502,J950
I259J1,_
S179,S179
M5413,M5413
E1109,E110
M6026,M6026
Z3920,Z392
0801Z4,_
X5996,_
F701,F701
M8270,_
J459O,_
B98,_
0985,_
E2740,E274
W7081,_
W4553,_
O006,_
G244,G244
1729,_
J445,_
Z055,_
T0131,T013
T0130,T013
W2262,_
C94,_
M6710,M6710
S5171,S517
J815,J81
Y462,_
M9909,M9909
I2892,I289
H2810,H281
T8411,T841
X9904,_
R0981,R098
A10,_
V443,_
L7292,L729
H592,_
R431,R431
O8293,O829
W899,_
221,_
M920,M920
L8,_
I566,_
P56,P569
A371J170,_
D359,D359
Z010C,_
T485,T485
M471G992,_
33726,_
T474,T474
M2351,M2351
K2805,K280
M8614,M8614
0345,_
K4395,K439
462,_
I1195,I119
J90J0,J90
N8010,N801
J155,J155
D15,D159
Z188,_
K2921,K292
M264,_
P39,P399
V380,_
O08,O089
I682,I682
C859J,_
V14,_
O9880,O988
Q554,Q554
Z0372,_
S7000,S700
M7294,M7294
M2359,M2359
O025,_
K6100,K610
M9498,M9498
R2233,R223
M8321,M8321
H6109,H610
T296,T296
R44,_
R679,_
A49,A499
O571,_
T060,T060
270,_
B0700,B07
L4090,L409
K2639,K263
1V8,_
Z142,_
Z620,Z620
M9890,_
S990,_
G543,G543
N037,N037
B9689,B968
Q690,Q690
S035,S035
O4413,O441
0430,_
Y31,_
H5881,H588
W196,_
M8261,_
T0190,T019
I141,_
V5399,_
K179,_
M9610,M961
M9252,M925
M9302,M930
M2147,M2147
O898,O898
W8699,_
M1050,_
O26,O269
M7256,M7256
D890,D890
E009,E009
M2157,M2157
K231,K231
K339,_
0270,_
M9589,M958
J6230,_
M7965,M7965
9096,_
084,_
L606,_
302,_
C7600,C760
0459,_
D2270,D227
N9952,N995
H4573,_
L0336,L033
Q502,Q502
P,_
I30,I309
J994,_
N253,_
L294,_
L402,L402
M832,M832
K0881,K0881
C808,C80
H1612,H161
0343,_
0831,_
W4,_
S6901,_
S6661,S666
391,_
T079,T07
A1892,_
P72,P729
O6880,O688
B440J172,_
A770,A770
T709,T709
H951,H951
T25,_
N396,_
D4810,D481
H2020,H202
H1020,H102
M7962,M7962
T070,T07
W140,_
T2103,T210
N282,_
T46,T469
V8939,_
H2102,H210
R292,R292
1420,_
9075,_
R029,R02
O819,_
K1160,K1160
K004,K004
1480,_
Q8789,Q878
721,_
O177,_
M8271,_
I6931,I693
S0232,S023
S0219,S021
T160,T16
J9693,J969
I6781,I678
X274,_
C946,C946
C4439,C443
B0600,B060
I322,_
P22O,_
M5129,M512
W0299,_
V531,_
H7001,H700
J649,J64
C5190,C519
C6901,C690
A0600,A060
0488,_
E01,_
S401,_
S2510,S251
S0204,S020
D8890,_
G4590,G459
M9692,M969
C5191,C519
Q2111,Q211
M1480,M148
M5500,_
J3293,J329
R2222,R222
M8804,M880
T883,T883
K5700,K570
G338,_
P253,P253
E3,_
N4056,N40
122,_
5792,_
I6945,I694
G120,G120
Z529,Z529
I7295,I729
N9311,_
Z501,Z501
D3020,D302
5922,_
I835,_
K0403,K040
O1493,O149
Z8960,Z896
S2781,S2781
T069,_
K876,_
B3613,B361
T067,_
G60,G609
P08,_
M8340,M8340
Z921,Z921
V093,_
C9209,C920
Z9842,_
J9310,J931
0391,_
M1915,M1915
C728,C728
R820,R820
N083N,_
V476,_
S9609,S960
Y45,_
I1090,I10
B042,B04
T009W199,_
A548J170,_
M718,M718
M160,M160
T413,T413
Z865,Z865
T7930,T793
Y529,_
K866,_
G90,G909
W1900,_
S6052,_
J0690,J069
418,_
K8063,_
K5652,K565
Q904,_
A043,A043
C543,C543
A4189,A418
M921,M921
I5033,_
W15,_
X12,_
T652,T652
X4399,_
S527O,_
M8387,M8387
W069,_
V0294,_
R1430,R14
Y5962,_
B0821,B082
F167,F167
O570,_
C071,C07
K5502,K550
M6593,M6593
B331,B331
T9220,T922
2379,_
P3639,P363
M644,_
250,_
X0499,_
N3501,N350
238,_
R449,_
T0060,T006
L349,_
S1520,S152
Z0620,_
L04,L049
X0404,_
V2348,_
D528,D528
O063D6,_
J185,_
0935,_
K3350,_
W1903,_
H3603,H360
Y24,_
S8189,S818
B749,B749
W1894,_
R063,R063
R79,R799
T1141,T114
M2180,M2180
T1891,T189
L8180,L8180
G399,_
G5001,G500
K845,_
M6623,M6623
C9199,C919
K523,K523
M5010,M501
T817,T817
E185,_
H6100,H610
T742,T742
M1606,M160
H9880,_
K095,_
R0731,R073
S9782,S978
J12,J129
9030,_
O4101,O410
Z024,Z024
M9620,M962
Z2320,Z232
V2744,_
F638,F638
S0149,S014
J70,J709
T75,_
M7133,M7133
D4121,D412
B9620,B962
D604,_
C8220,C822
C3199,C319
Q1209,Q120
S4611,S461
Q8501,Q850
I8391,I839
H446,H446
Z01591,Z015
Q056,Q056
Z0052,Z005
90735,_
T673,T673
C313,C313
K449E2,_
H266,_
Q1225,Q122
C6,_
K2691,K269
K2,_
S6266,S626
Z0159,Z015
K269K2,_
K811K1,_
H6139,H613
K802E1,_
W014,_
W015,_
D2595,D259
681,_
O141Z9,_
O7103,O710
I734,_
H3682,H368
M9932,M9932
K0402,K040
S6813,S681
Z8961,Z8961
Z12,Z129
H263,H263
P057,_
O640Z,_
O339O,_
D126O,_
S6150,_
T984,_
Q87,_
B055,_
W5059,_
T149J,_
V5899,_
W1398,_
H3630,_
J1879,_
Y1408,_
F1520,F1520
I338,_
S7212,S721
W3431,_
W5591,_
Z8601,Z860
C9030,C903
O4103,O410
H9331,H933
0822,_
W0390,_
W1312,_
B84,_
Q6182,Q618
V800,_
X2014,_
Z29,Z299
L943,L943
Q7981,Q798
Q7010,Q701
Q7031,Q703
T209,_
N219,N219
X650,_
J489,_
I105,I10
L8210,L82
S3900,S390
H4313,H431
51,_
D3709,D370
I127,_
I112,_
R915,R91
I542,_
M8772,_
Q1812,Q181
M7959,M7959
H191,H191
M6542,M654
K675,_
D0501,D050
O829O7,_
M378,_
S4343,S434
I861I,_
O7370,_
M8446,M8446
H6695,H669
023,_
R111,R11
E0964,_
Y752,_
B184,_
S8037,_
I6381,I638
V2988,_
N10N1,N10
X43,_
L069,_
Z01209,Z012
C061,C061
B468,B468
S079,S079
W2499,_
H281,H281
A1832,A183
C539Z,_
D76,_
P078,_
H750,H750
2500GRAMS,_
2800GRAMS,_
3400GRAMS,_
3100GRAMS,_
2700GRAMS,_
3200GRAMS,_
2900GRAMS,_
3900GRAMS,_
V321,_
W2068,_
Q729,Q729
B867,B86
K182,_
B981,B981
M991,M991
W1498,_
S5770,_
382,_
W4469,_
V030,_
J189O,_
X511,_
Z410,Z410
Q992,Q992
W0230,_
N071,N071
M249,M249
V4862,_
Z946,Z946
S9820,S982
N4889,N488
N0830,N083
M8419,M8419
O6312,O631
H4322,H432
C0209,C020
M9810,_
Z700,Z700
M7080,M7080
C8290,C829
7A,_
J3503,J350
C3412,C341
Y00,_
X408,_
O2451,_
P10,P109
O822O,_
Z9615,Z961
H6,_
Q5395,Q539
624,_
Z264,_
R968,_
Q6I2,_
C6992,C699
Q530,Q530
D1212,D121
T229,_
C509M8,_
R588,R58
D039,D039
W1993,_
E864,E86
6560,_
N0885,N088
M9822,_
I521,I521
K1491,K149
T280,T280
I774,I774
M4304,M4304
L0262,_
Z357,Z357
J022,_
J431,J431
J8412,J841
756,_
M8423,M8423
T499,T499
H801,H801
C207,C20
L762,_
V596,_
J189J9,_
Q0780,Q078
W6781,_
W6998,_
W2783,_
J281,_
S014TYPEA,_
1100,_
Z953,Z953
5800,_
T7803,T780
A71,A719
M8738,M8738
I953,I953
Q1001,Q100
Q2439,Q243
W2601,_
S72G,_
43,_
T1470,T147
D1601,D160
S3291,_
M965,M965
R922,R92
S6440,S644
O475,_
S1316,S1316
Q7410,Q741
L0271,_
M3310,M331
L27,L279
X930,_
S7109,S710
K9170,_
W4502,_
883,_
S8205,S820
D01,D019
X159,_
N0,_
H738,H738
H2100,H210
H7081,H708
M7040,M7040
I1O1,_
I189,_
S4691,S469
S5192,S519
S7991,S799
S5301,S5301
M9232,M923
M6774,_
V0314,_
Z1167,Z116
E8359,E835
X2408,_
Z043,Z043
P780,P780
5122,_
N1830,N183
N1285,N12
X1503,_
B021,B021
H9201,H920
I505,_
O8403,O840
383,_
S0615,S061
M22,M229
T487,T487
D463,D463
N3090,N309
M415,M415
H0580,H058
H743,H743
V392,_
S342,S342
C7111,C711
P03,P039
I775,I775
M8897,M8897
M982,_
W2608,_
S6071,S607
M2545,M2545
Q7982,Q798
Q7200,Q720
M7229,M7229
P366,_
Y421,_
S0440,S044
N185Z491,_
Z01210,Z012
T653,T653
M238,M238
S3660,S3660
S1095,S109
990,_
O8029,_
M6020,M6020
0655,_
5750,_
N476,N47
M1807,M180
M9975,M997
B29,_
E458,E45
I2478,_
Z3500,Z350
K150,_
L590,L590
I8459,I845
O809Z0,_
I7795,I779
845,_
T3001,T300
O50,_
R501,_
O8580,O85
K4495,K449
O141Z,_
H4620,H46
K5289,K528
S5920,_
689,_
M5001,M500
Z634,Z634
I8511,_
T753,T753
V2254,_
S4072,S407
I2001,I200
B775,_
S8215,S821
1G,_
M7978,M7978
2371,_
O934,_
R4390,_
W789,_
V3994,_
P964,P964
L29,L299
S8002,S800
H526,H526
N045,N045
H4772,H477
C859D,_
X4609,_
X6809,_
J3582,J358
P079,_
V3809,_
K117,K117
O016,_
M71,M719
Z4791,Z479
N185E,_
M8693,M8693
V214,_
T138,T138
G8191,G819
M1722,M172
Y307,_
W304,_
M0640,M0640
V2808,_
F119,F119
Y47,_
S3010,S301
O351,O351
T752,T752
V684,_
T122,T12
S9113,S911
S5070,S507
V2699,_
K3059,K30
N792,_
M1917,M1917
X8970,_
L441,L441
M2415,M2415
S5319,S5319
T8139,T813
5109,_
W2401,_
O1402,O140
E137,E137
O748,O748
H256,_
L0239,L023
S3022,S302
K435,_
H1889,H188
D4320,D432
H740,H740
Q348,Q348
A063E861,_
T674,T674
O0141,_
K688,_
I7102,I710
F020,F020
I360,I360
E1064,E106
J99,_
O627,_
R389,_
T0220,T0220
T827XXA,_
M91,M919
C189M,_
I4726,I472
B9711,B971
V202,_
N179AO9,_
V496,_
C189M8,_
N57,_
S99,S999
0849,_
D1739,D173
4200,_
Y429,_
W0190,_
V5469,_
W0398,_
2650GRAMS,_
2600GRAMS,_
3300GRAMS,_
2880GRAMS,_
4100GRAMS,_
2750GRAMS,_
3800GRAMS,_
3000GRAMS,_
3050GRAMS,_
2505GRAMS,_
N4920,N492
B48,_
J599,_
O261,O261
S4340,S434
Z097,Z097
Y803,_
Z514,Z514
M8683,M8683
J968,_
I1458,_
0366,_
M8640,M8640
T049,T049
I0990,I099
S7310,S731
R4867,_
C4,_
S7203,S720
I875,_
L950,L950
W1003,_
S3170,S317
W6999,_
S6999,S699
M6092,M6092
W300,_
M9691,M969
M8006,M8006
S6501,S650
C8578,C857
A572,A57
M6089,M6089
H7662,_
L70,L709
C576,_
Q54,Q549
M7608,M760
E092,_
Z653,Z653
K979,_
Q078,Q078
Q105,Q105
M0306,M0306
N359N1,_
I8451,I845
642,_
H6080,H608
H523,H523
J25,_
T0240,T0240
Q303,Q303
N1865,_
N8310,N831
X1899,_
T2222,T222
Z365,Z365
S1011,S101
X609,_
H2021,H202
N2111,N211
Q823,Q823
C630,C630
F502,F502
M2469,M2469
A009E861,_
D730,D730
S126,_
8390,_
W6880,_
W708,_
A5401,A540
I48A,I48
X9509,_
X1282,_
R5688,R568
M6159,M6159
C228,_
X781,_
Z9089,Z908
F844,F844
N185N2,_
I485,I48
W1318,_
O1422,O142
W1848,_
Z019,Z019
H1840,H184
P70,P709
T339,T339
W2119,_
S5071,S507
M030,M030
S2249,S224
S2199,S219
D297,D297
S7092,S709
L9212,L921
Q1820,Q182
L9131,_
M8670,_
S5252,S525
S4331,S433
R409,R409
Z651,Z651
M9041,M9041
S6201,S6201
F042,F04
L95,L959
M281,_
G398,_
O0831,O083
S3631,S3631
H8080,H808
R10O,_
D2492,D24
D3821,D382
M8123,M8123
I2513,I251
C2090,C20
H74,H749
M9686,M968
9090,_
N723,N72
G361,G361
E754,E754
Q2485,Q248
340,_
Q28,Q289
K8115,K811
O141Z0,_
A1621,A162
J2,_
Z3805,Z380
I779I6,_
J183,_
Q0,_
X111,_
H2142,H214
N333,_
W1404,_
J9609,J960
S9832,S983
K417,_
W8999,_
T2302,T230
V5869,_
J9392,J939
H469,H46
H4729,H472
H4723,H472
V12,_
Y05,_
V345,_
C877,_
0693,_
I1259,_
B33,_
S916,_
J8492,J849
G371,G371
P381,P38
W168,_
5059,_
O735,_
J971,_
Z3002,Z300
N690,_
H5061,H506
A04,A049
M1126,M1126
P061,_
M4688,M4688
O290,O290
V541,_
Y350,_
Z30A,_
M6246,M6246
G587,G587
M8725,M8725
M918,M918
B861,B86
Z64,_
O384,_
W3428,_
Y364,_
F483,_
M8155,M8155
F28,F28
T571,T571
W5229,_
W1703,_
S8410,S841
S6171,S617
X5892,_
E252,_
C70,C709
A0992,A099
I3581,I358
L0411,L041
M1496,_
R454,R454
J9588,J958
Z515,Z515
N376,_
L172,_
M6647,M6647
E1040,E104
D0008,D000
K09,K099
9185,_
Z1383,Z138
I882,_
S4242,S424
E8501,E850
C247,_
I5900,_
4685,_
V44,_
E1316,E131
E519,E519
S9031,S903
E172,_
V2149,_
O8030,_
Z170,_
J446,_
B0791,B07
S3092,S309
I264,_
0358,_
P152,P152
T418,_
W2249,_
V238,_
W2502,_
Y346,_
M0886,M0886
W129,_
J854,_
M9561,_
W3130,_
Y5993,_
X5430,_
R660,_
J4552,_
E1330,E133
S244,S244
C99,_
H4420,H442
M5850,_
360,_
Q021,Q02
Y604,_
E26,E269
R0901,R090
D2598,D259
J610,J61
K9159,K915
Q821,Q821
C45,C459
F72,F729
D2339,D233
Q1481,Q148
M8005,M8005
E1492,E149
T2200,T220
C817,C817
G9380,G938
S26,S269
V2294,_
S0400,S040
V0208,_
B014,_
2D,_
S3242,S324
0333,_
L505,L505
M468,M468
Z0151B1,_
L748,L748
V6949,_
V4099,_
J9584,J958
L262,L26
F708,F708
R771,R771
1031,_
M601,M601
Z362,Z362
C795T,_
S0045,S004
E61,E619
I024,_
D659,D65
X139,_
C571,C571
S548,S548
A072,A072
E321,E321
9S,_
M8147,M8147
C7801,C780
M8161,M8161
Z017,Z017
X9399,_
O409,O40
F111,F111
C9590,C959
S4600,S460
M7580,M758
V3239,_
M886,_
M7951,M7951
C054,_
L761,_
Y048,_
Z874,Z874
L414,L414
H842,_
I7101,I710
S6421,S642
K2791,K279
I7679,_
K0115,K0115
244,_
Q786,Q786
C6156,C61
N4001,N40
M7522,M752
T0280,T0280
Z2461,Z246
Z168,_
E0911,_
T1580,T158
V2444,_
O0341,O034
C904,_
M2481,M2481
X34,_
Y15,_
C7821,C782
A16A,_
M7011,M701
N822,N822
Z3A1,_
M6003,M6003
O7581,O758
S2109,S210
V9994,_
X00,_
N854,N854
P205,_
A016,_
N92,_
D522,_
R340,R34
H2185,H218
S8681,S868
B387,B387
M2111,M2111
I1500,I150
P595,_
M789,_
S358,S358
S4209,S420
M9658,M965
123,_
J4401,J440
F153,F153
J1459,J14
H8309,H830
S549,S549
S3780,S3780
M321NO85,_
S6371,S637
I51,I519
S3781,S3781
Q3889,Q388
T389,T389
K391,_
S712,_
W3222,_
T256,T256
O486,O48
Q6381,Q638
T954,T954
E0422,E042
S9550,_
Z4,_
Q1811,Q181
T1407,T140
L7328,L732
0419,_
H0591,H059
M8172,_
M8149,M8149
A429,A429
N674,_
M2119,M2119
1708,_
N1188,N118
V3469,_
B367,_
O441O8,_
K870K8,_
W5449,_
L86,L86
A0998,A099
A099E,A09
K0442,K044
J893,_
A1884,A188
O613,_
0644,_
Y4019,_
R1004,R100
J9581,J958
291,_
W7489,_
W210,_
E8330,E833
4010,_
I123,_
M2193,M2193
L518,L518
T8241,T824
D032,D032
H17,H179
H358H,_
S3095,S309
M50,M509
N9989,N998
M083,M083
W2703,_
014,_
0994,_
C478,C478
B8299,B829
E18,_
F121,F121
S381,S381
E0792,E079
Z0809,Z080
E400,E40
K127,_
P779,P77
S0512,S051
K080,K080
B561,B561
M1920,M192
Q3801,Q380
46621,_
A55,A55
E112N038,_
A088,_
O0910,_
R801,R80
H4220,_
H4041,H404
K871,K871
H6601,H660
L7682,_
C854,_
O3433,O343
H220,H220
H669E1,_
O0015,O001
665,_
H060,H060
K802I1,_
Y758,_
P1111,P111
G12,G129
Z8781,Z878
R432,R432
I4541,I454
T785,_
M9523,M952
Q185,Q185
P0517,P051
Z780,_
Q702,Q702
M039,_
D487M8,_
K448,_
K1021,K1021
7380,_
T8450,T845
Z85,Z859
S9332,S933
R5,_
G83,G839
K3585,K358
Z728,Z728
4499,_
M9383,M9383
H5291,_
O800Z3,_
M4052,M4052
Y0498,_
D803,D803
E142NO38,_
O654O6,_
I200I2,_
M9280,M928
S8689,S868
S078,S078
S7245,S724
B774,_
T0290,T0290
S1430,S143
M9751,_
0239,_
O608,_
D149,_
S2020,S202
N8391,N839
L9051,L905
Q8709,Q870
Z972,Z972
K6101,K610
C4401,C440
A619,_
W1401,_
D6749,D67
M6028,M6028
M6511,M6511
J9589,J958
Q17,Q179
M2112,M2112
M2200,M220
M2220,M222
M7097,M7097
E8822,E882
C359,_
Q409,Q409
M0879,_
Q43O,_
N9220,N922
D341,D34
Q187,Q187
Z400,Z400
H3660,_
N023,N023
E022,E02
R909,_
Q928,Q928
A1800,A180
Z195,_
D75,D759
F788,F788
N8001,N800
P2000,P200
M3489,M348
K9,_
L81,L819
M0819,M0819
E116N083,_
G374,G374
M1302,M1302
M2560,M2560
O2000,O200
Y444,_
D04,D049
S0091,S009
S170,S170
H362,_
O074,O074
V536,_
Z3181,Z318
F1013,F101
S7209,S720
S346,S346
S257,S257
O0041,_
H13,_
Z755,Z755
Y3199,_
M7196,M7196
M929,M929
J1501,J150
S5109,S510
S1181,S118
S171,_
L0380,L038
I3411,I341
Z3988,_
S9032,S903
Y580,_
F505,F505
D819,D819
K9201,K920
D562,D562
G429,_
L710,L710
R52,R529
R41,_
G805,_
Z754,Z754
H7391,H739
Z4781,Z478
M3717,_
K671,K671
O7012,O701
M1197,M1197
D2341,D234
I570,_
H2081,H208
M157,_
K8521,K852
H3311,H331
M8780,M8780
N6341,N63
H92,_
Z0,_
C5490,C549
E8616,E86
I857,_
C219,_
C7800,C780
V91,_
T934,T934
K0490,K049
110,_
V1349,_
V1889,_
M9321,M9321
L744,L744
G514,G514
P0729,P072
E8710,E871
C9119,C911
1313,_
B488,B488
V1890,_
I312,I312
O2310,O231
V958,_
O921,O921
Z538,Z538
N139HD,_
J9509,J950
J3510,J351
S066X0A,_
S535,_
J1223,J122
M1189,M1189
C248,C248
Z502,Z502
J177,_
E942,_
K2503,K250
O74,O749
M960,M960
I6985,I698
N323I0,_
K,_
P21,P219
K7684,K768
D5099,D509
K5781,K578
S020S1,_
N2815,N281
N060,N060
M8222,_
S647,S647
S7091,S709
K7010,K701
O8231,_
V53,_
B470,B470
S6781,S678
S6971,S697
M7907,M7907
S134XXA,_
O1303,O13
H564,_
M8437,M8437
S7233,S723
V586,_
N5439,_
H3583,H358
B698,B698
C1899,C189
2988,_
J3980,J398
2031,_
H80,H809
2038,_
M8141,M8141
K2491,_
N1310,N131
K0691,K069
Y900,_
F649,F649
G603,G603
X2899,_
O003,_
W2089,_
S7232,S723
H8113,H811
H6055,H605
S0099,S009
S0009,S000
V484,_
B459,B459
I475,_
N388,_
H8130,H813
M724,M724
S245,S245
Z417,_
N1538,_
D6941,D694
J725,_
N087,_
S8010,S801
M8870,_
H3333,H333
6473,_
P0713,P071
862,_
J826,J82
S741,S741
M5385,M5385
T506,T506
A60,A609
H0270,H027
O25,O25
C38,_
M9123,M912
C7195,C719
M120,M120
K8044,K804
O6881,O688
N3200,N320
Z0101,Z010
H421,_
T570,T570
5113,_
S0206,S020
7134,_
K1083,K1083
S6880,S688
N012,N012
G832,G832
X5959,_
W6981,_
E059I438,_
E96,_
T249,_
S0921,S092
V172,_
R608,_
87,_
K025,_
M9,_
8999,_
P9037,P90
M8481,M8481
R211,R21
V0309,_
I21A1,_
C052,C052
0S,_
M486,_
W1008,_
W1781,_
C59,_
S8089,S808
N39O,_
T440,T440
W2762,_
T8570,T857
I457,_
Z382SINGLELIVEBORNINFANT,_
S3420,S342
W1699,_
Y99,_
T135,T135
L504,L504
P615,P615
P044,P044
M7046,M7046
L96,_
M3136,M313
Q428,Q428
X5869,_
S230,S230
N42,N429
S7080,S7080
M1214,M1214
O0441,O044
C4A,_
H6600,H660
H6602,H660
W1873,_
D328,_
G91,G919
N439,_
T454X2,_
S3103,S310
O0410,O041
S867,S867
T136,T136
R860,R860
I483,I48
M8426,M8426
C169M8,_
C3492,C349
N2289,N228
B3789,B378
O372,_
M4393,M4393
W5008,_
I804,_
Z199,_
C06,C069
O635,_
Z395,_
Z789,_
J418,J418
A1419,_
R684,_
P713,P713
A227,A227
A363,A363
N311,N311
Q3791,Q379
1893,_
J9504,J950
S687,_
O4100,O410
U800,U800
M8811,_
G639,_
M5458,M5458
G434,_
S6540,S654
S8600,S860
S4113,S411
R990,R99
N7010,N701
F633,F633
C697,_
L099,_
S1200,S1200
O294,O294
C4925,C492
S838,_
S1,_
N8005,N800
683,_
H5021,H502
Z1246,Z124
Q6391,Q639
N513,_
T29,_
T0062,T006
A439,A439
O87,O879
E1192,E119
R63,_
W4494,_
Z3810,Z381
Y590,_
C990,_
Z461,Z461
V385,_
T071,T07
Y85,_
J619,J61
J3920,J392
M0980,M0980
C940,C940
R670,_
G7281,G728
H4900,H490
859,_
R60,R609
L768,_
Q2820,Q282
M0881,M0881
V0349,_
M8796,M8796
G830,G830
T1710,T171
W2972,_
D147,_
A142,_
Z4720,_
M9281,M928
T1421,T1421
D572,D572
Y407,_
Y160,_
1IO9,_
2960,_
4180,_
M30,_
D255,_
Z548,Z548
K689,_
R420,R42
T2420,T242
L128,L128
D1760,D176
H3413,H341
L708,L708
A5403,A540
I642,I64
Q671,Q671
J95,J959
Q473,_
Z842,Z842
K0506,K050
F1092,F109
V689,_
Z3871,Z387
N1790,N179
P208,_
I1419,_
Q312,Q312
H04,H049
Y517,_
68,_
L987,_
O605,_
R653,R653
O4401,O440
A0101,A010
R5901,R590
R1312,R13
O8400,O840
X1499,_
Z600,Z600
N988,N988
R072,R072
M4112,M4112
F523,F523
N459A4,_
S1093,S109
S3009,S300
J935,_
J363,J36
R010,R010
G5701,G570
P58,P589
S7001,S700
R058,R05
626,_
X5902,_
J951,J951
W2909,_
T265,T265
I246,_
M9195,M9195
J913,J91
R635,R635
M8904,M8904
S6702,S670
H374,_
P3,_
H2550,_
C860,C860
S9252,S925
H518,H518
Q288,Q288
N40I1,N40
I6941,I694
K831K1,_
G4070,G407
K3520,K352
Z394,_
Q8438,Q843
R550,R55
M7591,M759
H4990,H499
Q6661,Q666
V4975,_
I1012,I10
R01,_
S253,S253
V43,_
W990,_
A8726,A872
051,_
C399M8,_
Q648,Q648
Q525,Q525
Y054,_
V375,_
J67,J679
W278,_
S08,S089
I1899,_
O0342,O034
G981,G98
T1310,T131
M8741,_
S5371,_
Z4660,Z466
T979,T97
S2881,_
O843,_
M8686,M8686
P0500,P050
P124,P124
M926,M926
A4240,_
O38,_
W3183,_
V331,_
M8794,M8794
S9699,S969
J760,_
T258,_
K722,_
R565,_
N6009,N600
B46,B469
D540,_
K074,K074
W409,_
X5938,_
Z4709,Z470
C843,C843
M8612,M8612
R48,_
M7001,M700
S9281,_
D4539,D45
V339,_
Z368,Z368
D071,D071
E840,E840
L3634,_
P7379,_
I390,I390
C9310,C931
B375,B375
V1249,_
H466,H46
G970,G970
T8403,T840
Z790,_
S9612,S961
X440,_
M363,M363
W32,_
R627,_
Z9999,Z999
Z3906,Z390
H3349,H334
1341,_
0323,_
W6001,_
M8438,M8438
M1257,M1257
G721,G721
W3182,_
I1209,I120
W038,_
W204,_
T0499,T049
O382,_
L028S,_
G613,_
R244,_
O257,O25
F409,F409
F43,F439
I2000,I200
T0230,T0230
O3911,_
A1622,A162
K2080,K20
N8092,N809
S7512,S751
D190,D190
P25,_
R129,R12
C101,C101
D2691,D269
M802,M802
M8082,M8082
A187,A187
I4800,I48
L731,L731
B580,B580
I237,_
Z0000,Z000
000D,_
Z3018,Z301
T14I,_
E0800,_
H690,H690
J1,_
L842,L84
Z891,Z891
K161,_
B319,_
Z316,Z316
K8550,_
V4394,_
W699,_
T2102,T210
V2354,_
S1180,S118
V2048,_
V1248,_
Y20,_
I7392,I739
D1809,D1809
O332O,_
O339O8,_
V1949,_
D277,D27
M7609,M7609
O616,_
X592,_
W169,_
S13,_
S133,S133
M1899,M189
Z7899,_
971,_
L575,L575
P596,_
L87,L879
J239,_
N193,N19
C149,_
E142N,_
0109,_
I2110,I211
K8019,K801
N255,_
T0002,T000
S3231,S3231
T782T8,_
K6421,_
M4029,M4029
S7344,_
K7500,K750
Q7809,Q780
E978,_
H7091,H709
M2544,M2544
G520,G520
D736,_
G309F00,_
G34,_
N479,N47
D2210,D221
D841,D841
M8101,M8101
P631,_
I6394,I639
G4676,G467
J0603,J060
N7131,_
E560,E560
Z3520,Z352
I294,_
M3602,M360
E1490,E149
V490,_
O3689,O368
P0710,P071
949,_
D2329,D232
M4989,M4989
L745,_
M8281,M8281
V2144,_
O0O0,_
M229,M229
O9928,O992
O1010,O101
H1144,H114
N640,N640
P05,P059
O70O,_
O2683,O268
T0241,T0241
J3291,J329
L9892,L989
M068,M068
W1309,_
W4582,_
S748,S748
W2708,_
I1110,_
M362,M362
H3191,H319
P625,_
K5150,K515
D3711,D371
P0013,P001
Z869,_
W257,_
T741,T741
K2291,K229
K17,_
W4530,_
E025,E02
M7192,M7192
H6320,_
I661,I661
K8024,K802
O703Z,_
Z301Z,_
V1989,_
O9800,O980
M7489,_
O21,O219
S962,S962
G29,_
D2352,D235
N185N,_
N1888,N188
G245,G245
L719,L719
K2211,K221
D3810,D381
M9999,M9999
Z428,Z428
E0395,E039
C8330,C833
Z4700,Z470
Z9815,Z981
Y5,_
5145,_
Q452,Q452
E1147,E114
H5911,_
F071,F071
A0O9,_
W049,_
I398,I398
D9681,_
O4112,O411
K4601,K460
0899,_
A514,A514
B821,_
S2611,_
X583,_
Z729,Z729
Q104,Q104
C3000,C300
V821,_
W3349,_
M1527,M152
S0103,S010
I109N2,I10
H569,_
B338,B338
M8797,M8797
S9170,S917
T2521,T252
J808,J80
O8940,O894
K144,K144
N0307,N030
H1022,H102
A30,A309
Z9331,Z933
V863,_
Y180,_
A101,_
S3201,S3201
J818,J81
E7450,_
K2947,K294
W501,_
X100,_
O398,_
0240,_
1210,_
M5599,_
5860,_
S8328,S832
N644,N644
K5090,K509
H3012,H301
M2107,M2107
C7103,C710
O633,_
L53,L539
D4100,D410
I2571,_
S6801,S680
R746,_
H0454,H045
H44,H449
D647,_
A36,A369
J814,J81
M8899,M8899
9640,_
R232,R232
S9800,S980
T005,_
W599,_
S9080,S9080
I1200,I120
M192,M192
R639,_
Z8503,Z850
85,_
H0402,H040
M8610,M8610
I261,_
E0781,E078
0185,_
X769,_
T2020,T202
O35,O359
C2200,C220
Y190,_
R1043,R104
Q188,Q188
100,_
S139,_
Z309P209,_
M152,M152
M6525,M6525
M435,M435
Z01211,Z012
M4155,M4155
1638,_
O689O3,_
H62,_
M02,M029
X9598,_
E2820,E282
K6602,K660
M9030,M9030
D2431,D24
W5001,_
V174,_
W,_
K159,_
Z8674,Z867
L9791,L97
O161,O16
M1044,M1044
K8067,_
M9773,_
J4990,_
O8019,O801
W1939,_
S657,S657
M31,M319
M0296,M0296
L5741,L574
Z562,Z562
Q622,Q622
A638,A638
D4805,D480
849,_
I6391,I639
N5601,_
V194,_
S5225,S522
M841S1,_
N189\5,_
K669C,_
S532,S532
C351,_
M8569,M8569
L0203,L020
K878,_
I124,_
J9840,J984
W7099,_
M7170,_
C461,C461
M8730,M8730
X239,_
A1160,_
G22,G22
8089,_
O8069,_
O6014,O601
S511,S511
V3296,_
K2100,K210
Z298,Z298
J3871,J387
Z520,Z520
Z3744,Z374
F115,F115
Z765,Z765
3500GRAMS,_
A876,_
S4681,S468
Z1314,Z131
D284,_
Y533,_
I115,_
E0450,_
I8700,I870
T118,T118
I1009,I10
Z4671,Z467
Z4670,Z467
1234,_
F160,F160
T262,T262
A852,A852
0030,_
J6935,_
Y159,_
M1180,M1180
K397,_
N621,N62
D3704,D370
Q754,Q754
S5213,S521
J845,_
Q784,Q784
S458,S458
M01X7,_
K8689,K868
L9720,L97
Q8,_
I2570,_
N7689,N768
O835,_
K0981,K0981
M6582,M6582
O213,_
L242,L242
V04,_
N850N,_
E142NO8,_
J1792,_
N2300,N23
K2922,K292
S7252,_
S1281,S1281
T892,_
P471,_
I1196,I119
J3200,J320
K024,K024
W125,_
H1701,H170
E8770,E877
N090,_
X1293,_
W8509,_
O339O3,_
M8420,M8420
F984,F984
M9300,M930
Q5561,Q556
S7002,S700
S6124,_
E1402,E140
K5666,K566
B824,_
F413,F413
S9590,S959
B390,B390
O9950,O995
I5180,I518
I030,_
S6020,S602
F173,F173
B679,B679
M980,_
Q3092,Q309
R510,R510
E958,_
C93,C939
H369,_
D486M8000/1,_
3320,_
J833,_
E080,_
T8765,T876
N252,_
S189,S18
V0414,_
H910,H910
Y436,_
L0223,L022
T351,T351
O521,_
L0889,L088
H5051,H505
M1100,M1100
Y69,_
Q7211,Q721
M6184,_
J991,J991
E186,_
E706,_
K0351,K035
W183,_
O8091,O809
O998O,_
E761,E761
B9691,_
H2631,H263
Z4803,Z480
N3902,N390
M1600,M160
M5425,M542
J4501,J450
N892,N892
K197,_
H5441,H544
W3488,_
S6814,S681
J190,_
M9860,_
R296,R296
P0258,P025
N50,N509
F175,F175
G89,_
M4640,M4640
E682,E68
K071,K071
M8081,M8081
A304,A304
H6110,H611
S6292,_
V2398,_
5064,_
S9257,S925
N8229,N822
M4308,M4308
L9230,L923
Z288,Z288
M2541,M2541
O007,_
S0604,S060
M4626,M4626
E460,E46
D3700,D370
H5081,H508
V2969,_
D41,D419
D272,D27
B057,_
I5083,_
S5344,S534
I706,_
S6742,_
M4020,M4020
J034,_
0332,_
M0604,M0604
O0809,O080
0421,_
H029O,_
Z0152A1,_
4760,_
P69,_
G449,_
S0183,S018
S5183,S518
M2554,M2554
V8920,_
X0099,_
M4798,M4798
Y8999,_
M1095,M1095
F880,F88
M2591,M2591
X926,_
O698IXO,_
Z9350,Z935
W0121,_
K392,_
K939,_
M323,_
H9519,H951
N901,N901
K5661,K566
S8232,S823
M9812,_
S9650,_
O895,O895
N1711,N171
T8180,T818
O0210,O021
M7818,_
K6517,_
T056,T056
N1879,_
N0311,N031
R43,_
D3192,D319
K6384,K638
D2250,D225
C5051,C505
J0180,J018
K5541,_
H3110,H311
M108,_
C4A9,_
Z0152,Z015
O6911,O691
N6358,N63
I416,_
K5610,K561
O8410,O841
Y3565,_
Z435,Z435
N8353,N835
Q665,Q665
S4243,S424
S5511,S551
S4070,S407
S6030,_
N0805,N080
C762M,_
K308,K30
T052,T052
519,_
H3142,H314
O4104,O410
J888,_
S6044,_
J3880,_
Z4191,Z419
T214,T214
W2290,_
O549,_
S0242,S024
M248,M248
W551,_
M7048,M704
S093,_
V4861,_
S848,S848
T101,T101
N1785,N178
I6940,I694
C4687,C468
I8880,I888
O8230,_
A222,A222
H47,_
R761,R761
E0952,_
L18,_
Q712,Q712
0063,_
081,_
T9825,T982
V0298,_
319,_
J3102,J310
P385,P38
I450,I450
O0346,O034
K2609,K260
C909,_
S470,S47
M782,_
M5187,M518
C755,C755
F049,F04
M875,_
R805,R80
W1992,_
S4680,S468
S4420,S442
D574,_
M2010,M201
L850,L850
L298,L298
D765,_
E219,_
E952,_
Q721,Q721
S297,S297
X619,_
A1803,A180
368,_
X5030,_
C49A0,_
Z371O,_
G3P3,_
S2560,_
N390N1,_
S5782,S578
L650,L650
D199,D199
X470,_
S0652,S065
R5868,R58
S8103,S810
M6210,M6210
M8896,M8896
T771,_
O0600,O060
T0061,T006
S9990,S999
O356,O356
Z532,Z532
B602,B602
I7390,I739
X309,_
R89,R899
Q725,Q725
S8662,_
M252,M252
B58,B589
Y473,_
I1495,_
D2592,D259
F145,F145
G9790,G979
L7205,L720
M8646,M8646
S2415,S241
F1033,F103
M4109,M4109
M2121,M2121
C5096,C509
30,_
N2581,N258
O930,_
K039,K039
0341,_
S060X0A,_
H0442,H044
M524,_
W3163,_
S9682,S968
W2209,_
O9953,O995
M2542,M2542
V3099,_
C956,_
Y2199,_
D013,D013
Z3908,Z390
S275,S275
Q418,Q418
S5341,S534
P340,_
J284,_
S2341,S234
Z4672,Z467
Z4880,Z488
Z4679,Z467
Z4702,Z470
Q520,Q520
Q515,Q515
Y5982,_
M4629,M4629
D54,_
I2002,I200
H9881,_
M0999,_
A1962,_
M4329,M4329
S8981,S898
M849,M849
T6021,T602
Z9890,_
B302,B302
Q8700,Q8700
Z8671,Z867
M364,M364
T3645,T364
S368S,_
N9081,N908
Z179,_
L530,L530
W0139,_
S8702,S870
R751,R75
O9108,O910
Z01213,Z012
Z01212,Z012
Z0141CC,_
F428,F428
I970,I970
J3821,J382
D1621,D162
M2001,M200
O840Z,_
I154,_
E717,_
M8508,M8508
T2211,T221
1215,_
A299,_
H1607,H160
S4203,S420
S0288,S028
X8999,_
L044,_
H230,_
S19,S199
S552,S552
I1438,_
B0539,B053
R897,R897
S6223,S622
T2141,T214
Y33,_
C372,C37
H12,_
P500,P500
H1891,H189
M6711,M6711
M2670,_
S6402,S640
U847,_
K218,_
M8319,M8319
H249,_
N150,N150
S6014,S601
O2405,O240
O820Z9,_
O4105,O410
C5415,C541
I2575,_
816,_
032,_
C591,_
S271S0,_
5883,_
K4491,K449
H25O,_
I259C,_
J9691,J969
M9432,M9432
I732,_
H620,H620
G139,_
Q142,Q142
X67,_
E861A,E86
T508,T508
S9304,S930
C6490,C64
S9691,S969
I924,_
T854,T854
M023,M023
P0717,P071
O850,O85
M5322,M5322
F180,F180
MCP0,_
J945,_
X1663,_
I129Z,_
N5089,N508
R7611,R761
H0259,H025
F3164,F316
S9689,S968
T743,T743
S3019,S301
F133,F133
E7800,E780
R353,R35
T498,T498
L911,_
P806,_
I867,_
M7926,M7926
0390,_
L098,_
S2205,S220
S2206,S220
C7921,C792
B0621,_
K423,_
I668,I668
H531,H531
T2000,T200
N9953,N995
I892,_
I33,I339
E8339,E833
H1039,H103
D740,D740
E151,E15
D466,D466
M6598,M6598
O244Z,_
V62,_
L234,L234
W67,_
Y21,_
M7130,M7130
O389,_
H70,H709
0210,_
W0808,_
N9439,N943
X780,_
R142,R14
H133,H133
M7996,M7996
Z3900,Z390
C9210,C921
Y3390,_
T5199,T519
D458,D45
Z4582,Z458
Y830,_
A0691,A069
H4191,_
W1748,_
M7159,M7159
Q2731,Q273
S880,S880
Z0141A,_
M4385,M4385
79642,_
M4119,M4119
Z857,Z857
H420,H420
R315,R31
P093,_
C613,C61
N8585,N858
H20,H209
M840S6,_
M511DAGGER,_
I1250,_
C499M,_
V4869,_
1498,_
I4590,I459
K4191,K419
M4124,M4124
Q877,_
P1280,P128
S9610,S961
M2557,M2557
Z2370,Z237
E6609,E660
O844,_
M0092,M0092
N956,_
X0,_
V2019,_
793,_
F4325,F4325
K947,_
B641,B64
P555,_
Z979,_
S6861,_
S5282,S528
S4002,S400
T0049,_
V95,_
E412,E41
B0781,B07
M9521,M952
R022,R02
M7030,M7030
S0980,S098
M9132,M913
S28,_
R4701,R470
S2171,S217
I496,_
L939,_
O9123,O912
M6223,M6223
M7285,M7285
H2571,_
0711,_
K234,_
Z0280,Z028
Z0288,Z028
O076,O076
237,_
J952,J952
I48X,I48
Q43,Q439
I7029,I7029
M9946,M994
J0696,J069
G089,G08
H7102,H71
T415,T415
Z0156B2,_
E1035,E103
B699,B699
M7254,M7254
M9951,M9951
L649,L649
S8401,S840
A513,A513
Z374O,_
O793,_
S78,S789
0541,_
D4609,D460
A662,A662
Z194,_
A0993,A099
M4920,M4920
S2270,_
B34B,_
A115,_
Z4118,Z411
O404,O40
W548,_
R8299,R829
V691,_
V2934,_
K307,K30
Q6681,Q668
E5509,E550
Q241,Q241
Q7419,Q741
O9905,O990
N0859,N085
D313,D313
Q773,Q773
Z993,Z993
T2125,T212
V2891,_
M8607,M8607
E5,_
S1070,S107
J212,_
M2445,M2445
I205,_
M7941,M7941
S1010,S101
0792,_
G501,G501
S3739,S373
Y534,_
W2383,_
Z180,_
O13Z,O13
T2781,_
O5042,_
T2100,T210
O1392,O13
C115,_
M4182,M4182
K30X,K30
D2791,D27
B480,B480
M27,_
A678,_
J1841,_
G61,G619
H621,H621
K8112,K811
R113,R11
G1227,G122
M8684,M8684
Z3140,Z314
O424,_
M1914,M1914
0337,_
M8556,M8556
N1512,N151
T2461,T246
0480,_
I001,I00
M8102,M8102
A201,A201
S8400,S840
X1262,_
F012,F012
A790,A790
S4109,S410
Q5320,Q532
H6002,H600
T189XXA,_
34477,_
12931,_
00000000,_
CR0092,_
C61M8010/3,_
F106,F106
M302,M302
59820,_
B5892,B589
H1640,H164
H1641,H164
Q402,Q402
D497,_
D07,_
M762,M762
I500O,_
P0119,P011
E1069,E106
O80I,_
S9551,_
F1999,F199
S948,S948
V300,_
E1364,E136
D860,D860
B568,_
S5199,S519
P756,P75
O215,_
N734,N734
K067,_
0346,_
Q769,Q769
W508,_
08OO,_
7302,_
7303,_
M21,M219
D7361,_
L179,_
D063,_
T2431,T243
E313,_
O733,_
A032,A032
H0453,H045
9582,_
Z9852,_
I07,I079
I213A,_
V2895,_
S522Y2,_
J92,J929
K328,_
V4809,_
U828,_
W3189,_
E721,E721
N4599,N459
O2341,O234
Z4901,Z490
L766,_
W6730,_
E712,E712
M957,_
0991,_
S7271,S7271
H5030,H503
D2360,D236
Z719,Z719
M2182,M2182
G643,G64
S6224,S622
K369,K36
S037,_
D6990,D699
L533,L533
W7498,_
W0191,_
M076,M076
M2539,M2539
S227,_
W1330,_
L704,L704
E132N08,_
Q930,Q930
H728,H728
K245,_
L238,L238
X669,_
Z731,Z731
S2661,_
P04,P049
A3790,A379
A208,A208
L669,L669
D061,D061
Y526,_
H4731,H473
M8390,M8390
2366,_
K540,_
S353,S353
H36O,_
D178,_
J2119,J211
I887,_
N5081,N508
D831,D831
O4292,O429
N9390,N939
H4110,_
M4990,_
C745,_
0288,_
I7023,I702
O0244,_
O90,O909
V2957,_
I3,_
A130,_
H902,H902
G63,_
Z3380,Z33
G964,_
K24,_
F0150,_
S124,_
J41,_
A0099,A009
Q766,Q766
N715,_
J838,_
H36O2,_
M9707,_
P544,P544
237O,_
238O,_
L0213,L021
G693,_
Y937,_
A146,_
Z99,Z999
O8239,_
W6499,_
O0999,_
M9695,M969
W0809,_
S3709,S370
S0143,S014
S6135,_
Z9481,Z948
M8450,_
P664,_
K1899,_
C512,C512
D3101,D310
Q6911,Q691
M2455,M2455
Y98,_
H9381,H938
H3533,H353
600,_
G066,_
I223,_
I47,I479
K064,_
A082,A082
M8912,M8912
H080,_
M1782,_
C5600,C56
K6628,_
9099,_
N6620,_
B788,B788
S8330,S833
J221,J22
X7699,_
K110,K110
H198,H198
4A,_
Z3670,_
O689O,_
Y8599,_
S6719,_
T1550,_
N634,N63
N510,N510
V0242,_
A962,A962
V5099,_
X7008,_
Y519,_
V329,_
0610,_
N185NO59,_
H3400,H340
A710,A710
M8961,M8961
F06,F069
W232,_
M8682,M8682
N1352,N135
U2298,_
C520,C52
M6264,M6264
Z4701,Z470
C352,_
O109O,_
Z3751,Z375
M9043,M9043
S412,_
0010,_
N0309,N030
Q357,Q357
J336,_
N417,_
L0920,_
B0290,B029
2430,_
M4227,_
D814,D814
3223,_
3801,_
X1509,_
P7884,P788
H0421,H042
S871,_
I7100,I710
L0,_
Q601,Q601
O473,_
E1120,E112
O0701,O070
M081,M081
N422,N422
F70,F709
X45,_
R47,_
Z361,Z361
A0999,A099
H868,_
1211,_
Y792,_
761,_
E738,E738
A749,A749
F301,F301
0983,_
C633,_
N1839,N183
Z051,_
S1121,S112
W4909,_
V269,_
H0491,H049
S696,_
2S,_
N6452,N645
K682,_
G876,_
O106,_
T0090,T009
C7380,C73
D2490,D24
H6031,H603
L9702,L97
M8425,M8425
M9486,M9486
M8735,M8735
M1615,M161
T8410,T841
T007,_
E2821,E282
D893,D893
O281,O281
V4349,_
I645,I64
080OZ38O,_
E886,_
Q62,_
B3321,B332
411,_
M9460,_
M0810,M0810
Z49I,_
I174,_
S8780,S878
Y995,_
M881,_
V0949,_
M8983,M8983
Y27,_
C859M9,_
N6302,N63
W0142,_
V837,_
C1519,C151
G462,G462
S350,S350
Z0389,Z038
E1418,E141
X789,_
H535,H535
Q838,Q838
O324O3,_
W2552,_
G719,G719
Y080,_
O098,_
T1460,T146
X33,_
J355,_
1678,_
1110,_
L662,L662
H7502,H750
2930,_
L78,_
C422,_
M8972,_
M574,_
C7090,C709
I7241,I724
R012,R012
C1891,C189
M223,M223
K5521,K552
M8773,_
H542,H542
E32,E329
I842K1,_
C819L8,_
I6012,I601
O1656,O16
Z401,_
061,_
T622X1A,_
K9189,K918
G70,G709
A6699,A669
E800,E800
T2591,_
M944,_
T472X5A,_
J377,_
M0009,M0009
T031,T031
B776,_
K516,_
N8799,N879
V1848,_
T375,T375
X1098,_
M7797,M7797
V474,_
S8022,_
S9052,_
Z3A0,_
O087,O087
V349,_
S377,S377
A970N3,_
B972,B972
C37M,C37
C391,_
S2119,S211
Z3861,Z386
B969,_
B017,_
T0210,T0210
X8499,_
Z509,Z509
S1000,S100
J9481,J948
D0470,D047
E1405,E140
N18R,_
K0011,K0011
M794,M794
N1896,N189
38,_
G96,G969
X994,_
0411,_
C1191,C119
D044,D044
Q15,Q159
I22,I229
L7218,L721
K0980,K0980
S8195,S819
T287,T287
Z0153B1,_
S099S2,_
N2055,_
1681,_
M7281,M7281
H84,_
Z585,Z585
M8841,_
O2443,O244
Q70,Q709
H7210,H721
O734,_
M5396,M5396
A661,A661
V191,_
4950,_
N8020,N802
I25I,_
0095,_
P0507,P050
N1361,N136
O270,_
32,_
C4022,C402
H3440,_
Z619,Z619
910,_
V241,_
S335XXA,_
A13,_
S5011,S501
S6022,S602
E1191,E119
F1022,F1022
R9180,R91
P37,P379
K779,_
S3422,S342
O791,_
S6891,S689
H5301,H530
J400,J40
K532,_
S8631,S863
O6214,O621
249,_
N558,_
O133,O13
F348,F348
N598,_
1709,_
N63Q,N63
H959,H959
Z0153,Z015
M2502,M2502
T59,T599
K699,_
Z237,Z237
Z497,_
K5989,K598
W4589,_
S148,_
V3264,_
R23,_
R766,_
O60O,_
E182,_
S5610,S561
Q731,Q731
O707,_
J210,J210
I469R6,_
R351,R35
Y813,_
C398,C398
Z011D,_
P940,P940
F135,F135
2K,_
Q999,Q999
J953,J953
B309HB1,_
2830,_
S6072,S607
A589,A58
S034,S034
D355,D355
W4902,_
J366,J36
K304,K30
A065,A065
N74,_
1MI9,_
S062X9D,_
S065X0A,_
E878E,_
T8879,T887
L9810,L981
M0739,M0739
S100,S100
M8744,_
W892,_
S681TYPEA,_
S6551,S655
C541M8,_
Z998,Z998
D963,_
A090J,A09
S5771,_
V694,_
W052,_
T463,T463
V929,_
V937,_
G9090,G909
M8061,_
S03,_
E0510,E051
C4020,C402
T8571,T857
C151,C151
O4141,_
L802,L80
M4117,M4117
H2320,_
C5401,C540
N9399,N939
M7601,M760
D6189,D618
S5501,S550
H,_
M7810,_
K022,K022
K1340,K1340
S5350,_
E0390,E039
T0020,T002
H3001,H300
F029,_
T2610,T261
S2172,S217
W2692,_
M804,M804
E871E,_
M494,M494
C199,C19
F1000,F1000
J083,_
N670,_
N778,N778
G2401,G240
L0830,_
Q252,Q252
T355,T355
R623,_
Z370O9,_
P073Z,_
O383,_
R0600,R060
M8555,M8555
S260,S260
K383,K383
X5913,_
L7212,L721
L9182,L918
0151,_
W078,_
M6224,M6224
D391M8000/1,_
B212,B212
Z0041,Z004
90938,_
29050,_
O6414,O641
M6244,M6244
K2981,K298
S423S,_
N629,N62
W1708,_
K787,_
N0083,N008
A969,A969
M0906,M0906
1116,_
J812,J81
H15,H159
M8552,M8552
L448,L448
N8530,N853
G574,G574
B0804,B080
P255,_
R0602,R060
C74,C749
R602,_
M058,M058
M2362,M2362
V6268,_
K6601,K660
M8104,M8104
0159,_
N9010,N901
E59,E59
K4032,K403
X8399,_
S5510,S551
O3121,O312
M76,M769
Y568,_
L9849,L984
P5999,P599
I032,_
2374,_
P0734,P073
N083E,_
N1039,N10
O7O0,_
Q1211,Q121
M7106,M7106
N3289,N328
D576,_
X0959,_
R72,R72
O141Z3,_
I653,I653
T8283,T828
H63,_
S3202,S320
J966,_
U892,_
Z269,Z269
W081,_
V681,_
K363,K36
R082,_
F1208,F120
B007,B007
H9380,H938
O379,_
T7401,T740
H3423,H342
C4398,C439
Q1000,Q100
H628,H628
Z315,Z315
R40,R409
T1415,T141
C487,_
H370,_
H130,H130
E0502,E050
O664Z,_
N8382,N838
N9085,N908
J3382,J338
CR4677,_
Q034,_
J351G1,_
H4212,_
M175,M175
D30O,_
M4389,M4389
B298,_
X392,_
M4898,M4898
W4962,_
V824,_
T805,T805
I6332,I633
I8020,I802
M2160,M2160
C524,C52
H640,_
N0139,N013
K398,_
V7099,_
S4142,_
K6191,_
H6190,H619
W1778,_
W0193,_
P74,P749
T9088,T908
H935,_
E678,E678
T17O,_
T98,_
W2269,_
O7800,_
K406,_
J3211,J321
H364,_
Q1790,Q179
T1461,T146
M0112,M0112
M4296,M4296
L5102,L510
Y9279,_
Z491URE,_
95,_
Z3922,Z392
S29,S299
V829,_
870,_
M106,_
O0012,O001
S8271,S8271
J3381,J338
N989,N989
Q612Z,_
N1894,N189
F143,F143
M8898,M8898
K288,_
L322,_
J3395,J339
A033,A033
B780,B780
M7661,M766
O800O9,_
W1795,_
Z845,_
M972,_
Q659,Q659
Z1232,Z123
B928,B92
K06,K069
D959,_
Z276,_
M261,_
S0172,S017
W24,_
N8400,N840
A620,_
I8222,I822
P2592,_
H2,_
J529,_
Q408,Q408
W0118,_
H816,_
K093,_
R738,_
N8140,N814
M010,M010
N204,_
V4369,_
V780,_
N1371,N137
N18\,_
C541MT,_
C5880,C58
B1919,_
L71,L719
X691,_
M9820,_
P2200,P220
D669,D66
O4200,O420
X5939,_
E1190,E119
M1031,M1031
F400,F400
Z688,_
W072,_
K791,_
J361,J36
O8909,O890
T3000,T300
W1389,_
W195,_
Y905,_
Z3869,Z386
B853,B853
H242,_
0152,_
N55,_
I24D,_
B450,B450
L9700,L97
T9210,T921
E0415,E041
460,_
M43,M439
S426,_
M8920,M8920
K736,_
M1651,M165
Y65,_
F4320,F4320
V680,_
K0520,K0520
N185NO83,_
K5601,K560
E913,_
Z9582,Z958
W5911,_
I423,I423
E60,E60
G916,_
D250M8,_
X980,_
W2272,_
W1388,_
0438,_
R0789,_
C878,_
S513,_
W741,_
S2732,S273
M9362,_
Z30430,Z304
L279,L279
L574,L574
W3444,_
N1739,_
T8286,T828
E0143,_
M243,M243
E8601,E86
T6080,T608
K1220,K122
W5130,_
Z746,_
J1189,J118
0809Z3,_
P578,P578
J8691,J869
W110,_
M2350,M2350
S3290,_
S0658,S065
1024,_
1023,_
M240,M240
C079,C07
B414,_
C883,C883
M1814,M181
H7010,H701
Q,_
S0004,S000
H2821,H282
G711,G711
I726,_
M9604,M960
Q00,_
Q453,Q453
M2389,M2389
Q984,Q984
C5369,_
S6601,S660
S5601,S560
D1650,D1650
S3289,S328
M6284,M6284
S0561,S056
S803,_
K1181,K1181
V63,_
W68,_
5624,_
K8005,K800
Q148,Q148
C3,_
X66,_
T1581,T158
D858,_
E134,E134
O9911,O991
D573,D573
Q6412,Q641
I4519,I451
B500,B500
H582,_
E981,_
S691,_
O782,_
M0608,M0608
CR0003,_
B892,B89
O601O0,_
V233,_
S8360,S836
M8361,_
L800,L80
M9390,M9390
I625,_
V8904,_
N688,_
H9811,_
J4200,J42
M4835,M4835
S5672,S567
W2902,_
S95,S959
X5940,_
9599,_
W441,_
N4340,N434
D3161,D316
N4883,N488
E2878,_
I274,_
V2159,_
B92,B92
C920M9,_
H54,H549
H3589,H358
H3579,H357
D486D,_
H6021,H602
5398,_
T0231,T0231
T9410,T941
S881,S881
W016,_
E1146,E114
L7390,L739
B988,_
L724,_
M0684,M0684
L9811,L981
L64,L649
J017,_
H541,H541
A1501,A150
E443,_
A4999,A499
E74,E749
T92,T929
T341,T341
618,_
Q1700,Q170
O6011,O601
Q7401,Q740
M399,_
72,_
H2508,H250
N41,N419
B959,_
C3410,C341
Q65,Q659
V111,_
NSDOI,_
A802,A802
D185,_
O9851,O985
M421,M421
V2044,_
G5790,G579
L9010,L901
T1402,T140
Q938,Q938
N039N,_
D24N0,D24
D0331,D033
H031,H031
H6132,H613
Y575,_
D49,_
5390,_
R3224,R32
M7109,M7109
V2314,_
Q1412,Q141
S3119,S311
E369,_
S609TYPEA,_
S828TYPEA,_
H5060,H506
K530,_
I68,_
V483,_
M475,_
Z898,Z898
S2430,S243
Q6101,Q610
D1631,D163
S8362,S836
A69,A699
R226,_
K6031,K603
H312,H312
C4100,C4100
A609,A609
L5090,L509
Y446,_
0824,_
C7880,C788
H6790,_
M8761,_
K375,K37
H721,H721
S2520,S252
D0502,D050
0392,_
L0400,L040
A1805,A180
N165,N165
S5891,S589
K905,_
K2638,K263
H3309,H330
J934,_
L895,L89
Q028,Q02
S4902,_
M9360,_
S0301,S030
S2170,S217
M090,M090
S8246,S824
V6848,_
V42,_
339Z,_
H2596,H259
Z01214,Z012
A302,A302
C780M8010/6,_
T206,T206
H1851,H185
M2556,M2556
Q009,_
O8207,O820
E217,_
T2331,T233
S246,S246
M2301,M2301
J141,J14
V8221,_
H2595,H259
O59,_
M9536,M953
D654,D65
B822,_
X5008,_
M9503,M950
Y0408,_
X5900,_
N4921,N492
H930,H930
T8332,T833
W35,_
J1981,_
X5891,_
M838,M838
J1081,J108
A5216,A521
P630,_
K576,_
M2166,M216
O28,O289
M8196,M8196
H2801,H280
M188,_
C4931,C493
O20O,_
I179,_
M8809,M880
0D,_
M8598,M8598
J211,J211
D1510,D151
E1411,E141
H1792,H179
R573,_
J602,J60
C4452,C445
S528S2,_
M8959,M8959
O2359,O235
K695,_
0140,_
K0063,K0063
02,_
M8647,M8647
E403,E40
T1792,T179
M9194,M919
3490,_
M815,M815
K922K,_
O339Z,_
Q812,Q812
Q879,_
W6899,_
S4692,S469
M7966,M7966
Z069,_
S725,_
V595,_
D6385,D638
1950,_
90P35,_
L0887,L088
7100,_
O817,_
K553,_
E742,E742
S6002,S600
N40I,N40
O4440,_
S6802,S680
W1798,_
H3202,H320
T973,T97
S3908,S390
S34,_
W1922,_
F204,F204
L410,L410
W646,_
H9199,H919
Z580,Z580
8088,_
W3202,_
5796,_
M5489,M5489
M536,_
J4505,J450
2302,_
K968,_
K9173,_
L51,L519
G5761,G576
S2591,S259
M8385,M8385
B026,_
H270H1,_
S0264,S026
E0923,_
K5665,K566
K559K5,_
C7641,C764
M1612,M161
S4304,S430
S6329,S632
S0005,S000
S2030,S203
C7956,C795
03,_
Y836,_
D417,D417
H4015,H401
D2390,D239
D4340,D434
O3432,O343
S3104,S310
M2661,_
781,_
P08I,_
C3509,_
E445,_
M2332,M2332
M9425,M9425
W1489,_
Y61,_
M8095,M8095
C0388,_
E872N,_
S547,S547
Q516,Q516
R0290,R02
V8429,_
Z802,Z802
M6690,_
Z614,Z614
V789,_
X513,_
S580,S580
F553,F553
K390,_
O4593,O459
R682,R682
M7792,M7792
N8999,N899
10400,_
CR0123,_
C476,C476
F422,F422
1960,_
N9530,N953
A099E8,A09
C550,C55
S8323,S832
G941,G941
A1839,A183
M9652,M965
Z232Z0,_
K8043,K804
0759,_
Z9360,Z936
I2009,I200
M1308,M1308
V6948,_
M6649,M6649
W0320,_
T8462,T846
M7795,M7795
W591,_
Y040,_
0091,_
R842,R842
K2913,K291
Y356,_
C1639,C163
S07,S079
D2599,D259
P07I,_
I500T2DM,_
T8181,T818
Z109,_
M77,M779
V2320,_
W147,_
E1442,E144
Z732,Z732
S0593,S059
Y9369,_
U899,U899
J9130,J91
S6817,S681
C6321,C632
W225,_
W227,_
A0641,A064
M2402,M2402
J4588,J458
H2155,H215
K302,K30
A45,_
M206,M206
0694,_
I7103,I710
K3169,K316
M6343,_
V8991,_
D6439,D643
I2180,_
2497,_
M2102,M2102
Q987,Q987
H5314,H531
W89,_
D116,_
50,_
R632,R632
V9899,_
O6540,O654
S5050,_
S6372,S637
O334XX0,_
J4791,J47
J8410,J841
G9349,G934
T1931,T193
W9999,_
B3690,B369
O4590,O459
J85,_
H1583,H158
C8516,C851
T9301,T930
Q44,_
S3559,S355
I4540,I454
S180,S18
W1342,_
D3100,D310
I432,I432
Q686,_
T1512,T151
B940,B940
W0128,_
S0139,S013
K5159,K515
Q526,Q526
350,_
N2105,N210
5788,_
S0041,S004
O0929,_
Q2521,Q252
S7081,S7081
9071,_
T8414,T841
8951,_
O8020,_
M8603,M8603
O342Z,_
A0690,A069
D2150,D215
R200,R200
H151,H151
Z0370,_
P264,_
O929,_
T114,T114
Z493,_
E8676,E86
A0990,A099
W188,_
S989,_
S7982,S798
S64,S649
H635,_
Z5511,Z551
C474,C474
H5009,H500
L8911,L891
L8951,L89
S0616,S061
G535,_
O7222,O722
0670,_
140,_
O9961,O996
O2242,O224
J8193,J81
B809,B80
M9182,M918
G966,_
M6717,M6717
T8400,T840
A1680,A168
I4581,I458
M1062,_
A566,_
K916,_
S0108,S010
R239,_
N2102,N210
L9710,L97
S759,S759
K333,_
J523,_
M9640,M964
Q11,_
K799,_
C813,C813
I6011,I601
K6282,K628
H0490,H049
A358,A35
N6691,_
D1431,D143
M7938,M7938
J3209,J320
Y566,_
C1898,C189
D0108,D010
Z1819,_
K5790,K579
W99,_
T1601,T16
S3102,S310
O622Z,_
Z301O,_
V64,_
021,_
H411,_
K672,K672
N077,N077
Y901,_
V406,_
1900,_
K412,K412
A16N,_
M8951,M8951
W0194,_
R2981,R298
N6082,N608
K2196,K219
N1109,N110
M7542,M754
K247,_
I101N,I10
X1403,_
M4116,M4116
M0109,M0109
I1842,_
6911,_
M9981,M9981
J618,J61
419A,_
H536,H536
M0805,M0805
H2920,_
4405,_
J0309,J030
X5803,_
F51,F519
V582,_
O960,O960
0645,_
L5099,L509
W2493,_
M7103,M7103
O6520,O652
O2350,O235
X90,_
C066,_
I8455,I845
034,_
J0181,J018
E8781,E878
J9420,J942
S491,_
M4887,M4887
M9573,_
N720,N72
M49,_
Z9904,Z990
1609,_
V3249,_
M0800,M0800
V6048,_
O995Z,_
D4989,_
I050I,_
M8,_
M8991,M8991
M7801,_
V533,_
L986,L986
Y522,_
E48,_
A26,A269
G043,G043
S774,_
W1827,_
L701,L701
T1302,T130
C758,C758
Z125,Z125
P8008,P800
G9,_
Z088,Z088
B109,_
X539,_
O4321,O432
Y801,_
K2910,K291
R248,_
M1971,_
X5830,_
S8141,_
T043,T043
G53,_
C5700,C570
L6071,_
M8146,M8146
W181,_
D307,D307
C842,C842
K698,_
C3431,C343
X494,_
Z11,Z119
V193,_
K525,_
T2311,T231
Z2246,Z224
K5218,K521
T0032,T003
S6510,S651
V841,_
W452,_
S9011,S901
O998Z,_
O6008,O600
00Z,_
O821O,_
X89,_
V21,_
V2842,_
X3,_
H1264,_
O2352,O235
S6612,S661
S47,S47
L9881,L988
8808,_
S0909,S090
W999,_
T3103,T310
M781,_
0060,_
T228,_
A001,A001
C379,C37
A881,A881
A9250,_
K690,_
A307,_
I949,_
R5687,R568
M7758,M775
P698,_
I1043,I10
X8909,_
W2073,_
E1491,E149
H9520,_
W606,_
M4996,_
Z313,Z313
R3703,_
D1500,D150
H4730,H473
E28,E289
M1890,M189
M498,M498
C8091,C809
O746,O746
N876,_
M0399,_
M8019,M8019
M8789,M8789
H480,H480
M9424,M9424
C5111,C511
I5090,I509
M6030,_
M6545,M654
G4000,G400
G5604,G560
L0232,L023
T336,T336
A1972,_
Z146,_
D6409,D640
S805,_
H906,H906
H0522,H052
M9851,_
M9230,M923
G601,G601
V8499,_
Z8971,Z897
E1157,E115
O0234,_
309,_
V250,_
322,_
O990O,_
O800O,_
I068,I068
B051J171,_
Y513,_
Q651,Q651
S5274,S527
A660,A660
V446,_
V434,_
B538,B538
O0064,_
J189E,_
G567,_
W0754,_
C509C,_
S0636,S063
N184N,_
R358,R35
C005,C005
W748,_
B3691,B369
D664,D66
M9142,_
Z508,Z508
M137,_
T3030,T303
S3163,_
K238,K238
M4801,M4801
G892,_
O0540,O054
B902,B902
D170\6,_
O244O,_
Z372O,_
S1412,S141
H3103,H310
B119,_
K2580,_
I1129,_
V479,_
W4948,_
N300J,_
M7100,M7100
E361,_
O4190,O419
S4104,S410
T97,T97
S8249,S824
J9181,J91
A462,A46
E192,_
N8551,N855
S6611,S661
T329,T329
M820,M820
Z206,Z206
D785,_
H6101,H610
K193,_
M8971,_
Z9103,Z910
H4992,H499
W5109,_
F32,F329
G4391,G439
A0199,_
W185,_
N385,_
R800,R80
551,_
M3211,M321
D494,_
Y778,_
J887,_
O8007,O800
Z186,_
K8081,K808
E380,_
X1628,_
X9944,_
O149Z,_
Y609,_
K6801,_
Z880,Z880
O0902,_
H606,_
S4352,S435
C61MT,C61
S4212,S421
S9903,_
P212,_
H7380,H738
K019,_
J0301,J030
N6100,N61
E421,E42
P0080,P008
L9188,L918
062,_
Z1112,Z111
C6292,C629
O157,_
M308,M308
N3590,N359
M4110,M4110
D2211,D221
O958,O95
L0283,L028
M1220,M1220
D20,_
N127,N12
N4335,N433
K6205,K620
I2,_
W223,_
Z9849,_
J487,_
B69,B699
C887,C887
M1037,M1037
K2920,K292
I2720,I272
S8228,S822
S8324,S832
S9161,_
P175,_
O9890,O989
O13O,O13
O60Z,_
638,_
S822S,_
O337Z,_
M852,M852
Z0151C1,_
D518,D518
S702,_
J889,_
P542,P542
W02,_
M221,M221
W1790,_
G4051,G405
W7430,_
988,_
I1310,I131
O0060,_
E1116,E111
L572,L572
D48M,_
W85,_
T024,T024
C6990,C699
6200,_
D418,_
E1050,E105
W05,_
I8281,I828
H6192,H619
X4608,_
Q662,Q662
Z792,_
A499A,_
I5022,_
M4654,M4654
M9054,M9054
Q053,Q053
A62,_
K0690,K069
S9280,_
P354,_
M08,M089
H554,H55
S8551,S855
H5201,H520
L872,L872
M8O1O3,_
N51,_
M8414,M8414
H212,H212
Q835,_
T04,T049
H3438,_
M8458,_
I1050,I10
I1071,I10
V9725,_
O8100,O810
D801,D801
P688,_
B2968,_
O688O,_
P2981,P298
W4908,_
E698,_
F187,F187
O447,_
K1091,K109
Z01215,Z012
CR1368,_
0119,_
6987,_
C354,_
M499,_
G30I,_
J978,_
F0281,F0281
M376,_
1809,_
T8351,T835
N0399,N039
X1725,_
C460,C460
W0708,_
E861N3,E86
S4247,S424
I565,_
P373,P373
S1340,S134
W1852,_
O68I,_
O3422,O342
041,_
W1019,_
W3291,_
Z718,Z718
F570,_
M065,_
Z827,Z827
D3601,D360
L0304,L030
B873,B873
G324,_
T8132,T813
V040,_
H2516,H251
509,_
Z408,Z408
Y536,_
3312,_
M500DAGGER,_
M2432,M2432
N07,N079
M7905,M7905
O3645,O364
H9451,_
H257,_
I222,_
Z5090,Z509
W0894,_
O3220,O322
M9906,M9906
S0663,S066
Z707,_
Q4461,Q446
W102,_
V3769,_
T8031,T803
K833K,_
O731O,_
O756O,_
Y514,_
V5989,_
R595,_
O66,O669
9034,_
D42,D429
T8349,T834
M34,M349
H0403,H040
S8900,_
R401,R401
892,_
K80I,_
W0114,_
W0694,_
W1321,_
V262,_
R299,_
H0258,H025
N669,_
H7381,H738
L944,L944
Z855,Z855
S5651,S565
I1299,I129
S3129,S312
V4988,_
T8141,T814
R4583,R458
H4611,H46
M270,_
O2671,O267
Q321,Q321
N269,N26
M5392,M5392
D6491,D649
K8215,K821
V580,_
I39,_
B251,B251
N704,_
J255,_
O7021,O702
V1244,_
J731,_
O2440,O2440
36,_
V843,_
E1403,E140
A820,A820
359,_
O267,O267
N7928,_
J0000,J00
M2401,M2401
B75,B75
K814,_
M8504,M8504
W2292,_
N0873,_
C847,C847
C795M,_
J960JI,_
B059A,_
O6861,_
0830,_
P0719,P071
V011,_
P2409,P240
P0349,P034
P801,_
X586,_
S158,S158
T430,T430
M7250,M7250
O299,O299
W2798,_
M6500,M6500
M0060,_
H698,H698
X635,_
K212,_
D266,_
M9240,M924
I101H,I10
R395,_
J36X,J36
G509,G509
S7119,S711
O6550,O655
I2119,I211
S914,_
O701O,_
O991Z,_
O702O,_
L845,L84
V796,_
Z083,_
Y2898,_
H4989,H498
Z4789,Z478
N229,_
C509T,_
B3320,B332
S425,_
E309,E309
R4687,R468
T0121,T012
W3188,_
R3912,R391
N2009,N200
C891,_
M7013,M701
W265,_
M9520,M952
H253,_
A50,A509
H2525,H252
J149,J14
I381,I38
W3204,_
E072,E072
N9701,N970
O41O,_
Z82,_
K2790,K279
L713,_
M8280,M8280
D299,D299
G469,_
G732,G732
P61,P619
M8933,M8933
C8221,C822
K0530,K0530
E1I9,_
S767,S767
67,_
C8448,C8448
O141O,_
O821OO34,_
J05,_
E176,_
S4313,S431
2G,_
Z192,_
C8000,C800
D845,_
S5811,S581
H3442,_
K8696,K869
V16,_
M105,_
A481,A481
H44O,_
C2212,C221
I072,I072
N8502,N850
W0119,_
E796,_
M5105,M510
H4940,H494
E765,_
E119I,_
L231,L231
A1620,A162
D055,_
R231,R231
Y46,_
L218,L218
Y484,_
C416,_
T1417,T141
I813,I81
G233,_
S9600,S960
2Q,_
P840,_
V4950,_
D1400,D140
T141CAT,_
E029,E02
Q939,Q939
C309,_
Y649,_
H1520,_
M371,_
E0540,E054
O1415,O141
I910,_
P926,_
T56,T569
K69,_
O2411,O241
X77,_
O8929,O892
O601O8,_
N1825,N182
H5279,H527
K789,_
L79,_
C041,C041
K2709,K270
V7499,_
Z3912,Z391
2012,_
LO31,_
T472,T472
R0291,R02
H6020,H602
H5300,H530
M8798,M8798
W5000,_
T184XXA,_
S7031,_
M203,M203
M1599,M159
H9052,H905
J1810,J181
H2551,_
H0102,H010
L079,_
Z739,Z739
B031,B03
I164,_
X581,_
D031,D031
O116,O11
O732,_
C4351,C435
Q1800,Q180
K2930,K293
C5391,C539
M8184,M8184
010,_
P35,P359
H3741,_
D4787,_
I561,_
E1023,E102
M7650,M7650
N5082,N508
I7020,I7020
Y840,_
C602,C602
M9853,_
3640,_
K7420,K742
L293,L293
S2031,S203
I6380,I638
S364S,_
S6059,_
M6297,M6297
P952,P95
M2468,M2468
52,_
G787,_
Y530,_
V840,_
N4521,_
I913,_
M2105,M2105
Z3070,_
Z339,Z33
P996,_
S4621,S462
X6453,_
X6053,_
O6O1,_
H2694,H269
I171,_
O4502,O450
P620,_
H1582,H158
R2297,R229
R0683,R068
N068,N068
P126,_
C8331,C833
X504,_
M0113,M0113
D325,_
34,_
E1127,E112
D4400,D440
X62,_
Z7907,_
V899S,_
W5048,_
M7796,M7796
Z003,Z003
K780,_
K1121,K112
T597,T597
I93,_
O919,_
M638,M638
B599,B59
S2739,S273
V4059,_
D1010,D1010
K6013,K601
I643,I64
D1803,D1803
648,_
S5002,S500
S1362,S136
P3690,P369
R521,R521
P0739,P073
J294,_
G580,G580
V305,_
V421,_
H7201,H720
X659,_
W1363,_
W4903,_
J4560,_
T52,T529
Z763,Z763
S6252,S625
F300,F300
M0670,_
X7809,_
M8247,_
I810,I81
G493,_
J5250,_
S4291,S4291
Q553,Q553
A87,A879
C84A3,_
Q319,Q319
K603I1,_
H669H,_
N9397,N939
R7307,R730
Q3695,Q369
898,_
O6210,O621
M8421,M8421
O0081,O008
E371,_
H259I,_
M1301,M1301
RVS99460,_
T501,T501
998,_
J8409,J840
M7062,M706
K3330,_
I858,_
F639,F639
J368,J36
W040,_
X268,_
S1249,_
S4511,S451
Y7453,_
S5085,S508
B8,_
Z1,_
N9339,_
R400,R400
Z118,Z118
W2093,_
L82OS,L82
L442,L442
P053,_
E826,_
D37O,_
Y2809,_
K10,K109
E281,E281
W601,_
L879,L879
J0892,_
0688,_
H64,_
N469,N46
R626,_
A181DAGGER,_
I876,_
R598,_
Z380ALL,_
R654,_
R116,R11
I185,_
X9582,_
O906,_
S8920,_
I0121,I012
99256,_
876,_
C173,C173
D65O1,D65
D5700,D570
E244,E244
T2320,T232
E144G6,_
T120,T120
C39,C399
P08O,_
I825,_
Z343,_
N4821,N482
V745,_
L8914,L891
6682,_
S2008,S200
O688Z,_
X6799,_
I445,I445
H4402,H440
0398,_
R285,_
N560,_
M4268,_
0900,_
S8621,S862
S8611,S861
W286,_
K7099,K709
301Z,_
N30O,_
Y2009,_
R278,R278
M1719,M171
S588,_
J224,J22
D2262,D226
V334,_
P3899,P38
U119,_
D1641,D1641
L0811,L081
S0251,S0251
W3102,_
S5236,S523
K08,K089
Z21,Z21
H027,H027
P180,_
J3201,J320
K2937,K293
P121,P121
I1005,I10
M5030,M503
Z011I,_
E648,E648
Z01216,Z012
M177,_
L8904,L890
4611,_
Z241,Z241
P718,P718
S8721,_
V8439,_
J329HINOSINUSITIS,_
N1819,N181
K358A,_
E1417,E141
E8738,E873
970,_
O8611,O861
L843,L84
15,_
L210,L210
Z4491,Z449
T903,T903
R253,R253
H1059,H105
M4140,M4140
D238,_
M9301,M930
R567,_
S0507,S050
P920,P920
T343,T343
Y43,_
M0661,_
P030PO34,_
L8580,L858
M15,M159
M7676,M7676
C6090,C609
C5061,C506
M8055,M8055
H742,H742
M9597,M959
K9161,_
C815,_
Q377,_
S232,S232
C1595,C159
423,_
M6504,M6504
G9395,G939
V819,_
H6659,_
K0405,K040
K0065,K0065
M8814,_
K2969,K296
Z137,Z137
D092,D092
S3140,S314
W1302,_
H594,_
M4609,M4609
O2334,O233
W8199,_
820Z,_
O285,O285
X80,_
O30O,_
N588,_
S3206,S320
Q69,Q699
C975,C97
G053,_
C593,_
R7982,R798
M4024,M4024
W2728,_
H1033,H103
L232,L232
D2591,D259
Q911,Q911
R711,R71
H6131,H613
W1088,_
X54,_
J4550,_
M7119,M7119
0083,_
Q6910,Q691
I8432,I843
C9260,C926
783,_
Z624,Z624
O455,_
K677,_
Z566,Z566
W4992,_
S8620,S862
J058,_
O801Z,_
I219I,_
O109Z,_
W4449,_
J420,J42
K504,_
B117,_
S0662,S066
O3201,O320
42D,_
R0984,R098
T8743,T874
C5002,C500
W7488,_
S0441,S044
A197,_
Y0449,_
P3910,P391
M7731,M773
M4510,M451
Z329,_
I181,_
N179N1,_
J069E,_
E490,_
3782,_
E119L0,_
M2420,M2420
H5790,H579
Z8180,Z818
Z124,Z124
Z4889,Z488
L8191,L819
B569,B569
I1019,I10
Y2893,_
A441,A441
S6980,S698
T1381,T138
X2303,_
O3631,O363
W401,_
Q1043,Q104
077,_
D2312,D231
T1818,T181
E809,_
J049,_
S55,S559
N9395,N939
C5,_
Q131,Q131
H428,H428
S7601,S760
0238,_
K79,_
K235,_
Y925,_
O8021,_
M2673,_
I48I,I48
M953,M953
I6I9,_
T340,T340
I8682,I868
W1689,_
I759,_
M4198,M4198
M109O,_
W272,_
N618,N61
Z455,_
J1832,_
H2159,H215
M868X7,_
H5290,_
T748,T748
H3441,_
S2035,S203
W780,_
K365,K36
J280,_
O4106,O410
T180XXA,_
F44,F449
R499,_
Y9399,_
V5959,_
M8957,M8957
E718,_
K8100,K810
C05,C059
O042,O042
C7096,C709
D4401,D440
H344,_
N240,_
R9401,R940
402,_
L955,_
W1022,_
A1590,A159
M2570,M2570
Z95,Z959
L6021,L602
9020,_
E985,_
D,_
U500,_
C870,_
M4902,M4902
J9312,J931
H2192,H219
T8581,T858
H2840,_
K731,K731
702,_
7852,_
E411,E41
K032,K032
V940,_
H0238,H023
2711,_
G4010,G401
M4125,M4125
S393,_
P823,_
M891,M891
J3498,_
0819,_
L664,L664
S3981,S398
W2230,_
R2111,R21
S8357,S835
K0910,K0910
H345,_
O820D,_
J944,_
K5530,_
M9541,M954
S6299,_
O0008,O000
Z3141,Z314
V94,_
D782,_
P6369,_
O888,O888
A0721,A072
M1,_
A800,A800
C947,C947
D990,_
R086,_
Q235,_
A180MO11,_
E0042,_
M4893,M4893
P0518,P051
Q846,Q846
K2725,K272
T8484,T848
C978,C97
K1303,K1303
M1467,M146
C0990,C099
T438,T438
I418,I418
5914,_
C4141,C414
M3350,_
S3760,S3760
J527,_
M7888,_
S6282,S628
Z8910,Z891
C1539,C153
N3998,N399
F681,F681
Y485,_
Z586,Z586
X91,_
N919,_
T353,T353
O8094,O809
G3000,G300
D0591,D059
J9390,J939
O247,_
X140,_
1861,_
D030,D030
R3121,R31
I2025,_
C846,C846
M9871,_
W5401,_
S258,S258
O91,_
I2190,I219
D965,_
V3298,_
M2536,M2536
T422,T422
H003,_
H1113,H111
J1842,_
I695,_
M9683,M968
D6486,D648
E1321,E132
Y456,_
D0380,D038
Q352,_
N455,_
Y554,_
O743,O743
F441,F441
O0756,O075
X4690,_
H572,_
Q123,Q123
W5311,_
M383,_
A8290,A829
T1731,T173
W2403,_
T8188,T818
O4400,O440
45,_
Z9665,Z9665
M0801,M0801
W2195,_
N1869,_
O9801,O980
N9495,N949
O4108,O410
N135I1,_
D1105,D110
262,_
C9240,C924
S1091,S109
I235,I235
I984,_
A272,_
D8496,D849
Z9115,Z911
O751O,_
D002,D002
M2484,M2484
M1601,M160
D496,_
F149,F149
E1322,E132
S0089,S008
G435,_
H6193,H619
J059,_
T7932,T793
080Z1,_
W0888,_
F48,F489
R731,R731
X9989,_
X6108,_
N378,N378
E1033,E103
Z594,Z594
Z7672,_
O8702,O870
Z126,Z126
W1093,_
H7022,H702
D014,D014
335,_
M1225,M1225
W6738,_
V393,_
C47,C479
M9711,_
O7030,O703
O093,_
I758,_
S0205,S020
H320,H320
T2330,T233
N953,N953
S2133,_
I1213,_
V8998,_
S449,S449
W3408,_
T2399,_
K018,_
A980,A980
S33,_
O7096,O709
M9740,_
H2002,H200
J318,_
M7713,M771
Z717,Z717
O9932,O993
B0792,B07
W1929,_
S1080,S108
M9241,M924
2470,_
N095,_
N289N,_
M769,M769
M7127,M712
O505,_
E114N,_
O6912,O691
S6816,S681
H099,_
L0840,_
M1299,_
C4010,C401
E2430,E243
S4601,S460
T268,T268
H297,_
O0201,O020
Q403,Q403
O1503,O150
O187,_
G4001,G400
J9380,J938
M904,M904
O461,_
N6020,N602
M9754,_
S0644,S064
1011,_
Z002,Z002
W1408,_
M7253,M7253
0371,_
869,_
K93,_
H7440,H744
T06,_
K825,_
S4990,S499
T2512,T251
A951,A951
J920,J920
J8090,J80
V3499,_
N2501,N250
S938,_
N1852,N185
R027,R02
M2109,M2109
W090,_
T776,_
J1843,_
O2510,O25
E815,_
W104,_
A1969,_
M9985,M9985
C869,_
T281,T281
Z1323,Z132
L269,L26
T8527,T852
J3401,J340
S2102,S210
W8768,_
S3984,S398
Y2699,_
Z025,Z025
Z804,Z804
T095,T095
K385,_
G332,_
O77,_
O2410,O241
N8302,N830
D358,D358
O8216,O821
Y9699,_
5401,_
R875,R875
Z615,Z615
M7689,M7689
W177,_
W1910,_
S674,_
M834,M834
9940,_
N4614,N46
65,_
Z74,Z749
P237,_
R388,_
W868XXA,_
K274I,_
Y0209,_
S6629,S662
Q294,_
F810,F810
A09TYPEA,A09
H4672,H46
L0111,L011
C2509,C250
M9110,M9110
Q74,Q749
J189N,_
K6105,K610
490,_
Q3595,Q359
275,_
K807,_
I268,_
M846,_
X169,_
H3121,H312
Z2406,Z240
K023,K023
R5902,R590
H5910,_
D6500,D65
W264,_
P155,P155
I000,I00
M5481,M5481
F876,_
I5259,_
B8999,B89
S442,S442
H412,_
R09O,_
N8210,N821
S3350,S335
S973,_
B889,B889
G257,_
T39,T399
M1607,M160
W574,_
D4010,D401
P089,_
M8042,M8042
J843,_
D635,_
B826,_
E119A,_
N2110,N211
W5089,_
V6269,_
L880,L88
M199O,_
C871,_
L0899,L089
P2811,P281
M8997,M8997
I049,_
F169,F169
D2141,D214
B588,B588
0993,_
K7881,_
X7082,_
P0741,_
O786,_
H2646,H264
922,_
K305,K30
V1894,_
O2321,O232
E1473,E147
0723,_
A141,_
G368,G368
M9501,M950
1970,_
5349,_
V5759,_
R97,_
M063,M063
2510,_
M1118,M1118
Z4341,Z434
S3999,S399
X2599,_
J6770,J677
J89,_
V8099,_
W3422,_
X16,_
H1870,H187
Z0311,Z031
M260,_
K0251,_
S9136,S913
T760,_
V2342,_
W8703,_
M4886,M4886
M1429,M142
E170,_
N1Z9,_
M3650,_
A519,A519
N9301,N9301
S6400,S640
C0511,C051
M7953,M7953
O245O1,_
P142,P142
M4804,M4804
S56,_
M8117,M8117
S8,_
E0599,E059
H5033,H503
K260K,_
T2220,T222
S7500,S750
M590,_
Z2436,Z243
U8999,U899
D861,D861
Z302Z,_
Y069,_
E439,E43
E1030,E103
S4521,S452
V576,_
S8035,_
S8255,S825
D1170,D117
W0129,_
3980,_
W0330,_
1133,_
F920,F920
F443,F443
S59,S599
1872,_
C9003,C900
W0148,_
1392,_
J6100,J61
O589,_
R5610,_
H2594,H259
H2519,H251
K853,K853
O0954,_
C8200,C820
J447,_
S7114,S711
E759,_
H6401,_
J919,J91
O569,_
T31OX09,_
K4040,K404
D503,_
Q41,Q419
D652,D65
M4702,M4702
S820S,_
Z28,Z289
V31,_
G394,_
M9191,M919
A6302,A630
E1031,E103
Z3708,Z370
N0831,N083
Z4910,Z491
M4003,M4003
T9211,T921
Z4801,Z480
N976,_
I17,_
Q3782,Q378
M9713,_
I6722,I672
J112,_
M6636,M6636
M099,_
7800,_
H8011,H801
W747,_
H3562,H356
X6908,_
K374,K37
M6243,M6243
J3810,J381
E5602,E560
D5895,D589
N200N4,_
7922,_
J9845,J984
N4055,N40
K0475,K047
240,_
A162N1,_
H51,H519
F8189,F818
W2002,_
Q7280,Q728
Q7230,Q7230
Z222,Z222
M9829,_
D3581,D358
A940,A94
A571,A57
T981,T981
V67,_
I9845,_
Z39Z,_
K6811,_
B0222,B022
S98,_
Z3770,Z377
W1059,_
J705,_
L622,_
V6999,_
S094,_
A428,A428
I1320,I132
S4590,S459
S9172,S917
W3491,_
K177,_
B040,B04
W091,_
Z543,Z543
T081,T081
X989,_
M1011,M1011
A57,A57
Y3462,_
L9231,L923
E0400,E040
H363,_
H4739,H473
N1332,N133
G38,_
1720,_
1849,_
Q804,Q804
T880,T880
M8880,M8880
M8643,M8643
J9610,J961
K0435,K043
V98,_
M263,_
Z9830,_
O4180,O418
A528,A528
G131,G131
E1002,E100
W0951,_
E56,E569
F4198,F419
Y823,_
M9264,M926
H7092,H709
D356,D356
X9499,_
M7084,M7084
H431H4,_
A297,_
H0414,H041
B583,B583
0632,_
Z37L0,_
W1772,_
M1801,M180
G859,_
S9045,_
C1690,C169
A169J,_
M0634,M0634
0500,_
M8096,M8096
M3800,_
W3122,_
P552,_
S4981,S498
N4656,N46
780,_
O0311,O031
S6671,S667
U02,_
W1094,_
F0591,F059
Q322,Q322
Q323,Q323
M938O3,_
O6321,O632
M676,_
N841N,_
Z370O1,_
F299,F29
W43,_
700,_
C651,C65
W212,_
E113N0,_
1010,_
T385,T385
V0259,_
C7120,C712
S7980,S798
Z4659,Z465
K1161,K1161
S5642,S564
G059,_
W2363,_
S2340,S234
G452,G452
E0821,_
Z9005,Z900
S6600,S660
S0085,S008
Z605,Z605
C26,C269
T3031,T303
I715,I715
W1062,_
C4000,C400
C5655,C56
M7550,M755
M9593,M959
M2679,_
D322,_
E1452,E145
S6852,_
K798,_
Z120,Z120
S414,_
H2598,H259
Z3803,Z380
M9072,M9072
S855,S855
K725,_
I6335,I633
H5292,_
B270,B270
M7034,M703
X9988,_
W1849,_
44670,_
Z01217,Z012
D344,D34
W309,_
K6499,_
Y078,_
M1895,M189
C911TYPEB,_
M9889,_
S8501,S850
Y939,_
W094,_
M135,_
S9072,S907
B25,B259
V2954,_
L138,L138
J636,_
S6214,S621
D8910,D891
A4021,A402
A0660,A066
M6785,M6785
M9183,M918
H1012,H101
C4003,C400
J3242,J324
W0301,_
T9221,T922
P80,P809
M368,M368
P995,_
V9499,_
C7,_
N1856,N185
C3839,C383
1393,_
C1199,C119
3350GRAMS,_
D4402,D440
R610,R610
A37,A379
I119N,_
A5211,A521
L659,L659
D5702,D570
E837,_
H0220,H022
L881,L88
M8158,M8158
S9238,S923
W891,_
6932,_
M1787,_
K2621,K262
H9259,_
M1691,M169
G54,G549
Z3098,Z309
I8321,I832
C2099,C20
K3604,K36
T9321,T932
K8033,K803
D0002,D000
0997,_
C3400,C340
K8690,K869
O647,_
D82O,_
O4296,O429
301,_
S638X2D,_
H0523,H052
W2628,_
X2608,_
H0432,H043
P367,_
Z9661,Z9661
M2471,M247
S8590,S859
S8322,S832
M7592,M759
O258,O25
T787,_
A1881,A188
320,_
M2533,M2533
481,_
S9224,S922
J9421,J942
B0581,B058
H3514,H351
M847,_
W3193,_
W0140,_
J3B2,_
N4192,N419
R7980,R798
Y892,_
C4990,C499
W193,_
L941,L941
J216,_
Y0904,_
E786E,_
A70,A70
L9321,L932
M4649,M4649
N270,N270
Z01218,Z012
D628,D62
M2480,M2480
D315,D315
T247,T247
M0117,M0117
M9328,M9328
C848,C848
A968,A968
N163,N163
P708,P708
V1995,_
X6404,_
D2221,D222
E20,E209
G689,_
A82,A829
Z202,Z202
N6268,N62
Z380N,_
Z015A,_
C408,C408
F958,F958
M2630,_
F334,F334
W1938,_
Q616,_
1832,_
Z8902,Z890
C5782,C578
O0019,O001
H463,H46
M8625,M8625
J0102,J010
Q2733,Q273
M8300,M8300
C679Z5,_
X3099,_
J079,_
S4312,S431
T6344,T634
P18,_
N1301,N130
Q723,Q723
Z709,Z709
M9600,M960
B4790,B479
D55,D559
Y0098,_
T9300,T930
T9231,T923
D4770,D477
Z9111,Z911
C7301,C73
W089,_
S854,S854
L019,_
F041,F04
A3502,A35
S905,_
F19,F199
B832,B832
H6596,H659
R7390,R739
Z1370,Z137
V4995,_
T1893,T189
0714,_
O149O,_
S3653,S365
Y0949,_
W1988,_
W4983,_
W3108,_
C992,_
L599,L599
E8161,_
D678,D67
Z889,Z889
M9102,M910
V0311,_
590,_
L969,_
L635,_
O0095,O009
19,_
R2742,_
D1430,D143
Q266,Q266
O6003,O600
2101,_
J628,J628
H9192,H919
O8709,O870
F140,F140
H696,_
S293,_
D3110,D311
I6353,I635
R024,R02
S3086,S308
A4421,_
P2490,P249
P131,P131
C1190,C119
R9389,R938
M3531,M353
I1095,I10
E042E3,_
E0789,E078
C421,_
I6350,I635
W8004,_
F1721,F1721
Y0908,_
Y079,_
42,_
O3,_
144,_
H1803,H180
M5050,_
P0002,P000
C793M8000/6,_
K216,_
0U5,_
B394,B394
H3680,H368
R9181,R91
W2283,_
O16D6,O16
F918,F918
J121,J121
S5072,S507
D184,_
S814,_
W456,_
K104,_
D1701,D170
K11,K119
K414,K414
G128,G128
L9639,_
H0253,H025
H0271,H027
N3080,N308
I5082,_
I6521,I652
O244E,_
I9742,_
O7622,_
I173,_
M9190,M9190
C29,_
S7612,S761
H3604,H360
S0265,S026
Z2030,Z203
Y110,_
U129,_
C6961,C696
P0821,P082
M4885,M4885
O6001,O600
O829ZD649,_
M9864,_
E7810,E781
X3399,_
D4301,D430
Z4921,Z492
X271,_
V913,_
Y282,_
O492,_
V685,_
W3299,_
W1351,_
X938,_
D422,_
S8980,S898
K6093,_
X6808,_
I543,_
H2991,_
C8520,C852
W5094,_
I8392,I839
S6970,S697
G4060,G406
C8350,C835
I6932,I693
T9260,T926
L4071,_
Z110,Z110
M5125,M512
030,_
J192,_
M4532,M453
L7451,_
T949,_
N986I3,_
2001,_
M355,M355
H2049,_
M2634,_
I8290,I829
I3890,I38
S9822,S982
Y620,_
V3709,_
A791,A791
R1888,R18
P083,_
G955,_
W849,_
P420,_
I6100,I610
W1888,_
K32,_
R698,R69
N083H,_
P130,P130
A579,A57
V879,_
S6159,_
Y109,_
T462,T462
M5490,M5490
L252,L252
Z9755,Z975
1916,_
20800,_
B399J172,_
C158,C158
Z710,Z710
D2400,D24
L0222,L022
B571,B571
0718,_
L901,L901
G920,G92
C7859,C785
0098,_
Z3402,Z340
C8592,C859
K89,_
Z370O0,_
S5275,S527
S7236,S723
I392,I392
C63,C639
U820,_
R440,R440
H6599,H659
Y53,_
701Z,_
Z756,_
Y439,_
R4090,R409
W2098,_
X508,_
1634,_
S3669,S366
Z876,Z876
581,_
S6212,S621
F314,F314
W0183,_
E852,E852
W557,_
W0719,_
Q655,Q655
M8792,M8792
W2588,_
I2141,I214
F501,F501
D1731,D173
M8152,M8152
O295,O295
J870,_
T7939,T793
O9101,O910
Q539K4,_
M866S5,_
N200E2,_
M8150,M8150
J288,_
C126,C12
Z26,Z269
E822,_
O998N,_
B430,B430
S1532,S153
X660,_
L0290,L029
S1170,S117
C566,C56
5359,_
Y932,_
M4192,M4192
H42,_
W298,_
7301,_
M2594,M2594
Q101,Q101
3700GRAMS,_
M54IO,_
X5911,_
H4083,H408
8192,_
O0480,O048
Q718,Q718
G94,_
S7990,S799
E578,_
I251EE19,_
F573,_
Q440,Q440
0862,_
C7201,C720
C280,_
Q10,_
D842,_
K094,_
M4149,M4149
1348,_
S627S,_
W5128,_
H107,_
S1215,S121
S0007,S000
O809\,_
L798,_
X4908,_
G833,G833
X089,_
R56O,_
R369,R36
R532,R53
L0109,L010
Y339,_
Y9909,_
M1227,M1227
Q692,Q692
C4030,C403
T9310,T931
V389,_
V5048,_
Z302O,_
Z848,Z848
S4119,S411
0431,_
V3719,_
7000,_
T5091,T509
R458,R458
H1850,H185
Q496,_
M1504,M150
D789,_
H73,H739
N6322,N63
T5611,T561
H012,_
I042,_
M7730,M7730
E345,E345
K1015,K101
M2336,M2336
N8401,N840
C5032,C503
S0637,S063
P501,P501
D428,_
6952,_
I128,_
D651,D65
N8090,N809
7001,_
K026,_
T864,T864
M928,M928
N315,_
Z8942,Z8942
A9099,A90
J9399,J939
H593,_
O7O1,_
Z496,_
K0512,K0512
V3996,_
B0701,B07
T9282,T928
Z2799,Z279
F0781,F078
Q4249,_
Z9189,Z918
R295,_
Z01219,Z012
A921,A921
M9857,_
Z628,Z628
B169TYPEA,_
I547,_
M8636,M8636
G459TYPEA,_
A303,A303
R273,_
B743,B743
L0881,L088
M1684,_
F162,F162
H3190,H319
H1860,H186
M2407,M2407
C0801,C080
S7305,S7305
652,_
Z151,_
C214,_
B149,_
E1429,E142
F806,_
W1911,_
N884,N884
4325,_
D391O,_
Z909,_
H9590,H959
H9591,H959
2376,_
O800Z1,_
J88,_
W093,_
S447,S447
S4330,S433
P799,_
W2992,_
K241,_
L75,L759
M266,_
T8383,T838
D6949,D694
Z443,Z443
A0960,A09
A061E861,_
L09,_
W1969,_
B64,B64
I1393,I139
E290,E290
G713,G713
M0285,M0285
M0845,M0845
S8315,S831
M8422,M8422
V872,_
R185,R18
C9620,C962
S5285,S528
G4011,G401
O027,_
B077,B07
S0321,S0321
S0178,S017
S3633,S363
P2881,P288
248,_
M5212,_
E150,E15
V4028,_
M7004,M7004
G345,_
J3041,J304
S2203,S220
T8888,T888
M42,M429
M420,M420
B202,B202
C972,C97
J209A,_
V2840,_
I885,_
T8182,T818
J234,_
O9914,O991
H3606,H360
G692,_
X582,_
O749,O749
B2790,B279
X9315,_
94460,_
Q697,_
H6523,H652
D3702,D370
W182,_
T9331,T933
E746,_
Z266,_
I1679,_
O3218,O321
L0204,L020
Y5453,_
Z103,Z103
939,_
Z4915,Z491
B840,_
J067,_
Q13,Q139
W288,_
C607,_
K087,_
V804,_
W233,_
O374,_
O0693,O069
L630,L630
O800NORMALSPONTA,_
I8680,I868
I8720,I872
M525,_
D910,_
M8994,M8994
R586,R58
X038,_
M5007,M500
T806,T806
Y546,_
I1248,_
S3085,S308
P3073,_
S2011,S201
M8230,_
O7811,_
W0182,_
W1190,_
S7261,_
K6221,K622
K291K1,_
567,_
63,_
I3415,I341
O335Z9,_
C4360,C436
Z9,_
Z2465,Z246
P2096,P209
M6882,M6882
Z689,_
I6354,I635
N807,N807
E6281,_
S0699,S069
R893,R893
S6350,S635
A038,A038
N1381,N138
G942,G942
Z987,_
I50O,_
J0669,_
E795,_
E641,E641
R4688,R468
O4322,O432
C20C,C20
O8999,O899
Z079,_
H58,_
J0400,J040
P0781,_
C2111,C211
O222,O222
G362,_
I819,I81
W3399,_
W7399,_
D025,_
C330,C33
A698,A698
Y492,_
Z071,_
O7701,_
M4906,M4906
W6430,_
3305,_
H009,_
J444,_
L0041,L00
M8651,M8651
Z9080,Z908
C534,_
C3099,_
K3480,_
H3587,H358
0520,_
Q349,Q349
A438,A438
X198,_
G4021,G402
N0029,N002
I1230,_
J1002,J100
S0450,S045
R735,_
M829,_
J4391,J439
I1340,_
J8292,J82
N1085,N10
H2630,H263
S9234,S923
W3792,_
H6130,H613
R139,R13
W1313,_
W398,_
H1169,_
003,_
R2701,R270
N2880,N288
Q824,Q824
E0402,E040
S6981,S698
M3798,_
T285,T285
807,_
C6921,C692
M7529,M752
F6810,F681
R0682,R068
K666,_
W1021,_
W3448,_
I242,_
Y25,_
M8595,M8595
B410,B410
S348,S348
N8932,N893
0245,_
H2615,H261
O6195,O619
I36,I369
N6089,N608
K260C0,_
N1795,N179
554,_
J8471,_
N8470,_
M1610,M161
324,_
C9001,C900
J751,_
Y5779,_
N4829,N482
Z5,_
X5000,_
I961,_
R1930,R193
H121,_
T7961,T796
C5001,C500
S9692,S969
H5271,H527
S877,_
M474,_
V3849,_
Y2862,_
W5100,_
L4050,L405
S4224,S422
O0694,O069
5825,_
W650,_
Q1500,Q150
N24,_
H11OO,_
Y0199,_
L123,L123
O4700,O470
O0702,O070
V1898,_
W1994,_
B126,_
G814,_
H2531,_
P214,_
M2156,M215
0920,_
0603,_
O619Z9,_
T8611,T861
G0605,G060
M9385,M9385
T0680,T068
200,_
E0598,E059
F590,F59
M988,_
O1271,_
I16,_
O253,O25
I4692,I469
J96O,_
1040,_
M8418,M8418
Z703,Z703
W0150,_
7900,_
A0921,A09
H5006,H500
S3321,S332
0249,_
T8281,T828
D622,D62
E70,E709
T6342,T634
H5272,H527
D067,D067
7575,_
Z380E,_
L104,L104
A260,A260
C965,C965
M8718,M8718
K95,_
D816,D816
J110S5,_
B392,B392
A805,_
K097,_
S7,_
S619S2,_
Z530,Z530
D0221,D022
P115,P115
M633,M633
4055,_
F80,F809
Q1411,Q141
I5092,I509
H7492,H749
S0401,S040
X5963,_
E1110,E111
Z453,Z453
O6190,O619
770,_
Z8782,Z878
W5414,_
W0172,_
T442,T442
G9109,G910
L421,L42
W0703,_
A398,A398
S6340,S634
Q6609,Q660
Y219,_
P0088,P008
A814,_
J1110,J111
P719,P719
M7105,M7105
L0592,L059
D3501,D350
L770,_
M8443,M8443
L733,_
H2632,H263
T530,T530
M354,M354
M7416,_
M908,M908
H901,H901
E696,_
42Z,_
K345,_
E270,E270
S6062,_
J697,_
D459,D45
D847,_
A1781,A178
E014,_
M8231,_
N2003,N200
D475,D475
M7259,M7259
913,_
N4321,N432
W1308,_
W174,_
T8682,T868
K187,_
W78,_
J264,_
I259J,_
M6206,M6206
V894,_
Z392Z3,_
T713,T71
X085,_
T0199,T019
M134,_
M1881,_
L9281,L928
W0409,_
E71,_
N5999,_
Q292,_
O170,_
J549,_
C1835,C183
D157,D157
K4691,K469
H5909,H590
R03,_
W1700,_
Q171,Q171
G070,G07
O923,O923
S952,S952
166,_
D253,_
703,_
E4042,E40
I5020,_
N65,_
O654O,_
A603,_
R872,R872
F165,F165
L90,L909
V2994,_
S6351,S635
938,_
A0I0,_
N80D,_
S1193,S119
M2199,M2199
W33,_
C4461,C446
Y044,_
W447,_
X502,_
N232,N23
T779,_
J922,_
E1014,E101
H7191,H71
J1853,_
M748,_
M6727,M6727
W1198,_
L1721,_
X0928,_
S6182,S618
Q652,Q652
O386,_
J3898,_
F04,F04
W5518,_
0800Z9,_
X4666,_
Y494,_
L7291,L729
Z011H,_
K9400,_
Y3469,_
O429O,_
O1502,O150
C752,C752
0263,_
T8470,T847
Q22,Q229
Q6021,Q602
J880,_
J3901,J390
J441A,_
O2686,O268
Z638,Z638
J0639,_
A1837,A183
E0104,E010
H4171,_
P075,_
D040,D040
A510,A510
K5229,K5229
L4051,L405
D3613,D361
W1395,_
S526S2,_
749,_
M4336,M433
E828,_
I92,_
P553,_
W8608,_
W1838,_
29Z3,_
X1762,_
Q16,Q169
S6108,S610
N1859,N185
J590,_
C988,_
0218,_
O206,_
N1380,N138
Z1612,_
T2120,T212
H494,H494
G3183,G318
202,_
B3530,B353
W0123,_
I478,_
V2648,_
S9921,_
J970,_
W2979,_
Q68,_
L440,L440
X3499,_
W088,_
H3492,H349
C120,C12
T429,_
D3801,D380
Z540,Z540
S3449,S344
M39,_
C7A1,_
S6820,S682
S5420,S542
S6715,_
M7512,M751
Q6558,Q655
B024,_
T0501,T050
O410Z,_
V5848,_
K610LO23,_
S6363,S636
W262,_
T2433,T243
N189ENDSTAGERENALDISEAS,_
B3201,_
K8310,K831
O8285,O828
900,_
H1702,H170
E836,_
A0769,_
I6351,I635
X5090,_
C465,_
039,_
A65,A65
M9804,_
S0625,S062
Z757,_
J373,_
S6233,S623
M9005,M9005
P9220,P922
H6188,H618
L0508,L050
A180M490,_
C7499,C749
L579,L579
Z8672,Z867
I0419,_
K68,_
T9311,T931
S8292,S829
A282,A282
Y4559,_
W5102,_
H970,_
H390,_
C595,_
P108,P108
M9988,M9988
W3126,_
W73,_
O498,_
D4874,D487
N4796,N47
S0635,S063
D757,_
V52,_
3250GRAMS,_
W2342,_
J116,_
M9198,M919
Y08,_
L0491,L049
9100,_
M9185,M9185
L222,L22
V799,_
C933,C933
T2504,T250
M1617,M161
B1811,B181
W5029,_
P0728,P072
O6301,O630
D1798,D179
0678,_
M1799,M179
L661,L661
347,_
D4321,D432
Q767,Q767
N2018,N201
L0140,_
I37,I379
C8512,C851
O8449,_
C4421,C442
K173,_
H2013,H201
N6258,N62
S4332,S433
K0820,K082
H6613,H661
W307,_
A835,A835
C4422,C442
R039,_
B0802,B080
L0313,L031
O241O,_
L9701,L97
H7011,H701
5141,_
F283,F28
B0790,B07
S383,S383
H1644,H164
H8109,H810
N3970,_
5300,_
C9023,C902
Y269,_
J021,_
S6660,S666
S6430,S643
Y3004,_
K145,K145
A1705,A170
S8039,_
Y2299,_
E4151,E41
M7930,M7930
H0602,H060
L520,L52
P949,P949
D0570,D057
H4,_
D3500,D350
L10,L109
E86D,E86
C50P,_
C0311,C031
Z2324,Z232
Z3806,Z380
N474,N47
O751D,_
R890,R890
W2393,_
H5091,H509
S6104,S610
C284,_
J6893,J689
T374,T374
B053H761,_
X5038,_
K1301,K1301
Z3A,_
D274,D27
V035,_
Y1299,_
H761,_
D634,_
C452,C452
S343,S343
M9703,_
C623,_
I8461,I846
S5621,S562
R0481,R048
E21,_
O1357,O13
T28,T289
C4442,C444
Z3885,Z388
Z18,_
D2321,D232
M6181,_
O0000,O000
T734,_
N755,_
Y908,_
Y79,_
O9918,O991
E820,_
Z460,Z460
B995,B99
L6220,_
M118,M118
I1014,I10
S9302,S930
W554,_
A981,A981
W4562,_
I57,_
A419I,_
O691O,_
L712,_
G019,G01
J3408,J340
C4090,C409
C7658,C765
Z4941,_
O771,_
W926,_
M2449,M2449
M2399,M2399
L925,_
H5259,H525
K2010,K20
65015,_
M1312,M1312
S7070,S707
Z3909,Z390
C4795,C479
D1642,D164
J0112,J011
3482,_
Q85,Q859
R1049,R1049
S024S2,_
W2095,_
S028S2,_
S024W2,_
K810I1,_
Z2476,_
Z0260,Z026
Z7230,Z723
W202,_
___K821,_
T738,T738
A1510,A151
W1368,_
A419J9,_
O0039,_
R084,_
K33,_
S1111,S111
J1693,_
C19D,C19
A0989,A09
0609,_
M7023,M702
O847,_
S536,_
C1892,C189
L8000,L80
D4890,D489
P1701,_
E1198,E119
J45OO,_
V135,_
S3930,_
Z3985,_
R318,R31
C5890,C58
L99,_
A85,_
C189M8010/3,_
X0909,_
P247,_
M635,_
5816,_
S4510,S451
H6532,H653
L2510,L251
R202,R202
T9381,T938
C5418,C541
M2537,M2537
L8910,L891
M7286,M7286
O4209,O420
0173,_
N75D,_
M0704,M0704
F804,_
B838,B838
K792,_
H2005,H200
R77,R779
O3423,O342
T764,_
1621,_
E0594,E059
W5049,_
M2316,M2316
S386,_
V2822,_
N9070,N907
B973,B973
A652,A65
S9320,S932
B115,_
S7319,S731
I0770,_
K1156,K115
N3041,N304
H5730,_
5250,_
T254,T254
W2308,_
Y0490,_
W1328,_
Z380Z,_
E976,_
G4089,G408
R8999,R899
X409,_
S3613,S361
O7100,O710
T1160,T116
O173,_
W578,_
M015,M015
I1469,_
X5919,_
N083I,_
A6691,A669
R192,R192
R729,R72
K2891,K289
Q739,_
O2601,O260
X588,_
N1809,N180
H3690,_
L0332,L033
W3152,_
C3212,C321
D0232,D023
Y095,_
J839,_
Q191,_
D1110,_
A356,A35
W3103,_
O16Z,O16
M1033,M1033
M9563,_
M4810,M4810
M9868,_
Z741,Z741
N826,_
W1948,_
X5821,_
W1301,_
P781,P781
V1969,_
S5699,_
B984,_
U837,_
N0330,N033
D3310,D331
H6693,H669
Y2801,_
L8591,L859
M0890,M0890
M1288,M1288
T0191,T019
T45,T459
Z793,_
Y019,_
Z8941,Z8941
H722,H722
B719,B719
J518,_
L718,L718
L282,L282
W2094,_
S7085,S708
P3710,P371
L0102,L010
T1980,T198
D2340,D234
W178,_
S9622,S962
K2797,K279
E1424,E142
0033,_
P961,P961
I297,_
Z8371,Z837
V7849,_
C5312,C531
T8401,T840
J3222,J322
P23,P239
N3511,N351
H0511,H051
C61BONEMETAST,C61
S5222,S522
J9091,J90
G6299,G629
I640,I64
H322,_
L220,L22
A978,_
P686,_
G9343,G934
C5052,C505
M1820,M182
R681,R681
K1909,_
M7917,M7917
Q470,_
A698J178,_
K981,_
M63,_
E500,E500
V3839,_
W2402,_
G41,G419
C5912,_
R2202,R220
A1690,A169
W2003,_
Q8980,Q898
T9380,T938
X168,_
D649E,_
O147,_
F50,F509
S4372,S437
R870,R870
S8811,S881
C03,C039
Y100,_
082O,_
M145,M145
C509MT,_
H527MS22,_
W5698,_
H2040,_
M0281,M0281
W3295,_
T2322,T232
H5700,H570
X1701,_
Y2804,_
M8629,M8629
M9931,M9931
I8422,I842
K5297,K529
M2889,_
M2462,M2462
D1717,D171
O1382,O13
S4980,S498
C539M8,_
O3649,O364
M9081,M9081
C0690,C069
H0460,H046
K8054,K805
T2310,T231
M7031,M703
O3620,O362
Q3850,Q3850
A4891,_
V2939,_
Z0010,Z001
C9500,C950
O938,_
E019,_
T061,T061
R051,R05
C539MT,_
X229,_
B3091,B309
131,_
O280,O280
341,_
787,_
S038,_
E1156,E115
H7000,H700
E1136,E113
V950,_
Z549,Z549
N177,_
G861,_
N6314,N63
Q2258,Q225
Z9091,_
M969,M969
M8331,M8331
D5006,D500
Z01220,Z012
N3502,N350
660,_
4687,_
C551,C55
C9666,C966
W1828,_
V3248,_
C318,C318
M6287,M6287
K6020,K602
P599N,_
G730,G730
D256,_
E861\,E86
W7599,_
B116,_
R491,R491
B874,B874
H948,H948
P104,P104
S5500,S550
O8948,O894
M0010,M0010
Z810,Z810
2000,_
R1121,R11
F688,F688
C660,C66
G5752,G575
\1,_
P0092,P009
O8202,O820
O8292,O829
P0342,P034
O8092,O809
S0655,S065
J189N1,_
N8300,N830
T8451,T845
D2510,D251
I403,_
V2341,_
P594,_
K5220,K5220
R540,R54
M7486,_
O8823,O882
R690,R69
189,_
V575,_
0679,_
E622,_
K596,_
E102NO83,_
X578,_
P988,_
B814,B814
S506,_
S2581,S258
J289,_
Y3099,_
P984,_
8080,_
S9492,S949
M4311,M4311
E848,E848
M614,M614
O3659,O365
T48,_
N375,_
R720,R72
C7901,C790
H4423,H442
C4312,C431
A929,A929
S099W4,_
K2991,K299
449,_
I119J,_
K6398,K639
N8980,N898
K8013,K801
C4470,C447
M5138,M513
H4709,H470
J502,_
M304,_
Z1316,Z131
D1206,D120
M491,M491
628,_
P673,_
0753,_
O368Z,_
I4,_
X5809,_
P0715,P071
B5201,B520
W4401,_
T1700,T170
N678,_
S926,_
O574,_
K5141,K514
W2908,_
S2741,S2741
A430,A430
S8929,_
S2330,S233
G993,_
G828,_
F630,F630
W408,_
Q6260,Q626
O8821,O882
M9404,M940
T1491,T149
S3183,S318
I8300,I830
M6508,M6508
C3049,_
K5740,K574
M5101,M510
N628,N62
U6389,_
V3819,_
W5948,_
F177,F177
S7414,S741
M1605,M160
N083A,_
O928,_
G5131,G513
L550,L550
H808,H808
H6303,_
D052,_
B44,B449
K855,_
H8101,H810
I021,_
M1121,M1121
L8953,L89
O2382,_
Q6691,Q669
R703,_
C89,_
S8700,S870
M1315,M1315
M2194,M2194
H3348,H334
C9130,C913
C129,C12
E1041,E104
P341,_
T8359,T835
Y3149,_
W0901,_
M4390,M4390
M7085,M7085
C918,C918
R209,_
W4404,_
N18I5,_
O6534,O653
J0142,J014
E0525,E052
W2922,_
Z370Z1,_
J214,_
Z87,_
S6815,S681
H0213,H021
K2770,K277
P76,P769
K6280,K628
C7820,C782
T1312,T131
J2893,_
E84,E849
D850,_
O3682,O368
N162,N162
C7102,C710
C189MT,_
M1381,M1381
G790,_
P309,_
I509N,_
Q716,Q716
D4590,D45
C6951,C695
V849,_
J573,_
D57,_
A4411,A441
B2020,B202
M4754,_
S6982,S698
I143,_
T1629,T16
N176,_
K5083,K508
N3021,N302
M9659,M965
K5109,K510
Z102,Z102
171,_
650,_
K7501,K750
K560K2,_
K7210,K721
Z8943,Z8943
Z3036,Z303
A4102,A410
T324,T324
Q971,Q971
W1868,_
Q3781,Q378
E112NO,_
T0180,T018
Z680,_
N6311,N63
M0641,M0641
O68O,_
H476,H476
H971,_
N289Z,_
619,_
G631,G631
M8585,M8585
H6032,H603
L974,L97
C349M8010/3,_
Z037,_
E734,_
S5209,S520
0362,_
I622,_
L4008,L400
G611,G611
N8148,N814
A961,A961
G5622,G562
K9292,K929
S8971,S897
I8421,I842
K279K1,_
M8335,M8335
1859,_
O6491,O649
C8527,C852
A611,_
M012,M012
S1890,S18
M4154,M4154
M73,_
S2202,S220
L0I0,_
W032,_
J225,J22
J3512,J351
Z769,Z769
M0340,_
Z250,Z250
A862,A86
Z463,Z463
T171XXA,_
F950,F950
O4110,O411
H1589,H158
D365,_
K171,_
M6195,M6195
J923,_
K0262,_
C4922,C492
A54,A549
D6862,D686
A274,_
D6388,D638
M2513,M2513
P0031,P003
N2O0,_
H3546,H354
0767,_
C5089,C508
C760D,_
E124,E124
V36,_
X5922,_
M1310,M1310
L9782,L97
M1631,M163
N03Q,_
M182,M182
7009,_
X5912,_
D00,_
B9408,B940
K9220,K922
Z299,Z299
G694,_
Z08,Z089
Z8701,Z870
J8400,J840
L2001,L200
Y2840,_
S9041,_
V283,_
D2660,_
M8945,M8945
E7880,E788
P0508,P050
Q064,Q064
Y92,_
J032,_
B391,B391
J270,_
H0520,H052
Z138PO51,_
K6335,K633
M7010,M7010
Z138PO81,_
O0821,O082
M369,_
5960,_
S6680,S668
N0983,_
I0129,I012
E731,E731
O696,_
D511,D511
H28,_
W4598,_
C71A,_
0800Z,_
Y302,_
Y281,_
M5454,M545
M4025,M4025
T721,_
Y4999,_
S9071,S907
X1399,_
A2590,A259
A330,A33
D4869,D486
F84,F849
C5411,C541
B62,_
B21,B21
K3191,K319
V898,_
C5399,C539
C0031,C003
K5880,_
N0189,N018
S6011,S601
N8480,N848
T8309,T830
B870,B870
T8149,T814
N146,_
K1291,_
P0515,P051
B0590,B059
T17OXXA,_
R1313,R13
W334,_
P084,_
B7791,B779
D693K2,_
N200I0,_
O3295,O329
610,_
I539,_
Z8922,Z8922
T0008,T000
A1500,A150
W310,_
E0588,E058
Q604,Q604
S7691,_
G1220,G122
N1801,N180
M4888,M4888
Y3299,_
I4091,I409
O0982,_
O519,_
J674,J674
M515,_
J8960,_
Q6139,Q613
S0626,S062
K966,_
S095,_
S9114,S911
V215,_
M6520,M6520
P260,P260
J1291,J129
S964,_
W293,_
L620,L620
0800Z4,_
R8050,R80
P149,P149
M7098,M7098
Z221,Z221
Y13,_
M2041,M204
H6639,H663
Q6922,Q692
G6920,_
O427,_
S3721,S3721
I1517,I151
S6001,S600
019,_
E082,_
K160,_
C489,_
M5135,M513
H0510,H051
K587,_
I28,I289
D209,_
C11U,_
G0099,G009
F913,F913
M482,M482
Z370C,_
O8002,O800
W1749,_
T710,T71
N381,_
W2074,_
S94,S949
D09,D099
N844,_
J3981,J398
S3117,S311
A860,A86
M6011,M6011
7390,_
F661,F661
S240,S240
A0601,A060
M2186,M2186
K3550,_
K3559,_
Q7480,Q748
G6289,G628
Q555,Q555
M4724,M4724
Q710,Q710
M7913,M7913
S6112,S611
P98,_
2039,_
D875,_
V2798,_
J18O,_
8092,_
Z3969,_
R183,R18
W0981,_
M5562,_
8809,_
M2576,M2576
E4354,E43
C2061,C20
5664,_
M9115,M9115
I101H1,I10
N4115,N411
E2,_
611,_
R350,R35
O8620,O862
H859,_
Z1308,Z130
W297,_
W38,_
M2572,M2572
M123,M123
Q2790,Q279
D2251,D225
Y619,_
K2101,K210
M8499,M8499
N6331,N63
M021,M021
T330,T330
O0943,_
V424,_
O321Z3,_
93356,_
V2900,_
J73,_
0999,_
Y601,_
1160,_
Q342,_
H920,H920
N462,N46
L9842,L984
C7092,C709
C1192,C119
C5039,C503
M6967,_
O273,_
S0215,S021
J189S1,_
N359N,_
N3205,N320
N200N2,_
K6131,K613
S6360,S636
W2686,_
N2882,N288
O413,_
1472,_
Z437,Z437
I989,_
O9960,O996
H3471,_
A960,A960
Z3017,Z301
D770,D77
K49,_
N383,_
R187,R18
D718,D71
M2459,M2459
O9840,O984
234,_
S5890,S589
Y3069,_
Y9299,_
T083,T08
Z01221,Z012
Q07,Q079
Z6419,Z641
H2705,H270
145,_
J0131,J013
M8553,M8553
T989,_
D1268,D126
K637,_
C5683,C56
P5222,P522
J8131,J81
C5684,C56
439,_
I5690,_
Z3088,Z308
S250,S250
N349,_
S3052,_
K476,_
Z3OO,_
F388,F388
0328,_
M324,_
H909,_
J4551,_
M1591,M159
K5711,K571
I8009,I800
Y062,_
W0162,_
J21,J219
W1952,_
H0017,H001
M6247,M6247
W1821,_
M646,_
H6092,H609
Y3409,_
D4071,D407
N0497,N049
N264,N26
M3740,_
S1593,S159
S2751,S2751
M4351,M435
M6519,M6519
Z4200,Z420
G5751,G575
G011,G01
D296,_
N968,N96
Q5392,Q539
D423,_
M9741,_
D084,_
Y140,_
E146M146,_
V4994,_
Z8952,Z8952
O504,_
T161XXA,T16
N9381,N938
B938,_
P9946,_
0OO1,_
J1870,_
J2292,J22
M7969,M7969
O80P,_
K39,_
S4351,S435
H8190,H819
R30,R309
J4432,_
J4O,_
L870,L870
4590,_
V892XXA,_
Q8331,Q833
M5616,_
C7000,C700
N961,N96
Y922,_
I1503,I150
Z3749,Z374
1739,_
J1989,_
A1804,A180
G9382,G938
V3848,_
H4460,H446
P3189,_
4D,_
J9480,J948
I2480,I248
X1204,_
N793,_
J279,_
J9590,J959
T284,T284
O1601,O16
N6084,N608
J1093,_
R9281,R92
H4632,H46
J4598,J459
S255,S255
C9230,C923
O948,O94
N3890,_
Q3809,Q380
M7189,M7189
N338,N338
V8900,_
Z3921,Z392
D998,_
A402,A402
H2891,_
M2214,M221
25,_
S364S1,_
A9710,_
E6699,E669
M2211,M221
M2334,M2334
5570,_
R148,R14
H1871,H187
Z2460,Z246
S2123,S212
G5101,G510
G702,G702
H2625,H262
E846,_
L0921,_
M2396,M2396
F460,_
W3799,_
W5488,_
P571,_
W1723,_
T8409,T840
W2203,_
J230,_
O086,O086
T362,T362
M1253,M1253
M749,_
Y5992,_
A4152,A415
E8960,E896
D348,D34
0618,_
O155,_
M2461,M2461
K786,_
V846,_
F3181,F318
L230,L230
O153,_
H2126,H212
F214,F21
Z3719,Z371
B0527,B052
O6548,O654
S9022,S902
R577,_
S780,S780
M61,M619
3202,_
V939,_
V0310,_
E102NO3,_
M7226,M722
E8341,E834
P13,P139
1620,_
M0291,M0291
O873,O873
W9939,_
3960,_
4011,_
E0506,E050
E704,_
Z0152A2,_
G5401,G540
Y220,_
M5117,M511
679,_
E728,E728
C4440,C444
Z3012,Z301
P957,P95
A2,_
B0510,B051
O671,_
J891,_
B608,B608
O6525,O652
H289,_
T0299,T029
381,_
W600,_
R9083,R908
W5088,_
I1801,_
M7532,M753
M018,M018
653,_
S5089,S508
Z285,_
M853,M853
O3603,O360
V2960,_
K538,_
P871,_
O8O,_
9201,_
N6451,N645
G701,G701
X8699,_
M3225,_
P602,P60
S6720,_
W8929,_
M2588,M2588
Q66,Q669
R123,R12
L9730,L97
S3551,S355
N6489,N648
H1143,H114
D4091,D409
V644,_
K8042,K804
I3885,I38
A250,A250
A5131,A513
L291,L291
A564,A564
B583J173,_
I9901,I99
020,_
G9105,G910
K439K5,_
S730S0,_
M7519,M751
Q770,Q770
M8129,M8129
R479,_
S1218,S121
3103,_
V822,_
B8229,_
C995,_
N278,_
E876E,_
X4109,_
V374,_
K2269,K226
K1151,K115
F812,F812
S480,S480
V989,_
M4111,M4111
M357,M357
Z3541,Z354
E80,_
M7757,M7757
Y6199,_
Z3696,Z369
X992,_
R271,_
X1749,_
M9565,_
Q299,_
M1275,_
T618,T618
T2509,T250
Q844,Q844
W2026,_
W1018,_
L082,_
E8716,E871
S2040,S204
M1590,M159
C135,_
V892XXXA,_
P0344,P034
L8980,L89
N7718,N771
K1439,K1439
5511,_
R361,R36
D47Z,_
J8892,_
G090,G09
D781,_
2382,_
P0718,P071
P088,_
C4991,C499
L7622,_
K6480,_
J1213,J121
H3200,H320
R260,R260
O1500,O150
Y2295,_
T1812,T181
Z1388,Z138
O927,O927
T8143,T814
H3232,_
Z059,_
S2207,S220
M149,_
A6899,A689
M8713,M8713
T2432,T243
G0610,G061
R9110,R91
O924,O924
A48,_
M2183,M2183
T1414,T141
S3000,S300
R263,R263
H633,_
V493,_
J613,J61
K683,_
X5981,_
Y426,_
H1610,H161
M0002,M0002
W0309,_
M612,M612
C518,C518
D4781,_
T870,T870
D3706,D370
N650,_
N3020,N302
O5091,_
K5096,K509
C650,C65
S7295,S729
S821M2,_
N4595,N459
E0405,E040
1000,_
Z148,_
Z218,Z21
R6251,_
E1369,E136
S45,S459
Q2101,Q210
H0272,H027
R3580,R35
I1491,_
W1843,_
W245,_
M9532,M953
Z977,_
C7802,C780
K5151,K515
O7171,O717
Y449,_
Z736,Z736
P745,P745
J4541,_
I4328,I432
Z01222,Z012
Y9899,_
B0589,B058
R2689,R268
J9892,J989
J1839,_
X1788,_
O8097,O809
I3639,_
J031,_
J509,_
M1221,M1221
7813,_
I798,I798
M2443,M2443
R85,R859
D0222,D022
S06O,_
M8028,M8028
5665,_
M2417,M2417
J9490,J949
W1921,_
3488,_
C4433,C443
W1941,_
R582,R58
Y553,_
O363O,_
O333O,_
W1162,_
E1461,E146
S614I,_
W3110,_
K473,_
Y290,_
W011,_
J218,J218
M6219,M6219
H6503,H650
I6490,I64
E8790,_
D2501,D250
I064,_
O191,_
0892,_
Z623,Z623
N9911,N991
O3401,O340
H4202,H420
Q757,_
N5125,N512
K359S0,_
R8712,R871
K8295,K829
S422S1,_
B970,B970
O7710,_
J008,J00
654,_
P0382,P038
I836,_
M79A3,_
X450,_
Y882,_
D5012,D501
M7070,M7070
K1907,_
S330,S330
R734,_
S515,_
D966,_
A251,A251
R5382,R53
X599Z4,_
V8921,_
C754,C754
W221,_
L9712,L97
Z831,Z831
R297,_
58513,_
H3641,_
M9696,M969
I9985,I99
H0481,H048
T851,T851
M7060,M7060
C4362,C436
M8322,M8322
Z138Z,_
440Z,_
Z811,Z811
K970,_
H40W,_
V1994,_
H09,_
S8282,S828
S036,_
W1304,_
W8504,_
O451,_
R5680,R568
V370,_
B120,_
V470,_
D629,D62
Y793,_
K146,K146
W1029,_
S4214,S421
M4622,M4622
J861,_
V3398,_
W2904,_
K5902,K590
C8440,C8440
O8212,O821
Q211Q,_
G1892,_
Z34O,_
V0291,_
W5516,_
L0382,L038
0335,_
H4038,H403
H4098,H409
M7284,M7284
K854,_
D553,D553
T364,T364
A280,A280
X6409,_
872,_
0989,_
O800___,_
O800_,_
Y509,_
Y3098,_
G7001,G700
W1841,_
K6201,K620
S8193,S819
J6680,J668
Q7490,Q749
L0420,L042
A977,_
M9124,M912
J0969,J09
C5792,C579
I6400,I64
O8649,O864
M342,M342
O2692,O269
G43A,_
O788,_
N9092,N909
M4371,_
N502,_
N19UREMIAN,N19
H0260,H026
N1611,N161
C739MT,C73
C029MT,_
B171J172,_
V2224,_
Z83,_
Z8181,Z818
O0083,O008
Q6501,Q650
I1988,_
Q7430,Q743
Q6500,Q650
M1602,M160
M1639,M163
M0088,M0088
X5862,_
S0653,S065
K48,_
A353,A35
M7887,_
R769,R769
0634,_
C913,C913
E1032,E103
X9991,_
Y441,_
580,_
I1889,_
I9800,I980
K2931,K293
M9831,_
K7399,K739
O631Z,_
J0685,J068
H32,_
R492,R492
S6622,S662
W0120,_
D925,_
S349,_
9321,_
V3878,_
Q314,Q314
O7023,O702
H4461,H446
W800,_
M6119,M6119
D4855,D485
M4392,M4392
D2412,D24
K7682,K768
L084,_
W1589,_
W4563,_
K3359,_
W1972,_
1213,_
H3310,H331
I569,_
W1901,_
S9362,S936
2\,_
6409,_
B9684,B968
Q3090,Q309
L799,_
Z5200,Z520
S4024,_
C6509,C65
D3970,D397
M0416,_
Z0156C2,_
O3630,O363
I6205,I620
N40N,N40
1380,_
M9986,M9986
H0598,H059
N495,_
K027,_
M8937,M8937
B346,_
G103,G10
J0609,J060
P939,P93
V6043,_
V39,_
T7531,T753
C0601,C060
N2101,N210
C256,_
Z473,_
X8504,_
9681,_
K6430,_
Z320Z3,_
59,_
C703,_
J1319,J13
Z345,_
F1920,F1920
K0331,K0331
S8025,_
E8301,E830
B8300,B830
Q720,Q720
B2009,B200
N18S,_
B1815,B181
S2530,S253
I0303,_
J1991,_
C04,C049
Y1399,_
Y5199,_
G9611,G961
V3348,_
C3498,C349
M9441,_
K778,K778
N8089,N808
G2581,G258
P752,P75
W7304,_
Z380A,_
X7999,_
K394,_
Z347,_
D2330,D233
V6662,_
X4662,_
0790,_
O278,_
V179,_
M2751,_
D649NA,_
W2598,_
F1096,F109
R403,_
P50,P509
M819P,_
S1250,_
W8763,_
Z983,_
Z052,_
Y521,_
H290,_
X839,_
G9619,G961
S193,_
A0682,A068
5600,_
L8581,L858
D4820,D482
C058,C058
M8958,M8958
O8209,O820
B1693,B169
2020,_
Q205,Q205
D1690,D169
M8308,M8308
B56,B569
S2232,S223
Z3561,Z356
M2597,M2597
O6193,O619
M6484,_
N024,N024
0399,_
G566,_
I6930,I693
Y78,_
Y0448,_
L089L,_
W4963,_
T272,T272
K8592,K859
T,_
W167,_
V686,_
I8,_
W0169,_
W1358,_
E1441,E144
N236,N23
T611XXA,_
Z424,Z424
I8730,_
K7200,K720
A213,A213
B813,B813
C53G,_
C3291,C329
H498,H498
5921,_
Y592,_
B09X,B09
Z542,Z542
C8201,C820
M2206,M220
G4311,G431
J9622,_
J74,_
I8402,I840
1270,_
D3132,D313
H3352,H335
E1042,E104
S0683,S068
C932,C932
3532,_
M019,_
I1311,I131
W0729,_
N083I1,_
M9512,M951
F369,_
Y5919,_
J461,J46
E1343,E134
H069,_
I1096,I10
N997,_
M979,_
M0290,M0290
J718,_
M6220,M6220
M2571,M2571
Y404,_
J327,_
O654Z9,_
S8810,S881
B3681,B368
H1602,H160
V2709,_
N653,_
O876,_
V581,_
N4540,_
I2582,I258
R201,R201
O3211,O321
H2191,H219
C7701,C770
J793,_
M5706,_
R811,R81
I550,_
S6145,_
B3517,B351
Z44,Z449
M3,_
M000\3,_
\0,_
M9645,M964
D3891,_
S9989,S998
C0400,C040
C7790,C779
K5283,K528
N6690,_
C374,C37
D3205,D320
G1,_
K703K2,_
K831K0,_
H557,H55
O7215,O721
T8,_
W1495,_
S822M2,_
H511,H511
Q6020,Q602
R930,R930
H0502,H050
Z227,_
O956,O95
S3523,S352
H3082,H308
W1722,_
R633Z,_
N612,N61
A0939,A09
H1010,H101
R5412,R54
W317,_
S9160,_
W5455,_
O809ZZ30,_
H4004,H400
J703,J703
S5035,_
Z511W,_
H2131,H213
C064,_
S5670,S567
V785,_
W0380,_
M0030,_
Z3639,Z363
S3671,S3671
M7898,_
I1251,_
R718,R71
F1505,F1505
S265,_
C0,_
O3889,_
J91X,J91
T8441,T844
D5391,D539
K769K1,_
S3732,S373
D670,D67
I623,_
K169,_
V119,_
Z158,_
H4013,H401
K2690,K269
T0331,T033
H1051,H105
C4032,C403
L568,L568
S1982,S198
C1870,C187
Q175,Q175
Q990,Q990
L251,L251
D5250,_
B2829,_
Z0167,Z016
Z0169,Z016
Z0166,Z016
Z0165,Z016
T270,T270
H3010,H301
M017,_
J433,_
S4234,S423
J1299,J129
D616,_
W5198,_
O7515,O751
W0428,_
M4884,M4884
I321,I321
M2425,M2425
X0849,_
M4725,M4725
D396,_
C7695,_
M2427,M2427
L7631,_
T91,T919
C4472,C447
K128,_
Z273,Z273
M6731,M6731
A0650,A065
V8072,_
M851,M851
W529,_
M2598,M2598
Y443,_
N189I,_
N7013,N701
M8712,M8712
Y753,_
6939,_
O145,_
Z113,Z113
\6,_
R1904,R190
M9063,M9063
E1052,E105
N8591,N859
5832,_
M7936,M7936
W0695,_
K7661,K766
Z3890,_
J1595,J159
196,_
A232,A232
S6431,S643
N081,N081
C029M,_
J858,_
S0155,S015
G6189,G618
N6110,N61
D788,_
A9279,_
D922,_
S430S,_
X5997,_
Z9885,Z988
Z1833,_
C56M,C56
V3929,_
B983,_
Z0429,Z042
I071I,_
X410,_
O8348,O834
H139,_
Z837,Z837
V2004,_
L613,_
O978,O97
5216,_
G113,G113
S7330,_
V242,_
G3281,G328
T3021,T302
X5863,_
O018,_
T511,T511
239,_
W061,_
W098,_
Q931,Q931
D406,_
A2591,A259
K466,_
U5000,_
S8226,S822
E562,_
G660,_
I399,_
O3350,O335
A329,A329
V887,_
A07,A079
Z073,_
M136,_
J3220,J322
I119I,_
W2223,_
W979,_
A6001,A600
M787,_
J8240,J82
J822,J82
J4491,J449
M7261,M7261
I3681,I368
Y602,_
Z1511,_
N977,_
W1773,_
V2748,_
H5521,H55
T621,T621
M8461,_
H4210,_
H5353,H535
M46,M469
5530,_
H83,H839
C6791,C679
C4031,C403
I8381,_
Q2496,Q249
S4249,S424
M1500,M150
M7643,M764
S840,S840
N6313,N63
D859,_
G552,G552
W1904,_
R937,R937
Q3699,Q369
0029,_
S5922,_
L229,L22
N379,_
D63O,_
0832,_
J784,_
C0259,_
D4471,D447
V1951,_
I4991,I499
V842,_
P203,_
Z54,Z549
Z3892,_
F043,F04
L8922,L892
O0891,O089
0037,_
372,_
0051,_
D259M,_
D980,_
Y41,_
S17,S179
C7610,C761
H4419,H441
I919,_
I0612,I061
J455,_
D505,_
L7630,_
H2080,H208
K239,_
S3093,S309
J408,J40
R112,R11
Y588,_
S4520,S452
J9499,J949
1890,_
A56,_
N6041,N604
W2281,_
R0689,R068
I578,_
O2491,O249
S0059,S0059
O8299,O829
R152,R15
P9934,_
M5312,M5312
N7360,N736
V8699,_
Y259,_
O5211,_
W2678,_
K1081,K1081
M7110,M7110
M1586,M158
K3219,_
D7372,_
D1640,D1640
O2425,O242
O322Z9,_
S3560,_
O2829,O282
M2161,M216
S9421,S942
O620Z,_
C7809,C780
O1801,_
C362,_
B6010,B601
C6902,C690
7793,_
L384,_
I1296,I129
Z2332,Z233
K2270,K227
N1719,N171
O184,_
5310,_
O3214,O321
W0308,_
N712,_
C7938,C793
X849,_
O1302,O13
44,_
L924,_
0760,_
S454,_
H217,_
V144,_
S6780,S678
J1881,J188
J551,_
L715,_
B373N7,_
V402,_
H6242,H624
J4090,J40
W8759,_
Z254,_
Z5599,Z559
G029,_
Z4043,_
C509ER,_
R733,_
0651,_
H3702,_
Z3570,Z357
9129,_
D2505,D250
C9250,C925
E7525,E752
O9943,O994
E76,E769
K962,_
H385,_
X5952,_
N918,_
W1920,_
O82O0,_
W1831,_
W0389,_
A989,_
L569,L569
S3822,S382
Z370O4,_
R482,R482
C226,_
M8605,M8605
O579,_
O941,O94
L598,L598
P9943,_
J080,_
Z716,Z716
C795M8,_
F1099,F109
C4903,C490
G731,G731
H6241,H624
W5,_
C9290,C929
8503\0,_
Z3382,Z33
W496,_
K3635,K36
W1728,_
S1670,S16
M4714,M4714
I184,_
I8990,I899
I156,_
1255,_
5849,_
R293,R293
O774,_
G339,_
0B,_
D2590,D259
Z3688,Z368
0743,_
I1501,I150
S9122,S912
F511,F511
H880,_
M6503,M6503
O321O,_
M2393,M2393
A798,A798
I769,_
M4022,M4022
J661,J661
N6111,N61
R9211,R92
H2782,H278
H1849,H184
P5598,P559
X0962,_
T9320,T932
C916,C916
E23,_
S915,_
P530,P53
V590,_
X174,_
S1311,S1311
3GA,_
S5981,S598
Y07,_
Y32,_
C6950,C695
N326,_
N8330,N833
9355,_
E1189,E118
V0391,_
C4417,C441
N8388,N838
K4609,K460
W1739,_
L499,_
H2110,H211
P0089,P008
Q106,Q106
H0039,_
K5091,K509
S7711,S771
1030,_
N161,N161
S0325,S032
A102,_
J669,_
O6811,O681
R27,_
E420,E42
F170,F170
Q765,Q765
M783,_
Y8390,_
W0339,_
W5908,_
O626,_
V041,_
N3909,N390
J859,_
S5499,S549
K5290,K529
R9681,_
R4182,R418
1744,_
H1603,H160
J1019,J101
C4002,C400
W4592,_
Z819,_
T2410,T241
O6990,O699
622,_
S810TYPEA,_
Y3090,_
T059,T059
S5801,S580
J3301,J330
W218,_
Q783,Q783
K527,_
M6505,M6505
H31,H319
W4573,_
V2351,_
W1981,_
O303,_
D4649,D464
N112N0,_
M1692,M169
L934,_
C8500,C850
W3466,_
E280,E280
S571,_
S0207,S020
S4731,S47
D4300,D430
Y301,_
Z407,_
F500,F500
K162,_
T8752,T875
S1413,S141
H0287,H028
0696,_
Z7401,Z740
J906,J90
J701,J701
J102,_
1060,_
Z893,Z893
J0114,J011
Z3580,Z358
K2804,K280
S065X,_
H6043,H604
I5390,_
Q796,Q796
M2339,M2339
G00,G009
A518,_
O513,_
K348,_
K2573,K257
D3771,D377
E1013,E101
M8086,M8086
8820,_
G92X,G92
664,_
K29I2,_
E0495,E049
N800I,_
S0810,S081
M53,M539
0646,_
G0490,G049
H228,H228
S9892,_
M0622,M0622
C688,C688
K8004,K800
7600,_
M738,M738
K0101,K010
E1171,E117
K066,_
Y482,_
T8480,T848
Z8719,Z871
S9294,S929
Z9669,Z9669
W1058,_
W1419,_
K877,_
C2180,C218
W6599,_
J9800,J980
Z768,Z768
0481,_
Y210,_
W0240,_
K4309,K430
P6180,P618
O551,_
1602,_
K1130,K113
C9109,C910
G4701,G470
G06,_
Z635,Z635
O649Z9,_
J4395,J439
K2440,_
D658,D65
R830,R830
S3689,S368
T419,_
M1595,M159
E0436,_
X15,_
A0191,_
E1401,E140
J1490,J14
NSD0I,_
K437,_
Y499,_
L292,L292
S2440,S244
K4321,_
B4791,B479
K556,_
J1529,J152
V781,_
N7600,N760
V56,_
M8547,M8547
V2198,_
C5690,C56
A3970,_
O1590,O159
O821Z1,_
L792,_
J147,J14
C91A1,_
B45,B459
O6804,O680
S1230,_
O3241,O324
V2309,_
V2208,_
N5503,_
Z0001,Z000
H7190,H71
I6311,I631
Z392_,_
W0159,_
Y3431,_
M1061,_
H1643,H164
K927,_
O2342,O234
R0987,R098
X79,_
J626,_
L071,_
B0223,B022
O5810,_
O3634,O363
M2181,M2181
W1209,_
X7408,_
1471,_
N817,N817
W158,_
M4314,M4314
E7739,_
308,_
B2592,B259
M6806,M6806
Z140,_
O1202,O120
G5630,G563
Z3602,Z360
M7124,M712
S6359,S635
1422,_
K4590,_
E980,_
E8561,_
Z281,Z281
K9212,K921
Y0939,_
S619TYPEA,_
S821TYPEA,_
Z370_,_
O238,_
S3691,S3691
H583,_
O2473,_
W318,_
G5620,G562
Y0401,_
T473,T473
K3299,_
O931,_
S6258,S625
V1800,_
A602,_
M7101,M7101
C6960,C696
Z5282,Z528
H8591,_
H5190,H519
C2590,C259
O1892,_
G2P2,_
A03,A039
635,_
J844,_
O3425,O342
0766,_
M6804,M6804
C9501,C950
K9419,_
T744,_
E7879,_
H4991,H499
M4707,M4707
0344,_
O476,_
P2369,P236
N272,_
M8444,M8444
S9801,S980
O8934,O893
O6989,O698
O691XXO,_
J1519,J151
Z210,Z21
T162XXA,T16
Z01223,Z012
O961,O961
K579K9,_
N201I0,_
2105,_
P77X,P77
684,_
T2921,T292
C622,_
K0290,K029
E432,E43
W37,_
H5129,H512
R772,R772
J2100,J210
Q378DS,_
C9,_
V4859,_
S0300,S030
C500L,_
W90,_
B669,B669
F709,F709
L018,_
Z9840,_
L0282,L028
G8194,G819
O472,_
V2498,_
I384,I38
I980,I980
O7090,O709
M9509,M950
H443,H443
A5210,A521
J065,_
D4599,D45
C973,C97
A4202,A420
N2189,N218
D387,_
X5893,_
M2108,M2108
S162,S16
332,_
W5090,_
K5931,K593
X1462,_
C212,C212
28,_
M1A,_
Q173,Q173
Y44,_
O366Z,_
L6020,L602
O1149,O11
W0152,_
M2390,M2390
M087,_
W2138,_
K8591,K859
I7290,I729
K1300,K1300
M9661,M966
T95,T959
M3213,M321
C4998,C499
S970,S970
O8319,O831
D398,_
J0608,J060
M5321,M5321
T1910,T191
1B,_
0A00,_
17111,_
Z01224,Z012
4520,_
A1508,A150
J1820,J182
V865,_
M416,_
I467,_
V426,_
X5199,_
X4988,_
M8543,M8543
Y218,_
Y500,_
W050,_
I865,_
O4942,_
E1210,E121
T8531,T853
I7022,I7022
O7410,O741
I275,_
I579,_
A3701,A370
D726,_
K535,_
P5990,P599
Z3740,Z374
R469,_
7300,_
M7208,M720
M6360,_
D5098,D509
Z9362,Z936
S214,_
M4891,M4891
C92A0,_
D862,D862
C935,_
I791,I791
K73,K739
V034,_
S2600,S2600
M5306,M530
T289,T289
M4303,M4303
D52,D529
1510,_
P342,_
E744,E744
T3100,T310
B91,B91
M527,_
M9327,M9327
C457,C457
H3329,H332
P171,_
917,_
S7809,S780
A166,_
W1704,_
H006,_
W7799,_
N203,_
Y8389,_
S374,S374
I2590,I259
O820O6,_
L816,L816
Q684,Q684
D3130,D313
F000,F000
Q1340,Q134
L652,L652
N1450,_
Q546,_
5598,_
S9254,S925
O9902,O990
P319,_
J293,_
K020,K020
C4359,C435
M2699,_
X390,_
M8992,M8992
C4933,C493
J1845,_
D810,D810
Z278,Z278
J1893Y95,_
W1893,_
M8346,M8346
O877,_
T8183,T818
O600O8O0,_
K783,_
N9069,N906
K5733,K573
M9290,M929
I389,I38
3500,_
K2800,K280
T542X,_
F014,_
X580,_
M613,M613
J49,_
B661,B661
M1186,M1186
T1780,T178
E06,E069
A1629,A162
W19X,_
D468,_
E1021,E102
K9402,_
G612,_
V982,_
O339O1,_
S3302,S330
V0248,_
P14,P149
J0640,_
D312,D312
O918,_
Z01225,Z012
L24,L249
X639,_
157,_
J1732,J173
M984,_
C598,_
S3160,_
R279,_
X9972,_
B408,B408
P0700,P070
W889,_
T207,T207
J291,_
B501,_
S949,S949
O452,_
B465,B465
R349,R34
M5403,M5403
T0089,T008
S714,_
V8890,_
S5649,S564
W108,_
M2604,_
Z750,Z750
O7480,O748
M6334,M6334
O766,_
M4047,M4047
H1801,H180
Q6650,Q665
X9899,_
Z68,_
X9901,_
S072,_
L091,_
V4858,_
X7879,_
N1308,N130
S3031,_
M043,_
K0921,K0921
R723,R72
E119J,_
209,_
P0369,P036
W0890,_
O8920,O892
L8501,L850
Y760,_
Z3553,Z355
M8336,M8336
C9105,C910
H7288,H728
Q33,Q339
L750,L750
L052,_
1694,_
B917,B91
Z252,_
Y0028,_
C737,C73
O821Z4,_
M0199,_
J63,_
P9180,P918
I6399,I639
E358,E358
E907,E90
E8792,_
T79A1,_
Z8504,Z850
A406,_
W3549,_
S6199,S619
090,_
B462,B462
Y4099,_
K1480,K1480
H5341,H534
Z4581,Z458
O9941,O994
W3280,_
T1582,T158
W4082,_
H1882,H188
A090E861,A09
S2691,S2691
E178,_
D2596,D259
Z52,Z529
I564,_
W2503,_
M379,_
W2562,_
D246,D24
X039,_
M0185,M0185
Q29,_
Q6810,Q681
D2520,D252
W0659,_
W0930,_
M7701,M770
G457,_
J086,_
K977,_
R1601,R160
M8621,M8621
T631,T631
P0381,P038
Z611,Z611
8203,_
Z3923,Z392
O8291,O829
S471,S47
V327,_
Q950,Q950
I8982,I898
E8691,E86
E201,E201
I178,_
E55,E559
S8660,_
A80,A809
C596,_
Q169,Q169
O3403,O340
M9982,M9982
O363Z9,_
G380,_
M8613,M8613
I7589,_
M3321,M332
P485,_
T3110,T311
4114,_
M0768,M0768
Q679,_
A772,A772
M7793,M7793
3600GRAMS,_
O9920,O992
G8090,G809
L478,_
V492,_
S6559,S655
W2382,_
0401,_
O9990,_
440,_
C2618,C261
W064,_
A090E,A09
C8173,C817
Z1812,_
7718,_
T412,T412
0611,_
M6222,M6222
Q6580,Q658
O1501,O150
B484,B484
N9490,N949
N119Z,_
O820O3,_
O3322,O332
Q8451,Q845
335344,_
Z01226,Z012
V451,_
S6304,S630
A974,_
B79I,B79
J4,_
E819,_
G5000,G500
O3651,O365
M9394,M9394
3370,_
M8601,M8601
G5100,G510
A1830,A183
T2901,T290
T1620,T16
J9880,J988
M7112,M7112
K378,K37
A501,A501
H2624,H262
Y761,_
E0842,_
S3089,S308
J782,_
Q6209,Q620
O282,O282
Z0382,Z038
M9635,M963
I6396,I639
467,_
I6785,I678
N7090,N709
S0509,S050
J314,_
V328,_
T482,T482
V776,_
A255,_
M8320,M8320
Q007,_
D1761,D176
R329,R32
D807,D807
46408,_
000000,_
X522,_
T0188,T018
M5323,M5323
Y3403,_
T0100,T010
M2487,M2487
Q050,Q050
H0,_
O7585,O758
Y1509,_
Y0909,_
Z023,Z023
D1751,D175
P0314,P031
M1072,_
E409,E40
J9090,J90
A0,_
S5855,_
B3592,B359
R4901,R490
M5110,M511
R1400,R14
M7662,M766
I7989,I798
S9971,S997
I129Q,_
D2361,D236
A983,A983
F1905,F1905
K729E1,_
I3505,I350
I859I,_
M963,M963
S0515,S051
K2510,K251
V9199,_
O459Z,_
L083,_
P962,P962
V583,_
S6093,S609
N2828,_
R093,R093
N274,_
K5140,K514
O591,_
V025,_
A932,A932
D548,_
E33,_
X988,_
E112N,_
J598,_
H90,_
Z9911,Z991
M8833,_
A5999,A599
J14,J14
K451,K451
P46,_
H1944,_
2135,_
Z779,_
B1819,B1819
B858,_
N702,N702
B47,B479
T2199,_
O1408,O140
0102,_
A348,A34
K3500,K350
V114,_
N9080,N908
N840D,_
Z3008,Z300
A666,A666
J911,J91
A031,A031
V8925,_
H5342,H534
V591,_
Q685,Q685
Y84,_
W0100,_
I638TYPEA,_
Z163,_
Z021,Z021
J9009,J90
N373,_
W2202,_
E8700,E870
D1611,D161
Y30,_
O9980,O998
H6530,H653
K3598,K359
P900,P90
C2230,C223
N4602,N46
M68,_
I8595,I859
O809D0,_
F290,F29
E0690,E069
2138,_
Z3804,Z380
E033,E033
T2232,T223
E630,E630
L8992,L899
W1588,_
M178,_
W531,_
X339,_
E510,_
J4690,J46
P0192,P019
D1729,D172
E103H360,_
F440,F440
D2790,D27
L6041,L604
Z61,Z619
C8101,C810
9240,_
M071,M071
N8740,_
6459,_
T49,T499
O313,_
B219,B219
N201I3,_
T8249,T824
L399,_
M6292,M6292
M8955,M8955
I560,_
K8O2,_
P2004,P200
O3688,O368
J1489,J14
0891,_
469,_
B549,B54
T297,T297
X819,_
I1450,_
D0921,D092
O8800,O880
B36,B369
O92,_
S502,_
871,_
S890,_
A79,A799
C3430,C343
562,_
Q8311,Q831
K99,_
B130,_
S0992,S099
036,_
I5010,I501
W341,_
S6189,S618
X8409,_
C6373,C637
D068,_
R71,R71
D127M,_
E8350,E835
A110,_
D4302,D430
T971,T97
X5838,_
E843,_
X996,_
Y524,_
V491,_
Y700,_
T0021,T002
V440,_
V441,_
Y3062,_
O203,_
L789,_
J6833,J683
W2652,_
Y9830,_
K505,_
A654,A65
8805,_
R20,_
O809O0,_
P3699,P369
K567K1,_
J249,_
O078,O078
K2054,K20
K279K,_
K2915,K291
I842K9,_
I9751,_
S54,S549
W1982,_
O179,_
D275,D27
X5888,_
X5808,_
X8208,_
V437,_
H1021,H102
D6380,D638
O9903,O990
A931,A931
G1893,_
O484,O48
A803,A803
P469,_
I75,_
N4341,N434
802,_
O649O1,_
I8382,_
D1521,D152
O763,_
M0854,_
K5649,K564
I5084,_
N7003,N700
T0270,T0270
A9731,_
K191,_
S8982,S898
G71,G719
F1910,F191
Y551,_
J569,_
A354,A35
0081,_
5009,_
A095,A09
C167,_
B469,B469
O2409,O240
S0939,_
T288,T288
H3360,_
D47Z1,_
Y871,_
O809Z3,_
C299,_
H4474,H447
D649B,_
H3000,H300
Z5120,Z512
M299,_
M0589,M0589
M8782,M8782
R1040,R1040
S3203,S320
C5899,C58
M1069,_
E1335,E133
T32,T329
W0151,_
A359,A35
C108,C108
I6983,I698
J925,_
O67,O679
S6420,S642
M4827,M4827
O114,O11
M8965,M8965
L103,L103
A573,A57
V5861,_
Z046,Z046
O2243,O224
T089,T08
J8948,_
Q045,Q045
T0081,T008
I6302,I630
V8988,_
N3939,N393
P0714,P071
A785,A78
N619,N61
J828,J82
H0192,H019
V8902,_
W2963,_
R3399,R33
Z06,_
D283,_
I590,_
S8510,S851
B5890,B589
X02XA,_
W1194,_
J750,_
S6471,S647
N9499,N949
K82A1,_
C7221,C722
E8715,E871
Z658,Z658
T7026,T702
S7170,S717
H2575,_
S0811,S081
C3402,C340
E8152,_
M8424,M8424
R502,R502
P992,_
M1699,M169
Y353,_
R867,R867
S4112,S411
M7262,M7262
F248,F24
I8989,I898
A672,A672
Q73,_
J9561,J956
E1180,E118
G988,G98
O1642,O16
V7871,_
R4181,R418
A529,A529
Z639,Z639
O6492,O649
I2584,I258
S096,_
Q591,_
W875,_
R6,_
N173,_
C4960,C496
V376,_
M645,_
M7798,M7798
2821,_
K5676,K567
A750,A750
M6585,M6585
K2898,K289
J641,J64
M7850,_
N1789,N178
M8047,M8047
M288,_
Q5631,Q563
W266,_
O970,O970
P423,_
S262,_
L0320,L032
E047,_
I4645,_
05A,_
X7801,_
J4892,_
0652,_
S0603,S060
I6000,I600
F482,_
O19,_
W1329,_
W4062,_
M7155,M7155
1518,_
U898,U898
S7112,S711
S6818,S681
F034,F034
J620,J620
O60I,_
P83,P839
Q55,Q559
D243,D24
S1315,S1315
N861,N86
V699,_
H7002,H700
N423,N423
J9292,J929
B3749,B374
L9294,L929
I1040,I10
Y3545,_
I580,_
W1902,_
Z4651,Z465
V1998,_
G349,_
O7202,O720
L0791,_
H461,H46
Z370V,_
N580,_
19196,_
T141W54,_
O8228,O822
M4197,M4197
X892,_
H8000,H800
W1788,_
Z9800,Z980
Z3838,Z383
X5800,_
O4269,_
D4901,_
V803,_
Y74,_
S5262,S526
F857,_
S853,S853
O7809,_
M6199,M6199
S0654,S065
M4027,M4027
814,_
W1895,_
W7509,_
C5656,C56
E142NE83,_
X232,_
Z3832,Z383
Y041XXS,_
594O9,_
C780C,_
Y2808,_
Q393,Q393
T357,T357
S5692,_
D3320,D332
L0392,L039
D318,_
W1098,_
S6040,_
E502,E502
C8090,C809
Q6991,Q699
M9808,_
T8159,T8159
P869,_
J890,_
6709,_
I438A,_
Y847,_
U839,_
P0205,P020
0002,_
3330,_
3380,_
G653,_
F1508,F150
O373,_
N82,N829
I639I1,_
A9715,_
H828,H82
W1549,_
X0902,_
Q7032,Q703
R1MC,_
Z974,Z974
N1003,N10
M812,M812
162,_
1139,_
M8834,_
K6381,K638
T8573,T857
H2391,_
W1192,_
D257,D257
M456,M456
Y5903,_
M2185,M2185
M5479,_
T152,_
V5998,_
B307,_
O511,_
G282,_
K078,K078
1314,_
C486,_
S6500,S650
268,_
I109AI52,I10
J305,_
Z3932,_
W289,_
C8801,C880
W159,_
S0906,S090
J1450,J14
Z507,Z507
H0512,H051
D183,_
F469,_
V561,_
O3090,O309
X5989,_
M8721,M8721
B4590,B459
W0404,_
X0009,_
I8080,I808
V1214,_
A1651,A165
W0181,_
1340,_
W399,_
S303,_
S690,_
1229,_
J2994,_
S7219,S721
H1584,H158
D565,_
M3500,M350
680,_
A271,_
M4,_
N210N,_
N570,_
468,_
N336,_
W1973,_
D456,D45
I1639,_
C1698,C169
T431,T431
J8,_
0755,_
H474,H474
W751,_
1C,_
V0348,_
I79,_
T551,T55
W454,_
E1332,E133
H4023,H402
N1321,N132
D1401,D140
H4040,H404
R4240,R42
169,_
B696,_
H0480,H048
W5513,_
Y2992,_
A81,A819
1489,_
0103,_
D525,_
S0113,S011
K1310,K131
D712,D71
L663,L663
J4412,J441
S913TYPEA,_
V4991,_
M7644,M764
C083,_
5039,_
C169M8000/3,_
K582,_
N3930,N393
W1751,_
H0410,H041
M1109,M1109
H2910,_
K5901,K590
K3915,_
H5710,H571
E8331,E833
J503,_
E142NO85,_
R46,_
K8110,K811
K7520,K752
O780,_
E7143,_
Y041,_
I6500,I650
O768,_
X1592,_
W2191,_
D3201,D320
X6399,_
E29,E299
1090,_
X2008,_
W1813,_
S5701,S570
W2472,_
I4308,I430
H7312,H731
0715,_
S5314,S5314
L0322,L032
1XXA,_
S0247,S024
W5408,_
S3994,S399
X4,_
5194,_
E059EO52,_
N1849,N184
I4792,I479
M8411,M8411
F3130,F3130
J139,J13
Q841,Q841
J8191,J81
M6884,M6884
O60Z3,_
M3580,M358
C4462,C446
H9101,H910
O2339,O233
E910,_
R710,R71
K9681,_
0635,_
S928,_
O2687,O268
2200GRAMS,_
D8763,_
A494,_
S3320,S332
O529,_
F78,F789
E8712,E871
S394,_
M7963,M7963
E1435,E143
D5800,D580
C905,_
O9931,O993
G3064,_
5462,_
5840,_
Z7410,Z741
1425,_
9260,_
5470,_
K0841,_
W1851,_
W5020,_
W2681,_
W2704,_
W2673,_
R835,R835
A139,_
V3841,_
V93,_
O9922,O992
K8O1,_
S043,S043
K422,_
O777,_
M6629,M6629
J2000,J200
M7747,M7747
I168,_
0360,_
4091,_
T8406,T840
Z6415,Z641
I4821,I48
5203,_
D7525,D752
5461,_
M3LEG,_
Q139,Q139
W2689,_
1289,_
J961J,_
8901,_
S5619,S561
H5005,H500
R460,R460
Z380RVSCODE,_
T457,T457
D7831,_
W1681,_
O158,_
D6490,D649
P2202,P220
T141W,_
M8858,_
H4025,H402
135,_
A0916,A09
M404,M404
R704,_
V5862,_
G4735,G473
S8440,_
E1362,E136
D3914,D391
S6134,_
C5141,_
I249HI,_
F291,F29
W176,_
W5181,_
M6225,M6225
I717,_
T325,T325
O0993,_
S1015,S101
V2929,_
A648,A64
M181,M181
B6182,_
O1304,O13
W1344,_
Q973,Q973
H665,_
P541,P541
Z0951,_
Z3907,Z390
O0199,O019
K5101,K510
J4522,J452
I6292,I629
P694,_
9209,_
K3650,K36
O9904,O990
J4893,_
Z336,Z33
810,_
M4380,M4380
S184,S18
E877J,_
Y781,_
S105,_
E1141,E114
T2340,T234
W0179,_
K0112,K0112
O97,O97
H1512,H151
Y322,_
W544,_
M745,_
K5791,K579
1415,_
J872,_
N1370,N137
Z1832,_
M5156,_
E095,_
17,_
18,_
J747,_
M8332,M8332
X919,_
E805,E805
L683,L683
S6691,S669
Y338,_
G935I,_
J830,_
C646,C64
N6392,N63
P26,P269
5023,_
R7305,R730
G6402,G64
D737,_
W2001,_
O3242,O324
T0681,T068
S0192,S019
I6I8,_
I4569,I456
Y924,_
A09E869,A09
M8927,M8927
I6904,I690
M7946,M7946
I050I5,_
I6151,I615
N3499,_
Z9330,Z933
K213,_
Z912,Z912
21A,_
W1763,_
P5930,P593
I022,_
M3714,_
M4642,M4642
F4312,F431
F4011,F401
5439,_
X1908,_
T6111,T611
I324,_
R9439,R943
V104,_
V802,_
S8203,S820
L9741,L97
C178,C178
S039,_
I8091,I809
S3902,S390
A792,_
S1400,S140
L9731,L97
N8351,N835
V0398,_
K8501,K850
1482,_
5380,_
C760M8O1O3,_
5862,_
S591,_
Z814,Z814
S7260,_
J0699,J069
O703O,_
M7263,M7263
P388,P38
S8892,S889
E8671,E86
J694,_
C9801,_
M516,_
V2210,_
C5613,C56
Y483,_
L13,L139
5711,_
B854,B854
G5680,G568
G3459,_
279,_
C50919,C509
Z3895,_
Y936,_
W0143,_
O6261,_
W5709,_
272,_
I1808,_
Q77,Q779
Z856,Z856
Q89,Q899
5011,_
5062,_
O5,_
W542,_
Z5130,Z513
J963,_
X496,_
L0882,L088
J161,_
T974,T97
N339,_
M5421,M5421
T1611,T16
I8284,I828
5303,_
S8336,S833
R869,R869
5690,_
1641,_
A29A,_
J271,_
Y626,_
T386,T386
Y468,_
G654,_
S0638,S063
M9001,M9001
J8189,J81
J6902,J690
8112,_
N1103,N110
N6090,N609
E8678,E86
V592,_
I146,_
5560,_
C910M,_
094,_
5190,_
B773,_
Z0157A1,_
NDS01,_
C19FRP,_
MD01,_
C19T1,_
C19IP3,_
C19IP2,_
C19T2,_
C19CI,_
C19T3,_
C19IP1,_
Z0151B2,_
C19X2,_
M1383,M1383
V556,_
A1807,A180
C4961,C496
I599,_
Y3008,_
R941,R941
C4450,C445
O8214,O821
1258,_
B458,B458
S6070,S607
F875,_
Z3039,Z303
E24,E249
R0521,R05
R781,R781
S942,S942
I1619,_
Z205,Z205
R5700,R570
I435,_
T0091,T009
A31,A319
O933,_
V850,_
V810,_
G046,_
G823,G823
3876,_
V1759,_
I9712,I971
T699,T699
K8195,K819
O792,_
D491,_
X0494,_
561,_
R780,R780
Z022,Z022
M7012,M701
X5699,_
L000,L00
S0272,S027
V6359,_
M8781,M8781
F182,F182
J1393,J13
093,_
729,_
R1319,R13
H1852,H185
K353TC,_
S083,_
T2099,_
2511,_
5385,_
M3320,M332
W6831,_
Q119,_
P966,_
S9255,S925
S8610,S861
V693,_
Z258,Z258
Q5529,Q552
N2025,N202
D755,_
4430,_
M831,M831
T893,_
M2100,M2100
G1305,G130
G2270,G22
T8471,T847
A1815,A181
B464,B464
H0209,H020
N189NO39,_
5493,_
P220P,_
M041,_
038,_
U071,_
379,_
H0400,H040
F15,F159
S6882,S688
Z838,_
8331,_
O2943,O294
Z9110,Z911
F189,F189
U072,_
