raw_code,mapped_code
99460,_
N390,N390
P239,P239
E835,E835
E878,E878
E875,E875
A099,A099
K660,K660
J4590,J459
C19T1,_
B829,B829
C19X1,_
I219,I219
C19T2,_
J36,J36
I101,I10
I639,I639
G723,G723
A152,A152
J960,J960
C19T3,_
J1892,J189
J209,J209
T675,T675
A971,_
I099,I099
O720,O720
P369,P369
I109,I10
Z01203,Z012
E108,E108
I619,I619
O244,O244
N185,N185
K599,K599
A499,A499
K831,K831
I500,I500
F239,F239
N179,N179
L039,L039
I120,I120
R571,R571
K639,K639
D649,D649
O200,O200
A060,A060
K567,K567
K291,K291
S0651,S0651
J449,J449
D329,D329
M159,M159
C19AT1,_
C221,C221
I678,I678
A199,A199
C20,C20
P221,P221
B651,B651
R570,R570
A970,_
P073,P073
D374,D374
P071,P071
D62,D62
R560,R560
G419,G419
P240,P240
L032,L032
Z01204,Z012
H811,H811
K830,K830
J22,J22
D638,D638
M358,M358
K297,K297
A062,A062
P220,P220
P025,P025
I259,I259
Z390,Z390
I119,I119
S0600,S0600
R568,R568
G403,G403
R42,R42
J1893,J189
I633,I633
P241,P241
J90,J90
A419,A419
Z0168,Z016
J683,J683
P001,P001
I638,I638
P009,P009
P619,P619
J849,J849
P230,P230
I639G467,_
P394,P394
S021,S021
C61,C61
T931,T931
D591,D591
J1899Y95,_
K529,K529
L031,L031
K279,K279
P219,P219
A418,A418
A061,A061
M1900,M190
E46,E46
K746,K746
K566,K566
K040,K040
J111,J111
P209,P209
E110,E110
K904,K904
E115,E115
E117,E117
E162,E162
E141,E141
I059,I059
F200,F200
A169,A169
E145,E145
A010,A010
I214,I214
P051,P051
I635,I635
G931,G931
B349,B349
E119,E119
I48,I48
J4500,J450
O731,O731
Q431,Q431
G060,G060
D509,D509
K801,K801
J852,J852
D152,D152
S0270,S0270
K318,K318
T009,T009
T784,T784
N288,N288
I209,I209
F209,F209
B09,B09
K760,K760
S019,S019
C19IP2,_
J81,J81
C910,C910
H669,H669
O141,O141
G934,G934
N10,N10
K500,K500
K274,K274
J984,J984
B019,B019
M869,M869
O988,O988
G439,G439
Q897,Q897
P011,P011
I509,I509
O998,O998
P003,P003
T008,T008
J441,J441
L021,L021
M1999,M1999
I210,I210
E876,E876
O210,O210
I611,I611
P019,P019
N309,N309
Z01206,Z012
O600,O600
D539,D539
O039,O039
J690,J690
H819,H819
G629,G629
J069,J069
K573,K573
T609,T609
O995,O995
I609,I609
F312,F312
N939,N939
T782,T782
R54,R54
E116,E116
T793,T793
G510,G510
A168,A168
G442,G442
G459,G459
O211,O211
A090,A090
D431,D431
G935,G935
J679,J679
K30,K30
G20,G20
P368,P368
P034,P034
Z0052,Z005
J068,J068
G450,G450
G938,G938
Z01208,Z012
L028,L028
C509,C509
Z01205,Z012
J1802,J180
G409,G409
J039,J039
E106,E106
B348,B348
F064,F064
T212,T212
I269,I269
N61,N61
I634,I634
D500,D500
M329,M329
C19IP4,_
P598,P598
N209,N209
I200,I200
B659,B659
N12,N12
E880,E880
B371J172,_
M1099,M1099
C787,C787
N189,N189
M5416,M5416
G401,G401
T789,T789
L030,L030
A972,_
K122,K122
K210,K210
C19PP1,_
H050,H050
I499,I499
C19X2,_
H813,H813
Z01211,Z012
M1000,M1000
J969,J969
T255,T255
Z010B,_
T824,T824
Z0062,Z006
M5439,M5439
P393,P393
O723,O723
Z01210,Z012
C349,C349
A160,A160
J709,J709
N178,N178
S0240,S0240
T848,T848
P128,P128
T628,T628
D129,D129
N40,N40
K219,K219
S011,S011
T391,T391
E101,E101
S0650,S0650
C340,C340
Z354,Z354
C19IP1,_
C19X3,_
D619,D619
S0690,S0690
C679,C679
G700,G700
A150,A150
I64,I64
J988,J988
D510,D510
J939,J939
P022,P022
K769,K769
I610,I610
C19IP3,_
D391,D391
N492,N492
Z010A,_
P031,P031
N039,N039
H445,H445
M0099,M0099
N709,N709
K560,K560
I250,I250
J101,J101
S435,S435
A162,A162
G939,G939
O429,O429
T300,T300
K271,K271
D381,D381
N832,N832
I880,I880
O471,O471
K254,K254
T758,T758
T454,T454
K561,K561
S0660,S0660
I618,I618
D693,D693
L033,L033
I213,I213
H052,H052
F319,F319
C185,C185
D350,D350
Z01209,Z012
S020,S020
S099,S099
K319,K319
G610,G610
K290,K290
N200,N200
M543,M543
F203,F203
K703,K703
L029,L029
O034,O034
Z0165,Z016
S2240,S2240
I110,I110
I201,I201
M1309,M1309
I38,I38
A014,A014
P599,P599
K709,K709
D630,D630
K650,K650
A369,A369
S819,S819
H810,H810
O321,O321
B182,B182
0935,_
C711,C711
E039,E039
L022,L022
N139,N139
N19,N19
L038,L038
I674,I674
C859,C859
K273,K273
J40,J40
K270,K270
P968,P968
D489,D489
I255,I255
E131,E131
P249,P249
P551,P551
P831,P831
E871,E871
K802,K802
P399,P399
B180,B180
T001,T001
Z01201,Z012
S0691,S0691
S018,S018
T671,T671
B199,B199
S16,S16
K729,K729
N926,N926
I260,I260
H440,H440
I208,I208
A159,A159
T202,T202
G969,G969
A410,A410
I248,I248
C539,C539
M545,M545
M629,M629
N258,N258
A38,A38
G934E90,_
O064,O064
O441,O441
K800,K800
P591,P591
P582,P582
S434,S434
S0630,S0630
P761,P761
Z01212,Z012
S818,S818
G360,G360
D443,D443
T754,T754
E128,E128
C729,C729
E105,E105
O233,O233
K766,K766
J989,J989
P593,P593
K579,K579
N201,N201
A89,A89
E861,E86
S0620,S0620
K821,K821
K851,K851
N319,N319
J1292,J129
O901,O901
I256,I256
G433,G433
A167,A167
T618,T618
Z0071,_
K047,K047
N059,N059
I630,I630
O152,O152
O721,O721
I693,I693
L024,L024
I240,I240
A46,A46
N281,N281
J931,J931
K253,K253
A161,A161
M6266,M6266
F329,F329
A158,A158
I159,I159
K913,K913
E111,E111
N47,N47
N739,N739
Z01213,Z012
C119,C119
M4806,M4806
E059,E059
N801,N801
O364,O364
C187,C187
I211,I211
N300,N300
P008,P008
T203,T203
O996,O996
C259,C259
C500,C500
S934,S934
Q250,Q250
A021,A021
S610,S610
M819,M819
T519,T519
M0299,M0299
J1592,J159
K768,K768
C169,C169
O990,O990
M7999,M7999
A182,A182
K222,K222
A819,A819
Q336,Q336
N009,N009
P916,P916
P002,P002
M478,M478
P612,P612
K811,K811
I615,I615
K295,K295
P070,P070
H664,H664
T310,T310
P38,P38
J91,J91
P081,P081
P700,P700
O470,O470
A911,A911
R509,R509
P038,P038
K564,K564
I472,I472
I251,I251
D823,D823
C220,C220
P363,P363
T520,T520
K590,K590
K221,K221
S0200,S0200
C23,C23
K804,K804
I471,I471
A165,A165
J1212,J121
R579,R579
E161,E161
O234,O234
I139,I139
T940,T940
E109,E109
N137,N137
M163,M163
T003,T003
J118,J118
N289,N289
N938,N938
M1990,M199
A90,A90
K750,K750
E052,E052
I629,I629
M0699,M0699
S017,S017
E107,E107
G473,G473
D259,D259
C719,C719
M8667,M8667
K808,K808
M303,M303
Z01216,Z012
P012,P012
N049,N049
O069,O069
I420,I420
K250,K250
H700,H700
O420,O420
Z01214,Z012
S0260,S0260
M512,M512
I498,I498
J668,J668
Z01220,Z012
Z0051,Z005
K20,K20
N459,N459
T445,T445
C920,C920
J680,J680
E43,E43
N050,N050
E050,E050
T222,T222
A379J170,_
B509,B509
M6000,M6000
E136,E136
K299,K299
O230,O230
Z01215,Z012
Z01207,Z012
S008,S008
T039,T039
F29,F29
C795,C795
C819,C819
C029,C029
D508,D508
C793,C793
O860,O860
D848,D848
Z01219,Z012
G458,G458
N003,N003
M1396,M1396
O861,O861
K565,K565
I871,I871
Q249,Q249
J980,J980
I744,I744
G500,G500
Q379,Q379
O009,O009
N499,N499
G638,G638
D45,D45
I5000,I500
Z0167,Z016
O751,O751
T751,T751
G009,G009
D486,D486
S0621,S0621
D27,D27
G400,G400
E112N083,_
P590,P590
N308,N308
D70,D70
N136,N136
B206,B206
M5450,M5450
S917,S917
N038,N038
Z340,Z340
K828,K828
D618,D618
P809,P809
K859,K859
Z01217,Z012
G92,G92
T424,T424
Z01218,Z012
S224,S224
K824,K824
G049,G049
C771,C771
E249,E249
E146,E146
C780,C780
Z01221,Z012
F488,F488
M940,M940
J1803,J180
M0098,M0098
A085,A085
A279,A279
D568,D568
H663,H663
N498,N498
O365,O365
T630,T630
B779,B779
G809,G809
E142N083,_
S390,S390
Z01224,Z012
K810,K810
T629,T629
S2200,S2200
I613,I613
Q369,Q369
O984,O984
H46,H46
J448,J448
D250,D250
O985,O985
S050,S050
T780,T780
J038,J038
N000,N000
A084,A084
P378,P378
T312,T312
K276,K276
G952,G952
I612,I612
C950,C950
T811,T811
T465,T465
G918,G918
N008,N008
Z02053,Z020
E788,E788
P769,P769
S0280,S0280
A86,A86
G038,G038
M864,M864
I614,I614
Z01223,Z012
S913,S913
I220,I220
C062,C062
O13,O13
T000,T000
F072,F072
Z0041,Z004
O730,O730
C229,C229
P360,P360
C850,C850
M6268,M6268
F109,F109
M5499,M5499
P760,P760
G039,G039
A059,A059
J961,J961
T828,T828
P910,P910
P026,P026
K700,K700
P269,P269
F100,F100
G710,G710
H602,H602
I019,I019
N159,N159
D849,D849
S001,S001
O249,O249
G318,G318
C782,C782
N946,N946
N858,N858
E055,E055
S0210,S0210
H650,H650
O479,O479
L512,L512
J80,J80
A379,A379
P015,P015
K137,K137
I080,I080
T311,T311
S0220,S0220
K85,K859
N450,N450
M1090,M1090
J985,J985
M6265,M6265
K659,K659
I829,I829
Q000,Q000
T941,T941
J440,J440
S0640,S0640
R02,R02
O758,O758
Z01222,Z012
Z01225,Z012
Z0091,_
H402,H402
Z0152A1,_
P60,P60
T622,T622
P701,P701
D432,D432
S009,S009
P375,P375
M2450,M2450
J110,J110
D376,D376
M513,M513
N170,N170
O722,O722
P540,P540
T781,T781
H814,H814
J948,J948
D469,D469
K292,K292
M628,M628
A153,A153
C189,C189
C140,C140
D758,D758
M170,M170
M6260,M6260
G312,G312
B658,B658
C069,C069
P000,P000
G933,G933
M1098,M1098
O266,O266
J108,J108
S0290,S0290
P030,P030
M0690,M0690
C786,C786
K852,K852
P036,P036
T600,T600
N058,N058
D370,D370
Z01202,Z012
K261,K261
S0680,S0680
I631,I631
D593,D593
F840,F840
K818,K818
M5412,M5412
J09,J09
O149,O149
P819,P819
G628,G628
P618,P618
Z01731,Z017
I490,I490
T814,T814
E877,E877
B909,B909
S0261,S0261
O717,O717
K251,K251
I81,I81
D66,D66
T423,T423
C751,C751
O911,O911
S430,S430
S223,S223
T921,T921
K255,K255
M0696,M0696
D352,D352
I279,I279
O992,O992
K296,K296
J688,J688
C56,C56
N923,N923
R578,R578
K861,K861
C419,C419
G309F009,_
A010J170,_
T813,T813
C541,C541
I672,I672
N809,N809
Z0021,Z002
G404,G404
A099E861,A09
P120,P120
E160,E160
I152,I152
N032,N032
N030,N030
O268,O268
L020,L020
M479,M479
C19CI,_
P362,P362
D180,D180
I828,I828
P017,P017
T302,T302
A049,A049
T912,T912
C692,C692
M4797,M4797
P236,P236
I359,I359
A509,A509
I212,I212
M0695,M0695
P201,P201
I802,I802
J050,J050
G441,G441
P211,P211
A411,A411
D379,D379
D252,D252
H701,H701
C80,C80
D181,D181
D164,D164
T827,T827
Q039,Q039
I442,I442
G255,G255
A240,A240
M1001,M1001
T242,T242
C19PP2,_
C73,C73
E210,E210
N141,N141
Q213,Q213
M1009,M1009
I350,I350
P229,P229
G030,G030
I692,I692
K719,K719
A191,A191
D750,D750
D640,D640
A156,A156
K102,K102
M750,M750
T604,T604
J938,J938
F431,F431
J439,J439
S097,S097
D569,D569
O48,O48
E147,E147
B949,B949
L023,L023
G448,G448
G618,G618
I501,I501
Z0166,Z016
F453,F453
Q828,Q828
J4510,J451
I10,I10
T509,T509
K638,K638
D561,D561
M1998,M1998
M1397,M1397
T366,T366
J929,J929
J698,J698
K863,K863
J1542,J154
F341,F341
I671,I671
H652,H652
T798,T798
A370,A370
N001,N001
M1395,M1395
J689,J689
B069,B069
I749,I749
I050,I050
I426,I426
MDP01,_
S000,S000
C921,C921
M767,M767
O85,O85
N131,N131
D67,D67
J869,J869
C250,C250
T634,T634
I429,I429
I514,I514
K298,K298
C833,C833
C760,C760
J958,J958
D471,D471
Z0143C,_
C671,C671
K509,K509
M353,M353
O219,O219
P398,P398
B181,B181
O239,O239
I233,I233
A394,A394
K256,K256
G904,G904
K720,K720
K286,K286
O439,O439
E806,E806
E441,E441
B052J171,_
A192,A192
A409,A409
P709,P709
A079,A079
K112,K112
M600,M600
O159,O159
D690,D690
M1006,M1006
M430,M430
F432,F432
O059,O059
E278,E278
K721,K721
N803,N803
E892,E892
Z356,Z356
G549,G549
P006,P006
D550,D550
T900,T900
I698,I698
T910,T910
D899,D899
Q446,Q446
ICD,_
I238,I238
J1293,J129
K908,K908
K746I982,_
C900,C900
S098,S098
M968,M968
E031,E031
Z011G1,_
T886,T886
C218,C218
F102,F102
E870,E870
K519,K519
M5419,M5419
T930,T930
T857,T857
A154,A154
P028,P028
A888,A888
P288,P288
R51,R51
P039,P039
D126,D126
K918,K918
N133,N133
P033,P033
O102,O102
P704,P704
J392,J392
S140,S140
K275,K275
I309,I309
D65,D65
O019,O019
A184,A184
Q613,Q613
P134,P134
C384,C384
P528,P528
T835,T835
P969,P969
M1097,M1097
M7995,M7995
A011,A011
D728,D728
G901,G901
T887,T887
A183,A183
J189,J189
N940,N940
N419,N419
Z0022,Z002
P293,P293
S0610,S0610
E722,E722
G619,G619
J46,J46
A901,A90
S437,S437
I620,I620
G909,G909
C55,C55
S619,S619
N119,N119
K522,K522
Z011H,_
I850,I850
P588,P588
D121,D121
A063,A063
O033,O033
K704,K704
G239,G239
A029,A029
Q423,Q423
A157,A157
K767,K767
M484,M484
Q851,Q851
M0687,M0687
J060,J060
G438,G438
I808,I808
P284,P284
J1893I248,_
D595,D595
K805,K805
M4319,M4319
D648,D648
K284,K284
I270,I270
B012J171,_
J841,J841
T494,T494
G919,G919
J981,J981
I132,I132
E784,E784
E780,E780
G418,G418
P960,P960
I129,I129
C740,C740
F03,F03
M5410,M5410
G722,G722
I809,I809
G900,G900
O11,O11
E798,E798
K632,K632
Z0169,Z016
C716,C716
N130,N130
D281,D281
I341,I341
M2540,M2540
Q600,Q600
G031,G031
A270,A270
P702,P702
M8666,M8666
K710,K710
A878,A878
O994,O994
O862,O862
P611,P611
B201,B201
C160,C160
H601,H601
T435,T435
F103,F103
P243,P243
G373,G373
T002,T002
C540,C540
N040,N040
M0090,M0090
E862,E86
T901,T901
Z352,Z352
P082,P082
S013,S013
N171,N171
A691,A691
G430,G430
D734,D734
K551,K551
N132,N132
A09,A09
T794,T794
O021,O021
T291,T291
M1995,M1995
Z380,Z380
C19PP3,_
A151,A151
E063,E063
I492,I492
G406,G406
O908,O908
T603,T603
P007,P007
T676,T676
M7918,M7918
F323,F323
N701,N701
A879,A879
T928,T928
D531,D531
I607,I607
O719,O719
I616,I616
S912,S912
O678,O678
H2511,H251
E1121,E112
H2591,H259
Z491,Z491
Z370,Z370
E890,E890
F411,F411
L929,L929
Z3801,Z380
O329,O329
O829,O829
Z511,Z511
T141,T141
W54,_
O800,O800
O342,O342
O820,O820
Z301,Z301
C163,C163
O809,O809
O832,O832
H2590,H259
Z038,Z038
Z208,Z208
L723,_
L728,L728
O821,O821
N979,N979
W5499,_
J4599,J459
E669,E669
Z115,Z115
E142,E142
N083,N083
Z992,Z992
Z392,Z392
O702,O702
R63,_
C50,C509
C18,C189
F028,F028
E112,E112
N055,N055
U071,_
Z011,Z011
Z135,Z135
Z139,Z139
Z246,Z246
H185,H185
D375,D375
D390,D390
Z988,Z988
N8185,N818
E049,E049
Z510,Z510
T833,T833
M751,M751
M752,M752
N188,N188
K353,K353
H1101,H110
H408,H408
Z012,Z012
U072,_
W55,_
A549,A549
0809,_
H433,H433
E790,E790
Y560,_
Q612,Q612
Z49,_
Z203,Z203
Z762,Z762
O16,O16
Z302,Z302
N750,N750
Z348,Z348
0800,_
B209,B209
R221,R221
H251,H251
O709,O709
Q443,Q443
Q892,Q892
E789,E789
H4020,H402
N850,N850
O691,O691
L089,L089
H264,H264
O681,O681
Z371,Z371
K358,K358
R58,R58
B24,B24
D210,D210
Z38,_
Q254,Q254
H110,H110
M8160,M8160
O631,O631
O654,O654
Z355,Z355
O689,O689
Z9011,Z901
P0000,_
N180,N180
M9821,_
R090,R090
O619,O619
N811,N811
N815,N815
Z961,Z961
O63,O639
O00,O009
S424,S424
I469,I469
S420,S420
380,_
H330,H330
Y841,_
N037,N037
J390,J390
M8070,_
S817,S817
Z3001,Z300
7,_
M3214,M321
Z381,Z381
J00,J00
R190,R190
H218,H218
J459,J459
R572,R572
O700,O700
J1899,J189
Y95,_
N140,N140
Z418,Z418
H269,H269
K046,K046
Z290,Z290
C09,C099
M8500,M8500
E096,_
D106,D106
J339,J339
O339,O339
E112N,_
U089,_
O322,O322
O421,O421
Q544,Q544
V899,_
M1030,M1030
M501,M501
G551,G551
B189,B189
D34,D34
S720,S720
H4022,H402
1,_
C96,C969
I100,I10
M8460,_
Z308,Z308
Z383,Z383
O701,O701
O101,O101
O363,O363
L721,L721
G467,G467
O40,O40
O814,O814
K36,K36
N138,N138
Z300,Z300
K641,_
S729,S729
W199,_
O368,O368
S5211,S5211
K80,_
D215,D215
M9680,M968
R64,R64
S612,_
O801,O801
S9201,S9201
D631,D631
C64,C64
I517,I517
S5250,S5250
W1999,_
N298,N298
O680,O680
O756,O756
H045,H045
Z001,Z001
Z134,Z134
Z232,Z232
W1899,_
S315,S315
M199,M199
K603,K603
I842,I842
I983,I983
K351,K351
M9064,M9064
B230,B230
K359,K359
N9391,N939
471,_
S6121,_
S204,S204
H171,H171
O440,O440
Q36,Q369
S823,S823
H252,H252
M503,M503
I495,I495
K922,K922
W5599,_
S910,S910
H001,H001
D320,D320
E785,E785
T140,T140
V22,_
Z438,Z438
H270,H270
O1415,O141
749,_
M842,M842
O703,O703
S822,S822
Q210,Q210
Q256,Q256
E874,E874
N800,N800
I051,I051
I438,I438
E149,E149
H403,H403
O323,O323
Y2099,_
N840,N840
J387,J387
H259,H259
B07,B07
K631,K631
K668,K668
K350,K350
O020,O020
I859,I859
P914,P914
D385,D385
R18,R18
I849,I849
K649,_
H2641,H264
N93,N939
M8000,M8000
S028,S028
O06,O069
M100,M100
H4091,H409
O245,_
S399,S399
V892,_
O366,O366
G309,G309
E009,E009
E269,E269
T189,T189
O750,O750
Z342,_
O655,O655
A630,A630
S0191,S019
V9999,_
M799,M799
S010,S010
C080,C080
R730,R730
E90,E90
O332,O332
D24,D24
N630,N63
L729,L729
N029,N029
G560,G560
I872,I872
B968,B968
K259,K259
K269,K269
N18,N189
K120,K120
O699,O699
O418,O418
V284,_
S923,S923
O813,O813
O641,O641
S723,S723
V8999,_
V288,_
Z490,Z490
C6950,C695
C714,C714
S521,S521
D136,D136
I845,I845
K227,K227
K449,K449
Z470,Z470
C32,C329
K115,K115
I861,I861
H3602,H3602
E143,E143
M8560,M8560
N08,_
Z904,Z904
O80,O809
O411,O411
N399,N399
H360,H360
H334,H334
S617,S617
O693,O693
S4200,S4200
S4270,S4270
V8909,_
S202,S202
B980,B980
L893,L893
E1450,E145
O808,O808
H3530,H353
H3340,H334
H4310,H431
J4490,J449
Z031,Z031
O639,O639
C490,C490
X68,_
M8020,M8020
O620,O620
S618,S618
O300,O300
O840,O840
Z372,Z372
E102,E102
K635,K635
D171,D171
N841,N841
Z017,Z017
K409,K409
T181,T181
K803,K803
S0801,S080
Y0499,_
C34,C349
K403,K403
E041,E041
T8460,T846
E786,E786
E113,E113
M9731,_
M8071,_
M103,M103
S311,S311
S361,S361
Z314,Z314
N20,N209
I840,I840
I847,I847
R13,R13
I351,I351
O68,O689
S6191,S619
S6100,S610
O095,_
O133,O13
E11,E119
J329,J329
D140,D140
Q030,Q030
G936,G936
I679,I679
C78,_
3,_
I482,I48
L959,L959
C089,C089
Z512,Z512
Z138,Z138
K352,K352
0,_
L049,L049
O054,O054
L899,L899
R220,R220
E1132,E113
Z369,Z369
R392,R392
D321,D321
W8799,_
T232,T232
T252,T252
C473,C473
S015,S015
A15,A159
F80,F809
G402,G402
Z349,Z349
K4090,K409
N210,N210
N401,N40
C499,C499
M179,M179
S4240,S4240
Z13,Z139
N259,N259
N958,N958
D251,D251
H2509,H250
J040,J040
H3421,H342
H3570,H357
E440,E440
M9861,_
R17,R17
D069,D069
K648,_
K819,K819
N359,N359
H258,H258
O601,O601
V17,_
J128,J128
N320,N320
W541,_
I489,I48
B371,B371
J172,J172
W540XXA,_
O324,O324
R19,_
X9551,_
S364,S364
D696,D696
S929,S929
K429,K429
H332,H332
E10,E109
I12,I129
O649,O649
Z0381,Z038
8,_
N03,N039
I400,I400
O410,O410
P032,P032
C5090,C509
H3600,H3600
C569,C56
R91,R91
D802,D802
E058,E058
N63,N63
M8380,M8380
M626,M626
R252,R252
S422,S422
H2501,H250
Z010,Z010
O061,O061
E140,E140
H189,H189
S527,S527
Q359,Q359
N186,_
Z3046,Z304
M8090,M8090
M1039,M1039
I502,_
I84,I849
F322,F322
J3801,J380
K27,K279
K640,_
M21,M219
M215,M215
K420,K420
L0390,L039
K602,K602
R651,R651
M321,M321
N085,N085
O983,O983
M6543,M6543
C447,C447
I512,I512
M659,M659
F430,F430
O69,O699
Z37,Z379
Z27,Z279
V2244,_
K21,K219
H179,H179
R040,R040
O997,O997
L720,L720
C159,C159
K25,K259
S911,S911
U04,U049
S5251,S5251
M8140,M8140
C182,C182
N28,N289
Z39,_
N082,N082
O109,O109
S027,S027
S066,S066
Z379,Z379
O820Z,_
C109,C109
R100,R100
N26,N26
N950,N950
I249,I249
N324,N324
O650,O650
D059,D059
Q902,Q902
E042,E042
M9400,M940
N736,N736
N814,N814
N816,N816
K613,K613
A069,A069
O839,O839
S411,S411
B029,B029
W25,_
S7200,S7200
O841,O841
K108,K108
N600,N600
K3532,K353
Q699,Q699
S0111,S011
H261,H261
N118,N118
S3251,S3251
S307,S307
S368,S368
S397,S397
C54,C549
J012,J012
J320,J320
K044,K044
E668,E668
E260,E260
H02,H029
H358,H358
T150,T150
I7391,I739
Z8951,Z8951
Z441,Z441
D179,D179
H2604,H260
B370,B370
R628,R628
P9683,P968
Z321,Z321
H441,H441
T07,T07
O757,O757
H3590,H359
H4010,H401
M8895,M8895
Q273,Q273
S534,S534
S5240,S5240
O640,O640
O662,O662
T9211,T921
H2520,H252
S8201,S8201
W540,_
E860,E86
N041,N041
O989,O989
R430,R430
E872,E872
R798,R798
C845,C845
M511,M511
O100,O100
O240,O240
O82,O829
J350,J350
D32,D329
M907,M907
T809,T809
E834,E834
R739,R739
H2640,H264
S626,S626
N183,N183
Z382,Z382
L0251,_
I739,I739
O001,O001
T25,_
S4233,S423
S4245,S424
K35,K359
S61,S619
Z3705,Z370
O820O9,_
Z9920,Z992
V2999,_
Z791,_
Z513,Z513
J930,J930
H3331,H333
O682,O682
Z733,Z733
N508,N508
T568,T568
Z930,Z930
Z3800,Z380
S8200,S8200
I358,I358
Q639,Q639
U821,_
S065,S065
C11,C119
M8010,M8010
O828,O828
H020,H020
O223,O223
M9061,M9061
M9220,M922
H260,H260
C798,C798
V299,_
D143,D143
T875,T875
M8446,M8446
D480,D480
Q742,Q742
M32,M329
S9130,S913
O358,O358
O688,O688
B956,B956
S370,S370
G834,G834
Q211,Q211
H352,H352
W2299,_
S271,S271
Z878,Z878
J902,J90
K761,K761
I272,I272
I340,I340
H1106,H110
2,_
H025,H025
S614,_
S418,S418
W769,_
5791,_
M9440,_
M8441,M8441
H114,H114
C549,C549
Z015,Z015
R590,R590
C186,C186
O333,O333
O621,O621
M840,M840
I00,I00
S6139,_
S9231,S9231
Y3499,_
I313,I313
U099,_
M8665,M8665
K589,K589
V8929,_
M966,M966
L97,L97
O070,O070
H271,H271
K294,K294
M948,M948
I131,I131
L600,L600
Z867,Z867
S012,S012
D279,D27
N601,N601
O340,O340
O4590,O459
Z305,Z305
H2609,H260
Z9880,Z988
E142NO83,_
M653,M653
Q794,Q794
R222,R222
H342,H342
M8200,M8200
M13,M139
Z9611,Z961
O779,_
W64,_
Q668,Q668
Q1200,Q120
I713,I713
B002,B002
J309,_
N142,N142
Y834,_
O44,_
Z309,Z309
O810,O810
D759,D759
D481,D481
M8072,_
S8261,S8261
M8850,_
C53,C539
S0181,S018
C969,C969
R229,R229
T14IW54,_
L975,L97
D289,D289
M8120,M8120
R911,R91
M412,M412
C5099,C509
M185,M185
O76,_
K37,K37
K661,K661
O221,O221
M431,M431
H333,H333
Z518,Z518
K50,K509
J1282,J128
J47,J47
Z98,_
N034,N034
G09,G09
N493,_
O031,O031
C695,C695
C449,C449
C060,C060
5470,_
Z412,Z412
O7O1,_
N835,N835
Z492,Z492
S064,S064
W8499,_
S8210,S8210
K419,K419
I959,I959
S0035,S003
H2521,H252
G470,G470
R298,R298
X6999,_
T542,T542
J352,J352
K209,K20
K317,K317
K621,K621
S9811,S981
M818,M818
T702,T702
B169,B169
R33,R33
R319,R31
T018,T018
C5091,C509
O309,O309
V890,_
H2500,H250
N602,N602
0807,_
Z378,_
T250,T250
Q660,Q660
M9510,M951
Z900,Z900
M6744,M6744
Z76,Z769
R09,_
C749,C749
S525,S525
R856,R856
J1891,J189
Z911,Z911
K028,K028
N433,N433
N509,N509
S054,S054
S810,S810
Y453,_
S4230,S4230
T188,T188
N978,N978
C844,C844
T874,T874
G379,G379
K220,K220
O623,O623
O830,O830
D117,D117
R112,R11
J150,J150
Z358,Z358
D235,D235
C3412,C341
M54,M549
S320,S320
L6001,L600
L984,L984
C788,C788
H353,H353
I982,I982
L088,L088
P832,P832
E118,E118
W269,_
J479,J47
R161,R161
R064,R064
J029,J029
X9999,_
S270,S270
E103,E103
H447,H447
S933,S933
S997,S997
S141,S141
T831,T831
Z38O,_
O325,O325
O842,O842
Z2082,Z208
Z1158,Z115
O335,O335
H4321,H432
C19,C19
N035,N035
N00,N009
S313,S313
K759,K759
D1770,D177
S363,S363
O60,_
O651,O651
D809,D809
M128,M128
M754,M754
O690,O690
N971,N971
O348,O348
B955,B955
L040,L040
H210,H210
9,_
E213,E213
C400,C400
D487,D487
E781,E781
M602,M602
C9210,C921
M9863,_
S922,S922
P285,P285
S931,S931
E120,E120
C410,C410
N921,N921
Z373,Z373
H2690,H269
S7230,S7230
I779,I779
O624,O624
E8786,E878
K528,K528
S711,S711
F458,F458
S299,S299
Z525,Z525
Z822,Z822
K103,K103
Q764,Q764
D291,D291
N328,N328
0820,_
Z387,Z387
M8521,M852
H405,H405
K076,K076
O70,O709
Z480,Z480
W2499,_
B20,B20
C16,C169
H354,H354
R042,R042
P200,P200
N0185,N018
H4006,H400
S528,S528
D260,D260
O119,O11
S524,S524
S303,_
R223,R223
C170,C170
H2181,H218
N819,N819
R092,R092
S002,S002
S407,S407
S507,S507
S707,S707
S807,S807
S907,S907
T006,T006
P1281,P128
C300,C300
K011,K011
T704,T704
A539,A539
O981,O981
R688,R688
H578,H578
Z310,Z310
K8010,K801
E1135,E113
O848,O848
E740,E740
B373,B373
N329,N329
N818,N818
L02,L029
E132,E132
K625,K625
K628,K628
T1501,T150
J370,J370
E86,E86
Z258,Z258
T868,T868
9129,_
H400,H400
Z0103,Z010
A,_
S273,S273
S423,S423
S820,S820
S981,S981
K045,K045
H6522,H652
A188,A188
E1131,E113
Z9851,_
C172,C172
Z489,Z489
A064,A064
K770,K770
Q181,Q181
I480,I48
D25,D259
M8503,M8503
I440,I440
A490,A490
Z304,Z304
F104,F104
H522,H522
R55,R55
K57,K579
M8480,M8480
E09,_
N805,N805
O698,O698
J129,J129
H348,H348
I864,I864
O083,O083
W141,_
S510,S510
E02,E02
P95,P95
S300,S300
S070,S070
S518,S518
W250,_
K311,K311
Z20,Z209
9260,_
D760,D760
D173,D173
D485,D485
S8280,S8280
Z130,Z130
M8310,M8310
M9530,M953
I330,I330
K402,K402
R609,R609
H3341,H334
R7301,R730
H919,H919
K658,K658
O618,O618
R92,R92
K81,K819
C434,C434
D213,D213
D444,D444
V280,_
A91,A91
S631,S631
O630,O630
O944,O94
Z353,Z353
Z359,Z359
C4021,C402
C673,C673
G930,G930
K029,K029
E053,E053
T149,T149
M9084,M9084
G911,G911
P156,P156
Z039,Z039
R56,_
Z3400,Z340
S826,S826
Z467,Z467
Q180,Q180
S0281,S0281
R102,R102
M8405,M8405
L732,L732
T1592,T159
W019,_
S8284,S828
2AW19,_
C328,C328
Q233,Q233
C809,C809
J188,J188
O831,O831
R2242,R224
H0010,H001
H3483,H348
2380,_
Q831,Q831
H2504,H250
E660,E660
Z124,Z124
N933,_
I252,I252
S829,S829
S623,S623
B957,B957
H310,H310
S7290,S7290
E14,E149
K929,K929
T145,T145
C560,C56
J351,J351
S3113,S311
R224,R224
S7291,S7291
T142,T142
K460,K460
K917,_
N028,N028
G943,_
E787,_
K571,K571
N184,N184
N002,N002
H111,H111
H2510,H251
S908,S908
M866,M866
T111,T111
Q780,Q780
M009,M009
L891,L891
L0890,L089
Z35,Z359
D29,D299
M7984,M7984
M7985,M7985
T1891,T189
C07,C07
D560,D560
B353,B353
O241,O241
N608,N608
C241,C241
S7220,S7220
D684,D684
D0512,D051
A16,A169
I638NONE,_
M250,M250
N181,N181
H5901,H590
H4021,H402
J182,J182
Z928,Z928
S663,S663
M8210,M8210
H2592,H259
D219,D219
Z933,Z933
O991,O991
O140,O140
M109,M109
S7210,S7210
P251,P251
I05,I059
S523,S523
T185,T185
N751,N751
080,_
K833,K833
S960,S960
002,_
W34,_
H1100,H110
K605,K605
N802,N802
I461,I461
C059,C059
Q35,Q359
D761,D761
E833,E833
R599,R599
W319,_
Q37,Q379
M8041,M8041
C797,C797
S5220,S5220
N924,N924
N95,N959
E8351,E835
M791,M791
R508,R508
J81E1,J81
W19,_
G932,G932
D400,D400
M9866,_
Q243,Q243
A181,A181
C139,C139
C442,C442
N11,N119
S8221,S8221
S8231,S8231
S920,S920
Q381,Q381
C530,C530
E289,E289
S825,S825
S335,S335
W212,_
J391,J391
C71,C719
Z3831,Z383
M9961,M9961
M171,M171
Z3042,Z304
P0701,P070
W550,_
H2605,H260
​,_
O092,_
R591,R591
W4499,_
T172,T172
K515,K515
O648,O648
M758,M758
Q619,Q619
L080,L080
C329,C329
M122,M122
S014,S014
X4399,_
O802,_
Z208AS,_
A180,A180
M490,M490
I694,I694
Z9922,Z992
N111,N111
T71,T71
J44,J449
F019,F019
J304,J304
K40,K409
Z940,Z940
T855,T855
C6920,C692
H029,H029
D709,D70
S868,S868
K716,K716
R000,R000
I96,_
O000,O000
O269,O269
O349,O349
O718,O718
Z908,Z908
J170,J170
J638,J638
N838,N838
Y340,_
D688,D688
S5260,S5260
0829,_
T932,T932
X099,_
P020,P020
C402,C402
Z384,Z384
S3095,S309
S4241,S4241
S5200,S5200
00,_
C180,C180
H598,H598
H401,H401
I601,I601
Z01,Z019
S835,S835
J398,J398
H162,H162
L511,L511
I841,I841
D110,D110
H3531,H353
M798,M798
S869,S869
Z861,Z861
L89,L89
J342,J342
D410,D410
M9070,M9070
O95,O95
Z901,Z901
O622,O622
M221,M221
H681,H681
L042,L042
K620,K620
H431,H431
Z30,Z309
N30,N309
C792,C792
B379,B379
B961,B961
B210,B210
S2780,S2780
S3680,S3680
P0001,_
J322,J322
I451,I451
J042,J042
B2090,B209
D449,D449
J1890,J189
5,_
M7121,M712
C4001,C400
S8980,S898
S7231,S7231
B084,B084
D177,D177
G709,G709
92,_
P779,P77
S129,S129
K088,K088
D127,D127
I776,I776
M351,M351
M810,M810
D234,D234
O668,O668
C039,C039
Q438,Q438
B220,B220
B222,B222
N49,N499
K512,K512
I258,I258
N202,N202
I50,I509
S007,S007
N62,N62
I890,I890
H262,H262
H355,H355
R104,R104
C519,C519
H6002,H600
R0902,R090
F88,F88
Q220,Q220
C915,C915
I4891,I48
N144,N144
R918,R91
H2691,H269
M8720,M8720
Q228,Q228
K627,K627
K053,K053
K073,K073
Z3000,Z300
800,_
S0101,S010
L219,L219
S9132,S913
S9111,S911
M8260,_
K930,K930
O686,_
K513,K513
N135,N135
J1571,J157
W26,_
M7919,M7919
T938,T938
I443,I443
K629,K629
N321,N321
I428,I428
N741,N741
R398,R398
C799,C799
I08,I089
8805,_
I320,I320
I319,I319
K711,K711
Z980,Z980
E869,E86
R638,R638
H501,H501
I500II19,_
Z3049,Z304
Z922,Z922
X99,_
S8260,S8260
Z136,Z136
K899,_
S8181,S818
A052,A052
P835,P835
A973,_
K829,K829
M7929,M7929
B059,B059
N85,N859
S3210,S3210
L400,L400
O629,O629
I278,I278
M879,M879
L00,L00
J380,J380
Q271,Q271
Q282,Q282
N830,N830
J382,J382
O72,_
Z907,Z907
C380,C380
J32,J329
D1801,D1801
S519,S519
E079,E079
N400,N40
S024,S024
G729,G729
N879,N879
N907,N907
E242,E242
C439,C439
A711,A711
E639,E639
S5181,S518
O330,O330
G9009,G900
D898,D898
O038,O038
S8230,S8230
K051,K051
M029,M029
O036,O036
I724,I724
O344,O344
S6231,S6231
S6251,S6251
S431,S431
S860,S860
T810,T810
O609,_
C47,C479
S0521,S052
C91,C919
0821,_
O369,O369
S5270,S5270
S89,S899
N990,N990
Z986,_
S367,S367
E889,E889
S324,S324
B378,B378
M8890,M8890
S058,S058
S526,S526
D141,D141
K358NONE,_
D369,D369
M6534,M6534
J310,J310
R068,R068
S721,S721
Z329,_
H609,H609
H612,H612
E783,E783
O096,_
Q531,Q531
O03,O039
11,_
I729,I729
Q378,Q378
D383,D383
D172,D172
L210,L210
S022,S022
D50,D509
J384,J384
S81,S819
O6640,O664
Z0205,Z020
H9050,H905
N088,N088
S8262,S826
P768,P768
T902,T902
T905,T905
Q519,Q519
S373,S373
B582,B582
D2529,D252
S8225,S822
N760,N760
S6261,S6261
B769,B769
H653,H653
K439,K439
K689,_
K208,K20
I721,I721
M9050,M9050
E099,_
M674,M674
R876,R876
S5301,S5301
I602,I602
T920,T920
V204,_
S2700,S2700
S2990,S299
Q189,Q189
M9020,M9020
H168,H168
K228,K228
M729,M729
C44,C449
A1706,A170
01,_
D240,D24
6,_
S3700,S3700
D241,D24
H3301,H330
Z9815,Z981
E1169,E116
M4785,M4785
I130,I130
C381,C381
S7240,S7240
R001,R001
N6020,N602
S608,S608
W1099,_
L280,L280
S828,S828
H521,H521
S8240,S8240
S8220,S8220
T393,T393
N949,N949
M321N,_
T841,T841
K257,K257
E135,E135
0779,_
C81,C819
R6521,R652
C83,C839
I371,I371
S400,S400
T1502,T150
I493,I493
C801,C80
V021,_
H530,H530
H2581,H258
O838,O838
E282,E282
H654,H654
S6093,S609
T143,T143
M7987,M7987
L662,L662
H335,H335
H2512,H251
R959,R95
W1888,_
S301,S301
G129,G129
M1712,M171
W2699,_
S699,S699
C441,C441
L7230,_
W4099,_
T316,T316
H618,H618
J348,J348
C269,C269
K274NONE,_
W1990,_
S6090,S609
B965,B965
S0151,S0151
S9131,S913
Y937,_
S9251,S9251
1641,_
O692,O692
M6208,M6208
R658,_
S364S,_
J019,J019
Z493,_
E126,E126
S01,S019
C22,C229
X19,_
C009,C009
N489,N489
I491,I491
E1122,E112
D699,D699
C443,C443
K280,K280
C713,C713
I669,I669
R69,R69
A0100,A010
M3210,M321
T802,T802
I13,I139
S4290,S4290
K272,K272
V0999,_
A244,A244
Z34,Z349
B972,B972
S143,S143
D372,D372
T1500,T150
E114,E114
T230,T230
T290,T290
S069,S069
F030,F030
J1281,J128
O652,O652
O822,O822
H350,H350
S53,_
Q059,Q059
I95,I959
E1162,E116
S1410,S141
S0699,S069
H351,H351
N998,N998
I719,I719
S8190,S819
C800,C800
K5669,K566
D125,D125
Q070,Q070
T314,T314
Z36,Z369
5749,_
H200,H200
Z0152,Z015
A1,_
Z448,Z448
I660,I660
M1996,M199
R2210,R221
C497,_
H3180,H318
D48,D489
M9522,M952
M7998,M7998
N149,_
O42,O429
H058,H058
F419,F419
N97,N979
H600,H600
D654,D65
K041,K041
S5230,S5230
H351NO0,_
H4303,H430
N488,N488
S909,S909
H4011,H401
T147,T147
D1430,D143
X4999,_
A278,A278
V89,_
E41,E41
E45,E45
L40,L409
H6692,H669
R938,R938
I46,I469
N764,N764
C184,C184
D170,D170
H2549,_
K623,K623
M654,M654
O098,_
L763,_
K744,K744
S093,_
S925,S925
D261,D261
B99,B99
8801,_
H36,_
L910,L910
O75,O759
D367,D367
C67,C679
S325,S325
C710,C710
M7981,M7981
H3532,H353
N603,N603
S228,S228
T399,T399
A099EB61,A09
O343,O343
A080,A080
D414,D414
M8996,M8996
S063,S063
Z985,_
T838,T838
L608,L608
H8139,H813
E6699,E669
N158,N158
N409,N40
V99,_
K60,_
S5237,S523
Z488,Z488
E1430,E143
H3522,H352
O714,O714
S563,S563
W268,_
H143,_
B952,B952
Z452,Z452
Z991,Z991
E66,E669
M0000,M0000
K7200,K720
B6,_
H3601,H3601
H3581,H358
S7111,S711
N8003,N800
D216,D216
R2231,R223
C02,C029
L08,L089
M0603,M0603
T200,T200
H40,H409
O653,O653
C04,C049
G453,G453
M67,M679
Z3701,Z370
N17,N179
S5312,S5312
M140,M140
N2011,N201
R10,_
I839,I839
X5999,_
S0180,S018
H3305,H330
S328,S328
L309,L309
S4210,S4210
S417,S417
R048,R048
Z641,Z641
V0394,_
H160,H160
R188,R18
M8470,_
H610,H610
I447,I447
G062,G062
M8580,M8580
H3332,H333
C511,C511
Q66,Q669
O770,_
D608,D608
Z030,Z030
B390,B390
H662,H662
M1316,M1316
E799,E799
H6523,H652
C8520,C852
J1522,J152
T240,T240
E1123,E112
I889,I889
S029,S029
T421,T421
M65,M659
P91,P919
Z4881,Z488
N105,N10
Z931,Z931
S0211,S0211
O265,O265
K29,K299
D464,D464
L918,L918
M80,M809
S329,_
D377,D377
K8000,K800
K469,K469
H357,H357
C79,C799
M868,M868
O664,O664
H314,H314
O8007,O800
370,_
N883,N883
O922,O922
E148,E148
F510,F510
I781,I781
M8333,M8333
B079,B07
C945,C945
M349,M349
C491,C491
S5280,S5280
B078,B07
A523,A523
T371,T371
H71,H71
H2681,H268
M9260,M926
Z0173,Z017
T253,T253
N813,N813
D2101,D210
M1004,M1004
K611,K611
N360,N360
I26,I269
N1320,N132
S0221,S0221
S0241,S0241
S529,S529
L0240,L024
L0310,L031
H053,H053
S051,S051
K70,K709
H409,H409
H729,H729
K868,K868
C693,C693
S9250,S9250
R227,R227
H6123,H612
H660,H660
U05,_
I409,I409
D639,_
M6283,M6283
G568,G568
M256,M256
B86,B86
I863,I863
M9250,M925
10,_
H215,H215
Q667,Q667
S824,S824
H2710,H271
S5100,S510
C851,C851
G4590,G459
T1150,T115
I342,I342
M726,M726
D290,D290
H024,H024
S026,S026
J324,J324
S6230,S6230
C37,C37
O008,O008
G819,G819
C253,C253
O8O9,_
J381,J381
H250,H250
M86,M869
W5099,_
S119,S119
K633,K633
C482,C482
H604,H604
P741,P741
S6101,S610
D2310,D231
D751,D751
0429,_
L72,L729
M9408,M940
T114,T114
H028,H028
O080,O080
N1850,N185
C414,C414
S6111,S611
F009,F009
P810,P810
J219,J219
G464,G464
L7209,L720
K4091,K409
W549,_
W3497,_
S517,S517
X5899,_
J04,_
O419,O419
E1438,E143
C30,_
R22,R229
H3562,H356
T093,T093
M9989,M9989
D229,D229
A178,A178
C383,C383
T14,T149
J312,J312
R23,_
I441,I441
R740,R740
O060,O060
E122,E122
J014,J014
B02,B029
Q618,Q618
C831,C831
0234,_
S8100,S810
H4301,H430
Z923,Z923
Z458,Z458
L919,L919
Q172,Q172
L923,L923
G540,G540
T0199,T019
K049,K049
S531,S531
S630,S630
N4889,N488
S3085,S308
T852,T852
J353,J353
E1143,E114
R31,R31
M678,M678
L562,L562
P90,P90
I071,I071
H3580,H358
Z0101,Z010
S522,S522
D430,D430
N6482,N648
N05,N059
H3571,H357
T856,T856
O62,O629
O459,O459
M8800,M880
O711,O711
D226,D226
T292,T292
H3330,H333
H1690,H169
M844,M844
R060,R060
K669,K669
I702,I702
I111,_
Q262,Q262
S7241,S7241
S899,S899
O986,O986
M8821,_
S621,S621
L92,L929
R11,R11
D695,D695
Z926,Z926
H188,H188
H4311,H431
S682,S682
B159,B159
C210,C210
Q120,Q120
N889,N889
F1092,F109
X6899,_
I878,I878
K092,K092
C52,C52
S4301,S4301
M238,M238
D440,D440
I254,I254
H438,H438
Q444,Q444
I244,_
F068,F068
M1096,M1096
H5781,H578
S4310,S431
S834,S834
B082,B082
D333,D333
Q360,Q360
I8501,I850
K702,K702
D64,D649
O260,O260
O3660,O366
O6541,O654
M9500,M950
H4090,H409
L22,L22
S661,S661
Q396,Q396
S722,S722
E1150,E115
M7137,M7137
N920,N920
T16,T16
C25,C259
G308,G308
O33,O339
N831,N831
Q929,Q929
0808,_
S620,S620
M8445,M8445
M5411,M5411
N843,N843
E222,E222
S666,S666
B,_
B977,B977
S9235,S923
S212,S212
E888,E888
T730,T730
O160,O16
G259,G259
H3541,H354
S0206,S020
K091,K091
Z966,Z966
F500,F500
H4461,H446
S308,S308
W39,_
T853,T853
F1000,F1000
D122,D122
H959,H959
K0510,K0510
N86,N86
R879,R879
S625,S625
D270,D27
O6013,O601
S611,S611
L7634,_
K550,K550
O0034,_
S421,S421
E8809,E880
N806,N806
I349,I349
L025,_
O980,O980
Q898,Q898
M7262,M7262
I1011,I10
P592,P592
S665,S665
G40,G409
I951,I951
P924,P924
L409,L409
G5602,G560
J860,J860
Z099,Z099
V2809,_
W8699,_
T213,T213
T243,T243
T313,T313
S059,S059
T904,T904
K65,K659
S3200,S3200
G910,G910
X6499,_
F339,F339
D212,D212
K010,K010
D232,D232
N6402,N640
L010,L010
O3421,O342
C562,C56
I361,I361
H3321,H332
H2621,H262
H2091,H209
H268,H268
Q202,Q202
Q909,Q909
H178,H178
M142,M142
B9681,B968
O030,O030
I498NONE,_
M1989,M1989
J1523,J152
B59,B59
J173,J173
U801,U801
Z938,Z938
I098,I098
P072,P072
S5210,S5210
P080,P080
Q790,Q790
D46,D469
S8212,S821
I5022,_
N471,N47
U0721,_
M8001,M8001
M8801,M880
N759,N759
S4220,S4220
S4300,S4300
M8900,M8900
K83,K839
Q6260,Q626
M8008,M8008
1248,_
Z8940,Z894
K63,K639
J33,J339
R260,R260
Y099,_
T171,T171
K598,K598
L82,L82
E749,E749
M6229,M6229
O24,O249
O336,O336
O438,O438
Q601,Q601
F89,F89
K309,K30
B085,B085
M9085,M9085
H2713,H271
S8250,S8250
I790,I790
S410,S410
E104,E104
G632,G632
I778,I778
M6584,M6584
Z4911,Z491
V880,_
V305,_
O334,O334
D692,D692
T303,T303
E209,E209
N611,N61
M6001,M6001
S3611,S3611
S0141,S0141
L980,L980
C4920,C492
H6031,H603
J1593,J159
M0601,M0601
Z899,Z899
N951,N951
M760,M760
O892,O892
P050,P050
N052,N052
K82,K829
E1451,E145
M6530,M6530
N164,N164
N322,N322
Q602,Q602
N732,N732
A066,A066
N031,N031
A01,_
M679,M679
H3582,H358
Q315,Q315
K645,_
K843,_
O36,O369
B00,B009
S462,S462
S463,S463
C110,C110
J669,_
K610,K610
S724,S724
M8810,_
M7511,M751
I822,I822
T159,T159
O139,O13
K263,K263
S8180,S818
S520,S520
H605,H605
L858,L858
M541,M541
C829,C829
D496,_
S5101,S510
K600,K600
M8199,M8199
C959,C959
N390NONE,_
P922,P922
I780,I780
O2424,O242
T8744,T874
H0200,H020
K2960,K296
B962,B962
Y603,_
W5501,_
N019,N019
C228,_
S090,S090
S761,S761
T119,T119
0244,_
L05,L059
R310,R31
M7155,M7155
S0250,S0250
J3800,J380
D470,D470
B188,B188
D315,D315
T1409,T140
K559,K559
N979NO9,_
H113,H113
L905,L905
C720,C720
Z924,Z924
S6190,S619
Y28,_
W5400,_
M9801,_
S080,S080
Z391,Z391
M011,M011
V24,_
K643,_
N182,N182
Q539,Q539
M9100,M9100
M5126,M512
I062,I062
G47,G479
M419,M419
X599,_
O050,O050
P559,P559
S6124,_
K869,K869
P027,P027
D4891,D489
M485,M485
S3660,S3660
M45,M45
C183,C183
I34,I349
I518,I518
L892,L892
H3520,H352
Q231,Q231
S062,S062
E78,E789
E078,E078
G562,G562
M1711,M171
K64,_
M6531,M653
Q860,Q860
Q523,Q523
129,_
H4003,H400
V283,_
T019,T019
H2150,H215
M1003,M1003
Z9849,_
J949,J949
C099,C099
I25,I259
W53,_
D680,D680
F15,F159
B05,B059
F412,F412
S8211,S8211
A97,_
L408,L408
A1802,A180
M8616,M8616
E867,E86
O450,O450
Z128,Z128
C822,C822
H000,H000
E279,E279
M139,M139
C911,C911
H049,H049
S961,S961
W193,_
H6502,H650
S360,S360
Z11,Z119
S52,S529
S5001,S500
G589,G589
G408,G408
T850,T850
K838,K838
P138,P138
W2099,_
D165,D165
K26,K269
H0015,H001
K381,K381
N72,N72
H1691,H169
K919,K919
S025,S025
H9390,H939
U07,_
G479,G479
M6289,M6289
I108,I10
I771,I771
S241,S241
119,_
M9981,M9981
P035,P035
W548,_
M8590,M8590
C629,C629
Z33,Z33
M8430,M8430
C0990,C099
E038,E038
H35,H359
D131,D131
K036,K036
Z320,Z320
G903,G903
O409,O40
S6841,S684
S220,S220
J950,J950
J180,J180
Q649,Q649
W459,_
C492,C492
N888,N888
S9135,S913
A092,A09
O2340,O234
D104,D104
S7214,S721
V285,_
S936,S936
B052,B052
J171,J171
M0689,M0689
N13,N139
E133,E133
K58,K589
N941,N941
T241,T241
I728,I728
D103,D103
T2431,T243
T2530,T253
C85,C859
P041,P041
Z47,Z479
S8091,S809
S809,S809
G463,G463
C310,C310
O424,_
M8731,M8731
H1140,H114
J200,J200
S0201,S0201
Q850,Q850
B16,B169
0640,_
Z424,Z424
Z428,Z428
L059,L059
H3300,H330
N853,N853
Q666,Q666
I081,I081
L988,L988
K130,K130
I770,I770
P391,P391
Z3900,Z390
820,_
B820,B820
D135,D135
M9696,M969
W2672,_
H0011,H001
N453,_
P021,P021
C770,C770
H527,H527
M8932,M8932
S3100,S310
S3111,S311
S4221,S4221
W3499,_
S3681,S3681
M841,M841
S728,S728
G5000,G500
K401,K401
K655,_
M069,M069
E144,E144
G590,G590
J45,J459
L972,L97
H603,H603
W069,_
C791,C791
D231,D231
N908,N908
K850,K850
W5503,_
O150,O150
O262,O262
M9560,_
I710,I710
J9600,J960
S902,S902
S924,S924
E248,E248
C712,C712
Z975,Z975
A0109,A010
Z895,Z895
K048,K048
E8342,E834
S379,S379
J66,_
W220,_
S6260,S6260
M709,M709
Z049,Z049
N413,N413
C779,C779
G56,G569
S717,S717
O231,O231
M8032,M8032
C409,C409
D538,D538
C642,C64
J028,J028
S9100,S910
T1490,T149
F101,F101
A163,A163
J42,J42
N428,N428
S118,S118
S6141,_
O660,O660
M480,M480
T021,T021
S730,S730
A809,A809
W559,_
M8246,_
T818,T818
C785,C785
C765,C765
Z8941,Z8941
Q225,Q225
S5241,S5241
I958,I958
J358,J358
T791,T791
O8300,O830
321,_
H3181,H318
H3502,H350
A498,A498
M10,M109
T858,T858
O243,O243
J38,_
J338,J338
J300,J300
S9200,S9200
N211,N211
H044,H044
E343,E343
S2730,S2730
S3640,S3640
S3990,S399
Z524,Z524
F99,F99
C919,C919
J918,J91
E100,E100
Q899,Q899
T013,T013
Z3491,Z349
E79,E799
K083,K083
B088,B088
O754,O754
Y533,_
O028,O028
Z3040,Z304
M064,M064
C255,_
C90,_
F192,F192
P158,P158
D243,D24
B023,B023
P742,P742
J383,J383
R098,R098
D599,D599
E561,E561
D6491,D649
L989,L989
J986,J986
S0540,S054
V28,_
I80,I809
N017,N017
B970,B970
P238,P238
P281,P281
Z875,Z875
T825,T825
L508,L508
M4386,M4386
T398,T398
Y458,_
B351,B351
0750,_
M8053,M8053
V586,_
T8021,T802
N1851A,_
R12,R12
E795,_
A30,A309
S984,S984
C764,C764
T549,T549
Z894,Z894
S030,S030
B49,B49
G232,G232
G833,G833
S821,S821
C960,C960
O993,O993
K4030,K403
D123,D123
P278,P278
G440,G440
S550,S550
S551,S551
K432,_
S60,S609
I241,I241
992,_
Z760,Z760
Q019,Q019
L8915,L891
J159,J159
S0520,S052
N280,N280
B354,B354
T360,T360
O002,O002
S999,S999
O34,O349
K578,K578
S4231,S4231
Y0999,_
B89,B89
K575,K575
C70,C709
S060,S060
T191,T191
H4051,H405
M622,M622
O611,O611
S5231,S5231
S930,S930
C675,C675
560,_
Z9882,Z988
S91,S919
H3521,H352
A083,A083
T198,T198
W45,_
O151,O151
D282,D282
O081,O081
O192,_
C001,C001
I830,I830
W149,_
M2454,M2454
R490,R490
F059,F059
L239,L239
Q63,Q639
D167,D167
M755,M755
C430,C430
O350,O350
O610,O610
L209,L209
W0199,_
K858,K858
185,_
B012,B012
K260,K260
Y04,_
13,_
K042,K042
S428,S428
O444,_
J20,J209
A483,A483
N44,N44
M8520,M8520
J31,_
Z189,_
P364,P364
W740,_
V475,_
D1721,D172
C924,C924
W14,_
F871,_
I960,_
R471,R471
I20,I209
M7500,M750
D0590,D059
M3299,M329
E065,E065
T146,T146
Z1159,Z115
O628,O628
K2911,K291
T151,T151
O431,O431
S0550,S055
Z123,Z123
M1399,M1399
H33,_
S6130,_
Q658,Q658
T8310,T831
N8581,N858
D211,D211
K18,_
E1151,E115
N103,N10
M359,M359
K0735,K0735
K061,K061
Q02,Q02
1499,_
N808,N808
K118,K118
H2180,H218
P610,P610
P929,P929
R21,R21
H0451,H045
M663,M663
E748,E748
E743,E743
T808,T808
H309,H309
K644,_
C14,_
Y401,_
E822,_
D563,D563
H1430,_
S134,S134
H2649,H264
Q753,Q753
S800,S800
115,_
L9291,L929
H3481,H348
M790,M790
G636,G636
C209,C20
601,_
N83,N839
W1788,_
Z121,Z121
T881,T881
Z3007,Z300
S9322,S932
Q355,Q355
Q212,Q212
Q430,Q430
Q245,Q245
M771,M771
M1997,M1997
I161,_
J35,J359
N432,N432
L0221,L022
Q252,Q252
M8795,M8795
C723,C723
S832,S832
O063,O063
K148,K148
R458,R458
Y495,_
A35,A35
N649,N649
Z897,Z897
N3020,N302
O035,O035
O342O,_
C322,C322
I519,I519
M169,M169
J9585,J958
U6901,_
B022,B022
S8182,S818
O820P,_
H590,H590
C181,C181
M793,M793
D051,D051
I691,I691
K604,K604
N823,N823
R960,R960
E730,E730
N368,N368
N39,N399
C188,C188
D1722,D172
N6320,N63
H209,H209
N645,N645
D214,D214
R1903,R190
T952,T952
I800,I800
R062,R062
D484,D484
K626,K626
L880,L88
W57,_
O235,O235
W010,_
G9340,G934
T8691,T869
M4726,M4726
M7989,M7989
A309,A309
L52,L52
M008,M008
R629,R629
S6351,S635
V2799,_
C884,C884
Y009,_
J330,J330
R788,R788
O2393,O239
L7210,L721
M4316,M4316
X1999,_
T7803,T780
C224,C224
S51,S519
W299,_
R7732,_
H503,H503
K928,K928
M330,M330
I651,I651
S839,_
S372,S372
J940,J940
J942,J942
D351,D351
4170,_
A415,A415
K264,K264
K552,K552
M870,M870
F333,F333
H4050,H405
M8442,M8442
O900,O900
K922KG20,_
K068,K068
L974,L97
L270,L270
C061,C061
H318,H318
T849,T849
M713,M713
O642,O642
N1859,N185
Z853,Z853
D2111,D211
C3490,C349
N323,N323
D0511,D051
I714,I714
Y548,_
E1332,E133
X689,_
C699,C699
M4800,M4800
S8241,S8241
T846,T846
Z478,Z478
Q251,Q251
M8312,M8312
K229,K229
G800,G800
I725,_
Q720,Q720
L281,L281
N23,N23
Y2899,_
N758,N758
N04,N049
A071,A071
P024,P024
D35,D359
Z090,Z090
Z932,Z932
C570,C570
B309,B309
H311,H311
A829,A829
Q401,Q401
I169,_
V224,_
D100,D100
M6269,M6269
C49,C499
M705,M705
R109,_
E130,E130
G558,G558
F451,F451
P361,P361
B058,B058
F09,F09
M328,M328
Q630,Q630
F155,F155
M2320,M2320
Z0142C,_
G301,G301
Z0061,Z006
E631,E631
Z0042,Z004
I679G468,_
J051,J051
M0686,M0686
J941,J941
D150,D150
Q603,Q603
N481,N481
P711,P711
N719,N719
T543,T543
I679G467,_
T913,T913
Z0151B1,_
T673,T673
G454,G454
I158,I158
S836,S836
F311,F311
B900,B900
M518,M518
A920,A920
K226,K226
K289,K289
J4580,J458
Z01911,Z019
P154,P154
M763,M763
M8697,M8697
I608,I608
M895,M895
G98,G98
T493,T493
K570,K570
J1502,J150
C254,C254
P298,P298
Q421,Q421
F489,F489
S0291,S0291
K520,K520
S2230,S2230
O902,O902
A061E861,_
J1503,J150
Z0072,_
A99,A99
P358,P358
E102N083,_
M7980,M7980
G040,G040
M8999,M8999
T788,T788
A492,A492
S0601,S0601
G528,G528
P390,P390
A401,A401
P129,P129
M1007,M1007
M0096,M0096
M6288,M6288
G968,G968
I422,I422
T432,T432
F238,F238
C19FRP,_
B342,B342
E125,E125
T933,T933
Q822,Q822
T210,T210
I311,I311
K739,K739
D162,D162
L120,L120
G961,G961
I636,I636
F232,F232
A403,A403
Q610,Q610
T908,T908
O903,O903
F230,F230
T565,T565
N912,N912
M436,M436
P029,P029
F201,F201
C495,C495
G042,G042
A502,A502
K740,K740
L139,L139
B908,B908
J1812,J181
K915,K915
K754,K754
I970,I970
S0641,S0641
A229,A229
M1390,M1390
P018,P018
S469,S469
K518,K518
S0661,S0661
Q248,Q248
C741,C741
M1199,M1199
T475,T475
D698,D698
A020,A020
J208,J208
S764,S764
P210,P210
M0698,M0698
M7909,M7909
A304,A304
D643,D643
M1190,M1190
M0082,M0082
Z0151A1,_
N056,N056
S340,S340
I228,I228
S004,S004
M1380,M1380
59401,_
C790,C790
P783,P783
K580,K580
Z011B,_
F315,F315
A155,A155
I6390,I639
F318,F318
M0649,M0649
S562,S562
J1512,J151
K820,K820
M5417,M5417
I456,I456
M7988,M7988
P294,P294
M471,M471
N110,N110
F259,F259
D752,D752
O318,O318
Z01808B3,_
E054,E054
J132,J13
E268,E268
S0230,S0230
C113,C113
F316,F316
C390,C390
Z0154A1,_
A078,A078
S2290,S2290
G801,G801
K758,K758
D580,D580
M2500,M2500
Q371,Q371
F328,F328
Z0011,Z001
D331,D331
P77,P77
P299,P299
A091,A09
O759,O759
O713,O713
59402,_
O089,O089
O354,O354
H3320,H332
S637,S637
M8854,_
R2309,R230
H448,H448
C7951,C795
S9101,S910
M240,M240
M9489,M9489
O090,_
O10,O109
N501,N501
S9301,S930
H3102,H310
O234Z3,_
K436,_
S0110,S011
N033,N033
Q532,Q532
I516,I516
Z3820,Z382
E6601,E660
L0241,L024
K315,K315
M9835,_
G9389,G938
R569,_
S668,S668
N930,N930
L011,L011
E879,_
H169,H169
Y556,_
O833,O833
E232,E232
D479,D479
M2137,M2137
T859,T859
S20,_
N151,N151
S628,S628
X6199,_
T434,T434
K052,K052
T876,T876
H5791,H579
C688,C688
K400,K400
T9221,T922
Z9072,Z907
O0022,O002
S0581,S058
S592,_
S150,S150
L026,_
S8192,S819
I848,I848
Q380,Q380
K408,_
B770,B770
K938,K938
K652,_
D2390,D239
T8579,T857
M9506,M950
H430,H430
M9262,M926
0080,_
M9350,_
K04,K049
Z969,Z969
M952,M952
K004,K004
I8301,I830
N6310,N63
D493,_
O341,O341
S59,S599
P010,P010
C480,C480
H432,H432
R182,R18
T1401,T140
Z97,_
R180,R18
K149,K149
D339,D339
H6242,H624
J181,J181
S210,S210
K116,K116
I102,I10
X70,_
K3580,K358
N9489,N948
C444,C444
H699,H699
C3005,C300
220,_
S203,S203
S217,S217
W4999,_
K033,K033
Z905,Z905
N172,N172
W261,_
O644,O644
B451,B451
G021,G021
J1513,J151
H3480,H348
D2311,D231
H1092,H109
I123,_
H3302,H330
S9291,S9291
H109,H109
N302,N302
K920,K920
G468,G468
I052,I052
C051,C051
R7881,R788
A4199,A419
E851,E851
S045,S045
S6719,_
P722,P722
S3600,S3600
V2849,_
C343,C343
Z941,Z941
J340,J340
N185Z4,_
N478,N47
I8296,I829
J1895,J189
M9732,_
L0891,L089
N8320,N832
G003,G003
N411,N411
A068,A068
S8350,S8350
Q541,Q541
L26,L26
L403,L403
D269,D269
S211,S211
Z978,Z978
W5999,_
O890,O890
I496,_
R900,R900
M878,M878
E1180,E118
D582,D582
S969,S969
C501,C501
V0299,_
N35,N359
C763,C763
H112,H112
J3392,J339
P614,P614
T08,T08
B953,B953
T9311,T931
I723,I723
H1102,H110
S4201,S4201
Z0151,Z015
B1,_
G81,G819
I709,I709
K31,K319
H3501,H350
C531,C531
O665,O665
M8930,M8930
H444,H444
H500,H500
U040,_
Y14,_
S6816,S681
B207,B207
M8662,M8662
Z374,Z374
S4291,S4291
M9120,M9120
D14,_
C0600,C060
N429,N429
T823,T823
J303,J303
P22,P229
P26,P269
P572,_
X59,_
A530,A530
Z351,Z351
O3400,O340
Z3700,Z370
S409,S409
T068,T068
M6741,M6741
L9891,L989
C251,C251
K316,K316
T845,T845
O103,O103
M861,M861
I677,I677
A421,A421
R198,R198
L739,L739
T670,T670
C320,C320
K630,K630
S0100,S010
J4520,J452
Q398,Q398
O4202,O420
R827,R827
J343,J343
B394,B394
J9311,J931
X78,_
C709,C709
R36,R36
Z3710,Z371
T796,T796
C680,C680
I899,I899
O669,O669
S2710,S2710
I99,I99
E069,E069
M4646,M4646
Q669,Q669
M7256,M7256
S5261,S5261
S565,S565
O458,O458
B963,B963
K2950,K295
H619,H619
I748,I748
M8201,M8201
N189NO0,_
H059,H059
M712,M712
5683,_
I459,I459
M260,_
R749,R749
C761,C761
C914,C914
I251NONE,_
H6690,H669
M8901,M8901
E861JO69,E86
Z433,Z433
N84,N849
S613,_
K035,K035
T189XXA,_
N6390,N63
R809,R80
S509,S509
Z0191,Z019
D570,D570
K909,K909
Z903,Z903
E8881,E888
A170,A170
G01,G01
C3833,C383
M856,M856
V234,_
S5281,S5281
D334,D334
S609,S609
Y844,_
I843,I843
O602,O602
I87,I879
V2349,_
O659,O659
A281,A281
F058,F058
N454,_
M706,M706
S131,S131
S341,S341
N959,N959
K456,_
D445,D445
T799,T799
D589,D589
X4499,_
S310,S310
I427,I427
J1284,J128
F151,F151
E035,E035
E271,E271
Z711,Z711
K8040,K804
G570,G570
C222,C222
I37,I379
M165,M165
M79,M799
R160,R160
P353,P353
S927,S927
S561,S561
S6631,S663
N64,N649
J452,J452
M342,M342
Z37O,_
S398,S398
W458,_
K806,_
S092,S092
G319,G319
Z201,Z201
N1854,N185
91,_
M8931,M8931
T161,T16
M9470,_
E742,E742
O6000,O600
141,_
K440,K440
L302,L302
R101,R101
N393,N393
Z860,Z860
H3350,H335
W4462,_
F525,F525
A600,A600
K562,K562
O77,_
Z547,Z547
D733,D733
J959,J959
B361,B361
N6300,N63
I310,I310
Z269,Z269
C4100,C4100
K388,K388
G93,G939
M244,M244
G8220,G822
C794,C794
T804,T804
S727,S727
L509,L509
T317,T317
C753,C753
Y400,_
V1809,_
O142,O142
Q646,Q646
S280,S280
M1013,M1013
B441,B441
J998,J998
S72,S729
E349,E349
W5409,_
R770,R770
K718,K718
K839,K839
K92,K929
N083N1,_
H3572,H357
H3100,H310
C903,C903
E1423,E142
101,_
G5601,G560
H6061,_
M8240,_
W0108,_
E142N0,_
S67,_
M247,M247
D4850,D485
R601,R601
P059,P059
C722,C722
Z982,Z982
E849,E849
S6110,S611
M658,M658
L930,L930
S8351,S8351
D354,D354
J311,J311
S82,S829
D139,D139
H538,H538
C493,C493
C3291,C329
P08,_
G579,G579
M8081,M8081
O01,O019
E05,E059
J983,J983
H59,H599
M9173,_
H1190,H119
I879,I879
S053,S053
D644,D644
C111,C111
R111,R11
J013,J013
S040,S040
M9180,M9180
H2600,H260
D310,D310
D399,D399
E739,E739
J1289,J128
U071CO,_
J0391,J039
M9080,M9080
N870,N870
M5136,M513
S9781,S978
E141NO83,_
Q632,Q632
M650,M650
M2498,M2498
M7799,M7799
M7910,M7910
S9110,S911
M8960,M8960
S3121,S312
T1311,T131
N821,N821
V48,_
M7986,M7986
I460,I460
M510,M510
G992,G992
Y10,_
N839,N839
O337,O337
P930,P93
L814,L814
F152,F152
F179,F179
F24,F24
G35,G35
P59,P599
W0609,_
I16,_
I860,I860
R690,R69
L6000,L600
M6006,M6006
S636,S636
D2491,D24
0321,_
N410,N410
S429,S429
V471,_
D43,D439
O0345,O034
752,_
H102,H102
P838,P838
C445,C445
T178,T178
C8510,C851
L932,L932
K8013,K801
N631,N63
D0510,D051
G990,G990
M9071,M9071
X2699,_
G08,G08
Z111,Z111
L0230,L023
K1120,K112
T038,T038
M9940,M9940
H3537,H353
L851,L851
R2232,R223
D439,D439
E032,E032
F438,F438
K678,K678
F129,F129
H341,H341
I891,I891
H359,H359
S8081,S8081
S2,_
D233,D233
J3390,J339
N1372,N137
M400,M400
X666,_
L970,L97
C58,C58
S023,S023
O432,O432
C200,C20
Z322,_
E048,E048
J341,J341
S208,S208
V53,_
M9673,_
M8988,M8988
K822,K822
D731,D731
Z370X,_
H3482,H348
S6801,S680
T6801,T68
O755,O755
683,_
W1091,_
D689,D689
K862,K862
M6089,M6089
S269,S269
G839,G839
R561,_
Z9881,Z988
C7650,C765
M8910,M8910
S680,S680
M8504,M8504
Z413,Z413
V485,_
I652,I652
0342,_
E873,E873
Q615,Q615
S42,S429
N2000,N200
J1894,J189
J1283,J128
L0311,L031
L031Z,_
C610,C61
C8290,C829
M068,M068
D050,D050
M703,M703
S128,S128
Q351,Q351
Q1320,Q132
S8290,S8290
P616,P616
T231,T231
Z350,Z350
E1133,E113
011,_
Q621,Q621
E250,E250
L501,L501
Q743,Q743
C348,C348
J133,J13
F191,F191
L0290,L029
H4001,H400
O242,O242
O469,O469
B9729,B972
Q246,Q246
S851,S851
G231,G231
G825,G825
T8530,T853
93,_
W219,_
H93,H939
O359,O359
N820,N820
M462,M462
K050,K050
F31,F319
E729,E729
N219,N219
S968,S968
H170,H170
E288,E288
Z432,Z432
H313,H313
H599,H599
S8183,S818
1A,_
R230,R230
H1791,H179
S93,_
J100,J100
S39,S399
X0999,_
O3480,O348
0629,_
Z014,Z014
E2822,E282
S830,S830
V435,_
X61,_
G9520,G952
M273,_
G238,G238
O0399,O039
A200,A200
I844,I844
A06,A069
B37,B379
G530,G530
M439,M439
K293,K293
S068,S068
E40,E40
G4739,G473
W2599,_
S652,S652
Z981,Z981
M4115,M4115
N143,N143
C700,C700
C319,C319
D120,D120
A18,_
O029,O029
Z346,_
J851,J851
E370,_
E610,E610
I716,I716
K651,_
O0942,_
O134,O13
J3822,J382
Y049,_
P090,_
S6151,_
M4796,M4796
N1865,_
N500,N500
C341,C341
E782,E782
S8191,S819
S052,S052
M6539,M6539
L700,L700
T351,T351
S601,S601
S624,S624
Q542,Q542
H021,H021
E612,E612
P037,_
D2320,D232
Z958,Z958
H472,H472
X699,_
M1992,M1992
O264,O264
D237,D237
M2441,M2441
H2599,H259
L0233,L023
J01,J019
D169,D169
Q221,Q221
N90,N909
G902,G902
G959,G959
M500,M500
T918,T918
E361,_
Z03,Z039
Y423,_
N762,N762
A0992,A099
I2510,I251
Q913,Q913
A039,A039
A412,A412
O8003,O800
T110,T110
S63,_
M6261,M6261
201A,_
B359,B359
O430,O430
C21,_
N610,N61
K4319,K431
K42,K429
O261,O261
S088,S088
X129,_
P380,P38
O800Z,_
C17,C179
C7652,C765
B82,B829
12,_
H043,H043
C252,C252
T8130,T813
T180,T180
T029,T029
O1490,O149
H4331,H433
O362,O362
H3505,H350
A047,A047
C321,C321
M8550,M8550
S0140,S0140
H446,H446
T15,T159
D420,D420
T131,T131
L031M1A9XX1,_
S6990,S699
A022,A022
N160,N160
H659,H659
V294,_
B204,B204
M8785,M8785
A044,A044
S686,_
T8611,T861
S365,S365
S669,S669
M119,M119
M997,M997
P558,P558
W190,_
M082,M082
V2909,_
S9133,S913
H6043,H604
T18,T189
N452,_
X58,_
T839,T839
S213,_
W558,_
Q522,Q522
C739,C73
S827,S827
D39,D399
N15,N159
M753,M753
S681,S681
E060,E060
K0530,K0530
R565,_
M6285,M6285
H10,H109
H6093,H609
J167,_
Q825,Q825
S811,S811
D292,D292
R2201,R220
N2010,N201
O010,O010
I119NONE,_
K01,_
S468,S468
L982,L982
Q441,Q441
N771,N771
S6140,_
E1124,E112
C579,C579
B34,B349
I85,I859
M233,M233
R130,R13
N010,N010
C8512,C851
J810,J81
C437,C437
S082,_
E611,E611
S219,S219
O288,O288
M4194,M4194
21,_
Z8673,Z867
G912,G912
M4317,M4317
V499,_
I851,_
V54,_
H184,H184
N859,N859
A57,A57
B332,B332
M0095,M0095
C649,C64
S0245,S024
791,_
M7132,M7132
D4861,D486
L0261,_
R630,R630
R498,R498
S7211,S7211
S627,S627
W23,_
M722,M722
H6001,H600
Q631,Q631
Y999,_
F23,F239
G300,G300
M8403,M8403
H119,H119
S5191,S519
G5621,G562
D401,D401
O0389,O038
C411,C411
N804,N804
J30,_
V536,_
O820Z3,_
N4821,N482
F819,F819
F439,F439
S0055,S005
O037,O037
0992,_
O804,_
S6045,_
W228,_
C966,C966
O046,O046
T070,T07
N047,N047
H471,H471
K51,K519
W1724,_
M609,M609
C696,C696
H651,H651
B260,B260
O403,O40
B341,B341
S061,S061
N836,N836
W59,_
J328,J328
D800,D800
N910,N910
Q521,Q521
D168,D168
H4081,H408
B778,B778
S467,S467
0691,_
O346,O346
S3720,S3720
P550,P550
Z952,Z952
Q219,Q219
H26,H269
N898,N898
H308,H308
D610,D610
M8272,_
S530,S530
K02,K029
M7911,M7911
S541,S541
S651,S651
X84,_
D316,D316
M7966,M7966
I513,I513
M770,M770
M1611,M161
H023,H023
G41,G419
S0081,S008
S802,_
I688,I688
H183,H183
H11,H119
V426,_
C774,C774
I868,I868
Z466,Z466
L60,L609
H0003,H000
D438,_
K601,K601
S0121,S012
5883,_
M8664,M8664
S900,S900
O89,O899
S199,S199
H041,H041
X7899,_
S540,S540
E121,E121
4658,_
N6491,N649
S670,S670
2A,_
T1112,T111
C840,C840
I160,_
H3542,H354
H2692,H269
M1991,M1991
T158,T158
I119NO1,_
392,_
J1801,J180
N189NO1,_
G405,G405
R559,R55
L850,L850
K310,K310
G9341,G934
K134,K134
X0004,_
Q692,Q692
D620,D62
Z520,Z520
S731,S731
C901,C901
M8699,M8699
C8599,C859
R1310,R13
Z370O,_
I818,I81
S600,S600
B96,_
J349,_
F01,F019
G573NO2,_
O391,_
B259,B259
V249,_
G061,G061
C479,C479
E662,E662
H588,H588
E211,E211
690,_
C7290,C729
D134,D134
S678,S678
F505,F505
O870,O870
C68,C689
S005,S005
I408,I408
K642,_
D23,D239
M488,M488
M1792,M179
P122,P122
Z509,Z509
Y521,_
Q829,Q829
N1891,N189
Z0180,Z018
8B,_
H428,H428
J041,J041
J4499,J449
Q038,Q038
E040,E040
L890,L890
D371,D371
C578,C578
M700,M700
B45,B459
V2248,_
T539,T539
I221,I221
M9040,M9040
C690,C690
E112NO83,_
Z951,Z951
Q205,Q205
012,_
D694,D694
E87,_
C31,C319
Q620,Q620
M245,M245
I73,I739
J169,_
X64,_
M4695,M4695
G958,G958
R659,R659
E830,E830
Z955,Z955
M792,M792
D721,D721
S959,S959
N849,N849
G9609,G960
H2522,H252
T783,T783
Z469,Z469
Q383,Q383
M707,M707
Z307,_
Z9610,Z961
W450,_
Z0154,Z015
Z015A1,_
Y0099,_
K76,K769
N909,N909
Y411,_
E03,E039
O312,O312
J3489,J348
H6693,H669
C7981,C798
S5310,S5310
M9391,M9391
M8750,_
D2100,D210
G521,G521
G431,G431
C670,C670
G058,G058
S40,S409
R80,R80
K91,K919
T065,T065
D0471,D047
A1889,A188
W1808,_
H2780,H278
S957,S957
M232,M232
C508,C508
M850,M850
Y848,_
L7211,L721
K282,K282
T888,T888
Z341,_
Q375,Q375
S978,S978
A259,A259
R2230,R223
J18,J189
N089,_
I458,I458
R131,R13
E8665,E86
M8617,M8617
T502,T502
D201,D201
N440,N44
M252,M252
M2415,M2415
J34,_
C240,C240
J1822,J182
E0591,E059
N2001,N200
H0291,H029
D397,D397
S6822,S682
T922,T922
C561,C56
M8416,M8416
T211,T211
Z9079,Z907
I089,I089
1250,_
S808,S808
C7490,C749
Y452,_
W5799,_
D130,D130
Q61,Q619
J0390,J039
Z088,Z088
M6299,M6299
W22,_
T361,T361
S4090,S409
M8060,_
H6122,H612
P232,P232
J954,J954
G328,G328
E169,E169
I020,I020
M5497,M5497
G950,G950
A064K770,_
M311,M311
D590,D590
J1562,J156
F208,F208
E725,E725
J1813,J181
H708,H708
M0091,M0091
E230,E230
E559,E559
G001,G001
T982,T982
P589,P589
D611,D611
M7920,M7920
M7905,M7905
I676,I676
59400,_
Z01226,Z012
M352,M352
M8696,M8696
Q552,Q552
P524,P524
G609,G609
K521,K521
G443,G443
I010,I010
F050,F050
S0631,S0631
D332,D332
A045,A045
T245,T245
Q445,Q445
M862,M862
M314,M314
I603,I603
I820,I820
M6262,M6262
P928,P928
J1553,J155
L88,L88
F531,F531
M1910,M191
E348,E348
S2220,S2220
G410,G410
G978,G978
I150,I150
E15,E15
F062,F062
I632,I632
M0097,M0097
M489,M489
N340,N340
K314,K314
C781,C781
I091,I091
D598,D598
Q750,Q750
Z0012,Z001
D819,D819
G048,G048
A164,A164
M331,M331
Q789,Q789
J684,J684
T620,T620
O353,O353
I058,I058
I229,I229
G122,G122
M8195,M8195
I600,I600
E512,E512
D594,D594
M761,M761
C227,C227
A488,A488
T529,T529
B519,B519
S003,S003
M0619,M0619
S091,S091
P782,P782
P921,P921
B178,B178
M4649,M4649
I421,I421
G244,G244
P248,P248
A928,A928
F202,F202
A33,A33
F539,F539
I743,I743
K860,K860
M235,M235
M0806,M0806
O748,O748
D641,D641
T380,T380
M670,M670
S898,S898
S3250,S3250
H3503,H350
C925,C925
E883,E883
V2049,_
O982,O982
V205,_
H1781,H178
X1699,_
T233,T233
N312,N312
C796,C796
N851,N851
S3643,S364
9A,_
T058,T058
V325,_
K634,K634
L609,L609
E854,E854
N341,N341
K832,K832
Z935,Z935
E109NONE,_
K3531,K353
M8925,M8925
D220,D220
O3420,O342
0802,_
M411,M411
D513,D513
S6811,S681
M1256,M1256
K119,K119
N6022,N602
H442,H442
K6389,K638
C049,C049
S6280,S6280
M632,M632
E1459,E145
O331,O331
T659,T659
X69,_
Z377,Z377
L8989,L89
R162,R162
M189,M189
M102,M102
O104,O104
Y349,_
D330,D330
N173,_
T884,T884
Z394,_
V0249,_
T064,T064
O3402,O340
K0450,K045
O14,O149
M8870,_
M254,M254
V229,_
C773,C773
C41,C419
20,_
T847,T847
F013,F013
M502,M502
C620,C620
R8761,R8761
E1062,E106
M7268,M7268
V245,_
M9540,M954
V293,_
O094,_
S318,S318
S9230,S9230
B652,B652
R771,R771
Z3402,Z340
M8510,M8510
T390,T390
W3493,_
J450,J450
Q680,Q680
D280,D280
S0155,S015
I112,_
E778,E778
M341,M341
J69,_
Q150,Q150
N6081,N608
A528,A528
O3689,O368
S6291,_
S8328,S832
M1716,M171
V2449,_
Y459,_
S5180,S518
W01,_
Z3751,Z375
I978,I978
B191,_
M519,M519
V2990,_
Q513,Q513
M508,M508
Q605,Q605
S8291,S8291
N812,N812
C755,C755
B529,B529
V23,_
H1141,H114
M8406,M8406
M795,M795
W08,_
T830,T830
K572,K572
K090,K090
C401,C401
G460,G460
K248,_
K62,K629
P372,P372
D05,D059
X199,_
E861NO1,E86
W87,_
Z3043,Z304
M1008,M1008
I695,_
S500,S500
S700,S700
V281,_
Q357,Q357
G948,G948
R32,R32
D166,D166
I60,I609
M0609,M0609
M4727,M4727
I6203,I620
S2732,S273
T17,T179
W1900,_
M808,M808
B170,B170
J681,J681
A1810,A181
D3911,D391
S635,S635
L531,L531
H5061,H506
M200,M200
0102,_
G253,G253
D222,D222
M2416,M241
M2536,M2536
R652,R652
E13,E139
D271,D27
E07,E079
G588,G588
Q170,Q170
P36,P369
S3653,S365
V289,_
G810,G810
0701,_
J708,J708
Z375,Z375
J9390,J939
J43,J439
J301,J301
P5511,P551
B0280,B028
C431,C431
Q894,Q894
Q792,Q792
T148,T148
A0921,A09
I5021,_
N48O,_
M9765,_
D472,D472
Q255,Q255
W50,_
O367,O367
M228,M228
M675,_
M932,M932
W2572,_
S6312,S631
D239,D239
N993,N993
O30,O309
K070,K070
E868,E86
W3909,_
M0296,M0296
V4299,_
M9016,M9016
D244O,D24
T0130,T013
V189,_
M7993,M7993
F20,F209
N79,_
N852,N852
M688,M688
J1883,J188
K063,_
A0106,A010
N1818,N181
B4700,B470
O361,O361
S0292,S029
K05,_
M190,M190
I731,I731
O05,O059
W8599,_
M8832,_
C4410,C441
N3001,N300
M7266,M7266
N970,N970
D40,D409
Z5119,Z511
C,_
M7957,M7957
O603,O603
S4302,S4302
Q046,Q046
S5311,S5311
M7901,M7901
T843,T843
M2553,M2553
T0099,T009
X91,_
L730,L730
H0241,H024
D163,D163
Z240,Z240
Q358,_
T650,T650
E274,E274
T711,T71
O679,O679
M8077,_
C004,C004
G620,G620
G409UO71,_
K701,K701
W500,_
K062,K062
W6999,_
Q793,Q793
D380,D380
K786,_
H830,H830
P292,P292
T861,T861
D151,D151
J96,J969
J3109,J310
Z21,Z21
0689,_
L405,L405
M073,M073
M104,M104
I103,I10
H0283,H028
M138,M138
M942,M942
M9802,_
S033,S033
N109,N10
B345,_
W239,_
N004,N004
N6012,N601
M413,M413
M6298,M6298
O370,_
I503,_
R57,R579
K202,K20
Z795,_
M332,M332
C5081,C508
H6500,H650
H6641,H664
S8281,S8281
J1598,J159
I718,I718
Z818,Z818
S8301,S830
D161,D161
O068,O068
S6630,S663
Q719,Q719
N612,N61
Z132,Z132
W4492,_
A491,A491
B162,B162
M6747,M6747
I69,_
Q447,Q447
M258,M258
X60,_
T815,T815
P073P,_
M1796,M179
S8312,S831
D691,D691
E062,E062
H661,H661
I162,_
I701,I701
H1109,H110
O929,_
821,_
O894,O894
S327,S327
H6063,_
A0641,A064
A1816,A181
B951,B951
T141XA,_
H1601,H160
M898,M898
J677,J677
X48,_
Q611,Q611
M7580,M758
I832,I832
I824,_
N390NO1,_
K0403,K040
S371,S371
V8099,_
M2551,M2551
Q858,Q858
O091,_
K069,K069
C65,C65
S602,S602
V2354,_
O41,O419
S789,S789
H709,H709
B008,B008
S218,S218
Z435,Z435
N9069,N906
O805,_
Q788,Q788
M6226,M6226
T2900,T290
S662,S662
T925,T925
T929,T929
S903,S903
C190,C19
S9242,S924
2B,_
K510,K510
C433,C433
M8145,M8145
U843,_
D1070,D107
W1199,_
Z4803,Z480
H3512,H351
J3989,J398
K136,K136
M8921,M8921
K681,_
J344,_
E756,E756
C446,C446
O301,O301
F0390,F03
K054,K054
B2012,B201
I700,I700
P159,P159
M9950,M9950
T220,T220
H3603,H360
Y838,_
I011,I011
T171XXA,_
E878RG38,_
M2506,M2506
L238,L238
S7201,S7201
M175,M175
L928,L928
D409,D409
P788,P788
M894,M894
H2715,H271
146,_
H2580,H258
T010,T010
H6062,_
O834,O834
I236,I236
I71,I719
W011,_
S615,_
M2456,M2456
V279,_
C504,C504
O345,O345
X5930,_
C498,C498
Q257,Q257
D683,D683
S862,S862
Q512,Q512
G370,G370
H2589,H258
S0531,S053
J901,J90
M3229,_
W0193,_
I873,_
V04,_
P918,P918
O351,O351
8330,_
R021,R02
Y420,_
Z3009,Z300
C496,C496
B485,_
U849,_
T24,_
K5130,K513
K5730,K573
Z4181,Z418
D302,D302
S2440,S244
M710,M710
S201,S201
E1164,E116
E04,E049
S056,S056
W40,_
R878,R878
F39,F39
N342,N342
H181,H181
M990,M990
L081,L081
Z780,_
K2981,K298
640,_
M9090,_
S248,_
O0941,_
M4792,M4792
T78,T789
I348,I348
X5990,_
K2936,K293
C4922,C492
5542,_
D175,D175
V399,_
B589,B589
D382,D382
Q798,Q798
T130,T130
M608,M608
C7,_
A098,A09
E139,E139
B372,B372
S6149,_
Q238,Q238
T179,T179
Z3892,_
L570,L570
R631,R631
M925,M925
U079,_
D869,D869
H741,H741
H3182,H318
B190,B190
N198,N19
M461,M461
M0110,M0110
C609,C609
H349,H349
K389,K389
C880,C880
S272,S272
K056,K056
C179,C179
H2705,H270
F039,F03
H1811,H181
K283,K283
H2610,H261
D63,_
M8707,M8707
Q625,Q625
M5436,M5436
R87,R879
B77,B779
A198,A198
M8045,M8045
T384,T384
N648,N648
T182,T182
D500Z3,_
A22,A229
A099AO60,A09
R251,R251
V489,_
X999,_
H65,H659
K3595,K359
470,_
N470,N47
S9241,S9241
W2003,_
Z034,Z034
N150,N150
D133,D133
L738,L738
Y427,_
M6540,M6540
H1790,H179
N4340,N434
C4492,C449
H473,H473
H5001,H500
S684,S684
Z7984,_
M6594,M6594
D473,D473
Q561,Q561
T452,T452
C759,C759
H0282,H028
4,_
K123,K123
H4012,H401
K099,K099
O99,_
S0199,S019
K624,K624
L2199,L219
H0002,H000
C811,C811
M8833,_
M2571,M2571
S460,S460
Z465,Z465
P20,P209
Q623,Q623
S8971,S897
K922NONE,_
O09,_
S685,_
S278,S278
P53,P53
P613,P613
J15,J159
M9421,M9421
S982,S982
Q688,Q688
M773,M773
J1202,J120
Z4914,Z491
S709,S709
C088,C088
J011,J011
Q391,Q391
I998,I99
I2109,I210
D319,D319
C62,C629
D361,D361
I730,I730
O899,O899
T8149,T814
C835,C835
M652,M652
H6121,H612
M796,M796
S7280,S7280
90,_
L513,_
K540,_
N994,N994
Z936,Z936
S6171,S617
V3849,_
J0120,J012
Q504,Q504
C73NONE,C73
O81,_
V20,_
D109,D109
X1219,_
B719,B719
082,_
S6144,_
09,_
M8022,M8022
M8705,M8705
K1222,K122
Z268,Z268
C506,C506
Z579,Z579
0441,_
I380,I38
S9104,S910
T132,T132
F018,F018
V2259,_
H2582,H258
M058,M058
D893,D893
B44,B449
H404,H404
O849,O849
R300,R300
N632,N63
V296,_
D763,D763
C92,C929
Q6602,Q660
S0511,S051
S0070,S007
R470,R470
W2999,_
K3521,K352
M720,M720
I648,I64
C01,C01
H6520,H652
Q390,Q390
M8618,M8618
O760,_
R59,R599
E711,E711
I2699,I269
K8520,K852
K72,K729
H2189,H218
O342Z3,_
M766,M766
M775,M775
C837,C837
H611,H611
N40NO4,N40
T878,_
S672,_
L304,L304
N3901,N390
I509N9,_
H054,H054
R0603,R060
T3130,T313
L401,L401
N434,N434
T436,T436
S5221,S5221
P0199,P019
H278,H278
R635,R635
H3540,H354
R39,_
M8390,M8390
D2230,D223
M6596,M6596
Y95UO71,_
M0116,M0116
N2002,N200
N2012,N201
N46,N46
H4300,H430
C717,C717
H531,H531
H2502,H250
N70,N709
K430,K430
V37,_
S9610,S961
S3240,S3240
K59,K599
K588,_
B649,B64
I470,I470
M4362,M4362
M6282,M6282
H524,H524
I838,_
K450,K450
D176,D176
M4802,M4802
M8330,M8330
N851NONE,_
C260,C260
V02,_
O715,O715
H25,H259
K44,K449
I82,I829
I2720,I272
I888,I888
O9010,O901
H92,_
H2642,H264
W18,_
I394,I394
S145,S145
N1895,N189
Q556,Q556
B999,B99
S671,_
S0190,S019
M4781,M4781
Q258,Q258
I898,I898
Q182,Q182
Z479,Z479
V099,_
H0240,H024
V020,_
X2099,_
C481,C481
Q874,Q874
S942,S942
J018,J018
S8101,S810
B179,B179
W018,_
O2683,O268
O600Z3,_
A27,A279
S6270,S6270
Q53,Q539
S274,S274
P926,_
S8360,S836
Z9612,Z961
W29,_
Z971,Z971
A923,A923
S6049,_
H103,H103
T8341,T834
H2711,H271
M8448,M8448
M9973,M9973
A49,A499
R234,R234
I083,I083
B009,B009
D441,D441
F334,F334
K848,_
Q158,Q158
Q644,Q644
M8540,M8540
M2465,M2465
B081,B081
N768,N768
R05,R05
M9595,M959
C858,_
B51,B519
X4899,_
Z765,Z765
W498,_
I11,I119
Q442,Q442
E550,E550
C817,C817
K842,_
R399,_
N14,_
M2586,M2586
M1988,M1988
H0290,H029
G960,G960
J010,J010
T099,T099
S4235,S423
O4403,O440
S3241,S3241
I370,I370
W1499,_
K45,_
Q320,Q320
L259,L259
V199,_
N392,N392
T82,T829
H951,H951
C020,C020
S00,S009
Y1999,_
O0961,_
B171,B171
H7440,H744
Q823,Q823
M8894,M8894
R74,R749
S833,S833
S0681,S0681
M1987,M1987
B374,B374
I237,_
016,_
I83,I839
E876J4,_
W499,_
L0892,L089
D407,D407
O0962,_
O229,O229
I604,I604
M5426,M542
K511,K511
I606,I606
S049,S049
P228,P228
M4306,M4306
A913,A91
M0094,M0094
F069,F069
M4788,M4788
K762,K762
Q043,Q043
P00000,P000
N391,N391
F332,F332
F108,F108
M544,M544
I231,I231
O212,O212
P579,P579
D101,D101
D303,D303
D682,D682
I090,I090
P290,P290
M532,M532
12345,_
Q848,Q848
B161,B161
C810,C810
D612,D612
P143,P143
A910,A910
Z02042,Z020
P282,P282
M1005,M1005
M1981,M1981
Z02014,Z020
C311,C311
M538,M538
O904,O904
J678,J678
F252,F252
G971,G971
M320,M320
Z0151B2,_
F067,F067
Q754,Q754
M310,M310
F105,F105
C762,C762
M1909,M1909
C19HI,_
K277,K277
K563,K563
B778J173,_
P90375,P90
T426,T426
M8188,M8188
C050,C050
S2241,S2241
G64,G64
J1213,J121
M301,M301
C412,C412
Z011I,_
Q370,Q370
Z386,Z386
B948,B948
Z3070,_
H0580,H058
5146,_
D124,D124
S598,S598
N973,N973
P780,P780
Q048,Q048
U049,U049
S9812,S981
H3500,H350
L121,L121
I328,I328
K113,K113
M2546,M2546
D012,D012
I42,I429
C1698,C169
C660,C66
H4333,H433
R620,R620
D093,D093
M9593,M959
S4111,S411
O398,_
H4470,H447
H5900,H590
A59,A599
M8440,M8440
M5121,M512
Q259,Q259
Q410,Q410
Q1211,Q121
G130,G130
O8205,O820
K2980,K298
M7710,M7710
F809,F809
I664,I664
M8094,M8094
M201,M201
Z033,Z033
K568,_
M218,M218
S629,_
L119,L119
T173,T173
J9588,J958
P271,P271
O065,O065
T9320,T932
O9901,O990
S6233,S623
6A,_
Q38,_
M150,M150
Q279,Q279
K371,K37
O449,_
D160,D160
C8448,C8448
M9702,_
S7301,S7301
I48NO8,I48
N72NONE,N72
O881,O881
L0231,L023
W2662,_
S642,S642
J840,J840
O694,O694
K080,K080
O320,O320
O371,_
T81,T819
M251,M251
M7530,M753
Z92,Z929
S9092,S909
S057,S057
M4360,M4360
W189,_
M8170,_
S015S,_
M81,M819
T223,T223
T273,T273
K921,K921
L0303,L030
M6009,M6009
D386,D386
M9387,M9387
D035,D035
S831,S831
Y2862,_
R822,R822
Y930,_
O224,O224
V274,_
T803,T803
L500,L500
S71,_
C155,C155
E1165,E116
L0211,L021
W260,_
G541,G541
I109NONE,I10
E81,_
Y580,_
Z459,Z459
O9951,O995
O9952,O995
B814,B814
Q870,Q870
S127,S127
E1120,E112
83,_
O0387,O038
D223,D223
R53,R53
S8170,S817
Z3017,Z301
R530,R53
Z345,_
T795,T795
K66,K669
M350,M350
S632,S632
C399,C399
D4872,D487
O645,O645
V0399,_
S225,S225
B360,B360
I90,_
Q214,Q214
M848,M848
Q433,Q433
O564,_
K752,K752
T579,T579
W1909,_
N013,N013
Q518,Q518
J9503,J950
N6011,N601
H339,_
R701,R701
R6511,R651
Z,_
K8020,K802
A619,_
T8682,T868
N185NONE,_
G542,G542
J639,_
D359,D359
P942,P942
M01M1A9XX1,_
R73,R739
C4020,C402
O658,O658
B19,B199
K823,K823
M8615,M8615
C772,C772
M891,M891
C724,C724
D3612,D361
X1299,_
S124,_
Z3490,Z349
K514,K514
E0501,E050
Q4365,Q436
465,_
D4860,D486
Q042,Q042
S302,S302
C5001,C500
C112,C112
K741,K741
M876,_
H1840,H184
C459,C459
C4999,C499
A528Y5,_
H010,H010
S9332,S933
Y32,_
K43,K439
M7501,M750
S231,S231
D128,D128
T7611,_
H2700,H270
M2507,M2507
W2799,_
H7088,H708
S436,S436
N735,N735
Q201,Q201
N318,N318
S6241,S6241
N609,N609
S9270,S9270
V575,_
C767,C767
I1205,I120
K966,_
K738,K738
S0991,S099
M715,M715
L03,L039
D1039,D1039
S901,S901
L8992,L899
M8481,M8481
H2602,H260
H280,H280
R402,R402
T919,T919
C857,C857
E882,E882
M7267,M7267
S604,_
Z2991,Z299
K121,K121
S5085,S508
Q140,Q140
Q141,Q141
K5660,K566
Z9883,Z988
C930,C930
D637,_
S05,S059
M8050,M8050
I650,I650
V029,_
M8950,M8950
B1910,_
0034,_
N983,N983
C4431,C443
B200,B200
M702,M702
F002,F002
P570,P570
P712,P712
P743,P743
P744,P744
N906,N906
V10,_
Z717,Z717
M8851,_
N911,N911
F989,F989
G059,_
G44,_
O45,O459
E863,E86
F078,F078
O328,O328
M821,M821
J47NONE,J47
H1105,H110
O634,_
Q549,Q549
C677,C677
J0400,J040
I49,I499
D1030,D1030
Q309,Q309
L84,L84
O3390,O339
H0284,H028
J471,J47
D300,D300
M725,M725
I1891,_
H6501,H650
B409,B409
M8690,M8690
H5903,H590
S117,S117
C5022,C502
M8198,M8198
Z967,Z967
H4000,H400
B457,B457
Z32,_
H2182,H218
N639,N63
O1503,O150
I8500,I850
G311,G311
H0013,H001
Z850,Z850
E215,E215
R228,_
R1083,_
Q548,Q548
I670,I670
S762,S762
O0952,_
L7201,L720
S6220,S6220
V2959,_
B950,B950
J152,J152
Q339,Q339
Z035,Z035
G478,G478
M9310,M931
L93,_
K5641,K564
O710,O710
R197,_
J03,J039
J3501,J350
H0014,H001
E8789,E878
S921,S921
C838,C838
H2680,H268
W49,_
S2002,S200
O2,_
I711,I711
S7110,S711
D378,_
W3099,_
Z431,Z431
T819,T819
F790,F790
K7581,K758
K765,K765
O200Z3A0,_
I6939,I693
Z9861,_
I6388,I638
V0219,_
Z0204,Z020
H8110,H811
1652,_
Q893,Q893
S3230,S3230
S3520,S352
T85,T859
L1030,L103
E7891,E789
K865,_
Z0201,Z020
Q319,Q319
K87,_
Q647,Q647
D102,D102
T80,T809
N9395,N939
C768,C768
Z9889,Z988
C641,C64
P279,P279
Q643,Q643
N700,N700
N185NO39,_
C408,C408
C865,C865
S6810,S681
Q386,Q386
M7260,M7260
M418,M418
S314,S314
V2249,_
5091,_
M464,M464
B789,B789
A759,A759
H2101,H210
S41,_
S698,S698
Z398,_
O2441,O2441
A64,A64
S10,S109
M4808,M4808
C520,C52
D2122,D212
N1391,N139
A0990,A099
J438,J438
J1111,J111
M7581,M758
W5504,_
M815,M815
P104,P104
W209,_
V2818,_
D732,D732
G824,G824
K926,_
T043,T043
K140,K140
V391,_
G711,G711
620,_
G4420,G442
E8619,E86
Q010,Q010
K543,_
E876Z3A2,_
A591,_
D686,D686
9178,_
B2,_
R238,R238
Z208SARSCOV2TE,_
I7392,I739
S6310,S6310
I495NONE,_
T369,T369
A541,A541
H476,H476
G633,G633
0801,_
I952,I952
0702,_
N834,N834
K1370,K1370
H6022,H602
C4921,C492
D3801,D380
S69,S699
L922,L922
O61,O619
Z53,Z539
D530,D530
H0590,H059
P370,P370
B08,_
H0000,H000
B650,B650
T266,T266
O088,O088
S8021,_
M9402,M940
Q173,Q173
M34,M349
S6610,S661
N482,N482
M7791,M7791
M664,M664
Z399,_
R932,R932
C951,C951
V889,_
H1792,H179
W0103,_
D225,D225
M8522,M852
I061,I061
D3709,D370
Z4720,_
C82,C829
F233,F233
Y936,_
M9890,_
T797,T797
S967,S967
D119,D119
D242,D24
N1499,_
Z036,Z036
X449,_
E723,E723
I511,I511
R90,_
S3110,S311
S640,S640
S650,S650
S6210,S6210
M8562,M8562
S6311,S6311
I069,I069
Z018,Z018
Z722,Z722
0339,_
D6288,D62
R49,_
M4636,M4636
V329,_
V220,_
O3659,O365
V546,_
K225,K225
M8449,M8449
J399,J399
M17,M179
G241,G241
E1091,E109
T594,T594
I109NO,I10
Z388,Z388
S369,S369
L7320,L732
S511,S511
0141,_
S697,S697
H544,H544
E0791,E079
H748,H748
J323,J323
F480,F480
N6122,N61
X5892,_
Y442,_
D4862,D486
K4022,K402
Q5322,Q532
D56,D569
Z162,_
Z000,Z000
C15,C159
R897,R897
N991,N991
S610X,_
D17,D179
W3192,_
G513,G513
S3280,S3280
A590,A590
Z948,Z948
I720,I720
W3199,_
S458,S458
C191P1,_
N02,N029
V344,_
Z896,Z896
O120,O120
H4002,H400
Z624,Z624
Q393,Q393
P70,P709
0639,_
R99,R99
I494,I494
Y920,_
Z225,Z225
A305,A305
C69,C699
I708,I708
H368,H368
U075,_
F310,F310
M4795,M4795
Y479,_
Y29,_
O632,O632
B22,B22
D419,D419
T2223,T222
T2423,T242
T2122,T212
T2421A,_
R2241,R224
L942,L942
N856,N856
W07,_
M8606,M8606
E1140,E114
5439,_
J441NO0,_
M9823,_
K3158,K315
K185,_
W2704,_
H534,H534
W849,_
W6043,_
T139,T139
M9590,M959
I2512,I251
D483,D483
W183,_
K082,K082
T079,T07
Z94,Z949
M858,M858
A368,A368
E831,E831
L0331,L033
E1192,E119
L0313,L031
N4829,N482
4653,_
D6391,_
K458,K458
L680,L680
S6300,S6300
N45,N459
M2548,M2548
N899,N899
R60,R609
A093,A09
N394,N394
D4871,D487
D249,D24
C75,C759
Z027,Z027
O7582,O758
Y31,_
M624,M624
Q25,Q259
H1810,H181
H4451,H445
T820,T820
Q873,Q873
E860EE19,E86
S322,S322
Z531,Z531
M4892,M4892
Y444,_
B185,_
B004,B004
G051,G051
R022,R02
Z4722,_
Y883,_
A24,_
T801,T801
M41,M419
M1905,M1905
M1908,M1908
M998,M998
M5327,M5327
A022J170,_
N925,N925
J633,J633
D392,D392
Z0141CL,_
K764,K764
E569,E569
N048,N048
P523,P523
K574,K574
T492,T492
Y462,_
I308,I308
T466,T466
Q760,Q760
T636,T636
K224,K224
C929,C929
Z011H2,_
H812,H812
Q204,Q204
N418,N418
T518,T518
T601,T601
J1563,J156
D562,D562
M0093,M0093
D353,D353
P252,P252
M6005,M6005
F199,F199
M4786,M4786
P912,P912
H818,H818
M5430,M5430
P140,P140
C718,C718
M0681,M0681
B071,B07
D221,D221
I430,I430
D038,D038
K259K,_
V1894,_
P839,P839
I214NA,_
I712,I712
Z921,Z921
D791,_
X0403,_
T598,T598
S84,S849
J662,J662
N0805,N080
K914,K914
11XA,_
J359,J359
M8490,M8490
G30,G309
X6809,_
T9310,T931
M843,M843
D31,D319
S633,S633
Q69,Q699
E0965,_
K940,_
J470,J47
M651,M651
Z990,Z990
Z249,_
F530,F530
K382,K382
H265,_
J354,_
H931,H931
E0425,E042
063,_
Q524,Q524
I301,I301
T383,T383
H214,H214
Q012,Q012
O143,_
L101,L101
Z3780,_
C494,C494
Z960,Z960
M318,M318
J3391,J339
0995,_
N1875,_
S6240,S6240
S4110,S411
W4052,_
O895,O895
B9561,B956
W181,_
H4410,H441
V244,_
Q452,Q452
D495,_
H4401,H440
H1110,H111
G43,G439
M84,M849
O38,_
K207,K20
K098,K098
J3292,J329
M6532,M653
O809Z,_
V031,_
C5092,C509
R073,R073
Y11,_
N1851,N185
H279,H279
S73,_
O663,O663
Q862,Q862
S749,S749
E878NONE,_
P03,P039
C33,C33
M216,M216
N8500,N850
9093,_
M9282,M928
N261,N26
M0061,_
F79,F799
K52,K529
K593,K593
I846,I846
Q240,Q240
M7551,M755
I060,I060
O259,O25
I680,I680
T8131,T813
M5091,M509
S0150,S0150
M5329,M5329
S9290,S9290
U85,_
H3523,H352
S298,S298
H2612,H261
M6580,M6580
N21,N219
O638,_
M6224,M6224
M8703,M8703
Q31,Q319
S3710,S3710
S2781,S2781
Y926,_
S6131,_
46,_
Z8952,Z8952
J90NO02,J90
J4591,J459
R195,R195
S6802,S680
R2220,R222
T9380,T938
C784,C784
I639NO8,_
J831,_
X46,_
S533,S533
Y455,_
N1855,N185
I129Z4,_
M8407,M8407
H1871,H187
M7205,M720
W2130,_
B269,B269
G964,_
I253,I253
D618NONE,_
N398,N398
M8980,M8980
H4400,H440
S9113,S911
P291,P291
J168,J168
N80,N809
C674,C674
O12,_
S8171,S817
Z1381,Z138
M472,M472
G552,G552
M8961,M8961
M4302,M4302
M8505,M8505
M480NA,_
G822,G822
D6489,D648
O0080,O008
S508,S508
M779,M779
J499,_
S622,S622
H0452,H045
L920,L920
J06,J069
H192,H192
H022,H022
V320,_
B7790,B779
D36,D369
K751,K751
S5300,S5300
Q057,Q057
W1988,_
N1331,N133
S5089,S508
H5902,H590
Z800,Z800
L299,L299
H4313,H431
C862,C862
C12,C12
S5440,_
Y1499,_
S0090,S009
C8330,C833
Q564,Q564
E538,E538
O8203,O820
O339O,_
S09,S099
S6122,_
213,_
X6409,_
T388,T388
H34,H349
B027,B027
M130,M130
Z408,Z408
S2999,S299
V093,_
M4369,M4369
C5390,C539
M9786,_
M797,M797
C090,C090
P261,P261
H490,H490
M6624,M6624
H905,H905
M950,M950
O3410,O341
G9115,G911
022,_
I8731,_
H1033,H103
M724,M724
C789,_
W0188,_
M899,M899
R066,R066
T8189,T818
K653,_
Z08,Z089
S9139,S913
N1815,N181
I699,_
D4102,D410
D2131,D213
S0131,S013
M0092,M0092
N7093,N709
G90,G909
5812,_
S6250,S6250
N6021,N602
Z8780,Z878
H1032,H103
H1130,H113
S109,S109
W208,_
V290,_
M671,M671
X4699,_
K871,K871
D474,D474
J371,J371
S5271,S5271
5573,_
Q040,Q040
E75,_
E1432,E143
F019NONE,_
W5699,_
K269NA,_
M178,_
D1004,D1004
S9991,S999
E237,E237
M8021,M8021
N228,N228
C448,C448
H263,H263
B251,B251
P233,P233
K2970,K297
M6024,M6024
I6600,I660
Q505,Q505
O032,O032
O8099,O809
P289,P289
Z954,Z954
G5101,G510
M9041,M9041
0159,_
N145,_
C4339,C433
M8402,M8402
T349,T349
L048,L048
Y33,_
Q740,Q740
N8353,N835
S6129,_
170,_
P205,_
J960NO0,_
W519,_
M6595,M6595
H180,H180
Q283,Q283
C8590,C859
L0100,L010
K717,K717
Z671,_
L0250,_
W504,_
M4794,M4794
P525,P525
I74,I749
Z230,Z230
K5792,K579
T983,T983
J850,J850
H108,H108
M8426,M8426
Z495,_
I0800,I080
I281,I281
W2398,_
I466,_
S80,S809
B879,B879
K745,K745
I07,I079
E233,E233
D046,D046
M211,M211
C689,C689
Z292,Z292
P371,P371
E84,E849
D248,D24
S878,S878
B964,B964
S9271,S9271
T958,T958
D1724,D172
M7120,M7120
I116,_
G46,_
S110,S110
Z468,Z468
T11,T119
D528,D528
I6011,I601
S221,S221
S5011,S501
X6909,_
Z368,Z368
C66,C66
J4598,J459
M930,M930
F001,F001
F113,F113
D2331,D233
H579,H579
B65,B659
S43,_
H921,H921
I446,I446
X04,_
Z48,Z489
R0981,R098
Q614,Q614
K7689,K768
N4289,N428
H026,H026
Z042,Z042
H29,_
L598,L598
S8085,S808
Q03,Q039
Y831,_
D2710,D27
N2819,N281
S319,_
M2210,M221
O480,O48
D2312,D231
G808,G808
J811,J81
J0190,J019
O082,O082
Z082,Z082
B449,B449
S2190,S219
V182,_
L249,L249
K8055,K805
Z3480,Z348
G802,G802
V292,_
D6181,D618
19,_
M7982,M7982
X,_
L220,L22
Q261,Q261
T639,T639
Z3920,Z392
N19NONE,N19
M7208,M720
M4312,M4312
O374,_
C4371,C437
B020,B020
H356,H356
O608,_
A812,A812
B258,B258
M625,M625
H2643,H264
M8046,M8046
52,_
Z118,Z118
K252,K252
E469,E46
N8001,N800
S055,S055
C830,C830
Z721,Z721
N738,N738
D30,D309
Q604,Q604
C51,C519
F313,F313
N388,_
G804,G804
I4821,I48
T8470,T847
M270,_
B5890,B589
B028,B028
O4322,O432
K9420,_
N,_
E1335,E133
N746,_
H6112,H611
S2242,S224
S2249,S224
S3201,S3201
W20,_
5792,_
S21,S219
I726,_
H4421,H442
H4720,H472
E1222,E122
S06,S069
K558,K558
N301,N301
S5233,S523
P522,P522
M8982,M8982
G07,G07
M8290,_
S6611,S661
D384,D384
M8040,M8040
C2200,C220
N085NJ81,_
W179,_
H509,H509
Z3044,Z304
S8270,S8270
C57,C579
S489,S489
S889,S889
M2588,M2588
Q8781,Q878
R400,R400
S8355,S835
804,_
W509,_
S6181,S618
T192,T192
M06,M069
F063,F063
S279,S279
Z113,Z113
D434,D434
K8012,K801
G212,G212
O821Z,_
D2121,D212
F84,F849
I8781,I878
M8692,M8692
S255,S255
P9037,P90
O2445,O244
S560,S560
Z594,Z594
C4360,C436
K297NONE,_
B688,_
K301,K30
S198,S198
L123,L123
O291,O291
R2290,R229
N431,N431
D482,D482
S935,S935
P23,P239
G4541,G454
Q437,Q437
H2102,H210
S9331,S933
K081,K081
M9537,M953
W132,_
V336,_
I6182,I618
M8538,M8538
0324,_
S0611,S0611
W5180,_
K031,K031
G724,G724
J68,J689
M4310,M4310
S4171,S417
S951,S951
T821,T821
K615,_
H118,H118
O3683,O368
K523,K523
0631,_
O698O,_
J955,J955
A912,A91
X30,_
M1002,M1002
N101,N10
M3215,M321
C538,C538
D3670,D367
W194,_
Z45,Z459
J229,J22
O144,_
Q269,Q269
M198,M198
D642,D642
C8340,C834
R1909,R190
S703,_
S391,_
R50,R509
D342,D34
F320,F320
E0831,_
G5600,G560
K6035,K603
491,_
S5201,S5201
L859,L859
S8611,S861
I738,I738
X5909,_
J6839,J683
H0281,H028
J2899,_
K2080,K20
0641,_
Z8601,Z860
B377,B377
S6145,_
R5602A,_
O25,O25
Q436,Q436
RFRHD11,_
M4692,M4692
S2210,S2210
G951,G951
S2280,S2280
T510,T510
Q049,Q049
M8189,M8189
F459,F459
Q018,Q018
T381,T381
G119,G119
M1300,M1300
G412,G412
J1572,J157
A690,A690
A400,A400
M0899,M0899
F060,F060
D868,D868
L100,L100
Z0013,Z001
C927,C927
I479,I479
N944,N944
M542,M542
O355,O355
M1394,M1394
N733,N733
Q234,Q234
H838,H838
Z0158C2,_
D437,D437
F59,F59
M5438,M5438
M708,M708
R928,R92
N4400,N44
T806,T806
M6731,M6731
Q224,Q224
I22,I229
O8218,O821
M9512,M951
809,_
H4641,H46
W0198,_
N485,N485
W1799,_
M450,M450
0366,_
C091,C091
O742,O742
E082,_
I151,I151
N1879,_
M4782,M4782
L412,L412
260,_
E212,E212
N25,N259
R2291,R229
C4430,C443
J398NONE,_
Z87,_
1850,_
F55,F55
J030,J030
C61X,C61
Y835,_
M4199,M4199
5739,_
N9946,N994
073,_
L979,L97
5690,_
S8214,S821
M9424,M9424
N343,N343
C5410,C541
C3011,C301
M8802,M880
T00,T009
C4101,C4101
T183,T183
T1511,T151
M3211,M321
P21,P219
1101,_
M8075,_
D4851,D485
M192,M192
H3552,H355
T451,T451
1243,_
I86,_
M262,_
W0109,_
S0635,S063
S579,S579
S0992,S099
Z914,Z914
E839,E839
S316,_
X489,_
E00,E009
S8311,S831
J82,J82
D250N,_
Z3730,Z373
I288,I288
H1891,H189
H018,H018
V0218,_
B375,B375
R030,R030
G050,G050
D0501,D050
R6889,R688
N358,N358
H1640,H164
V049,_
T21,_
K8025,K802
511,_
R309,R309
S9119,S911
T22,_
H1124,H112
I8612,I861
T483,T483
S6800,S680
V03,_
J0100,J010
T378,T378
P714,P714
S66,S669
B018,B018
F32,F329
E1152,E115
O062,O062
N8401,N840
D259EN939,_
H3561,H356
G1221,G122
S9085,S908
I199,_
I444,I444
W2292,_
L041,L041
N726,N72
F629,F629
W3101,_
J5280,_
V295,_
M6582,M6582
Z39O,_
S6180,S618
T829,T829
A599,A599
O460,O460
N972,N972
N8321,N832
O360,O360
D838,D838
D224,D224
D337,D337
K614,K614
A970UO71,_
M7199,M7199
M941,M941
H740,H740
D373,D373
5166,_
O0390,O039
I78,I789
C440,C440
T170,T170
Z890,Z890
0380,_
M0080,M0080
L12,L129
N134,N134
L900,L900
M222,M222
X959,_
M01,_
Y0489,_
O824,_
B369,B369
H622,H622
M6533,M653
E1154,E115
J360,J36
I24,I249
W2473,_
O812,O812
A026,_
K001,K001
S6201,S6201
B960,B960
E859,E859
W229,_
C1190,C119
C518,C518
S5292,S529
O8009,O800
E129,E129
F43,F439
W221,_
Z9089,Z908
I119NA,_
M6524,M6524
S8287,S828
K0900,K0900
V695,_
D492,_
V1309,_
E1420,E142
Z798,_
1233,_
S408,S408
M856NA,_
S5190,S519
L519,L519
O2451,_
T8410,T841
5511,_
Z080,Z080
Q422,Q422
V3348,_
M173,M173
M1189,M1189
V1999,_
N1390,N139
J10,_
Y870,_
H4419,H441
M329NO0,_
H4330,H433
Z397,_
Z12,Z129
G37,G379
H0012,H001
N6331,N63
Y408,_
K3189,K318
C189NONE,_
B279,B279
Z3830,Z383
J385,J385
L98,L989
P0510,P051
S9611,S961
Y300,_
S433,S433
Z906,Z906
E810,_
G449,_
P2391,P239
C101,C101
T025,T025
K942,_
O0039,_
H4312,H431
J701,J701
M1907,M1907
O0011,O001
Z3020,Z302
Z9071,Z907
J3821,J382
J1882,J188
4784,_
B9781,B978
L602,L602
D33,D339
C191P2,_
S5039,_
I2251,_
R636,R636
M9535,M953
A040,A040
O07,O079
N3930,N393
C06,C069
X5880,_
K508,K508
C3431,C343
C902,C902
S179,S179
H101,H101
C509NONE,_
H492,H492
L9292,L929
F1012,F101
C154,C154
W809,_
M2322,M2322
S7204,S720
Z170,_
C640,C64
H2731,_
Q373,Q373
V2899,_
Z910,Z910
S607,S607
N363,N363
C24,C249
S701,S701
M249,M249
K56,_
R008,R008
C49A,_
D613,D613
Q726,Q726
I8300,I830
Z0382,Z038
W3102,_
N622,N62
O9980,O998
O821O4,_
K089,K089
F1910,F191
D258,_
R531,R53
S9134,S913
K2961,K296
I690,I690
N8015,N801
654,_
X5992,_
S4321,S432
4A,_
M1049,M1049
M7656,M7656
X9599,_
H903,H903
H208,H208
Z549,Z549
K591,K591
M9699,M969
Z223,Z223
A810,A810
M8724,M8724
M1702,M170
N943,N943
O6910,O691
O,_
S0011,S001
R2221,R222
D4870,D487
J984NO0,_
S157,S157
D236,D236
0621,_
I2002,I200
T071,T07
Q877,_
C678,C678
I509NONE,_
A19,A199
Z038ZII5,_
F410,F410
F688,F688
M2740,_
G518,G518
E88,E889
K355,_
Q244,Q244
Q638,Q638
T877,_
M8190,M8190
E649,E649
O772,_
Y2809,_
R1900,R190
G310,G310
P023,P023
H4380,H438
M638,M638
Y842,_
C199,C19
J900,J90
S6890,S689
J331,J331
O414,_
P615,P615
B459,B459
H1120,H112
S5252,S525
Z51,Z519
O326,O326
V230,_
M9078,M9078
N9089,N908
D609,D609
M1091,M1091
M9810,_
J691,J691
Y040,_
N1790,N179
Z115J,_
R002,R002
F1001,F1001
M7991,M7991
M6780,M6780
Y545,_
W2687,_
W4003,_
X700,_
B79,B79
M8841,_
Q374,Q374
C43,C439
S799,S799
Z808,Z808
C2,_
Z0158,Z015
C1,_
S759,S759
H2141,H214
Z945,Z945
W7499,_
Z950,Z950
K262,K262
M8668,M8668
S0500,S050
N390XA,_
Q100,Q100
Q260,Q260
S3141,S314
J800,J80
Q659,Q659
S5189,S518
M548,M548
P250,P250
H4089,H408
Z6851,_
S4071,S407
S8092,S809
S9090,S909
S1090,S109
S4091,S409
S7091,S709
0709,_
2301,_
N882,N882
M253,M253
5063,_
S348,S348
U837,_
K4391,K439
B17,B179
K753,K753
Z205,Z205
W870,_
S3610,S3610
Y30,_
F172,F172
S6125,_
H9512,H951
S366,S366
T8461,T846
A548,A548
F900,F900
E0520,E052
M266,_
T095,T095
H3549,H354
K7460,K746
P521,P521
E881,E881
H4339,H433
O263,O263
O489,O48
O614,_
P141,P141
M363,M363
W1708,_
D070,D070
Y499,_
J441NONE,_
H702,H702
G008,G008
Q349,Q349
P07,_
C00,C009
M9134,M913
C4443,C444
H2202,H220
A514,A514
L971,L97
Y579,_
013,_
F05,F059
M8109,M8109
M8100,M8100
Z3005,Z300
9403,_
H4080,H408
E012,E012
C249,C249
C510,C510
T2430,T243
T7900,T790
K8018,K801
T4042,T404
E8615,E86
M2340,M2340
I63,I639
S9120,S912
5748,_
L898,L89
J11,_
S497,S497
S837,S837
M321N0,_
H1099,H109
J178,J178
H6691,H669
I018,I018
S667,S667
I979,I979
D022,D022
1899,_
K910,K910
I360,I360
E236,E236
L0210,L021
S710,S710
O4442,_
O880,O880
I40,I409
B978,B978
W206,_
D494,_
I510,I510
C9,_
Z1480,_
G892,_
S2701,S2701
D047,D047
Z483,_
K281,K281
E44,_
M4397,M4397
J848,J848
A048,A048
T632,T632
T578,T578
T450,T450
M5406,M5406
Q859,Q859
A050,A050
N491,N491
P549,P549
T703,T703
E310,E310
F449,F449
Q134,Q134
N730,N730
N007,N007
F198,F198
J204,J204
C19PP4,_
Z01811C1,_
G600,G600
A082,A082
I515,I515
P520,P520
M4394,M4394
P00001,P000
M2508,M2508
Z0131B,_
M7908,M7908
N042,N042
T528,T528
M8669,M8669
Z02071,Z020
B053H671,_
M0694,M0694
L131,L131
A830,A830
G407,G407
T55,T55
Z0156A1,_
M483,M483
T234,T234
C61M8140/3,_
N420,N420
M7922,M7922
Q011,Q011
N977,_
K929NONE,_
L9790,L97
H3534,H353
S564,S564
A010JO69,_
N810,N810
D071,D071
M8543,M8543
I8281,I828
S0104,S010
H5022,H502
J9422,J942
A099E8,A09
S8189,S818
R689,_
9D,_
D447,D447
M2321,M2321
Q435,Q435
T136,T136
K111,K111
0757,_
W2062,_
S801,S801
K319NONE,_
D2350,D235
C3121,C312
R063,R063
H81,H819
E807,E807
D720,D720
T411,T411
C323,C323
C382,C382
J3830,J383
H0511,H051
G8190,G819
B01,B019
H6091,H609
S9232,S923
5661,_
0064,_
S90,S909
O15,O159
Z723,Z723
O352,O352
S503,_
A362,A362
W0399,_
T923,T923
M8003,M8003
O02,O029
L78,_
O8920,O892
M6541,M654
C388,C388
R855,R855
Q2730,Q273
W259,_
E1100,E110
O9941,O994
J9610,J961
X2299,_
W449,_
S4571,S457
T1111,T111
S767,S767
C1690,C169
I969,_
M8711,M8711
A031,A031
H3112,H311
J1291,J129
T909,T909
M1389,M1389
M8105,M8105
K258,_
0810,_
E838,E838
S689,S689
M8472,_
P004,P004
I649,I64
J98,J989
D701,D70
M4809,M4809
V2844,_
G563,G563
N4500,N450
S358,S358
M6008,M6008
Z332,Z33
S8600,S860
O422,O422
D1101,D110
T504,T504
N6332,N63
O9881,O988
O9,_
M8074,_
Z3401,Z340
M5600,_
K109,K109
D356,D356
Q872,Q872
O86,_
Q654,Q654
T190,T190
W3162,_
M4807,M4807
N893,N893
Z280,Z280
R562,_
H469,H46
0333,_
I61,I619
A1801,A180
C7949,C794
T026,T026
Y429,_
W340,_
I6341,I634
Z10,_
O670,O670
E1042,E104
M2106,M2106
I7092,I709
C161,C161
M7790,M7790
J3420,J342
T490,T490
L853,L853
N829,N829
I6940,I694
A811,A811
N8392,N839
H312,H312
S62,_
I339,I339
K499,_
A4100,A410
K241,_
Q184,Q184
W0921,_
S3131,S313
99,_
N948,N948
Q90,Q909
H749,H749
B227,B227
L722,L722
L810,L810
N231,N23
N370,N370
Z526,Z526
C08,C089
B941,B941
C29,_
C168,C168
S081,S081
V239,_
E804,E804
M4056,M4056
S5080,S5080
K612,K612
H1091,H109
T5492,T549
Z528,Z528
Z3688,Z368
C081,C081
0300,_
K922NO1,_
Z228,Z228
S0050,S0050
H2622,H262
S6785,S678
S9300,S930
Q302,Q302
M8162,M8162
W256,_
G9381,G938
S6263,S626
B830,B830
S332,S332
H212,H212
V476,_
L983,L983
E769,E769
K5120,K512
E419,E41
C514,_
W5509,_
R15,R15
X66,_
Z837,Z837
D442,D442
S0182,S018
K6812,_
E841,E841
P75,P75
H0581,H058
C435,C435
Z532,Z532
M1092,M1092
I1090,I10
I797,_
Y933,_
E239,_
Z0181,Z018
1C,_
Z876,Z876
F011,F011
Z472,_
V12,_
P9160,P916
T7840,T784
5662,_
Z9830,_
L027,_
J185,_
N361,N361
D1631,D163
M8263,_
K3850,_
A303,A303
W3400,_
H27,H279
Z833,Z833
Q439,Q439
N48,N489
N0836,N083
S6035,_
R634,R634
H3092,H309
S4229,S422
142,_
T8684,T868
O011,O011
I8722,I872
S02,S029
N766,N766
J4391,J439
Q400,Q400
O4321,O432
I8720,I872
P99,_
D738,D738
M4119,M4119
342,_
H1780,H178
O399,_
T429,_
E030,E030
M7954,M7954
M6007,M6007
Q4011,Q401
641,_
M9423,M9423
X5903,_
W079,_
S3231,S3231
R5711,R571
G913,G913
H6521,H652
U250,_
M4909,M4909
P0703,P070
S644,S644
H5032,H503
W0309,_
N1891A,_
C021,C021
M8970,_
X469,_
W1819,_
M463,M463
M8502,M8502
D678,D67
O8000,O800
U070,_
V184,_
M469,M469
S317,S317
M6256,M6256
I092,I092
W5899,_
Z877,Z877
H4019,H401
M8695,M8695
O863,O863
F41,F419
R529,R529
T387,T387
Q709,Q709
M9700,_
M220,M220
N604,N604
Y19,_
N051,N051
L578,L578
N895,N895
N897,N897
J1811,J181
X6099,_
X6399,_
T440,T440
H50,H509
Z0207,Z020
O099,_
R108,_
H4922,H492
A000,A000
H1121,H112
H508,H508
M7032,M7032
C93,C939
M4629,M4629
J812,J81
839,_
N8090,N809
N8091,N809
P351,P351
K9413,_
D142,D142
J096,J09
E1431,E143
M6027,M6027
D1772,D177
B053,B053
H671,H671
G258,G258
G608,G608
S5253,S525
T679,T679
R5915,R591
304,_
O820O,_
C4442,C444
M9021,M9021
N208,_
D299,D299
N8012,N801
1471,_
T740,T740
V231,_
E010,E010
J1591,J159
Y578,_
M0809,M0809
Q12,Q129
Z916,Z916
M9570,_
S1210,S1210
H62,_
O32,O329
H83,H839
I7022,I7022
I2191,I219
Z736,Z736
M845,_
S442,S442
1100,_
D250D,_
M7737,M7737
E0635,E063
Z8911,Z891
M999,M999
D89,D899
M9170,_
I862,I862
M4799,M4799
S1270,S1270
S905,_
M2442,M2442
O0015,O001
541,_
N195,N19
O051,O051
S9281,_
Q54,Q549
D601,D601
H938,H938
T8471,T847
B811,B811
S3109,S310
M4844,M4844
Y433,_
I481,I48
I508,_
O380,_
C223,C223
P0038,P003
Y05,_
C574,C574
K6289,K628
S8601,S860
S9171,S917
E509,E509
Q132,Q132
Q052,Q052
N100,N10
R935,R935
V828,_
Y1099,_
K22,K229
D702,D70
S8251,S8251
C590,_
O052,O052
E824,_
H744,H744
C4491,C449
I28,I289
O912,O912
S9109,S910
R339,R33
Z0156,Z015
G573,G573
O3429,O342
E1160,E116
P548,P548
E051,E051
W1004,_
S290,S290
T287,T287
S9210,S9210
J9811,J981
J9609,J960
1209,_
Q2731,Q273
K4031,K403
T12,T12
O7589,O758
K501,K501
S6200,S6200
H319,H319
M3581,M358
J9601,J960
Z380PO34,_
C7642,C764
X9908,_
M8694,M8694
B9881,_
D2241,D224
L218,L218
N6041,N604
H104,H104
K1221,K122
D4171,D417
S499,S499
L8930,L893
L539,L539
M8693,M8693
S3122,S312
N187,_
S312,S312
S380,S380
O225,O225
A689,A689
F150,F150
C509M8500/3,_
E619,E619
T474,T474
A081,A081
M438,M438
D137,D137
A371,A371
K285,K285
Q209,Q209
1679G468,_
A858,A858
A067,A067
E132N083,_
N279,N279
T455,T455
P005,P005
O218,O218
Z02013,Z020
F125,F125
G937,G937
T633,T633
Z01751,Z017
Q382,Q382
G218,G218
M8998,M8998
B583J173,_
P529,P529
T599,T599
P014,P014
Z011A,_
Q763,Q763
RFRHD12,_
M0829,M0829
T407,T407
Z01741,Z017
I740,I740
Z0163,Z016
S998,S998
S950,S950
G2589,G258
K422,_
S861,S861
W0330,_
W1919,_
M246,M246
D2330,D233
H2781,H278
N7505,N750
711,_
B070,B07
I8421,I842
S275,S275
E0969,_
G052,G052
M2518,M2518
Z655,Z655
N96,N96
L949,L949
R799,R799
A861,A86
D043,D043
H939,H939
S7206,S720
J410,J410
W2288,_
I772,I772
C961,C961
K712,K712
J84,J849
M7131,M7131
E752,E752
P2981,P298
Z794,_
S83,_
D360,D360
K802NONE,_
K715,K715
H4323,H432
Q288,Q288
Q385,Q385
Q670,Q670
Q910,Q910
Z713,Z713
M6591,M6591
T219,_
W2792,_
N7680,N768
C162,C162
K055,K055
Z724,Z724
N999,N999
R2233,R223
H3304,H330
D4101,D410
D460,D460
M8410,M8410
F798,F798
70,_
D2322,D232
H0292,H029
M9115,M9115
V200,_
H2601,H260
K5503,K550
Z5331,_
F413,F413
E721,E721
B958,B958
S331,S331
M083,M083
Y0408,_
T0680,T068
K201,K20
K020,K020
S309,S309
08O0,_
Z9049,Z904
L050,L050
T320,T320
W0699,_
E755,E755
A1883,A188
M2679,_
C731,C73
J90NONE,J90
O392,_
I453,I453
L021NA,_
S0530,S053
K646,_
S9990,S999
S6239,S623
G529,G529
C502,C502
M8561,M8561
C171,C171
G811,G811
A979,_
W2028,_
J148,J14
J37,_
D649NONE,_
H3506,H350
N6341,N63
S1015,S101
X8499,_
Z3851,Z385
N189NONE,_
M1239,M1239
Q676,Q676
G553,G553
C159NA,_
R95,R95
W0104,_
F171,F171
M949,M949
K5791,K579
I4510,I451
Z120,Z120
E1031,E103
222,_
M0008,M0008
L6002,L600
N988,N988
G9300,G930
I6200,I620
M6290,M6290
T700,T700
0010,_
I088,I088
H2613,H261
Z419,Z419
M9685,M968
K798,_
O729,_
D813,D813
H0001,H000
R2211,R221
1679,_
V291,_
W2289,_
J9551,J955
J14,J14
M402,M402
V2208,_
K881,_
0001,_
S7170,S717
D4800,D480
O8201,O820
J121,J121
F106,F106
T658,T658
S2121,S212
M943,M943
Z481,_
X6509,_
H710,H71
J455,_
M889,M889
K034,K034
D429,D429
O8094,O809
W1809,_
M8600,M8600
T8141,T814
T911,T911
F603,F603
X292A,_
N87,N879
909,_
M6587,M6587
S638,_
Y25,_
S323,S323
T201,T201
O492,_
A799,A799
H6503,H650
S0590,S059
T259,_
K813,_
C76,_
1341,_
H0253,H025
H613,H613
H624,H624
S352,S352
M768,M768
W198,_
K812,_
D649JO69,_
M9659,M965
G70,G709
S0560,S056
C301,C301
S683,S683
V19,_
H3510,H351
N1189,N118
D12,D129
N833,N833
P00,P009
K901,K901
Y282,_
I788,I788
K922NO0,_
Y849,_
T541,T541
J206,J206
101B,_
M8123,M8123
Y891,_
H7443,H744
Y543,_
G61,G619
M8640,M8640
L8921,L892
Q514,Q514
M6740,M6740
J9602,J960
J9691,J969
Z330,Z33
S1290,S1290
S919,S919
V4999,_
K435,_
M8012,M8012
S8990,S899
V270,_
S2100,S210
D55,D559
M8102,M8102
A009,A009
W8792,_
Y96,_
I662,I662
T88,T889
J17,_
P740,P740
Z3980,_
I988,I988
H4723,H472
M146,M146
D388,_
V1308,_
S3999,S399
W223,_
W2208,_
H2620,H262
A185,A185
H220,H220
Q849,Q849
I1091,I10
J3090,_
J4491,J449
X72,_
L23,L239
Z0175,Z017
H4042,H404
S0103,S010
V580,_
F228,F228
M8413,M8413
M0820,M0820
W290,_
0149,_
M7288,M7288
H6592,H659
S6690,S669
T792,T792
M219,M219
H7221,H722
T049,T049
Q718,Q718
Q741,Q741
M8108,M8108
O0091,O009
S8222,S822
M5404,M5404
M996,M996
T602,T602
W230,_
H5042,H504
N939NONE,_
R2202,R220
M1094,M1094
N486,N486
Z1211,Z121
S8031,_
S7112,S711
M272,_
S0130,S013
O121,O121
N7718,N771
E792,_
I88,I889
S599,S599
M255,M255
S0219,S021
S6510,S651
Z119,Z119
B000,B000
B583,B583
N129,N12
Q253,Q253
P600,P60
H042,H042
P598PO34,_
B368,B368
N842,N842
N638,N63
Q270,Q270
S8089,S808
E460,E46
R5600,R560
T935,T935
O712,O712
H3142,H314
X5888,_
J451,J451
J154,J154
M854,M854
M475,_
F000,F000
E42,E42
S450,S450
U02,_
M248,M248
N4330,N433
B689,B689
S0189,S018
S016,_
M8663,M8663
H0180,H018
5727,_
Q5391,Q539
0601,_
Q795,Q795
O850,O85
O98,O989
M9803,_
M9671,_
J1993,_
J3832,J383
I779NONE,_
S1880,S18
H540,H540
A3981,A398
E0521,E052
M8051,M8051
M8858,_
N412,N412
H2090,H209
W879,_
Z0380,Z038
Q559,Q559
D355,D355
Q218,Q218
A096,A09
R290,R290
C26,C269
O0929,_
Q412,Q412
H099,_
F120,F120
H1881,H188
R972,_
Q5390,Q539
S31,_
Z0174,Z017
S7203,S720
M72,M729
S9340,S934
H3511,H351
N189NO,_
V2814,_
W092,_
O043,O043
M8655,M8655
I125,_
I621,I621
K807,_
Z866,Z866
G592,_
K796,_
M7041,M704
K5909,K590
H0433,H043
C7A8,_
Q642,Q642
A058,A058
F338,F338
N832N,_
V072,_
R522,R522
N6321,N63
N4335,N433
530,_
M7967,M7967
H3090,H309
X0499,_
M1391,M1391
D0421,D042
T656,T656
K265,K265
M4780,M4780
O606,_
M1286,M1286
T319,T319
N271,N271
P728,P728
P721,P721
H470,H470
K835,K835
Z018142,Z018
Q606,Q606
E168,E168
M6090,M6090
J1823,J182
M4856,M4856
P789,P789
F250,F250
Z02024,Z020
M7928,M7928
P543,P543
G527,G527
T499,T499
P052,P052
E273,E273
I803,I803
Y430,_
C839,C839
G411,G411
I734,_
Q203,Q203
R34,R34
N5081,N508
S6271,S6271
O683,O683
Q054,Q054
N633,N63
M278,_
D132,D132
J026,_
Y089,_
H6000,H600
H6100,H610
I8389,_
O807,_
T8480,T848
M7541,M754
E1163,E116
D230,D230
A41,A419
Z70,Z709
A0997,A099
W4599,_
M4196,M4196
A100,_
C9202,C920
K2693,K269
Q711,Q711
B0820,B082
S3114,S311
D200,D200
S641,S641
D343,D34
Z0429,Z042
N185UO5,_
C079,C07
T7421,T742
F528,F528
N702,N702
Y09,_
S0990,S099
S044,S044
Y169,_
J910,J91
O49,_
Q2733,Q273
N5080,N508
W101,_
Q501,Q501
I431,I431
M7000,M7000
M7540,M754
H608,H608
D411,D411
M673,M673
T9321,T932
S242,S242
M51,M519
M9920,M9920
T14IW55,_
Y544,_
C509B,_
I1219,_
Z9989,Z998
O3039,_
O294,O294
Y440,_
R5601,R560
L271,L271
S4311,S431
Z80,Z809
M509,M509
S3164,_
H4071,_
H201,H201
H911,H911
C395,_
S5227,S522
H4471,H447
N60,N609
5847,_
C941,C941
C031,C031
N7011,N701
H055,H055
244,_
W458XXA,_
I326,_
I971,I971
A300,A300
S9240,S9240
22,_
H046,H046
L086,_
F220,F220
H3422,H342
O283,O283
K8063,_
H131,H131
S0112,S011
D3701,D370
Y1199,_
Q6670,Q667
0600,_
V729,_
J871,_
R588,R58
C5093,C509
B240,B24
M7889,_
C332,C33
H4031,H403
I21,I219
H431UO71,_
K006,K006
X1249,_
Q280,Q280
J3040,J304
P0702,P070
S2231,S2231
K566NONE,_
H933,H933
O23,O239
Z519,Z519
M5120,M512
S897,S897
W1409,_
Q318,Q318
S2711,S2711
K787,_
1108,_
M8412,M8412
I029,I029
S1,_
N871,N871
J797,_
K441,K441
F231,F231
D618NO1,_
H0232,H023
H0242,H024
N6490,N649
O984O,_
S8681,S868
D2110,D211
M719,M719
M6023,M6023
K803NONE,_
N6492,N649
T796X,_
P2401,P240
L601,L601
C842,C842
S9220,S9220
R931,R931
S451,S451
H4721,H472
O075,O075
I455,I455
R2200,R220
V455,_
T1711,T171
243,_
M8130,M8130
E0590,E059
I124,_
D499,_
P560,P560
N785,_
O468,O468
S0262,S026
L211,L211
O704,_
P13,P139
5493,_
C10,C109
J0691,J069
L633,_
S3202,S320
Q1501,Q150
Y1899,_
Q664,Q664
M4895,M4895
E011,E011
X510,_
W1303,_
X899,_
Z918,Z918
T427,T427
X41,_
721,_
M6586,M6586
M9870,_
M900,M900
74B,_
3119,_
S8300,S830
L669,L669
D039,D039
P150,P150
S8252,S825
52A,_
S0029,S002
N0832,N083
G9352,G935
F010,F010
S5102,S510
D21,D219
N4920,N492
C413,C413
S8699,S869
I6201,I620
S362,S362
T011,T011
R04,R049
340,_
W44,_
N449,N44
M00,M009
N200NONE,_
E1110,E111
K74,_
S9032,S903
Y95NONE,_
H0457,H045
M4134,M4134
P013,P013
C715,C715
Y362,_
T936,T936
G544,G544
V3799,_
M362,M362
S7101,S710
W1008,_
E835NONE,_
W599,_
H5210,H521
N511,N511
D2112,D211
X440,_
H3101,H310
V8921,_
S6692,S669
N1701,N170
E1142,E114
K350NA,_
K3589,K358
O8200,O820
Z0202,Z020
H730,H730
T016,T016
Q40,Q409
R072,R072
H00,_
C847,C847
K259NONE,_
A1500,A150
Q169,Q169
G928,G92
M9141,_
P0501,P050
J321,J321
H3351,H335
R009,_
O442,_
0021,_
D2321,D232
K132,K132
0996,_
S0139,S013
M759,M759
E143H3,_
L990,L990
Z56,_
S3101,S310
N175,_
E1134,E113
S1220,S1220
R35,R35
Z311,Z311
M8715,M8715
C313,C313
T091,T091
S4115,S411
S0271,S0271
C118,C118
S6055,_
E1130,E113
W84,_
Z362,Z362
D7581,D758
L986,L986
S0642,S064
M089,M089
C754,C754
S355,S355
H571,H571
Z9070,Z907
Z370Z,_
K747,_
H4381,H438
Z3903,Z390
S3630,S3630
I3401,I340
B971,B971
T2325,T232
M623,M623
T844,T844
J699,_
R103,R103
Q111,Q111
M131,M131
S5235,S523
M8052,M8052
T914,T914
S7235,S723
W31,_
B083,B083
A072,A072
L711,L711
W1898,_
I70,I709
S6440,S644
S342,S342
M809,M809
H6613,H661
A971JO69,_
P0718,P071
H0210,H021
E861N7,E86
H0450,H045
D549,_
Z385,Z385
M7111,M7111
M9681,M968
D550JO69,_
S9103,S910
N1892,N189
G735,G735
O071,O071
1638,_
H5291,_
Q665,Q665
Z854,Z854
H051,H051
K200,K20
C95,C959
T09,T099
H499,H499
Y608,_
C7931,C793
S6621,S662
I827,_
N0369,N036
G561,G561
806,_
O209,O209
S1291,S1291
L9731,L97
P486,_
M8830,_
5784,_
E272,E272
W2474,_
N799,_
Z430,Z430
J369,J36
O7010,O701
H4712,H471
I6391,I639
N083D6,_
E259,E259
C77,C779
Q232,Q232
W349,_
T092,T092
S7335,_
V2399,_
R049,R049
S840,S840
H2615,H261
S3641,S3641
R091,R091
H2701,H270
D2370,D237
G66,_
R054,R05
M2410,M2410
N185NO38,_
I2511,I251
T608,T608
X681,_
K830NO7,_
N3289,N328
S0083,S008
M9300,M930
S5202,S520
Z4789,Z478
Q107,Q107
Q663,Q663
J4540,_
S915,_
N503,_
Y079,_
C939,C939
I109NO2,I10
W513,_
5804,_
Q674,Q674
M6589,M6589
E648,E648
M2509,M2509
D467,D467
M161,M161
M7915,M7915
M1986,M198
L130,L130
M4307,M4307
Z01808B1,_
T522,T522
T478,T478
F908,F908
F502,F502
F981,F981
C261,C261
M5484,M5484
I801,I801
J203,J203
Q278,Q278
M5415,M5415
S4225,S422
N350,N350
Z002,Z002
M6617,M6617
Z24,_
M8645,M8645
L282,L282
M8691,M8691
S8992,S899
P359,P359
M2578,M2578
S498,S498
H3490,H349
Z365,Z365
N185NO4,_
R7401,R740
000,_
A00,A009
P718,P718
Q691,Q691
N6019,N601
D2490,D24
W0143,_
J3515,J351
281,_
M5452,M545
M9650,M965
S4202,S420
P0736,P073
V2099,_
R020,R02
H7200,H720
V2989,_
K404,K404
Z946,Z946
J693,_
Z740,Z740
S9982,S998
Z270,Z270
M9104,M910
5840,_
D578,D578
E710,E710
H0243,H024
Y18,_
S0695,S069
P108,P108
I149,_
8833,_
5846,_
K237,_
R600,R600
5882,_
M2406,M240
T1512,T151
W1609,_
O0943,_
S209,_
M8811,_
M711,M711
O302,O302
Z968,Z968
E871NO9,_
H4389,H438
I1195,I119
W2382,_
N0838,N083
K922NO8,_
H698,H698
M7046,M7046
L031NONE,_
S649,S649
L208,L208
Q5392,Q539
O6202,O620
S9081,S9081
J279,_
N6110,N61
T144,T144
B340,B340
M855,M855
W13,_
N153,_
S3270,S3270
R625,_
T915,T915
O084,O084
W5030,_
Z331,Z33
K760NONE,_
N4590,N459
B869,B869
C164,C164
Q303,Q303
S6991,S699
W1803,_
T840,T840
Q353,Q353
L20,L209
B3781,B378
M8082,M8082
J0509,J050
X995,_
B238,B238
V26,_
O210Z3,_
A11,_
N803NONE,_
C721,C721
Z348UO71,_
Z291,Z291
M549,M549
C100,C100
D105,D105
D090,D090
H4443,H444
S6059,_
N369,N369
I2800,I280
J628,J628
K888,_
K461,K461
H4441,H444
N304,N304
N634,N63
J620,J620
N81,N819
T8740,T874
T29,_
N1485,_
E0492,E049
H01,H019
P37,P379
Q300,Q300
H6111,H611
H4030,H403
L104,L104
N4331,N433
Y34,_
R8271,R827
H1870,H187
O049,O049
E1034,E103
I1248,_
N523,_
O771,_
X7099,_
H301,H301
D60,D609
H187,H187
M800,M800
N7091,N709
M8620,M8620
S7221,S7221
J3803,J380
M6516,M6516
Q263,Q263
O024,_
P933,P93
M8941,M8941
H5981,H598
S5090,S509
S8000,S800
S8090,S809
K5289,K528
X5098,_
W0331,_
G86,_
I170,_
G214,G214
S0080,S008
E7805,E780
M893,M893
M7992,M7992
B18,B189
S0481,S0481
K2902,K290
M7797,M7797
A527,A527
E1191,E119
E1400,E140
G471,G471
C212,C212
H3560,H356
S042,S042
M5138,M513
V33,_
O111,O11
M2535,M2535
H5302,H530
M9932,M9932
J3481,J348
S0636,S063
R568R,_
H3591,H359
I842X,_
S229,S229
M210,M210
H5221,H522
G62,G629
N750X,_
O400,O40
H55,H55
R093,R093
Q701,Q701
K636,_
S370ZZ,_
M9960,M9960
X6699,_
H6011,H601
A513,A513
G519,G519
H038,H038
Z9921,Z992
L9800,L980
M9261,M926
1694,_
A4119,A411
H2540,_
T817,T817
V793,_
X50,_
D10,D109
D59,D599
A0,_
R78,R789
S1181,S118
O842Z,_
S5611,S561
0A,_
I8610,I861
M329NA,_
C543,C543
S448,S448
T924,T924
M316,M316
T9220,T922
R370,_
Z436,Z436
K08,K089
R639,_
Z9838,_
S8283,S828
M9670,_
I1096,I10
Y953,_
W213,_
W4931,_
V209,_
F122,F122
G394,_
Z163,_
M8840,_
H0442,H044
N99,N999
T2302,T230
T7589,T758
S9612,S961
G049NONE,_
E8359,E835
T160,T16
C852,C852
N023,N023
W060,_
W1938,_
Y418,_
E8771,E877
P0010,P001
M5326,M5326
Z3,_
A12,_
I2009,I200
N421,N421
N6001,N600
M329NONE,_
K5732,K573
H8121,H812
0000,_
I27,I279
K616,_
G569,G569
M300,M300
3600,_
Y07,_
K622,K622
G998,G998
K2971,K297
J0309,J030
D021,D021
O004,_
D010,D010
A189,_
L303,L303
E359,_
M4628,M4628
G243,G243
K1301,K1301
M8971,_
S6792,_
X1099,_
C798NONE,_
G5603,G560
J9692,J969
0700,_
T1414,T141
J618,J61
E064,E064
D68,D689
R72,R72
D18,_
C946,C946
C730,C73
O0349,O034
Z541,Z541
S5290,S5290
R789,R789
M125,M125
M75,M759
K46,K469
M0113,M0113
A1800,A180
C5391,C539
C922,C922
X729,_
K590NONE,_
R566,_
M8220,_
L0220,L022
R360,R36
3639,_
H4450,H445
O8290,O829
Y20,_
E285,_
M6700,M670
S2171,S217
B36,B369
S708,S708
K421,K421
M2116,M2116
M6099,M6099
H0431,H043
V2848,_
9095,_
S2133,_
M8920,M8920
G3090,G309
N460,N46
M7297,M7297
S0045,S004
S120,S120
Q563,Q563
O208,O208
M1911,M1911
Q782,Q782
C20M8140/3,_
E061,E061
D45M99450/1,_
Z015101,Z015
Z01732,Z017
Z0151A2,_
O232,O232
F448,F448
S763,S763
M8995,M8995
Y599,_
A190,A190
M1301,M1301
M5449,M5449
Z0132B,_
A001,A001
T9081,T908
N1480,_
B758,B75
R7302,R730
K61,_
Z46,Z469
P133,P133
T368,T368
I232,I232
M101,M101
T2321,T232
D0592,D059
N6000,N600
E840,E840
X5993,_
F042,F04
B448,B448
G250,G250
M62,M629
S9302,S930
W6072,_
H6180,H618
M4696,M4696
S531WO1,_
W0179,_
O868,O868
D412,D412
C529,C52
T619,T619
L439,L439
E8729,E872
N3909A,_
C750,C750
D61,D619
H2611,H261
D4801,D480
D645,_
K594,K594
S751,S751
Z893,Z893
I2519,I251
K110,K110
W309,_
W191,_
J149,J14
F913,F913
N071,N071
L7231,_
Y415,_
Y286,_
Z710,Z710
T31,T319
G719,G719
M7703,M770
M892,M892
S8320,S832
K329,_
M7510,M751
E0410,E041
V891,_
A073,A073
D7601,D760
M7521,M752
T8521,T852
H331,H331
T508,T508
D2339,D233
M6782,M6782
V4294,_
L043,L043
B668,B668
Z9550,Z955
Z498,_
H6040,H604
O251,O25
M2587,M2587
M5418,M5418
H5011,H501
1219,_
Q1202,Q120
I2501,I250
O960,O960
S6104,S610
I8020,I802
H328,H328
Z389,_
D739,D739
X9901,_
M9945,M994
3780,_
V010,_
B760,B760
S2208,S220
Z729,Z729
C5005,C500
Y409,_
E1364,E136
H3236,_
W3444,_
B839,B839
0990,_
O9851,O985
J386,J386
N2889,N288
M8727,M8727
P5991,P599
Q661,Q661
Q713,Q713
Q738,Q738
K12,_
S879,S879
W2772,_
N848,N848
K656,_
M6544,M654
N0309,N030
M18,M189
J40UO71,J40
M9663,M966
C8092,C809
H738,H738
N789,_
Z400,Z400
I72,I729
J220,J22
D244,D24
R65,R659
H362,_
D0500,D050
X1009,_
W2092,_
M621,M621
Z023,Z023
M7156,M7156
M6581,M6581
D69,D699
W306,_
V349,_
D063,_
T256,T256
M9301,M930
L502,L502
H105,H105
F938,F938
Z0060,Z006
K8061,_
5217,_
W2399,_
W76,_
Z9661,Z9661
O364Z3,_
F901,F901
N1180,N118
C475,C475
H547,H547
J9580,J958
D820,D820
T58,T58
T382,T382
Y422,_
X991,_
E1102,E110
N3021,N302
T115,T115
M8824,_
G04,G049
B15,B159
I4590,I459
H6602,H660
D210D,_
W06,_
M727,_
S161,S16
N640,N640
S0188,S018
89,_
S938,_
J9881,J988
C166,C166
T251,T251
S8361,S836
S618X,_
M6004,M6004
C1840,C184
O2689,O268
C369,_
R413,R413
X5099,_
Y209,_
D4810,D481
F023,F023
S3601,S3601
J1509,J150
829,_
O6981,O698
B569,B569
M2110,M2110
N269,N26
H3410,H341
V193,_
M7299,M7299
2370,_
A663,A663
D304,D304
N41,N419
Y81,_
T3000,T300
K8080,K808
M8589,M8589
C783,C783
S654,S654
M2401,M2401
E0835,_
W552,_
R7390,R739
E1167,E116
Q6581,Q658
I078,I078
D312,D312
A179,A179
F842,F842
L91,L919
B452,B452
B387,B387
S6281,S6281
W185,_
R8781,R878
072,_
K7469,K746
M6441,_
H295,_
N062,N062
5682,_
W3093,_
J81NONE,J81
S330,S330
V32,_
Q352,_
M8271,_
S0071,S007
H048,H048
T2021,T202
S92,S929
M214,M214
F051,F051
X6299,_
S3282,S328
E1190,E119
Z094,Z094
W490,_
S6992,S699
W1908,_
J411,J411
W1904,_
H712,H71
V225,_
K3505,K350
K6350,K635
H1850,H185
T1420,T1420
P04,P049
I955,_
W60,_
M9160,_
D3703,D370
S427,S427
H900,H900
S3290,_
H0521,H052
M8404,M8404
R113,R11
Z29,Z299
S5602,S560
C728,C728
Z829,_
J1819,J181
M6743,M6743
S03,_
H0201,H020
M8415,M8415
Q5122,Q512
L8990,L899
L0201,L020
N36,N369
0756,_
K5790,K579
W130,_
Q162,Q162
D735,D735
S6813,S681
L122,L122
N1350,N135
L821,L82
M5445,M544
F849,F849
M8972,_
G14,G14
B392,B392
B393,B393
W240,_
Q01,Q019
H040,H040
M9131,M913
0620,_
O920,O920
H1880,H188
T2421,T242
M591,_
T842,T842
K503,_
J4596,J459
S9170,S917
H6090,H609
Q653,Q653
5651,_
M7257,M7257
S3609,S360
G249,G249
M0029,M0029
J700,J700
M4854,M4854
K743,K743
N018,N018
M319,M319
A542,A542
J682,J682
Q917,Q917
CR0390,_
D433,D433
F159,F159
F321,F321
M533,M533
2525,_
W19XXXA,_
S814,_
M1392,M1392
H5211,H521
G531,G531
N1839,N183
N6481,N648
Z15,_
M1902,M1902
1109,_
E185,_
L279,L279
G838,G838
D174,D174
M8939,M8939
H158,H158
Z874,Z874
R390,R390
I831,I831
Q749,Q749
L110,L110
Q1209,Q120
A497,_
109,_
M1904,M1904
M961,M961
W5408,_
N8311,N831
E000,E000
5036,_
J4551,_
Z3870,Z387
Z998,Z998
W8729,_
R184,R18
M2152,M215
C777,_
Q871,Q871
M8546,M8546
Q420,Q420
Z087,Z087
Q411,Q411
R1043,R104
M7050,M7050
K9229,K922
M1691,M169
M063,M063
E7800,E780
I1292,I129
M234,M234
D894,_
D20,_
J3421,J342
111,_
O390,_
V8399,_
L7200,L720
V2298,_
T293,T293
D729,D729
O429O,_
M8852,_
T129,T12
C7808,C780
S0001,S000
W912,_
Y598,_
W140,_
C4422,C442
D034,D034
R457,R457
M4886,M4886
V3819,_
O3411,O341
B3322,B332
T8681,T868
M924,M924
M8981,M8981
M274,_
M8144,M8144
V275,_
T1720,T172
H6993,H699
805,_
C659,C65
T012,T012
S402,_
T8135,T813
S3,_
O769,_
T501,T501
D3160,D316
Z333,Z33
N880,N880
N2009,N200
I742,I742
V863,_
S4000,S400
U01,_
S6123,_
T014,_
S6051,_
V38,_
S8319,S831
N483,N483
A480,A480
P40,_
M865,M865
N922,N922
M7251,M7251
Z208ZO38,_
M0189,M0189
X1508,_
Q068,Q068
L411,L411
B42,B429
H902,H902
V222,_
S337,S337
I425,I425
B888,B888
Z209,Z209
S6223,S622
552XA,_
I47,I479
K135,K135
K903,K903
L234,L234
T9381,T938
P055,_
V29,_
D099,D099
B499,B49
A29,_
S6143,_
R829,R829
S841,S841
Y2999,_
S542,S542
H3592,H359
0410,_
R550,R55
I6389,I638
P821,_
N1392,N139
E961,_
M2466,M2466
H0501,H050
Z429,Z429
X20,_
L4050,L405
655,_
K749,_
I7021,I7021
O83,O839
Q931,Q931
M954,M954
O26,O269
R065,R065
M8370,_
L0321,L032
S4104,S410
1633,_
9035,_
T84,T849
N451,_
T8450,T845
S0170,S017
N070,N070
T7802,T780
G9751,_
S8991,S899
K300,K30
M6783,M6783
D1719,D171
I6399,I639
S032,S032
N765,N765
M7022,M7022
T0082,T008
M8423,M8423
M8704,M8704
M8418,M8418
N89,N899
W52,_
D045,D045
J1992,_
T7930,T793
S559,S559
D596,D596
Q031,Q031
D659,D65
Z319,Z319
K935,_
R06,_
S7226,S722
D6498,D649
801,_
I318,I318
S543,S543
G820,G820
B001,B001
H1842,H184
H7092,H709
Q62,_
E1161,E116
K278,_
Q432,Q432
Q5425,Q542
643,_
C72,C729
H0019,H001
O815,O815
J94,J949
G257,_
Y048,_
K072,K072
S6321,S632
M017,_
V599,_
E8352,E835
B889,B889
T204,T204
P352,P352
I6382,I638
T260,T260
C4361,C436
M6503,M6503
H6990,H699
N185NO0,_
M9210,M921
R821,R821
K413,K413
M8547,M8547
M080,M080
D468,_
M991,M991
P533,P53
K89,_
A5055,A505
217,_
A099NA,A09
C848,C848
A171,A171
M236,M236
S4181,S418
S980,S980
L762,_
Z873,Z873
Q103,Q103
L30,L309
S351,S351
N043,N043
J803,J80
M2511,M2511
K114,K114
H1861,H186
M0692,M0692
E328,E328
Q819,Q819
E65,E65
H6589,_
S8205,S820
W7699,_
J1723,J172
S971,S971
Q784,Q784
M0239,M0239
I068,I068
T261,T261
M5437,M5437
M4722,M4722
G378,G378
T512,T512
P155,P155
M1386,M1386
J1543,J154
T225,T225
M0599,M0599
M8948,M8948
M5435,M543
M0645,M0645
D592,D592
P234,P234
H739,H739
Q759,Q759
F206,F206
T386,T386
Q900,Q900
M5338,M533
T280,T280
M224,M224
Z944,Z944
M6248,M6248
G630,G630
S7300,S7300
M9450,_
S605,_
H0455,H045
S858,S858
R519,R51
O3210,O321
Z8781,Z878
H60,H609
B090,B09
K911,K911
O909,O909
I871NA,_
P83,P839
Z3790,Z379
W109,_
O661,O661
H407,_
O6014,O601
O939,_
O383,_
H1133,H113
M8803,M880
M2361,M2361
S9311,S931
G9350,G935
S2720,S2720
P800,P800
D020,D020
E899,E899
T162,T16
S8144,_
V2949,_
X459,_
N204,_
C150,C150
Q1810,Q181
O672,_
K398,_
0162,_
H3303,H330
S0284,S028
N430,N430
W1998,_
M8566,M8566
S6021,S602
P350,P350
J322NONE,_
F988,F988
P911,P911
J210,J210
A52,A529
S334,S334
N177,_
M9409,M940
M8891,M8891
N858NONE,_
H912,H912
R253,R253
N5089,N508
H4920,H492
O130,O13
M8680,M8680
O413,_
W74,_
Z048,Z048
M8147,M8147
M1040,M1040
H4070,_
L071,_
M7793,M7793
Y93,_
Z984,_
W0192,_
W180,_
T812,T812
L044,_
W2962,_
S798,S798
Y95L9,_
T01,T019
S757,S757
C8859,_
H5002,H500
S2828,_
Z0280,Z028
S6103,S610
C7A1,_
W0130,_
L301,L301
C4990,C499
B80,B80
M6787,M6787
K449NONE,_
O401,O40
E789NONE,_
I0981,I098
D2120,D212
M958,M958
I8721,I872
Z96,Z969
0998,_
D621,D62
A919,A919
W2688,_
N1301,N130
J1299,J129
J90NO0,J90
W0694,_
R650,R650
I8422,I842
N873,_
S4001,S400
D2262,D226
0133,_
Z983,_
W1408,_
I215,_
P919,P919
G45,G459
W03,_
V4799,_
S32,_
S86,S869
E116NA,_
O891,O891
A540,A540
Z078,_
T028,T028
C436,C436
F131,F131
Z3270,_
O604,_
M913,M913
O258,O25
N1009,N10
O131,O13
M1250,M1250
Q3690,Q369
I57,_
L871,L871
4687,_
W012,_
M7227,M7227
J3802,J380
S6094,S609
I4591,I459
T301,T301
H6992,H699
I418,I418
K6508,K650
834,_
D301,D301
H458,H458
Z539,Z539
P112,P112
S5182,S518
J39,J399
D2595,D259
K101,K101
Z376,Z376
W69,_
E791,E791
H2712,H271
O872,O872
259,_
D2190,D219
F00,F009
M2154,M2154
B431,B431
O8293,O829
O498,_
I6191,I619
D13,D139
S568,S568
M8150,M8150
V480,_
I101UO71,I10
M620,M620
W451,_
G97,G979
L28,_
C60,C609
T4113,T411
K7461,K746
I850K3,_
Q308,Q308
883,_
1697,_
K739NO2,_
H3091,H309
I7761,I776
B954,B954
N837,N837
M7198,M7198
H6545,H654
196,_
M4787,M4787
N2810,N281
M9864,_
M0086,M0086
L0420,L042
S8039,_
C9000,C900
D023,D023
K654,_
X49,_
X8999,_
I962,_
H6510,H651
H6601,H660
E071,E071
023,_
H5212,H521
912,_
T430,T430
C8190,C819
T2401,T240
J1999,_
K7568,_
Q648,Q648
5500,_
L709,L709
I119Y9,_
S9305,S930
H6630,H663
T022,T022
J9690,J969
S9310,S931
A1641,A164
Z363,Z363
Z312,Z312
I6782,I678
T385,T385
A97I,_
I7029,I7029
I6381,I638
S68,S689
I462,_
N0085,N008
S9980,S998
K538,_
A779,A779
I352,I352
L0260,_
R915,R91
P379,P379
Q216,_
M2537,M2537
S2691,S2691
M8786,M8786
G621,G621
IMP01,_
A414,A414
D559,D559
M7916,M7916
A55,A55
J1222,J122
J61,J61
C701,C701
Z01807B1,_
A521,A521
P710,P710
M0691,M0691
H832,H832
G432,G432
M5446,M5446
P280,P280
K287,K287
F193,F193
G728,G728
Z018141,Z018
M6096,M6096
M6286,M6286
J3222,J322
E1221,E122
T23,_
1259,_
O4861,O48
Y8699,_
T8522,T852
W6739,_
J157,J157
M1086,_
L0312,L031
O040,O040
T331,T331
Q056,Q056
S6235,S623
H182,H182
D685,D685
I1201,I120
M6784,M6784
W8008,_
V6019,_
493,_
O079,O079
K878,_
M241,M241
S8531,S853
K2105,K210
E1,_
T83,T839
F331,F331
F401,F401
F952,F952
I44,_
O347,O347
W749,_
E221,E221
K360,K36
S6652,S665
I722,I722
Y470,_
C3400,C340
4659,_
S9830,S983
A429,A429
N641,N641
S6142,_
Z862,Z862
S3191,_
H8190,H819
R27,_
K912,K912
U03,_
E7890,E789
S597,S597
G451,G451
F302,F302
I7589,_
S5225,S522
D3850,D385
S0089,S008
F429,F429
W1399,_
B83,B839
N2110,N211
B1920,_
S112,S112
C169NONE,_
C577,C577
C6290,C629
I,_
M053,M053
R185,R18
G00,G009
N8095,N809
H6101,H610
W2908,_
R140,R14
N390UO72,_
O8295,O829
O0,_
I68,_
S8321,S832
H506,H506
L80,L80
T2400,T240
Z870,Z870
N945,N945
L031NO7,_
M9984,M9984
L0243,L024
G252,G252
681,_
R5081,R508
M271,_
H2503,H250
M5413,M5413
U89,U899
I291,_
D553,D553
P34,_
C887,C887
X649,_
C786RI8,_
E861NO9,E86
T2520,T252
W278,_
D017,D017
I5095,I509
S5650,S565
O8620,O862
S1314,S1314
J320NONE,_
W1404,_
Z700,Z700
Q812,Q812
L089LO89,_
T1810,T181
K8050,K805
O085,O085
C813,C813
B966,B966
E52,E52
5528,_
X109,_
O0391,O039
K609,_
S5236,S523
V43,_
C1192,C119
N139NONE,_
M2323,M2323
M2326,M2326
S657,S657
T214,T214
5490,_
S643,S643
C469,C469
D015,D015
N8580,N858
W1929,_
S0570,S057
K356,_
P0518,P051
H409TRABECULECTOMYABEXTERNAOD,_
R633,R633
S8690,S869
T826,T826
7B,_
I129Z,_
W111,_
0662,_
Q124,Q124
K809,_
Z72,Z729
1698,_
M7225,M722
R748,R748
2711,_
B0821,B082
X5830,_
S863,S863
M313,M313
E24,E249
M3010,M301
A149,_
S449,S449
S849,S849
8116,_
I19,_
E21,_
1849,_
T19,T199
H0533,H053
P0734,P073
U818,U818
C4420,C442
L24,L249
O6540,O654
C4310,C431
Z789,_
U073,_
H6189,H618
Z858,Z858
M8570,_
F112,F112
K688,_
1842,_
L7321,L732
Y839,_
5A,_
C778,C778
M9010,M9010
G23,G239
R945,R945
S752,S752
K533,_
I6790,I679
A17,A179
E119NONE,_
M162,M162
V999,_
S3161,_
S3119,S311
W358,_
T973,T97
V339,_
K805M8,_
H583,_
M8700,M8700
M765,M765
D730,D730
M9000,M9000
G372,G372
Q525,Q525
M8963,M8963
M7220,M7220
K515NONE,_
Z93,Z939
M8098,M8098
E865,E86
M8414,M8414
M8073,_
N185NOICDFOUND,_
C7982,C798
Y92,_
S4170,S417
S0113,S011
H494,H494
W27,_
363,_
Q5311,Q531
O338,O338
T027,T027
V041,_
E112N0,_
O3507,O350
O322X0,_
K13,_
W0128,_
Z989,_
C621,C621
M8660,M8660
Z264,_
H4411,H441
K9173,_
N290,N290
I200LO31,_
K3533,K353
B150,B150
R233,R233
C923,C923
D227,D227
O905,O905
X583,_
Q102,Q102
T161XXA,T16
V27,_
Y921,_
G8250,G825
M5000,M500
S6232,S623
S8310,S831
N75,N759
X1209,_
N10X,N10
N490,N490
R499,_
I498NO73,_
A099AO99,A09
M9800,_
C957,C957
G4090,G409
I3191,I319
Z129,Z129
M8940,M8940
I302,_
T1899,T189
D500Z,_
M405,M405
V3249,_
D49,_
W5581,_
K290NONE,_
C563,C56
S8204,S820
R791,_
J1532,J153
Z00,_
N1185,N118
H442A1,_
W1749,_
K0902,K0902
M47,M479
L0491,L049
S983,S983
E1402,E140
A09E861,A09
E018,E018
P123,P123
Q159,Q159
NCP01,_
T750,T750
M0697,M0697
I673,I673
C19LP3,C19
B440J172,_
O308,O308
M8698,M8698
Z02041,Z020
M4729,M4729
J982,J982
E299,E299
M6291,M6291
P111,P111
O058,O058
A310,A310
N857,N857
T315,T315
Z0282,Z028
S22,S229
S37,S379
X09,_
Z95,Z959
E858,E858
Q458,Q458
H1089,H108
R8769,R8769
I1001,I10
N2811,N281
S0091,S009
S3281,S3281
J1809,J180
M6240,M6240
Q515,Q515
K267,K267
O2342,O234
N1858,N185
L639,L639
D519,D519
S122,S122
E043,_
H28,_
I48UO71,I48
L01,_
S0204,S020
D90,_
K730,K730
N474,N47
B2096,B209
H44,H449
A818,A818
K763,K763
X5919,_
O389,_
M8030,M8030
N0390,N039
O311,O311
H1681,H168
J441NO3,_
X000,_
D1,_
M1894,M189
N1351,N135
J1982,_
I789,I789
V1899,_
H0500,H050
M9150,_
P068,_
E861I,E86
W2609,_
S0193,S019
S6020,S602
S3650,S3650
H366,_
T8145,T814
H8910,_
E861LO39,E86
S5000,S500
B440,B440
S5212,S521
A48,_
S376,S376
C038,_
L0319,L031
S441,S441
X709,_
L0223,L022
E1172,E117
M4622,M4622
652,_
I1251,_
D5090,D509
N10NONE,N10
M8927,M8927
V859,_
H2092,H209
J0430,_
F450,F450
H0453,H045
Z4661,Z466
K37NO0,K37
S880,S880
M9420,M9420
Q702,Q702
L0291,L029
M9065,M9065
H731,H731
T0589,T058
I639NONE,_
S360S,_
M85,M859
H1040,H104
S396,S396
M9832,_
P24,P249
O1413,O141
M2510,M2510
S200,S200
P5939,P593
T8351,T835
Z439,Z439
001,_
N841NO8,_
Q681,Q681
G4532,G453
V94,_
O9934,O993
S12,S129
L42,L42
S6620,S662
F1009A,_
J02,J029
H6054,H605
W5401,_
H3680,H368
E762,E762
M9011,M9011
K5290,K529
D703,D70
N32,N329
S3150,S315
K789,_
H2619,H261
R1601,R160
N872,N872
K030,K030
Z125,Z125
T7116,T71
W2083,_
C589,C58
C820,C820
H1081,H108
S0132,S013
O1412,O141
M2104,M2104
A500,A500
O066,O066
X5962,_
M7599,M759
A880,A880
V375,_
O298,O298
K535,_
S321,S321
S932,S932
T75,_
R9201,R92
H31,H319
Q429,Q429
0335,_
M6599,M6599
H1002,H100
S354,S354
O0215,O021
S8071,S807
S9071,S907
R43,_
K0402,K040
J0680,J068
L200,L200
X1003,_
S0202,S020
E876NONE,_
M3219,M321
S5255,S525
166,_
M8408,M8408
M4619,M4619
N390OU71,_
M7101,M7101
J853,J853
M1093,M1093
861,_
Z8950,Z895
Y850,_
I218,_
T8750,T875
K729NO2,_
I239,_
I3130,I313
F251,F251
S6980,S698
Q453,Q453
329,_
E1413,E141
W54TI41,_
W267,_
J179,_
1200,_
J960NA,_
S9021,S902
M2599,M2599
I118,_
G83,G839
M9720,_
F445,F445
B356,B356
Q161,Q161
M866NA,_
H369,_
M43,M439
H164,H164
K433,_
V025,_
1703,_
S656,_
0363,_
M87,M879
O800OO39,_
T289,T289
0703,_
E832,E832
N2589,N258
L800,L80
T8311,T831
L300,L300
K359X,_
P545,P545
T056,T056
N6002,N600
Q11,_
N981,N981
M4022,M4022
M4789,M4789
J3290,J329
L819,L819
Q791,Q791
S7246,S724
I6999,_
H4600,H46
I2781,I278
Z533,_
L205,_
J960NO8,_
N179X,_
R268,R268
F158,F158
Z003,Z003
M5422,M5422
M6081,M6081
M5401,M5401
N734,N734
G452,G452
M539,M539
Z0156B1,_
E763,E763
P583,P583
F317,F317
O8210,O821
W1721,_
S3163,_
K6619A,_
T926,T926
C03,C039
I825,_
Q5110,Q511
H4722,H472
W6499,_
M8567,M8567
W2098,_
X994,_
V2803,_
M481,M481
R074,R074
N288NI85,_
P283,P283
Q174,Q174
Q672,Q672
I468,_
W293,_
N7092,N709
T870,T870
M5320,M5320
N390NO0,_
X12,_
R729,R72
B880,B880
5795,_
V039,_
A417,_
O9113,O911
M2112,M2112
S5232,S523
P5929,P592
M8987,M8987
M8004,M8004
H343,_
Q264,Q264
C352,_
V888,_
R418,R418
P5999,P599
M6788,M6788
M5459,M5459
J1590,J159
O6414,O641
W551,_
C7350,C73
S9312,S931
O169,O16
I35,I359
D446,D446
B399,B399
D073,D073
M1994,M1994
C4470,C447
S2601,S2601
0690,_
E0420,E042
Y431,_
D3150,D315
T865,_
D349,D34
I821,I821
K900,K900
Q730,Q730
D341,D34
C571,C571
O8O0,_
T8339,T833
M322,_
H0530,H053
J039JO69,_
R910,R91
S36,S369
Z3970,_
H3322,H332
Z083,_
O22,O229
I1092,I10
M6538,M653
C912,C912
L0882,L088
X0899,_
G50,G509
P119,P119
J1232,J123
M239,M239
Z8942,Z8942
I571,_
8621,_
T638,T638
T786,_
18,_
V335,_
J299,_
N894,N894
K866,_
T2402,T240
K8215,K821
K,_
B160,B160
M2199,M2199
S9782,S978
M257,M257
K5506,K550
D5910,D591
E1433,E143
S3183,S318
D497,_
510,_
Y952,_
D810,D810
L973,L97
S4113,S411
P2409,P240
J4392,J439
S0041,S004
O6896,O689
N8380,N838
E891,E891
60,_
M4195,M4195
H5012,H501
L440,L440
M6585,M6585
N390NO7,_
E6495,E649
I4990,I499
I5030,_
T286,T286
N185\,_
J721,_
S2991,S299
C942,C942
H16,H169
G622,G622
W1930,_
Q200,Q200
H4422,H442
E1472,E147
B9979,B99
A4195,A419
M20,_
M409,_
E0862,_
Z243,Z243
I62,I629
N6301,N63
W1920,_
W5301,_
T023,T023
M7126,M7126
L8900,L890
E145X,_
N9501,N950
Q771,Q771
H6631,H663
T8462,T846
3A,_
M9705,_
X595,_
T854,T854
W134,_
0054,_
C5095,C509
862,_
C860,C860
Z3036,Z303
T420,T420
R312,R31
W0604,_
I109NA,I10
L0591,L059
B249,B24
X5092,_
S501,S501
F149,F149
T837,_
I8780,I878
G22,G22
N34,_
H6092,H609
Z3703,Z370
F880,F88
B432,B432
B349II0I,_
L020NA,_
C153,C153
S222,S222
621,_
S3181,S318
995,_
V3999,_
O8909,O890
H5980,H598
E861Z3,E86
H4732,H473
O509,_
089,_
Y3462,_
A611,_
M8565,M8565
5814,_
N824,N824
H0202,H020
H1622,H162
S0582,S058
T0251,T0251
L0281,L028
M8420,M8420
N362,N362
E976,_
M8588,M8588
V321,_
F330,F330
H6120,H612
L51,L519
N380,_
R828,R828
M9130,M9130
A60,A609
I6205,I620
R2331,R233
D06,D069
T8452,T845
K380,K380
0089,_
E2821,E282
O942,O94
F1523,F1523
F19,F199
G444,G444
K3184,K318
S6134,_
F640,F640
J12,J129
A399,A399
J142,J14
M2501,M2501
P392,P392
B068,B068
D571,D571
A319,A319
D267,D267
R410,R410
M6267,M6267
5951,_
RFRHD,_
D564,D564
M421,M421
K100,K100
Q440,Q440
R2219,R221
S490,_
R299,_
V1804,_
C619,C61
M002,M002
L339,_
Q334,Q334
M2159,M2159
V180,_
H150,H150
C268,C268
W2272,_
S5302,S5302
1001,_
G3009,G300
I09,I099
K834,K834
N43,_
1380,_
H219,H219
M180,M180
Q838,Q838
H3412,H341
M1259,M1259
V4909,_
K933,_
M1595,M159
M880,M880
V398,_
T141TW54,_
N890,N890
N855,N855
P781,P781
C1800,C180
W1309,_
Q222,Q222
G4020,G402
C4412,C441
Q101,Q101
I133,_
O898,O898
D4980,_
D2502,D250
K338,_
E0411,E041
S0049,S004
H4382,H438
G6181,G618
E719,_
Q766,Q766
C725,C725
G200,G20
N0,_
O745,O745
W3999,_
G575,G575
M6280,M6280
S7822,_
M2309,M2309
M2324,M2324
O310,O310
E8759,E875
M859,M859
M495,M495
D72,D729
J3900,J390
O74,O749
S6109,S610
I469NONE,_
S0231,S0231
S0522,S052
L0200,L020
N88,N889
V47,_
T100,T100
V2299,_
C451,C451
Q6810,Q681
L0103,L010
D2372,D237
M160,M160
B479,B479
E119LO26,_
D3616,D361
K1220,K122
H52,_
D1401,D140
K805NONE,_
Y951,_
I488,I48
L89NO1,L89
S6860,_
D77,D77
I528,I528
L9720,L97
D000,D000
M8760,_
S9089,S908
Q160,Q160
J1589,J158
I6393,I639
0681,_
B922,B92
Q229,Q229
Z976,Z976
M8564,M8564
M6598,M6598
T257,T257
O988UO71,_
H462,H46
M6549,M6549
R18UO71,R18
H801,H801
W2903,_
R1904,R190
E489,_
L013,_
K38,K389
Z959,Z959
N185N,_
J8691,J869
K916,_
V486,_
A26,A269
T7809,T780
R632,R632
S549,S549
D2701,D27
S9341,S934
C000,C000
H3312,H331
B700,B700
Q682,Q682
Z299,Z299
Z059,_
I6330,I633
K802NO8,_
Q6235,Q623
567,_
P500,P500
381,_
W6760,_
C74,C749
C804,C80
H743,H743
K673,K673
B202,B202
U838,_
S0633,S063
S0210X0,_
W0149,_
S353,S353
S383,S383
J0130,J013
Z8690,_
J158,J158
V13,_
N19NO0,N19
F3181,F318
I471NONE,_
C5690,C56
N6089,N608
V384,_
Z0308,Z030
G691,_
M9054,M9054
J109,_
M8938,M8938
O0001,O000
I452,I452
B089,_
L0661,_
W2408,_
403,_
M3598,M359
R2240,R224
S6150,_
Z871,Z871
D259NO0,_
V894,_
J21,J219
H3441,_
V4869,_
D37,D379
Z515,Z515
N8325,N832
651,_
O6200,O620
O1,_
Y899,_
D317,_
S0591,S059
S7090,S709
E471,_
22X,_
M7996,M7996
Q826,_
M2167,M2167
M8622,M8622
T020,T020
H172,_
Z502,Z502
Z4901,Z490
S0931,_
S50,S509
I1259,_
H1701,H170
K69,_
O539,_
C2210,C221
Q628,Q628
D2130,D213
5340,_
M8563,M8563
J859,_
N8502,N850
M6296,M6296
B441J172,_
M6095,M6095
J432,J432
F205,F205
M1036,M1036
M5491,M5491
N710,N710
RFRHD31,_
N270,N270
C342,C342
C104,C104
T479,T479
G113,G113
J60,J60
M7134,M7134
1500,_
M8011,M8011
O728,_
W1830,_
K2940,K294
L9791,L97
K7039,K703
S6120,_
Q139,Q139
I638III9,_
T02,T029
S0532,S053
M6593,M6593
Q6009,Q600
I1739,_
K007,K007
1712A,_
L659,L659
I775,I775
C509NA,_
Y280,_
J9301,J930
H3554,H355
B974,B974
N1389,N138
Q6031,Q603
Q6110,Q611
O84,O849
R5720,R572
S7092,S709
M329NO1,_
N40NONE,N40
N952,N952
R203,R203
S9211,S9211
S5510,S551
M8853,_
V3359,_
E119G,_
S750,S750
Q311,Q311
D588,D588
O64,O649
J81K2,J81
O684,_
0655,_
E412,E41
T98,_
S96,S969
L030NA,_
W170,_
A038,A038
Y451,_
I2513,I251
G4733,G473
O9983,O998
S6301,S6301
T836,T836
Q696,_
T873,T873
N9,_
N82,N829
3111,_
X7909,_
K379,K37
G4089,G408
J690JSV899,_
X588,_
M70,M709
I8291,I829
K3197,K319
S688,S688
C4991,C499
Z9101,Z910
Q3151,Q315
J3512,J351
M6297,M6297
S343,S343
Z9581,Z958
Z8670,Z867
C877,_
0654,_
E1139,E113
Q6101,Q610
E761,E761
H2140,H214
M6520,M6520
R81,R81
W049,_
034,_
M6249,M6249
X1204,_
P92,P929
Z851,Z851
T719,T71
Z032,Z032
488,_
Y471,_
N170NO0,_
Z79,_
S9343,S934
Q3091,Q309
N203,_
D681,D681
C676,C676
C6922,C692
S6670,S667
M5456,M5456
L7602,_
5122,_
S30,S309
E145RO2,_
N163,N163
1610,_
M1790,M179
D808,D808
R024,R02
T304,T304
Y836,_
03,_
I109IT003,I10
O022,_
X4898,_
H6632,H663
M8211,M8211
X00,_
S6862,_
Z499,_
H186,H186
I1199,I119
Z886,Z886
T447,T447
Z344,_
K2990,K299
Y403,_
S577,_
Z16,_
B26,B269
S760,S760
S0992A,_
H18,H189
N218,N218
Y525,_
Y541,_
S3659,S365
K3538,K353
X590,_
H4332,H433
O0000,O000
N200NO1,_
I128,_
K6016,K601
41,_
Z5792,Z579
C19IPP1,C19
M7712,M7712
B122,_
N498NONE,_
W56,_
L530,L530
1S,_
M8092,M8092
Z9669,Z9669
S5258,S525
Q459,Q459
G7000,G700
I4901,I4901
S8353,S835
I884,_
L359,_
I668,I668
201,_
T175,T175
S079,S079
R823,R823
W1762,_
C257,C257
F452,F452
X9988,_
M2157,M2157
J845,_
M774,M774
V381,_
D3322,D332
G434,_
Z8616,Z861
Z659,Z659
M8614,M8614
M6583,M6583
D75,D759
I89,I899
G121,G121
V4552,_
M1500,M150
Z591,Z591
W8601,_
L6080,L608
E770,E770
A938,A938
S782,_
N283,_
H6181,H618
W1741,_
C40,C409
N039UO71,_
P0089,P008
Y424,_
C280,_
S2250,S2250
M1651,M165
W0189,_
J020,J020
S5990,S599
T193,T193
0721,_
G548,G548
Q419,Q419
K853,K853
I1311,I131
Z3930,_
M0889,M0889
M4396,M4396
F454,F454
C859M9590/3,_
T631,T631
I079,I079
Z02025,Z020
Q409,Q409
B054,B054
J1533,J153
C471,C471
K714,K714
T226,T226
C917,C917
M4790,M4790
S9810,S981
S3613,S361
K446,_
I01,I019
Z266,_
C859NONE,_
D498,_
K859NONE,_
D16,D169
M231,M231
O6220,O622
149,_
H401NONE,_
T094,T094
J991,J991
Z015A,_
Z501,Z501
F700,F700
I1099,I10
J85,_
K223,K223
S1081,S108
P595,_
K675,_
O73,_
L02NA,_
M530,M530
M2134,M213
S70,S709
S1180,S118
B832,B832
T871,T871
M7221,M722
Q6601,Q660
K756,_
M7718,M771
H7300,H730
W2689,_
1618,_
G3941,_
0039,_
Z482,_
W063,_
J069LO89,_
N0833,N083
I963,_
X13,_
C812,C812
E152,E15
M0896,M0896
H5782,H578
I329,_
M263,_
R745,_
S0082,S008
W0998,_
W266,_
S152,S152
H920,H920
P748,P748
F117,F117
M8647,M8647
M205,M205
A302,A302
K2910,K291
S8999,S899
O074,O074
C507,_
D861,D861
S0000,S000
M2580,M2580
B5800,B580
Z364,Z364
Q651,Q651
B488,B488
M7298,M7298
S0285,S028
C940,C940
Y576,_
M33,M339
C503,C503
N903,N903
W2009,_
V235,_
Q5320,Q532
J449NO9,_
S4211,S4211
M546,M546
E766,_
D364,_
T734,_
L781,_
T822,T822
R7303,R730
M48,M489
N29,_
W840,_
H3380,_
0249,_
T460,T460
Z9781,Z978
Y348,_
P0700,P070
Z3094,Z309
C5096,C509
W0194,_
S0502,S050
I741,I741
S481,S481
I675,I675
W2072,_
A601,A601
N8501,N850
S089,S089
Q516,Q516
K214,_
M5106,M510
M9970,M9970
Z5782,Z578
X95,_
K385,_
O9942,O994
H9191,H919
M8892,M8892
J90NA,J90
S6041,_
O2443,O244
T790,T790
J8351,_
K28,K289
V9199,_
W4409,_
D6481,D648
T199,T199
740,_
H0181,H018
Z393,_
W5692,_
D600,D600
N892,N892
C4472,C447
I659,I659
J86,J869
S0501,S050
L04,L049
M7130,M7130
R0000,R000
J409,J40
R4701,R470
N250,N250
G041,G041
Y406,_
G713,G713
K55,K559
K592,K592
5788,_
I6100,I610
H4092,H409
O1302,O13
44,_
H213,H213
M704,M704
S2011,S201
H406,H406
W51,_
A0660,A066
H1144,H114
C769,_
W589,_
X586,_
C4032,C403
E1181,E118
P65,_
I2491,I249
L248,L248
A900,A90
R5083,R508
M118,M118
E779,E779
K357,_
O21,O219
K30NONE,K30
C9100,C910
S9051,_
Y1809,_
Z3410,_
C1509,C150
M159M1A9,_
T321,T321
M911,M911
I070,I070
Z011G2,_
K732,K732
K313,K313
Z011C,_
LO28,_
P913,P913
T461,T461
T449,T449
Q656,Q656
D835,_
R943,R943
36,_
O879,O879
R921,R92
W4588,_
J4999,_
H4014,H401
Z238,Z238
C815,_
G733,G733
V2808,_
C918,C918
V024,_
S962,S962
X42,_
M71,M719
X81,_
H1112,H111
C56Z,C56
I67,I679
K4092,K409
23,_
L538,L538
L8995,L899
S692,_
O8072,_
E1193,E119
P102,P102
E0490,E049
T246,T246
O379,_
O161,O16
E661,E661
I101N9,I10
Z138PO34,_
O054Z3,_
A13,_
T8789,_
S3093,S309
Z909,_
H1851,H185
B580,B580
C7630,C763
S0154,S015
J274,_
W0723,_
G972,G972
M6227,M6227
Z939,Z939
T8286,T828
I082,I082
T169,T16
C8505,C850
Y288,_
51,_
E1159,E115
S9330,S933
D2362,D236
M433,M433
S818X,_
V380,_
S0102,S010
W2219,_
N31,N319
E861JO68,E86
I6340,I634
Q2991,_
K7290,K729
X4909,_
Z1810,_
8080,_
Q833,Q833
A519,A519
S1190,S119
Q999,Q999
H3491,H349
B109,_
J002,J00
W2973,_
T860,T860
S5184,S518
Q5310,Q531
Z9884,Z988
J9885,J988
O289,O289
Z3091,Z309
H592,_
H1820,H182
R170,R170
V174,_
H0100,H010
H0101,H010
M4896,M4896
M174,M174
T20,_
X789,_
Y8399,_
S3690,S3690
V240,_
N6480,N648
C947,C947
V390,_
O234Z3A0,_
W270,_
X7801,_
S3631,S3631
C672,C672
N1830,N183
S9091,S909
E220,E220
H909,_
H910,H910
I638X,_
C1090,C109
K6395,K639
M1791,M179
M5493,M5493
I289,I289
I180,_
N6401,N640
D1431,D143
P833,P833
Q85,Q859
H6699,H669
F10,F109
S8602,S860
S6970,S697
N289NO1,_
X9199,_
M1029,M1029
O023,_
F197,F197
N602NA,_
O958,O95
X1104,_
X5929,_
I1190,I119
H3343,H334
K1379,K1379
T141WS5,_
Z9841,_
891,_
M6656,M6656
W1462,_
O766,_
M6507,M6507
H3110,H311
J4595,J459
D28,D289
Y090,_
P040,P040
A51,A519
Q020,Q02
P0508,P050
K8219,K821
C931,C931
D361NA,_
E713,E713
J009,J00
E8878,_
W1882,_
Z726,Z726
C165,C165
P043,P043
Z513KK26,_
P3610,P361
O746,O746
D47,D479
B358,B358
U87,_
C023,C023
Z892,Z892
C59,_
S3203,S320
S2111,S211
H1090,H109
N372,_
Z417,_
N185C,_
K2901,K290
S0303,S030
M9880,_
I504,_
M0016,M0016
E638,E638
K266,K266
A370J170,_
K291E861,_
G248,G248
A028,A028
T264,T264
E754,E754
T612,T612
D013,D013
L21,L219
T078,T07
O13X,O13
M8855,_
I33,I339
H1041,H104
O08,O089
C733,C73
M1906,M190
A939,_
J010NONE,_
I6781,I678
C5040,C504
H1180,H118
I881,I881
I36,I369
I1100,I110
W1704,_
L579,L579
E1310,E131
S3005,S300
M4304,M4304
Y343,_
M7122,M712
P539,P53
S6092,S609
K6054,K605
M95,M959
K729NO,_
W0608,_
J043,_
W5598,_
B690,B690
S0192,S019
M6500,M6500
Y346,_
I243,_
L852,L852
M1A9XX1,_
I639UO71,_
G523,G523
B208,B208
M9138,M913
K321,_
E081,_
T239,_
S558,S558
F0009,F000
O871,O871
Z191,_
J629,_
S443,S443
W1088,_
S9981,S998
N613,N61
S0120,S012
T869,T869
W409,_
D1647,D164
N178NA,_
Q554,Q554
M9121,M912
V2804,_
5550,_
I119NO3,_
V090,_
Z497,_
O4262,_
B838,B838
N310,N310
S5081,S5081
5980,_
L998,L998
C639,C639
W999,_
W311,_
E1199,E119
B172,B172
R099,_
C772NONE,_
I485,I48
S234,S234
X5091,_
H2190,H219
Z9840,_
H5921,_
S4103,S410
N1511,N151
X9909,_
M4690,M4690
I6080,I608
O8221,O822
Q23,Q239
K6811,_
O2413,O241
A359,A35
Y950,_
W3991,_
J1898,J189
U0701,_
120,_
5530,_
W1009,_
W7899,_
V385,_
Q6600,Q660
V1849,_
D3000,D300
Z1491,_
S0572,S057
W1003,_
D529,D529
Q179,Q179
T1510,T151
N1835,N183
N6080,N608
M321DAGGER,_
I312,I312
L9801,L980
Q627,Q627
X9971,_
M08,M089
M2455,M2455
I6192,I619
R4585,R458
F3291,F329
G445,_
M8400,M8400
T742,T742
K296NONE,_
W262,_
L1071,_
X4199,_
N2111,N211
G07J1,G07
G408II9N,_
M2504,M2504
M1756,M175
S3182,S318
N1805,N180
O9861,O986
K117,K117
M4388,M4388
N390UO71,_
C022,C022
Q1000,Q100
E036,E036
I961,_
M191,M191
M340,M340
M9722,_
O829Z3,_
M8180,M8180
S569,_
F759,_
Y95NO7,_
T402,T402
T322,T322
9935,_
S297,S297
T889,T889
50,_
S719,_
J302,J302
661,_
S4092,S409
S6680,S668
J81J9C,J81
D489M8OOO6,_
L0301,L030
C819NA,_
Q751,Q751
M9125,M9125
E0934,_
S018TYPEA,_
W2683,_
5291,_
C899,_
K870,K870
P0710,P071
P0738,P073
D1720,D172
O666,_
D2590,D259
Z41,Z419
G069,_
H9320,H932
H3504,H350
N120,N12
K9149,K914
O6315,O631
M8798,M8798
M8860,_
K32,_
C226,_
X9978,_
V55,_
P519,P519
A308,A308
N005,N005
M0891,M0891
D144,D144
Z01921,Z019
M1289,M1289
I445,I445
S336,S336
K507,_
N1330,N133
K2709,K270
S3901,S390
L1721,_
P599PO51,_
Q330,Q330
Z920,Z920
Z55,Z559
Z8902,Z890
H4413,H441
A013,A013
U690,_
S0655,S065
W554,_
K2281,K228
B254,_
E112NN10,_
Z730,Z730
H7202,H720
V484,_
O220,O220
006,_
X3999,_
D318,_
R732,_
Q129,Q129
M8093,M8093
T2221,T222
K537,_
1060,_
D042,D042
S0051,S0051
G80,G809
S0109,S010
N9070,N907
V4949,_
D7289,D728
F015,_
X0,_
C003,C003
A40,A409
V2749,_
S432,S432
M9161,_
S718,S718
I956,_
T221,T221
T635,T635
S254,S254
H0512,H051
B9680,B9680
Z3449,_
H062,H062
V2859,_
R961,R961
M468,M468
N828,N828
M25,M259
W2697,_
S4680,S468
H0190,H019
E898,E898
O910,O910
S4114,S411
X1208,_
S7232,S723
L138,L138
Z011C1,_
M7997,M7997
R908,R908
E8889,E888
I2540,I254
Q6682,Q668
F0150,_
M2325,M2325
K9223,K922
J962,_
H20,H209
S142,S142
L768,_
E1112,E111
998,_
J4411,J441
D616,_
J071,_
J6909,J690
M4859,M4859
A988,A988
H0589,H058
H159,H159
C450,C450
F1919,F191
E861UO71,E86
G391,_
C1890,C189
W080,_
W1903,_
G209,G20
990,_
V893,_
P185,_
F121,F121
X62,_
J903,J90
P749,P749
Z4662,Z466
N3990,N399
I9601,_
R0201,R02
H3342,H334
K706,_
M9986,M9986
Z562,Z562
R592,_
M8417,M8417
M259,M259
K8047,K804
B97,_
S108,S108
O299,O299
I644,I64
T30,_
F609,F609
H1841,H184
K9301,K930
N2005,N200
550,_
T2320,T232
R768,R768
X08,_
M8005,M8005
S8325,S832
D1731,D173
J3581,J358
K831NONE,_
H3002,H300
H3535,H353
U829,_
H906,H906
Z619,Z619
Q813,_
G8341,G834
S0183,S018
V34,_
H9109,H910
5491,_
A4061,_
S3152,S315
O7172,O717
A9711,_
N2899,N289
Z3760,Z376
E134,E134
123,_
B250,B250
D067,D067
S4180,S418
Z0192,Z019
F353,_
D459,D45
S7119,S711
G0099,G009
W452,_
Q13,Q139
Y9239,_
I729NA,_
S9304,S930
A162O,_
O4209,O420
S1191,S119
S5612,S561
S9221,S9221
S121,S121
O76O8,_
V839,_
Z9012,Z901
Z889,Z889
T7804,T780
I842NONE,_
R77,R779
H4412,H441
D831,D831
H7010,H701
I2141,I214
M2303,M2303
H5992,H599
F21,F21
R0602,R060
Y958,_
D2790,D27
Z420,Z420
R2991,_
Q800,Q800
W10,_
G211,G211
O0069,_
Q6662,Q666
122,_
T536,T536
J205,J205
M5496,M5496
M769,M769
F788,F788
P818,P818
D477,D477
A318,A318
C19H1,_
T708,T708
H449,H449
O8093,O809
80,_
M73,_
W5399,_
5485,_
Q919,_
M4712,M4712
D3162,D316
E1351,E135
S6091,S609
S0003,S000
L111,L111
S918,_
G4040,G404
L034,_
M1901,M1901
Z3709,Z370
G3288,G328
C5010,C501
S2110,S211
T0230,T0230
R7309,R730
Q372,Q372
Q5395,Q539
624,_
M789,_
G219,G219
P365,P365
I362,I362
N6010,N601
S904,_
Y928,_
M7912,M7912
H2702,H270
A870,A870
I509NO8,_
S0551,S055
P139,P139
M9770,_
O0951,_
Z4700,Z470
S0085,S008
A0996,A099
B389,B389
L731,L731
G803,G803
S2702,S270
B1692,B169
M2475,M2475
E8770,E877
D520,D520
P0715,P071
T1590,T159
N3900,N390
O749,O749
O2411,O241
M971,_
J363,J36
W014,_
L73,L739
W182,_
Z5111,Z511
S233,S233
M0640,M0640
R1110,R11
K8081,K808
V092,_
O356,O356
J4521,J452
M8250,_
M8258,_
N472,N47
M63,_
G4700,G470
Q774,Q774
E58,E58
Y149,_
S5183,S518
S6821,S682
M03,_
Z3823,Z382
M242,M242
P5909,P590
T1460,T146
1D,_
S08,S089
W210,_
T019X,_
M8491,M8491
S8322,S832
S34,_
V877,_
C6962,C696
E238,_
M1709,M170
C48,_
E7525,E752
E7870,_
M188,_
M728,M728
0364,_
Y3430,_
M2201,M220
T8451,T845
R704,_
O695,O695
M1690,M169
D032,D032
M701,M701
S101,S101
N285,_
M8002,M8002
Z514,Z514
J187,_
I000,I00
P55,P559
A515,A515
H0280,H028
M6504,M6504
I2081,I208
Z181,_
M655,_
1420,_
W0408,_
T458,T458
H4420,H442
5800,_
Z421,Z421
W5502,_
O8219,O821
C846,C846
D649X,_
S8289,S828
M023,M023
K3590,K359
H5991,H599
Z450,Z450
Y421,_
1251,_
S6000,S600
K3530,K353
H901,H901
E124,E124
O643,O643
M7290,M7290
O65,O659
7761,_
I6391A,_
I950,I950
H1830,H183
M059,M059
Z18,_
D3910,D391
K746UOI,_
M7502,M750
S6815,S681
V689,_
M814,M814
J599,_
O970,O970
S276,S276
W565,_
W033,_
P396,_
S6701,S670
Q399,Q399
Z0154B2,_
F444,F444
G369,G369
M660,M660
Q392,Q392
J202,J202
M2351,M2351
Z409,Z409
S393,_
C8380,C8380
T883,T883
Q388,Q388
L9180,L918
0179,_
J1110,J111
Z8711,Z871
M414,M414
I126,_
D2290,D229
T8535,T853
014,_
Z380B,_
Q7980,Q798
F791,F791
M8586,M8586
J404,J40
B678,B678
G0415,G041
810,_
Q1815,Q181
422,_
D3290,D329
S0571,S057
I6783,I678
W43,_
T739,T739
5545,_
Z949,Z949
T109,T10
M348,M348
M959,M959
C7380,C73
S0999A,_
V0202,_
C5702,C570
W104,_
E319,E319
R1907,R190
P569,P569
T8531,T853
M514,M514
K8314,K831
M8708,M8708
S4100,S410
C0691,C069
K5010,K501
S3991,S399
G8389,G838
M8099,M8099
S855,S855
Z23,_
G210,G210
V869,_
L0391,L039
L704,L704
29,_
S7271,S7271
Y568,_
J957,_
P257,_
D274,D27
B98,_
M2453,M2453
M6243,M6243
2122,_
G9581,G958
H2151,H215
K821NONE,_
C8000,C800
Z471,_
H289,_
H0211,H021
C148,C148
V134,_
J0609,J060
H0582,H058
S6170,S617
N720,N72
Z856,Z856
L894,L89
M955,M955
T8539,T853
Z131,Z131
H0264,H026
O210Z3A,_
C2222,C222
M8880,M8880
I15,I159
W4592,_
C3491,C349
T0270,T0270
Z081,Z081
W496,_
Z149,_
M9060,M9060
Q428,Q428
V2499,_
K3522,K352
Q206,Q206
E8611,E86
I50UO71,_
T95,T959
M4904,M4904
A598,A598
M680,M680
0644,_
L0336,L033
S0244,S024
M7191,M7191
A419NT846,_
650,_
M672,M672
D700,D70
R29,_
M5486,M5486
N3590,N359
R296,R296
D272,D27
K5731,K573
M49,_
W0999,_
A4190,A419
S1082,S108
D287,D287
C030,C030
J99,_
N185X,_
S2113,S211
S1170,S117
F388,F388
X580,_
W126,_
Y218,_
O3121,O312
H1192,H119
I2144,I214
H6591,H659
A63,_
M1398,M1398
O4103,O410
S0159,S015
Y619,_
W3308,_
E1036,E103
W2199,_
Z0141,Z014
R0982,R098
W298,_
G492,_
W21,_
O8612,O861
H6243,H624
P1892,_
T9210,T921
D051NA,_
9A1,_
V109,_
A313,_
M8048,M8048
W2589,_
J319,_
H5990,H599
N3090,N309
E83,E839
S4209,S420
S9971,S997
M7942,M7942
M9321,M9321
V919,_
Z888,Z888
N390Z3A,_
E159,E15
M9598,M959
Y919,_
O0019,O001
O3502,O350
O328X0,_
J1093,_
T456,T456
W0928,_
02,_
M7157,M7157
K6145,K614
400,_
R920,R92
X619,_
J3301,J330
S7172,S717
S8501,S850
S0580,S058
W0951,_
N390NO,_
M8805,M880
2907,_
M1388,M1388
D811,D811
N6451,N645
C834,C834
669871,_
F195,F195
E539,E539
T444,T444
T64,T64
R181,R18
Y219,_
W1774,_
G9349,G934
S377,S377
A1622,A162
Y0419,_
Q511,Q511
A241,A241
O9963,O996
D6959,D695
N9080,N908
T1591,T159
E089,_
5420,_
M6564,_
W24,_
P3691,P369
M7666,M7666
H594,_
W1794,_
K5640,K564
O044,O044
M4882,M4882
K4390,K439
K215,_
M1038,M1038
G720,G720
Y526,_
V686,_
A249,_
I417,_
S8103,S810
E144G9,_
Q1201,Q120
S9114,S911
E962,_
J892,_
I642,I64
T141UOI,_
Y522,_
V9099,_
S3790,S3790
0200,_
V100,_
K814,_
R862,R862
S4101,S410
K71,K719
Y912,_
C780N1,_
O0010,O001
N7392,N739
N76,_
I6181,I618
E070,E070
Z9010,Z901
T1893,T189
534B,_
M4186,M4186
X688,_
M22,M229
R5901,R590
C780M,_
D4865,D486
860,_
G612,_
W1901,_
E1462,E146
Z415,_
T116,T116
H691,_
M7265,M7265
S5104,S510
M0084,M0084
V436,_
P703,P703
I658,I658
W316,_
M1010,M1010
N7510,N751
5711,_
J931RO42,_
H526,H526
5464,_
C470,C470
X480,_
V2819,_
S8199,S819
S0510,S051
R859,R859
S3102,S310
S,_
T8312,T831
M16,M169
S611X,_
I6522,I652
S153,S153
R71,R71
K8051,K805
I628,_
O296,O296
252,_
C128,C12
R68,_
K5182,K518
H701N3,_
H2154,H215
I18,_
J8484,J848
H211,H211
J449NONE,_
A419X,_
V371,_
W4404,_
D1100,D110
0831,_
L023NONE,_
A051,A051
F1710,F171
K021,K021
S7991,S799
Y959,_
C040,C040
O113,O11
W4008,_
C229NONE,_
M4804,M4804
A46LO31,A46
Y78,_
M8889,M8889
Z246ZO11,_
S344,S344
I104,I10
K61NA,_
P649,_
6935,_
M6535,M653
V4340,_
M9754,_
M8933,M8933
C88,C889
B0239,B023
E080,_
H722,H722
11A,_
Z8990,Z899
I7102,I710
H922,H922
V124,_
S11,S119
X6004,_
X6404,_
F314,F314
F69,F69
M052,M052
I454,I454
H1832,H183
O7581,O758
D418,_
M662,M662
S2205,S220
P0737,P073
I6930,I693
O6641,O664
X679,_
O372,_
H520,H520
I8611,I861
A380,A38
T063,T063
A960,A960
Z250,Z250
I5031,_
Y86,_
Z9221,Z922
S6081,S6081
F33,F339
F630,F630
D107,D107
T486,T486
M7939,M7939
M158,M158
T534,T534
G002,G002
I00J178,I00
Z02023,Z020
J64,J64
S8352,S835
S080X9,_
N4883,N488
Q5564,Q556
Z3280,_
T118,T118
T763,_
0369,_
F400,F400
L872,L872
L727,_
T551,T55
J099,J09
M7269,M7269
F167,F167
Z434,Z434
O041,O041
D03,D039
M969,M969
K188,_
5758,_
S7281,S7281
V2919,_
M8033,M8033
D1701,D170
O4193,O419
S9129,S912
X83,_
W8609,_
M8530,M8530
A1884,A188
M8568,M8568
M9381,M9381
5281,_
L0889,L088
H58,_
K182,_
I605,I605
S0012,S001
S2550,S255
P153,P153
M8017,M8017
M1598,M159
S043,S043
C84,C849
K0520,K0520
J120,J120
1129,_
Z5200,Z520
429,_
O1308,O13
J469,J46
N2881,N288
N8381,N838
M2530,M2530
T224,T224
Q324,Q324
G4390,G439
H6590,H659
Q7032,Q703
Q7011,Q701
D506,_
L816,L816
N6452,N645
Z3702,Z370
H5031,H503
M2457,M2457
Y289,_
E16,E169
X1103,_
W0799,_
O280,O280
N178NONE,_
A0101,A010
B709,_
M8687,M8687
J3480,J348
E28,E289
F845,F845
S0692,S069
K365,K36
P914PO81,_
N939OO39,_
S211X,_
M0641,M0641
I1193,I119
H950,H950
T7939,T793
N3950,_
H5910,_
E1090,E109
K7682,K768
H1131,H113
O3300,O330
L575,L575
K86,K869
K040LO49,_
F02,_
Q289,Q289
H0016,H001
N40NO0,N40
K5794,K579
B080,B080
E880NONE,_
M7264,M7264
A08,_
X5963,_
W7999,_
L023UO71,_
B0223,B022
T453,T453
S0152,S015
N2021,N202
9946,_
1270,_
G571,G571
M6225,M6225
K875,_
30,_
M2225,M222
N7056,_
62,_
E1333,E133
W2089,_
V071,_
W1921,_
S6221,S6221
S7270,S7270
N09,_
O7202,O720
I109NO1,I10
R500,_
L891NO8,L89
C4190,C419
D3291,D329
N3101,N310
C5098,C509
O201,_
N6322,N63
I102A,I10
Q149,Q149
5630,_
M7925,M7925
L172,_
O8215,O821
Q376,_
N63NA,N63
Z206,Z206
J913,J91
1431,_
T1400,T140
H6142,H614
S8223,S822
H5220,H522
H3420,H342
M9014,M9014
H011,H011
A0909,A090
M6548,M654
A329,A329
V2358,_
L0859,_
E0,_
G602,G602
C827,C827
M801,M801
T439,T439
N303,N303
T481,T481
Q079,Q079
M5451,M545
A062E861,_
F258,F258
M7900,M7900
Z0161,Z016
Q878,Q878
N748,N748
M6098,M6098
J201,J201
E8766,E876
T162XXA,T16
W258,_
T8359,T835
K9422,_
L0213,L021
L036,_
E760,E760
S536,_
Q824,Q824
M9430,M9430
M9930,M9930
L8961,L89
F649,F649
M223,M223
U802,_
R4909,R490
K8031,K803
M8730,M8730
S6842,S684
C889,C889
T2240,T224
E7901,E790
T782TI40,_
Z86,_
Q230,Q230
K989,_
Z098,Z098
M97,_
H161,H161
I784,_
B289,_
X500,_
I178,_
T8140,T814
W184,_
O7100,O710
A2791,A279
W236,_
N42,N429
112,_
H43,H439
G009NO9,_
Q239,Q239
V1829,_
E029,E02
M2488,M2488
I671NONE,_
T993,_
Q350,_
R30,R309
S1401,S140
K553,_
M9907,M9907
O7021,O702
N939NO0,_
S6102,S610
S857,S857
0985,_
Q528,Q528
5580,_
Q058,Q058
E283,E283
C6495,C64
553,_
D7091,D70
K621NONE,_
N083X,_
T469,T469
C564,C56
Z4791,Z479
R52,R529
E433,E43
V2059,_
W5972,_
W222,_
S0512,S051
I2589,I258
K2790,K279
X370,_
I381,I38
D488,_
S8130,_
O3398,O339
E0792,E079
R680,R680
E0412,E041
N8350,N835
N2091,N209
X466,_
5752,_
O19,_
Z3740,Z374
X600,_
X640,_
H2003,H200
V495,_
Y425,_
K5190,K519
N935,_
H3311,H331
C070,C07
O0343,O034
R872,R872
848,_
N8000,N800
S9031,S903
O753,O753
F1013,F101
V2394,_
W876,_
B92,B92
W1019,_
W4419,_
E1194,E119
H9190,H919
Z4581,Z458
T299,_
B213,B213
M8611,M8611
V424,_
Z628,Z628
I4699,I469
H4423,H442
L308,L308
I280,I280
C5611,C56
N8010,N801
Q530,Q530
H5342,H534
K569,_
M9599,M959
M2329,M2329
M904,M904
J308,_
J029NO9,_
B010,B010
M8774,_
H591,_
X5030,_
O4110,O411
M1926,M192
M9548,M954
J199,_
R078,_
Q641,Q641
Z830,Z830
K369,K36
D3915,D391
N8351,N835
M392,_
I106,I10
N838NONE,_
O2348,O234
N2890,N289
M511DAGGER,_
S3760,S3760
F514,F514
P101,P101
5535,_
O806,_
C19LP2,C19
J430,J430
A504,A504
Z018152,Z018
C158,C158
M339,M339
Z02033,Z020
I745,I745
Q122,Q122
S8226,S822
25,_
M7659,M7659
C7900,C790
X5882,_
L094,_
I257,_
N840NONE,_
M8820,_
M5119,M511
551,_
H5700,H570
E878F,_
N112,_
K390,_
K8001,K800
138,_
D254,_
F789,F789
D573,D573
H21,H219
V898,_
O053,O053
T2322,T232
S4280,S4280
Q338,Q338
I972,I972
K043,K043
W1001,_
J4592,J459
H7499,H749
Q969,Q969
X209,_
X609,_
O47,O479
Z207,Z207
G63,_
D650,D65
Z235,Z235
S6612,S661
K922NO7,_
R528,_
E300,E300
W100,_
H2551,_
D7583,D758
T480,T480
S5500,S550
S438,_
C7135,C713
I299,_
R041,R041
3512,_
M9830,_
S8224,S822
S859,S859
R1905,R190
I2500,I250
M01X7,_
Q799,Q799
H1031,H103
N155,_
X24,_
W147,_
M0693,M0693
C708,_
H6621,H662
T3851,T385
H1860,H186
B465,B465
Q361,Q361
M6259,M6259
C832,C832
H3400,H340
S3550,S355
D041,D041
S420TOO0,_
71,_
K746NA,_
Y119,_
M6255,M6255
S2731,S2731
S3701,S3701
A749,A749
1731,_
D413,D413
V2964,_
J6903,J690
N063,N063
W0120,_
X080,_
M661,M661
I483,I48
Z654,Z654
M14,_
E878EII9,_
H630,_
S9306,S930
E8721,E872
F909,F909
M960,M960
Z864,Z864
R5911,R591
0758,_
C4331,C433
Q188,Q188
T8180,T818
X1282,_
T433,T433
N4021,N40
B21,B21
O990OOO1,_
H550,H55
M94,M949
N4015,N40
M4783,M4783
J90NO2,J90
V331,_
K552NONE,_
W2508,_
R619,R619
M9015,M9015
D565,_
M8444,M8444
S6681,S668
Q785,Q785
H3440,_
A821,A821
U109,_
O9961,O996
C638,C638
S4621,S462
T009X,_
N296,_
K94,_
B350,B350
I5100,I510
W0328,_
T8545,T854
C8840,C884
Z929,Z929
Z360,Z360
K439Z3A1,_
G832,G832
Z0203,Z020
Q044,Q044
N036,N036
0420,_
S310TYPEA,_
R919,R91
E85,E859
M7994,M7994
A187,A187
C9121,C912
I817,I81
D,_
691,_
J55,_
P349,_
J988NA,_
S3081,S308
I250ILL9,_
H031,H031
G576,G576
Z051,_
S214,_
S9131A,_
T244,T244
J05,_
M2391,M2391
C4432,C443
R1818,R18
S046,S046
D581,D581
I412,I412
Q18,Q189
J93,J939
M5324,M5324
Z02052,Z020
T500,T500
669841,_
T471,T471
M8399,M8399
B068J171,_
P581,P581
MCP,_
S461,S461
D4811,D481
R478,R478
G5762,G576
M5128,M512
I845X,_
0349,_
K459,_
Z8611,Z861
M1706,M170
S8411,S841
076,_
T7960,T796
T7932,T793
M0281,M0281
H1123,H112
V2759,_
Z915,Z915
V2930,_
K2921,K292
K6281,K628
C9101,C910
J3870,J387
D5611,D561
S655,S655
H1872,H187
G359,G35
R16,_
Z551,Z551
Q121,Q121
K354,_
S943,S943
F079,F079
E0789,E078
L7281,L728
D7282,D728
N359NO8,_
E340,E340
Z242,Z242
K129,_
M204,M204
C776,_
I653,I653
M4606,M4606
W8742,_
P451,_
M9962,M9962
R1312,R13
E1011,E101
O9801,O980
N644,N644
M9426,M9426
R512,R51
M15,M159
L0330,L033
O599,_
S0105,S010
R061,R061
A0908,A090
61,_
M2549,M2549
N934,_
M6140,M6140
C5471,_
C962,C962
C818,_
O758OO94,_
J960NONE,_
Q21,Q219
V0308,_
270,_
O093,_
S6085,S608
H3513,H351
W0111,_
T959,T959
D22,D229
I809NO73,_
O1599,O159
J843,_
L258,L258
F73,F739
S107,S107
M8671,_
M5432,M543
H1583,H158
O781,_
E1033,E103
E200,E200
H7005,H700
882,_
W2308,_
L370,_
L024NONE,_
K5711,K571
Q79,Q799
H163,H163
K7691,K769
R297,_
Q8501,Q850
M19,M199
D623,D62
C94,_
659,_
T462,T462
I379,I379
R861,R861
M7711,M771
I119NO8,_
P2520,P252
F119,F119
Z8960,Z896
O752,O752
V2939,_
T36,T369
K1230,K123
O691O,_
T080,T080
P27,P279
X40,_
S6211,S6211
L7203,L720
A363,A363
R6510,R651
Y412,_
O499,_
D278,D27
S3411,S341
H4700,H470
J960UO71,_
M8555,M8555
S659,S659
M8967,M8967
M2547,M2547
Z4801,Z480
I823,I823
S0881,S088
S567,S567
O819,_
M9008,M9008
T2300,T230
2S,_
V0318,_
V3369,_
0009,_
R540,R54
I792,I792
R293,R293
H3111,H311
K4190,K419
J454,_
X088,_
N850N,_
S7612,S761
Q128,Q128
V0214,_
K0111,K0111
P0008,P000
D4877,D487
Y070,_
I30,I309
T467,T467
Q069,Q069
H030,H030
K104,_
M8681,M8681
I1192,I119
E681,E68
W70,_
M9760,_
Q662,Q662
W135,_
V061,_
0365,_
W5708,_
C4111,C4111
Z395,_
Q105,Q105
O500,_
O940,O94
Z5333,_
S426,_
Q6580,Q658
P729,P729
B651J173,_
Z01811C2,_
A09E862,A09
Z010C,_
G508,G508
F162,F162
C4121,C412
S6981,S698
S6089,S608
N185NO32,_
M8599,M8599
Z5240,Z524
M8956,M8956
C4413,C441
W5020,_
I5002,I500
O451,_
L817,L817
5011,_
W0709,_
S0099,S009
D6490,D649
K9189,K918
N185UO4,_
C4439,C443
M8450,_
G355,G35
D0591,D059
Z573,Z573
V2890,_
N610Z3A2,N61
S850,S850
M8808,M880
C132,C132
T68,T68
O811,O811
08O9,_
S9233,S923
J1983,_
C9110,C911
O6495,O649
Q5495,Q549
M4184,M4184
N251,N251
5008,_
F1722,F1722
P546,P546
X5862,_
O9081,O908
K6359,K635
C457,C457
P30,_
V449,_
O9811,O981
W434,_
I411,I411
Z8961,Z8961
O200Z3,_
E208,E208
J939NONE,_
T939,T939
Z3690,Z369
W2392,_
W78,_
L978,L97
Z2320,Z232
V2894,_
G9380,G938
V388,_
C649M8,C64
Z9181,Z918
M1960,_
I7760,I776
Z517,_
M832,M832
V8699,_
I314,_
H0230,H023
W41,_
M9724,_
L060,_
E033,E033
L985,L985
I29,_
G652,_
R14,R14
L0392,L039
O4700,O470
E4151,E41
P9071,P90
Q045,Q045
B2098,B209
N1819,N181
D385NONE,_
5364,_
E083,_
N1792,N179
T8259,T825
D011,D011
R621,_
O619O8,_
U073UO73,_
W2562,_
H450,H450
Z566,Z566
V500,_
704,_
J137,J13
S589,S589
1120,_
V8920,_
S096,_
0730,_
W1810,_
N059NONE,_
M2427,M2427
V376,_
Q341,Q341
I99NO0,I99
H1642,H164
S2281,S2281
1631,_
W4589,_
T9050,T905
M4810,M4810
M7979,M7979
Z820,Z820
O1499,O149
J0511,J051
E866,E86
S8105,S810
V0294,_
Z588,Z588
D6380,D638
X239,_
2X,_
D251NONE,_
I1200,I120
U702,_
K431,K431
O423,_
S382,S382
X990,_
C287,_
Q051,Q051
W187,_
L57,L579
S9102,S910
I393,I393
H42,_
Y464,_
J389,_
M8688,M8688
Y9699,_
N093,_
Z411,Z411
Z3832,Z383
0984,_
J47NO1,J47
W010XXA,_
E164,E164
T406,T406
M5392,M5392
F803,F803
N480,N480
A061E86,_
J089,_
P8352,P835
K573NONE,_
M653NA,_
H1335,H133
C192,C19
O0690,O069
N1898,N189
O708,_
V0208,_
S136,S136
C1199,C119
D4409,D440
A219,A219
Q055,Q055
V265,_
D265,_
I802Z3,_
X11,_
I009,I00
Z91,_
N161,N161
C775,C775
C370,C37
Z821,Z821
B2089,B208
Q690,Q690
M6246,M6246
H0251,H025
1111,_
B349JO29,_
S985,_
W5049,_
H294,_
K7600,K760
0759,_
C7A,_
V2294,_
E836N,_
1X,_
V6769,_
L404,L404
X849,_
G46Y9,_
D635,_
S2410,S241
I7791,I779
Z9000,Z900
J819,J81
P2011,P201
P584,P584
H6051,H605
G908,G908
X0992,_
T86,T869
M8350,M8350
M8650,M8650
P0111,P011
T112,T112
C5309,C530
J952,J952
O213,_
G532,G532
M8989,M8989
S0203,S020
W7309,_
S2421,S242
M206,M206
C691,C691
L940,L940
J291,_
M4848,M4848
W09,_
W80,_
Q786,Q786
R700,R700
85,_
P962,P962
A669,A669
H2541,_
S0119,S011
A420,A420
M5386,M5386
C1875,C187
455,_
1845,_
Y0709,_
Z90,_
D6861,D686
O8294,O829
S3981,S398
V4719,_
H443,H443
H0236,H023
O073,O073
B0,_
W277,_
E286,_
E19,_
N1840,N184
H53,H539
Z229,Z229
P836,P836
Y3682,_
S8812,S881
S739,_
S0019,S001
0233,_
R05R5,R05
T610,T610
C379,C37
S634,S634
W1802,_
R741,_
1099,_
R62,R629
5864,_
63,_
S7171,S717
M7105,M7105
O8211,O821
L9730,L97
M8656,M8656
O8900,O890
G5782,G578
T6201,T620
D251D,_
G9342,G934
S5671,S567
C7230,C723
L740,L740
C195P1,C19
Z0338,Z033
D11,D119
S6972,S697
R199,_
M9132,M913
M2345,M2345
M1717,M171
P2001,P200
H1035,H103
W0151,_
0623,_
Y531,_
D1798,D179
L5700,L570
M3030,M303
Y562,_
A360,A360
H628,H628
T1121,T112
Q677,Q677
R9000,R900
N469,N46
T950,T950
T951,T951
T953,T953
M8422,M8422
V425,_
C1195,C119
415,_
0421,_
D3613,D361
E821,_
0235,_
H7309,H730
F136,F136
Z0471,_
N220,N220
I259NONE,_
0722,_
Q520,Q520
Z859,Z859
F3190,F319
N3591,N359
S5259,S525
N65,_
S3529,S352
C131,C131
R059,R05
D4931,_
M2603,_
T8469,T846
Y08,_
X1199,_
M738,M738
I1120,_
H6053,H605
W579,_
G111,G111
V8714,_
K5229,K5229
A0811,A081
M084,M084
S9249,S924
I121,_
C630,C630
E8698,E86
W015,_
0698,_
I639NA,_
Y299,_
L568,L568
E896,E896
M2531,M2531
J356,_
F951,F951
Z8552,Z855
W512,_
V370,_
Z315,Z315
M794,M794
O948,O94
I753,_
S459,S459
G010,G01
L9101,L910
O6490,O649
V800,_
B768,B768
D149,_
C8199,C819
R338,R33
W318,_
K7501,K750
L084,_
R898,R898
M9200,M920
C821,C821
I1012,I10
M9709,_
J151,J151
S018X,_
D502,_
M4052,M4052
W11,_
E138,E138
D1400,D140
H512,H512
U984,_
S9125,S912
T141W5,_
L0300,L030
M922,M922
M40,_
R258,R258
P72,P729
V4950,_
H523,H523
R5611,_
R5781A,_
S8184,S818
N6009,N600
P762,P762
H302,H302
I45,I459
N61NA,N61
P2203,P220
D860,D860
K5150,K515
750,_
S3602,S360
I835,_
L9290,L929
I120Z,_
L021UO71,_
B06,B069
Q550,Q550
L8932,L893
J3032,J303
I439,_
M1631,M163
E1331,E133
S125,_
L958,L958
D41,D419
E20,E209
Q935,Q935
N4332,N433
D064,_
V8900,_
M0087,M0087
X589,_
H0288,H028
J128UO71,_
L896,L89
S1409,S140
W090,_
R5621,_
M6239,M6239
S7890,S789
Z792,_
K312,K312
83B,_
I1210,_
B771,_
M279,_
H1111,H111
T834,T834
L0280,L028
G03,G039
Z728,Z728
H100,H100
Z011E,_
C601,C601
5458,_
M89,M899
X44,_
K845,_
S853,S853
K403NONE,_
Z73,Z739
O8080,O808
L9752,L97
M407,_
E190,_
M6514,M6514
Z9600,Z960
O342X,_
S0668,S066
N9071,N907
S6971,S697
M516,_
O640XX0,_
I703,I703
Z298,Z298
U0710,_
I544,_
M1993,M1993
C814,C814
B232,B232
P270,P270
Q009,_
X499,_
K972,_
M7102,M7102
K0821,K082
H539,H539
I1010,I10
Q44,_
J48,_
S925SO11,_
S452,S452
G981,G98
M689,_
K9221,K922
M8473,_
J393,J393
L298,L298
D44,D449
W88,_
L9100,L910
H720,H720
H1191,H119
W169,_
B78,B789
T0132,T013
9514,_
S4521,S452
A638,A638
D059NA,_
C632,C632
L9751,L97
T464,T464
H802,H802
0692,_
C3411,C341
D1700,D170
5863,_
O1339,O13
H300,H300
Z463,Z463
E119EJ47,_
N084,N084
W73,_
X490,_
S6331,S633
I870,I870
O800Z1,_
M2452,M2452
H361,_
W508,_
T042,T042
Z4003,Z400
T93,T939
S5086,S508
T2202,T220
53,_
K359NA,_
T48,_
S140W1,_
Z200,Z200
O9601,O960
A17OG01,_
K913NONE,_
D532,D532
K683,_
D1790,D179
H5941,_
K579NONE,_
H3402,H340
E1186,E118
X5996,_
J155,J155
C6291,C629
R5710,R571
8209,_
S9121,S912
C4332,C433
863,_
J6830,J683
D486IN601,_
G31,G319
X698,_
R116,R11
E1313,E131
J0699,J069
D097,D097
M9184,M918
R824,R824
0020,_
M2173,M2173
Q6001,Q600
Q6120,Q612
L421,L42
V194,_
N083UO71,_
H1135,H113
0828,_
N185NO6,_
E8762,E876
N3091,N309
H133,H133
N40NO1,N40
T573,T573
O214,_
E745,_
24,_
H2741,_
I117,_
M588,_
5601,_
V631,_
O88,_
M6588,M6588
Q1280,Q128
2232,_
E2229,E222
P0730,P073
Y434,_
M217,M217
N1899,N189
S6262,S626
S6265,S626
H5242,H524
H5272,H527
O682Z1,_
D53,D539
W108,_
F959,F959
K90,K909
M6205,M6205
Z357,Z357
A099E86,A09
P132,P132
T285,T285
M6525,M6525
T206,T206
A060E861,_
N044,N044
C211,C211
00001,_
0814,_
G10,G10
L710,L710
S5091,S509
W1308,_
X6901,_
B57,_
J990,J990
D833,_
W8503,_
J251,_
Z720,Z720
W2049,_
R653,R653
W878,_
W119,_
W0981,_
N74,_
M6150,M6150
O3003,O300
X15,_
1642,_
D2211,D221
M7542,M754
S7233,S723
Z611,Z611
M1915,M1915
D4890,D489
0699,_
D522,_
Q901,Q901
V98,_
I028,_
E1342,E134
T1310,T131
J9102,J91
L0880,L088
N185E,_
H2660,_
C8271,C827
D170X,_
N390UO1,_
S0638,S063
Z3022,Z302
Q558,Q558
C4359,C435
M2090,_
H0205,H020
P258,P258
M2431,M2431
U93,_
V0204,_
Y723,_
0638,_
R871,R871
Z303,Z303
A5216,A521
D2150,D215
A413,A413
B850,B850
H5010,H501
L0401,L040
R1319,R13
E671,E671
Z008,Z008
L014,_
O90,O909
M8197,M8197
P0110,P011
R196,R196
P048,P048
E8339,E833
N1856,N185
W3412,_
M6746,M6746
W17,_
5023,_
R220SO60,_
S5981,S598
N8092,N809
I640,I64
P204,_
K0481,K0481
C5509,C55
P554,_
J143,J14
Y3490,_
K3520,K352
619,_
Z112,Z112
W151,_
H719,H71
M459,M459
E2731,E273
D960,_
M872,M872
M9411,M9411
T0131,T013
O4210,O421
N1190,N119
A1831,A183
K142,K142
S3320,S332
K139,_
5262,_
K09,K099
S6290,_
H4212,_
K3889,K388
H193,H193
I638UO71,_
S24,_
C542,C542
O1419,O141
J9181,J91
N4401,N44
P3690,P369
L035,_
U701,_
Z179,_
S1193,S119
W2209,_
H1893,H189
S8982,S898
S1200,S1200
L25,L259
L818,L818
O470X,_
S3670,S3670
W0173,_
T8400,T840
N623,N62
T748,T748
J9819,J981
H3140,H314
D074,D074
K8035,K803
T60,T609
F638,F638
W2902,_
M9980,M9980
S548,S548
N200NO0,_
R731,R731
O633,_
W502,_
S9203,S920
T090,T090
I12L0,_
K444,_
M3136,M313
1840,_
W5028,_
5660,_
O048,O048
A639,_
A030,A030
Q809,Q809
C539M8070/3,_
V254,_
P2930,P293
W1928,_
V2359,_
R368,R36
M8926,M8926
P011PO51,_
J061,_
Q07,Q079
C8351,C835
R0809,_
H572,_
S9970,S997
I599,_
T2081,_
O1392,O13
I1500,I150
M9751,_
B3532,B353
Y0008,_
M8264,_
N185NO7,_
J1459,J14
B588,B588
P961,P961
D466,D466
L129,L129
S3130,S313
R766,_
Q626,Q626
I793,_
Q980,Q980
O9928,O992
J697,_
N1332,N133
I390,I390
C8589,_
S178,S178
W238,_
M8122,M8122
L0293,L029
8624,_
M7990,M7990
F348,F348
H7481,H748
M4189,M4189
K2920,K292
D001,D001
C499M,_
N1370,N137
Q540,Q540
M5431,M543
J2893,_
V5849,_
X034,_
I779NO0,_
H30,H309
T8481,T848
H0620,H062
H0250,H025
S5170,S517
O087,O087
M079,_
R456,R456
H1600,H160
V491,_
G649,G64
M203,M203
X5969,_
D572,D572
L7239,_
S603,_
S197,S197
P5450,P545
S8012,S801
D658,D65
Z318,Z318
O100O,_
I639II19,_
0100,_
O562,_
W699,_
S5354,_
N915,N915
555,_
V0209,_
M4805,M4805
J960J,_
I641,I64
D075,D075
S5208,S520
I8615,I861
630,_
M8110,M8110
E500,E500
E836,_
E978,_
C230,C23
W576,_
V374,_
Y593,_
X1098,_
K9220,K922
N91,_
Z7211,Z721
R208,R208
D4100,D410
T209,_
C418,C418
T800,T800
Z451,Z451
A012,A012
N974,N974
K83O,_
H542,H542
R191,R191
A1811,A181
T8132,T813
Q165,Q165
P366,_
L9741,L97
5598,_
M9320,M9320
P393PO73,_
I758,_
R551,R55
N281NO0,_
B49NO0,B49
O864,O864
N1360,N136
F111,F111
Z0141B,_
99256,_
T699,T699
N2090,N209
Z236,Z236
K829NO2,_
M2525,M2525
I012,I012
068,_
I1000,I10
F145,F145
H1122,H112
B76,B769
D1620,D162
W0300,_
N086,_
C530D,_
S45,S459
Y513,_
S88,S889
S151,S151
T8419,T841
W1839,_
Z571,Z571
K449NO8,_
E568,E568
H2312,_
S326,_
I96KS913,_
H255,_
A137,_
D58,D589
I2140,I214
W8722,_
W2682,_
W2512,_
K0610,K0610
H0261,H026
W5911,_
E871XA,_
J9840,J984
I8031,I803
I9683,_
I2129,I212
J490,_
M939,M939
S0622,S062
Q678,Q678
B355,B355
1503,_
H5222,H522
P0251,P025
M2102,M2102
I8240,_
M4019,M4019
J944,_
M849,M849
H2811,H281
Z380PO38,_
H0191,H019
S2030,S203
W5579,_
K5000,K500
5020,_
K502,_
W200,_
N770,N770
Z234,Z234
H1852,H185
L820,L82
K6505,K650
C5021,C502
M9695,M969
V2699,_
S1011,S101
R088,_
H4730,H473
T2523,T252
O8090,O809
901,_
Q700,Q700
M8797,M8797
N113,_
M1228,M1228
M106,_
O809OO39,_
N4014,N40
Q171,Q171
M172,M172
A9712,_
G631,G631
T135,T135
S9093,S909
L9050,L905
N932,_
S9841,S984
X47,_
Y9201,_
M0112,M0112
F54,F54
R071,R071
L840,L84
B982,_
Q142,Q142
R5910,R591
V490,_
M504,_
O4291,O429
Z208SARSCOV2CA,_
Z947,Z947
T269,T269
P713,P713
Z011H1,_
N079,N079
Q673,Q673
M4697,M4697
M8629,M8629
N5001,N500
S8080,S8080
G51,G519
Y4559,_
N707,_
Q640,Q640
S031,S031
T2403,T240
K902,K902
W2389,_
W689,_
C6629,C66
C9501,C950
P963,P963
8105,_
I999,I99
N069,N069
W5130,_
V221,_
Q332,Q332
W1541,_
R580,R58
M2513,M2513
S6501,S650
Z071,_
L9750,L97
N390NO4,_
F799,F799
D3700,D370
573,_
S570,S570
K0400,K040
P8381,P838
Z8943,Z8943
Y569,_
M8149,M8149
I188,_
W192,_
K060,K060
Y536,_
H7441,H744
R1901,R190
P0739,P073
M8612,M8612
R682,R682
P249PO00,_
N1890,N189
P580,P580
T8349,T834
0470,_
J65,J65
R079,_
C9590,C959
1160,_
Z011M1,_
K038,K038
Q778,Q778
M9252,M925
0352,_
Q811,Q811
E89,E899
G522,G522
W446,_
Q348,Q348
M229,M229
W491,_
M7747,M7747
I8681,I868
S29,S299
C2091,C20
M4832,M4832
E714,_
H3080,H308
Z4660,Z466
E001,E001
I2721,I272
N199,N19
M7566,_
S941,S941
M8990,M8990
D365,_
5455,_
L438,L438
W249,_
S4531,S453
S5511,S551
R746,_
S216,_
V829,_
E900,E90
D091,D091
M8934,M8934
0682,_
S6320,S632
J95,J959
R431,R431
T318,T318
M2616,_
K5090,K509
H4701,H470
S3115,S311
S0251,S0251
A4103,A410
C359,_
L931,L931
Z9559,Z955
M9635,M963
S0999,S099
C548,C548
S259,S259
I10LN61,I10
S713,_
Z306,_
Q6582,Q658
S25,S259
A970AO10,_
M5134,M513
Q8589,Q858
M995,M995
M9963,M9963
K576,_
N0283,N028
186,_
K448,_
O35,O359
S1095,S109
0139,_
D19,D199
E01,_
P57,P579
I869,_
S5213,S521
W1301,_
Y654,_
B051G020,_
M7921,M7921
T611,T611
I369,I369
C500M8500/3,_
S5101A,_
S180,S18
M2423,M2423
B429,B429
B007,B007
F418,F418
T194,_
W5311,_
M2444,M2444
H3359,H335
W0180,_
B051,B051
G020,G020
0368,_
X5998,_
M2300,M2300
S4420,S442
I034,_
M2461,M2461
T8683,T868
H1641,H164
L85,L859
2115,_
J3291,J329
Q503,Q503
A37,A379
T39,T399
N1852,N185
D7582,D758
S06A1,_
M9909,M9909
E703,E703
S647,S647
M9270,M927
W6092,_
Y309,_
D037,D037
L201,_
Y9379,_
M4305,M4305
M9667,M966
L8994,L899
Y285,_
Q268,Q268
P0731,P073
W1109,_
W2330,_
R1040,R1040
O252,O25
T5090,T509
K005,K005
I8271,_
K002,K002
M8610,M8610
N281X,_
K189,_
N0391,N039
572,_
S732,_
M000,M000
J332,_
3230,_
T8741,T874
I854,_
H717,H71
D228,_
S8001,S800
P681,_
Z9481,Z948
842,_
O240OO60,_
S5651,S565
H7490,H749
R263,R263
H019,H019
O520,_
F98,F989
O056,O056
S1280,S1280
O2693,O269
H1833,H183
C258,C258
R99X,R99
W1302,_
M9075,M9075
L719,L719
H3130,H313
V8939,_
H7291,H729
W1709,_
J4449,_
V2929,_
W312,_
O999,_
C9591,C959
M6281,M6281
K211,_
B95,_
X1789,_
H6191,H619
M6590,M6590
2928,_
M171NA,_
G635,G635
S2191,S219
L0285,L028
S0282,S028
S260,S260
K9181,K918
A462,A46
5510,_
C38,_
S14,_
O267,O267
M019,_
M8903,M8903
S1199,S119
K5651,K565
W99,_
R870,R870
T054,T054
E1035,E103
O635,_
T355,T355
R100S4,_
4651,_
A408,A408
Y538,_
B344,B344
M5420,M5420
C967,C967
E673,E673
E805,E805
E214,E214
D2259,D225
N330,N330
A2,_
G634,G634
I6353,I635
C7989,C798
S0652,S065
B352,B352
5392,_
R579ST009,_
H4041,H404
M6521,M652
S0541,S054
J41,_
080A,_
039,_
O882,O882
O8209,O820
L9701,L97
O0900,_
T511,T511
Z750,Z750
A0211,A021
M1,_
M112,M112
Q394,Q394
I449,_
S9234,S923
O878,O878
Y41,_
M212,M212
2650,_
S2199,S219
U00,_
D5501,D550
X300,_
H1782,H178
K040NA,_
W5403,_
H4390,H439
H5213,H521
L532,L532
A98,_
V3899,_
Z741,Z741
O809Z3Z0,_
R868,R868
O2432,O243
Q6990,Q699
D049,D049
W2488,_
A482,A482
M108,_
J3502,J350
H0454,H045
G5610,G561
K82A1,_
N4592,N459
V1749,_
O2622,O262
Y290,_
H2682,H268
I200III9,_
P,_
E63,E639
I469G,_
N05A,_
D4837,D483
K663,_
S0812,S081
U816,_
E74,E749
X63,_
Q5399,Q539
M23,M239
O292,O292
V645,_
B58,B589
232,_
N769,_
H439,H439
R8765,R876
672,_
Q178,Q178
S4320,S432
K671,K671
V989,_
V298,_
K0840,_
I8455,I845
K291NONE,_
R538,R53
D1723,D172
F78,F789
S0184,S018
K305,K30
Z74,Z749
J3089,_
M7261,M7261
K7673,K767
O691O0,_
N8080,N808
C4490,C449
D818,D818
V509,_
N845,_
S359,S359
H14,_
B902,B902
W2559,_
5816,_
O454,_
Z2697,Z269
Z110,Z110
369,_
0340,_
X603,_
T79,T799
M0801,M0801
K1151,K115
D2552,_
K082NA,_
8109,_
H1892,H189
H690,H690
S803,_
S5702,S570
T441,T441
0459,_
S381,S381
V18,_
H115,_
N3605,N360
H1889,H188
T098,T098
M7955,M7955
V498,_
B2209,B220
Q7806,Q780
Q,_
R2292,R229
G128,G128
B64,B64
K473,_
L102,L102
M6263,M6263
A94,A94
K713,K713
M8661,M8661
M471G992,_
Z02021,Z020
R0207,R02
E095,_
M2346,M2346
T8612,T861
0830,_
N075,N075
9460,_
M2330,M2330
M1717XA,_
J13,J13
K7508,K750
N0839,N083
N8322,N832
Q2791,Q279
W344,_
L7632,_
T141TRANSDERMA,_
1214,_
K603NONE,_
S9820,S982
L782,_
Y3199,_
539,_
W0624,_
C7950,C795
O690O,_
W0124,_
Z570,Z570
N8405,N840
I101E,I10
O001_1,_
S244,S244
O2686,O268
Z3403,Z340
M8721,M8721
C3493,C349
T8552,T855
L869,L86
S870,S870
M8447,M8447
J060NONE,_
L718,L718
D795,_
H833,H833
S333,S333
D669,D66
M061,M061
W0190,_
T2500,T250
H6192,H619
D019,D019
O3000,O300
G543,G543
J443,_
T513,T513
T113,T113
E876JO19,_
P820,_
S0491,S049
I1392,I139
M120,M120
S3499,_
814,_
S7011,S701
M154,M154
B868,B868
8806,_
T375,T375
J2091,J209
C3210,C321
O3425,O342
8600,_
O593,_
M465,M465
M1919,M1919
N50,N509
A36,A369
H841,_
701,_
E853,E853
M9190,M9190
B243,B24
038,_
Q301,Q301
L410,L410
C505,C505
Z380Z,_
H918,H918
O43,O439
O971,O971
I2483,I248
Z233,Z233
M9290,M929
5819,_
Z614,Z614
H958,H958
P0509,P050
Q891,Q891
T0800,T080
C329M,_
U0732,_
M4784,M4784
C6791,C679
J3092,_
W4441,_
H2082,H208
K506,_
K291NO00,_
W3399,_
C64NA,C64
1249,_
I7026,I702
L9295,L929
C461,C461
Q6672,Q667
O3403,O340
S8285,S828
R8290,R829
F1023,F1023
E8769,E876
K8062,_
5471,_
V030,_
E1166,E116
K9421,_
G245,G245
8780,_
W1982,_
X598,_
T0930,T093
T524,T524
M4342,M434
M4309,M4309
A060E862,_
Z0156A2,_
Z0081,Z008
M839,M839
D172NA,_
B85,_
V722,_
H968,_
H1139,H113
M714,M714
Z070,_
M2550,M2550
V3299,_
D2212,D221
E1050,E105
J623,_
M5481,M5481
H6050,H605
H570,H570
D3912,D391
I039,_
G9351,G935
S7071,S707
410,_
M6242,M6242
G8191,G819
Q3800,Q380
Q3900,Q390
J4541,_
M0115,M0115
A505,A505
P96,P969
Z8782,Z878
O6891,O689
P751,P75
Z462,Z462
Q70,Q709
0840,_
N291,N291
S733,_
L2081,L208
H4431,H443
A543,A543
0343,_
R270,R270
D1800,D1800
W19XX,_
J8410,J841
Y2699,_
L290,L290
A618,_
M1A9,_
7813,_
L632,L632
K4601,K460
O829OI49,_
T92,T929
I358NA,_
X5928,_
K071,K071
S2740,S2740
V4848,_
G550,G550
E165,_
B860,B860
Y0481,_
M8954,M8954
S006,_
S0122,S012
H518,H518
S5340,S534
S9840,S984
K0110,K0110
E73,E739
G509,G509
K800X,_
1873,_
W0721,_
N980,N980
P253,P253
J3422,J342
M8686,M8686
O0380,O038
M7235,M7235
R2271,R227
B54,B54
W04,_
K5665,K566
J304NO1,_
V576,_
C787CJ91,_
O9911,O991
O8002,O800
H1189,H118
T79A,_
Q397,_
D1060,D106
N201NONE,_
O818,_
I39,_
39,_
J4531,_
S5239,S523
11XD,_
S0005,S000
N9505,N950
A971JO68,_
V3959,_
C5011,C501
X4904,_
K68,_
246,_
S3620,S3620
148,_
D71,D71
Z0153A1,_
M432,M432
MCPO1,_
N022,N022
M5387,M5387
L109,L109
Z02022,Z020
G721,G721
5884,_
M4714,M4714
S0143,S014
K7462,K746
K5720,K572
T9382,T938
X1712,_
E8781,E878
S7225,S722
Z584,Z584
O001X,_
D1711,D171
K397,_
O9831,O983
E2740,E274
M8861,_
Z3802,Z380
D3672,D367
I344,_
O1414,O141
Z809,Z809
O253,O25
S8245,S824
Q310,Q310
C4911,C491
R683,R683
S2021,S202
O486,O48
A311,A311
J4419NO7,_
E1452,E145
H2021,H202
D3191,D319
C4444,C444
P273,_
Y419,_
S227,_
S9112,S911
K8115,K811
E229,E229
M614,M614
M4157,M4157
X1509,_
T263,T263
S243,S243
K4095,K409
E298,E298
I7024,I702
O852,O85
M4385,M4385
M2012,M201
O6012,O601
S5185,S518
C5491,C549
W8682,_
N057,N057
H202,H202
D3808,D380
V3399,_
E720,E720
S7100,S710
F402,F402
M1226,M1226
L9841,L984
D5004,D500
T8571,T857
N080,N080
L752,L752
Y793,_
W562,_
G925,G92
C944,C944
N382,_
S6449,S644
S740,S740
I6935,I693
I1194,I119
Z0153,Z015
N1711,N171
E618,E618
H7081,H708
K7602,K760
S8410,S841
P0381,P038
P0821,P082
P0259,P025
K000,K000
K5650,K565
Q912,Q912
D04,D049
F301,F301
H0051,_
S2704,S270
K727,_
P526,P526
E61,E619
C7952,C795
E992,_
X53,_
S9009,S900
Z8910,Z891
I250M1A9XX1,_
K056NA,_
702,_
L7681,_
I4809,I48
N442,N44
S4999,S499
R029,R02
Q781,Q781
C403,C403
B74,B749
E2790,E279
H2648,H264
F635,_
J0693,J069
C691NONE,_
T10,T10
O8420,O842
D394,_
R576,_
N761,N761
O968,O96
L018,_
E800,E800
Z01742,Z017
M0807,M0807
E059I438,_
M8619,M8619
S8811,S881
81,_
T749,T749
T0200,T0200
5756,_
A746,_
8960,_
O888,O888
0997,_
N969,N96
O889,_
M3593,M359
M7651,M765
K742,K742
G539,_
W400,_
V2344,_
W1748,_
D4349,D434
W1203,_
5024,_
S149,_
S0009,S000
O487,O48
K3802,K380
H932,H932
H5989,H598
V0929,_
M4190,M4190
H2529,H252
K03,K039
N3901A,_
C052,C052
N049NONE,_
M6088,M6088
S5922,_
K8015,K801
P340,_
Y590,_
A43,A439
T8529,T852
G934NO0,_
Q622,Q622
L708,L708
C909,_
B3749,B374
T8401,T840
Z2233,Z223
W6099,_
C97,C97
T404,T404
Y450,_
H913,H913
E430,E43
Q241,Q241
Q183,Q183
C949,_
O045,O045
N1853,N185
G9359,G935
C4000,C400
8300,_
M1599,M159
E7510,E751
H1611,H161
J460,J46
X0901,_
I277,_
W1703,_
V2719,_
S100,S100
D1170,D117
X9958,_
M1467,M146
N850NONE,_
N62AT07,N62
532C,_
E1321,E132
W1784,_
O015,_
N832NONE,_
N931,_
S910TYPEA,_
A6261,_
H3132,H313
L9102,L910
T0690,_
M9851,_
M9581,M958
J304NONE,_
O285,O285
D3708,D370
Z3670,_
O589,_
S256,_
S6521,S652
5194,_
X410,_
L039LO39,_
O321O,_
R0291,R02
O600Z3A2,_
571,_
X5088,_
Z759,Z759
N6358,N63
G929,G92
O2681,O268
H6541,H654
R324,R32
M8014,M8014
B3511,B351
T28,T289
F932,F932
009,_
B024,_
N3000,N300
M8997,M8997
D2360,D236
A21,A219
B90,B909
Z581,Z581
685,_
K724,_
C5020,C502
T4551,T455
S199TOO9,_
A209,A209
I368,I368
M0819,M0819
T5100,T510
D440NA,_
K2919,K291
E0491,E049
A055,_
490,_
Z4180,Z418
T8520,T852
Q1001,Q100
Q758,Q758
X629,_
M764,M764
25XA,_
M1080,_
N390NO9,_
M7113,M7113
438,_
C7801,C780
Z3792,Z379
162,_
M8893,M8893
Q434,Q434
H2041,_
J156,J156
O9808,O980
N73,N739
394,_
W1962,_
V9899,_
N900,N900
S3080,S308
N419NONE,_
K802NO2,_
W0899,_
M74,_
828,_
K012,_
M8031,M8031
D1031,D1031
W8999,_
W0299,_
T141W4,_
N6121,N61
V179,_
C9103,C910
Y923,_
S8239,S823
4C,_
Z768,Z768
K4032,K403
M9868,_
K922NO02,_
K131,K131
S0592,S059
K391,_
J80X,J80
K3190,K319
J1569,J156
J139,J13
A046,A046
S6632,S663
Q650,Q650
H32,_
Y0021,_
S4409,S440
K876,_
2102,_
H4052,H405
G737,G737
W1931,_
M9240,M924
G4049,G404
N299,_
F739,F739
Z891,Z891
I5003,I500
I00L6,I00
I321,I321
M4139,M4139
N751Z3,_
W591,_
M9592,M959
K218,_
I251NO0,_
N389,_
S5600,S560
V982,_
H13,_
M2534,M2534
O6820,O682
H475,H475
B270,B270
N410NO3,_
M9441,_
B572,B572
H1610,H161
W890,_
E0464,_
N038NT835,_
S258,S258
O0800,O080
P841,_
Q403,Q403
P074,_
D421,D421
S5092,S509
S6072,S607
A390,A390
U17,_
M31,M319
1C1,_
Q42,Q429
V201,_
N8110,N811
B870,B870
Z999,Z999
A0640,A064
R0609,R060
S3271,S3271
H9201,H920
H1023,H102
S9690,S969
U579,_
E8620,E86
D803,D803
S1415,S141
I845NONE,_
L50,L509
M5414,M5414
C19T,C19
P260,P260
Z01721,Z017
Z01591,Z015
T561,T561
X9991,_
D2221,D222
H2991,_
R831,R831
N476,N47
S1260,_
E8666,E86
A666,A666
H3630,_
O2341,O234
3789,_
R738,_
Z4071,_
J589,_
0486,_
Z115ZO38,_
S4085,S408
K73,K739
B899,B89
M7953,M7953
B458,B458
F1002,F1002
N9390,N939
B0222,B022
R291,R291
Q551,Q551
J9605,J960
M8857,_
H3201,H320
Z073,_
Z578,Z578
M4862,_
D8983,D898
W2503,_
L253,L253
Z370Z3,_
I219I5,_
M4989,M4989
2111X,_
O6413,O641
O6890,O689
P124,P124
K093,_
G603,G603
J899,_
H6620,H662
Q988,Q988
X5038,_
W224,_
Z934,Z934
K022,K022
E1421,E142
H2131,H213
V3009,_
I6392,I639
M2566,M2566
Q835,_
S3993,S399
X309,_
E700,E700
M9531,M953
K5191,K519
E019,_
D3690,D369
E7101,E710
Q1800,Q180
T8901,_
M8621,M8621
O8037,_
W1701,_
D293,D293
2N,_
0332,_
071,_
Y2849,_
M963,M963
Z0159,Z015
N642,N642
O386,_
R053,R05
G472,G472
E050NONE,_
K692,_
E518,E518
E028,E02
S0031,S003
J947,_
4588,_
N992,N992
N1999,N19
S3789,S378
578,_
L0302,L030
T94,_
O67,O679
0892,_
Q839,Q839
Y497,_
T281,T281
I114,_
H0285,H028
O4190,O419
M6658,M6658
F1912,F191
B9801,B980
F844,F844
E641,E641
O0895,O089
M0750,M0750
V8919,_
P084,_
Y2803,_
M540,M540
D060,D060
Q27,Q279
Y3469,_
G708,G708
N6030,N603
N174,_
O3428,O342
I424,I424
N288UO71,_
K009,K009
W2901,_
M829,_
M4318,M4318
B942,B942
S6362,S636
G520,G520
S4222,S422
B749,B749
E145M,_
D0502,D050
F28,F28
M1699,M169
E861X,E86
5526,_
K318NA,_
W2349,_
B8681,B868
H421,_
N9310,_
M7635,M7635
N63C,N63
N8002,N800
I31,I319
D828,D828
U0702,_
64,_
S4481,S448
S4511,S451
S160,S16
M364,M364
E034,E034
N8039,N803
N902,N902
N92,_
B664,B664
S0010,S001
T152,_
S3020,S302
275,_
W5199,_
E12,E129
C948,_
M1387,M1387
T2420,T242
H517,_
C432,C432
T0280,T0280
100,_
C4411,C441
C9200,C920
H0430,H043
E1489,E148
C811NA,_
T262,T262
M8885,M8885
M5455,M545
030,_
Z9810,Z981
P103,P103
L0915,_
G3099,G309
S4293,S429
O7020,O702
T1461,T146
E0421,E042
B658TYP2,_
X491,_
O800UO71,_
Z9852,_
12A,_
1739,_
L293,L293
M8726,M8726
S0624,S062
S0654,S065
N90F,_
E861NONE,E86
T7931,T793
J4414,J441
9B,_
W2602,_
N1339,N133
W607,_
H1680,H168
I2400,I240
D159,D159
G2581,G258
Q853,_
L413,L413
J3820,J382
H955,_
S939,_
E119NO1,_
B30,B309
Y98,_
I953,I953
P58,P589
J9509,J950
D6189,D618
5196,_
S8203,S820
X503,_
M1255,M1255
A70,A70
Z634,Z634
E116UO71,_
083,_
K613NONE,_
S5010,S501
M5383,M5383
C573,C573
O800P,_
H532,H532
M9657,M965
H8602,_
H2603,H260
L682,L682
M8091,M8091
O025,_
K581,_
M819JJ47,_
D749,D749
C8001,C800
E11NO38,_
A1817,A181
H6983,H698
C0880,C088
S8371,S837
W2248,_
M470,M470
V2209,_
W6988,_
N6283,N62
O250,O25
I5121,I512
M2349,M2349
W296,_
2609,_
N045,N045
O7181,O718
F12,F129
B608,B608
W070,_
P3699,P369
N190,N19
Y24,_
N1308,N130
N94,N949
F0092,F0092
P966,_
499,_
V185,_
A4150,A415
Z7401,Z740
M7021,M702
I4999,I499
S97,_
L0333,L033
813,_
S9255,S925
M805,M805
A210,A210
M9591,M959
5395,_
D357,D357
W310,_
S660,S660
H1181,H118
M5382,M5382
D4321,D432
1482,_
T138,T138
M838,M838
M9580,M958
K3182,K318
T8142,T814
W30,_
S8271,S8271
N0831,N083
88,_
O0021,O002
5553,_
M778,M778
H1605,H160
M9044,M9044
0910,_
W0139,_
I200NONE,_
H6052,H605
Y6099,_
P801,_
K370,K37
N7580,N758
S0605,S060
K635NA,_
A5431,A543
P0716,P071
P0735,P073
Y45,_
K582,_
S6511,S651
C4370,C437
0622,_
M3181,M318
Z494,_
X4599,_
X9948,_
I661,I661
H80,H809
G20III9,G20
M8799,M8799
O2009,O200
K878NONE,_
K199,_
O2359,O235
X5991,_
M6510,M6510
I410,I410
H3609,H3609
H3349,H334
A87,A879
K922M1A9XX0,_
R5990,R599
S4112,S411
K032,K032
K144,K144
L8904,L890
G309F,_
I219NO1,_
O8206,O820
S990,_
W1952,_
X0903,_
K849,_
M9471,_
T2201,T220
M2581,M2581
H4729,H472
Z9890,_
E728,E728
O290,O290
C73M,C73
L120NO0,_
S8011,S801
H498,H498
M12,_
O740,O740
G0091,G009
N995,N995
M155,_
H3093,H309
G545,G545
J1203,J120
CR1735,_
T476,T476
N731,N731
Q1401,Q140
8504,_
W4598,_
N289NONE,_
O13Z3,O13
Q163,Q163
R1049,R1049
W1924,_
T089,T08
G0481,G048
G308NONE,_
C5190,C519
V386,_
D1621,D162
K5232,K523
K5981,K598
150,_
C7871,C787
I509III9,_
D309,D309
V843,_
M658NA,_
Y846,_
Q890,Q890
K6036,K603
G954,_
K941,_
S6192,S619
O3248,O324
H3413,H341
819,_
M7520,M752
E3049,_
D469NO2,_
H7290,H729
H4302,H430
E54,E54
M145,M145
M355,M355
Z3902,Z390
V2242,_
G0490,G049
S6309,S6309
P079,_
C876,_
Z831,Z831
0842,_
S0040,S004
O3620,O362
C913,C913
F139,F139
F61,F61
Y15,_
C178,C178
T3341,T334
C360,_
W6700,_
X5898,_
I4802A,I48
M633,M633
M3800,_
Z4902,Z490
M938,M938
I2124,I212
Y2199,_
V3349,_
O829Z2,_
N16,_
Q51,Q519
X1202,_
S3703,S370
D788,_
H7492,H749
N711,N711
151A,_
H047,_
Q313,Q313
E243,E243
C509UO71,_
I303,_
V01,_
M2158,M215
G461,G461
D26,D269
Z4721,_
2470,_
F190,F190
K5131,K513
B834,B834
E1127,E112
K3591,K359
Z410,Z410
M2202,M220
T2301,T230
T9149,T914
F1721,F1721
J9699,J969
N1411,N141
H4013,H401
A2605,A260
F137,F137
Z02044,Z020
Z011L1,_
E261,E261
Q529,Q529
V589,_
N309NO0,_
W5919,_
S525X,_
O2349,O234
E123,E123
K639K3,_
S964,_
L231,L231
H930,H930
U079CO,_
L399,_
X67,_
M2579,M2579
0322,_
X289,_
E084,_
L792,_
M9383,M9383
C611,C61
G256,G256
J1988,_
694,_
M8498,M8498
B988,_
O1001,O100
M288,_
S5622,S562
L505,L505
U0712,_
M79A1,_
M1840,M184
W36,_
K753NONE,_
O5,_
C5060,C506
T1454,T145
5848,_
E145NONE,_
I129E,_
D38,_
S6702,S670
S065X0A,_
C746,_
5444,_
Z881,Z881
O6805,O680
D1809,D1809
E291,E291
S9780,S978
N260,N26
S658,S658
N6489,N648
Y99,_
M88,M889
N1798,N179
N179I5,_
M6781,M6781
M9488,M9488
K122NONE,_
O0014,O001
O71,O719
H5090,H509
T8689,T868
M5129,M512
M8024,M8024
A176,_
S98,_
795,_
Z599,Z599
D501,D501
E825,_
L099,_
Y0048,_
K410,K410
S1093,S109
H3423,H342
S2031,S203
L064,_
J339NO1,_
I643,I64
05,_
F808,F808
N1110,N111
M7294,M7294
D2791,D27
P110,P110
M5498,M5498
K6502,K650
Z1342,Z134
J3302,J330
W0599,_
J3811,J381
B967,B967
069,_
W2048,_
O1422,O142
B9620,B962
N1799,N179
G6389,G638
R779,R779
K4020,K402
J16,_
S9992,S999
E1191S,_
B4681,B468
K637,_
Z361,Z361
O1411,O141
I119N0,_
5721,_
M9807,_
E059NONE,_
E329,E329
N6391,N63
M9446,_
C349M8140/3,_
Z018163,Z018
M6295,M6295
B653,B653
T443,T443
T2527,T252
H2571,_
H1580,H158
G732,G732
5844,_
V8499,_
F349,F349
L047,_
V801,_
Q112,Q112
M7133,M7133
M8501,M8501
M1692,M169
H3411,H341
A070,A070
C4010,C401
R292,R292
Q138,Q138
T787,_
J905,J90
D965,_
A1809,A180
S0142,S014
B822,_
M9370,_
N317,_
Q89,Q899
D3705,D370
M9401,M940
T061,T061
M8191,M8191
S7502,S750
A060AO69,_
X1399,_
C7990,C799
S8341,S834
V5819,_
F340,F340
Z834,Z834
Q510,Q510
K650NONE,_
K768NONE,_
M8936,M8936
V872,_
N2188,N218
V350,_
V5899,_
Z6730,_
T1710,T171
S6152,_
A510,A510
Z3872,Z387
T1580,T158
I4519,I451
A4109,A410
C4451,C445
O2449,O2449
P209PO38,_
G240,G240
Q123,Q123
M9316,M931
M6021,M6021
0120,_
S2690,S2690
S264,_
O823,_
I8021,I802
5428,_
M7751,M775
K2903,K290
X6109,_
S2232,S223
H0441,H044
Y630,_
S738,_
H61,H619
J3920,J392
Z738,Z738
W5091,_
O696,_
S7113,S711
V445,_
Z8503,Z850
Z251,Z251
D649EII9,_
M9687,M968
I391,I391
G831,G831
L81,L819
H839,H839
B391,B391
Q938,Q938
R654,_
O9971,O997
Z161,_
H6110,H611
M9302,M930
R891,R891
M6701,M670
C3498,C349
J8192,J81
S3052,_
F0280,F0280
W8703,_
P100,P100
D551,D551
M498,M498
31500,_
J1233,J123
T236,T236
C8291,C829
I223,_
S0632,S063
S0930,_
H2531,_
M24,M249
C3214,C321
T1595,T159
Y21,_
J2009,J200
T101,T101
V8991,_
M2721,_
S0921,S092
M8085,M8085
5681,_
Z192,_
K687,_
K982,_
V5762,_
S232,S232
M2451,M2451
K449NO0,_
0329,_
Q775,Q775
I271,I271
M0089,M0089
G4041,G404
H4711,H471
S0300,S030
O803,_
H7080,H708
J90NO8,J90
B139,_
695,_
H3509,H350
R070,R070
P152,P152
P0023,P002
C259NA,_
H0412,H041
T7962,T796
M209,_
V593,_
H3492,H349
I448,_
S76,_
B380,B380
T363,T363
T372,T372
H525,H525
P2302,P230
O8001,O800
S2721,S2721
G835,_
Z4889,Z488
P0340,P034
I101E0,I10
W0101,_
I689,_
W3152,_
T1190,T119
S3450,S345
S3730,S3730
I77,I779
O791,_
H340,H340
I574,_
Y0448,_
M9652,M965
S0604,S060
X5908,_
X1904,_
A101,_
D486NONE,_
S64,S649
S6660,S666
M8088,M8088
T2111,T211
G941,G941
A9715A,_
I189,_
C4441,C444
P113,P113
Q402,Q402
M5389,M5389
W133,_
N020,N020
1255,_
O809OO64,_
H6102,H610
N390NO8,_
S207,S207
N18Q,_
R0901,R090
E878III9,_
P1341,P134
Q703,Q703
2300,_
B9721,B972
S3205,S320
L588,_
R439,_
Q408,Q408
K746NONE,_
H5400,H540
H67,_
K950,_
H2719,H271
C5009,C500
N0834,N083
212,_
J3831,J383
T283,T283
V992,_
M9521,M952
P0581,_
O2401,O240
H4322,H432
C173,C173
M0009,M0009
M4382,M4382
N311,N311
Z02043,Z020
A839,A839
M1929,M1929
56409,_
C152,C152
N0591,N059
N351,N351
X0801,_
P995,_
E988,_
W1804,_
H063,H063
N8145,N814
684,_
C5781,C578
H253,_
H256,_
I8390,I839
K319NO1,_
M2162,M216
S146,S146
S0115,S011
I577,_
P197,_
T007,_
P016,P016
W501,_
N3902,N390
Z2370,Z237
X1008,_
W6029,_
K657,_
C599,_
N473,N47
I1015,I10
K279XA,_
C541NA,_
Z3392,Z33
W1949,_
I6190,I619
Q731,Q731
M3099,_
O2243,O224
K378,K37
L0398,L039
Z392S,_
T254,T254
O995O,_
C980,_
U017,_
S1420,S142
W1989,_
X5989,_
N379,_
O809Z3,_
K6131,K613
M7100,M7100
N928,_
Z8631,Z863
O441Z3,_
M5489,M5489
X269,_
K7680,K768
H869,_
Y200,_
X1599,_
M4020,M4020
5539,_
K610X,_
E145M8,_
H329,_
S5153,_
15,_
J690NA,_
K5531,_
S5621,S562
M4114,M4114
S989,_
T9280,T928
X596,_
O743,O743
Z043,Z043
M1950,_
C5012,C501
J259,_
S0021,S002
R520,R520
Z988E,_
N437,_
N2109,N210
S4119,S411
K5904,K590
C239,C23
S010X,_
K8041,K804
K8241,K824
N18\,_
J8690,J869
V2709,_
N9388,N938
S0670,S0670
T277,T277
A085E861,_
Z02051,Z020
M860,M860
V1199,_
K9423,_
R780,R780
H9391,H939
H003,_
B729,B72
W5010,_
Y0809,_
K088NA,_
C8501,C850
Y584,_
K05NA,_
Z9660,Z9660
R877,R877
W2992,_
O3681,O368
N0395,N039
M390,_
V1229,_
K7688,K768
F229,F229
S6001,S600
E1051,E105
W5681,_
Y1799,_
O1019,O101
L8191,L819
C4440,C444
S5291,S5291
M7796,M7796
P235,P235
610,_
S6252,S625
2P,_
S6531,S653
1690,_
L895,L89
T2532,T253
T072,T07
G297,_
X5839,_
V8789,_
I5171,I517
I7390,I739
697,_
N937,_
Y1108,_
E119SV899,_
D704,D70
S3619,S361
H5180,H518
M9498,M9498
I4995,I499
R944,R944
H477,H477
58,_
E617,E617
N475,N47
R896,R896
C644,C64
A9709,_
N2105,N210
P268,P268
S6601,S660
M9820,_
F173,F173
M1921,M1921
O921,O921
L53,L539
V2212,_
Z011B2,_
F70,F709
O580,_
F25,F259
69,_
3392,_
H6622,H662
S3702,S370
M013,M013
K279NONE,_
H1510,H151
I420NONE,_
E182,_
C580,C58
S440,S440
S447,S447
E796,_
L0381,L038
E878RO01,_
T8743,T874
I6799,I679
K00,K009
J849UO71,_
O6680,O668
M7652,M765
R193,R193
Q8382,Q838
L987,_
D368,_
1809,_
P142,P142
M182,M182
N238,N23
I300,I300
N896,N896
K922NO01,_
C19CIS,C19
M4803,M4803
M7907,M7907
Z01792,Z017
F132,F132
T306,T306
W1209,_
Z0800,Z080
Z1811,_
K077,_
W1894,_
B3784,B378
Z2080,Z208
W2648,_
C1871,C187
82,_
Z0114,Z011
L0203,L020
D841,D841
0991,_
O393,_
S159,S159
A099AO63,A09
D890,D890
X10,_
S2101,S210
W034,_
M3596,M359
N8011,N801
N7363,N736
H191,H191
P941,P941
H1607,H160
L551,L551
O800O0,_
I892,_
G869,_
N1889,N188
G72,G729
D660,D66
J329NONE,_
W2273,_
E878NO2,_
S5203,S520
D903,_
Z006,Z006
S370XXX,_
W58,_
L741,L741
Q226,Q226
M321NO85,_
M560,_
I251UO71,_
M6513,M6513
T7989,T798
H4061,H406
Z9831,_
E106NONE,_
H8191,H819
I509LO39,_
K2730,K273
N982,N982
W1854,_
K2090,K20
M8607,M8607
D096,_
Y564,_
S0118,S011
E145NA,_
O4100,O410
O149Z8,_
A089,_
P0220,P022
N018NONE,_
M5395,M5395
N332,_
B878,B878
D391O,_
T8139,T813
M8685,M8685
Z0179,Z017
F710,F710
V878,_
5657,_
S56,_
G213,G213
D2371,D237
J8411,J841
M99,M999
O28,O289
L8590,L859
A065,A065
H1692,H169
Z3734,Z373
M2538,M2538
I715,I715
M3890,_
W0030,_
E142N,_
X6189,_
S4681,S468
M018,M018
S0020,S002
V236,_
N185II20,_
N5012,N501
I51,I519
Z1612,_
3616,_
A243,A243
I872LO31,_
Q322,Q322
R391,R391
D6101,D610
K566NO0,_
H7292,H729
V114,_
M7014,M7014
D4012,D401
V8299,_
T8505,T850
H4682,H46
D649EII9III9,_
M2505,M2505
N6032,N603
A4151,A415
O821X,_
I4993,I499
R719,R71
J9608,J960
S0402,S040
I5033,_
P530,P53
O0981,_
A4153,A415
N191,N19
B579,_
5462,_
C973,C97
U691,_
A169UO7,_
4XXA,_
Q933,Q933
H0519,H051
J093,J09
W226,_
0362,_
S0093,S009
M8158,M8158
Z313,Z313
U8126,_
P741P,_
S170,S170
C3432,C343
F980,F980
985,_
H4460,H446
3571,_
S1250,_
M9A,_
Z4781,Z478
S7249,S724
O79,_
R802,R80
I852,_
Z500,Z500
H344,_
D255,_
D2411,D24
N8431,N843
N099,_
K2510,K251
T484,T484
Q599,_
L0315,L031
V393,_
L503,L503
K247,_
Q6000,Q600
H257,_
K024,K024
O992OO34,_
G138,G138
M8992,M8992
C5041,C504
T503,T503
Y546,_
K810NONE,_
F070,F070
E875Z,_
344,_
S2080,S208
K374,K37
N289U,_
F801,F801
T0160,T016
M7731,M773
M324,_
T062,T062
Q1111,Q111
H5940,_
K2101,K210
B217,B217
K785,_
M4111,M4111
S7031,_
S7115,S711
M4029,M4029
E091,_
5084,_
F428,F428
M4395,M4395
T592,T592
M4329,M4329
T507,T507
S9680,S968
Y910,_
H9202,H920
E0500,E050
C5609,C56
W311XXA,_
B442,B442
F141,F141
M7667,M7667
C480NONE,_
G91,G919
M2562,M2562
M6232,M6232
S99,S999
L9792,L97
Q802,Q802
D3161,D316
S0242,S024
409,_
J281,_
W1304,_
F3171,F317
B571,B571
S3689,S368
G089,G08
Z8371,Z837
5738,_
U071Z3,_
A10,_
H6131,H613
M7150,M7150
0019,_
W3699,_
C9600,C960
I109NO8,I10
N390V,_
C1819,C181
W868,_
L9711,L97
V837,_
S4601,S460
M8573,_
C1873,C187
D846,_
O990UO71,_
S419,_
S453,S453
F919,F919
P2101,P210
O825,_
K11,K119
M429,M429
Y12,_
M9123,M912
Z26,Z269
O995Z3,_
A28,A289
E8961,E896
S8970,S897
H5271,H527
X6799,_
W039,_
I872LO39,_
H0262,H026
M863,M863
I6332,I633
H1029,H102
O342OO34,_
K659NO1,_
H06,_
E8800,E880
K769NO8,_
D313,D313
E8785,E878
Z019,Z019
S4089,S408
5541,_
V6759,_
K9409,_
E511,E511
N989,N989
V379,_
S95,S959
T2103,T210
032,_
5654,_
H272,_
X4299,_
M487,_
E8613,E86
S937,_
T7,_
H1710,H171
M9761,_
V214,_
T597,T597
G830,G830
V5752,_
R686,_
D387,_
D6308,D630
M754NA,_
W207,_
E8301,E830
Z811,Z811
I568,_
K24,_
I750,_
K2210,K221
5766,_
J458,J458
I8423,I842
S3706,S370
C910M9821/3,_
M1257,M1257
Z01811B2,_
P719,P719
D1781,_
M1308,M1308
R358,R35
L878,L878
J8281,J82
W099,_
S5110,S511
J3201,J320
C5613,C56
Z9701,Z970
D165NA,_
Z902,Z902
I284,_
M50,M509
M8243,_
E77,E779
M9181,M918
I072,I072
J9421,J942
M5500,_
S780,S780
Z538,Z538
M2565,M2565
Z8901,Z890
H2595,H259
T473,T473
S6880,S688
N7010,N701
S8340,S834
Z3029,Z302
R027,R02
B1831,_
M0605,M0605
C618,C61
N060,N060
S1431,S143
M0141,M0141
L8190,L819
M2630,_
O0312,O031
M4890,M4890
I9591,I959
I2574,_
N6325,N63
M8787,M8787
I5170,I517
A562,A562
N22,_
O7000,O700
R1590,R15
J063,_
I66,I669
H491,H491
F508,F508
J3692,J36
Y573,_
R721,R72
V0304,_
C559,C55
E0922,_
M124,M124
J304NO7,_
L5701,L570
J3400,J340
N881,N881
W3659,_
F4001,F4001
M931,M931
33,_
B2011,B201
Y00,_
M9780,_
K0335,K033
E818,_
R492,R492
K3188,K318
L031Z4,_
W5573,_
J350NONE,_
P430,_
S9501,S950
M2556,M2556
5400,_
S6305,S630
S893,_
M7702,M7702
L022NA,_
M3810,_
N40NO8,N40
M8674,_
Z560,Z560
M4366,M436
M4315,M4315
V1349,_
S8010,S801
S6212,S621
Q82,Q829
A419AO10,_
Q65,Q659
J441NO7,_
Z880,Z880
H351NO3,_
1425,_
O990D,_
W0808,_
W2372,_
L748,L748
M8935,M8935
B346,_
E665,_
O0993,_
O4112,O411
O072,O072
D1341,D134
C550,C55
I6791,I679
O2368,_
S7302,S7302
W295,_
N4301,N430
K128,_
K429NONE,_
S819S,_
O4410,O441
C349NONE,_
M9983,M9983
R933,R933
M66,_
A561,A561
M4300,M4300
M4303,M4303
J960NO1,_
P09,_
S9012,S901
A710,A710
S42O,_
R5900,R590
O055,O055
U814,_
R331,R33
S6022,S602
V034,_
B349UO71,_
C2508,C250
I313N8,_
A389,A38
B49NO9,B49
5619,_
I5099,I509
J362,J36
K5139,K513
M4354,M4354
N185UO71,_
B231,B231
F802,F802
5728,_
2AT97AOXA,_
S8292,S829
0262,_
Q148,Q148
L915,_
J1552,J155
S664,S664
S7512,S751
K924,_
L7206,L720
K392,_
S8680,S868
M4687,M4687
X6894,_
Q242,Q242
Z4132,Z413
54,_
R509E,_
90A,_
X311,_
S0171,S017
460,_
Y94,_
P12,P129
C098,C098
D957,_
K197,_
C8195,C819
Q449,_
X829,_
M2380,M2380
O141O5,_
B292,_
4P,_
P9110,P911
K319Y5,_
S4400,S440
P2491,P249
O744,O744
D480NONE,_
R051,R05
S9105,S910
151AW55,_
D036,D036
L332,_
A922,A922
T8300,T830
N179UO71,_
S6328,S632
K2913,K291
J221,J22
J3202,J320
M8101,M8101
H6039,H603
S27,S279
S6044,_
O445,_
J0600,J060
J4482,J448
N1893,N189
P544,P544
Z01811A3,_
A180M490,_
Q071,_
O512,_
A8110,A811
N976,_
G611,G611
O481,O48
W8748,_
S2131,_
A5131,A513
Q418,Q418
D030,D030
W5589,_
O612,_
R0689,R068
N282,_
T2522,T252
G1417,G14
W2249,_
C3430,C343
81XA,_
O211Z3A,_
K4000,K400
W570,_
J0690,J069
820Z,_
R274,_
B46,B469
M7512,M751
M164,M164
M038,_
T215,T215
E020,E02
I6110,I611
M8340,M8340
Z964,Z964
D370NA,_
A1730,_
D80,D809
H2013,H201
M8917,M8917
4590,_
L908,L908
Y535,_
M1037,M1037
M2381,M2381
M1253,M1253
W4904,_
M6529,M6529
F432A,_
S7242,S724
S6480,S648
475,_
S2600,S2600
K9200,K920
L108,L108
J153,J153
O7030,O703
M7951,M7951
C5401,C540
P300,_
S572,_
I031,_
T081,T081
F309,F309
L039NA,_
S3651,S3651
A971XA,_
M7095,M7095
2XA,_
W1488,_
K141,K141
H504,H504
D1402,D140
K8005,K800
S7299,S729
K7030,K703
H5701,H570
J4891,_
J4509,J450
O573,_
W2203,_
K8045,K804
J3482,J348
M7730,M7730
Q998,Q998
O821UO71,_
J4892,_
R75,R75
O9850,O985
O619O1,_
V535,_
I235,I235
S4072,S407
H3750,_
H7001,H700
T1831,T183
E402,E40
J960UOI,_
Q73,_
M6030,_
M302,M302
H711,H71
A719,A719
M6522,M6522
Z02011,Z020
J704,J704
9120,_
164,_
W390,_
1119,_
C13,C139
Q073,_
R420,R42
J70,J709
O2687,O268
D268,_
I120UO71,_
C1760,_
V130,_
G9922,G992
9910,_
B774,_
N846,_
T8315,T831
O698Z,_
C534,_
K2289,K228
E7481,E748
N875,_
Y0441,_
S8235,S823
S3802,S380
M8080,M8080
M8097,M8097
M0606,M0606
I5091,I509
Z503,Z503
P3669,_
I184,_
W0144,_
K75,K759
O314,_
I1019,I10
X3499,_
5603,_
S177,_
E1425,E142
T743,T743
S012TYP8TYP9,_
H2153,H215
Z4800,Z480
H05,H059
Z0309,Z030
W1993,_
G049NO7,_
Y929,_
P74,P749
N3041,N304
S3103,S310
O359XX090,_
M8230,_
Z348Z9,_
W2492,_
I8221,I822
C3290,C329
D088,_
S4021,_
C189NA,_
S6351A,_
D2412,D24
I1213,_
G4010,G401
Z248,_
C20I,C20
J1392,J13
V439,_
M8384,M8384
M8856,_
M033,_
G96,G969
I811,I81
Q748,Q748
F800,F800
Z793,_
J450N8,_
Y199,_
G82,_
C0991,C099
C7701,C770
R189,R18
T8609,T860
A0971,A09
W889,_
X0873,_
Z028,Z028
I779NO3,_
V122,_
G905,_
O551,_
M7129,M7129
K680,_
S87,S879
W205,_
S6010,S601
N1371,N137
J453,_
R2243,R224
O412,_
Z5209,Z520
G4730,G473
M705NA,_
C349J,_
J651,J65
Z4689,Z468
Z8989,Z898
S9821,S982
251,_
V4908,_
S268,S268
W0804,_
L589,L589
V326,_
W0614,_
J1869,_
Z8969,Z896
A62,_
K7031,K703
V190,_
M6511,M6511
S0222,S022
L79,_
M072,M072
M2459,M2459
C4402,C440
M6002,M6002
S3105,S310
J3511,J351
O690Z,_
R5800,R58
184,_
T8301,T830
H9011,H901
H6982,H698
O3001,O300
B005,B005
S6682,S668
K5931,K593
B780,B780
R6098,R609
N936,_
K8011,K801
S74,S749
G4030,G403
A969,A969
E816,_
1998,_
V1939,_
Z0001,Z000
Q506,Q506
T805,T805
Z354O0,_
W0758,_
D05NA,_
5571,_
M9490,M9490
J2190,J219
N80C2,_
N19NO2,N19
Q5569,Q556
K2242,K224
H505,H505
P0513,P051
E708,E708
T2490,_
T3111,T311
M085,_
A1523,A152
D2711,D27
Z4682,Z468
T2113,T211
H623,H623
I419,_
N288Z4,_
M750NA,_
D3671,D367
O919,_
D2592,D259
W2899,_
S6324,S632
I2591,I259
P239PO71,_
U021,_
S3850,_
D3192,D319
O1011,O101
H9380,H938
S235,S235
L703,L703
X9938,_
W1939,_
H5799,H579
M1710,M171
E785NA,_
S2692,S269
M9362,_
N390A,_
I290,_
898,_
M0107,M0107
M7020,M7020
R442,R442
J643,J64
M2010,M201
R6868,_
Y141,_
C028,C028
L0801,L080
S8109,S810
T1403,T140
E1481,E148
K4041,K404
A1032,_
M4322,M4322
T463,T463
F071,F071
B211,B211
D719,D71
K5281,K528
W3299,_
V211,_
W2698,_
O364O8,_
N2812,N281
E090,_
M5950,_
M9824,_
S9601,S960
T8008,T800
Q10,_
Q869,_
D998,_
T1629,T16
Q704,Q704
A212,A212
N498NA,_
J9581,J958
I378,I378
O768,_
H461,H46
O6810,O681
9940,_
D1761,D176
C49A2,_
S4600,S460
V64,_
N185NO09,_
W4498,_
B9689,B968
W1299,_
N289NO,_
R0510,R05
H2009,H200
Q968,Q968
H721,H721
O6801,O680
H244,_
M6627,M6627
S8172,S817
E1352,E135
E1010,E101
J1859,_
S2020,S202
Z8674,Z867
S881,S881
J9491,J949
U170,_
A609,A609
O4702,O470
L0245,L024
R192,R192
X089,_
M9826,_
1639,_
T216,T216
G680,_
F834,F83
K2195,K219
439,_
O914,_
W5979,_
Q721,Q721
D829,D829
X046,_
K8064,_
Z801,Z801
Y0909,_
M8670,_
N879NONE,_
Z3370,Z33
L47,_
J987,_
V3364,_
M3595,M359
J95J9S,_
S9511,S951
V196,_
T024,T024
T7919,T791
I341NONE,_
U808,U808
E7150,_
U071C9,_
H68,_
Z142,_
W85,_
K1371,K1371
L6020,L602
D478,_
M354,M354
1234,_
C539M8000/3,_
E270,E270
S9999,S999
M796NA,_
E119E,_
S06A,_
C486,_
H2569,_
698,_
T752,T752
C151,C151
Z491SP,_
M867,_
S3242,S324
D111A,_
G572,G572
E802,E802
F53,F539
K733,_
M420,M420
S0149,S014
0624,_
L712,_
S041,S041
5390,_
D6440,D644
D6869,D686
Z275,_
N4980,N498
I469I6,_
N7581,N758
X03,_
K1400,K1400
K5091,K509
A4198,A419
G017,G01
H0502,H050
M725X,_
H6041,H604
Z3699,Z369
E709,E709
C900G,_
L0212,L021
A274,_
N939NO1,_
5829,_
T6002,T600
E075,_
F82,F82
T395,_
I639X,_
A0998,A099
Q2112,Q211
R2380,R238
L089NONE,_
M96,M969
H6282,H628
K0901,K0901
B8370,_
910,_
C882,C882
1830,_
H254,_
M9683,M968
T1415,T141
O780,_
S8581,S858
W3189,_
S357,S357
D4011,D401
I7430,I743
S867,S867
R432,R432
9051,_
E039G,_
M492,M492
O821Z3,_
S6661,S666
1802,_
M603,_
V5986,_
D558,D558
A88,_
L96,_
I5020,_
X090,_
O820Z1,_
E039NO9,_
P2499,P249
E922,_
M1732,M173
T2330,T233
Z88,Z889
5449,_
W013,_
M615,M615
N6031,N603
S9800,S980
L0229,L022
H338,_
W3452,_
V1299,_
S067,S067
Z3037,Z303
C472,C472
G25,G259
C5090\3,_
R142,R14
M4387,M4387
99360,_
J1899J91,_
308,_
N6023,N602
S5640,S564
E119NO3,_
I2782,I278
W028,_
N77,_
S6852,_
W838,_
R790,R790
Y872,_
T237,T237
N1832,N183
L245,L245
C5619,C56
Z30O,_
R6250,_
O649O,_
I1313,I131
H0401,H040
N201X,_
L0881,L088
M4889,M4889
J064,_
D7211,D721
N929,_
N6158,N61
T2521,T252
T8150,T8150
W1323,_
X23,_
R56O,_
D491,_
L8102,L810
F481,F481
E715,_
S5204,S520
W0704,_
X190,_
I498NO7,_
T949,_
S5770,_
L066,_
M4112,M4112
M7697,M7697
X1793,_
M601,M601
M9101,M910
102A,_
H6525,H652
P369PO34,_
G000,G000
R761,R761
W0172,_
Q633,Q633
N2025,N202
V95,_
E350,E350
W064,_
Y554,_
I500NO1,_
E1231,E123
L950,L950
P93,P93
Y405,_
A1789,A178
Z1635,_
563,_
D002,D002
L0206,L020
O4595,O459
G491,_
Z3708,Z370
H0102,H010
H3012,H301
H4811,H481
T1499,T149
Q5211,Q521
H2802,H280
N0803,N080
Y881,_
G4061,G406
T2533,T253
M8142,M8142
E1322,E132
S7992,S799
Z1380,Z138
G984,G98
5729,_
H0422,H042
Z790,_
M2011,M201
M0117,M0117
Z4880,Z488
Y843,_
N841NONE,_
R769,R769
B981,B981
B439,B439
Y649,_
J690_,_
D209,_
K8009,K800
T8573,T857
E189,_
R832,R832
N61NONE,N61
K037,K037
A289,A289
B659J173,_
T324,T324
Q274,Q274
W0701,_
W1492,_
G500NO9,_
J81X,J81
O410O,_
J3505,J350
Z289,Z289
O6280,O628
324,_
M2418,M2418
S2103,S210
M9280,M928
H4489,H448
K927,_
Y9283,_
J444,_
O0337,O033
X1109,_
L8591,L859
E045,_
8832,_
2824,_
O2442,O244
D2222,D222
M6228,M6228
K722,_
E790NONE,_
O0940,_
E439,E43
Q6992,Q699
S0602,S060
E143NA,_
M060,M060
S6159,_
P2399,P239
A1832,A183
Q281,Q281
G4421,G442
M4611,M461
S5659,S565
08,_
Q2821,Q282
J198,_
S266,_
T1402,T140
O382,_
K41,K419
M6210,M6210
G95,G959
N1395,N139
W1891,_
Q0301,Q030
M6649,M6649
E242N9,_
M951,M951
N095,_
M918,M918
T409,T409
M7255,M7255
O821OI49,_
S4332,S433
M7012,M701
I578,_
T8859,T885
S5082,S5082
V389,_
T0039,T003
S532,S532
M9661,M966
R0401,R040
Z323,_
S4232,S423
R79,R799
M8942,M8942
M7522,M752
M015,M015
N01,N019
A042,A042
I2142,I214
H299,_
A649,A64
T521,T521
M2585,M2585
V228,_
O800ZZ70,_
Z102,Z102
J960NO7,_
O3013,O301
I519NONE,_
L9881,L988
Y16,_
J214,_
F553,F553
O3744,_
5722,_
G4701,G470
E716,_
J968,_
O1403,O140
L442,L442
W1994,_
T307,T307
RFRHD1,_
O0210,O021
Q952,Q952
T2512,T251
H460,H46
K731,K731
O329Z9,_
N278,_
E876E,_
R3552,R35
N8999,N899
D294,D294
J0291,J029
H0523,H052
Z530,Z530
O8299,O829
C467,C467
S8102,S810
X2499,_
M8043,M8043
0325,_
T2010,T201
P794,_
Z2491,_
I1639,_
S5222,S522
D708,D70
H4025,H402
133,_
D2261,D226
N1186,N118
M9550,M955
O906,_
T1729,T172
R232,R232
S0674,S067
K6105,K610
D6939,D693
K0920,K0920
7370,_
C4462,C446
E311,E311
K959,_
M7906,M7906
V820,_
984,_
C5395,C539
W098,_
H2155,H215
X1601,_
F4323,F4323
K7292,K729
I5009,I500
S781,S781
S7712,S771
Q208,Q208
S080XXA,_
I43,_
C1893,C189
E560,E560
O705,_
U08,_
S2243,S224
S5257,S525
S6995,S699
K2671,K267
W9209,_
Q727,Q727
9983,_
C3813,C381
L921,L921
X5709,_
I697,_
S7114,S711
O4910,_
M8443,M8443
T8574,T857
I8080,I808
J3200,J320
N3592,N359
N309NONE,_
S8002,S800
O20,O209
H9221,H922
Y892,_
Z3012,Z301
0347,_
D1791,D179
H874,_
N189E,_
K244,_
N421NONE,_
Q321,Q321
J189UO71,_
W3072,_
S077,_
Q810,Q810
8656,_
S0039,S003
I6351,I635
W1098,_
Z254,_
Y109,_
S8370,S837
E76,E769
R1115,R11
S4239,S423
MC,_
M1306,M1306
N189D638,_
E1129,E112
Z513Z,_
J911,J91
G734,G734
Y0901,_
D6401,D640
E056,_
K7681,K768
C509T2N1M0,_
M619,M619
Q43,Q439
Z491H,_
E1629,E162
V09,_
L272,L272
N953,N953
I6331,I633
C419NA,_
Q333,Q333
N159NONE,_
W748,_
C833C9,_
K35NA,_
T66,T66
F729,F729
Y9881,_
C7911,C791
D381NONE,_
N8903,N890
N790,_
N07,N079
R5791A,_
H4040,H404
W1363,_
R541,R54
M9072,M9072
S4080,S4080
R00,_
M4180,M4180
Z3803,Z380
W202,_
W2703,_
X2399,_
K760MT009,_
S5322,S532
W225,_
M6638,M6638
M9473,_
S9509,S950
C8331,C833
K019,_
I1071,I10
P109,P109
K322,_
I502ILL9,_
N339,_
M2447,M2447
K2591,K259
A393,A393
X690,_
O0649,O064
O927,O927
H3604,H360
C7826,C782
S1892,S18
N1820,N182
J441NO1,_
E115M1A9,_
Z701,Z701
B119,_
N2115,N211
N3,_
T8020,T802
Z011B1,_
T2105,T210
K774,_
V2969,_
M325,_
X7811,_
E663,_
J560,_
T79A1,_
Z288,Z288
X120,_
I739NA,_
H904,H904
R119,R119
K143,K143
1892,_
E718,_
W5008,_
S5620,S562
E702,E702
S054X,_
S3112,S311
R259,_
E119LO22,_
5888,_
W564,_
M2629,_
N859NO1,_
V431,_
L7290,L729
V264,_
S071,S071
H3141,H314
S557,S557
020,_
F513,F513
L662NONE,_
O0921,_
B799,B79
E0935,_
S770,S770
M1610,M161
Q5315,Q531
M7757,M7757
689,_
1586,_
B969,_
1612,_
K824NONE,_
E33,_
M276,_
O3621,O362
A419E,_
K781,_
H1182,H118
Q675,Q675
Z3921,Z392
H5034,H503
R443,R443
X18,_
L2392,L239
T1312,T131
F841,F841
M5322,M5322
T981,T981
I129NI85,_
N1322,N132
R03,_
Y3362,_
Y540,_
G2570,_
M9557,M955
S0156,S015
V8889,_
K053NA,_
A099AO91,A09
A016,_
L721X,_
H3533,H353
S6070,S607
O72O,_
F812,F812
A142,_
H6030,H603
N753,_
J581,_
V11,_
D2239,D223
K2641,K264
W1789,_
O191,_
M649,_
T134,T134
Q715,Q715
R778,R778
J934,_
V078,_
P509,P509
X5199,_
M8042,M8042
0720,_
C7889,C788
M9827,_
S0214,S021
H2081,H208
M6080,M6080
P720,P720
W6431,_
J3221,J322
J3231,J323
A0991,A099
D297,D297
Z281,Z281
K014,_
O987,O987
Q840,Q840
580,_
D1641,D1641
A570,A57
A419R6,_
P2309,P230
8205,_
M2460,M2460
V434,_
O257,O25
E8,_
I298,_
B9562,B956
S0440,S044
V392,_
H014,_
M8806,M880
B302,B302
I663,I663
N148,_
A681,A681
648,_
X5912,_
L43,L439
X1899,_
S4611,S461
Y310,_
I249UO71,_
A09NO9,A09
T753,T753
A1821,A182
S4370,S437
W2228,_
J0392,J039
C7800,C780
L029NO8,_
P245,_
K766NO1,_
D1612,D161
1689,_
H6241,H624
E0781,E078
N2892,N289
S691,_
K054NA,_
Y9269,_
S0542,S054
M8689,M8689
W2978,_
M0085,M0085
Y511,_
O31,_
X92,_
X28,_
B679,B679
S0185,S018
W5541,_
M4899,M4899
Q52,Q529
Z3821,Z382
R40,R409
W86,_
H4005,H400
S1893,S18
97,_
S0623,S062
C5393,C539
0648,_
A301,A301
K2549,K254
D6852,D685
160,_
B330,B330
D2210,D221
A213,A213
M9513,M951
M6440,_
R677,_
C766,_
S6420,S642
B3731,B373
X5948,_
H5790,H579
E846,_
N289NO0,_
T832,T832
P0382,P038
T1811,T181
D521,D521
M1258,M1258
Z0141CC,_
S8800,S880
R403,_
H1801,H180
P077,_
S6266,S626
3B,_
H1001,H100
O1400,O140
D182,_
Z324,_
D2151,D215
T367,T367
O270,_
B2790,B279
U839,_
M303NONE,_
M8056,M8056
W2603,_
J640,J64
C8517,C851
H6222,H622
S2207,S220
E878I,_
J8493,J849
S6820,S682
H1873,H187
L3092,L309
Z567,Z567
Y732,_
S6500,S650
K769N,_
S378,S378
Z150,_
E141N0,_
D3761,D376
E112T,_
M926,M926
K2,_
X7809,_
X189,_
C7821,C782
S8104,S810
I185,_
A671,A671
J066,_
B871,B871
G462,G462
V882,_
Z5112,Z511
K564NONE,_
0988,_
832A,_
H6042,H604
M9658,M965
I521,I521
Y833,_
V83,_
K1480,K1480
W510,_
R010,R010
K4021,K402
G76,_
T2129,T212
S2411,S241
W1959,_
S6622,S662
X26,_
X3099,_
5018,_
A820,A820
S9045,_
I8729,I872
I7140,I714
M0081,M0081
M4699,M4699
F300,F300
J1573,J157
Z011F,_
T6591,T659
W1764,_
M2124,M2124
M289,_
M0646,M0646
G4599,G459
M9378,_
L849,L84
X5890,_
L2022,_
S3170,S317
O9902,O990
S240,S240
L815,L815
O3004,O300
S0900,S090
T8414,T841
S9590,S959
B04,B04
C698,C698
E7879,_
Q767,Q767
O702Z0,_
H1890,H189
S9124,S912
C561X,C56
O4600,O460
Z4702,Z470
S0920,S092
104A,_
V324,_
O8097,O809
H0440,H044
N3599,N359
I142,_
W16,_
D048,D048
P7000,P700
J9604,J960
S277,S277
D3502,D350
S5660,_
F902,_
Y0429,_
A099AQ99,A09
Y071,_
E71,_
P1320,P132
5030,_
A419O,_
H4710,H471
B044,B04
C7608,C760
D824,D824
K230,K230
M665,M665
S8401,S840
M2672,_
Y840,_
D5091,D509
J4690,J46
N6315,N63
E1461,E146
S7222,S722
S3160,_
J193,_
Q3691,Q369
E571,_
X6108,_
A58,A58
H859,_
W0308,_
C7641,C764
I261,_
703,_
Q22,Q229
M668,_
X2303,_
T784YY09,_
M654NA,_
M1903,M1903
I1191,I119
L0292,L029
A493,A493
F153,F153
XXX,_
D250M8890/0,_
N011,N011
E116LO89,_
H0221,H022
Z887,Z887
M6592,M6592
V0994,_
B470,B470
P830,P830
G821,G821
Q652,Q652
S189,S18
M9171,_
W2926,_
E094,_
M7284,M7284
J3880,_
C002,C002
H5780,H578
N289NO7,_
X6908,_
R448,R448
S5111,S511
I268,_
J491,_
A183K9,_
Z8543,Z854
Z40,Z409
W139,_
C5,_
I7090,I7090
U031,_
I148,_
G354,G35
M7106,M7106
S4609,S460
N8,_
B559,B559
W28,_
T5391A,_
T170XXA,_
T8454,T845
M7258,M7258
D199,D199
M7075,M7075
A85,_
X65,_
0983,_
K311NO0,_
H277,_
K2900,K290
599,_
S6840,S684
D859,_
M8095,M8095
S748,S748
T934,T934
R464,R464
S7089,S708
O6010,O601
744,_
D4411,D441
J9391,J939
W2303,_
Z2028,Z202
Y638,_
M1875,_
O4241,_
W1889,_
T654,T654
A0903,A090
M2153,M215
H5540,H55
M213,M213
I59,_
T2102,T210
8361,_
F160,F160
T323,T323
D076,D076
D112,_
I687,_
J0380,J038
S5254,S525
T188Y2,_
X1304,_
S8528,S852
I202,_
E852,E852
M2393,M2393
700,_
E6861,E68
J47NO9,J47
N178NO0,_
M167,M167
T141WW55,_
S758,S758
L600NA,_
D3611,D361
P84,_
D490,_
L510,L510
Z4191,Z419
M5116,M511
E115K1,_
M940NONE,_
D938,_
D1771,D177
W530,_
I8450,I845
O601O,_
S9711,S971
Q1381,Q138
D2500,D250
E1022,E102
S742,S742
C3492,C349
I119NO,_
N650,_
8202,_
M8360,_
Z1,_
M0586,M0586
C758,C758
M4326,M4326
E23,_
W1282,_
N7689,N768
T1350,T135
K610NONE,_
S4102,S410
E7850,E785
Q7091,Q709
N2019,N201
O8823,O882
H1103,H110
F107,F107
M7531,M753
D5250,_
P52,P529
T814X,_
H7091,H709
Q1812,Q181
O0090,O009
S552,S552
S6891,S689
J1889,J188
W2230,_
S7000,S700
F848,F848
M7222,M722
A0199,_
I6202,I620
J1602,J160
M4647,M4647
I91,_
S0207,S020
N6311,N63
F861,_
E8576,_
H2100,H210
W2221,_
O4298,O429
M8262,_
R649,R64
R93,_
Z9013,Z901
H0260,H026
189,_
Z61,Z619
L9890,L989
P2210,P221
H620,H620
W4582,_
M681,_
D6301,D630
O145,_
I519NO0,_
G940,G940
S2202,S220
N739NO9,_
L9089,L908
390,_
F099,F09
N402,N40
Y1904,_
S3180,S318
M2399,M2399
R076,_
W5998,_
M1899,M189
L0318,L031
I874,_
V2342,_
W2692,_
W578,_
K375,K37
M8320,M8320
S2770,S2770
A186,A186
K447,_
W3799,_
2K,_
H7293,H729
N6211,N62
H8193,H819
I146,_
B826,_
C631,C631
A450,_
T61,T619
N413NO8,_
Z239,_
H0252,H025
H6695,H669
N484,N484
X0904,_
I6095,I609
395,_
D560NONE,_
Z1281,Z128
I773,I773
M8822,_
K291NA,_
I1892,_
O39,_
D805,D805
B99N1,B99
O402,O40
M9698,M969
S9215,S921
0341,_
I668X,_
F4310,F431
T174,T174
M3191,M319
M9005,M9005
E2365,E236
029,_
V2019,_
W2342,_
U09,_
075,_
O796,_
D3610,D361
O4708,O470
M7956,M7956
J441NA,_
S5991,S599
B40,B409
E768,E768
0610,_
V0499,_
R200,R200
J932,_
O4201,O420
N904,N904
0419,_
E06,E069
T560,T560
M9380,M9380
V5319,_
R875,R875
X998,_
M4716,M4716
X1189,_
G71,G719
R011,R011
W8602,_
X6888,_
I8320,I832
Z6490,_
20A,_
J988ST018,_
W8752,_
349,_
D448,D448
M8334,M8334
W065,_
O149O0,_
K610NA,_
I2590,I259
V2988,_
M2421,M2421
I101E5,I10
K67,_
3200,_
Z3409,Z340
M195,_
M723,M723
E790N,_
M0704,M0704
S940,S940
S5920,_
847,_
R622,_
H8119,H811
0680,_
G2550,G255
O1404,O140
I679NONE,_
S8519,S851
V0118,_
K220NONE,_
L90,L909
N295,_
T8143,T814
M2669,_
J098,J09
I251NO,_
R5715,R571
849,_
V286,_
H135,_
S5641,S564
O2414,O241
J9590,J959
C567,C56
M4700,M4700
J9612,J961
D6381,D638
K759NONE,_
S249,_
G5622,G562
S9040,_
C189M8,_
W2362,_
N8070,N807
H3365,_
T422,T422
L0215,L021
D505,_
K084,_
H2709,H270
O6001,O600
K438,_
K1899,_
Z4659,Z465
E0822,_
5096,_
M020,M020
Y0004,_
M466,_
K399,_
S9585,S958
320,_
P3617,P361
J868,_
K219NONE,_
E750,E750
V1200,_
F551,F551
O809UO71,_
P0717,P071
K4301,K430
O4270,_
D1622,D162
H2970,_
Z4991,_
K0500,K0500
I48IMPO1,I48
E8708,E870
K821NO6,_
I5083,_
F719,F719
Z3097,Z309
X1909,_
H2644,H264
P511,_
J80UO71,J80
W2509,_
D987,_
N168,N168
R760,R760
Y658,_
M5457,M5457
A82,A829
I6355,I635
M9006,M9006
N10UO71,N10
M4399,M4399
N7501,N750
L0242,L024
X6808,_
V21,_
I7110,I711
S0092,S009
M4327,M4327
K800NA,_
D259NO2,_
H266,_
W3409,_
W1392,_
1473,_
W9899,_
W341,_
K5900,K590
K008,K008
R937,R937
K530,_
O990OO34,_
J3921,J392
F133,F133
I1009,I10
G976,_
W1992,_
S85,S859
Y830,_
V373,_
T46,T469
N840NO7,_
X93,_
17,_
S949,S949
S6264,S626
K4490,K449
W531,_
C835NONE,_
R194,R194
Y189,_
S0172,S017
M718,M718
010,_
D2195,D219
823,_
212A,_
B490,B49
K335,_
H3589,H358
W322,_
S3071,S307
T0091,T009
S0053,S005
182AW19XXXA,_
D0692,D069
S6350,S635
S0225,S022
H3514,H351
S6700,S670
M6505,M6505
E878NO9,_
I109UO71,I10
C05,C059
U074,_
T4791,T479
I8492,I849
D084,_
W1720,_
W2282,_
W2262,_
O793,_
C5000,C500
W3449,_
W0178,_
E142Z4,_
Z401,_
W204,_
J,_
E8612,E86
A102,_
S6188,S618
I377,_
R150,R15
G9358,G935
480,_
H3361,_
W1902,_
M5328,M5328
S725,_
D340,D34
0890,_
P249PO34,_
M5720,_
X9989,_
J9420,J942
Q131,Q131
5845,_
B9621,B962
1509,_
W7609,_
M752NA,_
S6780,S678
V0319,_
S8108,S810
S4340,S434
C509E,_
H6182,H618
S065X0,_
H3573,H357
H4053,H405
J0260,_
Y342,_
K628NONE,_
N3644,_
X5090,_
L16,_
D76,_
N3501,N350
N3094,N309
I6350,I635
K829NONE,_
S9070,S907
A1881,A188
Y432,_
S4070,S407
S8070,S807
K527,_
G20UO71,G20
H9591,H959
C629M9061/3,_
D821,D821
J119,_
I1112,_
O2431,O243
M45A6,M45
Y2499,_
H4820,_
N083EJ90,_
B320,_
L430,L430
W255,_
5624,_
O2444,O244
W1844,_
Z868,_
L560,L560
C5396,C539
S8810,S881
9073,_
T8559,T855
Z9689,Z968
W35,_
L0222,L022
K5600,K560
V3254,_
S3104,S310
S3523,S352
Z89,Z899
O859,O85
P35,P359
591,_
M8986,M8986
H2525,H252
I119IR42,_
Z970,Z970
I1298,I129
W37,_
M7959,M7959
Z2089,Z208
5180,_
O9989,O998
S9691,S969
O110,O11
L026C,_
R850,R850
M152,M152
K2995,K299
A501,A501
P02,P029
X1004,_
J988NONE,_
E1058,E105
Z011E1,_
G57,G579
I101LO39,I10
S0,_
N189UO71,_
890,_
S8229,S822
C7640,C764
H288,H288
T879,_
I48NONE,I48
H2703,H270
5781,_
R96,_
S399XA,_
J459UO71,_
S810TYPEA,_
3640,_
2283,_
X6104,_
S4330,S433
Q543,Q543
O6481,O648
221,_
A0609,A060
M1393,M1393
M1318,M1318
M0019,M0019
B250J171,_
E376,_
H4264,_
A692,A692
V892XXA,_
J1738,J173
N230,N23
X278,_
W6599,_
T2123,T212
J289,_
M2200,M220
N905,N905
A162D1,_
O758O9,_
C024,C024
8065,_
Z133,Z133
H6603,H660
E60,E60
J0411,J041
9608,_
Y0409,_
N4185,N418
L8141,L814
K6210,K621
W174,_
O484,O48
N4756,N47
40,_
J705,_
C5700,C570
S4345,S434
837,_
S46,S469
X8699,_
M2446,M2446
N4830,N483
C7985,C798
I8891,I889
S79,S799
E8761,E876
Z4921,Z492
H116,_
R568X,_
W1881,_
V2898,_
J418,J418
P5510,P551
A970JO69,_
A660,A660
F639,F639
N67,_
J0180,J018
T0081,T008
Q272,Q272
G4489,G448
X585,_
S246,S246
N0301,N030
S648,S648
M6020,M6020
D009,_
M1046,M1046
K8065,_
7141,_
S059S,_
O1340,O13
L26NO8,L26
G9314,G931
Q028,Q02
M726UO71,_
E0952,_
D316NONE,_
S6302,S6302
W1723,_
M875,_
Z4823,_
H2790,H279
E151,E15
M7669,M7669
C61C,C61
V8992,_
G4081,G408
D2519,D251
V926,_
X3901,_
12356,_
Z01722,Z017
T305,T305
K803NO1,_
5523,_
649,_
K662,_
F958,F958
R1010,R101
5210,_
A1707,A170
S6721,_
H6023,H602
D2361,D236
H761,_
I181,_
Q4323,Q432
0993,_
M6750,_
S492,_
D203,_
D288,_
K219Z3,_
A20,A209
M4906,M4906
D057,D057
5961,_
Y9369,_
N942,N942
R5902,R590
S578,S578
Q299,_
O04,O049
I6150,I615
R733,_
K383,K383
D509NA,_
S418TYPEA,_
J818,J81
T91,T919
Z4780,Z478
W440,_
R82,R829
D3501,D350
T2222,T222
F48,F489
K4130,K413
N1809,N180
T1781,T178
A4189,A418
C4930,C493
Q395,Q395
0901,_
M7601,M760
J690NONE,_
K33,_
T1181,T118
I219NO39,_
M470DAGGER,_
S5070,S507
S5226,S522
H1991,_
T059,T059
C312,C312
O7175,O717
232A,_
T47,T479
994,_
C2490,C249
T759,_
E112_N083,_
K2282,K228
Z0172,Z017
756,_
I2481,I248
E116I9,_
M5339,M533
S2120,S212
Q842,Q842
M230,M230
S8253,S825
1644,_
A167JO68,_
Y0908,_
S848,S848
Q830,Q830
H2800,H280
D391D6,_
H66,H669
L829,L82
V2149,_
A166,_
N818NONE,_
T0161,T016
K7201,K720
O3643,O364
42,_
N390E861,_
Q820,Q820
T364,T364
Z01812C1,_
XXXX,_
S687,_
V799,_
818,_
K4321,_
B419,B419
D186,_
N461,N46
O707,_
M8881,M8881
E1330,E133
I608UO71,_
E1227,E122
C344,_
I52,_
K8029,K802
H3536,H353
R904,_
H6012,H601
H3550,H355
5370,_
H4702,H470
O779O,_
W142,_
X45,_
W4473,_
T13,T139
N947,_
I1162,_
T249,_
S653,S653
T710,T71
5061,_
V1209,_
O998O,_
T3002,T300
Q1821,Q182
O086,O086
P389,P38
R089,_
W12,_
W1344,_
I8302,I830
I618NO9,_
G3281,G328
P745,P745
I579,_
V2009,_
Z202,Z202
N884,N884
L981,L981
L0332,L033
K366,K36
X810,_
O341O,_
E8341,E834
2C,_
I2583,I258
O2405,O240
O4292,O429
L06,_
J0191,J019
I497,_
I735,_
Y319,_
M1126,M1126
K4025,K402
R479,_
W1401,_
Q1811,Q181
S3671,S3671
I129V,_
R279,_
L7291,L729
L305,L305
I498NO1,_
M7154,M7154
C1891,C189
M4908,M4908
M478NONE,_
K802X,_
K801NONE,_
V060,_
Y23,_
C916,C916
K023,K023
I340NA,_
Y529,_
D3702,D370
Z9350,Z935
Z757,_
I65,I659
B329,_
H2630,H263
M4616,M461
I774,I774
G310F020,_
X5809,_
O689O,_
K6521,_
I006,I00
W0809,_
J9211,_
M531,M531
1510,_
M7619,M7619
036,_
R179,R179
M8902,M8902
K025,_
H2191,H219
M6206,M6206
T2124,T212
L070,_
O6190,O619
A629,_
M7605,M7605
F482,_
B759,B75
Q050,Q050
L95,L959
M9451,_
M1120,M1120
T79A0,_
G891,_
M6518,M6518
S4130,_
C5369,_
K162,_
K0290,K029
J690J,_
H3771,_
J123,J123
G043,G043
S6881,S688
S6619,S661
W1362,_
M8324,M8324
G4005,G400
G060Q1,_
441,_
S305,_
I5023,_
M2445,M2445
R681,R681
I173,_
I4820,I48
S0129,S012
M6134,M6134
S0205,S020
N8329,N832
G5520,G552
J3825,J382
7A,_
N1831,N183
V2714,_
I129NO3,_
R480,R480
R640,R64
S0689,S068
1650,_
N71,N719
Q613Z,_
C0390,C039
J2591,_
K047KO40,_
S8720,_
O279,_
I355,_
H303,_
R5680,R568
I240N,_
S3939,_
Z4649,Z464
I1,_
O763,_
B698,B698
I2691,I269
Y95L5,_
K567N,_
J189RO90,_
L89NA,L89
F020,F020
O8213,O821
S3023,S302
G457,_
M6223,M6223
O4860,O48
Z390Z2,_
L7622,_
K1020,K1020
R641,R64
N185H,_
P069,_
M6982,_
Y0444,_
O6600,O660
W0938,_
W1058,_
Z9591,Z959
K0921,K0921
F920,F920
H336,_
G8381,G838
S515,_
Q328,_
H4731,H473
M9892,_
W5522,_
O774,_
I1390,I139
Y249,_
I618X,_
Y609,_
D450,D45
E990,_
C7932,C793
K9186,K918
T506,T506
W939,_
Y49,_
S6812,S681
831,_
E788A,_
L13,L139
K0820,K082
H0505,H050
A23,A239
H360H3,_
L83,L83
C955,_
T401,T401
Y8599,_
6010,_
I2492,I249
D781,_
Q979,Q979
S2771,S2771
S926,_
297,_
H7020,H702
H9192,H919
H878,_
K5291,K529
A471,_
M8154,M8154
922,_
Z491Q,_
W1820,_
E2681,E268
J449NO0,_
M482,M482
W861,_
M1814,M181
R968,_
L509NO9,_
R626,_
M9840,_
K8309,K830
C391,_
E8331,E833
F186,F186
H5000,H500
192,_
T2101,T210
O3401,O340
H130,H130
H0204,H020
I064,_
L924,_
K6519,_
C509X,_
O96,O96
E1437,E143
E461,E46
H5442,H544
J141,J14
S3120,S312
M1700,M170
K122N6,_
W196,_
W6989,_
S7202,S720
X049,_
C9500,C950
W5081,_
O324O,_
F1009,F100
R012,R012
M4135,M4135
W2024,_
O7320,_
H750,H750
X1108,_
D760NONE,_
W2482,_
M8595,M8595
Z116,Z116
R159,R15
C4460,C446
M816,M816
Q7230,Q7230
E878NO4,_
J9603,J960
V3304,_
M02,M029
H1132,H113
M05,M059
E0964,_
I873NA,_
I141,_
V5369,_
H728,H728
M896,M896
O180,_
X5808,_
S3900,S390
F843,F843
833,_
S617X,_
C270,_
Z0162,Z016
S7245,S724
Q7010,Q701
Q7030,Q703
Q879,_
T882,T882
M2408,M2408
H6130,H613
C7180,C718
H9211,H921
R047,_
W1329,_
O613,_
L7322,L732
K5520,K552
H380,_
C7651,C765
W307,_
S048,S048
M9714,_
O7215,O721
I1499,_
Z018143,Z018
669842,_
H502,H502
I204,_
T980,T980
Z1111,Z111
E635,_
M762,M762
T87,_
8834,_
K2102,K210
O0600,O060
S958,S958
D622,D62
Z1814,_
J447,_
Y519,_
Y547,_
M5186,M518
S8610,S861
X19XXXA,_
W2031,_
S618TYPEA,_
L743,L743
O8220,O822
O2544,O25
O3295,O329
V8927,_
R895,R895
J314,_
R5912,R591
565,_
S3992,S399
H2505,H250
C795M,_
L260,L26
H2080,H208
M7708,M770
W279,_
S3220,S3220
X126,_
E320,E320
M2121,M2121
S5610,S561
M109M1A9XX1,_
M039,_
H5231,H523
W000,_
S9701,S970
H4099,H409
V2148,_
S6323,S632
V269,_
9409,_
S3731,S3731
Y0399,_
W4962,_
M2660,_
0688,_
L429,L42
N40UO71,N40
Y407,_
D257,D257
W3001,_
O9903,O990
C5950,_
I995,I99
A4,_
1859,_
A729,_
S4242,S424
V5014,_
T0092,T009
NOICD,_
A1505,A150
D500SCT79,_
C9663,C966
W94,_
O8999,O899
N441,N44
W2462,_
E861HOO0,E86
R0489,R048
W1972,_
E142N0III9,_
S3410,S341
V681,_
Z3750,Z375
Y0799,_
V430,_
O170,_
L9580,L958
P949,P949
N2880,N288
K923,_
T2411,T241
F1099,F109
M4398,M4398
C841,C841
X955,_
W3182,_
R906,_
S0561,S056
H283,_
Z241,Z241
Y0001,_
J1700,J170
T8762,T876
D475,D475
M4012,M4012
B4,_
T688,T68
08O,_
J5200,_
P304,_
W1734,_
M9884,_
O747,O747
A402,A402
M8261,_
I10I,I10
C0891,C089
R9110,R91
N1302,N130
V5858,_
B852,B852
K802NA,_
S8255,S825
5730,_
I109NO4,I10
K396,_
K931,K931
T797X,_
V241,_
O7811,_
W1773,_
M8076,_
H0110,H011
E389,_
Z9111,Z911
I92,_
5862,_
I1619,_
V746,_
Z9842,_
T9330,T933
D740,D740
E747,_
Z067,_
S5401,S540
M948NONE,_
J431,J431
H2526,H252
H7442,H744
J6900,J690
Z367,_
M8916,M8916
M9630,M963
E116RO2,_
T0101,T010
M1695,M169
W2229,_
I182,_
D190,D190
G5680,G568
K303,K30
A0221,A022
Z796,_
L448,L448
T196,_
Q3811,Q381
Q6690,Q669
C2730,_
H4550,_
I101II19,I10
L733,_
S6550,S655
Q5321,Q532
X1762,_
Q05,Q059
Z962,Z962
M8028,M8028
S022XXB,_
N138N,_
Y8351,_
Q451,Q451
T864,T864
O2040,_
M0026,M0026
N7012,N701
E382,_
D0572,D057
G702,G702
H3120,H312
M8247,_
J3382,J338
K862NO1,_
D500II84,_
1721,_
E491,_
D2705,D27
S1981,S198
V232,_
S8185,S818
1AW54,_
Z366,_
N272,_
V1814,_
I951NONE,_
D4,_
Z3925,Z392
T8309,T830
S3022,S302
W8762,_
Z3562,Z356
T8022,T802
M4902,M4902
E809,_
M1321,_
M6527,M6527
K9403,_
C325,_
D646,_
N390SOFTTISSUEMASSRIGHTANKLE,_
T8570,T857
E0495,E049
A280,A280
S8981,S898
Z756,_
K5606,K560
I143,_
R76,R769
I2480,I248
P239P,_
W2600,_
S0589,S058
S7611,S761
M5030,M503
M7961,M7961
Z227,_
V2823,_
F029,_
O0211,O021
X5994,_
P064,_
J904,J90
R860,R860
P39,P399
A714,_
I6385,I638
V8924,_
S9153,_
W227,_
O3240,O324
L0337,L033
662,_
Z1893,_
D6938,D693
Z9001,Z900
S584,_
E1355,E135
O0599,O059
C3,_
Z092,Z092
Z3862,Z386
A6631,A663
H1582,H158
I7101,I710
N581,_
L8981,L89
240,_
V2314,_
S3621,S3621
K790,_
D1730,D173
E0840,_
E024,E02
H549,H549
S911X,_
C5411,C541
P126,_
E112E112N0,_
P834,P834
O8029,_
U81,_
G4080,G408
A980,A980
M8780,M8780
9034,_
H7491,H749
M2331,M2331
S158,S158
J896,_
B861,B86
V922,_
X669,_
K80NONE,_
V3394,_
D6859,D685
A700,A70
A702,A70
H3608,H360
I812,I81
362,_
S6039,_
P5990,P599
901A,_
W2309,_
W02,_
V1298,_
T0650,T065
S368S0,_
L8999,L899
I6161,I616
O720O,_
I129NH18,_
L8901,L890
M1701,M170
W1772,_
W2074,_
Y435,_
H138,H138
C19TI,C19
S6410,S641
210,_
S813,_
N888NO1,_
O00Z3,_
C463,C463
J3415,J341
225,_
E057,_
P638,_
A145,_
5029,_
J358RO65,_
W175,_
L10,L109
P0250,P025
S514,_
Y0449,_
V8899,_
M7794,M7794
O519,_
H742,H742
O992Z3,_
X950,_
J020NONE,_
S3140,S314
P901,P90
R5092,R509
K249,_
B904,_
O2390,O239
M803,M803
O064Z3,_
I48X,I48
R1902,R190
M5312,M5312
Z02054,Z020
L128,L128
E240,E240
T282,T282
K3170,K317
H382,_
E11XA,_
N085K,_
P121,P121
S817X,_
T880,T880
W246,_
O244Z9,_
5655,_
D1050,D105
E443,_
W1824,_
H6010,H601
N1039,N10
Q1032,Q103
H061,H061
O3663,O366
V598,_
Z195,_
W5119,_
D3331,D333
O1692,O16
V6816,_
N6501,_
Z1156,Z115
D753,_
G0601,G060
W1028,_
M8964,M8964
A890,A89
W949,_
Y069,_
K2270,K227
Q804,Q804
Z863,Z863
T741,T741
O8O,_
Y575,_
B94,B949
L506,L506
T040,T040
T1581,T158
3112,_
I598,_
R688C,_
N390UO7,_
N2I8,_
K1121,K112
5830,_
V104,_
K7151,K715
W5108,_
C9502,C950
5665,_
K93,_
S8213,S821
S7292,S729
M8572,_
J3839,J383
M8804,M880
Y9367,_
Y7622,_
C066,_
O4693,O469
V2202,_
I8415,I841
Z7689,Z768
Q1801,Q180
A1781,A178
L0252,_
H1501,H150
L0232,L023
T3027,T302
P0713,P071
B979,_
A378J170,_
J088,_
B343,B343
I9600,_
R0200,R02
M4599,M459
C920NA,_
G6299,G629
J1449,J14
1714,_
X780,_
Z4112,Z411
N338,N338
L690,_
D6997,D699
C4996,C499
N8582,N858
W89,_
M7125,M712
K183,_
I2482,I248
I0891,I089
D1715,D171
542,_
B205,B205
A378,A378
T7411,T741
M0850,_
L944,L944
I216,_
N778,N778
J2892,_
V803,_
G313,_
R438,R438
1P,_
G5630,G563
M542N9,_
O209Z3,_
H451,H451
M7792,M7792
K805NA,_
P563,_
T2502,T250
K8295,K829
S3709,S370
O9001,O900
O776,_
A79,A799
K577,_
Y0401,_
H961,_
J855,_
J9841,J984
P0328,P032
R401,R401
M4618,M4618
W1744,_
J815,J81
S414,_
J9810,J981
Y534,_
W2472,_
V2319,_
K825,_
M2119,M2119
B266,_
P125,_
V8928,_
D755,_
D5009,D500
M1350,_
O826,_
S4172,S417
K82A,_
A971JO38,_
Z336,Z33
Z101,Z101
T2212,T221
T2413,T241
M010,M010
Z521,Z521
5667,_
E380,_
P571,_
A282,A282
I509NO7,_
B683,_
I498NO9,_
F488NONE,_
R5381,R53
J388,_
E1424,E142
K3199,K319
F5221,F522
P259,_
L89NO02,L89
S581,S581
W9799,_
J4990,_
E0399,E039
Q6991,Q699
Z8771,Z877
Q710,Q710
Q714,Q714
5940,_
M1317,M1317
R172,R17
5492,_
V2891,_
C0202,C020
O541,_
E1192A,_
Z0100,Z010
1872,_
N763,N763
Z114,Z114
M7902,M7902
K566NA,_
K6819,_
E630,E630
J301NONE,_
B730,B73
X6009,_
D259NONE,_
J3102,J310
M8411,M8411
S5172,S517
L63,L639
A419II29,_
H3538,H353
S3721,S3721
H0212,H021
I841X,_
M7097,M7097
E1149,E114
M8541,M8541
O6409,O640
I248HYPOX93,_
M0291,M0291
D2220,D222
H0286,H028
W2652,_
J8003,J80
S8228,S822
E887,_
V2042,_
H281,H281
H696,_
S3902,S390
302,_
566,_
C694,C694
M8709,M8709
\,_
T3939,T393
M1095A,_
S9080,S9080
H3519,H351
D5912,D591
8620,_
M8951,M8951
E876LO39,_
D762,D762
X5820,_
Q109,_
500,_
C509NO7,_
N185T9,_
H4319,H431
M8684,M8684
Z5101,Z510
07,_
M2140,M2140
R311,R31
D6831,D683
T2501,T250
P149,P149
S619TYPEA,_
E3451,E345
V4254,_
F04,F04
E893,E893
M4885,M4885
G9355,G935
I401,I401
O94,O94
P510,P510
P542,P542
I6380,I638
G809NO8,_
R589,R58
T51,T519
V3269,_
B1899,B189
M2584,M2584
E90I1,E90
L870,L870
M4930,M4930
O8202,O820
W2752,_
B859,_
Y69,_
O964,O96
A760,_
H4799,_
N455,_
K64O,_
S8391,_
L664,L664
J305,_
L2091,L209
M1312,M1312
I509NO,_
W2298,_
I569,_
X8048,_
V584,_
S2041,S204
S052X,_
K968,_
J3322,_
H4590,_
D311,D311
D2756,D27
H0520,H052
T76,_
N946NONE,_
P599PO25,_
L9732,L97
P2912,P291
221A,_
T54,T549
W280,_
D2792,D27
N85O,_
C637,C637
T495,T495
Y565,_
D256,_
S7254,_
E861Z3A0,E86
M458,M458
H474,H474
D4301,D430
V4849,_
D157,D157
S375,S375
D638I1,_
B528,B528
J4492,J449
N98,N989
H3508,H350
J1100,J110
D649OOOO,_
J8191,J81
T485,T485
F781,F781
O809Z370,_
P399Z,_
R110,R110
K8315,K831
M0680,M0680
K40PL2,_
605,_
5837,_
C6951,C695
W77,_
R89,R899
J212,_
5252XA,_
W781,_
R800,R80
Z041,Z041
C46,C469
E877Z,_
760,_
V2802,_
I119UO71,_
N8360,N836
R627,_
O7570,O757
W2082,_
P578,P578
H0551,H055
131,_
M2130,M2130
D1630,D163
V4099,_
M2557,M2557
M68,_
W2008,_
M9251,M925
O4440,_
E1156,E115
C9209,C920
O731OO34,_
K06,K069
A568,A568
Z0177,Z017
K6501,K6501
M8124,M8124
E1444,E144
E142NO84,_
Y955,_
W0122,_
T6090,T609
C4372,C437
I115,_
8203,_
J1599,J159
H871,_
V2348,_
V581,_
T0062,T006
O3005,O300
J3041,J304
W7994,_
J192,_
M1100,M1100
E409,E40
Z658,Z658
W0811,_
O92,_
L720NONE,_
O129,_
H3281,H328
J47K7,J47
H4221,_
5480,_
L650,L650
N0830,N083
R678,_
G712,G712
K567NONE,_
214A,_
H1941,_
V2744,_
M6258,M6258
K2190,K219
D840,D840
K3181,K318
N1585,N158
Z824,Z824
O8760,_
N185XXX,_
117,_
K138,_
K1180,K1180
Z283,_
Z7989,_
K831NO7,_
N180NONE,_
T2422,T242
C861,C861
Y653,_
K291NO0,_
W2102,_
R578ST794,_
Z0111,Z011
O0394,O039
M7660,M7660
E7400,E740
I429NONE,_
T017,_
A835,A835
A506,A506
D4401,D440
L0899,L089
O339Z,_
F3222,F322
I3539,_
K750NONE,_
Z8442,_
T0121,T012
X1504,_
519,_
W1573,_
M8877,_
S3291,_
H1823,H182
A3,_
F446,F446
M2160,M2160
R0580,R05
D322,_
M3594,M359
N3010,N301
I98,_
C4901,C490
X5902,_
O9921,O992
W0988,_
W0931,_
509,_
W1879,_
D2700,D27
2012,_
J1559,J155
U822,_
O9843,O984
T9129,T912
F982,F982
N185D638,_
Y281,_
D6,_
W93,_
V144,_
R7989,R798
D984,_
G257E,_
I1098,I10
L419,L419
J449UO71,_
P76,P769
Q384,Q384
A419LO24,_
P9686,P968
O304,_
T184,T184
I230,I230
T077,T07
M3291,M329
S1192,S119
U88,U88
I21A1,_
O3433,O343
N800NONE,_
R567,_
W503,_
N7500,N750
M7615,M7615
T954,T954
B5802,B580
Q87,_
0649,_
G493,_
O047,O047
N997,_
H6021,H602
1781,_
O2673,O267
H0460,H046
S4439,S443
D259OK36,_
H2585,H258
145,_
5099,_
O6301,O630
D814,D814
J0510,J051
O727,_
J322NO,_
R046,_
X479,_
I109NO39,I10
P363P8,_
R202,R202
G4099,G409
E334,_
I6911,I691
I109E,I10
L24B1,_
M6885,M6885
C786NONE,_
L789,_
Z1624,_
H510,H510
D1035,D1035
272,_
G0399,G039
S0625,S062
G5691,G569
S1171,S117
S1221,S1221
Z3815,Z381
H4480,H448
A495,_
G20X,G20
M1912,M1912
C541M8441/3,_
M717,_
K5283,K528
M9312,M931
J660,J660
O829OZ44,_
H1500,H150
N415,_
300,_
S679,_
W4408,_
B654,_
I190,_
C1590,C159
R5780,R578
D1832,_
I499III9,_
1778,_
D2795,D27
B876,_
E55,E559
1491,_
R41,_
K074,K074
R5991,R599
I2514,I251
W1922,_
L925,_
N6511,_
P772,P77
N364,_
960,_
Z869,_
K659NONE,_
S0980,S098
J0140,J014
X1054,_
D636,_
746,_
Z9109,Z910
K639NONE,_
0152,_
Z0385,Z038
M8701,M8701
M979,_
Z630,Z630
E1101,E110
C489,_
I560,_
M8613,M8613
W6089,_
C45,C459
H15,H159
H3121,H312
K922UO71,_
H4490,H449
T90,T909
T617,_
J918NONE,J91
Y13,_
A261,_
C125,C12
L7682,_
R922,R92
J189NONE,_
K30NO7,K30
N189NO8,_
I2458,_
L023NA,_
K768NA,_
R785,R785
Q5301,Q530
A299,_
P81,P819
P309,_
4785,_
125,_
O991OO64,_
Z01752,Z017
I5001,I500
E119I,_
Q450,Q450
L3090,L309
C4401,C440
Q982,Q982
D1001,D1001
S304,_
S4992,S499
E8830,E883
W0898,_
Z3922,Z392
T701,T701
G718,G718
G145,G14
Q588,_
N039Z,_
D27NO1,D27
O990OO83,_
Z3890,_
F811,F811
M088,M088
M9733,_
T9411,T941
T2332,T233
T2531,T253
M0229,M0229
C219,_
P0507,P050
M2402,M2402
R214,R21
Z188,_
M2458,M2458
1414,_
M016,M016
S9082,S9082
J9500,J950
M9009,M9009
E0800,_
M7028,M702
N654,_
G419NO7,_
O996Z3,_
C779NONE,_
N4404,N44
O490,_
G894,_
C509M,_
H420,H420
D782,_
I769,_
A1620,A162
Y938,_
E0790,E079
O425,_
N39UO71,_
S2081,S208
O9841,O984
Y772,_
S4081,S4081
J0101,J010
I5082,_
G35IO59,G35
Q5562,Q556
Z392N,_
O66,O669
P920,P920
5893,_
V646,_
L0335,L033
C462,C462
O069X,_
Y3480,_
W1428,_
I8321,I832
M1799,M179
M,_
X6819,_
90374,_
M4720,M4720
W923,_
W058,_
W1262,_
L8140,L814
S6817,S681
M3499,M349
O8039,_
D1041,D104
K8043,K804
M0289,M0289
L9181,L918
T530,T530
M9405,M940
E176,_
X1749,_
D1725,D172
884,_
O617,_
N289NO39,_
E519,E519
S3292,_
D2401,D24
R610,R610
T8151,T815
S252,S252
I1209,I120
H2593,H259
C5601,C56
S5921,_
B9229,B92
I576,_
M0083,M0083
S988,_
G062NONE,_
D3851,D385
K645Z3,_
E155,E15
J969K8,_
Y443,_
P7116,P711
R3916,R391
F64,F649
U898,U898
R209,_
O829O9,_
L909,L909
W3899,_
H04,H049
C795NONE,_
F3340,F334
M8702,M8702
Q185,Q185
D737,_
631,_
H3280,H328
S5231B,_
830,_
Q021,Q02
008,_
K838NO1,_
M9686,M968
H7222,H722
K5710,K571
M410,M410
Z812,Z812
O27,_
S069X,_
W1699,_
Q6152,Q615
J827,J82
S9851,_
T802UO71,_
M9174,_
O963,O96
E876JO69,_
E8760,E876
Z02034,Z020
NSD0,_
N021,N021
A010AO69,_
S3781,S3781
M202,M202
Q1700,Q170
G580,G580
2491,_
U0809,_
H678,H678
J3592,J359
I319NONE,_
M2542,M2542
P0506,P050
R781,R781
D70NONE,D70
D191,D191
O5600,_
T096,T096
H6600,H660
B319,_
S517X,_
S3171,S317
M2195,M2195
L031LO31,_
L565,_
R069,_
Y847,_
V4348,_
W0919,_
M135,_
E390,_
1463,_
C8500,C850
M7096,M7096
T2910,T291
0035,_
S6343,S634
I101K2,I10
211,_
O2440,O2440
O154,_
W0131,_
I2571,_
J218,J218
5141,_
W348,_
K1300,K1300
J3810,J381
Z965,Z965
725A,_
T2000,T200
Z302O,_
720,_
J801,J80
Z005,Z005
T288,T288
S8025,_
Z422,Z422
V1859,_
C214,_
A0689,A068
O244O,_
P01,P019
G659,_
K7291,K729
L811,L811
M9364,_
S18,S18
J969NO1,_
0348,_
M8322,M8322
Q723,Q723
Q6100,Q610
M7060,M7060
H82,H82
C89,_
Q74,Q749
G511,G511
669872,_
M7204,M7204
Z872,Z872
S5631,S563
Z3761,Z376
V2002,_
E880EO59,_
1AW55,_
H5270,H527
V110,_
S6352,S635
L4052,L405
B3734,B373
D1792,D179
O9111,O911
D686NO0,_
5213,_
R1013,R101
H4602,H46
S17,S179
X9109,_
D8000,D800
J960OU71,_
H1631,H163
M7088,M7088
E8783,E878
M0739,M0739
D62XA,D62
C795M8,_
P0728,P072
T769,_
V309,_
D6951,D695
X29,_
V119,_
M4313,M4313
P369UO71,_
M35,M359
I2693,I269
K0811,K081
E301,E301
M9691,M969
M9953,M9953
W2969,_
P303,_
W1599,_
I1039,I10
H3122,H312
K9184,K918
K837,_
O2309,O230
I980,I980
V271,_
0848,_
S6182,S618
C2209,C220
P552,_
Y0599,_
J6901,J690
I7103,I710
G970,G970
M2411,M2411
U0711,_
T9331,T933
0239,_
B9728,B972
J488,_
Z827,Z827
S3603,S360
A423,_
W2302,_
Y449,_
Y4799,_
059,_
M8646,M8646
S5681,S568
W2582,_
L7630,_
R20,_
2930,_
D15,D159
K079,K079
I4801,I48
5384,_
06,_
K2661,K266
632,_
C787K5,_
E7851,E785
T270,T270
N054,N054
M5488,M5488
E088,_
E049NONE,_
W291,_
I683,_
W568,_
Z516,Z516
W2680,_
3210,_
J6401,J64
D2270,D227
H320,H320
D779,D77
H2001,H200
W4088,_
Q3592,Q359
Z3869,Z386
P658,_
Z548,Z548
B021,B021
Z640,Z640
7784,_
K619,_
1893,_
S345,S345
N6111,N61
Q130,Q130
N3006,N300
W251,_
O6205,O620
L0312A,_
C4910,C491
Q91,_
G374,G374
N185D6,_
M7552,M755
X4662,_
X501,_
N397,_
0391,_
B500,B500
E861E8,E86
M0909,M0909
I7712,I771
V0298,_
Q724,Q724
T060,T060
S724V1,_
M181,M181
N1321,N132
Y181,_
P939,P93
5811,_
S4234,S423
W0152,_
N8031,N803
1498,_
H1581,H158
M2561,M2561
G8390,G839
T43,T439
S019X,_
O8629,O862
D6496,D649
H3621,_
E829,_
W3079,_
S4281,S4281
S6292,_
Q55,Q559
A750,A750
T8332,T833
M802,M802
I129J9,_
W265,_
202A,_
M2226,M222
B670,B670
G931I5,_
Z2456,Z245
C9002,C900
T1812,T181
J9381,J938
Z9050,Z905
S0669,S066
E48,_
S6671,S667
K1160,K1160
1161,_
W1791,_
S7610,S761
W3402,_
X711,_
O16O,O16
D7587,D758
J1193,_
Q502,Q502
0770,_
M7228,M722
V479,_
T41,_
D2233,D223
E137,E137
0440,_
W7998,_
Z414,_
D649NO0,_
H3210,_
C1692,C169
S4236,S423
S9030,S903
M871,M871
M9660,M966
O6310,O631
E34,E349
L8210,L82
E,_
L0820,_
48,_
K318NONE,_
M2426,M242
X5042,_
L902,L902
K804NONE,_
J1113,J111
M5330,M533
R5705,R570
384,_
C645,C64
E731,E731
W1402,_
O3472,O347
K2972,K297
Y369,_
T6300,T6300
P7422,P742
O8095,O809
590,_
T9230,T923
G0482,G048
G922,G92
U847,_
X1001,_
G4050,G405
S9831,S983
K904E861,_
E262,_
1660,_
C0290,C029
R5992,R599
P061,_
W178,_
J3702,J370
J3812,J381
R599TYPEA,_
M2342,M2342
T354,T354
I9712,I971
S504,_
V4349,_
H9325,H932
M6025,M6025
F42,F429
E1415,E141
M7686,M7686
E142_N083,_
5941,_
Z631,Z631
S5460,_
S5267,S526
135,_
E8610,E86
N825,N825
M8245,_
I1110,_
A4191,A419
S9042,_
Q684,Q684
Q509,_
I477,_
J984NONE,_
K451,K451
J190,_
T712,T71
J4893,_
W0140,_
D679,D67
O244O9,_
K8111,K811
R05J4,R05
O505,_
8089,_
L031NA,_
Q768,Q768
B990,B99
E4112,E41
Z011I1,_
W2280,_
P388,P38
I4720,I472
F419NO1,_
W557,_
A109,_
C5412,C541
5496,_
M2360,M2360
S6133,_
8208,_
Z4981,_
J1223,J122
N422,N422
Z0154A2,_
S6371,S637
M184,M184
F950,F950
Z8741,Z874
E1480,E148
M243,M243
N3582,N358
X7009,_
H027,H027
X362,_
O502,_
Z8712,Z871
H4509,H450
S111,S111
I2102,I210
C63,C639
W1368,_
J500,_
H529,_
K1181,K1181
C8390,C839
I073,_
1511,_
D1602,D160
37,_
T65,T659
31,_
K54,_
K939,_
E2112,E211
S7215,S721
E1099,E109
W0388,_
X6128,_
C0690,C069
N859NONE,_
V861,_
I1229,_
W305,_
A061AO99,_
R5701A,_
X76,_
E864,E86
S9115,S911
G181,_
J5490,_
C4011,C401
W2220,_
N803NO7,_
S5072,S507
K5652,K565
680,_
O1502,O150
O6022,O602
110,_
X235,_
D393,_
S022XXA,_
D842,_
A099AOG0,A09
E848,E848
W4503,_
N053,N053
Z0158C1,_
A069E861,_
Q934,Q934
M4898,M4898
J702,J702
X25,_
T6177,_
C7169,C716
Y492,_
Z454,_
K409NY0,_
E1490,E149
J225,J22
F07,F079
D1510,D151
Q8741,Q874
O800OO95,_
M2673,_
X6408,_
M9425,M9425
I119NO7,_
H3352,H335
N1030,N10
X6599,_
N783,_
W1742,_
K815,_
X7489,_
V58,_
V2948,_
W0989,_
S0922,S092
S130,S130
A1501,A150
W0794,_
M2467,M2467
H809,H809
W8592,_
N703,_
P7609,P760
L089NO1,_
S6080,S6080
K729NO0,_
W136,_
C9140,C914
H7201,H720
T1491,T149
K2914,K291
5828,_
R044,_
S187,S18
Z461,Z461
J378,_
5746,_
L0400,L040
K409X,_
G701,G701
M630,M630
5899,_
N439,_
E864\,E86
R849,R849
J686,_
J1,_
S8282,S828
R003,_
V821,_
S9253,S925
I1014,I10
F730,F730
L9590,L959
O3638,O363
J9801,J980
Z02012,Z020
C56M8140/3,_
T334,T334
I4696,I469
Q500,Q500
K274NO1,_
G60,G609
A060E0,_
K2100,K210
W379,_
O6195,O619
S6699,S669
W6078,_
Z691,_
M4002,M4002
S947,S947
N8880,N888
W0390,_
X4099,_
W0148,_
T733,T733
O482,O48
N039G9,_
C2083,C20
M2582,M2582
J0608,J060
N2590,N259
A419EII5,_
X2097,_
5810,_
Y001,_
X4799,_
0899,_
S9551,_
M6797,M6797
B986,_
W159,_
A838,A838
K5530,_
W2695,_
R1908,R190
I813,I81
T228,_
V5468,_
J086,_
J3875,J387
315,_
R990,R99
Y466,_
V849,_
W1948,_
Z050,_
C058,C058
E819,_
N3214,N321
V4819,_
E8710,E871
Z279,Z279
V840,_
I32,_
M2533,M2533
Z222,Z222
R946,R946
S270ST009,_
A269,A269
E098,_
M440,_
M7192,M7192
I1509,I150
V8019,_
O112,O11
J0093,J00
S6431,S643
S6861,_
W2313,_
M8904,M8904
Q752,Q752
W0168,_
K691,_
I1129,_
0630,_
N918,_
X9903,_
E27,E279
F72,F729
R031,R031
B0230,B023
I75,_
Y6999,_
E105NA,_
W017,_
G849,_
X1799,_
O1593,O159
V2291,_
N6392,N63
H8311,H831
Y159,_
I6990,_
T8148,T814
F632,F632
0645,_
L024NA,_
M148,M148
O2491,O249
S3211,S3211
C7721,C772
M8794,M8794
Z4701,Z470
Y428,_
R86,R869
M1254,M1254
J0192,J019
E678,E678
P792,_
O3220,O322
K690,_
S3984,S398
I509ROO0,_
V822,_
N7604,N760
O0395,O039
O550,_
K469NONE,_
5256,_
L590,L590
W1044,_
S2203,S220
B3999,B399
H507,_
S6781,S678
D4412,D441
Z021,Z021
J1582,J158
X4609,_
M8915,M8915
L105,L105
L403NONE,_
Y410,_
Z0154B1,_
S0451,S045
H4511,H451
H4082,H408
S8072,S807
371,_
Z702,Z702
H5440,H544
F860,_
G730,G730
B484,B484
7491,_
A419J,_
W2190,_
A250,A250
N5091,N509
M7370,_
H363,_
D2391,D239
K699,_
A1628,A162
Y56,_
T0162,T016
W,_
W066,_
N643,N643
K3582,K358
D6492,D649
Y368,_
C0800,C080
F414,_
O4401,O440
G546,G546
N891,N891
I8715,I871
I0,_
V2841,_
V8948,_
M308,M308
H3607,H360
K767NONE,_
Y341,_
S566,_
X1042,_
T2121,T212
T438,T438
W1848,_
X5669,_
A479,_
P0240,P024
M8270,_
I4991,I499
G5404,G540
Z963,Z963
I325,_
C9108,C910
E7855,E785
Z180,_
M8313,M8313
M451,M451
L603,L603
O6208,O620
5640,_
C2218,C221
J400,J40
L221,L22
T653,T653
Z0171,Z017
Q342,_
V2044,_
C167,_
F22,F229
C25O,_
X7908,_
I486,I48
M3590,M359
W0158,_
O039X,_
S3311,S331
H3551,H355
E3141,_
I828II19,_
T004,_
S4331,S433
N289NO8,_
X9925,_
M1251,M1251
Z370O3,_
O897,_
H1940,_
A65,A65
M144,M144
K1231,K123
T459,T459
T2120,T212
M9782,_
I8890,I889
Q356,_
E0860,_
C831NA,_
S035,S035
H17,H179
Z380ZZ38,_
Y490,_
J9395,J939
M7742,M774
K238,K238
N738NA,_
I14,_
O7601,_
49,_
M2122,M2122
D259M8,_
E8629,E86
T1411,T141
A985,A985
M9933,M9933
O8601,O860
A971AO60,_
K2792,K279
1678,_
E80,_
S2211,S2211
N9500,N950
T8562,T856
T1412,T141
W3142,_
J068UO72,_
T9521,T952
K8033,K803
I1091A,I10
F71,F719
S21I,_
M970,_
G4091,G409
K4055,_
K539,_
E46GO38,E46
Q6121A,_
M123,M123
D3100,D310
252B,_
Y402,_
J9525,J952
Q377,_
I1290,I129
L083,_
0230,_
E1147,E114
M3481,M348
0813,_
N2015,N201
E50,E509
B214,B21
Q104,Q104
M8383,M8383
S891,_
S4214,S421
E119EO59,_
A50,A509
S4152,_
K146,K146
E1116,E111
C438,C438
N19NO6,N19
5282,_
J649,J64
M425,_
L0265,_
G379NONE,_
E8768,E876
D567,_
M2596,M2596
5653,_
N116,_
8155,_
K526,_
E046,_
V847,_
D1803,D1803
M7250,M7250
C187II19,_
S6304,S630
M9410,M9410
R9181,R91
O6918,O691
O6892,O689
M5442,M544
O8230,_
V2942,_
E119NO0,_
L8920,L892
E142NO8,_
K377,K37
M0187,M0187
Z772,_
S5402,S540
M0738,M0738
S619X,_
I122,_
W3062,_
O0064,_
S4510,S451
E860NA,E86
R1311,R13
T816,T816
W0708,_
G4092,G409
1861,_
H6651,_
94,_
N390X,_
T8502,T850
T0089,T008
V39,_
T472X5A,_
S9689,S968
H36O1,_
M2609,_
5062,_
S9500,S950
S1101,S110
V05,_
A062AO62,_
B2014,B201
M6748,M6748
R13RO90,R13
J189NO3,_
G230,G230
Z183,_
W2762,_
S0266,S026
Z9102,Z910
O1010,O101
E880NO9,_
I156,_
D6316,D631
E1136,E113
E290,E290
H5092,H509
479,_
Z3809,Z380
V282,_
D619NONE,_
N6258,N62
H002,_
O4400,O440
O741,O741
C952,C952
E701,E701
V3964,_
A529,A529
N1209,N12
T8340,T834
R866,R866
22C,_
D5002,D500
B099,B09
I105,I10
Q1021,Q102
N4055,N40
73,_
P075,_
X2694,_
J001,J00
I48NO0,I48
S0133,S013
M8332,M8332
L031M1A9,_
H6640,H664
N620,N62
D863,D863
D536,_
W7904,_
M7051,M705
M8104,M8104
M6719,M6719
S073,_
M8559,M8559
D2232,D223
X048,_
F827,F82
K767NO,_
0320,_
G574,G574
M391,_
N6090,N609
L9231,L923
N850N8,_
X8101,_
S3002,S300
T754XXA,_
S1312,S1312
E351,E351
P078,_
B098,B09
H811NONE,_
K0480,K0480
C210X,_
S2123,S212
I2,_
J069O,_
V8049,_
N8890,N889
V4959,_
Z3002,Z300
D3151,D315
E309,E309
A859,_
H4113,_
S5700,S570
Z49D,_
I9630,_
E8722,E872
M8814,_
D1712,D171
0669,_
M611,M611
S6805,S680
840,_
H2513,H251
M8378,_
Y456,_
Y95E1,_
X02,_
K30NO8,K30
A520,A520
E25,E259
L984NONE,_
K909NONE,_
S9491,S949
M424,_
S047,S047
H0313,H031
M7059,M7059
M9862,_
W1029,_
M8790,M8790
R2341,R234
T3001,T300
X6188,_
J683JO69,_
N6112A,N61
Z089,Z089
L772,_
0038,_
R058,R05
N128,N12
Y64,_
N072,N072
K19,_
M7296,M7296
B203,B203
H1502,H150
D238,_
P242,P242
C509M8000/3,_
Q875,Q875
H2560,_
M2595,M2595
B308,B308
J189Y9,_
J539,_
W171,_
G120,G120
1741,_
A872,A872
6238,_
K4291,K429
J759,_
K534,_
R0400,R040
R295,_
O3309,O330
H63,_
T8133,T813
M8462,_
C6900,C690
S645,_
Z4822,_
M9390,M9390
T621,T621
P369POO8,_
H4601,H46
K49,_
V1808,_
Q1500,Q150
W1089,_
H2000,H200
L761,_
J3402,J340
2968,_
P2400,P240
Q3552,Q355
V2900,_
Z43,Z439
A5638,A563
P938,P93
I826,_
D7281,D728
D6969,D696
B216,B21
N8301,N830
W604,_
N390NO2,_
P046,P046
B244,B24
B8300,B830
D638NONE,_
J809,J80
S030XXA,_
M4645,M4645
F929,F929
J209NA,_
0392,_
M9674,_
S65,S659
O913,_
G5620,G562
X1903,_
M510DAGGER,_
W0119,_
C102,C102
1258,_
Q729,Q729
H74,H749
B5892,B589
O09A,_
I157,_
I498NO8,_
K3581,K358
C7925,C792
U0719,_
S191,_
W1321,_
K799,_
L9849,L984
J90N1,J90
S1341,S134
M7681,M768
K085,_
H4083,H408
H4690,H46
A849,A849
I1192A,_
H519,H519
S7640,S764
X680,_
E7872,_
W399,_
N396,_
N8578,N857
G979,G979
0812,_
O896,O896
I609UO71,_
H1621,H162
J318,_
M2541,M2541
S6422,S642
F1020,F1020
1358,_
M5820,_
M5740,_
H0259,H025
Z8962,Z8962
A860,A86
M7962,M7962
N189NO32,_
M6091,M6091
D044,D044
I247,_
M0731,M0731
N1895A,_
M2405,M2405
N185Z,_
S6361,S636
E1144,E114
L701,L701
N189NO02,_
H0509,H050
N6312,N63
X2999,_
W0251,_
I7502,_
J209NONE,_
Y008,_
N596,_
E119JO69,_
C5019,C501
O076,O076
C7980,C798
O521,_
N0083,N008
V4469,_
P541,P541
D033,D033
I354,_
H9511,H951
V680,_
Z857,Z857
S1084,S108
P5900,P590
E180,_
E1103,E110
D569NO,_
Y811,_
I304,_
W0174,_
T8319,T831
C289,_
W1448,_
T7961,T796
E116NONE,_
L273,_
I6349,I634
Q686,_
S5256,S525
S7630,S763
N2536,_
N544,_
D649I,_
M644,_
B998,B99
N8032,N803
1039,_
K439NONE,_
T6301,T6301
J459I1,_
E7878,_
H1812,H181
B349Q,_
I372,I372
S6191A,_
X7999,_
E478,_
S575,_
S3204,S320
N6029,N602
N6049,N604
D801,D801
M368,M368
H535,H535
Z3951,_
4301,_
S6135,_
J445,_
L904,L904
Z9009,Z900
M1044,M1044
D1670,D167
K77,_
T0581,T058
L8910,L891
H5202,H520
L170,_
K407,_
M1095,M1095
A0600,A060
S9681,S968
S6329,S632
2302,_
M304,_
595140,_
K9222,K922
E1196,E119
D0003,D000
S2790,S2790
H1082,H108
J092,J09
Q062,Q062
Z28,Z289
N2824,_
0301,_
D1729,D172
A220,A220
N1881,N188
Q96,Q969
Z836,Z836
D09,D099
E801,E801
W0162,_
V699,_
D179M,_
W3188,_
V687,_
O173,_
5803,_
H4649,H46
Z0387,Z038
M2633,_
I402,_
L720NA,_
R451,R451
P385,P38
V3354,_
N6747,_
N395,_
V8949,_
S8354,S835
482,_
060,_
F8226,F82
F8246,F82
1SO24SO28,_
Q683,Q683
S6691,S669
P62,_
W201,_
I208II48,_
J91E,J91
J600,J60
H365,_
V170,_
M4367,M436
F061,F061
G24,G249
5861,_
S928,_
7D2,_
D2160,D216
5311,_
V0248,_
S3570,S357
W320,_
R139,R13
H4473,H447
C6293,C629
M928,M928
T652,T652
Y093,_
S002I,_
G324,_
S963,_
O0088,O008
W1849,_
S0800,S080
I509I,_
353,_
H9041,H904
T194XXA,_
L038LO38,_
A162NO2,_
I829NA,_
K873,_
D649E6,_
E820,_
E712,E712
R210,R21
J044,_
Z037,_
C1892,C189
S0153,S015
S7209,S720
S8265,S826
D366,_
S866,_
Z3090,Z309
R262,R262
R4024,R402
W869,_
W32,_
Q847,_
J1519,J151
B274,_
E280,E280
B8299,B829
S9191,S919
E508,E508
D891,D891
K439NO0,_
P357,_
O932,_
M037,_
M6221,M6221
S1419,S141
I1291,I129
N059NO0,_
X9549,_
S7371,_
A032,A032
M2314,M2314
T50,T509
X1991,_
O2630,O263
5780,_
Q5523,Q552
H2515,H251
H228,H228
Y626,_
Y83,_
W0601,_
X839,_
E3509,E350
S6268,S626
I8682,I868
K748,_
J4495,J449
D2161,D216
I2929,_
T8652,_
A4035,A403
468,_
N404,N40
J4412,J441
W271,_
M945,_
K445,_
W1348,_
S4520,S452
S4620,S462
X392,_
NBS01,_
Y496,_
E122N083,_
0000000,_
D6390,_
K6989,_
A802,A802
A971JO36,_
X0973,_
L888,L88
35,_
V2459,_
V139,_
M141,M141
M7259,M7259
W1798,_
090,_
Z52,Z529
1501,_
H2631,H263
H3022,H302
A1692,A169
C593,_
E1021,E102
N5611,_
I505,_
I814,I81
1547,_
W3291,_
E0422,E042
S7295,S729
1B,_
K9171,_
H72,H729
282,_
M8542,M8542
M6284,M6284
L89NO8,L89
E342,E342
M404,M404
S728O,_
D633,_
N5082,N508
Z9032,Z903
N9392,N939
O0933,_
B142,_
X5938,_
S3750,S3750
S3740,S3740
I909,_
C7190,C719
E1061,E106
T102,T10
Q773,Q773
E789NO1,_
D951,_
M2468,M2468
Q6102,Q610
1012,_
C6156,C61
04,_
682,_
B9789,B978
N3291,N329
T008TOO0,_
K493,_
L6091,L609
H2623,H262
D27IN840,D27
H112X,_
S6720,_
W2100,_
S293,_
C539NO8,_
L876,_
T418,_
Z9580,Z958
A17G5,_
L9220,L922
A512,A512
J985NONE,_
I109JO69,I10
M2339,M2339
X0408,_
Z282,Z282
M8196,M8196
Z3881,Z388
V2704,_
M8985,M8985
D8982,D898
S9055,_
A1650,A165
O820OZ3,_
S1412,S141
L8931,L893
H6519,H651
K075,K075
M7001,M700
H4452,H445
M898X8,_
K217,_
H0234,H023
Z3864,Z386
C1878,C187
M9850,_
X7199,_
8853,_
S3011,S301
S008SV485,_
5525,_
T7821,T782
N7641,N764
S7990,S799
P585,P585
A2781,A278
C35,_
H3737,_
B333,B333
N122,N12
O1202,O120
D822,D822
D939,_
M7018,M701
Q33,Q339
H261NONE,_
N40SC,N40
I2130,I213
I273,_
T470,T470
L640,L640
H1789,H178
F187,F187
W2982,_
P369PO73,_
V2094,_
H0062,_
H1682,H168
R83,R839
L0322,L032
H8181,H818
O1410,O141
Z016,Z016
E7421,E742
S457,S457
E142N08,_
V1800,_
M4905,M4905
M92,M929
L7205,L720
P0269,P026
W059,_
8501,_
K7471,_
N1312,N131
Q282XA,_
W1630,_
V942,_
O2201,O220
J370JK85,_
M9013,M9013
X110,_
W5148,_
M9056,M9056
N2898,N289
R8561,R856
E8069,E806
L371,_
T0700,T07
S2130,_
N1885,N188
Q473,_
M7931,M7931
J9502,J950
M9885,_
570,_
R043,_
O141X,_
L0226,L022
V835,_
P374,P374
Y445,_
F1525,F1525
W0409,_
K8590,K859
H151,H151
Y2,_
M905,M905
G320,G320
131A,_
D2198,D219
L0480,L048
K5999,K599
D783,_
K2574,K257
G993,_
S7010,S701
K2930,K293
S0123,S012
E0843,_
S4020,_
I1121,_
L27,L279
K602NONE,_
M5196,M519
W068,_
Z018162,Z018
E1060,E106
D2598,D259
W899,_
V488,_
Z9051,Z905
X513,_
H670,H670
T1100,T110
T1300,T130
H3212,_
S0095,S009
M2440,M2440
L7280,L728
K1892,_
M8591,M8591
T8110,T811
M46,M469
T9208,T920
V494,_
N725,N72
B192,_
Q624,Q624
I638Y5,_
O6312,O631
W05,_
H858,_
X39,_
W1828,_
X8399,_
L889,L88
M2101,M2101
O4311,O431
D966,_
A971NA,_
I248NO2,_
S350,S350
V809,_
K922NA,_
O1424,O142
C541NONE,_
I6601,I660
Q6125,Q612
M8683,M8683
M9551,M955
G361,G361
D6386,D638
R7821,R782
W144,_
I48S,I48
Z328,_
M7115,M7115
J821,J82
P2493,P249
D875,_
M0590,M0590
H2491,_
N078,N078
S591,_
A612,_
V334,_
I6942,I694
Z3064,_
G0625,G062
K1212,K1212
A392,A392
S768,_
I340NONE,_
V545,_
C4421,C442
S6830,S683
W0404,_
J034,_
Z9002,Z900
I834,_
V89T1,_
H4120,_
V826,_
K3219,_
T9410,T941
N621,N62
I1011A,I10
E631E8,_
M0630,M0630
L449,L449
W454,_
M6745,M6745
E1551,E15
X7808,_
T8751,T875
N955,_
M3591,M359
H7151,H71
96,_
I160XA,_
19A,_
Q2734,Q273
R1030,R103
A1602,A160
L072,_
H4481,H448
K3598,K359
E0143,_
M0621,M0621
K273NA,_
I7700,I770
C928,C928
1640,_
M357,M357
2323,_
W5104,_
O9089,O908
S9320,S932
M9043,M9043
B229,B22
M7983,M7983
X17,_
V685,_
O9829,O982
H7000,H700
H6223,H622
C3410,C341
J9800,J980
W5029,_
D2271,D227
C780C7,_
B828,_
J909,J90
W0100,_
N081,N081
M76,M769
Z764,Z764
D1795,D179
W2608,_
M6077,_
K0532,K0532
O162,O16
D552,D552
M4116,M4116
D4892,D489
Q928,Q928
D440K2I9,_
M5750,_
R330,R33
B382,B382
O3490,O349
H5402,H540
S6818,S681
M521,_
M8744,_
M8506,M8506
K633NONE,_
B3513,B351
091,_
M2555,M2555
S445,S445
B3782,B378
D1171,D117
301,_
L000,L00
L8911,L891
Z601,Z601
T9290,T929
M9392,M9392
N8882,N888
E1168,E116
M4320,M4320
K746NO1,_
5331,_
N5090,N509
Z2085,Z208
T394,T394
G578,G578
S2204,S220
F3232,F323
S7234,S723
Z2081,Z208
I3,_
S6148,_
M8342,M8342
K359NONE,_
S0993,S099
G5191,G519
5725,_
H513,_
5669,_
N38,_
B334,B334
L9280,L928
Z316,Z316
V4899,_
I858,_
S3321,S332
Q5040,Q504
W1781,_
M647,_
H2T9,_
I0821,I082
G917,_
Z3711,Z371
Q821,Q821
O6645,O664
725,_
Q099,_
M7904,M7904
E95,_
A099E,A09
2939,_
N27,N279
P0121,P012
J8999Y95,_
C7955,C795
Z688,_
W789,_
X52,_
S8622,S862
Z3813,Z381
A511,A511
I022,_
V930,_
K1141,K114
L409NA,_
M7201,M720
J636,_
R670,_
S5272,S527
K6301,K630
M9994,M9994
2D,_
O9982,O998
S2035,S203
Z3706,Z370
O655OZ352,_
5534,_
D509NONE,_
S0612,S061
2F,_
X4188,_
X4488,_
T428,T428
P05,P059
L60D,_
Q249UO71,_
D0391,D039
E744,E744
F599,F59
V2854,_
W0930,_
C7531,C753
K10,K109
Y699,_
S9351,S935
Z100,Z100
A560,A560
N8419,N841
8550,_
T6030,T603
Y9999,_
V3898,_
C5602,C56
E8711,E871
W0793,_
H49,H499
H545,H545
S892,_
S4421,S442
N359NONE,_
X539,_
Q527,Q527
5583,_
G0621,G062
R94,_
Q3590,Q359
S0072,S007
MCPO,_
NSDO1,_
N380NO52,_
O6005,O600
674,_
M8718,M8718
S7312,S731
C7820,C782
M2404,M2404
D1010,D1010
H581,H581
S2201,S2201
0211,_
R5684,R568
L892UO71,L89
W3488,_
M0101,M0101
W176,_
S7021,_
N165,N165
I3131,I313
I3248,_
V9399,_
O631O,_
Q728,Q728
V440,_
E1064,E106
R231,R231
E1560,E15
E8780,E878
R3911,R391
K564NO1,_
0094,_
X3400,_
S6242,S624
F0151,_
E0401,E040
K5140,K514
N189X,_
D0002,D000
D651,D65
V2424,_
K411,K411
Z1318,Z131
F134,F134
N18O,_
5943,_
Y26,_
F35,_
K6488,_
J9481,J948
M8636,M8636
X5958,_
W1958,_
Q846,Q846
O141O,_
Y301,_
I119JO69,_
968,_
S914,_
Q8312,Q831
S444,S444
G349,_
M7529,M752
Z7952,_
C3495,C349
W15,_
R17K,R17
J1298,J129
J939NO0,_
A150D5,_
D892,D892
1469,_
5445,_
C8198,C819
C231,C23
A661,A661
E1020,E102
S9700,S970
H6013,H601
S8891,S889
G991,G991
H3191,H319
H0550,H055
S9206,S920
S9510,S951
W8568,_
B0229,B022
1959,_
S8035,_
R250,R250
V272,_
K268,_
M8485,M8485
T311T2,_
6409,_
X119,_
N1791,N179
S250,S250
P508,P508
5762,_
I556,_
K776,_
S23,_
I652NONE,_
I8090,I809
I791,I791
J97,_
K647,_
T8241,T824
A099AO69,A09
M8528,M8528
V2048,_
E895,E895
J9310,J931
B29,_
W5308,_
X1782,_
V79,_
J22LO10,J22
S6803,S680
V120,_
W5991,_
Z3082,Z308
5118,_
P231,P231
H9210,H921
I474,_
L414,L414
M415,M415
T2661,T266
L0501,L050
V0899,_
K9005,K900
464,_
S349,_
S797,S797
M998NONE,_
M628NONE,_
W2793,_
T329,T329
Y229,_
N1639,N163
O786,_
N185B,_
N8083,N808
K769NONE,_
O800PP5,_
C295,_
S8302,S830
X509,_
K6002,K600
W2592,_
O189,_
M460,M460
H0265,H026
Q365,_
C1901,C19
K327,_
Z810,Z810
W2702,_
H2040,_
M2240,M224
I1013,I10
C8191,C819
H4631,H46
Z252,_
J9630,_
T5091,T509
A961,A961
C893,_
J000,J00
R5660,_
P058,_
M7072,M707
Y0049,_
P680,_
Z855,Z855
N414,_
J049,_
V44,_
G479M1A9XX1,_
K1321,K1321
I959JN179,_
C9300,C930
J503,_
N083NO3,_
E880K,_
Y501,_
H5259,H525
X400,_
816,_
J8193,J81
S6814,S681
W8000,_
I2502,I250
Z2251,Z225
C4321,C432
R5681,R568
I094,_
Z39Z,_
M7550,M755
S9314,S931
O7009,O700
W082,_
K932,_
I6748,I674
K5569,_
N950NONE,_
Y95L8,_
W734,_
D3704,D370
R261,R261
K5199,K519
S580,S580
R2342,R234
T2142,T214
A242,A242
J960UO70,_
W2029,_
A9700,_
G988,G98
H2801,H280
A800,A800
E08,_
V260,_
I1842,_
0860,_
T8251,T825
O528,_
C613,C61
N179NO8,_
M6597,M6597
X259,_
K1225,K122
J4890,_
Z994,_
5567,_
I3108,I310
C259M8160/3,_
I903,_
H0432,H043
C187M,_
N390KK91,_
S5031,_
V483,_
I6185,I618
C5415,C541
C5819,C58
J481,_
K80I,_
M8991,M8991
D1191,D119
O4593,O459
K2711AW19,_
3370,_
D1811,D181
C73NA,C73
I2723,I272
D591NO9,_
W233,_
T63,T639
G482,_
T0120,T012
B821,_
V242,_
G282,_
M8737,M8737
G914,_
1461,_
W1324,_
Z1390,Z139
914,_
X5939,_
J802,J80
999,_
O4,_
H665,_
Z7963,_
K0889,K088
Q7401,Q740
V341,_
D518,D518
Y8999,_
O3393,O339
U274,_
Z3581,Z358
D008,_
J81NO0,J81
Y517,_
M1916,M191
E1182,E118
M6003,M6003
I517Z,_
S4341,S434
V001,_
P0319,P031
B7929,B79
I7338NONE,_
121B,_
T872,T872
A1803,A180
C191P3,_
T498,T498
L918NONE,_
J9411,J941
T851,T851
H0591,H059
E570,_
S6105,S610
J0110,J011
S6839,S683
O641O1,_
N284,_
Y287,_
K844,_
M7952,M7952
T9231,T923
L630,L630
C1119,C111
Q41,Q419
C191P4,_
S6892,S689
K5721,K572
I6199,I619
P044,P044
N7515,N751
V1929,_
K0981,K0981
K828I,_
R709,_
Q1030,Q103
T0231,T0231
H1118,H111
P091,_
L224,L22
5860,_
S9213,S921
S9222,S922
G465,G465
Z3689,Z368
Q801,Q801
E588,E58
M8509,M8509
G12,G129
V3099,_
Z8988,Z898
I099NO4,_
X460,_
I120J9,_
C8050,C80
W195,_
O0081,O008
CR0304,_
D351A,_
028,_
2DW19,_
47,_
S6400,S640
W3203,_
H644,_
O790,_
E116II6,_
D2410,D24
M9532,M953
V50,_
N185Q,_
D2102,D210
D6368,_
Y0931,_
I878NA,_
H3131,H313
N9030,N903
M4187,M4187
Z5999,Z599
S9041,_
K429NO9,_
5802,_
M77,M779
G538,G538
H4530,_
293,_
O6391,O639
W2369,_
G9305,G930
V5862,_
D3500,D350
V3259,_
C460,C460
0839,_
L1892,_
O2661,O266
M5139,M513
W347,_
G251,G251
P594,_
B0951,B09
P0119,P011
Y2829,_
C119C,_
I48N1,I48
M1302,M1302
T0290,T0290
L97NA,L97
S6040,_
C1098,C109
O0220,_
L433,L433
M1229,M1229
X43,_
K181,_
383,_
9263,_
798,_
C745,_
I620NONE,_
T362,T362
A698J178,_
I509II19,_
D3212,D321
G5700,G570
O441Z9,_
D686NO9,_
U49,_
C4433,C443
K3543,_
H5201,H520
I6075,I607
G985,G98
M6334,M6334
H5340,H534
H9030,H903
P206,_
Z126,Z126
Q027,Q02
M9682,M968
R5530,R55
K122NA,_
Q1110,Q111
R001Z3A1,_
S011SS910,_
P0517,P051
D1601,D160
W1880,_
T2131,T213
T2231,T223
Q6689,Q668
D3802,D380
S7012,S701
N832NO1,_
0822,_
A349,A34
M486,_
K119KR749,_
I6188,I618
I101NONE,I10
8480,_
A698,A698
Z122,Z122
U071C,_
M9124,M912
S6237A,_
W580,_
M4897,M4897
M5187,M518
M6028,M6028
O0660,O066
M005,_
R47,_
8179,_
O6800,O680
1340,_
V674,_
X041,_
G624,_
I0989,I098
O2210,O221
P196,_
Q24,Q249
Z245,Z245
S6649,S664
P240PO34PO71,_
N6092,N609
N0853,N085
I918,_
H4691,H46
W1893,_
T2203,T220
K0985,K0985
096,_
L729NA,_
J966,_
W8099,_
H4060,H406
O646,_
512,_
X0962,_
I1461,_
I798,I798
J4290,J42
P915,P915
M543NONE,_
R115,R11
T227,T227
P0091,P009
S8197,S819
X4966,_
S2901,S290
S2791,S2791
Y530,_
C1815,C181
635,_
V2341,_
O0025,O002
V2357,_
S4981,S498
W1688,_
D1061,D106
M7124,M712
I674UO1,_
U201,_
O996OO39,_
D3572,D357
R573,_
J3401,J340
L9781,L97
S0321,S0321
V0109,_
R581,R58
Y22,_
Y345,_
N1362,N136
D1765,D176
B75,B75
D2231,D223
F918,F918
E0933,_
E0861,_
W2321,_
D4989,_
T8902,_
P75NO5,P75
P369PO30,_
X323,_
C5990,_
M7052,M705
O517,_
W5489,_
S5263,S526
98,_
A043,A043
K492,_
R517,R51
J3521,J352
N3231,N323
I001,I00
K2509,K250
N854,N854
C5042,C504
Z4811,_
L929NONE,_
H2004,H200
F409,F409
W1942,_
V4894,_
M4149,M4149
K96,_
N6342,N63
S9695,S969
Z3704,Z370
V8998,_
M3000,M300
Y9513,_
W0688,_
Y2752,_
O6980,O698
U110,_
U500,_
M0620,M0620
Y65,_
I6523,I652
K14,K149
G893,_
T217,T217
Z117,_
O821XA,_
0142,_
M109N0,_
W5909,_
U812,_
L967,_
A0993,A099
5684,_
J861,_
M5090,M509
N635,N63
G965,_
C5398,C539
W2095,_
C318,C318
A1092,_
S0880,S088
241,_
2AW54,_
163,_
R369,R36
0210,_
O3090,O309
J838,_
T051,T051
J988NO1,_
W600,_
L8902,L890
M5408,M5408
W3008,_
O829OO94,_
D3310,D331
M4816,M4816
C692M8090/3,_
A090E861,A09
8558,_
T8183,T818
S8087,S808
M8953,M8953
Z8679,Z867
R2222,R222
I10IJ81,I10
L039UO71,_
Z31,Z319
I619SURECLAIMSBYJ,_
H2881,H288
8119,_
L241,L241
Z109,_
B808,B80
S162,S16
I507,_
G440NONE,_
K168,_
Z9898,_
H2809,H280
N185NO,_
W2607,_
I101RO40,I10
A641,A64
S039,_
K291Z3,_
A32,A329
I1517,I151
F1029,F102
H940,H940
0069,_
4405,_
S0302,S030
C7550,C755
N1340,N134
O706,_
T1471,T147
J9001,J90
X169,_
Z806,Z806
W1680,_
I246,_
W2691,_
S1189,S118
X9949,_
D487NONE,_
I777,_
M8761,_
U2319,_
5740,_
N183NN261,_
P0073,P007
C875,_
T7541,T754
G009NONE,_
S239,_
M6702,M670
K97,_
0693,_
W1342,_
W2329,_
I101JO69,I10
P249ZZ80,_
W2088,_
I1130,_
L899NONE,L89
J5253,_
E464,E46
E050NO4,_
009A,_
A788,A78
L537,_
I517II29,_
I219NONE,_
D0312,D031
O829O,_
N376,_
M8421,M8421
R798N,_
W1702,_
S0971,S097
W8719,_
J304NA,_
H69,H699
R137,R13
V7988,_
J889,_
G007,_
M8323,M8323
D217,_
Q876,_
G8090,G809
P076,_
M4884,M4884
B975,B975
K778,K778
J874,_
J988K5,_
S2010,S201
Y832,_
R450,R450
V630,_
A1603,A160
E8602,E86
S3001,S300
G512,G512
C56X,C56
O0821,O082
L842,L84
Q340,Q340
T738,T738
D391NONE,_
P8300,P830
P170,_
I843X,_
M7628,M762
H7211,H721
D2260,D226
V769,_
G4060,G406
J1873,_
55,_
F2319,F231
M1800,M180
I7121,I712
M3886,_
E0921,_
L250,L250
Q655,Q655
E0963,_
J1294,J129
Q00,_
J465,J46
E670,E670
N63X,N63
K6385,K638
454,_
M9675,_
E771,E771
C734,C73
S5810,S581
W329,_
B5891,B589
M9621,M962
Q041,Q041
H680,H680
M6501,M6501
N390N9,_
T2130,T213
M9384,M9384
O443,_
K5100,K510
V2109,_
R593,_
Q6425,Q642
K8067,_
I119NO4,_
W188,_
1208,_
M1047,M1047
Z38D,_
I2190,I219
Z898,Z898
Z061,_
Q133,Q133
T8302,T830
C509MORPHOLOGY,_
E1114,E111
S135,S135
B660,B660
Z749,Z749
V429,_
W553,_
C933,C933
P964,P964
S2181,S218
1040,_
W2709,_
E449,_
S9205,S920
J1285,J128
R5712,R571
V4954,_
A060E86,_
K872,_
C354,_
O0340,O034
Z0000,Z000
E935,_
E1125,E112
M7093,M7093
I119NO0,_
M6209,M6209
M4324,M4324
Q761,Q761
W0191,_
I6690,I669
R1001,R100
E64,E649
I251IS00,_
S0145,S014
S2741,S2741
V8995,_
O042,O042
I6070,I607
8819,_
D3833,D383
Z823,Z823
S04,S049
E3601,_
M1596,M159
O4413,O441
H5314,H531
F157,F157
5560,_
Q053,Q053
O1510,O151
8849,_
K2279,K227
J1583,J158
J4410,J441
D649LO33,_
G3184,G318
G4039,G403
I8322,I832
D2420,D24
D62Z3,D62
M2316,M2316
D661,D66
N519,_
M2193,M2193
W613,_
M7070,M7070
323,_
J9851,J985
C9150,C915
S1091,S109
B3491,B349
S9280,_
W1092,_
M7085,M7085
J879,_
N653,_
V382,_
D5098,D509
8154,_
T894,_
P9112,P911
K351X,_
O078,O078
A34,A34
S472,S47
K270M1A9,_
E1460,E146
J0681,J068
S6071,S607
Z038N,_
O0809,O080
O822Z,_
E765,_
N1858A,_
1693,_
W0159,_
P115,P115
G952NONE,_
X9900,_
I5008,I500
U800,U800
C2013,C20
L509NO7,_
X290,_
D061,D061
A790,A790
A112,_
H632,_
M7958,M7958
1626,_
I6105,I610
K6496,_
C3830,C383
E759,_
D3301,D330
W63,_
V585,_
E878JO69,_
J963,_
C1812,C181
Z1308,Z130
C725NONE,_
E039NO820,_
S000XA,_
239,_
J18I3,_
V129,_
N9710,N971
R9118,R91
Y0458,_
Z1282,Z128
M7519,M751
V0909,_
T646,T64
M7153,M7153
J213,_
T7540,T754
P1531,P153
P1581,P158
P0080,P008
W6899,_
N4891,N489
M8944,M8944
D325,_
H831,H831
Z442,Z442
E8601,E86
N200NO4,_
K586,_
N3910,N391
34,_
N4320,N432
K1123,K112
E0821,_
F985,F985
N383,_
M9081,M9081
W2044,_
C964,C964
Y641,_
U181,_
W1793,_
Z99,Z999
Y523,_
Y3403,_
E971,_
A416,_
H6509,H650
M82,_
N96NO479,N96
131C,_
V4809,_
S4247,S424
M478RO2,_
S5251A,_
Q645,Q645
224A,_
P940,P940
K4O,_
Q2110,Q211
M8300,M8300
H290,_
T413,T413
A699,A699
A931,A931
P209Z3Z0,_
R1906,R190
S401,_
V446,_
S132,S132
Z4642,Z464
S6313,S631
M7141,M714
C935,_
M7286,M7286
A4152,A415
H606,_
J069NONE,_
H2156,H215
N185Z0,_
P051PO71,_
M3,_
B072,B07
K5521,K552
D259D,_
I1779,_
M9103,M910
Z231,Z231
N739NO1,_
E93,_
I2490,I249
N4921,N492
G20B2,G20
S5109,S510
A094,A09
M001,M001
J663,_
K4305,K430
J0501,J050
R301,R301
H714,H71
Q2210,Q221
L8991,L899
J368,J36
E132N,_
W2952,_
O410O8,_
G06,_
R3532,R35
M4185,M4185
M4644,M4644
C757,_
N200NO8,_
Y042,_
M902,M902
E738,E738
T8283,T828
M0596,M0596
V8922,_
I865,_
O6390,O639
G170,_
S7224,S722
O4591,O459
8125,_
Y465,_
D1710,D171
D1411,D141
T1390,T139
A9710,_
O3686,O368
I1018,I10
M8084,M8084
0862,_
K7210,K721
W555,_
W0129,_
E481,_
P070Q,_
M8194,M8194
O869,_
102,_
W448,_
V3956,_
M8604,M8604
T62,T629
P0723,P072
J478,J47
540,_
O681O9,_
S164,S16
W8662,_
Z709,Z709
I119NO50,_
W0329,_
A033,A033
C7121,C712
K1864,_
S8550,S855
H3082,H308
M2242,M224
S4232A,_
C87,_
M1381,M1381
N7511,N751
Q5520,Q552
F031,F031
J3492,_
J8520,J852
I464,_
T678,T678
E724,E724
Z58,Z589
A4193,A419
G049NO01,_
626,_
O165,O16
5772,_
C661,C66
Z09,Z099
X380,_
T562,T562
1619,_
E411,E41
W1112,_
A804,A804
D3810,D381
S8119,S811
2511,_
R481,R481
C3101,C310
S0562,S056
V3808,_
P555,_
A258,_
A662,A662
S3649,S364
M8409,M8409
W8708,_
G723NO1,_
5595,_
D391NO0,_
T284,T284
L0393,L039
J3021,J302
C8593,C859
L6010,L601
3861,_
F012,F012
R08,_
W2281,_
B048,B04
R1032,R103
K726,_
B24BL4,B24
V091,_
W1489,_
N162,N162
Y3399,_
P5210,P521
M2670,_
P381,P38
K5220,K5220
K350X,_
M6562,_
W165,_
C4031,C403
A909,A90
E35,_
H4940,H494
W0208,_
E878N1,_
N2879,_
M456,M456
V2608,_
Z343,_
D406,_
W408,_
693,_
V,_
E1482,E148
H4782,_
I549,_
M183,M183
T405,T405
W5591,_
E0810,_
S050UO71,_
L0421,L042
J0630,_
K42OU71,_
L0888,L088
Y0949,_
E0932,_
K0311,K0311
T2921,T292
L9892,L989
O9840,O984
F66,F669
N96NO2,N96
D619NA,_
9P,_
I109NO6,I10
D6480,D648
512A,_
J935,_
I331,_
P965,P965
M329NO,_
I469NO8,_
S7029,_
S134ST009,_
K6282,K628
K180,_
Q6501,Q650
M2161,M216
T593,T593
M0001,M0001
L744,L744
B35,B359
D503,_
H95,H959
O228,O228
L661,L661
W2909,_
598,_
0011,_
G149,G14
Q818,Q818
M4364,M436
M8725,M8725
B629,_
T392,T392
V2702,_
E8311,E831
R6011,R601
K2912A,_
E2361,E236
D649NO4,_
G8192,G819
K9289,K928
S113,_
J449NO1,_
K618,_
K519NA,_
M7103,M7103
U0713,_
M3436,_
Y0461,_
S8215,S821
J90X,J90
M6659,M6659
L8905,L890
M9534,M953
W4903,_
S792,_
T8404,T840
D072,D072
A970NO0,_
G375,G375
G474,G474
D1812,D181
M4125,M4125
B034,B03
W0321,_
K6321,K632
O8291,O829
O315,_
S5420,S542
L7219,L721
522,_
T8651,_
Z0346,Z034
1838,_
L7202,L720
V0199,_
W1780,_
H364,_
S9122,S912
Z011D,_
0717,_
M1A4,_
O64OX0,_
O8207,O820
665,_
K6031,K603
O809Z9,_
E079NONE,_
M936,_
G890,_
L369,_
B252,B252
L082,_
O0096,O009
M8587,M8587
D481NA,_
T0141,_
E1141,E114
J1112A,_
Q6692,Q669
K409NO1,_
Y0899,_
W2993,_
I6796,I679
I109I7,I10
0390,_
M899NONE,_
L628,L628
T205,T205
M3986,_
5467,_
I541,_
N781,_
L879,L879
W5500,_
O688O,_
N8005,N800
I5081,_
G975,_
O8703,O870
N186NO39,_
O3680,O368
O234X0,_
M8471,_
Z652,Z652
N359NO1,_
T7990,T799
J792,_
J3922,J392
R720,R72
C920NONE,_
V2219,_
A1839,A183
F1925,F1925
M1601,M160
M268,_
C373,C37
M45A2,M45
M788,_
S7219,S721
G723Z3,_
846,_
D500S0Z9,_
V409,_
K011NA,_
E163,E163
M343,_
T8732,T873
X781,_
792,_
H5882,H588
N3610,N361
N901,N901
G871,_
M9330,_
E505,E505
W2501,_
W217,_
P0088,P008
P2099,P209
W0121,_
X0893,_
M479X,_
D2351,D235
U820,_
0D,_
Y3489,_
2389,_
W5904,_
G2P2,_
M7295,M7295
H1142,H114
O0054,_
T8610,T861
H5050,H505
M6201,M6201
O2240,O224
C488,C488
W5588,_
K4611,K461
V2201,_
D2191,D219
M0,_
A1782,A178
H3000,H300
202,_
V82,_
W1419,_
Z01807B2,_
Z0156B2,_
B391J172,_
Y1599,_
W0980,_
T1481,T148
I4931,I493
Y098,_
S535,_
9369,_
H3681,H368
Z3878,Z387
0800N0,_
W33,_
T1404,T140
V2494,_
F4521,F452
J3889,_
W1778,_
O0820,O082
Y438,_
Y95N1,_
X508,_
O9932,O993
J960LO22,_
0151,_
X010,_
I8381,_
H291,_
T9300,T930
L689,L689
M0007,M0007
M3644,M364
D111,_
S8331,S833
E1409B,_
H3595,H359
T3109,T310
W1421,_
H4320,H432
D670,D67
M7013,M701
Z580,Z580
T2511,T251
R07,_
V8990,_
M2109,M2109
A970AO99,_
K3232,_
C006,C006
S8269,S826
N40NO2,N40
I119NO9,_
M4390,M4390
R10O,_
S5891,S589
J1182,J118
Y880,_
K8351,K835
J320NO0,_
Z01592,Z015
L0831,_
E0459,_
C9109,C910
S060X,_
0603,_
H7011,H701
G436,_
F135,F135
M1793,M179
C995,_
V2204,_
T0022,T002
C1821,C182
S0299,S029
H5051,H505
N039NOICDFOUND,_
D185,_
5460,_
H3682,H368
1708,_
W8512,_
D45X,D45
G4591,G459
G626,_
E1111,E111
B403,B403
N19NO3,N19
V566,_
M5117,M511
M057,_
Z3183,Z318
J9291,J929
H6605,H660
D324,_
J828,J82
O2690,O269
H5080,H508
I5092,I509
J320NO8,_
M361,M361
M61,M619
N200X,_
V0419,_
X1662,_
D189,_
5275,_
N2001A,_
I1105,I110
N518,N518
F711,F711
C0388,_
K8101,K810
M1913,M1913
O876,_
V2254,_
I248NONE,_
R914,R91
H402TRABECULECTOMYABEXTERNAOD,_
B0189,B018
M4118,M4118
2111,_
1024,_
T497,T497
C851M9590/3,_
X938,_
R902,_
M2192,M2192
Q7862,Q786
X593,_
M455,M455
55A,_
H0203,H020
M2042,M204
N9398,N939
E119N0,_
S952,S952
N2895,N289
K8620,K862
K8501,K850
M90,_
0096,_
Z011J,_
V4708,_
Z4589,Z458
S8249,S824
N740,N740
C2601,C260
R0918,R091
Q1820,Q182
J122,J122
O067,O067
N189NO9,_
A970EII9,_
N309NO02,_
D422,_
M7104,M7104
T96,T96
Y95NO0,_
A041,A041
V135,_
O378,_
Z2038,Z203
T744,_
O2435,O243
I517III9,_
A688,_
M7898,_
J3300,J330
L039NONE,_
R05I2,R05
P071PO71,_
S9350,S935
S0181A,_
Z799,_
C103,C103
M8968,M8968
T048,T048
J029NO02,_
O8700,O870
B199NO9,_
O244Z3A3,_
G953,_
G4300,G430
E667,_
C4981,C498
S283,_
S080XXS,_
C4471,C447
N3535,_
P329,_
H848,_
M281,_
E119NO9,_
D25ON93,_
D1600,D160
S404,_
T1421,T1421
M0636,M0636
F81,F819
M2206,M220
J1842,_
O491,_
R84,R849
I389,I38
K409NA,_
I4201,I420
K490,_
S7239,S723
V529,_
R145,R14
V2842,_
H551,H55
N349,_
D1802,D1802
P254,_
H91,H919
H479,_
V824,_
1110,_
M2118,M2118
B049,B04
A03,A039
T2412,T241
P518,P518
E0119,E011
S5097,S509
H378,_
N0232,N023
X749,_
E7909,E790
Z3A3,_
L0339,L033
L0311A,_
T8572,T857
S9580,S958
5960,_
K617,_
N3581,N358
M987,_
P095,_
E861NO0,E86
X97,_
V3769,_
E1157,E115
Q939,Q939
I340IO71,_
5502,_
C5698,C56
L3091,L309
M507,_
G5001,G500
Z9,_
93XA,_
M2306,M2306
S681X,_
0438,_
K30NO,K30
N19NO8,N19
P2004,P200
C9732,C97
M726NA,_
Q223,Q223
K8028,K802
I019I,_
M7182,M7182
H5341,H534
N3199,N319
H577,_
E0930,_
V011,_
O8929,O892
G94,_
F969,_
Z593,Z593
P419,_
S6441,S644
M909,_
C66NONE,C66
P316,_
O305,_
R226,_
B665,B665
O3422,O342
R5718,R571
T0090,T009
B3510,B351
I248I,_
F948,F948
0751,_
S7205,S720
D390NONE,_
W0698,_
Z8774,Z877
Z4919,Z491
N423,N423
M1844,M184
Y044,_
S6153,_
3500GRA0,_
S9001,S900
P0002,P000
Z34O,_
9489,_
A010NA,_
5699,_
N133NONE,_
H5279,H527
W2222,_
Y234,_
C180CARCINOMAN1,_
K531,_
Y446,_
B011,B011
R830,R830
R930,R930
S5632,S563
I206,_
S403,_
D0212,D021
J1490,J14
H908,H908
J3871,J387
J1181,J118
M329NO7,_
5889,_
X4704,_
E91,_
T7800,T780
S5192,S519
E0832,_
K5630,K563
121A,_
368,_
1044,_
O358XX0,_
C1191,C119
V8923,_
R339NJ81I2,R33
F422,F422
B212,B212
J9,_
H8111,H811
Z370Q,_
D126NONE,_
X0803,_
S8111,S811
N221,_
K2061,K20
G36,G369
B570,B570
S5980,S598
Z185,_
N083EII9,_
A152UO71,_
Y1699,_
S913TYPEA,_
O001OOO1,_
709,_
V3859,_
J239,_
I8495,I849
R586,R58
Z9360,Z936
H9319,H931
I939,_
V884,_
S2114,S211
K2319,K231
N1709,N170
O053Z3A1,_
O9950,O995
H5060,H506
X939,_
Q2409,Q240
N200K,_
M7112,M7112
M7621,M762
N4456,N44
O829Z,_
I8261,_
S3341,S334
O0059,_
D2341,D234
M1720,M172
R750,R75
S7691,_
W4009,_
O5810,_
L031NO8,_
H814NO2,_
V2609,_
T8590,T859
Z4491,Z449
H653HI48,_
Z587,Z587
B176,_
N1083,N10
X176,_
0268,_
I7020,I7020
S1202,S120
Y481,_
I392,I392
L938,_
S4205,S420
Q64,Q649
K1161,K1161
N3600,N360
V0309,_
Y0044,_
D1329,D132
O2230,O223
W1822,_
M0531,M0531
H390,_
N844,_
H0233,H023
J433,_
W1792,_
0609,_
E4,_
Z574,Z574
U251,_
F204,F204
G911NO8,_
H5881,H588
O284,O284
K08NA,_
X79,_
R25,_
X3399,_
A1621,A162
N6450,N645
S2239,S223
K055NA,_
H262NA,_
X159,_
H1039,H103
5622,_
U0717,_
0X9A,_
S294,_
876,_
I4900,I4900
S9339,S933
K31AO,_
C0050,C005
P502,P502
T1601,T16
E20NONE,_
K5780,K578
P499,_
3518,_
O52AS91,_
G455,_
O0990,_
I259M1A9,_
W0099,_
R124,R12
G7001,G700
X0199,_
N3040,N304
M9394,M9394
R53ZO17,R53
Q135,Q135
S771,S771
Y524,_
F421,F421
I251III9,_
S4602,S460
M2127,M2127
Y622,_
O306,_
H3391,_
M1817,M181
H4032,H403
W2522,_
C8470,C847
W2293,_
O821OO31,_
M704NA,_
I2199,I219
B33,_
J4481,J448
W67,_
L2083,L208
K2922,K292
M5104,M510
M5137,M513
T0399,T039
M2484,M2484
A579,A57
I1498,_
O4690,O469
V1799,_
B281,_
1750,_
E308,E308
C3409,C340
Q1782,Q178
N139NN40,_
I833,_
M8558,M8558
J301NO1,_
O9900,O990
C9021,C902
A871,A871
M5039,M503
M2070,_
D2805,D280
715,_
5514,_
D391Z3,_
J1829,J182
Y85,_
V531,_
I639NO73,_
X6008,_
W5088,_
N206,_
M8314,M8314
420,_
G653,_
J115,_
D5008,D500
J1603,J160
W1142,_
V1934,_
L0991,_
L62,_
23B,_
K3539,K353
S9421,S942
D51,D519
X435,_
Z4910,Z491
E0510,E051
K6680,K668
H4733,H473
W5689,_
C193,C19
P0519,P051
M7190,M7190
T8144,T814
Z542,Z542
L724,_
Q2931,_
E0599,E059
S5229,S522
01G,_
M62621,M626
M0140,M0140
P831PO81,_
C6901,C690
Q699X,_
O3649,O364
Z1385,Z138
I678NA,_
Q39,Q399
A1820,A182
M9672,_
W2291,_
A4196,A419
O417,_
S9236,S923
M193,_
Z8572,Z857
H3202,H320
L251,L251
Z680,_
I6320,I632
N402A,N40
I420I5,_
S5205,S520
D380N8,_
M5435A,_
A1502,A150
T1600,T16
A395,A395
I398,I398
S4599,S459
M8994,M8994
J048,_
A119,_
K779,_
1146,_
H4281,H428
O767,_
K4001,K400
J1800,J180
R5610,_
M7971,M7971
I6903,I690
U803,_
W1373,_
K4295,K429
E119I9,_
O8089,O808
H604O,_
C0909,C090
V530,_
C0801,C080
I484,I48
W368,_
P0722,P072
L649,L649
Y048XXA,_
I294,_
M5125,M512
A170DAGGER,_
O950,O95
S368TO65,_
S9989,S998
A449,A449
S1721,_
I8782,I878
E634,_
N9410,N941
167,_
M3695,_
V9499,_
O4411,O441
K5013,K501
S479,S47
S47,S47
S291,_
S1310,S1310
N420NO0,_
Q2732,Q273
M1066,_
I9,_
R039,_
S4308,S4308
D839,D839
Z013,Z013
C533,_
L019,_
C041,C041
M1917,M1917
D614,_
O693O,_
O8157,O815
M1961,_
R502,R502
P9163,P916
S6119,S611
K039,K039
P049,P049
G54,G549
L0225,L022
458,_
U071UO89,_
Q354,_
T8249,T824
E438,E43
H6702,H670
Q061,Q061
N2081,_
J2189,J218
K682,_
K6100,K610
1432,_
H1011,H101
A441,A441
S0283,S028
X0998,_
K566NO2,_
G560NA,_
O9122,O912
D990,_
N6362,N63
M248NA,_
K802NO0,_
L443,L443
T1792,T179
W2124,_
H9120,H912
B508,B508
2381,_
Z0116,Z011
G2,_
E225,_
V1989,_
Q1210,Q121
L839,L83
I6521,I652
K437,_
D206,_
K1512,_
I7001,I7001
5773,_
V5749,_
J8109,J81
W2002,_
D3525,D352
N189NO01,_
M1635,M163
C651,C65
Y426,_
D789,_
N4822,N482
F342,_
M01X0,_
O691O8,_
E8614,E86
N201NO1,_
L329,_
H6082,H608
J842,_
S5630,S563
Y3629,_
O140Z9,_
C80M8,C80
D1521,D152
M8489,M8489
M8089,M8089
C189I,_
K638NA,_
K8107,K810
C7460,_
T370,T370
M7011,M701
6723,_
S015S2,_
J20UO71,_
O623O,_
K5671,K567
F509,F509
M2155,M215
M2176,M2176
Z993,Z993
U949,_
W2498,_
H5703,H570
S5171,S517
V2008,_
J1892J91,_
B2592,B259
L520,L52
D603,_
C509ZJ90,_
W0301,_
Q6231,Q623
D3691,D369
K922NO,_
M2598,M2598
W6984,_
M0890,M0890
T055,T055
G4000,G400
E142N2,_
Z015B2,_
S816,_
Z9664,Z9664
T2020,T202
S4161,_
S3532,S353
S3652,S365
77,_
L8912,L891
042,_
J480,_
T340,T340
T8252,T825
4D,_
F782,_
S8540,S854
D391D,_
T3100,T310
G469,_
S3132,S313
W3448,_
O756OO601,_
S8332,S833
O9945,O994
14,_
F606,F606
G018,G01
T415,T415
L306,_
H840,_
M7042,M704
T4361,T436
M5080,M508
U1893,_
K4311,K431
M9808,_
N551,_
M312,M312
A4801,A480
M946,_
J90UO71,J90
D092,D092
653,_
D183,_
D2715,D27
N2808,N280
J4395,J439
M4698,M4698
V1844,_
N1398,N139
O647,_
E3602,_
R1122,R11
R404,_
T169XXA,T16
J4401,J440
N1510,N151
M7960,M7960
M3180,M318
Y911,_
S3151,S315
I4892,I48
Z220,Z220
N739NO0,_
6408,_
S6205,S620
M7062,M706
S3522,S352
E220M1Y5,_
N7508,N750
J8492,J849
S948,S948
P950,P95
D3131,D313
061,_
A350,A35
S2994,S299
C56NO0,C56
D649D,_
H7192,H71
I1094,I10
P057,_
R511,R511
Z2380,Z238
W5009,_
S3691,S3691
E828,_
A748,A748
M11,M119
M2781,_
M2105,M2105
F1290,F129
K2951,K295
H2699,H269
N1703,N170
H03,_
A545,A545
C1193,C119
V5999,_
W1718,_
S6359,S635
I1893,_
O4200,O420
N3892,_
A312,_
M5002,M500
H1052,H105
P596,_
D458,D45
K3519,K351
S6639,S663
I200I5,_
J908,J90
W5455,_
Y79,_
A921,A921
S8120,_
Z2000,Z200
S0614,S061
W1328,_
Z208C,_
S0615,S061
C936,_
S078,S078
Z1013,Z101
O821Z0,_
Z7629,Z762
L948,L948
C349M9CC3,_
S02A,_
J111JO33,_
Z0157A1,_
O321XX0,_
E639E8,_
V74,_
B9129,B91
J211,J211
D3617,D361
M480NONE,_
M1304,M1304
V92,_
O80O,_
I782,_
D483NONE,_
V2794,_
L8090,L80
W4580,_
O778,_
M890,M890
1808,_
Q7800,Q780
F292,F29
L0334,L033
I174,_
F709,F709
N189NO5,_
Z0157,Z015
L8940,L89
Y2988,_
M8815,_
K879,_
T082,T08
I2408,I240
I7762,I776
R603,_
Z371O,_
J0620,_
T7942,T794
E86NONE,E86
M93,M939
H5030,H503
L770,_
S3645,S364
K650K0,_
M9596,M959
D816,D816
S598W,_
D3520,D352
D512,D512
E1452NONE,_
B740,B740
D628,D62
J248,_
I8391,I839
N405A,N40
N1850A,_
5569,_
S621X,_
0994,_
H4501,H450
E886,_
N073,N073
Z01811B3,_
S0208,S020
P602,P60
H6642,H664
G5109,G510
O254,O25
Z8751,Z875
E876UO71,_
Z19,_
W457,_
X9904,_
O003,_
W3073,_
M6628,M6628
V0290,_
1351,_
I639N,_
W3126,_
K1291,_
128,_
J4480,J448
W3169,_
C932,C932
M6542,M654
K769NO2,_
L599,L599
S263,_
G955,_
K556,_
V8059,_
K603NA,_
O453,_
I7810,I781
Z340Z9,_
C541EII9,_
H54,H549
P0019,P001
H7193,H71
R820,R820
G459MO69,_
R364,R36
W492,_
X0919,_
H1883,H188
A970LO21,_
L03221,L032
J3503,J350
J7893,_
H616,_
W046,_
Y633,_
M0010,M0010
D4951,_
E517,_
Z670,_
S953,_
K3509,K350
O238,_
S4431,S443
K7601,K760
N390NO03,_
H8399,H839
A680,A680
N6330,N63
N381,_
7887,_
Z460,Z460
W254,_
X867,_
A162X,_
J3381,J338
K824K,_
M8706,M8706
D693NONE,_
Q293,_
L0262,_
E7622,E762
I7210,I721
N779,_
S6325,S632
P083,_
O3395,O339
H5315,H531
I2498,I249
M2762,_
O1500,O150
T985,_
M7932,M7932
V831,_
209,_
X94,_
M558,_
1050,_
D6382,D638
V2740,_
M2570,M2570
S9362,S936
N822,N822
L0101,L010
G4592,G459
O020Z3,_
K30X,K30
O827,_
C7611,C761
S008S,_
T2335,T233
I961D,_
B9691,_
H2142,H214
X90,_
M634,_
L372,_
H493,H493
D1410,D141
P130,P130
F3189,F318
O0801,O080
C8591,C859
M8381,M8381
Y364,_
M4140,M4140
G343,_
A798,A798
M8845,_
V3809,_
H821,H82
D181G,_
222C,_
779,_
Z731,Z731
I6001,I600
N408,N40
Z01811A2,_
Z0900,Z090
A227,A227
C4391,C439
K5109,K510
I1250,_
M4819,M4819
J92,J929
I101M1,I10
X5893,_
11C,_
M967,_
V4399,_
M1129,M1129
Y4309,_
Y5199,_
M9140,_
R699,R69
V892X,_
O8109,O810
W493,_
K203,K20
V2708,_
H5260,H526
Y551,_
E70,E709
I6396,I639
R547,R54
J920,J920
718,_
M10D,_
W1944,_
118,_
M8035,M8035
Y302,_
W7399,_
S8202,S820
M4188,M4188
X36,_
Z423,Z423
Z3871,Z387
J91T8,J91
Z491E,_
V1801,_
R1301,R13
Z803,Z803
Y0989,_
L89NONE,L89
D1210,D121
D1804,D1804
E8736,E873
T342,T342
O46,O469
I487,I48
U078,_
K412,K412
I500NONE,_
5823,_
W790,_
J2090,J209
Z1115,Z111
Z029,Z029
L6040,L604
R033,_
V2748,_
Y783,_
G435,_
S6600,S660
I499NONE,_
S8264,S826
M6192,M6192
T1141,T114
M4400,_
C6201,C620
I6141,I614
I810,I81
J709UO71,_
Q722,Q722
E119EE12,_
M313NA,_
E145NO83,_
D417,D417
Z832,Z832
E0838,_
K830NONE,_
0652,_
B824,_
M3799,_
X1094,_
T1110,T111
T0080,T008
K8022,K802
V9732,_
B14,_
S6831,S683
L031MO08,_
A162N,_
O657,_
J9399,J939
M811,M811
C1711,C171
W2000,_
S4361,S436
M1462,M146
M7,_
N40NO7,N40
O0099,O009
M9195,M9195
Q152,_
V330,_
I8229,I822
S6225,S622
W0859,_
5621,_
911,_
F1728,F172
W3228,_
S4203,S420
G5632,G563
J183,_
O6480,O648
E258,E258
T003TOO2,_
J9988,J998
J8692,J869
Z9302,Z930
D736,_
N978NO1,_
J9312,J931
D500X,_
C7141,C714
M9382,M9382
Z3585,Z358
C327,_
H4440,H444
M2222,M222
W8788,_
M328NO1,_
Q1999,_
B1819,B1819
M8682,M8682
P760Z,_
T201A,_
C0209,C020
W909,_
T,_
G009NO0,_
D486NA,_
Z01808B2,_
M00960,M009
0665,_
T665,T66
K4590,_
A428,A428
T7801,T780
C725E,_
Y336,_
J36NONE,J36
L0289,L028
O709O8O9,_
I2690,I269
D617,_
N189NI29,_
M1898,M189
O97,O97
J8992,_
I248HYPOZ867,_
1405,_
M2449,M2449
P473,_
L8512,L851
Z9885,Z988
M8121,M8121
I1479,_
G601,G601
D1793,D179
E871EII9,_
D040,D040
S7085,S708
A053,A053
R97,_
F519,F519
A508,_
G811A,_
C189I9,_
A1812,A181
J2099,J209
Y95C9,_
Y0488,_
A079AO69,_
S513,_
Z7729,_
C591,_
M1382,M1382
O325Z3,_
I1502,I150
Y632,_
Q7012,Q701
A288,A288
S413,_
S922TOO9,_
K434,_
6581,_
J3980,J398
E72,E729
G844,_
M897,_
Z9361,Z936
J1821,J182
V8921A,_
K2912,K291
H6903,H690
N1099,N10
J069UO71,_
M4126,M4126
V684,_
S0241B,_
E790I1O1,_
I733,_
T14TW55,_
D3750,D375
I732,_
K361,K36
O300O1,_
S3010,S301
X659,_
U99,_
N4405,N44
C5002,C500
X9998,_
Y555,_
K566UO1,_
L9805,L980
562,_
H060,H060
2304,_
I498NO6,_
A1880,A188
I618NO0,_
T8455,T845
Q1722,Q172
H0510,H051
W2594,_
E119II9,_
D711,D71
E4922,_
4112,_
W0803,_
N115,_
Z355O,_
S6222,S622
S2760,S2760
Q175,Q175
M7241,M7241
C513,_
S0659,S065
V6121,_
C6260,_
N1953,N19
N034NZ038,_
M9707,_
M6742,M6742
Y1709,_
H0456,H045
Z208E,_
C1103,C110
S0505,S050
154,_
Z476,_
M7119,M7119
X1499,_
Y635,_
B88,B889
M1920,M192
T457,T457
W1821,_
B84,_
M733,_
L198,_
E7162,_
D649E1,_
F189,F189
I4599,I459
H132,H132
R2234,R223
5611,_
M4814,M4814
R0582,R05
S169,S16
W8612,_
J9425,J942
K216,_
S630TYPEA,_
X5980,_
A361,A361
S563X,_
V3252,_
R48,_
H5709,H570
B872,B872
V690,_
E276,_
Z1501,_
J4221,J42
Z140,_
D3601,D360
W799,_
Z370PO81,_
X2221,_
1571,_
M2169,M2169
M110,M110
L76,_
8241,_
E1175,E117
S822B,_
A852,A852
G009NO8,_
9K,_
O6410,O641
N4001,N40
S8620,S862
M0156,M0156
H0531,H053
K9041,K904
A419AI62,_
W1108,_
S4206,S420
X89,_
I1299,I129
H095,_
J3484,J348
V2703,_
S8520,S852
H413,_
O8689,O868
A262,_
G547,G547
P9391,P93
J3532,J353
X5073,_
J71,_
F,_
S7001,S700
T535,T535
O691XX0,_
W232,_
L0391A,_
M401,M401
Z9690,Z969
O621O0,_
O4290,O429
M8143,M8143
Q733,_
T2132,T213
Q2739,Q273
A419EII9,_
N390Z3A2,_
P073Z,_
Q186,Q186
S75,S759
K1,_
E115LO31,_
W0499,_
G4380,G438
E360,_
N185N9,_
J441NO02,_
W0381,_
C8523,C852
B030,B03
O247,_
0063,_
S5249,S524
S6613,S661
M4852,M4852
S5103,S510
D298,_
M7486,_
T009S,_
Z9670,Z967
S9342,S934
N458,_
A14,_
D1671,D167
O3432,O343
S9818,S981
L051,_
E341,E341
R489,_
I109I,I10
S8324,S832
S815,_
S064X9,_
K830KT855,_
D314,D314
T6589,T658
M6022,M6022
M2183,M2183
J9101,J91
G8380,G838
M129,_
A272,_
A0520,A052
L0236,L023
L7212,L721
1930,_
I7211,I721
W2033,_
2339,_
J241,_
L931NONE,_
5461,_
I388,I38
S702,_
V0922,_
J960M9,_
M2113,M2113
E112NO39,_
N185NO8,_
F0391,F03
S8621,S862
R362,R36
K133,K133
S7002,S700
X009,_
M2123,M2123
S0267,S026
Q1802,Q180
F90,F909
L235,L235
Z380ZA01,_
H6507,H650
P888,_
Q777,Q777
R204,_
J4501,J450
K0401,K040
B0232,B023
H4692,H46
1309,_
P311,_
P148,P148
V929,_
Z024,Z024
Y47,_
J4552,_
A019,_
E1O9,_
5631,_
M635,_
8219,_
D07,_
W520,_
W040,_
Y922,_
M844O3,_
679,_
B761,B761
B573,B573
M7248,M7248
J631,J631
C4322,C432
I7710,I771
M2634,_
1713,_
K802NI79NI89,_
H7191,H71
A970JOO,_
X4789,_
T5929,T592
W3382,_
K623NONE,_
E861NA,E86
N939X,_
S9521,S952
K7490,_
E894,E894
V125,_
D1360,D136
R9381,R938
D031,D031
D649EH2,_
H6221,H622
C2591,C259
S3994,S399
Q899X4,_
D7212,D721
M399,_
T1430,T143
I506,_
A785,A78
N189I,_
G8022,G802
B151,_
S1411,S141
I8510,_
I9750,_
0S,_
E8750,E875
292A,_
4515,_
F8039,F803
P6983,_
I897,_
M852,M852
O021OO64,_
2988,_
D24NONE,D24
M7036,M703
Z3680,Z368
R703,_
K5621,K562
Z370UO71,_
3601,_
C0,_
P073PO17PO34PO71,_
N6120,N61
J9182,J91
M3213,M321
H190,H190
N192,N19
Q68,_
N2884,N288
K761NO9,_
P2450,_
H1022,H102
S074,_
E162NO0,_
R7307,R730
H4220,_
S011SO11,_
Z732,Z732
N996,_
517,_
F169,F169
M8585,M8585
G629NONE,_
C600,C600
T778,_
Z763,Z763
N4011,N40
T690,T690
J1899Y9,_
O972,O97
Z9483,Z948
T365,T365
S8288,S828
E1340,E134
H1030,H103
T379,T379
A430,A430
M5800,_
N0502,N050
W545,_
M1109,M1109
A53,A539
Z380ZI35,_
M2591,M2591
C9509,C950
J334,_
W252,_
Z325,_
K4409,K440
H2568,_
O1021,O102
E275,E275
M9063,M9063
O3021,O302
O3653,O365
V819,_
C5490,C549
A118,_
E7859,E785
K802M1A9,_
L814N,_
C7700,C770
N4056,N40
S3310,S331
T564,T564
G587,G587
140,_
S4810,S481
P7043,P704
W8781,_
N329NONE,_
E578,_
M79A,_
I129II01,_
N039NI89,_
O190,_
E119I0,_
M4136,M4136
M8186,M8186
2581,_
J461,J46
I2609,I260
J1888,J188
S7490,S749
H5292,_
D73,D739
D1739,D173
315A,_
B471,B471
F619,F61
Z018161,Z018
R0021,R002
V970,_
0809Z3OO,_
H464,H46
W2989,_
F130,F130
F607,F607
Y0881,_
1504,_
N12Z4,N12
Z4391,Z439
M828,M828
B91,B91
B100,_
H110D,_
I561,_
R211,R21
J2291,J22
M9561,_
O3350,O335
S060X0AS08OX25,_
G466,G466
N721,N72
C883,C883
S471,S47
I107,I10
5112,_
J671,J671
N975,N975
K922YY53,_
K269NONE,_
I8030,I803
Q029,Q02
K35O,_
I1310,I131
M3592,M359
I099NONE,_
I7218,I721
P990,_
M0626,M0626
5600,_
I6354,I635
L0317,L031
I217,_
W4494,_
X6919,_
D2921,D292
S161XXA,S16
S292,_
E5990,E59
I509NO342,_
W3430,_
R575,_
D6499,D649
M9133,M913
K802NO01,_
E1119,E111
S374,S374
939,_
G159,_
T2510,T251
V959,_
A7290,_
J931NONE,_
E142N0S3,_
D931,_
K30NO9,K30
V1248,_
S6666,S666
V2858,_
W2283,_
J222,J22
M4007,M4007
C780G9,_
S6160,_
M6789,M6789
N39O,_
K8311,K831
M7732,M773
K0980,K0980
2591,_
Q6103,Q610
R317,R31
M5403,M5403
J9858,J985
W0920,_
M9499,M9499
W6980,_
T0580,T058
C114,_
E850,E850
U011,_
M730,M730
H2022,H202
H2119,H211
Y493,_
Q3802,Q380
L59,L599
M7687,M7687
M8433,M8433
E885,_
W5131,_
K3508,K350
X319,_
P9946,_
S8244,S824
Z015A2,_
M6968,_
I1289,_
V383,_
N939SP,_
D177X,_
S6411,S641
C330,C33
K4201,K420
E181,_
E86I,E86
D5000,D500
S2739,S273
M0006,M0006
0909,_
E746,_
5898,_
S4429,S442
Z7370,_
O903Z3,_
I120ILL9,_
N9380,N938
Q7900,Q790
S9143,_
N7090,N709
E8765,E876
W5493,_
L509NO1,_
S5501,S550
M812,M812
E861E,E86
W0141,_
L061,_
W1403,_
S5825,S582
T472,T472
Z0142BL,_
Z01801C1,_
P771,P77
R239,_
H401NA,_
M0849,M0849
C50NA,_
O0901,_
D4109,D410
S5262,S526
I472NO7,_
K373,K37
H296,_
D370I,_
0370,_
G235,_
K2931,K293
M1017,M1017
C576,_
G3183,G318
T2014,T201
J683NONE,_
N69,_
W4062,_
S966,_
W1840,_
K9419,_
178,_
J498,_
M149,_
D469D8,_
R1350,R13
H1800,H180
N40NA,N40
W5090,_
W4908,_
M956,_
Z1889,_
O141Z9,_
W3108,_
M6219,M6219
V3949,_
N258Z4,_
M6727,M6727
O0995,_
271,_
0619,_
C509C,_
N083IMPO1,_
N728,N72
S168,S16
R869,R869
Q8979,Q897
O800Z0,_
S6086,S608
S9712,S971
E2839,E283
5554,_
A169EII9,_
Y95NO8,_
E0829,_
01A,_
M071,M071
G309F9,_
Q6921,Q692
W539,_
P2889,P288
M657,_
E459,E45
O149O,_
I5189,I518
S55,S559
S3153,S315
E410,E41
S5509,S550
M0579,_
N19UO71,N19
L0320,L032
Y247,_
C149,_
S9813,S981
C183M8,_
E8611A,E86
K1490,K149
A222,A222
M9030,M9030
S0128,S012
Z3380,Z33
E109JO69,_
M2313,M2313
M2383,M2383
Z2436,Z243
M1502,M150
O6313,O631
N40NO,N40
B3741,B374
S1400,S140
W093,_
S6112,S611
M8382,M8382
T419,_
M6195,M6195
H5072,_
9984,_
B551,B551
O0930,_
219,_
U640,_
M4903,M4903
I8901,I890
K0405,K040
T9040,T904
U1039,_
5765,_
E059NO9,_
E3503,E350
32,_
E699,_
M9610,M961
I639III0,_
C129,C12
T544,_
L702,L702
S5890,S589
4900,_
N098,_
V2090,_
R852,R852
S8510,S851
S8670,S867
W1113,_
X548,_
X0892,_
M4880,M4880
G368,G368
G485,_
S123,_
7371,_
M4613,M461
S2320,S232
N0857,N085
Z4831,_
Z1432,_
H0213,H021
X018,_
N185XA,_
X2199,_
T6344,T634
M8740,_
M7650,M7650
N1313,N131
M571,_
S1080,S108
T885,T885
R548,R54
W1859,_
S230,S230
M6159,M6159
T727,_
Z392Z3Z0,_
S486,_
X422,_
Z511B,_
D3102,D310
8108,_
G828,_
L029NA,_
S6326,S632
O1418,O141
M7209,M7209
V988,_
K855,_
N289NO3,_
M7600,M7600
H4621,H46
D3811,D381
V0251,_
F876,_
I887,_
I6342,I634
C5031,C503
M9845,_
S9349,S934
G7101,G710
O132,O13
B339,_
O2141,_
O1124,O11
O0020,O002
I785,_
E876UO72,_
M4389,M4389
A78J178,A78
M4857,M4857
T531,T531
E666,_
E2432,E243
1190,_
S2661,_
N529,_
D245,D24
1630,_
I8312,I831
J9611,J961
S368ST811,_
D6449,D644
S0014S0A,_
L0202,L020
S188,S18
Z3A4,_
S2129,S212
0B,_
U72,_
J492,_
A78,A78
T1313,T131
E345,E345
I619NONE,_
6419,_
Z407,_
W598,_
M4384,M4384
181,_
S009SO51,_
V8372,_
0678,_
N496,_
M062,M062
H1021,H102
W288,_
M2117,M2117
B938,_
Z044,Z044
J9380,J938
Z9484,Z948
D6492Z3,_
S8193,S819
S7070,S707
B849,_
K6333,K633
V2829,_
J420,J42
M4793,M4793
Z3799,Z379
G809NONE,_
A1850,A185
I629III9,_
Z0511,_
S288,_
Z30017,Z300
M5458,M5458
Q3551,Q355
M255NA,_
N979NONE,_
O177,_
I682,I682
J919,J91
M9182,M918
V5469,_
R412,R412
I469J1,_
N2008,N200
W441,_
S7103,S710
J9859,J985
M4026,M4026
T0210,T0210
M8735,M8735
G4310,G431
Q5325,Q532
E1189,E118
8150,_
5212,_
J1849,_
K9132,K913
H9381,H938
I119IO98,_
M7766,_
S5642,S564
A060E8,_
J320NO7,_
P0733,P073
E1155,E115
99SO60,_
6682,_
K2989,K298
M0118,M0118
G342,_
B530,B530
G9191,G919
P073P0O9,_
Q1502,Q150
L6090,L609
F140,F140
E775,_
L569,L569
Y333,_
P0521,P052
S2750,S2750
M6473,_
M895NONE,_
A899,A89
M0290,M0290
Z224,Z224
C8597,C859
O222,O222
T8361,T836
X1409,_
P264,_
Y8981,_
N401NONE,N40
O064OZ33,_
M379,_
803,_
E339,_
L631,L631
S420SO65,_
L0662,_
M15O,_
J3405,J340
R0910,R091
R598,_
O1523,O152
S424TYPEA,_
S295,_
M883,_
Z972,Z972
J9180,J91
H6991,H699
0140,_
C56NO244,C56
B271,B271
H2390,_
O2343,O234
E510,_
C3201,C320
M6796,M6796
J83,_
S1402,S140
R5798,R579
845,_
O136,O13
Q28,Q289
K831NO9,_
U851,_
1580,_
T348,T348
M5010,M501
C189C9,_
E244,E244
P787,_
T2126,T212
C333,C33
J630,J630
M4042,M4042
J160,J160
S420ST002,_
M6252,M6252
M796NONE,_
S5690,_
O716,O716
X149,_
F49,_
M8221,_
W6403,_
C6801,C680
O990Z3,_
W1841,_
Y2898,_
P599PO11,_
W79,_
M721,M721
H3003,H300
M9004,M9004
Z766,_
T1410,T141
K8046,K804
Z4730,_
S4191,_
S90A,_
S4131,_
F878,_
O4102,O410
C2513,C251
D376NO4,_
I179,_
366,_
M2469,M2469
X140,_
N885,_
N8352,N835
O303,_
H4043,H404
K2599,K259
N2,_
I222,_
P621,_
H9501,H950
O7210,O721
S1179,S117
8A,_
H880,_
T6117,T611
E1A,_
M7632,M763
Y0452,_
T1803,T180
G911G5,_
T1582,T158
S9112B,_
D1012,D1012
Y8799,_
N3281,N328
J1192,_
S6910,_
I64Y,I64
E0581,E058
K831NA,_
R558,R55
U100,_
W65,_
Z9380,Z938
P042,P042
I099NO9,_
O1092,O109
K839NONE,_
H2126,H212
H488,H488
N510,N510
N2891,N289
X5811,_
K6030,K603
M8710,M8710
M4349,M434
E031NO2,_
V2304,_
T8465,T846
G4179,_
S0330,S033
E970,_
K9081,K908
L160,_
D4831,D483
E8751,E875
M8461,_
J984NO2,_
S339,_
W590,_
I251F,_
M798N9,_
M4004,M4004
X798,_
S3960,S396
D6388,D638
C509C1,_
R449,_
A418NA,_
I423,I423
Y3308,_
Y542,_
Z244,Z244
M0119,M0119
G55,_
O816,_
G409NO9,_
S0671,S0671
S6031,_
K7605,K760
D980,_
57,_
D858,_
H663X3,_
P773,P77
M993,M993
D4402,D440
W4520,_
S0108,S010
L079,_
N1298,N12
M2126,M2126
H3309,H330
K925,_
95,_
J960O,_
X988,_
O91,_
67B,_
S0015,S001
C7878,C787
0765,_
L,_
Y1941,_
G919XA,_
G314,_
M8495,M8495
B929,B92
Z30O1,_
O6002,O600
S9441,_
O3603,O360
X4872,_
1121,_
A917,A91
M500DAGGER,_
V396,_
K5901,K590
1695,_
M9971,M9971
B468,B468
Q6131,Q613
6939,_
N861,N86
C8580,_
O619O,_
N858NO1,_
P244,_
N200UO71,_
T2690,T269
K3059,K30
J690_U071,_
O0364,O036
E8060,E806
X3309,_
1088,_
D849NONE,_
M60,M609
C689Q,_
W2132,_
X0993,_
L0411,L041
C19PPI,C19
R138,R13
S6002,S600
H5182,H518
S8511,S851
S8631,S863
W2301,_
O363O,_
V534,_
O483,O48
R2209,R220
V4359,_
H3471,_
M9653,M965
H4430,H443
101C,_
M532X6,_
E119FH89,_
9820,_
372XB,_
M6790,M6790
K06NA,_
T374,T374
2AW19XXXA,_
I875,_
T0260,T0260
E1392,E139
D1034,D1034
F51,F519
J304NO820,_
Z761,Z761
K555,_
M2187,M2187
T890,_
T7501,T750
M269,_
S9123,S912
X5920,_
S8500,S850
V526,_
W4429,_
N1310,N131
Z3481,Z348
N390NO3,_
H3001,H300
I4,_
R688Y,_
NSD011,_
Y0428,_
Z679,_
E186,_
D1640,D1640
K5622,K562
S5336,S533
F45,F459
W1054,_
G9529,G952
B050,B050
S0599,S059
E119M1A9,_
D118,_
S7236,S723
I6602,I660
J81NO,J81
M8125,M8125
T3912,T391
S8639,S863
I8290,I829
H19,_
Q533,_
M7820,_
P062,_
J059,_
A0902,A090
Q326,_
C19C1,C19
S2022,S202
S970,S970
R5709,R570
F048,F04
T716,T71
Q064,Q064
O750Z0,_
J392NONE,_
D250DN939,_
M8425,M8425
Y0944,_
C9470,C947
B381,B381
I856,_
O3482,O348
G6281,G628
M3130,M313
M9750,_
W237,_
K8030,K803
W2998,_
G73,_
C2290,C229
K9402,_
S2109,S210
Q984,Q984
F1210,F121
K9681,_
E7892,E789
B0190,B019
S9832,S983
A422,A422
M1962,_
Z0123,Z012
I313NONE,_
1212,_
O381,_
9953,_
H603NONE,_
Q526,Q526
Z3560,Z356
I7099,I709
S5180W,_
M4392,M4392
Z752,Z752
M8153,M8153
W729,_
I251I1,_
S3980,S398
H4709,H470
L9710,L97
E023,E02
Y539,_
H2849,_
T944,_
K0475,K047
M8331,M8331
B9661,B966
Z237,Z237
H1312,H131
M9886,_
M0520,M0520
1350,_
T2399,_
N40X,N40
W0200,_
C7822,C782
S5050,_
V5499,_
E8720,E872
T1480,T148
Z719,Z719
T969,T96
W1890,_
X1901,_
J1112,J111
114,_
D24NA,D24
M2485,M2485
H041NONE,_
V30,_
A80,A809
J509,_
S068TO09,_
602,_
M5118,M511
S6989,S698
I270A,_
G351,G35
N1319,N131
O009Z,_
V5802,_
C879,_
P815,_
I500E,_
D3202,D320
O6939,O693
M4308,M4308
S3074,S307
C679NONE,_
O792,_
822,_
D744,_
V496,_
H5005,H500
E861SO99,E86
E458,E45
J429,J42
G8384,G838
B3789,B378
P3698,P369
N189D6,_
I1899,_
R570X,_
V4449,_
8800,_
O691O5,_
E092,_
V736,_
E880NO0,_
S9881,_
O777,_
A3700,A370
J960RO64,_
V68,_
N6102,N61
V2240,_
H11O,_
O990Z1,_
Z370N,_
W1498,_
K661D,_
E102NO83,_
M2481,M2481
Z0378,_
D500D,_
0819,_
O800Z3A0,_
D275,D27
H4901,H490
S3961,S396
I8725,I872
440,_
C259MORPHOLOGY,_
P770,P77
H679,_
M2341,M2341
Z380C,_
P321,_
D6309,D630
K8021,K802
M4657,M4657
11X,_
K567NA,_
2390,_
X498,_
I520,I520
O1892,_
N8030,N803
O6055,_
T8619,T861
D428,_
M3610,M361
E878UO71,_
C7807,C780
Q769,Q769
M6573,_
N068,N068
RFRHD21,_
T7422,T742
H2011,H201
E1065,E106
R9291,R92
L230,L230
H610NA,_
J4000,J40
M8371,_
F608,F608
6918,_
H4402,H440
H8100,H810
N3939,N393
R491,R491
S8243,S824
J313,_
W1103,_
Z1135,Z113
I6789,I678
N108,N10
G2111,G211
W1188,_
R2279,R227
J0189,J018
0806,_
B303,B303
R98,R98
J813,J81
W2694,_
P114,P114
E1039,E103
1489,_
C4912,C491
M8508,M8508
E119EII2,_
Y55,_
I248R0,_
T1119,T111
H5601,_
Y520,_
B968IY95,_
X453,_
S034,S034
M194,_
M7254,M7254
J852NO7,_
H5792,H579
S0810,S081
8861,_
A099E862,A09
B050G051,_
O246,_
I499NA,_
M8141,M8141
D2591,D259
M8151,M8151
I8622,I862
F11,F119
S065XA,_
P469,_
M4110,M4110
M3597,M359
M5732,_
O388,_
C2054,C20
X98,_
R510,R510
M6751,_
I109NO0,I10
L0601,_
Z8744,Z874
N1358,N135
H5240,H524
T8580,T858
A1090,_
G475,_
A1805,A180
O196,_
E358,E358
W234,_
R571RS71,_
M9202,M920
X4109,_
E876I,_
W1991,_
M0688,M0688
C1PIP1,_
5101,_
8255,_
Y771,_
H4610,H46
S0209,S020
N47NONE,N47
N18J,_
Z3692,Z369
Q725,Q725
B728,B72
F184,F184
A813,_
O184,_
D632,_
L518,L518
F1310,F131
M1922,M1922
E616,E616
S0179,S017
Z0809,Z080
802,_
D483I,_
Q814,_
V2649,_
W3404,_
5350,_
Z8241,Z824
D171NA,_
M2429,M2429
S6722,_
L00LO24,L00
Z3908,Z390
D62O1,D62
927,_
S6198,S619
Z3781,_
O8O8,_
E249N9,_
M9969,M996
4AW54,_
K8044,K804
I8739,_
H658,_
S251,S251
S253,S253
H5491,H549
S8086,S808
H9200,H920
6884,_
M6222,M6222
M9105,M9105
16,_
B66,B669
I76,_
S5264,S526
S8266,S826
I6712,I671
P7600,P760
D155,_
J1896,J189
A4192,A419
S6114,S611
O654O8,_
N185NO3,_
M7287,M7287
O800V,_
H1990,_
Z609,Z609
T683,T68
V2801,_
Q17,Q179
W145,_
T761,_
C7956,C795
W1831,_
M265,_
692,_
1426,_
K7589,K758
221B,_
Z8888,Z888
W1193,_
O9981,O998
F072SO62,_
J690NO39,_
M4694,M4694
K566X,_
M6152,M6152
S5030,_
H5890,_
V2308,_
K831NO0,_
P1201,P120
D259I,_
W0320,_
S828X,_
I6529,I652
X4009,_
K3500,K350
D968,_
A0802,A080
M0005,M0005
A1859,A185
7814,_
N210NONE,_
I7292,I729
W3198,_
R394,_
O9998,_
S0268,S026
330,_
1643,_
J1500,J150
Z8541,Z854
M8454,_
N2101,N210
I109NO5,I10
M8289,M8289
S6113,S611
I129NONE,_
273,_
I109LO24,I10
I333,_
D770,D77
S055X,_
E7900,E790
D1810,D181
J1892N390,_
D4061,_
J62,_
M2785,_
773,_
M2241,M224
M8557,M8557
O9809,O980
K596,_
7D,_
R912,R91
W2080,_
L9840,L984
M4216,M4216
T672,T672
D2272,D227
Z3021,Z302
I2001,I200
G861,_
D079,_
N2055,_
W2922,_
A83,A839
P716,_
T8484,T848
M8937,M8937
E8631,E86
M153,M153
J296,_
I21A9,_
K20NONE,K20
S3661,S3661
E640,E640
B800,B80
111A,_
T247,T247
I2582,I258
A531,_
M532NONE,_
V5939,_
H2110,H211
C5213,C52
W248,_
E642,E642
H1831,H183
O625,_
C719M8001/3,_
J304NO3,_
M0634,M0634
Y5480,_
S9052,_
G8330,G833
364,_
M8086,M8086
J863,_
4360,_
J394,_
I02,I029
H1161,_
D3270,_
P669,_
S0265,S026
788,_
O8091,O809
Y95NO01,_
K549,_
I620N0,_
U1049,_
P249_,_
C3001,C300
K6325,K632
B268,B268
O697,_
C8310,C831
R518,R51
S9231A,_
Z852,Z852
E231,E231
W0398,_
M0297,M0297
I7091,I7091
Y3409,_
P917,_
K666,_
T588X,T58
W8608,_
Z0152A2,_
V8788,_
I433,_
J138,J13
M2539,M2539
P2849,P284
M4706,M4706
M2462,M2462
M2001,M200
M7069,M7069
P796,_
J19,_
G723NONE,_
B461,B461
B8890,B889
I2508,I250
P2392,P239
M0648,M0648
V067,_
3380,_
W2500,_
N9061,N906
M2180,M2180
G5701,G570
M9281,M928
W116,_
I872NONE,_
E884,_
N189N,_
V2940,_
L812,L812
R9200,R92
M2311,M2311
X14,_
K769NO02,_
5422,_
D649ED5,_
I1239,_
C9052,_
Y0094,_
K746NO4,_
M8146,M8146
S3243,S324
202X4,_
X610B,_
C4312,C431
5202,_
E486,_
J3535,J353
262,_
M1705,M170
I7025,I702
Y9995,_
B039,B03
M968NA,_
C8300,C830
C539NONE,_
M8148,M8148
S9099,S909
C509\,_
J0694,J069
N831K,_
D84,D849
T0240,T0240
J304NO9,_
R786,R786
D259NO1,_
L024UO71,_
S4580,S458
W3163,_
R5602,R560
M4894,M4894
Z3047,Z304
B873,B873
H2532,_
X0193,_
Z4190,Z419
H648,_
S6629,S662
K029NA,_
O0012,O001
P78,P789
S3722,S372
S0272,S027
396,_
W016,_
C5699,C56
O159OZ356,_
E529,E52
F057,_
O9935,O993
H5200,H520
K4099,K409
V164,_
Z011G,_
G5612,G561
E31,E319
O724,_
R0481,R048
P420,_
J039NONE,_
D3132,D313
4071,_
K1130,K113
L089N8,_
S8232,S823
M7935,M7935
2329,_
O68O8,_
C697,_
N8505,N850
D3,_
U899,U899
I514NONE,_
M2000,M200
Q381Z,_
J181X,_
V0918,_
T2232,T223
2001,_
S6829,S682
5157,_
C1961,C19
O82O9,_
H7413,H741
D029,_
Z256,_
E993,_
S8996,S899
W569,_
P7889,P788
F1022,F1022
K529NONE,_
Y072,_
I8732,_
P73,_
H73,H739
N832NO8,_
C7926,C792
72,_
O8096,O809
K013,_
M1070,_
H4500,H450
A099C7A1,A09
5570,_
J1089,J108
I618NEWPACKA,_
P803,_
C9240,C924
0880,_
S3260,_
M0821,M0821
Q3710,Q371
I606N1,_
M7117,M7117
0707,_
C9290,C929
K179,_
S318TYPEA,_
E1046,E104
O874,_
P131,P131
N390SO58,_
W253,_
Y9223,_
A06JO69,_
Z380E,_
O6808,O680
K8245,K824
I6902,I690
I6788,I678
D115,_
G5793,G579
E781NONE,_
J729,_
D4852,D485
C910NONE,_
C719IL89,_
Z739,Z739
H6290,_
095,_
M5020,M502
Q5595,Q559
H384,_
2AW55,_
R571UO71,_
H3731,_
K359NO3,_
S779,_
J893,_
H3392,_
C198,C19
N239,N23
074,_
C2590,C259
Z137,Z137
K190,_
D4981,_
X7814,_
M8571,_
Q739,_
S8930,_
C849,C849
B184,_
B8312,B8312
G4021,G402
K78,_
Z5109,Z510
I5040,_
S388,_
Q568,_
S7243,S724
C4993,C499
0902,_
S5035,_
O0601,O060
L7090,L709
L798,_
S9180,_
Q6150,Q615
K723,_
K8201,K820
1000,_
J272,_
N8355,N835
M9221,M922
R1602,R160
I3400,I340
Y571,_
Q097,_
N9092,N909
V2812,_
X3182,_
V3454,_
H9330,H933
C596,_
C8502,C850
864,_
M2671,_
W3474,_
Q6251,Q625
B733,B73
V857,_
N949NONE,_
V0310,_
S6740,_
0411,_
S2000,S200
U0715,_
I119A7,_
Z1384,Z138
A621,_
R1800,R18
G20NONE,G20
E8790,_
P823,_
K8282,K828
C1110,C111
I509NO02,_
L062,_
A530J170,_
M5448,M5448
Z0156C2,_
X1798,_
Q110,Q110
S2122,S212
W1751,_
Q1050,Q105
K5333,_
R734,_
G910NONE,_
W2252,_
P0720,P072
L6060,_
L606,_
I8916,I891
K920K,_
M9900,M9900
O323O,_
S894,_
639,_
Q736,_
W2030,_
F669,F669
D2240,D224
Z708,Z708
O7002,O700
N1898A,_
K173,_
M8965,M8965
H4068,H406
V238,_
K769NO1,_
H39,_
M3519,M351
L5129,L512
B0791,B07
R278,R278
N4321,N432
Z973,Z973
O4420,_
E878EO39,_
M6502,M6502
S4990,S499
L6031,L603
A93,_
L0490,L049
D1690,D169
S3780,S3780
T2432,T243
Q290,_
G501,G501
V199XXA,_
W2388,_
M435,M435
H5015,H501
J964,_
Q414,_
G59,_
I2000,I200
H1859,H185
T07X,T07
Z3492,Z349
A0499,A049
S28,_
B9732,B973
S0400,S040
8803,_
B781,B781
L232,L232
M8946,M8946
S0619,S061
J310NO1,_
J441UO71,_
H08,_
O8O1,_
S847,S847
4002,_
Q6381,Q638
V9872,_
G945,_
L663,L663
M7590,M759
L8092,L80
D7389,D738
H5062,H506
I120N1,_
M912,M912
W050,_
F13,F139
C7313,C73
0986,_
Z3004,Z300
74,_
M2390,M2390
F810,F810
O4415,O441
E861A0,E86
I1101,I110
V958,_
P056,_
R349,R34
H7090,H709
H0541,H054
V069,_
8100,_
N188A,_
D1310,D131
O3461,O346
C6491,C64
J449NO3,_
B5951,B59
E758,_
Z3258,_
Z85,Z859
N979NO4,_
O782,_
O273,_
N9972,_
S3245,S324
I219UO71,_
Z491C,_
X9508,_
M9721,_
V871,_
H5300,H530
C429,_
E1029,E102
M5006,M500
E3110,E311
K30LO31,K30
N241,_
D346,D34
P944,_
Y990,_
W4562,_
O8,_
N189NO50,_
S741,S741
N390NT659,_
C1980,C19
D2,_
B638,_
S299XA,_
D328,_
O1800,_
A971NONE,_
Z7189,Z718
S4271,S4271
A469,A46
3AW19,_
B0700,B07
K6154,_
X0908,_
Q843,Q843
O2332,O233
X9944,_
I2438,_
Z5321,Z532
C5418,C541
I7411,I741
M2829,_
N8382,N838
D5391,D539
S6,_
I304A,_
G693,_
L550,L550
G729NONE,_
T8092,T809
J118I411,_
Z01811A1,_
G584,_
S7012A,_
B9601,B960
I251NO9,_
O122,O122
I752,_
D638E8,_
M9431,M9431
X838,_
S3091,S309
J8999,_
M7226,M722
S5209,S520
Z575,Z575
N601NONE,_
K1491,K149
J974,_
F91,F919
I219X,_
P633,_
V487,_
H8309,H830
T083,T08
O3622,O362
C8295,C829
L244,L244
S6179,S617
M8789,M8789
I5172,I517
N169,_
E453,E45
S43O1,_
T8601,T860
M7056,M7056
O681Z0,_
0651,_
M4798,M4798
P2039,_
N185NO1,_
D5390,D539
M107,_
F605,F605
O994OO95,_
G5880,G588
J9809,J980
A327,A327
I2485,I248
T120,T120
N40NOR39,N40
J3309,J330
E737,_
Z5115,Z511
I359NONE,_
F633,F633
Y2009,_
H7093,H709
M074,M074
I4710,I471
I9593,I959
J249,_
C824,C824
1XXA,_
B691,B691
26,_
J8110,J81
M9806,_
Z2088,Z208
V870,_
D655,D65
S01L,_
M4715,M4715
D5,_
Z616,Z616
H3109,H310
J9582,J958
Y95I1,_
808,_
E844,_
N960,N96
L001,L00
W1380,_
O6809,O680
Z0152B2,_
Z586,Z586
M8983,M8983
N183UO71,_
C8200,C820
Q8110,Q811
N795,_
I100N9,I10
T347,T347
T570,T570
M081,M081
D131X,_
495,_
Z4119,Z411
M036,M036
N1825,N182
S7212,S721
F248,F24
J421,J42
O001LAPAROSCOPICTREATMENTOF,_
A3099,A309
L561,L561
M9679,_
M1310,M1310
M7002,M700
N743,N743
V0900,_
D1105,D110
Z3041,Z304
C5051,C505
V395,_
W0498,_
552A,_
R810,R81
K6109,K610
X5869,_
S852,S852
9183,_
K679,_
O800Z3Z0,_
O844,_
C780D6,_
M2428,M2428
J473,J47
K253UO71,_
D1650,D1650
C539M8,_
V202,_
T272,T272
S2A,_
X419,_
M605,_
E7902,E790
W2081,_
Z8481,Z848
I251NO00,_
N300NONE,_
K30NO0,K30
D3905,D390
M2280,M228
K819NO0,_
0290,_
H2990,_
J025,_
871,_
A398,A398
W0132,_
N185NO02,_
M9485,M9485
M9486,M9486
Y3431,_
H463,H46
O8296,O829
I2593,I259
K319YJ81,_
Z4582,Z458
C4419,C441
Z01761,Z017
X5804,_
B4651,B465
C7410,C741
H6534,H653
I845E,_
P0098,P009
062,_
W3482,_
A106,_
Z0176,Z017
0344,_
K80K1,_
O809NSD,_
Y329,_
R521,R521
5463,_
S5215,S521
P531,P53
I526,_
M847,_
H2537,_
G21,G219
M8435,M8435
K2985,K298
K519NONE,_
A481,A481
K068NA,_
G2582,G258
H978,_
I2791,I279
I846NONE,_
O249O,_
K573NO8,_
N403,N40
W806,_
W7489,_
F4312,F431
W102,_
D807,D807
J872,_
H4110,_
F1014,F101
F1095,F109
H621,H621
Z2462,Z246
Z011Z,_
N1305,N130
T1419,T141
M8007,M8007
K838NONE,_
V6459,_
L38,_
K5661,K566
M9142,_
O394,_
L390,_
1460,_
I499I,_
N8385,N838
J1290,J129
M920,M920
5230,_
8087,_
K362,K36
Z1314,Z131
J81Z3,J81
I6101,I610
T942,_
E757,_
H5181,H518
D6821,D682
504,_
T5099,T509
L7232A,_
E876NO0,_
J355,_
T38,T389
Z3949,_
D3511,D351
Y91,_
H4111,_
F602,F602
B3530,B353
C248,C248
J032,_
T2220,T222
J814,J81
G924,G92
Z286,_
U390,_
L956,_
M8401,M8401
N1420,N142
O1101,O11
D629,D62
E811,_
W5110,_
P440,_
G459I1O1,_
H4095,H409
I1510,I151
5757,_
J1843,_
J4459,_
J6902,J690
M8335,M8335
C187NA,_
W3186,_
M4707,M4707
S1212,S121
K831NO4,_
S001XA,_
S5071,S507
W3491,_
P25,_
G5199,G519
C843,C843
359,_
S4590,S459
X038,_
A0099,A009
I234,I234
T8101,T810
Z681,_
U69,_
W4509,_
M028,M028
W161,_
I639II59,_
O934,_
N083NI85,_
L776,_
Y0491,_
M613,M613
J22N7,J22
T294,T294
A589,A58
M7800,_
M0111,M0111
K240,_
I931,_
H701NO7,_
K3880,K388
C189X,_
1K,_
S7102,S710
L8941,L89
T8761,T876
W9099,_
R129,R12
T121,T121
W8721,_
S439,_
I101RO42,I10
H0480,H048
T9219,T921
P730,_
V561,_
C958,_
M8958,M8958
D4341,D434
8311,_
M4515,M451
K831K,_
F560,_
S4682,S468
M0500,M0500
O364XX0,_
H1151,_
W4981,_
A4992,A499
I1296,I129
D385NO0,_
B590,B59
S3252,S325
S5228,S522
116,_
M9841,_
S6993,S699
459,_
B940,B940
J449NO7,_
K821NO01,_
119A,_
0241,_
S6082,S6082
H2791,H279
B322,_
F940,F940
H988,_
F570,_
X85,_
Z882,Z882
G4340,_
B68,B689
V862,_
A12A,_
K341,_
J3380,J338
T248,_
A720,_
Z755,Z755
N40NO3,N40
K5805,K580
J1501,J150
R6880,R688
M846,_
Q164,Q164
C735,C73
W543,_
I96M1A9,_
A221,A221
Z278,Z278
G3091,G309
L0305,L030
897,_
M8908,M8908
R350,R35
C16O,_
L500NO7,_
T802W,_
G13,_
S8920,_
G934J,_
S4,_
C8570,C857
S4410,S441
S6306,S630
B2093,B209
W2201,_
Z8719,Z871
Z5114,Z511
M869NA,_
C2411,C241
I291ILL9,_
M099,_
W4930,_
W5031,_
M7400,_
O821Z1,_
N7640,N764
C8335,C833
C1189,C118
Y3488,_
B1891,B189
P5901,P590
R45,_
V844,_
I590,_
K665,_
J4400,J440
Y179,_
J128NO1,_
H0109,H010
V6901,_
X5968,_
S3988,S398
D5934,D593
K851NONE,_
252A,_
R570UOI,_
O7810,_
I6198,I619
I509IJ81,_
R539,R53
V019,_
B428,B428
O809J0,_
K395,_
D2291,D229
Z692,_
A02,A029
W8702,_
M1122,M1122
S1983,S198
N629,N62
O4101,O410
E0509,E050
M3322,M332
J846,_
I138,_
R9210,R92
S425,_
D2800,D280
I48IN390,I48
V2742,_
M2661,_
W5698,_
0240,_
O721O,_
Y472,_
W7488,_
S9225,S922
K597,_
B1050,_
B384,B384
A957,_
C56C0,C56
Z3770,Z377
X4666,_
D3931,_
T296,T296
I729NONE,_
Y1994,_
I876,_
A420J170,_
V2604,_
S6470,S647
S7260,_
D975,_
T009W9,_
X5062,_
K9292,K929
D830,D830
E116RO42,_
W1730,_
V8994,_
I4209,I420
K9410,_
G4001,G400
I495K,_
D916,_
O998UO71,_
M79A9,_
O8038,_
J1789,J178
R0911A,_
841,_
Y224,_
H4280,H428
W0528,_
I4411,I441
L564,L564
J824,J82
H0411,H041
L8181,L8181
4780,_
M7610,M7610
H4739,H473
H3882,_
I509NO0,_
S5670,S567
S5970,S597
E8712,E871
O8721,O872
F930,F930
N8082,N808
T1718,T171
X339,_
F027,_
N7411,N741
E086,_
Z105,_
P7011,P701
M992,M992
J526,_
T2110,T211
O6440,O644
J91UO71,J91
T8039,T803
M7087,M7087
S5278,S527
A832,A832
D634,_
L015,_
0XXA,_
C6921,C692
T6003,T600
W518,_
M476,_
E1403,E140
H9110,H911
A1830,A183
O681O,_
I06,I069
J180NONE,_
I248HYPOX5,_
W3122,_
W5491,_
I959NONE,_
C937,C937
A7L2,_
X2599,_
Z3810,Z381
N512,N512
6206A,_
I5084,_
V040,_
I622,_
U069,_
F4329,F432
I2592,I259
W3408,_
S711XA,_
S6710,_
J8417,J841
76,_
V198,_
D2392,D239
G9395,G939
L161,_
P69,_
N6459,N645
M7082,M7082
P226,_
M1035,M1035
S6193,S619
X9592,_
A010NONE,_
C016,C01
E7980,E798
M8609,M8609
S478,S47
O701Z,_
N8985,N898
P159PZ380,_
T9530,T953
H2530,_
988,_
D259EE19,_
T3110,T311
W8622,_
O3412,O341
R446,_
V960,_
S6196,S619
I681,I681
V42,_
S8020,_
N8442,_
A850,A850
H948,H948
W0323,_
Z0801,Z080
Q3090,Q309
J449NO01,_
K078,K078
E878YG5,_
W1790,_
M885,_
M2147,M2147
H4391,H439
R421,R42
D1661,D166
S4305,S430
H6190,H619
S4025,_
T0250,T0250
J3410,J341
M9735,_
Q855,_
K922NO5,_
Z3482,Z348
V8932,_
V175,_
S1700,S170
M7030,M7030
2513,_
C5692,C56
Z370NORM,_
J1820,J182
S0232,S023
N189NOO0,_
G966,_
O600X,_
P601,P60
A930,A930
S6882,S688
O8239,_
S622S2,_
P034PU00,_
M0800,M0800
S4312,S431
J1991,_
M103M1A9XX1,_
T2310,T231
T2912,T291
T754UO71,_
M2512,M2512
L0481,L048
H2404,_
M267,_
Z405,_
Q1412,Q141
W6088,_
T8181,T818
M8949,M8949
O4699,O469
O9871,O987
M9480,M9480
S0125,S012
S018XA,_
S9352,S935
I1194A,_
J8499,J849
S4141,_
R0900,R090
S54,S549
J4715,J47
P0726,P072
H0031,_
V0919,_
J87,_
U329,_
H2111,H211
M434,M434
M4836,M4836
S810SO99,_
1269,_
Z151,_
S6004,S600
Y3491,_
K449X,_
F928,F928
Q314,Q314
K769NA,_
J90NO1,J90
P319,_
M493,M493
M8952,M8952
J8292,J82
G090,G09
C8352,C835
V9988,_
E861G3P3,E86
I6195,I619
S2630,_
P5930,P593
J942SV489,_
I721NONE,_
C9510,C951
B450,B450
M2151,M215
M4626,M4626
M8772,_
S49,S499
Z3905,Z390
P706,_
K219NO,_
T45,T459
M8482,M8482
O4211,O421
O2821,O282
I619SO6,_
B376,B376
S77,_
B669,B669
Z1801,_
R840,R840
H399,_
O248,_
D3200,D320
W5448,_
R1980,R198
S6199,S619
O883,O883
W0911,_
P400,_
RFRHD32,_
Z01811B1,_
W3201,_
W6909,_
W2259,_
M416,_
M6145,M6145
G4484,G448
J9016,J90
C5052,C505
O620Z9,_
W5549,_
G348,_
S13,_
W6888,_
V453,_
P367,_
E1470,E147
2A0,_
R1313,R13
B430,B430
D741,_
R118,R11
322,_
T7210,_
E432,E43
S7781,_
E110EII9,_
L240,L240
L00NO0,L00
K0905,K090
326,_
B854,B854
M8317,M8317
E8901,E890
K613NA,_
L540,L540
H5441,H544
C7191,C719
481,_
J1810,J181
S002S,_
S261,_
583000,_
H2002,H200
C478,C478
S392,_
E119EO42,_
N0813,N081
E241,E241
O8020,_
S6602,S660
S126,_
M0604,M0604
S3440,S344
J979,_
E8815,E881
Q5415,Q541
K8O,_
2526,_
X0399,_
K659NO,_
R0989,R098
2351,_
S3000,S300
T133,T133
O80UO72,_
V4718,_
D367NONE,_
P0309,P030
O300Z0,_
V8658,_
R636UO71,_
C339,C33
R642,R64
C6,_
M4054,M4054
M1918,M1918
O82O,_
L209NA,_
C6902,C690
S48,S489
G696,_
I540,_
H1143,H114
J961NONE,_
T596,T596
M3192,M319
M1033,M1033
S7238,S723
204,_
1620,_
C509IMRTDONE,_
J8021,J80
D3741,D374
P073QO52,_
K660NO1,_
K1131,K113
E219,_
J835,_
Y589,_
S6282,S628
S9179,S917
N2289,N228
M8812,_
295A,_
H5312,H531
A273,_
J090,J09
P0304,P030
E0505,E050
S2821,_
B261,B261
G8019,G801
J441N,_
S3092,S309
O9123,O912
N390Z3A3,_
M4129,M4129
O211Z3A0,_
R6251,_
O8030,_
S5289,S528
O4405,O440
W2409,_
E1434,E143
202C,_
E682,E68
K735,_
L031NO1,_
K479,_
V63,_
M0600,M0600
K767NO7,_
C421,_
E901,E90
V9888,_
I638NO1,_
M7952A,_
G046,_
Y577,_
R501,_
C474,C474
N015,N015
F100G0,_
R652UOI,_
N6302,N63
H2693,H269
E7031,E703
0N8,_
K1175,K117
Z3538,Z353
Y9899,_
H0289,H028
M9713,_
Z0991,Z099
T7520,T752
O053Z3,_
T2241,T224
P659,_
K5155,K515
K5668,K566
V969,_
E0131,_
H0483,H048
N1080,N10
I1196,I119
B945,_
E934,_
L118,L118
Y95JR746,_
I522,_
N712,_
J441NO6,_
V210,_
C566,C56
G6291,G629
H351NO4,_
M6660,_
J4709,J47
M9520,M952
E741,E741
W8591,_
V1409,_
S9822,S982
P0011,P001
W2708,_
I5032,_
I1093,I10
N025,N025
V2828,_
D050NA,_
U129,_
C3401,C340
G826,_
Y4499,_
G935II48,_
J664,_
E0780,E078
E576,_
5706,_
W1082,_
K027,_
X01,_
B696,_
Q6211,Q621
C900NONE,_
2424,_
O60O,_
K274LO29,_
X464,_
T0291,T0291
N090,_
K8321,K832
E931,_
C19NONE,C19
K291XXA,_
M6220,M6220
T0008,T000
B198,_
S417SO18,_
Y339,_
O3012,O301
H7070,_
Y9230,_
W2441,_
H4592,_
N114,_
W888,_
K4320,_
C19P1,C19
D6385,D638
H5905,H590
V939,_
K864,_
W300,_
S5198,S519
A999,A99
0310,_
T9041,T904
N009NO3,_
S6011,S601
J459O,_
M2552,M2552
Z3932,_
A162J8,_
W6073,_
K2991,K299
O756O8O0,_
V0418,_
5111XA,_
O8509,O85
H128,_
C4711,C471
M2601,_
W3462,_
R85,R859
S8691,S869
K803NO0,_
M8161,M8161
L3033,L303
R2381,R238
K1891,_
I248J8,_
I2101,I210
J189NO02,_
W2121,_
L779,_
I109II29,I10
H2902,_
E480,_
S545,_
A77,A779
Z4591,Z459
Q1389,Q138
B363,B363
N139NO8,_
141A,_
C970,C97
C374,C37
S3711,S3711
S730SO69,_
K780,_
W898,_
S7821,_
O446,_
Z770,_
H304,_
P68,_
L8993,L899
M853,M853
W030,_
D579,_
L091,_
1240,_
M2359,M2359
M7263,M7263
H4062,H406
5623,_
I1998,_
N189I1,_
O8800,O880
E1499,E149
O764,_
Q3695,Q369
M2621,_
V3858,_
K409NO0,_
M7965,M7965
N8189,N818
M7662,M766
O410O1,_
I847NONE,_
W2729,_
A358,A35
V8229,_
E455,E45
V1244,_
G079,G07
S8219,S821
R70,_
M8556,M8556
P802,_
M79A3,_
M7139,M7139
K603X,_
E059JO69,_
5604,_
V0934,_
T0097,T009
W3619,_
