raw_code,mapped_code
J1892,J189
A099,A099
J209,J209
I119,I119
J4590,J459
99460,_
J069,J069
K291,K291
N390,N390
I101,I10
K297,K297
A971,_
A090,A090
J4500,J450
S0600,S0600
G459,G459
J039,J039
A060,A060
H811,H811
K219,K219
K318,K318
I109,I10
B349,B349
M0699,M0699
S817,S817
T001,T001
I259,I259
K30,K30
E162,E162
A169,A169
R560,R560
M0690,M0690
L031,L031
F100,F100
I638,I638
J36,J36
J678,J678
J068,J068
G900,G900
L020,L020
D649,D649
T636,T636
C713,C713
M1399,M1399
K295,K295
G952,G952
K274,K274
O233,O233
K210,K210
O421,O421
I110,I110
S011,S011
S0601,S0601
A049,A049
N10,N10
M864,M864
N009,N009
G409,G409
P239,P239
E116,E116
I500,I500
L029,L029
J849,J849
A062,A062
J960,J960
I639,I639
T784,T784
K279,K279
K760,K760
N189,N189
P220,P220
E876,E876
A167,A167
A970,_
M311,M311
A010,A010
I209,I209
A161,A161
M6268,M6268
T009,T009
A162,A162
O268,O268
P081,P081
B829,B829
B199,B199
A419,A419
E878,E878
J81,J81
N289,N289
M353,M353
G629,G629
J683,J683
I678,I678
L039,L039
O600,O600
J1893,J189
P073,P073
A911,A911
K276,K276
K273,K273
J449,J449
E109,E109
59401,_
AO99E861,_
S2200,S2200
Z0013,Z001
N179,N179
J111,J111
I48,I48
J981,J981
B052J171,_
E145,E145
C169,C169
A499,A499
D638,D638
E871,E871
N40,N40
M4796,M4796
K859,K859
Q909,Q909
R509,R509
E861,E86
H814,H814
E119,E119
O985,O985
S099,S099
K766,K766
K746,K746
J441,J441
M0094,M0094
T781,T781
J90,J90
E111,E111
P051,P051
O210,O210
I248,I248
A152,A152
I212,I212
I674,I674
P221,P221
P012,P012
L032,L032
J1802,J180
B059,B059
A163,A163
B949,B949
J938,J938
P034,P034
D500,D500
P968,P968
N055,N055
G441,G441
N319,N319
N130,N130
P025,P025
J1292,J129
G419,G419
K299,K299
N200,N200
O996,O996
B069,B069
J988,J988
K566,K566
I880,I880
S012,S012
I00,I00
P369,P369
O200,O200
B058,B058
A920,A920
S390,S390
S0620,S0620
S0290,S0290
D259,D259
M545,M545
J46,J46
M1099,M1099
F453,F453
T940,T940
I499,I499
P249,P249
N19,N19
O218,O218
K292,K292
R568,R568
T793,T793
N049,N049
M1000,M1000
O211,O211
K590,K590
G442,G442
K801,K801
E101,E101
G308,G308
P368,P368
P240,P240
A819,A819
M7920,M7920
J440,J440
K904,K904
J060,J060
T857,T857
G403,G403
K565,K565
M1009,M1009
I251,I251
D690,D690
S0630,S0630
T522,T522
T520,T520
S0650,S0650
S021,S021
P017,P017
P38,P38
O230,O230
S0610,S0610
K599,K599
I129,I129
M7911,M7911
E46,E46
J22,J22
K831,K831
K567,K567
R571,R571
K650,K650
I131,I131
I429,I429
J1592,J159
P599,P599
N309,N309
J4580,J458
M1097,M1097
M159,M159
T600,T600
J439,J439
E136,E136
B09,B09
K270,K270
O039,O039
M1096,M1096
I214,I214
N300,N300
G440,G440
K800,K800
N185,N185
O995,O995
G439,G439
A160,A160
N281,N281
P011,P011
C782,C782
K122,K122
M5416,M5416
M543,M543
B019,B019
M4360,M4360
I619,I619
K739,K739
G935,G935
S0640,S0640
S0220,S0220
G723,G723
I200,I200
Y471,_
M5412,M5412
A165,A165
A972,_
J91,J91
D619,D619
D430,D430
I471,I471
K729,K729
K047,K047
E050,E050
E146,E146
A490,A490
I051,I051
I509,I509
D630,D630
T810,T810
A084,A084
S911,S911
O901,O901
E131,E131
S010,S010
P393,P393
N12,N12
J448,J448
M1990,M199
M7919,M7919
D27,D27
L021,L021
A059,A059
G510,G510
N459,N459
E106,E106
E059,E059
P394,P394
M538,M538
C509,C509
A370,A370
E41,E41
J40,J40
I219,I219
M478,M478
E780,E780
I420,I420
N939,N939
L024,L024
O720,O720
T292,T292
N318,N318
S0660,S0660
S050,S050
I279,I279
I019,I019
B051G020,_
M1309,M1309
I120,I120
I213,I213
J690,J690
D329,D329
T814,T814
I615,I615
Z380,Z380
J391,J391
C56,C56
K254,K254
T754,T754
R570,R570
A020,A020
L038,L038
H669,H669
D752,D752
L030,L030
K769,K769
O064,O064
E110,E110
D569,D569
O988,O988
M750,M750
K85,K859
I64,I64
C787,C787
A150,A150
E880,E880
I679G467,_
T543,T543
B054,B054
K767,K767
J989,J989
M7989,M7989
N481,N481
M1999,M1999
M5410,M5410
E147,E147
K289,K289
T855,T855
L00,L00
B779,B779
A061,A061
G903,G903
C189,C189
I607,I607
M303,M303
E835,E835
N139,N139
D431,D431
D45,D45
M1030,M1030
C921,C921
A839,A839
O339,O339
K802,K802
C029,C029
K746I982,_
Z370,Z370
N701,N701
S0280,S0280
S2240,S2240
S0210,S0210
K659,K659
J841,J841
G92,G92
C259,C259
M7929,M7929
G933,G933
P399,P399
C419,C419
C390,C390
R42,R42
C539,C539
P209,P209
J110,J110
A182,A182
J101,J101
L022,L022
I132,I132
K580,K580
I255,I255
K579,K579
C793,C793
S0621,S0621
F103,F103
A158,A158
M4319,M4319
C349,C349
A379,A379
K560,K560
E142N083,_
J118,J118
I099,I099
I38,I38
I493,I493
K810,K810
N039,N039
Q780,Q780
N739,N739
M4799,M4799
N858,N858
N945,N945
M4729,M4729
K808,K808
K137,K137
J108,J108
M7910,M7910
Z390,Z390
I341,I341
P921,P921
S731,S731
F064,F064
G934,G934
N138,N138
A011,A011
O441,O441
D509,D509
MCPO1,_
C859,C859
Q249,Q249
I470,I470
S097,S097
A279,A279
M544,M544
R02,R02
C910,C910
E112N083,_
T780,T780
M0697,M0697
I211,I211
R578,R578
O721,O721
I609,I609
M329,M329
C494,C494
C80,C80
T393,T393
S140,S140
K271,K271
P831,P831
J09,J09
G038,G038
S913,S913
J208,J208
C220,C220
E43,E43
L023,L023
T813,T813
A039,A039
A183,A183
L033,L033
M1997,M1997
N61,N61
C20,C20
C73,C73
D487,D487
O900,O900
F019,F019
O019,O019
J948,J948
M479,M479
Q257,Q257
I850,I850
O234,O234
C786,C786
G939,G939
D432,D432
F798,F798
A379J170,_
N709,N709
Q556,Q556
A90,A90
I495,I495
N832,N832
E108,E108
T300,T300
P363,P363
K716,K716
J132,J13
M512,M512
S836,S836
K750,K750
C61,C61
N136,N136
G039,G039
E105,E105
T782,T782
D648,D648
M1090,M1090
C412,C412
G709,G709
K562,K562
J929,J929
I278,I278
T758,T758
O244,O244
A159,A159
S018,S018
I620,I620
S0690,S0690
G122,G122
A199,A199
D539,D539
K564,K564
M480,M480
C227,C227
A157,A157
J969,J969
D529,D529
D591,D591
N201,N201
O990,O990
G060,G060
D693,D693
J961,J961
J030,J030
E888,E888
C785,C785
M4316,M4316
J668,J668
S009,S009
K658,K658
M0695,M0695
I250,I250
K709,K709
O140,O140
M5439,M5439
I633,I633
K290,K290
R54,R54
I629,I629
E441,E441
J679,J679
D593,D593
M5450,M5450
I612,I612
D65,D65
K759,K759
O863,O863
K319,K319
J939,J939
S015,S015
G402,G402
H709,H709
P551,P551
C493,C493
Q446,Q446
I698,I698
J1899Y95,_
C967,C967
D899,D899
S619,S619
I210,I210
J852,J852
S2230,S2230
K700,K700
T941,T941
G07,G07
T630,T630
I634,I634
I613,I613
K561,K561
A014,A014
R51,R51
T000,T000
H401,H401
H441,H441
A690,A690
D750,D750
F220,F220
C794,C794
F03,F03
K509,K509
C950,C950
N831,N831
K805,K805
I671,I671
C119,C119
E039,E039
K20,K20
S020,S020
G450,G450
T818,T818
M1909,M1909
S017,S017
A190,A190
G628,G628
P120,P120
S001,S001
J1803,J180
B178,B178
T202,T202
K259,K259
Q892,Q892
A063,A063
T638,T638
O998,O998
O471,O471
S819,S819
H601,H601
K253,K253
B371J172,_
A94,A94
G379,G379
I630,I630
G406,G406
K250,K250
C798,C798
C719,C719
N800,N800
M940,M940
T887,T887
A168,A168
M779,M779
M819,M819
I618,I618
O208,O208
M1391,M1391
P916,P916
E052,E052
Q336,Q336
M431,M431
N803,N803
G911,G911
C229,C229
N059,N059
O992,O992
P590,P590
A400,A400
K761,K761
I208,I208
A879,A879
A35,A35
C679,C679
G312,G312
N946,N946
T931,T931
K824,K824
M1998,M1998
J983,J983
M5419,M5419
E115,E115
E100,E100
M1039,M1039
G20,G20
C250,C250
T928,T928
O149,O149
Q283,Q283
O159,O159
O101,O101
D698,D698
I514,I514
H650,H650
G610,G610
D381,D381
I330,I330
S618,S618
I610,I610
K758,K758
T391,T391
T921,T921
K272,K272
J680,J680
M150,M150
J677,J677
J670,J670
G410,G410
J038,J038
M811,M811
I409,I409
K828,K828
A021,A021
A310,A310
T002,T002
G938,G938
N118,N118
G300,G300
S610,S610
F431,F431
O410,O410
M948,M948
K113,K113
Q444,Q444
M628,M628
S090,S090
J1593,J159
I258,I258
A89,A89
E063,E063
N258,N258
P072,P072
C19,C19
O470,O470
T242,T242
C473,C473
G009,G009
I052,I052
S224,S224
P918,P918
F322,F322
M8696,M8696
Q442,Q442
T424,T424
L131,L131
N482,N482
M0299,M0299
M6265,M6265
N450,N450
I490,I490
I639G467,_
P030,P030
E786,E786
0,_
O759,O759
I229,I229
O758,O758
O678,O678
​,_
E790,E790
Z491,Z491
Z300,Z300
E142,E142
N083,N083
N180,N180
N032,N032
O800,O800
Z392,Z392
Z369,Z369
L732,L732
S420,S420
T008,T008
S008,S008
O80,O809
U04,U049
E112,E112
P0000,_
O700,O700
N140,N140
N170,N170
A249,_
O809,O809
Z3001,Z300
7,_
N030,N030
S370,S370
Q613,Q613
E1450,E145
Z38,_
S910,S910
S611,S611
S625,S625
M109,M109
N111,N111
N137,N137
R092,R092
H179,H179
H402,H402
H3602,H3602
E143,E143
H2642,H264
H259,H259
Y560,_
E872,E872
M103,M103
E148,E148
A305,A305
B07,B07
L858,L858
N119,N119
L721,L721
C5099,C509
C07,C07
C2790,_
0802,_
C329,C329
C709,C709
C629,C629
C159,C159
C795,C795
Z511,Z511
I861,I861
N63,N63
Z301,Z301
Z398,_
U040,_
H258,H258
H110,H110
Z9883,Z988
L059,L059
K040,K040
Z348,Z348
Z381,Z381
M32,M329
L723,_
H251,H251
L918,L918
D229,D229
L570,L570
L821,L82
L738,L738
L639,L639
N26,N26
L0890,L089
M009,M009
L893,L893
E1451,E145
M869,M869
H001,H001
Z70,Z709
Z92,Z929
H360,H360
K811,K811
H353,H353
N979,N979
C68,C689
S424,S424
K635,K635
K515,K515
N631,N63
E135,E135
O820,O820
Z302,Z302
O821,O821
O4211,O421
H2591,H259
H2590,H259
H264,H264
Z30,Z309
S0522,S052
H2592,H259
T1501,T150
O331,O331
O703,O703
H1100,H110
1,_
O702,O702
N178,N178
N859,N859
L9241,_
M705,M705
T150,T150
H3482,H348
B209,B209
B028,B028
T222,T222
I842,I842
N630,N63
C139,C139
K449,K449
K621,K621
D3670,D367
L6001,L600
D440,D440
Z340,Z340
08O0,_
N188,N188
N003,N003
O095,_
O480,O48
O321,O321
H3521,H352
H4003,H400
2,_
H3522,H352
C482,C482
C541,C541
M9821,_
C96,C969
H4022,H402
T1502,T150
S623,S623
T149,T149
I859,I859
C411,C411
K573,K573
Q039,Q039
Q019,Q019
M10,M109
M100,M100
Z9881,Z988
F480,F480
O689,O689
I694,I694
R220,R220
T252,T252
Z9880,Z988
L971,L97
L970,L97
S5260,S5260
S5230,S5230
R064,R064
I959,I959
D24,D24
N202,N202
J33,J339
C50,C509
C49,C499
O16,O16
D68,D689
O991,O991
N05,N059
Q612,Q612
O034,O034
T141,T141
N288,N288
N08,_
S411,S411
Z39,_
H260,H260
C439,C439
C819,C819
C55,C55
H250,H250
S528,S528
L049,L049
Z961,Z961
C499,C499
E1152,E115
L720,L720
O141,O141
O429,O429
N03,N039
O756,O756
P0001,_
O639,O639
Z321,Z321
O829,O829
J189,J189
V8999,_
S430,S430
9,_
L0240,L024
L0241,L024
H269,H269
T9830,T983
Z349,Z349
0800,_
B052,B052
J171,J171
W54,_
N029,N029
W55,_
I100,I10
M1098,M1098
H1790,H179
C37,C37
K862,K862
H3532,H353
C851,C851
I849,I849
N86,N86
D4871,D487
K316,K316
D211,D211
D210,D210
J348,J348
D126,D126
D377,D377
B968,B968
K227,K227
K317,K317
J459,J459
S01,S019
S6149,_
S8189,S818
E788,E788
N18,N189
Q611,Q611
M509,M509
A829,A829
C711,C711
O312,O312
Z371,Z371
H2609,H260
Z382,Z382
B181,B181
B182,B182
K359,K359
N850,N850
N082,N082
N13,N139
H1181,H118
H4451,H445
T232,T232
W399,_
H4300,H430
Z309,Z309
K296,K296
R223,R223
K350,K350
O699,O699
O654,O654
O60,_
A06,A069
E784,E784
O069,O069
N938,N938
D171,D171
0809,_
M8617,M8617
O342,O342
Z372,Z372
O701,O701
Z379,Z379
R53,R53
E743,E743
D130,D130
H2649,H264
K649,_
D489,D489
E14,E149
E862,E86
H351,H351
H252,H252
N183,N183
H2691,H269
N1185,N118
J040,J040
H261,H261
H598,H598
O631,O631
O364,O364
E113,E113
O623,O623
J3489,J348
Z4881,Z488
S822,S822
S636,S636
J4490,J449
N840,N840
D269,D269
Z992,Z992
J019,J019
N084,N084
A38,A38
Z355,Z355
K80,_
W1999,_
J351,J351
O680,O680
O363,O363
Z269,Z269
R222,R222
H1850,H185
N103,N10
D469,D469
B371,B371
N72,N72
N889,N889
N328,N328
I739,I739
M179,M179
B369,B369
L309,L309
F101,F101
R18,R18
S809,S809
S699,S699
S510,S510
S434,S434
I845,I845
H4301,H430
M2551,M2551
M139,M139
E79,E799
O021,O021
K648,_
O324,O324
H3480,H348
H3530,H353
K134,K134
R229,R229
H3341,H334
E1031,E103
S9131,S913
S8191,S819
E1030,E103
S8190,S819
C410,C410
N2010,N201
O70,O709
E1432,E143
S983,S983
S924,S924
V899,_
S923,S923
M771,M771
M6741,M6741
M679,M679
D180,D180
K011,K011
D127,D127
O691,O691
P76,P769
O620,O620
O440,O440
H271,H271
H215,H215
K64,_
E789,E789
K922,K922
O438,O438
J390,J390
M620,M620
L97,L97
H744,H744
M722,M722
E114,E114
G590,G590
R69,R69
E785,E785
K130,K130
K819,K819
K628,K628
W5499,_
C140,C140
D370,D370
S663,S663
K353,K353
S711,S711
Y453,_
K915,K915
K358,K358
J1899,J189
Y95,_
T982,T982
S5250,S5250
O682,O682
L208,L208
O648,O648
R739,R739
K403,K403
S827,S827
V8929,_
S8200,S8200
J1891,J189
B980,B980
Z478,Z478
L978,L97
T210,T210
O241,O241
O40,O40
R11,R11
E860,E86
H026,H026
L729,L729
L942,L942
L280,L280
I832,I832
N771,N771
S4200,S4200
V99,_
H605,H605
M1006,M1006
N950,N950
E042,E042
S920,S920
S929,S929
H169,H169
H348,H348
H400,H400
L539,L539
D367,D367
H352,H352
M861,M861
M799,M799
L710,L710
L708,L708
H184,H184
H000,H000
H161,H161
I139,I139
R58,R58
G800,G800
L0891,L089
O828,O828
D595,D595
2369,_
L989,L989
H2520,H252
H2521,H252
H0010,H001
H0000,H000
H3181,H318
J3810,J381
C53,C539
C11,C119
C91,C919
D223,D223
D694,D694
N184,N184
M8041,M8041
M9680,M968
C059,C059
M8120,M8120
N879,N879
D485,D485
D039,D039
H2511,H251
D170,D170
O730,O730
H4020,H402
C64,C64
C379,C37
P009,P009
Z33,Z33
O629,O629
H3502,H350
H3571,H357
S613,_
A09,A09
H2641,H264
G909,G909
Z308,Z308
D125,D125
L600,L600
E117,E117
S8210,S8210
H1101,H110
I238,I238
Z791,_
K703,K703
O323,O323
T828,T828
C218,C218
T1500,T150
L8915,L891
B378,B378
K298,K298
K908,K908
H2640,H264
J47,J47
K120,K120
K640,_
O001,O001
C780,C780
Z37O,_
S519,S519
H178,H178
K090,K090
M6504,M6504
J352,J352
J310,J310
R040,R040
Z9072,Z907
E144,E144
G632,G632
S818,S818
D141,D141
I46,I469
Z41,Z419
S6261,S6261
G542,G542
R572,R572
S0270,S0270
S860,S860
G932,G932
M6027,M6027
O054,O054
L010,L010
J984,J984
Q218,Q218
T180,T180
S058,S058
K869,K869
S8201,S8201
G839,G839
I693,I693
X99,_
Z894,Z894
L899,L899
Z489,Z489
B470,B470
L975,L97
E716,_
E118,E118
I872,I872
Y0099,_
H028,H028
T1590,T159
I340,I340
I350,I350
T159,T159
S059,S059
J219,J219
A069,A069
B370,B370
E86,E86
S810,S810
E249,E249
S609,S609
S509,S509
D212,D212
D360,D360
D164,D164
M513,M513
N926,N926
N719,N719
K660,K660
H36,_
H112,H112
M791,M791
M7998,M7998
L700,L700
Z960,Z960
M1996,M199
D751,D751
W199,_
H409,H409
K228,K228
T1420,T1420
Q518,Q518
O020,O020
Z37,Z379
H2510,H251
C569,C56
C570,C570
R91,R91
H045,H045
H218,H218
H118,H118
E869,E86
M8500,M8500
M678,M678
H023,H023
R591,R591
N871,N871
H350,H350
S063,S063
M674,M674
Z001,Z001
T019,T019
S730,S730
I10,I10
E660,E660
S014,S014
185,_
N142,N142
T852,T852
C109,C109
C449,C449
M653,M653
T147,T147
C764,C764
T142,T142
H4021,H402
H1791,H179
M79,M799
R190,R190
L089,L089
S729,S729
W069,_
K613,K613
L609,L609
N141,N141
T14IW54,_
T14IW55,_
S682,S682
W39,_
I249,I249
D644,D644
E140,E140
Z031,Z031
M8821,_
D397,D397
Z038,Z038
S608,S608
R730,R730
N948,N948
N133,N133
Z510,Z510
C02,C029
K409,K409
C549,C549
N359,N359
J304,J304
I519,I519
K049,K049
K041,K041
K149,K149
L72,L729
J329,J329
N401,N40
C34,C349
D051,D051
C66,C66
D097,D097
M321,M321
N085,N085
K352,K352
K314,K314
B24,B24
B189,B189
I438,I438
Z566,Z566
J188,J188
K821,K821
T203,T203
K413,K413
Y9699,_
D374,D374
K630,K630
R688,R688
Y14,_
I518,I518
T455,T455
S8220,S8220
E142_N083,_
B051,B051
G020,G020
S000,S000
G400,G400
R221,R221
S019,S019
C504,C504
G401,G401
I691,I691
M662,M662
M7791,M7791
V892,_
X0999,_
T253,T253
T054,T054
G936,G936
J1890,J189
J4599,J459
T836,T836
K222,K222
C495,C495
C241,C241
I328,I328
S002,S002
H405,H405
M659,M659
M629,M629
M199,M199
S925,S925
M8691,M8691
M726,M726
861,_
O822,O822
C92,C929
H5011,H501
O630,O630
R224,R224
Z9610,Z961
D11,D119
L08,L089
G589,G589
C023,C023
C31,C319
C01,C01
G560,G560
O030,O030
H00,_
K81,K819
D179,D179
O009,O009
M8312,M8312
I050,I050
Q233,Q233
C113,C113
C762,C762
D177,D177
S508,S508
N841,N841
H3481,H348
E1430,E143
H3600,H3600
E1431,E143
H3601,H3601
S9139,S913
Z950,Z950
T671,T671
B651,B651
H0011,H001
Z121,Z121
L928,L928
D376,D376
H812,H812
M790,M790
Z039,Z039
M8010,M8010
I679,I679
G467,G467
O641,O641
D618,D618
Z988,Z988
I242,_
E040,E040
S8320,S832
K603,K603
E141,E141
T171,T171
C810,C810
O769,_
O910,O910
N1391,N139
K035,K035
J309,_
Q850,Q850
Z383,Z383
C920,C920
H262,H262
S423,S423
T003,T003
D62,D62
S709,S709
S109,S109
V33,_
M9084,M9084
I951,I951
M418,M418
N143,N143
M9950,M9950
S4290,S4290
S4291,S4291
S314,S314
I12,I129
C689,C689
C23,C23
O640,O640
C320,C320
S0050,S0050
B659,B659
E049,E049
S4220,S4220
S5210,S5210
S054,S054
S4230,S4230
J20,J209
D481,D481
K35,K359
Q210,Q210
E11,E119
R638,R638
O692,O692
I982,I982
S028,S028
I848,I848
T361,T361
K061,K061
D270,D27
K804,K804
S409,S409
L859,L859
L814,L814
D486,D486
N358,N358
E890,E890
I729,I729
N488,N488
H445,H445
R05,R05
H358,H358
J00,J00
H810,H810
H612,H612
H663,H663
J350,J350
H729,H729
H660,H660
T07,T07
N308,N308
M069,M069
P248,P248
N433,N433
D251,D251
H93,H939
D190,D190
C857,C857
C321,C321
I840,I840
K429,K429
N602,N602
P039,P039
O688,O688
Z330,Z33
Z246,Z246
Z232,Z232
Z138,Z138
J029,J029
J30,_
L239,L239
K639,K639
K519,K519
D219,D219
D226,D226
M654,M654
M755,M755
D758,D758
H404,H404
K913,K913
M4369,M4369
N32,N329
C089,C089
0702,_
Z320,Z320
P95,P95
J380,J380
W559,_
H052,H052
O224,O224
C900,C900
T848,T848
C080,C080
I770,I770
I829,I829
I771,I771
P543,P543
E875,E875
M130,M130
E102,E102
I88,I889
Q209,Q209
K081,K081
L980,L980
S6101,S610
Z48,Z489
L991,_
L026,_
L919,L919
S918,_
Z918,Z918
L979,L97
L984,L984
K052,K052
M549,M549
H113,H113
N76,_
H357,H357
H911,H911
C322,C322
R098,R098
J339,J339
J342,J342
N907,N907
H1691,H169
H1690,H169
M766,M766
N320,N320
J950,J950
M658,M658
O080,O080
H3541,H354
D401,D401
H3340,H334
I847,I847
4,_
O820Z,_
O366,O366
N410,N410
I517,I517
R090,R090
Z948,Z948
H111,H111
Z928,Z928
N000,N000
K529,K529
N610,N61
O669,O669
E041,E041
N402,N40
N2000,N200
H4312,H431
K500,K500
J320,J320
N041,N041
H3401,H340
D4870,D487
H3300,H330
H0292,H029
L6000,L600
J900,J90
N801,N801
O249,O249
E669,E669
Z35,Z359
O601,O601
I84,I849
D069,D069
M519,M519
D46,D469
J698,J698
N851,N851
Q250,Q250
L209,L209
Z867,Z867
N028,N028
V2248,_
N323,N323
S9291,S9291
W0108,_
H2690,H269
H3572,H357
S335,S335
I501,I501
Y834,_
H2710,H271
S525,S525
R490,R490
M1995,M1995
D261,D261
D231,D231
C5091,C509
G473,G473
N00,N009
C402,C402
S828,S828
C500,C500
X9999,_
S399,S399
L60,L609
O235,O235
O266,O266
I440,I440
K269,K269
S310,S310
S981,S981
C18,C189
K469,K469
S526,S526
O051,O051
R7301,R730
H268,H268
J014,J014
T16,T16
D390,D390
D172,D172
A418,A418
B965,B965
I469,I469
M1900,M190
G049,G049
M712,M712
Q213,Q213
K930,K930
K861,K861
J173,J173
H433,H433
O681,O681
T230,T230
Q181,Q181
N132,N132
H25,H259
H59,H599
C799,C799
Z951,Z951
Z488,Z488
3962,_
O365,O365
O11,O11
O693,O693
O983,O983
P013,P013
P701,P701
R091,R091
S331,S331
C710,C710
H0281,H028
S6991,S699
S0101,S010
N210,N210
Z9611,Z961
L892,L892
M7995,M7995
A1821,A182
O151,O151
C833,C833
X5999,_
L7200,L720
C641,C64
H2601,H260
H3531,H353
E103,E103
C050,C050
H6690,H669
Z97,_
C444,C444
D444,D444
O329,O329
C180,C180
D809,D809
R001,R001
N131,N131
Y411,_
E149,E149
H059,H059
D1791,D179
C181,C181
N4331,N433
H3581,H358
D41,D419
M7963,M7963
K638,K638
N20,N209
C16,C169
B79,B79
B379,B379
O031,O031
M4795,M4795
S720,S720
Z304,Z304
H0014,H001
H0015,H001
K6289,K628
K260,K260
O808,O808
L929,L929
E90,E90
R000,R000
Z904,Z904
B909,B909
I460,I460
E756,E756
H408,H408
I256,I256
I96,_
S801,S801
R599,R599
I803,I803
O420,O420
S9130,S913
S6141,_
K3580,K358
K010,K010
Y56,_
F411,F411
J170,J170
S523,S523
K255,K255
S719,_
O698,O698
H431,H431
Z3801,Z380
B082,B082
H333,H333
N750,N750
R2233,R223
D561,D561
C480,C480
M7954,M7954
S311,S311
S4240,S4240
K351,K351
N736,N736
O757,O757
O813,O813
I1509,I150
O830,O830
O13,O13
O664,O664
E841,E841
P75,P75
C71,C719
U05,_
E834,E834
A181,A181
O860,O860
D391,D391
D050,D050
M1390,M1390
L050,L050
O8O9,_
M06,M069
S219,S219
K40,K409
I080,I080
S710,S710
L409,L409
K209,K20
H354,H354
D221,D221
Z480,Z480
2370,_
2392,_
E222,E222
M8480,M8480
J45,J459
I359,I359
M541,M541
R798,R798
I342,I342
V010,_
Z512,Z512
M1993,M1993
O997,O997
O152,O152
N970,N970
Z991,Z991
H71,H71
J343,J343
T171XXA,_
H6031,H603
3,_
H6502,H650
D100,D100
S626,S626
K092,K092
S617,S617
H4091,H409
S0181,S018
T831,T831
M725,M725
S8181,S818
V299,_
M6285,M6285
D110,D110
S7290,S7290
R22,R229
E133,E133
H4050,H405
K119,K119
O814,O814
S531,S531
C530,C530
O150,O150
O621,O621
K252,K252
O82,O829
D059,D059
R92,R92
M9120,M9120
M8140,M8140
C770,C770
W19,_
S9301,S930
S723,S723
K221,K221
J328,J328
K401,K401
T1411,T141
K42,K429
C221,C221
K2192,K219
K626,K626
H4010,H401
D1790,D179
N819,N819
O624,O624
O984,O984
M6531,M653
E538,E538
M9989,M9989
I516,I516
R31,R31
T183,T183
N760,N760
M6591,M6591
H3331,H333
C680,C680
S0131,S013
M6530,M6530
H024,H024
G5601,G560
O840,O840
H602,H602
0730,_
A630,A630
H330,H330
H020,H020
M170,M170
M45,M45
M200,M200
M773,M773
S50,S509
Q619,Q619
S357,S357
H438,H438
E88,E889
M810,M810
S060,S060
E889,E889
I63,I639
L509,L509
J44,J449
L89,L89
B029,B029
N888,N888
C492,C492
K589,K589
E611,E611
R104,R104
W1978,_
C187,C187
Z030,Z030
H119,H119
J371,J371
J370,J370
V326,_
E160,E160
N84,N849
D05,D059
D106,D106
I442,I442
N493,_
R960,R960
B961,B961
S826,S826
V2399,_
E870,E870
N811,N811
F430,F430
L6002,L600
Q381,Q381
O089,O089
O368,O368
O002,O002
S0241,S0241
S0281,S0281
T8021,T802
J382,J382
A153,A153
D631,D631
M6740,M6740
S5180,S518
S9101,S910
M8051,M8051
C069,C069
I480,I48
O709,O709
0339,_
0820,_
R042,R042
Y2899,_
O722,O722
Z3000,Z300
800,_
C519,C519
Q897,Q897
Z356,Z356
N182,N182
O665,O665
O801,O801
D483,D483
K26,K269
C850,C850
I972,I972
D252,D252
D250,D250
K112,K112
B070,B07
S728,S728
Q308,Q308
K661,K661
D380,D380
W59,_
K402,K402
C501,C501
W3499,_
S313,S313
Z916,Z916
8,_
E662,E662
T189,T189
B05,B059
S0510,S051
O44,_
J1513,J151
Q224,Q224
Q225,Q225
Z861,Z861
H025,H025
G959,G959
F157,F157
T436,T436
C692,C692
R900,R900
K450,K450
T198,T198
S5220,S5220
C442,C442
E561,E561
J159,J159
Z134,Z134
M2329,M2329
S81,S819
S9111,S911
H4011,H401
K091,K091
N6001,N600
S999,S999
M856,M856
S318,S318
J043,_
L028,L028
S680,S680
R5601,R560
N751,N751
E1151,E115
L0221,L022
M1007,M1007
D2370,D237
S7220,S7220
Z969,Z969
M7757,M7757
M1047,M1047
K248,_
D480,D480
E288,E288
J618,J61
H3580,H358
H4421,H442
H3301,H330
H1840,H184
D128,D128
O322,O322
K610,K610
C779,C779
M9595,M959
C839,C839
F119,F119
N329,N329
M8070,_
M9801,_
I898,I898
M8410,M8410
D234,D234
D233,D233
O619,O619
N818,N818
Q539,Q539
J392,J392
M8461,_
I6000,I600
C540,C540
S0260,S0260
S057,S057
D291,D291
J9391,J939
T240,T240
H058,H058
I841,I841
L831,L83
L7201,L720
J9840,J984
H3540,H354
N839,N839
M8380,M8380
Z280,Z280
B19,B199
N428,N428
D40,D409
Q631,Q631
E282,E282
N814,N814
G239,G239
G802,G802
I240,I240
K76,K769
M171,M171
H2621,H262
H2611,H261
H1601,H160
H2151,H215
S400,S400
N019,N019
G729,G729
I846,I846
D759,D759
Q600,Q600
D241,D24
R049,R049
R13,R13
S61,S619
N9089,N908
N8500,N850
0901,_
T14,T149
K045,K045
R1900,R190
G9389,G938
S908,S908
M7000,M7000
V099,_
L910,L910
K439,K439
K818,K818
L739,L739
V200,_
V182,_
I130,I130
J172,J172
S410,S410
S518,S518
S119,S119
Z3800,Z380
S899,S899
S930,S930
C929,C929
T243,T243
M7999,M7999
O008,O008
R590,R590
S5211,S5211
S521,S521
R629,R629
J303,J303
Z090,Z090
H342,H342
J80,J80
P071,P071
K92,K929
M9064,M9064
M792,M792
N211,N211
E781,E781
N1815,N181
Q790,Q790
T824,T824
G919,G919
T659,T659
O48,O48
Z931,Z931
M215,M215
M7227,M7227
O411,O411
I451,I451
O06,O069
L088,L088
M8932,M8932
T212,T212
S701,S701
R188,R18
S0990,S099
B953,B953
H1031,H103
T181,T181
I231,I231
S024,S024
G901,G901
Q211,Q211
R579,R579
I254,I254
T19,T199
N993,N993
C945,C945
M5459,M5459
Z901,Z901
B001,B001
B373,B373
T629,T629
W5099,_
E1122,E112
O060,O060
I870,I870
J03,J039
B769,B769
O649,O649
W2299,_
M8521,M852
P036,P036
P128,P128
I489,I48
G249,G249
S527,S527
S622,S622
G910,G910
P288,P288
F419,F419
Z519,Z519
Q369,Q369
K602,K602
N700,N700
D471,D471
H527,H527
O622,O622
S520,S520
R398,R398
N342,N342
G931,G931
D001,D001
D002,D002
Q000,Q000
F102,F102
E0791,E079
0678,_
R2241,R224
C182,C182
O418,O418
T7960,T796
M7987,M7987
S6110,S611
M7997,M7997
T7961,T796
L728,L728
N649,N649
K518,K518
K537,_
J381,J381
K294,K294
I843,I843
S7111,S711
M6540,M6540
S681,S681
G520,G520
S8260,S8260
N809,N809
K520,K520
M8050,M8050
O690,O690
C79,C799
C110,C110
O062,O062
O821Z,_
K644,_
I672,I672
Q2730,Q273
N038,N038
S212,S212
K571,K571
D66,D66
B171,B171
K275,K275
M751,M751
Q141,Q141
L405,L405
M073,M073
H44,H449
M795,M795
W450,_
Y910,_
L01,_
H2620,H262
H26,H269
C911,C911
H2582,H258
H2605,H260
K611,K611
N601,N601
H270,H270
K629,K629
K0402,K040
C508,C508
P080,P080
N930,N930
M7991,M7991
R252,R252
R740,R740
K521,K521
O993,O993
S029,S029
F230,F230
O330,O330
E279,E279
S202,S202
S300,S300
M626,M626
M008,M008
Z5342,_
K048,K048
O300,O300
M8310,M8310
0700,_
M8000,M8000
0364,_
K284,K284
R0990,_
S0261,S0261
C441,C441
D372,D372
E02,E02
O810,O810
S7210,S7210
N1799,N179
L26,L26
C670,C670
S917,S917
T200,T200
S984,S984
X14,_
S8280,S8280
I830,I830
M602,M602
K118,K118
C772,C772
S820,S820
S4280,S4280
S6280,S6280
S5280,S5280
S4201,S4201
G479,G479
D235,D235
K625,K625
M866,M866
S529,S529
C769,_
I071,I071
K830,K830
X61,_
T423,T423
I616,I616
H2622,H262
H610,H610
T918,T918
Z930,Z930
I401,I401
S661,S661
L048,L048
M8667,M8667
X41,_
S427,S427
R100,R100
S630,S630
S026,S026
G438,G438
Q303,Q303
H2501,H250
D641,D641
H664,H664
S722,S722
S422,S422
T1592,T159
T1591,T159
G238,G238
I313,I313
K37,K37
C753,C753
H440,H440
F239,F239
S360,S360
S368,S368
X599,_
S052,S052
I441,I441
B169,B169
M4806,M4806
M4780,M4780
T912,T912
H603,H603
A038,A038
H659,H659
N209,N209
M7980,M7980
M609,M609
Q273,Q273
S003,S003
M6289,M6289
C845,C845
F432,F432
E260,E260
M471,M471
K851,K851
I802,I802
S091,S091
M6269,M6269
F109,F109
I269,I269
M359,M359
K768,K768
K720,K720
M4786,M4786
I498,I498
I472,I472
I300,I300
T311,T311
G458,G458
M7909,M7909
E42,E42
J869,J869
K754,K754
K311,K311
P003,P003
D181,D181
G418,G418
I459,I459
P210,P210
K264,K264
D320,D320
Z358,Z358
B941,B941
T312,T312
D477,D477
E132N083,_
D820,D820
D728,D728
I828,I828
D70,D70
E230,E230
O479,O479
P819,P819
P704,P704
D352,D352
H652,H652
E161,E161
A59,A599
F104,F104
N001,N001
P200,P200
S0631,S0631
M1396,M1396
L511,L511
J1522,J152
K868,K868
M511,M511
M1317,M1317
G253,G253
I5000,I500
E440,E440
S0240,S0240
J1293,J129
C222,C222
Z01201,Z012
N912,N912
D371,D371
F200,F200
F700,F700
D373,D373
F125,F125
O059,O059
S340,S340
J050,J050
K256,K256
T932,T932
J709,J709
S007,S007
Z354,Z354
N733,N733
C763,C763
K528,K528
N040,N040
O100,O100
O269,O269
M5417,M5417
N920,N920
J100,J100
M5451,M545
I635,I635
I679G468,_
F451,F451
P570,P570
S834,S834
E274,E274
C729,C729
Z01204,Z012
M0686,M0686
G430,G430
K552,K552
M5436,M5436
K251,K251
K572,K572
J985,J985
D609,D609
F059,F059
N47,N47
N008,N008
I201,I201
I513,I513
L139,L139
Q438,Q438
P038,P038
T465,T465
I632,I632
J051,J051
T700,T700
I809,I809
A938,A938
B159,B159
T751,T751
M4317,M4317
T450,T450
T524,T524
S223,S223
A691,A691
G255,G255
G700,G700
T234,T234
L930,L930
S0230,S0230
A488,A488
D375,D375
D330,D330
O109,O109
I428,I428
M0097,M0097
N498,N498
G809,G809
S869,S869
T910,T910
A079,A079
E107,E107
T225,T225
K598,K598
F329,F329
M4722,M4722
F530,F530
A067,A067
D592,D592
Z0142C,_
C609,C609
K098,K098
T783,T783
M6597,M6597
P929,P929
T421,T421
O439,O439
T789,T789
G408,G408
S16,S16
M7986,M7986
F323,F323
F320,F320
P391,P391
P229,P229
P352,P352
E055,E055
T930,T930
D383,D383
D169,D169
C712,C712
M673,M673
H46,H46
M1380,M1380
A192,A192
P241,P241
K512,K512
Z359,Z359
M6596,M6596
H813,H813
N940,N940
D689,D689
I871,I871
M1250,M1250
G431,G431
M1397,M1397
T509,T509
M1987,M1987
P914,P914
M4312,M4312
H050,H050
D34,D34
F312,F312
P760,P760
C414,C414
P783,P783
I443,I443
M968,M968
M894,M894
O713,O713
O751,O751
S02,S029
S6191,S619
J42,J42
S062,S062
S6990,S699
S320,S320
W509,_
M0687,M0687
H310,H310
K100,K100
M6584,M6584
T151,T151
S522,S522
I863,I863
I839,I839
H6122,H612
L9181,L918
S912,S912
S7110,S711
L0200,L020
S9811,S981
S5251,S5251
S5270,S5270
T013,T013
S8101,S810
M796,M796
H069,_
N898,N898
K632,K632
J35,J359
S598,S598
O779,_
O618,O618
O69,O699
S902,S902
Q279,Q279
N908,N908
S8689,S868
Z711,Z711
D176,D176
R15,R15
M1722,M172
K633,K633
M8012,M8012
S5170,S517
R55,R55
K681,_
O626,_
S066,S066
N2002,N200
C752,C752
C829,C829
T8520,T852
S824,S824
I723,I723
A0100,A010
D150,D150
I776,I776
D414,D414
M8580,M8580
N2001,N200
O800Z,_
N849,N849
S868,S868
Z331,Z33
S322,S322
T027,T027
W32,_
M0619,M0619
I879,I879
N23,N23
K550,K550
L82,L82
O033,O033
D279,D27
M6534,M6534
I878,I878
X59,_
M754,M754
H4331,H433
H600,H600
O651,O651
K309,K30
N762,N762
D473,D473
I272,I272
X189,_
O369,O369
Z470,Z470
O731,O731
V8994,_
W311,_
O243,O243
I702,I702
K044,K044
G561,G561
W448,_
L9800,L980
C800,C800
K838,K838
K029,K029
O662,O662
S6190,S619
E833,E833
S365,S365
N600,N600
M9861,_
C897,_
T291,T291
T634,T634
X10,_
R160,R160
O221,O221
T833,T833
R200,R200
O994,O994
B49,B49
D358,D358
R102,R102
C760,C760
C717,C717
V03,_
G309,G309
F009,F009
I270,I270
M8695,M8695
K829,K829
Z350,Z350
Z34,Z349
H11,H119
N037,N037
E8881,E888
T978,T97
D400,D400
T844,T844
K513,K513
O644,O644
Z933,Z933
J959,J959
O750,O750
E81,_
G948,G948
Q079,Q079
D232,D232
E132,E132
N172,N172
M5140,M514
F70,F709
L923,L923
M9440,_
S9230,S9230
E178,_
H188,H188
M1003,M1003
T148,T148
S8230,S8230
W019,_
O000,O000
8180,_
S7230,S7230
T290,T290
T874,T874
S0140,S0140
T250,T250
H701,H701
E839,E839
S807,S807
V891,_
B99,B99
R1312,R13
J384,J384
C310,C310
Q180,Q180
O320,O320
Q621,Q621
L608,L608
M6541,M654
S4301,S4301
H6691,H669
A45,_
O335,O335
J842,_
K388,K388
M169,M169
I721,I721
O64,O649
I714,I714
C612,C61
I418,I418
O349,O349
K400,K400
N823,N823
D213,D213
K2970,K297
S835,S835
H509,H509
S721,S721
S821,S821
D392,D392
C6990,C699
M6780,M6780
M6781,M6781
G5600,G560
C544,_
Z800,Z800
D44,D449
H472,H472
H3330,H333
M138,M138
Z391,Z391
Z492,Z492
O21,O219
C788,C788
W267,_
V280,_
W607,_
S672,_
H27,H279
C759,C759
L7210,L721
D1720,D172
H471,H471
H189,H189
Q049,Q049
J689,J689
Y13,_
H3570,H357
N813,N813
N280,N280
080,_
M6586,M6586
Q633,Q633
H041,H041
S848,S848
Z907,Z907
E048,E048
B958,B958
R392,R392
E877,E877
J340,J340
V89,_
I16,_
I82,I829
O345,O345
E233,E233
S823,S823
S228,S228
T172,T172
O358,O358
O790,_
P380,P38
Y1699,_
Q531,Q531
N400,N40
R2242,R224
0173,_
T170,T170
O038,O038
M8071,_
I427,I427
K053,K053
0998,_
0601,_
0821,_
O717,O717
D696,D696
D25,D259
U049,U049
O660,O660
N933,_
I349,I349
O832,O832
E209,E209
E031,E031
Y451,_
S90,S909
O872,O872
S004,S004
S8231,S8231
S21,S219
J942,J942
Y0499,_
S271,S271
S0651,S0651
E261,E261
Q204,Q204
Q212,Q212
E1140,E114
C716,C716
Z513,Z513
M9470,_
T788,T788
D761,D761
W499,_
Y349,_
Z419,Z419
H114,H114
R942,R942
T185,T185
S064,S064
T130,T130
N830,N830
X099,_
K839,K839
J450,J450
L219,L219
E891,E891
I456,I456
S013,S013
I709,I709
Z241,Z241
Q628,Q628
Z9882,Z988
S5241,S5241
Q6680,Q668
L0291,L029
S5240,S5240
M1906,M190
M7521,M752
N2811,N281
C830,C830
W078,_
S9810,S981
M710,M710
H4090,H409
J341,J341
H0290,H029
S6351,S635
C381,C381
0080,_
N764,N764
M7155,M7155
K601,K601
S670,S670
S637,S637
D163,D163
D168,D168
H018,H018
L040,L040
H043,H043
L508,L508
A053,A053
D225,D225
Y831,_
M9823,_
P021,P021
O459,O459
W4494,_
O655,O655
M023,M023
C111,C111
L7211,L721
I718,I718
370,_
S825,S825
C21,_
M9061,M9061
M8810,_
M244,M244
S831,S831
M9401,M940
C25,C259
M350,M350
S52,S529
H171,H171
I85,I859
H2080,H208
H4310,H431
P614,P614
R1083,_
M8210,M8210
D131,D131
G048,G048
M029,M029
I731,I731
N04,N049
F410,F410
S934,S934
M351,M351
K108,K108
J302,J302
N921,N921
M9180,M9180
I252,I252
Z920,Z920
K148,K148
O339Z,_
A170,A170
R0902,R090
G468,G468
0102,_
0662,_
A071,A071
J387,J387
O139,O13
R5090,R509
T827,T827
J018,J018
S6251,S6251
Z926,Z926
O340,O340
R030,R030
H029,H029
N674,_
H500,H500
E10,E109
S524,S524
M759,M759
S210,S210
C751,C751
M254,M254
T1511,T151
S418,S418
C927,C927
C930,C930
C210,C210
D23,D239
O332,O332
I488,I48
S118,S118
S0520,S052
O670,O670
L9801,L980
K600,K600
0801,_
C90,_
W549,_
A092,A09
J028,J028
I952,I952
E748,E748
Q548,Q548
C490,C490
O326,O326
L93,_
W5599,_
C049,C049
M8736,M8736
S8221,S8221
M8666,M8666
Q605,Q605
R99,R99
Q718,Q718
S069,S069
S562,S562
H2504,H250
I881,I881
S00,S009
P582,P582
M8940,M8940
N431,N431
N489,N489
L819,L819
N159,N159
N100,N10
S907,S907
F319,F319
M9260,M926
E142NO83,_
Q069,Q069
V2919,_
A1810,A181
N287,_
H3001,H300
B830,B830
S6241,S6241
J3800,J380
S3250,S3250
M2351,M2351
S7112,S711
S6830,S683
K142,K142
I889,I889
Z352,Z352
W1952,_
S830,S830
J810,J81
H341,H341
Z139,Z139
S808,S808
S4202,S420
N838,N838
S0501,S050
O610,O610
O745,O745
A164,A164
D166,D166
T861,T861
M9131,M913
L719,L719
Z3802,Z380
Z955,Z955
P219,P219
C079,C07
C841,C841
C531,C531
C959,C959
080Z,_
Z370Z,_
Z39Z,_
I649,I64
Z3707,Z370
0392,_
P031,P031
M8460,_
S6217,S621
1A,_
N991,N991
M4726,M4726
M9863,_
T464,T464
J941,J941
A403,A403
M5431,M543
H208,H208
O419,O419
S632,S632
S631,S631
E142N0,_
N486,N486
O3421,O342
E882,E882
O035,O035
M9827,_
Z895,Z895
K563,K563
C817,C817
C319,C319
V199,_
R33,R33
H4422,H442
O410O,_
S302,S302
B89,B89
F89,F89
T809,T809
X64,_
Y16,_
Y11,_
I447,I447
Y838,_
T825,T825
R630,R630
D160,D160
M419,M419
H0012,H001
Z3980,_
K642,_
S91,S919
S92,S929
K578,K578
O348,O348
R5901,R590
N9092,N909
S904,_
E892,E892
R2231,R223
H0180,H018
K116,K116
R2230,R223
S5202,S520
N77,_
U01,_
F191,F191
R1902,R190
N399,N399
C342,C342
D121,D121
C852,C852
K3533,K353
Q431,Q431
Z433,Z433
G01,G01
Q379,Q379
I454,I454
N39,N399
M8644,M8644
0363,_
0141,_
O839,O839
P285,P285
O011,O011
I8408,I840
J010,J010
S708,S708
V38,_
U00,_
C254,C254
M8199,M8199
Q699,Q699
S933,S933
E269,E269
E079,E079
A093,A09
I461,I461
M9050,M9050
D361,D361
J930,J930
D2371,D237
S5181,S518
L84,L84
H903,H903
P201,P201
C403,C403
S628,S628
G373,G373
Q440,Q440
K109,K109
Q228,Q228
I370,I370
P251,P251
S273,S273
L922,L922
Z809,Z809
G91,G919
S9134,S913
J918,J91
O652,O652
S761,S761
K918,K918
W4499,_
J180,J180
H7081,H708
M9020,M9020
K631,K631
D560,D560
K121,K121
E78,E789
B356,B356
Z201,Z201
S507,S507
S307,S307
A498,A498
M542,M542
P358,P358
C858,_
J931,J931
V284,_
M6516,M6516
M8567,M8567
Z373,Z373
O061,O061
F078,F078
W349,_
G500,G500
M104,M104
I351,I351
H309,H309
M1001,M1001
D311,D311
J383,J383
S080,S080
I712,I712
S030,S030
J0390,J039
T170XXA,_
J3009,J300
M5401,M5401
S8250,S8250
N951,N951
N302,N302
T8140,T814
R25,_
E1330,E133
H3582,H358
N083V,_
N361,N361
N639,N63
O063,O063
Z730,Z730
0321,_
M8246,_
O695,O695
0342,_
C021,C021
M9510,M951
I111,_
M8160,M8160
H938,H938
C160,C160
K929,K929
M899,M899
S5200,S5200
S1280,S1280
K220,K220
S051,S051
2380,_
M8720,M8720
H2600,H260
E1422,E142
H280,H280
I669,I669
M798,M798
C100,C100
J04,_
D479,D479
I059,I059
I958,I958
H819,H819
M257,M257
C440,C440
N1853,N185
6825,_
L060,_
Z858,Z858
H590,H590
N6310,N63
K229,K229
V22,_
M318,M318
B432,B432
A029,A029
O409,O40
K36,K36
D898,D898
R339,R33
O328,O328
M86,M869
S312,S312
O240,O240
N943,N943
H1120,H112
H1121,H112
J200,J200
G301,G301
D760,D760
D379,D379
C03,C039
S931,S931
N499,N499
J479,J47
S534,S534
0829,_
H7411,H741
H651,H651
S8251,S8251
09,_
J182,J182
I808,I808
I4590,I459
H3332,H333
H1141,H114
O981,O981
P539,P53
P53,P53
M436,M436
G454,G454
T140,T140
J301,J301
C170,C170
T24,_
J181,J181
S599,S599
O99,_
Z0809,Z080
R470,R470
M251,M251
N088,N088
K822,K822
P838,P838
B012,B012
S0680,S0680
L973,L97
S697,S697
S621,S621
M411,M411
S614,_
D224,D224
E782,E782
H2150,H215
S813,_
K088,K088
I779,I779
S8011,S801
S0150,S0150
S7291,S7291
H160,H160
H7092,H709
B089,_
H109,H109
Y848,_
M854,M854
Q256,Q256
S361,S361
S364,S364
K719,K719
C496,C496
N393,N393
H4051,H405
L0880,L088
S8300,S830
Q163,Q163
R788,R788
N998,N998
T294,T294
T878,_
Z360,Z360
Z3700,Z370
H5221,H522
E1134,E113
91,_
M701,M701
M957,_
N508,N508
Z98,_
I716,I716
C400,C400
S9100,S910
K510,K510
H912,H912
C52,C52
E1331,E133
K051,K051
R559,R55
N321,N321
I868,I868
R64,R64
C749,C749
D596,D596
M8503,M8503
N971,N971
C791,C791
H332,H332
N911,N911
M6260,M6260
Z049,Z049
J338,J338
909,_
E66,E669
B084,B084
T868,T868
E849,E849
A861,A86
L88,L88
0681,_
N151,N151
K752,K752
0639,_
R60,R609
M8697,M8697
N1850,N185
D731,D731
P741,P741
G509,G509
I102,I10
Z860,Z860
H314,H314
N471,N47
I158,I158
D101,D101
G432,G432
J1812,J181
J1502,J150
D531,D531
P780,P780
Z0168,Z016
B348,B348
A099E861,A09
I301,I301
T454,T454
G372,G372
F209,F209
D680,D680
M0029,M0029
K285,K285
O862,O862
G621,G621
P598,P598
M1302,M1302
N298,N298
J684,J684
N910,N910
J949,J949
N924,N924
M4306,M4306
G404,G404
B653,B653
M0691,M0691
K763,K763
T909,T909
J4510,J451
I491,I491
F458,F458
I426,I426
T383,T383
O989,O989
G405,G405
P026,P026
M7915,M7915
P361,P361
F24,F24
M0016,M0016
F315,F315
F105,F105
M5408,M5408
C761,C761
D568,D568
M490,M490
D610,D610
P001,P001
G062,G062
M1091,M1091
M502,M502
Z010A,_
A86,A86
S0641,S0641
D410,D410
D589,D589
A064K770,_
T236,T236
D684,D684
I358,I358
K315,K315
T310,T310
O346,O346
A408,A408
K740,K740
M2538,M2538
I611,I611
I220,I220
G64,G64
P015,P015
P050,P050
K522,K522
G35,G35
J708,J708
A928,A928
I221,I221
T609,T609
T519,T519
P284,P284
N820,N820
A151,A151
P129,P129
P700,P700
P593,P593
I800,I800
E232,E232
M0689,M0689
F488,F488
M0096,M0096
G808,G808
M532,M532
L120,L120
F803,F803
I159,I159
P236,P236
O231,O231
M4792,M4792
C771,C771
M0649,M0649
B341,B341
K282,K282
D445,D445
I081,I081
I608,I608
T266,T266
F259,F259
A048,A048
M0090,M0090
K280,K280
A411,A411
N492,N492
P158,P158
Q059,Q059
A270,A270
P234,P234
A068,A068
P002,P002
I455,I455
M5446,M5446
I241,I241
S978,S978
S301,S301
M840,M840
J0190,J019
A154,A154
N419,N419
H2711,H271
A188,A188
I320,I320
S022,S022
S897,S897
S6230,S6230
H2680,H268
D3101,D310
H2580,H258
H2581,H258
M8687,M8687
J3302,J330
M8938,M8938
M8188,M8188
T08,T08
D3671,D367
D0471,D047
I8301,I830
T846,T846
K2891,K289
H5212,H521
O809Z,_
Z49,_
Z411,Z411
R162,R162
K083,K083
R227,R227
M4196,M4196
P761,P761
P769,P769
Q412,Q412
Q632,Q632
H609,H609
0831,_
F039,F03
G370,G370
N150,N150
O653,O653
E349,E349
Z906,Z906
Z035,Z035
S8180,S818
P9683,P968
O899,O899
B962,B962
E798,E798
L0201,L020
M7940,M7940
M7981,M7981
E0411,E041
H1792,H179
C5240,C52
W0604,_
M9350,_
M9150,_
M8430,M8430
N409,N40
R87,R879
S141,S141
R80,R80
X5830,_
B088,B088
D21,D219
P809,P809
P037,_
H618,H618
M51,M519
C54,C549
D482,D482
C08,C089
C84,C849
D4800,D480
C120,C12
H3501,H350
N2011,N201
C443,C443
S065,S065
E45,E45
I749,I749
R048,R048
C165,C165
S3240,S3240
K25,K259
S044,S044
C43,C439
C65,C65
N186,_
S0266,S026
S025,S025
K0826,K082
K042,K042
K38,K389
M8441,M8441
O251,O25
B259,B259
O8089,O808
A091,A09
I120Z,_
Z305,Z305
M8800,M880
G522,G522
L519,L519
A91,A91
X1199,_
T231,T231
E213,E213
G244,G244
I430,I430
B332,B332
D848,D848
O842,O842
Q263,Q263
T146,T146
H168,H168
S832,S832
D240,D24
O084,O084
Q870,Q870
M263,_
R319,R31
O0010,O001
K820,K820
T387,T387
Y427,_
C695,C695
Q359,Q359
M7116,M7116
E1433,E143
60,_
O050,O050
D281,D281
Z3005,Z300
9403,_
T111,T111
T131,T131
G448,G448
C491,C491
S678,S678
M7032,M7032
N181,N181
S0109,S010
K863,K863
A180,A180
N44,N44
O42,O429
Z130,Z130
O908,O908
T1711,T171
N369,N369
N999,N999
L9711,L97
T1510,T151
B963,B963
T006,T006
N87,N879
M889,M889
V220,_
W209,_
R609,R609
S203,S203
T193,T193
P035,P035
S829,S829
N158,N158
V18,_
W220,_
H2781,H278
H4722,H472
L7208,L720
M7971,M7971
M870,M870
S635,S635
O0349,O034
S8100,S810
D239,D239
J312,J312
C249,C249
H699,H699
6499,_
P231,P231
M8260,_
M8330,M8330
R59,R599
B085,B085
O344,O344
H2692,H269
C9101,C910
H470,H470
K420,K420
K382,K382
H18,H189
K832,K832
Z96,Z969
Z12,Z129
E05,E059
G551,G551
I72,I729
J183,_
D17,D179
K46,K469
S799,S799
H448,H448
G231,G231
H359,H359
H301,H301
H1810,H181
92,_
K575,K575
H4001,H400
Z136,Z136
H355,H355
E1135,E113
I2510,I251
S66,S669
S898,S898
L988,L988
M328,M328
B59,B59
D849,D849
Z713,Z713
O332O,_
T093,T093
S068,S068
H520,H520
D319,D319
Q39,Q399
W2599,_
0654,_
P082,P082
O333,O333
H143,_
H1781,H178
E739,E739
N310,N310
Q419,Q419
D799,_
L041,L041
D129,D129
W49,_
N8320,N832
D470,D470
J18,J189
X9599,_
T018,T018
N895,N895
Q602,Q602
B54,B54
M548,M548
M8520,M8520
C300,C300
O848,O848
D64,D649
B354,B354
S431,S431
L503,L503
R068,R068
P070,P070
C85,C859
S627,S627
N135,N135
H2809,H280
D350,D350
H40,H409
M8530,M8530
Z5120,Z512
M8930,M8930
M8020,M8020
I468,_
O362,O362
S229,S229
M650,M650
M319,M319
I728,I728
S72,S729
N1785,N178
D590,D590
M518,M518
Q02,Q02
0770,_
041,_
0630,_
H33,_
J218,J218
Y401,_
I614,I614
H4311,H431
X999,_
M8560,M8560
P000,P000
Q240,Q240
K226,K226
O500,_
2038,_
K641,_
L080,L080
A178,A178
C15,C159
K623,K623
H608,H608
R270,R270
S0180,S018
S6281,S6281
Q120,Q120
K076,K076
W0103,_
N3990,N399
H318,H318
L983,L983
N897,N897
G710,G710
B190,B190
M859,M859
I8781,I878
S8350,S8350
O341,O341
S6140,_
2A,_
O219,O219
E169,E169
H447,H447
O14,O149
Q899,Q899
N228,N228
P913,P913
W1898,_
O679,O679
K21,K219
Z1811,_
C,_
K620,K620
M770,M770
K57,K579
K627,K627
O3800,_
0629,_
Y841,_
O24,O249
S220,S220
N90,N909
M7652,M765
S7200,S7200
C642,C64
Z952,Z952
E0590,E059
Q219,Q219
C739,C73
O343,O343
O110,O11
S391,_
D120,D120
I953,I953
H501,H501
N30,N309
R73,R739
C039,C039
R652,R652
I19,_
Y840,_
T368,T368
Y408,_
Y578,_
T191,T191
J38,_
S0190,S019
M4782,M4782
O239,O239
O0399,O039
G540,G540
K460,K460
J321,J321
D3610,D361
M9540,M954
I781,I781
N834,N834
M4802,M4802
K56,_
N368,N368
Q623,Q623
I029,I029
S429,S429
C730,C73
E58,E58
S3700,S3700
S408,S408
A410,A410
N959,N959
S500,S500
A15,A159
A16,A169
T798,T798
B871,B871
A064,A064
K770,K770
M349,M349
I49,I499
K51,K519
S936,S936
M3010,M301
I088,I088
S278,S278
V28,_
B353,B353
I479,I479
R290,R290
R7302,R730
A044,A044
F400,F400
C78,_
O723,O723
F79,F799
M4712,M4712
M4889,M4889
S811,S811
K570,K570
C341,C341
B678,B678
O450,O450
K738,K738
S80,S809
L025,_
S4221,S4221
G9341,G934
M5126,M512
I890,I890
I690,I690
O120,O120
Z515,Z515
Z958,Z958
E104,E104
M952,M952
T81,T819
T875,T875
Z892,Z892
H103,H103
S800,S800
Y0999,_
M9310,M931
D165,D165
P392,P392
K7469,K746
011,_
M9400,M940
W012,_
J68,J689
V234,_
T471,T471
S8081,S8081
G470,G470
I494,I494
G30,G309
T863,T863
P36,P369
E749,E749
N035,N035
G990,G990
S005,S005
S5221,S5221
P77,P77
V2999,_
O45,O459
E078,E078
T173,T173
H4000,H400
I719,I719
H3342,H334
O711,O711
H3551,H355
S9251,S9251
H2701,H270
O802,_
H2700,H270
H3511,H351
V8920,_
K803,K803
S8240,S8240
S763,S763
H2091,H209
M9840,_
H200,H200
D290,D290
C699,C699
C574,C574
H522,H522
M180,M180
V011,_
O63,O639
Q360,Q360
M708,M708
S532,S532
Q610,Q610
Q660,Q660
Z249,_
M533,M533
I713,I713
M600,M600
C340,C340
N2185,N218
M8200,M8200
C383,C383
S0151,S0151
M47,M479
T2121,T212
S0141,S0141
V1399,_
M818,M818
M8072,_
Z291,Z291
R234,R234
R8761,R8761
S9201,S9201
S9331,S933
S7211,S7211
K432,_
S309,S309
T302,T302
M8620,M8620
X69,_
W1899,_
H3534,H353
V021,_
I81,I81
H6591,H659
D2310,D231
P012P,_
J399,J399
M8599,M8599
C161,C161
S6260,S6260
N509,N509
J009,J00
H212,H212
I571,_
S4320,S432
G259,G259
S3270,S3270
S724,S724
K050,K050
K004,K004
K002,K002
Z389,_
Z388,Z388
I831,I831
H579,H579
B789,B789
Q666,Q666
P155,P155
C60,C609
M1814,M181
H10,H109
M8470,_
M8663,M8663
S9200,S9200
M9071,M9071
D550,D550
R17,R17
T058,T058
Z418,Z418
S958,S958
D385,D385
S7300,S7300
I260,I260
J011,J011
N810,N810
S369,S369
N392,N392
O083,O083
S615,_
Q399,Q399
O052,O052
O044,O044
N923,N923
M255,M255
P293,P293
M462,M462
T199,T199
C939,C939
S170,S170
S199,S199
Y09,_
E742,E742
Y280,_
O068,O068
Z641,Z641
M3215,M321
J398,J398
E1438,E143
M8900,M8900
T802,T802
H3500,H350
G549,G549
B699,B699
R770,R770
Z467,Z467
M1388,M1388
P008,P008
N312,N312
Q523,Q523
P360,P360
G513,G513
S0271,S0271
E122N083,_
I602,I602
M4310,M4310
N944,N944
M1981,M1981
M8108,M8108
S467,S467
K850,K850
S0200,S0200
M898,M898
Q269,Q269
M5499,M5499
G904,G904
T55,T55
P019,P019
E631,E631
H700,H700
N413,N413
Q858,Q858
N050,N050
I778,I778
T900,T900
K224,K224
C919,C919
M8198,M8198
C790,C790
Q447,Q447
M6266,M6266
N020,N020
S560,S560
M1040,M1040
Q618,Q618
Q315,Q315
M5491,M5491
P588,P588
P922,P922
S098,S098
S2280,S2280
T314,T314
M331,M331
A058,A058
T599,T599
O85,O85
I1679,_
M0099,M0099
N738,N738
M4366,M436
Z0167,Z016
Z0169,Z016
43,_
G433,G433
M5493,M5493
A759,A759
T658,T658
S0691,S0691
J203,J203
T512,T512
M1318,M1318
M0609,M0609
N730,N730
T592,T592
Q246,Q246
O861,O861
F072,F072
R32,R32
F328,F328
P579,P579
N734,N734
T675,T675
J848,J848
A078,A078
M0896,M0896
T602,T602
T245,T245
M4809,M4809
G912,G912
E806,E806
K701,K701
P589,P589
T670,T670
M6099,M6099
M7984,M7984
O903,O903
I631,I631
M9173,_
G930,G930
N330,N330
Z940,Z940
C792,C792
G042,G042
R2232,R223
Q691,Q691
A491,A491
I150,I150
X4999,_
M1991,M1991
F459,F459
S60,S609
E12,E129
T161,T16
S407,S407
E038,E038
L303,L303
S600,S600
S686,_
R060,R060
P611,P611
K63,K639
C41,C419
S31,_
Q891,Q891
0988,_
N398,N398
A979,_
H0280,H028
M102,M102
O719,O719
O359,O359
H5919,_
Z518,Z518
V235,_
D175,D175
M2201,M220
M8052,M8052
O831,O831
C774,C774
M6594,M6594
S6231,S6231
K22,K229
I724,I724
C809,C809
C0209,C020
C118,C118
M271,_
N511,N511
N530,_
W0199,_
M7748,M774
N175,_
P269,P269
I9659,_
K624,K624
H1144,H114
L20,L209
H662,H662
T859,T859
K29,K299
S8109,S810
S6129,_
Z132,Z132
K257,K257
C240,C240
N949,N949
C4430,C443
S344,S344
B589,B589
M8021,M8021
H2512,H251
D214,D214
M8569,M8569
N120,N12
Z438,Z438
H331,H331
Z875,Z875
P618,P618
M8901,M8901
C765,C765
W206,_
O00,O009
D215,D215
L042,L042
D143,D143
S0111,S011
E122,E122
M9408,M940
S308,S308
K921,K921
T110,T110
H138,H138
F412,F412
S7240,S7240
Q640,Q640
E791,E791
M4789,M4789
E539,E539
O,_
A480,A480
Q370,Q370
H492,H492
0441,_
W3199,_
N881,N881
M8472,_
L0211,L021
O980,O980
D739,D739
S51,S519
M8075,_
M8502,M8502
V26,_
K431,K431
N829,N829
A429,A429
M6544,M654
D443,D443
E1196,E119
S7280,S7280
N96,N96
Z353,Z353
S517,S517
K668,K668
E87,_
S0201,S0201
K2521,K252
Z292,Z292
R628,R628
W2699,_
T911,T911
O8090,O809
N608,N608
C030,C030
Y287,_
G90,G909
C696,C696
L905,L905
Q688,Q688
M19,M199
T190,T190
X4699,_
F023,F023
M720,M720
M1395,M1395
W227,_
R066,R066
Q37,Q379
E668,E668
I400,I400
K089,K089
F028,F028
K102,K102
I502,_
K0525,K052
B479,B479
M902,M902
N8009,N800
N8329,N832
S501,S501
T8521,T852
0034,_
L0310,L031
1259,_
W2201,_
M2556,M2556
I744,I744
G972,G972
O755,O755
R198,R198
M0693,M0693
H604,H604
M652,M652
S624,S624
S802,_
G619,G619
I160,_
T145,T145
392,_
380,_
3800,_
O642,O642
E469,E46
M1029,M1029
H4720,H472
E831,E831
H521,H521
H181,H181
H185,H185
H3091,H309
Q289,Q289
K293,K293
N802,N802
H334,H334
0210,_
E1420,E142
O130,O13
D686,D686
N261,N26
O770,_
Z183,_
I444,I444
Z472,_
O833,O833
Z966,Z966
V02,_
E8631,E86
A080,A080
O096,_
0440,_
S5101,S510
S7011,S701
W1919,_
B509,B509
S666,S666
M651,M651
M7256,M7256
D56,D569
M3214,M321
Z3043,Z304
I710,I710
N17,N179
A539,A539
S8182,S818
T1710,T171
W878,_
C901,C901
B023,B023
H588,H588
B06,B069
C820,C820
P290,P290
J3822,J382
D012,D012
D124,D124
C163,C163
D2101,D210
M6782,M6782
D3690,D369
M2451,M2451
E0401,E040
Q3750,Q375
D1011,D1011
M1382,M1382
E0400,E040
H2681,H268
N031,N031
W319,_
B380,B380
C4910,C491
A599,A599
Z32,_
L0381,L038
S093,_
A278,A278
N611,N61
Z128,Z128
0369,_
M700,M700
0731,_
S7000,S700
G061,G061
O065,O065
O8003,O800
90,_
S200,S200
K900,K900
G9340,G934
T7840,T784
O76,_
C7878,C787
C000,C000
N004,N004
S909,S909
M198,M198
V2949,_
L958,L958
S211,S211
R2291,R229
O028,O028
G463,G463
M932,M932
C924,C924
I561,_
C969,C969
M9040,M9040
N144,N144
Q398,Q398
S460,S460
C32,C329
D4100,D410
H2092,H209
H3520,H352
C520,C52
M8801,M880
M998,M998
L538,L538
X48,_
M860,M860
C409,C409
S8192,S819
I25,I259
H210,H210
I11,I119
Q353,Q353
R931,R931
I21,I219
B079,B07
O881,O881
N935,_
R180,R18
M405,M405
I9800,I980
O370,_
A64,A64
B00,B009
M878,M878
K440,K440
P59,P599
T804,T804
E1161,E116
T876,T876
B9681,B968
O68,O689
H3503,H350
H3538,H353
D382,D382
O334,O334
T938,T938
S8913,_
Z3981,_
T913,T913
Z452,Z452
C099,C099
D134,D134
N09,_
P375,P375
P835,P835
T0580,T058
M9060,M9060
O890,O890
H838,H838
T829,T829
O444,_
7000,_
H4330,H433
M6549,M6549
T922,T922
O716,O716
O645,O645
M9016,M9016
S0602,S060
W119,_
N023,N023
G56,G569
J358,J358
N070,N070
M2546,M2546
Z1381,Z138
H578,H578
D640,D640
0300,_
Y1599,_
M8895,M8895
Y1199,_
Y1499,_
Q423,Q423
M8040,M8040
C5096,C509
N343,N343
B859,_
S9270,S9270
S9240,S9240
S9250,S9250
S551,S551
1209,_
1480,_
R659,R659
E1162,E116
N28,N289
U010,_
D260,D260
C837,C837
N005,N005
D132,D132
K301,K30
B002,B002
C57,C579
I652,I652
N1835,N183
O325,O325
M154,M154
0711,_
D467,D467
T192,T192
O10,O109
S921,S921
M2514,M2514
Z016,Z016
J168,J168
S299,S299
K132,K132
M7996,M7996
M2539,M2539
M6500,M6500
J01,J019
D369,D369
S328,S328
C3250,_
M1080,_
C433,C433
H2630,H263
Y420,_
S669,S669
H6692,H669
Q828,Q828
R2210,R221
E1051,E105
S2101,S210
Z9011,Z901
O714,O714
M190,M190
W5799,_
G819,G819
I515,I515
I060,I060
D407,D407
I361,I361
G9009,G900
B942,B942
I422,I422
M8090,M8090
Z923,Z923
I891,I891
L02,L029
N852,N852
V8909,_
W2239,_
5139,_
5249,_
5251,_
5129,_
G310,G310
G319,G319
M7501,M750
S5190,S519
A00,A009
H101,H101
X589,_
T853,T853
M196,_
N0803,N080
B150,B150
T432,T432
S6301,S6301
K001,K001
D313,D313
0999,_
820,_
0410,_
0689,_
Z313,Z313
7370,_
7380,_
H3421,H342
H4420,H442
H4423,H442
H021,H021
Q898,Q898
C5090,C509
C447,C447
R1110,R11
H53,H539
R131,R13
N622,N62
Q401,Q401
C827,C827
N35,N359
C844,C844
B08,_
M9932,M9932
D1722,D172
M9450,_
K924,_
C731,C73
L7218,L721
D2392,D239
S612,_
H0001,H000
I74,I749
H062,H062
C1199,C119
N872,N872
H368,H368
M432,M432
O86,_
G821,G821
S6200,S6200
H010,H010
R760,R760
E035,E035
H2500,H250
O80O,_
H312,H312
M7982,M7982
M235,M235
C9590,C959
C401,C401
I864,I864
T289,T289
C8190,C819
S0102,S010
H654,H654
L03,L039
J32,J329
H16,H169
C915,C915
M23,M239
C8380,C8380
C8590,C859
C649,C64
K61,_
K01,_
Q300,Q300
D4862,D486
H2648,H264
H35,H359
H443,H443
D508,D508
K8010,K801
J9509,J950
H34,H349
C2230,C223
J393,J393
J311,J311
K374,K37
N1856,N185
S352,S352
S355,S355
Z135,Z135
S759,S759
1219,_
G622,G622
T320,T320
O754,O754
N155,_
R508,R508
K928,K928
K27,K279
B690,B690
G258,G258
W0708,_
M22,M229
W1948,_
H619,H619
H4332,H433
C179,C179
T182,T182
C538,C538
K52,K529
L6020,L602
N039I,_
O321O,_
O339O,_
O689O,_
M1398,M1398
T435,T435
Y599,_
J980,J980
C060,C060
G518,G518
M7918,M7918
M0681,M0681
J202,J202
C252,C252
A191,A191
B180,B180
A309,A309
M5322,M5322
T542,T542
K741,K741
T794,T794
G041,G041
A711,A711
M0698,M0698
M1989,M1989
M1905,M1905
T306,T306
S969,S969
D691,D691
P788,P788
A022J170,_
T594,T594
P550,P550
M4896,M4896
M6088,M6088
M501,M501
C186,C186
F840,F840
T204,T204
D337,D337
N110,N110
K858,K858
A46,A46
T317,T317
M7908,M7908
F29,F29
B068J171,_
D599,D599
M0696,M0696
T433,T433
Q874,Q874
N011,N011
M6299,M6299
K914,K914
M6000,M6000
M999,M999
G008,G008
L130,L130
A010J170,_
D682,D682
A483,A483
H830,H830
E125,E125
Q439,Q439
F018,F018
F206,F206
F203,F203
P230,P230
M0599,M0599
I636,I636
NOICD,_
E873,E873
T426,T426
T410,T410
A427,A427
S469,S469
P398,P398
A047,A047
E102N083,_
F99,F99
E060,E060
N994,N994
M4307,M4307
E15,E15
C269,C269
K710,K710
D738,D738
P134,P134
F311,F311
F208,F208
J1512,J151
E242,E242
J628,J628
B068,B068
N134,N134
I228,I228
T260,T260
E164,E164
B948,B948
C579,C579
A415,A415
A660,A660
V32,_
M488,M488
E713,E713
T220,T220
T079,T07
I253,I253
R5610,_
J4540,_
E289,E289
M8619,M8619
E879,_
K046,K046
D492,_
W240,_
D230,D230
K66,K669
S362,S362
M6599,M6599
O602,O602
Z780,_
N883,N883
N758,N758
S0000,S000
V229,_
D50,D509
O803,_
W1721,_
P159,P159
P150,P150
P154,P154
N1709,N170
Z479,Z479
Z466,Z466
J37,_
L890,L890
M6021,M6021
N83,N839
F1008,F100
J157,J157
O350,O350
Z910,Z910
A394,A394
S565,S565
I86,_
T839,T839
O740,O740
H20,H209
S5271,S5271
S6181,S618
S961,S961
K574,K574
S30,S309
Q245,Q245
M2536,M2536
T162XXA,T16
Q422,Q422
P059,P059
M258,M258
R291,R291
I604,I604
M1002,M1002
J8410,J841
W254,_
V270,_
V020,_
Y282,_
I24,I249
T064,T064
L011,L011
Q513,Q513
P243,P243
L109,L109
M9531,M953
M062,M062
D48,D489
N058,N058
T099,T099
O683,O683
H2619,H261
M485,M485
S688,S688
S128,S128
S4100,S410
R238,R238
B02,B029
M1901,M1901
N735,N735
A022,A022
K44,K449
Z871,Z871
V484,_
M608,M608
13,_
H3090,H309
H3142,H314
N089,_
G718,G718
H2643,H264
M245,M245
A08,_
C8591,C859
S922,S922
K8080,K808
E1131,E113
M8850,_
R09,_
N620,N62
H69,H699
E04,E049
M879,M879
M9685,M968
C835,C835
K371,K37
M9702,_
K13,_
M2381,M2381
M7510,M751
M9592,M959
Q378,Q378
C101,C101
J3501,J350
M9961,M9961
A492,A492
N973,N973
M8143,M8143
T84,T849
T8684,T868
H05,H059
D020,D020
S620,S620
J10,_
C459,C459
K200,K20
L40,L409
Q1300,Q130
K50,K509
M17,M179
S5201,S5201
E1132,E113
N93,N939
H2503,H250
H3542,H354
Q741,Q741
M1917,M1917
D659,D65
M1840,M184
Z450,Z450
K266,K266
N808,N808
9935,_
M8890,M8890
H65,H659
X40,_
M8510,M8510
R57,R579
Z000,Z000
K551,K551
N870,N870
D3611,D361
K068,K068
K006,K006
Q070,Q070
T66,T66
H3410,H341
000,_
S9232,S923
C22,C229
L959,L959
C620,C620
K643,_
D61,D619
C801,C80
S8001,S800
R77,R779
N97,N979
D3705,D370
K8019,K801
H444,H444
J93,J939
R430,R430
F454,F454
M9695,M969
C8200,C820
E6601,E660
C9000,C900
Z3701,Z370
Z346,_
O62,O629
R6250,_
C185,C185
S8271,S8271
E250,E250
S027,S027
D122,D122
M838O3,_
P211,P211
P720,P720
Q248,Q248
W2009,_
S373,S373
N6320,N63
A541,A541
Q161,Q161
Z490,Z490
M7298,M7298
D242,D24
H2613,H261
M24,M249
N835,N835
K140,K140
Z935,Z935
K117,K117
Y548,_
W31,_
Z855,Z855
F718,F718
S530,S530
C72,C729
K645,_
S5980,S598
T00,T009
T162,T16
S689,S689
S315,S315
C190,C19
0995,_
K277,K277
K2960,K296
S6180,S618
P3610,P361
J3821,J382
D484,D484
I99,I99
C4451,C445
1120,_
1639,_
K6389,K638
N053,N053
I659,I659
B206,B206
K7581,K758
E054,E054
T381,T381
T449,T449
T18,T189
N816,N816
L891,L891
Z922,Z922
N634,N63
J324,J324
S837,S837
T061,T061
S499,S499
S053,S053
T901,T901
B658,B658
Q1200,Q120
B359,B359
B488,B488
S272,S272
R871,R871
J958,J958
D829,D829
R111,R11
D581,D581
S9290,S9290
5,_
R074,R074
S816,_
L896,L89
M0829,M0829
X596,_
X5909,_
K920,K920
M8109,M8109
S208,S208
A913,A91
E032,E032
Z400,Z400
E740,E740
J359,J359
D316,D316
H5791,H579
H939,H939
D688,D688
P744,P744
P742,P742
P710,P710
P740,P740
P743,P743
R601,R601
O659,O659
J910,J91
J0100,J010
H1912,H191
H749,H749
H4006,H400
N033,N033
K084,_
H5002,H500
D1801,D1801
H653,H653
K2971,K297
S6612,S661
J34,_
S4302,S4302
S8331,S833
C74,C749
E27,E279
S833,S833
Q65,Q659
M849,M849
C9210,C921
C67,C679
N909,N909
D049,D049
O603,O603
N8010,N801
A185,A185
H488,H488
H0580,H058
C253,C253
K501,K501
J3802,J380
C172,C172
C510,C510
C773,C773
M8142,M8142
M316,M316
Z8631,Z863
M5422,M5422
M6543,M6543
Q396,Q396
C693,C693
N31,N319
Q282,Q282
M9890,_
M232,M232
Z524,Z524
E7870,_
C62,C629
N80,N809
K612,K612
K2210,K221
C75,C759
O03,O039
O036,O036
R101,R101
L722,L722
H3351,H335
E1165,E116
N843,N843
C811,C811
H3122,H312
H599,H599
T845,T845
H335,H335
T2421,T242
C9201,C920
J3801,J380
L0336,L033
D4861,D486
C506,C506
A1801,A180
0039,_
P027,P027
M8390,M8390
F41,F419
Q24,Q249
L512,L512
M1791,M179
L7321,L732
M1992,M1992
M7990,M7990
O8611,O861
R876,R876
S6109,S610
S0112,S011
N119Z,_
0800A0,_
O103,O103
D3100,D310
Z3046,Z304
S668,S668
K4090,K409
Z982,Z982
K0500,K0500
D1721,D172
O620Z,_
O459Z,_
O809Z3,_
H2713,H271
S9231,S9231
G3184,G318
T797,T797
J012,J012
S657,S657
V399,_
V23,_
M1004,M1004
M655,_
R071,R071
K72,K729
E272,E272
S42,S429
D044,D044
M8681,M8681
L0300,L030
T313,T313
H5211,H521
H1600,H160
P359,P359
H5032,H503
D1724,D172
4687,_
G57,G579
S0121,S012
H356,H356
S880,S880
N1801,N180
I311,I311
F069,F069
P60,P60
Q793,Q793
M011,M011
B820,B820
E03,E039
H108,H108
I1892,_
1802,_
S412,_
M8522,M852
O0001,O000
D332,D332
0840,_
D3301,D330
Q890,Q890
G838,G838
N1310,N131
D0500,D050
M9864,_
Z310,Z310
Q549,Q549
S717,S717
Q505,Q505
M4788,M4788
K056,K056
N632,N63
S644,S644
N854,N854
R108,_
A590,A590
R911,R91
T847,T847
C796,C796
I199,_
S3200,S3200
K938,K938
Z3970,_
S110,S110
J991,J991
R268,R268
G950,G950
Z911,Z911
M2320,M2320
S41,_
E142N,_
D496,_
K419,K419
O2441,O2441
Z421,Z421
S398,S398
O354,O354
Q723,Q723
N85,N859
S9271,S9271
P020,P020
Y049,_
W899,_
F439,F439
P125,_
R2211,R221
T201,T201
Y04,_
S4000,S400
T068,T068
C445,C445
S9121,S912
S5182,S518
O102,O102
B351,B351
D18,_
T796,T796
H1881,H188
G43,G439
M1988,M1988
P040,P040
D519,D519
C578,C578
J982,J982
Z0165,Z016
E210,E210
M4395,M4395
A085,A085
P029,P029
G444,G444
C781,C781
M4787,M4787
D117,D117
A523,A523
M4302,M4302
M758,M758
00000,_
M6298,M6298
M5452,M545
M2322,M2322
I098,I098
Y423,_
J1813,J181
F341,F341
I083,I083
E730,E730
T608,T608
M4790,M4790
Q822,Q822
S2290,S2290
E894,E894
D510,D510
F318,F318
K721,K721
G040,G040
P619,P619
Q674,Q674
J1823,J182
T579,T579
K704,K704
S437,S437
E569,E569
A509,A509
S764,S764
D137,D137
T601,T601
I458,I458
T371,T371
Q504,Q504
D67,D67
T303,T303
I740,I740
B580,B580
S6600,S660
M704,M704
I824,_
D498,_
T760,_
O72,_
C560,C56
D2321,D232
M000,M000
M841,M841
G5622,G562
M1899,M189
H1811,H181
M222,M222
Z908,Z908
Z374,Z374
B03,B03
K8000,K800
H473,H473
M6354,_
H508,H508
S462,S462
C690,C690
N882,N882
N34,_
J300,J300
K8012,K801
M797,M797
W2099,_
M8795,M8795
H30,H309
Y10,_
T835,T835
J0180,J018
O3689,O368
M234,M234
R50,R509
W0109,_
H279,H279
H538,H538
C257,C257
R49,_
S134,S134
M9181,M918
M709,M709
C00,C009
C44,C449
M9409,M940
M9000,M9000
C090,C090
Z878,Z878
G464,G464
N81,N819
M6593,M6593
H1430,_
Z80,Z809
O401,O40
H4732,H473
M2324,M2324
H4712,H471
0649,_
P560,P560
M7550,M755
M089,M089
M81,M819
O849,O849
S0551,S055
S6045,_
C3490,C349
S605,_
K265,K265
V20,_
S3230,S3230
O390,_
D0590,D059
O689Z,_
S9310,S931
T179,T179
D4860,D486
M8982,M8982
S1290,S1290
H214,H214
Y470,_
W26,_
I068,I068
L035,_
N1380,N138
S6321,S632
S4300,S4300
M413,M413
M503,M503
M752,M752
G588,G588
K604,K604
I960,_
N645,N645
W7499,_
M9590,M959
M8147,M8147
X7899,_
R161,R161
J3512,J351
L0390,L039
M8840,_
M8680,M8680
S698,S698
T01,T019
C475,C475
S0540,S054
R972,_
R21,R21
G609,G609
M8832,_
E090,_
A409,A409
Z351,Z351
O262,O262
Z092,Z092
S2730,S2730
M8852,_
L998,L998
H2602,H260
H1102,H110
Z762,Z762
Z011,Z011
Z341,_
N609,N609
M8970,_
T241,T241
C4931,C493
1248,_
P20,P209
N1892,N189
M402,M402
J458,J458
Z975,Z975
M242,M242
T2501,T250
0807,_
Z378,_
W258,_
M1386,M1386
D0470,D047
S578,S578
C4411,C441
M4122,M4122
X169,_
N389,_
H5901,H590
M624,M624
20,_
W459,_
D2312,D231
N491,N491
M6744,M6744
D236,D236
R041,R041
O694,O694
J353,J353
O894,O894
C83,C839
H951,H951
H3537,H353
L501,L501
F603,F603
H1109,H110
W34,_
H5690,_
M8101,M8101
Z47,Z479
C323,C323
M842,M842
X68,_
B900,B900
Y520,_
Z980,Z980
S82,S829
G09,G09
A009,A009
Z8943,Z8943
8801,_
B009,B009
I319,I319
Y450,_
S9190,S919
E1425,E142
I5022,_
O337,O337
C162,C162
T378,T378
D162,D162
R04,R049
C031,C031
K942,_
E130,E130
T808,T808
T840,T840
D216,D216
W8799,_
L21S,_
M844,M844
X6899,_
H1132,H113
N833,N833
S4241,S4241
J13,J13
O999,_
M439,M439
P298,P298
K7290,K729
T024,T024
R298,R298
R5800,R58
K103,K103
C4410,C441
R021,R02
K129,_
M1710,M171
H3413,H341
C81,C819
N815,N815
Z393,_
M3653,_
H349,H349
E372,_
D280,D280
O022,_
D1631,D163
D2121,D212
S9120,S912
T815,T815
D580,D580
Z801,Z801
O309,O309
O458,O458
R062,R062
Z740,Z740
H6001,H600
H105,H105
C413,C413
L898,L89
C740,C740
Q522,Q522
C961,C961
O760,_
N171,N171
N391,N391
V274,_
S6100,S610
W5130,_
Q501,Q501
B071,B07
H1106,H110
C7221,C722
T858,T858
H0241,H024
D173,D173
N291,N291
Q1500,Q150
H3505,H350
N75,N759
L8990,L899
O7002,O700
Z570,Z570
M2391,M2391
0680,_
I482,I48
D551,D551
Z431,Z431
K5121,K512
N6021,N602
N60,N609
D721,D721
G4739,G473
C8448,C8448
R195,R195
D0510,D051
K5900,K590
N3090,N309
T619,T619
I4820,I48
Z137,Z137
M851,M851
T881,T881
K0381,K0381
T233,T233
L0311,L031
R004,_
Z514,Z514
J3411,J341
H220,H220
D333,D333
W260,_
B780,B780
L740,L740
L249,L249
C960,C960
S143,S143
S061,S061
Z9920,Z992
M6787,M6787
O142,O142
B309,B309
L83,L83
W3999,_
T920,T920
H0201,H020
S055,S055
K4091,K409
S5281,S5281
W44,_
O912,O912
K909,K909
C649M8,C64
L220,L22
M6743,M6743
M821,M821
Z458,Z458
Q203,Q203
M868,M868
J02,J029
K123,K123
L7320,L732
D1770,D177
D3851,D385
J3820,J382
L0301,L030
J3591,J359
L9891,L989
H931,H931
M320,M320
L304,L304
Z881,Z881
A269,A269
S43,_
L602,L602
M6249,M6249
S336,S336
K9186,K918
S62,_
L98O,_
Y459,_
T856,T856
D4850,D485
M8662,M8662
M8980,M8980
O809O,_
T549,T549
Q8708,Q8708
G638,G638
S129,S129
E1423,E142
Q162,Q162
R918,R91
N185V,_
R651,R651
I1099,I10
R65,R659
P800,P800
V,_
P591,P591
Q054,Q054
S7214,S721
H6000,H600
Z3831,Z383
M4646,M4646
K919,K919
J851,J851
Z932,Z932
T752,T752
K823,K823
M7988,M7988
M4781,M4781
K559,K559
S0681,S0681
29585,_
M1300,M1300
F449,F449
A083,A083
F155,F155
T908,T908
14402,_
E069,E069
P364,P364
P969,P969
I309,I309
G360,G360
S0291,S0291
T293,T293
M0019,M0019
M1036,M1036
M5488,M5488
T494,T494
C58,C58
C632,C632
G558,G558
M4628,M4628
C150,C150
C171,C171
G309F009,_
E248,E248
E725,E725
M4362,M4362
E40,E40
H738,H738
P028,P028
T598,T598
O209,O209
A878,A878
J1563,J156
P032,P032
Q820,Q820
Q614,Q614
T902,T902
N915,N915
P294,P294
M6261,M6261
F153,F153
G318,G318
E512,E512
M0809,M0809
G219,G219
J1822,J182
K287,K287
T570,T570
G248,G248
C384,C384
N051,N051
N044,N044
M1316,M1316
O718,O718
M8002,M8002
M210,M210
809,_
E119J,_
Y19,_
S372,S372
J620,J620
S8211,S8211
W250,_
129,_
G810,G810
Z579,Z579
N219,N219
Q159,Q159
H339,_
S6221,S6221
X5992,_
W238,_
Y328,_
D068,_
X1999,_
C33,C33
X959,_
S417,S417
Y189,_
O739,_
J469,J46
B689,B689
C784,C784
M9170,_
Q532,Q532
M7985,M7985
P371,P371
S8981,S898
H1089,H108
O80O0,_
H728,H728
R633,R633
N804,N804
I103,I10
I289,I289
K060,K060
K591,K591
K62,K629
G960,G960
M5449,M5449
P353,P353
S6271,S6271
H3560,H356
T8522,T852
H4002,H400
H933,H933
C001,C001
S592,_
S189,S18
E143H3,_
P033,P033
X994,_
T8130,T813
N440,N44
I95,I959
H442,H442
K430,K430
N010,N010
M146,M146
D63,_
I05,I059
A27,A279
H1033,H103
O403,O40
M2161,M216
M2325,M2325
E09,_
M20,_
H2610,H261
N62,N62
K745,K745
H0191,H019
M160,M160
I83,I839
Z236,Z236
S561,S561
I61,I619
Z322,_
1100,_
T500,T500
D13,D139
V0319,_
P370,P370
Z571,Z571
S7031,_
S0011,S001
H540,H540
K58,K589
Z824,Z824
W082,_
W4441,_
M1306,M1306
M67,M679
H1123,H112
F233,F233
S8241,S8241
J43,J439
M713,M713
E1035,E103
T194,_
T2400,T240
W5999,_
M1038,M1038
S122,S122
D571,D571
H022,H022
I600,I600
Z925,Z925
Y415,_
B208,B208
S197,S197
K653,_
D249,D24
W818,_
Z9831,_
Q900,Q900
J323,J323
K073,K073
K261,K261
W010,_
S53,_
E283,E283
S96,S969
O094,_
I888,I888
S451,S451
K5641,K564
S3023,S302
H0622,H062
W1499,_
N3822,_
L73,L739
S131,S131
M800O6,_
N1,_
C7,_
M7928,M7928
G603,G603
S317,S317
0224,_
N034,N034
C621,C621
C767,C767
C006,C006
E738,E738
M65,M659
S0093,S009
S685,_
Z765,Z765
A549,A549
J322,J322
M9100,M9100
M9960,M9960
I169,_
Z533,_
O752,O752
K5190,K519
Z9049,Z904
M1049,M1049
R0901,R090
X95,_
Y29,_
M7687,M7687
M8011,M8011
E1351,E135
C595,_
Q668,Q668
V2849,_
R945,R945
X469,_
H2612,H261
Z9612,Z961
C797,C797
L259,L259
S270,S270
H450,H450
M9080,M9080
X499,_
E971,_
D762,D762
P546,P546
S568,S568
S3280,S3280
S325,S325
Y199,_
Z437,Z437
L98,L989
V890,_
S959,S959
H6011,H601
Z409,Z409
S3610,S3610
E273,E273
W2252,_
0691,_
L408,L408
K389,K389
W222,_
N412,N412
M768,M768
S112,S112
H3420,H342
H4380,H438
Q1711,Q171
G5602,G560
J955,J955
S0025,S002
M9523,M952
K8050,K805
H2140,H214
N02,N029
S6250,S6250
T30,_
L439,L439
M9500,M950
Z903,Z903
N46,N46
Z014,Z014
K372,K37
F042,F04
C141,C141
K18,_
I1032,I10
Q231,Q231
Q253,Q253
I606,I606
H4081,H408
G462,G462
H0013,H001
H1111,H111
E1102,E110
K217,_
I20,I209
I42,I429
H182,H182
T851,T851
C9110,C911
D2112,D211
D709,D70
Z240,Z240
S71,_
Z34O,_
Z230,Z230
A33,A33
0721,_
W4462,_
O6980,O698
821,_
V2899,_
N641,N641
Q749,Q749
D683,D683
M6288,M6288
R680,R680
N109,N10
Z010,Z010
I743,I743
X6999,_
O668,O668
V2249,_
K4030,K403
V0299,_
K4031,K403
V2259,_
S0638,S063
I663,I663
C388,C388
S399S,_
M62,M629
Z539,Z539
W5098,_
\,_
Z936,Z936
M6296,M6296
Q320,Q320
O658,O658
S0581,S058
M7916,M7916
B955,B955
T398,T398
Y458,_
G579,G579
H4400,H440
M322,_
M8001,M8001
O01,O019
T849,T849
R10,_
F062,F062
H1630,H163
0703,_
H3562,H356
H611,H611
P299,P299
M6539,M6539
N430,N430
G407,G407
O3399,O339
M142,M142
C009,C009
W440,_
W449,_
I8501,I850
9093,_
0750,_
D6288,D62
01,_
S0130,S013
A281,A281
Z060,_
E1121,E112
258,_
069,_
E0591,E059
438,_
0620,_
0233,_
S68,S689
J860,J860
Q740,Q740
K925,_
1101,_
B770,B770
S2208,S220
S602,S602
Z380RVSCODE,_
K31,K319
D6493,D649
R179,R179
O2340,O234
M950,M950
K59,K599
M9962,M9962
1770,_
S442,S442
D1779,D177
K60,_
W2208,_
M9044,M9044
Z600,Z600
D450,D45
Z51,Z519
K651,_
P524,P524
W1808,_
G451,G451
N052,N052
B162,B162
V215,_
Z91,_
C104,C104
E13,E139
D123,D123
L04,L049
M4386,M4386
K718,K718
Q625,Q625
O037,O037
T504,T504
Q430,Q430
I00J178,I00
P910,P910
C318,C318
F231,F231
F232,F232
L101,L101
P024,P024
G834,G834
T622,T622
E126,E126
K511,K511
J430,J430
A370J170,_
F339,F339
K310,K310
M508,M508
Q641,Q641
M7288,M7288
F199,F199
M778,M778
D582,D582
M6095,M6095
D733,D733
T603,T603
T409,T409
P014,P014
P007,P007
Q043,Q043
B012J171,_
P111,P111
P271,P271
Q018,Q018
C902,C902
T811,T811
C251,C251
Q643,Q643
K313,K313
T223,T223
Z3040,Z304
T213,T213
T905,T905
M2488,M2488
O84O,_
I079,I079
P960,P960
P702,P702
Q690,Q690
N418,N418
H299,_
A156,A156
K933,_
K258,_
Q1202,Q120
S3680,S3680
X199,_
S5231,S5231
S6211,S6211
Z509,Z509
H4700,H470
Y289,_
E744,E744
F608,F608
V839,_
I308,I308
S540,S540
N081,N081
X5990,_
Y3462,_
Z978,Z978
X46,_
W268,_
S6151,_
B301,B301
H131,H131
J178,J178
S655,S655
S101,S101
L22,L22
M3136,M313
Z792,_
I35,I359
Z9851,_
R9190,R91
H4411,H441
E1421,E142
0828,_
N4889,N488
W3162,_
D494,_
A811,A811
H5900,H590
H4321,H432
H4389,H438
H042,H042
J330,J330
E868,E86
M8950,M8950
G820,G820
T8149,T814
0001,_
M635,_
0064,_
S5283,S528
J840,J840
H2509,H250
W230,_
S0055,S005
Y455,_
M6533,M653
S903,S903
C051,C051
R258,R258
B952,B952
M4185,M4185
Z318,Z318
R56,_
W0899,_
S6240,S6240
B34,B349
W2999,_
9095,_
0682,_
N88,N889
Q519,Q519
K833,K833
K1160,K1160
H2141,H214
N0400,N040
T819,T819
W5709,_
M8370,_
A401,A401
S161,S16
Q031,Q031
S662,S662
M622,M622
J133,J13
C917,C917
N340,N340
O0951,_
M753,M753
K812,_
K7460,K746
M7481,_
6,_
H6189,H618
M9522,M952
S0231,S0231
O95,O95
E011,E011
M2518,M2518
S2701,S2701
M900,M900
S665,S665
S321,S321
Q375,Q375
H011,H011
S6092,S609
Q374,Q374
O8007,O800
Q355,Q355
S0091,S009
H720,H720
E1143,E114
T880,T880
Z39O,_
R861,R861
D692,D692
Z13,Z139
M8073,_
L411,L411
W10,_
J1819,J181
H432,H432
A302,A302
L533,L533
M9836,_
O710,O710
D174,D174
H81,H819
S8291,S8291
M775,M775
Z954,Z954
Y1899,_
N958,N958
V289,_
O342O,_
W7699,_
D538,D538
O363O,_
O410O8,_
Z370O,_
S652,S652
W25,_
W23,_
V9999,_
E874,E874
T028,T028
C091,C091
B204,B204
S3110,S311
E1150,E115
W13,_
C957,C957
Z929,Z929
K111,K111
T367,T367
N1351,N135
R2201,R220
S056,S056
M7711,M771
Z38O,_
I421,I421
H2990,_
D802,D802
I792,I792
W1830,_
M9370,_
Q764,Q764
N362,N362
O336,O336
R251,R251
V536,_
N978,N978
H919,H919
S023,S023
G969,G969
Z712,Z712
B201,B201
O3472,O347
T091,T091
Z436,Z436
I090,I090
M6548,M654
C652,C65
K1379,K1379
Z9181,Z918
0756,_
Q288,Q288
D010,D010
Z377,Z377
I784,_
M459,M459
S324,S324
S323,S323
S900,S900
I42D,_
0244,_
T656,T656
Y181,_
M8860,_
E0410,E041
D04,D049
S198,S198
E838,E838
I371,I371
N289N,_
I218,_
M862,M862
Y460,_
X44,_
R19,_
V291,_
J471,J47
M858,M858
I217,_
M850,M850
O380,_
G541,G541
M8612,M8612
C436,C436
V224,_
S218,S218
Q200,Q200
Z939,Z939
V2299,_
T029,T029
O367,O367
I621,I621
S2700,S2700
S298,S298
R399,_
T510,T510
Y159,_
S3730,S3730
W208,_
W228,_
N322,N322
M0692,M0692
S402,_
S7201,S7201
S7231,S7231
A066,A066
S2720,S2720
N304,N304
T246,T246
W501,_
G4090,G409
M966,M966
N95,N959
L8931,L893
I233,I233
S6090,S609
L0881,L088
W3299,_
K0531,K0531
Q278,Q278
S8310,S831
R529,R529
J438,J438
H681,H681
H4721,H472
O941,O94
N43,_
M2740,_
I8432,I843
K8001,K800
H6501,H650
M8130,M8130
Q825,Q825
M8760,_
C502,C502
H3552,H355
J96,J969
L730,L730
H0242,H024
H0243,H024
A49,A499
S4101,S410
M9870,_
M9560,_
C725,C725
J109,_
O0391,O039
O422,O422
W2399,_
X1109,_
C184,C184
N633,N63
Q1210,Q121
H3180,H318
H3302,H330
D2311,D231
M939,M939
S359,S359
G618,G618
H3561,H356
Q140,Q140
M8170,_
G908,G908
W1099,_
V134,_
H70,H709
M8162,M8162
P010,P010
D035,D035
B652,B652
S563,S563
L568,L568
H1780,H178
M8705,M8705
0249,_
G580,G580
S8021,_
O61,O619
S77,_
A001,A001
D045,D045
D047,D047
K5791,K579
S6220,S6220
I1101,I110
S7270,S7270
W5982,_
V2841,_
X5093,_
W37,_
T8241,T824
J444,_
T830,T830
Q182,Q182
J152,J152
S8035,_
Z434,Z434
F063,F063
S4112,S411
Y353,_
S0100,S010
W599,_
S6264,S626
E876E,_
O8000,O800
701,_
O702Z,_
O701Z,_
K421,K421
M9731,_
T143,T143
C7822,C782
M8053,M8053
G978,G978
H3321,H332
W1909,_
W1908,_
D06,D069
L500,L500
S088,S088
B960,B960
V44,_
S232,S232
Y462,_
W45,_
S8183,S818
I899,I899
N648,N648
Q541,Q541
Q386,Q386
P074,_
K730,K730
H547,H547
S660,S660
P519,P519
S0083,S008
I510,I510
T447,T447
G031,G031
D411,D411
E268,E268
Q251,Q251
M332,M332
S040,S040
M4797,M4797
I151,I151
M352,M352
G548,G548
A988,A988
T473,T473
K286,K286
I601,I601
A888,A888
J1543,J154
N501,N501
P228,P228
D339,D339
F489,F489
A542,A542
M800,M800
D643,D643
T604,T604
A548,A548
D151,D151
P365,P365
M1792,M179
Y538,_
M4856,M4856
M4832,M4832
G804,G804
T390,T390
T318,T318
I369,I369
D334,D334
C542,C542
D601,D601
M5414,M5414
E639,E639
A060E861,_
Q048,Q048
H831,H831
S935,S935
K743,K743
59400,_
M8189,M8189
H02,H029
9A,_
S6121,_
2S,_
H490,H490
0984,_
X4399,_
B441,B441
B20,B20
S9330,S933
A040,A040
E1010,E101
O89,O899
D629,D62
M1711,M171
N952,N952
C789,_
S9781,S978
D699,D699
T803,T803
E185,_
G822,G822
H506,H506
0063,_
S5290,S5290
J909,J90
099,_
892,_
S7221,S7221
Q512,Q512
W200,_
K115,K115
Q528,Q528
L0312,L031
E881,E881
E221,E221
T929,T929
E058,E058
D1802,D1802
T939,T939
Q692,Q692
Z123,Z123
K2981,K298
E722,E722
P24,P249
R81,R81
8310,_
S358,S358
H55,H55
S142,S142
W500,_
H158,H158
W14,_
O2,_
V869,_
V285,_
X66,_
X1299,_
O8030,_
Q677,Q677
M5136,M513
Z874,Z874
W5589,_
Q603,Q603
T886,T886
Y442,_
C435,C435
S3640,S3640
S3650,S3650
Y899,_
S133,S133
M8490,M8490
Q894,Q894
Q760,Q760
S9133,S913
9S,_
H3422,H342
P820,_
W269,_
C5390,C539
X2699,_
Q672,Q672
M250,M250
C1690,C169
M8145,M8145
D103,D103
F444,F444
G570,G570
N8582,N858
K028,K028
M863,M863
D4811,D481
M158,M158
M7126,M7126
E099,_
B957,B957
S2241,S2241
T115,T115
A600,A600
I069,I069
S260,S260
E291,E291
Z578,Z578
E8,_
W221,_
A421,A421
L92,L929
I860,I860
S0511,S051
S0242,S024
0323,_
0033,_
0020,_
O826,_
L853,L853
0757,_
H3483,H348
32,_
K860,K860
K514,K514
K508,K508
H1801,H180
H0232,H023
O842Z,_
I844,I844
C200,C20
I503,_
F213,F21
M2607,_
H0282,H028
Z00,_
N411,N411
K208,K20
D161,D161
D6181,D618
L601,L601
L111,L111
O144,_
A595,_
E1120,E112
83,_
C343,C343
D2111,D211
Y835,_
S0670,S0670
K605,K605
Z9830,_
H1182,H118
M729,M729
M6522,M6522
D271,D27
B449,B449
J229,J22
80,_
L940,L940
R0982,R098
M9826,_
S8991,S899
M670,M670
I6390,I639
S089,S089
M500,M500
G992,G992
B340,B340
R1030,R103
H2100,H210
A9A2,_
I109N,I10
Z90,_
S8600,S860
J901,J90
M119,M119
O301,O301
H0220,H022
2591,_
B966,B966
W0399,_
Z541,Z541
G918,G918
E799,E799
E719,_
M2466,M2466
S700,S700
J2090,J209
Z4700,Z470
F068,F068
V3269,_
M918,M918
V2059,_
S9090,S909
S8091,S809
S8090,S809
S5091,S509
W0308,_
N259,N259
H518,H518
Y430,_
J06,J069
N420,N420
C925,C925
I271,I271
G728,G728
Z760,Z760
X689,_
T983,T983
L0220,L022
P21,P219
R1904,R190
H3881,_
N002,N002
H5991,H599
K082,K082
K062,K062
D351,D351
O09,_
O090,_
C348,C348
M8506,M8506
S67,_
M16,M169
L0231,L023
E16,E169
I887,_
E22,E229
Q68,_
M230,M230
N421,N421
D075,D075
M8960,M8960
Q795,Q795
M8400,M8400
L949,L949
S0521,S052
Q058,Q058
K6812,_
M1712,M171
T78,T789
Q361,Q361
H3102,H310
S5261,S5261
S428,S428
J3042,J304
Q380,Q380
H2040,_
O41,O419
I873,_
S4210,S4210
O834,O834
S5311,S5311
Q433,Q433
Q428,Q428
M4698,M4698
S421,S421
Y539,_
K05,_
T382,T382
H731,H731
V2049,_
H0440,H044
H0215,H021
H308,H308
B078,B07
W3152,_
S6581,S658
H7380,H738
H7010,H701
H710,H71
Z9071,Z907
O0081,O008
S8261,S8261
M4697,M4697
S6311,S6311
S5310,S5310
C112,C112
X60,_
120,_
T366,T366
Y400,_
0631,_
Y531,_
X19,_
Y579,_
T380,T380
T360,T360
W2199,_
S3600,S3600
S3690,S3690
W2308,_
Y2599,_
Q420,Q420
D1100,D110
H403,H403
X2099,_
M082,M082
D2320,D232
S0264,S026
F388,F388
S702,_
H2090,H209
H3101,H310
H4382,H438
H4381,H438
L308,L308
S4270,S4270
E73,E739
H2604,H260
H5992,H599
Q61,Q619
B37,B379
H3603,H360
H048,H048
M9488,M9488
S919,S919
S8351,S8351
O8093,O809
70,_
L0251,_
R2221,R222
W310,_
M4190,M4190
K533,_
O347,O347
O05,O059
J089,_
E4,_
N4312,N431
N139D,_
I822,I822
K1230,K123
X4899,_
1489,_
1500,_
Z3830,Z383
R069,_
A419EE9,_
E163,E163
E144G6,_
R338,R33
Z270,Z270
S7241,S7241
T011,T011
S9103,S910
Y25,_
R208,R208
A7143,_
B457,B457
O0929,_
Z01202,Z012
P143,P143
J82,J82
A689,A689
D570,D570
O712,O712
D139,D139
F060,F060
M7900,M7900
M6248,M6248
O986,O986
N429,N429
P292,P292
T795,T795
F313,F313
P379,P379
M1919,M1919
S2210,S2210
N048,N048
O232,O232
M4619,M4619
K717,K717
P919,P919
S0211,S0211
F450,F450
P721,P721
N394,N394
G452,G452
E018,E018
I352,I352
C311,C311
D613,D613
P810,P810
M54,M549
M8995,M8995
M8989,M8989
J638,J638
A259,A259
O715,O715
M7541,M754
W18,_
D460,D460
O811,O811
K3520,K352
N761,N761
Z6711,_
S032,S032
11,_
M728,M728
D501,D501
G058,G058
M2509,M2509
T826,T826
W5501,_
F070,F070
B778,B778
O0961,_
S962,S962
O4210,O421
C3493,C349
T0130,T013
B899,B89
A189,_
D504,_
S971,S971
T009SO11,_
I058,I058
F799,F799
S9220,S9220
O104,O104
Z225,Z225
Z129,Z129
I26,I269
Q550,Q550
E6861,E68
C446,C446
I785,_
P02,P029
Y28,_
S2780,S2780
A762,_
S498,S498
M9530,M953
M9723,_
W299,_
L400,L400
W309,_
X679,_
Y119,_
A663,A663
P204,_
W298,_
L30,L309
H6521,H652
H6522,H652
D2230,D223
H6123,H612
Z888,Z888
S9091,S909
M0098,M0098
N8321,N832
E800,E800
H9880,_
M1255,M1255
Y040,_
K669,K669
O509,_
Z990,Z990
S0081,S008
T3021,T302
V0399,_
E867,E86
S6201,S6201
Q436,Q436
P149,P149
F981,F981
S878,S878
F01,F019
I77,I779
I998,I99
T8579,T857
M6747,M6747
C47,C479
L0304,L030
D4810,D481
C8330,C833
B391,B391
L6007,L600
N640,N640
M8803,M880
M8858,_
Z0380,Z038
M7712,M7712
C301,C301
M9391,M9391
0149,_
C9200,C920
H278,H278
0619,_
C8512,C851
C9100,C910
L85,L859
W190,_
W0320,_
N853,N853
W558,_
V3259,_
S124,_
S125,_
W4999,_
Q638,Q638
Q201,Q201
W174,_
O807,_
C840,C840
S107,S107
J388,_
S0020,S002
C061,C061
S601,S601
H430,H430
H5990,H599
S0189,S018
O33,O339
T850,T850
O520,_
S0661,S0661
G321,_
K652,_
L218,L218
L702,L702
N6020,N602
K300,K30
O753,O753
S927,S927
I701,I701
V279,_
B811,B811
M9220,M922
Q280,Q280
S092,S092
W1804,_
K146,K146
F418,F418
D237,D237
O742,O742
M489,M489
S327,S327
M0820,M0820
L299,L299
V205,_
S152,S152
S153,S153
S468,S468
0709,_
X34,_
N093,_
C183,C183
M8550,M8550
S9172,S917
O982,O982
N195,N19
W1890,_
H5210,H521
B022,B022
G530,G530
M0095,M0095
O058,O058
O741,O741
B081,B081
Y433,_
N4591,N459
S117,S117
K871,K871
B269,B269
P559,P559
D2360,D236
W5199,_
E8351,E835
K3589,K358
T2132,T213
Z3751,Z375
Q030,Q030
L0213,L021
D60,D609
M909,_
H2644,H264
Z900,Z900
T842,T842
Z9559,Z955
I780,I780
H019,H019
H0016,H001
I811,I81
R642,R64
D019,D019
R331,R33
M1A,_
Q20,Q209
P523,P523
C469,C469
O83,O839
H044,H044
C347,_
O223,O223
L300,L300
C040,C040
C328,C328
L8932,L893
H741,H741
M9687,M968
M85,M859
E1032,E103
M472,M472
C723,C723
H4012,H401
H3100,H310
Q100,Q100
Z412,Z412
K870,K870
V499,_
O939,_
O15,O159
Z896,Z896
1255,_
S83,_
K90,K909
Q310,Q310
M274,_
C640,C64
0622,_
H038,H038
C17,C179
C8350,C835
M201,M201
N21,N219
J9811,J981
K8033,K803
T792,T792
M8150,M8150
0899,_
A917,A91
S8281,S8281
E8771,E877
M461,M461
K65,K659
E299,E299
C5092,C509
5422,_
N972,N972
S3990,S399
Q781,Q781
W2609,_
V2449,_
J4499,J449
M2576,M2576
H0450,H045
Z968,Z968
O920,O920
R065,R065
K706,_
Z439,Z439
J1993,_
E1160,E116
S108,S108
M058,M058
M4800,M4800
J360,J36
R90,_
G328,G328
J856,_
Y846,_
I011,I011
I281,I281
K2534,K253
Y20,_
T71,T71
K211,_
J061,_
R779,R779
P709,P709
M9010,M9010
B850,B850
0645,_
P235,P235
N884,N884
D636,_
S379,S379
S6300,S6300
S8085,S808
E051,E051
M5420,M5420
T319,T319
M5326,M5326
A97,_
N490,N490
M1385,M1385
P018,P018
P006,P006
M895,M895
K281,K281
L122,L122
P924,P924
A198,A198
H739,H739
K712,K712
M4647,M4647
P052,P052
T518,T518
M0082,M0082
P592,P592
Y406,_
N301,N301
M5406,M5406
G08,G08
P023,P023
G98,G98
M0899,M0899
J1503,J150
F531,F531
S435,S435
I288,I288
J1542,J154
C154,C154
I152,I152
J688,J688
I020,I020
T790,T790
P612,P612
K753,K753
M5438,M5438
M2506,M2506
1517,_
J986,J986
D341,D34
I59,_
Z837,Z837
S59,S599
S581,S581
H1842,H184
Z468,Z468
E112NO83,_
P004,P004
M6226,M6226
M1389,M1389
O0940,_
S432,S432
M8561,M8561
S89,S899
E1480,E148
Z9889,Z988
E1481,E148
K2961,K296
K2980,K298
J3989,J398
K2660,K266
K026,_
S5212,S521
D2330,D233
J3481,J348
H6003,H600
J3908,J390
H7443,H744
C768,C768
M8786,M8786
421,_
V0219,_
S8171,S817
C4030,C403
A0996,A099
D763,D763
B956,B956
M8008,M8008
M8660,M8660
N085Z4,_
F309,F309
H2599,H259
W27,_
M8700,M8700
418,_
R829,R829
I010,I010
H162,H162
S803,_
H159,H159
G521,G521
H1892,H189
R95,R95
T841,T841
I821,I821
I2720,I272
S0199,S019
X5962,_
W0799,_
0420,_
J280,_
M9570,_
Z469,Z469
O081,O081
O609,_
O242,O242
D105,D105
O432,O432
J9801,J980
O25,O25
P291,P291
S607,S607
H5290,_
T263,T263
H570,H570
X70,_
M9421,M9421
K135,K135
W929,_
L711,L711
K361,K36
W1903,_
W237,_
S9110,S911
S6130,_
O23,O239
B303,B303
T247,T247
C1890,C189
O024,_
W502,_
H905,H905
E433,E43
V4999,_
I748,I748
I091,I091
Y626,_
W1799,_
M1986,M198
K1220,K122
S459,S459
S7301,S7301
H209,H209
F10,F109
O663,O663
S7610,S761
N350,N350
N766,N766
W189,_
I62,I629
Z375,Z375
K069,K069
Z203,Z203
T026,T026
O32,O329
S11,S119
W939,_
M8403,M8403
Z1491,_
M5456,M5456
C48,_
C5012,C501
L851,L851
Z850,Z850
L920,L920
M8031,M8031
I394,I394
D47,D479
L663,L663
O34,O349
H1190,H119
M4784,M4784
F310,F310
O391,_
I2724,I272
S045,S045
S049,S049
J3432,J343
K9189,K918
J284,_
H661,H661
S1180,S118
Z01,Z019
S366,S366
M6532,M653
G569,G569
S0605,S060
K911,K911
L0809,L080
N812,N812
C77,C779
J811,J81
J681,J681
M669,_
F0390,F03
E8342,E834
G4542,G454
N8110,N811
Q103,Q103
Z012,Z012
0690,_
X5899,_
R232,R232
Z233,Z233
H09,_
M8121,M8121
D140,D140
J912,J91
Q223,Q223
B358,B358
H461,H46
O032,O032
S37,S379
W4099,_
M7228,M722
O04,O049
G951,G951
O0011,O001
H505,H505
M6023,M6023
V3809,_
S32,_
V1249,_
S258,S258
X9909,_
X49,_
H3320,H332
M2107,M2107
M961,M961
C566,C56
K055,K055
M7793,M7793
8080,_
X6499,_
R1905,R190
Q652,Q652
B92,B92
W17,_
T323,T323
V04,_
T116,T116
O838,O838
S3142,S314
S269,S269
N129,N12
A63,_
E1416,E141
Q521,Q521
F1012,F101
Q615,Q615
C188,C188
D624,D62
L562,L562
S3201,S3201
Q133,Q133
E638,E638
X380,_
S0250,S0250
G968,G968
N11,N119
T8410,T841
H0249,H024
R1043,R104
N836,N836
V48,_
M809,M809
N013,N013
N3001,N300
M8003,M8003
E0142,_
I348,I348
R109,_
K2100,K210
S0222,S022
M2040,M204
H7202,H720
L0321,L032
S0202,S020
S3120,S312
K406,_
S1011,S101
D2339,D233
O650,O650
J3980,J398
G4733,G473
Z8601,Z860
R130,R13
I4841,I48
R653,R653
D2122,D212
O13P,O13
M907,M907
S6122,_
Z191,_
V225,_
V029,_
M189,M189
O2303,O230
Z0389,Z038
X5908,_
O905,O905
0479,_
B9620,B962
K764,K764
P258,P258
O053,O053
T262,T262
Q324,Q324
I31,I319
H708,H708
K622,K622
Y283,_
T369,T369
A513,A513
N360,N360
S6810,S681
O263,O263
D104,D104
R7887,R788
K744,K744
Z226,Z226
Z042,Z042
E61,E619
S0010,S001
H1130,H113
S579,S579
M259,M259
H9391,H939
M8250,_
S3681,S3681
S3641,S3641
S3701,S3701
M8146,M8146
10,_
M8190,M8190
P005,P005
H1110,H111
E708,E708
P821,_
W202,_
F205,F205
M707,M707
Z010B,_
Q902,Q902
J1532,J153
T539,T539
F429,F429
M4794,M4794
G443,G443
D642,D642
P782,P782
P613,P613
F011,F011
L100,L100
K910,K910
G111,G111
K852,K852
P90,P90
O868,O868
T384,T384
M4807,M4807
M1259,M1259
T676,T676
D386,D386
O212,O212
C720,C720
I742,I742
A1813,A181
D639,_
T221,T221
B978,B978
Z720,Z720
Y920,_
X926,_
E1130,E113
N14,_
P281,P281
Y839,_
H1680,H168
S9980,S998
M6647,M6647
S9210,S9210
M7556,M755
S9211,S9211
D0440,D044
D0441,D044
J9880,J988
D0200,D020
S0170,S017
I7380,I738
L7281,L728
R2290,R229
M6583,M6583
G89,_
Z3044,Z304
Z833,Z833
E0490,E049
M8568,M8568
1251,_
E54,E54
0021,_
I577,_
0429,_
O81,_
0322,_
H3092,H309
N925,N925
T3026,T302
M7950,M7950
J185,_
K1371,K1371
K2281,K228
T3006,T300
H3590,H359
H5201,H520
R74,R749
M128,M128
Q445,Q445
M7204,M7204
M9021,M9021
H1941,_
M272,_
S597,S597
L52,L52
S542,S542
O010,O010
Y24,_
C209,C20
M9720,_
H186,H186
B000,B000
N768,N768
K263,K263
S6631,S663
Z441,Z441
D0512,D051
N929,_
D730,D730
K4099,K409
L441,L441
S6611,S661
C479,C479
S9360,S936
S8292,S829
S8284,S828
X4499,_
K0470,K047
F314,F314
I2109,I210
A139,_
H8101,H810
S5511,S551
N1858,N185
K0881,K0881
V2809,_
Z501,Z501
Z264,_
M2508,M2508
R68,_
K3189,K318
O9900,O990
O449,_
S240,S240
I700,I700
R29,_
R827,R827
Z080,Z080
T2431,T243
M9161,_
S839,_
M9618,M961
V8789,_
R1MC,_
S0110,S011
W1789,_
L403,L403
L768,_
J902,J90
I280,I280
Z018,Z018
H1610,H161
W0130,_
M2501,M2501
S9311,S931
M415,M415
A070,A070
M7740,M7740
Y8999,_
3639,_
H6590,H659
N1003,N10
R625,_
M7964,M7964
T158,T158
C755,C755
Z116,Z116
S444,S444
S452,S452
S541,S541
S450,S450
M2454,M2454
W57,_
W50,_
Q798,Q798
Q202,Q202
V298,_
S8290,S8290
H4441,H444
W0699,_
O0390,O039
T817,T817
S861,S861
K43,K439
006,_
H055,H055
M703,M703
J042,J042
H4419,H441
D69,D699
I13,I139
B971,B971
W1009,_
H,_
M8240,_
W170,_
I425,I425
E559,E559
O1,_
Y099,_
M4124,M4124
A179,A179
F015,_
M064,M064
V436,_
M8445,M8445
M947,_
D62J4,D62
J4,_
O639O,_
O8291,O829
M1797,M179
S127,S127
Z499,_
I1090,I10
K806,_
H9191,H919
H9041,H904
H2653,_
J944,_
Z194,_
N9890,N989
D073,D073
G4050,G405
S642,S642
C577,C577
H0283,H028
I2501,I250
Q36,Q369
T787,_
Y569,_
T451,T451
X0499,_
X119,_
C681,C681
H2780,H278
C4449,C444
W163,_
S0700,S070
S9030,S903
X955,_
S213,_
M8032,M8032
I50,I509
Z034,Z034
M711,M711
G478,G478
Z924,Z924
Q753,Q753
Z9922,Z992
119,_
W2309,_
M486,_
S7113,S711
I676,I676
R011,R011
I262,_
I462,_
Z795,_
I5020,_
H4401,H440
N2883,N288
D300,D300
J3018,J301
W540,_
0600,_
B185,_
H1092,H109
V190,_
P022,P022
M13,M139
Y348,_
Y340,_
J509,_
J3381,J338
V481,_
Z8674,Z867
Z959,Z959
T30N0M0,_
C461,C461
V039,_
S4110,S411
T1490,T149
D594,D594
C7956,C795
A149,_
O119,O11
H613,H613
A1883,A188
S857,S857
Q243,Q243
N855,N855
Z087,Z087
T2610,T261
T1580,T158
W4082,_
H1841,H184
H1040,H104
O870,O870
Z082,Z082
S382,S382
S8000,S800
T88,T889
C127,C12
S9221,S9221
T739,T739
S2710,S2710
Z430,Z430
R1909,R190
G54,G549
W2501,_
R103,R103
Z189,_
0663,_
S396,S396
H833,H833
R14,R14
C028,C028
L9281,L928
W018,_
T301,T301
V445,_
N0838,N083
H4730,H473
H5232,H523
M8665,M8665
P2220,_
C8390,C839
O77,_
M675,_
M9085,M9085
M8991,M8991
189,_
D013,D013
S0531,S053
H4322,H432
L270,L270
H1940,_
M7131,M7131
Q174,Q174
Q839,Q839
Q385,Q385
P252,P252
Q1201,Q120
R194,R194
I4901,I4901
C673,C673
M2441,M2441
I708,I708
L271,L271
C382,C382
H0284,H028
H1131,H113
110,_
H860,_
I71,I719
S671,_
M0703,M070
K5100,K510
M9981,M9981
H338,_
K032,K032
J251,_
T184,T184
J3502,J350
Z234,Z234
Q559,Q559
K043,K043
T490,T490
L108,L108
Z9051,Z905
Q046,Q046
S9992,S999
S6131,_
E883,E883
E8613,E86
C431,C431
G578,G578
M7297,M7297
M7264,M7264
G532,G532
M2596,M2596
N1875,_
V281,_
H730,H730
G721,G721
E128,E128
M6283,M6283
T633,T633
P362,P362
M1902,M1902
M1286,M1286
P378,P378
D331,D331
M5327,M5327
S2220,S2220
J1533,J153
M8690,M8690
T650,T650
A369,A369
P616,P616
NDS01,_
D600,D600
T820,T820
M8998,M8998
O864,O864
E755,E755
Q334,Q334
B250J171,_
B908,B908
T628,T628
E120,E120
T933,T933
0309,_
V384,_
M7290,M7290
G573,G573
J129,J129
H524,H524
I801,I801
S654,S654
O643,O643
K404,K404
I082,I082
Z281,Z281
E741,E741
R070,R070
C062,C062
M125,M125
R471,R471
C714,C714
T3132,T313
S3101,S310
K825,_
039,_
J410,J410
J4591,J459
Z432,Z432
S207,S207
V485,_
J1811,J181
C846,C846
T15,T159
I061,I061
P728,P728
X6099,_
D695,D695
Y431,_
O816,_
I738,I738
E19,_
Q409,Q409
J8999,_
0814,_
F809,F809
K189,_
Q644,Q644
M2330,M2330
M623,M623
R505,_
N6002,N600
T2320,T232
T2423,T242
N857,N857
S6270,S6270
Q309,Q309
T12,T12
M896,M896
V809,_
B82,B829
H345,_
K74,_
I8499,I849
S319,_
H340,H340
H904,H904
M3219,M321
Q390,Q390
K022,K022
O029,O029
F31,F319
V486,_
M6246,M6246
S5237,S523
Q711,Q711
W5593,_
A528,A528
K025,_
Z9101,Z910
M7287,M7287
O821O3,_
O141O,_
O141Z,_
O7042,_
E8621,E86
0996,_
H818,H818
M1970,_
N3000,N300
H19,_
O8809,O880
O75,O759
O259,O25
A525,_
Z723,Z723
3100GRAMS,_
Q872,Q872
D136,D136
M9866,_
3861,_
Z983,_
G8190,G819
K8088,K808
K615,_
C95,C959
C69,C699
J349,_
C724,C724
O646,_
S4601,S460
K136,K136
T10,T10
O611,O611
I1010,I10
D821,D821
L282,L282
M70,M709
D2590,D259
K673,K673
S564,S564
31A,_
D303,D303
S1193,S119
H4052,H405
H2181,H218
M7122,M712
S6811,S681
S9241,S9241
M7121,M712
9260,_
9460,_
H0460,H046
Q371,Q371
M8699,M8699
E840,E840
M8444,M8444
I124,_
H406,H406
H6101,H610
C7800,C780
D0511,D051
M0113,M0113
A1800,A180
S371,S371
Z342,_
S8601,S860
Z324,_
K02,K029
K06,K069
C083,_
K0403,K040
H3141,H314
E619,E619
V3859,_
O0426,O042
W7099,_
B268,B268
V6999,_
J9810,J981
R253,R253
S9104,S910
K458,K458
W0148,_
W1312,_
S901,S901
D89,D899
B250,B250
M8996,M8996
M470,M470
B439,B439
W1904,_
427B,_
M8540,M8540
1440,_
O66,O669
O30,O309
J1692,_
W7688,_
B004,B004
T063,T063
S989,_
H2101,H210
I699,_
L0331,L033
S3181,S318
H5271,H527
S0191,S019
A98,_
S6113,S611
D245,D24
J141,J14
C9050,_
G453,G453
N303,N303
D167,D167
M6297,M6297
O238,_
A779,A779
D30,D309
F172,F172
0992,_
I935,_
B964,B964
S0080,S008
O65,O659
O245,_
I129Z,_
Q5562,Q556
O355,O355
I772,I772
R561,_
O6000,O600
M8685,M8685
O638,_
D2411,D24
S762,S762
O248,_
S9109,S910
A809,A809
W011,_
J041,J041
K8020,K802
T0131,T013
H544,H544
Q220,Q220
S6890,S689
V244,_
S0921,S092
S0530,S053
J1202,J120
M2199,M2199
M8144,M8144
V204,_
J892,_
V489,_
Q971,Q971
C916,C916
O8O0,_
R159,R15
Q112,Q112
M0806,M0806
S4231,S4231
W01,_
J470,J47
I291,_
S08XXS,_
M6290,M6290
O579,_
A318,A318
M2540,M2540
Z0151A2,_
F067,F067
E070,E070
A184,A184
Q620,Q620
T385,T385
J142,J14
D434,D434
M872,M872
Y424,_
S222,S222
T206,T206
J205,J205
M5484,M5484
C155,C155
O229,O229
G528,G528
D823,D823
M911,M911
E278,E278
J1572,J157
D216M8000/0,_
L932,L932
I603,I603
W22,_
Z905,Z905
N2091,N209
O360,O360
R12,R12
N485,N485
N451,_
N454,_
T467,T467
M6256,M6256
I820,I820
L401,L401
P109,P109
R768,R768
M2456,M2456
M865,M865
K5530,_
D1730,D173
M214,M214
J386,J386
C102,C102
G121,G121
S8215,S821
S653,S653
Z8940,Z894
S201,S201
S350,S350
B239,B23
D01,D019
L7875,_
K5790,K579
Y844,_
M1908,M1908
E030,E030
X5004,_
M430,M430
M84,M849
T719,T71
K655,_
M9382,M9382
M9661,M966
M9691,M969
Q542,Q542
P78,P789
R16,_
G460,G460
K5731,K573
M8851,_
S151,S151
Z384,Z384
J69,_
Z0151,Z015
A2,_
Z015,Z015
N902,N902
M2498,M2498
B97,_
M7257,M7257
Z368,Z368
O2449,O2449
260,_
S1210,S1210
K3595,K359
470,_
0370,_
S39,S399
Q230,Q230
M7085,M7085
K86,K869
L9231,L923
D6189,D618
L0230,L023
S6800,S680
O0345,O034
690,_
E0399,E039
O35,O359
H3535,H353
C8589,_
S3710,S3710
D14,_
2800,_
Z231,Z231
M8,_
D220,D220
R5600,R560
B814,B814
J290,_
X1252,_
O8239,_
K5732,K573
J2109,J210
N899,N899
R7303,R730
N1865,_
R598,_
K593,K593
I949,_
B86,B86
O909,O909
M9473,_
V3459,_
Z580,Z580
P055,_
L818,L818
N3591,N359
Q871,Q871
Z9070,Z907
L9291,L929
S629,_
Z464,Z464
Q105,Q105
S0532,S053
V3899,_
I45,I459
0692,_
0324,_
A081,A081
S6055,_
D27X,D27
R18X,R18
J00X,J00
S3671,S3671
C3401,C340
X6808,_
V2808,_
D074,D074
M893,M893
P768,P768
D841,D841
61,_
H2791,H279
H0200,H020
1419,_
Z009,_
S2131,_
W1709,_
W239,_
L820,L82
B679,B679
Y3499,_
C481,C481
T1810,T181
H475,H475
Z0372,_
X5030,_
O879,O879
T010,T010
M1599,M159
T511,T511
M1092,M1092
G801,G801
F010,F010
Z1881,_
M7150,M7150
R233,R233
J086,_
C637,C637
H051,H051
O39,_
Z8781,Z878
Q244,Q244
W100,_
W219,_
F1092,F109
A530,A530
V2349,_
S0002,S000
S0032,S003
S889,S889
B15,B159
C589,C58
E056,_
A155,A155
M80,M809
J1992,_
S0221,S0221
Y1299,_
T404,T404
S419,_
089,_
H1581,H158
H3512,H351
W4993,_
0009,_
H4471,H447
Z985,_
D734,D734
K614,K614
S683,S683
B889,B889
M9986,M9986
M8290,_
W3708,_
Q530,Q530
D282,D282
M185,M185
Z949,Z949
W4599,_
S5090,S509
X5930,_
E271,E271
M2360,M2360
W3181,_
V2814,_
E661,E661
B200,B200
B207,B207
H255,_
T5201,T520
S2113,S211
S8092,S809
T065,T065
X1599,_
S8089,S808
M6009,M6009
X6199,_
E0781,E078
E8352,E835
J1302,J13
Q358,_
S7204,S720
X78,_
R451,R451
C4190,C419
J245,_
Z938,Z938
I983,I983
I161,_
D354,D354
T1460,T146
Y05,_
T730,T730
N1857,N185
Y409,_
M4197,M4197
K312,K312
Y286,_
B654,_
V282,_
M5418,M5418
Z244,Z244
S043,S043
X802,_
O823,_
O844,_
J8490,J849
N4330,N433
I8610,I861
M464,M464
W29,_
H102,H102
T871,T871
Q675,Q675
S6815,S681
S158,S158
A0992,A099
K1221,K122
N89,N899
W080,_
H099,_
S46,S469
ICD,_
F332,F332
K751,K751
D552,D552
D71,D71
O353,O353
A830,A830
J143,J14
O267,O267
D732,D732
Q057,Q057
M0093,M0093
MDP01,_
M5430,M5430
A910,A910
F502,F502
F438,F438
C715,C715
F251,F251
C470,C470
Q848,Q848
N710,N710
D144,D144
J682,J682
N922,N922
Z010C,_
T255,T255
D530,D530
S649,S649
S643,S643
N503,_
C750,C750
S188,S18
C5260,C52
9512,_
C912,C912
M6089,M6089
O90,O909
O264,O264
M8045,M8045
H449,H449
N472,N47
J1804,J180
Q831,Q831
K1109,K110
I73,I739
S727,S727
M9043,M9043
K1121,K112
L9100,L910
S5291,S5291
O871,O871
P351,P351
M8798,M8798
M2321,M2321
O281,O281
M9451,_
H6040,H604
Q121,Q121
Q658,Q658
D1725,D172
Q544,Q544
M339,M339
M9364,_
N163,N163
S217,S217
I09,I099
R310,R31
M9665,M966
C178,C178
C8310,C831
P96,P969
D735,D735
709,_
T8470,T847
H2081,H208
T9220,T922
N478,N47
Z0382,Z038
D37,D379
N2083,_
H2792,H279
R410,R410
J11,_
B344,B344
M9732,_
C429,_
C6921,C692
M9713,_
M1220,M1220
Q221,Q221
D378,_
S9341,S934
Z460,Z460
F988,F988
S290,S290
P2401,P240
I675,I675
I2018,I201
J40X,J40
C6290,C629
G501,G501
H571,H571
E46X,E46
Z3400,Z340
O84,O849
O040,O040
H4901,H490
5830,_
E215,E215
Z025,Z025
T923,T923
S9112,S911
R196,R196
E237,E237
X0962,_
W0608,_
R7881,R788
M9282,M928
829,_
T25,_
N1893,N189
F152,F152
S3901,S390
K054,K054
L290,L290
M7790,M7790
M414,M414
C70,C709
S604,_
K41,K419
S463,S463
N974,N974
M2445,M2445
P261,P261
D060,D060
B33,_
E848,E848
M9210,M921
R522,R522
S2203,S220
O431,O431
L662,L662
C966,C966
M2660,_
S4203,S420
0990,_
Q184,Q184
J373,_
N1895,N189
O819,_
D119,D119
O285,O285
M8565,M8565
F112,F112
K356,_
S6812,S681
M216,M216
J020,J020
I449,_
S367,S367
342,_
I14,_
Q459,Q459
D588,D588
R002,R002
N341,N341
0842,_
K398,_
Z8611,Z861
S8681,S868
Z36,Z369
T919,T919
O843,_
M8442,M8442
O5810,_
H0501,H050
M8271,_
O088,O088
L0260,_
L0261,_
M5481,M5481
S6080,S6080
B94,B949
M068,M068
T925,T925
T914,T914
W4592,_
T904,T904
S6690,S669
S3660,S3660
T915,T915
T012,T012
S3123,S312
1S,_
S4111,S411
E778,E778
H591,_
E092,_
B170,B170
E418,E41
V292,_
R500,_
N821,N821
O4103,O410
B212,B212
R020,R02
H469,H46
S2231,S2231
S8102,S810
M8661,M8661
B0223,B022
354,_
S8170,S817
S4310,S431
R650,R650
H6043,H604
T0061,T006
T090,T090
M080,M080
M7140,M7140
W207,_
Z319,Z319
S,_
L815,L815
M8721,M8721
S998,S998
N741,N741
E854,E854
L990,L990
E734,_
M253,M253
W060,_
B999,B99
J825,J82
M1A9,_
Q271,Q271
Z376,Z376
T8150,T8150
Q929,Q929
D4770,D477
Q451,Q451
S4350,S435
O8290,O829
329,_
K2900,K290
M2154,M2154
S6630,S663
T834,T834
E859,E859
K7590,K759
E1460,E146
Z941,Z941
H940,H940
K2910,K291
D559,D559
B451,B451
G021,G021
O046,O046
M8809,M880
S1170,S117
S3611,S3611
S3631,S3631
H352E1,_
M469,M469
W229,_
I1011,I10
J066,_
Q800,Q800
N6019,N601
S659,S659
A493,A493
I408,I408
P722,P722
000000,_
G412,G412
F316,F316
E763,E763
E700,E700
P520,P520
M8688,M8688
M484,M484
M5386,M5386
G311,G311
Q238,Q238
A01,_
P282,P282
K762,K762
Q792,Q792
C951,C951
A052,A052
J207,J207
P102,P102
T216,T216
P832,P832
Z0131A,_
H6523,H652
S2109,S210
R921,R92
Q938,Q938
M9480,M9480
K809,_
E07,E079
D441,D441
H649,_
I876,_
S8321,S832
M8440,M8440
C822,C822
J4509,J450
E189,_
T9310,T931
I715,I715
J922,_
J813,J81
Q410,Q410
H180,H180
I4891,I48
M816,M816
O2414,O241
H5903,H590
H4089,H408
M7522,M752
T8141,T814
O0015,O001
665,_
C931,C931
T5090,T509
5A,_
M5498,M5498
M7489,_
K2120,_
B390,B390
H462,H46
M9830,_
L0382,L038
F819,F819
F880,F88
S1990,S199
S7090,S709
Z413,Z413
013,_
Q391,Q391
M4692,M4692
H2961,_
G650,_
H4302,H430
I6331,I633
H164,H164
0669,_
V3399,_
S5312,S5312
P2510,P251
D3700,D370
D2210,D221
D315,D315
W0138,_
O700Z,_
491,_
K902,K902
W74,_
O339O8,_
Q811,Q811
C8193,C819
S120,S120
M625,M625
M7296,M7296
H4080,H408
N790,_
N806,N806
C675,C675
J1829,J182
S650,S650
J3420,J342
3878,_
T427,T427
Y466,_
Y836,_
P711,P711
X09,_
Z2370,Z237
O1422,O142
L043,L043
H3381,_
L298,L298
O512,_
H320,H320
W1008,_
M4129,M4129
E807,E807
H21,H219
0810,_
R7309,R730
M41,M419
Z370O6,_
Z914,Z914
O20,O209
B888,B888
O70O,_
P610,P610
Y639,_
L0281,L028
S960,S960
E718,_
J0690,J069
S472,S47
Q27,Q279
Z4803,Z480
E139,E139
Z483,_
G519,G519
P381,P38
W862,_
P140,P140
O878,O878
R961,R961
V4950,_
M615,M615
S0182,S018
S8283,S828
C4472,C447
Z481,_
H0291,H029
J9180,J91
I2009,I200
K2670,K267
D135,D135
N6049,N604
K5150,K515
I8730,_
O302,O302
M7580,M758
Z9660,Z9660
K2590,K259
S9122,S912
C4440,C444
I6391,I639
Z357,Z357
T8469,T846
K637,_
C471,C471
C173,C173
C4442,C444
C602,C602
G4700,G470
M122,M122
D000,D000
N500,N500
Z3009,Z300
N432,N432
K085,_
C4492,C449
D637,_
S9990,S999
N9,_
1845,_
D399,D399
W1809,_
D177TYPEA,_
A1622,A162
F452,F452
Q639,Q639
D222,D222
S3621,S3621
K671,K671
W3169,_
A360,A360
M7120,M7120
D869,D869
E858,E858
Q558,Q558
V29,_
Z584,Z584
J150,J150
S8311,S831
S0591,S059
S806,_
F23,F239
W1930,_
W2701,_
O36,O369
S9170,S917
S403,_
Z329,_
M4159,M4159
V56,_
L0210,L021
E1191,E119
N2880,N288
E1951,_
T8750,T875
I121,_
T740,T740
S0090,S009
B0589,B058
O0380,O038
V0398,_
V3299,_
H4313,H431
K099,K099
M8588,M8588
V2298,_
S225,S225
042,_
C370,C37
A1817,A181
M246,M246
M8562,M8562
C741,C741
L95,L959
T420,T420
I402,_
J201,J201
P789,P789
J49,_
D459,D45
W1803,_
M3814,_
R418,R418
M1226,M1226
M7251,M7251
M715,M715
C6,_
B4,_
C30,_
L931,L931
S3620,S3620
S274,S274
Q255,Q255
Q214,Q214
H2570,_
Z385,Z385
L80,L80
H4019,H401
Q627,Q627
A043,A043
D612,D612
M1387,M1387
Q759,Q759
P233,P233
Q680,Q680
T621,T621
P350,P350
T261,T261
M0807,M0807
Z01203,Z012
A669,A669
K283,K283
G243,G243
J954,J954
T541,T541
Q222,Q222
Q330,Q330
T215,T215
N007,N007
M0636,M0636
P942,P942
P911,P911
K14,K149
Z3705,Z370
749,_
Q262,Q262
S3500,S350
M6804,M6804
620,_
Q40,Q409
I512,I512
B861,B86
5281,_
5511,_
W029,_
5792,_
N828,N828
P771,P77
E1429,E142
E1472,E147
Z3703,Z370
O392,_
M2500,M2500
I4541,I454
P244,_
P965,P965
K71,K719
S3022,S302
S4091,S409
H6100,H610
T022,T022
L817,L817
N98,N989
C7131,C713
T786,_
U938,_
A973,_
0644,_
S3980,S398
E0422,E042
O389,_
S6801,S680
V5069,_
S2702,S270
J1523,J152
M808,M808
R879,R879
M6797,M6797
N73,N739
N603,N603
S6263,S626
S5253,S525
M6589,M6589
S381,S381
S397,S397
Z981,Z981
D292,D292
Z162,_
O3660,O366
Q311,Q311
N920D,_
Y953,_
I411,I411
E783,E783
K435,_
O7020,O702
S751,S751
C677,C677
D349,D34
12,_
V2994,_
E0492,E049
I950,I950
X090,_
K007,K007
B279,B279
T2000,T200
D310,D310
S2110,S211
T6000,T600
C005,C005
J1801,J180
T20,_
O8096,O809
O006,_
R01,_
T251,T251
Y1999,_
T560,T560
R1310,R13
M1093,M1093
T8189,T818
Z185,_
I2120,I212
H1899,H189
R330,R33
L301,L301
M7018,M701
J913,J91
I1250,_
F058,F058
T119,T119
Y0489,_
750,_
V92,_
M6280,M6280
0345,_
J31,_
E924,_
M689,_
H5902,H590
C778,C778
E229,E229
V209,_
H31,H319
L0591,L059
P83,P839
T2422,T242
Z386,Z386
A169E,_
H750,H750
V582,_
I392,I392
A0103,A010
F299,F29
E062,E062
P818,P818
H5981,H598
I107,I10
M8471,_
E787,_
D294,D294
O888,O888
R35,R35
U502,_
Z036,Z036
H3608,H360
N351,N351
V061,_
V837,_
S2020,S202
S4090,S409
M1994,M1994
M2670,_
X5890,_
W1894,_
T952,T952
I578,_
J248,_
J820,J82
E863,E86
C783,C783
S6310,S6310
S4070,S407
S3651,S3651
F813,F813
S2711,S2711
M1907,M1907
C1190,C119
W101,_
E1169,E116
S441,S441
Y564,_
N2110,N211
Q969,Q969
N4590,N459
M2336,M2336
N1331,N133
M7666,M7666
H0592,H059
C918,C918
Z863,Z863
M6259,M6259
B018,B018
M8416,M8416
C5080,C508
D2100,D210
S789,S789
T139,T139
M131,M131
M828,M828
K656,_
H360H3,_
V0298,_
R254,_
F789,F789
C6950,C695
H311,H311
O02,O029
I206,_
C76,_
K101,K101
N92,_
Q35,Q359
0348,_
Z94,Z949
Q647,Q647
Q503,Q503
Q259,Q259
I492,I492
Z967,Z967
C831,C831
B0790,B07
Q893,Q893
N8580,N858
5B,_
F331,F331
K5289,K528
I189,_
H6520,H652
I6202,I620
J259,_
Q6589,Q658
Q743,Q743
L7231,_
N732,N732
S168,S16
J8690,J869
Z984,_
H523,H523
251,_
A392,A392
S6120,_
G4489,G448
M7260,M7260
P289,P289
S0991,S099
Y890,_
N45,N459
Z3833,Z383
S658,S658
C884,C884
R6521,R652
0349,_
C448,C448
G958,G958
A412,A412
M438,M438
N047,N047
P525,P525
I670,I670
E898,E898
C922,C922
Z0143C,_
M7299,M7299
E208,E208
G527,G527
I511,I511
M1911,M1911
G544,G544
T639,T639
P101,P101
Q782,Q782
K711,K711
B519,B519
Q913,Q913
O311,O311
L4052,L405
T885,T885
S8223,S822
S8245,S824
M8552,M8552
T709,T709
T888,T888
O0304,O030
V493,_
I452,I452
M7946,M7946
M3032,M303
M4394,M4394
R06,_
M2559,M2559
B954,B954
S341,S341
L909,L909
N0083,N008
M7134,M7134
K789,_
S891,_
L119,L119
K237,_
O8039,_
S3180,S318
I508,_
V2859,_
V295,_
B050,B050
G437,_
L956,_
S342,S342
Z362,Z362
S2191,S219
J319,_
M1008,M1008
H2082,H208
X5991,_
0688,_
Q434,Q434
Q606,Q606
B01,B019
P390,P390
1249,_
K76O,_
S0500,S050
K5210,K521
E866,E86
V245,_
B372,B372
J378,_
C6930,C693
K2947,K294
E0250,E02
E0520,E052
O0828,O082
T09,T099
R632,R632
N388,_
J542,_
M8436,M8436
Q,_
H2506,H250
C7951,C795
X129,_
A500,A500
J998,J998
O6202,O620
O6201,O620
W0428,_
V090,_
V386,_
Q319,Q319
K0735,K0735
I1199,I119
O4403,O440
L7634,_
V3049,_
E8611,E86
K731,K731
I978,I978
M9221,M922
S0115,S011
L9791,L97
H1891,H189
Z058,_
B749,B749
I1500,I150
K249,_
C4920,C492
W2508,_
W2908,_
S363,S363
D439,D439
O98,O989
M1915,M1915
Q258,Q258
J1553,J155
T483,T483
Y149,_
J98,J989
O73,_
S3131,S313
E0491,E049
T442,T442
Z53,Z539
P280,P280
M236,M236
L05,L059
H1860,H186
S641,S641
G4730,G473
V2990,_
X7999,_
M1227,M1227
M161,M161
W0198,_
I453,I453
T014,_
Q1810,Q181
K1150,K115
D00,_
Z770,_
S863,S863
O1103,O11
64,_
F171,F171
D4320,D432
H201,H201
M9471,_
E015,_
R197,_
O944,O94
S234,S234
M0117,M0117
C4921,C492
N057,N057
S63,_
I8421,I842
641,_
Z6415,Z641
W109,_
8319,_
O820O9,_
Q21,Q219
H040,H040
Y659,_
K670,K670
Z1318,Z131
Z243,Z243
Q6502,Q650
O425,_
Y911,_
V6849,_
W1782,_
C4402,C440
M8894,M8894
M852,M852
F333,F333
K0117,K0117
I467,_
Z986,_
M8220,_
A909,A90
L704,L704
R63,_
Q678,Q678
E010,E010
M8413,M8413
D321,D321
0200,_
I80,I809
P113,P113
G069,_
O250,O25
D090,D090
C701,C701
R498,R498
N390\,_
R329,R32
W0609,_
0641,_
Q302,Q302
H328,H328
S5292,S529
O620O,_
D638I1,_
H3021,H302
S4281,S4281
J206,J206
A838,A838
S334,S334
W76,_
D3748,D374
G030,G030
C164,C164
W20,_
W180,_
C933,C933
S244,S244
M4194,M4194
X109,_
0100,_
N448,N44
K8065,_
N7500,N750
C5041,C504
0813,_
N604,N604
M363,M363
I08,I089
I547,_
0332,_
K385,_
M002,M002
D133,D133
B179,B179
K461,K461
C10,C109
O3402,O340
Y356,_
C474,C474
E065,E065
F250,F250
M8669,M8669
M483,M483
B659J173,_
G724,G724
T280,T280
N990,N990
Q912,Q912
M6295,M6295
T950,T950
T459,T459
P583,P583
D620,D62
M7901,M7901
T462,T462
T363,T363
F252,F252
O085,O085
M9160,_
I504,_
N6311,N63
P153,P153
L000,L00
S1200,S1200
M6006,M6006
3000GRAMS,_
4000GRAMS,_
C511,C511
D449,D449
2700GRAMS,_
M2531,M2531
G40,G409
F151,F151
X1099,_
V201,_
I315,_
Z790,_
S56,_
F952,F952
Z3370,Z33
Q241,Q241
M8448,M8448
J1999,_
O469,O469
J013,J013
H61,H619
M8642,M8642
Z2251,Z225
Q527,Q527
D389,_
T160,T16
M8861,_
S6371,S637
S6330,S633
D2490,D24
K180,_
B17,B179
K535,_
D429,D429
O873,O873
V1899,_
V1999,_
X5839,_
Q171,Q171
Q540,Q540
M925,M925
Z3730,Z373
Y209,_
C545,_
E899,E899
Y403,_
M300,M300
E138,E138
C722,C722
K322,_
M7268,M7268
B950,B950
M8830,_
D218,_
M0607,M0607
K634,K634
B75,B75
F39,F39
J4689,J46
S8990,S899
H6120,H612
W458XXA,_
X5803,_
I6332,I633
I450,I450
T2020,T202
V383,_
R531,R53
O443,_
B969,_
W4598,_
M8616,M8616
J155,J155
L763,_
R00,_
Q281,Q281
M5210,_
H801,H801
H0250,H025
H1851,H185
Q3800,Q380
H1250,_
Q3690,Q369
K12,_
S5351,_
V824,_
Q068,Q068
M93,M939
H531,H531
J3202,J320
D5089,D508
0935,_
D4852,D485
Q232,Q232
S851,S851
E328,E328
D099,D099
L762,_
N2815,N281
570,_
I641,I64
Z942,Z942
B352,B352
O442,_
S6210,S6210
M8606,M8606
B809,B80
C4021,C402
I6935,I693
E1,_
C4020,C402
H3592,H359
J6900,J690
C40,C409
T94,_
S5300,S5300
K8025,K802
511,_
J153,J153
W1749,_
R008,R008
M4396,M4396
M9521,M952
T1729,T172
D7060,D70
J9585,J958
M7157,M7157
M7552,M755
M7042,M704
M7660,M7660
M2634,_
Z131,Z131
R478,R478
W409,_
C573,C573
Z899,Z899
V3869,_
M9940,M9940
J47X,J47
J81X,J81
K3590,K359
W446,_
S0302,S030
O829Z3,_
V2799,_
L0223,L022
W5455,_
J250,_
M9070,M9070
Q1031,Q103
R683,R683
S8301,S830
O8009,O800
N759,N759
W3400,_
O6200,O620
689,_
S519S6,_
N01,N019
W519,_
W339,_
4900,_
K568,_
M191,M191
M1953,_
E1452,E145
N6489,N648
N042,N042
N42,N429
E765,_
N324,N324
0808,_
D6941,D694
X449,_
Q169,Q169
Z493,_
M5411,M5411
K468,_
C13,C139
C131,C131
H22,_
B409,B409
I009,I00
H1580,H158
0713,_
H913,H913
R896,R896
S8514,S851
D562,D562
J39,J399
K3184,K318
E061,E061
M1801,M180
W5409,_
M4897,M4897
S5100,S510
S7941,_
V431,_
Z494,_
N731,N731
S0132,S013
M01,_
A18,_
H922,H922
P569,P569
I1255,_
A472,_
G720,G720
X5993,_
D109,D109
N069,N069
M4720,M4720
T612,T612
E710,E710
T620,T620
C700,C700
F729,F729
A858,A858
G708,G708
D611,D611
G378,G378
T529,T529
A99,A99
Q789,Q789
I823,I823
D420,D420
G913,G913
A414,A414
V0349,_
T452,T452
P963,P963
R5621,_
R562,_
W252,_
O9902,O990
X209,_
V939,_
Z93,Z939
O1413,O141
I018,I018
Q66,Q669
W06,_
M197,_
C437,C437
S970,S970
W1399,_
B650,B650
X9588,_
H7313,H731
H4030,H403
K223,K223
K038,K038
M8098,M8098
S014A,_
Y519,_
M8787,M8787
H0101,H010
P706,_
J48,_
O092,_
P278,P278
Z182,_
1129,_
S3720,S3720
R488,R488
D1792,D179
W2652,_
O9952,O995
R230,R230
J970,_
9B,_
X588,_
M061,M061
K691,_
Z148,_
H6051,H605
0234,_
H938X2,_
H6121,H612
D3704,D370
H6061,_
O049,O049
Y18,_
S332,S332
N477,N47
2371,_
M789,_
E180,_
B192,_
H183,H183
T0270,T0270
R569,_
Y440,_
T742,T742
J063,_
C505,C505
K82,K829
S121,S121
Z963,Z963
Q394,Q394
K225,K225
B360,B360
K873,_
I1031,I10
H213,H213
H256,_
D729,D729
D359,D359
I882,_
P34,_
L404,L404
M0594,M0594
I720,I720
Z3870,Z387
G825,G825
Z307,_
D474,D474
M7109,M7109
O0952,_
Z891,Z891
T21,_
C7402,C740
H66,H669
0022,_
L603,L603
K8067,_
X11,_
S0207,S020
M9580,M958
R073,R073
K4095,K409
530,_
5749,_
1641,_
E280,E280
R566,_
C4000,C400
I4821,I48
R8271,R827
G130,G130
C09,C099
E236,E236
I722,I722
W090,_
J521,_
J119,_
Q738,Q738
N271,N271
K5120,K512
K835,K835
G814,_
M08,M089
I774,I774
Q601,Q601
S3100,S310
J220,J22
K4041,K404
S0204,S020
S3109,S310
M0118,M0118
O600O,_
O342Z,_
O702O,_
O60Z3,_
O703Z,_
M546,M546
I793,_
D071,D071
O8213,O821
H748,H748
L9290,L929
A502,A502
D1811,D181
M9700,_
Y110,_
C211,C211
X595,_
T188,T188
O430,O430
W2130,_
W1003,_
V24,_
R391,R391
B977,B977
Z7984,_
M7969,M7969
H0100,H010
O0899,O089
I105,I10
W0104,_
S798,S798
G131,G131
T316,T316
G636,G636
S760,S760
S5031,_
S300XXA,_
Y525,_
V184,_
W213,_
E8830,E883
D994,_
F940,F940
R0606,R060
K9101,K910
B988,_
R636,R636
H8190,H819
Z989,_
J19,_
B76,B769
K381,K381
A02,A029
Z3O1,_
H1890,H189
R620,R620
E87I,_
Z449,Z449
O96,O96
J4592,J459
W09,_
3350GRAMS,_
2900GRAMS,_
O897,_
3300GRAMS,_
2500GRAMS,_
2550GRAMS,_
2800GRAMS,_
L50,L509
J0120,J012
V275,_
K447,_
Z548,Z548
Q630,Q630
M9200,M920
A220,A220
A57,A57
S9092,S909
S5001,S500
S6352,S635
S2249,S224
O632,O632
M8698,M8698
M87,M879
Y34,_
T439,T439
B161,B161
J853,J853
E214,E214
N270,N270
K713,K713
T611,T611
J0301,J030
M814,M814
O911,O911
I745,I745
T498,T498
D681,D681
T703,T703
T699,T699
M5415,M5415
D521,D521
T039,T039
D839,D839
S6232,S623
X613,_
E240,E240
G138,G138
J1571,J157
T094,T094
K73,K739
Z314,Z314
I118,_
I733,_
I10I,I10
M8019,M8019
B350,B350
S6155,_
D632,_
O356,O356
C260,C260
Q172,Q172
H6631,H663
V296,_
O381,_
V01,_
E0421,E042
M719,M719
H622,H622
M4808,M4808
M4318,M4318
N988,N988
M8990,M8990
M241,M241
G434,_
T889,T889
J447,_
O628,O628
X831,_
W8699,_
G562,G562
Q261,Q261
W290,_
X470,_
E211,E211
M1860,_
M848,M848
O048,O048
M7500,M750
M0116,M0116
I6939,I693
N1890,N189
X9988,_
D419,D419
N453,_
C4141,C414
L5240,L52
0159,_
93,_
J9588,J958
O486,O48
K7461,K746
982,_
D2231,D223
O818,_
M9489,M9489
M224,M224
Q136,_
Q96,Q969
H2000,H200
I79,_
H3264,_
Z3709,Z370
J064,_
F801,F801
R935,R935
W570,_
H139,_
I34,I349
M8449,M8449
T174,T174
B3781,B378
J331,J331
I8612,I861
M7939,M7939
N1390,N139
N6391,N63
Q953,Q953
786,_
K837,_
H1873,H187
O3422,O342
H302,H302
K834,K834
C8061,C80
N6012,N601
C2090,C20
T402,T402
S9340,S934
L861,L86
P343,_
I70,I709
I2511,I251
S06,S069
S6821,S682
C872,_
Q400,Q400
S86,S869
J369,J36
I8491,I849
5655,_
G1592,_
J0391,J039
Q53,Q539
I6940,I694
N2889,N288
K09,K099
W1959,_
O3683,O368
I884,_
H678,H678
9035,_
I6389,I638
M7502,M750
M4752,_
H009,_
N8312,N831
D76,_
I1102,I110
S6125,_
I112,_
M8988,M8988
P324,_
S2731,S2731
E1403,E140
O13X,O13
I38X,I38
S1270,S1270
D227,D227
O688Z,_
O703O,_
O321Z,_
O60Z,_
Y86,_
M8185,M8185
P542,P542
H6592,H659
0231,_
D185,_
D1810,D181
M425,_
O812,O812
A521,A521
H049,H049
P920,P920
M9671,_
X370,_
D32,D329
S5262,S526
S5252,S525
M6564,_
S20,_
S40,S409
S703,_
Z3A1,_
M8704,M8704
K075,K075
H491,H491
B160,B160
B30,B309
E14O,_
P044,P044
I5010,I501
H4480,H448
S29,S299
E779,E779
N6450,N645
Q6111,Q611
M6510,M6510
R9181,R91
S1191,S119
H2522,H252
I379,I379
A919,A919
K114,K114
W140,_
M8196,M8196
S086,_
D355,D355
P522,P522
I312,I312
R1115,R11
142,_
S4247,S424
Q158,Q158
G361,G361
D720,D720
S725,_
L0293,L029
S016,_
M8180,M8180
F88,F88
M9472,_
S3960,S396
Z544,Z544
M8999,M8999
I432,I432
H2529,H252
S378,S378
Q851,Q851
O882,O882
F131,F131
N079,N079
A000,A000
M162,M162
M421,M421
T674,T674
T568,T568
F04,F04
F198,F198
M8195,M8195
C152,C152
F301,F301
G003,G003
M5496,M5496
S1410,S141
M013,M013
L571,L571
I32,_
Z099,Z099
X649,_
O1899,_
P119,P119
Q701,Q701
V381,_
M8508,M8508
X5969,_
S550,S550
C3290,C329
A1706,A170
F511,F511
M219,M219
S3630,S3630
M4199,M4199
H6090,H609
H6131,H613
D438,_
T109,T10
J0692,J069
O8929,O892
M8426,M8426
S0129,S012
M2452,M2452
T2920,T292
M1383,M1383
S329,_
T22,_
W2499,_
R231,R231
M0889,M0889
4874,_
K912,K912
D152,D152
D1809,D1809
N941,N941
M530,M530
349,_
M5000,M500
S8184,S818
K5730,K573
M9673,_
C838,C838
C24,C249
Q264,Q264
M8406,M8406
H187,H187
F202,F202
G96,G969
E89,E899
H446,H446
B361,B361
T211,T211
L138,L138
F148,F148
H60,H609
J426,J42
7701,_
O34Z,_
M2157,M2157
F,_
5683,_
5470,_
O082,O082
5530,_
E86I,E86
O160,O16
S2209,S220
8A,_
D022,D022
S0045,S004
M7730,M7730
S8225,S822
K749,_
M8014,M8014
M6814,_
Z315,Z315
H2890,_
O477,_
J480,_
M8110,M8110
M6646,M6646
R793,_
R39,_
I4599,I459
J214,_
I1109,I110
C672,C672
M8404,M8404
19,_
S0070,S007
S0012,S001
H11O,_
I1091,I10
V2099,_
S8070,S807
S6071,S607
S5092,S509
S4092,S409
S2080,S208
I8312,I831
D710,D71
H0451,H045
M3210,M321
U843,_
Y419,_
X12,_
Q6682,Q668
Z112,Z112
M510,M510
W2209,_
V330,_
V180,_
N860,N86
S569,_
H265,_
H1607,H160
O681O8,_
N1854,N185
H9190,H919
0069,_
H5220,H522
T411,T411
3334,_
Q669,Q669
S2111,S211
063,_
K3531,K353
Z1624,_
S0571,S057
S6702,S670
F20,F209
F519,F519
I67,I679
T958,T958
E290,E290
M6746,M6746
A34,A34
I381,I38
O8091,O809
D1700,D170
P122,P122
O541,_
C89,_
T178,T178
R5701,R570
O8612,O861
F150,F150
M1095,M1095
Q111,Q111
O1403,O140
O922,O922
D07,_
R370,_
I827,_
S982,S982
Z327,_
C8585,_
M247,M247
M8407,M8407
S4001,S400
M256,M256
Z890,Z890
048,_
G4731,G473
M238,M238
O3420,O342
T080,T080
P0700,P070
S8262,S826
O8O1,_
S8254,S825
H100,H100
L96,_
Z3921,Z392
G472,G472
S6172,S617
S6820,S682
Z3490,Z349
Q044,Q044
N022,N022
T304,T304
E752,E752
O656,_
T3939,T393
M9063,M9063
Q650,Q650
L871,L871
I070,I070
M5437,M5437
O265,O265
A09E861,A09
M8650,M8650
Q150,Q150
Q754,Q754
M6008,M6008
T478,T478
T528,T528
B441J172,_
T536,T536
P529,P529
L110,L110
M314,M314
G369,G369
E762,E762
M672,M672
C923,C923
J189Y95I248,_
T461,T461
P123,P123
I44,_
M4882,M4882
S9171,S917
S667,S667
C862,C862
G924,G92
T020,T020
J891,_
459,_
S0008,S000
W312,_
S346,S346
S947,S947
S957,S957
I27,I279
H439,H439
M8611,M8611
S684,S684
30,_
O283,O283
S433,S433
T043,T043
H2645,H264
J024,_
O634,_
H2126,H212
E220,E220
K732,K732
V260,_
068,_
O8220,O822
M8141,M8141
H0019,H001
U284,_
H4450,H445
O945,O94
T823,T823
D38,_
F802,F802
M6286,M6286
A389,A38
M9670,_
C5698,C56
R36,R36
M7792,M7792
0909,_
O4441,_
T244,T244
Q5391,Q539
D437,D437
M926,M926
K5710,K571
V2939,_
C903,C903
M8811,_
S6719,_
Z43,Z439
Z45,Z459
V6459,_
A661,A661
I8720,I872
W5708,_
Z3280,_
Z934,Z934
M6291,M6291
E0500,E050
S559,S559
J92,J929
F050,F050
Z370O3,_
Z370I,_
M174,M174
A58,A58
R044,_
P558,P558
O220,O220
N230,N23
M9250,M925
Z8673,Z867
C380,C380
P899,_
5259,_
V221,_
Q1311,Q131
D064,_
O672,_
S7010,S701
S8010,S801
L0242,L024
R34,R34
M9014,M9014
W698,_
T315,T315
S374,S374
L921,L921
M7156,M7156
H6092,H609
S9235,S923
H6039,H603
J0380,J038
E076,_
H0490,H049
A101,_
G455,_
T838,T838
S2199,S219
S0880,S088
H3516,H351
V290,_
C610,C61
0090,_
M4184,M4184
D35,D359
Q506,Q506
C04,C049
M8437,M8437
C5600,C56
L211,L211
O821Z3,_
K83,K839
K5792,K579
K2940,K294
L9790,L97
M2549,M2549
V2749,_
W1192,_
S3111,S311
S1181,S118
N8012,N801
H263,H263
S6891,S689
O149O,_
V325,_
Z109,_
M059,M059
W579,_
W1392,_
S8002,S800
I8999,I899
5018,_
N6301,N63
D2191,D219
E0412,E041
N6451,N645
D2110,D211
D1710,D171
N6022,N602
Q1811,Q181
I6190,I619
I8300,I830
E44,_
W0101,_
B529,B529
D3911,D391
J863,_
F841,F841
Q664,Q664
T161XXA,T16
C153,C153
W2802,_
H6181,H618
R735,_
M1129,M1129
M7931,M7931
O0034,_
O485,O48
S3991,S399
Z628,Z628
M9090,_
C507,_
H7441,H744
H0231,H023
N2012,N201
D4000,D400
061,_
E830,E830
H2189,H218
H463,H46
D49,_
S440,S440
M7994,M7994
B191,_
M7662,M766
T8509,T850
J1809,J180
T8539,T853
B739,B73
R869,R869
L9101,L910
Y364,_
5888,_
J1895,J189
I8425,I842
493,_
J3515,J351
281,_
M855,M855
C828,_
H6519,H651
Z2952,_
M8880,M8880
K1370,K1370
J044,_
M8732,M8732
S6500,S650
Z8950,Z895
M6263,M6263
E012,E012
B053H671,_
M4898,M4898
G934E90,_
I230,I230
O074,O074
C19FRP,_
F195,F195
M4309,M4309
NSDO1,_
I012,I012
K267,K267
C639,C639
O7470,O747
249,_
L0222,L022
E568,E568
M7294,M7294
K079,K079
M8590,M8590
V389,_
C14,_
M5454,M545
R1901,R190
G988,G98
M206,M206
1B,_
X58,_
I692,I692
Z459,Z459
N934,_
D1800,D1800
M7030,M7030
N0390,N039
N0391,N039
J3032,J303
H8110,H811
D034,D034
M6590,M6590
H6111,H611
M7221,M722
M7220,M7220
Z823,Z823
P1298,P129
T79,T799
M7132,M7132
K594,K594
N018,N018
M7957,M7957
L9702,L97
B053,B053
H671,H671
3200,_
N41,N419
J2590,_
B840,_
D6338,_
S5891,S589
S3643,S364
A519,A519
S242,S242
V293,_
B408,B408
M4029,M4029
Z387,Z387
S241,S241
W0330,_
P964,P964
N2989,N298
N2890,N289
C865,C865
X1283,_
P342,_
M8401,M8401
W4509,_
S943,S943
M8004,M8004
W0999,_
M9561,_
N8322,N832
H5242,H524
R9111,R91
T93,T939
Z465,Z465
T112,T112
S0512,S051
S5002,S500
I651,I651
L42,L42
E298,E298
O804,_
I8313,I831
H2629,H262
H577,_
S6143,_
A511,A511
M9983,M9983
N218,N218
Z4720,_
S5191,S519
N8381,N838
E851,E851
M8094,M8094
S6412,S641
S640,S640
V495,_
M2541,M2541
V030,_
H0481,H048
S5340,S534
I980,I980
B368,B368
O806,_
L118,L118
Z870,Z870
K003,K003
Q010,Q010
G449,_
X899,_
I507,_
Y572,_
T502,T502
K441,K441
W874,_
E864,E86
S4085,S408
D53,D539
H841,_
B374,B374
F300,F300
W5091,_
O9901,O990
O904,O904
S6001,S600
W092,_
M7261,M7261
L3391,_
N039HD,_
Q5310,Q531
J0381,J038
J3390,J339
D36,D369
Z208,Z208
O8010,O801
O1030,O103
P112,P112
S69,S699
M8346,M8346
Z52,Z529
S8312,S831
B459,B459
C399,C399
E0530,E053
S380,S380
A55,A55
Q842,Q842
M6028,M6028
D1601,D160
0060,_
T9415,T941
788,_
N903,N903
5063,_
G95,G959
Z3012,Z301
O841,O841
S6111,S611
M9230,M923
L384,_
J211,J211
R6290,R629
P0510,P051
T209,_
S0502,S050
C5292,C52
S0003,S000
D6101,D610
D201,D201
T799,T799
Z399,_
M060,M060
H541,H541
J22X,J22
I4510,I451
Z3010,Z301
N474,N47
Q395,Q395
S87,S879
J812,J81
R211,R21
M2323,M2323
S6710,_
S8892,S889
N850D,_
R932,R932
T259,_
A790,A790
B998,B99
L904,L904
P22,P229
F811,F811
P00000,P000
O800Z370,_
H832,H832
G971,G971
M435,M435
G368,G368
G000,G000
I431,I431
S9991,S999
S497,S497
M8750,_
S8072,S807
L0892,L089
P0703,P070
G250,G250
J1793,_
D302,D302
O499,_
W2962,_
E1142,E114
T7804,T780
S9300,S930
M310,M310
G99,_
S252,S252
T016,T016
B448,B448
H5880,H588
J699,_
1200,_
Q69,Q699
V878,_
T812,T812
D6861,D686
Q042,Q042
S5601,S560
M2595,M2595
Y0899,_
I673,I673
E7839,E783
T,_
I6529,I652
K8309,K830
I711,I711
O315,_
I268,_
R356,R35
G212,G212
L0103,L010
S2019,S201
R045,_
9946,_
5539,_
S6441,S644
B928,B92
Q351,Q351
V893,_
N7012,N701
S4081,S4081
V4849,_
J0140,J014
V0999,_
S589,S589
W5200,_
W2131,_
Y179,_
M9005,M9005
E446,_
K378,K37
I246,_
H2682,H268
Q011,Q011
F00,F009
X480,_
J889,_
Q860,Q860
Z268,Z268
Z733,Z733
M8412,M8412
0230,_
I6001,I600
E818,_
M1394,M1394
W4518,_
H4701,H470
T1415,T141
T593,T593
E0551,E055
K6030,K603
A1621,A162
0760,_
O0,_
S031,S031
O245O1,_
2939,_
M211,M211
I6521,I652
S850,S850
D472,D472
V34,_
M7799,M7799
Q85,Q859
A80,A809
9608,_
S2133,_
N541,_
H0461,H046
M8802,M880
B838,B838
T652,T652
S0561,S056
S3095,S309
O2829,O282
G93,G939
O489,O48
S439,_
J1982,_
S3470,_
V3369,_
S0001,S000
J3391,J339
H624,H624
V6369,_
J90X,J90
H104,H104
M229,M229
V3349,_
M1980,M198
S7281,S7281
F941,F941
S567,S567
O070,O070
K121B,_
A244,A244
V13,_
G119,G119
S6701,S670
N748,N748
O664Z,_
X590,_
M6587,M6587
V120,_
S09,S099
M1916,M191
O6190,O619
G563,G563
M7511,M751
M7710,M7710
Z1211,Z121
R1013,R101
Z282,Z282
Z371O,_
L210,L210
Z722,Z722
D107,D107
N208,_
S6814,S681
W3799,_
R203,R203
T023,T023
0623,_
E961,_
P594,_
W1088,_
Q656,Q656
G722,G722
M4854,M4854
M358,M358
M1094,M1094
M468,M468
N045,N045
F321,F321
M4857,M4857
M6005,M6005
E723,E723
G240,G240
B320,_
103,_
O880,O880
E671,E671
W0189,_
Z3A4,_
M5457,M5457
S8340,S834
L9751,L97
D2420,D24
M9326,M9326
I8382,_
M113,_
I6341,I634
I466,_
S5213,S521
M938,M938
S603,_
S0051,S0051
S8012,S801
S5081,S5081
F174,F174
F179,F179
21,_
X787,_
M25,M259
K021,K021
V51,_
O821Z4,_
T365,T365
O261,O261
J1898,J189
V685,_
V040,_
T100,T100
X4599,_
W0119,_
N8995,N899
N480,N480
S0590,S059
B849,_
T017,_
W013,_
Q819,Q819
Y998,_
Y586,_
Y584,_
S3210,S3210
M2383,M2383
Y3469,_
D5090,D509
Z255,_
I101FAR,I10
M7737,M7737
E129,E129
B77,B779
W43,_
D3617,D361
W5001,_
T7930,T793
W552,_
O78,_
L047,_
G669,_
Z902,Z902
4590,_
S1190,S119
N1859,N185
E760,E760
R351,R35
S939,_
G44,_
L8992,L899
P938,P93
N893,N893
S8071,S807
S5071,S507
S333,S333
S740,S740
W1998,_
M280,_
R908,R908
M239,M239
D685,D685
E630,E630
R82,R829
Z290,Z290
Q052,Q052
E075,_
G252,G252
Q118,_
Q758,Q758
L630,L630
W316,_
C947,C947
K6418,_
C821,C821
J3831,J383
420,_
H170,H170
J1509,J150
J230,_
Z238,Z238
J4495,J449
J518,_
M8123,M8123
D3528,D352
Z138Z,_
H7292,H729
R0981,R098
R448,R448
J844,_
S0292,S029
Z3920,Z392
W340,_
B080,B080
H719,H71
Q268,Q268
O8,_
M0590,M0590
V3499,_
S6340,S634
S0120,S012
C1896,C189
W1309,_
M,_
S5620,S562
J4595,J459
N338,N338
W1308,_
X9949,_
W87,_
Y079,_
T321,T321
V4552,_
S952,S952
O7021,O702
O3390,O339
Z1,_
H0442,H044
S997,S997
H8123,H812
Z721,Z721
W2269,_
K071,K071
H2002,H200
Z3,_
A26,A269
M7966,M7966
N017,N017
R738,_
I2191,I219
X609,_
I579,_
L278,L278
S512,_
Y999,_
T1141,T114
Z876,Z876
W550,_
Y928,_
S4104,S410
H2502,H250
H2589,H258
K302,K30
5329,_
T460,T460
M9506,M950
J120,J120
E020,E02
M2137,M2137
W4992,_
V892XXA,_
M2339,M2339
M2326,M2326
S8361,S836
S8362,S836
S6021,S602
H5345,H534
T2105,T210
T96,T96
B760,B760
B80,B80
O82O,_
G8250,G825
D800,D800
S707,S707
O2821,O282
W266,_
M188,_
S4180,S418
S4181,S418
M2167,M2167
Z011H2,_
Z011G1,_
C630,C630
T484,T484
C476,C476
D409,D409
Q649,Q649
B778J173,_
M1190,M1190
Y479,_
Z312,Z312
S892,_
W1599,_
O685,_
O9809,O980
Y2999,_
X8499,_
U801,U801
R580,R58
N3900,N390
101,_
T60,T609
M1531,M153
M1355,_
M1393,M1393
H959,H959
W1939,_
S9085,S908
P509,P509
S674,_
D412,D412
B65,B659
Z420,Z420
P339,_
M8447,M8447
I788,I788
F900,F900
S735,_
N799,_
K365,K36
H319,H319
M1189,M1189
X699,_
C088,C088
T821,T821
D563,D563
T561,T561
O8200,O820
631,_
X1191,_
S4612,S461
K8580,K858
Z2461,Z246
Z,_
S98,_
8011,_
T8544,T854
S2410,S241
R684,_
H5712,H571
H1032,H103
O8700,O870
I732,_
S651,S651
O0821,O082
M8694,M8694
I6382,I638
N2090,N209
J9301,J930
O704,_
O3429,O342
K960,_
M75,M759
M2582,M2582
1600,_
V189,_
S345,S345
B238,B238
T393K,_
X4609,_
C775,C775
K91,K919
F219,F21
W0128,_
E862E,E86
C51,C519
C498,C498
S316,_
V031,_
0011,_
6280,_
Z332,Z33
W1931,_
K3532,K353
M6588,M6588
P69,_
3A,_
W80,_
S0089,S008
F930,F930
J705,_
1340,_
I3,_
K034,K034
K033,K033
O099,_
E1190,E119
K75,K759
N842,N842
P549,P549
J308,_
K2661,K266
S5189,S518
S6325,S632
J3910,J391
V494,_
W2799,_
W1672,_
V335,_
Z9103,Z910
B839,B839
S4214,S421
H046,H046
H0489,H048
L063,_
S9105,S910
H921,H921
L0233,L023
I116,_
I8001,I800
K2901,K290
M2507,M2507
S0580,S058
Y9,_
M9953,M9953
M313,M313
I51,I519
T23,_
F422,F422
M8834,_
G46,_
M252,M252
R551,R55
Q5311,Q531
I1214,_
R118,R11
X1699,_
W79,_
L985,L985
S297,S297
S251,S251
0830,_
Y3099,_
R946,R946
Z757,_
793,_
M744,_
W0390,_
S2021,S202
A494,_
D2212,D221
H1091,H109
S6822,S682
S4250,_
W224,_
T8460,T846
K04,K049
N2810,N281
G4539,G453
Q254,Q254
MCP,_
M7907,M7907
J1222,J122
Q056,Q056
N805,N805
M0694,M0694
Q350,_
Q54,Q549
M2410,M2410
L0421,L042
K742,K742
M2457,M2457
C599,_
C223,C223
I7103,I710
I65,I659
O4100,O410
L91,L919
W179,_
M4836,M4836
D549,_
K689,_
Z22,Z229
D647,_
S6326,S632
C201,C20
T038,T038
S436,S436
I062,I062
G051,G051
T399,T399
E361,_
J3499,_
K4020,K402
W4998,_
M6267,M6267
A729,_
K5650,K565
K4092,K409
O539,_
L90,L909
T690,T690
M9822,_
J0510,J051
T8743,T874
H7201,H720
C813,C813
I6191,I619
509,_
S0890,S089
Q551,Q551
141,_
A4151,A415
N109N,N10
O260,O260
C166,C166
M8060,_
H1122,H112
M7952,M7952
I317,_
I877,_
Y1099,_
2988,_
V498,_
V240,_
W3444,_
I69,_
J14,J14
M4186,M4186
S2100,S210
M1050,_
H5031,H503
Q372,Q372
N2398,N23
S992,_
O279,_
Q101,Q101
I274,_
D22,D229
C9102,C910
I838,_
N36,N369
M930,M930
M0086,M0086
N880,N880
H1852,H185
Z4912,Z491
W0196,_
F814,_
M1319,M1319
M2669,_
I2781,I278
K875,_
G71,G719
D708,D70
J193,_
G8334,G833
C887,C887
H4602,H46
E896,E896
K3510,K351
S4980,S498
S8992,S899
S0992,S099
J476,J47
Q761,Q761
M660,M660
O4112,O411
T254,T254
D322,_
Y0449,_
M9803,_
E1164,E116
G633,G633
K490,_
W2601,_
0655,_
D200,D200
691,_
C06,C069
B951,B951
Z402,_
M00,M009
M835,M835
M330,M330
R491,R491
H918,H918
4700,_
T17,T179
M9362,_
Q062,Q062
K582,_
O072,O072
M9490,M9490
S8322,S832
K095,_
K748,_
Y762,_
S0550,S055
N70,N709
B188,B188
M5127,M512
H902,H902
M9541,M954
N3091,N309
I5021,_
D189,_
J099,J09
N0139,N013
M7631,M763
J368,J36
S146,S146
S144,S144
S145,S145
X439,_
A19,A199
O604,_
V3359,_
T2301,T230
T2102,T210
P0723,P072
K433,_
D7581,D758
M0107,M0107
N434,N434
N848,N848
Y405,_
I5250,_
I1296,I129
P133,P133
V496,_
E1133,E113
O374,_
P839,P839
E112NO38,_
N9911,N991
O8203,O820
Q709,Q709
W2703,_
S718,S718
I089,I089
F258,F258
M1199,M1199
T485,T485
J940,J940
G411,G411
P545,P545
E329,E329
J1212,J121
S048,S048
M6155,M6155
T457,T457
Q552,Q552
D861,D861
Q051,Q051
G620,G620
D041,D041
681,_
P70,P709
G302,_
0720,_
N518,N518
O9,_
T132,T132
A900,A90
I2750,_
R061,R061
S852,S852
E649,E649
K299K,_
R96,_
H0211,H021
H0251,H025
K5521,K552
Z083,_
I664,I664
K4490,K449
Y565,_
C4491,C449
Q179,Q179
O684,_
S3113,S311
Y418,_
R0689,R068
D464,D464
V336,_
M72,M729
W2633,_
W2008,_
J52,_
0380,_
S2204,S220
M8881,M8881
J304J,_
P171,_
Y302,_
S9191,S919
Z124,Z124
W2462,_
Y936,_
S552,S552
S2120,S212
S239,_
S231,S231
C349M,_
T040,T040
S8980,S898
P110,P110
G050,G050
T033,T033
N2021,N202
M4626,M4626
W673,_
N,_
B64,B64
K8060,_
E1192,E119
S750,S750
S7235,S723
P639,_
Q3799,Q379
E816,_
N778,N778
O51,_
Y550,_
K2950,K295
K4599,_
J17,_
M8006,M8006
I448,_
M2346,M2346
G61,G619
C8099,C809
H8591,_
N101,N10
Q791,Q791
D070,D070
P455,_
B825,_
909\,_
J1839,_
W1901,_
Z495,_
L8930,L893
I6782,I678
I18,_
O1469,_
J418,J418
B308,B308
M213,M213
S0420,S042
V2844,_
S1220,S1220
M5090,M509
M8049,M8049
J9620,_
M9550,M955
M8566,M8566
P283,P283
R79,R799
K807,_
601,_
S3170,S317
I39,_
Z945,Z945
T2502,T250
M1209,M1209
V843,_
I423,I423
Y883,_
I481,I48
V334,_
D017,D017
W35,_
M7265,M7265
A799,A799
N0839,N083
499,_
N49,N499
K5669,K566
L379,_
H476,H476
B698,B698
I970,I970
I913,_
W40,_
S580,S580
0624,_
W246,_
1121,_
S306,_
D3910,D391
0994,_
K45,_
I021,_
C5339,_
H0430,H043
O661,O661
H4410,H441
E034,E034
E343,E343
C224,C224
S9818,S981
A0909,A090
1119,_
X4799,_
T597,T597
S3900,S390
S8252,S825
Z3A3,_
H4041,H404
O4291,O429
D037,D037
B967,B967
D287,D287
V231,_
Q441,Q441
M4885,M4885
D2120,D212
M7992,M7992
A560,A560
O763,_
M8799,M8799
P912,P912
M471G992,_
G902,G902
T58,T58
M5389,M5389
D384,D384
A960,A960
O902,O902
Q742,Q742
Q763,Q763
W15,_
S758,S758
I730,I730
D598,D598
S6610,S661
S6440,S644
M8100,M8100
I971,I971
B008,B008
R099,_
G824,G824
P366,_
M9201,M920
B890,B89
J694,_
M410,M410
Y170,_
Z3670,_
Q411,Q411
K064,_
K036,K036
G818,_
J9496,J949
L0392,L039
W832,_
S3281,S3281
S4260,_
L7622,_
H6223,H622
L9230,L923
P511,_
Z970,Z970
S5991,S599
W2368,_
O0091,O009
E501,E501
I812,I81
K69,_
K8051,K805
Q132,Q132
W3401,_
H2541,_
M8154,M8154
N8302,N830
Q703,Q703
D986,_
S3231,S3231
M0606,M0606
M6529,M6529
S6632,S663
F030,F030
N2015,N201
O6208,O620
5570,_
Y22,_
482,_
B499,B49
C514,_
M163,M163
M978,_
W1701,_
5804,_
M348,M348
M4390,M4390
A099E,A09
O8209,O820
E201,E201
V802,_
E43X,E43
J4410,J441
P268,P268
K70,K709
K131,K131
X102,_
D992,_
T492,T492
N164,N164
D259M8,_
B083,B083
S10,S109
S9132,S913
M6150,M6150
E850,E850
C375,C37
I8240,_
S6312,S631
M7255,M7255
W178,_
M31,M319
T8744,T874
D033,D033
M140,M140
S05,S059
P0D1,_
O8097,O809
T175,T175
H4004,H400
N7001,N700
K031,K031
S726,_
V339,_
I435,_
N2808,N280
O288,O288
Y0408,_
S5781,S578
V98,_
W0809,_
M8263,_
V230,_
M276,_
K059,_
M2769,_
M8473,_
C591,_
P713,P713
Z830,Z830
Z9089,Z908
X269,_
S0541,S054
W149,_
K020,K020
M9970,M9970
O372,_
M231,M231
P319,_
M1960,_
G998,G998
C847,C847
M18,M189
Y3028,_
N452,_
I907,_
00,_
Q6991,Q699
T501,T501
Y544,_
T8570,T857
T759,_
K7291,K729
E8311,E831
G652,_
S973,_
V8399,_
S3670,S3670
B788,B788
M4899,M4899
11200,_
G961,G961
P578,P578
M4727,M4727
A699,A699
I310,I310
D433,D433
I677,I677
M724,M724
006I9,_
W0703,_
X5090,_
X5099,_
O729,_
N824,N824
M969,M969
K039,K039
M995,M995
H503,H503
K6521,_
B1910,_
5788,_
I1015,I10
1695,_
H6695,H669
023,_
C600,C600
P0507,P050
V174,_
S7991,S799
E7869,E786
S0592,S059
H313,H313
I465,_
M1308,M1308
M760,M760
H740,H740
H3504,H350
S0637,S063
K878,_
V3448,_
J84,J849
N8351,N835
W21,_
R633K2,_
S4340,S434
A9791,_
411,_
K778,K778
K922K,_
Z370Q,_
W4982,_
A24,_
G209,G20
M4195,M4195
O948,O94
D1771,D177
F908,F908
P2003,P200
W548,_
P548,P548
M6024,M6024
T68,T68
A800,A800
C940,C940
A042,A042
J9890,J989
Z3049,Z304
C8010,C80
E184,_
1109,_
S394,_
2491,_
H5314,H531
T062,T062
E053,E053
S4020,_
L811,L811
L810,L810
S4970,S497
J034,_
M8615,M8615
S2690,S2690
M153,M153
Y285,_
F09,F09
P649,_
9960,_
J281,_
M6542,M654
H9480,H948
B874,B874
S6370,S637
Y249,_
S7091,S709
Z3720,Z372
T926,T926
B2582,B258
D1411,D141
R61,R619
C024,C024
V476,_
W0158,_
V222,_
S4071,S407
S5072,S507
O361,O361
M718,M718
M429,M429
Z794,_
Z03,Z039
L3080,L308
N2881,N288
M8415,M8415
Z886,Z886
B3320,B332
S2740,S2740
H6022,H602
H0240,H024
Z995,_
S4211,S4211
M8668,M8668
Q321,Q321
O633,_
Z947,Z947
H2771,_
B026,_
O613,_
0991,_
D995,_
X991,_
M653R,_
C635,_
Q750,Q750
D468,_
K451,K451
M9091,_
M721,M721
M8964,M8964
F413,F413
Q794,Q794
1359,_
C904,_
5492,_
O0215,O021
O6013,O601
42,_
A098,A09
340,_
Q25,Q259
Z242,Z242
J192,_
Q078,Q078
I892,_
R734,_
R024,R02
C943,C943
T832,T832
K877,_
J3392,J339
P91,P919
T8311,T831
S0981,S098
0989,_
E709,E709
W2262,_
T618,T618
M4016,M4016
K000,K000
Y00,_
S0800,S080
V0918,_
G5603,G560
O025,_
D3912,D391
O6898,O689
M6580,M6580
K724,_
R078,_
P928,P928
Z011H1,_
Z011G2,_
Z011B,_
Z011F,_
F338,F338
B382,B382
E509,E509
F159,F159
T269,T269
D1723,D172
C268,C268
16,_
X4909,_
D779,D77
N282,_
O338,O338
A050,A050
N659,_
Z435,Z435
M8981,M8981
K247,_
M2020,M202
S259,S259
D511,D511
R300,R300
M8724,M8724
D4851,D485
Z5993,Z599
W5009,_
S9610,S961
X45,_
S2190,S219
E1009,E100
S9215,S921
S6104,S610
F1013,F101
N8880,N888
N1190,N119
A568,A568
I1619,_
R113,R11
I162,_
H0260,H026
S5521,S552
S5471,S547
S5411,S541
S5481,S548
S5621,S562
M7979,M7979
V210,_
D157,D157
W7999,_
Y218,_
A097,A09
S3683,S368
L21,L219
N1330,N133
M89,M899
J3920,J392
G232,G232
0139,_
M30,_
S0104,S010
H5010,H501
0779,_
D1729,D172
E047,_
J95,J959
08OO,_
Z133,Z133
W1329,_
N104,N10
K2O,_
J184,_
V6899,_
S0330,S033
S9151,_
V3469,_
T1400,T140
O820O,_
I324,_
S6094,S609
S9093,S909
S6093,S609
S0049,S004
K765,K765
Y929,_
F983,F983
1II9,_
I222,_
V7869,_
M988,_
3500GRAMS,_
T702,T702
0648,_
L0250,_
D366,_
0699,_
S209,_
J149,J14
A130,_
Z8951,Z8951
D634,_
Q131,Q131
R079,_
G475,_
F989,F989
F129,F129
M8910,M8910
E312,_
E043,_
T214,T214
K35O,_
F0150,_
Z126,Z126
C88,C889
Y92,_
S079,S079
Z8719,Z871
I078,I078
K2951,K295
N9071,N907
E681,E68
V2048,_
E1198,E119
O8299,O829
S7222,S722
S812,_
I1499,_
O371,_
A1832,A183
S9050,_
N4711,N47
H5030,H503
K1181,K1181
N1399,N139
W5228,_
0881,_
F002,F002
0701,_
D3291,D329
Z471,_
M1929,M1929
K5780,K578
Y4599,_
H2519,H251
W2492,_
C611,C61
M7519,M751
K577,_
X1952,_
K8081,K808
Q170,Q170
T83,T839
T29,_
P232,P232
47650,_
F160,F160
T531,T531
59490,_
A812,A812
F539,F539
Q012,Q012
F781,F781
N390E861,_
M6096,M6096
T64,T64
Z5181,Z518
O280,O280
S3141,S314
C082,_
N9489,N948
N160,N160
Z2132,Z21
H512,H512
I447O,_
J128,J128
B35,B359
R4420,R442
O6981,O698
J1599,J159
K20X,K20
V6759,_
I48X,I48
R32X,R32
M8740,_
L248,L248
N8361,N836
Z311,Z311
I688,I688
X20,_
H3303,H330
J9600,J960
W1991,_
M664,M664
I380,I38
N1805,N180
Z370LO41,_
G508,G508
Q122,Q122
O4,_
T860,T860
A41,A419
K107,_
O3432,O343
W1199,_
K502,_
M963,M963
N711,N711
I6100,I610
S0636,S063
S2691,S2691
S2781,S2781
S940,S940
V0249,_
W6008,_
D385BO79,_
M793,M793
J784,_
88,_
J4892,_
N1851,N185
S3983,S398
O56,_
S7271,S7271
Q432,Q432
V264,_
J299,_
M6270,_
M6227,M6227
F1023,F1023
Q930,Q930
M8790,M8790
W5030,_
L972,L97
G529,G529
Y551,_
N64,N649
2301,_
A620,_
H257,_
X5862,_
K074,K074
R279,_
X5699,_
M702,M702
Z4132,Z413
Z872,Z872
L0100,L010
S523D1,_
Q774,Q774
M0088,M0088
T2430,T243
R9000,R900
Z9891,_
H839,H839
T8131,T813
I40,I409
N683,_
M220,M220
H3554,H355
X709,_
M264,_
D046,D046
I790,I790
C27,_
M621,M621
S8232,S823
N6341,N63
602,_
Q349,Q349
M1632,M163
Q60,_
K410,K410
Q901,Q901
H0530,H053
M9652,M965
D0003,D000
G41,G419
H530,H530
Z3900,Z390
M9312,M931
C854,_
46,_
S7232,S723
K380,K380
S797,S797
M3439,_
P830,P830
V271,_
W270,_
G550,G550
F55,F55
Q421,Q421
M2588,M2588
H1880,H188
O487,O48
0640,_
K139,_
J221,J22
O820Z3,_
I683,_
A241,A241
O122,O122
L925,_
T8419,T841
S8285,S828
O921,O921
N370,N370
I182,_
M9862,_
D702,D70
F192,F192
F238,F238
M8158,M8158
Y425,_
E550,E550
Q458,Q458
P048,P048
D142,D142
M706,M706
M1256,M1256
M7922,M7922
H4390,H439
J05,_
M032,M032
V294,_
P089,_
D39,D399
W458,_
V239,_
M2432,M2432
D289,D289
Z209,Z209
W8662,_
V4799,_
Y850,_
T935,T935
S8080,S8080
V227,_
W1029,_
T854,T854
S3081,S308
W117,_
L841,L84
T470,T470
K974,_
S0206,S020
J3491,_
F43,F439
S9820,S982
Y535,_
J3380,J338
A041,A041
T144,T144
Y2962,_
N1311,N131
E190,_
M2547,M2547
Z728,Z728
G251,G251
K7030,K703
O304,_
I6203,I620
L9280,L928
S6700,S670
H6241,H624
Z3741,Z374
M4154,M4154
V8908,_
G680,_
T486,T486
S4311,S431
N0409,N040
D488,_
O045,O045
M7139,M7139
M4007,M4007
H3130,H313
K6590,K659
Q90,Q909
S461,S461
5630,_
I8615,I861
630,_
N9515,N951
M7744,M774
L7295,L729
884,_
I339,I339
K5904,K590
O824,_
J401,J40
N890,N890
R681,R681
W1929,_
I1298,I129
X50,_
X4893,_
W4092,_
M7719,M7719
W1828,_
N953,N953
O691O8,_
Z819,_
S6081,S6081
P939,P93
C312,C312
O4410,O441
K7689,K768
W1990,_
S279,S279
K408,_
R4701,R470
B799,B79
O8293,O829
Z3011,Z301
K5660,K566
P600,P60
H3322,H332
M5432,M543
S221,S221
V129,_
Z516,Z516
H502,H502
S0040,S004
W2310,_
H219,H219
M9392,M9392
B45,B459
Q392,Q392
Q670,Q670
S3981,S398
Y300,_
J60,J60
M1870,_
N770,N770
N176,_
V881,_
T2510,T251
O0083,O008
S8690,S869
O800_,_
Z370_,_
X9989,_
E893,E893
M958,M958
P37,P379
M764,M764
D015,D015
M8077,_
H0500,H050
C5410,C541
M1790,M179
S2121,S212
M481,M481
I4398,_
T286,T286
T407,T407
Z01205,Z012
B440J172,_
E895,E895
J1803I248,_
O6010,O601
J460,J46
M9984,M9984
N1852,N185
O8210,O821
339,_
B471,B471
L305,L305
H277,_
H2182,H218
O800P,_
O420O0,_
C2,_
K842,_
Q44,_
M8920,M8920
I741,I741
X190,_
S111,S111
M3211,M321
M4304,M4304
G471,G471
C9310,C931
Q8501,Q850
C7A1,_
M6262,M6262
Q188,Q188
R5560,R55
E181,_
J4010,J40
232,_
I89,I899
Y593,_
W0188,_
0985,_
M949,M949
L974,L97
I368,I368
S4421,S442
C206,C20
V2499,_
J36X,J36
M8559,M8559
X4873,_
P595,_
M8408,M8408
P01,P019
N014,N014
V093,_
N080,N080
K82A1,_
T82,T829
N8000,N800
R540,R54
O6240,O624
48,_
N269,N26
O631O,_
I2002,I200
S162,S16
H0202,H020
B972,B972
Q093,_
C543,C543
M8405,M8405
Y1408,_
W4508,_
A089,_
W8101,_
M801,M801
D1431,D143
N6330,N63
T8552,T855
N6111,N61
0331,_
P0501,P050
S6124,_
E1459,E145
J285,_
J8521,J852
S771,S771
W2509,_
S3410,S341
Y98,_
B440,B440
O213,_
V0490,_
E48,_
M2662,_
I378,I378
1499,_
S3220,S3220
S8360,S836
X5811,_
O1493,O149
O9841,O984
Z111,Z111
Z825,Z825
N6031,N603
J1562,J156
T2129,T212
S6144,_
C718,C718
I298,_
G8391,G839
016,_
O4401,O440
R191,R191
W8592,_
A876,_
H9192,H919
J3909,J390
H6693,H669
P682,_
T379,T379
G4590,G459
Y658,_
R252S,_
S2006,S200
M8211,M8211
K399,_
K9422,_
O842Z3,_
C434,C434
X619,_
K355,_
N3620,N362
5624,_
K8115,K811
T35,_
5690,_
H1115,H111
122,_
5146,_
O0080,O008
K901,K901
N3511,N351
S383,S383
M908,M908
M112,M112
K9409,_
T750,T750
R1903,R190
J850,J850
V12,_
H063,H063
E1310,E131
W5908,_
M0645,M0645
M4649,M4649
M1392,M1392
I232,I232
G210,G210
V0909,_
D2150,D215
O0021,O002
H6699,H669
G5620,G562
K4301,K430
H761,_
M412,M412
M7512,M751
H0003,H000
C49A0,_
8808,_
M266,_
A288,A288
Z3449,_
D3111,D311
9229,_
I244,_
R723,R72
V829,_
Z9012,Z901
M761,M761
R899,R899
T9308,T930
R588,R58
M7130,M7130
I660,I660
K7416,K741
T2532,T253
M8245,_
N250,N250
I6791,I679
D532,D532
M8462,_
T92,T929
J4520,J452
I623,_
M61,M619
S12,S129
S6102,S610
S570,S570
K849,_
5411,_
N992,N992
O599,_
Q339,Q339
K2924,K292
M2455,M2455
O290,O290
Z848,Z848
H1090,H109
V1499,_
X598,_
E865,E86
M2333,M2333
Y955,_
7240,_
M40,_
U501,_
0684,_
X094,_
J3410,J341
W809,_
O8820,O882
W236,_
W1988,_
A109,_
I2042,_
R228,_
V1298,_
C561,C56
D043,D043
M340,M340
O169,O16
R063,R063
5011,_
J3395,J339
J2,_
2511,_
Z640,Z640
G,_
Z8960,Z896
V7469,_
Z8961,Z8961
V3959,_
X491,_
T322,T322
C795C7,_
O2331,O233
U071,_
I106,I10
C168,C168
Z761,Z761
M5001,M500
I1198,I119
W600,_
Y089,_
R23,_
M6098,M6098
P708,P708
B719,B719
M9486,M9486
Y492,_
P00,P009
T7932,T793
M8889,M8889
Q299,_
V092,_
C7601,C760
C7640,C764
Q05,Q059
C9490,_
K506,_
Z033,Z033
P900,P90
M262,_
C5009,C500
S5050,_
Y830,_
T8342,T834
D4290C,_
Z829,_
D0501,D050
H4702,H470
N063,N063
V358,_
V599,_
N48,N489
W454,_
C313,C313
A441,A441
M0601,M0601
96050,_
M5497,M5497
G712,G712
J639,_
J1552,J155
A212,A212
G608,G608
7392,_
V2798,_
Z5355,_
Q452,Q452
Z008,Z008
M4119,M4119
K1890,_
L71,L719
W0190,_
W1994,_
Z8585,Z858
I979,I979
J3812,J381
F142,F142
5572,_
N3920,N392
H2790,H279
S905,_
S8328,S832
M7052,M705
Y926,_
N0836,N083
K6390,K639
K278,_
O12,_
E309,E309
V124,_
E1402,E140
K93,_
D093,D093
S0084,S008
S266,_
0758,_
W03,_
D178,_
A1601,A160
P206,_
O681O,_
N939D,_
O152O,_
O323Z,_
O6014,O601
M9132,M913
N856,N856
B005,B005
O8002,O800
M9581,M958
T051,T051
V0994,_
M8563,M8563
S0085,S008
T738,T738
I419,_
0621,_
N845,_
S6154,_
B375,B375
S6318,S631
T070,T07
S2250,S2250
O177,_
L900,L900
M9121,M912
F249,F24
I653,I653
S6781,S678
I092,I092
W0398,_
A1884,A188
L121,L121
S855,S855
M7129,M7129
Y140,_
O3640,O364
K592,K592
Q367,_
Q681,Q681
R460,R460
R685,_
O400,O40
M123,M123
B16,B169
P270,P270
N205,_
Z462,Z462
X5996,_
Y847,_
S0105,S010
J151,J151
J158,J158
T903,T903
L651,L651
D448,D448
M9509,M950
Z82,_
X63,_
M9600,M960
C889,C889
M2408,M2408
M960,M960
O869,_
B342,B342
T85,T859
H920,H920
I66,I669
B220,B220
K8315,K831
695,_
W139,_
591,_
R631,R631
C5415,C541
A417,_
J427,J42
5340,_
N7093,N709
J9690,J969
N7003,N700
M7021,M702
7511,_
Z101,Z101
S2001,S200
H900,H900
V19,_
Z202,Z202
I862,I862
A140,_
C619,C61
Z245,Z245
I5191,I519
D253,_
J4199,_
Z9010,Z901
Z3021,Z302
R789,R789
S3080,S308
S27,S279
R110,R110
J6902,J690
I640,I64
A099E862,A09
M5329,M5329
M482,M482
A051,A051
J704,J704
C503,C503
W8999,_
D514,_
M9419,M9419
B227,B227
W1292,_
D031,D031
C2509,C250
R5381,R53
H2523,H252
L0342,_
S4105,S410
W5581,_
S3085,S308
0A,_
S134XXA,_
T984,_
L5110,L511
M4135,M4135
Y842,_
J649,J64
S511,S511
D603,_
1892,_
V799,_
Z750,Z750
D,_
W2562,_
Q648,Q648
971,_
E491,_
N199,N19
S5632,S563
S6328,S632
6A,_
S968,S968
M8626,M8626
N669,_
S9013,S901
R072,R072
E033,E033
X2399,_
Q3791,Q379
F510,F510
Z531,Z531
P951,P95
S3161,_
I538,_
M9789,_
M205,M205
Y3199,_
5069,_
S5070,S507
S6070,S607
V2959,_
T1102,T110
T1301,T130
Y422,_
N3020,N302
0239,_
M0006,M0006
R682,R682
E99,_
M8300,M8300
J956,J956
036,_
R600,R600
H754,_
M8151,M8151
Q040,Q040
M173,M173
Q63,Q639
B18,B189
655,_
H5780,H578
H3589,H358
M4621,M4621
K2921,K292
D421,D421
K865,_
T0280,T0280
Y919,_
F909,F909
V2459,_
F11,F119
P9160,P916
R52,R529
T6300,T6300
W19X,_
Z3807,Z380
T403,T403
S276,S276
W0694,_
B588,B588
M9103,M910
Z098,Z098
Z091,Z091
M2484,M2484
D447,D447
M671,M671
R2220,R222
B500,B500
S6010,S601
L0243,L024
N1855,N185
O781,_
K3,_
H2702,H270
E530,E530
C568,C56
M638,M638
T025,T025
H4092,H409
M942,M942
R565,_
Z463,Z463
N936,_
L0441,_
Y1804,_
Y912,_
S2242,S224
W2608,_
V439,_
N1999,N19
Z29,Z299
C7A,_
A028,A028
N82,N829
M248,M248
F739,F739
S9981,S998
D021,D021
Q055,Q055
M9930,M9930
H3550,H355
M1258,M1258
M1257,M1257
R4024,R402
B0820,B082
H7009,H700
H6242,H624
S8781,S878
I1219,_
N285,_
S0157,S0157
H9113,H911
M6535,M653
N083\,_
M2350,M2350
R948,R948
W1888,_
I06,I069
N185C,_
S6162,_
M8640,M8640
M8022,M8022
N1321,N132
R5910,R591
I042,_
409,_
T474,T474
Y566,_
M8959,M8959
441,_
L0280,L028
M34,M349
R938,R938
I1259,_
S0881,S088
M7905,M7905
S79,S799
H3519,H351
H3510,H351
248,_
T90,T909
X7099,_
F500,F500
M8936,M8936
L878,L878
X6599,_
M7269,M7269
Q189,Q189
S0560,S056
T2399,_
K923,_
M8488,M8488
X1209,_
0043,_
I446,I446
K329,_
V09,_
R358,R35
S4279,S427
T953,T953
I8189,I81
G5630,G563
D842,_
C8511,C851
Z9119,Z911
N7091,N709
N8311,N831
N7010,N701
C022,C022
D990,_
W4902,_
Z392F,_
W4473,_
M4198,M4198
I204,_
S9160,_
I410,I410
O8069,_
H3514,H351
F609,F609
C91O,_
O308,O308
O27,_
Q788,Q788
K179,_
T11,T119
148,_
W1631,_
S136,S136
V4899,_
M2505,M2505
R458,R458
V491,_
S139,_
J036,_
W1989,_
J15,J159
D267,D267
P489,_
P0718,P071
Z9050,Z905
R0402,R040
V800,_
S9501,S950
Q809,Q809
A012,A012
F317,F317
G129,G129
G218,G218
M2450,M2450
M6090,M6090
59402,_
R2200,R220
R5902,R590
E75,_
W1299,_
Z831,Z831
0365,_
3600GRAMS,_
3150GRAMS,_
G304,_
D356,D356
N50,N509
E572,_
Y568,_
G835,_
S6123,_
S0312,S031
S3150,S315
O504,_
Z5331,_
B649,B64
M218,M218
X909,_
E460,E46
G4735,G473
K08,K089
S3601,S3601
D1690,D169
S4590,S459
N8030,N803
R454,R454
D3811,D381
M0571,_
Z4591,Z459
Z915,Z915
A420,A420
T495,T495
I955,_
J212,_
S0655,S065
I8422,I842
N3031,N303
Y577,_
W108,_
H4082,H408
5438,_
E8769,E876
5461,_
5816,_
1471,_
5384,_
Z041,Z041
W259,_
N987,_
C0289,C028
Q382,Q382
T0220,T0220
B96,_
T089,T08
I170,_
R821,R821
F523,F523
B4481,B448
V6269,_
0002,_
V3999,_
G531,G531
S4103,S410
N40X,N40
M165,M165
S6862,_
M7267,M7267
0698,_
H6110,H611
L082,_
J3480,J348
C0990,C099
C4911,C491
J3292,J329
H6641,H664
N900,N900
S6133,_
H6542,H654
D3191,D319
S93,_
W2098,_
B099,B09
M7962,M7962
G110,G110
L181,_
W2018,_
S2990,S299
J179,_
H4922,H492
S9032,S903
Z3702,Z370
4A,_
M7104,M7104
A48,_
R538,R53
E0541,E054
V870,_
M221,M221
W452,_
H532,H532
F49,_
I282,_
Q520,Q520
S3740,S3740
S0159,S015
F408,F408
C812,C812
W3192,_
W2092,_
Y502,_
A9701,_
Z0381,Z038
D149,_
L251,L251
J819,J81
M4909,M4909
R292,R292
V2998,_
M0886,M0886
A219,A219
F59,F59
M5387,M5387
J633,J633
Y443,_
M4382,M4382
M53,M539
C909,_
L069,_
Y543,_
N6000,N600
Z181,_
K68,_
B1695,B169
M321TNO8,_
N6313,N63
L449,L449
M663,M663
D4,_
W1409,_
L589,L589
D48O,_
H1700,H170
M4314,M4314
M4804,M4804
I689,_
W8762,_
X600,_
C1169,_
K0725,K0725
N2812,N281
S0632,S063
V4869,_
T791,T791
M9134,M913
G461,G461
Z877,Z877
J1800,J180
S7292,S729
V74,_
0722,_
L222,L22
N149,_
E1428,E142
22,_
M959,M959
E83,E839
C4431,C443
S100,S100
M428,_
O129,_
M7259,M7259
V43,_
I680,I680
V470,_
S634,S634
X1008,_
S633,S633
M1845,M184
N791,_
S2022,S202
S5011,S501
V584,_
A030,A030
V5849,_
C349C,_
W251,_
Z122,Z122
Z651,Z651
G634,G634
V2699,_
S3330,S333
H6510,H651
H6041,H604
K202,K20
W1059,_
Q435,Q435
S9072,S907
Y429,_
A9,_
W0129,_
X989,_
H4692,H46
0109,_
E1011,E101
S9312,S931
S9712,S971
M769,M769
E2822,E282
O929,_
J491,_
W188,_
W198,_
W869,_
J4593,J459
I314,_
K959,_
S13,_
R809,R80
J9501,J950
D72,D729
C523,C52
G9351,G935
639,_
D244,D24
J1506,J150
S4225,S422
Z248,_
M6245,M6245
R403,_
A6120,_
B7781,B778
R731,R731
Z1883,_
K28,K289
O153,_
I6330,I633
N10X,N10
G3933,_
Z523,Z523
M8496,M8496
S3140,S314
R499,_
W2062,_
S6011,S601
S6035,_
M0891,M0891
T476,T476
A069E861,_
M7912,M7912
J691,J691
A289,A289
Z736,Z736
G01B4,G01
N3,_
K49,_
Z200,Z200
J1896,J189
M6503,M6503
M5010,M501
Y540,_
S45,S459
R5900,R590
N396,_
T936,T936
M6702,M670
T753,T753
G3281,G328
P0080,P008
T704,T704
X23,_
G639,_
S4501,S450
V233,_
G336,_
V034,_
1859,_
1864,_
D6902,D690
M8446,M8446
B007,B007
Z429,Z429
R2240,R224
M9786,_
K4690,K469
E0965,_
S0041,S004
T305,T305
S4410,S441
E618,E618
L895,L89
Q3792,Q379
H8I1,_
S9203,S920
E2142,E214
K10,K109
M847,_
L28,_
H8140,H814
1710,_
V509,_
K4295,K429
H2515,H251
146,_
N1392,N139
M9711,_
C130,C130
M8814,_
Q833,Q833
M9591,M959
Q6000,Q600
Z4391,Z439
E876AO99,_
D2157,D215
S9045,_
Y924,_
S557,S557
D490,_
0329,_
V191,_
N198,N19
K188,_
N39O,_
O771,_
O9941,O994
T8110,T811
M6022,M6022
R07,_
O111,O11
Y563,_
I1294,I129
N906,N906
Z3923,Z392
I350I4,_
O318,O318
D072,D072
Z094,Z094
6809,_
Z89,Z899
V8009,_
O6011,O601
O225,O225
T135,T135
M4342,M434
E711,E711
T296,T296
Y452,_
Q239,Q239
E168,E168
G803,G803
Q348,Q348
P1341,P134
E769,E769
O815,O815
E228,E228
G9591,G959
M6520,M6520
B377,B377
E411,E41
A0109,A010
Z3770,Z377
1959,_
O49,_
X730,_
N913,N913
E046,_
G8192,G819
N0858,N085
Q43,Q439
M33,M339
\3,_
T2005,T200
H6113,H611
O3000,O300
M9605,M960
S1291,S1291
I2582,I258
Z3985,_
B9638,B963
5662,_
S353,S353
M278,_
O892,O892
O820II,_
O6940,O694
M172,M172
B,_
W,_
S591,_
W86,_
O637,_
I6200,I620
M717,_
O073,O073
X4608,_
J104,_
J827,J82
0341,_
W5508,_
W5408,_
1509,_
E1110,E111
M455,M455
A940,A94
I360,I360
M0091,M0091
M645,_
S73,_
M954,M954
V27,_
C63,C639
H428,H428
V793,_
S204,S204
W1788,_
W2362,_
S0035,S003
E5861,E58
I236,I236
Z8679,Z867
M8686,M8686
N441,N44
Y1822,_
V441,_
S6091,S609
R202,R202
B878,B878
M1254,M1254
Q868,Q868
Q766,Q766
K446,_
M9485,M9485
S1015,S101
P205,_
E439,E43
F849,F849
L894,L89
X000,_
8221,_
M175,M175
D541,_
O827,_
N1891,N189
R400,R400
T8404,T840
Z9001,Z900
H8050,_
M053,M053
C5011,C501
Z5111,Z511
1491,_
W0324,_
S3021,S302
Q102,Q102
E8610,E86
T120,T120
S655I,_
P72,P729
G9529,G952
S9305,S930
D6498,D649
801,_
Q6I2,_
L604,L604
T507,T507
M354,M354
E200,E200
Z0142BL,_
A045,A045
T565,T565
N025,N025
M539,M539
V139,_
A380,A38
W1883,_
P528,P528
Z9664,Z9664
D645,_
Y0599,_
V424,_
M8093,M8093
P749,P749
O274,_
H2154,H215
E449,_
B9881,_
S8185,S818
L65,L659
S853,S853
Y0049,_
C158,C158
I6101,I610
D840,D840
3730,_
N6302,N63
P779,P77
A619,_
G032,G032
K379,K37
I294,_
Z788,_
D487TYPEB,_
P500,P500
I1955,_
R046,_
W07,_
H6991,H699
H2539,_
Q208,Q208
A505,A505
M8600,M8600
C82,C829
C8445,C844
K4391,K439
W1089,_
G719,G719
P396,_
M9101,M910
I703,I703
Z032,Z032
W1844,_
N1493,_
V1849,_
R1313,R13
H698,H698
N721,N72
P691,_
S4312,S431
H1602,H160
D217,_
V586,_
H175,_
M2416,M241
V376,_
D1610,D161
O521,_
Q443,Q443
E8792,_
R573,_
N844,_
H1821,H182
W1588,_
M8201,M8201
E1061,E106
D2611,D261
W1892,_
L036,_
29,_
R748,R748
S0145,S014
H8113,H811
S5256,S525
E8809,E880
T1701,T170
E989,_
E096,_
Y2099,_
V9829,_
034,_
O352,O352
T142L1,_
S6350,S635
R402,R402
J8402,J840
W1801,_
W1699,_
G600,G600
P540,P540
T009V899,_
E519,E519
Q038,Q038
M765,M765
M1010,M1010
H3110,H311
E829,_
O491,_
S7233,S723
Z559,Z559
M9129,M9129
O8214,O821
K8031,K803
T8402,T840
I60,I609
E086,_
0312,_
H300,H300
G974,_
W2071,_
K017,_
W3481,_
M4785,M4785
U821,_
K8043,K804
Z180,_
S0801,S080
O492,_
W1684,_
C2013,C20
O2343,O234
G51,G519
L399,_
T2401,T240
X25,_
I6111,I611
B011,B011
V2149,_
G905,_
Y792,_
C467,C467
O4290,O429
M4895,M4895
Z803,Z803
2350,_
U072,_
S4521,S452
H4470,H447
1679,_
Z962,Z962
K569,_
X7299,_
K2500,K250
D6862,D686
T884,T884
Y930,_
Z4802,Z480
M9420,M9420
T679,T679
P745,P745
M2316,M2316
T14IW45,_
H9319,H931
E348,E348
E0789,E078
I8500,I850
I2190,I219
Z5,_
S3121,S312
X4109,_
G052,G052
V0929,_
H192,H192
M4855,M4855
Q107,Q107
Q829,Q829
S0993,S099
G4091,G409
W169,_
T761,_
W2689,_
M2682,_
E0790,E079
J436,_
N15,N159
M32H,_
N1332,N133
E802,E802
I165,_
S0633,S063
Q437,Q437
B211,B211
J908,J90
I484,I48
W1349,_
M1631,M163
Z239,_
Z205,Z205
P132,P132
I1096,I10
G635,G635
O8104,O810
M9125,M9125
T559,T55
N7511,N751
W1831,_
V2398,_
T287,T287
O126,_
0344,_
T329,T329
S4232,S423
I141,_
M7107,M7107
M4305,M4305
E801,E801
M6001,M6001
Z8789,Z878
M6020,M6020
P045,P045
P521,P521
T277,T277
T056,T056
O1110,O11
0670,_
O789,_
Z366,_
W8508,_
A166,_
O460,O460
T39,T399
C676,C676
A07,A079
5E,_
M4056,M4056
E8961,E896
T8319,T831
T141W5,_
N931,_
C780C,_
O1415,O141
A52,A529
Z921,Z921
K1021,K1021
V4499,_
S7990,S799
1842,_
N8210,N821
N837,N837
M9804,_
Y3439,_
X5981,_
D654,D65
W591,_
D5610,D561
W839,_
J9601,J960
G24,G249
S6152,_
G4390,G439
T8461,T846
R0489,R048
J86,J869
N590,_
O0064,_
O294,O294
D700,D70
S0625,S062
T228,_
T169,T16
Q713,Q713
Y761,_
0343,_
H3085,H308
X4908,_
5814,_
O2429,O242
G9105,G910
022,_
603,_
5022,_
5795,_
I814,I81
R78,R789
M9867,_
I6I5,_
N311,N311
V181,_
C004,C004
M8171,_
O686,_
S033,S033
M1719,M171
H1871,H187
L189,_
R634,R634
Z8941,Z8941
Q751,Q751
C97,C97
M8987,M8987
S980,S980
X6699,_
X0803,_
H030,H030
L61,_
P2881,P288
W5440,_
E1321,E132
N937,_
P92,P929
W2592,_
I279I,_
W3109,_
S967,S967
K023,K023
M181,M181
M9741,_
C962,C962
F845,F845
J156,J156
N8185,N818
E856,_
C349Z5,_
C539Z5,_
I299,_
C3491,C349
S8263,S826
O093,_
I650,I650
M2435,M2435
S88,S889
R8299,R829
W451,_
S246,S246
Z9,_
S6041,_
K0101,K010
Q731,Q731
C219,_
E409,E40
Z897,Z897
S8025,_
S0118,S011
T2322,T232
H6002,H600
S0183,S018
K7031,K703
0804,_
S5301,S5301
V071,_
Z998,Z998
M4636,M4636
F448,F448
J069E861,_
G002,G002
A901,A90
M7921,M7921
K3138,K313
O8221,O822
Z701,Z701
P0014,P001
P0901,_
014,_
M2442,M2442
M99,M999
O1414,O141
C7931,C793
K927,_
H1105,H110
M5125,M512
803,_
J64,J64
P139,P139
V6409,_
C5098,C509
G21,G219
S8412,S841
W491,_
O0649,O064
O728,_
N7510,N751
V5349,_
S4244,S424
M0701,M070
M7051,M705
M1005,M1005
X65,_
M8505,M8505
H526,H526
S9041,_
D436,_
J933,_
N0310,N031
K268,_
V1809,_
D26,D269
K405,_
M8402,M8402
H4412,H441
I8320,I832
N6010,N601
S3160,_
L7212,L721
L0502,L050
S035,S035
Y497,_
G973,_
H211,H211
M5012,M501
W3699,_
T843,T843
T749,T749
O201,_
A399,A399
O202,_
E310,E310
J88,_
S2201,S2201
T2122,T212
P8381,P838
W2293,_
G4701,G470
H606,_
Y541,_
Z339,Z33
K558,K558
1850,_
M7795,M7795
O3003,O300
E5111,E511
G4020,G402
C7111,C711
C512,C512
S0699,S069
W6899,_
J9092,J90
D413,D413
K903,K903
E1426,E142
D769,_
I1230,_
K0116,K0116
Y3430,_
H550,H55
I6380,I638
S159,S159
R610,R610
G13,_
Q134,Q134
T50,T509
C944,C944
D297,D297
B020,B020
T152,_
E419,E41
Z4791,Z479
A4152,A415
Y295,_
M0000,M0000
J880,_
Z3880,Z388
E00,E009
S8330,S833
H6240,H624
E142NO39,_
31500,_
Q234,Q234
L123,L123
A072,A072
M0819,M0819
T273,T273
G445,_
M76,M769
O9980,O998
H6112,H611
W1979,_
O4443,_
M6595,M6595
6459,_
50,_
Y589,_
F861,_
O327,_
Y833,_
Y301,_
W2292,_
J9381,J938
K094,_
N55,_
M532X6,_
K4423,_
M7993,M7993
S2750,S2750
D16,D169
E0505,E050
5684,_
090,_
Q6209,Q620
G1221,G122
Z946,Z946
A985,A985
E0952,_
M8646,M8646
Q70,Q709
X176,_
R878,R878
O0882,O088
M6242,M6242
H4900,H490
O6901,O690
C59,_
109,_
J91X,J91
C4459,C445
C46,C469
G211,G211
L281,L281
T822,T822
M9650,M965
M9256,M925
E2871,_
J693,_
H9012,H901
V0314,_
T942,_
S862,S862
M1228,M1228
L141,L14
H0455,H045
I478,_
S114,_
Z3780,_
G649,G64
V7769,_
W2998,_
M2467,M2467
S9982,S998
M9251,M925
Z333,Z33
Q62,_
R2520,R252
O075,O075
89,_
F330,F330
D909,_
M6240,M6240
S3251,S3251
M9263,M926
P814,_
B879,B879
M9651,M965
R773,_
E648,E648
X0992,_
H525,H525
S6192,S619
67,_
Q3381,Q338
M8899,M8899
D52,D529
M774,M774
H0582,H058
X1289,_
Q0146,_
Z4910,Z491
M4852,M4852
5212,_
D2198,D219
H2505,H250
Z01207,Z012
Z01206,Z012
O066,O066
J65,J65
D47Z1,_
M9841,_
N2020,N202
S8244,S824
O821Z1,_
M9952,M9952
I8222,I822
O0019,O001
Y200,_
Z247,_
L0303,L030
E1112,E111
Y96,_
H216,_
H116,_
W4908,_
Y3308,_
G37,G379
L530,L530
S749,S749
N125,N12
Y921,_
V2244,_
M738,M738
X54,_
A019,_
S132,S132
M8707,M8707
O004,_
S9304,S930
X4,_
O067,O067
X460,_
D633,_
I1,_
B740,B740
L908,L908
N469,N46
J3004,J300
J845,_
M8435,M8435
L499,_
E8339,E833
I133,_
Z4659,Z465
B9889,_
K499,_
E811,_
J4480,J448
C465,_
X1023,_
C719Z5,_
T1150,T115
N1319,N131
T79A0,_
M9593,M959
54,_
N289Z,_
U509,_
Z866,Z866
S618TYPEA,_
K3059,K30
S5610,S561
W2762,_
V320,_
S4072,S407
S6072,S607
X509,_
W0180,_
Y421,_
Q6211,Q621
N2092,N209
S5235,S523
S6510,S651
W508,_
Y515,_
P39,P399
I98,_
P961,P961
I178,_
H3391,_
W2382,_
C4490,C449
M8334,M8334
I849Y,_
G923,G92
T8450,T845
M688,M688
M7101,M7101
M9130,M9130
Y428,_
I119EII9,_
L44,L449
B1819,B1819
O0335,O033
W879,_
V941,_
V2995,_
792,_
C7190,C719
D4808,D480
M101,M101
S9199,S919
S7171,S717
M9136,M913
O8400,O840
Q373,Q373
V9362,_
N12X,N12
X47,_
W02,_
L3490,_
Y527,_
L0402,L040
I988,I988
D6387,D638
S5183,S518
O0340,O034
W0299,_
N4520,_
S046,S046
N439,_
W130,_
T959,T959
M1910,M191
A527,A527
M8107,M8107
I639J1,_
K2911,K291
Z1481,_
J355,_
E137,E137
919,_
M9512,M951
Z99,Z999
K813,_
S022XXS,_
K128,_
E170,_
X9948,_
Q826,_
D342,D34
M8091,M8091
C8085,C80
K8510,K851
Z9861,_
V5749,_
L13,L139
S70,S709
Z567,Z567
I439,_
Z3710,Z371
Q799,Q799
Z4841,_
L689,L689
V681,_
V4399,_
S4002,S400
082,_
Y009,_
9093\,_
T87,_
A213,A213
O978,O97
J4291,J42
M463,M463
I6340,I634
5550,_
I4540,I454
R622,_
S255,S255
M9320,M9320
B251,B251
N4404,N44
324,_
V2848,_
S647,S647
W64,_
M7105,M7105
M8601,M8601
W0191,_
S1099,S109
S0119,S011
S22,S229
S6051,_
N4400,N44
G47,G479
S9812,S981
S6171,S617
H0581,H058
Z81,_
M50,M509
K8I1,_
A6910,A691
W3110,_
Z87,_
C261,C261
M0109,M0109
A97A,_
T31,T319
3200GRAMS,_
K781,_
M8693,M8693
Q564,Q564
D824,D824
D811,D811
Y556,_
N068,N068
S9071,S907
638,_
S6551,S655
Q6301,Q630
I347,_
S8246,S824
O412,_
K799,_
N0850,N085
Q684,Q684
G701,G701
S893,_
W0120,_
M2502,M2502
W2582,_
1422,_
O3410,O341
S8392,_
Y545,_
I6798,I679
0418,_
H053,H053
T169XXA,T16
T2522,T252
M8361,_
W257,_
0219,_
I869,_
M7040,M7040
M8431,M8431
Z4901,Z490
S066Y0A,_
2B,_
I1120,_
F876,_
M1595,M159
P5222,P522
E761,E761
Q543,Q543
C4010,C401
D703,D70
S733,_
W1404,_
W1704,_
V1989,_
J802,J80
Q31,Q319
M6205,M6205
W69,_
E7119,E711
N8392,N839
M4516,M451
W3072,_
Q784,Q784
S337,S337
I29,_
3800GRAMS,_
2600GRAMS,_
F605,F605
T9831,T983
S7209,S720
J919,J91
O1423,O142
S0711,S071
Z807,Z807
X4099,_
Z120,Z120
A37,A379
N146,_
I5170,I517
P0730,P073
0839,_
Q00,_
S866,_
5D,_
S9819,S981
Q560,Q560
162,_
X958,_
I6110,I611
O701Z3,_
W85,_
R189,R18
Q173,Q173
A12,_
V109,_
W0110,_
V2359,_
Z530,Z530
B974,B974
N725,N72
W8792,_
K723,_
R56O,_
S8891,S889
L3021,L302
M6581,M6581
R8710,R871
Z119,Z119
1609,_
V3352,_
W1982,_
M8664,M8664
M8044,M8044
C5039,C503
C138,C138
W1301,_
K066,_
W1962,_
M7151,M715
Z125,Z125
I6381,I638
M8149,M8149
V5899,_
E179,_
Z251,Z251
O478,_
94660,_
Q429,Q429
C148,C148
Z0011,Z001
Z0131B,_
390,_
S414,_
P7889,P788
M8968,M8968
V5399,_
D1191,D119
E746,_
Q5212,Q521
C1191,C119
Q999,Q999
K2978,K297
C7490,C749
C450,C450
G25,G259
K5733,K573
B9688,B9688
K2991,K299
T8351,T835
100,_
H7290,H729
V185,_
T136,T136
T503,T503
Z9079,Z907
M2418,M2418
H2593,H259
O148,_
D649Z3,_
4829,_
R658,_
D51,D519
J437,_
H3411,H341
K7501,K750
R9180,R91
H2011,H201
A4150,A415
Y832,_
O3210,O321
V479,_
J935,_
R780,R780
Z9081,Z908
C0290,C029
S354,S354
E320,E320
E319,E319
J451,J451
M6229,M6229
N79,_
M9104,M910
Q720,Q720
Q715,Q715
Z306,_
4405,_
F28,F28
Q988,Q988
N5089,N508
K391,_
J9311,J931
H3000,H300
C8331,C833
G552,G552
H451,H451
M2550,M2550
C6211,C621
Q55,Q559
Q07,Q079
P23,P239
C199,C19
I922,_
Z9550,Z955
S491,_
T74,T749
I149,_
C302,_
M7010,M7010
M8080,M8080
X0399,_
F804,_
T2521,T252
S389,_
I125,_
V3249,_
S932,S932
M7284,M7284
O095O,_
M906,M906
W0309,_
B981,B981
Q332,Q332
M4892,M4892
O748,O748
M991,M991
M308,M308
A719,A719
I2590,I259
J85,_
I202,_
S577,_
M4355,M4355
0459,_
R823,R823
I1291,I129
R029,R02
Y362,_
E0921,_
M240,M240
W1098,_
Z798,_
A065,A065
M8099,M8099
020,_
A094,A09
R619,R619
J223,J22
S449,S449
Q878,Q878
M712TYPEA,_
R353,R35
S781,S781
K0855,_
G45,G459
D6380,D638
X1059,_
T458,T458
Y446,_
Y495,_
Z865,Z865
S881,S881
Y333,_
M8614,M8614
E142NO8,_
H6180,H618
X6799,_
S5922,_
S7170,S717
M4908,M4908
M7117,M7117
P534,P53
O8288,O828
W341,_
C9591,C959
A413,A413
Z002,Z002
M680,M680
Q313,Q313
E202,_
T583,T58
F226,_
L231,L231
8805,_
M71,M719
T2200,T220
C5051,C505
N2005,N200
590,_
5651,_
N729,N72
5588,_
Q676,Q676
C070,C07
Z11,Z119
5583,_
E8615,E86
W0195,_
S28,_
M2361,M2361
M5116,M511
F111,F111
V375,_
Z802,Z802
S5224,S522
D3703,D370
C9202,C920
O4193,O419
V8499,_
Z298,Z298
D6384,D638
R1031,R103
T872,T872
O02O,_
N8981,N898
V219,_
N348,_
O3150,_
K013,_
M6220,M6220
S8213,S821
Q75,Q759
V929,_
T005,_
O60O,_
J9590,J959
Y58,_
G9314,G931
H519,H519
H221,H221
V2740,_
X1594,_
X5994,_
N290,N290
L8910,L891
I605,I605
J9830,J983
G241,G241
I956,_
Z3025,Z302
W1992,_
M4902,M4902
T469,T469
C19T2,_
O121,O121
P834,P834
M4399,M4399
T673,T673
M4364,M436
Q917,Q917
T8190,T819
T8480,T848
S9830,S983
S036,_
H3140,H314
V8998,_
O788,_
E976,_
C8140,C814
M8986,M8986
M2566,M2566
M7983,M7983
M7798,M7798
W2049,_
M2603,_
L2381,L238
C754,C754
P1281,P128
E142NO3,_
U842,_
H6063,_
H6062,_
M0092,M0092
S3992,S399
J640,J64
A16O,_
N470,N47
S6236,S623
E1100,E110
C7952,C795
F3340,F334
G03,G039
J3652,J36
Q364,_
G80,G809
W1741,_
A522,A522
M1721,M172
831,_
W557,_
K7465,K746
J9481,J948
S376,S376
I344,_
Q663,Q663
R489,_
Y044,_
M9024,M9024
E511,E511
73,_
M9498,M9498
D495,_
S8111,S811
D6388,D638
0130,_
T708,T708
M6224,M6224
C5,_
R019,_
K218,_
T8312,T831
M3900,_
Q725,Q725
K5000,K500
F181,F181
S859,S859
M9980,M9980
S281,S281
T980,T980
C787C,_
O87,O879
P0119,P011
O9805,O980
O625,_
Q388,Q388
Z615,Z615
Z0422,Z042
W2920,_
W160,_
M9123,M912
X239,_
S6782,S678
I647,I64
D579,_
J66,_
E34,E349
X640,_
635,_
O0990,_
1380,_
L86,L86
N043,N043
O0989,_
O9919,O991
R98,R98
W3473,_
W1209,_
M610,M610
D7310,D731
C020,C020
R46,_
Q160,Q160
R55X,R55
Z3536,Z353
S247,_
M9241,M924
K346,_
M4805,M4805
M8948,M8948
C19CI,_
P196,_
J431,J431
E134,E134
I539,_
S704,_
Y601,_
S99,S999
D3709,D370
K341,_
K3523,K352
X0308,_
M5187,M518
060,_
Y33,_
A30,A309
W2358,_
M7196,M7196
W1848,_
H499,H499
S6044,_
S4316,S431
V1204,_
M8853,_
W0898,_
I049,_
J4990,_
C781C,_
O9943,O994
O1011,O101
H534,H534
O671,_
N942,N942
T0800,T080
Q6100,Q610
W539,_
M8450,_
E1413,E141
M2334,M2334
X7009,_
W5511,_
G329,_
K9225,K922
J8112,J81
H8029,H802
R269,_
O0321,O032
W8992,_
T2221,T222
E430,E43
5940,_
G575,G575
K215,_
C703,_
S7302,S7302
A29,_
I393,I393
V329,_
X5919,_
D255,_
Z862,Z862
W569,_
Z364,Z364
L809,L80
N560,_
2431,_
R7989,R798
P389,P38
D257,D257
O8087,O808
J9841,J984
S858,S858
O7820,_
T395,_
8089,_
C8461,C846
W8708,_
S6421,S642
O490,_
B3789,B378
Z9662,Z9662
A362,A362
\0,_
R112,R11
C20M8000/3,_
C19IP1,_
P581,P581
Q859,Q859
C5909,_
E728,E728
X1899,_
Z011PO34,_
G5701,G570
K47,_
L0401,L040
N252,_
C20M,C20
S7981,S798
S6159,_
Z2466,Z246
H932,H932
I137,_
P2511,P251
H281,H281
A240,A240
C191P1,_
W0121,_
S01IIIA,_
A,_
E,_
I,_
J,_
K,_
K2979,K297
N29,_
J0410,J041
R0000,R000
0421,_
B596,B59
D527,_
T138,T138
X489,_
T981,T981
M2581,M2581
Q175,Q175
Q511,Q511
M4904,M4904
T180XXA,_
S533,S533
T80,T809
M2319,M2319
Q1209,Q120
I2519,I251
550,_
S6153,_
Z85,Z859
O8211,O821
J3045,J304
W1303,_
W1401,_
K539,_
S5222,S522
I114,_
M9880,_
Z048,Z048
M7672,M767
R360,R36
M3912,_
Q260,Q260
I322,_
R052,R05
C3840,C384
Q959,Q959
V8809,_
I8511,_
E715,_
M364,M364
O394,_
C0206,C020
T806,T806
H04,H049
W938,_
D256,_
C19IP2,_
C258,C258
A378J170,_
W2548,_
Q991,Q991
M8485,M8485
I108,I10
W279,_
X990,_
F193,F193
Q682,Q682
Y109,_
N408,N40
Z451,Z451
A378,A378
M099,_
D893,D893
W1362,_
Y169,_
W015,_
M0581,M0581
J121,J121
N0399,N039
T330,T330
O26,O269
Z882,Z882
V2102,_
K6100,K610
Q524,Q524
T1610,T16
M4384,M4384
R1010,R101
O141O8,_
S5282,S528
9946O,_
Y562,_
E345,E345
J499,_
O252,O25
F106,F106
K810K,_
J9859,J985
K436,_
N189N,_
O368Z,_
O440Z,_
U800,U800
1011,_
V1892,_
F25,F259
08O9,_
M820,M820
Q626,Q626
K6819,_
0609,_
K3500,K350
259,_
0785,_
O079,O079
S0900,S090
B090,B09
Z912,Z912
S36,S369
E720,E720
9368,_
Z3034,Z303
S950,S950
S841,S841
M8933,M8933
S4892,S489
N67,_
O0090,O009
S6135,_
N086,_
Z859,Z859
P138,P138
R824,R824
L200,L200
M2389,M2389
V8921,_
S4099,S409
S6099,S609
I961,_
S4243,S424
J0890,_
M8692,M8692
C678,C678
T635,T635
F302,F302
160,_
I2591,I259
219,_
E1139,E113
H1709,H170
0366,_
A0900,A090
D831,D831
S081,S081
E311,E311
K722,_
G4883,_
M5106,M510
O1410,O141
M3295,M329
Y2995,_
Y112,_
043,_
J729,_
A6305,A630
O1657,O16
49,_
Q6602,Q660
S8370,S837
Q4,_
X1772,_
O2689,O268
11O9,_
Z24,_
W1483,_
D62X,D62
W6999,_
52,_
P07,_
Y3408,_
V8928,_
X9904,_
T1410,T141
O322Z,_
Z081,Z081
C7982,C798
C052,C052
S0570,S057
S6980,S698
V898,_
Y12,_
S071,S071
0603,_
381,_
S7114,S711
5260,_
M2405,M2405
N9070,N907
T2130,T213
C4439,C443
D2412,D24
D2410,D24
C728,C728
D054,_
G733,G733
E663,_
128,_
M9511,M951
N251,N251
D701,D70
A251,A251
A9932,A99
M8570,_
O098,_
S5692,_
W1488,_
0983,_
T748,T748
S3202,S320
K8040,K804
S4341,S434
J9885,J988
J1219,J121
G953,_
M5455,M545
M5435,M543
P950,P95
Y0071,_
Z854,Z854
K33,_
Y95X,_
M2428,M2428
W1708,_
Z851,Z851
F94,F949
M324,_
M7925,M7925
P703,P703
P016,P016
P90375,P90
Y464,_
E258,E258
E613,E613
B552,B552
M7266,M7266
W136,_
E112N0,_
S0283,S028
O08,O089
Q654,Q654
R86,R869
T443,T443
Z9689,Z968
M302,M302
N115,_
M4696,M4696
O457,_
M8542,M8542
N995,N995
S3114,S311
J567,_
Q86,_
S5085,S508
M052,M052
S489,S489
M8625,M8625
C452,C452
N299,_
M1072,_
D518,D518
S6142,_
S6291,_
T762,_
W390,_
Z836,Z836
S4321,S432
T873,T873
L9840,L984
M1384,M1384
K940,_
C5001,C500
H5989,H598
K320,_
M8030,M8030
W2073,_
O8900,O890
K855,_
G109,G10
D2491,D24
E84,E849
04,_
O8098,O809
V3449,_
N071,N071
O7171,O717
B222,B222
B172,B172
O3431,O343
A1419,_
Z973,Z973
N6332,N63
P9037,P90
N896,N896
5980,_
C19IP4,_
Q18,Q189
M9653,M965
L982,L982
J990,J990
L7370,_
M8507,M8507
670,_
I7024,I702
W1001,_
S3719,S371
R9082,R908
J809,J80
Q7900,Q790
P917,_
X4199,_
C472,C472
M4639,M4639
C787C7,_
N122,N12
T444,T444
F079,F079
A319,A319
C914,C914
E119NO83,_
L709,L709
X490,_
Z017,Z017
V595,_
C745,_
V100,_
W070,_
Q425,_
K87,_
A416,_
O1490,O149
S8103,S810
R831,R831
J1882,J188
O83O,_
D43,D439
N3680,N368
S180,S18
T118,T118
S041,S041
S375,S375
W5399,_
B221,B221
G001,G001
G940,G940
W249,_
Q818,Q818
G9391,G939
Q123,Q123
T6250,_
M6717,M6717
M6641,M6641
M1381,M1381
M8420,M8420
R4820,R482
T9411,T941
W307,_
J249,_
C559,C55
O0800,O080
G200,G20
140,_
D740,D740
A81,A819
L0319,L031
5725,_
M018,M018
P601,P60
K55,K559
K7684,K768
Z3403,Z340
G1892,_
K790,_
O635,_
R950,R95
R0603,R060
S1415,S141
S2206,S220
K84,_
J488,_
E370,_
I261,_
L4059,L405
Z741,Z741
E750,E750
N19X,N19
M540,M540
O342O8,_
O039EII9,_
F122,F122
I6350,I635
0304,_
Z79,_
S75,S759
J99,_
X0301,_
R1906,R190
M8243,_
O48Z,O48
X04,_
K422,_
W1062,_
V0199,_
W2709,_
W1900,_
D4301,D430
H420,H420
X6399,_
Q333,Q333
0054,_
F82,F82
P0025,P002
E383,_
S0031,S003
M4687,M4687
C19T1,_
J432,J432
Y2408,_
M9380,M9380
15,_
D442,D442
W8603,_
M279,_
W277,_
N989,N989
H0230,H023
M2587,M2587
S3011,S301
Y522,_
X1098,_
L679,L679
S7141,_
I2010,I201
W225,_
M9876,_
D202,_
Q651,Q651
N072,N072
E8601,E86
0340,_
600,_
Z3492,Z349
C345,_
T869,T869
Z303,Z303
4695,_
M6134,M6134
C5398,C539
138,_
C5418,C541
V62,_
F600,F600
P250,P250
M7283,M7283
O481,O48
Z8952,Z8952
0335,_
S9051,_
E8770,E877
O0941,_
C671,C671
L23,L239
J1189,J118
Y557,_
B47,B479
X1104,_
W2903,_
U822,_
C860,C860
S4330,S433
E792,_
I682,I682
D3810,D381
W8599,_
X3499,_
Q879,_
I6781,I678
Z043,Z043
S4170,S417
410,_
W183,_
Q301,Q301
K4760,_
K8590,K859
S838,_
B229,B22
C309,_
5721,_
O782,_
R350,R35
U070,_
Q934,Q934
M2380,M2380
R1907,R190
Z01208,Z012
J9809,J980
J130,J13
Z0511,_
N510,N510
L9792,L97
K6397,K639
J270,_
Z1380,Z138
M2453,M2453
D58,D589
S2041,S204
W2298,_
T466,T466
V0499,_
S4922,_
S914,_
P638,_
I031,_
J911,J91
W6409,_
W2688,_
2372,_
C19IP3,_
S1214,S121
D6308,D630
G8191,G819
C167,_
K950,_
M8891,M8891
E1364,E136
D810,D810
Z724,Z724
D77,D77
I4892,I48
Q383,Q383
E60,E60
J385,J385
O966,O96
Z709,Z709
Y576,_
Z815,_
D2130,D213
K170,_
H157,_
K6811,_
S3112,S311
D3110,D311
H1611,H161
M7540,M754
H442A2,_
O375,_
E1437,E143
A311,A311
R482,R482
D446,D446
D6811,D681
H3182,H318
B258,B258
K3182,K318
R769,R769
Q453,Q453
C8290,C829
C6709,C670
842,_
Q5569,Q556
0241,_
A0101,A010
K428,_
P0519,P051
P0089,P008
C05,C059
T0030,T003
T0032,T003
R33X,R33
S2170,S217
S1192,S119
N2888,N288
M083,M083
L291,L291
X5963,_
E64,E649
Q724,Q724
T480,T480
Z380P,_
O82D,_
E978,_
M8921,M8921
S6057,_
K1131,K113
R058,R05
E670,E670
T578,T578
W5522,_
C349Z,_
R170,R170
M9872,_
E1340,E134
K17,_
A666,A666
Z21,Z21
N975,N975
W0099,_
O161,O16
N1485,_
U5000,_
K3219,_
S9000,S900
O191,_
J3209,J320
E275,E275
L051,_
C26,C269
O820P,_
L53,L539
J3282,J328
O014,_
T8451,T845
O6641,O664
M8555,M8555
H163,H163
M321DAGGER,_
K8011,K801
T9320,T932
N015,N015
Z719,Z719
S6150,_
Z4789,Z478
P998,_
I483,I48
S233,S233
Q341,Q341
I1638,_
S1532,S153
O47,O479
D59,D599
H0181,H018
M309,_
K080,K080
E1043,E104
V808,_
H1021,H102
V0990,_
P0518,P051
P115,P115
V849,_
K8689,K868
D4801,D480
H0512,H051
M2475,M2475
S348,S348
T8573,T857
R6501,R650
T2004,T200
R452,R452
S7101,S710
G245,G245
Y849,_
Y351,_
M3212,M321
Z3922,Z392
S14,_
I2310,I231
V072,_
0759,_
O4200,O420
244,_
X84,_
M875,_
H390,_
P503,P503
C19T3,_
T475,T475
Z0012,Z001
S6860,_
O6390,O639
V2889,_
I662,I662
S8204,S820
M7960,M7960
T1412,T141
W1262,_
S3182,S318
O041,O041
X049,_
S339,_
O0244,_
O429O,_
T2310,T231
A540,A540
O1306,O13
J859,_
O1692,O16
449,_
S9031,S903
795,_
W1714,_
0438,_
080O,_
Z681,_
G466,G466
I7101,I710
M6585,M6585
J800,J80
C1198,C119
X232,_
K305,K30
D4444,D444
W0709,_
N332,_
612,_
M8711,M8711
Q6681,Q668
O0389,O038
S3130,S313
M1196,M1196
C562,C56
K8242,K824
Z853,Z853
J590,_
M4798,M4798
H0441,H044
I6181,I618
P053,_
D417,D417
A515,A515
I5032,_
V111,_
S9581,S958
1613,_
D939,_
K190,_
S351,S351
I6201,I620
M2193,M2193
W110,_
O0099,O009
H5000,H500
O399,_
N932,_
Q500,Q500
C422,_
Q5561,Q556
A013,A013
M5338,M533
C691,C691
Z0141CL,_
E612,E612
Z0151B1,_
Z0151A1,_
I02,I029
B399,B399
K5506,K550
K2821,K282
M9868,_
J190,_
E112N,_
S5232,S523
S3119,S311
A1889,A188
G2581,G258
G9139,G913
1214,_
M4724,M4724
T1418,T141
K836,K836
Z3803,Z380
I8510,_
H2712,H271
M6730,M6730
G9520,G952
H1820,H182
S3241,S3241
S3702,S370
S2722,S272
Q849,Q849
T375,T375
8190,_
K150,_
F812,F812
M6592,M6592
5622,_
J967,_
W8099,_
S6691,S669
Y533,_
M9182,M918
P054,_
J701,J701
Y0995,_
M9262,M926
L128,L128
Z500,Z500
E28,E289
N16,_
M9596,M959
B630,_
O5820,_
N6410,N641
S58,S589
G611,G611
B0230,B023
S769,_
O654O,_
O454,_
M7262,M7262
N3041,N304
076,_
K647,_
H295,_
C255,_
Q778,Q778
Z3912,Z391
J0110,J011
Z1159,Z115
J9503,J950
C694,C694
M070,M070
R928,R92
L24,L249
M0268,_
O0069,_
Z115,Z115
S4080,S4080
E1050,E105
S8209,S820
X100,_
A529,A529
N6009,N600
B1,_
A1,_
K409O,_
K565K,_
P748,P748
W381,_
O2440,O2440
N7011,N701
Z01226,Z012
P242,P242
NCOV19,_
Z01209,Z012
R022,R02
V0419,_
J1281,J128
M9051,M9051
Z655,Z655
Z113,Z113
W297,_
S6290,_
Q226,Q226
S3104,S310
S0144,S014
M8096,M8096
Z097,Z097
O1509,O150
M4315,M4315
M9009,M9009
J932,_
Q728,Q728
1516,_
Q6810,Q681
G9782,G978
L8920,L892
H1692,H169
D780,_
O071,O071
H15,H159
J0111,J011
S6971,S697
G1222,G122
M846,_
M6525,M6525
R0602,R060
M4115,M4115
L7602,_
C7921,C792
M2112,M2112
O531,_
S4245,S424
Z620,Z620
C669,C66
M270,_
_______,_
W2798,_
V0498,_
O468,O468
G576,G576
S263,_
P654,_
H50,H509
A20,A209
A0221,A022
P,_
S5330,S533
M2192,M2192
O086,O086
S5659,S565
O524,_
R62,R629
N658,_
Z573,Z573
P801,_
M8494,M8494
W8503,_
O3200,O320
621,_
O4321,O432
Z0132B,_
T63,T639
H362,_
S3613,S361
T9330,T933
M6244,M6244
T9311,T931
W612,_
139,_
F21,F21
Z004,Z004
K736,_
J046,_
K941,_
0059,_
S8243,S824
F4312,F431
B329,_
Z370Z3,_
K1291,_
O143,_
M2123,M2123
D674,D67
O8909,O890
Z502,Z502
O800Z3,_
S712,_
I875,_
S3260,_
I8881,I888
M9606,M960
G4089,G408
I6396,I639
A306,_
M614,M614
M9802,_
U500,_
Z3902,Z390
T073,T07
P075,_
W560,_
X5903,_
S458,S458
M7531,M753
R729,R72
M9383,M9383
A1850,A185
T9230,T923
Z3795,Z379
Z9841,_
Y160,_
O6831,O683
T711,T71
3142,_
W749,_
I01,I019
D274,D27
S3203,S320
V585,_
O922Z,_
S1893,S18
A589,A58
W94,_
Q899QOO0,_
H4600,H46
O3809,_
O0210,O021
J9610,J961
Z821,Z821
L0330,L033
N6480,N648
M4180,M4180
R9389,R938
L7230,_
H3109,H310
L8210,L82
H7191,H71
L563,L563
S5612,S561
O6640,O664
M8411,M8411
R0580,R05
R419,_
G8220,G822
M9709,_
N095,_
A469,A46
G979,G979
P00001,P000
C9501,C950
W291,_
W868,_
C45,C459
159,_
M0165,M0165
Z380UO72,_
S5000,S500
T9331,T933
J0182,J018
E1181,E118
T8691,T869
T1310,T131
M03,_
J1719,J171
Z0101,Z010
I798,I798
I734,_
M357,M357
M531,M531
T1421,T1421
N0833,N083
W860,_
I445,I445
R686,_
A479,_
Q14,Q149
W8703,_
W1681,_
1619,_
N0831,N083
C8580,_
X9908,_
Q843,Q843
Z4914,Z491
O6918,O691
S2232,S223
I1129,_
T801,T801
S3089,S308
H8309,H830
O023,_
N305,_
N652,_
T513,T513
D309,D309
C8470,C847
Y9201,_
M014,M014
H151,H151
F606,F606
R511,R511
S7035,_
M0603,M0603
N484,N484
E642,E642
D9160,_
P03,P039
M063,M063
I549,_
I33,I339
Z31,Z319
M9133,M913
D540,_
C8303,C830
012,_
F33,F339
Q357,Q357
A4198,A419
18,_
V0903,_
V757,_
K561_,_
V455,_
R5382,R53
O333O,_
M8965,M8965
O898,O898
A099E86,A09
Z01210,Z012
L0151,_
O133,O13
H0210,H021
Q5320,Q532
H2180,H218
H4461,H446
O4212,O421
T2433,T243
Q79,Q799
K392,_
U0702,_
S3689,S368
U07,_
R316,R31
R530,R53
M920,M920
C942,C942
S9081,S9081
G8090,G809
H031,H031
L0931,_
F918,F918
M152,M152
149,_
H5261,H526
R648,R64
O021MISSEDABORTION,_
H393,_
O6490,O649
B43,B439
H800,H800
J528,_
O6900,O690
O640O,_
D102,D102
C489,_
S6831,S683
S84,S849
T8441,T844
G313,_
N1039,N10
374,_
F108,F108
O614,_
S214,_
M6250,M6250
C537,_
C721,C721
M2009,M200
X999XXA,_
I195,_
G4420,G442
062,_
R59O,_
D0644,_
P568,_
V3991,_
S2600,S2600
C408,C408
P222,_
N8501,N850
B5800,B580
K8063,_
Z873,Z873
S8031,_
H861,_
O0809,O080
E7801,E780
A395,A395
M4134,M4134
V8992,_
A300,A300
K714,K714
T632,T632
M5324,M5324
F135,F135
S5171,S517
I909,_
S08,S089
M7670,M7670
O154,_
M571,_
K8047,K804
E243,E243
C7230,C723
C9230,C923
N4821,N482
R649,R64
O4400,O440
M5117,M511
G970,G970
F602,F602
5568,_
R67,_
S0071,S007
571,_
K581,_
P0736,P073
1279,_
W551,_
O2624,O262
K2990,K299
G943,_
X2299,_
O875,_
R6511,R651
1010,_
C191P3,_
M3310,M331
I855,_
N1099,N10
I7210,I721
W1108,_
X5989,_
Q5390,Q539
H3221,_
F808,F808
D258,_
W1798,_
H630,_
B56,B569
B29,_
Z27,Z279
J41,_
A609,A609
D669,D66
N483,N483
S457,S457
O43,O439
Z382Q,_
Q270,Q270
T9211,T921
I1299,I129
990,_
D819,D819
O639Z,_
P041,P041
J500,_
T458X5A,_
I235,I235
Q318,Q318
I424,I424
A428,A428
E8710,E871
G81,G819
O551,_
C929M,_
I6790,I679
M212,M212
I064,_
G00,G009
C834,C834
M7011,M701
K7681,K768
O7703,_
G9390,G939
G5610,G561
S2901,S290
N356,_
M1086,_
H3002,H300
Q8781,Q878
A751,A751
R5084,R508
B468,B468
Z3380,Z33
S8602,S860
J3290,J329
K7200,K720
O214,_
R41,_
O9911,O991
N3502,N350
H808,H808
P238,P238
D159,D159
S8611,S861
N460,N46
M1912,M1912
D6490,D649
W235,_
W205,_
W567,_
Z078,_
Q242,Q242
Y365,_
N168,N168
N612,N61
L258,L258
B9,_
W0348,_
V019,_
B508,B508
S2189,S218
W4098,_
S2123,S212
S0053,S005
S0542,S054
H1870,H187
K5151,K515
K5720,K572
I1310,I131
T1414,T141
M4385,M4385
D307,D307
S0184,S018
H958,H958
Z365,Z365
1341,_
V255,_
K747,_
R640,R64
H6503,H650
Z820,Z820
J4492,J449
M514,M514
28826,_
M8261,_
Q767,Q767
Q700,Q700
G371,G371
V8995,_
784,_
D182,_
T0201,T0201
Z371UO72,_
Q622,Q622
5491,_
O7582,O758
O2342,O234
B9562,B956
M945,_
G630,G630
K3530,K353
Z3020,Z302
0980,_
G50,G509
Z371\,_
H0209,H020
Z0192,Z019
R059,R05
Z019,Z019
M3299,M329
M1032,M1032
766,_
E084,_
T862,T862
0471,_
C19P1,C19
S9114,S911
S741,S741
M9322,M9322
H758,H758
T0231,T0231
M0515,M0515
G8100,G810
M9993,M9993
K330,_
I120HD,_
A291,_
M2437,M2437
V1700,_
Q689,_
O181,_
N769,_
C9251,C925
C8454,C845
G568,G568
F920,F920
5023,_
W2003,_
S6621,S662
W318,_
L987,_
W0102,_
Z39\,_
F236,_
J255,_
1678,_
S3171,S317
J9390,J939
D756,_
W2042,_
Y606,_
K678,K678
I234,I234
O850,O85
T282,T282
O31,_
G647,G64
G790,_
X500,_
M8670,_
N740,N740
I497,_
M495,M495
N559,_
D5000,D500
S150,S150
S910TYPEA,_
P770,P77
Q312,Q312
M90,_
Z50,Z509
W992,_
V59,_
M2458,M2458
M11,M119
J89,_
P941,P941
W504,_
V801,_
2832,_
F081,_
N18N5,_
M9185,M9185
Z3Z0,_
S9490,S949
D1620,D162
Z8900,Z890
M2402,M2402
Z237,Z237
E3522,_
H3350,H335
J502,_
R119,R119
O289,O289
N3590,N359
Q514,Q514
T069,_
C19FPR,C19
G833,G833
W24,_
K1233,K123
J154,J154
O664Z3,_
O22,O229
E8712,E871
M7065,M7065
C10IP2,_
A301,A301
S227,_
S2088,S208
S4430,S443
E081,_
S066X,_
E281,E281
K35P,_
A4210,A421
T239,_
A142,_
C421,_
M7953,M7953
F709,F709
S6119,S611
S034,S034
M9174,_
W89,_
K3536,K353
O697,_
S6731,_
M084,M084
070,_
K390,_
X586,_
X580,_
B039,B03
O1424,O142
H4731,H473
O254,O25
E188,_
S326,_
8203,_
M794,M794
O8201,O820
R260,R260
C4031,C403
I2609,I260
M990,M990
Z01591,Z015
D564,D564
O382,_
S7001,S700
I8081,I808
R444,_
C5191,C519
P84,_
B062,_
Q17,Q179
W70,_
Z649,_
O091,_
E0835,_
51,_
D801,D801
O428,_
V5869,_
W5029,_
C5000,C500
M136,_
E7861,E786
S0390,_
H1140,H114
H4040,H404
H6630,H663
A912,A91
W317,_
M7951,M7951
W0154,_
V480,_
970,_
J1894,J189
O71,O719
Z591,Z591
E8359,E835
C8599,C859
M905,M905
W6009,_
J94,J949
Z2088,Z208
U077,_
M2586,M2586
L745,_
179,_
H246,_
H5300,H530
L078,_
037,_
Z0159,Z015
814,_
O3132,_
M8793,M8793
Z011P,_
H1180,H118
0368,_
O2411,O241
J90O,J90
S7242,S724
S5990,S599
S49,S499
S7202,S720
G43A0,_
T349,T349
A801,A801
J1213,J121
M5426,M542
F1099,F109
M94,M949
I2581,I258
W3099,_
F05,F059
S4025,_
Z206,Z206
L94,L949
K8002,K800
D980,_
M6282,M6282
D6459,_
B6488,B64
O246,_
K193,_
V192,_
E270,E270
E768,E768
S9332,S933
B991,B99
P340,_
S5227,S522
E009,E009
6540,_
Z088,Z088
Z28,Z289
S5631,S563
Q9382,Q938
H2390,_
2300,_
J071,_
071,_
S8270,S8270
J8193,J81
J660,J660
H460,H46
C4930,C493
C758,C758
Y950,_
B168,_
C5413,C541
J048,_
S2732,S273
M368,M368
O0341,O034
V8939,_
M2197,M2197
C87,_
O6990,O699
J1699,_
T392,T392
W4401,_
I333,_
S5254,S525
1D,_
Y931,_
T2125,T212
C7836,C783
D744,_
D832,D832
S619TYPEA,_
H0412,H041
W7599,_
Y432,_
E0580,E058
M6506,M6506
1469,_
L279,L279
D186,_
Z2058,Z205
Z1612,_
R20,_
R832,R832
S4342,S434
C702,_
A968,A968
S543,S543
45,_
71,_
I1009,I10
D916,_
M2671,_
U171,_
T414,T414
J096,J09
J072,_
C4441,C444
X459,_
F1002,F1002
I389,I38
I7026,I702
R240,_
J833,_
R390,R390
M5339,M533
V8899,_
N8340,N834
S8682,S868
S648,S648
C733,C73
S870,S870
V21,_
S8371,S837
S6882,S688
N4830,N483
539,_
K6922,_
X9941,_
Q034,_
V36,_
D4989,_
M8323,M8323
S0192,S019
H060,H060
M889O0,_
O934,_
O17,_
M7250,M7250
N6081,N608
E643,E643
O837,_
I216,_
O445,_
H4601,H46
O92,_
K4776,_
K8041,K804
C12,C12
M9544,M954
C8291,C829
X4009,_
M630,M630
E212,E212
U043,_
A0991,A099
N8353,N835
D15,D159
V47,_
W3003,_
O7500,O750
W0208,_
M7551,M755
J1203,J120
T610,T610
L102,L102
Z01211,Z012
Z370O4,_
O6203,O620
39,_
R749,R749
M321NO85,_
F1005,F1005
G7389,_
H1041,H104
0517,_
V1749,_
M141,M141
K779,_
J1288,J128
A977,_
L0333,L033
T2220,T222
S5341,S534
Y465,_
R094,_
A0939,A09
O549,_
W278,_
I520,I520
M8854,_
M665,M665
M1810,M181
8819,_
Q450,Q450
K3521,K352
Q205,Q205
P496,_
M2590,M2590
J1590,J159
J022,_
M233,M233
S179,S179
D75A,_
H7502,H750
Q021,Q02
D206,_
9940,_
O37,_
D12,D129
C5393,C539
I6941,I694
H2991,_
J965,_
M8153,M8153
C8339,C833
F107,F107
M7199,M7199
X1201,_
S447,S447
0019,_
116,_
P712,P712
O726,_
Y113,_
W2080,_
Z9888,Z988
X678,_
S4991,S499
T0091,T009
W2610,_
S55,S559
J428,J42
G114,G114
S3663,S366
O3400,O340
A870,A870
X427,_
K787,_
1099,_
O3480,O348
366,_
M4644,M4644
V969,_
F197,F197
D301,D301
M7022,M7022
N3581,N358
O473,_
D0221,D022
P121,P121
W1371,_
S5492,S549
F06,F069
Z188,_
D1803,D1803
V2098,_
T1311,T131
W2593,_
H542,H542
K814,_
V242,_
V430,_
F02,_
J894,_
W071,_
S5641,S564
H43,H439
M108,_
W1408,_
K8210,K821
J318,_
S4119,S411
S0021,S002
S5033,_
J394,_
P253,P253
J495,_
K005,K005
N6322,N63
O766,_
S4630,S463
V2804,_
W0113,_
B26,B269
Z3382,Z33
A031,A031
O141O0,_
4653,_
N3910,N391
A1802,A180
J198,_
J1521,J152
S078,S078
M95,M959
M9015,M9015
W1680,_
P873,_
E152,E15
G3109,G310
Z46,Z469
P130,P130
S130,S130
H193,H193
8119,_
D462,D462
X94,_
Q646,Q646
0693,_
A4190,A419
Z95,Z959
R635,R635
Z038Z208,_
10040,_
C935,_
L876,_
J966,_
O708,_
R395,_
H150,H150
Z029,Z029
234,_
A422,A422
O8019,O801
O9928,O992
S062X9D,_
S080XXS,_
Z0383,Z038
Z88,Z889
S2614,_
P279,P279
O0000,O000
I91,_
S5314,S5314
B856,_
N7501,N750
M8043,M8043
P955,P95
O0644,O064
E145LO24,_
T1IW54,_
T030,T030
K891,_
O8099,O809
0993,_
O2451,_
T281,T281
X6609,_
L0391,L039
M0640,M0640
D2390,D239
D1101,D110
O2809,O280
K802A,_
T7116,T71
J224,J22
0890,_
R550,R55
Z993,Z993
I304,_
E1022,E102
C2591,C259
V58,_
D42,D429
N6300,N63
Z08,Z089
O310,O310
I6309,I630
C248,C248
G937,G937
M4389,M4389
G5731,G573
H721,H721
I5023,_
I4519,I451
U078,_
2514,_
M267,_
V999,_
M0139,M0139
K212,_
M5340,_
P078,_
V1801,_
O2421,O242
M6007,M6007
S4510,S451
M4859,M4859
N145,_
D4951,_
P808,P808
M1035,M1035
K360,K36
M3000,M300
R296,R296
X6904,_
K702,K702
D3831,D383
K1161,K1161
I893,_
W5503,_
C548,C548
M890,M890
O3659,O365
J881,_
O384,_
E192,_
D209,_
S9124,S912
H0110,H011
1982,_
S2610,_
Z3706,Z370
N473,N47
1893,_
I725,_
N169,_
H419,_
J669,_
L8580,L858
B324,_
A890,A89
H3309,H330
J1897,J189
1370,_
M4326,M4326
A810,A810
M9681,M968
T218,_
T238,_
T506X5A,_
O421Z,_
O339Z3,_
P0110,P011
L,_
O3211,O321
O3641,O364
X4409,_
W2082,_
W2698,_
C49A,_
O364XX1,_
O329XX0,_
G8199,G819
Z01212,Z012
C19IC1,C19
T479,T479
T285,T285
C970,C97
G893,_
D505,_
W2408,_
P681,_
Z037,_
M4189,M4189
M3213,M321
H361,_
S0300,S030
G702,G702
M0286,M0286
D2341,D234
B141,_
T1499,T149
O9801,O980
I989,_
G805,_
J0,_
Z208Z,_
V435,_
D6881,D6881
J1209,J120
E853,E853
I565,_
C4091,C409
S9080,S9080
B901,B901
M2344,M2344
D364,_
A922,A922
H01,H019
H2156,H215
O13Z,O13
O0002,O000
Y1709,_
M7106,M7106
M6206,M6206
W379,_
O8300,O830
321,_
V8924,_
O3681,O368
W3458,_
O015,_
T2331,T233
O413,_
M955,M955
L948,L948
B9729,B972
R944,R944
C385,_
M1702,M170
D1701,D170
M832,M832
Q149,Q149
M0008,M0008
N094,_
O013,_
Q771,Q771
M831,M831
V54,_
T86,T869
O026,_
G320,G320
M0680,M0680
P259,_
T499,T499
M361,M361
V11,_
Z370PO81,_
W5090,_
N185I,_
M8623,M8623
N190,N19
T092,T092
E832,E832
E70,E709
G446,_
D057,D057
560,_
T41,_
L664,L664
S7992,S799
0900,_
S949,S949
L438,L438
K880,_
D2221,D222
N174,_
R0989,R098
C7503,C750
5431,_
479,_
H5222,H522
5122,_
O2620,O262
E821,_
R830,R830
I0981,I098
I47,I479
Y2608,_
S5111,S511
G735,G735
K459,_
E878VV,_
L727,_
O3664,O366
W308,_
I706,_
R192,R192
D868,D868
K0810,K081
X680,_
Q183,Q183
S135,S135
S767,S767
3700GRAMS,_
3400GRAMS,_
L440,L440
Z9041,Z904
Z5189,Z518
X301,_
I156,_
G120,G120
W999,_
P508,P508
K376,K37
230,_
A42,A429
V2898,_
C9030,C903
S3691,S3691
C288,_
Z013,Z013
0D,_
H0253,H025
N124,N12
Z1368,Z136
I390,I390
U0171,_
S6059,_
S7119,S711
O078,O078
N108,N10
H8181,H818
W1052,_
W0162,_
N1288,N12
O0901,_
K1480,K1480
Z0000,Z000
L801,L80
C402M,_
C212,C212
W4500,_
X596B,_
G9349,G934
W1489,_
Y580,_
I8731,_
O456,_
V385,_
O9880,O988
T283,T283
W608,_
P273,_
G380,_
M6791,M6791
M6287,M6287
P0301,P030
W131,_
Z789,_
N822,N822
B249,B24
C8572,C857
T249,_
038,_
C344,_
C189I,_
C149,_
C999,_
T307,T307
O064UO72,_
G730,G730
M7945,M7945
C4140,C414
C590,_
L0380,L038
J1573,J157
B343,B343
Z0166,Z016
P714,P714
W276,_
S3128,S312
N763,N763
M7286,M7286
N189I1,_
M5312,M5312
M7258,M7258
V39,_
Z3704,Z370
W040,_
Y4799,_
V95,_
C795M,_
O203,_
L1270,_
N638,N63
S549,S549
N1819,N181
0833,_
P0737,P073
W5549,_
S9181,_
R872,R872
N6324,N63
K8592,K859
W264,_
M8893,M8893
S8324,S832
Y0098,_
Q996,_
J1853,_
K6035,K603
S8970,S897
J951,J951
G6521,_
F359,_
T883,T883
T2402,T240
S7234,S723
T0062,T006
Q402,Q402
S126,_
V8599,_
Y475,_
K252AO99,_
C19I92,C19
D199,D199
C94,_
C349M8,_
V872,_
I15,I159
C191T1,C19
F1910,F191
J696,_
P0821,P082
M289,_
111,_
S466,_
S8421,S842
O244O,_
I1200,I120
E7879,_
S4581,S458
S2581,S258
O291,O291
W148,_
C468,C468
V680,_
W799,_
S8400,S840
A440,A440
T9231,T923
T9221,T922
S9380,_
T9380,T938
L9102,L910
A419AO90,_
W248,_
W233,_
Z2028,Z202
X618,_
H48,_
Q393,Q393
S7203,S720
1781,_
K246,_
D3649,_
K8301,K830
Q1412,Q141
B09X,B09
R096,_
P329,_
J1808,J180
I0221,_
V2854,_
I97,I979
D749,D749
W840,_
Z528,Z528
C91A1,_
C6292,C629
S9782,S978
S5699,_
Q958,Q958
S2626,_
C202,C20
T2123,T212
B790,B79
D2239,D223
5890,_
0717,_
A390,A390
V2989,_
X2199,_
C359,_
N006,N006
O8920,O892
Z20,Z209
B025,_
V440,_
K368,K36
S503,_
H4060,H406
M6388,M6388
C346,_
N977,_
Z0800,Z080
H4220,_
I8991,I899
P0738,P073
F790,F790
12345,_
P781,P781
X1108,_
F51,F519
Y2849,_
1E,_
O7589,O758
E80,_
H5790,H579
H82,H82
A449,A449
W2662,_
C068,C068
H4122,_
X669,_
N1511,N151
S7100,S710
S9321,S932
D0971,D097
0723,_
Q165,Q165
I625,_
Q252,Q252
C2219,C221
V2348,_
Q8500,Q850
N1370,N137
L402,L402
K147,_
C3492,C349
O9101,O910
C529,C52
B939,_
T8286,T828
95,_
P29,P299
Z690,_
M9535,M953
J1289,J128
J1858,_
J1889,J188
Z071,_
Z3790,Z379
R1910,R191
E1434,E143
M48,M489
L182,_
S9970,S997
G921,G92
S6012,S601
T0210,T0210
M2349,M2349
A0180,_
N765,N765
S022XXA,_
S4251,_
I6930,I693
O123,_
J344,_
J1282,J128
J1283,J128
X,_
C1780,C178
Z965,Z965
M0005,M0005
D5001,D500
J746,_
E1440,E144
0328,_
Z7489,Z748
M6159,M6159
N1289,N12
N4185,N418
S149,_
M8005,M8005
S8203,S820
M465,M465
Y9669,_
P249_,_
IMP01,_
L0332,L033
N10E861,N10
Z944,Z944
Z108,Z108
H363,_
M9390,M9390
P064,_
D340,D34
C7981,C798
5512,_
S5981,S598
I07,I079
R968,_
M8870,_
K1120,K112
Z0319,Z031
O6982,O698
E1172,E117
M7013,M701
S2102,S210
J1,_
O8709,O870
Y99,_
Q661,Q661
B0821,B082
34,_
X0408,_
H1590,H159
030,_
B7425,B742
M2533,M2533
J702,J702
I644,I64
D3000,D300
N7641,N764
T8680,T868
O042,O042
I37,I379
G0601,G060
I412,I412
Q665,Q665
O113,O11
S6970,S697
J293,_
E825,_
R512,R51
Q1181,_
S0999,S099
N1839,N183
Z2369,Z236
J9602,J960
U0791,_
D33,D339
A4495,A449
N0331,N033
R689,_
S183,S18
K2509,K250
I1100,I110
C136,_
I8250,_
890,_
Z0021,Z002
L8909,L890
F361,_
I4710,I471
A980,A980
I48I,I48
494,_
H46X,H46
M409,_
S471,S47
W1304,_
A601,A601
O6890,O689
I251I4,_
M762,M762
E1412,E141
D1040,D104
N1085,N10
N0185,N018
S9021,S902
P0722,P072
T2107,T210
B829D,_
K299Y,_
Z9852,_
K070,K070
C895,_
I295,_
P100,P100
Q875,Q875
T406,T406
Q642,Q642
F340,F340
C7808,C780
D038,D038
N983,N983
P62,_
8205,_
A802,A802
O767,_
X038,_
M7532,M753
S5651,S565
U88,U88
K6391,K639
H9221,H922
P603,P60
H0212,H021
S514,_
M2584,M2584
C645,C64
M4716,M4716
Z069,_
H3160,_
H1812,H181
J760,_
A186,A186
H670,H670
C19C1,C19
M2200,M220
Q6601,Q660
185N,_
Z2322,Z232
S01I,_
U073,_
F631,F631
M2578,M2578
B0222,B022
C9001,C900
N207,_
S572,_
O342O6,_
J964,_
D3914,D391
K784,_
S1980,S198
I7021,I7021
S3094,S309
K979,_
I093,_
Z4919,Z491
D475,D475
H5342,H534
M4714,M4714
L9180,L918
A880,A880
E56,E569
S6530,S653
M888,M888
M6659,M6659
P093,_
M6735,M6735
Z532,Z532
M9693,M969
X0099,_
M4958,M4958
Y888,_
O424,_
A5442,A544
M9832,_
A350,A35
Z140,_
M0646,M0646
D966,_
Z0308,Z030
B230,B230
M8095,M8095
M972,_
M21,M219
K216,_
M2446,M2446
S6030,_
P526,P526
B210,B210
C1P1P2,_
27240,_
C39,C399
S47,S47
Z051,_
P2310,P231
T2420,T242
O13O,O13
Y435,_
M7029,M7029
W3408,_
V790,_
S066O,_
S9670,S967
W2680,_
X409,_
S713,_
M4114,M4114
M2552,M2552
S5760,_
M0598,M0598
W265,_
N039H,_
W490,_
B0602,B060
V0449,_
T078,T07
W201,_
H0522,H052
B597,B59
O06O,_
M8797,M8797
J481,_
C4991,C499
M6002,M6002
S8971,S897
S558,S558
P0701,P070
W876,_
J8510,J851
O362Z,_
I505,_
C3410,C341
R988,R98
S4021,_
5824,_
5840,_
I1251,_
O3002,O300
5917,_
Z898,Z898
I851,_
Z392\,_
V835,_
M7115,M7115
S8811,S881
N8232,N823
V2254,_
5441,_
0800AO,_
K1372,K1372
Q51,Q519
S3522,S352
M1071,_
H4460,H446
Z204,Z204
M9973,M9973
U071J1,_
G871,_
U0721,_
C567,C56
I564,_
N1585,N158
T8754,T875
T9321,T932
B345,_
Z3805,Z380
S0401,S040
X0903,_
S8501,S850
T2222,T222
O342D,_
T710,T71
S6132,_
M2136,M213
711,_
S6780,S678
Z028,Z028
Z779,_
1495,_
E124,E124
S571,_
L0882,L088
W5433,_
A7870,A78
W313,_
J3957,_
D646,_
7301,_
T401,T401
Z3042,Z304
J442,J442
S793,_
M8812,_
Q1501,Q150
Z840,Z840
N363,N363
J6310,J631
M6241,M6241
Z288,Z288
02,_
J1092,_
5914,_
S3204,S320
H477,H477
X0693,_
W1073,_
K967,_
P0717,P071
Z8920,Z8920
W3399,_
M8727,M8727
O581,_
Z4911,Z491
M2423,M2423
M1716,M171
J423,J42
F001,F001
Z038Z,_
D091,D091
T653,T653
M8785,M8785
K291E,_
M8985,M8985
N382,_
T4230,T423
0470,_
N1189,N118
I992,I99
K2161,_
I8585,_
V37,_
O6810,O681
S8104,S810
W0619,_
Y2809,_
O859,O85
419,_
D2393,D239
656,_
M1467,M146
C823,C823
M456,M456
S277,S277
P992,_
M8338,M8338
5605,_
Z424,Z424
O307,_
I90,_
M493,M493
N0853,N085
Z2038,Z203
S4242,S424
O2490,O249
N8502,N850
9621,_
P079,_
K8062,_
5883,_
5541,_
F32,F329
Z639,Z639
I87,I879
N6110,N61
S0139,S013
I6290,I629
H1192,H119
M4830,M4830
W271,_
I1191,I119
C2180,C218
N678,_
M7133,M7133
N919,_
R429,R42
V170,_
1001,_
T0200,T0200
C518,C518
M106,_
D5095,D509
V972,_
O13Z3,O13
V9725,_
M1800,M180
N539,_
K5605,K560
545,_
N4403,N44
X4905,_
W1474,_
H511,H511
R71,R71
V2144,_
R567,_
B202,B202
S4109,S410
O3040,_
B072,B07
S4271,S4271
G23,G239
M088,M088
R608,_
A5901,A590
0354,_
W4408,_
L743,L743
5120,_
Z971,Z971
W3120,_
Y491,_
P836,P836
S7092,S709
S5010,S501
T114,T114
H6010,H601
M1037,M1037
J169,_
Z9114,Z911
6509,_
Y690,_
T1892,T189
N165,N165
Q910,Q910
K879,_
M202,M202
I247,_
V193,_
T264,T264
1679G467,_
T631,T631
O6541,O654
C631,C631
A17,A179
O7581,O758
I1248,_
A22,A229
S9831,S983
T8740,T874
Q2734,Q273
R359,R35
0325,_
0848,_
S0219,S021
T2134,T213
Q03,Q039
S0303,S030
O829O5,_
Z25,_
S9102,S910
S6640,S664
J021,_
Q1392,Q139
L9298,L929
M2599,M2599
M601,M601
A126,_
H4920,H492
M9714,_
H0002,H000
209,_
K2196,K219
Z6511,Z651
X0252,_
V3248,_
5571,_
A510,A510
D10,D109
R107,_
M4715,M4715
K1892,_
I661,I661
W5541,_
T189XXA,_
H3132,H313
P303,_
M0115,M0115
L099,_
S6139,_
T1720,T172
A1620,A162
Z192,_
D2539,_
V349,_
208,_
Z3038,Z303
A1692,A169
S6189,S618
J61,J61
Z01213,Z012
J204,J204
M0239,M0239
C191P2,_
D6182,D618
C6182,C61
S8810,S881
0140,_
R943,R943
W1103,_
S6981,S698
M8161,M8161
C29,_
O3216,O321
41,_
O0330,O033
B2,_
H3310,H331
U072Z,_
H1782,H178
5311,_
N344,_
65,_
0863,_
O414,_
9688,_
T508,T508
Z394,_
T1210,T121
U95,_
O0510,O051
N185F,_
A0969,A09
R6881,R688
K690,_
T182XXA,_
T814XXA,_
369,_
X9903,_
G4459,_
H4729,H472
Z169,_
N8441,_
D461,D461
C1599,C159
Q164,Q164
T224,T224
C358,_
J50,_
O8821,O882
G711,G711
C651,C65
M8313,M8313
I290,_
S8214,S821
S3550,S355
C570C,_
D650,D65
O960,O960
U02,_
F2089,F2089
D513,D513
S8670,S867
C4422,C442
H2010,H201
C19I91,C19
G492,_
K241,_
S941,S941
D499,_
Q3790,Q379
L950,L950
H0511,H051
M0685,M0685
D5550,_
O82I,_
A836,A836
H0289,H028
Z14R,_
O825,_
M2585,M2585
Z638,Z638
Q2249,Q224
O4389,O438
M9722,_
O180,_
P533,P53
O299,O299
C8520,C852
K949,_
T8571,T857
T8023,T802
I255I,_
K866,_
N8380,N838
Z808,Z808
S6550,S655
112,_
M6292,M6292
X62,_
F888,F88
U079,_
S6816,S681
L9752,L97
V475,_
T0680,T068
X9799,_
V2445,_
M5325,M5325
Y2799,_
D614,_
E1109,E110
M434,M434
P246,_
K6383,K638
M2434,M2434
T8611,T861
N6011,N601
J1791,_
1234,_
J1603,J160
N279,N279
M7103,M7103
N085Z5,_
S6992,S699
I5,_
290,_
I1201,I120
L071,_
C541X,_
U80,_
G189,_
N969,N96
R40,R409
O284,O284
C019,C01
O351,O351
I142,_
N703,_
T6341,T634
I3131,I313
O23A,_
L852,L852
V94,_
L234,L234
W5509,_
N189E,_
L129,L129
A402,A402
N1285,N12
Q727,Q727
3339,_
V8099,_
K680,_
W30,_
S268,S268
Z0289,Z028
X24,_
S9591,S959
I542,_
J8192,J81
P93,P93
R520,R520
E7876,_
C7895,_
M4398,M4398
E7800,E780
K2594,K259
D368,_
D0450,D045
Y2299,_
L6070,_
C038,_
P584,P584
P349,_
K24,_
C9300,C930
N1825,N182
I303,_
E0501,E050
S4681,S468
N185H,_
Z4682,Z468
V5754,_
I528,I528
T8760,T876
E462,E46
J9584,J958
M8591,M8591
0822,_
0824,_
N179I,_
J1872,_
M9835,_
N2111,N211
W919,_
C19IPI,C19
O3601,O360
P699,_
M139TYPEA,_
Z7110,Z711
H5012,H501
P573,_
Z793,_
Z8990,Z899
R043,_
C7851,C785
V900,_
S9971,S997
Q6021,Q602
D31,D319
A108,_
V3354,_
O6821,O682
D0571,D057
K5601,K560
F681,F681
I1I9,_
300GRAMS,_
L703,L703
Z0038,Z003
H4339,H433
C698,C698
W8701,_
I1469,_
E560,E560
Q1801,Q180
N185N,_
V8044,_
Y281,_
V024,_
E855,_
V049,_
U71,_
L51,L519
Z2040,Z204
Z0340,Z034
Z0320,Z032
Z4020,_
Z0390,Z039
2040,_
L349,_
P26,P269
M892,M892
B582,B582
X3399,_
H7310,H731
M0080,M0080
K0901,K0901
T493,T493
V3254,_
M6636,M6636
N1800,N180
Z09,Z099
K890,_
C430,C430
C4950,C495
M6326,M6326
A171,A171
K9308,K930
N1845,N184
K8101,K810
C071,C07
Z491W,_
T02,T029
B973,B973
M619,M619
I7240,I724
O451,_
A649,A64
Y530,_
M4884,M4884
M7958,M7958
K530,_
E995,_
I920,_
Y860,_
C876,_
X0908,_
C5093,C509
J6270,_
M9682,M968
A512,A512
M223,M223
Z717,Z717
R5608,R560
W256,_
W7230,_
S6265,S626
Y438,_
K80O,_
U251,_
U48,_
429,_
K587,_
L359,_
T219,_
S664,S664
7928,_
E301,E301
S07,S079
M5444,M544
E11621,E116
N099,_
A7498,A749
S9691,S969
S2880,_
P203,_
S0216,S021
W7691,_
H6023,H602
R2261,_
Z76,Z769
H2555,_
C4370,C437
C228,_
H9050,H905
M7080,M7080
S0033,S003
T0098,T009
99,_
L561,L561
T7831,T783
A791,A791
Y517,_
M1310,M1310
H4320,H432
Z141,_
Q840,Q840
X932,_
X690,_
P0735,P073
X9508,_
0288,_
M8941,M8941
J3889,_
R302,_
L8911,L891
Z290UO71,_
U0701,_
O6910,O691
T8309,T830
A25,A259
C7610,C761
K576,_
M4810,M4810
J279,_
V380,_
E390,_
C5022,C502
M4000,M4000
K201,K20
M3314,M331
M0629,M0629
M4397,M4397
K746UO72,_
O6520,O652
5573,_
H3131,H313
M056,_
N0309,N030
B333,B333
P2390,P239
Z3O2,_
J113,_
V5999,_
I6321,I632
K785,_
L8940,L89
C7565,_
T948,_
T924,T924
M8054,M8054
M400,M400
C7932,C793
Q730,Q730
S253,S253
O798,_
A208,A208
O917,_
E1149,E114
X5901,_
G269,G26
Z2082,Z208
O612,_
T345,T345
M005,_
W562,_
W3190,_
S6609,S660
5554,_
P55,P559
X1020,_
B40,B409
J062,_
B270,B270
M833,M833
W5573,_
M1984,M1984
S9280,_
N9080,N908
O9951,O995
M8629,M8629
G543,G543
Q563,Q563
44405,_
H2440,_
S6620,S662
X4904,_
E29,E299
M1314,M1314
T425,T425
J4419,J441
K9423,_
C735,C73
F54,F54
V686,_
J059,_
X1110,_
M8046,M8046
S6570,S657
X4144,_
N532,_
N2100,N210
Z3022,Z302
Y0908,_
Q138,Q138
X610,_
Z380POO0,_
Z972,Z972
J162,_
S938,_
0450,_
E828,_
M9620,M962
W9999,_
T0291,T0291
N185E,_
W331,_
I30,I309
S1999,S199
M243,M243
S9892,_
0B,_
R771,R771
J409,J40
S8680,S868
Q624,Q624
Y288,_
UO71,_
C16IP2,_
29605,_
R5680,R568
L7632,_
T7119,T71
R1040,R1040
G732,G732
Y1399,_
T5092,T509
O8001,O800
M6568,_
M845,_
K8013,K801
O2359,O235
H4541,_
E4091,E40
M5490,M5490
Y843,_
S9692,S969
Z07,_
W457,_
1607,_
U960,_
W3062,_
1210,_
M817,_
S6329,S632
7A,_
Z526,Z526
P058,_
U702,_
W541,_
L9750,L97
L083,_
C8000,C800
C4990,C499
L731,L731
M7956,M7956
R818,R81
D808,D808
B389,B389
6935,_
4902O,_
B203,B203
O4180,O418
B590,B59
U092,_
Q52,Q529
V0214,_
K8021,K802
S22O,_
V2344,_
V2044,_
P52,P529
S748,S748
Z208R,_
U089,_
B629,_
C19P2,C19
Z01214,Z012
672281,_
M4616,M461
4072,_
B430,B430
M028,M028
N0883,N088
W0301,_
P27,P279
A227,A227
S6802,S680
A872,A872
Y6899,_
Z106,_
R4181,R418
S305,_
C880,C880
N4313,N431
K792,_
T805,T805
G14,G14
W4409,_
W1849,_
S1520,S152
N891,N891
Z410,Z410
0651,_
C4412,C441
T8281,T828
5819,_
V2894,_
E8750,E875
Z118,Z118
0652,_
P393PO34,_
O4322,O432
H2891,_
T1581,T158
S5970,S597
M8971,_
Q384,Q384
480,_
M7659,M7659
W8562,_
Z370\,_
W3193,_
M1969,_
E0502,E050
B2790,B279
S3760,S3760
W089,_
R6510,R651
F173,F173
M803,M803
C191P4,_
M9657,M965
Z3760,Z376
L302,L302
H32,_
R315,R31
M1920,M192
2021,_
S85,S859
O4413,O441
Z8546,Z854
K0840,_
O3644,O364
C7998,C799
P7014,P701
Y329,_
0413,_
U017,_
M0589,M0589
E0862,_
K853,K853
S169,S16
Y45,_
S722XXA,_
1502,_
X159,_
S03,_
C1817,C181
L884,L88
I8901,I890
S0582,S058
T908YO4,_
H5980,H598
R5991,R599
M7056,M7056
O8391,O839
M217,M217
L180,_
M4803,M4803
Z889,Z889
08BTXZZ,_
N1352,N135
B938,_
Q187,Q187
Z3808,Z380
W709,_
D3102,D310
U248,_
K688,_
8202,_
M8186,M8186
L7891,_
Z5113,Z511
Y0498,_
V591,_
H6191,H619
W2398,_
N249,_
3870,_
618,_
F140,F140
M767,M767
Z01215,Z012
A09E862,A09
W1973,_
W2603,_
566,_
S7410,S741
C679TYPEC,_
X1203,_
K383,K383
E029,E02
E18,_
B559,B559
E803,E803
J692,_
C965,C965
789,_
E089,_
1463,_
M1700,M170
K0401,K040
F84,F849
J8691,J869
S5591,S559
S5204,S520
Z023,Z023
Z210,Z21
I03,_
Z067,_
F162,F162
J934,_
M570,_
S7320,_
Z581,Z581
M8155,M8155
B394,B394
T8542,T854
F071,F071
R4182,R418
C5798,C579
Z250,Z250
M6538,M653
V2909,_
M7075,M7075
V2612,_
O4411,O441
T03,T039
E1411,E141
E08,_
M853,M853
A09E8,A09
I506,_
C457,C457
V5099,_
O4593,O459
V1299,_
Q470,_
NSD,_
C19I93,C19
V4970,_
O938,_
T2201,T220
O4806,O48
24,_
1520,_
5846,_
M2116,M2116
Q25O,_
K1491,K149
L321,_
I179,_
2750GRAMS,_
T4758,T475
M898X1,_
M0085,M0085
H2001,H200
M4717,M4717
W861,_
A398,A398
E045,_
K972,_
K553,_
N901,N901
S3413,S341
U071Z,_
G493,_
H4170,_
P580,P580
C877,_
E8355,E835
V959,_
5008,_
Z1308,Z130
7099,_
K138,_
M676,_
N1898,N189
T355,T355
Y410,_
K596,_
O0190,O019
A21,A219
O1420,O142
D813,D813
V8990,_
W9908,_
W0719,_
H3508,H350
V2914,_
H930,H930
V8922,_
N187,_
M1313,M1313
ICD10,_
T573,T573
M2548,M2548
X519,_
P076,_
Y31,_
P668,_
Y962,_
Z038I8,_
H4801,H480
N162,N162
Z038Z2,_
J1841,_
M6881,M6881
A603,_
Z290I1,_
J1291,J129
M7681,M768
E199,_
Q340,Q340
P2391,P239
0320,_
7290,_
Z9221,Z922
M182,M182
M2440,M2440
H2992,_
V449,_
R3121,R31
5913,_
T8159,T8159
H1681,H168
I668,I668
V1804,_
Z1290,Z129
H4452,H445
Y0969,_
K369,K36
S3211,S3211
M2448,M2448
M4814,M4814
O805,_
C5066,C506
X3373,_
S6262,S626
S8222,S822
M9424,M9424
D638F,_
Z380T,_
J9300,J930
X74,_
F421,F421
E1129,E112
W4962,_
O0008,O000
Z9161,Z916
U101,_
R922,R92
X1359,_
T048,T048
Z3491,Z349
H115,_
S018XA,_
B0052,B005
P923,P923
P966,_
O0339,O033
S011TYPEA,_
M8639,M8639
R564,_
I8890,I889
H6990,H699
H594,_
M5486,M5486
P429,_
N177,_
W042,_
G7230,G723
C239,C23
D0280,_
N2390,N23
Z279,Z279
Z293,_
S065O,_
M8092,M8092
X8099,_
M7280,M7280
E55,E559
H4210,_
Z0329,Z032
J411,J411
W2684,_
N5081,N508
I8721,I872
V784,_
M8422,M8422
W5699,_
X998,_
D28,D289
J420,J42
9020,_
M2515,M2515
A363,A363
A183K930,_
H533,H533
K476,_
S5161,_
S9611,S961
S9389,_
S0072,S007
O2210,O221
T8549,T854
H3112,H311
D2290,D229
P0725,P072
0628,_
O6,_
O9961,O996
Y588,_
R3981,R398
N7390,N739
G55,_
L14,L14
D2260,D226
N026,N026
M8009,M8009
72,_
F85,_
S0060,_
M2609,_
T0240,T0240
L502,L502
X6409,_
D7030,D70
V324,_
Z2307,Z230
246,_
K725,_
0266,_
V1149,_
J1991,_
R521,R521
38,_
S6861,_
O1608,O16
Z070,_
H4710,H471
G94,_
V535,_
C93,C939
M88,M889
S6085,S608
L034,_
J899,_
Z4941,_
C19X3,_
Q673,Q673
M9270,M927
A119,_
E159,E15
N961,N96
S0194,S019
S26,S269
M8813,_
V49,_
Z631,Z631
J1449,J14
I398,I398
E1335,E133
N197,N19
P060,_
D38Q,_
H0589,H058
T91,T919
L0337,L033
T3111,T311
G989,G98
T042,T042
G571,G571
S9022,S902
W6099,_
E0521,E052
Y3249,_
S5184,S518
Z9370,_
0391,_
S2202,S220
W1748,_
O2491,O249
0326,_
H4812,H481
M9757,_
K191,_
A40,A409
W5683,_
D299,D299
M120,M120
C992,_
X849,_
D0591,D059
0008,_
C748,_
N189I2,_
F788,F788
A4020,A402
A561,A561
MCOP01,_
F115,F115
B465,B465
C5700,C570
I990,I99
T121,T121
E721,E721
364,_
V3864,_
A100,_
S304,_
M8212,M8212
164,_
X90,_
D1711,D171
A9711,_
9220,_
M166,M166
M6783,M6783
S7882,_
9AX59,_
A391,A391
E351,E351
X5912,_
V943,_
Y347,_
B322,_
I6I8,_
D465,D465
Z229,Z229
H9072,H907
D910,_
O293,O293
0411,_
M2420,M2420
C3470,_
H3641,_
0046,_
K155,_
T0911,T091
H152,_
F120,F120
J186,_
O0343,O034
D3160,D316
V3364,_
J4521,J452
I433,_
M1903,M1903
Z622,Z622
0500,_
N3499,_
O4202,O420
H4800,H480
668212,_
T237,T237
0806,_
M8384,M8384
K0520,K0520
C041,C041
1270,_
J1810,J181
N185G,_
O0511,O051
T2411,T241
R0601,R060
Z2290,Z229
I78,I789
H3539,H353
X110,_
R263,R263
T8683,T868
T299,_
X030,_
M001,M001
N1000,N10
C4922,C492
D1621,D162
S6671,S667
M7787,M7787
R03,_
A865,A86
V1248,_
501,_
C5680,C56
B870,B870
S9117,S911
J9502,J950
S8242,S824
C913,C913
C4A9,_
H2664,_
K166,_
E380,_
H0454,H045
R93,_
Z4834,_
P083,_
I187,_
M1904,M1904
Z296,_
M4585,M458
Z1891,_
0152,_
Y0041,_
K524,_
N8140,N814
Y585,_
V895,_
I318,I318
J9181,J91
S2721,S2721
T372,T372
V2208,_
D622,D62
I717,_
D466,D466
O357,O357
S6892,S689
K239,_
P977,_
R639,_
D353,D353
H130,H130
E143_H360,_
619,_
W1398,_
E701,E701
C5042,C504
C19PI1,C19
C558,C55
V2444,_
M9834,_
T8682,T868
X691,_
X93,_
P073Z,_
I6339,I633
R722,R72
F1995,F199
J3301,J330
O709Z,_
Y2888,_
Y653,_
W138,_
H286,_
S0009,S000
K354,_
I1190,I119
Z30Z1,_
S3763,S376
T2113,T211
S1530,S153
W2002,_
Z1812,_
B880,B880
P949,P949
B0239,B023
A50,A509
M7046,M7046
C928,C928
X789,_
R297,_
E8711,E871
M9825,_
U701,_
Z190,_
Z299,Z299
C5021,C502
O2622,O262
D402,_
A062E861,_
M341,M341
M498,M498
J9399,J939
O749,O749
S8289,S828
A462,A46
J067,_
H3020,H302
W56,_
M2480,M2480
W5003,_
Z8942,Z8942
B7301,B73
0613,_
V214,_
T890,_
L7280,L728
C19FR9,C19
M7592,M759
J4550,_
X1222,_
S2520,S252
V2706,_
W870,_
D635,_
V949,_
B8311,B8311
N1820,N182
S3619,S361
X9991,_
R0682,R068
S1891,S18
M184,M184
S19,S199
G70,G709
J9310,J931
I43,_
S3770,S3770
W73,_
T2109,T210
C19TI,C19
B3741,B374
G423,_
D638B,_
E0969,_
Z542,Z542
B583J173,_
M4349,M434
P990,_
A209,A209
W2004,_
S6022,S602
N248,_
F518,F518
H0521,H052
D1808,D1808
T8540,T854
K1348,K1348
T8139,T813
O6551,O655
S0891,S089
B583,B583
H3607,H360
T54,T549
2830,_
B91,B91
W3073,_
J3,_
M6228,M6228
C4361,C436
S3284,S328
L09,_
R116,R11
T2321,T232
Z5130,Z513
T1402,T140
O0319,O031
C509Z,_
O8420,O842
F61,F61
J8411,J841
T8619,T861
S0134,S013
A0691,A069
K617,_
S951,S951
V341,_
A308,A308
K3190,K319
M6656,M6656
T032,T032
G65,_
X1308,_
V8799,_
Q6580,Q658
J189D7,_
F024,F024
M8104,M8104
E1424,E142
J914,J91
P0102,P010
M9860,_
N33,_
Z4921,Z492
G82,_
9238,_
Q6192,Q619
O91,_
356,_
D757,_
M8684,M8684
Q873,Q873
Q8451,Q845
M6891,_
V434,_
W0909,_
J548,_
X479,_
H4053,H405
K6802,_
O1091,O109
C8131,C813
H3690,_
A200,A200
W1389,_
Q266,Q266
N8300,N830
Z715,Z715
W4443,_
T0290,T0290
X790,_
G43O,_
C975,C97
S814,_
H3509,H350
Y0409,_
C5020,C502
R850,R850
A073,A073
V1244,_
X2899,_
E000,E000
J3401,J340
K130T1,_
S539,_
M7191,M7191
H74,H749
K6139,K613
X659,_
E1145,E114
Z739,Z739
C1585,C158
M416,_
Q5211,Q521
Z0820,Z082
R8689,R868
C7989,C798
Z227,_
T7602,_
M6223,M6223
N9821,N982
M2345,M2345
T1819,T181
L037,_
Z3688,Z368
Z195,_
Y0429,_
H204,_
S6511,S651
X1499,_
K6131,K613
M6441,_
A243,A243
R910,R91
2208,_
R72,R72
Z0001,Z000
9081,_
992,_
Z2089,Z208
E112NO8,_
R514,R51
O916,_
N7092,N709
Z370D,_
I825,_
B0229,B022
M79A3,_
W0701,_
H0261,H026
B44,B449
R449,_
O6919,O691
S6303,S6303
S275,S275
G831,G831
I417,_
M2462,M2462
M6192,M6192
R055,R05
H5781,H578
M2106,M2106
T569,T569
W5401,_
S1430,S143
E8760,E876
C376,C37
Z1071,_
E724,E724
O46,O469
A959,A959
R801,R80
G9385,G938
S9800,S980
G0605,G060
R856,R856
T9210,T921
H1862,H186
K597,_
K2920,K292
Z044,Z044
J4610,J46
Z0358,Z035
W8798,_
H0431,H043
C003,C003
H1889,H188
115,_
U0722,_
B3322,B332
S5421,S542
S5671,S567
X0403,_
W2204,_
S6661,S666
W0808,_
M7019,M7019
M8649,M8649
A187,A187
R891,R891
P651,_
M6513,M6513
I004,I00
J235,_
M8545,M8545
M6140,M6140
W3209,_
S0079,S007
S6079,S607
C7100,C710
M1961,_
M7794,M7794
1221,_
M7226,M722
J4690,J46
M2553,M2553
0089,_
M967,_
M6736,M6736
M9300,M930
I5039,_
M8443,M8443
W292,_
T229,_
H0102,H010
E151,E15
I679G46,_
K0530,K0530
O6809,O680
S0103,S010
M2159,M2159
E113N0,_
R611,R611
R589,R58
K6032,K603
M8221,_
C432,C432
M9764,_
C883,C883
G786,_
O7036,O703
S0912,S091
I215,_
Z7280,Z728
F4320,F4320
T800,T800
W769,_
T2213,T221
D8689,D868
7141,_
W0381,_
M9195,M9195
G773,_
T341,T341
M873,M873
V520,_
M2176,M2176
S5440,_
C808,C80
8053,_
R44,_
N056,N056
Z01216,Z012
L207,_
X1709,_
Q529,Q529
N4,_
S230,S230
C19PI3,C19
I7295,I729
395,_
Q0465,Q046
541,_
C389,_
M0219,M0219
R219,R21
I104,I10
D6304,D630
Z0378,_
M7100,M7100
R1120,R11
N112,_
T8789,_
M3290,M329
S6170,S617
W2913,_
V2609,_
S739,_
1849,_
Z9911,Z991
F402,F402
M4126,M4126
T232TYPEB,_
A1820,A182
E751,E751
I1014,I10
E8678,E86
K357,_
Z521,Z521
P077,_
B060,B060
O5311,_
N25,N259
Q2731,Q273
J9312,J931
J524,_
U729,_
C8440,C8440
C4191,C419
Z2083,Z208
C5250,C52
W1792,_
R409,R409
S9817,S981
V3464,_
Z2008,Z200
P680,_
D497,_
J058,_
H42,_
H0287,H028
T350,T350
M4816,M4816
Y0008,_
Z603,Z603
A0718,A071
Y4999,_
J1842,_
Z508,Z508
P544,P544
N3641,_
759,_
5602,_
Z731,Z731
I039,_
J492,_
O247,_
S1479,_
E702,E702
P74,P749
T394,T394
V64,_
C208,C20
B976,B976
Z038N,_
D6389,D638
K7680,K768
V2984,_
S6840,S684
O2683,O268
M0112,M0112
K889,_
Z880,Z880
A0069,_
H9042,H904
Z611,Z611
L578,L578
O6418,O641
3650GRAMS,_
3900GRAMS,_
K3041,K30
871,_
M8048,M8048
B872,B872
O570,_
T8332,T833
G929,G92
Z4781,Z478
J490,_
S693,_
V889,_
Z769,Z769
C1T91,_
Z0151B2,_
Z0156B1,_
Z308Z208,_
M1914,M1914
S9281,_
5803,_
Z0156,Z015
N3289,N328
W5008,_
B970,B970
M7702,M7702
M7072,M707
R167,_
S64,S649
M644,_
A860,A86
I5030,_
J477,J47
I7090,I7090
T506,T506
Z18,_
G739,_
T1722,T172
R140,R14
W6989,_
P0734,P073
Q135,Q135
Q178,Q178
I8490,I849
S4235,S423
M0296,M0296
A312,_
Z3032,Z303
C9005,C900
S9205,S920
E580,E58
L733,_
M8423,M8423
W2842,_
B7707,B770
S0811,S081
W255,_
W294,_
I7022,I7022
N185I1,_
D259M,_
A891,A89
F013,F013
N036,N036
Z01217,Z012
N054,N054
C19P3,C19
A00000000000000,A000
A000000000,A000
A0000,A000
S3653,S365
S6999,S699
2030,_
I122,_
J962,_
X288,_
E650,E65
Y937,_
Y2873,_
Z3754,Z375
M5129,M512
I126,_
H0112,H011
E0782,E078
S2550,S255
S6722,_
H254,_
Z3930,_
2134,_
I25I,_
R401,R401
S6531,S653
C5401,C540
N99,N999
8835,_
L9050,L905
0333,_
Z3270,_
G011,G01
M6091,M6091
L9731,L97
E1115,E111
S1091,S109
S0301,S030
V581,_
5068,_
W6499,_
T1111,T111
M1089,_
V038,_
S687,_
E1039,E103
1240,_
90925,_
123,_
672280,_
M14,_
H3202,H320
J872,_
C5190,C519
D892,D892
Z440,Z440
R031,R031
S1271,S1271
G9,_
Y299,_
N405,N40
C187Z5,_
Y320,_
9037,_
I391,I391
0610,_
Y354,_
V198,_
Z9665,Z9665
O4381,O438
K6310,K631
S6266,S626
A368,A368
X339,_
E108J,_
C291P3,_
M9514,M951
C4444,C444
M2196,M2196
Y078,_
H4723,H472
M6447,_
E8790,_
M6209,M6209
Q769,Q769
Z2078,Z207
B1189,_
Z2,_
W3103,_
P069,_
S9242,S924
E1I5,_
Q89,Q899
D491,_
S9711,S971
COVID19,_
COVID,_
T445,T445
0925,_
XXXXX,_
E71,_
A803,A803
P0731,P073
K926,_
I2428,_
O761,_
M8897,M8897
N8382,N838
Z23,_
M843,M843
M260,_
H6642,H664
M8935,M8935
J70,J709
G429,_
S606,_
N9390,N939
C19TP4,C19
M4906,M4906
893,_
F143,F143
Z370P,_
C7380,C73
0458,_
K8110,K811
O3680,O368
A0602,A060
D75,D759
A0998,A099
M3206,M320
T217,T217
B873,B873
N379,_
O364O,_
A32,A329
Z3862,Z386
N2589,N258
B260,B260
S616,_
J289,_
N039C,_
J1873,_
Z86,_
S3091,S309
Z5125,Z512
I4899,I48
R209,_
H6992,H699
H6054,H605
M0846,M0846
S2129,S212
C5385,C538
M1046,M1046
M7071,M707
D2691,D269
990935,_
T386,T386
L824,L82
M450,M450
N8681,N86
Z428,Z428
H1501,H150
C8460,C846
D456,D45
M9532,M953
X1003,_
W5703,_
T2407,T240
T2,_
G523,G523
W030,_
G58,G589
W7480,_
F334,F334
032,_
M9534,M953
C4371,C437
W1762,_
L872,L872
E8781,E878
M60,M609
E145RO2,_
V288,_
O3001,O300
P091,_
Y08,_
O108,_
V589,_
S8999,S899
T1891,T189
J871,_
H4709,H470
X7499,_
I1893,_
S470,S47
M4894,M4894
O1893,_
C593,_
K8032,K803
Q418,Q418
C3400,C340
S070,S070
F842,F842
T530,T530
C50911,C509
V0294,_
C1P1,_
M7959,M7959
Z370D2,_
E753,E753
J049,_
S0154,S015
Z3737,Z373
D314,D314
1633,_
8301,_
Y141,_
C4460,C446
1111,_
222,_
2222,_
T571,T571
K072,K072
Z834,Z834
I7092,I709
N1690,_
D418,_
M8856,_
R929,R92
M1070,_
M2010,M201
O3123,O312
X1,_
H950,H950
Q185,Q185
X5900,_
S6103,S610
W017,_
E712,E712
0268,_
U837,_
S4114,S411
W315,_
F71,F719
M8902,M8902
7740,_
K9220,K922
T2520,T252
Z700,Z700
X8009,_
H1191,H119
K3581,K358
W5004,_
X0808,_
H494,H494
S8570,S857
M132,_
R442,R442
T1401,T140
N6101,N61
B729,B72
M9460,_
J11I,_
T6291,T629
N0392,N039
Q229,Q229
B422,_
S0284,S028
X5928,_
H948,H948
J9581,J958
H2531,_
O569,_
C9209,C920
T339,T339
T362,T362
T9121,T912
E63,E639
B5890,B589
H529,_
N6090,N609
M2673,_
Y071,_
M8782,M8782
S0320,S0320
A4800,A480
H2191,H219
S481,S481
R0400,R040
S6304,S630
1071,_
S5499,S549
T1110,T111
J818,J81
H6052,H605
H2603,H260
B6539,B653
O743,O743
L927,_
F638,F638
P239Z,_
N18I9,_
J065,_
Q12,Q129
N785,_
S5420,S542
H1113,H111
O0620,O062
M9444,_
Y0401,_
E693,_
J4090,J40
Z3483,Z348
J3482,J348
M6222,M6222
T8529,T852
S9089,S908
Q928,Q928
E731,E731
P561,_
J1893I248,_
67195,_
S3699,S369
K951,_
G922,G92
W185,_
Z9999,Z999
P621,_
S7245,S724
O3646,O364
B986,_
O4020,O40
W3492,_
V130,_
D29,D299
M7677,M767
N1809,N180
H4042,H404
J1602,J160
0000,_
V069,_
S6226,S622
L0420,L042
O88,_
X174,_
C187R,_
Y526,_
M9824,_
C732,C73
Y8699,_
M2443,M2443
C9521,C952
M281,_
O190,_
X08,_
S438,_
M763,M763
P2218,P221
Y03,_
V1799,_
G63,_
N712,_
S513,_
G220,G22
M1048,M1048
W261,_
W226,_
CR2168,_
M4699,M4699
S8302,S830
C4432,C443
M924,M924
C487,_
M7726,M772
O4110,O411
O461,_
C1893,C189
072,_
3003,_
S4691,S469
A862,A86
Y97,_
M2762,_
D20,_
1461,_
M8015,M8015
T098,T098
L0262,_
S288,_
S303,_
Z2O8,_
S019V8,_
S400V,_
C541M,_
W039,_
Q710,Q710
W0798,_
E7451,_
H027,H027
Z4191,Z419
M6788,M6788
S280,S280
W296,_
N1818,N181
M8088,M8088
9090,_
M9762,_
Z0238,Z023
I8891,I889
O666,_
O4402,O440
A789,A78
4323,_
T8289,T828
A272,_
R828,R828
I473,_
F201,F201
A852,A852
Q998,Q998
ANCO2,_
D678,D67
8999,_
J697,_
O9110,O911
V2394,_
Q089,_
X15,_
Y2199,_
J3921,J392
T36,T369
Z4780,Z478
M8958,M8958
M269,_
J445,_
P0381,P038
K876,_
K3585,K358
O777,_
D4690,D469
B3731,B373
X5891,_
M8647,M8647
W2203,_
C5690,C56
L0335,L033
V87,_
V3854,_
W3409,_
X7409,_
C9240,C924
H52,_
Z396,_
K3780,K37
L9740,L97
L8989,L89
M8583,M8583
I148,_
A431,A431
S4830,_
S2221,S2221
Y136,_
O364XX0,_
T8349,T834
D719,D71
Z2380,Z238
Z289,Z289
T8751,T875
U720,_
W1403,_
W53,_
0407,_
Z367,_
Q561,Q561
M4303,M4303
T672,T672
N3281,N328
S24,_
H690,H690
K5101,K510
0211,_
I171,_
L870,L870
5250,_
W2352,_
S3512,S351
S6601,S660
W1840,_
N2588,N258
L4503,L45
Z708,Z708
S343,S343
W4503,_
V1649,_
N395,_
E8630,E86
R0290,R02
O883,O883
S5192,S519
S0232,S023
H4711,H471
I1119,_
U0731,_
Y93,_
Z038E,_
Z290Z,_
K370,K37
I6999,_
H3490,H349
M4038,M4038
P5451,P545
P3690,P369
M8701,M8701
U091,_
C780C7,_
B011GO51,_
S3151,S315
E1410,E141
P3687,P368
Z01218,Z012
B658J173,_
J960J9,_
I239,_
G941,G941
H0402,H040
M8543,M8543
M7036,M703
W2989,_
G823,G823
Z5799,Z579
N779,_
F78,F789
S7980,S798
C7650,C765
O696,_
K5700,K570
U0725,_
T75,_
H5782,H578
E167,_
N646,_
H91,H919
I942,_
2590,_
M4900,M4900
W1330,_
Z8780,Z878
G954,_
M494,M494
S492,_
K2909,K290
V390,_
W6489,_
T8591,T859
I1471,_
W1722,_
W8522,_
T5100,T510
C220D6,_
E412,E41
M6026,M6026
S7740,_
O295,O295
371,_
O342DZ302,_
N7016,N701
X5931,_
M9727,_
Z60,Z609
S928,_
M6208,M6208
S3501,S350
D1170,D117
D2870,D287
M1913,M1913
M2183,M2183
Z0388,Z038
J9892,J989
W4901,_
H0432,H043
O0820,O082
Y063,_
J239,_
O94,O94
T866,_
O256,O25
F15,F159
649,_
Z9669,Z9669
K755,_
D1772,D177
Y0709,_
T523,T523
T79A1,_
S0171,S017
T3109,T310
M8382,M8382
Z491C,_
K344,_
M4027,M4027
M4026,M4026
L513,_
K54,_
J8000,J80
I2192,I219
454,_
U071N,_
X6871,_
W565,_
T8002,T800
G409EPILEPSY,_
N021,N021
M4387,M4387
C601,C601
D2522,D252
T8181,T818
Y0448,_
D520,D520
A820,A820
R033,_
J3222,J322
L9730,L97
J234,_
P073P,_
N571,_
G469,_
R5990,R599
P636,_
K8350,K835
R440,R440
I8390,I839
I2512,I251
M7240,M7240
K037,K037
Z7902,_
H4230,_
C230,C23
J4400,J440
P3695,P369
S4891,S489
M9281,M928
P208,_
M9280,M928
G670,_
O178,_
J389,_
P071P,_
G349,_
O433,_
M8321,M8321
U109,_
W072,_
C660,C66
M2214,M221
E1064,E106
K94,_
X179,_
W5,_
C20M8010/3,_
J839,_
E1492,E149
V113,_
W280,_
Z1890,_
K1020,K1020
L3090,L309
L3091,L309
O0900,_
M9504,M950
I2,_
Z1810,_
S752,S752
W2392,_
O189,_
Z2090,Z209
P63,_
S2631,_
T977,T97
W498,_
X018,_
N4990,N499
V500,_
W5494,_
W5189,_
T3031,T303
P374,P374
P572,_
S294,_
I269S,_
Q5111,Q511
252,_
G4041,G404
H3491,H349
O4412,O441
N8325,N832
J9395,J939
O6550,O655
Q748,Q748
R439,_
I6902,I690
Q82,Q829
M5402,M5402
M0206,M0206
N083N1,_
K414,K414
X9542,_
R028,R02
K952,_
V53,_
Z317,_
F959,F959
MC,_
C1,_
M4880,M4880
S9393,_
G890,_
T870,T870
X1799,_
V232,_
B668,B668
J9893,J989
W191,_
E76,E769
7718,_
S3020,S302
U849,_
O8303,O830
M301,M301
B730,B73
M9659,M965
N1350,N135
U075,_
N8050,N805
G4678,G467
C952,C952
W0100,_
K161,_
M317,M317
X0409,_
O217,_
Z1383,Z138
D6481,D648
T046,_
H3082,H308
W8717,_
T688,T68
C29T2,_
I11O,_
V194,_
X0488,_
C8999,_
M9810,_
R820,R820
R799,R799
S1431,S143
Q291,_
B821,_
A969,A969
K3730,K37
J893,_
S2771,S2771
I789,I789
M8621,M8621
0101,_
Z0,_
M228X9,_
E083,_
Q525,Q525
C19IP,C19
XXX,_
C1PIP1,_
O298,O298
Z01219,Z012
Z0338,Z033
08,_
Z563,Z563
H1112,H111
1039,_
F649,F649
N1899,N189
S7246,S724
S5207,S520
3381,_
F19,F199
S6682,S668
S6422,S642
N407,N40
W16,_
M4812,M4812
Q286,_
S9612,S961
W441,_
W0352,_
Z5200,Z520
O2687,O268
H3323,H332
76,_
O550,_
O118,O11
H3192,H319
O67,O679
N1360,N136
2525,_
M7091,M7091
M9675,_
J0682,J068
I6,_
M7797,M7797
I2558,I255
I038,_
D2710,D27
Y617,_
H36O,_
O055,O055
S8609,S860
L410,L410
L7682,_
D630L,_
S8890,S889
P71,P719
274,_
W5502,_
N083C,_
K99,_
304,_
X780,_
X585,_
X2999,_
I1639,_
F2081,F2081
B049,B04
E486,_
E636,_
K243,_
T3101,T310
D3190,D319
D09,D099
5720,_
S9780,S978
M3821,_
0612,_
62,_
L079,_
Z484,_
M7861,_
T324,T324
M6784,M6784
S8500,S850
O7811,_
1412,_
O608,_
R2380,R238
T1489,T148
M8730,M8730
E8768,E876
C066,_
Q6920,Q692
E391,_
S54,S549
R278,R278
D651,D65
L668,L668
Q5301,Q530
5371,_
O8292,O829
I022,_
M8963,M8963
M9360,_
J846,_
H1082,H108
P0506,P050
N529,_
T340,T340
M0216,M0216
Y608,_
E339,_
C1PI2,_
X21,_
W5031,_
I7800,I780
E358,E358
T235,T235
C56D6,C56
M7014,M7014
K2460,_
T8999,_
N2885,N288
R413,R413
S1419,S141
O529,_
W2289,_
0346,_
C081,C081
J473,J47
S0019,S001
R259,_
S006,_
J1608,J160
M7110,M7110
L879,L879
M0801,M0801
M9385,M9385
M516,_
Q812,Q812
Z338,Z33
M3499,M349
N062,N062
W4400,_
T2330,T233
W184,_
V3818,_
Z8504,Z850
J264,_
G2591,G259
P322,_
T06,_
Y135,_
Z634,Z634
1485,_
S3623,S362
I6150,I615
C38,_
W0930,_
M8076,_
O8283,O828
E340,E340
Z370Y9,_
I6369,I636
S6305,S630
K244,_
C8199,C819
Z811,Z811
B289,_
D2262,D226
M8725,M8725
Y40,_
S0155,S015
N203,_
F061,F061
H244,_
M8409,M8409
P223,_
2D,_
P729,P729
H4940,H494
R836,R836
T308,_
11060,_
O398,_
R009,_
M7967,M7967
F508,F508
0362,_
113,_
114,_
117,_
118,_
1190,_
1191,_
1192,_
1193,_
1194,_
1195,_
1198,_
1199,_
1201,_
N8070,N807
V2829,_
K77,_
A931,A931
W8709,_
E186,_
O657,_
T864,T864
B27,B279
J031,_
O6814,O681
B213,B213
W0599,_
W4492,_
W5899,_
A1602,A160
M9751,_
Z390UO72,_
T1494,T149
A15O,_
M787,_
N1301,N130
H623,H623
E1461,E146
Z529,Z529
W132,_
M91,M919
T460X1A,_
U011,_
M4604,M4604
Z3890,_
F950,F950
D510C,_
T388,T388
M7902,M7902
X930,_
F441,F441
P571,_
W33,_
T129,T12
F829,F82
R480,R480
N2892,N289
S0321,S0321
A0949,A09
C0291,C029
Z146,_
Z13O,_
B376,B376
269,_
M6200,M6200
N390JO69,_
S393,_
S2440,S244
S6252,S625
K531,_
Q403,Q403
V922,_
C7821,C782
S8410,S841
D011,D011
W2089,_
H3111,H311
O927,O927
A543,A543
R5710,R571
J9421,J942
1256,_
G199,_
S9204,S920
S039,_
S425,_
D6,_
N185B,_
S5269,S526
J189Y95,_
H961,_
D870,_
D2440,D24
V6872,_
U,_
I251I,_
K2211,K221
D6859,D685
R5702,R570
I074,_
P142,P142
M2589,M2589
P764,_
W8542,_
C19T,C19
O3004,O300
D6869,D686
S2081,S208
H7000,H700
F759,_
B027,B027
W0178,_
L8191,L819
T15O,_
J979,_
H9591,H959
C4820,C482
H364,_
S6881,S688
Q1381,Q138
M8631,M8631
U07I,_
N390D,_
188,_
B1909,B190
R081,_
Z380PO31,_
C7820,C782
05,_
S7089,S708
Z3932,_
D573,D573
X277,_
W0172,_
W2687,_
S7641,S764
W2607,_
0150,_
H00U,_
W7899,_
Q071,_
Q072,_
P260,P260
S9841,S984
V833,_
M4850,M4850
K0477,K047
K0473,K047
D3502,D350
P0022,P002
A180DAGGER,_
D5950,D595
R976,_
B2690,B269
S824O,_
H5259,H525
F210,F21
S6002,S600
S0,_
S22XA,_
H543,H543
S3163,_
E822,_
O8402,O840
372,_
S677,_
9369,_
R274,_
T944,_
T8259,T825
J1739,J173
J952,J952
N1009,N10
E804,E804
P05,P059
C19CRP,C19
Z308208,Z308
S0543,S054
Z8911,Z891
C7170,C717
S4990,S499
G161,_
A441O,_
T837,_
V804,_
T744,_
O530,_
R201,R201
N6452,N645
Y2803,_
R746,_
L57,L579
Z6419,Z641
W3381,_
K7704,K770
Z027,Z027
N20O,_
0982,_
P084,_
O631O8,_
S3721,S3721
952,_
T816,T816
P334,_
I8915,I891
O721O6,_
N1402,N140
R870,R870
H4024,H402
Z8661,Z866
X73,_
M090,M090
2650GRAMS,_
2850GRAMS,_
Z3A0,_
F5861,_
T8092,T809
S522I,_
H8199,H819
1429,_
V2839,_
T0260,T0260
E576,_
E071,E071
K3583,K358
G4030,G403
J0893,_
M1289,M1289
D239M8000/0,_
W1949,_
Z380Z,_
Z3820,Z382
C509C7,_
O681Z,_
Y1799,_
O149Z,_
J1284,J128
M2111,M2111
J0290,J029
H468,H46
J4551,_
L0249,L024
R860,R860
E9861,_
Z8912,Z891
P3968,_
D63O,_
S9801,S980
T397,_
G491,_
B165,_
H6021,H602
H6012,H601
N349,_
C0210,C0210
C0512,C051
2308,_
H3012,H301
Z16,_
G716,_
I574,_
D55,D559
H5001,H500
H829,H82
Q7001,Q700
J700,J700
T434,T434
D558,D558
A133,_
O131,O13
H5932,_
N7090,N709
G9350,G935
S0611,S0611
V272,_
V2840,_
T741,T741
C6931,C693
E8541,E854
680,_
P615,P615
R75,R75
5553,_
1635,_
791,_
B0199,B019
O2445,O244
5664,_
F843,F843
D6439,D643
K7496,_
X1748,_
V1998,_
E259,E259
K7707,K770
Q93,Q939
N8581,N858
K4001,K400
S34,_
E1485,E148
S2114,S211
V1939,_
I2514,I251
S0810,S081
M8081,M8081
C6301,C630
99426,_
I639G46,_
H191,H191
K3538,K353
Q045,Q045
D6831,D683
S8411,S841
T9301,T930
V249,_
C3431,C343
D985,_
A419Y9,_
S6320,S632
O426,_
G6282,G628
L236,L236
S547,S547
U042,_
B3749,B374
N185D6,_
B048,B04
W5300,_
W5449,_
P673,_
P634,_
H4391,H439
M107,_
C6291,C629
T8089,T808
Q6473,Q647
Z2018,Z201
E842,_
W9499,_
P08,_
L748,L748
T481,T481
S0114,S011
K4190,K419
0338,_
X450,_
H8320,H832
O935,_
L8999,L899
9239,_
O8092,O809
O709XA,_
N092,_
D3333,D333
C3610,_
D061,D061
C103,C103
2641,_
F149,F149
C1PI91,_
H3682,H368
1708,_
Z01220,Z012
H3423,H342
9491,_
I4209,I420
S57,S579
C002,C002
X1208,_
S3440,S344
T2509,T250
P5801,P580
G788,_
I9589,I958
L6090,L609
T3N1M0,_
H2801,H280
V533,_
Z710,Z710
R89,R899
O4693,O469
Z397,_
C3333,C33
O043,O043
654,_
T67,T679
053,_
M0759,M0759
D391M8000/1,_
909035,_
Z01221,Z012
I1192,I119
I245,_
W0698,_
R005,_
K288,_
Z219,Z21
R432,R432
G465,G465
X0118,_
D365,_
L230,L230
H3609,H3609
S5622,S562
S4511,S451
V4976,_
J943,_
K2704,K270
X4792,_
M7434,_
H2606,H260
S867,S867
M8082,M8082
K8591,K859
O134,O13
X6801,_
J9612,J961
Q838,Q838
A504,A504
G965,_
Z006,Z006
N1309,N130
830,_
4419,_
M997,M997
S5510,S551
H2623,H262
U72,_
Z9849,_
3450GRAMS,_
3050GRAMS,_
G939TYPEA,_
S3669,S366
V110,_
I5011,I501
A359,A35
W320,_
N4829,N482
L9722,L97
O233O4,_
D1030,D1030
K8066,_
Q41,Q419
R428,R42
R431,R431
S385,_
R1084,_
G5141,G514
I1121,_
M7137,M7137
O19,_
S1017,S101
L0102,L010
L4053,L405
C1590,C159
Z913,Z913
H1331,H133
Z590,Z590
E26,E269
Y69,_
Z999,Z999
Y511,_
H9390,H939
Z068,_
Z345,_
J118I411,_
NCP01,_
O4190,O419
E241,E241
V0205,_
U021,_
G435,_
V973,_
I055,_
N6455,N645
D1000,D1000
H4211,_
E517,_
T5491,T549
Z0385,Z038
I1O9,_
O9960,O996
240,_
S9135,S913
O1010,O101
M2364,M2364
Z5999,Z599
D4220,_
T640,T64
H0452,H045
H5472,H547
N6321,N63
M6598,M6598
M203,M203
S6020,S602
P043,P043
T6521,T652
Z223,Z223
5459,_
T7612,_
O0829,O082
M0739,M0739
D628,D62
M8939,M8939
M1611,M161
D7281,D728
C76O,_
O9844,O984
M9811,_
G892,_
P532,P53
L3092,L309
J1520,J152
V331,_
W2503,_
M9895,_
O68O,_
T731,T731
S6571,S657
I7774,_
R822,R822
E0922,_
S5203,S520
X046,_
P7883,P788
4200GRAMS,_
N0396,N039
S2801,S280
B39,B399
C7950,C795
O204,_
0367,_
Y350,_
V2902,_
P609,P60
0301,_
R6520,R652
M8389,M8389
M7102,M7102
4279,_
M9041,M9041
N9395,N939
652,_
O3705,_
M749,_
C463,C463
W577,_
P2930,P293
Z2085,Z208
Z630,Z630
X8999,_
Z161,_
P3939,P393
N255,_
S2651,_
Y269,_
T934,T934
B119,_
B116,_
L1481,L14
D4321,D432
L0209,L020
E7820,E782
G9191,G919
Z3708,Z370
C4310,C431
K756,_
V119,_
A514,A514
Z2882,Z288
L659,L659
Y922,_
N105,N10
R9081,R908
C451,C451
I072,I072
C4372,C437
I819,I81
P871,_
T441,T441
W4458,_
C19IT2,C19
C6455,C64
I5082,_
C460,C460
Z370C,_
9D,_
Q11,_
W5773,_
I028,_
M8551,M8551
V122,_
A1707,A170
V0200,_
K5,_
C4O2,_
D805,D805
N278,_
M4515,M451
Z0141B,_
H809,H809
C191T,C19
Q4461,Q446
Q6581,Q658
X29,_
T2223,T222
X9699,_
9375,_
W2303,_
N1200,N12
I7291,I729
339Z,_
Q142,Q142
U712,_
W529,_
C7600,C760
T8310,T831
W0801,_
W3494,_
M8453,_
Z856,Z856
M078,_
O97,O97
M9756,_
E102N108,_
M815,M815
M071,M071
Q064,Q064
Y229,_
0235,_
I975,_
I387,I38
O6416,O641
J9611,J961
F035,F03
Z9661,Z9661
P295,_
M4783,M4783
20Z8,_
M360,M360
W348,_
C638,C638
O8529,O85
I1481,_
O9851,O985
A1811,A181
D545,_
E8731,E873
E438,E43
X0899,_
O379,_
Z40,Z409
M5138,M513
X997,_
Z8609,Z860
Q951,Q951
G572,G572
W2942,_
U499,_
Z1892,_
U071J,_
C9T1,_
L850,L850
E119E,_
O402,O40
N4010,N40
Z149,_
X6879,_
S5782,S578
W1131,_
W1530,_
Q719,Q719
T6591,T659
M1921,M1921
C19CIS,C19
X9548,_
E123,E123
J2189,J218
N4289,N428
H5440,H544
S3999,S399
K1321,K1321
T7802,T780
F42,F429
D19,D199
D572,D572
T060,T060
O1190,O11
D7283,D728
S0441,S044
N45O,_
W1498,_
V211,_
7741,_
Y15,_
J1489,J14
E518,E518
017,_
M8888,M8888
W3489,_
R5911,R591
M1600,M160
984,_
4019,_
J070,_
D8983,D898
S2699,S269
V2795,_
S2791,S2791
T7965,T796
1475,_
S2205,S220
Q139,Q139
N9081,N908
V2954,_
M9698,M969
W171,_
K715,K715
S6721,_
0665,_
B032,B03
E1651,_
R807,R80
Q702,Q702
I1071,I10
G734,G734
F1020,F1020
W2282,_
E379,_
M1109,M1109
Z0110,Z011
G142,G14
T1470,T147
M1569,_
S0156,S015
O889,_
H3681,H368
W0144,_
P833,P833
M8823,_
M7890,_
H8180,H818
W4069,_
Q824,Q824
E703,E703
6560,_
S0285,S028
0871,_
N4340,N434
S0499,S049
V2343,_
H4681,H46
M8931,M8931
Z361,Z361
K397,_
T678,T678
V897,_
H442A9,_
T456,T456
W328,_
H241,_
M9754,_
0070,_
N1817,N181
H4413,H441
O59,_
N1180,N118
F1510,F151
C0029,C002
Y298,_
W1341,_
E1323,E132
Z096,_
0092,_
X950,_
A382,A38
W7488,_
C920M9861/3,_
C187M8000/3,_
A085E861,_
P156,P156
M8203,M8203
I818,I81
Z497,_
I6002,I600
M7254,M7254
A321,A321
B818,B818
K1340,K1340
C19FRO,C19
U012,_
J999,_
3700,_
2200,_
U119,_
Z6844,_
K1893,_
E2749,E274
J489,_
J501,_
Q2340,Q234
J9001,J90
A749,A749
I8682,I868
C509B,_
S8265,S826
A211,A211
D3701,D370
H4440,H444
S9710,S971
N8011,N801
P0809,P080
S7611,S761
W5542,_
S0635,S063
040,_
P057,_
H5381,H538
C3499,C349
M5890,_
G3090,G309
R843,R843
R7390,R739
W1402,_
X6299,_
A1815,A181
908,_
S416,_
M8602,M8602
A481,A481
E65,E65
M2516,M2516
R767,_
T724,_
0602,_
E0420,E042
T1474,T147
T405,T405
2609,_
E777,_
7038,_
C7232,C723
M8972,_
N0863,_
M0001,M0001
U721,_
U0471,_
J199,_
J1093,_
J1585,J158
E7896,E789
L1071,_
1634,_
K969,_
J0609,J060
U700,_
Y65,_
C19OP2,C19
U0710,_
M867,_
7XXA,_
W779,_
C3293,C329
Z266,_
I726,_
M739,_
K780,_
O0691,O069
S3729,S372
S5245,S524
N40SC,N40
M7219,M7219
E1441,E144
Z3860,Z386
N985,_
M4322,M4322
R438,R438
R5081,R508
702,_
S0149,S014
N9961,_
D391D3,_
J429,J42
P798,_
S94,S949
R468,R468
M6210,M6210
Z170,_
L1712,_
M8451,_
S0535,S053
H1591,H159
T8403,T840
Y290,_
Y590,_
N8220,N822
A978,_
H702,H702
W093,_
P5933,P593
M7054,M705
Z726,Z726
Q331,Q331
I1019,I10
T9381,T938
J9383,J938
H4424,H442
C19TT,C19
J8,_
D312,D312
H3305,H330
Z2508,Z250
C6099,C609
C19IT1,C19
G208,G20
M9,_
A1269,_
N012,N012
1700,_
P48,_
F189,F189
H072,_
E121,E121
611B,_
I22,I229
R250,R250
I5083,_
W3441,_
C1C9T3,_
W4404,_
Z2312,Z231
S1892,S18
M9667,M966
H6602,H660
K89,_
S9055,_
U8999,U899
D5091,D509
M603,_
O378,_
Q10,_
W554,_
T882,T882
V982,_
Y534,_
M647,_
E8899,E889
250,_
Z3392,Z33
H2190,H219
U0712,_
N090,_
J1863,_
C1892,C189
U041,_
T101,T101
A250,A250
G9305,G930
R2521,R252
E3119,E311
I100UO72,I10
I154,_
Z1893,_
L1072,_
Z038UO72,_
G0001,G000
I1072,I10
M9621,M962
5665,_
E0425,E042
683,_
J4200,J42
C1T93,_
H7099,H709
H2551,_
W3471,_
K986,_
Z063,_
I001,I00
A348,A34
W3403,_
S9129,S912
R875,R875
M3732,_
Z98S7,_
E350,E350
190,_
P0373,_
S5080,S5080
P348,_
Z0387,Z038
M7955,M7955
Z4931,_
X219,_
W115,_
Z994,_
T8361,T836
S4690,S469
T11LW54,_
C191T2,C19
C126,C12
E219,_
1420,_
Q8580,Q8580
G071,G07
G11,G119
T4551,T455
U074,_
5860L,_
C1972,C19
R038,_
W1972,_
L027,_
Y600,_
M0007,M0007
U27,_
H6050,H605
V023,_
D73,D739
Z637,Z637
S1182,S118
G5640,G564
D191,D191
C3001,C300
O765,_
W1044,_
L822,L82
B3091,B309
N4332,N433
I2100,I210
J3700,J370
Z3390,Z33
G5100,G510
I6082,I608
J9420,J942
I1515,I151
T021,T021
K549,_
S9600,S960
Z1930,_
A354,A35
A36,A369
I50G,_
7208,_
6934,_
C1P1P4,_
J1859,_
U1893,_
A70,A70
E1125,E112
D02,_
W1298,_
083,_
X7801,_
S840,S840
A138,_
S6112,S611
Z702,Z702
L372,_
J434,_
W223,_
D272,D27
V2009,_
A821,A821
N40N,N40
C532,_
Z4980,_
C4022,C402
X139,_
H9122,H912
N286,_
T0221,T0221
H2800,H280
M268,_
Z4817,_
M1590,M159
M6514,M6514
M8824,_
M2332,M2332
O9891,O989
N284,_
M5226,_
O4323,O432
S5680,S568
L019,_
U071CO,_
H365,_
P73,_
1CIP2,_
K2505,K250
J1843,_
N8D01,_
U0071,_
Z072,_
J0270,_
W71,_
N8092,N809
L044,_
W3201,_
X7809,_
M9767,_
Z0384,Z038
S4611,S461
Z077,_
17,_
S3125,S312
Q9389,Q938
0L3,_
Y244,_
E1123,E112
N378,N378
M5727,_
S6400,S640
I54,_
N3011,N301
MCP1,_
W0980,_
C19Y1,C19
E950,_
X080,_
R570U,_
I441I,_
S5989,S598
W2963,_
C9500,C950
U072CO,_
D85,_
M476,_
R19T2,_
V4795,_
C18T2,_
W0601,_
B579,_
D5913,D591
W0710,_
O8702,O870
3980,_
O303,_
S9342,S934
S0646,S064
T2332,T233
H369,_
W4909,_
Q8909,Q890
832,_
Y0900,_
R750,R75
S453,S453
H6091,H609
P0039,P003
C1PI92,_
W1822,_
M1592,M159
S2709,S270
U027,_
S8287,S828
J9630,_
I138,_
H3692,_
R1606,R160
Z0315,Z031
C16T2,_
85,_
J135,J13
M8425,M8425
H906,H906
E758,_
L764,_
H28,_
N789,_
F878,_
O693O,_
I128,_
M9183,M918
L1900,_
W194,_
M9831,_
D4010,D401
C953,_
K5130,K513
I1289,_
R920,R92
N914,N914
C4461,C446
I1110,_
M7505,M750
R1319,R13
W2628,_
K2080,K20
V1324,_
F065,F065
N4930,_
Y49,_
Y46,_
J08,_
K6281,K628
J9318,J931
T8120,T812
Y3409,_
K529E861,_
G511,G511
A061E861,_
T453,T453
R877,R877
T428,T428
A3100,A310
E1108,E110
K609,_
W1473,_
X6909,_
X9901,_
M9321,M9321
M5800,_
S690,_
1714,_
C264,_
S5229,S522
P925,P925
S6307,S630
Z347,_
F875,_
T2500,T250
H282,H282
A517,_
W0629,_
Z658,Z658
B205,B205
N38,_
H6030,H603
C9,_
S7208,S720
P501,P501
Z232PO08,_
S042,S042
L59,L599
Q130,Q130
D014,D014
99640,_
S2510,S251
A099\,A09
T8901,_
Z0328,Z032
U899,U899
V863,_
Q916,Q916
Z0137,Z013
S8930,_
C848,C848
Z857,Z857
M6626,M6626
W1200,_
K931,K931
N283,_
M1890,M189
M1A9XX1,_
V446,_
C955,_
I2584,I258
C3411,C341
O9831,O983
Z498,_
Y100,_
C4419,C441
O28,O289
O7100,O710
T1471,T147
N726,N72
K338,_
M7970,M7970
M7930,M7930
I219I2,_
C522,C52
M9730,_
J963,_
J160,J160
N173,_
74,_
C766,_
U031,_
H0453,H045
C19R2,C19
F648,F648
19T2,_
O3403,O340
W245,_
W5911,_
K657,_
H1621,H162
Z810,Z810
Y02,_
L839,L83
H6640,H664
P042,P042
0110,_
8209,_
B98,_
V125,_
P304,_
828,_
X9272,_
W547,_
G689,_
K2591,K259
S8205,S820
J619,J61
J852Z,_
M5131,M513
J8100,J81
U0711,_
E088,_
W6073,_
W1493,_
B95,_
T364,T364
300,_
A23,A239
I110I,_
S8208,S820
N189D6,_
E736,_
N339,_
U0713,_
M1809,M180
W147,_
L233,L233
W921,_
J189U,_
I833,_
69,_
E119I2,_
J62,_
P3639,P363
B8072,B80
W800,_
M2118,M2118
X2008,_
H248,_
M0101,M0101
R785,R785
O6400,O640
O758O8,_
X4809,_
M6097,M6097
S8039,_
S6049,_
V265,_
T973,T97
0751,_
C539D6,_
M8774,_
D736,_
E06,E069
G0481,G048
O3440,O344
913,_
R2234,R223
H5060,H506
J609,J60
Z211,Z21
M2461,M2461
J1893A,_
C1911,C19
B2009,B200
Z208UO71,_
C9T2,_
Z8552,Z855
C1T1,_
K55O,_
E064,E064
D5011,D501
S9011,S901
K917,_
S988,_
M812,M812
S157,S157
A1803,A180
V2842,_
J0191,J019
S0708,S070
F046,F04
Y339,_
U874,_
O554,_
K185,_
O9113,O911
M8841,_
M511DAGGER,_
4652,_
Q729,Q729
Y583,_
M9030,M9030
V391,_
W4403,_
T1431,T143
N720,N72
C938,_
G066,_
O9959,O995
98,_
S2099,_
C795J,_
S5131,_
I41,_
Y575,_
Y367,_
I284,_
K027,_
C7651,C765
L8962,L89
C8171,C817
R0404,R040
W1344,_
K375,K37
307,_
H592,_
J67,J679
T348,T348
S8020,_
J3870,J387
Q2830,Q283
K943,_
E25O,_
M9013,M9013
H360º,_
A1831,A183
H2134,H213
S2611,_
M453,M453
M9656,M965
M4886,M4886
Q823,Q823
NCP,_
O1412,O141
O6232,O623
S3242,S324
Q510,Q510
F17,F179
M9330,_
J3425,J342
Y1808,_
850,_
E531,E531
M6490,_
S256,_
O4296,O429
C1071,_
D522,_
86,_
S9609,S960
V071J,_
1292,_
H0403,H040
S2124,S212
M8951,M8951
W46,_
Y618,_
O163,O16
S9821,S982
M66,_
I7020,I7020
N442,N44
S3750,S3750
N7640,N764
M4112,M4112
H3591,H359
O975,O97
G230,G230
Z01222,Z012
A084E861,_
M8791,M8791
T654,T654
Z0156A1,_
N997,_
H6080,H608
P813,_
Q987,Q987
O273,_
S3706,S370
X208,_
P025P,_
D92,_
2ºTODMNEPHROPAT,_
N422,N422
N8391,N839
V8494,_
V9510,_
O99O,_
I357,_
330,_
N6029,N602
D2591,D259
P5929,P592
Z6490,_
P2409,P240
M9800,_
M3180,M318
E870E,_
P063,_
C192T2,C19
Z4689,Z468
B9727,B972
I969,_
S9233,S923
Y9283,_
D859,_
M9975,M997
D4872,D487
Z4581,Z458
N075,N075
D4400,D440
A1625,A162
35,_
O8295,O829
N8005,N800
99450,_
H11001,H110
N185I120,_
Z01223,Z012
Z038\,_
G26,G26
M6502,M6502
Z996,_
H202,H202
A1501,A150
K262,K262
568,_
F639,F639
T059,T059
M4181,M4181
S9119,S911
328,_
Z72,Z729
M07,_
A1623,A162
A096,A09
I2136,I213
M9765,_
O4292,O429
K0681,K0681
W262,_
H292,_
I2143,I214
O606,_
Q9138,Q913
Y3399,_
M8320,M8320
H3492,H349
E044,_
U517,_
M0061,_
E059I438,_
Z015101,Z015
N185E142N08,_
Q1032,Q103
S9500,S950
L981,L981
K0900,K0900
V2199,_
Y445,_
L253,L253
I928,_
W1843,_
S2018,S201
E285,_
1917,_
W0192,_
S1400,S140
I164,_
H99,_
N688,_
J600,J60
J1879,_
N568,_
J1193,_
U001,_
064,_
A962,A962
C2091,C20
Z3470,_
T8559,T855
O676,_
H4799,_
Y0454,_
O185,_
M057,_
A731,_
0803,_
H8109,H810
Y604,_
M0317,M0317
X16,_
Z693,_
I9600,_
B549,B54
M460,M460
I638G467,_
X9199,_
H909,_
X567,_
R311,R31
O496,_
R519,R51
S535,_
Z852,Z852
P897,_
M6560,_
B381,B381
E836,_
Y753,_
X9340,_
X088,_
D0411,D041
H1799,H179
K3880,K388
I2652,_
S3711,S3711
G12,G129
A162U,_
Z093,Z093
A2707,A270
972,_
C91T2,_
S2420,S242
Z9481,Z948
W1703,_
W5973,_
Z363,Z363
Y080,_
P051PO71,_
2001,_
C6098,C609
N904,N904
O687,_
D2790,D27
M8360,_
T0919,T091
I92,_
L313,_
Q152,_
910,_
Z0141CC,_
669401,_
R563,_
Y925,_
M32I,_
L951,L951
N8090,N809
Z4967,_
P3910,P391
D3161,D316
L6201,L620
S3703,S370
X9304,_
M0282,M0282
O165,O16
Y990,_
S6622,S662
O199,_
R5739,_
H083,_
186,_
G38,_
B242,B24
D1630,D163
K8061,_
N2018,N201
C192T,C19
A9871,_
A439,A439
K95,_
Z1011,Z101
M9814,_
E680,E68
D638M1,_
Z258,Z258
T698,T698
R890,R890
E1127,E112
N1405,N140
E871TCCAP,_
Z987,_
V871,_
K2461,_
M5104,M510
A180M,_
E827,_
B1829,B182
D0931,D093
C19X2,_
P061,_
G934E,_
D1830,_
A129,_
P644,_
M148,M148
P518,P518
B70,_
J3488,J348
Z0398,Z039
T8132,T813
M9654,M965
Z0343,Z034
H0203,H020
O7011,O701
N1139,_
Q87,_
M9893,_
C193T,C19
V5748,_
O6540,O654
H2569,_
E112NO83N1,_
Z2081,Z208
M050,M050
E1362,E136
O6207,O620
O829Z,_
Q38,_
W3002,_
169,_
O416,_
O146,_
Q989,Q989
M632,M632
E8890,E889
C1IP2,_
G59,_
I509I,_
C5490,C549
A0299,A029
Y9299,_
S6082,S6082
M6080,M6080
CR4656,_
N9942,N994
A818,A818
S4171,S417
K141,K141
E669E,_
A297,_
O998O,_
M4629,M4629
8853,_
B8500,B850
W1441,_
W0704,_
M9666,M966
D455,D45
K708,_
C438,C438
Z160,_
T007,_
106,_
A088,_
Z1038,Z103
E796,_
C521,C52
O447,_
V2922,_
S0293,S029
C3831,C383
1139,_
D259D6,_
M2407,M2407
I117,_
9820,_
S5225,S522
Y9390,_
A5902,A590
R309,R309
G899,_
G5300,G530
A0194,_
D304,D304
D6499,D649
Z089,Z089
I639G467I63,_
9600,_
C1T92,_
O7001,O700
Z4361,Z436
P996,_
1442,_
M8718,M8718
P926,_
T374,T374
A5669,_
A330,A33
Y4199,_
M325,_
S676,_
R790,R790
S0622,S062
T226,T226
S1211,S1211
W4573,_
S1101,S110
C572,C572
W2402,_
4071,_
G49,_
0880,_
0071,_
H3610,_
C7700,C770
E2331,E233
W2992,_
K685,_
M1811,M181
Z3072,_
S590,_
W1369,_
P103,P103
B768,B768
X5804,_
F445,F445
S6432,S643
M390,_
D950,_
S6813,S681
N083Z,_
P599Z,_
C6901,C690
N644,N644
W329,_
X194,_
E024,E02
W2452,_
H054,H054
M7229,M7229
P51,P519
K5909,K590
X6809,_
N2882,N288
G214,G214
T419,_
J3522,J352
H215H,_
N3592,N359
O417,_
1638,_
A3701,A370
S1093,S109
O2401,O240
C19X1,_
M5428,M542
V1819,_
X5998,_
L9741,L97
S2130,_
W116,_
X9440,_
R312,R31
M2301,M2301
Q6231,Q623
B31,_
Z401,_
M8789,M8789
H7011,H701
M12,_
G1212,G121
W0141,_
O800Z1,_
Z822,Z822
A371,A371
S6242,S624
A242,A242
A296,_
K448,_
Z295,_
Z294,_
H504,H504
R171,R171
E82,_
W1601,_
W2409,_
T2311,T231
S18,S18
O479O,_
S4141,_
M1012,M1012
O8231,_
E0792,E079
C219T2,_
C119T2,_
S5500,S550
O0039,_
M0800,M0800
S6365,S636
2903,_
K366,K36
Z300O8O0,_
2042,_
Z8759,Z875
5810,_
X1009,_
S97,_
Z781,_
C169T1,_
O7604,_
M9998,M9998
O809Z370,_
K097,_
S9822,S982
Q317,_
C509O,_
F3130,F3130
G31,G319
S991,_
M6085,M6085
M2598,M2598
A4189,A418
M63,_
U099,_
S3221,S3221
W4003,_
X0604,_
Y0444,_
M1305,M1305
Z9601,Z960
V4748,_
L684,_
R627,_
R1,_
M8418,M8418
H8191,H819
C1T2,_
I113,_
C4001,C400
N94,N949
I183,_
K616,_
M1301,M1301
C9111,C911
K053KO42,_
N1400,N140
E25,E259
W8609,_
H3563,H356
1709,_
T867,_
M9075,M9075
T472,T472
C19CI22,C19
S8224,S822
C419Z5,_
O495,_
Q8711,Q871
T8143,T814
M2303,M2303
P995,_
O2630,O263
O3342,O334
N621,N62
O727,_
O874,_
O3430,O343
M6003,M6003
E182,_
3580,_
H6290,_
K5505,K550
463,_
S8995,S899
S7205,S720
816,_
Y0402,_
W6981,_
V675,_
P868,_
E970,_
S3994,S399
R58X,R58
C1971,C19
U019,_
T1899,T189
H5909,H590
H3573,H357
Q01,Q019
L628,L628
I2110,I211
V2,_
T8253,T825
U071C19IP3,_
Y95J4,_
A0,_
D741,_
O012,_
T8151,T815
O1402,O140
W2191,_
D092,D092
Z3809,Z380
J864,_
53,_
E244,E244
K463,_
W275,_
I140,_
V379,_
D998,_
730,_
N1830,N183
M0250,_
2950,_
Z3440,_
518,_
I517I,_
R183,R18
T1512,T151
S1500,S150
G545,G545
X829,_
J1892A,_
I697,_
V068,_
L650,L650
W51,_
L390,_
4900GRAMS,_
K104,_
O9903,O990
E3871,_
O3034,_
J525,_
Q732,_
M9426,M9426
C053,_
W217,_
S942,S942
W014,_
K536,_
E095,_
K5003,K500
X9369,_
I496,_
K8035,K803
K11,K119
E0929,_
J0891,_
V497,_
F029,_
G486,_
V2209,_
W2969,_
F1999,F199
N185N139,_
M1253,M1253
D109Q,_
S2181,S218
M613,M613
E7980,E798
S480,S480
W760,_
H712,H71
K523,K523
Z3951,_
T3141,T314
S404,_
V9499,_
S4981,S498
I302,_
L8914,L891
O891,O891
H344,_
L9849,L984
D3132,D313
E017,_
D095,_
R0401,R040
G115,_
I6400,I64
M8710,M8710
S5036,_
H3412,H341
W859,_
W3273,_
L726,_
B8895,B889
Z422,Z422
M2583,M2583
Z01224,Z012
S490,_
T354,T354
1739,_
Q001,Q001
G257,_
J453,_
490,_
H7012,H701
I974,_
N185EZ491,_
Y004,_
H8108,H810
H2631,H263
S656,_
C371,C37
9E,_
F818,F818
M9507,M950
I4290,I429
T185XXA,_
F052,_
C115,_
E082,_
B271,B271
Z3348,Z33
B36,B369
W8783,_
I023,_
P215,_
Y9269,_
650,_
V2709,_
O762,_
Z691,_
Z01225,Z012
Z0042,Z004
8186,_
0898,_
D6378,_
M9072,M9072
C900C9,_
I6522,I652
M1691,M169
D608,D608
E1436,E143
G514,G514
V2969,_
Z614,Z614
1237,_
S4140,_
C18CI,_
C10CI,_
C19PI,C19
I172,_
F529,F529
C926,C926
I2699,I269
P5820,P582
2315,_
M4020,M4020
K343,_
382,_
G631,G631
M7181,M7181
W244,_
W4969,_
M2591,M2591
X79,_
M953,M953
H1161,_
N1889,N188
S3000,S300
R0904,R090
M7059,M7059
G1281,G128
Z2080,Z208
99360,_
0000000,_
0579,_
O8720,O872
M97,_
S0920,S092
I063,_
S4246,S424
K415,_
O4592,O459
C143,_
S0029,S002
C1919,C19
K934,_
R0257,R02
331,_
C7971,C797
Q5529,Q552
I257,_
S211S3,_
V8900,_
V3849,_
Z208\,_
O3633,O363
J079,_
S161XXA,S16
O003,_
5479,_
S6660,S666
D712,D71
M7028,M702
K913N1,_
B792,B79
S1619,S16
Z9810,Z981
D3801,D380
A0606,A060
T7834,T783
I521,I521
P0763,_
S3340,S334
S9070,S907
E7080,E708
K384,_
F919,F919
V575,_
V830,_
U208,_
Z0120,Z012
Q667,Q667
I7025,I702
J739,_
3640,_
O772,_
P0702,P070
O746,O746
Z587,Z587
R592,_
V689,_
M6221,M6221
J824,J82
X212,_
U892,_
V919,_
W4569,_
W3173,_
C818,_
5499,_
Z0141A,_
M4327,M4327
B362,B362
H3506,H350
Q6202,Q620
E0450,_
E1090,E109
C5094,C509
989,_
M2290,M229
O7205,O720
H3199,H319
C13T2,_
W5704,_
G553,G553
S7012,S701
S0188,S018
Y42,_
D833,_
V283,_
Q322,Q322
T7501,T750
Z9491,Z949
V6900,_
H3533,H353
L018,_
0032,_
V212,_
N6597,_
J7893,_
Z3901,Z390
H8590,_
Z763,Z763
H0591,H059
6902,_
Z207,Z207
X1004,_
R558,R55
K968,_
H3103,H310
Y730,_
V8901,_
X13,_
P763,_
V0209,_
C61N,C61
K6269,K626
H0006,H000
E422,E42
O821O,_
1693,_
V2240,_
S064X9A,_
P486,_
M6742,M6742
C6960,C696
V8938,_
M204,M204
N8130,N813
I931,_
T9928,_
W193,_
N414,_
M8504,M8504
W3429,_
H6042,H604
D8461,_
C50912,C509
M2465,M2465
K0902,K0902
P088,_
G1172,_
C1121,C112
5882,_
R43,_
M8262,_
E119L8,_
S6420,S642
M2537,M2537
Z2308,Z230
J088,_
M4014,M4014
M321N0,_
I188,_
V670,_
S038,_
Z0368,Z036
G5762,G576
M7542,M754
J1832,_
1853,_
K9,_
M1924,M1924
O990O,_
N8999,N899
H8361,_
Q935,Q935
J9182,J91
A1410,_
M110,M110
M7641,M764
Z3031,Z303
Y494,_
S349,_
T6002,T600
W759,_
M8343,M8343
D2294,D229
P77P3,P77
B342E,_
I2893,I289
Z568,_
O70Z,_
E884,_
Y2499,_
Q5051,Q505
Z0318,Z031
O774,_
K230,K230
F69,F69
S6199,S619
E442,_
N083º,_
J21,J219
E1193,E119
P382,P38
K8045,K804
C5031,C503
S4570,S457
S4470,S447
S4670,S467
Z8619,Z861
A407,_
M010,M010
\\,_
M9082,M9082
9075,_
1000,_
T8577,T857
D259N,_
M9372,_
L9880,L988
Z9002,Z900
S0662,S066
C029B,_
G4051,G405
M8342,M8342
V9949,_
M6145,M6145
M9190,M9190
0643,_
562,_
473,_
E1136,E113
M506,_
O0342,O034
V4259,_
K4600,K460
Z200\,_
Z2003,Z200
669,_
G811,G811
N6342,N63
S6409,S640
I2421,_
E1369,E136
R0240,R02
N185M3,_
T9700,T97
M2341,M2341
O707,_
G04,G049
P0382,P038
J422,J42
S6212,S621
5350,_
M015,M015
E1101,E110
O8020,_
G089,G08
E7412,E741
J0318,_
E846,_
03,_
M118,M118
D728M,_
W187,_
J801,J80
I642,I64
V8892,_
S9601,S960
Q23,Q239
L606,_
A902,A90
28,_
P688,_
M611,M611
J629,_
S292,_
S805,_
A934,_
M0170,_
O8212,O821
5862,_
S966,_
M006,_
D638E1,_
1038,_
Z0310,Z031
Z2208,Z220
C19R1,C19
C7130,C713
P28,P289
P141,P141
V526,_
S413,_
876,_
M9499,M9499
I1321,I132
Z0151C1,_
Z0153A1,_
C4471,C447
O114,O11
O817,_
S3614,S361
H2404,_
S9790,_
Q526,Q526
S0652,S065
K682,_
S768,_
Q716,Q716
V4975,_
Z9551,Z955
M039,_
C855,_
J906,J90
Z0153,Z015
O7608,_
D940,_
M9089,M9089
1490,_
T034,T034
M0760,M0760
K235,_
V0301,_
B254,_
K340,_
Z3208,Z320
I1239,_
I773,I773
O6480,O648
O820C,_
J90A1,J90
Q979,Q979
H6610,H661
S448,S448
B573,B573
X1989,_
V321,_
H2703,H270
M192,M192
A0819,A081
W344,_
X0909,_
I109I,I10
F800,F800
P0739,P073
B572,B572
C7A8,_
M8618,M8618
E321,E321
S6,_
R718,R71
Z9581,Z958
C7949,C794
Z2010,Z201
S4205,S420
K3311,_
K5661,K566
693,_
M9196,M919
5847,_
K8082,K808
W247,_
H827,H82
Z323,_
Q6640,Q664
B243,B24
S0187,S018
D262,_
O0344,O034
D1600,D160
K9049,K904
F848,F848
W2048,_
G894,_
I628,_
O1503,O150
492,_
M2616,_
G213,G213
S7070,S707
M499,_
K183,_
R3701,_
Y54,_
C6229,_
D57,_
R741,_
M8007,M8007
I0909,I090
Z1008,Z100
C398,C398
X9509,_
E300,E300
J9I,_
K8O2,_
H863,_
Q803,Q803
W1958,_
K162,_
S377,S377
I599,_
Q356,_
726,_
F1122,F1122
M802,M802
S3199,_
L8020,L80
E0402,E040
S3441,S344
G9751,_
P35,P359
C7983,C798
G97,G979
Z208I,_
F629,F629
K407,_
H253,_
J313,_
M2240,M224
V0995,_
B1815,B181
N3909,N390
N1312,N131
5490,_
M7698,M769
C4462,C446
N0302,N030
T2442,T244
Z38D,_
1891,_
W2659,_
D375D,_
N51,_
E35,_
I4990,I499
M5395,M5395
Z0157C1,_
4324,_
Z8902,Z890
D4401,D440
S334XXS,_
E862A,E86
V150,_
N6325,N63
Z052,_
L9890,L989
W65,_
S65,S659
J307,_
Z0157,Z015
M7667,M7667
M7656,M7656
H0288,H028
N8980,N898
L272,L272
H7123,H71
S7500,S750
M3800,_
F165,F165
Q6101,Q610
M2,_
S067,S067
3500GBRAMS,_
M839,M839
Z512C,_
C5399,C539
C1913,C19
I857,_
6829,_
I9539,I953
O780,_
E0539,E053
J189J,_
O6410,O641
998,_
O9681,O96
J71,_
5392,_
N8001,N800
M7738,M773
C555,C55
P986,_
V432,_
F509,F509
H3191,H319
M5137,M513
T0230,T0230
R9110,R91
A746,_
S5820,S582
N6490,N649
H768,_
S8226,S822
X9399,_
M1922,M1922
M6092,M6092
N876,_
D4102,D410
M8381,M8381
T8471,T847
M2195,M2195
T9351,T935
N7013,N701
Q28,Q289
9096,_
M2421,M2421
697,_
V828,_
I1209,I120
A35X,A35
Z2019,Z201
B460,B460
I756,_
H5111,H511
M6727,M6727
A4191,A419
M036,M036
L0290,L029
K939,_
D3800,D380
U861,_
5791,_
D3743,D374
K9222,K922
W378,_
S2035,S203
M7906,M7906
E445,_
I537,_
I895,_
A181N5,_
N298N,_
C795C,_
E988,_
T0021,T002
B718,B718
V1949,_
S5629,S562
X71,_
W2142,_
Z4582,Z458
0800Z2,_
R0634,R063
D187,_
O74,O749
M951,M951
M8414,M8414
I68,_
M282,_
C9097,_
K8055,K805
I6395,I639
D968,_
A082,A082
2232,_
V822,_
I6392,I639
O714Z,_
I1290,I129
R463,R463
I5I7,_
S5640,S564
P0500,P050
C8594,C859
Z8901,Z890
V1699,_
F137,F137
302,_
W2722,_
Z0100,Z010
T8462,T846
P3638,P363
Q772,Q772
40,_
I1592,I159
M401,M401
W683,_
S6880,S688
C1700,C170
D84,D849
Z15,_
J8191,J81
Z038S,_
X5902,_
A060E862,_
A097E861,A09
I5160,I516
N850N,_
R369,R36
V346,_
S356,_
S6235,S623
H5008,H500
P984,_
0243,_
W2369,_
Z3740,Z374
V0998,_
Z75,Z759
C303,_
M7973,M7973
K3350,_
L292,L292
H545,H545
K5131,K513
5203,_
0439,_
O3654,O365
Z03Z8,_
S679,_
N4321,N432
F22,F229
L031SEPSIS,_
X6109,_
D62Z3,D62
Z456,_
Y9599,_
Z163,_
K238,K238
B021,B021
Z045,Z045
X1609,_
M9851,_
S4370,S437
T0931,T093
K4501,K450
M668,_
Z3520,Z352
700,_
003,_
C192,C19
Z2073,Z207
A1099,_
Y528,_
K5333,_
C8915,_
A639,_
T879,_
Y882,_
H9201,H920
H9212,H921
M9501,M950
M5400,M5400
4400GRAMS,_
Y9559,_
K240,_
F3290,F329
H2560,_
E1194,E119
653,_
12354,_
C19CIP2,C19
X0813,_
Q830,Q830
S8110,S811
S4442,S444
N0283,N028
Y546,_
E8708,E870
X200,_
S818O,_
H9193,H919
I9120,_
K966,_
Z520,Z520
N179N,_
O1400,O140
M2152,M215
C19T0,C19
H4083,H408
5189,_
5551,_
S4315,S431
818,_
E072,E072
M2121,M2121
J189Y,_
S2991,S299
I93,_
M433,M433
T1302,T130
S3321,S332
X5008,_
D414D6,_
S2999,S299
C56D,C56
M4710,M4710
M2720,_
T415,T415
N179A,_
K703K,_
B46,B469
H3380,_
R510,R510
T8182,T818
V3398,_
S734,_
T284,T284
O971,O971
D82,D829
E1119,E111
M9115,M9115
567,_
M1731,M173
C1981,C19
N083N,_
Q726,Q726
D5,_
K4040,K404
T8453,T845
I2111,I211
Q562,Q562
I10O,I10
V3069,_
S6680,S668
I8245,_
S8352,S835
M9062,M9062
L986,L986
Z20828,Z208
N626,N62
Z0282,Z028
3370,_
0889,_
1689,_
A1510,A151
S5670,S567
J883,_
C151,C151
A1881,A188
S8621,S862
S8619,S861
M6511,M6511
R1151,R11
S5630,S563
S0607,S060
N239,N23
M9520,M952
M2011,M201
Q104,Q104
C3430,C343
S8229,S822
C804,C80
U0727,_
N8512,N851
J968,_
H12,_
R139,R13
Q408,Q408
L581,L581
145,_
M9869,_
S0820,_
X9929,_
N0383,N038
K988,_
D658,D65
F133,F133
E872D,_
M2800,_
V1959,_
C008,C008
L238,L238
D6371,_
M2672,_
5061,_
Q0702,Q070
W6862,_
V2993,_
V918,_
S5102,S510
W2972,_
H5603,_
H9512,H951
M73,_
M9683,M968
S36I,_
N955,_
C9I0,_
Z0208,Z020
883,_
837,_
I6205,I620
M510DAGGER,_
I910,_
T0440,T044
T6092,T609
H4031,H403
W0794,_
B4489,B448
L405MO73,_
C4940,C494
H9202,H920
O0690,O069
D660,D66
S0659,S065
G10,G10
N1372,N137
N1220,N12
E33,_
K82A2,_
R47,_
M8270,_
O9803,O980
B11,_
H5202,H520
I85I,_
D324,_
N0039,N003
S0812,S081
W1322,_
C832,C832
K696,_
S9390,_
S224O,_
S0606,S060
N5091,N509
C1T19,_
N3190,N319
L99,_
C866,C866
Y190,_
M0297,M0297
E1124,E112
Z3871,Z387
Y5,_
Z729,Z729
M7650,M7650
T389,T389
Y247,_
2302,_
W5109,_
K2748,K274
K181,_
4021,_
150,_
W197,_
S426,_
O955,O95
E0821,_
P25,_
E1491,E149
C5109,C510
M8804,M880
3202,_
A69,A699
K1219,K1219
N185NI39,_
M8501,M8501
049,_
S7115,S711
C8333,C833
O423,_
T5391,T539
S0909,S090
S282,_
O954,O95
M6710,M6710
W079,_
A3162,_
M2411,M2411
M970,_
O9800,O980
B945,_
K922K2,_
G749,_
X9109,_
B9999,B99
D5912,D591
Q6660,Q666
X430,_
S0262,S026
K7,_
F020,F020
H2535,_
M9086,M9086
K6400,_
R368,R36
S4224,S422
I251Z,_
S0689,S068
L610,_
H628,H628
G4081,G408
Z3905,Z390
J9504,J950
F5122,F512
M9873,_
Z3869,Z386
N0339,N033
E1427,E142
Z208C,_
F1098,F109
E1180,E118
T440,T440
3875,_
I28,I289
M8655,M8655
V593,_
X4509,_
I758,_
S638,_
O8302,O830
M1,_
Z9484,Z948
Q694,_
S262,_
D293,D293
L0602,_
J3201,J320
B245,B24
M8671,_
X0,_
I1210,_
S5255,S525
A170GO1,_
T343,T343
T2104,T210
Z380PO34,_
P220P,_
V420,_
J454,_
H7080,H708
M8923,M8923
Z370F,_
Q72,Q729
S3603,S360
L013,_
T8411,T841
K331,_
M8641,M8641
K3188,K318
CR4698,_
Y6999,_
E682,E68
N1471,_
R2110,R21
237O,_
23O2,_
O33O,_
N4341,N434
H49,H499
N3939,N393
T8401,T840
H071,_
X808,_
M8350,M8350
K5280,K528
V4990,_
O7210,O721
F551,F551
S780,S780
G395,_
529,_
U813,_
B3321,B332
A31,A319
V699,_
Z4880,Z488
G5621,G562
4375,_
K79,_
I237,_
O494,_
E019,_
Q035,_
F1010,F101
A1502,A150
I619G,_
T041,T041
S3661,S3661
X442,_
I685,_
W0998,_
M378,_
T2531,T253
O6532,O653
K396,_
K9292,K929
P9162,P916
X3799,_
S8264,S826
L64,L649
C2201,C220
D0502,D050
Q973,Q973
X781,_
P0020,P002
B431,B431
S01A,_
A3509,A35
S76,_
S5650,S565
Q0700,Q070
M492,M492
F4323,F4323
P2411,P241
V546,_
W1902,_
S5611,S561
S6411,S641
G73,_
C149T1,_
E8350,E835
R802,R80
K245,_
M500DAGGER,_
S6238,S623
S0504,S050
M9865,_
3409,_
E8780,E878
Q786,Q786
K2,_
Y0452,_
T1541,_
T1812,T181
M9102,M910
W0700,_
C369,_
C49T1,_
B639,_
X012,_
0360,_
M0982,M0982
M8433,M8433
O0211,O021
S5110,S511
W0114,_
C91T1,_
F30,F309
N320C,_
T14I,_
I276,_
W2901,_
M36,_
M4659,M4659
Y434,_
V8829,_
K729S,_
H72,H729
M4380,M4380
27576,_
S5277,S527
1792,_
F881,F88
I550,_
X318,_
A329,A329
158,_
658,_
N185Q,_
N0873,_
W231,_
I2129,I212
T050,T050
M2504,M2504
Q293,_
4011,_
V2229,_
E266,_
F132,F132
C5062,C506
E0923,_
S6841,S684
R5748,_
U847,_
R199,_
Z538,Z538
M8645,M8645
M7158,M715
G936I,_
O4850,O48
N642,N642
N512,N512
A4138,A413
S5920,_
G574,G574
B487,B487
C177,_
H6192,H619
P152,P152
A5271,A527
G499,_
Z290U0,_
G0490,G049
U071O,_
I123,_
K0551,K055
K6111,K611
E1542,E15
U071C19IP2,_
Y513,_
S8800,S880
N380,_
D344,D34
M9850,_
H001I,_
H3220,_
T8781,_
B387,B387
F158,F158
K491,_
W492,_
O3242,O324
0119,_
0400,_
37,_
044,_
A054,A054
C19T6,C19
M7138,M7138
Z482,_
N8189,N818
I8381,_
A046,A046
33,_
C19PI4,C19
C19XI,C19
N9391,N939
471,_
H1020,H102
J15TOPR,_
U081,_
I637,_
M43,M439
S6019,S601
I7310,I731
S5700,S570
X003,_
A358,A35
500,_
E775,_
S2680,S2680
U024,_
H8112,H811
J9609,J960
R58T,R58
B959,_
C13T9,_
T2602,T260
C1098,C109
S4812,S481
A692,A692
O0604,O060
0330,_
S7591,S759
M2570,M2570
M085,_
B462,B462
E815,_
I129\,_
Q821,Q821
J1223,J122
H6530,H653
B299,_
I405,_
S6818,S681
K4691,K469
M4022,M4022
I1093,I10
R701,R701
I1039,I10
P530,P53
B0881,B088
S9520,S952
P502,P502
T684,T68
C1PIP2,_
Q22,Q229
M5110,M511
Z423,Z423
D818,D818
M420,M420
N960,N96
F4321,F4321
E119UO71,_
T8125,T812
D807,D807
M699,_
E0930,_
C391,_
H2109,H210
I570,_
T8400,T840
M27,_
M9065,M9065
X870,_
N8091,N809
Z1115,Z111
B876,_
K7546,K754
CRO388,_
U086,_
200,_
I1822,_
K6130,K613
A67,A679
H474,H474
N074,N074
H5941,_
M0306,M0306
B10,_
C190T2,C19
O6210,O621
F659,F659
G6939,_
M9413,M9413
Q6471,Q647
R791,_
S9209,S920
J482,_
M6749,M6749
CR4693,_
H296,_
B611,_
T877,_
J861,_
I1272,_
C988,_
L45,L45
379,_
D502,_
D008,_
M2579,M2579
Q13,Q139
W2788,_
1P3,_
N599,_
N8,_
T1491,T149
N4080,N40
R862,R862
E8801,E880
M9140,_
D617,_
E934,_
J1855,_
J9575,_
M9921,M9921
N1810,N181
R30,R309
S6309,S6309
D042,D042
O8207,O820
Q802,Q802
T049,T049
Q810,Q810
L433,L433
M993,M993
P306,_
W2892,_
I2691,I269
L260,L26
J1820,J182
L319,_
J1493,J14
F08,_
S4992,S499
S6134,_
D771,D77
R889,_
I948,_
J0600,J060
T205,T205
L7291,L729
M0180,M0180
A111,_
Y592,_
I999,I99
M4756,_
T248,_
M2134,M213
R502,R502
C19T21,C19
C19T2Q,C19
Z0156A2,_
M7041,M704
H266,_
C946,C946
M2444,M2444
C194RP,C19
N3092,N309
N1510,N151
P0732,P073
J189UO72,_
G4194,G419
68,_
B581,B581
B272,_
L749,L749
C129T2,C12
Z021,Z021
H45,_
Z0154B1,_
Q053,Q053
073,_
A112,_
I013,_
C1659,C165
F130,F130
G9380,G938
I8506,I850
Z0154,Z015
C19T23,C19
12234,_
Z0370,_
Z344,_
988,_
R05X,R05
C19T63,C19
H9200,H920
C196T1,C19
C91T3,_
N185Z4,_
K654,_
Z011H,_
C19IFRP,C19
H1022,H102
N193,N19
99999,_
A1632,A163
Q968,Q968
D844,_
D6879,_
U191,_
K024,K024
M9982,M9982
C19PP2,_
Z0158C2,_
Z0158C1,_
Z0157C2,_
Z01592,Z015
C19PP4,_
0000000000,_
E1116,E111
517,_
M98N3,_
N024,N024
I2480,I248
009,_
C19FR,C19
Z0158,Z015
K2270,K227
J12,J129
Q30,Q309
808,_
