raw_code,mapped_code
J1892,J189
G629,G629
A099,A099
P249,P249
A970,_
A971,_
N390,N390
S0600,S0600
A010,A010
J36,J36
I101,I10
R568,R568
J4590,J459
I500,I500
T784,T784
I259,I259
K291,K291
H811,H811
A091,A09
I109,I10
I64,I64
J110,J110
J4500,J450
M6268,M6268
B349,B349
J449,J449
I219,I219
E119,E119
F100,F100
J1802,J180
F453,F453
J960,J960
E116,E116
O600,O600
G933,G933
A160,A160
I119,I119
I678,I678
P240,P240
J988,J988
K808,K808
A169,A169
I110,I110
K579,K579
J209,J209
D649,D649
M5401,M5401
I200,I200
I639,I639
A060,A060
E46,E46
A162,A162
J441,J441
E876,E876
N200,N200
K567,K567
K30,K30
J069,J069
K297,K297
J039,J039
N10,N10
N111,N111
E878,E878
A150,A150
S008,S008
J90,J90
K760,K760
N179,N179
N40,N40
G952,G952
P073,P073
R560,R560
J391,J391
K270,K270
S021,S021
E162,E162
N940,N940
M2456,M2456
I638,I638
K219,K219
I209,I209
E109,E109
J679,J679
J81,J81
I499,I499
N189,N189
N185,N185
M6260,M6260
J683,J683
J111,J111
J101,J101
I248,I248
I129,I129
I258,I258
I471,I471
H810,H810
K560,K560
E146,E146
K710,K710
K566,K566
J1899Y9,_
M5419,M5419
P599,P599
N139,N139
I633,I633
K319,K319
A972,_
N19,N19
K712,K712
M543,M543
E059,E059
I850,I850
G442,G442
A084,A084
A049,A049
M4796,M4796
N946,N946
M0096,M0096
I618,I618
G900,G900
K299,K299
N719,N719
S0620,S0620
O140,O140
J961,J961
E784,E784
K564,K564
E145,E145
I48,I48
T009,T009
L038,L038
K746,K746
D630,D630
T549,T549
A419,A419
I509,I509
J849,J849
D45,D45
C921,C921
T810,T810
N039,N039
J068,J068
I880,I880
M629,M629
L039,L039
K210,K210
J1893,J189
K290,K290
A498,A498
O998,O998
M940,M940
K802,K802
S0610,S0610
S050,S050
H814,H814
J852,J852
K279,K279
N459,N459
S731,S731
K800,K800
D509,D509
J668,J668
E039,E039
O210,O210
N132,N132
O996,O996
G723,G723
J22,J22
H445,H445
H603,H603
K810,K810
D693,D693
J387,J387
J1542,J154
P229,P229
N300,N300
J390,J390
A090,A090
K276,K276
A099E861,A09
R42,R42
I619,I619
P239,P239
K739,K739
K700,K700
P369,P369
K659,K659
M1999,M1999
K318,K318
S000,S000
N47,N47
G459,G459
S819,S819
E111,E111
N008,N008
A030,A030
S390,S390
P919,P919
E142N083,_
P704,P704
I679G467,_
G430,G430
K758,K758
A083,A083
I629,I629
J448,J448
J981,J981
T751,T751
E441,E441
K273,K273
K801,K801
I674,I674
O988,O988
D352,D352
M478,M478
T202,T202
O800,O800
S611,S611
E115,E115
E43,E43
M1000,M1000
M0689,M0689
C220,C220
L031,L031
C509,C509
J853,J853
E861,E86
G454,G454
T509,T509
M8705,M8705
K862,K862
K639,K639
E835,E835
E135,E135
G473,G473
G939,G939
I120,I120
M673,M673
K259,K259
O200,O200
L033,L033
H402,H402
G510,G510
I255,I255
R570,R570
L028,L028
S0601,S0601
K118,K118
E788,E788
O021,O021
O809,O809
Z380,Z380
K253,K253
L00,L00
C859,C859
T928,T928
B059,B059
K632,K632
F064,F064
E050,E050
G439,G439
H431,H431
D381,D381
B09,B09
P221,P221
K804,K804
N939,N939
A499,A499
M0095,M0095
P072,P072
S0660,S0660
K859,K859
G441,G441
M159,M159
K818,K818
K590,K590
N12,N12
N201,N201
M0807,M0807
L032,L032
K137,K137
K658,K658
K752,K752
N832,N832
K828,K828
I420,I420
P025,P025
I213,I213
D619,D619
M1099,M1099
I050,I050
N61,N61
C73,C73
T793,T793
M0099,M0099
J060,J060
G20,G20
M1990,M199
M5437,M5437
N170,N170
T783,T783
G440,G440
G409,G409
M7939,M7939
Q441,Q441
I250,I250
G450,G450
J050,J050
D820,D820
NSD,_
N133,N133
J690,J690
I5000,I500
A014,A014
N000,N000
I679G468,_
G401,G401
E117,E117
K904,K904
T003,T003
P368,P368
L030,L030
S090,S090
J392,J392
N281,N281
MCP,_
K599,K599
K295,K295
K766,K766
N136,N136
G009,G009
K769,K769
I479,I479
O990,O990
M545,M545
K254,K254
M353,M353
O219,O219
M7919,M7919
M329,M329
I341,I341
I279,I279
G931,G931
I639G467,_
M359,M359
I802,I802
A079,A079
K573,K573
G934,G934
T782,T782
C795,C795
F209,F209
E069,E069
N188,N188
D46,D469
C229,C229
A062,A062
D500,D500
K112,K112
I609,I609
N800,N800
G049,G049
N209,N209
I130,I130
S468,S468
R571,R571
C189,C189
N921,N921
T789,T789
B019,B019
G628,G628
T887,T887
K122,K122
G92,G92
H813,H813
C950,C950
E136,E136
I269,I269
O470,O470
CR0148,_
D638,D638
I38,I38
T813,T813
N049,N049
S0680,S0680
F069,F069
N009,N009
C61,C61
M0690,M0690
J40,J40
A063,A063
D414,D414
E781,E781
K85,K859
S099,S099
D329,D329
I498,I498
A490,A490
O039,O039
I220,I220
O720,O720
J689,J689
S16,S16
K638,K638
J91,J91
G621,G621
N944,N944
J969,J969
G98,G98
T900,T900
B949,B949
E875,E875
I212,I212
K250,K250
A153,A153
O233,O233
B348,B348
J46,J46
E101,E101
I409,I409
I803,I803
G402,G402
A38,A38
M471,M471
T781,T781
J931,J931
J440,J440
T008,T008
K220,K220
K850,K850
D539,D539
11982,_
J118,J118
A167,A167
G935,G935
A168,A168
K274,K274
N309,N309
S912,S912
S619,S619
J678,J678
S223,S223
I491,I491
I740,I740
G903,G903
I099,I099
T002,T002
M0699,M0699
S018,S018
I211,I211
H650,H650
I251,I251
E871,E871
A46,A46
E142,E142
O234,O234
G039,G039
T600,T600
M0599,M0599
J051,J051
O059,O059
I493,I493
J841,J841
I443,I443
N991,N991
I639G46,_
J439,J439
J691,J691
O995,O995
J939,J939
I693,I693
E269,E269
E110,E110
J980,J980
B159,B159
C539,C539
G031,G031
M628,M628
I829,I829
M511,M511
C931,C931
M911,M911
I210,I210
Z370,Z370
Q431,Q431
E140,E140
J984,J984
O001,O001
K851,K851
K635,K635
A913,A91
S0661,S0661
K280,K280
L721,L721
I891,I891
M7911,M7911
A409,A409
K598,K598
N289,N289
N329,N329
B779,B779
L88,L88
A400,A400
T930,T930
E131,E131
C919,C919
F03,F03
S2200,S2200
C719,C719
P071,P071
F430,F430
P000,P000
P968,P968
F103,F103
N739,N739
M1989,M1989
P026,P026
Q436,Q436
A011,A011
A418,A418
P211,P211
H748,H748
K293,K293
M1090,M1090
R509,R509
M6269,M6269
J989,J989
O984,O984
J100,J100
A182,A182
M1909,M1909
M303,M303
M1040,M1040
M2450,M2450
M4395,M4395
G419,G419
C20,C20
M818,M818
J948,J948
D70,D70
D300,D300
H2591,H259
L022,L022
C341,C341
E662,E662
0800Z370,_
K292,K292
C349,C349
S009,S009
A157,A157
T630,T630
I214,I214
C383,C383
I256,I256
I241,I241
J82,J82
Z390,Z390
O069,O069
J677,J677
C089,C089
A911,A911
E112N083,_
S0230,S0230
K272,K272
O141,O141
G932,G932
P019,P019
E108,E108
N059,N059
S0690,S0690
K805,K805
A000,A000
E105,E105
Q249,Q249
K750,K750
F329,F329
N180,N180
D440,D440
P129,P129
B069,B069
M1009,M1009
G619,G619
K286,K286
M4782,M4782
D259,D259
O985,O985
H830,H830
I613,I613
O211,O211
H2691,H269
M4806,M4806
G443,G443
H709,H709
J09,J09
M7929,M7929
M4795,M4795
P001,P001
D62,D62
L024,L024
D569,D569
T671,T671
T629,T629
E892,E892
P051,P051
C793,C793
G060,G060
C80,C80
I058,I058
J1592,J159
J1593,J159
A068,A068
A691,A691
S097,S097
E100,E100
K729,K729
M6285,M6285
M4797,M4797
O713,O713
S869,S869
P011,P011
A838,A838
D758,D758
D126,D126
A192,A192
A161,A161
M968,M968
C782,C782
G951,G951
T940,T940
M7900,M7900
M1995,M1995
O410,O410
G403,G403
A061,A061
K831,K831
P399,P399
P578,P578
L930,L930
K741,K741
A154,A154
I429,I429
S0650,S0650
C900,C900
M819,M819
A415,A415
N481,N481
C711,C711
K717,K717
C679,C679
I610,I610
D469,D469
E106,E106
T039,T039
N138,N138
N926,N926
O13,O13
C029,C029
Q039,Q039
J108,J108
P034,P034
S911,S911
K565,K565
C411,C411
C23,C23
I672,I672
O244,O244
P081,P081
E149,E149
J200,J200
A279,A279
D129,D129
Q444,Q444
T242,T242
C259,C259
O8809,O880
P922,P922
T827,T827
D390,D390
K709,K709
A89,A89
M0645,M0645
P021,P021
E538,E538
C920,C920
S0240,S0240
G404,G404
C119,C119
G700,G700
E147,E147
O364,O364
O429,O429
J80,J80
M45,M45
O901,O901
A403,A403
G373,G373
T941,T941
J1803,J180
N110,N110
N118,N118
E288,E288
D391,D391
M1309,M1309
I743,I743
K650,K650
M8995,M8995
P220,P220
P916,P916
M6263,M6263
K803,K803
G919,G919
K509,K509
S224,S224
P700,P700
O8O0,_
O159,O159
N178,N178
Q612,Q612
Q369,Q369
P551,P551
M1097,M1097
G558,G558
G408,G408
M503,M503
I459,I459
I278,I278
P598,P598
M0695,M0695
C541,C541
O85,O85
A370,A370
E160,E160
Q613,Q613
L511,L511
N943,N943
M0090,M0090
I634,I634
J038,J038
J985,J985
M7980,M7980
N938,N938
T288,T288
P219,P219
K703,K703
T638,T638
Z356,Z356
I139,I139
B052J171,_
G610,G610
Q210,Q210
H700,H700
O994,O994
T754,T754
T908,T908
D376,D376
S0260,S0260
K047,K047
M5412,M5412
M4722,M4722
M0016,M0016
M512,M512
N040,N040
G309F00,_
E141,E141
P741,P741
M652,M652
L021,L021
E230,E230
J670,J670
J680,J680
A35,A35
I071,I071
M6299,M6299
P291,P291
M150,M150
E639,E639
P120,P120
C798,C798
I201,I201
J1812,J181
K296,K296
M1399,M1399
Q248,Q248
F459,F459
M7999,M7999
T931,T931
H819,H819
E161,E161
A90,A90
G544,G544
K134,K134
P582,P582
L029,L029
F99,F99
F530,F530
F431,F431
G902,G902
H050,H050
I495,I495
H669,H669
G458,G458
P760,P760
A414,A414
I670,I670
O989,O989
H2690,H269
O471,O471
O249,O249
C629,C629
I694,I694
P809,P809
N710,N710
M1039,M1039
T000,T000
K811,K811
P590,P590
I620,I620
J132,J13
P910,P910
R51,R51
M1096,M1096
P036,P036
B341,B341
M0696,M0696
O441,O441
P60,P60
O440,O440
K580,K580
D65,D65
O992,O992
A199,A199
A819,A819
O730,O730
O034,O034
M1910,M191
N298,N298
M0019,M0019
G312,G312
C19,C19
B829,B829
O721,O721
O064,O064
T634,T634
D728,D728
M1998,M1998
O149,O149
B199,B199
T312,T312
K224,K224
R54,R54
T857,T857
G309F009,_
C786,C786
T628,T628
P209,P209
K563,K563
O100,O100
E889,E889
J941,J941
M608,M608
K863,K863
E830,E830
F488,F488
C169,C169
G912,G912
F341,F341
M4369,M4369
D27,D27
P831,P831
M7918,M7918
Q211,Q211
T794,T794
E102N083,_
G300,G300
I615,I615
P358,P358
K740,K740
C499,C499
K720,K720
M8198,M8198
A09,A09
P393,P393
I240,I240
J1292,J129
O861,O861
T675,T675
O038,O038
K251,K251
I513,I513
I490,I490
S019,S019
J1532,J153
T835,T835
T243,T243
F315,F315
F172,F172
D648,D648
D561,D561
I611,I611
T612,T612
D66,D66
P38,P38
S437,S437
D370,D370
D690,D690
B054,B054
K045,K045
S2241,S2241
D610,D610
E730,E730
A064,A064
S2290,S2290
O758,O758
O678,O678
O718,O718
O820,O820
G6299,G629
G62,G629
O821,O821
O342,O342
Z392,Z392
S913,S913
B24,B24
Z300,Z300
O709,O709
O681,O681
O881,O881
S534,S534
Z511,Z511
J010,J010
R040,R040
J382,J382
M1030,M1030
N08,_
N083,N083
I84,I849
K317,K317
H353,H353
H330,H330
N601,N601
S618,S618
L729,L729
H259,H259
O339,O339
H264,H264
H401,H401
K404,K404
Z491,Z491
Z381,Z381
R730,R730
O829,O829
Z371,Z371
M199,M199
R223,R223
R18,R18
D24,D24
O702,O702
I842,I842
I843,I843
H333,H333
J019,J019
E143,E143
H360,H360
J380,J380
1,_
N028,N028
E790,E790
O623,O623
C540,C540
H2641,H264
H4022,H402
H409H4,_
H36,_
N141,N141
L89,L89
Z37,Z379
I847,I847
R229,R229
K298,K298
I849,I849
I8401,I840
H4010,H401
H2640,H264
C320,C320
C437,C437
H178,H178
G250,G250
E14,E149
I771,I771
Q181,Q181
M674,M674
H400,H400
H111,H111
H001,H001
J18,J189
D696,D696
H352,H352
C819,C819
J352,J352
H2590,H259
H110,H110
K449,K449
T150,T150
Q619,Q619
M103,M103
N809,N809
K20,K20
H342,H342
O020,O020
I12,I129
M10,M109
H3502,H350
H1100,H110
B871,B871
H269,H269
H4091,H409
H357,H357
N26,N26
T189,T189
D302,D302
Z139,Z139
Z302,Z302
E112,E112
K120,K120
M653,M653
H2609,H260
M8890,M8890
E113,E113
H271,H271
H354,H354
S370,S370
N18,N189
S058,S058
K359,K359
K469,K469
O322,O322
O368,O368
N63,N63
K922,K922
0623,_
0891,_
0829,_
L971,L97
D487,D487
K809,_
O324,O324
W1999,_
U04,U049
Z492,Z492
J459,J459
R05,R05
M341,M341
Z9611,Z961
E133H3,_
R221,R221
J1899,J189
Y95,_
O703,O703
C621,C621
C153,C153
B968,B968
C163,C163
C118,C118
C720,C720
C64,C64
C491,C491
K350,K350
O641,O641
Z372,Z372
M519,M519
H609,H609
H049,H049
C469,C469
Z38,_
N72,N72
J37,_
H3530,H353
I514,I514
M654,M654
N119,N119
Z37O,_
Z800,Z800
N11,N119
K649,_
Q61,Q619
C500,C500
C530,C530
S610,S610
Z867,Z867
H160,H160
H179,H179
H161,H161
H010,H010
T151,T151
H109,H109
H105,H105
M179,M179
H114,H114
L980,L980
J450,J450
M100,M100
Z961,Z961
H348,H348
T173,T173
E739,E739
R2241,R224
E862,E86
G08,G08
M9863,_
D589,D589
I100,I10
R001,R001
O997,O997
N979,N979
N840,N840
I839,I839
H171,H171
O019,O019
Z901,Z901
H041,H041
H334,H334
H219,H219
H409,H409
S828,S828
R33,R33
S024,S024
S022,S022
S023,S023
K439,K439
K660,K660
T093,T093
O82,O829
L728,L728
Z301,Z301
M6298,M6298
R222,R222
S910,S910
O689,O689
C110,C110
E102,E102
J1891,J189
C340,C340
D470,D470
S0501,S050
V8999,_
J189,J189
E049,E049
N908,N908
L908,L908
E786,E786
K629,K629
M948,M948
6,_
S525,S525
Z309,Z309
M800,M800
S528,S528
P918,P918
D171,D171
L600,L600
N482,N482
H045,H045
N210,N210
L989,L989
M321,M321
N085,N085
N029,N029
J304,J304
B189,B189
J330,J330
T148,T148
E789,E789
T8199,T819
C52,C52
O729,_
C410,C410
H0010,H001
T006,T006
D048,D048
J33,J339
H93,H939
L720,L720
R190,R190
O631,O631
O698,O698
O329,O329
H4021,H402
Z39,_
U05,_
M6781,M6781
H2520,H252
H2521,H252
H3532,H353
H2692,H269
C760,C760
K913,K913
J38,_
J00,J00
O622,O622
H020,H020
O69,O699
C159,C159
S430,S430
I679,I679
G467,G467
E78,E789
Z513,Z513
E11,E119
N28,N289
E780,E780
H112,H112
N838,N838
E282,E282
E669,E669
S833,S833
R104,R104
E860,E86
S4399,_
M8800,M880
D210,D210
S219,S219
K040,K040
T141,T141
W55,_
W54,_
Y560,_
M779,M779
C329,C329
H605,H605
L309,L309
T16,T16
H663,H663
J348,J348
H651,H651
K229,K229
J029,J029
J040,J040
J329,J329
J339,J339
H612,H612
H251,H251
W19,_
R220,R220
M659,M659
K358,K358
T818,T818
O629,O629
T811,T811
R2231,R223
O80,O809
D367,D367
D179,D179
O009,O009
C792,C792
C5090,C509
M8000,M8000
J851,J851
Z383,Z383
O701,O701
C390,C390
N815,N815
O620,O620
K621,K621
Q892,Q892
C91,C919
L929,L929
K515,K515
S015,S015
O68,O689
D400,D400
M799,M799
K63,K639
K37,K37
G309,G309
K626,K626
K409,K409
Z4910,Z491
T852,T852
A080,A080
H301,H301
H188,H188
K589,K589
Q162,Q162
N038,N038
N140,N140
L732,L732
A069,A069
R224,R224
T1501,T150
O639,O639
O332,O332
Z988,Z988
R092,R092
H118,H118
I516,I516
E79,E799
H268,H268
M5416,M5416
O801,O801
R062,R062
S81,S819
0809,_
D481,D481
E289,E289
H209,H209
I517,I517
M8932,M8932
E133,E133
N648,N648
T14,T149
E042,E042
O32,O329
C53,C539
C549,C549
S663,S663
Z518,Z518
I871,I871
M8021,M8021
0,_
M8140,M8140
D333,D333
C184,C184
C187,C187
C139,C139
M8052,M8052
D401,D401
0800,_
H260,H260
H522,H522
H350,H350
H442,H442
H472,H472
C56,C56
H351,H351
O828,O828
H332,H332
J370,J370
J940,J940
M8500,M8500
S011,S011
H270,H270
K221,K221
K441,K441
J208,J208
O321,O321
Z376,Z376
Y453,_
S810,S810
N750,N750
Y834,_
S678,S678
M18,M189
M513,M513
P0000,_
D237,D237
H029,H029
K403,K403
C01,C01
S0199,S019
C952,C952
N401,N40
A630,A630
E785,E785
E872,E872
I698,I698
M439,M439
M139,M139
E890,E890
R58,R58
S010,S010
Z9610,Z961
I249,I249
I469,I469
T07,T07
V899,_
N288,N288
O680,O680
M947,_
L608,L608
G560,G560
D172,D172
M773,M773
L723,_
D444,D444
M80,M809
C589,C58
K80,_
O756,O756
K571,K571
I845,I845
S720,S720
B029,B029
L984,L984
C710,C710
M9120,M9120
M8041,M8041
S723,S723
I959,I959
M1997,M1997
N751,N751
M8460,_
R11,R11
Q446,Q446
O70,O709
J869,J869
K116,K116
M869,M869
N05,N059
H262,H262
N803,N803
I841,I841
N84,N849
I10,I10
L089,L089
S013,S013
I859,I859
D379,D379
K269,K269
K257,K257
K633,K633
K351,K351
G468,G468
H0011,H001
H2580,H258
H2522,H252
I103,I10
M678,M678
H3600,H3600
L219,L219
S5311,S5311
O349,O349
O649,O649
E041,E041
M9408,M940
M751,M751
S510,S510
M1790,M179
T814,T814
S8221,S8221
T815,T815
D212,D212
I121,_
9,_
S026,S026
K821,K821
K768,K768
S682,S682
M7998,M7998
M7984,M7984
Q825,Q825
J384,J384
K82,K829
D170,D170
C632,C632
C241,C241
C11,C119
C751,C751
C50,C509
K51,K519
D294,D294
K603,K603
H405,H405
C780,C780
H214,H214
Q308,Q308
E052,E052
M664,M664
M8851,_
B07,B07
D141,D141
O363,O363
H023,H023
R000,R000
N811,N811
H039,_
N158,N158
N841,N841
0649,_
H2990,_
O392,_
B182,B182
K552,K552
H024,H024
A159,A159
D473,D473
P701,P701
C5091,C509
O750,O750
S822,S822
K21,K219
E86,E86
S518,S518
D104,D104
M109,M109
S527,S527
H905,H905
F480,F480
R609,R609
F419,F419
D239,D239
S661,S661
P0001,_
E440,E440
Z001,Z001
H2501,H250
D480,D480
Z519,Z519
C37,C37
C701,C701
H604,H604
H000,H000
N202,N202
C67,C679
S05,S059
H1101,H110
E1421,E142
H083,_
Z791,_
E130,E130
L910,L910
C833,C833
M841,M841
I272,I272
S669,S669
D489,D489
S9330,S933
Z038,Z038
I270,I270
K263,K263
S5250,S5250
L020,L020
Z480,Z480
M0029,M0029
A379,A379
M32,M329
E90,E90
G432,G432
G513,G513
G959,G959
F411,F411
W199,_
G936,G936
O421,O421
S9131,S913
M6740,M6740
O096,_
H1690,H169
O651,O651
M8045,M8045
S7290,S7290
N850,N850
O699,O699
O44,_
C761,C761
R579,R579
S320,S320
S9099,S909
W1929,_
E1132,E113
K610,K610
M6771,_
M6780,M6780
Z382,Z382
Z379,Z379
M6730,M6730
M6770,_
H2500,H250
M90,_
T159,T159
G809,G809
C97,C97
S052,S052
O814,O814
K648,_
K602,K602
M9580,M958
D485,D485
Z354,Z354
Z30,Z309
E103,E103
R599,R599
N211,N211
M8020,M8020
M8801,M880
M8070,_
M9470,_
C787,C787
M8160,M8160
O831,O831
N142,N142
T868,T868
E877,E877
V239,_
J4599,J459
Q633,Q633
M9950,M9950
Z310,Z310
O693,O693
D251,D251
D64,D649
C080,C080
C179,C179
S960,S960
J338,J338
X99,_
J910,J91
N990,N990
N032,N032
V293,_
I5170,I517
W1099,_
S8240,S8240
B099,B09
B082,B082
S423,S423
S626,S626
P95,P95
S01,S019
S5291,S5291
T160,T16
J303,J303
S7110,S711
S2101,S210
T1510,T151
J342,J342
S318,S318
T1500,T150
O239,O239
S818,S818
H1602,H160
H441,H441
N2001,N200
R80,R80
H4011,H401
Z438,Z438
Z467,Z467
I340,I340
I351,I351
N411,N411
N302,N302
I350,I350
K050,K050
H911,H911
G938,G938
C765,C765
L700,L700
L814,L814
L811,L811
M750,M750
L209,L209
M479,M479
S526,S526
V299,_
K868,K868
N889,N889
N760,N760
Z,_
G46,_
L959,L959
1248,_
J42,J42
N135,N135
E880,E880
S529,S529
S923,S923
L97,L97
M1900,M190
L975,L97
A97,_
N814,N814
O420,O420
B980,B980
T08,T08
E118,E118
O060,O060
2370,_
2392,_
2380,_
D269,D269
S420,S420
M2320,M2320
S834,S834
C716,C716
C54,C549
I739,I739
I712,I712
K35,K359
K628,K628
J13,J13
K29,K299
M2518,M2518
C446,C446
H35,H359
S311,S311
T290,T290
N428,N428
R55,R55
K227,K227
Q649,Q649
I864,I864
C218,C218
J343,J343
M9084,M9084
M8895,M8895
H2649,H264
T15,T159
S522,S522
S422,S422
S124,_
I861,I861
S125,_
Z349,Z349
K222,K222
T237,T237
0339,_
0820,_
0342,_
R17,R17
K759,K759
21,_
0322,_
O690,O690
8,_
O00,O009
D410,D410
D181,D181
1129,_
Z3780,_
​,_
M9821,_
C910,C910
O654,O654
O089,O089
O459,O459
R918,R91
O150,O150
M768,M768
M8813,_
K501,K501
B370,B370
K130,K130
H613,H613
R02,R02
T311,T311
S917,S917
O624,O624
Z370O,_
I872,I872
Q381,Q381
Z370O3,_
I46,I469
D219,D219
S519,S519
N855,N855
M713,M713
N600,N600
S411,S411
D211,D211
O41,O419
O899,O899
S122,S122
N019,N019
M6474,_
D180,D180
C186,C186
O063,O063
O341,O341
O601,O601
D229,D229
H250,H250
H2511,H251
H2510,H251
H527,H527
H358,H358
H104,H104
B300,B300
H192,H192
M681,_
J351,J351
Q668,Q668
M009,M009
M5441,M544
K053,K053
G249,G249
G99,_
N632,N63
O621,O621
S4230,S4230
J47,J47
N75,N759
Q360,Q360
P038,P038
K40,K409
M760,M760
H3421,H342
H0452,H045
C3490,C349
C07,C07
2390,_
Q233,Q233
I890,I890
M8720,M8720
M9989,M9989
R042,R042
N701,N701
M8860,_
M8312,M8312
D177,D177
C911,C911
J320,J320
I671,I671
O48,O48
N888,N888
D562,D562
T147,T147
T300,T300
C829,C829
D240,D24
C790,C790
R788,R788
N1,_
M1003,M1003
S424,S424
N492,N492
M1006,M1006
S5210,S5210
S8321,S832
S200,S200
R410,R410
S8280,S8280
H408,H408
K519,K519
B084,B084
A066,A066
L609,L609
M7920,M7920
G509,G509
M6027,M6027
P002,P002
O370,_
I109J1,I10
N159,N159
O053,O053
W5501,_
R161,R161
I254,I254
L409,L409
K767,K767
Q370,Q370
O16,O16
H812,H812
E703,E703
M810,M810
Z308,Z308
K819,K819
R064,R064
D151,D151
H218,H218
S0500,S050
K011,K011
G589,G589
S729,S729
L080,L080
M6531,M653
K052,K052
H3331,H333
E1330,E133
H4050,H405
E869,E86
H3480,H348
H3580,H358
H4020,H402
H4331,H433
H4310,H431
R92,R92
W2201,_
S399,S399
O361,O361
O42,O429
N949,N949
I8610,I861
M7580,M758
N630,N63
S860,S860
H2710,H271
C099,C099
K529,K529
K228,K228
C34,C349
H280,H280
H058,H058
K429,K429
S371,S371
A18,_
L72,L729
O700,O700
I152,I152
E260,E260
E279,E279
M658,M658
K460,K460
A155,A155
0801,_
R829,R829
M430,M430
R688,R688
N85,N859
D250,D250
S91,S919
S925,S925
K59,K599
J310,J310
Q273,Q273
J383,J383
S655,S655
A152,A152
Q250,Q250
O080,O080
H4202,H420
H1102,H110
H2592,H259
H3601,H3601
S4240,S4240
A541,A541
L570,L570
L918,L918
D1791,D179
L5701,L570
M8567,M8567
I8991,I899
E1451,E145
N320,N320
J3820,J382
L7210,L721
E1450,E145
N0391,N039
S6191,S619
I637,_
N631,N63
S6261,S6261
O340,O340
Z320,Z320
S711,S711
S212,S212
S8192,S819
Q283,Q283
S721,S721
D631,D631
S929,S929
S066,S066
S061,S061
Z370O4,_
S109,S109
N858,N858
N833,N833
M222,M222
B950,B950
K833,K833
S0180,S018
V2911,_
99,_
J018,J018
H038,H038
H3531,H353
P062,_
S881,S881
H103,H103
C008,C008
O031,O031
Z389,_
S0201,S0201
S017,S017
S829,S829
S220,S220
D371,D371
Z907,Z907
B181,B181
I714,I714
F339,F339
S809,S809
K661,K661
M1906,M190
2,_
S5201,S5201
S6230,S6230
R13,R13
O338,O338
V0999,_
S707,S707
S800,S800
K578,K578
O40,O40
0149,_
O093,_
N509,N509
L739,L739
C32,C329
M4807,M4807
J182,J182
H3102,H310
C494,C494
C18,C189
A165,A165
S921,S921
S835,S835
H3602,H3602
H3101,H310
O664,O664
H349,H349
Q170,Q170
H699,H699
D223,D223
M872,M872
M885,_
D695,D695
S069,S069
T142,T142
1499,_
L129,L129
O648,O648
N6011,N601
N400,N40
H521,H521
L0221,L022
L023,L023
O688,O688
O691,O691
V499,_
T140,T140
K770,K770
N399,N399
O731,O731
R5603,R560
H4590,_
3,_
K55,K559
D694,D694
S4220,S4220
L22,L22
S5260,S5260
S7240,S7240
I151,I151
T068,T068
S062,S062
M85,M859
C495,C495
K8010,K801
N082,N082
2142,_
W142,_
142,_
B083,B083
H660,H660
K929,K929
F952,F952
M712,M712
R600,R600
H113,H113
0899,_
S82,S829
S523,S523
N80,N809
D519,D519
O241,O241
O029,O029
K572,K572
N831,N831
E107,E107
E169,E169
D304,D304
Q539,Q539
Z470,Z470
M7916,M7916
O640,O640
H3340,H334
H3300,H330
S0520,S052
H3341,H334
H3330,H333
N130,N130
J842,_
Q438,Q438
S410,S410
H2600,H260
G470,G470
O604,_
E114,E114
G63,_
N912,N912
S764,S764
S836,S836
S119,S119
1255,_
S408,S408
T812,T812
I438,I438
P779,P77
P29,P299
Z348,Z348
P059,P059
E144,E144
D821,D821
S051,S051
H4451,H445
K625,K625
L040,L040
M6534,M6534
L05,L059
0702,_
H1191,H119
H3582,H358
H2711,H271
C100,C100
H708,H708
K245,_
M726,M726
R591,R591
K528,K528
H299,_
L905,L905
8080,_
M8503,M8503
H335,H335
S207,S207
K2012,K20
K3580,K358
Q359,Q359
M8380,M8380
C479,C479
C069,C069
M9827,_
C915,C915
N971,N971
T792,T792
H314,H314
Y423,_
H119,H119
B070,B07
S602,S602
M763,M763
G318,G318
I059,I059
O652,O652
V2399,_
K352,K352
L9790,L97
B378,B378
N818,N818
063,_
O62,O629
O63,O639
D508,D508
M431,M431
J381,J381
H4080,H408
S531,S531
V2999,_
J942,J942
I518,I518
L979,L97
N611,N61
M008,M008
R31,R31
S060,S060
I447,I447
C791,C791
C419,C419
0703,_
E444,_
D632,_
S826,S826
N799,_
E870,E870
E668,E668
L988,L988
S5280,S5280
B052,B052
J171,J171
G839,G839
M349,M349
H919,H919
K640,_
I348,I348
K594,K594
H359,H359
H3181,H318
K642,_
X749,_
P363,P363
H3482,H348
B580,B580
H320,H320
H1881,H188
H3481,H348
H1880,H188
H3552,H355
H3320,H332
M9440,_
0682,_
M8010,M8010
D385,D385
X0999,_
T222,T222
H611,H611
G9341,G934
W0699,_
K824,K824
O231,O231
Z340,Z340
O366,O366
P128,P128
N813,N813
O348,O348
R652,R652
I468,_
C449,C449
C680,C680
Q811,Q811
C70,C709
C81,C819
C71,C719
M9310,M931
H169,H169
C412,C412
F00,F009
I951,I951
H40,H409
H189,H189
H451,H451
O004,_
M798,M798
R238,R238
B023,B023
S832,S832
J955,J955
K252,K252
M8200,M8200
F205,F205
M9040,M9040
W180,_
M795,M795
L010,L010
L02,L029
D361,D361
L82,L82
M538,M538
S300,S300
V481,_
W276,_
W206,_
O365,O365
Y280,_
O821Z,_
370,_
S325,S325
M626,M626
S435,S435
Z980,Z980
I793,_
F142,F142
V292,_
S823,S823
O419,O419
C55,C55
N950,N950
K513,K513
O804,_
D760,D760
M17,M179
T349,T349
N639,N63
M1,_
A041,A041
S830,S830
E1121,E112
D510,D510
Z3701,Z370
P030,P030
876,_
O830,O830
J0100,J010
J341,J341
J309,_
H438,H438
N1815,N181
J3391,J339
A0101,A010
S0211,S0211
S2230,S2230
O619,O619
R068,R068
R739,R739
J432,J432
D140,D140
J328,J328
S4101,S410
M9016,M9016
S361,S361
J1890,J189
D310,D310
B652,B652
M1991,M1991
E054,E054
B369,B369
S059,S059
S625,S625
Z468,Z468
Q218,Q218
S901,S901
S924,S924
L810,L810
L709,L709
S064,S064
S063,S063
S020,S020
V22,_
L280,L280
T143,T143
Z512,Z512
D059,D059
T230,T230
H026,H026
A06,A069
H622,H622
H618,H618
H180,H180
S053,S053
B354,B354
K029,K029
S710,S710
H252,H252
C569,C56
K010,K010
D252,D252
N801,N801
I472,I472
S699,S699
H3420,H342
N030,N030
O230,O230
O240,O240
H289,_
K921,K921
C519,C519
N358,N358
B01,B019
C901,C901
M9071,M9071
O06,O069
O268,O268
N20,N209
M8260,_
D397,D397
O33,O339
O810,O810
T019,T019
M170,M170
0064,_
O630,O630
Z431,Z431
S628,S628
P020,P020
C5869,C58
O808,O808
N181,N181
M8120,M8120
M8522,M852
1991,_
M8490,M8490
M8142,M8142
J180,J180
S421,S421
S899,S899
Z935,Z935
S313,S313
H800,H800
N898,N898
I632,I632
0244,_
M7102,M7102
L043,L043
M8607,M8607
N134,N134
L048,L048
D486,D486
S61,S619
S644,S644
C930,C930
H26,H269
C490,C490
Z681,_
O426,_
S5299,S529
T171,T171
Z3700,Z370
80,_
D216,D216
S418,S418
T210,T210
O711,O711
O11,O11
M2546,M2546
M8210,M8210
S0521,S052
Z355,Z355
H3570,H357
D110,D110
C049,C049
A092,A09
I230,I230
I229,I229
P009,P009
G609,G609
K614,K614
M8521,M852
I832,I832
C779,C779
C781,C781
M480,M480
N76,_
M754,M754
M729,M729
J359,J359
P035,P035
S7230,S7230
G549,G549
N109,N10
H170,H170
R629,R629
N857,N857
S614,_
0759,_
I899,I899
Z490,Z490
Z933,Z933
N736,N736
R64,R64
I131,I131
I848,I848
Z875,Z875
S9271,S9271
W202,_
R87,R879
I519,I519
F009,F009
M7991,M7991
B99,B99
K149,K149
X5899,_
M7581,M758
T058,T058
D683,D683
N15,N159
B209,B209
M8810,_
C764,C764
K533,_
I78,I789
T8521,T852
R470,R470
H6100,H610
C,_
E142NO86,_
N0839,N083
S6250,S6250
X5999,_
N0803,N080
N089,_
M9064,M9064
0349,_
O151,O151
G40,G409
I840,I840
M868,M868
N879,N879
D432,D432
L281,L281
I85,I859
H2781,H278
C321,C321
T856,T856
N810,N810
S931,S931
D234,D234
C221,C221
K719,K719
C85,C859
N764,N764
R601,R601
C917,C917
H0457,H045
S837,S837
F603,F603
E87,_
M8310,M8310
E882,E882
M8072,_
S8285,S828
1A,_
H2644,H264
W260,_
I11,I119
I88,I889
N816,N816
N819,N819
N909,N909
S7200,S7200
S89,S899
M997,M997
M705,M705
J34,_
R430,R430
S00,S009
S012,S012
M801,M801
H2642,H264
J340,J340
M838,M838
M171,M171
D721,D721
M4306,M4306
S5270,S5270
S6251,S6251
0994,_
N340,N340
H744,H744
N319,N319
M0097,M0097
H028,H028
T796,T796
T250,T250
L259,L259
K512,K512
K353,K353
G27,_
O450,O450
Q528,Q528
O610,O610
O993,O993
H600,H600
D609,D609
N03,N039
B3749,B374
I451,I451
N602,N602
S824,S824
Z391,Z391
J96,J969
Z358,Z358
Z955,Z955
R798,R798
M9801,_
C923,C923
H309,H309
J219,J219
N183,N183
M9500,M950
C749,C749
K522,K522
I501,I501
J958,J958
S211,S211
M235,M235
M890,M890
L705,L705
H729,H729
K121,K121
H500,H500
H164,H164
E079,E079
S3200,S3200
S0220,S0220
H1691,H169
S0530,S053
E142NO8,_
F0150,_
L6001,L600
Q379,Q379
S270,S270
X999,_
D34,D34
V399,_
L042,L042
I301,I301
V346,_
M6597,M6597
V345,_
G729,G729
00000,_
D595,D595
C66,C66
K315,K315
M6096,M6096
K711,K711
M4786,M4786
G433,G433
59400,_
L120,L120
K264,K264
H602,H602
O345,O345
D568,D568
Q610,Q610
M1395,M1395
M6009,M6009
J143,J14
A029,A029
I652,I652
Q02,Q02
T360,T360
M1391,M1391
P593,P593
E804,E804
M1390,M1390
59401,_
C381,C381
N738,N738
R578,R578
P017,P017
A711,A711
J4510,J451
M0698,M0698
B399,B399
I719,I719
N308,N308
O860,O860
99403,_
C677,C677
K510,K510
O418,O418
M8617,M8617
G431,G431
O479,O479
M5410,M5410
L139,L139
J201,J201
E128,E128
T390,T390
E806,E806
M4317,M4317
A973,_
T369,T369
S098,S098
I208,I208
K721,K721
J1899Y95,_
E349,E349
I359,I359
M609,M609
F206,F206
F232,F232
E249,E249
J1543,J154
F200,F200
O986,O986
P039,P039
I019,I019
H664,H664
N920,N920
P012,P012
S001,S001
D471,D471
E055,E055
P929,P929
D591,D591
A09E861,A09
I00,I00
B169,B169
M532,M532
I744,I744
I602,I602
T795,T795
A012,A012
S469,S469
O912,O912
P614,P614
G911,G911
N922,N922
M0687,M0687
I630,I630
D377,D377
A020,A020
M4307,M4307
S868,S868
K049,K049
E874,E874
T824,T824
I228,I228
M0819,M0819
T608,T608
O101,O101
M7989,M7989
F063,F063
P230,P230
H46,H46
T398,T398
D439,D439
I635,I635
K271,K271
O722,O722
C402,C402
T001,T001
G310,G310
F150,F150
F319,F319
F323,F323
T302,T302
D103,D103
C845,C845
D698,D698
O422,O422
H601,H601
B658,B658
M7299,M7299
B190,B190
N419,N419
S0630,S0630
M7910,M7910
A044,A044
G961,G961
I612,I612
C794,C794
Z0143C,_
K285,K285
S0621,S0621
P018,P018
P015,P015
M4316,M4316
G448,G448
D599,D599
P200,P200
J1572,J157
E032,E032
D618,D618
T310,T310
D752,D752
M5439,M5439
O152,O152
H470,H470
I442,I442
G500,G500
D550,D550
S635,S635
O054,O054
D71,D71
G519,G519
M6265,M6265
P360,P360
M468,M468
C260,C260
D303,D303
G721,G721
Q246,Q246
A94,A94
T520,T520
P027,P027
T292,T292
S636,S636
T291,T291
T938,T938
D477,D477
S0280,S0280
D640,D640
I778,I778
M0098,M0098
M1098,M1098
C182,C182
E42,E42
A411,A411
A410,A410
G971,G971
T568,T568
E142N08,_
12345,_
P361,P361
G618,G618
F203,F203
F312,F312
J708,J708
C772,C772
R290,R290
P003,P003
H818,H818
A318,A318
I600,I600
J848,J848
M469,M469
M6249,M6249
T758,T758
Q000,Q000
T519,T519
P031,P031
Y401,_
N508,N508
Q780,Q780
G406,G406
D472,D472
M5450,M5450
E798,E798
M542,M542
K830,K830
K858,K858
K742,K742
J142,J14
A151,A151
L131,L131
E881,E881
I621,I621
O903,O903
M502,M502
N001,N001
F180,F180
K3189,K318
D684,D684
E250,E250
F231,F231
A010J170,_
N413,N413
F322,F322
S0271,S0271
I159,I159
D733,D733
I260,I260
O908,O908
G527,G527
T905,T905
G238,G238
L931,L931
P394,P394
K861,K861
D375,D375
C348,C348
C770,C770
Q282,Q282
Q897,Q897
G400,G400
T539,T539
T609,T609
K284,K284
G410,G410
G720,G720
T432,T432
P352,P352
Q219,Q219
D560,D560
T402,T402
K115,K115
O218,O218
E867,E86
D590,D590
I018,I018
N498,N498
C959,C959
L122,L122
T399,T399
J698,J698
M4792,M4792
K313,K313
J709,J709
T232,T232
000,_
O759,O759
Z369,Z369
O8090,O809
H5220,H522
H5989,H598
Q753,Q753
C717,C717
R070,R070
K294,K294
S561,S561
H3520,H352
D249,D24
D220,D220
M0609,M0609
H4051,H405
M8650,M8650
I480,I48
M8580,M8580
D150,D150
M9702,_
C021,C021
K42,K429
H2605,H260
M7669,M7669
Z370Z,_
O682,O682
C185,C185
N004,N004
C502,C502
O300,O300
Z373,Z373
J386,J386
N802,N802
M541,M541
L923,L923
R876,R876
L891,L891
S817,S817
M9861,_
C95,C959
C060,C060
C443,C443
S521,S521
K289,K289
D17,D179
C820,C820
R59,R599
M8441,M8441
T1502,T150
S92,S929
H2961,_
D759,D759
X380,_
D682,D682
S820,S820
I291,_
S630,S630
V280,_
A55,A55
E122,E122
R101,R101
Z359,Z359
1251,_
I313,I313
I319,I319
D646,_
H1791,H179
H1790,H179
S373,S373
O8O9,_
S204,S204
E748,E748
S5261,S5261
M719,M719
I454,I454
K255,K255
P087,_
K601,K601
1120,_
M3214,M321
F89,F89
H261,H261
H215,H215
Q103,Q103
I809,I809
I489,I48
Z014,Z014
S202,S202
V892,_
Z350,Z350
O692,O692
O862,O862
D380,D380
O033,O033
D242,D24
V8900,_
S808,S808
B068,B068
S724,S724
K6289,K628
S8200,S8200
C8009,C800
Z3810,Z381
H5701,H570
Z968,Z968
Z36,Z369
J620,J620
M650,M650
A181,A181
S680,S680
H2601,H260
S5237,S523
C578,C578
H5012,H501
H3501,H350
H3591,H359
J358,J358
M9260,M926
D56,D569
K551,K551
Z941,Z941
H3301,H330
J938,J938
M6544,M654
T198,T198
K092,K092
1568,_
B379,B379
1842,_
R160,R160
H0015,H001
G301,G301
O868,O868
Z3491,Z349
J042,J042
R049,R049
C00,C009
Z121,Z121
S959,S959
W259,_
C439,C439
0300,_
0821,_
C039,C039
N9039,N903
B188,B188
K041,K041
Q828,Q828
K090,K090
R052,R05
E758,_
A0991,A099
D522,_
O389,_
O60,_
S902,S902
S609,S609
N951,N951
N301,N301
H2702,H270
T149,T149
099,_
M413,M413
O80O,_
R252,R252
C442,C442
L26,L26
M0299,M0299
N00,N009
M320,M320
M1300,M1300
M9488,M9488
M8086,M8086
M8948,M8948
L9281,L928
J909,J90
R09,_
O813,O813
F109,F109
S821,S821
S299,S299
C180,C180
D163,D163
G590,G590
N359,N359
O655,O655
Q401,Q401
M7288,M7288
N1835,N183
Q289,Q289
O840,O840
M602,M602
C210,C210
O839,O839
S9130,S913
S417,S417
T933,T933
G541,G541
H440,H440
H933,H933
H052,H052
K068,K068
B085,B085
M771,M771
S935,S935
S004,S004
I702,I702
H168,H168
S4200,S4200
K613,K613
C113,C113
H3550,H355
H4380,H438
H3540,H354
H5221,H522
E1430,E143
H3511,H351
H143,_
H4700,H470
D479,D479
D2110,D211
H0290,H029
L9180,L918
H0501,H050
L6000,L600
B359,B359
H355,H355
N433,N433
O757,O757
D233,D233
H404,H404
Q180,Q180
X9999,_
J318,_
E051,E051
S520,S520
N031,N031
M9960,M9960
L84,L84
K669,K669
S639,_
S624,S624
T24,_
O669,O669
C570,C570
B769,B769
H599,H599
S983,S983
Z409,Z409
D751,D751
Z904,Z904
Z436,Z436
B009,B009
K311,K311
O679,O679
I729,I729
S6812,S681
A164,A164
H931,H931
K829,K829
D047,D047
O890,O890
Q763,Q763
I844,I844
E1321,E132
B82,B829
L892,L892
Z472,_
Z008,Z008
H433,H433
I728,I728
M9010,M9010
W5599,_
S118,S118
N1339,N133
M9061,M9061
T131,T131
M9000,M9000
M8510,M8510
382,_
H653,H653
R098,R098
C504,C504
M9400,M940
R490,R490
0691,_
O842,O842
1234,_
S551,S551
N700,N700
T181,T181
D214,D214
C428,_
H939,H939
S5200,S5200
S8210,S8210
C16,C169
A309,A309
O323,O323
M855,M855
800,_
C482,C482
L602,L602
D051,D051
E886,_
R6521,R652
V892XXA,_
H8149,H814
Z9849,_
C309,_
J30,_
D226,D226
D033,D033
N907,N907
K568,_
M189,M189
N1856,N185
Q122,Q122
I708,I708
N420,N420
C641,C64
K044,K044
I1401,_
O911,O911
M6516,M6516
J3489,J348
H619,H619
O834,O834
O611,O611
I958,I958
S5221,S5221
D374,D374
Z38O,_
K420,K420
O64,O649
L049,L049
J03,J039
S5101,S510
H2611,H261
S409,S409
K275,K275
O330,O330
E02,E02
R008,R008
G521,G521
I051,I051
A809,A809
K761,K761
K028,K028
K006,K006
M419,M419
P022,P022
B351,B351
S6221,S6221
S6260,S6260
S9191,S919
S3101,S310
R100,R100
E1051,E105
S6510,S651
T884,T884
M1996,M199
N280,N280
Z908,Z908
Z510,Z510
N002,N002
V99,_
T323,T323
U801,U801
M9180,M9180
M8470,_
B081,B081
L942,L942
S429,S429
Z418,Z418
O668,O668
Q699,Q699
M125,M125
J399,J399
Q302,Q302
K559,K559
D430,D430
H590,H590
R1905,R190
F88,F88
B078,B07
M866,M866
O61,O619
E8631,E86
F412,F412
H4001,H400
N39,N399
T828,T828
M254,M254
W514,_
C41,C419
O130,O13
C723,C723
K7680,K768
K073,K073
A183,A183
K390,_
K301,K30
E222,E222
N175,_
J0602,J060
M6741,M6741
J3292,J329
J3202,J320
N112,_
I749,I749
H310,H310
C172,C172
D700,D70
P008,P008
D1710,D171
D1721,D172
K5732,K573
I779,I779
Z3270,_
I461,I461
E756,E756
D2371,D237
H021,H021
H5010,H501
H5011,H501
C785,C785
O369,O369
D25,D259
M9961,M9961
G5601,G560
N842,N842
M6530,M6530
L400,L400
K051,K051
D601,D601
H059,H059
H043,H043
Z374,Z374
D350,D350
R590,R590
K226,K226
H356,H356
J0391,J039
S60,S609
N930,N930
W250,_
W258,_
0935,_
Z495,_
R10,_
N970,N970
Z926,Z926
W5499,_
S014,S014
E782,E782
C323,C323
J950,J950
S623,S623
D034,D034
B962,B962
T739,T739
Q660,Q660
C481,C481
I482,I48
O2303,O230
S825,S825
K591,K591
O000,O000
Z342,_
342,_
W549,_
S312,S312
J302,J302
N608,N608
O380,_
M703,M703
I889,I889
J20,J209
C810,C810
M390,_
C767,C767
C300,C300
Z750,Z750
I111,_
Z3830,Z383
S8250,S8250
Z292,Z292
B9681,B968
W189,_
Y0499,_
0622,_
F318,F318
O104,O104
M19,M199
M7988,M7988
E459,E45
B30,B309
G308,G308
N911,N911
B495,B49
O642,O642
M0697,M0697
L025,_
G632,G632
K088,K088
C440,C440
M6744,M6744
V8990,_
S007,S007
T212,T212
N440,N44
N839,N839
K826,_
B659,B659
S5271,S5271
H4002,H400
H3572,H357
H3500,H350
H3571,H357
E274,E274
H3422,H342
H4312,H431
O822,O822
O824,_
J913,J91
N380,_
Z362,Z362
N610,N61
S913\,_
O10,O109
Z49,_
J438,J438
J350,J350
S968,S968
S027,S027
M069,M069
R572,R572
M9080,M9080
X49,_
H5291,_
K838,K838
N228,N228
C58,C58
M9220,M922
O030,O030
M6584,M6584
M5435,M543
D1809,D1809
R2210,R221
S068,S068
S684,S684
T0580,T058
W2799,_
D1790,D179
A188,A188
C4408,C440
M6711,M6711
S272,S272
L928,L928
M8940,M8940
K4091,K409
E1426,E142
B965,B965
B860,B860
K643,_
829,_
H044,H044
M8410,M8410
S398,S398
Q909,Q909
E038,E038
R53,R53
I455,I455
I601,I601
S129,S129
Q161,Q161
R2211,R221
H181,H181
H1780,H178
M8430,M8430
M9020,M9020
M8504,M8504
M9391,M9391
M8480,M8480
C696,C696
M7194,M7194
D291,D291
D37,D379
K5436,_
K611,K611
D484,D484
T191,T191
A979,_
R740,R740
K36,K36
B961,B961
R090,R090
D363,_
B956,B956
E124,E124
I132,I132
I49,I499
Z936,Z936
M6596,M6596
G930,G930
R69,R69
N128,N12
D6308,D630
D6303,D630
C1139,C113
C059,C059
M8850,_
M9731,_
C902,C902
Z8546,Z854
D100,D100
P835,P835
H3332,H333
S7210,S7210
K431,K431
Y9319,_
S3609,S360
392,_
S672,_
N9092,N909
M7260,M7260
M6590,M6590
M6591,M6591
L0241,L024
M7541,M754
M6541,M654
L7201,L720
N434,N434
M758,M758
S509,S509
S608,S608
S308,S308
S799,S799
I25,I259
S984,S984
L401,L401
C444,C444
V89,_
S324,S324
T132,T132
O779,_
Q512,Q512
J013,J013
S42,S429
H430,H430
032,_
T253,T253
M0092,M0092
S8190,S819
M8390,M8390
D236,D236
S310,S310
O343,O343
H018,H018
A071,A071
S8392,_
N1854,N185
91,_
Z09,Z099
B89,B89
I039,_
O411,O411
G2581,G258
C14,_
K25,K259
H450,H450
A1622,A162
M418,M418
I453,I453
N645,N645
M902,M902
O687,_
N993,N993
S0200,S0200
T172,T172
J170,J170
C4190,C419
V282,_
H302,H302
W449,_
W44,_
O358,O358
O751,O751
S221,S221
S327,S327
Z321,Z321
G319,G319
I99,I99
J324,J324
S801,S801
M533,M533
H738,H738
B022,B022
B850,B850
I2990,_
D164,D164
Z2370,Z237
O909,O909
M755,M755
M6532,M653
M861,M861
2301,_
S827,S827
O399,_
491,_
O444,_
N2010,N201
N2011,N201
S933,S933
H311,H311
K4499,K449
T901,T901
S3690,S3690
H3522,H352
M244,M244
E040,E040
M916,_
M6750,_
N182,N182
A270,A270
Y451,_
M245,M245
N488,N488
S0640,S0640
I1619,_
M201,M201
D020,D020
K2900,K290
D152,D152
D117,D117
R960,R960
N545,_
K081,K081
S8283,S828
O309,O309
Q150,Q150
Z246,Z246
Z232,Z232
Z138,Z138
Z011,Z011
Z246Z2,_
T542,T542
F332,F332
S557,S557
L0300,L030
K4191,K419
S089,S089
I179,_
I330,I330
I400,I400
H054,H054
Y540,_
H295,_
A33,A33
E061,E061
K815,_
302,_
W190,_
N994,N994
S8220,S8220
V3861,_
I560,_
G43,G439
O983,O983
P241,P241
O430,O430
622,_
A0100,A010
I0390,_
I4440,I444
Z870,Z870
R91,R91
L0380,L038
E469,E46
S8251,S8251
O0809,O080
S9200,S9200
K822,K822
Q059,Q059
S6231,S6231
O991,O991
D319,D319
S8260,S8260
M1396,M1396
H406,H406
S7241,S7241
0329,_
A0999,A099
S301,S301
E063,E063
K402,K402
O331,O331
H258,H258
M1994,M1994
V5349,_
S685,_
O335,O335
T233,T233
K048,K048
W34,_
T920,T920
K355,_
J128,J128
E40,E40
L03,L039
N259,N259
C009,C009
T780,T780
O717,O717
P082,P082
P243,P243
D643,D643
K701,K701
M5496,M5496
K283,K283
I458,I458
C709,C709
E15,E15
J0690,J069
B201,B201
S0281,S0281
I828,I828
N020,N020
N499,N499
T910,T910
F311,F311
P398,P398
P201,P201
F105,F105
M518,M518
N410,N410
D689,D689
T206,T206
I607,I607
P248,P248
Q213,Q213
D538,D538
T913,T913
Y459,_
T921,T921
A790,A790
A099E8,A09
C164,C164
A09E869,A09
P53,P53
G958,G958
A920,A920
J1533,J153
P288,P288
C140,C140
C170,C170
C753,C753
E834,E834
I456,I456
C797,C797
N258,N258
P391,P391
B058,B058
P123,P123
I631,I631
I677,I677
T658,T658
D131,D131
A050,A050
C541M8330/3,_
K630,K630
M4854,M4854
A86,A86
P294,P294
C762,C762
I800,I800
M436,M436
G038,G038
M722,M722
M725,M725
E512,E512
M4362,M4362
T798,T798
Q809,Q809
M0091,M0091
E125,E125
M490,M490
K713,K713
S092,S092
B909,B909
C728,C728
D106,D106
M1397,M1397
G528,G528
O269,O269
I428,I428
Q361,Q361
D563,D563
I608,I608
A048,A048
I614,I614
D750,D750
P579,P579
M5452,M545
K561,K561
M8998,M8998
M501,M501
S0270,S0270
I309,I309
ICD,_
T604,T604
S002,S002
T313,T313
T788,T788
I776,I776
P210,P210
O109,O109
S562,S562
N735,N735
A158,A158
A480,A480
F432,F432
D612,D612
Q043,Q043
P611,P611
I422,I422
S434,S434
M7995,M7995
B948,B948
J1813,J181
Q643,Q643
T454,T454
1223,_
S0210,S0210
M331,M331
N003,N003
H403,H403
J1502,J150
E41,E41
T602,T602
T909,T909
M0691,M0691
J4580,J458
S0261,S0261
P90,P90
I710,I710
N450,N450
T543,T543
M1091,M1091
C252,C252
I691,I691
A064K770,_
G518,G518
K511,K511
Q899,Q899
D849,D849
J1503,J150
M775,M775
M7909,M7909
M894,M894
M0649,M0649
N429,N429
J1522,J152
O235,O235
B012J171,_
A040,A040
T846,T846
S0290,S0290
M7922,M7922
G003,G003
M5417,M5417
J1203,J120
M6289,M6289
N051,N051
A043,A043
I421,I421
M4789,M4789
N151,N151
O980,O980
D332,D332
T8542,T854
S934,S934
K43,K439
Z030,Z030
H3082,H308
C493,C493
K569,_
S71,_
W1899,_
T111,T111
S3611,S3611
W3400,_
S355,S355
P032,P032
H2504,H250
O500,_
I440,I440
S054,S054
V833,_
S8600,S860
M792,M792
O0800,O080
M41,M419
L92,L929
Z419,Z419
O749,O749
N859,N859
W349,_
M411,M411
A039,A039
W559,_
S62,_
K248,_
M701,M701
S3250,S3250
V386,_
H4330,H433
O628,O628
H1180,H118
B2069,B206
O008,O008
Z346,_
Z820,Z820
M152,M152
S52,S529
Z34,Z349
S117,S117
E746,_
Z341,_
K277,K277
Z344,_
J206,J206
H579,H579
E08,_
E0922,_
K113,K113
O061,O061
N1893,N189
D043,D043
T932,T932
N432,N432
G191,_
N820,N820
S63,_
O011,O011
G5600,G560
S681,S681
M8001,M8001
H4702,H470
I692,I692
O068,O068
R22,R229
H644,_
H34,H349
N137,N137
D12,D129
L059,L059
L60,L609
O7180,O718
702,_
Z353,Z353
I6389,I638
M9510,M951
M8900,M8900
K914,K914
O6250,_
H1781,H178
D235,D235
T8684,T868
H2589,H258
Z832,Z832
R188,R18
K57,K579
O14,O149
N184,N184
H158,H158
B471,B471
H5000,H500
M81,M819
O360,O360
O811,O811
I221,I221
I6203,I620
J479,J47
C09,C099
S559,S559
C31,C319
D482,D482
O8000,O800
O333,O333
I863,I863
S4291,S4291
S4241,S4241
S9291,S9291
N948,N948
Q134,Q134
K061,K061
G819,G819
D63,_
T809,T809
O326,O326
S9230,S9230
W0109,_
O872,O872
O372,_
Z352,Z352
H6000,H600
L0301,L030
O0951,_
S524,S524
M233,M233
E7876,_
E138,E138
O802,_
1201,_
D073,D073
H048,H048
M75,M759
D392,D392
C116,_
T874,T874
O807,_
E1127,E112
M62,M629
R020,R02
N421,N421
H4722,H472
O89,O899
E879,_
G479,G479
R073,R073
S427,S427
P050,P050
N050,N050
L249,L249
Z370Z3,_
J129,J129
I738,I738
I494,I494
Z41,Z419
K668,K668
S0691,S0691
I081,I081
Z3043,Z304
J900,J90
T240,T240
M029,M029
S9119,S911
D383,D383
N923,N923
B088,B088
H210,H210
A180,A180
H331,H331
S6280,S6280
E060,E060
J829,J82
Q674,Q674
F988,F988
H680,H680
C542,C542
K281,K281
H25,H259
K46,K469
M2441,M2441
H4771,H477
H3100,H310
Q332,Q332
Q423,Q423
D225,D225
A421,A421
M8050,M8050
H659,H659
N870,N870
D823,D823
H019,H019
M8199,M8199
D582,D582
S5182,S518
I709,I709
Q644,Q644
0631,_
K631,K631
S8225,S822
O302,O302
M1904,M1904
O262,O262
N489,N489
N817,N817
R300,R300
B000,B000
F058,F058
O803,_
S72,S729
D316,D316
C301,C301
M8520,M8520
M8180,M8180
C788,C788
M9472,_
J028,J028
E1143,E114
H654,H654
L050,L050
R56,_
Q666,Q666
J445,_
M8170,_
M9173,_
E148,E148
Z031,Z031
D120,D120
O653,O653
T2020,T202
T2403,T240
T162,T16
S8601,S860
I90,_
D699,D699
W2469,_
D593,D593
O9101,O910
O910,O910
M011,M011
S134,S134
S328,S328
D731,D731
R227,R227
M5106,M510
V3249,_
W45,_
N045,N045
N362,N362
F019,F019
C90,_
X44,_
C799,C799
L508,L508
K098,K098
D261,D261
O311,O311
I252,I252
N088,N088
Z377,Z377
M250,M250
M651,M651
X60,_
Q700,Q700
Z992,Z992
N328,N328
Q790,Q790
P293,P293
P285,P285
Z991,Z991
M4726,M4726
N758,N758
S218,S218
W509,_
C1680,C168
S631,S631
R04,R049
O468,O468
S805,_
L853,L853
K518,K518
K738,K738
G909,G909
K4090,K409
O662,O662
S5240,S5240
W4499,_
V329,_
W4999,_
R633,R633
V285,_
M791,M791
0370,_
0372,_
O849,O849
T1810,T181
I160,_
N187,_
Z4803,Z480
K623,K623
B109,_
F449,F449
D039,D039
Z960,Z960
J860,J860
L859,L859
T180,T180
Z378,_
L0240,L024
N058,N058
0619,_
R680,R680
N709,N709
N023,N023
I701,I701
Z940,Z940
L7239,_
F450,F450
L405,L405
M073,M073
D4862,D486
S530,S530
O96,O96
N3930,N393
J011,J011
R2221,R222
Z592,Z592
P223,_
R935,R935
R2200,R220
I892,_
M7994,M7994
H71,H71
S499,S499
C21,_
P800,P800
S627,S627
N321,N321
M6589,M6589
C02,C029
H610,H610
K605,K605
O65,O659
E863,E86
B49,B49
D443,D443
C000,C000
M8246,_
K839,K839
E0520,E052
R297,_
M9823,_
C492,C492
H3701,_
M7985,M7985
M6533,M653
N186,_
R651,R651
O618,O618
O347,O347
L603,L603
V224,_
Z434,Z434
K500,K500
S428,S428
P77,P77
O344,O344
S065,S065
O754,O754
M1007,M1007
V120,_
V320,_
E1162,E116
E1160,E116
L0311,L031
H0012,H001
O76,_
O0399,O039
S460,S460
M7987,M7987
0828,_
N250,N250
E078,E078
H701,H701
N856,N856
S999,S999
I161,_
I683,_
L088,L088
O480,O48
Q447,Q447
F4101,F410
N144,N144
C109,C109
J205,J205
E1150,E115
O683,O683
O4403,O440
O083,O083
T179,T179
N8321,N832
N8320,N832
S4211,S4211
S6121,_
E783,E783
D119,D119
J3920,J392
D3671,D367
N1392,N139
N1352,N135
H9390,H939
S4111,S411
H3521,H352
H3581,H358
G570,G570
M6543,M6543
M7227,M7227
S8320,S832
M753,M753
T393,T393
D441,D441
Z930,Z930
Z090,Z090
A109,_
70,_
Z478,Z478
I831,I831
H432,H432
I311,I311
L639,L639
A491,A491
M138,M138
Q829,Q829
P074,_
M1905,M1905
P612,P612
L6002,L600
M1903,M1903
M752,M752
Y838,_
Q430,Q430
H728,H728
Y149,_
V209,_
K81,K819
M1029,M1029
9035,_
B29,_
K820,K820
O390,_
D2120,D212
L0312,L031
L0302,L030
H2629,H262
B770,B770
I830,I830
K64,_
0601,_
K28,K289
S949,S949
N853,N853
S032,S032
S500,S500
S701,S701
N958,N958
K930,K930
M8261,_
M899,M899
O603,O603
C9111,C911
N35,N359
L0303,L030
K260,K260
K076,K076
K447,_
K209,K20
B969,_
C250,C250
1845,_
D26,D269
C40,C409
M018,M018
C441,C441
C380,C380
Q531,Q531
B873,B873
K148,K148
O27,_
K0521,K0521
L899,L899
V099,_
W1909,_
M1986,M198
K938,K938
W4599,_
S6271,S6271
W399,_
S761,S761
C430,C430
M9409,M940
D688,D688
L719,L719
080,_
C160,C160
K909,K909
T797,T797
R099,_
I43,_
N312,N312
W451,_
D4870,D487
L0891,L089
S5251,S5251
M6540,M6540
A00,A009
S8201,S8201
D4871,D487
S3100,S310
C44,C449
J2I9,_
O266,O266
M8694,M8694
S909,S909
S8102,S810
S2210,S2210
Q010,Q010
E283,E283
S0651,S0651
I449,_
J918,J91
O328,O328
E126,E126
L8910,L891
M8461,_
D169,D169
M856,M856
S5281,S5281
O644,O644
C821,C821
P559,P559
T018,T018
M190,M190
S617,S617
W1998,_
I504,_
V8929,_
X6999,_
I052,I052
J188,J188
P029,P029
W257,_
O800Z3,_
W227,_
S451,S451
Y34,_
S462,S462
M1002,M1002
S6200,S6200
A156,A156
J810,J81
J68,J689
J4490,J449
M8550,M8550
M600,M600
G918,G918
M8832,_
Y442,_
I088,I088
Q242,Q242
I361,I361
F059,F059
I061,I061
I080,I080
I060,I060
M328,M328
B360,B360
Z928,Z928
M9540,M954
M8147,M8147
X566,_
S5230,S5230
Z305,Z305
Q378,Q378
P728,P728
N143,N143
D334,D334
D330,D330
H163,H163
W3499,_
S8231,S8231
S660,S660
R111,R11
T3142,T314
A259,A259
B012,B012
J17,_
0020,_
K110,K110
0021,_
S700,S700
P591,P591
0039,_
S5289,S528
S5220,S5220
I069,I069
K8050,K805
T871,T871
S6270,S6270
W0199,_
13,_
K624,K624
M644,_
M2330,M2330
V475,_
F191,F191
K812,_
O481,O48
N8381,N838
M6594,M6594
D2111,D211
C319,C319
H4421,H442
N93,N939
K314,K314
H2821,H282
Z3801,Z380
H2791,H279
S0631,S0631
M0809,M0809
O367,O367
T447,T447
J929,J929
O081,O081
P359,P359
A799,A799
B371J172,_
N172,N172
K716,K716
O905,O905
A488,A488
F458,F458
D67,D67
M4781,M4781
O350,O350
G405,G405
P353,P353
K102,K102
M6262,M6262
C183,C183
P921,P921
C450,C450
S969,S969
E011,E011
123,_
P080,P080
Q822,Q822
E741,E741
I741,I741
K256,K256
J930,J930
G35,G35
Z01201,Z012
Z01208,Z012
Z01209,Z012
Z01210,Z012
Z01211,Z012
P070,P070
A492,A492
M080,M080
I510,I510
S340,S340
C796,C796
D580,D580
T391,T391
A060E86,_
M358,M358
T534,T534
P783,P783
S936,S936
K746I982,_
N052,N052
D800,D800
0000,_
J1563,J156
P558,P558
K091,K091
O723,O723
D732,D732
M892,M892
G910,G910
A1,_
S140,S140
A931,A931
M438,M438
A412,A412
T215,T215
P782,P782
J1513,J151
N393,N393
K550,K550
I271,I271
F29,F29
M1259,M1259
G709,G709
M8698,M8698
T952,T952
C837,C837
S045,S045
T594,T594
M709,M709
G948,G948
F233,F233
I308,I308
M5436,M5436
D521,D521
F010,F010
S2240,S2240
T423,T423
C759,C759
Q764,Q764
J1822,J182
Q245,Q245
N131,N131
Q552,Q552
O469,O469
B509,B509
A901,A90
P010,P010
G07,G07
M1094,M1094
T853,T853
T518,T518
M7928,M7928
K835,K835
N048,N048
N007,N007
Q793,Q793
I823,I823
G002,G002
C782M8000/6,_
D162,D162
M0899,M0899
T750,T750
T494,T494
G253,G253
M1911,M1911
A085,A085
C447,C447
D125,D125
J4591,J459
H2540,_
S7201,S7201
P004,P004
S8229,S822
Z524,Z524
L0291,L029
K520,K520
G955,_
M1908,M1908
S372,S372
M146,M146
V23,_
O325,O325
N129,N12
S3280,S3280
H4311,H431
V799,_
J030,J030
S709,S709
S807,S807
S908,S908
V28,_
W5090,_
068,_
J458,J458
M6283,M6283
U01,_
K72,K729
B371,B371
J172,J172
D173,D173
N035,N035
S4270,S4270
C712,C712
E859,E859
O6989,O698
M889,M889
B26,B269
1W1,_
Q315,Q315
P960,P960
7,_
E743,E743
A288,A288
S51,S519
S6144,_
K430,K430
O283,O283
S057,S057
Z70,Z709
I233,I233
E611,E611
S141,S141
D279,D27
I7791,I779
X64,_
J181,J181
M489,M489
2541,_
W87,_
0630,_
0268,_
S5190,S519
T146,T146
S6190,S619
L018,_
S6101,S610
S0080,S008
S4090,S409
S6081,S6081
V021,_
I929,_
Z375,Z375
V235,_
W502,_
Z895,Z895
N171,N171
I460,I460
Z3730,Z373
Y169,_
C509M,_
Z762,Z762
H1891,H189
Z136,Z136
Z3001,Z300
H4006,H400
S8230,S8230
I982,I982
S3680,S3680
S570,S570
K1490,K149
X959,_
R478,R478
K982,_
D50,D509
B06,B069
A178,A178
G630,G630
S9250,S9250
S9231,S9231
Z911,Z911
X129,_
Z040,Z040
E740,E740
X199,_
M9591,M959
Y563,_
Y427,_
A15,A159
M169,M169
O301,O301
O741,O741
M1317,M1317
U843,_
Z861,Z861
H108,H108
L026,_
V290,_
E816,_
H1106,H110
Z3044,Z304
Z4901,Z490
K2905,K290
861,_
N568,_
E49,_
S364,S364
S365,S365
6441,_
63,_
89,_
O650,O650
O189,_
E742,E742
T129,T12
820,_
0364,_
M9009,M9009
S210,S210
Z3900,Z390
0800Z1,_
S844,_
O487,O48
R1901,R190
S029,S029
M647,_
S8011,S801
M4185,M4185
M720,M720
G243,G243
S4081,S4081
S5091,S509
S3081,S308
S5191,S519
D123,D123
F840,F840
A,_
R066,R066
I713,I713
M2454,M2454
M6535,M653
0998,_
L7280,L728
L0251,_
H0001,H000
O665,O665
I69,_
H3700,_
H8510,_
H0111,H011
H0100,H010
D4860,D486
T819,T819
Q221,Q221
H461,H46
M9940,M9940
M198,M198
N882,N882
H341,H341
K8012,K801
P0044,P004
M6288,M6288
J60,J60
O242,O242
D686,D686
O929,_
E1431,E143
M9128,M912
Z099,Z099
H840,_
N270,N270
O253,O25
O892,O892
S7211,S7211
D48,D489
I35,I359
V204,_
N230,N23
Q820,Q820
M00,M009
W01,_
S0181,S018
I96,_
M867,_
O714,O714
S363,S363
X78,_
R638,R638
I446,I446
I098,I098
S8211,S8211
N342,N342
S335,S335
S307,S307
D227,D227
N903,N903
M064,M064
E132,E132
N830,N830
K928,K928
X47,_
185,_
I349,I349
H3112,H311
H4770,H477
J168,J168
M7229,M7229
C925,C925
Z39Z,_
A213,A213
M8697,M8697
O95,O95
1119,_
I253,I253
E848,E848
E561,E561
C461,C461
O394,_
N1999,N19
X69,_
S0540,S054
Z162,_
A170,A170
G01,G01
O1010,O101
O24,O249
R2240,R224
J3200,J320
F01,F019
Z401,_
L509,L509
U049,U049
Q513,Q513
M224,M224
J0110,J011
G9340,G934
R770,R770
K7669,K766
O633,_
O048,O048
J45,J459
M4892,M4892
H469,H46
R630,R630
M1988,M1988
T681,T68
I102,I10
O002,O002
O224,O224
J409,J40
E841,E841
P75,P75
S003,S003
Z087,Z087
Z082,Z082
E8691,E86
D709,D70
H2512,H251
W2399,_
V289,_
W2299,_
S6100,S610
Z542,Z542
W2699,_
Z894,Z894
K309,K30
Q6600,Q660
V893,_
M8830,_
O460,O460
Z351,Z351
W229,_
E248,E248
G901,G901
K109,K109
T471,T471
Y531,_
Z388,Z388
F321,F321
M131,M131
N875,_
S14,_
K103,K103
K062,K062
D128,D128
M4727,M4727
T194,_
N806,N806
K400,K400
Z170,_
H3551,H355
H4000,H400
H578,H578
D160,D160
H1811,H181
800Z2,_
Z580,Z580
0700,_
N730,N730
M9350,_
O760,_
T18,T189
J043,_
F108,F108
M1226,M1226
M9364,_
G438,G438
H1089,H108
H0412,H041
E048,E048
O362,O362
S217,S217
S278,S278
S360,S360
S323,S323
W22,_
H184,H184
Z916,Z916
S199,S199
G636,G636
K912,K912
H3505,H350
K537,_
S9220,S9220
R99,R99
I1041,I10
T304,T304
M5326,M5326
T20,_
V8299,_
T091,T091
T2320,T232
T2400,T240
S314,S314
H5991,H599
H1190,H119
H5990,H599
L722,L722
R392,R392
X1299,_
T252,T252
K915,K915
J701,J701
S5212,S521
S6301,S6301
N871,N871
L370,_
V890,_
F208,F208
A273,_
M7992,M7992
S612,_
D372,D372
O324O9,_
S0590,S059
L0890,L089
S927,S927
R398,R398
S900,S900
N341,N341
O391,_
H2681,H268
C74,C749
M7128,M712
C531,C531
H971,_
K080,K080
M7712,M7712
J322,J322
H3509,H350
M8858,_
V030,_
P0814,P081
Q220,Q220
D36,D369
Z039,Z039
0321,_
I81,I81
H27,H279
H101,H101
J349,_
C851,C851
K9189,K918
B820,B820
S203,S203
S599,S599
S198,S198
Y071,_
U040,_
G530,G530
M34,M349
H0582,H058
K108,K108
W0104,_
E799,E799
O046,O046
Q234,Q234
Z230,Z230
Q638,Q638
T831,T831
N808,N808
M8002,M8002
L982,L982
S400,S400
T829,T829
E139,E139
L7632,_
G372,G372
J3392,J339
J3831,J383
J398,J398
J3822,J382
W579,_
S7220,S7220
S028,S028
X419,_
S6254,S625
Z9881,Z988
J3832,J383
B79,B79
M7982,M7982
M7981,M7981
T861,T861
I150,I150
Z370SING,_
Z392ENCO,_
O800ENCO,_
Z382SING,_
N037,N037
Q143,Q143
M8090,M8090
Z824,Z824
M8620,M8620
V281,_
Z978,Z978
C692,C692
I114,_
M402,M402
S8181,S818
O20,O209
D734,D734
J39,J399
E0491,E049
K93,_
G050,G050
K681,_
0410,_
H1053,H105
M759,M759
S0083,S008
H65,H659
G4482,G448
H6693,H669
H72,H729
H7102,H71
H10,H109
R928,R92
M670,M670
I700,I700
K389,K389
S658,S658
S7990,S799
V2899,_
T844,T844
T923,T923
S7080,S7080
H499,H499
H263,H263
A210,A210
D2239,D223
L819,L819
H2680,H268
N491,N491
O826,_
O806,_
M5499,M5499
D037,D037
T099,T099
S90,S909
M812,M812
K869,K869
Q240,Q240
S188,S18
Q541,Q541
I42,I429
Q506,Q506
H508,H508
H2780,H278
K627,K627
O825,_
D231,D231
O120,O120
C79,C799
Z4911,Z491
M8030,M8030
N44,N44
F331,F331
Q1810,Q181
S37,S379
O259,O25
K68,_
Z399,_
S558,S558
K764,K764
O809Z,_
G822,G822
K7602,K760
C929,C929
D168,D168
G548,G548
E888,E888
O864,O864
K310,K310
N732,N732
D691,D691
M472,M472
A059,A059
G360,G360
J949,J949
F451,F451
M6296,M6296
K704,K704
M4366,M436
M5327,M5327
J688,J688
C857,C857
S2280,S2280
P228,P228
P581,P581
C310,C310
A099E86,A09
I238,I238
S467,S467
I898,I898
P702,P702
C150,C150
K743,K743
M1398,M1398
M1389,M1389
P362,P362
A690,A690
I158,I158
C343,C343
G001,G001
T293,T293
H661,H661
J1523,J152
O800Z370,_
O439,O439
P819,P819
M332,M332
A360,A360
M0239,M0239
P028,P028
P838,P838
P914,P914
P834,P834
Q011,Q011
T603,T603
H598,H598
P006,P006
T982,T982
G702,G702
O353,O353
M5408,M5408
J1562,J156
Q225,Q225
G048,G048
J1293,J129
A879,A879
I808,I808
N392,N392
D280,D280
M0094,M0094
A191,A191
G508,G508
T752,T752
P529,P529
C945,C945
J1212,J121
AAA,_
G258,G258
T598,T598
J14,J14
C223,C223
M6280,M6280
C969,C969
T261,T261
C763,C763
D320,D320
J684,J684
E873,E873
Q501,Q501
S0291,S0291
M318,M318
I636,I636
A220,A220
G800,G800
C700,C700
G904,G904
I1500,I150
G978,G978
E891,E891
S7280,S7280
Y0999,_
E210,E210
V339,_
K083,K083
D431,D431
W2309,_
S698,S698
M2506,M2506
G588,G588
M8666,M8666
Y1099,_
K7469,K746
H4061,H406
H5061,H506
H2022,H202
H4014,H401
A244,A244
S0241,S0241
S670,S670
O870,O870
O19,_
R7989,R798
R370,_
M4696,M4696
R569,_
E865,E86
10,_
O312,O312
L8915,L891
D4861,D486
S2100,S210
K123,K123
K26,K269
S507,S507
V0349,_
C020,C020
590,_
S228,S228
I2190,I219
D312,D312
C538,C538
M7009,M7009
W459,_
W649,_
R298,R298
K31,K319
S930,S930
B729,B72
J1882,J188
N23,N23
M939,M939
M1712,M171
M2455,M2455
C49,C499
H2581,H258
T61,T619
E45,E45
I07,I079
0420,_
E1196,E119
Q068,Q068
W400,_
N219,N219
E237,E237
141,_
V284,_
N41,N419
162,_
Y1899,_
K923,_
L7211,L721
S8100,S810
J663,_
Z641,Z641
S971,S971
Z200,Z200
Z780,_
M8073,_
I875,_
N322,N322
Z209,Z209
M9450,_
B37,B379
C960,C960
O220,O220
O701O,_
29,_
Z201,Z201
B180,B180
O413,_
N805,N805
W219,_
O795,_
O342O,_
L571,L571
T8741,T874
N825,N825
K4030,K403
Z080,Z080
C784,C784
S368,S368
B54,B54
Y408,_
S091,S091
L858,L858
L441,L441
M1902,M1902
L972,L97
I812,I81
D1801,D1801
O694,O694
E209,E209
L919,L919
O334,O334
H3534,H353
H3536,H353
N041,N041
C445,C445
S1290,S1290
0689,_
K749,_
D44,D449
H0202,H020
K5130,K513
D2112,D211
B200,B200
P510,P510
M352,M352
J4892,_
A811,A811
M8071,_
N1330,N133
M9680,M968
C649,C64
G56,G569
K615,_
R9281,R92
M6731,M6731
D313,D313
R743,_
I200I,_
240,_
E215,E215
C209,C20
C269,C269
N1858,N185
J3800,J380
R339,R33
C9000,C900
F410,F410
A91,A91
O8001,O800
J685,_
R8761,R8761
S0111,S011
S8101,S810
B05,B059
M1901,M1901
X599,_
S8241,S8241
K056,K056
S367,S367
A3,_
S229,S229
P037,_
S0051,S0051
S2611,_
J308,_
H518,H518
S920,S920
O75,O759
R653,R653
S5350,_
J702,J702
K521,K521
K035,K035
J830,_
M7266,M7266
B966,B966
K576,_
M6024,M6024
T169,T16
K645,_
I731,I731
T847,T847
K562,K562
S4201,S4201
I699,_
H4201,H420
M4196,M4196
S5241,S5241
S030,S030
S431,S431
H1841,H184
G8190,G819
N851,N851
M0087,M0087
Q611,Q611
R7301,R730
K745,K745
C155,C155
S9251,S9251
S9351,S935
R972,_
Z304,Z304
A590,A590
S3640,S3640
E0410,E041
X95,_
P20,P209
O710,O710
H2610,H261
W440,_
1220,_
X2099,_
R074,R074
R060,R060
D176,D176
X09,_
T200,T200
W2522,_
N969,N96
O365Z3,_
G9391,G939
D281,D281
S2999,S299
M7791,M7791
I878,I878
R36,R36
A804,A804
R048,R048
L2080,L208
M840,M840
T371,T371
Z516,Z516
M1700,M170
W2099,_
K201,K20
N804,N804
S5011,S501
Y0099,_
G478,G478
T220,T220
E290,E290
78,_
S8191,S819
I19,_
H6690,H669
Q6601,Q660
T25,_
Q523,Q523
I24,I249
M0619,M0619
W019,_
M05,M059
5320,_
R861,R861
I770,I770
Z280,Z280
M7500,M750
N485,N485
D2310,D231
S717,S717
0807,_
C756,_
H1105,H110
0034,_
N8110,N811
N812,N812
T8131,T813
0802,_
R2242,R224
J86,J869
I380,I38
Z385,Z385
H3537,H353
O221,O221
H447,H447
O869,_
O9930,O993
D213,D213
C496,C496
N0838,N083
S6810,S681
S6110,S611
S6821,S682
M215,M215
C721,C721
C715,C715
O431,O431
K817,_
Q040,Q040
A047,A047
I846,I846
Q659,Q659
J639,_
M9489,M9489
T842,T842
R626,_
Z189,_
S0151,S0151
S0045,S004
K952,_
S542,S542
N8580,N858
N7090,N709
M880,M880
M4787,M4787
M700,M700
A099E,A09
D433,D433
S22,S229
H4052,H405
H279,H279
0001,_
H36O,_
T029,T029
T832,T832
T303,T303
C211,C211
S470,S47
Q355,Q355
Q375,Q375
Q600,Q600
R199,_
X40,_
G562,G562
Z012,Z012
O1413,O141
K3530,K353
R058,R05
N941,N941
N959,N959
O857,O85
K388,K388
C15,C159
080O,_
Z39O,_
Q373,Q373
S7111,S711
W3199,_
S759,S759
0429,_
0141,_
C9200,C920
E102N,_
L818,L818
D001,D001
M0140,M0140
J158,J158
Y450,_
B957,B957
Z850,Z850
V02,_
H025,H025
Z034,Z034
M1080,_
R253,R253
I089,I089
S3631,S3631
F441,F441
M2540,M2540
I371,I371
O0349,O034
P616,P616
P740,P740
T888,T888
M06,M069
Z357,Z357
G119,G119
Y56,_
M9932,M9932
E10,E109
M88,M889
S309,S309
H3342,H334
H3090,H309
Q504,Q504
M998,M998
Z3980,_
G551,G551
N649,N649
C178,C178
T732,T732
L041,L041
O3421,O342
G576,G576
Q800,Q800
O829Z3,_
C171,C171
D127,D127
M949,M949
F41,F419
M058,M058
M844,M844
S671,_
T016,T016
O900,O900
M8600,M8600
B268,B268
Z809,Z809
M862,M862
S730,S730
Z975,Z975
O8091,O809
9094,_
S922,S922
J469,J46
Z191,_
I781,I781
C090,C090
N1009,N10
T1592,T159
X4899,_
M25,M259
P420,_
H4303,H430
B008,B008
H2523,H252
H4302,H430
Q3791,Q379
V879,_
T110,T110
P721,P721
Q209,Q209
I012,I012
Q442,Q442
M9530,M953
C7631,C763
Y409,_
O838,O838
I13,I139
Q256,Q256
H921,H921
B353,B353
C4101,C4101
Z982,Z982
T858,T858
Q602,Q602
C5390,C539
K762,K762
Y199,_
Z74,Z749
R900,R900
I2438,_
H291,_
K119,K119
V7899,_
O848,O848
B963,B963
B908,B908
R102,R102
W2599,_
S918,_
S508,S508
N2002,N200
K225,K225
I952,I952
0080,_
H2531,_
I169,_
M9723,_
T1414,T141
W,_
K2901,K290
M765,M765
K490,_
Z412,Z412
T411,T411
O320,O320
D449,D449
S539,_
C051,C051
C559,C55
M2316,M2316
R921,R92
S6180,S618
Z3,_
O8093,O809
T8520,T852
M996,M996
I257,_
M959,M959
R7309,R730
M1611,M161
K435,_
A888,A888
A369,A369
G219,G219
A394,A394
M8667,M8667
F018,F018
F316,F316
L512,L512
M858,M858
Q618,Q618
M5497,M5497
B178,B178
D144,D144
C639,C639
T479,T479
T565,T565
E112N08,_
A759,A759
M5491,M5491
T912,T912
D611,D611
C227,C227
A548,A548
A483,A483
E132N083,_
S637,S637
L0310,L031
M300,M300
I300,I300
O509,_
Q969,Q969
O067,O067
A022J170,_
M8795,M8795
F452,F452
M4629,M4629
N4590,N459
J1823,J182
N910,N910
M239,M239
90953,_
J983,J983
I515,I515
M350,M350
K908,K908
M761,M761
A408,A408
E273,E273
I616,I616
F320,F320
F700,F700
F155,F155
F133,F133
Q870,Q870
M1981,M1981
M5449,M5449
G950,G950
Q873,Q873
T840,T840
M351,M351
P592,P592
L109,L109
F101,F101
G64,G64
M0889,M0889
D339,D339
A928,A928
M314,M314
Q279,Q279
E122N08,_
T599,T599
P013,P013
M4388,M4388
D600,D600
M483,M483
M5411,M5411
J1573,J157
P588,P588
M4310,M4310
A310,A310
M7902,M7902
Q556,Q556
M5387,M5387
Q046,Q046
T435,T435
C413,C413
Q204,Q204
M544,M544
C384,C384
M4856,M4856
T560,T560
M5446,M5446
S668,S668
B012J17,_
M4302,M4302
D692,D692
M4809,M4809
G379,G379
G801,G801
E030,E030
F102,F102
F068,F068
K570,K570
G418,G418
T708,T708
M4780,M4780
O082,O082
N8380,N838
C253,C253
S2700,S2700
M8110,M8110
K5140,K514
A0939,A09
H4480,H448
E213,E213
D,_
H0241,H024
H4210,_
S665,S665
D046,D046
C62,C629
L0230,L023
K7689,K768
P007,P007
N7510,N751
M9100,M9100
S5211,S5211
Z382Z,_
G80,G809
F949,F949
B079,B07
R73,R739
S686,_
M9473,_
R019,_
E7,_
N011,N011
M175,M175
G908,G908
W07,_
Z5111,Z511
M1038,M1038
O800Z,_
N952,N952
L208,L208
S641,S641
W25,_
M122,M122
M9838,_
B34,B349
T2423,T242
S0101,S010
M8684,M8684
Y11,_
T158,T158
W59,_
S4231,S4231
Z488,Z488
M8568,M8568
Z035,Z035
M8094,M8094
M65,M659
M5429,M5429
I299,_
O142,O142
I21,I219
M707,M707
O0391,O039
J11,_
K27,K279
T188,T188
K401,K401
C51,C519
S4245,S424
L0261,_
O036,O036
E510,_
Z3800,Z380
O062,O062
Z397,_
B829J1,_
M8012,M8012
V1299,_
H74,H749
O3402,O340
Q505,Q505
Y910,_
C809,C809
N21,N219
S622,S622
W1840,_
N125,N12
I669,I669
K200,K20
J964,_
B002,B002
A919,A919
J451,J451
B829\,_
1639,_
A022,A022
K450,K450
E149E1,_
B80,B80
Z129,Z129
N398,N398
S208,S208
V229,_
V205,_
H588,H588
K723,_
F106,F106
T0280,T0280
Z042,Z042
D938,_
C506,C506
X5909,_
P033,P033
S4181,S418
W2288,_
R506,_
I4891,I48
G4090,G409
W5199,_
J44,J449
X5903,_
N29,_
S0162,_
S0112,S011
S6102,S610
X596,_
X591,_
X5991,_
S981,S981
X593,_
Q632,Q632
X5962,_
X58,_
X5981,_
X59,_
S1999,S199
G9390,G939
H1110,H111
M1919,M1919
Z902,Z902
L239,L239
S2711,S2711
W499,_
S9290,S9290
C673,C673
H3632,_
H1852,H185
H5210,H521
H3620,_
Z4914,Z491
A1692,A169
N60,N609
M8141,M8141
J901,J90
J089,_
S452,S452
J299,_
O010,O010
E809,_
J150,J150
E706,_
L01,_
D369,D369
P761,P761
S6070,S607
S2080,S208
X0998,_
D142,D142
I653,I653
I369,I369
Z49Q,_
C835,C835
K089,K089
B41,B419
N1895,N189
M242,M242
M232,M232
20,_
H490,H490
D5910,D591
J9603,J960
P280,P280
Q606,Q606
C739,C73
O9955,O995
H0410,H041
B2023,B202
0620,_
O0390,O039
H0291,H029
B2509,B250
K651,_
T80,T809
K622,K622
P96,P969
O438,O438
I47,I479
M8338,M8338
M0829,M0829
M702,M702
M8053,M8053
B451,B451
G021,G021
N849,N849
S689,S689
G061,G061
M330,M330
M7542,M754
A539,A539
S6632,S663
909,_
D88,_
0332,_
T7930,T793
O6201,O620
O6202,O620
O981,O981
M,_
M6581,M6581
G4020,G402
S620,S620
D130,D130
I8501,I850
D342,D34
D39,D399
I663,I663
G464,G464
D165,D165
C713,C713
H200,H200
K76,K769
P832,P832
H33,_
E1131,E113
H02,H029
R1310,R13
H185,H185
T71,T71
X70,_
T504,T504
Y548,_
Q741,Q741
Z858,Z858
R908,R908
A601,A601
M7101,M7101
Z970,Z970
H526,H526
H4089,H408
S6125,_
C081,C081
N604,N604
Z3808,Z380
H492,H492
Z922,Z922
I67,I679
B018,B018
O346,O346
T064,T064
V20,_
W228,_
A479,_
Z723,Z723
O156,_
S24,_
Z205,Z205
E638,E638
N6081,N608
J899,_
D3300,D330
S8070,S807
S9120,S912
L0232,L023
I3162,_
J9602,J960
D899,D899
M8856,_
D069,D069
S302,S302
E182,_
N080,N080
M704,M704
T1420,T1420
L034,_
Q70,Q709
M13,M139
S9133,S913
T902,T902
S366,S366
B160,B160
M821,M821
L539,L539
R198,R198
T183,T183
S005,S005
S369,S369
K325,_
S2133,_
S5180,S518
N3902,N390
0365,_
340,_
S560,S560
B529,B529
M8370,_
S939,_
H2404,_
E129,E129
K413,K413
H2621,H262
E104,E104
R191,R191
R932,R932
S55,S559
V2809,_
S2021,S202
O612,_
K673,K673
M030,M030
I104,I10
R279,_
B861,B86
A139,_
D22,D229
M8960,M8960
I1210,_
K612,K612
M954,M954
I470,I470
Z134,Z134
L8211,L82
E232,E232
S271,S271
Q048,Q048
Z433,Z433
T841,T841
P078,_
Z071,_
Z762Z,_
380,_
I690,I690
S273,S273
I874,_
M8080,M8080
W319,_
Q532,Q532
90,_
N899,N899
S811,S811
I548,_
T618,T618
R091,R091
O925,O925
C951,C951
S0110,S011
S5018,S501
Y3499,_
S0190,S019
S0191,S019
S4290,S4290
M728,M728
E719,_
K920,K920
N728,N72
T7840,T784
R230,R230
I411,I411
O103,O103
L500,L500
R402,R402
B86,B86
I649,I64
S903,S903
M7103,M7103
M8619,M8619
W458,_
D4850,D485
I893,_
M213,M213
S613,_
C730,C73
H4591,_
I689,_
D639,_
U02,_
Z1180,Z118
H540,H540
7380,_
E708,E708
S84,S849
O6200,O620
S5253,S525
H501,H501
J1898,J189
S4210,S4210
R768,R768
11,_
M9592,M959
C850,C850
C0231,C023
Z18,_
C25,C259
Q120,Q120
B59,B59
J173,J173
I8601,I860
4651,_
E19,_
K620,K620
H4212,_
C752,C752
Q839,Q839
R2909,R290
H900,H900
K382,K382
K508,K508
S2732,S273
T028,T028
B170,B170
I106,I10
2302,_
076,_
0343,_
I049,_
0249,_
0659,_
044,_
0200,_
N1285,N12
N8329,N832
0756,_
S3110,S311
0411,_
I115,_
K5669,K566
K5641,K564
D241,D24
O177,_
O171,_
Q322,Q322
D3703,D370
K748,_
C9101,C910
E883,E883
K2940,K294
K5190,K519
M7986,M7986
A350,A35
O355,O355
N635,N63
I5878,_
C842,C842
N1805,N180
F119,F119
M255,M255
T650,T650
M1381,M1381
H0019,H001
C3293,C329
H6990,H699
R1909,R190
T020,T020
Q433,Q433
Q422,Q422
K753,K753
D763,D763
A509,A509
P364,P364
C472,C472
D628,D62
M539,M539
T305,T305
I822,I822
AO99,_
G122,G122
65432,_
I426,I426
E208,E208
B941,B941
C400,C400
N394,N394
F140,F140
P589,P589
P390,P390
J4400,J440
C65,C65
M8799,M8799
T601,T601
Q898,Q898
T406,T406
E569,E569
G062,G062
M8690,M8690
A878,A878
P744,P744
T314,T314
A190,A190
H832,H832
M4319,M4319
T213,T213
Q320,Q320
P236,P236
O863,O863
T619,T619
C501,C501
K751,K751
G808,G808
P119,P119
M6595,M6595
T886,T886
D134,D134
A699,A699
F239,F239
E838,E838
A938,A938
T593,T593
T361,T361
T063,T063
O785,_
O748,O748
O719,O719
N422,N422
M952,M952
I410,I410
259,_
E491,_
I29,_
O050,O050
N005,N005
H446,H446
O645,O645
B051,B051
G020,G020
M4184,M4184
N04,N049
W74,_
I868,I868
H547,H547
C47,C479
N936,_
0681,_
O72,_
O8002,O800
I281,I281
A907,A90
B356,B356
S850,S850
S650,S650
S432,S432
K604,K604
N471,N47
T845,T845
H448,H448
I8793,I879
O028,O028
N9083,N908
D702,D70
D000,D000
A59,A599
E142NO83,_
T065,T065
N2810,N281
J012,J012
M8820,_
S334,S334
M8696,M8696
H0200,H020
H0232,H023
R030,R030
N3990,N399
L893,L893
E096,_
Z111,Z111
N150,N150
S4221,S4221
N251,N251
D501,D501
D608,D608
M6023,M6023
M4304,M4304
D418,_
O820Z3,_
X1999,_
V0299,_
F531,F531
M8240,_
B185,_
S93,_
Z906,Z906
C800,C800
H3590,H359
O134,O13
D124,D124
N835,N835
H0212,H021
Z720,Z720
N368,N368
F072,F072
E1114,E111
F120,F120
M212,M212
N350,N350
I368,I368
S0532,S053
H3350,H335
Y86,_
C181,C181
B774,_
H3483,H348
S708,S708
X30,_
T670,T670
Q520,Q520
M6005,M6005
W10,_
H6039,H603
H6090,H609
W4903,_
M270,_
N924,N924
K140,K140
S350,S350
S654,S654
Y926,_
C392,_
C370,C37
S6281,S6281
M8399,M8399
0779,_
G120,G120
W2962,_
T8563,T856
J0390,J039
Z948,Z948
J444,_
I824,_
R562,_
S7291,S7291
013,_
M809,M809
A01,_
L530,L530
H100,H100
R14,R14
N199,N19
M8530,M8530
K362,K36
J1819,J181
L0211,L021
D386,D386
I108,I10
M2191,M2191
M9406,M940
I818,I81
Q019,Q019
H5902,H590
O8602,O860
H4782,_
J10,_
B2009,B200
J133,J13
J500,_
K7291,K729
C4442,C444
Q452,Q452
M5459,M5459
N62,N62
C473,C473
A958,_
N883,N883
N834,N834
M9050,M9050
C459,C459
L9280,L928
C5001,C500
O090,_
N283,_
R119,R119
M130,M130
Q929,Q929
S797,S797
J0120,J012
R270,R270
K370,K37
Z314,Z314
I389,I38
C13,C139
H2701,H270
D10,D109
P392,P392
X61,_
X65,_
B589,B589
E8661,E86
O208,O208
0624,_
S06,S069
E143T,_
S8510,S851
O3663,O366
0422,_
0100,_
M220,M220
0350,_
S0131,S013
Z572,Z572
T251,T251
C83,C839
B119,_
M185,M185
K6389,K638
C148,C148
E185,_
K44,K449
5621,_
N5099,N509
K2211,K221
K114,K114
E05,E059
N403,N40
E1437,E143
K935,_
Z4931,_
R920,R92
Q439,Q439
S601,S601
D064,_
1488,_
C689,C689
B977,B977
Z3803,Z380
S9132,S913
N418,N418
M0686,M0686
M8699,M8699
W69,_
W2381,_
0765,_
M6586,M6586
O658,O658
W20,_
D2211,D221
E1190,E119
C674,C674
P703,P703
E761,E761
S6240,S6240
Q564,Q564
K641,_
L981,L981
M1731,M173
D61,D619
S03,_
S8180,S818
D411,D411
I1039,I10
S0130,S013
Q1209,Q120
B96,_
G53,_
E1481,E148
B080,B080
H6111,H611
V2939,_
95,_
W198,_
V274,_
54,_
E631,E631
S8681,S868
Q8902,Q890
S0991,S099
9BIRTHWE,_
S8261,S8261
S9031,S903
S8680,S868
B028,B028
Z450,Z450
Z950,Z950
M794,M794
S943,S943
M9663,M966
C031,C031
Q681,Q681
L270,L270
Y452,_
W31,_
Z33,Z33
X6699,_
H0000,H000
M9570,_
I720,I720
N752,_
M8999,M8999
X5969,_
K91,K919
M8402,M8402
W279,_
S5310,S5310
H4090,H409
R32,R32
B309,B309
E1423,E142
T834,T834
A070,A070
T29,_
L7290,L729
S0140,S0140
O81,_
T7931,T793
K5790,K579
I370,I370
S7214,S721
I310,I310
O812,O812
R1907,R190
C471,C471
H4081,H408
N852,N852
C529,C52
P290,P290
B432,B432
M8889,M8889
O44Z,_
T849,T849
I024,_
L302,L302
M9410,M9410
C732,C73
J311,J311
Z648,_
A941,A94
S4341,S434
Z384,Z384
I920,_
E388,_
S568,S568
C7A1,_
H0280,H028
C322,C322
O139,O13
T0290,T0290
C149,_
L0332,L033
J240,_
C507,_
M680,M680
K207,K20
C379,C37
N232,N23
N705,_
A922,A922
J169,_
R131,R13
O206,_
B951,B951
Q201,Q201
I078,I078
Z048,Z048
R628,R628
S2730,S2730
S3107,S310
R2209,R220
H2471,_
A142,_
K675,_
O243,O243
Z259,_
T848,T848
I721,I721
C827,C827
A9714,_
A354,A35
A3934,A393
K267,K267
4661,_
M6549,M6549
U509,_
A9713,_
D266,_
C731,C73
C508,C508
Q034,_
J0190,J019
I1139,_
O3659,O365
J419,_
K399,_
D021,D021
N1853,N185
16,_
K419,K419
O3000,O300
D6039,_
1142,_
L890,L890
I441,I441
E1331,E133
C801,C80
Z010,Z010
D679,D67
Z132,Z132
B373,B373
N771,N771
Z46,Z469
T185,T185
K5730,K573
T1431,T143
M850,M850
S6217,S621
B,_
J681,J681
M790,M790
E010,E010
R108,_
0701,_
0692,_
H608,H608
H4003,H400
H4603,H46
J439E,_
K897,_
Q330,Q330
T193,T193
B971,B971
J041,J041
Z430,Z430
D2122,D212
L045,_
M07,_
C8580,_
D122,D122
G259,G259
W17,_
O770,_
S9211,S9211
D645,_
Y0409,_
S298,S298
S031,S031
E120,E120
C620,C620
P350,P350
S6811,S681
O755,O755
D681,D681
J01,J019
Z3970,_
Q519,Q519
M172,M172
NSDO1,_
Y400,_
M4397,M4397
G040,G040
Q253,Q253
34688,_
Q641,Q641
T703,T703
F112,F112
P159,P159
F24,F24
A278,A278
P584,P584
Q334,Q334
P379,P379
P375,P375
F798,F798
Q900,Q900
Q443,Q443
Q623,Q623
A184,A184
N021,N021
T368,T368
D437,D437
M1385,M1385
E278,E278
E299,E299
K046,K046
C050,C050
D136,D136
T246,T246
N731,N731
Q238,Q238
M4312,M4312
D121,D121
B150,B150
O065,O065
D559,D559
T234,T234
T450,T450
I511,I511
E146K31,_
C222,C222
J682,J682
A09E860,A09
N015,N015
A028,A028
D530,D530
E833,E833
D558,D558
K852,K852
D848,D848
Q030,Q030
T264,T264
Q212,Q212
N010,N010
G937,G937
E340,E340
T911,T911
H539,H539
P942,P942
Z3692,Z369
M8189,M8189
0664,_
Q647,Q647
M7133,M7133
S517,S517
F418,F418
K069,K069
R4701,R470
S0510,S051
S112,S112
D232,D232
O250,O25
D075,D075
K918,K918
S6722,_
H0201,H020
S0591,S059
D4,_
D054,_
X0,_
K7290,K729
I821,I821
P054,_
N239,N23
H2700,H270
D010,D010
T1311,T131
E168,E168
O99,_
R57,R579
W53,_
J48,_
I244,_
B269,B269
W1799,_
N1189,N118
F011,F011
I724,I724
S0560,S056
W1308,_
R522,R522
Z8673,Z867
P649,_
T1410,T141
M311,M311
S683,S683
R620,R620
G913,G913
N4000,N40
T833,T833
G413,_
E242,E242
N120,N12
J119,_
G824,G824
112,_
I70,I709
W267,_
W220,_
K01,_
N3039,N303
Q410,Q410
V221,_
B0229,B022
Q743,Q743
Q621,Q621
W0231,_
D143,D143
Z339,Z33
M8802,M880
L439,L439
M9687,M968
G4733,G473
I870,I870
X3,_
T254,T254
D175,D175
Q18,Q189
W1893,_
W2703,_
E132NO83,_
H749,H749
N932,_
C195,C19
A519,A519
W768,_
H681,H681
O602,O602
N2000,N200
S43,_
J312,J312
L565,_
K2590,K259
K597,_
N934,_
A024,_
S380,S380
7491,_
M7925,M7925
K5802,K580
M6751,_
L6070,_
L0250,_
H0281,H028
H182,H182
R0902,R090
W8792,_
L851,L851
N87,N879
J353,J353
E142N0,_
Z3014,Z301
O3929,_
O659,O659
O15,O159
S2691,S2691
I769,_
M083,M083
D4810,D481
S0531,S053
M442,_
0481,_
N823,N823
W358,_
5942,_
6820,_
0333,_
2270,_
H4301,H430
Q2099,Q209
O6310,O631
821,_
Z3802,Z380
46,_
Z437,Z437
S589,S589
R911,R91
H4013,H401
0441,_
0480,_
Z854,Z854
L940,L940
Z000,Z000
1469,_
V335,_
W060,_
F448,F448
S9221,S9221
P269,P269
V325,_
J811,J81
G820,G820
S0081,S008
0699,_
D3610,D361
J3032,J303
I8612,I861
O0011,O001
D224,D224
R19,_
N97,N979
I1099,I10
M66,_
X1503,_
O0039,_
Q549,Q549
H628,H628
M986,_
K440,K440
S0150,S0150
M7908,M7908
S600,S600
M7000,M7000
Q400,Q400
D474,D474
B829E4,_
Z905,Z905
I231,I231
T382,T382
I540,_
D2370,D237
T730,T730
G542,G542
L30,L309
Q396,Q396
J32,J329
T221,T221
J301,J301
J3830,J383
T883,T883
W1809,_
Z185,_
C573,C573
2504,_
H570,H570
J9811,J981
V295,_
J1811,J181
S291,_
C5092,C509
L740,L740
M9060,M9060
E535,_
T203,T203
T223,T223
I876,_
I834,_
S043,S043
B869,B869
C20M,C20
F060,F060
Q054,Q054
W5030,_
S016,_
W5099,_
C165,C165
B789,B789
Y860,_
M8560,M8560
M925,M925
Z9680,Z968
C783,C783
Z19,_
N46,N46
E268,E268
L922,L922
M665,M665
O8399,O839
V8909,_
M128,M128
K368,K36
S317,S317
O609,_
Z392O1,_
M797,M797
L898,L89
M1907,M1907
Z356Z3,_
Z370O9,_
0709,_
M668,_
I439,_
S604,_
V2249,_
Q760,Q760
D368,_
Z1170,_
O891,O891
J499,_
K505,_
O3130,_
D215,D215
K8081,K808
G129,G129
E709,E709
O36,O369
K60,_
E1135,E113
12,_
A60,A609
H201,H201
H368,H368
H2123,H212
J04,_
E749,E749
H2699,H269
S0114,S011
O212,O212
A617,_
S2781,S2781
D505,_
O829I,_
L601,L601
W0330,_
T12,T12
C579,C579
C750,C750
H2809,H280
D399,D399
T510,T510
H3535,H353
F152,F152
H1810,H181
N988,N988
X9599,_
N9390,N939
S0657,S065
N2185,N218
Z711,Z711
L0201,L020
0641,_
0654,_
O4410,O441
I1892,_
K8020,K802
O229,O229
0069,_
J109,_
I789,I789
J1993,_
Z3925,Z392
Q374,Q374
N43,_
O113,O11
3159,_
B876,_
C675,C675
1099,_
O39,_
N478,N47
L809,L80
N6314,N63
Z387,Z387
M9720,_
M8412,M8412
M8910,M8910
C4140,C414
S8281,S8281
S9311,S931
K698,_
Z331,Z33
T182,T182
Q604,Q604
Z232Z1,_
138,_
C823,C823
O640O6,_
S932,S932
R053,R05
H2101,H210
H544,H544
Q353,Q353
H4005,H400
M706,M706
C5009,C500
S233,S233
M2508,M2508
P549,P549
A163,A163
F153,F153
MCPO1,_
Y458,_
AAAAA,_
A900,A90
C403,C403
M8188,M8188
B778J173,_
H652,H652
J638,J638
P00000,P000
O879,O879
Q341,Q341
F238,F238
M879,M879
M1093,M1093
S42700,S427
M5406,M5406
M918,M918
Q269,Q269
P292,P292
P261,P261
D434,D434
M308,M308
B206,B206
G10,G10
G603,G603
K714,K714
N391,N391
T823,T823
D260,D260
M4315,M4315
I342,I342
Q819,Q819
T409,T409
F781,F781
F067,F067
C409,C409
C927,C927
O715,O715
M4309,M4309
N836,N836
J202,J202
1I639,_
K754,K754
C811,C811
Q891,Q891
M4802,M4802
D478,_
I419,_
W850,_
W100,_
W149,_
Q664,Q664
W3062,_
C609,C609
S397,S397
L100,L100
W0799,_
K4031,K403
W57,_
M0704,M0704
N8382,N838
A910,A910
R197,_
J93,J939
K823,K823
M6001,M6001
Z429,Z429
R748,R748
O03,O039
J4150,_
Y19,_
M6020,M6020
O0034,_
T854,T854
S1191,S119
K135,K135
O337,O337
P569,P569
A121,_
E031,E031
N2889,N288
C254,C254
K258,_
M958,M958
H4400,H440
B778,B778
A02,A029
Q200,Q200
C249,C249
P36,P369
S57,S579
S621,S621
V37,_
S722,S722
M7204,M7204
C199,C19
J321,J321
W2999,_
S563,S563
I879,I879
T889,T889
K261,K261
S605,_
B171,B171
R566,_
O8201,O820
J421,J42
P699,_
O581,_
O889,_
M5286,_
B480,B480
O531,_
L562,L562
G561,G561
K870,K870
J066,_
J746,_
J1839,_
F10,F109
F79,F799
X4699,_
B659D5,_
M4104,M4104
Z866,Z866
M8300,M8300
O902,O902
K644,_
M089,M089
S588,_
T115,T115
8099,_
W899,_
S9100,S910
W2778,_
A599,A599
X499,_
S3730,S3730
L921,L921
N2583,N258
O809Z3,_
Q163,Q163
C1191,C119
R9111,R91
M9210,M921
I149,_
T011,T011
E760,E760
A361,A361
Q203,Q203
M2196,M2196
T799,T799
M129,_
H730,H730
M102,M102
M219,M219
069,_
M176,_
T119,T119
Q850,Q850
0862,_
120,_
I0849,_
E389,_
H364,_
L841,L84
M8201,M8201
K1379,K1379
R2202,R220
H4340,_
K5931,K593
Z370I,_
Q66,Q669
N501,N501
Q675,Q675
M79,M799
K52,K529
K1230,K123
O850,O85
Z80,Z809
P342,_
I3779,_
E380,_
E1165,E116
M8403,M8403
C4020,C402
O490,_
H1181,H118
E189,_
J049,_
H0451,H045
H2080,H208
Y73,_
O820O,_
O1490,O149
N1850,N185
H022,H022
I784,_
M23,M239
C154,C154
Z931,Z931
H2602,H260
O70Z,_
M8060,_
S2690,S2690
C769,_
R291,R291
O7020,O702
J3501,J350
S3141,S314
D097,D097
1859,_
T8460,T846
O400,O40
M8970,_
M8100,M8100
L519,L519
E159,E15
N92,_
P389,P38
N81,N819
I2511,I251
O2510,O25
D00,_
C43,C439
C480,C480
S9201,S9201
K8032,K803
H3510,H351
785,_
D483,D483
C5602,C56
5338,_
M4701,M4701
5,_
L43,L439
T922,T922
M6504,M6504
Z130,Z130
Z135,Z135
D445,D445
F199,F199
M8640,M8640
M8811,_
M47,M479
Z3710,Z371
K2961,K296
S7204,S720
R234,R234
J229,J22
Z1889,_
H211,H211
R418,R418
D4827,D482
H3533,H353
Q631,Q631
S1190,S119
W4099,_
M1008,M1008
S250,S250
V13,_
X20,_
K05,_
Y839,_
B98,_
S863,S863
S0641,S0641
W50,_
T875,T875
X7899,_
M5456,M5456
N13,N139
I50,I509
S8171,S817
M509,M509
0600,_
H6610,H661
D019,D019
T01,T019
A281,A281
O280,O280
M321NO85,_
M1121,M1121
M764,M764
9A,_
F0390,F03
7370,_
D0510,D051
S213,_
T170,T170
Q709,Q709
T1581,T158
S7202,S720
S4225,S422
Z3831,Z383
F104,F104
S9410,S941
S4100,S410
N30,N309
A073,A073
N77,_
N683,_
V485,_
V029,_
O049,O049
R943,R943
0309,_
J300,J300
S9151,_
M7010,M7010
S8072,S807
L728\,_
J401,J40
A299,_
I1011,I10
J5490,_
J368,J36
W26,_
Y346,_
E214,E214
H1600,H160
T455,T455
T383,T383
J323,J323
B389,B389
P711,P711
P134,P134
J4499,J449
K039,K039
K312,K312
M9362,_
M9361,_
A096,A09
E102NO83,_
I1290,I129
T2221,T222
W1729,_
G649,G64
M1393,M1393
Q688,Q688
I1248,_
S344,S344
E849,E849
R043,_
Q385,Q385
H3541,H354
D359,D359
M7681,M768
H503,H503
H2092,H209
D499,_
C387,_
O4312,O431
N931,_
K61,_
C741,C741
C82,C829
Z967,Z967
C591,_
A416,_
E345,E345
K2501,K250
H0210,H021
H741,H741
A600,A600
Q070,Q070
H4381,H438
H5300,H530
O051,O051
S6233,S623
C961,C961
S0603,S060
S9102,S910
S6141,_
R4020,R402
T161,T16
S4085,S408
P3685,P368
N0589,N058
H2140,H214
0401,_
M9085,M9085
5068,_
0698,_
0177,_
E0590,E059
X10,_
I8240,_
D406,_
E8342,E834
1259,_
M9841,_
O336,O336
C9620,C962
0459,_
O432,O432
O815,O815
D0002,D000
0234,_
C534,_
J120,J120
548,_
A789,A78
I25I,_
K180,_
S0000,S000
0680,_
P177,_
J3802,J380
T89,_
I2510,I251
Z880,Z880
Z194,_
L28,_
K2970,K297
C9IO,_
J911,J91
C773,C773
0813,_
A2590,A259
S09,S099
G421,_
M805,M805
C7931,C793
H340,H340
C912,C912
I86,_
J378,_
D03,D039
J06,J069
S6051,_
S2130,_
D829,D829
Q656,Q656
E206,_
O0511,O051
K8111,K811
C6290,C629
N155,_
H318,H318
T81,T819
O684,_
M2541,M2541
K87,_
Z3021,Z302
M9792,_
O0913,_
C535,_
C244,_
S0010,S001
M160,M160
1841,_
K432,_
M7682,M768
C876,_
59,_
E04,E049
E0500,E050
B56,B569
E1134,E113
D6182,D618
G47,G479
C131,C131
C8570,C857
O,_
K2960,K296
E8341,E834
M8400,M8400
H3412,H341
E,_
I819,I81
Z770,_
M854,M854
J02,J029
N108,N10
N9089,N908
H8000,H800
5960,_
P509,P509
P520,P520
G602,G602
M508,M508
G030,G030
T578,T578
Q518,Q518
0809Z370,_
A062E861,_
I090,I090
Y599,_
O894,O894
S0681,S0681
J1222,J122
E272,E272
M340,M340
B068J171,_
B021,B021
M6002,M6002
Z0131B,_
Z0142C,_
Z0132B,_
E103H360,_
C111,C111
F981,F981
M5415,M5415
E619,E619
T636,T636
G968,G968
E559,E559
G969,G969
M180,M180
T499,T499
F313,F313
K919,K919
Z01202,Z012
NPC,_
NCP,_
D552,D552
A099E871,A09
J0609,J060
G540,G540
M471G992,_
B052J17,_
G042,G042
A067,A067
G378,G378
T528,T528
M6286,M6286
47592,_
D531,D531
P143,P143
Q824,Q824
P298,P298
J204,J204
P351,P351
M5426,M542
T424,T424
Q399,Q399
P523,P523
R296,R296
U358,_
C1539,C153
S2520,S252
S8183,S818
N8010,N801
D072,D072
R551,R55
C76,_
101,_
M8003,M8003
L271,L271
G328,G328
I716,I716
P111,P111
S6690,S669
I248A,_
H60,H609
N17,N179
G943,_
Z896,Z896
P112,P112
P251,P251
C924,C924
T690,T690
D360,D360
L0242,L024
V74,_
P270,P270
S798,S798
S381,S381
H3490,H349
H0450,H045
H2620,H262
I718,I718
M322,_
D770,D77
J3481,J348
S0003,S000
S300XXA,_
R1083,_
E112NO83,_
0990,_
V2849,_
J0610,_
S108,S108
R961,R961
O3,_
T8402,T840
M211,M211
Z089,Z089
S607,S607
S907,S907
O339Z3,_
B050,B050
V889,_
R49,_
W2723,_
S978,S978
G529,G529
Z461,Z461
E1432,E143
M4511,M451
R2232,R223
K316,K316
I116,_
C839,C839
B222,B222
S728,S728
B964,B964
C768,C768
M953,M953
Q270,Q270
D161,D161
G45,G459
M624,M624
N1851,N185
039,_
C4402,C440
S9215,S921
Q21,Q219
T802,T802
E1140,E114
A1802,A180
F015,_
N475,N47
V878,_
D3242,_
C858,_
N361,N361
O821Z3,_
C414,C414
R2279,R227
O7574,O757
N527,_
Z786,_
I748,I748
S321,S321
C22,C229
C114,_
Q371,Q371
Q311,Q311
H506,H506
C600,C600
E043,_
H339,_
N933,_
E047,_
I723,I723
L9702,L97
Z110,Z110
M67,M679
E800,E800
H6511,H651
M259,M259
O854,O85
M8563,M8563
O025,_
W2762,_
S056,S056
K070,K070
G940,G940
C7410,C741
E1352,E135
O4452,_
H4920,H492
F801,F801
O8259,_
O638,_
G93,G939
C064,_
N8003,N800
N8501,N850
D7181,D71
C610,C61
I961,_
D2439,D24
I105,I10
118,_
E1034,E103
Z802,Z802
G1221,G122
I20,I209
E0510,E051
N3590,N359
C0500,C050
K92,K929
C5700,C570
C0000,C000
J0699,J069
E8351,E835
O3410,O341
O529,_
X4999,_
M8149,M8149
X4199,_
O3640,O364
J19,_
0383,_
T1580,T158
H2141,H214
M4115,M4115
K246,_
E211,E211
I63,I639
N0831,N083
I5021,_
S955,_
M9506,M950
I1209,I120
Q640,Q640
O83,O839
C48,_
C659,C65
S511,S511
Z571,Z571
I1739,_
M679,M679
Y049,_
S6220,S6220
S316,_
Z465,Z465
K5109,K510
T541,T541
F31,F319
C161,C161
H2619,H261
S5001,S500
N343,N343
M200,M200
J8191,J81
O852,O85
S4310,S431
H5981,H598
T17,T179
A99,A99
K65,K659
R105,_
4,_
0984,_
G008,G008
K0490,K049
C942,C942
S640,S640
179,_
T109,T10
M1810,M181
L084,_
Z322,_
0808,_
3A,_
I140,_
T7499,T749
006,_
M932,M932
O632,O632
N998,N998
M112,M112
Z270,Z270
S6150,_
S8170,S817
S088,S088
C503,C503
G407,G407
D739,D739
D349,D34
S41,_
D1,_
H1601,H160
B77,B779
Z3912,Z391
D06,D069
R010,R010
S998,S998
W141,_
K600,K600
F062,F062
L983,L983
E058,E058
T981,T981
H951,H951
H6041,H604
W5999,_
T1429,T142
W130,_
J9828,J982
J800,J80
M052,M052
N103,N10
M8162,M8162
Q917,Q917
N2881,N288
S5340,S534
S919,S919
P061,_
W099,_
M7501,M750
S3700,S3700
M4794,M4794
G992,G992
M9840,_
F439,F439
M8591,M8591
J306,_
D931,_
B936,_
H524,H524
L738,L738
M8040,M8040
M5329,M5329
I563,_
M8506,M8506
S5213,S521
R249,_
T214,T214
N603,N603
M061,M061
L0391,L039
O0649,O064
T7814,T781
G282,_
H2541,_
M9678,_
0363,_
N7501,N750
O0010,O001
Y4339,_
C8190,C819
308,_
C8448,C8448
O0901,_
T144,T144
S676,_
C117,_
L0392,L039
K211,_
S3610,S3610
S3641,S3641
E348,E348
I444,I444
189,_
F039,F03
F799,F799
G644,G64
S082,_
A619,_
G3183,G318
F33,F339
E8613,E86
H509,H509
C1309,C130
H1892,H189
I1105,I110
C30,_
E4445,_
8A,_
H502,H502
M241,M241
L72O,_
1219,_
R7881,R788
3\,_
O119,O11
J31,_
R540,R54
S8000,S800
C5019,C501
T892,_
S629,_
C822,C822
E735,_
M8051,M8051
D4101,D410
Z8631,Z863
K387,_
M895,M895
N3185,N318
O819,_
3684,_
M440,_
Q669,Q669
1495,_
H3303,H330
E252,_
P139,P139
H388,_
C980,_
C129,C12
K8001,K800
R03,_
K13,_
K365,K36
Y110,_
C75,C759
F489,F489
N8910,N891
O356,O356
B953,B953
I8420,I842
K189,_
D19,D199
R250,R250
A39,A399
R709,_
C5509,C55
M2535,M2535
T120,T120
\,_
N9989,N998
M9658,M965
H30,H309
1480\,_
S341,S341
M221,M221
H69,H699
Y792,_
C92,C929
T843,T843
H52,_
Y732,_
H531,H531
E738,E738
H31,H319
M8076,_
J2039,J203
D1814,D181
C57,C579
L91,L919
H11,H119
O213,_
M6261,M6261
M8615,M8615
D571,D571
A858,A858
S666,S666
T825,T825
A839,A839
G453,G453
T141W54,_
M484,M484
I603,I603
A099E862,A09
Q388,Q388
P749,P749
O712,O712
Z38099432,Z380
D598,D598
M6006,M6006
I379,I379
M5414,M5414
T315,T315
P234,P234
D109,D109
B651,B651
A009,A009
F328,F328
T676,T676
M4790,M4790
A090E861,A09
F59,F59
B161,B161
P618,P618
S040,S040
B250J171,_
J189Y95,_
E648,E648
S0221,S0221
M860,M860
M8669,M8669
Q605,Q605
T350,T350
Y430,_
A305,A305
M104,M104
A829,A829
M8662,M8662
C878,_
C966,C966
S2413,S241
G838,G838
S080,S080
H924,_
P225,_
T2201,T220
T2300,T230
W86,_
G835,_
W14,_
L0231,L023
M807,_
R530,R53
P284,P284
E66,E669
M4180,M4180
L303,L303
9093,_
O8211,O821
O701Z,_
H1123,H112
W0101,_
Y090,_
Z951,Z951
H6691,H669
X930,_
Y831,_
P023,P023
D809,D809
E832,E832
C10,C109
M95,M959
L817,L817
3370,_
U88,U88
H838,H838
M4360,M4360
R510,R510
S27,S279
0831,_
N025,N025
Z98,_
0640,_
H3503,H350
Z03,Z039
O318,O318
S5231,S5231
S4300,S4300
Z0809,Z080
Z3708,Z370
00,_
V491,_
S6045,_
T836,T836
J159,J159
D042,D042
K9409,_
S3669,S366
S6031,_
O6896,O689
O73,_
C470,C470
L7281,L728
V9999,_
T286,T286
M8980,M8980
W39,_
M82,_
E291,E291
A4019,A401
S0652,S065
R0401,R040
W1199,_
D641,D641
B27,B279
M8445,M8445
Z924,Z924
Z985,_
Q751,Q751
Z932,Z932
Q420,Q420
J69,_
S528\,_
E1122,E112
083,_
Z394,_
K1112,K111
N285,_
I123,_
B342,B342
C96,C969
N892,N892
T803,T803
Z049,Z049
W548,_
419,_
Y455,_
M9070,M9070
Y431,_
W209,_
W450,_
S6140,_
L8581,L858
X489,_
Y579,_
M9103,M910
Z989,_
D23,D239
D4851,D485
H4450,H445
L920,L920
D221,D221
B303,B303
H131,H131
X089,_
I660,I660
V9129,_
I1259,_
H13,_
H902,H902
G44,_
Y2801,_
J131,J13
J130,J13
S189,S18
M622,M622
K139,_
I1848,_
H2596,H259
S878,S878
N145,_
P131,P131
M9920,M9920
D2,_
0366,_
B20,B20
H530,H530
1849,_
V203,_
I74,I749
I34,I349
M2457,M2457
H292,_
O742,O742
M8804,M880
T8189,T818
R0L,_
H7000,H700
1214,_
C5330,_
D267,D267
R35,R35
J3837,J383
B329,_
J850,J850
I038,_
O310,O310
O82D,_
O23,O239
O607,_
3900,_
Z9851,_
I09,I099
1098,_
A49,A499
6001,_
D092,D092
M319,M319
I72,I729
4019,_
1500,_
M274,_
A353,A35
C0969,_
H9051,H905
M0801,M0801
C042,_
K637,_
H4422,H442
C191,C19
N0185,N018
D460,D460
K539,_
R9001,R900
E370,_
I1900,_
B250,B250
R1312,R13
K6812,_
D712,D71
H3542,H354
H1120,H112
O0344,O034
I3501,I350
U409,_
M2154,M2154
H383,_
K247,_
N876,_
M6747,M6747
J528,_
J527,_
I2831,_
M8022,M8022
3177,_
N369,N369
C4021,C402
0509,_
O878,O878
D761,D761
E06,E069
K933,_
S8350,S8350
M2442,M2442
C7490,C749
M2591,M2591
Z119,Z119
S3240,S3240
M1256,M1256
N8500,N850
N8140,N814
I89,I899
A402,A402
C509MSOLO9,_
X9669,_
J924,_
A669,A669
J244,_
K8063,_
K060,K060
C159MSOLO3,_
I865,_
M9505,M950
0822,_
1109,_
M9650,M965
I573,_
N1814,N181
08,_
B390,B390
D1722,D172
N269,N26
I1311,I131
J127XXA,_
L0321,L032
Z8585,Z858
E1010,E101
M218,M218
Z9221,Z922
D84,D849
R670,_
M2321,M2321
H817,_
N1986,N19
113,_
I640,I64
T8611,T861
I2781,I278
G9520,G952
G212,G212
H5790,H579
B224,B22
C8121,C812
C5098,C509
T2421,T242
M7750,M7750
J3801,J380
O499,_
Q419,Q419
W1808,_
Q259,Q259
E617,E617
D719,D71
Q102,Q102
D293,D293
D549,_
M5470,_
N279,N279
H3321,H332
I469IOU,_
Y09,_
P0730,P073
W010,_
A64,A64
B958,B958
M2505,M2505
I805,_
Q727,Q727
809,_
E142A,_
M5418,M5418
B824,_
S127,S127
M817,_
M2578,M2578
M1049,M1049
R650,R650
K031,K031
Q615,Q615
L235,L235
S0109,S010
1038,_
Z452,Z452
K353ACUT,_
B7799,B779
S31,_
077,_
K5780,K578
R5081,R508
I66,I669
G4590,G459
M8681,M8681
0418,_
S315,S315
R21,R21
V6749,_
T60,T609
756,_
Z330,Z33
O782,_
O359,O359
G91,G919
M199M8,_
E1,_
M230,M230
O7811,_
A198,A198
E861B8,E86
S6040,_
R470E,_
E831,E831
H3512,H351
B409,B409
B954,B954
O420Z3,_
R06,_
Q544,Q544
I39,_
X1599,_
Q503,Q503
K410,K410
R002,R002
D174,D174
G511,G511
T633,T633
C714,C714
T245,T245
Q848,Q848
Q324,Q324
K291E86,_
J186,_
A379J170,_
A060E861,_
A379J17,_
T465,T465
I745,I745
57115,_
B900,B900
T320,T320
S049,S049
Y584,_
T700,T700
P780,P780
P546,P546
M5392,M5392
B653,B653
G444,G444
N055,N055
T622,T622
K860,K860
M4805,M4805
G724,G724
M5420,M5420
S763,S763
L932,L932
N318,N318
Z01203,Z012
E725,E725
P158,P158
D447,D447
M0694,M0694
T226,T226
A500,A500
T656,T656
M0681,M0681
T204,T204
P231,P231
C7671,C767
C4411,C441
V2049,_
R799,R799
H1581,H158
J3821,J382
H3442,_
381,_
M766,M766
E802,E802
X6499,_
I577,_
N493,_
L069,_
W1108,_
B001,B001
J410,J410
P08,_
D107,D107
0800O,_
S012V8,_
G995,_
O308,O308
M8589,M8589
O801Z3,_
S53,_
S131,S131
X6099,_
T452,T452
X68,_
T094,T094
S407,S407
K082,K082
X5919,_
Y411,_
D738,D738
D166,D166
L0421,L042
N6191,N61
X1499,_
T7960,T796
T317,T317
I320,I320
S540,S540
M8405,M8405
T838,T838
Z101,Z101
H2682,H268
P5920,P592
P801,_
L40,L409
K655,_
I750,_
B1030,_
S6700,S670
T380,T380
S6252,S625
T631,T631
Z432,Z432
T023,T023
K58,K589
H1092,H109
S8081,S8081
M142,M142
M4785,M4785
S0001,S000
I955,_
S8992,S899
08O,_
Q029,Q02
0440,_
O654Z3,_
O34,O349
M1840,M184
N99,N999
M9382,M9382
H150,H150
I1211,_
H8110,H811
Q6439,Q643
L604,L604
R899,R899
R90,_
H6180,H618
N890,N890
R150,R15
M604,_
S349,_
N935,_
K8590,K859
R065,R065
M2323,M2323
M7126,M7126
M675,_
K873,_
A4020,A402
K364,K36
T255,T255
T68,T68
N1812,N181
I98,_
0419,_
D259\0,_
L98,L989
K7416,K741
K3510,K351
L7320,L732
L0260,_
D1701,D170
C964,C964
I862,I862
O088,O088
D335,_
H7511,_
M082,M082
93,_
E439,E43
R136,R13
K360,K36
D346,D34
R409,R409
C24,C249
H938,H938
Q33,Q339
Y999,_
M7711,M771
Z570,Z570
D0000,D000
Z8504,Z850
K100,K100
C429,_
L429,L42
420,_
K240,_
J183,_
C8590,C859
N70,N709
C599,_
J081,_
M8880,M8880
M961,M961
E1169,E116
H186,H186
M43,M439
M163,M163
I5022,_
G449,_
K8011,K801
I44,_
M6224,M6224
I481,I48
C162,C162
Z241,Z241
T959,T959
T2992,_
G7241,G724
N483,N483
D7581,D758
H1711,H171
N409,N40
Z8728,Z872
N6022,N602
Q11,_
Q3692,Q369
O790,_
L9742,L97
Z333,Z33
T872,T872
K300,K30
Z363,Z363
I5554,_
E731,E731
O660,O660
F028,F028
E8809,E880
J1599,J159
V539,_
A380,A38
H051,H051
D05,D059
B374,B374
0380,_
O6010,O601
J959,J959
J720,_
C831,C831
T8552,T855
E842,_
C2520,C252
G451,G451
L0223,L022
L842,L84
F6381,F638
F422,F422
T8130,T813
J096,J09
F220,F220
C84,C849
H2713,H271
E1231,E123
O3451,O345
P771,P77
0088,_
S9113,S911
Z471,_
M1713,M171
N463,N46
E1130,E113
Z138Z2,_
H61,H619
F333,F333
E1032,E103
H1091,H109
I418,I418
S6092,S609
V2349,_
0995,_
V294,_
J486,_
O4451,_
H6502,H650
H6593,H659
0840,_
D1704,D170
0324,_
O634,_
P0254,P025
M843,M843
W11,_
Q321,Q321
B955,B955
M1380,M1380
W1321,_
M4195,M4195
Y0410,_
N431,N431
M9160,_
M8695,M8695
T881,T881
Y590,_
X370,_
Z3A3,_
Q767,Q767
I236,I236
J034,_
H58,_
M348,M348
M7104,M7104
D079,_
O778,_
G834,G834
W1890,_
Z041,Z041
K0902,K0902
G920,G92
P24,P249
V031,_
T808,T808
O968,O96
Z878,Z878
H1111,H111
I8999,I899
I138,_
T101,T101
R180,R18
K0981,K0981
Q60,_
Q64,Q649
I881,I881
O244Z3,_
Y554,_
R221Z3,_
J3480,J348
V0219,_
J3390,J339
S6201,S6201
J3872,J387
B004,B004
G051,G051
Q878,Q878
P089,_
D40,D409
J43,J439
I246,_
E769,E769
G659,_
J020,J020
B749,B749
Y9692,_
A969,A969
S6151,_
S0141,S0141
T79,T799
Z7621,Z762
Z3049,Z304
S6880,S688
H5781,H578
P3601,P360
M8950,M8950
M495,M495
T678,T678
W340,_
Z018,Z018
K099,K099
T130,T130
R15,R15
K111,K111
I2,_
Z57,Z579
C5039,C503
O0899,O089
V999,_
Z90,_
M016,M016
O0644,O064
M7056,M7056
5800,_
A101,_
034,_
Y45,_
82,_
L0502,L050
A1781,A178
B457,B457
R225,_
S329,_
O982,O982
C909,_
S449,S449
B952,B952
J49,_
N86,N86
Z871,Z871
S4252,_
N299,_
N353,_
S8351,S8351
R162,R162
E219,_
E419,E41
O102,O102
A097,A09
X46,_
M6743,M6743
R634,R634
G4050,G405
N848,N848
N1892,N189
D57,_
N349,_
M297,_
Z578,Z578
I083,I083
R508,R508
H960,_
H3091,H309
M257,M257
S83,_
S8352,S835
Q141,Q141
M9800,_
C023,C023
J331,J331
J332,_
W0099,_
T7961,T796
O401,O40
M173,M173
Z849,_
J835,_
W232,_
I016,_
M663,M663
K837,_
O670,O670
H204,_
C344,_
H2613,H261
K14,K149
J9601,J960
T21,_
P235,P235
G52,G529
L233,L233
M27,_
C828,_
C537,_
T22,_
E7890,E789
N500,N500
T3837,T383
Z360,Z360
H1112,H111
H4602,H46
M2361,M2361
M2300,M2300
L130,L130
M6539,M6539
N904,N904
I92,_
K2210,K221
S4311,S431
N069,N069
M0529,M0529
K798,_
N7500,N750
K379,K37
N8090,N809
Q90,Q909
M9685,M968
D811,D811
E519,E519
P282,P282
N733,N733
N490,N490
T821,T821
M4729,M4729
S762,S762
T306,T306
M488,M488
T654,T654
M1001,M1001
E649,E649
F444,F444
M620,M620
K718,K718
I427,I427
P768,P768
M1254,M1254
Q228,Q228
Q603,Q603
T66,T66
M1318,M1318
D419,D419
M4799,M4799
M6580,M6580
N95,N959
M360,M360
C880,C880
T027,T027
O704,_
S8291,S8291
H4732,H473
S0980,S098
J628,J628
Q021,Q02
I623,_
E1322,E132
D373,D373
R565,_
G255,G255
M8665,M8665
K2980,K298
Q53,Q539
E1198,E119
E1433,E143
Y04,_
K74,_
S0100,S010
S8091,S809
W1798,_
2A,_
H5703,H570
T8412,T841
C475,C475
M2550,M2550
J84,J849
J221,J22
V230,_
W092,_
M9673,_
C838,C838
Y899,_
Z966,Z966
Y9,_
M8099,M8099
G638,G638
Y545,_
Z853,Z853
S025,S025
537,_
R9431,R943
S99,S999
V039,_
M054,_
P820,_
R63,_
M8930,M8930
S0250,S0250
B02,B029
Q254,Q254
V786,_
M161,M161
Y420,_
K0510,K0510
K949,_
D711,D71
K38,K389
Z3992,_
T3002,T300
O180,_
C758,C758
R731,R731
N0029,N002
N3,_
K3359,_
J892,_
M8715,M8715
V234,_
T659,T659
T174,T174
W4509,_
O792,_
M9824,_
S8284,S828
Z515,Z515
E009,E009
J149,J14
B049,B04
O037,O037
O032,O032
H102,H102
J904,J90
N8880,N888
K765,K765
N900,N900
M909,_
J516,_
S579,S579
Z227,_
V5999,_
X5939,_
N658,_
V939,_
Q453,Q453
M8440,M8440
1892,_
H460,H46
W179,_
Y544,_
Y429,_
M6284,M6284
W4592,_
Z312,Z312
Z938,Z938
H4382,H438
T080,T080
E13,E139
H1701,H170
P3610,P361
T0260,T0260
L308,L308
S6142,_
V8,_
S9110,S911
F842,F842
Z860,Z860
K4011,K401
N388,_
C571,C571
2300,_
S6130,_
I381,I38
H377,_
J055,_
H3092,H309
R2220,R222
E866,E86
K398,_
M2326,M2326
A635,_
A621,_
A219,A219
A297,_
I1708,_
Z3A2,_
Z9012,Z901
B831,B831
G539,_
C019,C01
O8203,O820
M9502,M950
D722,_
C399,C399
J705,_
E0781,E078
C4412,C441
M770,M770
H221,H221
M1711,M171
E044,_
D258,_
H6040,H604
A1801,A180
N,_
M8891,M8891
A0996,A099
E8614,E86
H6509,H650
J187,_
G469,_
F251,F251
Z102,Z102
339,_
N8000,N800
J719,_
E329,E329
N9821,N982
W2094,_
E1152,E115
0757,_
O397,_
690,_
C062,C062
N3910,N391
K2440,_
N8810,N881
C92D,_
0159,_
N1382,N138
D091,D091
8220,_
J250,_
P349,_
D090,D090
F861,_
D1219,D121
Z8571,Z857
J932,_
I790,I790
E793,_
Z5101,Z510
0842,_
C8179,C817
I7805,I780
F785,_
D11,D119
E1424,E142
Q795,Q795
M9820,_
M970,_
M8250,_
D14,_
H8139,H813
B3781,B378
O613,_
K575,K575
M5136,M513
D5002,D500
N6001,N600
1960,_
K69,_
M8172,_
J95,J959
C889,C889
T8021,T802
V925,_
M8471,_
D271,D27
W185,_
P11,P119
H2698,H269
K523,K523
K190,_
O663,O663
C219,_
I506,_
E385,_
E500,E500
Q559,Q559
I2169,_
I810,I81
W939,_
O424,_
N6012,N601
A3580,A35
Z702,Z702
M9595,M959
A899,A89
H1430,_
O98,O989
H7090,H709
B16,B169
H833,H833
N978,N978
B3320,B332
H5212,H521
H3631,_
S8213,S821
M9531,M953
C435,C435
R0982,R098
M316,M316
Q100,Q100
M898,M898
Z3809,Z380
M7256,M7256
H313,H313
1750,_
M0082,M0082
Q630,Q630
M546,M546
A4141,A414
K055,K055
C240,C240
Z479,Z479
M8740,_
O458,O458
T090,T090
Q3699,Q369
G463,G463
M8938,M8938
H2180,H218
M796,M796
R856,R856
M135,_
W196,_
T201,T201
T211,T211
P07,_
N96,N96
H3560,H356
S337,S337
G991,G991
V199,_
F23,F239
N90,N909
O832,O832
Q132,Q132
M1821,M182
O94,O94
O1003,O100
M8081,M8081
P743,P743
P742,P742
P610,P610
289,_
V2859,_
L0390,L039
H3440,_
A0990,A099
Z459,Z459
H6091,H609
N503,_
I6390,I639
S9111,S911
T2501,T250
X6899,_
W7699,_
S0990,S099
G990,G990
K054,K054
F429,F429
I679G488,_
N304,N304
T529,T529
A081,A081
Q056,Q056
99501,_
S838,_
C33,C33
O209,O209
T611,T611
P154,P154
B373N771,_
T850,T850
G248,G248
N071,N071
Q300,Q300
T427,T427
F454,F454
I606,I606
A149,_
1448,_
C740,C740
G620,G620
M0886,M0886
Q937,Q937
F050,F050
I604,I604
M1286,M1286
O223,O223
B220,B220
Q031,Q031
E000,E000
P540,P540
G43809,G438
N5001,N500
I742,I742
I774,I774
S461,S461
G488,_
S982,S982
M9732,_
H187,H187
K208,K20
X469,_
H159,H159
X23,_
K239,_
O092,_
L7451,_
Z1211,Z121
S4202,S420
L0280,L028
Z890,Z890
H7443,H744
H1144,H114
H3506,H350
F548,F54
T2509,T250
H6592,H659
M8220,_
G59O,_
C287,_
Y859,_
I092,I092
Q913,Q913
X11,_
X490,_
K203,K20
Z724,Z724
I4510,I451
F510,F510
Q871,Q871
B430,B430
H4401,H440
F111,F111
S3621,S3621
Y26,_
H532,H532
M193,_
I404,_
H635,_
H5901,H590
Z9840,_
H2090,H209
M344,_
R251,R251
M9161,_
H09,_
T040,T040
C8091,C809
N360,N360
S9300,S930
I780,I780
D4890,D489
M9001,M9001
D2362,D236
Z541,Z541
O541,_
I542,_
H592,_
I675,I675
A185,A185
M83,M839
T879,_
W119,_
K4391,K439
N27,N279
M9730,_
L305,L305
H4471,H447
S3233,S323
W200,_
Z798,_
E7031,E703
C849,C849
L635,_
J3290,J329
I502,_
S533,S533
B372,B372
M252,M252
E1141,E114
H4040,H404
H6181,H618
M1250,M1250
R931,R931
M1394,M1394
J481,_
Z380O7,_
H662,H662
D351,D351
H0430,H043
E599,E59
Z380O6,_
C342,C342
M6507,M6507
K678,K678
T84,T849
M16,M169
L027,_
R449,_
K458,K458
E09,_
R548,R54
D20,_
K0840,_
R110,R110
F561,_
K9423,_
L081,L081
S6263,S626
K8013,K801
K8041,K804
O30,O309
J307,_
A348,A34
L099,_
K249,_
E1100,E110
G4001,G400
M7512,M751
L73,L739
M074,M074
K02,K029
C5021,C502
E8887,E888
T8409,T840
H6531,H653
016,_
O8Z1,_
O6203,O620
D011,D011
S649,S649
5252,_
H390,_
K07,K079
I04,_
0009,_
O820Z,_
W934,_
I4290,I429
W3452,_
C101,C101
J908,J90
O8003,O800
O3630,O363
119,_
N860,N86
W1904,_
S033,S033
E509,E509
Y619,_
X4099,_
Q85,Q859
S384,_
C001,C001
N7511,N751
M2954,_
L300,L300
N36,N369
N4889,N488
R292,R292
Z5141,Z514
989,_
D1724,D172
U90,_
L8CS1,_
Z517,_
C052,C052
Q173,Q173
Q6582,Q658
E815,_
F912,F912
K084,_
M9862,_
Z188,_
J420,J42
Q968,Q968
Z180,_
R208,R208
S274,S274
K016,_
S6992,S699
V24,_
B3610,B361
V2954,_
S8182,S818
Q057,Q057
R498,R498
Q319,Q319
K265,K265
A093,A09
A830,A830
T790,T790
Z969,Z969
J1829,J182
S961,S961
I16,_
G737,G737
C5,_
B829E8,_
Y4592,_
I107,I10
J059,_
S940,S940
N185I1,_
P1100,P110
G11,G119
N822,N822
D990,_
A399,A399
J2090,J209
M500,M500
H6191,H619
H6601,H660
H4092,H409
D3670,D367
P722,P722
R529,R529
V279,_
F159,F159
J590,_
R419,_
E143H3,_
M1046,M1046
T241,T241
H6692,H669
V910,_
R219,R21
M140,M140
J037,_
O920,O920
D135,D135
D654,D65
V140,_
L958,L958
T620,T620
140,_
T638W5,_
Q930,Q930
I1119,_
K924,_
S9901,_
W861,_
D468,_
390,_
S9121,S912
T0250,T0250
T983,T983
E829,_
S259,S259
W18,_
M068,M068
S657,S657
S7231,S7231
Z958,Z958
W409,_
X189,_
B670,B670
J006,J00
G501,G501
I676,I676
T012,T012
O882,O882
D520,D520
D2240,D224
M8760,_
O149Z3,_
B169Z3,_
K291Z3,_
O639Z3,_
O441Z3,_
N370,N370
H4470,H447
A264,_
Q231,Q231
9599,_
P5999,P599
O0064,_
K232,_
E286,_
M8892,M8892
S86,S869
C5391,C539
L25,L259
C68,C689
C844,C844
L821,L82
G8191,G819
C377,C37
M119,M119
G811,G811
I2812,I281
I998,I99
E939,_
E982,_
O0601,O060
D6491,D649
D3912,D391
K593,K593
M1791,M179
G245,G245
M7502,M750
H3200,H320
A78,A78
H2100,H210
L09,_
N821,N821
Q25,Q259
N83,N839
L098,_
I642,I64
N218,N218
K50,K509
200,_
H5081,H508
N323,N323
Z380O1,_
C5071,_
N829,N829
S042,S042
M864,M864
O84,O849
H912,H912
M6657,M6657
M228,M228
K871,K871
J526,_
J1872,_
N885,_
H2622,H262
K62,K629
K5721,K572
H5340,H534
D68,D689
M0561,_
G826,_
O294,O294
O7011,O701
X699,_
495,_
W1969,_
J429,J42
C5984,_
G4380,G438
E84\,_
C8446,C844
0539,_
C884,C884
H278,H278
J0101,J010
O6272,_
S402,_
Z4701,Z470
S5901,_
L815,L815
C371,C37
S6311,S6311
S6801,S680
O07,O079
M6003,M6003
M8413,M8413
I5042,_
S6321,S632
C200,C20
D592,D592
M5127,M512
M4186,M4186
M980,_
F338,F338
Z131,Z131
N1511,N151
N8881,N888
S222,S222
E142NO85,_
O05,O059
D009,_
Q432,Q432
0830,_
N14,_
D729,D729
O8290,O829
W40,_
S8092,S809
060,_
S279,S279
T256,T256
D13,D139
M5457,M5457
0603,_
042,_
N185N0,_
39,_
Q262,Q262
K5510,K551
C5080,C508
D354,D354
T485,T485
T269,T269
4200,_
A801,A801
D680,D680
N311,N311
M2500,M2500
J4410,J441
K574,K574
T561,T561
K223,K223
E722,E722
Q858,Q858
M1306,M1306
NAD01,_
T55,T55
T439,T439
T484,T484
P278,P278
T699,T699
M1005,M1005
C922,C922
D613,D613
O085,O085
W0604,_
G4592,G459
W013,_
W3162,_
S564,S564
E728,E728
A638,A638
H6001,H600
D407,D407
W0709,_
E092,_
P232,P232
W73,_
V27,_
N6390,N63
D331,D331
Q339,Q339
L998,L998
G252,G252
A200,A200
W38,_
M8885,M8885
N7919,_
1S,_
M896,M896
L0243,L024
M710,M710
B7,_
M8901,M8901
R2230,R223
H208,H208
M3299,M329
W083,_
W8799,_
M995,M995
O421O4,_
E055E0,_
I071I4,_
Z801,Z801
S362,S362
O058,O058
V476,_
M5626,_
S2701,S2701
J014,J014
M8004,M8004
M481,M481
Y2699,_
M20,_
T460,T460
R1900,R190
N033,N033
K2911,K291
I1014,I10
M1899,M189
R16,_
V189,_
V225,_
D637,_
J7789,_
S6090,S609
B340,B340
J41,_
M900,M900
V83,_
S6241,S6241
W493,_
M4646,M4646
M1092,M1092
D167,D167
S9270,S9270
S5300,S5300
S688,S688
B90,B909
Q392,Q392
Y343,_
251,_
G59,_
W5479,_
S59,S599
T19,T199
H055,H055
Z899,Z899
Q642,Q642
A589,A58
0089,_
J064,_
K266,K266
S8306,S830
O8213,O821
C642,C64
I75,_
K514,K514
H710,H71
M6593,M6593
C903,C903
N9839,N983
J0601,J060
R5601,R560
M571,_
W201,_
E8359,E835
M229,M229
S7171,S717
O486,O48
H20,H209
Q351,Q351
M2421,M2421
I30,I309
A439,A439
L538,L538
I566,_
J099,J09
A401,A401
P56,P569
K901,K901
J35,J359
M2204,M220
R271,_
C04,C049
O106,_
M9326,M9326
I970,I970
D900,_
A41,A419
K7463,K746
D0512,D051
J454,_
M931,M931
Q112,Q112
M9250,M925
R5600,R560
R0820,_
S02,S029
D155,_
M8247,_
M9051,M9051
N609,N609
Q831,Q831
W920,_
Q052,Q052
3202,_
R0489,R048
Z4700,Z470
S6971,S697
M8406,M8406
M8416,M8416
K1909,_
S1842,S18
M8415,M8415
6560,_
6048,_
K3159,K315
M454,M454
K8040,K804
H2361,_
N9861,_
L50,L509
Y181,_
S4343,S434
I60,I609
K1122,K112
H511,H511
E0821,_
I8021,I802
K652,_
D244,D24
K6023,K602
P84,_
O841,O841
J337,_
O288,O288
D132,D132
D282,D282
E479,_
H839,H839
M8590,M8590
D551,D551
M463,M463
P404,_
Z398,_
Q521,Q521
F0151,_
F05,F059
N363,N363
I091,I091
S3085,S308
70Z,_
92,_
K5904,K590
M7602,M760
S8139,_
H2189,H218
V03,_
R448,R448
T184,T184
V18,_
T083,T08
Y539,_
30,_
M3210,M321
N100,N10
I950,I950
X1199,_
M1011,M1011
Q1201,Q120
M462,M462
M84,M849
M7957,M7957
H1140,H114
D290,D290
R34,R34
R278,R278
0302,_
O7030,O703
S941,S941
L08,L089
H2612,H261
M7021,M702
I2191,I219
T3939,T393
5A,_
S5031,_
K609,_
Y421,_
J1553,J155
M361,M361
X589,_
W3799,_
P748,P748
M4194,M4194
Z721,Z721
S5181,S518
T512,T512
Z590,Z590
C2291,C229
J3291,J329
M7950,M7950
T139,T139
M7006,M700
D3,_
M6091,M6091
C771,C771
Q890,Q890
M4788,M4788
M7905,M7905
D819,D819
C251,C251
F729,F729
F195,F195
Z010A,_
D588,D588
N310,N310
A960,A960
K287,K287
J64,J64
M4385,M4385
P810,P810
Z01204,Z012
F849,F849
M6007,M6007
Q601,Q601
M803,M803
D644,D644
H731,H731
T282,T282
P024,P024
S9101,S910
I1193,I119
W0788,_
R809,R80
M4386,M4386
H6190,H619
V6824,_
N084,N084
J954,J954
G964,_
S9341,S934
S6131,_
S8360,S836
N641,N641
I162,_
C7981,C798
O352,O352
Q3790,Q379
Q682,Q682
S9181,_
M7153,M7153
J633,J633
M7520,M752
Q3691,Q369
S5301,S5301
M8854,_
M8442,M8442
M8552,M8552
A368,A368
N4185,N418
995,_
M1635,M163
P620,_
M2105,M2105
S8300,S830
Z7401,Z740
M9321,M9321
S244,S244
I722,I722
J4690,J46
J4990,_
S8214,S821
W1499,_
S4301,S4301
G9009,G900
V4999,_
S6630,S663
M662,M662
S9982,S998
Z3709,Z370
A0998,A099
61,_
S66,S669
G960,G960
C433,C433
H040,H040
E083,_
O185,_
H529,_
D149,_
N1857,N185
Z206,Z206
R2201,R220
K840,_
C5010,C501
I452,I452
W4822,_
R513,R51
I185,_
H3351,H335
I297,_
I888,I888
S9235,S923
H2689,H268
H05,H059
M2324,M2324
Z848,Z848
R118,R11
M6508,M6508
M8330,M8330
\3,_
H81,H819
L410,L410
C841,C841
I83,I839
C77,C779
960,_
H8114,H811
A1883,A188
H3589,H358
E1413,E141
Q111,Q111
N303,N303
970,_
N999,N999
C4491,C449
J1582,J158
Z380E0,_
H0020,_
G860,_
M9560,_
E853,E853
Z380Q0,_
A186,A186
H670,H670
Z380O2,_
Z380Z3,_
M9600,M960
H3302,H330
H6500,H650
R1185,R11
J5250,_
N6321,N63
S8311,S831
S5246,S524
L0100,L010
L20,L209
M2446,M2446
C512,C512
S6290,_
D54,_
F5002,F500
Q524,Q524
I4841,I48
T1411,T141
Q6682,Q668
55,_
Q625,Q625
S6011,S601
J491,_
Z441,Z441
G81,G819
I3,_
0660,_
0648,_
C9102,C910
C401,C401
O539,_
G850,_
I87,I879
C4432,C443
T8039,T803
B0002,B000
E3183,E318
O2441,O2441
H5002,H500
H43,H439
I488,I48
D1739,D173
Q509,_
K380,K380
L610,_
E152,E15
G4734,G473
2320,_
M8661,M8661
T839,T839
J371,J371
S7270,S7270
I508,_
H1509,H150
E1139,E113
O530,_
I869,_
J5899,_
M808,M808
H910,H910
N8101,N810
C729,C729
C561,C56
S120,S120
N1311,N131
E1136,E113
N8011,N801
E854,E854
N7011,N701
Q872,Q872
M9522,M952
M8123,M8123
K406,_
S0170,S017
H308,H308
O3660,O366
E1021,E102
V296,_
S8290,S8290
V32,_
S0581,S058
C43SKINC,_
D3705,D370
D594,D594
B208,B208
B449,B449
S2710,S2710
V54,_
M246,M246
W06,_
H0013,H001
O201,_
P271,P271
Z9883,Z988
M966,M966
O699XX9,_
D270,D27
D0370,D037
B999,B99
M7138,M7138
M6095,M6095
M967,_
Q740,Q740
Q663,Q663
W1892,_
H958,H958
E310,E310
S1410,S141
H0282,H028
B1910,_
O0961,_
M7732,M773
E280,E280
K007,K007
D18,_
M1806,M180
K2990,K299
S9340,S934
S0605,S060
S0606,S060
D429,D429
B8,_
B172,B172
E12,E129
I8500,I850
D0,_
H70,H709
K902,K902
A078,A078
S7221,S7221
Z35,Z359
O141Z3,_
N093,_
Z526,Z526
I215,_
R636,R636
S351,S351
J3420,J342
K1131,K113
J3810,J381
V2149,_
Z207,Z207
K8301,K830
P524,P524
V2299,_
S004S0,_
S008J,_
M4318,M4318
J4509,J450
W7999,_
W6430,_
S0021,S002
V220,_
M7137,M7137
M461,M461
V180,_
M465,M465
C9591,C959
M7592,M759
S9171,S917
V29,_
S503,_
S802,_
K8000,K800
M4199,M4199
H92,_
V291,_
69,_
O682O7,_
J893,_
X4304,_
T433,T433
M1004,M1004
J902,J90
T859,T859
G231,G231
D570,D570
T702,T702
Q243,Q243
T498,T498
T319,T319
M485,M485
A413,A413
I029,I029
A082,A082
A530,A530
G710,G710
D735,D735
M2538,M2538
K732,K732
M1258,M1258
A750,A750
P913,P913
O079,O079
G514,G514
Q620,Q620
M839,M839
M339,M339
F310,F310
W2362,_
E0490,E049
W239,_
O099,_
I189,_
O18,_
T2402,T240
J0180,J018
R109,_
R7302,R730
Q042,Q042
O066,O066
I1310,I131
A247,_
N197,N19
Z596,Z596
Z560,Z560
G244,G244
S1011,S101
K131,K131
Y099,_
M441,_
I8250,_
M50,M509
J334,_
K7579,_
M7621,M762
D222,D222
A939,_
M7041,M704
K217,_
M459,M459
R635,R635
I56,_
T32,T329
I539,_
C722,C722
D186,_
A319,A319
1140,_
M4832,M4832
T372,T372
E755,E755
H0502,H050
H1090,H109
I6615,I661
P00,P009
J826,J82
N339,_
D101,D101
H6288,H628
V01,_
E034,E034
T8451,T845
C190,C19
Z9861,_
H183,H183
T8183,T818
E1168,E116
M9866,_
E1161,E116
18,_
C295,_
Z618,Z618
K7201,K720
S8310,S831
S8330,S833
G4089,G408
C3859,_
O874,_
19,_
Q224,Q224
L12,L129
E60,E60
H38,_
N711,N711
J251,_
K790,_
E580,E58
T877,_
Z521,Z521
K2937,K293
J0035,J00
H4110,_
H624,H624
Q049,Q049
H344,_
J185,_
K357,_
L513,_
D701,D70
S8323,S832
G350,G35
C028,C028
G652,_
E045,_
T979,T97
O035,O035
F0630,F0630
R142,R14
A021,A021
G239,G239
D274,D27
B0221,B022
N895,N895
S9301,S930
C8280,_
082,_
M7510,M751
I390,I390
P040,P040
C43SKIN,_
M40,_
N762,N762
S1220,S1220
T060,T060
T092,T092
0814,_
C4410,C441
Z9921,Z992
V38,_
S3130,S313
V1899,_
M301,M301
Y00,_
F4321,F4321
O7800,_
V33,_
S6800,S680
X838,_
T138,T138
Q542,Q542
B488,B488
B967,B967
T85,T859
V2994,_
N290,N290
P920,P920
M510,M510
M6599,M6599
P836,P836
S501,S501
S861,S861
Z1093,_
H1121,H112
B179,B179
W874,_
D90,_
M9561,_
U8999,U899
X13,_
Q038,Q038
S0881,S088
M9700,_
C840,C840
F819,F819
E88,E889
V2854,_
O4290,O429
M9131,M913
Z370O2,_
W540,_
Q6602,Q660
Z9612,Z961
V4399,_
H2142,H214
W2959,_
I95,I959
X7699,_
R65,R659
X9904,_
S8541,S854
S008T0,_
W290,_
B650,B650
T212X1,_
C883,C883
S136,S136
R2291,R229
M7251,M7251
L0381,L038
B814,B814
Z293,_
S5085,S508
E1465,E146
S876,_
N068,N068
R2290,R229
M7954,M7954
Z3040,Z304
139,_
P3699,P369
K027,_
P9683,P968
N195,N19
L0892,L089
S6780,S678
I6211,I621
L7321,L732
T8740,T874
O141D5,_
M1796,M179
W1399,_
878,_
K268,_
T199,T199
S2980,S298
H0252,H025
F648,F648
Z149,_
S319,_
A045,A045
M8042,M8042
D050,D050
H2516,H251
M282,_
H473,H473
K354,_
C916,C916
T9402,T940
5811,_
K09,K099
P840,_
6419,_
O024,_
J3812,J381
H6002,H600
7511,_
N1825,N182
P496,_
H8070,_
H80,H809
M8840,_
M814,M814
D1720,D172
N781,_
M8450,_
M878,M878
K685,_
I651,I651
K019,_
N047,N047
N1785,N178
R088,_
K3519,K351
Z3022,Z302
C650,C65
M9826,_
O6231,O623
H1805,H180
J4520,J452
428,_
M238,M238
0639,_
K6,_
I1954,_
L95,L959
R640,R64
R567,_
G871,_
Z87,_
B168,_
L0412,L041
B9562,B956
R022,R02
T055,T055
K579K,_
L9797,L97
K499,_
E0402,E040
O0379,O037
M272,_
D322,_
J66,_
G4730,G473
D623,D62
I54,_
K2539,K253
A521,A521
C4920,C492
H253,_
M1467,M146
C2200,C220
I8419,I841
M8785,M8785
M8664,M8664
D38,_
K5000,K500
N4821,N482
M683,_
M8663,M8663
0325,_
N1185,N118
H3411,H341
N1855,N185
Z011P0,_
M0086,M0086
N6032,N603
M6787,M6787
W4473,_
W4441,_
N1485,_
W4462,_
M793,M793
V2819,_
Y406,_
K021,K021
Z269,Z269
Z920,Z920
W03,_
W24,_
W13,_
S290,S290
T436,T436
W23,_
B853,B853
N2890,N289
M6583,M6583
W1990,_
M7993,M7993
2501,_
9095,_
M8660,M8660
Z601,Z601
A16,A169
J9391,J939
I1,_
S6291,_
M4712,M4712
C7,_
H6189,H618
211,_
L712,_
S3681,S3681
M5484,M5484
M1316,M1316
P140,P140
D839,D839
C718,C718
95914,_
E713,E713
Y425,_
D150M8580/0,_
D200,D200
M4800,M4800
N072,N072
Q791,Q791
I358,I358
T14IW55,_
T14IW54,_
D413,D413
M8688,M8688
I079,I079
P132,P132
T225,T225
D467,D467
M0601,M0601
E752,E752
Q411,Q411
G369,G369
W2062,_
1209,_
H0400,H040
T021,T021
T15O,_
D41,D419
I32,_
I8891,I889
T610,T610
M24,M249
Z370J0,_
O240Z3,_
I318,I318
M4368,M436
M8988,M8988
Y850,_
Y871,_
O6981,O698
M8899,M8899
M7540,M754
M7131,M7131
M7130,M7130
K688,_
S3600,S3600
G311,G311
S0297,S029
Q534,_
R632,R632
M317,M317
M969,M969
I877,_
K6356,K635
M530,M530
S0226,S022
G640,G64
E1182,E118
J9311,J931
H1850,H185
E48,_
2038,_
M253,M253
O8030,_
N843,N843
J374,_
H7591,_
Z719,Z719
M9970,M9970
H4412,H441
D2160,D216
K347,_
I242,_
M7687,M7687
M214,M214
O351,O351
H6549,H654
K8025,K802
L0205,L020
109,_
H4082,H408
Z380O4,_
A518,_
J1862,_
R9280,R92
O436,_
M708,M708
M9590,M959
J98,J989
P388,P38
Q001,Q001
M8008,M8008
O9321,_
O501,_
K566K,_
I4892,I48
E795,_
D228,_
G110,G110
A469,A46
O635,_
I77,I779
L9791,L97
I379L,_
928,_
I6782,I678
C05,C059
N31,N319
P28,P289
5639,_
E1415,E141
C17,C179
O876,_
S055,S055
H5123,H512
E1164,E116
D2521,D252
N8001,N800
M9420,M9420
M971,_
D757,_
D620,D62
Z0011,Z001
J103,_
C6921,C692
K0112,K0112
M3439,_
C690,C690
J92,J929
H4012,H401
J4421,J442
C965,C965
M271,_
N3980,N398
E188,_
Q258,Q258
N720,N72
E018,E018
J4893,_
E851,E851
I26,I269
V336,_
M1095,M1095
M8921,M8921
W51,_
N09,_
M2185,M2185
G825,G825
K4130,K413
N8189,N818
R140,R14
M8098,M8098
H1920,H192
Y849,_
S376,S376
R031,R031
H2181,H218
T244,T244
A1889,A188
M1A9,_
W181,_
V270,_
V244,_
V479,_
C4499,C449
C041,C041
Z640,Z640
S051S0,_
Z3000,Z300
J700,J700
S365V9,_
A860,A86
R5,_
S061S0,_
P289,P289
W1088,_
X2999,_
B350,B350
V376,_
W555,_
A0909,A090
T00,T009
Z4791,Z479
K8002,K800
L218,L218
Z410,Z410
N4591,N459
C59,_
Y140,_
B4590,B459
J112,_
I093,_
R500,_
O845,_
M9256,M925
T0903,T090
A985,A985
D2351,D235
S3111,S311
S9690,S969
T8570,T857
R228,_
M1917,M1917
M1710,M171
Z289,Z289
935,_
K381,K381
Q6102,Q610
M671,M671
C560,C56
E319,E319
K53,_
I329,_
G111,G111
O043,O043
M8077,_
I1200,I120
M405,M405
X5995,_
M6434,_
K2696,K269
Q398,Q398
M9501,M950
I8441,I844
M7591,M759
L408,L408
R422,R42
S515,_
Q550,Q550
H257,_
B191,_
B571,B571
M8505,M8505
Q6239,Q623
G9080,G908
Z9641,Z964
X7549,_
M845,_
D49,_
E1335,E133
5109,_
G109,G10
M8822,_
M8893,M8893
C726,_
M1010,M1010
G465,G465
L0220,L022
K9232,_
M0182,M0182
B12,_
Y422,_
E659,E65
A813,_
R625,_
P70,P709
I01,I019
M611,M611
I826,_
Z47,Z479
K5120,K512
N1370,N137
O6020,O602
O25,O25
Z307,_
C550,C55
F350,_
C434,C434
K5900,K590
C9210,C921
H254,_
X9399,_
X9994,_
K763,K763
X899,_
P051Z3,_
Z240,Z240
J67,J679
T321,T321
M460,M460
E894,E894
M6290,M6290
Y495,_
A019,_
G802,G802
F438,F438
D720,D720
F252,F252
E421,E42
M1036,M1036
A392,A392
J1213,J121
G121,G121
P769,P769
T530,T530
P969,P969
Z4691,Z469
1420,_
J152,J152
2381,_
I4430,I443
I181,_
T0060,T006
L329,_
S2110,S211
V34,_
Z9920,Z992
N973,N973
M8693,M8693
K0901,K0901
V306,_
R069,_
0S8,_
W0108,_
R041,R041
Z033,Z033
I425,I425
Z9071,Z907
P383,P38
C431,C431
S161XXA,S16
X099,_
S2020,S202
S9090,S909
V326,_
O289,O289
L52,L52
O01,O019
I960,_
M8290,_
S6631,S663
Z361,Z361
C8,_
R527,_
M9765,_
N4829,N482
B678,B678
K77,_
Y33,_
N390H8,_
V8009,_
I050I3,_
I119E8,_
K436,_
H922,H922
V2244,_
N085N,_
V2754,_
V0924,_
S662,S662
V2844,_
S362X9,_
N390J1,_
D649E,_
M8727,M8727
H3622,_
M9011,M9011
V1249,_
R934,R934
X19,_
O070,O070
D2350,D235
219,_
W569,_
O5270,_
Z251,Z251
C9510,C951
M3810,_
S0189,S018
S6129,_
X54,_
M9980,M9980
D464,D464
M347,_
B730,B73
N185E,_
W3999,_
Z944,Z944
C574,C574
M7252,M7252
R093,R093
E796,_
O833,O833
O897,_
8009,_
X6809,_
B839,B839
I658,I658
L9051,L905
Q7591,Q759
M9170,_
D093,D093
K101,K101
P01,P019
H4721,H472
H538,H538
S4229,S422
A0109,A010
O2349,O234
H2091,H209
H3232,_
D287,D287
C436,C436
Q158,Q158
B072,B07
W5799,_
C2089,C20
R945,R945
K1893,_
A340,A34
Z380O3,_
W1368,_
K411,K411
G370,G370
O375,_
O264,O264
M9581,M958
Q281,Q281
M870,M870
O0340,O034
I020,I020
J0600,J060
K922D,_
2371,_
M7061,M706
F360,_
375,_
O014,_
M0805,M0805
C4472,C447
021,_
S149,_
D6861,D686
B301,B301
M8894,M8894
O921,O921
Z231,Z231
P329,_
Y79,_
D0511,D051
M71,M719
I030,_
9298,_
L328,_
C520,C52
I042,_
Q402,Q402
P3690,P369
P0738,P073
G573,G573
M2325,M2325
M2112,M2112
S7611,S761
J248,_
M8422,M8422
S6820,S682
S6111,S611
M0113,M0113
Z3025,Z302
X4499,_
W799,_
T1812,T181
Z142,_
D6189,D618
9260,_
S4811,S481
J820,J82
Q244,Q244
M8404,M8404
S142,S142
M9832,_
S9591,S959
5749,_
H3080,H308
H064,_
E2143,E214
F1002,F1002
Q838,Q838
148,_
M4303,M4303
P22,P229
M7990,M7990
D311,D311
I1196,I119
W0130,_
L83,L83
V202,_
Y299,_
M412,M412
Z822,Z822
P069,_
N200Z,_
H2503,H250
A824,_
Q879,_
M6022,M6022
N053,N053
N6332,N63
5011,_
Q594,_
T9300,T930
M2509,M2509
9935,_
S286,_
Q336,Q336
N54,_
N519,_
J97,_
G55,_
M8990,M8990
M778,M778
R403,_
S879,S879
Q758,Q758
T456,T456
T635,T635
E012,E012
M2488,M2488
R154,R15
N1341,N134
J430,J430
P928,P928
99435,_
M2469,M2469
N748,N748
A988,A988
P299,P299
C939,C939
E858,E858
D201,D201
A852,A852
J45901,J459
B441J172,_
I492,I492
P543,P543
P550,P550
C349M8010/3,_
F259,F259
M4896,M4896
M8668,M8668
P378,P378
N054,N054
M8472,_
K70,K709
I070,I070
H3441,_
E16,E169
Y2999,_
X460,_
R268,R268
O8121,O812
B052J1,_
C539M,_
J784,_
T1711,T171
X5902,_
Z3046,Z304
Z3018,Z301
Z1812,_
H0591,H059
H6519,H651
Z85,Z859
X689,_
L0880,L088
B053,B053
H671,H671
T013,T013
I6380,I638
R659,R659
S0231,S0231
J8400,J840
E539,E539
D310M9,_
S463,S463
M9985,M9985
I1919,_
I141,_
H151,H151
C774,C774
N4500,N450
A390,A390
T2930,T293
W2783,_
S6402,S640
Q239,Q239
E0492,E049
Z494,_
I1420,_
K132,K132
Z370\,_
O9821,O982
N780,_
D2302,D230
G359,G35
I61,I619
M979,_
O71,O719
0259,_
0330,_
D846,_
J090,J09
S5290,S5290
K791,_
S1270,S1270
N511,N511
Q255,Q255
Z5999,Z599
J3507,J350
N55,_
K202,K20
J0620,_
H297,_
D272,D27
T219,_
5690,_
K558,K558
R916,R91
1692,_
P2930,P293
P2401,P240
S2131,_
M9864,_
D21,D219
J0381,J038
N6017,N601
O094,_
U54,_
S0020,S002
U55,_
C533,_
A977,_
2310,_
3200,_
A6690,A669
E1339,E133
B259,B259
U5,_
4900,_
N165,N165
A9999,A99
T0511,T051
A1832,A183
M8691,M8691
I450,I450
O0001,O000
E1035,E103
I0449,_
H1873,H187
M08,M089
M0081,M0081
M28,_
S241,S241
J1459,J14
M8941,M8941
I641,I64
5550,_
K942,_
O6893,O689
R259,_
5665,_
R379,_
O381,_
V1892,_
Q65,Q659
D450,D45
Q078,Q078
L297,_
E2740,E274
M0064,_
S245,S245
C06,C069
M9380,M9380
L101,L101
O144,_
Q62,_
C112,C112
P519,P519
3861,_
J360,J36
O414,_
N4331,N433
H7614,_
S6003,S600
F1012,F101
D2312,D231
V3999,_
W080,_
B441,B441
Y578,_
R0933,R093
N89,N899
R196,R196
N477,N47
M5442,M544
Z923,Z923
X50,_
S225,S225
I8990,I899
D133,D133
M4056,M4056
O084,O084
W2228,_
M950,M950
H0440,H044
H3180,H318
S3991,S399
J1881,J188
T287,T287
M7293,M7293
V264,_
V184,_
J798,_
D790,_
S4280,S4280
S268,S268
S9081,S9081
S215,_
J4,_
F39,F39
X049,_
E035,E035
S849,S849
D939,_
D859,_
E613,E613
984,_
W109,_
V3369,_
V2404,_
Z6490,_
Z3488,Z348
Z466,Z466
S6181,S618
T1710,T171
B913,B91
Y289,_
S498,S498
S107,S107
I1199,I119
Y250,_
S3630,S3630
M7291,M7291
I,_
Z769,Z769
K634,K634
M5489,M5489
Z874,Z874
0621,_
L948,L948
Y16,_
X2499,_
L011,L011
M811,M811
M8009,M8009
E1151,E115
T2522,T252
T2532,T253
A1601,A160
Z3011,Z301
790,_
E1459,E145
1050,_
E8881,E888
D296,_
N8581,N858
Z918,Z918
S664,S664
L702,L702
T524,T524
K282,K282
G058,G058
P048,P048
I339,I339
G600,G600
Q069,Q069
A0971,A09
E122N083,_
C699,C699
G622,G622
M5430,M5430
D802,D802
T316,T316
P548,P548
C498,C498
F107,F107
0000000000,_
D321,D321
NSVD0,_
I011,I011
J1512,J151
P90375,P90
M6205,M6205
D596,D596
55830,_
D1800,D1800
D534,_
I928,_
C389,_
C8000,C800
H2509,H250
Z600,Z600
J504,_
H046,H046
Q131,Q131
S9304,S930
K5731,K573
M8562,M8562
I360,I360
4537,_
R85,R859
Q182,Q182
M2475,M2475
D803,D803
S4602,S460
C022,C022
C239,C23
N674,_
Z368,Z368
R312,R31
D2101,D210
R1902,R190
M7997,M7997
C7601,C760
B479,B479
D159,D159
H5301,H530
J990,J990
M688,M688
A0630,A063
W2208,_
H3702,_
Z9880,Z988
H1830,H183
M9930,M9930
Y470,_
O6690,O669
K7464,K746
C8139,C813
D420,D420
I203,_
H3603,H360
Z329,_
H1801,H180
J388,_
M1805,M180
H7202,H720
O9951,O995
J067,_
I814,I81
D1002,D1002
2491,_
D060,D060
J1897,J189
N402,N40
R800,R80
B1805,B180
J061,_
N0502,N050
I1893,_
G803,G803
S5991,S599
C946,C946
R619,R619
F0340,F034
M6008,M6008
N2391,N23
J1849,_
Q241,Q241
K308,K30
E6421,E642
D002,D002
003,_
H362,_
J619,J61
T500,T500
M8091,M8091
D664,D66
Z619,Z619
J623,_
O547,_
5281,_
Q358,_
C070,C07
G434,_
A5442,A544
M8870,_
C1839,C183
M8502,M8502
H5903,H590
T23,_
0239,_
0140,_
5069,_
M8214,M8214
I6200,I620
H0181,H018
V21,_
S2630,_
P268,P268
Z081,Z081
C024,C024
S897,S897
S231,S231
P138,P138
L949,L949
Q1202,Q120
X28,_
X990,_
Q348,Q348
W448,_
C451,C451
S831,S831
S841,S841
Q232,Q232
A420,A420
N441,N44
M4516,M451
J141,J14
R761,R761
D035,D035
B519,B519
R195,R195
C4439,C443
C432,C432
Y405,_
K3591,K359
F041,F04
C944,C944
M9132,M913
Z710,Z710
T503,T503
M638,M638
F790,F790
E7871,_
Z279,Z279
N3090,N309
O3604,O360
T116,T116
V2259,_
X0899,_
K4020,K402
I5178,I517
W879,_
T2121,T212
T1421,T1421
S0410,S041
G112,G112
Q6991,Q699
S9170,S917
S0541,S054
S3080,S308
E300,E300
Z199,_
K744,K744
X349,_
D147,_
M852,M852
D2320,D232
X449,_
K274D,_
S9360,S936
Z019,Z019
A861,A86
Z945,Z945
E560,E560
B377,B377
W999,_
I243,_
J151,J151
M8007,M8007
I430,I430
C910M,_
I298,_
M9812,_
O64\1,_
R682,R682
H1011,H101
J699,_
P043,P043
K2219,K221
L9050,L905
M1982,M1982
S9089,S908
O643,O643
Z965,Z965
S9240,S9240
V3298,_
H1840,H184
C188,C188
H533,H533
F132,F132
R915,R91
S113,_
M5319,M5319
Z318,Z318
Z40,Z409
I711,I711
P107,_
H2000,H200
H4410,H441
S7112,S711
N2622,N26
J400,J40
K49,_
M9401,M940
A632,_
M9981,M9981
Q576,_
K827,_
E231,E231
Q188,Q188
H3030,_
O3400,O340
Z3702,Z370
H5001,H500
Y1999,_
H750,H750
T451,T451
S8341,S834
E919,_
C7730,C773
D3911,D391
H871,_
O542,_
N479,N47
E363,_
E820,_
E342,E342
Y762,_
O761,_
S331,S331
C8310,C831
N0832,N083
H642,_
4282,_
C08,C089
G70,G709
N3000,N300
P9307,P93
N502,_
P366,_
Z120,Z120
E1062,E106
5470,_
L0336,L033
S0637,S063
K168,_
T939,T939
O728,_
K385,_
R138,R13
G3901,_
R20,_
N1144,_
L650,L650
Z4881,Z488
A193,_
S3161,_
T8569,T856
E328,E328
195,_
B3401,B340
P571,_
V594,_
C4650,_
O2710,_
Z3807,Z380
S7301,S7301
N9710,N971
D2311,D231
Z24,_
N4280,N428
R233,R233
Y920,_
0693,_
S0811,S081
S0011,S001
H2603,H260
E0421,E042
S5090,S509
Y05,_
S4091,S409
R471,R471
S9085,S908
I125,_
S143,S143
Y20,_
Z489,Z489
6308,_
V04,_
Z910,Z910
Q893,Q893
T415,T415
Q434,Q434
B212,B212
A692,A692
D891,D891
L110,L110
O075,O075
M432,M432
J840,J840
Z011B,_
L53,L539
Q798,Q798
P709,P709
E212,E212
V839,_
L540,L540
G381,_
W188,_
2927,_
T806,T806
B986,_
V8991,_
C775,C775
K421,K421
N1822,N182
M6527,M6527
O4521,_
Z638,Z638
J982,J982
C9790,C97
I52,_
G922,G92
Z380J4,_
J435,_
0655,_
H1109,H110
I758,_
V43,_
H7201,H720
H6591,H659
H4041,H404
K0530,K0530
W6999,_
K56,_
Q912,Q912
C572,C572
I644,I64
Q391,Q391
H419,_
Q280,Q280
P59,P599
S0005,S000
S3901,S390
Q7959,Q795
M86,M869
S3620,S3620
S3650,S3650
S0810,S081
M8245,_
Z3703,Z370
S078,S078
M7105,M7105
M8423,M8423
K162,_
C46,C469
O2434,O243
Z3961,_
M901,M901
Z0000,Z000
A486,_
I8890,I889
M2419,M2419
Z789,_
Z1612,_
M1890,M189
Z386,Z386
K857,_
K636,_
G6401,G64
J1325,J13
I143,_
R404,_
I31,I319
Z830,Z830
E0112,E011
K448,_
O128,_
K525,_
A2520,_
H300,H300
D2595,D259
O299,O299
T31,T319
M9383,M9383
Z9664,Z9664
D635,_
H3791,_
M883,_
H449,H449
Z380O9,_
K66,K669
H3604,H360
I5092,I509
I6930,I693
K5505,K550
N0301,N030
S6055,_
X302,_
I5020,_
J470,J47
Q6661,Q666
K7460,K746
W8500,_
H0581,H058
M21,M219
S7300,S7300
J009,J00
R1805,R18
6309,_
P052,P052
6935,_
I02,I029
B162,B162
P566,_
K900,K900
R00,_
C8376,C837
C329M8,_
O2661,O266
O4211,O421
B582,B582
348,_
5530,_
5788,_
Q149,Q149
5792,_
5681,_
K618,_
P770,P77
V8921,_
T1481,T148
S0633,S063
S4351,S435
T9311,T931
V8924,_
O8611,O861
P0735,P073
R6511,R651
M6256,M6256
M8711,M8711
E1425,E142
I082,I082
R96,_
L248,L248
0030,_
S550,S550
M7719,M7719
S497,S497
Q179,Q179
M29,_
H62,_
C670,C670
R420,R42
O147,_
V425,_
F55,F55
S4110,S411
H2630,H263
N832K,_
S6120,_
S5242,S524
S2720,S2720
S9810,S981
T385,T385
A188K7,_
M0682,M0682
D629,D62
C6,_
I82,I829
S12,S129
M8334,M8334
L99,_
M8841,_
I328,I328
N925,N925
V049,_
J3089,_
J3591,J359
R021,R02
J3870,J387
N6010,N601
E1480,E148
B9686,B968
L9891,L989
R5900,R590
H2150,H215
Z929,Z929
M8192,M8192
K6661,_
O786,_
O09,_
O4414,O441
H1113,H111
O540,_
L304,L304
K212,_
R589,R58
T1511,T151
S0301,S030
D5802,D580
I1151,_
R464,R464
G985,G98
E053,E053
S598,S598
T470,T470
O696,_
M4024,M4024
M4804,M4804
J669,_
X5992,_
N1420,N142
83,_
0233,_
K7279,_
O623O7,_
O3398,O339
M549,M549
Z0142BL,_
P570,P570
A051,A051
J4950,_
N070,N070
M4387,M4387
M6000,M6000
M0806,M0806
A099861,A099
A308,A308
59402,_
J704,J704
T621,T621
M6259,M6259
I288,I288
F803,F803
T493,T493
C725,C725
16043,_
Y309,_
S04,S049
C887,C887
G000,G000
K024,K024
M5117,M511
S9011,S901
C5076,_
D2100,D210
C4990,C499
33,_
R946,R946
Z818,Z818
I659,I659
B95,_
R564,_
G211,G211
Z9101,Z910
R802,R80
G57,G579
J160,J160
M8540,M8540
O54,_
K424,_
S9080,S9080
J9387,J938
I7082,I708
S651,S651
O4200,O420
691,_
H4339,H433
K154,_
S3160,_
O1420,O142
0997,_
C547,_
A3790,A379
R827,R827
L060,_
U5001,_
Q350,_
K4669,_
N083A,_
N9401,N940
C339,C33
L502,L502
D253,_
5120,_
I2I0,_
6809,_
Q449,_
J3502,J350
J3532,J353
Z730,Z730
N042,N042
U811,_
X159,_
E850,E850
Z2984,Z298
E082,_
S0006,S000
K185,_
H060,H060
E8709,E870
N9398,N939
K001,K001
L85,L859
I08,I089
Z232Z2,_
Z235,Z235
M8333,M8333
C8512,C851
T2432,T243
X76,_
T273,T273
Q6689,Q668
O3641,O364
H2608,H260
0722,_
M8566,M8566
E8612,E86
S697,S697
V183,_
W1109,_
W1800,_
G953,_
P246,_
Y848,_
I792,I792
Q299,_
I51,I519
M103N0,_
Y2899,_
T79J,_
S36,S369
M711,M711
S153,S153
C45,C459
S632,S632
R561,_
F500,F500
M7996,M7996
D32,D329
C5413,C541
P259,_
Y249,_
Y543,_
S40,S409
I772,I772
G09,G09
S928,_
J1801,J180
G053,_
K876,_
S2190,S219
I500I2,_
K3500,K350
E059I1,_
Z372Z3,_
N3281,N328
E878E8,_
Z531,Z531
H4,_
Z281,Z281
K9,_
E8,_
M4392,M4392
W079,_
F151,F151
R729,R72
M9752,_
7392,_
C7951,C795
S085,_
O078,O078
S322,S322
O232,O232
E1042,E104
M6800,M6800
P255,_
N8185,N818
O214,_
O8620,O862
J618,J61
A52,A529
W277,_
A4081,A408
Q933,Q933
Z411,Z411
Q148,Q148
Q318,Q318
H1141,H114
S8370,S837
X5030,_
Y534,_
S0441,S044
Z877,Z877
I119I,_
L440,L440
J156,J156
Y953,_
O721O6,_
O639O6,_
J1982,_
O141O6,_
J222,J22
0988,_
M8388,M8388
B65,B659
S8270,S8270
S3701,S3701
P252,P252
W3449,_
S6680,S668
B0820,B082
M35,M359
M48,M489
Q140,Q140
M522,_
C0801,C080
C3091,_
I858,_
L0281,L028
L0440,_
H0242,H024
H1710,H171
H443,H443
Z380O8,_
B94,B949
O0801,O080
E3A0,_
K24,_
D364,_
I7021,I7021
P9160,P916
H1131,H113
N8322,N832
J4502,J450
O960,O960
T190,T190
M7969,M7969
S232,S232
M1255,M1255
12012,_
M5422,M5422
I408,I408
I010,I010
B05J171,_
T444,T444
M6089,M6089
J1602,J160
M4720,M4720
N271,N271
O809Z370,_
Q251,Q251
T442,T442
O871,O871
M1386,M1386
M4396,M4396
11062,_
J9892,J989
O251,O25
D421,D421
M0600,M0600
V819,_
Q458,Q458
V12,_
0369,_
O449,_
M842,M842
B204,B204
S067,S067
0731,_
I128,_
H4053,H405
W1908,_
H4111,_
J364,J36
G4421,G442
M8360,_
M8687,M8687
T878,_
J167,_
S0132,S013
S719,_
T1512,T151
M8419,M8419
0750,_
K33,_
S5081,S5081
F20,F209
M1800,M180
C4400,C440
H4460,H446
S3230,S3230
I6935,I693
I1192,I119
O8306,O830
41,_
S80,S809
J1,_
D6,_
Z301J1,_
I730,I730
F1023,F1023
D630M8,_
M9860,_
Z13,Z139
O412,_
Q051,Q051
V2929,_
T072,T07
S209,_
M7632,M763
E812,_
J890,_
J569,_
L499,_
T1101,T110
S6891,S689
X4599,_
X4904,_
W60,_
Q672,Q672
W306,_
X0918,_
T904,T904
B978,B978
M9988,M9988
L403,L403
W591,_
J8,_
X5090,_
M6258,M6258
K3599,K359
Q558,Q558
Z733,Z733
P500,P500
O265,O265
I4590,I459
Q044,Q044
M9511,M951
S3150,S315
2P,_
I10I,I10
S5100,S510
N2090,N209
S9991,S999
T8522,T852
S5227,S522
Q851,Q851
T869,T869
T192,T192
O495,_
J6590,J65
D340,D34
I290,_
X430,_
H2164,_
H28,_
K7031,K703
L852,L852
M8542,M8542
R847,R847
E271,E271
M7199,M7199
Z232P0,_
R411,R411
Z4388,Z438
V2749,_
H0205,H020
G412,G412
S9091,S909
T2321,T232
S2171,S217
N8012,N801
M039,_
T918,T918
H42,_
N846,_
Z043,Z043
S396,S396
X5930,_
Q527,Q527
S6109,S610
S444,S444
V103,_
E44,_
M51,M519
S8990,S899
T761,_
Q670,Q670
S727,S727
S6862,_
N6301,N63
S6170,S617
Z915,Z915
Z591,Z591
E660,E660
M01,_
O354,O354
M9490,M9490
O941,O94
O409,O40
K2892,K289
M8211,M8211
M8959,M8959
8829I,_
I1090,I10
K596,_
S0121,S012
I2109,I210
Z234,Z234
J178,J178
Z332,Z33
T145,T145
M942,M942
M2669,_
N149,_
F192,F192
V46,_
V1849,_
R5096,R509
O379,_
Z994,_
B9620,B962
C518,C518
509,_
G5801,G580
H420,H420
K1020,K1020
N157,_
M9460,_
S1180,S118
Z7984,_
M476,_
Q178,Q178
E099,_
Q713,Q713
T384,T384
A542,A542
T426,T426
F539,F539
Y479,_
P233,P233
NAS01,_
M5386,M5386
B659J173,_
M482,M482
M313,M313
Q627,Q627
M5488,M5488
K042,K042
S060D,_
M2322,M2322
I673,I673
M5448,M5448
Q459,Q459
D353,D353
J986,J986
M5451,M545
S099V9,_
A002,_
Q792,Q792
M7122,M712
Z3009,Z300
I118,_
S970,S970
C631,C631
G30,G309
I661,I661
H255,_
J966,_
Z4941,_
R81,R81
R0400,R040
M8101,M8101
C789,_
R071,R071
M8605,M8605
H338,_
P613,P613
S081,S081
R338,R33
M7757,M7757
J9292,J929
B3829,B382
0989,_
G973,_
D47,D479
S690,_
I303,_
C0809,C080
A0450,A045
M101,M101
M181,M181
K4036,K403
Z8701,Z870
C082,_
O53,_
C308,_
C353,_
H212,H212
W444,_
R910,R91
Z45,Z459
D3910,D391
O0080,O008
P126,_
M9101,M910
O66,O669
L404,L404
T135,T135
H0432,H043
L589,L589
Q310,Q310
M7259,M7259
A162A,_
O520,_
M87,M879
I435,_
Z380\,_
P0737,P073
P9037,P90
M6588,M6588
A569,_
D6489,D648
Q786,Q786
Z3832,Z383
H0413,H041
J1883,J188
J000,J00
R40,R409
H633,_
I402,_
Z32,_
L748,L748
Z812,Z812
N992,N992
H081,_
Z402,_
B960,B960
J87,_
M9381,M9381
M085,_
Z3922,Z392
Z1491,_
C103,C103
I292,_
B583,B583
L8938,L893
W299,_
Q264,Q264
K2950,K295
N980,N980
F909,F909
V393,_
M5196,M519
H2790,H279
Q648,Q648
Z999,Z999
N74,_
R62,R629
N88,N889
S0033,S003
C4492,C449
Z9049,Z904
M941,M941
M0693,M0693
T231,T231
M8144,M8144
E840,E840
S3210,S3210
S3270,S3270
R090I,_
C4,_
E822,_
R1,_
I499C7,_
S370S0,_
C104,C104
E878D6,_
M100I1,_
K291E8,_
I519I0,_
E896,E896
A419N1,_
W1152,_
V389,_
S333,S333
W2009,_
T0130,T013
J157,J157
V241,_
J239,_
B229,B22
V231,_
O8521,O85
A36,A369
V238,_
O753,O753
W7499,_
W222,_
E0411,E041
J4596,J459
W236,_
B619,_
O8202,O820
M8462,_
L083,_
W809,_
0602,_
R683,R683
Y433,_
1101,_
V0399,_
Z032,Z032
V2959,_
I120J1,_
Y517,_
N083NI85,_
O654O6,_
O654O7,_
O756O7,_
O342O4,_
M4902,M4902
T64,T64
D309,D309
K0522,K0522
D3500,D350
N896,N896
S7271,S7271
C867,_
K97,_
B880,B880
M5001,M500
J1820,J182
Z51,Z519
Z91,_
C352,_
H6590,H659
P788,P788
E779,E779
Y95HCAP,_
Z31,Z319
W1009,_
M234,M234
S1091,S109
S161,S16
M982,_
H0283,H028
I838,_
D685,D685
C467,C467
X4299,_
T405,T405
I855,_
I820,I820
C7873,C787
G833,G833
R359,R35
T1490,T149
D269M,_
O254,O25
T1899,T189
Y8999,_
E705,_
A1592,A159
K4039,K403
H6121,H612
O3432,O343
C311,C311
Q2631,Q263
C347,_
62,_
D649A,_
C1892,C189
Q0703,Q070
Y768,_
842,_
J4390,J439
O8009,O800
A1817,A181
C193,C19
M5030,M503
L009,L00
H0240,H024
H4942,H494
D230,D230
D2372,D237
C8520,C852
K1370,K1370
V899\,_
D2899,D289
B442,B442
K356,_
N939\,_
C617,C61
M0804,M0804
M9705,_
I1198,I119
C7149,C714
K146,K146
Z421,Z421
Z7280,Z728
S6610,S661
M231,M231
M236,M236
J333,_
B18,B189
B576,_
K2978,K297
M9810,_
M2106,M2106
129,_
R7211,R72
Z9689,Z968
O121,O121
M1190,M1190
P940,P940
I232,I232
NOICD,_
I062,I062
Q445,Q445
Z0154B1,_
F309,F309
Z0154A1,_
G719,G719
P912,P912
D529,D529
T322,T322
NORVS,_
R1013,R101
R544,R54
W49,_
I1O1,_
O724,_
K89,_
H6051,H605
T118,T118
L711,L711
D2360,D236
O304,_
L880,L88
M4129,M4129
W570,_
Y521,_
S713,_
C6292,C629
S9241,S9241
O7311,O731
D292,D292
Q859,Q859
I22,I229
M002,M002
J9600,J960
T387,T387
K278,_
F28,F28
K18,_
Z3923,Z392
C787J1,_
A010K7,_
P239P5,_
S364X9,_
V582,_
F809,F809
O3221,O322
G005,_
H577,_
K864,_
V222,_
S6918,_
E1452,E145
S6071,S607
V2219,_
Q249Q2,_
A568,A568
M738,M738
E681,E68
Z451,Z451
V0209,_
J235,_
F876,_
G138,G138
O248,_
R047,_
B610,_
Z903,Z903
Z092,Z092
B934,_
B835,_
G563,G563
H2561,_
32,_
C932,C932
O798,_
M8852,_
Z3870,Z387
031,_
M9883,_
Q752,Q752
S9210,S9210
M8031,M8031
J471,J47
Z760,Z760
M9868,_
Y403,_
S659,S659
S870,S870
N59,_
T422,T422
Z303,Z303
N185N,_
Y560M1,_
O342O2,_
M8875,_
O757O7,_
T855,T855
O342O9,_
O701Z3,_
O648O3,_
O141O7,_
E671,E671
O0020,O002
O410O9,_
D509I1,_
S6990,S699
T1110,T111
F73,F739
V315,_
O044,O044
Z52,Z529
R0901,R090
O8039,_
N8582,N858
I314,_
M8150,M8150
O291,O291
S997,S997
M247,M247
O521,_
T691,T691
C4191,C419
H1182,H118
D422,_
D139,D139
T639,T639
J1041,_
Q214,Q214
M6229,M6229
L349,_
D8052,D805
S813,_
R360,R36
M059,M059
Q230,Q230
C744,_
J15,J159
N9391,N939
M9984,M9984
M930,M930
I261,_
E489,_
R1180,R11
2Q,_
M7551,M755
O110,O11
S0636,S063
H679,_
R610,R610
H380,_
L411,L411
K8190,K819
K5290,K529
Z0154,Z015
B1,_
Z015,Z015
O4599,O459
H1872,H187
M050,M050
H4761,H476
Q386,Q386
R181,R18
O769,_
K8045,K804
N469,N46
T83,T839
C5011,C501
O2672,O267
I6202,I620
O2623,O262
O3452,O345
E811,_
J9612,J961
T8744,T874
O45,O459
N741,N741
E807,E807
Z3490,Z349
O2440,O2440
K5358,_
I142,_
N6342,N63
L7634,_
N558,_
E1101,E110
N2883,N288
O1410,O141
C7900,C790
Y8830,_
H1812,H181
F013,F013
G9382,G938
L9780,L97
S0002,S000
N472,N47
L38,_
I023,_
K5725,K572
G571,G571
T8140,T814
A251,A251
T3801,T380
O040,O040
Z249,_
C5301,C530
K197,_
S6000,S600
N2591,N259
A83,A839
Q69,Q699
P0821,P082
0242,_
K1780,_
Z96,Z969
S39,S399
K692,_
K83,K839
D528,D528
M032,M032
M8014,M8014
C914,C914
Z3940,_
C9130,C913
H9190,H919
K5289,K528
K9422,_
S4302,S4302
S8212,S821
S8282,S828
T175,T175
M8946,M8946
H1311,H131
Z4,_
Q658,Q658
N7010,N701
N9712,N971
N9711,N971
S0502,S050
S0102,S010
B3512,B351
S0139,S013
Q938,Q938
V800,_
O260,O260
Q5310,Q531
K789,_
Q1200,Q120
S11,S119
G575M,_
M7129,M7129
D2121,D212
N0390,N039
I8511,_
V392,_
S0009,S000
R580,R58
W769,_
M8447,M8447
I009,I00
T958,T958
D966,_
G8220,G822
E876N3,_
J069E4,_
H2505,H250
J981E,_
N880,N880
R200,R200
E871I1,_
Z998,Z998
C511,C511
I498E8,_
E878E1,_
Z354R2,_
J189T0,_
P5,_
59504,_
M4895,M4895
F340,F340
A502,A502
I801,I801
M6266,M6266
Q794,Q794
M8000/3,_
G878,_
E835E8,_
0381,_
J393,J393
Q263,Q263
I317,_
Z428,Z428
Z792,_
Z493,_
B055,_
J968,_
R860,R860
R52,R529
B092,B09
S0149,S014
W599,_
S9139,S913
S8109,S810
S7109,S710
S8189,S818
W21,_
S842,S842
300,_
D2331,D233
J3621,J36
D4837,D483
F149,F149
I8390,I839
H6030,H603
S6149,_
S4119,S411
H2599,H259
M105,_
Z098,Z098
E1144,E114
Z1339,Z133
Z768,Z768
B262,B262
F4320,F4320
D649E8,_
22,_
K881,_
I248I,_
W2052,_
E078E,_
S9312,S931
E861G,E86
O654O2,_
W1,_
F078,F078
M8448,M8448
R139,R13
A8109,A810
6439,_
E868,E86
S5521,S552
C0029,C002
N6002,N600
L80,L80
P0732,P073
R310,R31
J373,_
M8411,M8411
L18,_
L561,L561
Q464,_
J991,J991
M802,M802
H6010,H601
D2231,D223
M153,M153
A428,A428
V843,_
M9421,M9421
N190,N19
Q24,Q249
G6181,G618
Z734,Z734
R511,R511
Z819,_
K94,_
C9240,C924
A5203,A520
H6696,H669
E0965,_
O2490,O249
Z3403,Z340
O0952,_
I7080,I7080
L420,L42
H21,H219
E1105,E110
T8241,T824
D6816,D681
R044,_
R879,R879
H428,H428
E259,E259
E0591,E059
438,_
D4121,D412
F002,F002
H6122,H612
S4092,S409
N083Z,_
S950,S950
J2609,_
V2199,_
S88,S889
M6159,M6159
S3142,S314
M49,_
O8092,O809
P376,_
Z728,Z728
S433,S433
X120,_
T10,T10
S7010,S701
M9670,_
M8444,M8444
O601F5,_
H0511,H051
O492,_
K361,K36
I284,_
Z302J8,_
I350I4,_
E878E,_
V26,_
R5901,R590
D2251,D225
Q1732,Q173
O421Z3,_
J9,_
N729,N72
M267,_
J8402,J840
E180,_
N1990,N19
N435,_
F518,F518
A209,A209
O0088,O008
E778,E778
U299,_
N189N2,_
V431,_
S9072,S907
V1999,_
L743,L743
V091,_
M456,M456
T0270,T0270
W207,_
Z761,Z761
Z857,Z857
J9080,J90
W1772,_
N1360,N136
G9339,G933
M1916,M191
2988,_
M1070,_
N164,N164
Z810,Z810
Q7410,Q741
Z739,Z739
M9251,M925
Q6820,Q682
S6021,S602
T0082,T008
M6246,M6246
Q7980,Q798
O744,O744
M2340,M2340
Q731,Q731
I394,I394
Q1830,Q183
M2452,M2452
M2451,M2451
M2131,M213
D058,_
E116I,_
E116A,_
E861E,E86
A010N,_
O757O6,_
G611,G611
X5990,_
O365O7,_
W0149,_
V865,_
B768,B768
I679G46,_
C268,C268
Q079,Q079
99433,_
F230,F230
97155,_
Q754,Q754
F09,F09
C510,C510
A810,A810
T280,T280
J189N2,_
Q27,Q279
S8090,S809
K0402,K040
R319,R31
Z9011,Z901
T205,T205
T235,T235
I001,I00
J813,J81
O187,_
K814,_
H4720,H472
N789,_
M9232,M923
H04,H049
I788,I788
J9421,J942
J015,_
Z380A1,_
Z380O0,_
S980,S980
M2193,M2193
S6920,_
J1590,J159
H471,H471
Z491Z,_
S6612,S661
S6401,S640
W170,_
H2991,_
D446,D446
Z621,Z621
W184,_
H47,_
Z3580,Z358
H2192,H219
G240,G240
Y92,_
K75,K759
S450,S450
S8021,_
H7190,H71
E298,E298
W182,_
H239,_
S4002,S400
S4281,S4281
N913,N913
T355,T355
N1898,N189
S597,S597
K161,_
Z302O1,_
R2212,R221
L9890,L989
T0230,T0230
N765,N765
O43,O439
D649N2,_
Z370O1,_
T925,T925
I619I1,_
J189Y9,_
V2949,_
S2791,S2791
R5381,R53
M9424,M9424
I031,_
1200,_
F070,F070
G829,_
B352,B352
T114,T114
O511,_
M240,M240
E1419,E141
K4321,_
O569,_
D4300,D430
E1429,E142
N193,N19
H4039,H403
V2848,_
T0062,T006
W0190,_
M7702,M7702
X269,_
M6746,M6746
N039Z,_
G5401,G540
Q6990,Q699
G8020,G802
G701,G701
S419,_
098,_
M6701,M670
E234,_
A909,A90
R5910,R591
D412,D412
L518,L518
P258,P258
Q676,Q676
O757Z3,_
O992Z3,_
015,_
X6199,_
O639O7,_
N1819,N181
N0183,N018
N412,N412
T161XXA,T16
N0,_
P580,P580
M001,M001
K002,K002
A189,_
I988,I988
V8399,_
1100,_
M8075,_
E961,_
I280,I280
G052,G052
O7009,O700
H0380,H038
S345,S345
8809,_
Z831,Z831
L767,_
H55,H55
Z109,_
I5023,_
F800,F800
N02,N029
N761,N761
Z61,Z619
K9172,_
G6182,G618
0810,_
J443,_
A0001,A000
R801,R80
I2513,I251
L9201,L920
H2571,_
G9347,G934
0604,_
O6471,_
K106,_
C521,C52
S6981,S698
E7839,E783
M9870,_
0690,_
Y841,_
279,_
S6091,S609
S7091,S709
P91,P919
Z8951,Z8951
V44,_
F82,F82
I27,I279
S0511,S051
S2731,S2731
B260,B260
M165,M165
R531,R53
H4221,_
S6703,S670
S703,_
H1391,_
R029,R02
4459,_
A42,A429
M7040,M7040
V912,_
S382,S382
S68,S689
S9134,S913
N48,N489
G3090,G309
S6300,S6300
E0530,E053
R559,R55
R897,R897
J189E8,_
X4808,_
Y1699,_
O342Z3,_
W3403,_
R700,R700
S634,S634
X4792,_
X2399,_
O689O7,_
P990,_
Z704,_
M7237,M7237
O661,O661
S67,_
Z458,Z458
Z233,Z233
H0014,H001
P839,P839
Z4491,Z449
K036,K036
I978,I978
Y835,_
M7132,M7132
W02,_
J147,J14
V898,_
L3090,L309
L3091,L309
I423,I423
Q018,Q018
D642,D642
A527,A527
T341,T341
Q372,Q372
H831,H831
M7901,M7901
I00J178,I00
M0891,M0891
I617,_
P155,P155
I500A,_
H00,_
S6991,S699
J984M4,_
H2020,H202
J189I2,_
N289W,_
L301,L301
P0304,P030
C7808,C780
M4606,M4606
R501,_
O995O7,_
S4690,S469
K0900,K0900
R393,_
V385,_
N2,_
W012,_
I6939,I693
O666,_
0283,_
P688,_
O0941,_
M2305,M2305
M7798,M7798
V6899,_
Z8711,Z871
X90,_
I101I,I10
M088,M088
S0133,S013
649,_
H319,H319
S615,_
P122,P122
P36P9,_
S100,S100
W0899,_
S8980,S898
T822,T822
N291,N291
O961,O961
V2969,_
S814,_
M8982,M8982
M010,M010
P109,P109
P245,_
V2814,_
O7809,_
3828,_
3822,_
K701E,_
Z370D2,_
O842Z3,_
W2199,_
Z291,Z291
Q530,Q530
O141O8,_
A47,_
M4697,M4697
Z4199,Z419
N32,N329
M4394,M4394
O111,O11
O6399,O639
O4201,O420
M0112,M0112
H3523,H352
E0480,E048
S578,S578
H3561,H356
J389,_
E382,_
H462,H46
C1891,C189
H220,H220
E1402,E140
M2447,M2447
Q54,Q549
K327,_
M8061,_
E7788,E778
O809I,_
C998,_
M9471,_
M8636,M8636
Z123,Z123
Z302O4,_
P0501,P050
N6041,N604
I5033,_
N9309,N930
M186,_
D0001,D000
E0425,E042
O442,_
M8082,M8082
E243,E243
I8412,I841
O322O,_
K794,_
C5099,C509
S9981,S998
A6611,A661
S6202,S620
369,_
S0760,_
0336,_
E642,E642
O145,_
I1169,_
N34,_
N1809,N180
C4091,C409
S6210,S6210
M4042,M4042
L7231,_
K5100,K510
H4600,H46
M2554,M2554
M451,M451
N529,_
L71,L719
H7389,H738
M715,M715
S848,S848
M7956,M7956
J4592,J459
D2419,D24
V2699,_
J6903,J690
M8908,M8908
O948,O94
M5090,M509
H162,H162
J649,J64
K7581,K758
I661G4,_
K656,_
C061,C061
P373,P373
E142N,_
M7254,M7254
8801,_
K020,K020
S6211,S6211
M5198,M519
Z036,Z036
A31,A319
O999,_
S361S3,_
N039I1,_
K274D6,_
I219I4,_
A069B7,_
S948,S948
O47,O479
M038,_
W1830,_
H3820,_
V0939,_
K311C1,_
J068J1,_
I6350,I635
L9711,L97
Z3045,Z304
J1202,J120
S9180,_
N759,N759
M9330,_
V135,_
O809O,_
709,_
G696,_
J2490,_
R4921,R492
T592,T592
Z701,Z701
E861E4,E86
M736,_
O681O7,_
J220,J22
O699O7,_
I8392,I839
E889A,_
G6328,G632
O649O7,_
P084,_
H062,H062
O865,_
O582,_
M013,M013
K318E861,_
T492,T492
F920,F920
I295,_
G804,G804
M5493,M5493
T324,T324
F502,F502
M7915,M7915
11111,_
O267,O267
F201,F201
Z311,Z311
O4413,O441
L704,L704
W2499,_
L0233,L023
Q1731,Q173
Q1791,Q179
C5000,C500
R311,R31
L0202,L020
F958,F958
A510,A510
Z522,Z522
M4891,M4891
C830,C830
O733,_
S3119,S311
C60,C609
M0630,M0630
K005,K005
S8700,S870
S8981,S898
E1191,E119
T8431,T843
S121,S121
C280,_
C89,_
A504,A504
C580,C58
C9110,C911
A1600,A160
N82,N829
I2570,_
Z501,Z501
S32,_
P263,_
102,_
170,_
0335,_
332,_
061,_
H560,_
S957,S957
Q935,Q935
270,_
N177,_
001,_
C5095,C509
I304,_
D1723,D172
P260,P260
M7134,M7134
L0402,L040
S8244,S824
K45,_
O8098,O809
K867,_
R922,R92
D378,_
B811,B811
H1031,H103
O6100,O610
H0180,H018
S8012,S801
L7218,L721
J9801,J980
A4I9,_
E1436,E143
N3091,N309
M2157,M2157
J1895,J189
Z790,_
P712,P712
M8401,M8401
Z862,Z862
M6215,M6215
8370,_
Y471,_
M1199,M1199
Q692,Q692
O934,_
N289I,_
130,_
H2041,_
E119S0,_
W1991,_
S066S0,_
602,_
E059E8,_
Z370N8,_
I119J1,_
O141O1,_
Q435,Q435
O420J4,_
I519I3,_
M22,M229
Q210Q2,_
M9044,M9044
H4411,H441
N086,_
B440,B440
T459,T459
P3609,P360
E73,E739
R5683,R568
O246,_
K769E1,_
I8081,I808
X789,_
O672,_
M9880,_
O263,O263
S7163,_
Q902,Q902
6570,_
I445,I445
M7968,M7968
M8572,_
Z510C5,_
W269,_
E710,E710
Y349,_
S3660,S3660
R789,R789
W1599,_
Z8781,Z878
Z510C,_
5090,_
T8181,T818
M2381,M2381
M8146,M8146
Z680,_
K303,K30
Z713,Z713
X5562,_
M2536,M2536
R045,_
O0394,O039
985,_
E116N,_
O601O1,_
Z356O7,_
Z900,Z900
E878I,_
M7785,M7785
A419N,_
E878J4,_
O217,_
C29,_
N6311,N63
L8991,L899
O022,_
H5211,H521
N0083,N008
S583,_
J031,_
I05,I059
A828,_
H8010,H801
G569,G569
C382,C382
C73\,C73
M7267,M7267
F494,_
M9890,_
A363,A363
S258,S258
M9630,M963
Y14,_
G130,G130
J2513,_
C248,C248
M99,M999
I5032,_
T9310,T931
T9321,T932
C3492,C349
E062,E062
M4399,M4399
G411,G411
K291E861,_
M2507,M2507
A058,A058
M464,M464
X,_
M421,M421
M6529,M6529
Q058,Q058
Q874,Q874
M9010/0,_
M672,M672
333,_
831,_
N4011,N40
C4910,C491
M8750,_
D3535,D353
T8351,T835
M9496,M9496
A825,_
M8555,M8555
Z892,Z892
O7500,O750
O0,_
Z232P,_
O859,O85
T0799,T07
A821,A821
O6900,O690
82O,_
S6187,S618
V1099,_
S3719,S371
S6192,S619
S5192,S519
E1420,E142
V4499,_
B249,B24
M5438,M5438
J819,J81
S898,S898
S6183,S618
M91,M919
B279,B279
H6623,H662
S7245,S724
M8350,M8350
R130,R13
O169,O16
O524,_
W500,_
T30,_
D3704,D370
X5803,_
K47,_
I448,_
1131,_
I156,_
J198,_
N0383,N038
A549,A549
5370,_
E878I1,_
P285P2,_
O141J4,_
S399X9,_
I289,I289
E836,_
G931I6,_
Z370O6,_
D649D3,_
I4308,I430
C778,C778
37,_
R7303,R730
O447,_
X583,_
S21,S219
C9140,C914
U119,_
E0521,E052
L211,L211
M8700,M8700
0421,_
H7012,H701
L7291,L729
W2049,_
X6909,_
1V8,_
T2240,T224
Q6510,Q651
I715,I715
G251,G251
C7799,C779
A4199,A419
W5409,_
S0183,S018
Z921,Z921
P941,P941
I014,_
S812,_
O7370,_
O692Z3,_
M8426,M8426
H9391,H939
S459,S459
O149O6,_
J8691,J869
K639I,_
M8452,_
J153,J153
N3901,N390
J1992,_
K730,K730
S0550,S055
B3439,B343
G6322,G632
L614,_
W2509,_
W3498,_
I9,_
T9320,T932
M8855,_
E95,_
C286,_
H4420,H442
D191,D191
S359,S359
C359,_
S383,S383
C78,_
P639,_
M12,_
H01,H019
M486,_
I571,_
M9028,M9028
M6511,M6511
0348,_
Y440,_
M7605,M7605
Z962,Z962
T010,T010
0900,_
D493,_
E085,_
J9585,J958
N6459,N645
P821,_
T880,T880
I8731,_
C4441,C444
K5752,K575
L7622,_
I2400,I240
I2724,I272
M6208,M6208
Z07,_
O866,_
H5709,H570
S9971,S997
L380,_
O1423,O142
T814A,_
0211,_
M6080,M6080
M1985,M1985
T1400,T140
K144,K144
S0580,S058
B822,_
O074,O074
X0399,_
W1709,_
Y522,_
T363,T363
Z01205,Z012
M5431,M543
F160,F160
M6099,M6099
M4636,M4636
P005,P005
Z0141CC,_
Z0142BC,_
T579,T579
P371,P371
A802,A802
S0670,S0670
M1993,M1993
A749,A749
B830,B830
B5220,_
M3982,_
P705,_
Y18,_
Z4043,_
W213,_
R68,_
S6080,S6080
D898,D898
D830,D830
S565,S565
E861G9,E86
P926,_
A918,A91
N1884,N188
499,_
S101,S101
I211K9,_
W1994,_
V949,_
G936G9,_
I109D6,I10
I8611,I861
Y30,_
C934,_
Z302Z3,_
E119A,_
D381E8,_
N289E8,_
2928,_
E871E8,_
B209J9,B20
D650,D65
F649,F649
Q771,Q771
T1401,T140
E661,E661
M8951,M8951
B690,B690
G998,G998
E864,E86
W2231,_
T461,T461
R1893,R18
V8919,_
R317,R31
T1480,T148
E233,E233
F179,F179
N9863,_
L564,L564
Z703,Z703
M7710,M7710
T97,T97
W0608,_
V432,_
K461,K461
Y525,_
X5993,_
W454,_
Z502,Z502
N6480,N648
N854,N854
I8301,I830
J4492,J449
N189NO39,_
E89,E899
7A,_
S060X0A,_
R9082,R908
E7525,E752
O410O6,_
S0900,S090
M848,M848
W2672,_
W1401,_
V275,_
W2262,_
W2603,_
W2601,_
E115E1,_
N083I,_
O681O6,_
X48,_
J8411,J841
S147,_
M8610,M8610
Y919,_
N208,_
T054,T054
Z891,Z891
D341,D34
S6310,S6310
L638,L638
H3319,H331
T5090,T509
E1012,E101
R39,_
K2639,K263
Z9314,Z931
Z5189,Z518
A094,A09
B901,B901
H4024,H402
E711,E711
T8249,T824
E095,_
Q5133,Q513
1145,_
T248,_
H3592,H359
H099,_
T704,T704
N206,_
L8415,L84
L1010,L101
Q543,Q543
J650,J65
I8249,_
O8210,O821
T420,T420
P890,_
1850,_
M8013,M8013
A179,A179
W519,_
I804,_
W2069,_
H0455,H045
Q960,Q960
M94,M949
M9442,_
Q774,Q774
Q272,Q272
E748EJ81,_
1442,_
X9949,_
T8453,T845
C030,C030
K22,K229
986,_
5511,_
5493,_
5834,_
O8900,O890
1489,_
B37O,_
I9921,I99
Q357,Q357
E58,E58
S855,S855
V80,_
N33,_
M470,M470
Y830,_
I2141,I214
D2941,D294
O9010,O901
O9011,O901
E322,_
H6050,H605
A2601,A260
A2521,_
P242,P242
R193,R193
S3095,S309
S616,_
S0119,S011
P281,P281
H54,H549
I619E8,_
K259K2,_
R068I6,_
I109I1,I10
I340I0,_
I099I3,_
E83,E839
Z301Z3,_
I119E,_
S7113,S711
Q680,Q680
O0691,O069
O342O8,_
Z9882,Z988
J9410,J941
M8395,M8395
F049,F04
F046,F04
L23,L239
M7737,M7737
S3140,S314
A300,A300
W0103,_
Z094,Z094
B889,B889
M2391,M2391
H5116,H511
Q268,Q268
C940,C940
Z49I,_
O04,O049
H6699,H669
Y419,_
67650,_
P365,P365
S044,S044
M1289,M1289
G728,G728
C509M800,_
A06E861,_
E612,E612
T266,T266
55770,_
Q622,Q622
H18,H189
M9987,M9987
W740,_
X998,_
K181,_
D869,D869
M8271,_
N0690,N069
J4549,_
B689,B689
C208,C20
I109H2,I10
N721,N72
N189E1,_
O623O6,_
E261,E261
B888,B888
I500A1,_
L031A,_
G718,G718
S5899,S589
H655,_
O6641,O664
Z9089,Z908
H363,_
S8222,S822
S5302,S5302
Z4501,Z450
C581,C58
J9810,J981
G210,G210
3640,_
O485,O48
M7521,M752
H1641,H164
Q222,Q222
Z141,_
F3089,F308
S3089,S308
E07,E079
D525,_
H4610,H46
I904,_
N174,_
S7730,_
05A,_
O4202,O420
O3003,O300
N430,N430
248,_
S9820,S982
M521,_
T8461,T846
T359,_
Z4801,Z480
P651,_
D1779,D177
S4232,S423
J1552,J155
R51X,R51
J99,_
D459,D45
S2111,S211
M9115,M9115
R468,R468
M8104,M8104
Q703,Q703
M5128,M512
H1889,H188
J385,J385
M5432,M543
S30,S309
O3420,O342
822,_
O3200,O320
N6268,N62
0210,_
S354,S354
H2513,H251
Z208,Z208
K466,_
L0501,L050
S1199,S119
L762,_
S7640,S764
S2035,S203
S8991,S899
S789,S789
N0398,N039
J690A1,_
C787E8,_
J459R7,_
I340I4,_
E788E7,_
K269R5,_
A419D6,_
J960N2,_
D649K2,_
E876N2,_
M9183,M918
N872,N872
I426K2,_
R568J9,_
A162J4,_
2030,_
B878,B878
I245,_
M8570,_
P1001,P100
G1,_
Z81,_
V1829,_
D512,D512
H0580,H058
A170GO1,_
J1817,J181
X209,_
B942,B942
S8080,S8080
H2651,_
Q6681,Q668
N139E8,_
N281N4,_
T0099,T009
A197,_
A785,A78
N480,N480
Q2790,Q279
E0791,E079
S9070,S907
S859,S859
9432,_
B679,B679
V439,_
C683,_
L768,_
L9800,L980
D347,D34
Y930,_
C9091,_
C5060,C506
H901,H901
Z9889,Z988
Z483,_
J397,_
M7511,M751
E787,_
C079,C07
P03,P039
F020,F020
J453,_
N559,_
L258,L258
M6647,M6647
I9829,I982
A818,A818
Z48,Z489
A162V,_
Q551,Q551
O7585,O758
H7192,H71
N099,_
939,_
P0002,P000
H5782,H578
C136,_
K2917,K291
S0232,S023
S989,_
M6226,M6226
H866,_
F543,F54
K4439,_
I5040,_
K8314,K831
I401,I401
A032,A032
J1852,_
P789,P789
A042,A042
F845,F845
D409,D409
E568,E568
A378,A378
T882,T882
M2501,M2501
C158,C158
K4590,_
K911,K911
Q628,Q628
K9222,K922
S197,S197
M2160,M2160
M2150,M2150
N3812,_
O0990,_
Z8782,Z878
Q514,Q514
C166,C166
O6550,O655
Q412,Q412
H3322,H332
T004,_
D2221,D222
P811,_
T079,T07
M9134,M913
E0861,_
Z700,Z700
O67,O679
H2530,_
802,_
E1014,E101
S8238,S823
Q00,_
Z347,_
Z393,_
K009,K009
N869,N86
W6830,_
S297,S297
X5099,_
M8190,M8190
F54,F54
Z28,Z289
Z821,Z821
Q5521,Q552
O384,_
O371,_
D458,D45
M8881,M8881
M312,M312
K54,_
Q799,Q799
E119I1,_
I099I4,_
N200J3,_
K319J1,_
E119J1,_
I499I4,_
N289N1,_
E835D6,_
N390B8,_
W1930,_
T098,T098
K566K6,_
O640O8,_
B829B7,_
H2502,H250
P744E8,_
S549,S549
A37,A379
I204,_
M7298,M7298
I24B,_
G4420,G442
M0034,_
A018,_
I483,I48
O3480,O348
O348O8,_
K2914,K291
T7821,T782
X4799,_
T58,T58
N018,N018
L0331,L033
W646,_
M7801,_
F941,F941
Q3590,Q359
S5999,S599
M8196,M8196
S8999,S899
N918,_
X592,_
H94,_
062,_
Q739,_
1999,_
992,_
T791,T791
C5191,C519
Q1999,_
A438,A438
Y009,_
E688,E68
W1003,_
P113,P113
G9,_
O459Z3,_
P153,P153
O689O1,_
V8789,_
I2111,I211
Q429,Q429
Z420,Z420
0839,_
J4449,_
Z5200,Z520
F189,F189
E5091,E509
C5042,C504
Z561,Z561
H6101,H610
C9020,C902
F330,F330
R871,R871
H6501,H650
M6248,M6248
K369,K36
K11,K119
Z9072,Z907
R8569,R856
O0369,O036
M893,M893
Q778,Q778
R6251,_
M748,_
352,_
M7107,M7107
Q138,Q138
P250,P250
I835,_
M8961,M8961
J4541,_
D15,D159
R350,R35
C010,C01
M31,M319
S110,S110
O2491,O249
M191,M191
213,_
N1803,N180
Q37,Q379
B207,B207
C72,C729
D3150,D315
W8762,_
H4031,H403
R6389,R638
Z01,Z019
E1133,E113
O26,O269
0150,_
T483,T483
M1302,M1302
P924,P924
M067,_
M1189,M1189
M5444,M544
C312,C312
P521,P521
P00001,P000
T285,T285
S52500,S52500
244,_
K030,K030
Z1624,_
N881,N881
K059,_
K5650,K565
L42,L42
V535,_
V821,_
R5382,R53
J4290,J42
V09,_
M8741,_
B333,B333
Z030Z3,_
Q172,Q172
D2791,D27
G,_
S532,S532
O90,O909
R50,R509
Z709,Z709
M4793,M4793
A876,_
J1289,J128
Y9999,_
M1022,M1022
O0640,O064
E8611,E86
D487E8,_
E119D6,_
Q012,Q012
N560,_
O410O4,_
E274E8,_
Z354J0,_
I109J9,I10
I109Z3,I10
E059Z3,_
Y,_
E876H6,_
G419R5,_
A162D3,_
N453,_
D2591,D259
K925,_
X9997,_
F523,F523
O787,_
S5219,S521
E343,E343
C119NM,_
H0204,H020
W210,_
X5839,_
I2590,I259
C745,_
W7599,_
W4962,_
Q338,Q338
M0116,M0116
V,_
8999,_
R37,_
D866,_
H116,_
Y887,_
L800,L80
P528,P528
W2462,_
N234,N23
V181,_
I113,_
H3182,H318
Y98,_
S6583,S658
V549,_
O752,O752
J1833,_
O9989,O998
O4500,O450
P103,P103
O4591,O459
A162E,_
O623Z3,_
L119,L119
T814X9,_
I248J,_
S3202,S320
0139,_
E146E1,_
M8011,M8011
M070,M070
K756,_
R588,R58
D070,D070
V2989,_
H5030,H503
R75,R75
L221,L22
G358,G35
N1839,N183
U0,_
D2131,D213
C4912,C491
X919,_
N6534,_
F788,F788
H6530,H653
P142,P142
K903,K903
C004,C004
I1013,I10
E8610,E86
H1900,H190
D840,D840
K397,_
K994,_
H8590,_
M6783,M6783
H8591,_
F445,F445
S277,S277
T711,T71
N189I1,_
M2466,M2466
T9211,T921
S6371,S637
I2572,_
L091,_
S166,S16
E603,E60
O79,_
7560,_
S8204,S820
M618,_
I465,_
S8970,S897
J8240,J82
872,_
I0199,I019
M6592,M6592
Y1499,_
H5,_
M7042,M704
M4898,M4898
0320,_
Z02,Z029
S9980,S998
C640,C64
V686,_
S6892,S689
N73,N739
Q35,Q359
N6110,N61
M7121,M712
H6534,H653
X12,_
E61,E619
M9041,M9041
2309,_
V139,_
T817,T817
W049,_
C487,_
149,_
O41O,_
K86,K869
0804,_
Q380,Q380
T301,T301
N766,N766
J63,_
M8153,M8153
A880,A880
O179,_
Y546,_
E1401,E140
M8088,M8088
S0800,S080
S0880,S088
S8242,S824
D297,D297
M8195,M8195
M4647,M4647
21506,_
P720,P720
G041,G041
I972,I972
M8989,M8989
E140A169,_
S2231,S2231
I605,I605
K043,K043
P710,P710
FP,_
D462,D462
S9841,S984
O9,_
G011,G01
K866,_
O8251,_
M8,_
I050I0,_
O653O8,_
D649M1,_
I200N3,_
N390E8,_
Q742,Q742
T801,T801
H4491,H449
W0188,_
D649D2,_
E872E8,_
K922N2,_
V395,_
N1390,N139
I218,_
V17,_
Q184,Q184
J411,J411
O621O4,_
H525,H525
O561,_
H1081,H108
Y089,_
S49,S499
F541,F54
X5892,_
511,_
B898,B89
T239,_
Z139Z,_
011,_
80Z1,_
Z380Z,_
T2220,T222
L250,L250
W2298,_
J1810,J181
M4189,M4189
Y0899,_
P331,_
R571A0,_
W2529,_
G0P0,_
E361,_
O654O4,_
N1331,N133
M158,M158
N179E1,_
R413,R413
X67,_
O281,O281
O987,O987
M8005,M8005
S370V8,_
M204,M204
K095,_
Q650,Q650
K371,K37
Z566,Z566
X688,_
P37,P379
P23,P239
H2550,_
M908,M908
N1585,N158
L0271,_
M6782,M6782
M6761,_
I8391,I839
A090E,A09
I63I,_
M9593,M959
M574,_
M6749,M6749
N937,_
H2441,_
H3801,_
M8174,_
S889,S889
Z380N7,_
E110J1,_
I424,I424
C7650,C765
F989,F989
N566,_
S6970,S697
E1112,E111
M5129,M512
S2206,S220
E819,_
M9002,M9002
M2533,M2533
T8470,T847
M2445,M2445
500,_
D4800,D480
N638,N63
C291,_
J9581,J958
5664,_
C4003,C400
M9121,M912
5630,_
J1392,J13
C7401,C740
W4799,_
I8310,I831
Z499,_
J1118,J111
E11NO83,_
N8890,N889
I707,_
E142I,_
131,_
T2431,T243
S0022,S002
I157,_
W442,_
H4723,H472
H378,_
X4909,_
C6990,C699
O6640,O664
P691,_
921,_
S5202,S520
F791,F791
A289,A289
N101,N10
E029,E02
S977,_
I1109,I110
I119I1,_
S9112,S911
F100A,_
Z371Z3,_
I639I1,_
N841I1,_
J189D6,_
Q500,Q500
M531,M531
T673,T673
B838,B838
W0132,_
X1099,_
F023,F023
O3429,O342
A0,_
1425,_
O621Z3,_
P034Z,_
G894,_
V869,_
T7804,T780
E119A1,_
S448,S448
K619,_
A8230,_
S8188,S818
D8210,D821
T06,_
E550,E550
F250,F250
B381J172,_
Y556,_
M1690,M169
M8263,_
S1402,S140
A140,_
K670,K670
Z091,Z091
J9090,J90
J9091,J90
M060,M060
M258,M258
754,_
0848,_
P04,P049
O691Z3,_
P001Z3,_
O699O2,_
O984O7,_
O662O4,_
J843,_
I512,I512
R769,R769
I80,I809
O998O7,_
M6287,M6287
M099,_
G9611,G961
M7519,M751
O7028,O702
09,_
N221,_
3801,_
K150,_
H3292,_
H4701,H470
M9359,_
I28,I289
0758,_
K12,_
C1189,C118
C1199,C119
5655,_
U899,U899
5462,_
5212,_
W1966,_
Z3483,Z348
U270,_
O095,_
I695,_
J,_
Z060,_
S6328,S632
Q788,Q788
5122,_
E202,_
B568,_
Z23,_
L0293,L029
K9401,_
R686,_
Z629,Z629
R0689,R068
M1612,M161
K5700,K570
K3181,K318
R6510,R651
S8618,S861
K0440,K044
V2248,_
S2181,S218
W1820,_
V3899,_
N945,N945
K969,_
689,_
Z556,_
O853,O85
J189J4,_
D461,D461
S270V9,_
P239P6,_
N139N1,_
J441E8,_
I251I0,_
K269D3,_
O152E8,_
H411,_
E871D6,_
A14,_
O8990,O899
Z3920,Z392
N390N1,_
E876E8,_
N079,N079
T915,T915
Y3399,_
W1979,_
X8499,_
P965,P965
T462,T462
Y532,_
Z952,Z952
X249,_
Z863,Z863
K418,_
W0801,_
O690O,_
V1801,_
C754,C754
S5640,S564
M6538,M653
B381,B381
O377,_
S128,S128
H7291,H729
G4400,G440
S98,_
M60,M609
M8821,_
J998,J998
D2330,D233
T0910,T091
L7200,L720
C4431,C443
W5579,_
E441L,_
T659X6,_
O234O7,_
O342O6,_
O441O1,_
O756Z3,_
O365O1,_
M8565,M8565
O8200,O820
C812,C812
N2590,N259
Q03,Q039
D655,D65
B089,_
M6720,M6720
N2891,N289
Q1811,Q181
O045,O045
M8435,M8435
M4644,M4644
M4694,M4694
S034,S034
K0820,K082
N9395,N939
Q7001,Q700
T502,T502
3032,_
O895,O895
M540,M540
C03,C039
Q36,Q369
O701O6,_
Z380Q8,_
E64,E649
Z380L7,_
D257,D257
5146,_
S20,_
K3184,K318
M5102,M510
K8028,K802
K297K5,_
S816,_
1503,_
I503,_
5601,_
H369,_
Z7951,_
J4540,_
N10X,N10
A00X1,_
Q260,Q260
5215,_
C2013,C20
N4332,N433
J305,_
J1841,_
G9619,G961
H5780,H578
F314,F314
A88,_
M7181,M7181
C817,C817
M6088,M6088
S2721,S2721
I2487,I248
M2551,M2551
S2191,S219
Y436,_
W270,_
C3411,C341
H9312,H931
B332,B332
V2904,_
T469,T469
M9480,M9480
E163,E163
Z01206,Z012
M5322,M5322
O996K291,_
M4808,M4808
G218,G218
M8629,M8629
Q229,Q229
S9233,S923
0721,_
Z190,_
S4250,_
T053,T053
G214,G214
H0292,H029
L111,L111
A10,_
C2208,C220
E119E8,_
Q2,_
Q256Q2,_
E860D7,E86
J690L0,_
J984E8,_
W1898,_
K538,_
S8110,S811
O56,_
O970,O970
B629,_
H1792,H179
Z371O7,_
P051P2,_
W8699,_
Z4913,Z491
O765,_
Z345,_
O234N3,_
B343,B343
I4929,I492
E190,_
V426,_
J199,_
D289,D289
K322,_
E7781,E778
L505,L505
P249P3,_
M256,M256
M4390,M4390
620,_
O321O,_
T289,T289
T1750,T175
Z8780,Z878
S5939,_
S6511,S651
N324,N324
V579,_
D014,D014
G9351,G935
N0890,_
367,_
G3189,G318
A1602,A160
A1621,A162
O601O7,_
809Z3,_
O680O9,_
I099N2,_
N313,_
S9990,S999
R6288,R628
J258,_
E461,E46
V3299,_
60,_
C8010,C80
R112,R11
D4989,_
K932,_
H1583,H158
N6029,N602
F071,F071
N45,N459
N1852,N185
T914,T914
M7058,M705
B19,B199
C4471,C447
R790,R790
J1807,J180
D245,D24
F78,F789
0240,_
R458,R458
I0635,_
O626,_
Q130,Q130
Q142,Q142
G4091,G409
Z246Z,_
N115,_
K64O,_
K59O,_
1493,_
R499,_
M8616,M8616
C461LIP,_
J259,_
C461LIPO,_
T051,T051
M2117,M2117
S0561,S056
I1600,_
N6019,N601
T742,T742
O549,_
0010,_
V160,_
B819,_
M9021,M9021
F5101,F510
T8141,T814
Z9852,_
Y109,_
T1120,T112
P917,_
M8812,_
D1602,D160
E852,E852
R595,_
Q802,Q802
H5302,H530
M1392,M1392
H9821,_
J367,J36
E1427,E142
N0837,N083
018,_
O851,O85
N07,N079
Y25,_
K769E8,_
N300R7,_
H0250,H025
K830H1,_
N289E1,_
E871R0,_
R568Z3,_
T536,T536
C695,C695
T378,T378
I168,_
M4692,M4692
W1989,_
J441A1,_
I109E8,I10
C159A1,_
N858D0,_
E790N2,_
N897,N897
Y9232,_
J3910,J391
Z0380,Z038
I7290,I729
M8473,_
V2209,_
V5849,_
N439,_
M458,M458
Z12,Z129
H2593,H259
V480,_
G683,_
I8320,I832
V249,_
A649,A64
V5499,_
J021,_
S3990,S399
N383,_
V245,_
R0603,R060
W268,_
J291,_
Z7230,Z723
M166,M166
W237,_
O88,_
D1731,D173
L0951,_
R24,_
1517,_
R258,R258
T260,T260
Y844,_
Q691,Q691
I120E,_
E861B7,E86
O410O7,_
N1083,N10
E818,_
N083N,_
I500K7,_
S4244,S424
O992O7,_
T008V,_
B005,B005
H19,_
S006,_
M5380,M5380
Z993,Z993
0392,_
H004,_
X5011,_
A358,A35
K2104,K210
E821,_
E114G6,_
J022,_
S6010,S601
L7213,L721
O2300,O230
K940,_
Q050,Q050
S0592,S059
M1814,M181
C156,_
0130,_
1089,_
S304,_
J962,_
J9620,_
5200,_
M8089,M8089
O939,_
M991,M991
M666,_
J91X,J91
N40X,N40
N2100,N210
L7322,L732
M8803,M880
X409,_
K153,_
O8342,O834
G5091,G509
I528,I528
N1544,_
Z4781,Z478
Z689,_
V681,_
K3182,K318
Z238,Z238
K2941,K294
J566,_
M8315,M8315
W307,_
D2410,D24
S9811,S981
0800A0,_
5040,_
W0173,_
V2348,_
X046,_
W0609,_
O617,_
I650,I650
V3499,_
Y079,_
H287,_
H0016,H001
C1,_
M4725,M4725
G32,_
H803,_
L663,L663
M2749,_
M6267,M6267
O896,O896
N389,_
F48,F489
K830A4,_
V98,_
I119N3,_
K407,_
B00,B009
N085Z4,_
A661,A661
M2549,M2549
J139,J13
S9370,_
V92,_
T401,T401
M1599,M159
Q805,_
S201,S201
D99,_
K567I,_
D868,D868
Y492,_
H1192,H119
I578,_
M9898,_
X0499,_
N1813,N181
E236,E236
G543,G543
G520,G520
E114G992,_
B210,B210
F193,F193
K715,K715
A96,A969
E102N08,_
Z30430,Z304
A053,A053
Q750,Q750
Y562,_
X5890,_
H4692,H46
M8809,M880
M7793,M7793
E1438,E143
H3410,H341
Z365,Z365
2383,_
H0500,H050
L123,L123
Z137,Z137
S9104,S910
N39O,_
S750,S750
S751,S751
J9312,J931
H16,H169
Z302O2,_
O410O1,_
O648Z3,_
J4560,_
T134,T134
Z282,Z282
Z3759,Z375
P0081,P008
D3600,D360
R12,R12
E155,E15
N189E,_
O8921,O892
Q5522,Q552
P2339,P233
A57,A57
N4883,N488
K5552,_
T873,T873
K2184,_
A141,_
M6752,_
S8324,S832
4700,_
I4599,I459
N22,_
O327,_
F802,F802
H6131,H613
H6031,H603
X1399,_
D2130,D213
A611,_
K1411,K141
J9590,J959
M6282,M6282
S880,S880
Q651,Q651
M4535,M453
M455,M455
H4211,_
N824,N824
E351,E351
H480,H480
M363,M363
H25P,_
C499M,_
A63,_
2776,_
E158,E15
I909,_
N8502,N850
P641,_
C346,_
B700,B700
E0829,_
I1012,I10
K2920,K292
L0601,_
S0093,S009
169,_
3648,_
M6869,_
V0214,_
H2529,H252
T8190,T819
K4131,K413
I032,_
M1043,M1043
M8032,M8032
Z4802,Z480
X7099,_
W3299,_
C9399,C939
S3094,S309
S0029,S002
O6008,O600
801,_
M2598,M2598
X640,_
A4190,A419
E1102,E110
D3161,D316
I6,_
H9089,H908
S5312,S5312
E059I4,_
J189A1,_
I519E8,_
J939I1,_
E880E8,_
K296D6,_
F43,F439
B169F1,_
S9343,S934
B779B7,_
P239P3,_
I619J1,_
P239P7,_
G959N3,_
R202,R202
E748E1,_
F197,F197
J189A0,_
V0249,_
S151,S151
I167,_
Z8674,Z867
892,_
N185E1,_
M0703,M070
W5590,_
B668,B668
W266,_
A87,A879
O31,_
H2909,_
Y912,_
J319,_
B834,B834
M5338,M533
M7065,M7065
W2780,_
B128,_
N330,N330
K0520,K0520
X5998,_
Y882,_
N390G,_
T366,T366
C8539,_
M3212,M321
C7651,C765
M8501,M8501
Z939,Z939
N034,N034
N026,N026
R688V,_
S010W1,_
H669D,_
N189M,_
N083J,_
S1892,S18
O689O6,_
O990O9,_
I219I,_
B291,_
X6808,_
W2701,_
W2698,_
W1198,_
Y2898,_
C9590,C959
I210I,_
I647,I64
H4389,H438
N0189,N018
O170,_
M4784,M4784
M2010,M201
N5136,_
C4951,C495
D3162,D316
K757,_
M9499,M9499
S4235,S423
R621,_
N2101,N210
M5122,M512
N620,N62
9943,_
K702,K702
M816,M816
K910,K910
N915,N915
T486,T486
H739,H739
M621,M621
A4185,A418
0662,_
P911,P911
N49,N499
N669,_
O319,_
S958,S958
V185,_
K4099,K409
H0533,H053
M9962,M9962
V599,_
T1721,T172
H3544,H354
Z242,Z242
Q261,Q261
S4208,S420
Q5181,Q518
D622,D62
E702,E702
S8262,S826
N057,N057
M8049,M8049
S276,S276
J94,J949
V2449,_
R1110,R11
D3000,D300
0909,_
I1251,_
M4300,M4300
Q563,Q563
E03,E039
A462,A46
N768,N768
0944,_
Z3680,Z368
Z3902,Z390
0740,_
I6932,I693
B799,B79
Q314,Q314
O8310,O831
I62,I629
C005,C005
Y362,_
I119J9,_
W1938,_
G471,G471
E878N2,_
B868,B868
S336,S336
O4100,O410
A162E1,_
I851,_
R046,_
J948C7,_
J189B4,_
H2604,H260
Q8789,Q878
Z1892,_
G429,_
Y1599,_
T511,T511
Z050,_
Z128,Z128
S5611,S561
P380,P38
M0000,M0000
E780E8,_
Q309,Q309
O880,O880
B330,B330
2354,_
T522,T522
S4180,S418
L531,L531
971,_
M9485,M9485
M9486,M9486
C7708,C770
Q749,Q749
S7011,S701
V25,_
S667,S667
I372,I372
H4300,H430
B04,B04
O692O7,_
O141O2,_
W132,_
Y189,_
S803,_
W2203,_
Y3398,_
T865,_
K0920,K0920
S8509,S850
R239,_
Z964,Z964
D105,D105
A429,A429
M8997,M8997
L724,_
I852,_
Z3O1,_
L0252,_
F116,F116
F052,_
R744,_
O46,O469
X4494,_
T445,T445
G9920,G992
M5070,_
I79,_
M68,_
Q5392,Q539
I8722,I872
N989,N989
R23,_
X41,_
N486,N486
Z92,Z929
H361,_
X100,_
D1640,D1640
O9940,O994
J1010,J101
T449,T449
G368,G368
E8678,E86
NSD10,_
M4389,M4389
A052,A052
O3636,O363
O6401,O640
J978,_
X1204,_
N1869,_
C877,_
P162,_
H3691,_
V4959,_
A1693,A169
C63,C639
49,_
K2791,K279
D0410,D041
A112,_
O1091,O109
H0211,H021
I036,_
W0624,_
V3248,_
V495,_
M1898,M189
W1389,_
S9812,S981
S6292,_
W1704,_
Q175,Q175
M9370,_
K273K5,_
N179J,_
Q249B8,_
A162N,_
W0601,_
M9541,M954
N352,_
E411,E41
M6029,M6029
H512,H512
P0733,P073
Q42,Q429
D259M8,_
2K1,_
O12,_
O245,_
G830,G830
C855,_
Q702,Q702
S440,S440
P0714,P071
0008,_
01,_
M1499,_
J326,_
L850,L850
Y350,_
788,_
G4040,G404
1000,_
Y87,_
K348,_
E846,_
H5900,H590
808,_
O0019,O001
N371,_
S9103,S910
S2901,S290
Z390O6,_
H7010,H701
M433,M433
H3305,H330
P542,P542
Q690,Q690
S7130,_
I205,_
O137,O13
D102,D102
Y836,_
F95,F959
H698,H698
V583,_
H3,_
680Z,_
J509,_
M3959,_
L299,L299
52,_
T211T2,_
W1781,_
K1189,K118
0W,_
I6890,_
Q383,Q383
R60,R609
S5235,S523
S8172,S817
Z4912,Z491
N390N2,_
I340I3,_
C500J9,_
J960J1,_
D638B9,_
J985A1,_
Z354O4,_
A162I5,_
B379D6,_
K922K2,_
E878T6,_
E059I,_
Z372O1,_
W0198,_
H3519,H351
H1080,H108
J4595,J459
I505,_
S357,S357
O809ZE70,_
M788,_
M900A1,_
K653,_
S4170,S417
Z4720,_
S6890,S689
Q782,Q782
I6734,I673
K767A1,_
W503,_
O734,_
S0159,S015
P058,_
S4330,S433
S914,_
M216,M216
M4140,M4140
S8199,S819
O382,_
X5809,_
H6630,H663
O691O7,_
D5,_
O623O2,_
E059I438,_
Q278,Q278
N0000,N000
B440J172,_
D382,D382
Z947,Z947
E862E8,E86
O459O1,_
T698,T698
O701O7,_
S986,_
O601O6,_
A0240,_
721KGS,_
7BW20,_
M6295,M6295
M4020,M4020
H5405,H540
H4452,H445
S942,S942
S8361,S836
Z024,Z024
M660,M660
I485,I48
B649,B64
K8067,_
C011,C01
G7001,G700
N6320,N63
J084,_
O827,_
X109,_
H876,_
O87,O879
Q759,Q759
E281,E281
M9181,M918
M8680,M8680
M8561,M8561
D614,_
I313N6,_
0711,_
N0835,N083
Y329,_
O02,O029
H0003,H000
Z8950,Z895
F001,F001
A0600,A060
Z981,Z981
0800Z3Z0,_
6682,_
D805,D805
K3565,_
T977,T97
S8810,S881
I259N,_
H1580,H158
B458,B458
F900,F900
S353,S353
I466,_
Z356O6,_
E112N,_
T837,_
M9698,M969
N351,N351
J404,J40
C201,C20
C8199,C819
O21,O219
L9841,L984
O441O6,_
E0931,_
M89,M899
E28,E289
C4240,_
Z3845,Z384
Z065,_
M2585,M2585
X1109,_
H3491,H349
I1191,I119
Y1983,_
M8437,M8437
V10,_
Q390,Q390
0669,_
T0151,_
C733,C73
O6894,O689
Q714,Q714
K468,_
J85,_
E118I1,_
H0190,H019
H1420,_
C962,C962
Q950,Q950
C963,C963
O6410,O641
T885,T885
C7800,C780
Z3883,Z388
G552,G552
L4050,L405
S7610,S761
D2151,D215
B14,_
Y28,_
L7282,L728
M1992,M1992
A489,_
O073,O073
V785,_
G890,_
X939,_
T719,T71
J062,_
0991,_
T830,T830
E059O1,_
M891,M891
Q959,Q959
S318S3,_
R399,_
D387,_
S6701,S670
B0230,B023
B209B2,B20
J1985,_
K660N7,_
Q211I2,_
V0319,_
K3210,_
I679G469,_
J1893I248,_
Y550,_
S041,S041
77148,_
F301,F301
S405,_
E1364,E136
D60,D609
B549,B54
G49,_
Y210,_
J1714,J171
950,_
V8928,_
N960,N96
I547,_
R93,_
I759,_
L710,L710
J600,J60
1130,_
S275,S275
H5242,H524
H5272,H527
322,_
L282,L282
N981,N981
S352,S352
M8446,M8446
J459\,_
I496,_
1899,_
I100E,I10
P617,_
I248R,_
N4330,N433
J8420,_
R390,R390
E861A9,E86
441,_
410,_
N268,N26
X408,_
G4390,G439
I680,I680
S0909,S090
O8089,O808
N9,_
S0088,S008
I469S,_
W335,_
X781,_
X994,_
S9332,S933
T2230,T223
I117,_
P348,_
M194,_
N643,N643
J6832,J683
I1517,I151
P39,P399
5626,_
5955,_
I239,_
0809I,_
T8319,T831
L6071,_
K378,K37
M205,M205
N64,N649
R332,R33
D178,_
S0202,S020
C034,_
Z9351,Z935
C9100,C910
C6300,C630
N9681,N96
S5204,S520
S4740,S47
M1257,M1257
E93,_
M8641,M8641
27,_
J660,J660
S2800,S280
S8720,_
J81X,J81
J609,J60
Z575,Z575
T1310,T131
M273,_
F129,F129
Z2320,Z232
K19,_
I265,_
P079,_
I755,_
X039,_
S438,_
D3130,D313
J9503,J950
S8130,_
H6520,H652
S9008,S900
R7981,R798
W67,_
D3701,D370
2826,_
K117,K117
S0089,S008
H920,H920
Q554,Q554
W390,_
I990,I99
O8,_
I112,_
Y1199,_
G499,_
3839WKSA,_
N289N0,_
S913S6,_
K659K2,_
E876E0,_
N770,N770
S490,_
M2175,M2175
Q356,_
K802Z7,_
H1640,H164
S29,S299
H1870,H187
I2493,I249
I202,_
Z3804,Z380
L61,_
M6082,M6082
N659,_
J703,J703
P539,P53
Z125,Z125
C216,_
S8371,S837
C5069,C506
Q437,Q437
S5610,S561
O708,_
E8961,E896
K405,_
N0009,N000
K8102,K810
D33,D339
K769N3,_
S7281,S7281
Q349,Q349
G899,_
150,_
I8,_
Y524,_
W0129,_
M994,M994
R824,R824
312,_
F688,F688
V789,_
Z954,Z954
H1030,H103
G94,_
K216,_
T478,T478
M54,M549
T953,T953
M4899,M4899
M2380,M2380
A719,A719
25605,_
Q382,Q382
I224,_
N060,N060
G6450,G64
E71,_
M6074,_
Z654,Z654
N200K7,_
M5140,M514
1438,_
N189A4,_
M1962,_
K2,_
S580,S580
T224,T224
I654,_
Z5,_
V3289,_
Y0098,_
N3900,N390
H5202,H520
0209,_
T8501,T850
N614,N61
E839,E839
M721,M721
K383,K383
R358,R35
K3593,K359
D567,_
T1802,T180
1249,_
O007,_
S6085,S608
S6123,_
1959,_
M6297,M6297
P0503,P050
B238,B238
O0054,_
R2243,R224
S5232,S523
M1632,M163
36S10,_
W139,_
8200,_
A441,A441
B979,_
Y284,_
T1722,T172
R330,R33
B499,B49
C9030,C903
W0229,_
S6491,S649
W441,_
W1948,_
T1590,T159
X89,_
A449,A449
Y359,_
H3111,H311
E1620,E162
E729,E729
V435,_
F204,F204
W039,_
S379,S379
C539D,_
M9671,_
R061,R061
I119E1,_
I219J1,_
Y959,_
G931N2,_
E876I1,_
Z390O7,_
I119E7,_
P369P5,_
S499S8,_
K562J1,_
O357,O357
M4110,M4110
S234,S234
L001,L00
M0591,M0591
M5010,M501
O393,_
S740,S740
S378,S378
K2891,K289
P382,P38
W069,_
A243,A243
B3499,B349
T950,T950
N297,_
W5230,_
B906,_
C514,_
Z3560,Z356
717,_
A85,_
G575,G575
S0182,S018
Y040,_
M9360,_
S0040,S004
F19,F199
J1789,J178
E701,E701
B780,B780
M8016,M8016
M804,M804
T764,_
Y520,_
B852,B852
J449J,_
T926,T926
H259O,_
O663O1,_
O681O4,_
O149O7,_
B659N2,_
E861J1,E86
S9021,S902
V2241,_
B091,B09
L970,L97
P0701,P070
C3499,C349
D541,_
L035,_
J344,_
R927,R92
H125,_
E610,E610
K80D,_
H3023,H302
K244,_
S8255,S825
K340,_
C077,C07
O2411,O241
U319,_
I437,_
H174,_
H444,H444
H3608,H360
P053,_
F878,_
A431,A431
0996,_
M9451,_
Y364,_
5461,_
O173,_
M0636,M0636
F125,F125
T632,T632
J036,_
M8954,M8954
99256,_
B053H671,_
A302,A302
T296,T296
M6291,M6291
Q823,Q823
Q252,Q252
D69,D699
A389,A38
O38O,_
C548,C548
W27,_
P2393,P239
R720,R72
X1903,_
G538,G538
B698,B698
T216,T216
M6218,M6218
J984E1,_
J189J9,_
I119H8,_
A419B0,_
J960B3,_
J960N9,_
K274D7,_
Z0381,Z038
N7711,N771
H5290,_
Z371O1,_
I101E1,I10
T017,_
T474,T474
S0993,S099
43,_
E862E4,E86
X6799,_
Z372O6,_
K273K2,_
R568E,_
L029I8,_
S5071,S507
S7090,S709
V1929,_
D30,D309
Y497,_
K941,_
T1415,T141
G47O,_
X15,_
Q6589,Q658
J121,J121
1633,_
R1904,R190
Z9878,_
C4930,C493
Z435,Z435
Z963,Z963
N540,_
K2461,_
J0389,J038
H389,_
L1,_
F081,_
J53,_
M107,_
E449,_
O374,_
O2O0,_
A840,A840
H53,H539
0983,_
M2410,M2410
O0296,O029
F042,F04
F30,F309
F628,F628
I643,I64
M7946,M7946
M6796,M6796
T807,_
R573,_
J863,_
B3511,B351
L0200,L020
Q105,Q105
I1009,I10
I2501,I250
M6626,M6626
K022,K022
B011,B011
H504,H504
A04,A049
O8010,O801
Z37I,_
M8130,M8130
N628,N62
H6503,H650
P648,_
O0063,_
P06,_
R120,R12
H930,H930
J1490,J14
J65,J65
C8599,C859
N8850,_
M7552,M755
C4430,C443
H5008,H500
M7264,M7264
M6641,M6641
N1351,N135
M4752,_
R192,R192
N844,_
P208,_
V092,_
O673,_
W456,_
S758,S758
R521,R521
V2048,_
H2001,H200
G941,G941
H4711,H471
O906,_
N090,_
Z573,Z573
Z959,Z959
S3151,S315
R968,_
E378,_
K408,_
S0542,S054
L640,L640
M072,M072
W230,_
M1388,M1388
Q421,Q421
R668,_
J640,J64
I1056,I10
K422,_
S251,S251
L89D,L89
C340J4,_
I859R1,_
E860E8,E86
P239Q3,_
O420I5,_
T141W,_
Z370I5,_
S295,_
S253,S253
A598,A598
M1387,M1387
Q998,Q998
A072,A072
M10070,M100
MCPO,_
V390,_
S2790,S2790
T936,T936
Z380N,_
M11,M119
T097,_
T8579,T857
5509,_
I994,I99
I364,_
W0329,_
N452,_
G832,G832
C5610,C56
Z888,Z888
R303,_
M3215,M321
V929,_
Y296,_
D6368,_
Y9299,_
Z161,_
W4969,_
A7290,_
Z62,Z629
S6001,S600
K025,_
V8903,_
T259,_
P0259,P025
P0739,P073
N119I1,_
P073Z3,_
E876R5,_
S013X9,_
O639O1,_
O141O3,_
E861A0,E86
I120D,_
L9290,L929
O689O2,_
S6815,S681
K0477,K047
S56,_
L0881,L088
T1430,T143
Z395,_
L590,L590
S0120,S012
B345,_
M399,_
A872,A872
1049,_
C853,_
N16,_
R939,_
M6645,M6645
O8219,O821
C3491,C349
N672,_
H850,_
D995,_
P222,_
J818,J81
O6589,O658
W801,_
V269,_
P0716,P071
H252SE,_
4400,_
Z181,_
W828,_
A1500,A150
K953,_
3550,_
912,_
M5113,M511
I73,I739
F143,F143
O7202,O720
L432,L432
A3701,A370
Z138Z0,_
N2110,N211
H7080,H708
T0240,T0240
C536,_
S8620,S862
C7806,C780
I8410,I841
Q022,Q02
5318,_
H5791,H579
C228,_
X6599,_
S0551,S055
W1962,_
S5252,S525
I122,_
B681,B681
A579,A57
W214,_
S6266,S626
I1201,I120
W09,_
K532,_
K878,_
C033,_
Q1800,Q180
N2091,N209
M7221,M722
S0107,S010
L0889,L088
N785,_
S7232,S723
S6861,_
J522,_
B818,B818
N8051,N805
Q257,Q257
D25I,_
S062V9,_
S273S3,_
S498X9,_
Z354E0,_
O420O1,_
J828,J82
A419J1,_
K029E1,_
N139N2,_
I420I3,_
S271W1,_
Z4889,Z488
Z0301,Z030
J3811,J381
Y564,_
M5395,M5395
V1349,_
S342,S342
N374,_
I574,_
W009,_
Q901,Q901
Z366,_
L128,L128
E720,E720
M4889,M4889
J1223,J122
P545,P545
Z971,Z971
C20M8140/3,_
F302,F302
A064K77,_
M416,_
M7250,M7250
L9810,L981
C999,_
G635,G635
T679,T679
S9611,S961
N505,_
Y466,_
O428,_
0331,_
K1220,K122
S2400,S240
S0184,S018
K502,_
I248E,_
N139N,_
A010J1,_
I259E1,_
N390A0,_
I120N1,_
V4369,_
J9840,J984
N2812,N281
A4900,A490
O0521,O052
M7389,M7389
W329,_
L8990,L899
T8481,T848
C705,_
D262,_
C3401,C340
K2U8,_
R122,R12
O544,_
C5399,C539
I2551,I255
O8069,_
R658,_
1029,_
N6454,N645
K235,_
M4029,M4029
S035,S035
N5410,_
D063,_
E220,E220
G4736,G473
O0211,O021
F460,_
T1892,T189
F0391,F03
M9714,_
K535,_
C672,C672
K169,_
O027,_
W789,_
Q202,Q202
B041,B04
S489,S489
K581,_
B465,B465
N0801,N080
T800,T800
I1129,_
Q522,Q522
Z497,_
H3089,H308
M926,M926
210,_
O402,O40
M278,_
I931,_
M1534,M153
J857,_
S6541,S654
M9582,M958
S8107,S810
I7310,I731
M4022,M4022
F370,_
S2202,S220
M8458,_
B468,B468
R0989,R098
T1111,T111
O601Z3,_
S8215,S821
M15,M159
N1899,N189
T2120,T212
T2420,T242
W64,_
Z3932,_
X301,_
X3041,_
T6362,T636
G2255,G22
G142,G14
X03,_
X04,_
J3381,J338
N7093,N709
M0598,M0598
S0030,S003
Q160,Q160
H523,H523
W900,_
D928,_
O091,_
K008,K008
I223,_
Y088,_
S4501,S450
Z370D6,_
1509,_
K2289,K228
O244D2,_
Z055,_
I36,I369
K666,_
O141B0,_
D848A1,_
K805D6,_
I700I3,_
V3259,_
W0794,_
Q323,Q323
I119I4,_
F100K7,_
I259E8,_
J984G9,_
J960J4,_
I872N2,_
I519Z3,_
H48,_
K409E1,_
S079,S079
V586,_
W1498,_
K1590,_
X390,_
X586,_
Z612,Z612
W0999,_
X1699,_
Z3892,_
W8099,_
H213,H213
M9804,_
M9803,_
M192,M192
Z3811,Z381
Z823,Z823
N036,N036
T816,T816
G634,G634
V494,_
M6240,M6240
K079,K079
Q333,Q333
M4783,M4783
N942,N942
G929,G92
99234,_
P619,P619
0629,_
M6598,M6598
J693,_
S718,S718
Q720,Q720
E8769,E876
A060E,_
S6188,S618
M3136,M313
N179I,_
P012Z3,_
E790I1,_
L2711,L271
S947,S947
H4030,H403
V1672,_
S70,S709
H407,_
O4210,O421
M5002,M500
O5,_
L220,L22
C544,_
C2080,C20
K654,_
K5181,K518
J083,_
S4440,S444
M8231,_
6960,_
N894,N894
H3360,_
R749,R749
N8332,N833
L0290,L029
M2564,M2564
K695,_
M4906,M4906
P2392,P239
G141,G14
O146,_
H950,H950
K5939,K593
Z3520,Z352
G4081,G408
M055,_
M9594,M959
W348,_
S9409,S940
H6092,H609
N972,N972
S9821,S982
Z8941,Z8941
V398,_
D496,_
C461LIPOSARCOMA,_
C026,_
Z4689,Z468
D636,_
H3222,_
K960,_
E186,_
V2359,_
E676,_
J870,_
M321_N085,_
1839,_
M9833,_
Q678,Q678
D099,D099
T490,T490
S3881,_
M3070,_
T152,_
048,_
F919,F919
T09,T099
S2220,S2220
N769,_
G232,G232
S4172,S417
A517,_
C5539,C55
E8701,E870
S7302,S7302
O637,_
A165D6,_
G568,G568
I619J9,_
O6000,O600
O842Z9,_
B569,B569
S15,S159
R5728,R572
R5723,R572
W2902,_
P601,P60
M9722,_
M8689,M8689
R822,R822
R141,R14
D488,_
Z367,_
I5107,I510
A351,A35
M8857,_
324,_
M7652,M765
V298,_
W0119,_
K8055,K805
M548,M548
Z202,Z202
M6707,M670
T787,_
M9150,_
M7660,M7660
V219,_
M2590,M2590
J922,_
J9482,J948
K6602,K660
F609,F609
O441O9,_
S6350,S635
M2660,_
L0401,L040
R388,_
E700,E700
C198,C19
B3532,B353
W110,_
J741,_
H6602,H660
O0600,O060
W033,_
C303,_
P583,P583
Q205,Q205
A493,A493
58611,_
C564,C56
D2790,D27
C8591,C859
C328,C328
K8312,K831
C554,C55
C071,C07
E443,_
J216,_
L32,_
F49,_
L90,L909
N1811,N181
N678,_
M8407,M8407
Z3901,Z390
H29,_
K592,K592
Q652,Q652
L606,_
S3092,S309
E8770,E877
J21,J219
M944,_
J9110,J91
U110,_
Z4891,Z489
H1082,H108
L664,L664
W2909,_
C611,C61
O3391,O339
W1804,_
I021,_
T0603,T060
H5992,H599
G395,_
C7876,C787
G578,G578
D6498,D649
L0420,L042
K233,_
O35,O359
K587,_
T753,T753
L820,L82
J441A,_
S951,S951
I119F1,_
A5401,A540
O751R5,_
C163J1,_
P0703,P070
B9689,B968
M6281,M6281
Z396,_
0470,_
E893,E893
V524,_
Z364,Z364
S5092,S509
F273,_
W5911,_
L804,L80
S6420,S642
Y285,_
S3520,S352
X496,_
Z8669,Z866
88,_
K034,K034
L145,L14
H6123,H612
C918,C918
4590,_
V381,_
K2916,K291
Y3099,_
W339,_
T0061,T006
M8546,M8546
Z622,Z622
N1890,N189
M9607,M960
V2319,_
W2501,_
Z9484,Z948
A162I,_
I219N,_
O988O2,_
E878N3,_
O680O6,_
N189N0,_
E861N3,E86
N858N8,_
A419P,_
I248N,_
N37,_
G4484,G448
N1391,N139
O0081,O008
T1412,T141
A419NII9,_
B35,B359
S443,S443
W315,_
N51,_
S260,S260
I312,I312
G023,_
E776,_
D992,_
H841,_
D324,_
S392,_
D647,_
4360,_
C279,_
K67,_
K6305,K630
Z439,Z439
C299,_
M4649,M4649
C027,_
R491,R491
D2504,D250
H176,_
S1311,S1311
M6234,M6234
S6020,S602
M4109,M4109
M8087,M8087
H0191,H019
I022,_
R880,_
M315,M315
M1801,M180
K7301,K730
A166,_
S7092,S709
S7310,S731
O052,O052
Z4191,Z419
S6060,_
M4709,M4709
V699,_
Q51,Q519
26950,_
G522,G522
T475,T475
Q409,Q409
F812,F812
H1582,H158
M0890,M0890
S134XXA,_
X9549,_
D649E4,_
V99I1,_
K279B,_
I809N8,_
L986,L986
N8391,N839
A162I1,_
D649B8,_
I109D2,I10
N390E1,_
O001_1,_
V2799,_
E86A,E86
X459,_
W2259,_
G690,_
J154,J154
J162,_
O619Z3,_
I109N1,I10
N083K,_
E116H2,_
S710V,_
T0131,T013
Y658,_
Z037,_
M2167,M2167
D2339,D233
0362,_
S7101,S710
Q0402,Q040
E0S9,_
E869A0,E86
N083E,_
E116E7,_
E862N1,E86
Y61,_
R159,R15
L81,L819
J033,_
M6228,M6228
N7012,N701
K944,_
E1090,E109
T389,T389
Z088,Z088
V2759,_
M8548,M8548
M8707,M8707
R5700,R570
C168,C168
E8760,E876
N906,N906
H9681,_
M2137,M2137
J088,_
G9389,G938
S3191,_
J189I6,_
B059N,_
R900I,_
P025Z3,_
O641O3,_
O9901,O990
W554,_
M177,_
C448,C448
O0920,_
S4430,S443
L210,L210
Z758,Z758
C261,C261
S4242,S424
M8805,M880
F334,F334
M2124,M2124
M733,_
Z383O6,_
I7301,I730
D187,_
H3002,H300
E143_,_
P915,P915
H5020,H502
H5021,H502
J562,_
Q511,Q511
E270,E270
A180T,_
J0140,J014
K3540,_
N390L8,_
51,_
B0701,B07
5814,_
5884,_
5816,_
5795,_
M2587,M2587
M276,_
S6361,S636
Z08,Z089
S7233,S723
E665,_
C8330,C833
J9390,J939
7858,_
H15,H159
W286,_
M6085,M6085
M310,M310
P830,P830
X88,_
M7958,M7958
W1474,_
M249,M249
Q722,Q722
Q5390,Q539
H090,_
P829,_
V110,_
F931,F931
M184,M184
B8999,B89
W249,_
O8299,O829
Y041,_
S6182,S618
P984,_
T141W55,_
P370,P370
M8158,M8158
E895,E895
D301,D301
D137,D137
MDP01,_
A523,A523
M769,M769
A054,A054
Q159,Q159
E143H360,_
O477,_
I119N2,_
J189I1,_
P525,P525
V8998,_
A162D6,_
Q639,Q639
S0108,S010
N017,N017
W3489,_
E672,E672
O202,_
C26,C269
W544,_
M7952,M7952
O86,_
K778,K778
V8269,_
S2121,S212
S9331,S933
G828,_
C541M,_
C5141,_
S5171,S517
I170,_
G512,G512
I6985,I698
V0240,_
K5990,K599
T724,_
S6351,S635
J4890,_
V333,_
E791,E791
Z811,Z811
N278,_
F317,F317
X84,_
D79,_
I668,I668
V1199,_
V470,_
R1220,R12
W2021,_
W3099,_
H903,H903
T112,T112
Z3392,Z33
C115,_
G633,G633
S3710,S3710
A528,A528
K4092,K409
B08,_
P0736,P073
M4119,M4119
B0209,B020
M8151,M8151
D3259,_
Z413,Z413
644,_
Z942,Z942
K747,_
N2167,_
O191,_
Z37C,_
C4001,C400
R30,R309
O494,_
T851,T851
E0822,_
C815,_
T1726,T172
M9881,_
Z246Z1,_
I6780,I678
Z011P1,_
E142NO3,_
J8410,J841
D7311,D731
991,_
M206,M206
A459,_
Z371Z,_
L8999,L899
S7035,_
K647,_
X63,_
L9291,L929
Q845,Q845
K6031,K603
Z440,Z440
O800Z4,_
M7046,M7046
S8891,S889
S8187,S818
S7031,_
S967,S967
Z692,_
T544,_
F04,F04
P857,_
E0,_
S,_
C27,_
O7,_
C629D,_
L8989,L89
I5,_
A162E8,_
G911G9,_
S361Q2,_
S011V9,_
S064V9,_
W3399,_
M321N,_
N289I1,_
T1417,T141
F0001,F0001
C8198,C819
Z010B,_
Z0156A1,_
T375,T375
P279,P279
110,_
V109,_
J452,J452
Z957,_
3810,_
E47,_
J7893,_
G229,G22
G291,_
H1189,H118
J1718,J171
V486,_
I178,_
Q0501,Q050
L0320,L032
S2780,S2780
K3190,K319
I8311,I831
N189N,_
A162C,_
N2892,N289
D649J,_
E049C,_
T457,T457
J1792,_
L894,L89
H1860,H186
C098,C098
F635,_
Z50,Z509
S389,_
T43,T439
E221,E221
I8400,I840
Z380D6,_
P0722,P072
Z0156,Z015
M2595,M2595
S2510,S251
D4801,D480
T11,T119
I129J1,_
K806,_
2470,_
N634,N63
5685,_
K2724,K272
O685,_
D58,D589
Q784,Q784
K2921,K292
R432,R432
C43SKINCARCINOMA,_
V58,_
Y415,_
H2639,H263
L7230,_
Q548,Q548
C4401,C440
W550,_
C637,C637
V134,_
N961,N96
V011,_
Z6382,Z638
T573,T573
Z0372,_
Z0800,Z080
Q5211,Q521
T025,T025
M1782,_
S7642,S764
S757,S757
815,_
816,_
S9831,S983
C671,C671
Q999,Q999
M9704,_
Z729,Z729
D53,D539
I251N,_
J189I3,_
Z20,Z209
K922D6,_
O8920,O892
R568J4,_
Z354O1,_
T0190,T019
V3319,_
V200,_
P0718,P071
S13,_
O873,O873
S441,S441
K395,_
I1019,I10
O8214,O821
V020,_
V240,_
Y21,_
Z39S,_
Z579,Z579
1V2,_
B988,_
Q7282,Q728
P597,_
W607,_
W1403,_
S8671,S867
H088,_
T8112,T811
O692O6,_
F709,F709
Z370O7,_
A069B0,_
I131N1,_
W115,_
I131I,_
Z3740,Z374
E172,_
T8760,T876
1429,_
R8271,R827
D2321,D232
K849,_
Z0157A1,_
A304,A304
MCP02,_
T362,T362
D323,_
C8498,C849
R1084,_
L189,_
I866,_
L0882,L088
L079,_
P0731,P073
J635,J635
R594,_
M9125,M9125
M8508,M8508
B2093,B209
X1899,_
L9881,L988
L8180,L8180
I746,_
C5410,C541
E1142,E114
O942,O94
M8114,M8114
A365,_
P077,_
613,_
M7983,M7983
Z380A6,_
O244N3,_
M6513,M6513
M8853,_
Z380J1,_
K3589,K358
M4305,M4305
Q07,Q079
2G,_
Z0157,Z015
N6310,N63
T92,T929
Z3202,Z320
M863,M863
O203,_
W5,_
R2222,R222
D2510,D251
H6522,H652
K1233,K123
L991,_
Q796,Q796
I8421,I842
845,_
S65,S659
N012,N012
M9270,M927
L760,_
E036,E036
B184,_
V698,_
N2884,N288
E056,_
K5281,K528
D1803,D1803
K2350,_
S412,_
Z4120,Z412
L731,L731
A046,A046
T866,_
D3901,D390
L047,_
K5651,K565
S851,S851
H2010,H201
N3580,N358
S3720,S3720
V436,_
M8621,M8621
Y69,_
Z714,Z714
A1999,A199
Y846,_
Q316,_
M9621,M962
T13,T139
X5849,_
Q428,Q428
M6119,M6119
O0342,O034
K1892,_
F414,_
7019,_
Z722,Z722
T6328,T632
D880,_
G131,G131
W8999,_
S9992,S999
A038,A038
O8212,O821
D376M8,_
R581,R58
G546,G546
O141O4,_
H4060,H406
K5520,K552
D513,D513
O695,O695
M056,_
F118,F118
O9619,O961
B821,_
X5039,_
M625,M625
S0071,S007
S1413,S141
V829,_
L9801,L980
W2272,_
W224,_
Q6100,Q610
T095,T095
O601O4,_
O619O4,_
O756O6,_
I500I,_
T2902,T290
H5200,H520
5335,_
D1802,D1802
J29,_
I854,_
S1893,S18
H64,_
I183,_
C69,C699
H173,_
L900,L900
E413,E41
K5150,K515
Q4011,Q401
K17,_
K262,K262
N315,_
M8971,_
K5014,K501
I0801,I080
M640,_
N891,N891
Z658,Z658
L51,L519
T899,_
2379,_
M61,M619
S862,S862
H3109,H310
M237,_
M264,_
C1870,C187
O922,O922
K922A,_
J0430,_
0679,_
E143F,_
M5210,_
Y99,_
I751,_
S162,S16
M7932,M7932
R859,R859
S840,S840
S5052,_
2135,_
L173,_
N4602,N46
E855,_
L9752,L97
M7522,M752
K7462,K746
M5186,M518
S0050,S0050
I1226,_
T441,T441
P100,P100
Z01212,Z012
M1987,M1987
E904,E90
A4010,A401
I008,I00
H0481,H048
K879,_
C0601,C060
C6900,C690
N865,N86
M9535,M953
X300,_
T404,T404
X680,_
M8838,_
I047,_
M7051,M705
Q22,Q229
7619,_
T1591,T159
M364,M364
M4326,M4326
D326,_
L985,L985
N0834,N083
D6388,D638
4599,_
K5677,K567
I2539,I253
S3602,S360
W2092,_
S9225,S922
W2791,_
M1311,M1311
S7114,S711
E166,_
K931,K931
O087,O087
M0061,_
I1110,_
H1002,H100
P0269,P026
W1309,_
W1903,_
S8301,S830
S3131,S313
S5292,S529
247,_
S9342,S934
O064N,_
E116F,_
N189K8,_
I7311,I731
7718,_
I50D,_
D1434,D143
C324,_
D3470,D34
R938,R938
O071,O071
W751,_
S2208,S220
6C1,_
D998,_
O1593,O159
N229,_
V420,_
7921,_
0250,_
M2011,M201
J3411,J341
R269,_
H5201,H520
L568,L568
B551,B551
T136,T136
M2428,M2428
M087,_
T860,T860
Z002,Z002
W1980,_
N25,N259
W1001,_
M6587,M6587
M7090,M7090
R146,R14
O403,O40
E8785,E878
H325,_
M6784,M6784
S048,S048
H2151,H215
L121,L121
E070,E070
O3211,O321
W763,_
M2363,M2363
V9199,_
N0833,N083
M7261,M7261
0869,_
M2583,M2583
B027,B027
T318,T318
M7799,M7799
T022,T022
I340A1,_
N289J1,_
Z302H4,_
D3748,D374
J459I1,_
L605,L605
M8987,M8987
X1792,_
M8449,M8449
T1491,T149
W2993,_
B051J171,_
N022,N022
Z3005,Z300
9403,_
H759,_
R873,R873
Q721,Q721
V232,_
O740,O740
681,_
S638,_
I939,_
I872M,_
Z152,_
R878,R878
G374,G374
S6104,S610
S6124,_
M2586,M2586
O6878,_
K6100,K610
Q6680,Q668
S4312,S431
N139A,_
E790E8,_
O629O9,_
D638N,_
M000,M000
M8385,M8385
G821,G821
M8588,M8588
Y2893,_
H66,H669
V090,_
E81,_
R006,_
E2282,E228
D5310,D531
C5291,C52
T864,T864
S0055,S005
C1198,C119
E01,_
N6489,N648
C1860,C186
0714,_
S8359,S8359
H591,_
J3342,_
J115,_
I1390,I139
S4590,S459
F171,F171
M8414,M8414
Q661,Q661
A19,A199
H4121,_
L072,_
C757,_
A269,A269
D6181,D618
M8417,M8417
S9001,S900
Z315,Z315
S5000,S500
Q217,_
S9770,_
S6831,S683
223,_
Q20,Q209
S5236,S523
Q6800,Q680
S8252,S825
W1582,_
W1741,_
W1978,_
C1896,C189
N3591,N359
A1810,A181
M4052,M4052
S6331,S633
K204,K20
X1751,_
432,_
H1605,H160
S7100,S710
M6506,M6506
E4870,_
N1888,N188
M2004,M200
Y593,_
W36,_
S070,S070
O445,_
08O0,_
0S,_
Z3280,_
S3689,S368
A060A,_
Z4921,Z492
Q039E3,_
K800K8,_
Z370B8,_
I412,I412
M8191,M8191
I498F1,_
I200N2,_
J960I4,_
P011P5,_
X6949,_
O7581,O758
S9310,S931
T007,_
H031,H031
E857,_
D4639,D463
S7930,_
S280,S280
S572,_
R01,_
K7039,K703
J044,_
X119,_
Z01207,Z012
A089,_
A564,A564
M6522,M6522
12354,_
12346,_
B583J173,_
Z0151A1,_
Z0151B1,_
E200,E200
Z500,Z500
S6268,S626
0142,_
A098,A09
N2546,_
E8766,E876
T785,_
L419,L419
T1470,T147
K5291,K529
K4690,K469
M6254,M6254
A98,_
Y3483,_
D638K,_
G6350,G635
S1181,S118
W5498,_
Y2803,_
H5700,H570
M223,M223
P803,_
D2400,D24
E192,_
K5701,K570
O9983,O998
F719,F719
H439,H439
D1600,D160
T1471,T147
9110,_
S6611,S661
M55,_
M9681,M968
Q266,Q266
C220\,_
Z3862,Z386
Z371P9,_
C8589,_
H259I,_
W208,_
O036Z3,_
S726,_
J369,J36
T069,_
S8691,S869
Z3039,Z303
E121,E121
X17,_
C856,_
K8592,K859
X3199,_
S8570,S857
A561,A561
O1,_
Q5311,Q531
X2699,_
W1189,_
A769,_
D384,D384
O0334,O033
S502,_
O342O1,_
G5630,G563
5401,_
M0810,M0810
C142,C142
I124,_
R482,R482
M2485,M2485
S9313,S931
D31,D319
K3173,K317
L507,_
I322,_
K724,_
B2,_
C6113,C61
L86,L86
O9801,O980
Q055,Q055
Z0151,Z015
L829,L82
J525,_
T5490,T549
M1403,M140
S1412,S141
O8021,_
K2734,K273
B8201,B820
O809Z370Z39,_
A061E861,_
G452,G452
Z163,_
H2597,H259
Q38,_
M4134,M4134
H0110,H011
L9101,L910
W749,_
D6384,D638
M5126,M512
V3749,_
M154,M154
R6250,_
S656,_
O141O,_
N928,_
S028V9,_
K460D1,_
Z408,Z408
G531,G531
Z371O6,_
W7994,_
S332,S332
0841,_
O3240,O324
V2709,_
Z4789,Z478
M964,M964
S1400,S140
S4214,S421
V680,_
G502,_
V434,_
B659K,_
P042,P042
Z3725,Z372
W1000,_
Q2110,Q211
H7089,H708
K6704,K670
W8709,_
S025XXA,_
Z514,Z514
H265,_
M7080,M7080
R541,R54
Y883,_
W3072,_
M6742,M6742
N287,_
G5602,G560
C678,C678
K097,_
H2648,H264
B2039,B203
D7323,D732
R401,R401
P25,_
M635,_
M1221,M1221
A180M0,_
E7801,E780
I8479,I847
H494,H494
Z9111,Z911
T8401,T840
H5043,H504
A152N1,_
Z003,Z003
F513,F513
K899,_
M9665,M966
G592,_
Q2401,Q240
E253,_
H8050,_
W1379,_
K5652,K565
H1132,H113
M7048,M704
M7747,M7747
T2331,T233
Z3506,Z350
S839,_
V42,_
O1892,_
W193,_
S6719,_
K665,_
J0650,_
W3126,_
V0499,_
Q748,Q748
E26,E269
D044,D044
M2444,M2444
S3201,S3201
X600,_
L234,L234
S0440,S044
R0602,R060
D442,D442
K71,K719
T443,T443
A049E861,_
Z302J4,_
Z300Z3,_
X609,_
D649I1,_
T887N3,_
W0499,_
M3072,_
M7629,M7629
B973,B973
0985,_
I507,_
P0171,P017
S0604,S060
U021,_
Z3443,_
Q174,Q174
0Z4,_
T421,T421
S603,_
J1983,_
Q667,Q667
O365O6,_
O622O7,_
O990O2,_
D049,D049
O641Z3,_
D649G7,_
N139I,_
K922K,_
O619O7,_
C423,_
S8331,S833
M053,M053
K373,K37
K549,_
P283,P283
M9791,_
K5710,K571
G394,_
H556,H55
K8080,K808
E6D,_
F359,_
J465,J46
I0219,_
Z9601,Z960
1714,_
H4200,H420
K192,_
U179,_
N282,_
P374,P374
F122,F122
H256,_
4620,_
H,_
D6959,D695
N220,N220
E1360,E136
F400,F400
S064X0A,_
O2342,O234
4A,_
I999,I99
F110,F110
I1498,_
0340,_
M2468,M2468
T9410,T941
G4539,G453
I2020,_
N1891,N189
W2600,_
S6513,S651
H1122,H112
H0289,H028
H2102,H210
B0111,B011
L0292,L029
W1700,_
H4490,H449
T597,T597
L4052,L405
Z3951,_
R011,R011
V210,_
J179,_
M9104,M910
A540,A540
6403,_
M8964,M8964
O62O,_
W2697,_
V581,_
H2582,H258
Z3425,_
J887,_
I109I,I10
Z990,Z990
M2556,M2556
Y3299,_
X595,_
M3310,M331
B17,B179
G02,_
M2406,M240
S5510,S551
G693,_
C5613,C56
E810,_
M8143,M8143
F401,F401
S145,S145
M630,M630
C505,C505
M7820,_
Z370Z9,_
X1403,_
V0344,_
W1992,_
X45,_
O0904,_
J279,_
E116I1,_
O441O2,_
O689O9,_
N7091,N709
M2418,M2418
C1101,C110
E8301,E830
M8898,M8898
P092,_
M5141,M514
R9,_
C5040,C504
H6182,H618
Y533,_
L421,L42
M676,_
P992,_
M324,_
L763,_
C345,_
C593,_
J2640,_
K1317,K131
N778,N778
M7667,M7667
H4772,H477
T1818,T181
C2210,C221
C333,C33
M8644,M8644
O2452,_
H3141,H314
B050G051,_
E113N083,_
A370J170,_
O809O150,_
P369Z380,_
99462,_
M7590,M759
C873,_
0634,_
G1899,_
M4342,M434
O339O,_
M2139,M2139
M2597,M2597
A662,A662
R318,R31
D337,D337
M832,M832
M1792,M179
M8925,M8925
W2401,_
M4619,M4619
Y95L8,_
R090A8,_
V3814,_
C4361,C436
W446,_
D012,D012
G149,G14
V8989,_
S0041,S004
0101,_
X9988,_
Z3380,Z33
Y209,_
O041,O041
N8392,N839
D6288,D62
M98,_
I859K2,_
D75,D759
I109D4,I10
C480C1,_
D259Z3,_
M1196,M1196
Y449,_
98,_
V2309,_
N4704,N47
M72,M729
S1280,S1280
L179,_
T674,T674
L9102,L910
M9195,M9195
Z3124,Z312
F115,F115
S79,S799
X993,_
R179,R179
Y5,_
G735,G735
M420,M420
W2772,_
S7103,S710
L0210,L021
T876,T876
G241,G241
D974,_
D638E,_
X5599,_
H752,_
R050,R05
H463,H46
H4423,H442
W3102,_
O3368,O336
L726,_
E721,E721
G3184,G318
M1457,M145
H50,H509
C6T,_
H5231,H523
A2680,A268
I199,_
C869,_
M9550,M955
V84,_
O0821,O082
G4030,G403
Q821,Q821
Q689,_
T1450,T145
M0115,M0115
L0590,L059
C4000,C400
H5980,H598
C38,_
S7243,S724
I129B1,_
J189D5,_
N261,N26
J155,J155
D492,_
Z8712,Z871
Q121,Q121
M5750,_
M8926,M8926
H8380,H838
H9191,H919
K671,K671
B020,B020
M8646,M8646
S1210,S1210
S749,S749
S0145,S014
M823,_
M7662,M766
V8949,_
E1242,E124
E320,E320
31500,_
C679M8050/3,_
J242,_
B588,B588
N470,N47
G4700,G470
S0129,S012
M5919,_
888,_
S303,_
S5990,S599
P0315,P031
Z355N9,_
H630,_
T026,T026
A100,_
S099V,_
Q505_1,_
S6570,S657
W8708,_
S8111,S811
W195,_
K722,_
Z113,Z113
O7990,_
D736,_
Z400,Z400
Y0009,_
S0781,S078
O2340,O234
E301,E301
N8,_
I984,_
M9013,M9013
I148,_
T044,T044
O1493,O149
S9280,_
X5929,_
V0929,_
Z356O1,_
N179M,_
S5651,S565
O100O7,_
O750O6,_
O699O1,_
A762,_
A30,A309
F70,F709
O22,O229
P638,_
1055,_
H4313,H431
N9408,N940
N4400,N44
D2141,D214
I5001,I500
K4402,K440
K540,_
R41,_
C3459,_
U800,U800
M859,M859
L781,_
I392,I392
E358,E358
M7136,M7136
B358,B358
P0518,P051
M2331,M2331
S6860,_
S6601,S660
0388,_
S6262,S626
T281,T281
R4184,R418
A650,A65
K689,_
M9891,_
W1762,_
V1804,_
H2021,H202
0901,_
D1712,D171
D498,_
G5000,G500
C12SINUNASALCARCINOMA,C12
O700Z,_
Y577,_
O781,_
K1231,K123
W0193,_
N9389,N938
N6451,N645
Z8530,Z853
C509M8,_
K548,_
X9909,_
P833,P833
S152,S152
W70,_
Q6882,Q6882
L9220,L922
L5700,L570
5382,_
AAAA,_
E240,E240
Q271,Q271
S493,_
Q101,Q101
S159,S159
K831K8,_
O441D2,_
J8192,J81
V0208,_
N644,N644
V887,_
O1495,O149
N838_1,_
E20,E209
789,_
J293,_
I184,_
S2899,_
L7390,L739
K442,_
E1453,E145
M2334,M2334
Z392Z,_
M9620,M962
P696,_
K787,_
M6700,M670
Z9999,Z999
S414,_
N983,N983
Q249Q9,_
I2548,I254
K939,_
A1690,A169
M8230,_
M1313,M1313
S8690,S869
L2590,L259
M9548,M954
T8750,T875
Y3498,_
Y3491,_
Q5050,Q505
O491,_
H4391,H439
G5680,G568
4405,_
K832,K832
G446,_
Q199,_
Q849,Q849
W2998,_
S5330,S533
H3607,H360
H932,H932
K2591,K259
M4860,_
C095,_
5435,_
M8221,_
O08,O089
Z21,Z21
F388,F388
Z3098,Z309
W798,_
S9970,S997
M6542,M654
M6624,M6624
N79,_
I734,_
O7002,O700
I5822,_
W1004,_
D491,_
F219,F21
T294,T294
R063,R063
C5393,C539
2388,_
L906,L906
I8780,I878
O8231,_
R450,R450
N294,_
349,_
N2839,_
I8020,I802
Z3470,_
Y388,_
K7501,K750
80O,_
H6641,H664
I5110,I511
S150,S150
V370,_
D1770,D177
I12O,_
Y514,_
M767,M767
F158,F158
M1929,M1929
P793,_
M741,_
H571,H571
V30,_
S2410,S241
1190,_
D393,_
Z3564,Z356
M5486,M5486
729,_
A271,_
O4,_
S541,S541
S5671,S567
L741,L741
Z767,_
K926,_
V39,_
S3729,S372
G460,G460
K414,K414
W129,_
L895,L89
V93,_
L0282,L028
E1129,E112
R189,R18
K7691,K769
S9780,S978
I464,_
T2301,T230
S7982,S798
E680,E68
M7940,M7940
I383,I38
H59,H599
M2156,M215
S2580,S258
C4428,C442
M907,M907
I549,_
C6960,C696
D453,D45
T8414,T841
H7520,_
O639O3,_
X26,_
R231,R231
010,_
Q875,Q875
321,_
C7230,C723
S0512,S051
S0053,S005
N8311,N831
I1509,I150
N198,N19
Z138Z,_
C39,C399
M7960,M7960
O2821,O282
C691,C691
Q123,Q123
N2950,_
M4398,M4398
F198,F198
V498,_
V846,_
E801,E801
S760,S760
T781B,_
V041,_
O904,O904
D3529,D352
A48,_
C90O,_
P133,P133
O420O6,_
P251Q7,_
J189K9,_
C509C,_
H49,H499
Z540,Z540
O40O3,O40
Z302J1,_
E059E0,_
E065,E065
S6309,S6309
G722,G722
D649Z513,_
E670,E670
M8155,M8155
Z0151A2,_
C859M9591/3,_
00013,_
M7979,M7979
M8709,M8709
T9232,T923
B0189,B018
M1695,M169
G06,_
C5209,C52
P301,_
Q424,_
M410,M410
T2009,T200
M8408,M8408
M3490,M349
E285,_
H4403,H440
Y158,_
A58,A58
0992,_
Q818,Q818
D427,_
0337,_
N182M,_
E7810,E781
V3099,_
Y3493,_
M9482,M9482
D032,D032
X0199,_
O3010,O301
S3721,S3721
F606,F606
S6660,S666
T2429,T242
T3121,T312
Y598,_
C913,C913
K981,_
B368,B368
D581,D581
K541,_
L574,L574
I109CR01,I10
V1149,_
I969,_
164,_
C955,_
K1299,_
Q655,Q655
V402,_
0379,_
M9281,M928
O756O9,_
T8100,T810
R78,R789
M5590,_
31,_
J4521,J452
M8425,M8425
S9691,S969
W2608,_
L9230,L923
M7220,M7220
D29,D299
J4495,J449
D6859,D685
S9281,_
E244,E244
N3838,_
I732,_
H109H0,_
V809,_
H8190,H819
Y0799,_
Z616,Z616
M0586,M0586
Z9732,Z973
M8683,M8683
N661,_
M9605,M960
A2,_
J9859,J985
K8612,K861
M3111,M311
C9201,C920
T0220,T0220
T400,T400
S5680,S568
699,_
N8050,N805
T030,T030
E1031,E103
H266,_
S5650,S565
S5980,S598
D43,D439
N8092,N809
Q984,Q984
M4327,M4327
Z0141CL,_
Z753,Z753
C12,C12
V7309,_
B64,B64
D2820,D282
C6138,C61
D045,D045
W513,_
6A,_
8807,_
Q187,Q187
N884,N884
S3281,S3281
Z354O2,_
V992,_
K1480,K1480
V589,_
W0399,_
W0708,_
M9999,M9999
A724,_
S50,S509
K391,_
V5399,_
I5030,_
M7636,M763
C818,_
P0301,P030
N24,_
G5001,G500
N185Z,_
L964,_
I478,_
I217,_
M366,_
M4149,M4149
W169,_
S292,_
R2000,R200
Z4582,Z458
R059,R05
K7701,K770
W859,_
Z698,_
O620O7,_
G0401,G040
S2991,S299
D391I1,_
O601O2,_
O680O4,_
M7050,M7050
H0231,H023
L871,L871
Q540,Q540
K8031,K803
Z4590,Z459
G044,_
Q2429,Q242
J260,_
J9809,J980
W300,_
H3202,H320
N6000,N600
M8097,M8097
S3643,S364
S3653,S365
N147,_
M9072,M9072
Q79,Q799
J210,J210
8231,_
H8189,H818
D2590,D259
T8612,T861
N1845,N184
I251I,_
N8520,N852
K1123,K112
G970,G970
W1303,_
Y219,_
S330,S330
K1301,K1301
T984,_
X760,_
W29,_
N571,_
D730,D730
S111,S111
M3674,_
5527,_
O0694,O069
T178,T178
B263,B263
O9809,O980
L506,L506
I2199,I219
S6841,S684
1250,_
H2411,_
S3231,S3231
M2346,M2346
C541M8380/3,_
M0093,M0093
M5324,M5324
K834,K834
A34,A34
A0000,A000
99436,_
V2098,_
W5031,_
P714,P714
X0448,_
I109O2,I10
R0609,R060
94,_
K3539,K353
V5899,_
T1408,T140
I365,_
M2116,M2116
M3500,M350
M4882,M4882
V6999,_
R5800,R58
N073,N073
X9908,_
M1980,M198
M1037,M1037
H6903,H690
I981,I981
H8111,H811
W316,_
C863,C863
L9772,L97
Q128,Q128
M9122,M912
H4123,_
S0559,S055
I84A,_
M0707,M0707
S252,S252
P21,P219
L413,L413
D299,D299
Q840,Q840
E275,E275
S375,S375
O279,_
R944,R944
F034,F034
202,_
M8985,M8985
M9300,M930
A1800,A180
M9523,M952
M8443,M8443
S0411,S041
Z7952,_
S6234,S623
S6305,S630
L973,L97
Z8380,_
Y290,_
C91ACUTELYMPHOBLASTICLEUKEMIA,_
W0930,_
W79,_
W1901,_
I704,_
2424,_
O8099,O809
W192,_
D038,D038
639,_
J459Z3,_
X16,_
O713Z3,_
P340,_
O3280,O328
S278S2,_
S365S3,_
E059R5,_
S278S3,_
S018V9,_
I711N2,_
S299S2,_
X690,_
B139,_
Y55,_
R5704,R570
I247,_
N01,N019
V2240,_
035,_
B879,B879
G200,G20
T7971,T797
V277,_
X5949,_
Z382SINGLELIVEBORNINFANT,_
Y418,_
V394,_
M9983,M9983
I68,_
A370J17,_
59405,_
M7151,M715
I6391,I639
Z139Z0,_
C141,C141
Q6501,Q650
Z093,Z093
Z889,Z889
Z925,Z925
M5409,M5409
S3180,S318
O140O9,_
M656,_
O641O9,_
Z53,Z539
0827,_
O6810,O681
K891,_
S7631,S763
C5398,C539
H8109,H810
H4622,H46
E9611,_
S8982,S898
V2340,_
K948,_
O446,_
D1771,D177
W3163,_
C2531,C253
L501,L501
H3605,H360
M7609,M7609
D35,D359
5360,_
M8270,_
C622,_
G550,G550
W4,_
J6309,J630
E14E,_
H1842,H184
0618,_
S4610,S461
M3320,M332
N1100,N110
C676,C676
Y424,_
T8219,T821
A0699,A069
W56,_
P0811,P081
C461SARCOMA,_
C416SARCOMA,_
Q183,Q183
Q842,Q842
V3799,_
D3611,D361
K0461,K046
N621,N62
F079,F079
M4857,M4857
H740,H740
N71,N719
T942,_
D4877,D487
S577,_
S8292,S829
M9230,M923
S255,S255
O823,_
M069J1,_
M9014,M9014
W5103,_
J189E4,_
G931I8,_
V2229,_
C3489,C348
Y141,_
I7799,I779
W1302,_
Q185,Q185
S9051,_
C735,C73
U362,_
O131,O13
S413,_
P42,_
Y935,_
M9090,_
Q3793,Q379
P064,_
M1799,M179
B040,B04
N179A0,_
T480,T480
A962,A962
P2211,P221
H1099,H109
S633,S633
M8685,M8685
K6501,K6501
I559,_
M2552,M2552
M7052,M705
W2008,_
L070,_
M2562,M2562
9M6,_
M8996,M8996
W1040,_
0665,_
E1116,E111
054,_
G6280,G628
O155,_
H4712,H471
S94,S949
H2040,_
K3590,K359
D831,D831
M9831,_
D77,D77
Y95C1,_
M4135,M4135
M613,M613
M2012,M201
L8400,L84
L701,L701
O3638,O363
H528,_
I1993,_
L0323,L032
5624,_
B473,_
T1241,T12
M2547,M2547
B9561,B956
L0410,L041
D255,_
M01X1,_
S3900,S390
I873,_
M217,M217
E0429,E042
M7861,_
H5005,H500
T2222,T222
D036,D036
G445,_
L0222,L022
W0614,_
W1409,_
I989,_
S76,_
P654,_
9209,_
J0696,J069
S1109,S110
M178,_
F02,_
S567,S567
J960I1,_
J05,_
K291D6,_
W1398,_
V3359,_
O244B1,_
O420B0,_
K221E7,_
C418,C418
L808,L80
X9901,_
O161,O16
S8010,S801
B0521,B052
71,_
F789,F789
N580,_
J193,_
N176,_
E572,_
O261,O261
E591,E59
Z097,Z097
D583,_
Z1398,Z139
Z380Z1,_
0235,_
X5961,_
W2209,_
M7531,M753
W8499,_
H1032,H103
S3120,S312
S0920,S092
T347,T347
Q189,Q189
H948,H948
H1680,H168
L935,_
N474,N47
73,_
H5382,H538
Z9471,Z947
M450,M450
I2602,I260
K173,_
M6026,M6026
N4340,N434
S4600,S460
D3160,D316
O112,O11
H2652,_
J937,_
E11L9,_
Z690,_
S018W2292,_
M0045,_
G934E90,_
5522,_
R103,R103
V493,_
A779,A779
S0031,S003
D2102,D210
M6525,M6525
M248,M248
P511,_
N963,N96
Z4661,Z466
N3289,N328
S6203,S620
T059,T059
M2616,_
Q5391,Q539
T7116,T71
G0220,_
W2292,_
T571,T571
L978,L97
R480,R480
Q701,Q701
M7115,M7115
T8491,T849
S890,_
D057,D057
J140,J14
G3096,G309
Z286,_
W85,_
E750,E750
Z3930,_
G73,_
S5401,S540
C259C,_
T740,T740
Z530,Z530
V260,_
Z740,Z740
P041,P041
W2552,_
J960I,_
N139E1,_
B779N3,_
H4601,H46
N7640,N764
L231,L231
L04,L049
I8090,I809
H248,_
H0453,H045
M3595,M359
5803,_
Q05,Q059
5570,_
G034,_
Y464,_
Q533,_
B481,B481
Z264,_
W1939,_
D2491,D24
H7290,H729
Z615,Z615
M9825,_
Z183,_
C002,C002
I338,_
C4139,C413
M7265,M7265
X1209,_
W0158,_
K366,K36
S5692,_
I6901,I690
R5383,R53
S6792,_
H2182,H218
Z370I0,_
G931J1,_
O141H0,_
J189I,_
R795,_
G969G0,_
E059J4,_
J3842,J384
Z0382,Z038
I8469,I846
T1422,T142
S0206,S020
12043,_
C152,C152
B344,B344
A689,A689
M8500/3,_
G321,_
F32,F329
T1720,T172
8221,_
N460,N46
X9699,_
K412,K412
9942,_
J1200,J120
P0090,P009
M9130,M9130
C313,C313
Y950,_
O132,O13
Q393,Q393
S6826,S682
S3112,S311
Y294,_
Y3409,_
O654O1,_
V283,_
I6090,I609
S725,_
S7235,S723
1609,_
2155,_
Z979,_
O992D2,_
E8601,E86
Z0010,Z001
L442,L442
5022,_
S0219,S021
M8637,M8637
K882,_
T388,T388
A43,A439
E112NO8,_
L0109,L010
J3871,J387
H3221,_
H1782,H178
H0002,H000
A870,A870
Y0451,_
T8101,T810
2369,_
Z9884,Z988
F62,F629
M888,M888
R858,R858
C891,_
O7582,O758
I296,_
I41,_
I6783,I678
N0853,N085
F0210,F0210
C861,C861
P54,P549
S5214,S521
R0290,R02
X86,_
C265,_
M8381,M8381
H534,H534
C6541,C65
C7990,C799
Q76,Q769
R0981,R098
H4419,H441
H281,H281
T569,T569
S0570,S057
F038,F03
H4019,H401
E24,E249
O270,_
X590,_
S0602,S060
N296,_
T240Z,_
T381,T381
S046,S046
A812,A812
Z010C,_
J697,_
N929,_
8089,_
H8101,H810
S2010,S201
A505,A505
I520,I520
I639J9,_
S712,_
M2504,M2504
O416,_
O843,_
E8361,_
Z986,_
S2650,_
A511,A511
J231,_
R47,_
P99,_
O950,O95
O3403,O340
T5091,T509
K104,_
R2381,R238
M6514,M6514
K071,K071
I949,_
E7119,E711
A17,A179
X588,_
C619,C61
I053,_
D833,_
I40,I409
4259,_
E134,E134
M1966,_
O133,O13
D6481,D648
M3590,M359
O313,_
Y354,_
C12SINONASALCARCINOMA,C12
A976,_
Z9886,Z988
V571,_
M695,_
O072,O072
338O,_
Z631,Z631
G466,G466
W183,_
S6224,S622
0054,_
O216,_
W541,_
S564X,_
J189G9,_
O654O8,_
G935I1,_
H3190,H319
M7189,M7189
S9092,S909
O6,_
V4899,_
T073,T07
M5312,M5312
E971,_
Z983,_
V424,_
Z735,Z735
M7020,M7020
C4461,C446
O1411,O141
D2212,D221
O141O9,_
I120N,_
I500K,_
X299,_
M9384,M9384
A514,A514
P0508,P050
5820,_
D0592,D059
H1611,H161
H366,_
H133,H133
S3411,S341
S8223,S822
K2971,K297
W0144,_
Z248,_
B609,_
T049,T049
Q515,Q515
S96,S969
M8564,M8564
I895,_
I6201,I620
S8609,S860
O8297,O829
B87,B879
T2502,T250
S235,S235
I219G9,_
G932I6,_
I109N2,I10
I861N2,_
K703J1,_
K703C2,_
Z355O8,_
V5769,_
P590P3,_
P3,_
E119I4,_
D503,_
X991,_
Z637,Z637
Z532,Z532
Z3370,Z33
D649N1,_
O756O3,_
O990O7,_
S5262,S526
L3092,L309
E0790,E079
L9771,L97
S240,S240
P044,P044
P322,_
H3492,H349
M1641,M164
N417,_
P964,P964
S3992,S399
S5256,S525
M9390,M9390
S2880,_
0860,_
5384,_
S6171,S617
I8403,I840
N3506,N350
1243,_
N2989,N298
S8271,S8271
D3918,D391
M6600,M6600
I7211,I721
T8682,T868
T133,T133
M8708,M8708
S158,S158
W3444,_
P016,P016
V4719,_
W5299,_
M922,M922
P963,P963
I9596,I959
M7661,M766
Y641,_
O640O7,_
O756O1,_
M1920,M192
F074,_
G209,G20
S9049,_
Y2698,_
Y3488,_
J951,J951
T283,T283
B3780,B378
H459,_
O0337,O033
N7003,N700
O8420,O842
0641O1,_
H0521,H052
M7190,M7190
G972,G972
M3010,M301
N4402,N44
S075,_
S3994,S399
O3210,O321
C967,C967
D2230,D223
J439D6,_
N179N,_
L784,_
N204,_
T701,T701
I856,_
N1310,N131
M6791,M6791
M2000,M200
W840,_
I942,_
G17,_
H690,H690
Z448,Z448
L578,L578
H4710,H471
O0620,O062
D985,_
M9691,M969
H904,H904
M149,_
W1944,_
F9001,F900
1479,_
H7292,H729
H918,H918
K842,_
O034Z3,_
A08,_
H343,_
Q781,Q781
M2502,M2502
H290,_
A470,_
M8599,M8599
Z829,_
H2542,_
5824,_
P2370,_
M266,_
T2102,T210
S394,_
S3984,S398
K2951,K295
O8221,O822
O9120,O912
S512,_
L200,L200
P220P3,_
D658,D65
G472,G472
G6309,G630
H1589,H158
Y2809,_
L298,L298
O042,O042
418,_
M4989,M4989
D6398,_
O844,_
V2099,_
Z534,_
Z1439,_
M8886,M8886
M162,M162
J1990,_
A1830,A183
Z9181,Z918
Q7163,Q716
A0960,A09
I129E,_
W1472,_
W2579,_
Q718,Q718
Q723,Q723
O489,O48
O105,_
M8436,M8436
5064,_
Q789,Q789
Z3823,Z382
O689Z3,_
O459O7,_
Z788,_
N189NII9,_
S6980,S698
B045,B04
J0309,J030
S0007,S000
V763,_
D3651,_
M7961,M7961
M7941,M7941
R173,R17
B42,B429
S3671,S3671
M2402,M2402
M8043,M8043
M8558,M8558
W5399,_
H4390,H439
Z380Z6,_
M0111,M0111
T8270,T827
S17,S179
G3,_
Q291,_
T8771,_
D1630,D163
M9262,M926
M4125,M4125
X93,_
981,_
L269,L26
M605,_
K5573,_
H0609,H060
Z203,Z203
W0931,_
V380,_
W4909,_
E762,E762
A162TUBERCULOSISOFLUNG,_
V2242,_
O9000,O900
0323,_
T2330,T233
T1302,T130
0301,_
S3934,_
0805,_
K302,K30
D1291,D129
M6103,M6103
F4001,F4001
K279D5,_
N840D6,_
Z370J4,_
S563X9,_
L93,_
C832,C832
K2510,K251
S6304,S630
T141WS4,_
4454,_
4455,_
D2261,D226
D031,D031
O3230,O323
S6022,S602
J739,_
M1949,_
S5701,S570
C788P3,_
X198,_
Q7160,Q716
W0704,_
T8132,T813
A0993,A099
N9590,N959
L037,_
S6781,S678
S6501,S650
N1118,N111
D536,_
X8999,_
R260,R260
K04,K049
M2516,M2516
N9509,N950
D2599,D259
K5110,K511
K1311,K131
K955,_
B58,B589
M2349,M2349
M9372,_
S6232,S623
U35,_
S8329,S832
Q020,Q02
K8311,K831
M9684,M968
Q729,Q729
H1590,H159
M1918,M1918
C93,C939
O631O3,_
C565,C56
2C,_
O1592,O159
CR0037,_
MCPOI,_
T8410,T841
Q206,Q206
R19O,_
C4090,C409
P575,_
H2190,H219
H4083,H408
M14,_
I163,_
S1990,S199
I71,I719
C132,C132
J3421,J342
C5093,C509
C846,C846
G523,G523
Z301Z,_
D217,_
X74,_
E076,_
V64,_
C102,C102
W30,_
N797,_
S6122,_
M9191,M919
S69,S699
2393,_
O184,_
Y5690,_
S5010,S501
S6390,_
P381,P38
P595,_
S6303,S6303
T3793,T379
W0798,_
T0291,T0291
W2079,_
S3241,S3241
K2790,K279
N590,_
T0800,T080
W1831,_
V685,_
M9553,M955
O003,_
S9999,S999
O1422,O142
N94,N949
O821O,_
L9840,L984
A430,A430
M7955,M7955
E898,E898
W247,_
W81,_
E7800,E780
S711I,_
Z88,Z889
O235O7,_
O601O9,_
O395,_
O9950,O995
O1419,O141
K335,_
S592,_
0729,_
J490,_
A5999,A599
S5319,S5319
M4884,M4884
K5282,K528
E350,E350
C151,C151
P52,P529
G00,G009
S883,_
D185,_
M7255,M7255
D3410,D34
S573,_
S792,_
G260,G26
E1428,E142
5063,_
M984,_
I860,I860
5262,_
5144,_
O532,_
K875,_
H1612,H161
K8051,K805
M6092,M6092
M6021,M6021
B213,B213
N044,N044
M7912,M7912
53800,_
C935,_
D669,D66
O8700,O870
S552,S552
P02,P029
N861,N86
E251,_
Y823,_
T062,T062
8805,_
Z3908,Z390
S6551,S655
S2819,S281
C803,C80
M534,_
S961V,_
I200I2,_
I519O9,_
X94,_
O410Z3,_
Z9280,Z928
R221E0,_
K6280,K628
M938,M938
I462,_
S8025,_
V9499,_
C590,_
1D5,_
126,_
M8933,M8933
S8621,S862
V2840,_
M1595,M159
O6890,O689
2014,_
85,_
S4990,S499
H9032,H903
M7926,M7926
S0090,S009
X8992,_
T508,T508
Y575,_
S5019,S501
S0300,S030
G019,G01
S8410,S841
M9818,_
G1893,_
K6499,_
I120A,_
I259I,_
H2549,_
Z223,Z223
O7590,O759
N390D,_
W5699,_
A0099,A009
E780N3,_
1678,_
T2101,T210
Y629,_
R149,R14
0063,_
J872,_
H0402,H040
D1780,_
T8681,T868
M2513,M2513
N3949,N394
O29,O299
M8791,M8791
P238,P238
T78,T789
H0411,H041
V3349,_
Z0112,Z011
S769,_
I119I5,_
L727,_
C928,C928
T973,T97
81,_
M141,M141
N253,_
Y761,_
K56O,_
G5701,G570
J2510,_
T271,T271
L598,L598
C2028,C20
D76,_
O238,_
O6485,O648
W04,_
S3580,S358
M2570,M2570
B500,B500
V31,_
AO62E861,_
M990,M990
P544,P544
S19,S199
H272,_
I1120,_
M8936,M8936
E050E0,_
K766D6,_
I214J1,_
N800N9,_
I499I2,_
T742O1,_
D1610,D161
W0988,_
S95,S959
V852,_
Y360,_
W018,_
K072,K072
P101,P101
S3330,S333
O0060,_
O716,O716
O523,_
W3196,_
G639,_
W4591,_
Y82,_
I0499,_
Z554,Z554
V48,_
H8406,_
O268O,_
A912,A91
S18,S18
M1960,_
W8752,_
O284,O284
S2001,S200
W2398,_
M614,M614
A482,A482
X1291,_
W5491,_
8150,_
M1591,M159
H0230,H023
H3723,_
I18,_
E745,_
A407,_
C460,C460
Q12,Q129
N211K8,_
S07,S079
M4384,M4384
V4991,_
510,_
N0369,N036
6009,_
H606,_
8820,_
Z886,Z886
A780,A78
S8800,S880
O9112,O911
Z424,Z424
O3004,O300
E8352,E835
J671,J671
W2252,_
C9003,C900
03,_
R5709,R570
K142,K142
K446,_
W4508,_
B43,B439
Y2099,_
X038,_
Z726,Z726
C761M8000/3,_
N2092,N209
MC,_
D532,D532
M7921,M7921
M8692,M8692
M9896,_
S9115,S911
I499I5,_
H5032,H503
Y2848,_
A2641,_
E123,E123
Q715,Q715
X34,_
E354,_
M7731,M773
Y609,_
I6190,I619
M0107,M0107
P802,_
C905,_
D4878,D487
I2690,I269
S365V8,_
J850J8,_
G58,G589
I521,I521
O620O6,_
S8001,S800
Z343,_
P530,P53
E1185,E118
E1893,_
V384,_
M8780,M8780
E1461,E146
D497,_
P3693,P369
O49,_
M2108,M2108
M7550,M755
D955,_
P3611,P361
G861,_
E119N1,_
O364XX0,_
M623,M623
I2699,I269
H5213,H521
1698,_
W1921,_
Z296,_
K1181,K1181
E0200,E02
Z3390,Z33
E8509,E850
H6505,H650
Y078,_
T88,T889
D3131,D313
0094,_
G831,G831
S6816,S681
S391,_
648,_
L0899,L089
S5782,S578
Y2599,_
Q249I3,_
K279D6,_
Q629,_
W2582,_
N588,_
T8571,T857
W688,_
N955,_
V8908,_
T741,T741
O3431,O343
P634,_
P0702,P070
X5934,_
S019Z4,_
X913,_
Z898,Z898
V010,_
Q909Q,_
T247,T247
11706,_
F300,F300
Z011I,_
M1912,M1912
Z0090,_
L0309,L030
M0588,M0588
T8480,T848
X5804,_
0849,_
M921,M921
W2190,_
C766,_
R429,R42
K972,_
I431,I431
N236,N23
I3133,I313
M498,M498
C8331,C833
P3969,_
R0789,_
D52,D529
N9481,N948
S5035,_
M4803,M4803
H1851,H185
D475,D475
S8256,S825
H91,H919
M9703,_
O0702,O070
I135,_
O8622,O862
S404,_
M846,_
C224,C224
S4400,S440
O329XX0,_
O350XX0,_
L031I1,_
R613,_
L0212,L021
Q44,_
V3811,_
Z2380,Z238
S0103,S010
Q064,Q064
M8109,M8109
J063,_
0800AO,_
S123,_
505,_
Q313,Q313
S0981,S098
X2680,_
M7269,M7269
V902,_
W2530,_
O1107,O11
50,_
W271,_
R71,R71
M9338,_
K660Z7,_
O990D5,_
Z356O8,_
Y446,_
I739I7,_
K731,K731
B010,B010
P599P6,_
E663,_
C652,C65
A11,_
Q626,Q626
H5909,H590
T755,_
H913,H913
I570,_
H5033,H503
L934,_
C1890,C189
Q099,_
W226,_
S8289,S828
Q3601,Q360
M9802,_
W2003,_
J9092,J90
Y6499,_
G1892,_
T988,_
O699O,_
T032,T032
2781,_
J396,_
F1092,F109
D2539,_
O6908,O690
W2072,_
W3408,_
A6001,A600
H1681,H168
L569,L569
T513,T513
J118I411,_
NO,_
P014,P014
T458,T458
Z011H,_
D448,D448
D564,D564
50680,_
G05,_
M414,M414
Q904,_
O1041,O104
K6335,K633
G54,G549
R869,R869
S3981,S398
Q516,Q516
I682,I682
M210,M210
H3525,H352
M4714,M4714
H4481,H448
L232,L232
H809,H809
D72,D729
M167,M167
E119E1,_
S8246,S824
M9521,M952
M6245,M6245
D1011,D1011
M8861,_
H6631,H663
X4924,_
W5984,_
E2822,E282
O641O6,_
D1622,D162
F40,F409
Z1232,Z123
L0103,L010
W5089,_
D7389,D738
J1809,J180
D2150,D215
V129,_
N6300,N63
S3000,S300
A001,A001
N5089,N508
O141E0,_
W9999,_
K830N2,_
O440Z3,_
M490E,_
O810Z3,_
W4562,_
L76,_
S071,S071
V484,_
M6500,M6500
C577,C577
S9601,S960
J232,_
I8312,I831
Y4699,_
Z588,Z588
Q683,Q683
M0999,_
M9030,M9030
D4328,D432
B3690,B369
J4480,J448
A1650,A165
O623O1,_
Z682,_
T141W5,_
N139I2,_
H9380,H938
E1491,E149
H7092,H709
M1310,M1310
O77,_
Q773,Q773
L6082,L608
V375,_
49005,_
A481,A481
T488,_
N376,_
Z5201,Z520
I407,_
L55,L559
K3518,K351
C704,_
W2389,_
G36,G369
L730,L730
M7106,M7106
D2411,D24
Q5369,_
M6646,M6646
M7736,M773
S9910,_
1B,_
A800,A800
M6025,M6025
O6490,O649
H3431,_
M6785,M6785
L9185,L918
L3037,L303
A71,A719
M9667,M966
X0991,_
Z3002,Z300
C5012,C501
M0080,M0080
W3482,_
F982,F982
3030,_
P568,_
S436,S436
N7092,N709
Y068,_
H2650,_
W1681,_
N9369,_
P594,_
56,_
B0790,B07
W2293,_
0487,_
O2829,O282
S9002,S900
C9503,C950
214,_
J3901,J390
I119D6,_
E170,_
Z3008,Z300
X0901,_
T804,T804
D013,D013
S3109,S310
W240,_
C7001,C700
Z8731,Z873
T672,T672
X6399,_
Y832,_
S2971,S297
Q7150,Q715
H6632,H663
Y536,_
S157,S157
L715,_
V255,_
W869,_
S096,_
665,_
I248D,_
N189I,_
O648O6,_
O662O9,_
S4271,S4271
O6809,O680
A440,A440
I1250,_
N4181,N418
F34,F349
N7,_
N2589,N258
N2111,N211
M137,_
J1189,J118
I857,_
C2590,C259
H337,_
I097,_
D315,D315
W3494,_
M8320,M8320
H4440,H444
E1987,_
S3104,S310
Q7811,Q781
C7641,C764
X992,_
L849,L84
L879,L879
T374,T374
N013,N013
S6620,S662
S4472,S447
Q939,Q939
O6003,O600
K5506,K550
0653,_
D6409,D640
X440,_
Z1833,_
B985,_
A916,A91
J952,J952
M7701,M770
T42,_
H9591,H959
0890,_
Y098,_
Q733,_
C6961,C696
J1866,_
D381J,_
N364,_
Q1020,Q102
029,_
V201,_
H328,H328
I688,I688
G8232,G823
V444,_
517,_
M327,_
V1828,_
Z313,Z313
D671,D67
I5180,I518
W6981,_
X649,_
H9501,H950
S8185,S818
S5641,S564
8922,_
T8694,T869
C189M8,_
P224,_
X5898,_
H4220,_
O800P,_
1880,_
P81,P819
2182,_
U250,_
M8116,M8116
S6330,S633
Q7012,Q701
S065X0A,_
Z4240,Z424
Z9599,Z959
A0325,A032
S6621,S662
M9760,_
D678,D67
E667,_
S0331,S033
S5341,S534
Q814,_
E173,_
X5963,_
Z599,Z599
313,_
R28,_
N238,N23
S7981,S798
L108,L108
P13,P139
D8000,D800
S2990,S299
J1440,J14
O767,_
S4971,S497
D074,D074
O680O1,_
M724,M724
Z481,_
H6110,H611
0981,_
M2001,M200
L840,L84
R639,_
V0486,_
O6002,O600
O1001,O100
S0401,S040
M2210,M221
O601O3,_
S370W5,_
D1812,D181
C50I,_
8714,_
T258,_
M2202,M220
S4203,S420
K807,_
M960,M960
I353,_
H44,H449
L780,_
T935,T935
K607,_
030,_
M4626,M4626
5328,_
M0606,M0606
L023E,_
D0502,D050
X5093,_
L9750,L97
F509,F509
I1296,I129
N1865,_
C9650,C965
C7956,C795
B232,B232
S854,S854
M7059,M7059
S6692,S669
S9422,S942
O057,O057
O4401,O440
S5622,S562
M7069,M7069
W748,_
H3423,H342
Z373Z3,_
J960E1,_
E860J9,E86
H1511,H151
N451,_
R43,_
M9711,_
T379,T379
I1499,_
I6354,I635
A604,_
D0920,D092
Z614,Z614
N484,N484
S5981,S598
A40,A409
Y365,_
S985,_
K5741,K574
O149O,_
G41,G419
P034Z3,_
O9829,O982
J1800,J180
K1120,K112
S01O,_
J589,_
589,_
O0091,O009
B778J17,_
45306,_
T495,T495
S8327,S832
S8286,S828
G61,G619
C7190,C719
M2537,M2537
M2579,M2579
C42,_
P05,P059
M7034,M703
L332,_
M9675,_
Q684,Q684
H3514,H351
T249,_
T229,_
Q1321,Q132
1632,_
M2155,M215
K1883,_
I8733,_
C4030,C403
N179B1,_
H33O,_
C8104,C810
L8951,L89
0A,_
M4798,M4798
K8070,_
R654,_
S5170,S517
G60,G609
Z1388,Z138
K865,_
B3771,B377
S2102,S210
E229,E229
W2604,_
V0931,_
O023,_
M8671,_
P630,_
Z9831,_
S348,S348
K7589,K758
R948,R948
W76,_
N0309,N030
J398K1,_
O244O1,_
Z355O6,_
J1894,J189
O6013,O601
P0107,P010
I193,_
L036,_
W1834,_
E515,_
I6990,_
Y6069,_
D80,D809
N740,N740
X442,_
M9015,M9015
C177,_
X5689,_
R767,_
V8996,_
M9914,M9914
654,_
A917,A91
0219,_
O631O7,_
L000,L00
E482,_
H1692,H169
W291,_
K489,_
S0157,S0157
H3554,H355
R867,R867
4THDEGREELACERATION,_
E1237,E123
K3289,_
K5010,K501
K844,_
Z0156B1,_
Z0156C1,_
T009V899,_
Z011E,_
R901,_
H968,_
S6440,S644
N6530,_
Z070,_
E8460,_
Q7400,Q740
M0117,M0117
M0607,M0607
G5891,G589
Q7411,Q741
D1621,D162
S3801,S380
W1443,_
V4804,_
V2801,_
S1183,S118
M7070,M7070
X105,_
T209,_
S0105,S010
M7559,M755
X6408,_
B258,B258
C834,C834
V899D,_
K543,_
S442,S442
B470,B470
A543,A543
K485,_
O82O,_
S2661,_
S339,_
0803,_
I971,I971
O4322,O432
R5618,_
O996I,_
0870,_
1269,_
A13,_
Z611,Z611
M4897,M4897
S4112,S411
P253,P253
3011,_
X279,_
H702,H702
3619,_
V9899,_
H711,H71
Z787,_
R274,_
439,_
O622O6,_
N390I,_
E790J2,_
O252,O25
E824,_
I8300,I830
Y0491,_
N828,N828
C422,_
Q43,Q439
Q1891,Q189
Q2731,Q273
C543,C543
O0911,_
C973,C97
C597,_
S853,S853
H4332,H433
H027,H027
O820P,_
M0885,M0885
O37O,_
037O,_
O8007,O800
D4102,D410
Z3402,Z340
0119,_
I250E1,_
B560,B560
0993,_
W1362,_
S3010,S301
M8790,M8790
W1731,_
V2804,_
J8491,J849
S6035,_
Y53,_
H3641,_
J6902,J690
V353,_
S146,S146
Y184,_
H0266,H026
G9350,G935
M851,M851
R76,R769
F413,F413
M275,_
M7673,M767
1480,_
H3122,H312
L961,_
S6341,S634
K451,K451
V2243,_
O8029,_
J4496,J449
M6110,M6110
Z3982,_
T8539,T853
M8340,M8340
N185I,_
N1800,N180
8011,_
W140,_
J296,_
O451,_
S249,_
M9411,M9411
R400,R400
M514,M514
V2543,_
V3001,_
Z89,Z899
G331,_
Z584,Z584
O3212,O321
J1110,J111
M4126,M4126
O619O6,_
B995,B99
E022,E02
K6960,_
M9291,M929
K7130,K713
S2276,_
M8078,_
N2520,_
M9110,M9110
H6521,H652
O421O6,_
M2459,M2459
N9489,N948
2641,_
D015,D015
O200Z,_
Z71,Z719
T2122,T212
T066,_
246,_
A9701,_
M7268,M7268
O200Z3,_
A20,A209
S5411,S541
Q525,Q525
S0912,S091
R685,_
D4858,D485
W2814,_
B371J1892,_
A010J17,_
R5780,R578
P239P,_
B205,B205
I45,I459
I414,_
1340,_
I248RO90,_
S858,S858
U03,_
E856,_
Y357,_
Y91,_
Z842,Z842
K2116,_
S2501,S250
Y018,_
I352,I352
M4311,M4311
80K,_
O998Z3,_
Z3840,Z384
K274K,_
O3220,O322
W1488,_
0720,_
W4498,_
W2908,_
S6359,S635
P0034,P003
N1787,N178
M0026,M0026
N919,_
P58,P589
0819,_
C795M8,_
Z3921,Z392
E167,_
M7150,M7150
R4900,R490
X18,_
3639,_
V880,_
B733,B73
2382,_
K2797,K279
N185D,_
M019,_
I726,_
J9610,J961
S1211,S1211
A1516,A151
H0431,H043
O6540,O654
M601,M601
F223,_
H2631,H263
S6198,S619
G579,G579
W699,_
M2041,M204
I101J,I10
Y773,_
V4819,_
C486,_
V193,_
V4849,_
V4801,_
W4408,_
A171,A171
Q728,Q728
M7907,M7907
A059E861,_
M4687,M4687
Z0042,Z004
46252,_
C919M9820/3,_
12009,_
D030,D030
T8743,T874
E4142,E41
I8381,_
R1331,R13
I6781,I678
Q833,Q833
J804,J80
E146N,_
O940,O94
E2821,E282
B357,B357
F0402,F04
K3789,K37
N1510,N151
H2643,H264
A248,_
A241,A241
M2329,M2329
N1790,N179
M9982,M9982
A143,_
H2191,H219
H011,H011
M1516,M151
Q56,_
I8721,I872
C4359,C435
Z2321,Z232
38,_
H468,H46
K0735,K0735
Z538,Z538
S425,_
T311T2,_
W4973,_
E098,_
W600,_
L13,L139
X08,_
M8986,M8986
0368,_
O0929,_
K1291,_
C49A0,_
H2712,H271
E962,_
S513,_
K339,_
V5759,_
S270S3,_
R263,R263
S3510,S351
J0380,J038
Z756,_
E999,_
A612,_
S2120,S212
A1625,A162
N0935,_
S915,_
1D,_
S6702,S670
K5530,_
O321O1,_
C3410,C341
K464,_
0151,_
D3810,D381
I785,_
W0148,_
C4590,C459
M9280,M928
R414,_
O9995,_
O966,O96
J0619,_
Z380K6,_
P61,P619
W8013,_
F202,F202
D890,D890
Y443,_
G608,G608
48600,_
D3100,D310
D5610,D561
I250I6,_
Z8999,Z899
K855,_
B169I1,_
A27,A279
I102J4,I10
Z8543,Z854
S6340,S634
I7392,I739
Z290,Z290
S2081,S208
E430,E43
T332,T332
R627,_
O6414,O641
L2,_
W1801,_
M164,M164
M8835,_
J0192,J019
N1381,N138
J953,J953
W4908,_
O808Z0,_
O2343,O234
B826,_
O8720,O872
D548,_
N379,_
T043,T043
S8602,S860
H906,H906
X9958,_
K6030,K603
B15,B159
02,_
W0809,_
T919,T919
G31,G319
Z984,_
O6910,O691
O821Z0,_
J459O,_
B809,B80
E792,_
C7380,C73
O2,_
K304,K30
Z083,_
469,_
V546,_
C258,C258
V023,_
N189N4,_
O649O6,_
O699O6,_
K274A,_
I120K,_
N160,N160
O701O2,_
T7802,T780
S9000,S900
W1301,_
O691O,_
K4040,K404
T954,T954
M1983,M1983
601,_
E75,_
S3670,S3670
J0220,_
4413,_
I330IO19,_
H398,_
H321,_
H580,H580
S0910,S091
N213,_
G1331,_
Q911,Q911
C8501,C850
P0734,P073
H1013,H101
Y24,_
S7311,S731
N4881,N488
S311S,_
29045,_
68432,_
C957,C957
C7821,C782
S0012,S001
S9692,S969
N6392,N63
C947,C947
O809NSD0,_
G12,G129
E071,E071
S7085,S708
L8914,L891
Y5199,_
H3609,H3609
G233,_
W5S,_
L9722,L97
7320,_
I433,_
G51,G519
B198,_
M8463,_
Z855,Z855
I2480,I248
2D,_
A393,A393
W1952,_
K8014,K801
D017,D017
M6503,M6503
M974,_
R515,R51
A25,A259
R9211,R92
R746,_
M7951,M7951
T8529,T852
Z380E8,_
D982,_
N982,N982
C5089,C508
A090N1,A09
Q6581,Q658
Q1043,Q104
G5730,G573
M2596,M2596
Q7240,Q724
E112L0,_
O443,_
D16,D169
S8103,S810
K784,_
B44,B449
T8471,T847
P2240,_
H0203,H020
K5660,K566
H9041,H904
G96,G969
T79A1,_
0861,_
T038,T038
P094,_
K529E862,_
G601,G601
0479,_
A961,A961
0391,_
T0010,T001
V771,_
M33,M339
J935,_
R028,R02
H7441,H744
B981,B981
C88,C889
L0I0,_
Z225,Z225
H7508,H750
T141LO39,_
J817,J81
O992O,_
O993Z3,_
O236,_
Z301O7,_
M3211,M321
E878A,_
B0509,B050
S6881,S688
M6109,M6109
D366,_
C318,C318
Z477,_
H307,_
C003,C003
C5339,_
L951,L951
G4693,_
K29F,_
S566,_
M5321,M5321
H202,H202
Y29,_
O842Z,_
H0404,H040
N0499,N049
N032B1,_
M5216,_
S242,S242
N8230,N823
C5489,C548
S0292,S029
Y0404,_
J313,_
M9808,_
D3850,D385
Q1500,Q150
S6602,S660
D067,D067
7141,_
E0780,E078
H2992,_
Z319,Z319
Z9922,Z992
F258,F258
00195,_
T476,T476
D861,D861
H9212,H921
V842,_
D780,_
G423,_
O757O1,_
E878I2,_
O985O7,_
L6081,L608
D9881,_
M445,_
R750,R75
O830Z3,_
O830Z,_
N7391,N739
W4494,_
R868,R868
Z44,Z449
M6501,M6501
P600,P60
O4808,O48
6900,_
S4340,S434
Z1355,Z135
Z693,_
V2148,_
V988,_
K2989,K298
W790,_
M123,M123
V8922,_
E1482,E148
R2340,R234
K214,_
V598,_
S0400,S040
5913,_
K433,_
M8175,_
V891,_
M2560,M2560
E0481,E048
H6021,H602
I662,I662
H2481,_
W8703,_
V1814,_
V4814,_
111,_
Z539,Z539
W2082,_
W4940,_
S6139,_
N98,N989
Y08,_
W0139,_
R622,_
C4390,C439
M8046,M8046
I648,I64
8019,_
E090,_
H7490,H749
N390E,_
M7972,M7972
K707,_
S9509,S950
D965,_
P313,_
F0290,_
C688,C688
Z864,Z864
O830P,_
K1529,_
T466,T466
99342,_
T2401,T240
T2521,T252
S5102,S510
Y293,_
V173,_
Y288,_
S2250,S2250
V170,_
H1845,H184
M2115,M2115
O608,_
K788,_
D2821,D282
V1344,_
N42,N429
F918,F918
E381,_
M8324,M8324
E63,E639
J086,_
H4402,H440
0152,_
S3661,S3661
W3488,_
O6014,O601
W3483,_
E7875,_
J1863,_
Q529,Q529
Y526,_
T684,T68
X898,_
W1919,_
0715,_
C755,C755
L0339,L033
O4700,O470
S5282,S528
Z533,_
P171,_
M2109,M2109
8190,_
H4170,_
C173,C173
D814,D814
E118D5,_
746,_
D138,_
E2609,E260
Q526,Q526
H491,H491
H009,_
5835,_
Q614,Q614
P8351,P835
L9751,L97
I6711,I671
Y0004,_
Z138P0,_
Q3592,Q359
S5184,S518
H3630,_
2138,_
D179O,_
S6041,_
O298,O298
C509M8000/3,_
CR0242,_
N0096,N009
C9400,C940
M4616,M461
S3181,S318
J3431,J343
W0599,_
V2719,_
E876E,_
Z765,Z765
N241,_
H3470,_
H2211,H221
Z8101,Z810
K7681,K768
E064,E064
H1003,H100
C707,_
E30,E309
V254,_
Q868,Q868
V982,_
M8084,M8084
M4713,M4713
O3342,O334
W2903,_
L579,L579
S6441,S644
L013,_
O8821,O882
B808,B80
I4901,I4901
W2221,_
H2320,_
O995O1,_
7301,_
K8110,K811
I384,I38
I8402,I840
F169,F169
F1892,F189
5683,_
M031,M031
R644,R64
K4301,K430
M3295,M329
Q560,Q560
H246,_
S7620,S762
D269M8,_
R77,R779
Z3400,Z340
I145,_
C6979,_
D785,_
S8120,_
N21O,_
L6021,L602
T7939,T793
J8722,_
T0111,T011
L0262,_
S5500,S550
W5509,_
O0354,O035
V182,_
J814,J81
L911,_
2380PO34,_
K074,K074
O190,_
O6006,O600
M5481,M5481
00231,_
00232,_
99460,_
3009,_
I110I251,_
K6251,K625
A65,A65
F908,F908
S6103,S610
Z987,_
E25,E259
N995,N995
2591,_
W1699,_
Z222,Z222
T121,T121
O235Z3,_
N425,_
Z0992,Z099
O990Z3,_
E780I,_
I1100,I110
M9141,_
I589,_
H0520,H052
B6011,B601
1872,_
X031,_
C743,_
H4062,H406
F190,F190
Z9470,Z947
C601,C601
W2562,_
H3771,_
K4069,_
Z380S3,_
S8216,S821
H56,_
N1968,N19
I580,_
M8774,_
W1404,_
H7081,H708
W2543,_
Q510,Q510
M062,M062
Z0370,_
0241,_
E1119,E111
S6822,S682
D5008,D500
S0193,S019
B78,B789
S3699,S369
O408,O40
Q1000,Q100
K8021,K802
1901,_
M2427,M2427
J281,_
O800Z2,_
H5060,H506
Z581,Z581
V288,_
S9260,_
0751,_
Q812,Q812
C509M8010/3,_
O649Z3,_
O680O7,_
A260,A260
W2709,_
M6098,M6098
Z872,Z872
K0531,K0531
N3610,N361
H4681,H46
D112,_
H5222,H522
I028,_
H8193,H819
K307,K30
P708,P708
I1190,I119
I072,I072
H26K,_
E6601,E660
4011,_
C350,_
S0266,S026
L340,_
I2149,I214
K03,K039
H3003,H300
M3000,M300
I136,_
G67,_
E0462,_
M5082,M508
M8202,M8202
E7879,_
M7082,M7082
H3471,_
S7081,S7081
Z8960,Z896
F522,F522
X79,_
329,_
H0510,H051
N2581,N258
S9832,S983
T8532,T853
S254,S254
S5257,S525
K1481,K1481
H748X0,_
Z3890,_
Y753,_
K9186,K918
J9420,J942
S9082,S9082
H0519,H051
W5541,_
X950,_
D09,D099
I681,I681
H0251,H025
012,_
K3059,K30
S653,S653
Q208,Q208
C509D6,_
M453,M453
K7631,K763
I561,_
Y2891,_
J1092,_
E7850,E785
0328,_
E76,E769
O098,_
Q555,Q555
T3111,T311
I219I2,_
090,_
J12,J129
A119,_
K4043,K404
C989,_
M354,M354
Z3141,Z314
S8287,S828
D696E,_
M7296,M7296
H9325,H932
P336,_
B007,B007
429,_
N2808,N280
S170,S170
X9998,_
A4169,_
V409,_
O820Z2,_
X040,_
R2302,R230
A92,A929
Z9800,Z980
O994Z3,_
H5792,H579
O756O2,_
G409D,_
M8786,M8786
M378,_
K218,_
M2432,M2432
V2942,_
D791,_
S5276,S527
N878,_
O681O1,_
M2102,M2102
Q2730,Q273
O1510,O151
M8904,M8904
K328,_
K0849,_
J1603,J160
D59,D599
C706,_
D3110,D311
5750,_
W5062,_
E518,E518
V8994,_
V0600,_
W0181,_
M2740,_
L251,L251
E959,_
N6391,N63
E331,_
S5183,S518
K9220,K922
S0629,S062
A378J170,_
B829E861,_
19996,_
N734,N734
Z893,Z893
B72,B72
V4459,_
I1249,_
X3399,_
J335,_
V2829,_
I959I2,_
Q352,_
G712,G712
L29,L299
M2531,M2531
D42,D429
J146,J14
B1052,_
D022,D022
A1162,_
W2279,_
W0121,_
O114,O11
L21,L219
H424,_
S6681,S668
L872,L872
H4613,H46
O257,O25
H284,_
C4950,C495
P502,P502
C055,_
S3113,S311
S7234,S723
D1030,D1030
C527,C52
P0093,P009
L950,L950
H1796,H179
T870,T870
1104,_
0469,_
Q2409,Q240
C463,C463
S642,S642
K386,_
N401N3,N40
5650,_
S9610,S961
K5521,K552
Q3600,Q360
M6582,M6582
P923,P923
L896,L89
K2359,_
S3121,S312
S9129,S912
H907,H907
S426,_
N845,_
C257,C257
D3511,D351
T8332,T833
S4682,S468
K066,_
O4110,O411
E4879,_
M1931,_
V882,_
Q1381,Q138
V2009,_
X5072,_
H5016,H501
M2630,_
S012TYPEA,_
O9081,O908
D762,D762
Q894,Q894
AO99E861,_
Z9838,_
W233,_
M9850,_
K8022,K802
T438,T438
R096,_
I674N1,_
N837,N837
E723,E723
L563,L563
H82,H82
S6094,S609
G14,G14
T8540,T854
M1811,M181
H1899,H189
O681Z3,_
Q988,Q988
K3560,_
Z564,Z564
M0530,M0530
N3920,N392
O160,O16
J752,_
L6007,L600
J001,J00
O2421,O242
O985B3,_
N083E1,_
O0989,_
J1880,J188
H5015,H501
N653,_
181,_
D6151,_
N8390,N839
X9951,_
G5611,G561
S5511,S551
S1415,S141
R966,_
S5331,S533
O681LTC,_
H6112,H611
H2341,_
N901,N901
P343,_
W2581,_
M4139,M4139
T056,T056
R492,R492
C457,C457
N123,N12
V4919,_
K2196,K219
V3849,_
T744,_
V0,_
J861,_
S857,S857
B739,B73
S8902,_
Q7130,Q7130
I6680,I668
O6922,O692
Q87,_
I7716,I771
A5900,A590
W221,_
P99432,_
96048,_
Z302O6,_
N414,_
H1890,H189
Z151,_
M2602,_
C489,_
D250I1,_
Z3020,Z302
O0808,O080
O6898,O689
14,_
C4921,C492
A29,_
I910,_
H9182,H918
J1991,_
M8859,_
Z140,_
T0581,T058
G613,_
M7965,M7965
M2351,M2351
X619,_
M2394,M2394
H0512,H051
8821,_
E112N0,_
P5989,P598
S269,S269
F349,F349
H1022,H102
W1993,_
C189M0,_
R463,R463
R187,R18
H3562,H356
C474,C474
S08,S089
M9953,M9953
K816,_
H6120,H612
O7023,O702
S6591,S659
087,_
L6080,L608
P011Z3,_
M1062,_
S3291,_
S2712,S271
S4342,S434
T721,_
T8509,T850
P991,_
O159O1,_
0511,_
Z1810,_
N382,_
O1503,O150
S692,_
H0691,_
M487,_
99434,_
24700,_
M1921,M1921
Z01213,Z012
59512,_
0610,_
I002,I00
Z3492,Z349
M2161,M216
N9300,N9300
713,_
Q440,Q440
N378,N378
297,_
R603,_
N3951,_
K4990,_
T5022,T502
4D,_
C391,_
D504,_
N185NO39,_
N142NO83,_
V14,_
M3984,_
T348,T348
O3433,O343
M8547,M8547
S47,S47
S2550,S255
S4320,S432
S8104,S810
P0717,P071
D862,D862
W6838,_
J8999,_
Z5331,_
A16O,_
X9996,_
U500,_
G399,_
R5321,R53
S8630,S863
H6052,H605
H6992,H699
Y892,_
E318,E318
S5342,S534
Z1319,Z131
W6499,_
M9807,_
V872,_
H0220,H022
N189D,_
O6680,O668
H1041,H104
I2802,I280
Z302O3,_
S8550,S855
W4593,_
T9210,T921
K892,_
W0195,_
C7822,C782
S6400,S640
E118A1,_
C694,C694
H9519,H951
I4470,I447
M865,M865
T8462,T846
N260,N26
D0911,D091
V8010,_
A065,A065
M6687,_
K5689,_
B270,B270
S4601,S460
S8203,S820
I2122,I212
A566,_
X580,_
H861,_
Z833,Z833
D630Z8,_
I1203,I120
X5966,_
K2973,K297
A170G9,_
R778,R778
M4698,M4698
E785N,_
I109E,I10
R586,R58
D5388,D538
S8184,S818
S0192,S019
S7119,S711
Q3799,Q379
E934,_
M723,M723
S8169,_
O149O3,_
O221Z3,_
P0531,_
D396,_
D893,D893
I8241,_
G934K,_
C0520,C052
G2230,G22
N977,_
R519,R51
J255,_
G954,_
M2420,M2420
M5012,M501
H4900,H490
I6710,I671
X1303,_
S770,S770
Y529,_
Z934,Z934
A1831,A183
M9430,M9430
B227,B227
S7012,S701
N518,N518
N974,N974
R823,R823
H1833,H183
H4640,H46
Z9001,Z900
Z639,Z639
S1271,S1271
F508,F508
N1791,N179
W265,_
X611,_
X0699,_
V8920,_
E33,_
Z772,_
E878N1,_
X7499,_
W9933,_
H891,_
M7117,M7117
Z150,_
T1141,T114
H0524,H052
C612,C61
K6101,K610
I551,_
E876B3,_
E490,_
Z3770,Z377
O314,_
Z909,_
J442,J442
W191,_
E3131,_
G955C,_
710,_
D4721,D472
X4894,_
M7959,M7959
E850D6,_
M6790,M6790
O7709,_
I5084,_
T8349,T834
R295,_
Y286,_
M886,_
N902,N902
W3442,_
O237,_
A130,_
O423,_
V069,_
G0491,G049
D2501,D250
W4582,_
C669,C66
S4089,S408
H940,H940
I813,I81
A017,_
E1422,E142
E033,E033
T298,_
T7844,T784
T1413,T141
568,_
J9189,J91
J4481,J448
O9931,O993
S0070,S007
O7578,O757
Z3097,Z309
H878,_
M7157,M7157
I302,_
K37X,K37
D1700,D170
D1711,D171
H053,H053
038,_
T712,T71
Y020,_
N139I1,_
E143H280,_
Z0143B,_
I101B1,I10
I480E1,I48
750,_
M2553,M2553
V06,_
W1849,_
L845,L84
M63,_
Y95A,_
B899,B89
I269J9,_
G322,_
T1700,T170
W1008,_
H743,H743
W4594,_
W1478,_
I2591,I259
S2180,S218
M999,M999
M8409,M8409
M8653,M8653
Z308Z,_
T7518,T751
Z528,Z528
K0761,K0761
S5825,S582
B625,_
K7146,K714
X509,_
O366O8,_
Z380G4,_
C613,C61
S4511,S451
S6411,S641
B545,B54
Q6474,Q647
M081,M081
1961,_
S8520,S852
S5626,S562
I509I0,_
T8440,T844
A187,A187
1471,_
F45,F459
K191,_
T284,T284
S6159,_
O3689,O368
M774,M774
K141,K141
1059,_
A1697,A169
I1391,I139
2904,_
J1608,J160
R2214,R221
S4391,_
S439,_
B347,_
M4005,M4005
T0938,T093
Q312,Q312
V8988,_
G9349,G934
M434,M434
S809S,_
S908S,_
Q561,Q561
M9973,M9973
V2204,_
I849D,_
79,_
051,_
G893,_
M1020,M1020
S0085,S008
S011S,_
S652,S652
M8845,_
H6011,H601
V8923,_
O757O2,_
E780N,_
O701O3,_
O994O7,_
E861J2,E86
S904,_
E1159,E115
R10O,_
K35O,_
B776,_
I575,_
M7881,_
I2910,_
Y57,_
B090,B09
I966,_
R262,R262
C679D,_
M028,M028
S3400,S340
W2131,_
B770K,_
100,_
H4709,H470
V2940,_
S4071,S407
T0189,T018
1771,_
E8761,E876
M7116,M7116
I833,_
P397,_
W15,_
199,_
S6119,S611
3119,_
S5992,S599
S6661,S666
K08,K089
480,_
Q1221,Q122
Z795,_
T1611,T16
N173,_
89432,_
E511,E511
M2286,M228
D1620,D162
M7257,M7257
W1848,_
H3191,H319
H3304,H330
Z3012,Z301
D3301,D330
V2289,_
H047,_
S608TYPEA,_
Y070,_
T024,T024
D6490,D649
Z3O0,_
X659,_
S3171,S317
S5002,S500
M400,M400
C848,C848
S038,_
A212,A212
H1940,_
0011,_
H198,H198
F348,F348
G213,G213
Z1384,Z138
A1782,A178
O994I1,_
N6Y9,_
Q89,Q899
G5621,G562
C799J1,_
0806,_
D569E8,_
H9989,_
L495,_
0161,_
M5000,M500
Z712,Z712
O0090,O009
Q826,_
H520,H520
S6840,S684
I007,I00
T070,T07
D278,D27
P603,P60
Z469,Z469
S10,S109
Q265,Q265
K5903,K590
O2442,O244
R8299,R829
F421,F421
S3980,S398
X957,_
Y462,_
S9109,S910
Z356O2,_
O935,_
D2270,D227
K853,K853
Z236,Z236
M5389,M5389
Y608,_
Q995,_
S6184,S618
V1994,_
S4991,S499
S6629,S662
A881,A881
X598,_
I120J,_
O631Z3,_
I1I9,_
H4921,H492
E1332,E133
B70,_
S8451,_
T272,T272
J9504,J950
M79A3,_
F184,F184
M2200,M220
Q6911,Q691
S8243,S824
O8083,O808
M2201,M220
K0500,K0500
M7297,M7297
P680,_
E716,_
48,_
W5572,_
N7689,N768
H4004,H400
A1816,A181
I477,_
M7740,M7740
S3086,S308
T1390,T139
S0242,S024
M389,_
R599TYPEA,_
Y5999,_
M9200,M920
B1999,B199
T0251,T0251
P560,P560
S590,_
N179A,_
O642Z3,_
R190K7,_
W297,_
H3991,_
C194,C19
M6795,M6795
M9767,_
Y22,_
R6520,R652
M4145,M4145
M8645,M8645
O6248,O624
N9303,N930
E118K9,_
H665,_
M2111,M2111
Q3690,Q369
W5909,_
S1230,_
B97,_
D579,_
M8730,M8730
M2408,M2408
T473,T473
85150,_
B828,_
G320,G320
M5006,M500
Z118,Z118
I6790,I679
N1781,N178
3876,_
G7000,G700
S0018,S001
M712TYPEA,_
F959,F959
M7029,M7029
P204,_
W1701,_
V2841,_
G810,G810
S77,_
W1304,_
F,_
A150N,_
P179,_
J439I5,_
W1862,_
Q19,_
N893,N893
N2811,N281
C6799,C679
I4540,I454
Z380O,_
M5889,_
S130XXD,_
M9290,M929
Z425,_
209,_
W2078,_
72,_
T748,T748
Z00,_
M8491,M8491
J294,_
N0813,N081
C9103,C910
S0106,S010
561,_
E379,_
M9392,M9392
H3140,H314
P995,_
0061,_
0081,_
0083,_
Z5181,Z518
N954,_
CR4651,_
L7250,_
D633,_
H2607,H260
F261,_
L832,L83
9042,_
J0301,J030
N083N3,_
H109J1,_
B159E7,_
Y0921,_
N8002,N800
S5612,S561
G981,G98
C776,_
M8093,M8093
0644,_
C212,C212
249,_
V3399,_
B431,B431
V179,_
Y10,_
W3188,_
S1120,S112
M26,_
H7002,H700
L198,_
I959N0,_
D252N8,_
O709O6,_
O699O9,_
O230O7,_
Z380ZOO1,_
P218,_
W1928,_
T3782,T378
K9302,K930
K297I,_
I249N1,_
Z0,_
Q900J0,_
K922E1,_
R579T7,_
1612,_
Q1400,Q140
I0188,I018
H1052,H105
O647,_
N1129,_
J431,J431
V68,_
M8732,M8732
I6340,I634
D190,D190
C236,C23
L0400,L040
S9302,S930
M70,M709
Q589,_
MCPP,_
H2623,H262
0770,_
H2800,H280
X7009,_
W3183,_
V344,_
L0101,L010
W298,_
L074,_
O630O7,_
O440O9,_
O690O7,_
W2204,_
1516,_
K377,K37
C5680,C56
864,_
573,_
R810,R81
M1418,M141
S8524,S852
I219K7,_
I7201,I720
I250J1,_
N570,_
B907,_
J189M1,_
O2431,O243
I8900,I890
S9232,S923
R0735,R073
N185_Z491,_
M2494,M2494
E409,E40
X0004,_
S0572,S057
M2449,M2449
S8039,_
G4060,G406
N1832,N183
Y319,_
Q6603,Q660
A62,_
X033,_
N189D6,_
N189M1,_
O680O2,_
G599,_
P046,P046
O8293,O829
G139,_
W1408,_
M2573,M2573
M5050,_
X98,_
G572,G572
X33,_
O266O6,_
J939L0,_
692,_
V2894,_
I1101,I110
237,_
D2262,D226
Y95X,_
K657,_
D638J,_
W3493,_
K392,_
M1252,M1252
C679M8000/3,_
D414M8000/1,_
99439,_
R5990,R599
G064,_
O0689,O068
S2441,S244
K129,_
V371,_
M3970,_
M9174,_
T945,_
W8692,_
Z5161,Z516
Z3739,Z373
S1532,S153
J771,_
X4498,_
W6880,_
Y320,_
Y965,_
O988O7,_
O855,O85
G1P1,_
O0304,O030
P173,_
S1200,S1200
C438,C438
M8772,_
M9171,_
X4944,_
Q451,Q451
M2532,M2532
M9690,M969
I5189,I518
W0124,_
K1180,K1180
H0091,_
O7381,_
0O3,_
H6510,H651
K,_
J8189,J81
089,_
R550,R55
E374,_
H801,H801
O7O0,_
A862,A86
99430,_
T413,T413
M435,M435
C793M8000/6,_
S5273,S527
W9,_
K444,_
M727,_
M5335,M533
W2392,_
T440,T440
Y41,_
O1339,O13
Y568,_
S3638,S363
V094,_
G159,_
W2708,_
L2390,L239
O717Z3,_
M4814,M4814
T793E7,_
O648O7,_
E835N3,_
O699Z3,_
O701O9,_
K163,_
J457,_
5189,_
P0723,P072
I040,_
O496,_
H5930,_
B461,B461
N1789,N178
O7022,O702
M8896,M8896
M5445,M544
P876,_
S6360,S636
M2443,M2443
M8991,M8991
M3544,M354
I200E1,_
E8716,E871
M8966,M8966
T8430,T843
C040,C040
K761I5,_
S7400,S740
D787,_
F440,F440
W1374,_
Q1421,Q142
M6244,M6244
N043,N043
A29A,_
L8930,L893
H322,_
P075,_
M2336,M2336
M8017,M8017
U809,_
Z1001,Z100
H1760,_
X4409,_
W4420,_
S7992,S799
S266,_
Y428,_
W252,_
L104,L104
B211,B211
JO68,_
JO69,_
B068J17,_
5949,_
L5702,L570
M8920,M8920
Q223,Q223
R760,R760
Y490,_
L8932,L893
Q711,Q711
I10O,I10
C4421,C442
W6099,_
Y9699,_
5388,_
M910,M910
E8619,E86
M2548,M2548
S4131,_
L012,_
I0,_
H3902,_
K2239,K223
H5042,H504
L247,L247
S9202,S920
I509N3,_
B69,B699
J189Y,_
2139,_
I579,_
Q673,Q673
5862,_
I126,_
5847,_
D83,D839
M4120,M4120
G269,G26
P1201,P120
M6736,M6736
B394,B394
G734,G734
H6242,H624
H1033,H103
E7131,E713
W4972,_
I1294,I129
W1828,_
O4342,_
Z261,_
I7700,I770
S8224,S822
S0203,S020
V194,_
V5699,_
D2201,D220
J3921,J392
M9610,M961
C4360,C436
N2012,N201
S1010,S101
J3840,J384
Z4129,Z412
W8608,_
G170,_
Y48,_
J1571,J157
Z1310,Z131
B459,B459
Z808,Z808
Y549,_
Z576,Z576
M7506,M750
86,_
R25,_
S366X9,_
M7187,M7187
T8751,T875
T805,T805
R1314,R13
W1192,_
N7190,N719
D2190,D219
S4982,S498
A240,A240
I33,I339
Q1032,Q103
S6370,S637
E0412,E041
V252,_
W0159,_
O955,O95
R302,_
A0721,A072
R1049,R1049
M7659,M7659
H277,_
M8686,M8686
H0456,H045
N6330,N63
K8120,_
I777,_
1779,_
W65,_
5133,_
9800,_
8322,_
I0185,I018
O727,_
1210,_
J0261,_
K0381,K0381
S3251,S3251
J4491,J449
B1810,B1810
A748,A748
H1871,H187
Q704,Q704
V895,_
M7053,M705
0036,_
K459,_
R70,_
L830,L83
W238,_
T7803,T780
S5205,S520
J7307,_
J2092,J209
J184,_
P849,_
V419,_
J488,_
M2399,M2399
G715,_
Z609,Z609
X639,_
C360,_
O233O7,_
R132,R13
M7191,M7191
990,_
P1S,_
H3751,_
A031,A031
V2394,_
H5022,H502
A274,_
607,_
C8070,C80
C358,_
E2601,E260
1722,_
U000,_
I6310,I631
G9310,G931
P185,_
V849,_
A103,_
3500,_
G708,G708
N1875,_
M6550,_
M655,_
W91,_
V3459,_
M1061,_
S5830,_
S5591,S559
I101J1,I10
W3079,_
M1A9XX1,_
H5031,H503
I499I3,_
E56,E569
M8701,M8701
V49,_
G3190,G319
0230,_
0345,_
Z316,Z316
E780E,_
O830O7,_
E861N,E86
D1430,D143
5368,_
I109M1,I10
N179E,_
M2559,M2559
S7071,S707
S8071,S807
C4911,C491
M2581,M2581
C995,_
Z794,_
L560,L560
H8330,H833
2380\,_
738,_
N2015,N201
S7419,S741
D1330,D133
5882,_
S554,_
S788,_
P104,P104
Q481,_
D1216,D121
C8338,C833
H9211,H921
M1702,M170
M1461,M146
Q1801,Q180
Y298,_
K133,K133
L252,L252
S3290,_
S4233,S423
S395,_
C852,C852
T0200,T0200
O8042,_
N1860,_
P501,P501
I251I3,_
S0634,S063
W1788,_
M3,_
P,_
075,_
F161,F161
E629,_
Y240,_
M973,_
W2792,_
E766,_
R732,_
H6504,H650
Z415,_
O600O7,_
O249O1,_
G90,G909
Z93,Z939
M2679,_
O998O8,_
D0591,D059
D911,_
Q01,Q019
R488,R488
L581,L581
M2405,M2405
C7199,C719
C8513,C851
M8108,M8108
E885,_
M5482,M5482
L0330,L033
Z1438,_
J3092,_
Z006,Z006
J802,J80
D0381,D038
K000,K000
I351I1,_
W089,_
H4504,H450
M847,_
P203,_
5171,_
A871,A871
I517E1,_
Z4740,_
L039J,_
M1060,_
O9928,O992
W2598,_
K465,_
I0230,_
A814,_
I9800,I980
S505,_
D2589,_
H06,_
I0220,_
M1229,M1229
D740,D740
T263,T263
J0191,J019
H859,_
T,_
M4894,M4894
C5309,C530
F000,F000
B654,_
L187,_
L059I,_
A150J1,_
D264,_
E1490,E149
Z3482,Z348
5543,_
5545,_
W2059,_
I8290,I829
B3591,B359
Z881,Z881
I2119,I211
L0334,L033
V95,_
K1121,K112
R689,_
A239,A239
P693,_
C6490,C64
D438,_
L39,_
S0188,S018
V1399,_
I1615,_
Y229,_
W0128,_
Z498,_
R862,R862
4010,_
S7630,S763
P12,P129
O8940,O894
S3450,S345
D2490,D24
S1430,S143
R84,R849
S3601,S3601
M7953,M7953
A016,_
A291,_
O365O2,_
W104,_
F841,F841
C693,C693
Q686,_
1679,_
Z3706,Z370
C0639,_
H244,_
C4010,C401
A332,A33
C056,_
6459,_
L240,L240
S6431,S643
N0389,N038
M7282,M7282
M2416,M241
M9830,_
M5137,M513
M4699,M4699
Z01214,Z012
Z011G1,_
K3450,_
W0358,_
O743,O743
O7091,O709
0304,_
O6288,O628
M7601,M760
H003,_
Z3A1,_
H2081,H208
O8239,_
S0890,S089
O387,_
D061,D061
J3912,J391
W0131,_
S9801,S980
W9488,_
T2130,T213
T2231,T223
V1209,_
M9844,_
H327,_
3220,_
I8492,I849
W8738,_
S4001,S400
D2322,D232
W1920,_
O6068,_
J8199,J81
W0299,_
O086,O086
0019,_
Q738,Q738
F061,F061
V2530,_
V243,_
O649O1,_
W2503,_
P949,P949
B959,_
S46,S469
599,_
F482,_
W3409,_
R947,R947
D5050,_
P386,P38
M8251,_
E1195,E119
M0101,M0101
O784,_
8310,_
M1425,M142
N338,N338
J877,_
B151,_
A250,A250
T0341,T034
P160,_
M4114,M4114
Q8500,Q850
F2081,F2081
T653,T653
M5950,_
J8690,J869
H167,_
3789,_
S8302,S830
O0698,O069
G89,_
S132,S132
V2649,_
Z691,_
F746,_
Z4128,Z412
W0102,_
M9737,_
P304,_
R081,_
A968,A968
Q13,Q139
W1988,_
L9550,_
I867,_
K7200,K720
E871E,_
O622Z3,_
H549,H549
S3186,S318
B274,_
H228,H228
M1692,M169
O0110,O011
W1943,_
O386,_
O883,O883
B077,B07
M1205,M1205
M8161,M8161
M9,_
X4681,_
D1311,D131
M96,M969
H9310,H931
M7049,M7049
S4000,S400
V2499,_
7793,_
Z9079,Z907
C4331,C433
Z604,Z604
T2500,T250
Z380J,_
M2486,M2486
C476,C476
M6090,M6090
M2607,_
W800,_
D967,_
J4530,_
M3050,_
M2512,M2512
M5116,M511
L7682,_
N095,_
C22O,_
O9986,O998
W1888,_
0049,_
E8800,E880
S5189,S518
D0513,D051
T392,T392
L708,L708
T4551,T455
W1089,_
V2751,_
J3382,J338
J9509,J950
J0802,_
M1032,M1032
L9849,L984
Y9269,_
B392,B392
Q1001,Q100
L559,L559
Y059,_
V0294,_
P689,_
Z9841,_
L599,L599
R353,R35
M2344,M2344
W5700,_
J0392,J039
O4860,O48
1700,_
L292,L292
O282,O282
K84,_
K7664,K766
J25,_
H4042,H404
C9010,C901
Y3462,_
O9113,O911
E0921,_
B251,B251
N633,N63
H7210,H721
2730,_
S4510,S451
A605,_
P818,P818
U069,_
A060E8,_
F1005,F1005
F1013,F101
M1896,M189
M8953,M8953
D4007,D400
M9019,M9019
S804,_
C635,_
C7887,C788
C647,C64
V2304,_
Z328,_
S486,_
S3103,S310
D2210,D221
V679,_
G5603,G560
S9305,S930
T8279,T827
M183,M183
M309,_
E142A3,_
A162K9,_
E678,E678
0688,_
S3011,S301
0713,_
Z732,Z732
R89,R899
H620,H620
T3020,T302
J3401,J340
D2191,D219
G3481,_
M6609,M6609
O3459,O345
C8461,C846
K06,K069
8111,_
I15,I159
T0091,T009
D052,_
M2465,M2465
O4020,O40
J0000,J00
H6080,H608
C813,C813
Y13,_
T0I9,_
O290,O290
S6818,S681
O3390,O339
K524,_
C0281,C028
H1040,H104
M8308,M8308
Z0012,Z001
Z011D,_
B659J17,_
Q934,Q934
Z0013,Z001
FP101,_
W832,_
N2003,N200
E2142,E214
W841,_
W4922,_
V0204,_
K215,_
S193,_
Z11,Z119
M0242,_
B8290,B829
X709,_
E201,E201
O9820,O982
V6499,_
Z124,Z124
E7482,E748
T90,T909
G099,G09
M2561,M2561
S5620,S562
H2120,H212
R2292,R229
E025,E02
B47,B479
H3021,H302
D574,_
H3621,_
A513,A513
M4900,M4900
K927,_
S9022,S902
O614,_
Z3143,Z314
I0999,I099
L341,_
C2569,_
B221,B221
H4025,H402
J934,_
W1299,_
X1009,_
440,_
Z0803,Z080
M9184,M918
W1328,_
S3912,_
H0401,H040
C0620,C0620
K2101,K210
M7880,_
V4749,_
W32,_
T0680,T068
Y2799,_
D084,_
E142T,_
M9959,M995
O657,_
E828,_
V019,_
T1402,T140
P095,_
K231,K231
F605,F605
S9681,S968
M8222,_
E341,E341
M0590,M0590
O821Z1,_
X1590,_
M0085,M0085
G435,_
I120M1,_
K9225,K922
O669Z3,_
P000Z3,_
L0253,_
X840,_
U5090,_
C8099,C809
C8090,C809
C854,_
S7223,S722
D1611,D161
G5900,G590
I775,I775
M7441,_
N4851,N485
S0889,S088
Z453,Z453
D0360,D036
O181,_
D2420,D24
K2A,_
L323,_
E6861,E68
O2210,O221
S6364,S636
N087,_
E899,E899
N975,N975
O7000,O700
A980,A980
W6980,_
K959,_
R520,R520
H1505,H150
I845I,_
T100,T100
M6207,M6207
V124,_
M9900,M9900
S5811,S581
S388,_
Q171,Q171
Z491DURE,_
I129SCLEROSIS,_
N039ULONEPHRITIS,_
Q7220,Q722
E1444,E144
K291Q,_
E116E,_
O159O3,_
J3592,J359
T042,T042
D3440,D34
S5259,S525
H0589,H058
T3021,T302
S8209,S820
H5270,H527
L0270,_
D2220,D222
L8190,L819
L7271,_
T8530,T853
C3479,_
C2180,C218
K2879,K287
W1789,_
W1494,_
7246,_
Z3076,_
Q133,Q133
R631,R631
Y3199,_
O97,O97
U5000,_
K0681,K0681
G437,_
P321,_
H4990,H499
S3651,S3651
T464,T464
M196,_
Y6199,_
A252,_
K003,K003
W1749,_
M4197,M4197
H2709,H270
L9501,L950
V4299,_
S9141,_
V2909,_
Q1618,Q161
N1123,_
M5458,M5458
N200N4,_
G152,_
D1451,_
Z3032,Z303
7900,_
Q810,Q810
W490,_
Z7310,Z731
N2311,N23
U541,_
D2391,D239
P485,_
N8310,N831
K6103,K610
O1606,O16
J3000,J300
I0380,_
K5792,K579
H22,_
S867,S867
Q860,Q860
S781,S781
Z907Z3,_
M3220,_
F0280,F0280
M0500,M0500
D1730,D173
M9657,M965
S0091,S009
Z37Z,_
T0180,T018
P121,P121
Y530,_
A015,_
E1412,E141
E664,_
Z3704,Z370
Z274,Z274
G9529,G952
Y9200,_
A1839,A183
P1281,P128
M9816,_
H0262,H026
Z4181,Z418
Z8900,Z890
V0449,_
C4931,C493
V2847,_
R5911,R591
W0189,_
Z1890,_
W4092,_
T652,T652
J1896,J189
252,_
Q395,Q395
O9900,O990
S169,S16
S6802,S680
S9135,S913
L799,_
C7938,C793
T8339,T833
D507,_
O8909,O890
H9881,_
I1095,I10
O28,O289
M8509,M8509
C4450,C445
L2591,L259
C5094,C509
E181,_
C497,_
A995,A99
H415,_
J712,_
0358,_
N8360,N836
R153,R15
J422,J42
R431,R431
P102,P102
M4852,M4852
M8465,_
W8742,_
E1052,E105
Z4318,Z431
R5610,_
G2629,G26
S3183,S318
U0I,_
W2098,_
W1013,_
O732,_
P0521,P052
G984,G98
R937,R937
J610,J61
H002,_
B875,_
E65,E65
P149,P149
J224,J22
J855,_
B0281,B028
G5101,G510
N7390,N739
Q6101,Q610
W344,_
C584,C58
D3190,D319
H6680,_
N3280,N328
H4087,H408
D4852,D485
Q6211,Q621
I538,_
M2589,M2589
C6201,C620
D649J1,_
M195,_
O3401,O340
5670,_
M8965,M8965
I403,_
T9331,T933
D1632,D163
W3401,_
M1301,M1301
M1253,M1253
I234,I234
V693,_
Y0442,_
124,_
W225,_
S7209,S720
H7011,H701
N1085,N10
H5940,_
H594,_
S4611,S461
N8980,N898
N9069,N906
Y300,_
K1371,K1371
K0921,K0921
I8425,I842
S5199,S519
Z380PO25,_
V6249,_
V312,_
H115,_
X9491,_
T2660,T266
Q293,_
O6499,O649
N6481,N648
O821Z4,_
B602,B602
S0208,S020
S822O1,_
E790K2,_
E116N1,_
O630O1,_
K2975,K297
V2501,_
Y369,_
M4112,M4112
Y936,_
F141,F141
O3428,O342
W296,_
N8832,N883
I7761,I776
K136,K136
R5400,R54
O772,_
P682,_
C0890,C089
D2492,D24
O945,O94
O705,_
M2415,M2415
F505,F505
Q28,Q289
G279,_
H3110,H311
N953,N953
Q769,Q769
Z3721,Z372
Z94,Z949
Q677,Q677
A4891,_
L60O,_
S3739,S373
M5104,M510
I3189,I318
S8340,S834
I825,_
H6241,H624
S018W2098,_
Q3599,Q359
M0138,M0138
A1612,A161
K783,_
W1819,_
M5494,M5494
H0208,H020
G24,G249
K4691,K469
W1900,_
N1301,N130
X581,_
I268,_
V837,_
L7988,_
C648,C64
E789N3,_
A472,_
O669O9,_
W2289,_
T8789,_
W504,_
M511DAGGER,_
B2090,B209
P685,_
A330,A33
M7930,M7930
C814,C814
E1193,E119
O913,_
C843,C843
M8923,M8923
H1607,H160
040,_
O8O,_
M2413,M2413
D0501,D050
1472,_
840,_
B11,_
2232,_
B721,B72
T496,T496
Z813,Z813
M0412,_
M955,M955
H0442,H044
Z01215,Z012
V302,_
673,_
F639,F639
H9221,H922
H844,_
L504,L504
R4182,R418
W5408,_
I2349,I234
K445,_
W5592,_
G0481,G048
D025,_
B872,B872
H061,H061
B3789,B378
R82,R829
Q294,_
M2343,M2343
Q394,Q394
G711,G711
L24,L249
H678,H678
K1300,K1300
O6623,O662
Y3464,_
5210,_
N1885,N188
F880,F88
G361,G361
G043,G043
N083X,_
M5323,M5323
A6692,A669
X487,_
J363,J36
Z859,Z859
X25,_
O6839,O683
Z9830,_
698,_
O6O9,_
T863,T863
2521,_
H1788,H178
N1179,_
G5702,G570
B448,B448
O885,_
S2740,S2740
M1961,_
A1651,A165
M5490,M5490
I619G467,_
Z01216,Z012
T507,T507
G545,G545
S3709,S370
D824,D824
Y330,_
H345,_
C468,C468
W5049,_
C4828,C482
E861E8,E86
R439,_
D621,D62
R648,R64
J89,_
P2202,P220
M7530,M753
A471,_
I753,_
K5720,K572
F290,F29
L238,L238
T3003,T300
D428,_
H1130,H113
N1321,N132
N651,_
O482,O48
Z266,_
Z195,_
M6553,_
E093,_
I6341,I634
E1I9,_
Z485,_
O949,O94
N344,_
B75,B75
Z97,_
Z839,_
S6143,_
B970,B970
H2801,H280
T929,T929
W4492,_
J4552,_
H8113,H811
K319I,_
M8939,M8939
1309,_
M2557,M2557
J825,J82
S6307,S630
D556,_
P249_,_
K160,_
Q1502,Q150
L736,_
B892,B89
O234O6,_
W0151,_
J207,J207
J6904,J690
M687,_
S7527,S752
H2131,H213
L5897,L589
7379,_
Z9613,Z961
6500,_
C4118,C411
T208,_
N2014,N201
M64,_
S8322,S832
C2211,C221
S457,S457
S643,S643
J0682,J068
K4490,K449
J0102,J010
T7541,T754
M570,_
O244E,_
Z656,_
K170,_
J1111,J111
S3340,S334
H5319,H531
Q982,Q982
T743,T743
Z649,_
O9998,_
G598,G598
Z392Z3,_
G99O,_
V1889,_
A97O,_
S5670,S567
O766,_
Z54,Z549
Y600,_
H1822,H182
W63,_
M401,M401
N6021,N602
C452,C452
Z8744,Z874
Q226,Q226
Q573,_
C4022,C402
E412,E41
D243,D24
M4329,M4329
0815,_
C4712,C471
99360,_
I6500,I650
H0311,H031
T267,T267
Y71,_
B530,B530
W0113,_
H9112,H911
N6302,N63
M7263,M7263
S8031,_
Z37O0,_
S1980,S198
H7440,H744
W1392,_
W8598,_
T934,T934
A0602,A060
L14,L14
S1291,S1291
M8586,M8586
Y828,_
M8912,M8912
M6702,M670
M8434,M8434
N706,_
A902,A90
X6009,_
M0634,M0634
V324,_
I277,_
J1683,J168
R4090,R409
S0801,S080
C1801,C180
S8332,S833
L27,L279
N8530,N853
D987,_
R261,R261
R877,R877
S4042,_
J807,J80
N8031,N803
G4021,G402
A9710,_
S4243,S424
S8440,_
D209,_
N3001,N300
M7013,M701
M7084,M7084
N231,N23
H4620,H46
M7790,M7790
H14,_
335,_
Q846,Q846
R887,_
1518,_
Q861,Q861
K1491,K149
M0639,M0639
L,_
V272,_
S1420,S142
S5254,S525
L4002,L400
M8171,_
S4331,S433
W9199,_
M1927,M1927
V536,_
Q7409,Q740
A5216,A521
M7678,M767
O692O9,_
E050I7,_
O717O7,_
K1191,K119
J780,_
K0810,K081
Z8990,Z899
K5466,_
V2898,_
I1469,_
J945,_
I1845,_
V2298,_
I1909,_
C4792,C479
D2361,D236
D3754,D375
Q41,Q419
C630,C630
D4012,D401
5390,_
E0789,E078
E754,E754
P6034,P60
M9652,M965
E567,_
1498,_
H3121,H312
H1045,H104
V0909,_
T709,T709
J8490,J849
S906,_
W3459,_
Z736,Z736
Z3981,_
O2620,O262
W3192,_
W8798,_
V8992,_
0252,_
I497,_
M824,_
B380,B380
P9166,P916
V1809,_
G905,_
J6893,J689
N4281,N428
O0339,O033
T0191,T019
S9590,S959
W5469,_
X5001,_
J441E1,_
B67,B679
M9063,M9063
L552,L552
R2689,R268
A4139,A413
D994,_
M1033,M1033
M9320,M9320
D2241,D224
L9731,L97
C5041,C504
K5649,K564
M718,M718
G8199,G819
O800Z0,_
Y569,_
E780K8,_
Z372O7,_
N5499,_
O662O2,_
R5201,R520
J446,_
N006,N006
E2791,E279
N2880,N288
M3219,M321
B355,B355
M7295,M7295
I599,_
E450,E45
V2004,_
M8929,M8929
O4590,O459
O0480,O048
N329D6,_
O648O9,_
C1980,C19
L0482,L048
N1232,N12
O5099,_
C7959,C795
K057,_
D659,D65
K0713,K0713
W0162,_
Z37OO62O,_
O0619,O061
3Z2,_
H2693,H269
237O,_
I264,_
W2096,_
0269,_
Z2461,Z246
Z243,Z243
M3180,M318
Z306,_
L430,L430
V2808,_
Z355O4,_
M290,_
Z3751,Z375
I1096,I10
T820,T820
B039,B03
N423,N423
S1480,_
W3599,_
V0440,_
E1351,E135
S3052,_
M8622,M8622
L0337,L033
W3402,_
I270J4,_
F167,F167
G4500,G450
O6300,O630
E540,E54
F1010,F101
D259Z9,_
E119I2,_
J355,_
J960K9,_
C509J,_
C119Z,_
C349Z,_
A301,A301
M4886,M4886
961,_
R116,R11
I8431,I843
I8471,I847
K6381,K638
C7957,C795
Z3850,Z385
H1501,H150
Z9550,Z955
P0009,P000
Z356O9,_
Q82,Q829
K9173,_
G4739,G473
5528,_
O0021,O002
E976,_
M2604,_
K075,K075
G989,G98
O0820,O082
S3182,S318
I1O9,_
J093,J09
T061,T061
C879,_
B719,B719
N284,_
S6500,S650
T924,T924
S8298,S829
A5400,A540
0920,_
B21,B21
G323,_
A145,_
S168,S16
W539,_
M066,_
V2342,_
K7614,K761
S0025,S002
I109A1,I10
Q910,Q910
E164,E164
T009W198,_
U892,_
C509Z,_
I101J0,I10
Y180,_
Q139,Q139
Q136,_
Q135,Q135
O59,_
M7651,M765
A950,A950
R517,R51
W8094,_
C1690,C169
O383,_
3930,_
P0099,P009
N784,_
M9653,M965
M515,_
C232,C23
G5620,G562
539,_
Y576,_
N612,N61
J9609,J960
K305,K30
A0362,_
K038,K038
S5682,S568
G782,_
F112NO83,_
S702,_
H6099,H609
M4296,M4296
M1496,_
O504,_
D788,_
W33,_
B3322,B332
R79,R799
A927,_
L102,L102
M342,M342
2600,_
O745,O745
K0470,K047
Z356O3,_
I109D,I10
Y2889,_
W5489,_
N408,N40
D2140,D214
S3292,_
O8296,O829
O60O,_
R1313,R13
G230,G230
J833,_
J455,_
S5258,S525
I2584,I258
1179,_
J1877,_
M905,M905
H4320,H432
H1929,H192
H1882,H188
K674,_
N039B,_
V445,_
D355,D355
Y0599,_
W7099,_
S2040,S204
O4112,O411
I2120,I212
O37,_
E970,_
T2510,T251
Y048,_
E122NO83,_
K890,_
A1811,A181
M174,M174
H1050,H105
M0700,M0700
X270,_
K7306,K730
S219LAYERCLOSUREOFWOUNDSO,_
Z64,_
M0012,M0012
J1981,_
V593,_
T1449,T144
D849C,_
N390D6,_
N19E,N19
W0152,_
E900,E90
T410,T410
K529E861,_
2345,_
B454,_
W55ANIMAL,_
T031,T031
T1300,T130
R0211,R02
K706,_
H2002,H200
H632,_
Z053,_
K193,_
X66,_
J648,J64
M4762,_
064,_
R29,_
O680O3,_
A560,A560
S481,S481
B149,_
O2444,O244
R1903,R190
M7022,M7022
P172,_
K427,_
T3000,T300
F188,F188
T2512,T251
C068,C068
Y814,_
L824,L82
Z3670,_
E1442,E144
O625,_
T430,T430
W779,_
W070,_
K3299,_
S187,S18
X3604,_
R5912,R591
S0068,_
D2341,D234
W4430,_
W4598,_
C9411,C941
Z972,Z972
H6642,H664
M1926,M192
F929,F929
V349,_
E6609,E660
R5701,R570
W4572,_
W4521,_
P056,_
X5979,_
M9301,M930
2001,_
M0896,M0896
J4590J481,_
Z01217,Z012
W5589,_
D259T,_
C259N,_
D329I,_
O654O3,_
V429,_
D8702,_
T570,T570
K679,_
Y0929,_
0341,_
Z9013,Z901
C8101,C810
Z017,Z017
N3220,N322
N1350,N135
B126,_
J4792,J47
S2722,S272
I133,_
T4490,T449
S6089,S608
M4322,M4322
V330,_
C6440,C64
0310,_
R391,R391
E8720,E872
A1419,_
S773,_
O888,O888
I8450,I845
I109N,I10
H5400,H540
M1971,_
K297I2,_
8876,_
L082,_
M2555,M2555
H5241,H524
M4217,M4217
S893,_
E768,E768
M4628,M4628
S358,S358
Y4999,_
Q7401,Q740
7749,_
1793,_
K10,K109
D111,_
Q,_
C8583,_
K682,_
S9234,S923
M9873,_
D071,D071
J9841,J984
M148,M148
R194,R194
Q5323,Q532
Y636,_
B53,_
S6369,S636
S9093,S909
S6320,S632
R412,R412
1299,_
E84,E849
S458,S458
M8092,M8092
W8702,_
H13I,_
S892,_
I473,_
Q7222,Q722
M8633,M8633
P522,P522
T9530,T953
S2370,_
J192,_
O9966,O996
A221,A221
M155,_
L0204,L020
I2100,I210
C541Z,_
C859Z,_
I5O0,_
S3190,_
1278,_
1739,_
M4059,M4059
C6950,C695
C4391,C439
M4323,M4323
M2142,M214
M8532,M8532
V446,_
Q624,Q624
I8423,I842
S744,_
K367,K36
M698,_
N757,_
Z422,Z422
Z390P9,_
W102,_
W114,_
N8091,N809
D1271,D127
E142N038,_
A921,A921
Z0141B,_
O4321,O432
O12O,_
M9910,M9910
E1460,E146
L945,L945
I6909,I690
S815,_
M9533,M953
V5959,_
S25,S259
Y0008,_
O376,_
R079,_
S9277,S927
S820S,_
M9952,M9952
N690,_
O808Z1,_
T517,_
S1982,S198
N8588,N858
D749,D749
M136,_
I378,I378
X969,_
N8081,N808
A5439,A543
L8981,L89
J9009,J90
W4901,_
Z946,Z946
G580,G580
M1019,M1019
W2100,_
R684,_
R,_
O654Z,_
C189Z,_
J960I6,_
M8717,M8717
G564,G564
R2294,R229
B0770,B07
0399,_
C1811,C181
Q5320,Q532
M9081,M9081
S5421,S542
R771,R771
E83I,_
T39,T399
W870,_
Q892\,_
H6640,H664
Z4660,Z466
N9380,N938
W2899,_
V584,_
L7212,L721
L7219,L721
M5382,M5382
I5I7,_
V0201,_
Y960,_
E90E,E90
S0072,S007
H5092,H509
M6223,M6223
M4124,M4124
N7099,N709
P7889,P788
J9490,J949
M7610,M7610
5499,_
C539Z,_
O129,_
C8593,C859
D0702,D070
H0296,H029
H8640,_
Z380I3,_
M2392,M2392
H2200,H220
O990O6,_
H2109,H210
H2528,H252
N712,_
D39O,_
P30,_
T8450,T845
S4249,S424
E460,E46
Z30018,Z300
V3268,_
M1120,M1120
E082E,_
G461,G461
V0940,_
Y467,_
T428,T428
R786,R786
R514,R51
N189OD65,_
T2430,T243
Y434,_
Y159,_
C3493,C349
M6250,M6250
K2981,K298
X9948,_
X1208,_
T558,T55
O055,O055
S3731,S3731
X0990,_
O7893,_
M2199,M2199
W2504,_
W2609,_
T187,_
O472,_
2590,_
0389,_
S9711,S971
Y328,_
J9460,_
C860,C860
F51,F519
G892,_
S8089,S808
N8106,N810
D080,_
K1130,K113
C1893,C189
M4690,M4690
G643,G64
O8OO,_
W551,_
FP01,_
R2022,R202
W5508,_
J4090,J40
P781,P781
E679,_
A115,_
B101,_
M6028,M6028
M8424,M8424
O8020,_
N0990,_
B518,B518
Y0492,_
S9038,S903
G5700,G570
R95,R95
X4872,_
W5100,_
Z382SINLGELIVEBIRTH,_
K608,_
B92,B92
C787C,_
3671,_
M9426,M9426
M6561,_
H808,H808
P110,P110
S1201,S1201
M9695,M969
Y3430,_
C4372,C437
O8400,O840
A681,A681
M8595,M8595
G798,_
I930,_
N2390,N23
W0309,_
V300,_
K4601,K460
W0100,_
M2566,M2566
F428,F428
C92M9861/3,_
W0120,_
N3950,_
W512,_
M110,M110
W6989,_
X5830,_
Z835,Z835
I544,_
I619E1,_
N390I1,_
J891,_
S5621,S562
M090,M090
V271,_
W204,_
S2551,S255
Z841,Z841
C679M,_
M4627,M4627
O285,O285
M8121,M8121
Z380N8,_
E581,E58
K476,_
N1396,N139
X5499,_
M8499,M8499
E86I,E86
T414,T414
X194,_
M9857,_
E142NO38,_
P216,_
O148,_
Z574,Z574
W154,_
Y0498,_
O076,O076
FP011,_
W1048,_
S3211,S3211
R0600,R060
S2207,S220
D516,_
H3093,H309
K2710,K271
M8543,M8543
M4830,M4830
I6I9,_
M151,M151
J2091,J209
Q126,_
M8743,_
Q167,_
Q165,Q165
C5299,C52
M8710,M8710
591,_
C6181,C61
R2233,R223
I8422,I842
N3011,N301
R443,R443
H32,_
J362,J36
E633,_
M7906,M7906
L761,_
Z4398,Z439
P759,P75
X57,_
3878,_
M7226,M722
O627,_
S8002,S800
916,_
W0333,_
D892,D892
O80Z370,_
080Z370,_
080Z,_
L9181,L918
B825,_
X4609,_
Y499,_
I6381,I638
S4021,_
O8291,O829
E1440,E144
T8613,T861
X539,_
V9979,_
T330,T330
Z43,Z439
S87,S879
N0939,_
V4552,_
C859D,_
C145,_
I782,_
F13,F139
C7610,C761
G485,_
Q5251,Q525
B0525,B052
171,_
V143,_
M7666,M7666
O534,_
J70,J709
K2910,K291
S6659,S665
D417,D417
W274,_
I2451,_
K349,_
M5468,M546
D1410,D141
Y538,_
H2153,H215
W0689,_
N262,N26
E990,_
Z011C,_
Z011G2,_
Z011H1,_
Z011H2,_
JO39,_
56400,_
A15A,_
S0099,S009
O115,O11
S8929,_
S4171,S417
W3169,_
B3530,B353
S1193,S119
O2332,O233
S2600,S2600
W54A,_
L08P,_
M9520,M952
H5230,H523
T407,T407
6939,_
I2720,I272
K2318,K231
E3,_
W1984,_
M9686,M968
M9261,M926
S6691,S669
T37,T379
C8357,C835
H1070,_
M7208,M720
W5973,_
O258,O25
Y185,_
J0639,_
R735,_
R611,R611
O0700,O070
M943,M943
R5710,R571
E1410,E141
J218,J218
N2083,_
E57,_
M9312,M931
X6299,_
N75O,_
T41,_
M6520,M6520
Z0131A,_
Z01218,Z012
P00002,P000
S1590,S159
M7700,M7700
58,_
T2520,T252
W2692,_
I6601,I660
X4109,_
J880,_
W2931,_
W2351,_
W194,_
S9851,_
M8592,M8592
M8676,_
Z873,Z873
9369,_
I398,I398
V4049,_
Z380E6,_
D649I,_
G5904,G590
G5604,G560
5859,_
J4999,_
T7932,T793
S0008,S000
D860,D860
E347,_
P1724,_
Z3540,Z354
S8780,S878
T54,T549
Z423,Z423
K5090,K509
1491,_
M8670,_
4183,_
K0980,K0980
D455,D45
S3999,S399
M9534,M953
C7101,C710
B202,B202
H252I,_
E8600,E86
Q215,_
V449,_
T9301,T930
T6999,T699
M7630,M7630
Q7002,Q700
X1799,_
O7200,O720
O3654,O365
O809O6O9,_
J4700,J47
A008,_
R560A9,_
S7244,S724
G8384,G838
O800O,_
D314,D314
G581,_
C128,C12
S8106,S810
Z741,Z741
Z374Z3,_
H3413,H341
W494,_
S742,S742
I7020,I7020
S6814,S681
W309,_
E618,E618
O2301,O230
B890,B89
430,_
M4106,M4106
W246,_
0231,_
N84O,_
G681,_
Q779,Q779
X8389,_
S581,S581
R955,R95
G19,_
D4699,D469
R0420,R042
T87,_
L253,L253
V1898,_
Z3090,Z309
A959,A959
E0964,_
S6706,S670
B3531,B353
H8142,H814
X3099,_
H8,_
R18C,R18
D638N1,_
S010E1,_
X392,_
D0590,D059
M8911,M8911
X4562,_
O680Z3,_
B051G020,_
O560,_
R333,R33
N6033,N603
B0741,B07
M2188,M2188
C4922,C492
Q1051,Q105
M4909,M4909
Z447,_
O736,_
S6412,S641
H1103,H110
J4551,_
O0692,O069
M9811,_
E7489,E748
Q919,_
T738,T738
I4999,I499
C006,C006
D546,_
P083,_
M9693,M969
B192,_
M9694,M969
V125,_
M5434,M543
B902,B902
S6580,S658
M1400,M140
E1350,E135
H1039,H103
W2350,_
V769,_
A1620,A162
D4859,D485
N039E7,_
I2319,I231
M7970,M7970
P170,_
M9761,_
M7032,M7032
N50,N509
C225,_
R98,R98
P0506,P050
M0289,M0289
K230,K230
V8899,_
Z949,Z949
R6203,R620
1635,_
Z1389,Z138
1971,_
0500,_
A788,A78
D3700,D370
S087,_
G942,G942
3870,_
S2109,S210
H3401,H340
D389,_
V321,_
E54,E54
M8038,M8038
D755,_
X4962,_
Z4671,Z467
Q403,Q403
B664,B664
I279K,_
H4321,H432
I119N1,_
A152I1,_
D432I,_
A152I2,_
A152E1,_
S288,_
M323,_
N081,N081
G462,G462
C035,_
T434,T434
O4103,O410
S2699,S269
C890,_
M0010,M0010
M9190,M9190
Z3493,Z349
P0341,P034
K90,K909
L112,_
I216,_
L6062,_
L0660,_
R1612,R161
H2413,_
M7262,M7262
F723,_
C9219,C921
D841,D841
K320,_
O821O3,_
B469,B469
V3719,_
D1217,D121
N0836,N083
Y0719,_
W2048,_
G2780,_
H6188,H618
W3404,_
V795,_
M6202,M6202
M1044,M1044
X1203,_
T2422,T242
D4811,D481
I120M,_
K291N4,_
C349A,_
A4149,A414
G4082,G408
H312,H312
R0481,R048
N67,_
Y772,_
H3328,H332
O7119,O711
M8992,M8992
M132,_
L0430,L043
N1039,N10
O805,_
Q730,Q730
P188,_
H1520,_
V214,_
F911,F911
O8303,O830
V3214,_
W5149,_
W8559,_
E462,E46
O2999,O299
0717,_
J3302,J330
T7,_
Y519,_
I120Z,_
M636,_
FB001,_
T590,T590
S9840,S984
K1109,K110
I622,_
K2926,K292
D0330,D0330
E2820,E282
N395,_
K5142,K514
O7140,O714
68,_
N0809,N080
E0502,E050
H4069,H406
703,_
S64,S649
V918,_
M2762,_
K9309,K930
V492,_
V91,_
P065,_
E1411,E141
W4491,_
S0104,S010
D404,_
Y0199,_
M8145,M8145
T078,T07
O425,_
X9499,_
M5320,M5320
Y447,_
H9511,H951
H195,_
M8418,M8418
M4382,M4382
90395,_
A427,A427
O6800,O680
S9521,S952
D2930,D293
S2113,S211
Z8639,Z863
J3410,J341
V8784,_
Z4360,Z436
W0951,_
M7796,M7796
H3381,_
H4880,H488
Z380Q,_
K1151,K115
I4519,I451
R538,R53
D1400,D140
F633,F633
F980,F980
I8280,I828
Z491URE,_
Y541,_
O7O2,_
T9312,T931
G391,_
M4888,M4888
V122,_
S795,_
1691,_
M828,M828
S8660,_
M1361,_
Z83,_
X479,_
I469J1,_
K6259,K625
J3400,J340
Y478,_
I1239,_
G0381,G038
C7670,C767
W0690,_
X9940,_
Z3929,Z392
T8283,T828
Q124,Q124
R978,_
T1102,T110
M202,M202
08O9,_
K2991,K299
H3130,H313
P1341,P134
Z9981,Z998
081,_
M8083,M8083
K5791,K579
Z3688,Z368
232,_
I6690,I669
Y911,_
W0920,_
F818,F818
W52,_
A111,_
V8779,_
C6991,C699
K9184,K918
G6291,G629
M806,_
P309,_
C4371,C437
J024,_
B346,_
E311,E311
S484,_
W0143,_
E724,E724
H153,_
I500J4,_
J1093,_
M1362,_
M6710,M6710
W255,_
M7184,M7184
N9185,_
N8591,N859
O620Z3,_
C367,_
D25Z,_
C9109,C910
P099,_
770,_
Z016,Z016
K8060,_
B0880,B088
P26,P269
W1773,_
A808,_
I068,I068
G626,_
T7830,T783
Q1501,Q150
K565C,_
Q216,_
W2130,_
T7801,T780
V530,_
996,_
K610N,_
E321,E321
V682,_
R1319,R13
I9824,I982
P925,P925
Y748,_
W7399,_
7241,_
Y5962,_
T7981,T798
1615,_
I499A1,_
B920,B92
T1992,T199
T1991,T199
S488,_
S1314,S1314
D4853,D485
O80OZ37O,_
M36,_
K5711,K571
T033,T033
T8747,T874
H4322,H432
N3321,_
M4716,M4716
O4450,_
E531,E531
W28,_
B772,_
Z01591,Z015
Z0157C1,_
O2302,O230
V0949,_
Z370X0,_
A9700,_
Z9600,Z960
O077,O077
X9919,_
A3601,A360
O793,_
R56O,_
S3410,S341
T364,T364
S681TYPEA,_
M8074,_
E308,E308
Y069,_
T081,T081
Z7901,_
E8153,_
E1149,E114
K4041,K404
W54ANIMA,_
D0231,D023
S587,_
F145,F145
O0012,O001
P531,P53
I5083,_
E165,_
L8580,L858
D4812,D481
M2120,M2120
H3120,H312
C445M3,_
Z0159,Z015
S3170,S317
W0804,_
W2849,_
X438,_
Y483,_
V2008,_
E1439,E143
M5433,M543
F121,F121
X62,_
M8243,_
X792,_
630,_
M6264,M6264
O6012,O601
A6090,A609
Z527,Z527
T0930,T093
R151,R15
V4342,_
M0536,M0536
W864,_
B849,_
L0263,_
T6589,T658
K063,_
B3,_
R2204,R220
L936,_
M9077,M9077
S0522,S052
J592,_
A6519,A65
N1619,N161
T792XXA,_
O7210,O721
L573,L573
S6902,_
O143,_
W0724,_
X7999,_
V2344,_
G4489,G448
P2511,P251
21505,_
B073,B07
T73,T739
T715,T71
N024,N024
6938,_
D6860,D686
L632,L632
E989,_
Z372O,_
Z803,Z803
V994,_
X5091,_
V405,_
Y0497,_
F638,F638
I469RO42,_
V362,_
K4309,K430
D511,D511
X955,_
B017,_
M5199,M519
E621,_
C109C,_
J441N0,_
Z814,Z814
M8469,_
H4441,H444
68O,_
C058,C058
336,_
Z8742,Z874
O1414,O141
E29,E299
F123,F123
M9483,M9483
F06,F069
D494,_
L659,L659
W1748,_
Y513,_
10500,_
4500,_
H288,H288
I180,_
P0700,P070
F519,F519
M0800,M0800
F53,F539
S33,_
D3761,D376
T48,_
Z192,_
M1047,M1047
M5440,M5440
Z3042,Z304
7418,_
M5309,M5309
Y900,_
N868,N86
N7479,_
R576,_
H1739,_
K984,_
P8350,P835
M3289,M328
W4404,_
X0962,_
V2341,_
D921,_
T79A7,_
O3218,O321
N8982,N898
M289,_
W0462,_
W1118,_
T0109,T010
M8456,_
P339,_
L1891,_
O0604,O060
H2240,_
125,_
T531,T531
Z01219,Z012
Z01220,Z012
O739,_
W8599,_
A4390,A439
M7730,M7730
C229C,_
Z4101,Z410
X5952,_
B0290,B029
1359,_
H626,_
Q3792,Q379
G302,_
W147,_
T1099,T10
G9600,G960
T7999,T799
E876J,_
V866,_
E052J,_
K595,_
A6000,A600
J44I,_
Z473,_
D65Q,D65
H1000,H100
N039E1,_
I251Z9,_
M106,_
F165,F165
M499,_
I013,_
A110,_
Z3806,Z380
H35O2,_
B0050,B005
D0220,D022
F420,F420
D63O,_
H24,_
V490,_
Y0049,_
W5048,_
Z37B,_
R329,R32
G43A1,_
Z0390,Z039
H11OO,_
K799,_
J8899,_
S819W2299,_
CR0250,_
J0383,J038
S42001,S42001
C7933,C793
W1889,_
P300,_
S0209,S020
A034,_
V2992,_
F804,_
W508,_
S73,_
W223,_
D4786,_
I0730,_
Z9010,Z901
O244O6,_
M0828,M0828
O122,O122
N461,N46
N0830,N083
J480,_
W2680,_
B361,B361
O8080,O808
A1813,A181
S4692,S469
O50,_
E747,_
O9800,O980
2465,_
Y6999,_
Z3480,Z348
S8901,_
Y872,_
E744,E744
K288,_
S525O,_
S7237,S723
M1650,M165
E884,_
L2489,L248
K0730,K0730
0O5,_
C349C,_
M7888,_
J441K9,_
A3502,A35
O385,_
N622,N62
H03,_
L41,L419
M8783,M8783
Q6660,Q666
0652,_
B3741,B374
N6312,N63
K796,_
K553,_
J8521,J852
H5341,H534
V379,_
J3600,J36
42,_
G979,G979
F434,_
T052,T052
H3349,H334
Z011A,_
V301,_
X6998,_
358,_
X9992,_
X821,_
E1462,E146
Q1600,Q160
M4341,M434
V585,_
D6206,D62
K0499,K049
I025,_
I530,_
M3406,M340
E193,_
R518,R51
J4312,J431
C0012,C001
Q113,Q113
M8731,M8731
H2082,H208
M9601,M960
C126,C12
B439,B439
S9114,S911
Z370PO81,_
O600O0,_
9073,_
N179V,_
K5960,_
S9172,S917
T408,T408
R080,_
S3102,S310
P272,_
N078,N078
M9240,M924
M1820,M182
S8590,S859
N6491,N649
S9122,S912
N056,N056
B5801,B580
S6314,S631
S9819,S981
A61,_
C908,_
0359,_
D741,_
O931,_
N8350,N835
X212,_
M0,_
V840,_
J947,_
R9358,R935
J1559,J155
J1519,J151
B630,_
O1300,O13
M694,_
Y845,_
V8094,_
T8182,T818
W1342,_
J9849,J984
E530,E530
P868,_
M772,M772
P341,_
S9261,_
O6082,_
N3010,N301
M619,M619
C3101,C310
C4900,C490
H714,H71
S6312,S631
055,_
0999,_
S6828,S682
B36,B369
K033,K033
P469,_
W9499,_
J8150,J81
C1131,C113
O3423,O342
M7966,M7966
Q1030,Q103
C2539,C253
Z244,Z244
L47,_
J960A,_
Z3006,Z300
O026,_
E1163,E116
T2000,T200
O8311,O831
D6385,D638
W4409,_
R919,R91
Q830,Q830
W354,_
W5439,_
J472,J47
H252O,_
Q685,Q685
I943,_
A914,A91
H0192,H019
D1810,D181
W178,_
Z463,Z463
1189,_
O751O7,_
5020,_
1620,_
T961,T96
A0901,A090
C270,_
H3352,H335
D518,D518
O7039,O703
S0611,S0611
W1039,_
L742,L742
O8289,O828
A180MO1,_
L5112,L511
CR0388,_
O809Z380,_
V093,_
M6627,M6627
W1029,_
X5931,_
Z4659,Z465
G9380,G938
I7240,I724
I064,_
M1928,M1928
E4861,_
N3909,N390
E1050,E105
D7911,_
Z9051,Z905
W528,_
M0002,M0002
B0689,B068
T8619,T861
N4880,N488
W2662,_
N9399,N939
C4490,C449
1281,_
K0401,K040
Z462,Z462
0889,_
B334,B334
S7246,S724
G965,_
U050,_
K21P,_
T2311,T231
M7967,M7967
J946,_
X5891,_
Z509,Z509
N6322,N63
L718,L718
O3370,O337
D806,D806
Z211,Z21
M8085,M8085
O0073,_
O8191,_
M8794,M8794
D381M8000/1,_
V3959,_
M7197,M7197
C724,C724
J9819,J981
R942,R942
H1433,_
U00,_
W1872,_
W0790,_
W1028,_
B3701,B3701
Q249A,_
I3582,I358
M8428,M8428
G4080,G408
S6153,_
M1089,_
0589,_
T386,T386
Y426,_
L170,_
L8943,L89
M1126,M1126
D91,_
M9394,M9394
S2114,S211
C910M9,_
N3501,N350
X3699,_
K5159,K515
Z325,_
B486,_
V53,_
Z9621,Z962
X80,_
T236,T236
C926,C926
23,_
I1010,I10
N65,_
701,_
P508,P508
W2093,_
X7008,_
S6172,S617
H6032,H603
L7221,L722
I3136,I313
Z7722,_
K177,_
S4040,_
W547,_
I2531,I253
C7313,C73
L2040,_
R598,_
J495,_
M7650,M7650
M2681,_
D145,_
Z745,_
O488,O48
0914,_
O7013,O701
Z146,_
E433,E43
E988,_
M7011,M701
A033,A033
H623,H623
M0293,M0293
I619I,_
A084E861,_
AAAAAAAAAAAAAA,_
N163,N163
Y340,_
X9598,_
W8592,_
A9871,_
A0992,A099
P718,P718
O601O0,_
O017,_
Q6822,Q682
X470,_
Z224,Z224
J847,_
O6649,O664
Q107,Q107
N210N,_
V2358,_
L8210,L82
N1380,N138
Z026,Z026
Z148,_
1II9,_
M0820,M0820
H259CAT,_
H3539,H353
B308,B308
D850,_
A1822,A182
J805,J80
S0122,S012
J3040,J304
V2938,_
V2448,_
B929,B92
W5131,_
C5096,C509
R076,_
S3220,S3220
O4803,O48
T8150,T8150
K1320,K1320
X5031,_
Z9481,Z948
S3613,S361
M8608,M8608
M4009,M4009
D248,D24
H802,H802
K2931,K293
M894M,_
W2688,_
C643,C64
M2520,M2520
C398,C398
M7656,M7656
N396,_
C8271,C827
H5913,_
H4304,H430
Q301,Q301
M4656,M4656
O4804,O48
H645,_
K531,_
O0244,_
Z1501,_
L7209,L720
M4117,M4117
N7000,N700
J1180,J118
W312,_
Y833,_
S5913,_
005,_
M2440,M2440
D487M,_
Z4800,Z480
W172,_
L8901,L890
N381,_
S160,S16
S0622,S062
C4462,C446
M8704,M8704
V649,_
S2330,S233
I983,I983
N14S,_
V8499,_
G823,G823
Y515,_
B6911,B691
G113,G113
A637,_
E0422,E042
G587,G587
Z271,Z271
M9835,_
H3192,H319
N373,_
W386,_
K329,_
M9871,_
C1010,C101
M1925,M1925
Q1720,Q172
R805,R80
641,_
X01,_
4020,_
R369,R36
K188,_
S6132,_
S548,S548
N997,_
D487I,_
X9555,_
I91,_
P214,_
Z731,Z731
R255,_
A641,A64
V341,_
421,_
X786,_
M9532,M953
Q2490,Q249
Q7982,Q798
W1803,_
X219,_
0980,_
P526,P526
N390E861,_
B349E861,_
C7600,C760
S4321,S432
1240,_
M9683,M968
O6O,_
Q5321,Q532
M8205,M8205
R072,R072
V0248,_
Z169,_
A792,_
Q1411,Q141
W203,_
M3200,M320
N8895,N889
R751,R75
W2097,_
X908,_
A772,A772
N1889,N188
M5800,_
C551,C55
O702O8O9,_
M9640,M964
0730,_
1723,_
5910,_
T2399,_
X83,_
V5099,_
I1092,I10
V761,_
M7646,M7646
O998O6,_
C3349,C33
C018,C01
L5261,L52
E826,_
F528,F528
I087,_
Q16,Q169
M849,M849
M2307,M230
Z544,Z544
S6264,S626
K8O1,_
H505,H505
L5708,L570
D199,D199
O930,_
M6564,_
M8973,_
K5781,K578
I733,_
O0614,O061
1370,_
V0994,_
0326,_
L8921,L892
D5399,D539
R106,_
M1307,M1307
P320,_
O244Z,_
Y304,_
S7020,_
L9100,L910
P55,P559
J1999,_
W8220,_
V114,_
X310,_
L1451,L14
S4113,S411
T8191,T819
E7870,_
E024,E02
B3510,B351
N4020,N40
C7986,C798
518,_
I23,_
M9661,M966
W2220,_
JO38,_
J1593I248,_
E508,E508
T453,T453
K1224,K122
O9121,O912
I7100,I710
V576,_
Z634,Z634
E2831,E283
S8020,_
C4452,C445
M762,M762
Y9369,_
Y179,_
E517,_
M243,M243
M7196,M7196
Q776,Q776
K067,_
I120I,_
S5801,S580
W0603,_
O1002,O100
A1451,_
S6851,_
Q612Z,_
W030,_
J782,_
E1434,E143
L629,_
N454,_
J96O,_
A371,A371
3800,_
O9981,O998
M8129,M8129
M6585,M6585
R5902,R590
D4410,D441
X4908,_
K4692,K469
I7143,I714
Y843,_
W3109,_
J630,J630
S9501,S950
S9612,S961
391,_
V8889,_
M2634,_
S0082,S008
A12,_
C091,C091
B0700,B07
M7677,M767
F030,F030
W5051,_
M569,_
W501,_
9408,_
T8286,T828
0280,_
C6902,C690
M9682,M968
C167,_
F1259,F125
R055,R05
I110LO32,_
K966,_
C130,C130
M1186,M1186
K2969,K296
V2948,_
442,_
K338,_
L244,L244
T3120,T312
1891,_
K786,_
Y557,_
H6192,H619
N6111,N61
D6941,D694
Q7581,Q758
M6416,_
X780,_
D544,_
B5808,B580
M2231,M223
T587,T58
A21,A219
M015,M015
D1261,D126
G5410,G541
W275,_
M7111,M7111
A8220,_
I8409,I840
L8940,L89
M0850,_
H498,H498
H5342,H534
G4501,G450
R74,R749
D627,D62
L372,_
M691,_
E119I,_
E764,_
C804,C80
E1107,E110
T2591,_
6606,_
O829Z9,_
E476,_
S2430,S243
J0019,J00
S018TOO8,_
C419C,_
T1455,T145
B740,B740
56510,_
A178G07,_
T122,T12
X2003,_
X2079,_
W090,_
Z3707,Z370
M1817,M181
1313,_
D6936,D693
P108,P108
P130,P130
V847,_
M7927,M7927
S9041,_
C2090,C20
C5G,_
G4530,G453
M8819,_
S0243,S024
X22,_
W1913,_
K6052,K605
E142_N083,_
C7100,C710
D584,_
O222,O222
Z718,Z718
Y465,_
N102,N10
H1620,H162
F17,F179
B402,B402
C602,C602
K3,_
C562,C56
M4364,M436
M033,_
C6483,C64
R0,_
P0725,P072
S5581,S558
S5891,S589
S9781,S978
P8000,P800
N098,_
A9131,A91
S6813,S681
D24M,D24
H3278,_
R539,R53
L5S1,_
V8099,_
M8551,M8551
E862B3,E86
C4032,C403
Z651,Z651
M021,M021
E418,E41
C2108,C210
D3811,D381
Z3720,Z372
Z37OO68O,_
O7623,_
T82,T829
K9430,_
P78,P789
D4690,D469
C9011,C901
I2I9,_
Z126,Z126
E179,_
CR1368,_
C7060,_
R1906,R190
A1695,A169
I4690,I469
P0382,P038
Q916,Q916
G807,_
H286,_
M6637,M6637
G891,_
X1994,_
Q274,Q274
Z3201,Z320
B3092,B309
Y523,_
T8361,T836
E119G,_
J489,_
I7103,I710
G7,_
R959,R95
R137,R13
M356,M356
1390,_
Q6201,Q620
C266,_
Q6191,Q619
H908,H908
N1322,N132
J3432,J343
D254,_
S846,_
P367,_
X700,_
P961,P961
S3993,S399
Z0153C1,_
T1503,T150
M9995,M9995
O4400,O440
M0296,M0296
D6496,D649
W0138,_
X9109,_
R1021,R102
N8301,N830
H696,_
Z9020,Z902
Z3760,Z376
O512,_
W5130,_
D748,D748
0360,_
M6651,M6651
P2198,P219
N039HD,_
K195,_
L7208,L720
B8189,B818
364,_
W4595,_
Z0153,Z015
O292,O292
1619,_
T067,_
S230,S230
L4241,L42
M7964,M7964
O139Z3,O13
O6620,O662
700,_
F117,F117
Z370080,Z370
T8991,_
O8829,O882
L510,L510
H0692,_
V101,_
S748,S748
Y0509,_
S261,_
W8698,_
C977,C97
T0198,T019
O42O,_
E609,E60
T0299,T029
M2431,M2431
V121,_
X549,_
T9830,T983
T8300,T830
O3042,_
E691,_
L74,L749
S116,_
K503,_
K094,_
O831Z3,_
V861,_
Z876,Z876
K854,_
H3103,H310
Z370N,_
S0215,S021
T2302,T230
X1201,_
J203,J203
S0172,S017
S7222,S722
W0191,_
W2329,_
W9399,_
M5139,M513
E39,_
X3499,_
P518,P518
W368,_
S1419,S141
C5692,C56
H5441,H544
O182,_
4920,_
Y484,_
T8271,T827
T8310,T831
J3581,J358
P624,_
M6570,_
M9660,M966
T63,T639
M5135,M513
M8206,M8206
R649,R64
H1115,H111
L878,L878
V2254,_
Y119,_
6580,_
239,_
M993,M993
V0199,_
S5222,S522
24,_
C226,_
A4192,A419
C6920,C692
K726,_
O720O8O9,_
Q041,Q041
N3081,N308
R641,R64
V888,_
I362,I362
J356,_
H2960,_
E666,_
Y15,_
N6082,N608
O7O1,_
S1093,S109
K7,_
S741,S741
G9000,G900
M5115,M511
R48,_
F930,F930
070,_
T1701,T170
W8759,_
E0782,E078
M912,M912
W2548,_
W2284,_
1951,_
P136,_
N325,_
W131,_
T95,T959
J0660,_
I03,_
Z0143,Z014
C5472,_
J1583,J158
R0050,_
A1639,A163
RVS,_
S614W2292,_
J921,_
M2304,M2304
O944,O94
M8432,M8432
J0510,J051
H477,H477
R818,R81
F22,F229
N0011,N001
K0114,K0114
V824,_
S1015,S101
S2902,S290
M8994,M8994
T521,T521
A162J1,_
M8583,M8583
R095,_
M684,_
Z380PO34,_
N142I,_
N510,N510
M2100,M2100
G8012,G801
M6247,M6247
X2799,_
M0730,M0730
K4032,K403
M876,_
B164,_
O0680,O068
C5890,C58
Q78,Q789
H7341,_
Z01221,Z012
K746I98,_
W5094,_
W4003,_
I8621,I862
8618,_
J080,_
Q645,Q645
K143,K143
M2576,M2576
V881,_
W2459,_
B218,B218
W3161,_
X9508,_
H6600,H660
H0441,H044
J8518,J851
M9851,_
V048,_
E276,_
K0290,K029
E1128,E112
X679,_
0752,_
M9198,M919
C369,_
R237,_
S0421,S042
Z299,Z299
5625,_
D4210,D421
I6110,I611
H9002,H900
H8332,H833
W1708,_
W5944,_
O605,_
T1499,T149
B9596,_
M8825,_
D5702,D570
B0801,B080
R7611,R761
L822,L82
O9915,O991
P887,_
X1003,_
C660,C66
H0259,H025
V694,_
G898,_
Y572,_
M9075,M9075
D894,_
X403,_
T5999,T599
W251,_
M6510,M6510
A013,A013
K2550,K255
M6547,M654
T8454,T845
O1108,O11
F4323,F4323
D28,D289
W0701,_
K140Z,_
M1346,_
N2039,_
W4963,_
D714,D71
B042,B04
Z10,_
F951,F951
Y76,_
D9811,_
K2881,_
T1380,T138
G487,_
H3750,_
T1432,T143
V4829,_
0829Z3,_
2308,_
M7120,M7120
Q1120,Q112
N1332,N133
5518,_
L521,L52
O6214,O621
C5951,_
X782,_
C374,C37
F8422,F842
M8148,M8148
M9853,_
Y1799,_
D2271,D227
S5089,S508
O6991,O699
M8798,M8798
Z3600,Z360
S5691,_
D076,D076
J769,_
J08,_
H241,_
M906,M906
F604,F604
Z204,Z204
\1,_
M4707,M4707
E805,E805
V850,_
I625,_
P010P2,_
X1092,_
T7913,T791
G637,_
0911,_
X399,_
V0919,_
W2229,_
X495,_
E183,_
Z520,Z520
R2293,R229
M8107,M8107
T497,T497
W2992,_
Z9311,Z931
N8789,_
Z562,Z562
Y339,_
N1289,N12
S022XXA,_
J3510,J351
E8861,_
H2532,_
D781,_
X0408,_
N623,N62
Z6890,_
S910TYPEA,_
C6901,C690
M5020,M502
M9906,M9906
M5134,M513
M6004,M6004
T7111,T71
Y269,_
H3553,H355
J462,J46
M2389,M2389
W951,_
M7568,_
P091,_
E0505,E050
P0771,_
H1610,H161
T641,T64
A671,A671
J1232,J123
S518W1999,_
C61M8000/3,_
S8264,S826
T8472,T847
Y8312,_
S8501,S850
9S,_
O9911,O991
M0199,_
E1124,E112
X995,_
E935,_
W0331,_
W521,_
W256,_
Z95,Z959
V645,_
0344,_
Q7809,Q780
L8980,L89
W0290,_
W197,_
T1301,T130
I628,_
I8720,I872
Z327,_
X5699,_
I055,_
I6792,I679
I717,_
7853,_
9788,_
4523,_
M7146,M7146
H0509,H050
Z370NSD,_
A246,_
M6242,M6242
T262,T262
F1020,F1020
M2429,M2429
J342JO0,_
X9929,_
Y77,_
5680,_
H0551,H055
L8922,L892
V2339,_
W3101,_
W254,_
S293,_
O918,_
J223,J22
X2299,_
E903,E90
L7180,L718
C871,_
H6542,H654
Q3090,Q309
Q3602,Q360
5329,_
C5250,C52
C563,C56
B0791,B07
D3612,D361
Z4899,Z489
O3680,O368
Y1909,_
W0308,_
J8988,_
A770,A770
S5087,S508
Y580,_
H720,H720
K9307,K930
S2124,S212
N2298,_
M8934,M8934
E075,_
H0260,H026
O1141,O11
H418,_
E339,_
W460,_
V8910,_
W5942,_
D723,_
M6789,M6789
A1701,A170
D1716,D171
O800Q,_
K026,_
X200,_
K7120,K712
N4921,N492
K8019,K801
O3201,O320
O3603,O360
X7809,_
F157,F157
V5398,_
V3549,_
V144,_
9071,_
G0490,G049
V5348,_
V1851,_
T1800,T180
E1096,E109
H36O2,_
P0343,P034
8O,_
B243,B24
S2193,S219
P45,_
F21,F21
53513,_
E9,_
O8709,O870
T1IW54,_
K2922,K292
G476,_
Q761,Q761
W0391,_
Z27,Z279
1890,_
I20V,_
Z122,Z122
J517,_
W4490,_
J9082,J90
V8699,_
Y0449,_
S2011,S201
E1199,E119
W2558,_
M1984,M1984
L8992,L899
S0027,S002
O8230,_
J423,J42
H17,H179
M2396,M2396
L412,L412
S0505,S050
D0951,_
R791,_
Q7131,Q7131
K6013,K601
K5219,K521
H5951,_
X090,_
C7120,C712
E861Z,E86
G273,_
F131,F131
S962,S962
M6151,M6151
J214,_
Q653,Q653
S3619,S361
R012,R012
S4992,S499
B0825,B082
R014,_
0208,_
Y923,_
M2216,M221
Q7802,Q780
Q6449,Q644
G5629,G562
L402,L402
M8639,M8639
Q7829,Q782
G6,_
D878,_
D876,_
O056,O056
M7971,M7971
L0304,L030
J4598,J459
J005,J00
M023,M023
D3601,D360
S6049,_
N7260,N72
V265,_
O646,_
Z01222,Z012
S81001,S810
58411,_
R830,R830
Z3041,Z304
S8971,S897
C7130,C713
C7111,C711
M5396,M5396
X1098,_
M9231,M923
Y3308,_
O821Z2,_
M2107,M2107
P719,P719
H5500,H55
S822TYPEA,_
Q045,Q045
M7139,M7139
Q7439,Q743
Q710,Q710
M7917,M7917
J4519,J451
J3300,J330
K1221,K122
A303,A303
M2159,M2159
R203,R203
A4902,A490
Z1381,Z138
L3007,L300
M1404,M140
O343Z3,_
D3102,D310
M8186,M8186
P962,P962
Z86,_
Q923,Q923
L651,L651
C2201,C220
N185Z4,_
A272,_
Z3309,Z33
J2189,J218
D649O,_
B419,B419
X9503,_
490,_
F844,F844
V989,_
T6300,T6300
A820,A820
M0666,_
F860,_
O1307,O13
O8097,O809
K6039,K603
G5631,G563
O4433,_
C94,_
S6830,S683
Y0401,_
M9919,M991
T2612,T261
S9314,S931
D1170,D117
R078,_
M615,M615
H535,H535
W1894,_
W2409,_
Z8O9,_
O9122,O912
K4500,K450
T2014,T201
Y150,_
V749,_
O398,_
P504,P504
K1905,_
S5203,S520
O2355,O235
O8422,O842
M7071,M707
J418,J418
V3802,_
Y2004,_
E390,_
0308,_
T2600,T260
N8014,N801
X5989,_
G71,G719
K3196,K319
K372,K37
Z22,Z229
V198,_
M6210,M6210
M1045,M1045
V791,_
I57,_
9932,_
J3201,J320
M2221,M222
M8761,_
B408,B408
Z220,Z220
Q5301,Q530
M2061,M206
I7452,I745
G4678,G467
C3841,C384
O681ZO80,_
W0981,_
739,_
G9321,G932
R888,_
R502,R502
W1159,_
B3490,B349
CR0168,_
CR0132,_
M415,M415
R460,R460
M7258,M7258
V871,_
Q7040,Q704
Q7209,Q720
J514,_
Z688,_
V2842,_
R1040,R1040
M406,_
B939,_
S2992,S299
M8618,M8618
H3380,_
C5031,C503
D3801,D380
N9582,N958
O1403,O140
O6702,O670
Q6111,Q611
M2519,M2519
L987,_
T649,T64
Z751,Z751
O9959,O995
0643,_
Q5110,Q511
Y929,_
X849,_
K5606,K560
P950,P95
N4303,N430
W5009,_
I567,_
R1003,R100
Z8902,Z890
O7570,O757
Q8739,Q873
Q7989,Q798
S714,_
Q25M0,_
W311,_
M0001,M0001
K330,_
H0421,H042
I980,I980
L9804,L980
NSDO,_
G477,_
Q39,Q399
O0953,_
D843,_
H0215,H021
B3692,B369
L291,L291
H3563,H356
K085,_
C332,C33
J0382,J038
G068,_
S3703,S370
L909,L909
S374,S374
Z380PO34PO30,_
N763,N763
Y029,_
K6351,K635
Z3962,_
S802S,_
M1382,M1382
P115,P115
S1081,S108
J906,J90
5660,_
B203,B203
Z8910,Z891
H0221,H022
3892,_
N8210,N821
L7602,_
O2449,O2449
W5503,_
I2140,I214
D2691,D269
Z380ESSENTIALNEWBORNCARE,_
Z371O,_
V635,_
B974,B974
I120Z4,_
N1387,N138
K6819,_
E142J,_
J1832,_
M1509,M150
J234,_
P757,P75
M73,_
W036,_
X5869,_
G679,_
J1843,_
M9074,M9074
S8379,S837
G8039,G803
M8313,M8313
A352,A35
L342,_
Z1883,_
N640,N640
K7660,K766
S1185,S118
T688,T68
M2593,M2593
Q104,Q104
K5132,K513
M6294,M6294
J447,_
S3242,S324
I8681,I868
N083N2,_
M7889,_
X997,_
E620,_
X996,_
X5972,_
P609,P60
O6240,O624
O747,O747
S471,S47
S97,_
B2581,B258
N8180,N818
S7001,S700
R1033,R103
Z5240,Z524
P3683,P368
S135,S135
M3534,M353
I4842,I48
O3350,O335
M7294,M7294
H0248,H024
C0800,C080
N6410,N641
R0402,R040
J3580,J358
H9012,H901
S7601,S760
Q5322,Q532
P049,P049
U849,_
J8492,J849
T8411,T841
S3780,S3780
R8718,R871
A803,A803
L313,_
H422,_
H858,_
O78,_
G3109,G310
S1100,S110
H034,_
V94,_
V0242,_
M7286,M7286
C4451,C445
R4780,R478
E115M,_
Y1399,_
X1,_
A146,_
S5492,S549
S139,_
F923,_
X196,_
H6302,_
W1068,_
E344,E344
I2478,_
D3291,D329
J0399,J039
D040,D040
I387,I38
I4720,I472
R1030,R103
P060,_
K8064,_
Z56,_
Y931,_
O4008,O40
E825,_
W6699,_
C5022,C502
A544,A544
D3672,D367
T523,T523
CR0310,_
Z3Z0,_
W4401,_
B760,B760
E861A,E86
J694,_
M2671,_
M9664,M966
T370,T370
T749,T749
Q55,Q559
B418,B418
Q415,_
I1850,_
U746,_
G380,_
C120,C12
C904,_
Z324,_
M2240,M224
631,_
Z3A4,_
2431,_
G081,G08
W5088,_
D2291,D229
O7170,O717
M9713,_
L138,L138
S6842,S684
Z8942,Z8942
K004,K004
W2081,_
E576,_
R07,_
H1021,H102
T181TYPEA,_
P2340,P234
P090,_
S6449,S644
M8420,M8420
T951,T951
S4322,S432
O149O8O9,_
J9851,J985
L093,_
M5727,_
H4999,H499
M0103,M0103
X2078,_
W7080,_
Z99,Z999
Y3030,_
K1329,K1329
M627,_
L503,L503
S2036,S203
T867,_
Y311,_
C3412,C341
V3809,_
W89,_
W08,_
V3269,_
J483,_
A0190,_
N615,N61
T862,T862
C4460,C446
N326,_
S7181,S718
H5921,_
A69,A699
M4717,M4717
D490,_
S5321,S532
N776,_
M6517,M6517
C7950,C795
N533,_
W8663,_
N200J,_
G390,_
M8062,_
Q8741,Q874
M8815,_
S6193,S619
N58,_
T980,T980
H45,_
J943,_
H719,H71
T7310,T731
I4799,I479
H229,_
P713,P713
T91,T919
D3201,D320
P681,_
186,_
Y034,_
W5008,_
E715,_
M9539,M953
B76,B769
W1730,_
O11O3,O11
S6160,_
S2830,_
W1724,_
N8352,N835
R5680,R568
Z01223,Z012
P429,_
H25O,_
Z3401,Z340
E081,_
5316,_
V801,_
B2692,B269
H550,H55
M051,M051
S2242,S224
R5280,_
8349,_
H614,H614
Z58,Z589
D3101,D310
C5311,C531
H1720,_
R838,R838
O0J,_
5723,_
M279,_
C44BASALCELLCARCINOMA,_
S4350,S435
W014,_
S5681,S568
J9392,J939
O1471,_
M7253,M7253
H3012,H301
H4461,H446
V3869,_
O7171,O717
H1883,H188
H5440,H544
W6738,_
Z370Q,_
W3510,_
J8091,J80
O204,_
I773,I773
G5131,G513
I7720,I772
M7668,M766
W4928,_
U501,_
M203,M203
P189,_
X5955,_
E8492,E849
L558,L558
G915,_
A4159,A415
T93,T939
M8611,M8611
2690,_
M006,_
N264,N26
E2546,_
O829Z,_
M547,_
C302,_
C7681,C768
O809N,_
L9892,L989
615,_
N6452,N645
383,_
H5345,H534
S370E,_
R5220,R522
S0204,S020
A23,A239
J0130,J013
B827,_
X831,_
P207,_
D578,D578
A850G051,_
335334,_
O4102,O410
S916,_
I6301,I630
M076,M076
R1012,R101
O0943,_
M9696,M969
N8351,N835
S913WS99,_
J3841,J384
C5081,C508
R026,R02
G4735,G473
080A0,_
I894,_
S7340,_
I101N1,I10
Z3790,Z379
N618,N61
N058J,_
J20P,_
T0210,T0210
L0840,_
V2995,_
I274,_
D572,D572
E1913,_
D4470,D447
P396,_
Y2299,_
C4470,C447
C20D6,C20
J864,_
Y281,_
W1343,_
W8543,_
A850,A850
M9089,M9089
M9043,M9043
Z273,Z273
008,_
R3981,R398
W2073,_
D4320,D432
CR0137,_
E0862,_
K530,_
O3399,O339
S679,_
V4869,_
Z1832,_
E1180,E118
K8037,K803
M4801,M4801
W0808,_
N3903,N390
W3191,_
J1879,_
Z9498,Z949
T2941,T294
L3080,L308
G988,G98
X989,_
D2340,D234
H2490,_
L055,_
L054,_
R803,R80
J1850,_
K4291,K429
O068O,_
H4911,H491
O8206,O820
P0710,P071
P244,_
M8725,M8725
C6180,C61
B39,B399
M3282,M328
Q6000,Q600
640,_
L6734,_
C4413,C441
D1511,D151
Z3017,Z301
Z01224,Z012
J672,J672
P2239,_
T8781,_
S148,_
969,_
M7482,_
Y808,_
T0700,T07
Z3321,Z33
I2581,I258
X6109,_
R781,R781
C5369,_
V8930,_
S6670,S667
F0781,F078
O3683,O368
J4045,J40
2304,_
M7797,M7797
M2311,M2311
S6721,_
I9719,I971
P093,_
H9512,H951
C388,C388
N9499,N949
I65,I659
Q6580,Q658
Z4981,_
3142,_
764,_
795,_
798,_
K88,_
X5908,_
V2354,_
4971,_
Z390O1,_
I37,I379
X0492,_
M645,_
Y596,_
W2983,_
S2680,S2680
I6180,I618
T826,T826
Z3731,Z373
M739,_
N63Y,N63
T3901,T390
R169,_
Z4311,Z431
I6323,I632
I6529,I652
4335,_
1203,_
M6292,M6292
H005,_
N9387,N938
I853,_
M0646,M0646
T5499,T549
I624,_
V5469,_
160,_
Z01225,Z012
CR4685,_
CR468,_
D365,_
K0261,_
D3713,D371
I417,_
I7024,I702
S3105,S310
M1719,M171
N1810,N181
I9789,I978
V595,_
Q425,_
I4,_
Z9911,Z991
R211,R21
Y763,_
Z6230,Z623
V2851,_
L7232,_
T048,T048
I2361,I236
Z8981,Z898
O737,_
1279,_
H6784,H678
V3844,_
V8902,_
Q2543,Q254
V4949,_
K3531,K353
0060,_
S7621,S762
S8531,S853
L7121,_
S8391,_
O9851,O985
S8637,S863
C780Z5,_
M4331,M433
W1702,_
K3880,K388
S8082,S8082
L0213,L021
W2369,_
W4399,_
E0501,E050
H5279,H527
O454,_
W0208,_
J0680,J068
K5501,K550
0173,_
Z2312,Z231
M780,_
N106,N10
W4904,_
W2704,_
Q91,_
N713,_
Q1112,Q111
B6906,B690
998,_
W103,_
E001,E001
G9581,G958
S5970,S597
F0190,F0190
S0901,S090
B984,_
E420,E42
W017,_
S8228,S822
L1202,L120
L0102,L010
P308,_
M7800,_
N2690,N26
D6CL9,_
S5255,S525
A148,_
Z8920,Z8920
Z011F,_
J189995,J189
NSD0,_
871,_
S4691,S469
W133,_
K895,_
0638,_
J690I,_
W2278,_
5410,_
W0141,_
S4910,_
L236,L236
D704,D70
13B,_
M5580,_
C1111,C111
M2339,M2339
C6090,C609
H5881,H588
Z3705,Z370
M633,M633
N5081,N508
W2641,_
B573,B573
38000,_
O6819,O681
T1IW55,_
B462,B462
D6386,D638
O4269,_
S6050,_
S7170,S717
D602,_
J0299,J029
W3699,_
T1360,T136
C420,_
W0178,_
X1980,_
G699,_
C94A0,_
T431,T431
X4879,_
F4530,F4530
S8791,S879
G457,_
Y880,_
M4150,M4150
H2890,_
1212,_
Q3800,Q380
O0831,O083
H458,H458
K577,_
M199XX1,_
M8719,M8719
M8919,M8919
M4702,M4702
G490,_
Z133,Z133
830,_
M8817,_
O686,_
E9878,_
H4882,H488
G100,G10
F728,F728
L8212,L82
S0582,S058
V457,_
T1440,T144
M6611,M6611
V644,_
D979,_
M8488,M8488
T53,T539
J3509,J350
H6523,H652
M8122,M8122
E640,E640
O100O,_
M7118,M7118
E1019,E101
642,_
454,_
M7159,M7159
W1581,_
N8981,N898
D500_,_
W2352,_
N791,_
X4998,_
M7898,_
X210,_
X795,_
A349,A34
L0335,L033
R780,R780
Y2992,_
I522,_
S1317,S131
Q7412,Q741
T1391,T139
R1043,R104
V4940,_
M815,M815
R1951,R195
O9935,O993
A923,A923
I2500,I250
R2218,R221
O2129,O212
O199,_
C4370,C437
D3760,D376
S6199,S619
O820O9,_
S2,_
W940,_
H5890,_
E8392,E839
M4620,M4620
K9049,K904
A202,A202
0642,_
I1571,_
Y0444,_
X9944,_
M924,M924
V3348,_
S9242,S924
K2190,K219
W2330,_
K2291,K229
M6480,_
B278,B278
B9881,_
T141Q,_
A663,A663
F1009,F100
T0090,T009
S5032,_
V035,_
Z255,_
Q109,_
S9030,S903
S7115,S711
O959,O95
Z82,_
M5157,_
Y760,_
S5225,S522
C35,_
O9830,O983
I6980,I698
N9598,N959
C3431,C343
X1054,_
L019,_
V7959,_
V7369,_
5914,_
L078,_
J4414,J441
O3118,O311
O8005,O800
R9020,_
V104,_
C7131,C713
C7141,C714
N4,_
S9922,_
B025,_
M8726,M8726
M9353,_
C1919,C19
H6455,_
U17,_
A26,A269
C1596,C159
R549,R54
D4733,D473
K2198,K219
H8382,H838
G0499,G049
S0077,S007
H6611,H661
S6059,_
M084,M084
I6369,I636
320,_
J171P,_
B40,B409
S8701,S870
E0835,_
V864,_
D832,D832
F026,_
H2539,_
F81,F819
L933,_
O9921,O992
N749,_
H3400,H340
H6613,H661
S535,_
O2445,O244
O321Z9,_
_,_
S5151,_
X5994,_
W5593,_
Q716,Q716
Q671,Q671
2605,_
W0928,_
Y8392,_
N7509,N750
V4989,_
E814,_
T937,_
D189,_
E18,_
T723,_
W4093,_
V0498,_
V323,_
M2462,M2462
V430,_
S0171,S017
S7015,S701
Y0994,_
X2599,_
I0310,_
NIOICD,_
D329M9530/0,_
N256,_
O154,_
S0992,S099
M0294,M0294
T970,T97
Y840,_
H6042,H604
V2042,_
V4278,_
Y0452,_
K434,_
I6353,I635
C0200,C020
Q062,Q062
J0068,J00
S0264,S026
T8180,T818
P436,_
O427,_
E887,_
W6988,_
V1799,_
C8508,C850
H1629,H162
W0729,_
A0640,A064
N404,N40
A1619,A161
B302,B302
T2530,T253
L6072,_
201,_
Q110,Q110
Z9381,Z938
3Z8,_
ANC2,_
D0003,D000
H9052,H905
W174,_
E732,_
H959,H959
H410,_
H141,_
E763,E763
S1315,S1315
V684,_
M1288,M1288
Z585,Z585
O9903,O990
W369,_
K779,_
P2149,_
O9842,O984
D5099,D509
O809Z0,_
J4522,J452
O9260,O926
D3702,D370
T8404,T840
Z8719,Z871
S4630,S463
V5204,_
H222,_
J2892,_
Y502,_
D6336,_
M69,_
H721,H721
L03211,L032
B053H67,_
B064,_
V4469,_
H1042,H104
M1281,M1281
E1403,E140
V731,_
Y0299,_
Y2199,_
M6255,M6255
G814,_
S239,_
O3518,O351
Z1891,_
M012,M012
S6711,_
K8600,K860
S178,S178
G5632,G563
O6990,O699
721,_
S5082,S5082
H7300,H730
D847,_
V4859,_
C1817,C181
T1361,T136
P62,_
S3902,S390
9178,_
Z882,Z882
C7659,C765
Z3750,Z375
L014,_
Z3A,_
S6619,S661
M2021,M202
C86,_
T98,_
S866,_
O9342,_
O6220,O622
O662O0,_
X0903,_
E313,_
N214,_
S0286,S028
H7042,_
S0571,S057
Z252,_
W520,_
4685,_
E922,_
N7983,_
D801,D801
Z1221,Z122
K416,_
X6800,_
X2172,_
O0200,O020
A372,_
M826,_
Z4780,Z478
H2703,H270
P3689,P368
D2137,D213
N3602,N360
E575,_
M1701,M170
E1192,E119
V0109,_
V5869,_
PO00,_
I1050,I10
Z4919,Z491
H0236,H023
T903,T903
T071,T07
W1829,_
Q6859,Q685
X926,_
S3603,S360
S7000,S700
R2298,R229
C4311,C431
C4330,C433
G9592,G959
0760,_
D6101,D610
H2594,H259
C5805,C58
G82,_
Z4682,Z468
T501,T501
S066X0A,_
K3595,K359
470,_
M063,M063
I6509,I650
J048,_
D55,D559
Z8961,Z8961
O8279,_
M8519,M8519
A15O,_
Z79,_
15A,_
K945,_
R094,_
H2491,_
W1090,_
0UT70ZZ,_
X3999,_
Y0998,_
X9594,_
H0102,H010
X5882,_
Z3722,Z372
L105,L105
M9282,M928
W4403,_
5059,_
G858,_
S5080,S5080
M5108,M510
I4292,I429
B9711,B971
N4592,N459
D989,_
23B,_
D3851,D385
7700,_
M2530,M2530
O0031,_
B975,B975
Z0081,Z008
Q092,_
O802Z0,_
O2244,O224
M6227,M6227
K2930,K293
Q342,_
2180,_
E714,_
S5400,S540
F379,_
K2598,K259
W0110,_
V4099,_
Q8980,Q898
36B,_
M2333,M2333
O9905,O990
K4299,K429
P3619,P361
493,_
C214,_
O829O9,_
S569,_
Q340,Q340
N455,_
N4289,N428
E952,_
H5069,H506
K2640,K264
T4350,T435
H0443,H044
K813,_
V482,_
Z3304,Z33
Z9780,Z978
L2012,_
L0241M6,_
J1893I959,_
S0115,S011
H7382,H738
M4624,M4624
Z856,Z856
H4731,H473
J5499,_
D1500,D150
T8683,T868
N83L,_
T351,T351
H3680,H368
1613,_
O801Z,_
O226,_
V489,_
Y27,_
I817,I81
W2281,_
O1400,O140
J0410,J041
D4869,D486
O1657,O16
O1149,O11
S0655,S065
H6695,H669
203,_
R568IO99,_
T8,_
S377,S377
I476,_
Y881,_
V2964,_
9513,_
H11O1,_
W2508,_
085,_
B052J1892,_
M302,M302
B380J172,_
A180NM490,_
27201,_
T354,T354
Q2199,Q219
V1919,_
L3082,L308
N3020,N302
M8956,M8956
F446,F446
W530,_
M2458,M2458
M9112,M911
G256,G256
J894,_
M8019,M8019
O8996,O899
361,_
J889,_
L11,L119
M831,M831
M8823,_
T8761,T876
M7977,M7977
C4999,C499
O2401,O240
M808I2,_
D39I,_
J5811,_
O4703,O470
S3781,S3781
V396,_
V3859,_
S8781,S878
O74,O749
M2670,_
S1500,S150
272,_
W2408,_
F720,F720
P729,P729
NDS01,_
K1899,_
A0961,A09
F012,F012
S6550,S655
M7963,M7963
Q766,Q766
H235,_
J6331,J633
S7991,S799
E0420,E042
H488,H488
Q164,Q164
P2479,_
O6808,O680
I6195,I619
O0215,O021
N8032,N803
S039,_
399,_
2349,_
K5187,K518
X4949,_
H5314,H531
W4088,_
O564,_
7230,_
5929,_
N1320,N132
S7411,S741
S3185,S318
Z370E0,_
I8615,I861
E771,E771
M875,_
W0192,_
W5052,_
Z0168,Z016
S62301,S623
H569,_
E438,E43
I4699,I469
S8890,S889
M1021,M1021
M9836,_
X9959,_
O6400,O640
W4051,_
P0712,P071
I816,I81
K8700,K870
H84,_
M9054,M9054
D924,_
O9805,O980
S126,_
1504,_
P5939,P593
D2701,D27
301,_
C488,C488
P986,_
Z108,Z108
M5189,M518
N4301,N430
C1871,C187
K1,_
I1015,I10
D350M,_
O7560,O756
K291J2,_
N359I3,_
H5091,H509
S8312,S831
P0510,P051
Z3696,Z369
A1670,A167
H3081,H308
J559,_
G349,_
T0032,T003
A4189,A418
K324,_
B508,B508
Z029,Z029
T009W199,_
M209,_
Q2449,Q244
B1821,B182
Z9070,Z907
W78,_
O1418,O141
G631,G631
M8541,M8541
B96H1,_
S5233,S523
M0127,M0127
K917,_
W2000,_
X5199,_
P615,P615
570,_
S2249,S224
H3529,H352
H2570,_
D4401,D440
S06SX0A,_
792,_
B1819,B1819
Z370O0,_
N2005,N200
550,_
Z245,Z245
N4090,N40
P596,_
Z3907,Z390
W1329,_
Z897,Z897
W94,_
M5480,M5480
I2491,I249
N9339,_
L024LO31,_
V130,_
B9,_
Q366,_
W4058,_
E137,E137
T227,T227
N3905,N390
J939J0,_
N200K1,_
K8315,K831
O1415,O141
O820Z9,_
L0151,_
H4120,_
S2172,S217
N332,_
G032,G032
Z01226,Z012
S3153,S315
H0563,_
X452,_
V0699,_
M492,M492
C0290,C029
Z3640,Z364
W902,_
R273,_
O768,_
M968D3,_
O0235,_
690G,_
V8995,_
O339Z9,_
N3516,N351
O342O6O1,_
D677,D67
K583,_
S6212,S621
M2471,M247
S4540,_
M2134,M213
A1851,A185
R5860,R58
E635,_
M606,_
O9840,O984
S780,S780
S0043,S004
R082,_
2099,_
8909,_
S34,_
K8510,K851
S8511,S851
S6540,S654
P2109,P210
E8735,E873
W679,_
M6087,M6087
X9099,_
X2199,_
E1040,E104
Q6270,Q627
O707,_
H138,H138
M8034,M8034
O364XX1,_
O0345,O034
Z0131,Z013
O65O,_
E835N298,_
1330,_
M8095,M8095
J460,J46
H0263,H026
P7301,_
R5991,R599
Y356,_
5018,_
K9103,K910
I5148,I514
S0125,S012
Z0300,Z030
E861AO60,E86
H476,H476
2261,_
D797,_
J3295,J329
212,_
E8909,E890
O8130,O813
C8598,C859
I6333,I633
D398,_
M8958,M8958
N9961,_
Z380PO73,_
Q45,Q459
L0245,L024
M8475,_
D7561,_
W2095,_
O800O0,_
H83,H839
W1902,_
E086,_
M6649,M6649
S7299,S729
Z380PO71,_
V2609,_
V2988,_
P141,P141
O9811,O981
S1599,S159
I484,I48
J9580,J958
L449,L449
V451,_
H2614,H261
K6505,K650
V4809,_
O149Z,_
O6208,O620
M9659,M965
1150,_
G37,G379
P797,_
Q418,Q418
L0591,L059
K733,_
V443,_
H6612,H661
0829O9,_
S8097,S809
J4550,_
R933,R933
G742,_
S214,_
A0989,A09
W2472,_
M1071,_
M4314,M4314
S1509,S150
C108,C108
S065XOA,_
L913,_
D929,_
J1713,J171
T04,T049
N619,N61
S6590,S659
236,_
M8606,M8606
C3495,C349
O3801,_
E96,_
1893,_
V57,_
G945,_
E0594,E059
Y453M,_
M4880,M4880
Z0157B1,_
0712,_
59800,_
363,_
P3698,P369
B66,B669
E258,E258
W2294,_
041,_
B7709,B770
P2932,P293
K2795,K279
N5601,_
T9835,T983
O671,_
V3469,_
S068O,_
L0295,L029
M92,M929
I2101,I210
D7282,D728
2360,_
V5969,_
J0689,J068
S0911,S091
X0908,_
Y469,_
Z160,_
J8182,J81
A890,A89
A70,A70
P2512,P251
K699,_
D768,_
G869,_
E113NO9,_
O44I,_
M5413,M5413
V5369,_
J9180,J91
Z216,Z21
O6511,O651
K241,_
9831,_
N1099,N10
35336,_
XXX,_
ANCO1,_
1233,_
Z0052,Z005
99426,_
C19FRP,_
C19T1,_
C19CI,_
C19T2,_
I2606,I260
O0393,O039
Y0904,_
E8692,E86
I7295,I729
W1095,_
M2245,M224
9084,_
H668,_
A970A,_
T8561,T856
Y3645,_
D5603,D560
T9415,T941
P8131,_
X832,_
K7461,K746
982,_
I7145,I714
395,_
I799,_
S8,_
S6235,S623
817,_
S724S2,_
D779,D77
J008,J00
M8602,M8602
I10S,I10
S453,S453
S7500,S750
N541,_
J8193,J81
N135N3,_
5837,_
697,_
L9899,L989
T0935,T093
S3,_
P989,_
M2,_
5819,_
J408,J40
V5649,_
7349,_
R7305,R730
K760I1,_
S7292,S729
E142B,_
M850G3,_
S7295,S729
A1150,_
1160,_
S021S1,_
K8066,_
A859,_
5513,_
V2291,_
A16A,_
5860,_
2355,_
C8200,C820
Z218,Z21
2246,_
2580,_
G733,G733
S9892,_
D2509,D250
A970NIS0,_
K291AIG2,_
A1617,A161
Z2232,Z223
Z2302,Z230
7062,_
Z239,_
O6001,O600
9601,_
I932,_
D935,_
Z2332,Z233
Z138S,_
K2739,K273
L4590,L45
I811,I81
Z232Z,_
A232,A232
F569,_
R718,R71
B0292,B029
O762,_
J8221,J82
O893,O893
3008,_
D930,_
M917,_
P432,_
E089,_
X138,_
P47,_
T960,T96
O6011,O601
U071,_
U072,_
