raw_code,mapped_code
C19IP2,_
99460,_
A099,A099
P017,P017
C19T1,_
C19IP4,_
N10,N10
E876,E876
J1892,J189
J90,J90
D649,D649
N201,N201
P831,P831
P369,P369
C19IP3,_
A060,A060
C169,C169
P221,P221
N189,N189
B349,B349
J80,J80
G401,G401
N133,N133
S0600,S0600
S0650,S0650
P030,P030
A970,_
P368,P368
J969,J969
N390,N390
D690,D690
G931,G931
R560,R560
S0601,S0601
C19FRP,_
I119,I119
I639,I639
C19T2,_
T009,T009
D591,D591
C19CI,_
G404,G404
E861,E86
E878,E878
D70,D70
R571,R571
I500,I500
N185,N185
J1893,J189
I214,I214
I509,I509
H811,H811
A419,A419
S0690,S0690
G935,G935
K859,K859
C19IP1,_
I109,I10
R02,R02
P071,P071
P051,P051
J1802,J180
O990,O990
L031,L031
N179,N179
O152,O152
A971,_
O233,O233
P399,P399
P025,P025
P240,P240
J209,J209
P209,P209
P968,P968
P393,P393
R570,R570
G618,G618
K599,K599
O210,O210
K273,K273
I219,I219
P599,P599
A162,A162
J960,J960
O234,O234
A499,A499
C950,C950
E162,E162
K291,K291
I635,I635
K802,K802
S0290,S0290
I619,I619
J690,J690
N258,N258
A010,A010
L038,L038
K915,K915
I629,I629
P239,P239
G441,G441
I630,I630
K564,K564
O600,O600
P034,P034
D469,D469
G408,G408
R568,R568
K800,K800
I200,I200
P551,P551
N139,N139
C469,C469
G934,G934
P081,P081
M329,M329
J4590,J459
E274,E274
C73,C73
C80,C80
E117,E117
I48,I48
G459,G459
J683,J683
A152,A152
Z390,Z390
A099E861,A09
T300,T300
P073,P073
I101,I10
Q249,Q249
O211,O211
P019,P019
K279,K279
K85,K859
T940,T940
I499,I499
I634,I634
I210,I210
J069,J069
I471,I471
S0620,S0620
K250,K250
O021,O021
E110,E110
D693,D693
N209,N209
R42,R42
O200,O200
K566,K566
J441,J441
N459,N459
P613,P613
S0210,S0210
J981,J981
E119,E119
C539,C539
L020,L020
K219,K219
J449,J449
J22,J22
K769,K769
J068,J068
S099,S099
Q644,Q644
N19,N19
N12,N12
N939,N939
A061,A061
E871,E871
T793,T793
S224,S224
P570,P570
E40,E40
O039,O039
A509,A509
L039,L039
M0699,M0699
O429,O429
N200,N200
K831,K831
J1812,J181
O721,O721
K299,K299
I259,I259
O054,O054
I64,I64
J448,J448
I679G468,_
G039,G039
R54,R54
I209,I209
K260,K260
E116,E116
C782,C782
C119,C119
D432,D432
S0630,S0630
I638,I638
K274,K274
I248,I248
I258,I258
I341,I341
O141,O141
I251,I251
I880,I880
C61,C61
K297,K297
P015,P015
B829,B829
I620,I620
A011,A011
D640,D640
T629,T629
P219,P219
I240,I240
E108,E108
I674,I674
N300,N300
K590,K590
C349,C349
K318,K318
N049,N049
O980,O980
C920,C920
N178,N178
A161,A161
D509,D509
T781,T781
D638,D638
J111,J111
E115,E115
K746,K746
C509,C509
K280,K280
O730,O730
F100,F100
I633,I633
O985,O985
A819,A819
T754,T754
S098,S098
G952,G952
S0660,S0660
I099,I099
C716,C716
B509,B509
P220,P220
T887,T887
K729,K729
A090,A090
L033,L033
M0096,M0096
P012,P012
I613,I613
C19T3,_
D698,D698
K760,K760
N009,N009
D467,D467
P550,P550
K30,K30
I678,I678
K750,K750
C191P2,_
E806,E806
E142N083,_
S913,S913
F453,F453
A199,A199
M1039,M1039
A063,A063
S009,S009
F209,F209
J1899Y95,_
P361,P361
E780,E780
C310,C310
N289,N289
E106,E106
P611,P611
P249,P249
I802,I802
K259,K259
G008,G008
J039,J039
E46,E46
L032,L032
E101,E101
I00,I00
Q359,Q359
A150,A150
A169,A169
C910,C910
D630,D630
O059,O059
P582,P582
I618,I618
M1999,M1999
D508,D508
J849,J849
G419,G419
I420,I420
M1399,M1399
M628,M628
A89,A89
S0631,S0631
E050,E050
T609,T609
J984,J984
I129,I129
P969,P969
K567,K567
M332,M332
M8697,M8697
I871,I871
K254,K254
C819,C819
O13,O13
C770,C770
P082,P082
C414,C414
C967,C967
C787,C787
C781,C781
C419,C419
S467,S467
J679,J679
M8695,M8695
O009,O009
E230,E230
C794,C794
C791,C791
H46,H46
N000,N000
O82,O829
I255,I255
I213,I213
P011,P011
E039,E039
G439,G439
B659,B659
K852,K852
P001,P001
O418,O418
I609,I609
A418,A418
N281,N281
P008,P008
P070,P070
A279,A279
T910,T910
A059,A059
C189,C189
N141,N141
I498,I498
D595,D595
A86,A86
J709,J709
E147,E147
O470,O470
L021,L021
E831,E831
C220,C220
C384,C384
K810,K810
N329,N329
P701,P701
T931,T931
J91,J91
K529,K529
H669,H669
T911,T911
D480,D480
O364,O364
K914,K914
K251,K251
O994,O994
O995,O995
G009,G009
I614,I614
N40,N40
R579,R579
P211,P211
P038,P038
P914,P914
K272,K272
T794,T794
O809,O809
K311,K311
Z356,Z356
O722,O722
O992,O992
M303,M303
A182,A182
M940,M940
P050,P050
O471,O471
S018,S018
K270,K270
J988,J988
A972,_
J941,J941
G409,G409
T913,T913
T751,T751
S008,S008
I212,I212
J36,J36
M1099,M1099
O140,O140
K721,K721
T313,T313
M4722,M4722
J4500,J450
P072,P072
O800,O800
G723,G723
D65,D65
K863,K863
A35,A35
T846,T846
K284,K284
C499,C499
K275,K275
N719,N719
S140,S140
S635,S635
S469,S469
T001,T001
S021,S021
P819,P819
P027,P027
T000,T000
S437,S437
A167,A167
G373,G373
K761,K761
K913,K913
M6289,M6289
E105,E105
T658,T658
T912,T912
G629,G629
T784,T784
P918,P918
G959,G959
G038,G038
K561,K561
I612,I612
Q039,Q039
E710,E710
D164,D164
N130,N130
P013,P013
J939,J939
J101,J101
J668,J668
O908,O908
F531,F531
K296,K296
C19X1,_
O034,O034
K522,K522
N111,N111
N142,N142
E862,E86
P598,P598
D641,D641
Y599,_
E142,E142
N832,N832
N040,N040
P002,P002
O064,O064
D62,D62
P916,P916
O244,O244
D500,D500
P241,P241
K801,K801
D250,D250
K112,K112
E441,E441
M1096,M1096
P838,P838
A014,A014
O419,O419
N132,N132
M1098,M1098
O901,O901
A078,A078
N739,N739
R578,R578
O441,O441
O239,O239
E109,E109
E136,E136
M1090,M1090
O149,O149
C56,C56
C793,C793
N170,N170
G933,G933
G08,G08
S097,S097
G430,G430
T828,T828
J961,J961
P134,P134
O11,O11
M1009,M1009
R509,R509
D27,D27
P704,P704
E145,E145
F064,F064
D487,D487
J81,J81
K851,K851
N450,N450
B159,B159
I309,I309
K295,K295
C19X2,_
M545,M545
L030,L030
D618,D618
D440,D440
P009,P009
C859,C859
A159,A159
P298,P298
D619,D619
A911,A911
E128,E128
Q431,Q431
C259,C259
S0640,S0640
P60,P60
O984,O984
O720,O720
O758,O758
O230,O230
M1097,M1097
J118,J118
T292,T292
A270,A270
Q046,Q046
C692,C692
J680,J680
D561,D561
C719,C719
P293,P293
L023,L023
A062,A062
B206,B206
T391,T391
Q273,Q273
Q213,Q213
F450,F450
E055,E055
D550,D550
K659,K659
J038,J038
N482,N482
J989,J989
E889,E889
B019,B019
E111,E111
K579,K579
M359,M359
O911,O911
M6269,M6269
S0280,S0280
E146,E146
D680,D680
G049,G049
I38,I38
P128,P128
P38,P38
J46,J46
O420,O420
K720,K720
P922,P922
H810,H810
K292,K292
B948,B948
P031,P031
T634,T634
P003,P003
J40,J40
M1007,M1007
I120,I120
M7919,M7919
O988,O988
O85,O85
A157,A157
J948,J948
D46,D469
D648,D648
P559,P559
A412,A412
M1006,M1006
S810,S810
S618,S618
N308,N308
M0690,M0690
G442,G442
S2230,S2230
K808,K808
O998,O998
L721,L721
T311,T311
P291,P291
M729,M729
A160,A160
J050,J050
D569,D569
O440,O440
S390,S390
K253,K253
M0686,M0686
A492,A492
G510,G510
G309F009,_
S0220,S0220
B09,B09
E834,E834
T246,T246
K519,K519
F322,F322
T398,T398
I501,I501
K598,K598
I110,I110
K290,K290
D728,D728
N709,N709
Q210,Q210
A410,A410
T930,T930
K572,K572
C925,C925
S340,S340
T600,T600
I269,I269
T509,T509
S764,S764
G400,G400
E107,E107
D66,D66
G402,G402
S0680,S0680
C919,C919
C753,C753
D383,D383
M5416,M5416
C258,C258
E059,E059
T003,T003
G450,G450
N309,N309
C172,C172
S819,S819
N419,N419
C229,C229
D560,D560
D539,D539
I159,I159
Q438,Q438
O249,O249
O479,O479
G939,G939
I744,I744
I719,I719
A156,A156
S0641,S0641
T543,T543
D758,D758
D849,D849
G060,G060
I098,I098
S0621,S0621
C549,C549
N950,N950
M4316,M4316
K919,K919
G809,G809
N410,N410
I611,I611
M4796,M4796
N938,N938
Q909,Q909
C857,C857
R410,R410
N008,N008
G35,G35
E268,E268
C65,C65
P120,P120
D381,D381
G473,G473
N030,N030
G20,G20
M7910,M7910
C64,C64
K858,K858
P261,P261
I850,I850
I130,I130
D181,D181
G900,G900
P590,P590
F03,F03
K573,K573
P028,P028
D433,D433
U071,_
A153,A153
P700,P700
S007,S007
K639,K639
M866,M866
T008,T008
M479,M479
G405,G405
T212,T212
N059,N059
S0270,S0270
C20,C20
P129,P129
A165,A165
M0090,M0090
K276,K276
J698,J698
N138,N138
B342,B342
K709,K709
P026,P026
T242,T242
C221,C221
E781,E781
C900,C900
T782,T782
C343,C343
M353,M353
J985,J985
E288,E288
E798,E798
T608,T608
M8999,M8999
E788,E788
J1292,J129
S619,S619
P610,P610
P000,P000
Q899,Q899
D489,D489
C760,C760
N039,N039
G403,G403
O731,O731
C780,C780
M1900,M190
I131,I131
I256,I256
M1906,M190
Q613,Q613
L024,L024
T950,T950
T941,T941
J390,J390
D376,D376
00000,_
F101,F101
F153,F153
H813,H813
D110,D110
N800,N800
G911,G911
T141,T141
E102N083,_
P760,P760
K824,K824
E43,E43
O069,O069
M436,M436
I518,I518
K511,K511
T814,T814
G722,G722
C679,C679
S2240,S2240
D580,D580
C19P1,C19
A490,A490
A021,A021
G418,G418
O996,O996
J1592,J159
K850,K850
E141,E141
E160,E160
M6099,M6099
T549,T549
J09,J09
C19CIS,C19
D352,D352
B779,B779
T857,T857
P285,P285
L511,L511
U072,_
I359,I359
C924,C924
D599,D599
E052,E052
P810,P810
C845,C845
P292,P292
N319,N319
K560,K560
K818,K818
G040,G040
J931,J931
Q760,Q760
I602,I602
P588,P588
P228,P228
D899,D899
I693,I693
I615,I615
T310,T310
P036,P036
I409,I409
J439,J439
P741,P741
E273,E273
I211,I211
F319,F319
E870,E870
N47,N47
O000,O000
J1803,J180
P761,P761
M4306,M4306
D399,D399
K046,K046
S2200,S2200
C786,C786
K319,K319
P809,P809
A049,A049
T622,T622
I311,I311
D414,D414
I270,I270
E222,E222
S0240,S0240
T798,T798
A394,A394
M0097,M0097
P243,P243
M462,M462
K298,K298
K805,K805
A163,A163
K565,K565
Z380,Z380
O821,O821
S468,S468
K122,K122
M1000,M1000
E112N083,_
S017,S017
T856,T856
S430,S430
D385,D385
O061,O061
N032,N032
D143,D143
T750,T750
C159,C159
D330,D330
O321,O321
O678,O678
O719,O719
O717,O717
K011,K011
K004,K004
Z370,Z370
Z392,Z392
Z491,Z491
O363,O363
O699,O699
Z038,Z038
E112,E112
N083,N083
O342,O342
S0111,S011
2,_
V8999,_
S011,S011
S610,S610
H610,H610
I469,I469
P0000,_
J348,J348
S912,S912
C163,C163
S013,S013
K359,K359
W459,_
J1899,J189
O820,O820
O620,O620
O756,O756
O702,O702
H2511,H251
H2510,H251
K922,K922
N63,N63
O653,O653
O623,O623
S423,S423
S525,S525
C541,C541
T393,T393
O410,O410
H1100,H110
H1101,H110
E789,E789
H2641,H264
H2591,H259
H2590,H259
S824,S824
S818,S818
O001,O001
W1999,_
E149,E149
Z371,Z371
O601,O601
Z355,Z355
Z302,Z302
I739,I739
M726,M726
N926,N926
D259,D259
D219,D219
O72,_
O690,O690
J342,J342
O750,O750
O691,O691
N180,N180
S491,_
Z035,Z035
K635,K635
D391,D391
N838,N838
O760,_
E042,E042
O681,O681
O329,O329
O629,O629
N119,N119
O322,O322
Z115,Z115
O339,O339
S623,S623
S860,S860
S8101,S810
1,_
I442,I442
J1289,J128
I842,I842
Z290,Z290
O829,O829
H431,H431
E143,E143
H360,H360
J189,J189
E790,E790
S0181,S018
W55,_
W54,_
N751,N751
L89,L89
O326,O326
K649,_
R090,R090
I249,I249
I350,I350
Z38,_
S6141,_
S399,S399
S066,S066
J1891,J189
H251,H251
O757,O757
M8686,M8686
T1421,T1421
O830,O830
O60,_
C43,C439
N841,N841
K358,K358
O03,O039
O71,O719
J1282,J128
H2605,H260
C41,C419
K350,K350
Z017,Z017
N858,N858
P543,P543
R221,R221
N11,N119
O019,O019
J060,J060
Z208,Z208
S519,S519
S119,S119
V899,_
J1890,J189
J47,J47
I250,I250
I517,I517
O639,O639
S212,S212
M779,M779
R18,R18
N508,N508
K603,K603
M600,M600
R58,R58
S370,S370
S8280,S8280
K137,K137
O80,O809
S518,S518
N840,N840
Y834,_
E11,E119
K040,K040
H259,H259
O631,O631
C109,C109
M1030,M1030
O640,O640
O701,O701
K819,K819
D374,D374
R223,R223
O69,O699
K317,K317
I849,I849
H110,H110
R05,R05
N035,N035
M678,M678
H2711,H271
H0010,H001
H3600,H3600
H4310,H431
O459,O459
O689,O689
Z511,Z511
C16,C169
X5808,_
S019,S019
W0704,_
V2899,_
W1808,_
W2508,_
S9101,S910
W2299,_
S410,S410
V200,_
M8001,M8001
Z510,Z510
C029,C029
L600,L600
N908,N908
C02,C029
C110,C110
K221,K221
O654,O654
E875,E875
K710,K710
S825,S825
K20,K20
Z901,Z901
R229,R229
M654,M654
K3580,K358
Z988,Z988
C795,C795
K633,K633
R222,R222
T019,T019
S930,S930
I8281,I828
M798,M798
L723,_
B181,B181
R100,R100
S7231,S7231
S9230,S9230
H252,H252
Z382,Z382
C300,C300
A541,A541
M658,M658
M653,M653
Z3700,Z370
820,_
N210,N210
S0191,S019
S6121,_
3,_
O680,O680
N649,N649
K123,K123
L270,L270
R599,R599
J850,J850
H215,H215
N00,N009
H264,H264
H402,H402
C241,C241
I456,I456
C062,C062
H271,H271
H118,H118
H028,H028
T162,T16
M8000,M8000
L029,L029
S7111,S711
R490,R490
E14,E149
J958,J958
K409,K409
N433,N433
O020,O020
N611,N61
K352,K352
L022,L022
S219,S219
M6530,M6530
H0014,H001
O624,O624
T1502,T150
C218,C218
C187,C187
A069,A069
S822,S822
S527,S527
M100,M100
Y408,_
G910,G910
Q379,Q379
M32,M329
K629,K629
Z3801,Z380
D121,D121
G309,G309
F009,F009
L893,L893
M8210,M8210
S228,S228
Z3001,Z300
7,_
C443,C443
K35,K359
T758,T758
O089,O089
C792,C792
O331,O331
I691,I691
B169,B169
C250,C250
E040,E040
O348,O348
O224,O224
N62,N62
Z209,Z209
K768,K768
B19,B199
O421,O421
Z370O,_
K804,K804
Z301,Z301
I889,I889
C5091,C509
9,_
N61,N61
K64,_
T013,T013
O862,O862
C81,C819
K388,K388
L720,L720
S6150,_
K210,K210
N159,N159
O801,O801
E785,E785
S820,S820
M4369,M4369
S005,S005
S5101,S510
S6149,_
S070,S070
S5189,S518
O366,O366
8801,_
Z386,Z386
Z383,Z383
S5220,S5220
Z932,Z932
S365,S365
D24,D24
K80,_
S523,S523
Q612,Q612
J019,J019
R040,R040
I10,I10
L732,L732
D170,D170
I679,I679
G468,G468
J9600,J960
C984,_
I139,I139
C34,C349
T1501,T150
Q271,Q271
R064,R064
N18,N189
N140,N140
J380,J380
T1500,T150
K047,K047
N08,_
O438,O438
G901,G901
C182,C182
H4401,H440
I470,I470
J208,J208
O622,O622
H4021,H402
Z495,_
M8500,M8500
M8070,_
M8480,M8480
C530,C530
Z659,Z659
D370,D370
K449,K449
C837,C837
Z308,Z308
M103,M103
A079,A079
R788,R788
M79,M799
O840,O840
Z372,Z372
O300,O300
O349,O349
C25,C259
D760,D760
I845,I845
L929,L929
I09,I099
C785,C785
R220,R220
S7290,S7290
O700,O700
Z354,Z354
M674,M674
N401,N40
Q725,Q725
K652,_
I959,I959
Z955,Z955
D471,D471
H2640,H264
N850,N850
O365,O365
S028,S028
S4292,S429
Q369,Q369
N341,N341
S761,S761
M486,_
O332,O332
O842,O842
M8072,_
A183,A183
K930,K930
E112NO83,_
M8441,M8441
S7235,S723
S010,S010
S999,S999
O109,O109
O0019,O001
L923,L923
G932,G932
S723,S723
N818,N818
A180,A180
M490,M490
S420,S420
L910,L910
O641,O641
S029,S029
W14,_
N930,N930
O709,O709
N3,_
O101,O101
K811,K811
S7200,S7200
D485,D485
C222,C222
K053,K053
O621,O621
D134,D134
O335,O335
S271,S271
O328,O328
S424,S424
V9999,_
B369,B369
S720,S720
M819,M819
Y95,_
I102,I10
K528,K528
K828,K828
C251,C251
M321,M321
N085,N085
G98,G98
C851,C851
C329,C329
C55,C55
O770,_
C985,_
I221,I221
R224,R224
T833,T833
K830,K830
M9989,M9989
B99,B99
O814,O814
J860,J860
E748,E748
Z433,Z433
I861,I861
C224,C224
Z381,Z381
R7301,R730
W199,_
O080,O080
K868,K868
O324,O324
O664,O664
J392,J392
C50,C509
R739,R739
M19,M199
J129,J129
O060,O060
Z246,Z246
N135,N135
I440,I440
C260,C260
S5260,S5260
R730,R730
H261,H261
T796,T796
H262,H262
M7999,M7999
W549,_
J128,J128
N6310,N63
H3580,H358
Z309,Z309
C578,C578
S626,S626
O369,O369
S8220,S8220
V2349,_
O619,O619
F418,F418
T813,T813
S299,S299
W20,_
C37,C37
S4201,S4201
X95,_
Q012,Q012
S7230,S7230
X94,_
S364,S364
S363,S363
X99,_
B222,B222
T002,T002
S309,S309
Z2082,Z208
8,_
S520,S520
M199,M199
T222,T222
U04,U049
O325,O325
I019,I019
V234,_
Z340,Z340
Z300,Z300
F419,F419
Z348,Z348
P0001,_
E118,E118
E049,E049
E835,E835
M9821,_
R190,R190
Z349,Z349
C180,C180
N288,N288
R042,R042
O909,O909
D251,D251
N925,N925
E139,E139
E144,E144
G590,G590
E880,E880
I100,I10
B029,B029
D210,D210
J1293,J129
U05,_
R638,R638
Q059,Q059
Q897,Q897
T780,T780
K578,K578
Z379,Z379
A15,A159
R688,R688
N6320,N63
U88,U88
I493,I493
Y560,_
S327,S327
T501,T501
S529,S529
J150,J150
N188,N188
R629,R629
T819,T819
Z904,Z904
E102,E102
L208,L208
S627,S627
D400,D400
L400,L400
K261,K261
R188,R18
S012,S012
J329,J329
S015,S015
O688,O688
S711,S711
K40,K409
K403,K403
D25,D259
S929,S929
S510,S510
S6129,_
S528,S528
Z975,Z975
V890,_
S065,S065
O894,O894
X68,_
M9801,_
S39,S399
V28,_
R392,R392
Z0381,Z038
T189,T189
N889,N889
S721,S721
K293,K293
B956,B956
Z867,Z867
D313,D313
S203,S203
R19,_
R91,R91
D321,D321
G589,G589
C92,C929
N750,N750
K821,K821
D531,D531
L089,L089
Q180,Q180
B968,B968
S064,S064
T023,T023
T026,T026
N601,N601
V299,_
I771,I771
D696,D696
I351,I351
F039,F03
J4499,J449
D212,D212
S615,_
S612,_
S411,S411
X999,_
N351,N351
S01,S019
S629,_
C068,C068
D339,D339
R234,R234
O838,O838
T093,T093
M480,M480
E669,E669
S9290,S9290
S920,S920
J459,J459
C85,C859
C929,C929
Z961,Z961
O610,O610
P370,P370
R09,_
C58,C58
E058,E058
Z418,Z418
H334,H334
M8010,M8010
M8980,M8980
Z513,Z513
S5230,S5230
N602,N602
H025,H025
M8002,M8002
S524,S524
I400,I400
W5499,_
C767,C767
K638,K638
H178,H178
H001,H001
S630,S630
K440,K440
S8250,S8250
Z966,Z966
J4599,J459
R252,R252
M799,M799
M8448,M8448
O243,O243
M6298,M6298
K650,K650
M9861,_
Z907,Z907
W540,_
I49,I499
T827,T827
H351,H351
P271,P271
C181,C181
S5210,S5210
S6200,S6200
S6230,S6230
T902,T902
T921,T921
T922,T922
V892,_
Y3499,_
T915,T915
K634,K634
I694,I694
T909,T909
P248,P248
B24,B24
0200,_
Z49,_
N038,N038
P07,_
W1899,_
T140,T140
K611,K611
M8520,M8520
M9530,M953
M8920,M8920
C449,C449
O813,O813
O703,O703
O2441,O2441
M8041,M8041
O63,O639
Z9922,Z992
C519,C519
C5092,C509
S8181,S818
S9250,S9250
I868,I868
P90,P90
C19,C19
Y453,_
S4230,S4230
A170,A170
G01,G01
O698,O698
P200,P200
O355,O355
F059,F059
X5999,_
X5990,_
I495,I495
M8470,_
M9080,M9080
K429,K429
E103,E103
M8140,M8140
M301,M301
O262,O262
G249,G249
Z931,Z931
P201,P201
Z031,Z031
O341,O341
S509,S509
X599,_
R798,R798
O3421,O342
A09,A09
S925,S925
P579,P579
D589,D589
D750,D750
K767,K767
Q225,Q225
E799,E799
D316,D316
M8012,M8012
M029,M029
L609,L609
T928,T928
P035,P035
E041,E041
T070,T07
N320,N320
M8290,_
J869,J869
I698,I698
G250,G250
E890,E890
K758,K758
O430,O430
O3402,O340
C798,C798
C71,C719
I872,I872
V274,_
S3650,S3650
S442,S442
S0260,S0260
V229,_
H492,H492
L729,L729
I779,I779
O679,O679
I610,I610
I319,I319
I313,I313
U07,_
T850,T850
Y841,_
K558,K558
K589,K589
S3240,S3240
M8003,M8003
S0230,S0230
D329,D329
K703,K703
L97,L97
I472,I472
Z090,Z090
C210,C210
B589,B589
B89,B89
C436,C436
Q358,_
O903,O903
O6918,O691
Z304,Z304
N760,N760
D320,D320
K351,K351
I340,I340
I050,I050
S142,S142
T918,T918
N93,N939
C19Y1,C19
X499,_
Z358,Z358
Z39,_
O822,O822
A539,A539
O991,O991
S729,S729
S7214,S721
S2220,S2220
B370,B370
D179,D179
Q850,Q850
M109,M109
S8225,S822
T14,T149
S435,S435
I052,I052
S763,S763
K533,_
S614,_
O652,O652
H709,H709
B002,B002
K222,K222
N328,N328
I99,I99
Z0387,Z038
208,_
H2592,H259
M750,M750
M754,M754
E786,E786
S427,S427
L858,L858
G919,G919
C089,C089
K048,K048
K610,K610
T901,T901
N03,N039
Z740,Z740
185,_
H258,H258
I84,I849
N801,N801
D177,D177
S5280,S5280
0,_
S202,S202
N184,N184
I121,_
I881,I881
D441,D441
N04,N049
S372,S372
A068,A068
I690,I690
C866,C866
K766,K766
I490,I490
L892,L892
L88,L88
O368,O368
P039,P039
K353,K353
B972,B972
R33,R33
C402,C402
P363,P363
D117,D117
N151,N151
T230,T230
D367,D367
I441,I441
P783,P783
D751,D751
N298,N298
B980,B980
D392,D392
Z134,Z134
I2510,I251
Z30,Z309
Q660,Q660
Q319,Q319
O401,O40
E05,E059
S82,S829
H409,H409
Z492,Z492
T852,T852
O68,O689
Z9071,Z907
S422,S422
H599,H599
S0291,S0291
J1894,J189
C820,C820
N4019,N40
120,_
Q381,Q381
I669,I669
I254,I254
K228,K228
E839,E839
A071,A071
S0180,S018
O40,O40
M9084,M9084
D235,D235
E8351,E835
W0199,_
S898,S898
V2299,_
S910,S910
G819,G819
C170,C170
C772,C772
Z478,Z478
T181,T181
T675,T675
S911,S911
S059,S059
Z992,Z992
O343,O343
O323,O323
P024,P024
H618,H618
C921,C921
Q250,Q250
M8666,M8666
M6580,M6580
S517,S517
E135,E135
B379,B379
C765,C765
I731,I731
E860,E86
J387,J387
W140,_
M4806,M4806
R650,R650
T818,T818
N137,N137
K269,K269
Z128,Z128
H3301,H330
H3330,H333
D486,D486
I489,I48
H4051,H405
H3581,H358
H3502,H350
E113,E113
S7210,S7210
M771,M771
M659,M659
C07,C07
M513,M513
D45,D45
V2999,_
H052,H052
H113,H113
S024,S024
R918,R91
O751,O751
C381,C381
Q446,Q446
K660,K660
M9950,M9950
L509,L509
O644,O644
O848,O848
H2521,H252
A179,A179
C52,C52
E289,E289
N979,N979
S917,S917
S8190,S819
S9130,S913
Z567,Z567
H268,H268
L0890,L089
L0891,L089
R1083,_
S8240,S8240
B769,B769
R17,R17
S611,S611
S817,S817
I422,I422
M009,M009
O269,O269
S9191,S919
L9711,L97
I11,I119
M8895,M8895
N158,N158
S5270,S5270
Z488,Z488
D538,D538
D601,D601
O808,O808
T149,T149
H2520,H252
S8221,S8221
W3199,_
M8380,M8380
E888,E888
C959,C959
M7998,M7998
E867,E86
D375,D375
K648,_
Z33,Z33
I770,I770
A41,A419
I451,I451
P033,P033
D350,D350
S1290,S1290
V489,_
N409,N40
M8460,_
M9863,_
M8960,M8960
C649,C64
D331,D331
Z930,Z930
D171,D171
I729,I729
C4022,C402
E12,E129
V180,_
T810,T810
Z412,Z412
E104,E104
G632,G632
S022,S022
H814,H814
H590,H590
C5090,C509
C829,C829
G634,G634
O718,O718
I459,I459
R0602,R060
M8988,M8988
D809,D809
N019,N019
C764,C764
Z08,Z089
E140,E140
S8281,S8281
N20,N209
I449,_
R740,R740
T375,T375
Y415,_
R068,R068
O240,O240
O649,O649
O16,O16
Z352,Z352
E1422,E142
E1122,E112
D252,D252
O711,O711
J851,J851
H4012,H401
S9251,S9251
S026,S026
S053,S053
K469,K469
E720,E720
O75,O759
I371,I371
S631,S631
W19,_
E638,E638
Z952,Z952
C779,C779
N803,N803
N809,N809
N949,N949
H905,H905
A530,A530
O981,O981
O662,O662
L984,L984
S2710,S2710
S270,S270
S8231,S8231
O083,O083
N318,N318
A158,A158
Z139,Z139
Z011,Z011
L088,L088
K621,K621
D035,D035
K803,K803
S0521,S052
G464,G464
R99,R99
V071,_
K316,K316
M8810,_
O983,O983
A630,A630
E90,E90
E86,E86
Q512,Q512
O648,O648
R569,_
R000,R000
E872,E872
W876,_
O993,O993
Q211,Q211
P614,P614
P020,P020
I718,I718
I728,I728
G063,_
C104,C104
S808,S808
O100,O100
T795,T795
R900,R900
T226,T226
W878,_
K700,K700
A90,A90
E126,E126
O759,O759
N888,N888
P269,P269
H2609,H260
E1121,E112
S899,S899
Q201,Q201
E740,E740
N093,_
S8210,S8210
K632,K632
C629,C629
N26,N26
Z502,Z502
E79,E799
A047,A047
S4231,S4231
N39,N399
D67,D67
Q600,Q600
Z073,_
E440,E440
Q764,Q764
I848,I848
S823,S823
I272,I272
N852,N852
S531,S531
T006,T006
S809,S809
H652,H652
P032,P032
Z80,Z809
M9180,M9180
A33,A33
X0999,_
O159,O159
M9071,M9071
T802,T802
M9510,M951
X4699,_
T520,T520
A188,A188
I320,I320
N28,N289
N028,N028
B378,B378
S2110,S211
C788,C788
N823,N823
K439,K439
G700,G700
B356,B356
N509,N509
Z713,Z713
S8251,S8251
X586,_
X580,_
J901,J90
R572,R572
E877,E877
E639,E639
N280,N280
C911,C911
Z518,Z518
J381,J381
J384,J384
R35,R35
J304,J304
E0410,E041
N2091,N209
I519,I519
Z733,Z733
Y442,_
G610,G610
X6099,_
J351,J351
Z203,Z203
X6199,_
T433,T433
T421,T421
I071,I071
B07,B07
H3091,H309
N259,N259
N136,N136
I712,I712
T868,T868
M869,M869
H612,H612
X6999,_
Q283,Q283
S3200,S3200
G922,G92
I516,I516
J310,J310
H3601,H3601
H4080,H408
S7240,S7240
T175,T175
S8211,S8211
S681,S681
S609,S609
M9560,_
D361,D361
L010,L010
I709,I709
J1281,J128
B191,_
Z99,Z999
H604,H604
Q433,Q433
O268,O268
O345,O345
H250,H250
D233,D233
L01,_
N211,N211
R73,R739
K668,K668
K631,K631
Q668,Q668
A164,A164
D234,D234
N471,N47
N399,N399
C441,C441
T231,T231
S051,S051
H112,H112
T150,T150
H169,H169
H405,H405
M0899,M0899
R1900,R190
Q219,Q219
Q90,Q909
S869,S869
S8291,S8291
N8391,N839
Y451,_
N8012,N801
H333,H333
K050,K050
S969,S969
O828,O828
O0391,O039
L899,L899
A181,A181
U089,_
R790,R790
A498,A498
A493,A493
A151,A151
Z030,Z030
S2790,S2790
H6010,H601
I829,I829
Z039,Z039
K7681,K768
K229,K229
K083,K083
K010,K010
I12,I129
M8800,M880
S311,S311
S310,S310
0034,_
I776,I776
O682,O682
E282,E282
S2210,S2210
D097,D097
E42,E42
S5250,S5250
S628,S628
E063,E063
J309,_
L292,L292
B955,B955
Z37,Z379
O063,O063
M7989,M7989
Z470,Z470
S981,S981
P619,P619
G709,G709
O630,O630
S141,S141
S129,S129
E114,E114
I70,I709
O904,O904
Z391,Z391
P080,P080
O334,O334
E142NO83,_
K049,K049
Z469,Z469
K605,K605
S6260,S6260
S678,S678
Q181,Q181
H6061,_
J040,J040
H6062,_
H6122,H612
Z978,Z978
H000,H000
I514,I514
D431,D431
Z438,Z438
S9120,S912
S5100,S510
S6100,S610
N302,N302
S828,S828
N359,N359
S72,S729
V289,_
S8230,S8230
0807,_
Z378,_
K628,K628
S312,S312
S320,S320
O692,O692
D282,D282
U071CO,_
I840,I840
Z9851,_
K661,K661
S368,S368
C069,C069
S8200,S8200
B022,B022
E051,E051
M9100,M9100
S062,S062
E132,E132
K044,K044
H404,H404
N321,N321
E539,E539
B199,B199
N0838,N083
H1690,H169
O036,O036
D051,D051
S661,S661
H1691,H169
N343,N343
T831,T831
N489,N489
S9990,S999
L0210,L021
E1451,E145
K248,_
I955,_
0800,_
O030,O030
O340,O340
S697,S697
O444,_
D279,D27
A168,A168
E866,E86
Z76,Z769
J350,J350
N811,N811
N859,N859
N498,N498
H3505,H350
K626,K626
N361,N361
H4321,H432
H3340,H334
D269,D269
Z9881,Z988
M8032,M8032
C320,C320
L980,L980
S001,S001
S063,S063
N920,N920
G560,G560
M8850,_
N031,N031
H3602,H3602
D135,D135
E1135,E113
12,_
E133,E133
W559,_
H592,_
N631,N63
E0790,E079
E0791,E079
Z9611,Z961
Z369,Z369
H353,H353
H5221,H522
P569,P569
51,_
X9999,_
H352,H352
E143H3,_
L930,L930
H3532,H353
W259,_
S5240,S5240
K624,K624
K36,K36
Z9012,Z901
O650,O650
N630,N63
S318,S318
I96,_
N183,N183
M6008,M6008
S5261,S5261
S5241,S5241
K130,K130
S5233,S523
H350,H350
2369,_
H4311,H431
T07,T07
O33,O339
O83,O839
D17,D179
C714,C714
C254,C254
C833,C833
R57,R579
K74,_
C252,C252
N35,N359
A,_
P77,P77
E250,E250
N736,N736
O76,_
S6220,S6220
H25,H259
H341,H341
H179,H179
H2690,H269
H2691,H269
K8010,K801
N186,_
C482,C482
N202,N202
Q53,Q539
S0109,S010
C610,C61
M7981,M7981
D180,D180
H441,H441
H348,H348
H3572,H357
K121,K121
I841,I841
K069,K069
O810,O810
J450,J450
T240,T240
T210,T210
P229,P229
V871,_
S211,S211
C411,C411
M4319,M4319
B209,B209
L071,_
M2441,M2441
C53,C539
R49,_
D126,D126
Z028,Z028
M840,M840
S050,S050
J383,J383
H2649,H264
H358,H358
K681,_
Q858,Q858
N924,N924
I31,I319
M9593,M959
H332,H332
E1132,E113
M8832,_
E609,E60
E559,E559
I26,I269
M5410,M5410
M512,M512
J37,_
C54,C549
H33,_
C11,C119
J382,J382
H699,H699
M9120,M9120
L891,L891
N951,N951
J1819,J181
K070,K070
R55,R55
C570,C570
D073,D073
H310,H310
O820Z,_
L928,L928
K513,K513
R104,R104
M351,M351
J1593,J159
K711,K711
B201,B201
I502,_
E66,E669
S798,S798
R0902,R090
H260,H260
Z001,Z001
Z97,_
M1990,M199
B189,B189
C751,C751
C099,C099
L409,L409
T825,T825
C23,C23
M8430,M8430
K551,K551
M3214,M321
M9260,M926
S60,S609
L042,L042
K29,K299
K512,K512
G061,G061
M9391,M9391
D449,D449
M9823,_
Z310,Z310
D763,D763
D106,D106
C810,C810
H729,H729
H663,H663
H330,H330
E278,E278
H460,H46
C717,C717
P252,P252
P618,P618
Q220,Q220
I859,I859
R13,R13
H209,H209
D377,D377
080,_
H408,H408
H4020,H402
Z350,Z350
D412,D412
Y92,_
M9470,_
M900,M900
D731,D731
W34,_
H500,H500
C609,C609
T835,T835
K252,K252
K281,K281
S4240,S4240
M2443,M2443
S6270,S6270
S4200,S4200
J343,J343
C18,C189
I809,I809
L22,L22
T9310,T931
J029,J029
S6261,S6261
H912,H912
M500,M500
Z524,Z524
S6251,S6251
S5180,S518
C4990,C499
M9061,M9061
C17,C179
H433,H433
H442,H442
O031,O031
D224,D224
C4020,C402
K051,K051
K029,K029
C447,C447
O70,O709
H3531,H353
Q6602,Q660
S8241,S8241
I636,I636
P649,_
Z9381,Z938
K752,K752
L404,L404
Z320,Z320
S5310,S5310
S9221,S9221
L988,L988
Z3800,Z380
H3540,H354
O151,O151
C67,C679
C90,_
M9866,_
K314,K314
C209,C20
M9680,M968
E086,_
C91,C919
K829,K829
M8246,_
J479,J47
K3533,K353
M9040,M9040
S068,S068
M271,_
R98,R98
R0908,R090
L819,L819
D4861,D486
K045,K045
S6810,S681
S0651,S0651
M8571,_
Q539,Q539
M9594,M959
C039,C039
C44,C449
D0572,D057
H4011,H401
J9503,J950
C211,C211
O7811,_
C569,C56
C8448,C8448
M9702,_
C080,C080
S4301,S4301
M722,M722
L209,L209
S6311,S6311
K60,_
O320,O320
B908,B908
H119,H119
H3480,H348
M8620,M8620
C15,C159
I63,I639
H3300,H330
Q070,Q070
M8312,M8312
H269,H269
C677,C677
H400,H400
D4801,D480
O333,O333
K640,_
L0240,L024
H40,H409
N492,N492
C773,C773
J370,J370
K81,K819
N97,N979
C771,C771
C740,C740
K57,K579
C688,C688
N428,N428
Z3831,Z383
N84,N849
​,_
G360,G360
Q057,Q057
N971,N971
C8590,C859
I743,I743
C12,C12
F329,F329
D4862,D486
M201,M201
O81,_
I051,I051
O8007,O800
370,_
K061,K061
H3331,H333
T1511,T151
N285,_
Z232,Z232
Z138,Z138
I447,I447
M6268,M6268
N819,N819
I108,I10
S360,S360
Z135,Z135
I461,I461
Z130,Z130
C846,C846
S530,S530
I5170,I517
O655,O655
M8050,M8050
D130,D130
B16,B169
C191P1,_
Z201,Z201
E782,E782
S331,S331
E232,E232
V0930,_
N814,N814
L83,L83
I998,I99
M1821,M182
Q444,Q444
O289,O289
Z346,_
H2610,H261
9095,_
J841,J841
S730,S730
M163,M163
Z11,Z119
N440,N44
M8970,_
S0200,S0200
B830,B830
J20,J209
F102,F102
S8100,S810
V29,_
S000,S000
0691,_
G085,G08
H701,H701
M172,M172
E78,E789
S7110,S711
S373,S373
Q99,Q999
Z136,Z136
M478,M478
R001,R001
Z950,Z950
Z13,Z139
H168,H168
Q804,Q804
H105,H105
N839,N839
I710,I710
Q892,Q892
S5212,S521
N052,N052
S8283,S828
M870,M870
I271,I271
I279,I279
B009,B009
A084,A084
N488,N488
I161,_
I429,I429
L040,L040
M8160,M8160
T876,T876
R591,R591
I160,_
0149,_
C410,C410
H335,H335
M159,M159
R398,R398
R22,R229
N8320,N832
H189,H189
W45,_
S210,S210
R2231,R223
H181,H181
S06,S069
T8131,T813
H6100,H610
S0071,S007
S003,S003
O0010,O001
E1150,E115
M1998,M1998
N648,N648
D249,D24
D241,D24
N429,N429
L309,L309
Q673,Q673
M532,M532
N23,N23
S0101,S010
E784,E784
K148,K148
S052,S052
I20,I209
0702,_
T79,T799
Z373,Z373
F799,F799
J930,J930
T142,T142
S060,S060
K099,K099
S669,S669
M5459,M5459
M5439,M5439
D689,D689
K068,K068
S762,S762
H010,H010
H041,H041
H445,H445
Z512,Z512
S834,S834
O831,O831
S0129,S012
S636,S636
W1401,_
S91,S919
R092,R092
060,_
S0661,S0661
G9389,G938
S0081,S008
S521,S521
V099,_
X58,_
N849,N849
Z926,Z926
C749,C749
T848,T848
V295,_
D694,D694
F29,F29
W87,_
S909,S909
S409,S409
O839,O839
Y831,_
Q423,Q423
S728,S728
V294,_
S622,S622
S361,S361
S278,S278
S821,S821
T542,T542
R961,R961
O139,O13
S666,S666
D759,D759
I637,_
N033,N033
K220,K220
M9085,M9085
D481,D481
Z905,Z905
N003,N003
H4010,H401
M9020,M9020
U040,_
J320,J320
M9505,M950
Q443,Q443
J339,J339
K571,K571
V22,_
M9401,M940
I46,I469
H609,H609
I260,I260
H359,H359
V89,_
N948,N948
R098,R098
H3520,H352
M8310,M8310
M6208,M6208
D213,D213
D211,D211
C492,C492
N933,_
0700,_
C491,C491
J313,_
B9620,B962
X64,_
A720,_
A548,A548
I820,I820
C946,C946
Z305,Z305
R652,R652
E10,E109
C4492,C449
S,_
M7410,_
C160,C160
I671,I671
S978,S978
S982,S982
N103,N10
A1889,A188
M9506,M950
O443,_
C494,C494
C311,C311
T809,T809
D140,D140
F39,F39
K838,K838
E739,E739
T455,T455
H214,H214
N871,N871
N051,N051
G9340,G934
O779,_
S32,_
J182,J182
K271,K271
E079,E079
K918,K918
N041,N041
11,_
M9673,_
H3582,H358
Q120,Q120
K630,K630
O651,O651
S830,S830
0809,_
N070,N070
M6743,M6743
S9131,S913
O208,O208
C442,C442
M411,M411
M069,M069
H3560,H356
H3561,H356
S80,S809
N360,N360
M519,M519
H111,H111
J982,J982
T151,T151
H1141,H114
H1121,H112
S534,S534
S5200,S5200
M7101,M7101
0757,_
S5181,S518
089,_
O89,O899
R198,R198
C506,C506
E260,E260
0820,_
N2889,N288
J180,J180
D510,D510
D216,D216
S279,S279
S223,S223
R561,_
N44,N44
B332,B332
L101,L101
H401,H401
I864,I864
N830,N830
T058,T058
S02,S029
R590,R590
D802,D802
Q549,Q549
N118,N118
C750,C750
O9841,O984
O43,O439
M9250,M925
J1895,J189
O8093,O809
70,_
O603,O603
Q391,Q391
P236,P236
J990,J990
T172,T172
H71,H71
S3700,S3700
D176,D176
C240,C240
C49,C499
K3532,K353
J440,J440
D401,D401
P0736,P073
G259,G259
L989,L989
Q626,Q626
N816,N816
C763,C763
H812,H812
E1450,E145
T2300,T230
T2500,T250
R202,R202
W879,_
F318,F318
F309,F309
K602,K602
S984,S984
0321,_
I843,I843
O096,_
S689,S689
S2290,S2290
O890,O890
K4021,K402
N182,N182
B160,B160
O150,O150
I480,I48
R11,R11
G936,G936
P911,P911
M8963,M8963
654,_
E879,_
N81,N819
0141,_
I793,_
Q203,Q203
F019,F019
M9499,M9499
X4999,_
K092,K092
D069,D069
A191,A191
Q256,Q256
E02,E02
S717,S717
Z998,Z998
B79,B79
1249,_
B770,B770
O45,O459
H2504,H250
H4090,H409
N228,N228
C049,C049
Z4803,Z480
I899,I899
C10,C109
C69,C699
B22,B22
X339,_
T219,_
0244,_
P593,P593
Z70,Z709
Z033,Z033
S460,S460
H690,H690
C060,C060
R230,R230
I278,I278
C439,C439
A064,A064
T148,T148
V891,_
T8092,T809
D229,D229
S617,S617
S317,S317
T011,T011
S624,S624
Z928,Z928
R471,R471
Z891,Z891
O469,O469
E078,E078
G308,G308
0801,_
L9741,L97
A612,_
N102,N10
H903,H903
I494,I494
S908,S908
S632,S632
O346,O346
M2607,_
A16,A169
W4599,_
0829,_
K2970,K297
K625,K625
A879,A879
K5730,K573
S670,S670
S9200,S9200
E148,E148
K82,K829
S620,S620
C670,C670
C154,C154
G92,G92
N600,N600
S707,S707
S397,S397
S328,S328
T815,T815
S5290,S5290
Z3000,Z300
800,_
R1013,R101
L728,L728
B9729,B972
R059,R05
R749,R749
M5417,M5417
I952,I952
F331,F331
K149,K149
G048,G048
M818,M818
T094,T094
E881,E881
N079,N079
59400,_
I652,I652
C796,C796
P391,P391
P520,P520
P010,P010
F530,F530
T454,T454
T312,T312
M6265,M6265
I513,I513
F459,F459
P921,P921
I515,I515
M0698,M0698
I608,I608
R51,R51
M1991,M1991
M4310,M4310
S0610,S0610
D434,D434
A46,A46
P210,P210
D430,D430
O242,O242
H050,H050
M485,M485
T676,T676
K226,K226
O872,O872
N946,N946
G930,G930
J4580,J458
J4510,J451
T783,T783
P140,P140
J391,J391
N945,N945
M0687,M0687
M6260,M6260
H819,H819
M6205,M6205
D483,D483
G431,G431
E561,E561
B054,B054
O347,O347
P398,P398
I632,I632
K286,K286
G938,G938
M4397,M4397
P004,P004
C711,C711
F203,F203
F200,F200
J700,J700
K904,K904
F109,F109
T824,T824
G000,G000
Z293,_
M45,M45
I229,I229
P029,P029
F339,F339
M5496,M5496
Z01206,Z012
Z0011,Z001
P53,P53
C490,C490
G062,G062
G544,G544
N943,N943
Q422,Q422
G09,G09
T628,T628
Q430,Q430
P014,P014
P294,P294
T797,T797
E269,E269
S0691,S0691
K255,K255
M1309,M1309
F908,F908
C923,C923
P524,P524
P394,P394
E010,E010
IMP01,_
F431,F431
K658,K658
T202,T202
F341,F341
I088,I088
P392,P392
P360,P360
B441J172,_
G712,G712
P549,P549
M8696,M8696
F315,F315
M543,M543
K113,K113
M8617,M8617
S090,S090
K550,K550
I080,I080
J949,J949
F312,F312
D129,D129
C761,C761
D379,D379
M948,M948
T315,T315
P362,P362
E125,E125
T932,T932
N940,N940
A411,A411
I152,I152
A379,A379
B652,B652
B059,B059
Q792,Q792
O986,O986
K669,K669
M6285,M6285
J688,J688
K102,K102
J110,J110
M5387,M5387
M7909,M7909
Q353,Q353
T630,T630
A415,A415
Q610,Q610
I330,I330
D473,D473
J1502,J150
M0889,M0889
G031,G031
K289,K289
S960,S960
T432,T432
P006,P006
S020,S020
I479,I479
T424,T424
K716,K716
I5000,I500
I241,I241
O713,O713
9940,_
Q505,Q505
S560,S560
Q603,Q603
W119,_
M218,M218
M9014,M9014
S3990,S399
S3600,S3600
T919,T919
T905,T905
K759,K759
S272,S272
T914,T914
H045,H045
I7281,I728
S682,S682
N299,_
D21,D219
E1191,E119
I427,I427
I460,I460
Q378,Q378
Z968,Z968
M9064,M9064
P9683,P968
Q501,Q501
P021,P021
M7986,M7986
E7890,E789
O053,O053
Z866,Z866
T874,T874
Z895,Z895
Q699,Q699
B961,B961
B377,B377
N907,N907
C479,C479
D150,D150
D059,D059
C412,C412
C139,C139
C712,C712
Q523,Q523
I25,I259
D410,D410
M791,M791
Z229,Z229
S027,S027
Z359,Z359
M844,M844
M9835,_
T938,T938
L6001,L600
T900,T900
R160,R160
S004,S004
M4619,M4619
C319,C319
N110,N110
G531,G531
I85,I859
K42,K429
D26,D269
K2900,K290
K2980,K298
M725,M725
W228,_
J980,J980
S8180,S818
T146,T146
E741,E741
E249,E249
D333,D333
Q315,Q315
D371,D371
O715,O715
M9310,M931
X6499,_
Z639,Z639
T232,T232
W3499,_
P375,P375
H591,_
O05,O059
I714,I714
K118,K118
E662,E662
E41,E41
T369,T369
F89,F89
G41,G419
L93,_
S341,S341
U0713,_
409,_
Z207,Z207
G467,G467
K209,K20
J45,J459
B59,B59
J173,J173
M1001,M1001
B204,B204
I6781,I678
M189,M189
S4300,S4300
S826,S826
I208,I208
S71,_
L025,_
Z9011,Z901
T8611,T861
R180,R18
S121,S121
T882,T882
P3699,P369
9460,_
O058,O058
M5412,M5412
M139,M139
S8201,S8201
D64,D649
H600,H600
S608,S608
Q674,Q674
S8290,S8290
Z1159,Z115
S2111,S211
G500,G500
M160,M160
D610,D610
S433,S433
M766,M766
D373,D373
N042,N042
I749,I749
N131,N131
A549,A549
S2660,_
J352,J352
O660,O660
S9300,S930
H6631,H663
H9501,H950
M8020,M8020
F411,F411
P251,P251
S710,S710
J810,J81
E15,E15
N764,N764
S6271,S6271
W2999,_
S663,S663
Q040,Q040
V685,_
K460,K460
H3481,H348
N1311,N131
N1310,N131
B909,B909
Z960,Z960
G903,G903
H2620,H262
H2780,H278
H270,H270
H2601,H260
H744,H744
Z123,Z123
M8932,M8932
S9231,S9231
S362,S362
S932,S932
Y34,_
K420,K420
D372,D372
V224,_
R478,R478
Z933,Z933
N144,N144
Z353,Z353
I723,I723
Z2008,Z200
W800,_
K520,K520
K763,K763
I81,I81
S713,_
L975,L97
T250,T250
X088,_
T241,T241
I951,I951
W268,_
M10,M109
Q259,Q259
O358,O358
O3210,O321
R060,R060
M7791,M7791
M8667,M8667
K869,K869
0703,_
Q513,Q513
D637,_
O011,O011
Z641,Z641
T068,T068
K309,K30
V220,_
N164,N164
J00,J00
H951,H951
H739,H739
H720,H720
C504,C504
I844,I844
T885,T885
B084,B084
S6811,S681
T290,T290
W4499,_
G800,G800
Q442,Q442
G909,G909
K601,K601
K871,K871
Y1999,_
J159,J159
B49,B49
M8271,_
E236,E236
W4999,_
S699,S699
M8521,M852
C186,C186
D738,D738
E038,E038
E069,E069
D172,D172
0756,_
E841,E841
B963,B963
K641,_
J099,J09
S5251,S5251
C493,C493
0709,_
S961,S961
K509,K509
T1301,T130
L028,L028
C797,C797
I530,_
Z205,Z205
V8929,_
A305,A305
G410,G410
S273,S273
P0139,P013
Z321,Z321
K745,K745
X5962,_
Z036,Z036
D34,D34
M1987,M1987
J353,J353
M8334,M8334
H3521,H352
E1430,E143
E1428,E142
E1423,E142
N641,N641
H700,H700
M868,M868
W010,_
W100,_
W290,_
V190,_
N1139,_
T861,T861
K052,K052
B999,B99
M1396,M1396
J1553,J155
O618,O618
F439,F439
Y2414,_
K37,K37
H662,H662
J010,J010
U049,U049
Q898,Q898
K404,K404
T859,T859
M1996,M199
B373,B373
N771,N771
K562,K562
N829,N829
O0399,O039
Z388,Z388
S4241,S4241
X5909,_
Z467,Z467
U109,_
B182,B182
I95,I959
W349,_
K294,K294
M0691,M0691
B952,B952
V99,_
I482,I48
S947,S947
S400,S400
828,_
I701,I701
C500,C500
V8909,_
H0413,H041
H6031,H603
H6120,H612
T170XXA,_
T169XXA,T16
T161XXA,T16
H6241,H624
H6123,H612
L72,L729
R651,R651
I57,_
S0541,S054
C4921,C492
S431,S431
M2161,M216
T361,T361
S522,S522
O033,O033
Y839,_
N448,N44
Z329,_
M179,M179
I083,I083
D119,D119
H748,H748
P612,P612
N493,_
H184,H184
H342,H342
Z490,Z490
S069,S069
T602,T602
O44,_
H3541,H354
E1131,E113
G339,_
O693,O693
Q666,Q666
M412,M412
J188,J188
S613,_
H279,H279
C790,C790
T2223,T222
M241,M241
Q019,Q019
H020,H020
H3514,H351
H354,H354
S355,S355
M7988,M7988
I106,I10
X7899,_
S153,S153
92,_
T823,T823
K739,K739
B3322,B332
K1379,K1379
D360,D360
O710,O710
S5311,S5311
E863,E86
M651,M651
S0120,S012
Q54,Q549
C729,C729
D75,D759
D447,D447
H2509,H250
J96,J969
H1792,H179
D020,D020
C7989,C798
N735,N735
0690,_
D729,D729
I824,_
F05,F059
N430,N430
E100,E100
D813,D813
H527,H527
R07,_
K21,K219
X7809,_
S651,S651
I828,I828
K227,K227
Q401,Q401
M9827,_
C915,C915
C632,C632
M5850,_
R92,R92
C22,C229
C51,C519
C961,C961
Q40,Q409
R74,R749
L219,L219
Z497,_
B37,B379
M169,M169
Q042,Q042
H4040,H404
H522,H522
Z480,Z480
P353,P353
P721,P721
M9220,M922
M53,M539
H578,H578
H024,H024
R960,R960
C433,C433
M8991,M8991
0609,_
R831,R831
D270,D27
O008,O008
M2166,M216
M9060,M9060
M8950,M8950
F171,F171
D752,D752
O669,O669
D369,D369
S040,S040
M8503,M8503
M9961,M9961
M6586,M6586
E833,E833
O081,O081
9941,_
0802,_
Z39Z,_
O337,O337
X5899,_
S526,S526
S662,S662
5651,_
I132,I132
N701,N701
E31,E319
L08,L089
C3490,C349
M170,M170
Q355,Q355
K458,K458
K642,_
Z861,Z861
L0321,L032
L0281,L028
D0510,D051
C481,C481
K861,K861
Z000,Z000
B20,B20
M328,M328
K25,K259
2380,_
I740,I740
M8890,M8890
Q375,Q375
I7026,I702
R10,_
H171,H171
C800,C800
M2538,M2538
J9601,J960
T830,T830
Z294,_
H349,H349
N454,_
S9210,S9210
Z3705,Z370
749,_
5749,_
C140,C140
H11,H119
C5043,C504
N411,N411
M861,M861
I1198,I119
C561,C56
K8050,K805
D444,D444
M8445,M8445
D761,D761
J3501,J350
D2330,D233
M472,M472
S7301,S7301
O62,O629
H3530,H353
S8350,S8350
G30,G309
M47,M479
C713,C713
K8061,_
D493,_
S7300,S7300
U171,_
C4991,C499
H0011,H001
K8000,K800
O659,O659
S3991,S399
S7271,S7271
H741,H741
G4739,G473
M8665,M8665
C72,C729
A1803,A180
K6812,_
Z49L1,_
D498,_
C715,C715
N0362,N036
J44,J449
Z903,Z903
M879,M879
S417,S417
D898,D898
K088,K088
M8440,M8440
0821,_
0649,_
M602,M602
M8090,M8090
M9440,_
H043,H043
H3320,H332
K339,_
S851,S851
T884,T884
Y653,_
C190,C19
D709,D70
K613,K613
T161,T16
K0735,K0735
D61,D619
S2730,S2730
W1443,_
W1384,_
C690,C690
H4400,H440
S8090,S809
M206,M206
K3531,K353
M8580,M8580
D386,D386
S6140,_
Y846,_
H654,H654
K091,K091
X7009,_
T71,T71
A599,A599
M7980,M7980
D231,D231
S36,S369
F88,F88
M8094,M8094
C383,C383
N05,N059
H659,H659
N608,N608
G540,G540
C21,_
G238,G238
H058,H058
O521,_
0339,_
I439,_
M200,M200
C4922,C492
J0391,J039
Q532,Q532
N271,N271
T147,T147
O266,O266
S923,S923
S92,S929
M650,M650
K72,K729
P350,P350
Z15,_
J1283,J128
A149,_
T844,T844
E883,E883
C388,C388
D568,D568
S290,S290
O881,O881
K643,_
C249,C249
W0162,_
M1394,M1394
M17,M179
I800,I800
Q372,Q372
K120,K120
M2518,M2518
S9139,S913
J942,J942
K65,K659
H185,H185
S014,S014
Q000,Q000
K58,K589
K27,K279
I803,I803
J303,J303
B082,B082
0324,_
Z421,Z421
J340,J340
S208,S208
O744,O744
X42,_
K740,K740
T380,T380
X61,_
T435,T435
W44,_
M8795,M8795
M7995,M7995
H200,H200
T360,T360
Y400,_
M511,M511
A421,A421
S625,S625
O48,O48
C709,C709
M8801,M880
Q245,Q245
K111,K111
D699,D699
E131,E131
S16,S16
M700,M700
0901,_
S198,S198
M62,M629
Z3046,Z304
E1420,E142
83,_
M1038,M1038
Z374,Z374
O439,O439
L920,L920
G40,G409
C560,C56
O6200,O620
E031,E031
Z600,Z600
C6991,C699
Q1201,Q120
H0289,H028
C6962,C696
S0520,S052
H3522,H352
H5060,H506
H4722,H472
Q1200,Q120
K038,K038
H1122,H112
H0240,H024
H5781,H578
H3570,H357
H3571,H357
O142,O142
P782,P782
P789,P789
H4330,H433
H4331,H433
M6587,M6587
S0141,S0141
I438,I438
M542,M542
F458,F458
K839,K839
H598,H598
S230,S230
C503,C503
J119,_
N883,N883
K090,K090
G636,G636
T08,T08
I738,I738
C448,C448
E668,E668
I888,I888
H1840,H184
S508,S508
E13,E139
N082,N082
K570,K570
R2200,R220
R2230,R223
T16,T16
P748,P748
K920,K920
H2501,H250
H2500,H250
K820,K820
R2210,R221
R2241,R224
S52,S529
H5061,H506
H2151,H215
H4302,H430
O281,O281
B028,B028
S67,_
328,_
F649,F649
T14IW54,_
T14IW55,_
D131,D131
L0303,L030
B070,B07
Z985,_
O411,O411
I,_
T118,T118
T742,T742
S829,S829
I702,I702
C914,C914
H357,H357
H029,H029
D127,D127
C680,C680
F0390,F03
C341,C341
K5669,K566
F430,F430
C030,C030
F323,F323
N48,N489
Z3,_
C720,C720
L0241,L024
S0083,S008
S313,S313
H2600,H260
M6584,M6584
C84,C849
H356,H356
H504,H504
I061,I061
Z479,Z479
M712,M712
S550,S550
W300,_
K2960,K296
J852,J852
C637,C637
H664,H664
S61,S619
P95,P95
B441,B441
J172,J172
M503,M503
J341,J341
F41,F419
M104,M104
M9173,_
I089,I089
H162,H162
N402,N40
6,_
O450,O450
S5211,S5211
T018,T018
D242,D24
S0532,S053
Q531,Q531
Z795,_
K770,K770
T180,T180
A821,A821
S0241,S0241
H1032,H103
M8404,M8404
B70,_
K028,K028
G990,G990
H7081,H708
S0980,S098
V8899,_
F072,F072
K43,K439
E512,E512
M8698,M8698
M855,M855
S868,S868
K9402,_
I607,I607
Z720,Z720
A092,A09
P75,P75
Z908,Z908
F539,F539
Z920,Z920
J330,J330
R339,R33
M8220,_
I081,I081
S680,S680
Z20,Z209
H023,H023
S366,S366
N279,N279
D721,D721
K715,K715
Z36,Z369
O221,O221
T8189,T818
N472,N47
M4726,M4726
O449,_
O841,O841
L20,L209
T111,T111
Q212,Q212
N912,N912
S091,S091
J18,J189
T091,T091
N,_
I252,I252
M6538,M653
S924,S924
N439,_
L890,L890
E854,E854
M858,M858
R68,_
H26,H269
J30,_
T920,T920
F500,F500
G519,G519
C79,C799
Q791,Q791
K717,K717
V290,_
A083,A083
E1321,E132
I822,I822
I801,I801
E882,E882
M2595,M2595
A491,A491
Z270,Z270
O8000,O800
S7610,S761
H4089,H408
I8501,I850
J358,J358
S835,S835
S836,S836
V039,_
C799,C799
C390,C390
C60,C609
O832,O832
S722,S722
M8260,_
S5201,S5201
I342,I342
M9500,M950
S3220,S3220
E874,E874
M7288,M7288
N084,N084
J122,J122
M8199,M8199
B965,B965
B258,B258
E065,E065
N1835,N183
D18,_
S500,S500
D160,D160
J910,J91
H2809,H280
M792,M792
M7257,M7257
M8442,M8442
T933,T933
S832,S832
E279,E279
H3534,H353
K928,K928
H2781,H278
T2502,T250
O235,O235
I010,I010
S68,S689
L131,L131
P278,P278
L026,_
L049,L049
N17,N179
C400,C400
B778,B778
G839,G839
T982,T982
O642,O642
Q878,Q878
F151,F151
F410,F410
S5312,S5312
X596,_
S4111,S411
P359,P359
M430,M430
T029,T029
T908,T908
Y838,_
C508,C508
M6544,M654
I830,I830
I873,_
R048,R048
M0809,M0809
T198,T198
Z3043,Z304
D720,D720
S217,S217
K277,K277
S7220,S7220
Z980,Z980
K929,K929
Q218,Q218
Q233,Q233
Q222,Q222
T223,T223
N2502,N250
M8071,_
S3110,S311
S3150,S315
W2099,_
W5599,_
T638,T638
S0195,S019
Z896,Z896
I851,_
D563,D563
P20,P209
Q030,Q030
S4220,S4220
V029,_
G355,G35
0630,_
N398,N398
T042,T042
D354,D354
A913,A91
I847,I847
L080,L080
O309,O309
W3152,_
G958,G958
S7241,S7241
W9999,_
J181,J181
H608,H608
T604,T604
X689,_
I672,I672
J322,J322
B658,B658
Z419,Z419
N802,N802
Q240,Q240
F159,F159
N72,N72
I982,I982
Z579,Z579
S3640,S3640
S418,S418
S9201,S9201
S5221,S5221
X959,_
G968,G968
P208,_
A979,_
L931,L931
Q929,Q929
T200,T200
H6601,H660
T211,T211
G379,G379
L050,L050
T788,T788
Y578,_
G728,G728
B069,B069
M9540,M954
O362,O362
S3680,S3680
Z940,Z940
X899,_
R102,R102
N451,_
S3250,S3250
S334,S334
X59,_
S421,S421
S903,S903
S900,S900
O9901,O990
H1120,H112
J34,_
K510,K510
S301,S301
J120,J120
M8060,_
O359,O359
G470,G470
P040,P040
O344,O344
T110,T110
T130,T130
Y1499,_
C912,C912
S701,S701
C732,C73
M352,M352
A543,A543
J051,J051
J4540,_
T8569,T856
2A,_
G527,G527
V209,_
K552,K552
M6296,M6296
R6510,R651
K719,K719
Z430,Z430
F105,F105
O432,O432
B962,B962
M4904,M4904
S241,S241
Z034,Z034
O602,O602
B088,B088
G563,G563
C7987,C798
O038,O038
H931,H931
B079,B07
H160,H160
H421,_
Z34,Z349
0429,_
V204,_
B171,B171
S81,S819
S6250,S6250
S0633,S063
H749,H749
F079,F079
T1499,T149
O06,O069
Q8781,Q878
H440,H440
M7987,M7987
M501,M501
G904,G904
E161,E161
T302,T302
I301,I301
Z0131B,_
Z0141CL,_
Z0012,Z001
Z0142C,_
Z01205,Z012
M629,M629
Z01207,Z012
A403,A403
Z01203,Z012
Z01204,Z012
Z01202,Z012
C191P3,_
H308,H308
Z296,_
Z295,_
I741,I741
D139,D139
G372,G372
T886,T886
M150,M150
T498,T498
E713,E713
T512,T512
I679G467,_
T252,T252
I600,I600
K741,K741
G406,G406
C762,C762
P379,P379
A38,A38
K701,K701
M0696,M0696
A155,A155
K515,K515
I639G467,_
T671,T671
F239,F239
F338,F338
M0693,M0693
H603,H603
G311,G311
B949,B949
F432,F432
A878,A878
I069,I069
N312,N312
G030,G030
B519,B519
C480,C480
D691,D691
D529,D529
I220,I220
T592,T592
K862,K862
C321,C321
N994,N994
L100,L100
P545,P545
J1513,J151
O298,O298
P965,P965
Z01208,Z012
M358,M358
Q02,Q02
M6009,M6009
K116,K116
L139,L139
F310,F310
N421,N421
G834,G834
M484,M484
F451,F451
Q552,Q552
K580,K580
P910,P910
Q054,Q054
D683,D683
F840,F840
O065,O065
H601,H601
C19PI4,C19
C19RFP,C19
H818,H818
O361,O361
I149,_
M102,M102
O755,O755
A189,_
6931,_
M259,M259
M6534,M6534
S0531,S053
J071,_
C835,C835
O002,O002
S9240,S9240
V27,_
J132,J13
L75,L759
H36,_
D125,D125
R300,R300
071,_
T213,T213
R439,_
R85,R859
N851,N851
I62,I629
M541,M541
H2602,H260
H2091,H209
H2700,H270
H938,H938
B180,B180
C811,C811
Z083,_
0440,_
K518,K518
H0441,H044
C301,C301
R508,R508
E869,E86
J42,J42
N362,N362
K8020,K802
P238,P238
Z012,Z012
M1318,M1318
S6980,S698
K26,K269
J041,J041
D257,D257
H403,H403
H2100,H210
5,_
H58,_
Q150,Q150
I878,I878
S9091,S909
S792,_
M6299,M6299
K514,K514
D128,D128
T143,T143
C113,C113
M626,M626
I846,I846
C1890,C189
D220,D220
O10,O109
O119,O11
B96,_
S674,_
O8213,O821
S564,S564
Z264,_
Z280,Z280
Z2460,Z246
Q828,Q828
N1030,N10
P39,P399
N808,N808
Z089,Z089
O61,O619
L02,L029
M9016,M9016
S922,S922
A872,A872
S054,S054
D351,D351
Y354,_
H3503,H350
T460,T460
H1109,H110
S62,_
S5281,S5281
N485,N485
S161,S16
I890,I890
K809,_
H501,H501
K651,_
D294,D294
M895,M895
C444,C444
X4409,_
B348,B348
D332,D332
K620,K620
G549,G549
L918,L918
M65,M659
V455,_
D120,D120
M533,M533
G803,G803
L739,L739
O339Z,_
O42,O429
M1386,M1386
H619,H619
W230,_
M4800,M4800
K822,K822
Z959,Z959
R31,R31
D823,D823
C261,C261
I1892,_
D474,D474
H605,H605
H2506,H250
M5401,M5401
C340,C340
N768,N768
O769,_
T233,T233
0720,_
Y459,_
N058,N058
A589,A58
A389,A38
E112N,_
G318,G318
R529,R529
C691,C691
T025,T025
O492,_
S599,S599
D68,D689
J3489,J348
Z8773,Z877
Q385,Q385
T169,T16
B9681,B968
Z8601,Z860
E1162,E116
E7870,_
T23,_
D2310,D231
L9889,L988
C76,_
L5041,L504
K6389,K638
L0251,_
H2581,H258
Z9849,_
C1P1P4,_
Q311,Q311
G551,G551
E035,E035
D165,D165
Z37O,_
S709,S709
O665,O665
R6511,R651
Q350,_
Q625,Q625
T812,T812
M060,M060
M845,_
S369,S369
J338,J338
Z981,Z981
N8500,N850
M8590,M8590
R501,_
N185NO39,_
R631,R631
T8140,T814
E0412,E041
D50,D509
Q851,Q851
I621,I621
T171,T171
J471,J47
Q103,Q103
L405,L405
E213,E213
O068,O068
Z311,Z311
E248,E248
D05,D059
A390,A390
Y14,_
N420,N420
D034,D034
M907,M907
M146,M146
0830,_
W5409,_
N261,N26
I361,I361
N2000,N200
Q825,Q825
O095,_
M1092,M1092
T55,T55
M8900,M8900
C695,C695
M8400,M8400
N835,N835
G960,G960
I879,I879
G808,G808
W207,_
L60,L609
H044,H044
N391,N391
S002,S002
C445,C445
G058,G058
A06,A069
Z864,Z864
O723,O723
O753,O753
O010,O010
S0560,S056
T1590,T159
E743,E743
C97,C97
D63,_
A917,A91
H6523,H652
H6690,H669
H6121,H612
H278,H278
B371,B371
H114,H114
L00,L00
S931,S931
S9111,S911
S0130,S013
S6191,S619
S8191,S819
S6690,S669
S6101,S610
D3910,D391
N758,N758
E130,E130
N029,N029
Z466,Z466
9A,_
H2150,H215
O77,_
H2680,H268
R633,R633
C5099,C509
G5601,G560
N2011,N201
D590,D590
X1999,_
Z3701,Z370
0629,_
O350,O350
D609,D609
4,_
X1699,_
F107,F107
S0261,S0261
B170,B170
Q374,Q374
N855,N855
N323,N323
N8353,N835
L82,L82
U01,_
O0011,O001
M86,M869
S220,S220
I511,I511
T504,T504
R338,R33
M930,M930
R161,R161
I617,_
I079,I079
I15,I159
U0714,_
Z923,Z923
Y28,_
D2121,D212
O658,O658
G9341,G934
W26,_
T159,T159
W89,_
X49,_
T436,T436
X20,_
Y09,_
R101,R101
K521,K521
T68,T68
L500,L500
S5091,S509
L0242,L024
S4221,S4221
M6740,M6740
H6000,H600
N2012,N201
M6531,M653
I072,I072
S731,S731
I454,I454
Q619,Q619
M8618,M8618
H35,H359
N400,N40
C809,C809
Z121,Z121
T170,T170
C200,C20
M2456,M2456
T878,_
Z935,Z935
S6281,S6281
L259,L259
S3180,S318
809,_
D2120,D212
S2241,S2241
Q692,Q692
S980,S980
P744,P744
I24,I249
S680TYPEA,_
U021,_
F311,F311
Q031,Q031
D688,D688
M8910,M8910
E742,E742
I078,I078
N175,_
S8991,S899
N64,N649
J690_,_
N898,N898
P743,P743
P711,P711
Q620,Q620
Q831,Q831
Q631,Q631
J1889,J188
Z894,Z894
Z2072,Z207
Z2882,Z288
T1420,T1420
U070,_
N85,N859
L561,L561
C184,C184
O00,O009
G522,G522
K8001,K800
C179,C179
J32,J329
C380,C380
C8100,C810
Q069,Q069
H47,_
M8200,M8200
J800,J80
K56,_
M4787,M4787
I508,_
T849,T849
Z98,_
N622,N62
O209,O209
J1898,J189
N071,N071
M9732,_
H4380,H438
H432,H432
M8691,M8691
C155,C155
G619,G619
Z452,Z452
J964,_
M706,M706
A4192,A419
M970,_
I243,_
T845,T845
Z393,_
H438,H438
H430,H430
H109,H109
C4413,C441
Z481,_
A044,A044
O245,_
P562,_
D848,D848
P835,P835
B957,B957
P154,P154
P158,P158
P581,P581
H2140,H214
C858,_
M302,M302
C4491,C449
G801,G801
R317,R31
L905,L905
L120,L120
S8204,S820
N500,N500
M8510,M8510
I721,I721
M9370,_
M8151,M8151
G992,G992
D390,D390
N088,N088
H6622,H662
E1030,E103
H3092,H309
D4850,D485
L971,L97
D100,D100
D4860,D486
C3491,C349
H1332,H133
L121,L121
E1031,E103
S367,S367
S0201,S0201
Z291,Z291
R64,R64
H161,H161
I08,I089
S6630,S663
M224,M224
M363,M363
N879,N879
A029,A029
D300,D300
O360,O360
O24,O249
I455,I455
M9421,M9421
L8915,L891
M8201,M8201
R391,R391
O880,O880
0187,_
M609,M609
N501,N501
J804,J80
K205,K20
K812,_
H34,H349
J311,J311
L998,L998
M738,M738
N632,N63
K623,K623
S604,_
N853,N853
F332,F332
O133,O13
M952,M952
Z351,Z351
D397,D397
C844,C844
K041,K041
K0402,K040
M8802,M880
T179,T179
Z436,Z436
016,_
O160,O16
T203,T203
W079,_
S6201,S6201
N8110,N811
I4519,I451
S833,S833
N972,N972
V280,_
R56,_
W250,_
D1721,D172
X6299,_
T4320,T432
H830,H830
K4030,K403
E1151,E115
Q248,Q248
S429,S429
C,_
930,_
K4031,K403
V225,_
M85,M859
K1221,K122
Z800,Z800
H1600,H160
H4300,H430
G998,G998
R065,R065
H103,H103
P769,P769
Q410,Q410
J3801,J380
M2540,M2540
M253,M253
V23,_
Z982,Z982
G918,G918
S131,S131
X50,_
M80,M809
H5001,H500
Z119,Z119
H3341,H334
N461,N46
N633,N63
Q428,Q428
N970,N970
O241,O241
Q228,Q228
Q270,Q270
Q174,Q174
Q716,Q716
Q392,Q392
Q913,Q913
C884,C884
F103,F103
I713,I713
J1882,J188
S7201,S7201
H651,H651
N831,N831
M8965,M8965
R69,R69
O742,O742
N813,N813
S0211,S0211
S0221,S0221
Q420,Q420
K073,K073
I898,I898
D258,_
C48,_
B449,B449
C5839,C58
R630,R630
I503,_
C495,C495
Z640,Z640
S41,_
Z890,Z890
S11,S119
N1390,N139
J9311,J931
Q251,Q251
M7520,M752
L9100,L910
R5910,R591
M2531,M2531
Z01209,Z012
Z01210,Z012
G458,G458
Q447,Q447
D681,D681
I510,I510
T452,T452
A020,A020
P00000,P000
C348,C348
C33,C33
K718,K718
T406,T406
IMP02,_
F449,F449
D261,D261
G969,G969
G451,G451
Q018,Q018
J938,J938
D684,D684
T450,T450
F99,F99
I308,I308
M0299,M0299
M318,M318
G609,G609
N340,N340
K256,K256
I201,I201
R290,R290
A012,A012
M544,M544
C162,C162
CR4693,_
T316,T316
M5449,M5449
C19LP2,C19
T792,T792
J638,J638
Q282,Q282
M331,M331
Q638,Q638
A858,A858
G433,G433
M4781,M4781
G729,G729
N418,N418
I158,I158
Q819,Q819
M4386,M4386
N050,N050
J030,J030
M508,M508
P768,P768
Q632,Q632
Z01201,Z012
P591,P591
T620,T620
I349,I349
S0681,S0681
P929,P929
N738,N738
M6266,M6266
Q780,Q780
K704,K704
M6280,M6280
C962,C962
M6261,M6261
669871,_
B068,B068
O27,_
M710,M710
V239,_
M0000,M0000
J1284,J128
Y96,_
N499,N499
D215,D215
Q269,Q269
V264,_
G562,G562
L0311,L031
S8109,S810
Y299,_
N8392,N839
S6159,_
P0501,P050
T384,T384
O050,O050
Q436,Q436
S688,S688
E1169,E116
K5981,K598
S0150,S0150
1A,_
L03,L039
T811,T811
Z371O,_
Q360,Q360
T598,T598
C539D6,_
X2099,_
06,_
D682,D682
L986,L986
M431,M431
K6819,_
M9131,M913
W8799,_
S7280,S7280
Z837,Z837
R1310,R13
M968,M968
O4100,O410
X0,_
I107,I10
U077,_
S498,S498
S4110,S411
K622,K622
M6027,M6027
X9599,_
I983,I983
J3989,J398
S0292,S029
Z47,Z479
S8292,S829
N901,N901
O15,O159
O371,_
H3511,H351
C789,_
T1722,T172
Z801,Z801
R59,R599
M7256,M7256
M8550,M8550
J678,J678
P740,P740
K833,K833
Z088,Z088
D380,D380
D136,D136
T619,T619
S507,S507
S718,S718
S659,S659
S308,S308
R470,R470
C8595,C859
X7099,_
S6266,S626
M6288,M6288
M438,M438
W168,_
T771,_
B86,B86
S4290,S4290
S335,S335
K223,K223
M8570,_
B259,B259
R197,_
K264,K264
S3203,S320
P592,P592
I10X,I10
C9T2,_
M4689,M4689
E209,E209
Q043,Q043
V2990,_
N935,_
N037,N037
S5529,S552
V279,_
M8806,M880
R829,R829
I720,I720
M6226,M6226
Y0499,_
C531,C531
B085,B085
A244,A244
Q621,Q621
C470,C470
J4595,J459
T21,_
T22,_
S6221,S6221
M821,M821
D460,D460
G824,G824
I250I2,_
E030,E030
H4022,H402
Z292,Z292
O714,O714
I2109,I210
O391,_
H3501,H350
E233,E233
N923,N923
R911,R91
Z00,_
S933,S933
T303,T303
A420,A420
Z189,_
M9810,_
M5386,M5386
E1101,E110
S921,S921
M8180,M8180
S8261,S8261
J200,J200
W280,_
X4904,_
X5992,_
Y920,_
W266,_
A688,_
A483,A483
Z9883,Z988
N172,N172
M1909,M1909
N610,N61
H0589,H058
C57,C579
C227,C227
Z860,Z860
S2711,S2711
W267,_
H499,H499
M7126,M7126
Y471,_
Y427,_
M670,M670
S321,S321
S3230,S3230
Y218,_
Y169,_
M8120,M8120
Z298,Z298
Z762,Z762
N324,N324
N199,N19
J151,J151
S302,S302
U801,U801
V879,_
W209,_
0411,_
E138,E138
C021,C021
E1438,E143
S314,S314
G737,G737
Y590,_
S332,S332
T806,T806
G312,G312
H3562,H356
C5390,C539
T145,T145
N973,N973
K832,K832
D173,D173
S3610,S3610
O95,O95
N821,N821
E1472,E147
W1830,_
J98,J989
L0899,L089
O0942,_
W208,_
L390,_
J324,J324
Q522,Q522
M5326,M5326
Q677,Q677
E749,E749
Z472,_
M254,M254
S0530,S053
M841,M841
R162,R162
N915,N915
S827,S827
S3120,S312
P288,P288
S117,S117
J0190,J019
H6501,H650
M119,M119
H1190,H119
R400,R400
K433,_
I68,_
N2892,N289
L959,L959
L6002,L600
M2551,M2551
M751,M751
O14,O149
I150,I150
J9090,J90
S5237,S523
M795,M795
O902,O902
R8271,R827
0234,_
I10I,I10
J1203,J120
S5271,S5271
D2311,D231
S218,S218
N870,N870
S558,S558
N639,N63
S927,S927
I151,I151
H2701,H270
D291,D291
S408,S408
L849,L84
S878,S878
T291,T291
T301,T301
Q789,Q789
T371,T371
L0231,L023
K4091,K409
N843,N843
D32,D329
S3706,S370
N1810,N181
S143,S143
G438,G438
D831,D831
D232,D232
N944,N944
S6142,_
H512,H512
S655,S655
H611,H611
M16,M169
C3411,C341
L0310,L031
D239,D239
E012,E012
B1910,_
Q63,Q639
M0829,M0829
D443,D443
D271,D27
Q753,Q753
C4422,C442
T390,T390
O4321,O432
J906,J90
M316,M316
H164,H164
K5530,_
A1883,A188
C514,_
H4301,H430
C3290,C329
C675,C675
Q22,Q229
Q224,Q224
K559,K559
H4920,H492
C4442,C444
C699,C699
K110,K110
M229,M229
O663,O663
M622,M622
K413,K413
L059,L059
M950,M950
O812,O812
H4050,H405
Z3760,Z376
5061,_
A309,A309
I699,_
I42,I429
S8321,S832
N6491,N649
H4322,H432
E1130,E113
L898,L89
08O0,_
M8619,M8619
I722,I722
T8450,T845
N6490,N649
I839,I839
E1164,E116
S6111,S611
S9100,S910
C641,C64
L23,L239
M8280,M8280
I50,I509
K8013,K801
H44,H449
S6610,S661
S6110,S611
M859,M859
M54,M549
H2710,H271
L40,L409
M878,M878
Q0700,Q070
H0015,H001
K834,K834
D479,D479
C028,C028
H0281,H028
C8330,C833
H55,H55
B21,B21
E142N0,_
O8005,O800
C839,C839
C62,C629
C831,C831
C158,C158
K5790,K579
N95,N959
K500,K500
M8247,_
K575,K575
R403,_
D356,D356
N1855,N185
S7291,S7291
W0104,_
Z230,Z230
E242,E242
H4710,H471
R770,R770
F104,F104
F819,F819
O092,_
U038,_
D334,D334
C19PI2,C19
M349,M349
1099,_
K61,_
H650,H650
I73,I739
O802,_
C901,C901
G542,G542
I60,I609
C620,C620
M6782,M6782
G46,_
N160,N160
O480,O48
S8184,S818
H472,H472
J902,J90
R876,R876
S724,S724
L130,L130
C437,C437
K594,K594
P22,P229
D169,D169
Q351,Q351
O4212,O421
G258,G258
Y430,_
M459,M459
H730,H730
O2340,O234
S2280,S2280
A091,A09
P290,P290
C784,C784
D010,D010
M2506,M2506
M1988,M1988
A888,A888
N836,N836
E611,E611
B839,B839
M5430,M5430
L880,L88
W2699,_
P788,P788
P960,P960
E056,_
P742,P742
X69,_
T650,T650
V47,_
X84,_
M008,M008
K402,K402
Q439,Q439
S061,S061
Y423,_
Y420,_
V02,_
V293,_
S652,S652
Q51,Q519
M9840,_
M8053,M8053
I090,I090
W7699,_
G913,G913
H532,H532
K614,K614
R5611,_
N645,N645
O912,O912
S8091,S809
T855,T855
E299,E299
F333,F333
M705,M705
R16,_
O169,O16
Q380,Q380
Q846,Q846
K627,K627
D692,D692
M171,M171
C464,_
O442,_
K4309,K430
H3102,H310
H1791,H179
M8891,M8891
0342,_
D631,D631
G94,_
H3101,H310
S118,S118
Z722,Z722
H5933,_
W50,_
S563,S563
Z048,Z048
K400,K400
H1106,H110
D695,D695
E0835,_
N8032,N803
R279,_
R559,R55
M7929,M7929
Z114,Z114
P289,P289
D075,D075
Z1624,_
S6301,S6301
5A,_
L308,L308
S5182,S518
S0110,S011
R227,R227
K46,K469
G041,G041
O34,O349
0624,_
M908,M908
K101,K101
T842,T842
M8446,M8446
M8506,M8506
M9394,M9394
N001,N001
S7221,S7221
F321,F321
Z86,_
M1003,M1003
M0697,M0697
C199,C19
S6280,S6280
K2210,K221
B3781,B378
B9689,B968
K2961,K296
M9011,M9011
H7292,H729
W190,_
H7201,H720
H7441,H744
K430,K430
L8989,L89
Z03,Z039
Z794,_
K419,K419
I2511,I251
0000,_
J018,J018
M7991,M7991
J900,J90
J998,J998
G600,G600
S561,S561
L0221,L022
R8761,R8761
J35,J359
J090,J09
U843,_
Z118,Z118
H280,H280
I082,I082
S698,S698
C840,C840
Z341,_
T659,T659
R6521,R652
G9581,G958
B048,B04
S686,_
Z899,Z899
Q172,Q172
Q165,Q165
C052,C052
D103,D103
M000,M000
M961,M961
E210,E210
S0080,S008
S84,S849
I115,_
O367,O367
0984,_
G448,G448
O6981,O698
M966,M966
D6495,D649
N1792,N179
M9932,M9932
D101,D101
S2720,S2720
S2990,S299
K92,K929
M8073,_
C7981,C798
W1409,_
T090,T090
L835,L83
J398,J398
P284,P284
I4990,I499
I1193,I119
V271,_
J1562,J156
O079,O079
M0649,M0649
C538,C538
U071J1892,_
F208,F208
T656,T656
N048,N048
M0099,M0099
G603,G603
J108,J108
M173,M173
M4899,M4899
M471,M471
N004,N004
M5450,M5450
B052J171,_
H602,H602
M0619,M0619
T858,T858
D260,D260
C009,C009
D732,D732
K909,K909
N010,N010
B440J172,_
M4783,M4783
P018,P018
T603,T603
T510,T510
T461,T461
M5437,M5437
T541,T541
T670,T670
D734,D734
N481,N481
M6263,M6263
Q049,Q049
F438,F438
J1503,J150
T519,T519
Z01211,Z012
G042,G042
M4780,M4780
S562,S562
O712,O712
A198,A198
M502,M502
A400,A400
F069,F069
L983,L983
Q400,Q400
M864,M864
C945,C945
G724,G724
W5514,_
J684,J684
S434,S434
B178,B178
Q822,Q822
P521,P521
D530,D530
S0281,S0281
Z924,Z924
N134,N134
Z911,Z911
Z432,Z432
W2409,_
Q280,Q280
R14,R14
Z3830,Z383
T350,T350
X,_
0073,_
B089,_
Q969,Q969
S9103,S910
P589,P589
Q231,Q231
Q61,Q619
M8614,M8614
B730,B73
S43,_
G253,G253
S122,S122
B188,B188
A178,A178
G07,G07
W550,_
Z863,Z863
A611,_
S700,S700
P0349,P034
P2409,P240
S6143,_
Y287,_
K762,K762
M1301,M1301
S058,S058
S0501,S050
C269,C269
Z489,Z489
R1010,R101
J012,J012
W5099,_
1101,_
B580,B580
H320,H320
H318,H318
E272,E272
L26,L26
I7791,I779
J1202,J120
Q339,Q339
J410,J410
S398,S398
S42,S429
D2,_
K144,K144
I418,I418
E2142,E214
Z387,Z387
L512,L512
R738,_
K916,_
R319,R31
D167,D167
G822,G822
Y0999,_
B269,B269
V020,_
Q670,Q670
S451,S451
Z9610,Z961
H2580,H258
Q647,Q647
H4091,H409
X649,_
S354,S354
S359,S359
J399,J399
M6005,M6005
M011,M011
T221,T221
S602,S602
S800,S800
D582,D582
P371,P371
Q528,Q528
M9210,M921
H4470,H447
S322,S322
K369,K36
W8999,_
E631,E631
R418,R418
S127,S127
N73,N739
H579,H579
S0580,S058
M8449,M8449
Q658,Q658
C775,C775
M3215,M321
C838,C838
S831,S831
S3280,S3280
E838,E838
J812,J81
V255,_
T88,T889
D2320,D232
R1909,R190
K744,K744
M8522,M852
I358,I358
C144,_
L8930,L893
A919,A919
A5901,A590
B052,B052
J171,J171
U847,_
B964,B964
E164,E164
T2320,T232
M7226,M722
M7050,M7050
T9320,T932
S6181,S618
S6180,S618
M1311,M1311
M7661,M766
T9201,T920
X5996,_
T1401,T140
S5253,S525
Z042,Z042
A489,_
R6520,R652
C759,C759
H6189,H618
J9588,J958
M244,M244
M702,M702
Q516,Q516
S934,S934
Z368,Z368
A319,A319
I8422,I842
Q458,Q458
K83,K839
K9189,K918
M6533,M653
R2232,R223
D146,_
E87,_
B440,B440
C47,C479
A18,_
F409,F409
S9810,S981
W22,_
R878,R878
V325,_
F002,F002
C399,C399
T173,T173
N732,N732
N350,N350
N824,N824
A070,A070
H0380,H038
E660,E660
L7632,_
M8860,_
H0242,H024
D3811,D381
A098,A09
S567,S567
S540,S540
T9311,T931
S8600,S860
N2001,N200
S3631,S3631
S3611,S3611
S3641,S3641
S3651,S3651
S2781,S2781
I468,_
A202,A202
D40,D409
K44,K449
M9720,_
M713,M713
W871,_
C191P4,_
W449,_
O2342,O234
H4003,H400
M9450,_
K140,K140
O804,_
M8803,M880
E099,_
X6109,_
V292,_
T220,T220
O9903,O990
Z248,_
C4402,C440
S6190,S619
M190,M190
M856,M856
H218,H218
F20,F209
I616,I616
S671,_
S837,S837
S134,S134
D413,D413
J359,J359
H447,H447
M755,M755
M4809,M4809
G03,G039
M245,M245
S428,S428
M8687,M8687
D733,D733
P59,P599
M419,M419
H3483,H348
S8185,S818
S324,S324
T847,T847
Z870,Z870
Q614,Q614
Y413,_
Y29,_
C710,C710
M319,M319
Q445,Q445
H719,H71
F82,F82
S2207,S220
H2611,H261
Z200,Z200
Y5789,_
K115,K115
K001,K001
S079,S079
H2090,H209
B02,B029
M215,M215
S3720,S3720
H661,H661
C7101,C710
W8008,_
I792,I792
D259M8,_
W1990,_
M8401,M8401
L601,L601
K441,K441
I1251,_
F600,F600
J438,J438
O259,O25
C942,C942
S033S5,_
W458,_
M4795,M4795
S4101,S410
Z780,_
S637,S637
O8003,O800
392,_
C501,C501
S0522,S052
H3322,H332
H4312,H431
C502,C502
O304,_
E0964,_
J950,J950
P390,P390
R066,R066
D861,D861
R04,R049
D6288,D62
01,_
D280,D280
S0131,S013
S3689,S368
D6861,D686
D7281,D728
Q615,Q615
Y04,_
M911,M911
K3582,K358
G463,G463
J69,_
T399,T399
D223,D223
T112,T112
E271,E271
K432,_
W296,_
N412,N412
M673,M673
H3512,H351
Z078,_
D484,D484
M1,_
K939,_
I488,I48
Z494,_
C696,C696
P544,P544
110,_
P022,P022
N13,N139
Z4901,Z490
H2522,H252
H6693,H669
G633,G633
Q669,Q669
G06,_
S605,_
S0090,S009
S6291,_
S1190,S119
0621,_
H2621,H262
K3181,K318
H0203,H020
K844,_
K645,_
S6120,_
S880,S880
D686,D686
Q606,Q606
K225,K225
W319,_
W149,_
L9550,_
G479,G479
B561,B561
R609,R609
C32,C329
C95,C959
H208,H208
L80,L80
M061,M061
M7957,M7957
H309,H309
Y2099,_
M9970,M9970
N0839,N083
K2981,K298
H4451,H445
D2420,D24
N6321,N63
S6300,S6300
H5901,H590
N089,_
T138,T138
F501,F501
V2804,_
J819,J81
G635,G635
V471,_
W0109,_
G454,G454
Q411,Q411
S5469,_
T41,_
W541,_
M1091,M1091
O833,O833
J63,_
O267,O267
M7982,M7982
A829,A829
E63,E639
F233,F233
W4099,_
D643,D643
S4085,S408
S2780,S2780
S00,S009
F199,F199
S801,S801
M4802,M4802
J451,J451
Q37,Q379
S935,S935
I103,I10
M775,M775
G710,G710
V2849,_
V2359,_
V3299,_
S8092,S809
O864,O864
Q253,Q253
K301,K30
R588,R58
S6241,S6241
K921,K921
G541,G541
V2859,_
M8541,M8541
H738,H738
S092,S092
I730,I730
O99,_
S3210,S3210
N022,N022
B354,B354
Z90,_
T881,T881
T012,T012
T853,T853
M6543,M6543
J918,J91
P3639,P363
Z3490,Z349
X46,_
B82,B829
N804,N804
M1590,M159
C472,C472
Q643,Q643
O231,O231
K644,_
N181,N181
O8290,O829
339,_
A49,A499
T387,T387
K450,K450
K689,_
N909,N909
Y545,_
L9890,L989
C4410,C441
H6990,H699
H6522,H652
D2339,D233
A91,A91
R074,R074
X991,_
F060,F060
T560,T560
H4081,H408
H2681,H268
R2291,R229
S63,_
H18,H189
S0190,S019
N8382,N838
L7201,L720
G82,_
P9160,P916
M608,M608
Q611,Q611
P365,P365
C822,C822
P059,P059
I059,I059
O104,O104
C409,C409
T314,T314
K287,K287
T039,T039
P351,P351
A010J170,_
Q246,Q246
E60,E60
D309,D309
M707,M707
J1522,J152
A379J170,_
M7918,M7918
G518,G518
A691,A691
M1919,M1919
M6290,M6290
M5327,M5327
I238,I238
P528,P528
D303,D303
A408,A408
G122,G122
M0609,M0609
Q891,Q891
T703,T703
A690,A690
A99,A99
W5509,_
P523,P523
J1822,J182
P232,P232
422150,_
T789,T789
G64,G64
M1390,M1390
M8785,M8785
H660,H660
F259,F259
Q618,Q618
CR4699,_
J205,J205
S325,S325
O3433,O343
O4112,O411
H0453,H045
O997,O997
C108,C108
A300,A300
K66,K669
S6352,S635
K22,K229
W25,_
R131,R13
K59,K599
O312,O312
K4090,K409
19,_
G252,G252
E37,_
I21,I219
I71,I719
K5190,K519
D141,D141
I780,I780
M770,M770
M239,M239
A358,A35
D070,D070
K8021,K802
S150,S150
O609,_
D482,D482
O132,O13
B73,B73
D310,D310
K1370,K1370
J481,_
M8540,M8540
I8612,I861
C817,C817
C000,C000
K056,K056
D411,D411
S6800,S680
M8662,M8662
H2604,H260
C4021,C402
C7930,C793
C579,C579
N017,N017
Z375,Z375
H6592,H659
C024,C024
G4020,G402
S066XOA,_
H0019,H001
G529,G529
E6601,E660
D685,D685
H1781,H178
H2642,H264
N478,N47
I831,I831
S9110,S911
M9132,M913
O611,O611
H470,H470
C902,C902
E071,E071
D6409,D640
E836,_
N2002,N200
W1309,_
X6899,_
R2211,R221
F909,F909
T253,T253
R601,R601
M6283,M6283
K568,_
0640,_
S950,S950
W2043,_
F068,F068
K738,K738
C689,C689
S0199,S019
Z434,Z434
E1110,E111
W864,_
I101N,I10
S850,S850
S3201,S3201
L919,L919
T027,T027
Z35,Z359
L04,L049
P352,P352
Q664,Q664
G508,G508
T50,T509
C78,_
J170,J170
R024,R02
W1908,_
H21,H219
C148,C148
Q893,Q893
Q774,Q774
V189,_
N31,N319
S30,S309
S9811,S981
J301,J301
Q242,Q242
Q264,Q264
9035,_
W1701,_
I446,I446
W23,_
Y13,_
X14,_
Y10,_
T444,T444
D445,D445
C963,C963
M7229,M7229
D240,D24
I82,I829
S8108,S810
R044,_
M510,M510
M97,_
H4001,H400
M255,M255
M94,M949
W1748,_
V1808,_
O094,_
X2398,_
J0120,J012
H046,H046
H104,H104
J158,J158
O354,O354
G11,G119
E630,E630
W5589,_
J38,_
H4000,H400
S9831,S983
D168,D168
H5032,H503
M760,M760
H1790,H179
I348,I348
Q602,Q602
0362,_
Z9665,Z9665
H708,H708
N815,N815
S5190,S519
N899,N899
H540,H540
K539,_
M8405,M8405
O232,O232
E787,_
W2599,_
V2199,_
S66,S669
I257,_
N603,N603
B54,B54
W269,_
S0591,S059
K76,K769
S9104,S910
R108,_
J328,J328
N952,N952
A480,A480
M613,M613
V2949,_
V2249,_
S4002,S400
O3452,O345
I863,I863
L979,L97
P159,P159
M8699,M8699
J321,J321
S598,S598
K12,_
O668,O668
S450,S450
B77,B779
O062,O062
Z96,Z969
M4189,M4189
O989,O989
B01,B019
E112N0,_
O330,O330
R099,_
T8522,T852
H3500,H350
Y11,_
G111,G111
G211,G211
E1152,E115
G690,_
J470,J47
O0001,O000
Z032,Z032
Z4914,Z491
0985,_
C947,C947
M752,M752
S291,_
X049,_
W229,_
S7281,S7281
S971,S971
M7158,M715
R228,_
Y411,_
V284,_
R87,R879
I426,I426
O051,O051
O4290,O429
S936,S936
S998,S998
B942,B942
C192T,C19
M6594,M6594
N63X,N63
I111,_
L539,L539
X1209,_
Z498,_
T904,T904
Z250,Z250
O088,O088
M6155,M6155
S3620,S3620
T843,T843
O4901,_
W1099,_
R80,R80
M8462,_
B374,B374
I603,I603
I601,I601
L0331,L033
S297,S297
W179,_
H1601,H160
S7012,S701
19T1,_
O807,_
H1111,H111
M6095,M6095
P529,P529
L519,L519
I651,I651
I772,I772
T841,T841
K742,K742
P0739,P073
P91,P919
S0140,S0140
2370,_
2392,_
G939TYPEA,_
S8601,S860
M1997,M1997
V2499,_
S37,S379
D3751,D375
S8260,S8260
Y850,_
M8461,_
H4450,H445
M862,M862
Q048,Q048
B650,B650
V235,_
Z,_
L853,L853
M810,M810
R030,R030
S9134,S913
T182,T182
Z878,Z878
D251D,_
Y433,_
B960,B960
O888,O888
F510,F510
W019,_
Y452,_
M9070,M9070
M8141,M8141
N6000,N600
I328,I328
I247,_
Y497,_
N638,N63
C091,C091
K823,K823
W859,_
K282,K282
R2201,R220
E048,E048
H547,H547
Z015,Z015
R041,R041
Z938,Z938
Y443,_
S4100,S410
S078,S078
S70,S709
Q888,_
S0003,S000
K257,K257
K035,K035
J689,J689
I832,I832
Z409,Z409
M6710,M6710
M7227,M7227
L8991,L899
W221,_
W220,_
W224,_
W503,_
M6511,M6511
W500,_
W260,_
T54,T549
T00,T009
M1002,M1002
O604,_
M704,M704
N358,N358
N432,N432
K436,_
033,_
M518,M518
0421,_
J372,_
M6599,M6599
M863,M863
I504,_
O628,O628
Z832,Z832
H1880,H188
K200,K20
K593,K593
Q871,Q871
0995,_
J4490,J449
Q790,Q790
P023,P023
M8004,M8004
N848,N848
O645,O645
W31,_
C188,C188
I352,I352
W2399,_
N21,N219
O32,O329
M1814,M181
D0511,D051
S371,S371
795,_
M9481,M9481
C4190,C419
H471,H471
K421,K421
I370,I370
Q551,Q551
C917,C917
M8416,M8416
N434,N434
U971,_
D050,D050
H919,H919
H108,H108
1255,_
O134,O13
I232,I232
E212,E212
H6691,H669
K8012,K801
C8404,C840
I280,I280
J147,J14
J140,J14
Z249,_
Q639,Q639
E1402,E140
Z240,Z240
I125,_
K315,K315
B058,B058
G407,G407
B341,B341
Q656,Q656
O861,O861
M0681,M0681
T821,T821
O219,O219
I631,I631
G412,G412
J853,J853
E778,E778
M4789,M4789
M5426,M542
A190,A190
K313,K313
M6098,M6098
P919,P919
E132N083,_
S041,S041
M0599,M0599
M4312,M4312
P282,P282
O035,O035
I676,I676
I443,I443
U071J1890,_
Z011H,_
A488,A488
F55,F55
52237,_
K098,K098
58912,_
E849,E849
J682,J682
B659J173,_
I444,I444
T451,T451
M0239,M0239
C257,C257
Q6680,Q668
N833,N833
L859,L859
C8591,C859
W5999,_
M8727,M8727
C6291,C629
N6022,N602
S0189,S018
H355,H355
M8720,M8720
M8052,M8052
Z431,Z431
G838,G838
R99X,R99
K688,_
H74,H749
H0000,H000
O403,O40
O8220,O822
I999,I99
H188,H188
Q798,Q798
M960,M960
C168,C168
G575,G575
D419,D419
H16,H169
Z428,Z428
H1102,H110
N195,N19
S668,S668
N0180,N018
C969,C969
X998,_
M2570,M2570
M87,M879
B238,B238
Q221,Q221
S307,S307
W59,_
S6231,S6231
O9950,O995
Y844,_
T1580,T158
O489,O48
S0990,S099
P0730,P073
M8370,_
M002,M002
N46,N46
D48,D489
O339O,_
M9590,M959
E237,E237
1109,_
T078,T07
O684,_
N083N1,_
C496,C496
H3482,H348
M8153,M8153
V021,_
I748,I748
T191,T191
I428,I428
M12,_
W5199,_
M8040,M8040
S31,_
M8821,_
G5602,G560
V857,_
N1819,N181
S660,S660
M5418,M5418
E818,_
N129,N12
S4092,S409
Z191,_
O0080,O008
M6539,M6539
S21,S219
S9220,S9220
J219,J219
D237,D237
D6181,D618
N218,N218
A1801,A180
S3113,S311
S5031,_
S8021,_
H5220,H522
S080,S080
J1896,J189
C01,C01
M850,M850
S8189,S818
K813,_
B17,B179
C7,_
G319,G319
M7086,M7086
G239,G239
D175,D175
M60,M609
D1779,D177
O370,_
380,_
Q902,Q902
M289,_
R60,R609
Z3482,Z348
M320,M320
S315,S315
K8591,K859
N018,N018
T144,T144
S97,_
J66,_
Z211,Z21
V300,_
N1189,N118
W0130,_
C4472,C447
M0689,M0689
D1790,D179
Z4240,Z424
R049,R049
T92,T929
I61,I619
B470,B470
T464,T464
K938,K938
G572,G572
C19T,C19
R635,R635
O849,O849
S8182,S818
X44,_
H911,H911
A080,A080
S6081,S6081
G81,G819
A790,A790
N213,_
Q158,Q158
E032,E032
Z133,Z133
T83,T839
Z269,Z269
Z8962,Z8962
T840,T840
Q676,Q676
G04,G049
S7891,S789
V244,_
R2290,R229
N2020,N202
X5892,_
B651,B651
C66,C66
I314,_
C171,C171
R402,R402
G300,G300
V2699,_
S8990,S899
V3999,_
S2020,S202
M9072,M9072
M9073,M9073
C4001,C400
M1993,M1993
S983,S983
G961,G961
W3498,_
W1199,_
V285,_
V281,_
B359,B359
Z389,_
I958,I958
E243,E243
N80,N809
M216,M216
I491,I491
N342,N342
S112,S112
O683,O683
K19,_
M8051,M8051
K108,K108
Y579,_
D739,D739
Z318,Z318
S897,S897
Y362,_
M9170,_
1324,_
T801,T801
M8406,M8406
X579,_
P766,_
D124,D124
M728,M728
T862,T862
W544,_
W013,_
W286,_
J68,J689
B499,B49
I318,I318
J11,_
S056,S056
T364,T364
M8198,M8198
D1722,D172
Q170,Q170
J155,J155
S9090,S909
M5422,M5422
0722,_
Y951,_
Y848,_
D2239,D223
C4912,C491
T1512,T151
K007,K007
T065,T065
M418,M418
O2203,O220
M709,M709
R021,R02
O220,O220
S9311,S931
I650,I650
O302,O302
I4891,I48
0990,_
D71,D71
K764,K764
X099,_
H0291,H029
H2082,H208
H4002,H400
H3542,H354
21,_
N044,N044
S9215,S921
H571,H571
F54,F54
K86,K869
T115,T115
A096,A09
O01,O019
Q336,Q336
Q748,Q748
Q178,Q178
Q839,Q839
M082,M082
T808,T808
K100,K100
I1,_
H1780,H178
M7984,M7984
F330,F330
F603,F603
P230,P230
J04,_
H939,H939
W3999,_
S0550,S055
S441,S441
S5231,S5231
M509,M509
I1210,_
V031,_
D496,_
K62,K629
J499,_
R566,_
E283,E283
M9382,M9382
Z9920,Z992
1729,_
L7200,L720
E053,E053
S47,S47
R1907,R190
E1161,E116
L7211,L721
G530,G530
I012,I012
M8851,_
Q229,Q229
O067,O067
T15,T159
S50,S509
S316,_
N034,N034
T293,T293
M4719,M4719
D3911,D391
S7204,S720
V296,_
O091,_
S045,S045
O301,O301
Z314,Z314
G951,G951
J152,J152
I020,I020
7380,_
H1811,H181
M0606,M0606
J349,_
H6692,H669
N640,N640
C3990,C399
S2129,S212
G588,G588
H210,H210
K3589,K358
R580,R58
E342,E342
G811,G811
P283,P283
M8840,_
P280,P280
S146,S146
Y22,_
R064HYPERCAPNEA,_
S0510,S051
M801,M801
W7999,_
F01,F019
M898,M898
R062,R062
O4410,O441
Y280,_
T84,T849
N1854,N185
91,_
P558,P558
M0695,M0695
A061E861,_
T472,T472
M180,M180
M768,M768
K860,K860
E1109,E110
J1542,J154
Y562,_
F454,F454
O868,O868
M6267,M6267
A154,A154
J1573,J157
M4784,M4784
F251,F251
T579,T579
Q371,Q371
M489,M489
T594,T594
I692,I692
M1902,M1902
J202,J202
G621,G621
K746I982,_
G301,G301
N002,N002
G912,G912
B941,B941
A085,A085
A500,A500
O422,O422
D735,D735
MDP01,_
D588,D588
E892,E892
U078,_
E1143,E114
S7031,_
S802,_
M469,M469
R195,R195
G893,_
V9899,_
S579,S579
W892,_
S4281,S4281
Q542,Q542
Y493,_
S3281,S3281
S799,S799
C9000,C900
0688,_
Z851,Z851
R522,R522
E19,_
K084,_
V030,_
C1971,C19
L303,L303
A1810,A181
M2550,M2550
W225,_
W147,_
V584,_
W169,_
M1397,M1397
I466,_
C755,C755
Q544,Q544
M797,M797
F010,F010
F152,F152
M8770,_
Z792,_
O099,_
H2692,H269
Q440,Q440
N60,N609
H151,H151
H5210,H521
C693,C693
V999,_
V19,_
D382,D382
I339,I339
M1910,M191
S600,S600
I1110,_
Y849,_
V12,_
Q258,Q258
X16,_
K054,K054
M758,M758
M191,M191
Z3380,Z33
J966,_
E348,E348
F834,F83
N1289,N12
A0990,A099
K9222,K922
C8090,C809
30,_
I4892,I48
K563,K563
Z8951,Z8951
S8970,S897
E061,E061
Z906,Z906
B3510,B351
C854,_
H613,H613
S055,S055
M9663,M966
Y406,_
X70,_
S3231,S3231
J156,J156
Y3469,_
M9065,M9065
Z38O,_
G810,G810
S665,S665
Z468,Z468
P299,P299
B749,B749
L439,L439
C327,_
Q623,Q623
L568,L568
E45,E45
K371,K37
M51,M519
3370,_
U701,_
K751,K751
D820,D820
K592,K592
T839,T839
E1010,E101
L041,L041
C723,C723
R620,R620
C83,C839
K304,K30
M4384,M4384
M5454,M545
L299,L299
D162,D162
H8590,_
A043,A043
M23,M239
S0202,S020
K743,K743
L408,L408
N978,N978
K754,K754
M7667,M7667
I288,I288
C31,C319
I742,I742
O1190,O11
K52,K529
E1433,E143
60,_
L218,L218
H508,H508
O02,O029
M638,M638
H4421,H442
I1200,I120
123,_
W1741,_
I716,I716
M2167,M2167
V829,_
J469,J46
F106,F106
M899,M899
T048,T048
T5791,T579
M9330,_
O36,O369
T061,T061
M9400,M940
D69,D699
W139,_
W509,_
Z3020,Z302
M8705,M8705
G825,G825
C183,C183
N219,N219
T010,T010
L7634,_
I430,I430
V43,_
L538,L538
0689,_
D2920,D292
S858,S858
F058,F058
O640O,_
O689O,_
S889,S889
N806,N806
M2603,_
M9825,_
B179,B179
K079,K079
B353,B353
L043,L043
A971A,_
T01,T019
D702,D70
M2740,_
H1112,H111
M1992,M1992
0699,_
Z965,Z965
B9771,B977
V839,_
S0266,S026
W5581,_
C7952,C795
H2141,H214
909,_
S3271,S3271
Z29,Z299
G0490,G049
I142,_
L763,_
M463,M463
Y249,_
D611,D611
M1A9,_
95,_
A398,A398
G051,G051
S09,S099
K076,K076
D319,D319
M138,M138
6723,_
R62,R629
N291,N291
S030,S030
M8562,M8562
M073,M073
S6660,S666
S6400,S640
M808,M808
M6588,M6588
M250,M250
O338,O338
S6045,_
M800,M800
Z180,_
Q8I1,_
M1989,M1989
Y450,_
H1105,H110
Z2900,Z290
S298,S298
O3410,O341
O265,O265
S2100,S210
H506,H506
V2259,_
F412,F412
Q412,Q412
R238,R238
L281,L281
D1800,D1800
Z531,Z531
S9982,S998
H0001,H000
E873,E873
I123,_
O8612,O861
D6439,D643
E043,_
R653,R653
E1140,E114
M9161,_
K501,K501
S51,S519
M7386,M7386
W3489,_
F192,F192
M1395,M1395
S023,S023
L401,L401
Z384,Z384
Q900,Q900
H3321,H332
V42,_
S6881,S688
Z082,Z082
M796,M796
X5912,_
8080,_
N368,N368
J0140,J014
S9011,S901
C313,C313
J671,J671
N8010,N801
M9150,_
I424,I424
T271,T271
Y429,_
Z087,Z087
J430,J430
Q649,Q649
J100,J100
12345,_
K119,K119
M8690,M8690
F09,F09
B161,B161
M8615,M8615
T636,T636
C19LP3,C19
G628,G628
M1259,M1259
F320,F320
I018,I018
M0029,M0029
M761,M761
M5436,M5436
S0271,S0271
M1300,M1300
M2321,M2321
O066,O066
F230,F230
H622,H622
Q519,Q519
1129,_
A811,A811
N857,N857
P21,P219
S4210,S4210
J9811,J981
S8992,S899
S603,_
00,_
S5291,S5291
M4799,M4799
M9123,M912
N4981,N498
H6090,H609
L0300,L030
I680,I680
Y9201,_
W8699,_
B479,B479
D429,D429
C951,C951
H4721,H472
H4601,H46
I645,I64
O66,O669
V329,_
O380,_
Z376,Z376
D4811,D481
E0411,E041
M7500,M750
C862,C862
J17,_
M9730,_
O204,_
L280,L280
K082,K082
M8505,M8505
N991,N991
S2202,S220
N4821,N482
N43,_
Z023,Z023
D749,D749
L84,L84
M230,M230
D4011,D401
M248,M248
W49,_
A148,_
G050,G050
D23,D239
C30,_
M9390,M9390
B185,_
N897,N897
N322,N322
H521,H521
H27,H279
D299,D299
9935,_
E03,E039
M5455,M545
K6289,K628
D4110,D411
5062,_
M2415,M2415
M24,M249
K75,K759
K380,K380
H8051,_
N4400,N44
M279,_
M546,M546
G121,G121
M8812,_
S9271,S9271
M9472,_
Q793,Q793
E0590,E059
Z3493,Z349
O41,O419
F119,F119
D49,_
S377,S377
D478,_
V184,_
M6292,M6292
Z322,_
R233,R233
C1919,C19
M7954,M7954
M8417,M8417
Z242,Z242
M2546,M2546
E8899,E889
W01,_
S29,S299
N959,N959
K7290,K729
C090,C090
B207,B207
C73X,C73
J168,J168
G4735,G473
H5989,H598
H4005,H400
L608,L608
A528,A528
B000,B000
S2291,S2291
T049,T049
V33,_
S352,S352
Y20,_
B208,B208
Q255,Q255
Q409,Q409
I253,I253
T188,T188
S199,S199
V32,_
X17,_
N283,_
Z51,Z519
N87,N879
A30,A309
N382,_
O660Z3,_
D486C,_
S300,S300
K2989,K298
H6030,H603
9093,_
M204,M204
T2130,T213
C5059,C505
B958,B958
Z377,Z377
T2301,T230
S8361,S836
A00,A009
Z9831,_
P925,P925
B500,B500
G948,G948
N163,N163
Q262,Q262
J3800,J380
I421,I421
D639,_
P36,P369
S459,S459
H4900,H490
O336,O336
O458,O458
N730,N730
S109,S109
Q515,Q515
F78,F789
T25,_
S3131,S313
1519,_
P143,P143
J1859,_
O3689,O368
Z206,Z206
V1849,_
S6263,S626
P832,P832
J323,J323
C111,C111
P089,_
P0820,P082
M314,M314
R636,R636
Z9861,_
J293,_
R1012,R101
S489,S489
T0230,T0230
U051,_
E830,E830
C56M8,C56
C253,C253
O09,_
S5071,S507
S5070,S507
D7211,D721
L0261,_
K114,K114
P366,_
K9223,K922
J420,J42
O130,O13
V199,_
S2700,S2700
K414,K414
0364,_
Z958,Z958
D494,_
D1803,D1803
S0100,S010
C574,C574
M664,M664
J959,J959
R12,R12
N6311,N63
D407,D407
T93,T939
N8329,N832
H2622,H262
S6102,S610
C91T1,_
K68,_
W3400,_
Z9089,Z908
Z0308,Z030
N2010,N201
R05R5,R05
C173,C173
K081,K081
U011,_
W194,_
I577,_
L515,_
V0299,_
T2490,_
Y099,_
M1995,M1995
F070,F070
J0390,J039
Q511,Q511
P709,P709
D992,_
Q263,Q263
M9687,M968
M9708,_
T185,T185
M925,M925
P3610,P361
W2301,_
W2902,_
Z101,Z101
M625,M625
Z413,Z413
H6503,H650
T136,T136
S0991,S099
A184,A184
S7010,S701
D2692,D269
Z32,_
O129,_
N301,N301
S9331,S933
W1909,_
C19LP1,C19
M7908,M7908
S551,S551
N634,N63
V8889,_
K211,_
H3100,H310
J1523,J152
Q161,Q161
M8542,M8542
M1029,M1029
N761,N761
F197,F197
M233,M233
Q771,Q771
M6638,M6638
M7251,M7251
M3581,M358
D37,D379
S6340,S634
N799,_
L949,L949
M1982,M1982
W7798,_
H2503,H250
C5119,C511
M9709,_
F231,F231
F316,F316
F155,F155
N700,N700
A502,A502
Q848,Q848
O900,O900
A527,A527
M330,M330
T708,T708
C020,C020
M4687,M4687
B529,B529
B900,B900
J206,J206
M7915,M7915
G432,G432
J708,J708
0219,_
A920,A920
M4326,M4326
A852,A852
J1572,J157
G558,G558
T269,T269
N30,N309
O800Z,_
M8972,_
G4040,G404
Z515,Z515
L6000,L600
H2890,_
Z364,Z364
K835,K835
S8300,S830
S9270,S9270
C922,C922
R109,_
G310,G310
E89,E899
T9321,T932
C701,C701
S6611,S661
H43,H439
H3350,H335
J33,J339
I101D,I10
O318,O318
K806,_
H446,H446
F0150,_
O9113,O911
C5041,C504
H368,H368
D3703,D370
E0501,E050
N8381,N838
O612,_
X60T4,_
H319,H319
M8841,_
H0501,H050
A187,A187
V586,_
Z234,Z234
Y0403,_
W4088,_
W1709,_
V321,_
M108,_
I408,I408
Y899,_
W568,_
W205,_
R6251,_
W12,_
C82,C829
S6144,_
O9952,O995
H0451,H045
W348,_
L7210,L721
S725,_
Z8781,Z878
H10,H109
M1008,M1008
K535,_
S968,S968
M1908,M1908
M7901,M7901
O86,_
D29,D299
10,_
O144,_
B34,B349
J691,J691
T264,T264
B018,B018
I860,I860
D311,D311
C966,C966
V4552,_
Q682,Q682
X5908,_
D142,D142
Z798,_
J01,J019
R680,R680
K135,K135
M8077,_
H2791,H279
H0481,H048
S9085,S908
O076,O076
N6325,N63
V270,_
C001,C001
Y1899,_
A481,A481
T860,T860
D2111,D211
N1391,N139
H5991,H599
S6814,S681
K4092,K409
B309,B309
Z91,_
H143,_
Y359,_
E083,_
901,_
L022UO71,_
D151,D151
M894,M894
T741,T741
Q162,Q162
X669,_
0601,_
R2220,R222
P9946,_
W0703,_
F10,F109
M8992,M8992
S643,S643
K366,K36
T378,T378
W340,_
S089,S089
C245,_
K51,K519
B190,B190
2038,_
2208,_
N1809,N180
O4210,O421
K569,_
N1815,N181
J0100,J010
T243,T243
J,_
P,_
J909,J90
M278,_
L9751,L97
013,_
D439,D439
E673,E673
H3441,_
J39,J399
O9951,O995
O9851,O985
22,_
Q061,Q061
J9390,J939
I03,_
Z599,Z599
S807,S807
E1159,E115
M8098,M8098
R442,R442
W0609,_
S432,S432
3300GRAMS,_
2900GRAMS,_
3100GRAMS,_
C132,C132
M222,M222
Z411,Z411
H6001,H600
H60,H609
O356,O356
O3390,O339
P24,P249
C149T1,_
Z936,Z936
M1391,M1391
I732,_
V893,_
J1862,_
G8190,G819
B30,B309
P69,_
H4452,H445
G521,G521
Z715,Z715
E318,E318
1893,_
0600,_
O288,O288
S6991,S699
K089,K089
K653,_
T791,T791
S6109,S610
F488,F488
C475,C475
Z40,Z409
Q308,Q308
Q189,Q189
Q742,Q742
Q741,Q741
Q678,Q678
Q740,Q740
S6240,S6240
Z370Z,_
V10,_
C382,C382
M890,M890
K04,K049
M8990,M8990
C4920,C492
P84,_
K753,K753
B902,B902
M1004,M1004
X939,_
X1299,_
N9481,N948
H6502,H650
T888,T888
V892XXA,_
T171XXA,_
T162XXA,T16
T189XXA,_
B270,B270
M4786,M4786
Z886,Z886
K591,K591
P358,P358
D1212,D121
H5900,H590
O694,O694
K7010,K701
I091,I091
F023,F023
C40,C409
H5903,H590
H4441,H444
M18,M189
H1610,H161
U71,_
M6248,M6248
Q630,Q630
E04,E049
O821Z,_
M9940,M9940
C488,C488
D409,D409
O842Z,_
H70,H709
H042,H042
Q1410,Q141
Q3810,Q381
O80O,_
M9698,M969
E129,E129
D594,D594
N49,N499
Z770,_
K3189,K318
L896,L89
K132,K132
Q872,Q872
C248,C248
H3182,H318
H3573,H357
N936,_
M2445,M2445
Q254,Q254
M7790,M7790
T66,T66
Q917,Q917
D800,D800
A073,A073
M210,M210
048,_
F015,_
E1421,E142
Z3040,Z304
Z3042,Z304
N486,N486
H1131,H113
Z01212,Z012
P052,P052
T493,T493
M5419,M5419
D613,D613
F502,F502
M311,M311
C913,C913
O218,O218
J848,J848
J840,J840
N998,N998
P119,P119
P710,P710
N394,N394
T322,T322
P584,P584
T465,T465
XXXX,_
A09E861,A09
D384,D384
E349,E349
N413,N413
P378,P378
K285,K285
Q230,Q230
M8680,M8680
C35,_
M8616,M8616
Z8780,Z878
M8021,M8021
R71,R71
J12,J129
Z967,Z967
R50,R509
M8045,M8045
M8600,M8600
M256,M256
F901,F901
X60,_
K63,K639
Q419,Q419
E0862,_
W5408,_
W5508,_
M7000,M7000
1469,_
Z4802,Z480
V03,_
M8688,M8688
W13,_
H0241,H024
Z41,Z419
Z0282,Z028
X78,_
T599,T599
X47,_
S9241,S9241
C931,C931
E8881,E888
R459,_
N40J,N40
Q675,Q675
0840,_
0300,_
M6532,M653
S2109,S210
Z5111,Z511
H7290,H729
I095,_
S601,S601
O754,O754
R00,_
M848,M848
G56,G569
S654,S654
W558,_
Z326,_
W1799,_
W1499,_
Z450,Z450
Z918,Z918
M2488,M2488
O638,_
D2590,D259
D477,D477
A814,_
E0591,E059
I778,I778
S152,S152
O351,O351
B023,B023
H031,H031
W16,_
O860,O860
Z8669,Z866
E1412,E141
N185N,_
T7804,T780
H1092,H109
T2420,T242
A27,A279
Z922,Z922
M8669,M8669
J8410,J841
C459,C459
M1080,_
D829,D829
M8650,M8650
X4499,_
U099,_
M9186,M918
J955,J955
T2020,T202
0698,_
X590,_
C349M,_
V2399,_
X4899,_
J99,_
Z225,Z225
Z875,Z875
X2599,_
G978,G978
Q451,Q451
Z862,Z862
L048,L048
M9672,_
M9658,M965
C700,C700
X5931,_
N6002,N600
D0512,D051
S9291,S9291
T234,T234
X100,_
K902,K902
Z700,Z700
M949,M949
K05,_
E24,E249
G659,_
K103,K103
M8413,M8413
J1823,J182
R330,R33
0808,_
O899,O899
E142N,_
S499,S499
W235,_
H018,H018
C852,C852
Z769,Z769
A830,A830
G001,G001
N112,_
S641,S641
B719,B719
M348,M348
J991,J991
M9473,_
Q361,Q361
M9451,_
R935,R935
C639,C639
M8664,M8664
T18,T189
S8351,S8351
I5083,_
M8640,M8640
Q204,Q204
I708,I708
H158,H158
K3530,K353
S8226,S822
S6209,S620
S124,_
S125,_
R1905,R190
N71,N719
M8250,_
V38,_
V335,_
I604,I604
B998,B99
C5081,C508
G370,G370
H213,H213
S379,S379
T251,T251
Z991,Z991
101,_
Z9889,Z988
D2122,D212
N6019,N601
Y049,_
N1185,N118
I87,I879
I169,_
H3410,H341
N6021,N602
T2125,T212
J65,J65
A1623,A162
2020,_
Z440,Z440
R65,R659
R627,_
H81,H819
0758,_
V500,_
L403,L403
L239,L239
I750,_
L659,L659
M6595,M6595
T131,T131
J1599,J159
W3442,_
N94,N949
T8319,T831
M246,M246
M8436,M8436
G937,G937
T190,T190
I105,I10
D4800,D480
Q66,Q669
K201,K20
I458,I458
S9971,S997
324,_
N4590,N459
H295,_
J82,J82
M4896,M4896
T958,T958
A064K770,_
O085,O085
P005,P005
C718,C718
59402,_
M0896,M0896
P00001,P000
Z0169,Z016
Z0168,Z016
C19X3,_
C930,C930
G528,G528
E011,E011
P519,P519
M993,M993
M4317,M4317
I781,I781
K401,K401
Z399,_
S5090,S509
Z3920,Z392
J013,J013
O6410,O641
821,_
F108,F108
O006,_
S12,S129
K134,K134
1442,_
S7100,S710
M4794,M4794
Q541,Q541
H7380,H738
H7010,H701
H150,H150
H0440,H044
T028,T028
H266,_
S1410,S141
S2113,S211
Q234,Q234
Q795,Q795
M665,M665
Y470,_
Y18,_
M7137,M7137
D104,D104
F609,F609
Q655,Q655
M4805,M4805
D2100,D210
S048,S048
L932,L932
006,_
Z385,Z385
K006,K006
B249,B24
O82O,_
L9801,L980
J011,J011
S621,S621
S6310,S6310
T24,_
Z892,Z892
D214,D214
D107,D107
G2581,G258
D968,_
G47,G479
S323,S323
I0981,I098
P153,P153
C5,_
O809O,_
K31,K319
1248,_
K600,K600
Q504,Q504
B451,B451
B049,B04
C7931,C793
E8809,E880
C830,C830
A590,A590
F900,F900
S0250,S0250
C5096,C509
H2529,H252
509,_
O686,_
S989,_
S639,_
S4302,S4302
W191,_
Z941,Z941
I724,I724
E86X,E86
K30X,K30
E152,E15
I838,_
H0290,H029
H0431,H043
Z519,Z519
P0519,P051
Q00,_
E122,E122
E310,E310
T803,T803
G701,G701
K189,_
L95,L959
H449,H449
T0921,T092
U071J,_
W2262,_
S9310,S931
E162E,_
E569,E569
K310,K310
F202,F202
Q394,Q394
R628,R628
W7499,_
S9610,S961
R908,R908
L98,L989
H6521,H652
M5329,M5329
S0099,S009
M0296,M0296
Q36,Q369
R058,R05
H1823,H182
J3481,J348
M6717,M6717
M2405,M2405
S7001,S700
G9009,G900
M8451,_
S7000,S700
M7136,M7136
M7551,M755
Q6911,Q691
T9211,T921
T9220,T922
M8642,M8642
M8645,M8645
S4280,S4280
M1387,M1387
O921,O921
I7036,I703
M998,M998
H2182,H218
N990,N990
T883,T883
O834,O834
G93,G939
S541,S541
M4025,M4025
B992,B99
E725,E725
W1803,_
F232,F232
K389,K389
K356,_
O8209,O820
V2048,_
S7292,S729
S607,S607
M6006,M6006
C94,_
B05,B059
M70,M709
Z493,_
Z948,Z948
S269,S269
P3698,P369
801,_
5738,_
T0069,T006
E0965,_
C640,C64
N6009,N600
Z4789,Z478
V2240,_
M435,M435
P0022,P002
N5089,N508
W5501,_
Z129,Z129
P702,P702
N958,N958
W27,_
W499,_
Z954,Z954
Z451,Z451
Z989,_
H0412,H041
S99,S999
M0225,M0225
N96,N96
X115,_
P079,_
R5601,R560
M9714,_
M9685,M968
H2643,H264
C611,C61
M688,M688
C8190,C819
I310,I310
S4610,S461
W90,_
H54,H549
J014,J014
Q85,Q859
K91,K919
K411,K411
M9650,M965
D38,_
N820,N820
Q6101,Q610
I092,I092
Z570,Z570
G719,G719
N165,N165
R79,R799
M809,M809
Q8920,Q8920
K3000,K30
R029,R02
H4006,H400
O7020,O702
C774,C774
J312,J312
E1331,E133
90,_
N473,N47
C630,C630
C7951,C795
M8403,M8403
C1190,C119
H61,H619
K5780,K578
O201,_
M7985,M7985
S957,S957
S6631,S663
E1431,E143
Z888,Z888
H4412,H441
B360,B360
J300,J300
Q332,Q332
S578,S578
Q370,Q370
0109,_
B008,B008
C342,C342
S9133,S913
S812,_
D1723,D172
N109,N10
S8302,S830
R53,R53
Y434,_
S53,_
1501,_
V5100,_
S8270,S8270
S0207,S020
M7747,M7747
S3101,S310
T836,T836
Q179,Q179
Z854,Z854
R32,R32
R15,R15
V399,_
Z916,Z916
C161,C161
J1563,J156
F328,F328
J681,J681
A94,A94
T306,T306
M7920,M7920
Q556,Q556
G548,G548
A048,A048
M0095,M0095
C783,C783
Y402,_
P714,P714
P583,P583
G620,G620
Q870,Q870
Q300,Q300
0654,_
J9502,J950
R5383,R53
N1003,N10
J302,J302
Z500,Z500
S6441,S644
L0212,L021
M1256,M1256
S4291,S4291
M9723,_
M6593,M6593
K8590,K859
0681,_
Q214,Q214
X610,_
O028,O028
C059,C059
T0080,T008
F050,F050
S9002,S900
S0502,S050
0750,_
S8171,S817
S8170,S817
T053,T053
D6498,D649
T063,T063
E1100,E110
S0031,S003
P745,P745
N1856,N185
38,_
0441,_
Z0382,Z038
T249,_
M9282,M928
I380,I38
M2442,M2442
D343,D34
N155,_
S108,S108
M219,M219
T799,T799
W3079,_
O704,_
0089,_
M8410,M8410
O291,O291
Y2599,_
W548,_
Z362,Z362
T022,T022
B789,B789
H570,H570
M5415,M5415
M8330,M8330
K300,K30
Z709,Z709
J1449,J14
I67,I679
Z3688,Z368
O001_1,_
S644,S644
Y045,_
Z532,Z532
Z05,_
S5202,S520
H2011,H201
R298,R298
S8301,S830
I673,I673
F31,F319
O0380,O038
S9301,S930
D7389,D738
G443,G443
A301,A301
X892,_
B977,B977
W545,_
S904,_
7320,_
E906,E90
M4134,M4134
M81,M819
M402,M402
Z254,_
C39,C399
Z791,_
Q7421,Q742
H1641,H164
O8,_
N1892,N189
Z897,Z897
T2400,T240
O6002,O600
A1800,A180
M3219,M321
C9100,C910
Q052,Q052
K109,K109
T12,T12
E8612,E86
A026,_
M4382,M4382
C185,C185
N3091,N309
A600,A600
N1099,N10
A0969,A09
L768,_
V4975,_
U821,_
N812,N812
O409,O40
S5079,S507
S8079,S807
L111,L111
M8144,M8144
K574,K574
N8321,N832
Y3462,_
Q701,Q701
B260,B260
M015,M015
T9210,T921
M7540,M754
M7541,M754
S46,S469
I40,I409
L0211,L021
A973,_
D267,D267
M1307,M1307
M7511,M751
K263,K263
K523,K523
H4413,H441
Z21,Z21
S902,S902
E461,E46
179,_
M8178,_
K732,K732
M4782,M4782
M871,M871
M5650,_
Q390,Q390
H2648,H264
M9050,M9050
M2402,M2402
M7121,M712
C621,C621
L603,L603
F445,F445
Q752,Q752
Q309,Q309
Q709,Q709
D021,D021
I34,I349
M8422,M8422
N6492,N649
M8933,M8933
J1993,_
Z0368,Z036
D1620,D162
Q641,Q641
E0491,E049
C3400,C340
H490,H490
1493,_
E711,E711
D281,D281
N83,N839
K390,_
K666,_
R781,R781
G219,G219
L722,L722
M266,_
D349,D34
T492,T492
N480,N480
U080,_
M2556,M2556
C4339,C433
V089,_
Z9830,_
O098,_
P113,P113
S6130,_
Q386,Q386
H0012,H001
C960,C960
O056,O056
2870,_
A171,A171
J750,_
A810,A810
P234,P234
A19,A199
S8103,S810
M67,M679
S181,S18
P08,_
082,_
Q429,Q429
C08,C089
S6055,_
C19TI,C19
D2360,D236
I660,I660
N1851,N185
29,_
8700,_
O4110,O411
V13,_
S402,_
M701,M701
T192,T192
Z9882,Z988
B2592,B259
G257,_
B1820,B182
S0300,S030
D598,D598
Z2902,Z290
Q824,Q824
J929,J929
Z288,Z288
971,_
C19PIP1,C19
S568,S568
S333,S333
S5621,S562
A009,A009
K855,_
H624,H624
T8149,T814
H6041,H604
M814,M814
F429,F429
G255,G255
P928,P928
T539,T539
A938,A938
P155,P155
D571,D571
D612,D612
S222,S222
K910,K910
F063,F063
K508,K508
N491,N491
T305,T305
J432,J432
D3671,D367
D2400,D24
W198,_
129,_
W2962,_
H93,H939
N842,N842
G95,G959
E151,E15
H0500,H050
D562,D562
J214,_
S8232,S823
W24,_
527,_
M0005,M0005
M9471,_
M9731,_
M9460,_
M9240,M924
I83,I839
P250,P250
A609,A609
H0013,H001
G142,G14
3600,_
S6981,S698
Z74,Z749
M4196,M4196
M8415,M8415
I7021,I7021
B372,B372
Z037,_
H4381,H438
N060,N060
E11O,_
H59,H599
Z702,Z702
H9050,H905
Z4295,Z429
154,_
C031,C031
K00,K009
F172,F172
D570,D570
E44,_
109,_
S811,S811
M3210,M321
T81,T819
T299,_
S8285,S828
X6000,_
P372,P372
X9900,_
Q068,Q068
R2242,R224
S0151,S0151
N4339,N433
D122,D122
S3111,S311
M679,M679
H021,H021
S9092,S909
S0582,S058
S6091,S609
N14,_
E301,E301
E1123,E112
42,_
T8021,T802
L662,L662
R310,R31
S8245,S824
M971,_
Q24,Q249
H494,H494
J157,J157
M8560,M8560
M,_
N895,N895
B974,B974
K,_
Z398,_
S840,S840
O985UO71,_
C5001,C500
V37,_
P048,P048
V2814,_
O625,_
G478,G478
N40X,N40
M7196,M7196
H055,H055
E671,E671
S3100,S310
F03G2,F03
H2512,H251
D1802,D1802
K7689,K768
K5120,K512
Z458,Z458
X6599,_
G950,G950
S90,S909
D492,_
E1019,E101
B402,B402
N900,N900
P0019,P001
L7212,L721
1930,_
1750,_
P2219,P221
C9101,C910
D6831,D683
S565,S565
Q731,Q731
040,_
S5191,S519
R091,R091
M0082,M0082
G5132,G513
G914,_
E663,_
B986,_
F015J,_
F067,F067
M880,M880
T8754,T875
I419,_
M198,M198
V498,_
K673,K673
M9522,M952
M405,M405
C850,C850
E343,E343
000,_
Y525,_
T1810,T181
8A,_
S9113,S911
Z711,Z711
T193,T193
D2331,D233
M6540,M6540
E783,E783
H0002,H000
M9960,M9960
K5660,K566
N431,N431
K4391,K439
C5010,C501
M1712,M171
W2588,_
M7204,M7204
M2454,M2454
M8014,M8014
M4629,M4629
Q0703,Q070
M00,M009
H0101,H010
O971,O971
K942,_
T854,T854
I74,I749
D4871,D487
E142NO,_
N15,N159
G509,G509
5601,_
5122,_
5146,_
5792,_
5570,_
5665,_
M8857,_
1612,_
5063,_
S5331,S533
R2240,R224
E211,E211
M790,M790
E460,E46
Z132,Z132
N1785,N178
H1842,H184
H3132,H313
Q688,Q688
P132,P132
M2508,M2508
Z241,Z241
S6700,S670
Z0165,Z016
Z0167,Z016
P101,P101
P525,P525
M990,M990
F452,F452
T632,T632
G802,G802
M1380,M1380
I677,I677
B371J172,_
A523,A523
C19T23,C19
Z011H1,_
M5452,M545
P007,P007
C671,C671
A928,A928
E500,E500
X10,_
Z3021,Z302
Z360,Z360
E807,E807
G021,G021
P779,P77
S9312,S931
O252,O25
O007,_
S501,S501
N290,N290
B26,B269
D222,D222
G45,G459
R659,R659
Z3862,Z386
P912,P912
A97,_
L060,_
M257,M257
Z5331,_
R010,R010
M7296,M7296
M929,M929
560,_
D420,D420
K0510,K0510
N741,N741
H4332,H433
O394,_
K437,_
S685,_
S8602,S860
T5991,T599
S8089,S808
0717,_
D304,D304
M8425,M8425
S5980,S598
94,_
S31O,_
L73,L739
K6811,_
L8291,L82
I711,I711
O811,O811
C166,C166
M6516,M6516
H491,H491
C511,C511
D56,D569
S407,S407
B162,B162
M708,M708
D4870,D487
R022,R02
I1091,I10
I6790,I679
T04,T049
W2609,_
P364,P364
B0290,B029
M6284,M6284
0030,_
119,_
F238,F238
X1203,_
S3103,S310
T923,T923
Z016,Z016
S6059,_
0701,_
T2141,T214
S573,_
E8342,E834
E8352,E835
C801,C80
V26,_
M2505,M2505
J3211,J321
R002,R002
H731,H731
S0511,S051
D2490,D24
0410,_
M759,M759
I663,I663
Q341,Q341
N16,_
J385,J385
J893,_
Y520,_
T702,T702
L700,L700
S2036,S203
N7000,N700
X038,_
K604,K604
Y1199,_
T447,T447
S253,S253
Y401,_
H2191,H219
W18,_
L970,L97
W8752,_
R421,R42
W0101,_
W3162,_
W2698,_
S8035,_
Y079,_
M0086,M0086
S8081,S8081
E291,E291
Q503,Q503
O071,O071
D312,D312
N8140,N814
S751,S751
C672,C672
J3380,J338
J3411,J341
R827,R827
M9817,_
D16,D169
R34,R34
D255,_
K2901,K290
P722,P722
E221,E221
E28,E289
Z898,Z898
K283,K283
I281,I281
O032,O032
2D,_
R944,R944
H3504,H350
S8921,_
1482,_
E1129,E112
A414,A414
O634,_
W29,_
T099,T099
S650,S650
I5091,I509
Z236,Z236
P078,_
Z1387,Z138
O0809,O080
N635,N63
O3429,O342
S9340,S934
T456,T456
N171,N171
M247,M247
M1796,M179
X5952,_
S849,S849
Y836,_
B352,B352
M2537,M2537
1500,_
C413,C413
M7900,M7900
M1994,M1994
Y424,_
M0091,M0091
A058,A058
T673,T673
D521,D521
T383,T383
P942,P942
C1PIP2,_
G240,G240
N748,N748
S0215,S021
M350,M350
N1B5,_
K7581,K758
Z370O6,_
N41,N419
D31,D319
I141,_
0992,_
0994,_
1443,_
L301,L301
M0112,M0112
N90,N909
H5212,H521
Q672,Q672
H3510,H351
Q441,Q441
W0391,_
Z170,_
E320,E320
S0045,S004
N339,_
W5503,_
O314,_
N837,N837
Z53,Z539
I649,I64
M2322,M2322
M9429,M9429
L91,L919
M4315,M4315
M8472,_
U079,_
E261,E261
O3240,O324
830,_
M7046,M7046
Q244,Q244
I700,I700
V129,_
L7231,_
R5902,R590
Z3970,_
H5902,H590
H5011,H501
T8130,T813
H3552,H355
O578,_
I109N,I10
K908,K908
P23,P239
P522,P522
Z751,Z751
S653,S653
R103,R103
S9991,S999
M2466,M2466
W46,_
M6000,M6000
P728,P728
X1990,_
I485,I48
N881,N881
L9290,L929
T8520,T852
L570,L570
M920,M920
T1591,T159
H1191,H119
X5903,_
S640,S640
G979,G979
G399,_
T829,T829
W4592,_
I033,_
M4199,M4199
S110,S110
M1398,M1398
X588,_
N2021,N202
Z299,Z299
Z910,Z910
Q333,Q333
Z4801,Z480
N270,N270
S8360,S836
W218,_
S3701,S3701
T1503,T150
S9305,S930
H841,_
O311,O311
H4720,H472
H509,H509
H4711,H471
W189,_
N6332,N63
Q100,Q100
Z5551,_
O809Z,_
K355,_
Q056,Q056
E1165,E116
K5641,K564
O029,O029
T499,T499
K381,K381
C510,C510
S760,S760
M7670,M7670
N34,_
M4056,M4056
T612,T612
Q2732,Q273
214,_
S8262,S826
M7250,M7250
I228,I228
A1802,A180
13,_
M130,M130
M8694,M8694
M131,M131
P58,P589
Q652,Q652
E789I,_
0363,_
0662,_
S719,_
A419II19,_
Z4682,Z468
Z3730,Z373
Q605,Q605
V2099,_
R1312,R13
P703,P703
S0183,S018
O1502,O150
S1181,S118
S6151,_
M860,M860
T8540,T854
Q138,Q138
M9408,M940
E761,E761
S901,S901
F179,F179
D446,D446
Z853,Z853
491,_
F809,F809
Z043,Z043
V8949,_
Z900,Z900
V449,_
F21,F21
M8959,M8959
Q03,Q039
P833,P833
T838,T838
O408,O40
O9941,O994
S2000,S200
G573,G573
A066,A066
W607,_
G639,_
H219,H219
F23,F239
Z459,Z459
W5919,_
O84,O849
O364XX0,_
M7111,M7111
H019,H019
J4893,_
L410,L410
S0670,S0670
W2600,_
O6810,O681
Z0,_
Z0141CC,_
Q239,Q239
E120,E120
T441,T441
C741,C741
D559,D559
N349,_
A039,A039
M6256,M6256
A409,A409
IMPO2,_
IMPO1,_
A310,A310
X15,_
M4886,M4886
M128,M128
R919,R91
T85,T859
K187,_
J639,_
149,_
W1399,_
S9341,S934
J629,_
S462,S462
T1460,T146
E820,_
S345,S345
Z758,Z758
0900,_
M9104,M910
Z092,Z092
0325,_
0631,_
D225,D225
I1011,I10
X4599,_
X8499,_
O632,O632
S336,S336
M234,M234
Z0051,Z005
I6391,I639
K70,K709
Q398,Q398
H3537,H353
M310,M310
R972,_
M8033,M8033
M8043,M8043
W939,_
J061,_
C6930,C693
E65,E65
\03,_
B582,B582
B3749,B374
M9364,_
B457,B457
M1981,M1981
N1330,N133
W110,_
S6801,S680
9D,_
K8011,K801
R7881,R788
469,_
C120,C12
A441,A441
F60,F609
O049,O049
511,_
E502,E502
M7252,M7252
E755,E755
D226,D226
H2589,H258
M8707,M8707
K38,K389
O003,_
C721,C721
Z3751,Z375
W2752,_
O870,O870
K302,K30
V210,_
E118NO83,_
D221,D221
Z611,Z611
K924,_
O98,O989
C8599,C859
I823,I823
M954,M954
G018,G01
N604,N604
M6591,M6591
O824,_
W184,_
W2762,_
W2903,_
V1999,_
V2994,_
W2303,_
V2930,_
W1680,_
W2000,_
B081,B081
T7116,T71
M7107,M7107
F2,_
L8999,L899
X82,_
0332,_
D638I,_
Y464,_
N810,N810
G91,G919
B448,B448
K41,K419
S69,S699
Z85,Z859
O910,O910
D015,D015
D200,D200
L109,L109
E885,_
F493,_
A370,A370
D459,D45
Q278,Q278
Q548,Q548
I070,I070
O3451,O345
M90,_
S867,S867
L981,L981
I58,_
K69,_
D581,D581
M889,M889
C4452,C445
C8112,C811
O3659,O365
O102,O102
V275,_
0329,_
O25,O25
W6880,_
E018,E018
S0089,S008
L8990,L899
R600,R600
A369,A369
M9381,M9381
Z094,Z094
M211,M211
I381,I38
P133,P133
Z951,Z951
G028,G028
Z8709,Z870
T194,_
R551,R55
T983,T983
W038,_
X1499,_
M2400,M2400
M5005,M500
Q395,Q395
K499,_
B84,_
S6001,S600
J028,J028
I6930,I693
M8692,M8692
H8110,H811
N609,N609
S4310,S431
O481,O48
T834,T834
Z990,Z990
087,_
K01,_
0080,_
N86,N86
K435,_
P42,_
P279,P279
G568,G568
M7295,M7295
B351,B351
H0210,H021
H0420,H042
I658,I658
M9691,M969
C821,C821
M4905,M4905
K265,K265
C673,C673
C152,C152
I777,_
O264,O264
M9383,M9383
F028,F028
L138,L138
T426,T426
S4171,S417
M1228,M1228
H28,_
A030,A030
C164,C164
J1813,J181
M0891,M0891
G971,G971
M8189,M8189
P231,P231
K224,K224
A062E861,_
G248,G248
T601,T601
F252,F252
H838,H838
D501,D501
D839,D839
D448,D448
M9962,M9962
M2391,M2391
K042,K042
H439,H439
P281,P281
M8700,M8700
O229,O229
Q183,Q183
P0713,P071
80,_
Q622,Q622
H2181,H218
M8998,M8998
G5731,G573
S4202,S420
E096,_
Q388,Q388
C4030,C403
R3121,R31
N25,N259
D10,D109
M8663,M8663
M2351,M2351
M9754,_
Q209,Q209
K2940,K294
N304,N304
C739,C73
Z342,_
A067,A067
H059,H059
M312,M312
K0403,K040
Z820,Z820
R39,_
L894,L89
J1982,_
L872,L872
T559,T55
T443X6,_
S9832,S983
S581,S581
M5190,M519
S14,_
E094,_
T7809,T780
W99,_
Z003,Z003
V291,_
Y69,_
H198,H198
T8402,T840
H4471,H447
H048,H048
N4889,N488
M6793,M6793
F448,F448
D057,D057
S857,S857
K8689,K868
Q529,Q529
S383,S383
H300,H300
A469,A46
S3181,S318
S8102,S810
M9130,M9130
V1399,_
I69,_
O64,O649
Q1030,Q103
S9840,S984
S6701,S670
W508,_
0810,_
Q991,Q991
H510,H510
M635,_
S0285,S028
S2249,S224
T349,T349
9263,_
M080,M080
P00,P009
N0834,N083
S449,S449
T0220,T0220
V09,_
F79,F799
M7660,M7660
M1010,M1010
L231,L231
0365,_
Z202,Z202
H476,H476
A711,A711
O7809,_
S255,S255
S9089,S908
B368,B368
Y048,_
D1809,D1809
N953,N953
B2591,B259
M8099,M8099
T021,T021
M6021,M6021
O8009,O800
U500,_
M5408,M5408
S715,_
S750,S750
S503,_
L985,L985
J693,_
S7211,S7211
T730,T730
K262,K262
C19IPP1,C19
Z9221,Z922
O303,_
W749,_
K1400,K1400
S8203,S820
B869,B869
N369,N369
S3086,S308
Q5011,Q501
H1640,H164
W279,_
52,_
S6161,_
H3302,H330
I86,_
O509,_
D133,D133
K5731,K573
0620,_
M2450,M2450
D046,D046
J86,J869
G51,G519
S2121,S212
H2092,H209
N872,N872
M1221,M1221
M165,M165
H3509,H350
F349,F349
Q859,Q859
S264,_
D3610,D361
D378,_
1548,_
G9243,G92
H985,_
L940,L940
N934,_
M539,M539
S8971,S897
H30,H309
H901,H901
C5012,C501
O308,O308
0935,_
H3332,H333
L9790,L97
Q559,Q559
N013,N013
C19I1P4,C19
G411,G411
G804,G804
A59,A599
J1533,J153
A041,A041
M7928,M7928
M5446,M5446
F845,F845
T494,T494
C451,C451
A289,A289
Q911,Q911
O0760,O076
Z098,Z098
G3184,G318
Q402,Q402
W1004,_
J201,J201
O048,O048
M8188,M8188
D3705,D370
I6096,I609
Q79,Q799
N8502,N850
L740,L740
M2559,M2559
C440,C440
M8501,M8501
X0452,_
X1752,_
Q703,Q703
Q723,Q723
Q8500,Q850
G894,_
G892,_
D3191,D319
X48,_
R2021,R202
C19I92,C19
D522,_
W1308,_
K266,K266
H3590,H359
H0411,H041
N731,N731
M263,_
M7133,M7133
L9881,L988
D4323,D432
Y360,_
D4810,D481
M2311,M2311
I8891,I889
M7221,M722
N9080,N908
I2501,I250
I39,_
T1415,T141
H1140,H114
O352,O352
I119UO72,_
G720,G720
I127,_
K650K,_
J133,J13
N100,N10
D593,D593
R625,_
X4199,_
Z850,Z850
Z95,Z959
M8079,_
H2703,H270
I101I,I10
1219,_
T8339,T833
L0291,L029
R21,R21
B041,B04
C223,C223
C903,C903
J4410,J441
S6329,S632
R06,_
H02,H029
T864,T864
C1,_
P194,_
P246,_
T8684,T868
T051,T051
E8330,E833
R1110,R11
Q540,Q540
V2799,_
M2154,M2154
M0117,M0117
C6293,C629
W2799,_
W2009,_
S6992,S699
T7840,T784
N185II29,_
S4222,S422
S5302,S5302
M2112,M2112
Z018,Z018
P0510,P051
D022,D022
M719,M719
893,_
Q111,Q111
M089,M089
B210,B210
S3670,S3670
A413,A413
X595,_
L25,L259
M8631,M8631
F508,F508
M9044,M9044
J281,_
V9499,_
G130,G130
R008,R008
N078,N078
V2344,_
N023,N023
E137,E137
C19C1,C19
S057,S057
I251I,_
M7156,M7156
L738,L738
J677,J677
J06,J069
Q781,Q781
R270,R270
E0402,E040
N29,_
O2300,O230
P389,P38
M39,_
Y298,_
K7200,K720
S8324,S832
M769,M769
E517,_
B0239,B023
H3140,H314
N4332,N433
Z029,Z029
0866,_
0400,_
C650,C65
L814,L814
H17,H179
A45,_
M1220,M1220
Q045,Q045
H5090,H509
P320,_
H3535,H353
R5911,R591
N711,N711
C0511,C051
R312,R31
J386,J386
O1413,O141
S1101,S110
L734,_
S6621,S662
M763,M763
M8545,M8545
E09,_
0622,_
P780,P780
C344,_
N250,N250
Z194,_
S7302,S7302
C642,C64
W1942,_
V4848,_
Y4604,_
T528,T528
O6490,O649
S8215,S821
L249,L249
Q200,Q200
Q680,Q680
T704,T704
G90,G909
Z964,Z964
I6203,I620
U017,_
C834,C834
Q642,Q642
D033,D033
N822,N822
I029,I029
O070,O070
M1392,M1392
F444,F444
D109,D109
M5499,M5499
T959,T959
M2500,M2500
M4362,M4362
S461,S461
O084,O084
G513,G513
Z963,Z963
I368,I368
Z889,Z889
M9010,M9010
T184,T184
N053,N053
Q35,Q359
W94,_
T2403,T240
I1012A,I10
M4712,M4712
I605,I605
S907,S907
B33,_
M8995,M8995
O0390,O039
O3650,O365
O8293,O829
M620,M620
N1309,N130
X709,_
Q011,Q011
N988,N988
H0232,H023
M3299,M329
M7996,M7996
S759,S759
W33,_
L,_
08,_
5722,_
D14,_
N423,N423
S679,_
S8214,S821
N483,N483
O6540,O654
I236,I236
N2320,N23
S4102,S410
T7961,T796
S088,S088
G943,_
S5227,S522
J93,J939
S683,S683
W2362,_
V334,_
T502,T502
I520,I520
I891,I891
P37,P379
R05R0,R05
Y95J8,_
I500I,_
H1871,H187
Y288,_
J986,J986
S533,S533
Z111,Z111
S207,S207
C1Q1P3,_
I44,_
Z081,Z081
X5993,_
E745,_
H710,H71
M8170,_
K8002,K800
Z736,Z736
Z9282,Z928
Z9225,Z922
Z902,Z902
S6094,S609
K9423,_
M939,M939
D893,D893
R567,_
C768,C768
S9132,S913
D754,_
J269,_
M175,M175
S0909,S090
Z730,Z730
270,_
M8930,M8930
D302,D302
A093,A09
\3,_
I393,I393
M8711,M8711
M5126,M512
Z439,Z439
G129,G129
N206,_
P61,P619
P7040,P704
M8899,M8899
O806,_
C2690,C269
C980,_
H2101,H210
N055,N055
H180,H180
Q1810,Q181
C1100,C110
J3515,J351
281,_
I72,I729
S6971,S697
I870,I870
1845,_
18,_
K730,K730
I481,I48
M2194,M2194
M06,M069
B078,B07
K5931,K593
O090,_
K445,_
N392,N392
S13,_
K5792,K579
909\,_
E378,_
P110,P110
P746,_
J1590,J159
C2013,C20
G49,_
G440,G440
G711,G711
I2590,I259
W1789,_
Z099,Z099
W51,_
Z155,_
M039,_
D123,D123
S8002,S800
W5799,_
C815,_
M872,M872
T114,T114
T800,T800
E756,E756
T8182,T818
L449,L449
F660,F660
N32,N329
T286,T286
W1303,_
N922,N922
T30,_
U089\,_
O520,_
B012,B012
S6131,_
M465,M465
K82A1,_
D071,D071
S6170,S617
3392,_
J60,J60
I291,_
S6252,S625
Z014,Z014
O120,O120
S0093,S009
Z435,Z435
M1036,M1036
S3994,S399
K615,_
W272,_
M2330,M2330
M0093,M0093
T709,T709
Z01213,Z012
M5411,M5411
I379,I379
Z0166,Z016
T518,T518
Q912,Q912
M0806,M0806
P111,P111
Q743,Q743
Y548,_
P720,P720
T467,T467
M4720,M4720
G113,G113
N453,_
B779E,_
P35,P359
V4769,_
W2311,_
P818,P818
I661,I661
O0951,_
K612,K612
C899,_
I060,I060
S1180,S118
S2190,S219
S2080,S208
S4180,S418
S3690,S3690
T8132,T813
H3609,H3609
S101,S101
B200,B200
B203,B203
Z483,_
081,_
E702,E702
J1512,J151
0096,_
R511,R511
O672,_
E859,E859
L711,L711
J80I2,J80
I500N,_
I209I,_
R81,R81
N020,N020
J03,J039
W317,_
R942,R942
Y462,_
M7266,M7266
M8958,M8958
U892,_
M068,M068
B65,B659
Y532,_
G23,G239
S9590,S959
P509,P509
S7330,_
F191,F191
S0143,S014
S1191,S119
I808,I808
O670,O670
R945,R945
D644,D644
H1692,H169
S229,S229
D11,D119
H246,_
H1890,H189
M4647,M4647
W1059,_
M7022,M7022
M6747,M6747
R44,_
N251,N251
J0381,J038
B820,B820
H3400,H340
E804,E804
M888,M888
Z934,Z934
P800,P800
K8309,K830
K2971,K297
G4050,G405
N511,N511
M0803,M0803
M0807,M0807
W5979,_
C93,C939
B340,B340
Z613,Z613
M7501,M750
U120,_
X994,_
Z24,_
K490,_
M6010,M6010
M2241,M224
V124,_
I058,I058
W457,_
H190,H190
C309,_
N6459,N645
S2701,S2701
S452,S452
J1839,_
E142NO89,_
M9409,M940
S49,S499
Q874,Q874
O6010,O601
K5130,K513
S3523,S352
5250,_
M7134,M7134
S272XXA,_
S3160,_
M6150,M6150
L0252,_
N9070,N907
N7500,N750
P504,P504
I1129,_
Z289,Z289
J445,_
J1880,J188
W2608,_
T05,T059
W1009,_
88,_
N1831,N183
S213,_
A929,A929
M9591,M959
K370,K37
D3670,D367
Z1289,Z128
H524,H524
S5340,S534
S5610,S561
P0220,P022
S8311,S831
S4001,S400
D290,D290
Z097,Z097
W277,_
P585,P585
G44,_
B664,B664
J1223,J122
H681,H681
J43,J439
A513,A513
Z279,Z279
Q12,Q129
O8212,O821
E672,E672
H6591,H659
S3681,S3681
M8704,M8704
Z4910,Z491
L9791,L97
H3303,H330
D,_
N856,N856
Q188,Q188
S0613,S061
S0209,S020
S120,S120
X958,_
I042,_
O608,_
M238,M238
J9509,J950
Q3791,Q379
O661,O661
L578,L578
S6632,S663
\,_
H534,H534
O73,_
N460,N46
H2190,H219
M8092,M8092
C7A1,_
O0990,_
F018,F018
M7925,M7925
G608,G608
Z30017,Z300
M4360,M4360
M5414,M5414
T631,T631
669872,_
N054,N054
M0098,M0098
D819,D819
T410,T410
NOICD,_
Z0013,Z001
T611,T611
O905,O905
C19P3,C19
1483,_
S3713,S371
C9200,C920
E08,_
U830,_
M8661,M8661
S9109,S910
D442,D442
D44,D449
S9304,S930
D629,D62
C74,C749
S280,S280
S8681,S868
T8403,T840
T91,T919
M8412,M8412
K537,_
E0521,E052
M2536,M2536
D642,D642
N0836,N083
P539,P53
M6746,M6746
C933,C933
S22,S229
S6272,S627
S0699,S069
M476,_
M715,M715
K713,K713
Y0008,_
R856,R856
W599,_
Y2899,_
T8529,T852
V536,_
C446,C446
N083N,_
M7757,M7757
X65,_
D144,D144
O863,O863
R119,R119
M4124,M4124
N921,N921
T080,T080
S2133,_
M470,M470
S0000,S000
U0710,_
H444,H444
S071,S071
U179,_
09JK4ZZ,_
X19,_
C4432,C443
L7682,_
7370,_
Y60,_
C4411,C441
H0201,H020
M8565,M8565
S6171,S617
W6499,_
G940,G940
N063,N063
R539,R53
M390,_
M9489,M9489
V2040,_
M9121,M912
X419,_
S6526,S652
V2840,_
H1820,H182
M488,M488
N0803,N080
I950,I950
N005,N005
S56,_
H448,H448
R890,R890
X699,_
M8668,M8668
Q349,Q349
W6899,_
N3903,N390
C63,C639
N7093,N709
R930,R930
D801,D801
I960,_
S861,S861
S8183,S818
H051,H051
Y289,_
S649,S649
H3421,H342
R170,R170
H360H3,_
H00,_
H4409,H440
R498,R498
H900,H900
O3472,O347
M071,M071
G7101,G710
J388,_
W2052,_
M4644,M4644
M8561,M8561
Q933,Q933
M258,M258
K8063,_
M2475,M2475
234,_
O044,O044
J9585,J958
S5981,S598
J859,_
M321DAGGER,_
J1883,J188
N623,N62
J198,_
H473,H473
S86,S869
B250,B250
M9890,_
Q437,Q437
B459,B459
S2021,S202
W1704,_
K749,_
M7889,_
K244,_
M5493,M5493
Z9010,Z901
K931,K931
A100,_
Z01,Z019
D2112,D211
M8889,M8889
W050,_
W200,_
V384,_
V385,_
X9908,_
E060,E060
V06,_
M174,M174
I411,I411
S98,_
Z945,Z945
J64,J64
M6090,M6090
C19T27,C19
C19T28,C19
C19T32,C19
C19T33,C19
C19T35,C19
C19T36,C19
C19T37,C19
C19T38,C19
C19T40,C19
C19T42,C19
C19T43,C19
C19T44,C19
C19T45,C19
M5451,M545
G243,G243
H832,H832
T474,T474
Q010,Q010
A099E86,A09
A759,A759
M4727,M4727
Q330,Q330
I369,I369
I068,I068
J1893I248,_
A838,A838
K911,K911
T178,T178
M7294,M7294
S6123,_
D634,_
O3003,O300
E169,E169
N503,_
1251,_
M1A9XX1,_
M101,M101
N644,N644
Q543,Q543
C403,C403
S5300,S5300
E661,E661
D33,D339
S9121,S912
S6970,S697
T486,T486
A208,A208
S242,S242
V575,_
S049,S049
Q922,Q922
C20M,C20
E1481,E148
H95,H959
E1480,E148
M6548,M654
M7018,M701
M2519,M2519
A663,A663
K5732,K573
Z120,Z120
I8423,I842
N910,N910
F569,_
W0708,_
Z501,Z501
Z148,_
Y3399,_
S3410,S341
M7201,M720
T3102,T310
J954,J954
N185N0,_
W551,_
J020,J020
A988,A988
Y282,_
Y300,_
Y835,_
V191,_
X990,_
J1992,_
Z190,_
Y6899,_
Z541,Z541
M185,M185
S4211,S4211
E752,E752
B205,B205
Y405,_
O4103,O410
O1001,O100
X598,_
Z859,Z859
M6596,M6596
H36O,_
C7938,C793
T1491,T149
S6320,S632
C115,_
Z65,Z659
R562,_
O8201,O820
N612,N61
H930,H930
E88,E889
T20,_
S634,S634
M9621,M962
D149,_
M8940,M8940
V18,_
M1710,M171
I312,I312
K917,_
O400,O40
S8284,S828
S7234,S723
M1199,M1199
Q348,Q348
M01,_
H2713,H271
M232,M232
A5131,A513
D8983,D898
D132,D132
W1304,_
H1091,H109
Q6682,Q668
H3420,H342
I261,_
S034,S034
Z312,Z312
H7291,H729
O987,O987
O891,O891
T318,T318
S497,S497
O3660,O366
E861U,E86
R576,_
X609,_
Z9840,_
H3551,H355
A603,_
W0119,_
C599,_
W86,_
Z721,Z721
I1289,_
J255,_
S570,S570
N40UO72,N40
T255,T255
Q182,Q182
S9045,_
J189UO72,_
H026,H026
I222,_
S4030,_
C804,C80
K927,_
L982,L982
S0512,S051
S08,S089
T481,T481
T204,T204
M1040,M1040
M8681,M8681
M1385,M1385
Z0131A,_
CR4694,_
E214,E214
N007,N007
Z010B,_
Z010A,_
V585,_
W014,_
D6209,D62
0059,_
B409,B409
I128,_
U071C1P1P3,_
E185,_
S149,_
S959,S959
T1101,T110
X11,_
D105,D105
D464,D464
P388,P38
C7820,C782
D7581,D758
I289,I289
O8218,O821
M671,M671
O423,_
Q799,Q799
N8000,N800
J8595,_
W2062,_
M0820,M0820
S0159,S015
C847,C847
J699,_
S6124,_
Q758,Q758
Z503,Z503
J340L,_
Y4859,_
T415,T415
N1895,N189
Y2803,_
Q563,Q563
G32,_
I01,I019
T78,T789
S9821,S982
G908,G908
M6022,M6022
R748,R748
Z255,_
A512,A512
X491,_
M4880,M4880
L762,_
I6939,I693
K1130,K113
M4854,M4854
S6990,S699
C7830,C783
N090,_
S3710,S3710
A907,A90
H2502,H250
N303,N303
H9512,H951
T1729,T172
E865,E86
1516,_
D519,D519
D1770,D177
M064,M064
U40,_
O65,O659
C208,C20
O4141,_
O3000,O300
M7710,M7710
K647,_
Z5200,Z520
S031,S031
0232T,_
H402Z9,_
B090,B09
B508,B508
B192,_
Q521,Q521
K55,K559
R90,_
I790,I790
M549,M549
X5032,_
O8203,O820
N8185,N818
M142,M142
H4031,H403
M6781,M6781
B2090,B209
O260,O260
J297,_
N882,N882
S9970,S997
R430,R430
D341,D34
Z526,Z526
L0390,L039
F001,F001
T8285,T828
O0344,O034
Z0320,Z032
I47,I479
E810,_
X789,_
Q5320,Q532
D1724,D172
641,_
W3301,_
0369,_
K2920,K292
O3440,O344
Q766,Q766
E119F5,_
L602,L602
D067,D067
A241,A241
M0596,M0596
M680,M680
M1516,M151
W2063,_
M1986,M198
H3423,H342
O6190,O619
429,_
Y149,_
Y199,_
D244,D24
Z441,Z441
K8592,K859
G891,_
M4797,M4797
M9488,M9488
E853,E853
Z830,Z830
N1382,N138
S8621,S862
D470,D470
T8539,T853
B001,B001
J009,J00
Q1401,Q140
B811,B811
T48,_
N1839,N183
I011,I011
K8110,K811
G9529,G952
T8332,T833
Y455,_
X5090,_
0418,_
E896,E896
E220,E220
B97,_
H5015,H501
H2619,H261
5727,_
Z192,_
S069X9A,_
F062,F062
J4591,J459
J1983,_
C9211,C921
M8881,M8881
C19I2,C19
E187,_
Z4582,Z458
K2100,K210
M9920,M9920
M4785,M4785
K712,K712
M0016,M0016
F250,F250
T368,T368
J1893I959,_
M4792,M4792
Z010C,_
M4699,M4699
Z011B,_
N710,N710
E811,_
M8880,M8880
A55,A55
M893,M893
E1105,E110
V92,_
Z3034,Z303
A748,A748
H1144,H114
O3683,O368
Q5212,Q521
Z3880,Z388
D592,D592
M125,M125
C7800,C780
M192,M192
0366,_
S5001,S500
S6005,S600
S2761,S2761
Z0385,Z038
Q750,Q750
Z290J,_
X3381,_
X119,_
X1109,_
O920,O920
V435,_
R5009,_
C2210,C221
T201,T201
M2106,M2106
H6699,H669
H698,H698
H913,H913
Z539,Z539
H4700,H470
T19,T199
L248,L248
C4431,C443
H6092,H609
S727,S727
G72,G729
Z116,Z116
O037,O037
M842,M842
Z9880,Z988
M220,M220
O165,O16
291,_
S702,_
K8081,K808
O468,O468
H2180,H218
A1821,A182
A521,A521
0822,_
X129,_
Q873,Q873
C002,C002
C49A0,_
M8971,_
H5780,H578
C3432,C343
Q861,Q861
E0420,E042
T296,T296
K1230,K123
C379,C37
Z233,Z233
S0551,S055
S5232,S523
T0930,T093
E8771,E877
Z3711,Z371
J221,J22
S221,S221
M1286,M1286
W0103,_
X09,_
W74,_
F519,F519
D074,D074
W06,_
X690,_
H0016,H001
Q384,Q384
S2231,S2231
R1901,R190
G120,G120
E1134,E113
U0711,_
O26,O269
O1493,O149
I8722,I872
I8030,I803
C5002,C500
K785,_
S8702,S870
L591,_
B116,_
S89,S899
J933,_
Q809,Q809
C038,_
X440,_
K28,K289
I129Z4,_
N185NO59,_
M652,M652
Z9049,Z904
Z7401,Z740
J393,J393
C323,C323
S225,S225
61,_
S970,S970
S9170,S917
V4399,_
M6521,M652
Y422,_
Y926,_
R05J4,R05
R05J8,R05
E109C,_
S8011,S801
P950,P95
D2491,D24
Z315,Z315
S0571,S057
E281,E281
Z2081,Z208
O729,_
M6249,M6249
L508,L508
M8921,M8921
T981,T981
R466,R466
Y069,_
A0100,A010
R772,R772
S3730,S3730
M0529,M0529
Q184,Q184
W390,_
S9143,_
M7261,M7261
S093,_
K3184,K318
K405,_
R268,R268
O3420,O342
H221,H221
H5232,H523
H4422,H442
Q510,Q510
V174,_
N1840,N184
H3750,_
H6533,H653
N70,N709
M140,M140
M0601,M0601
Z208SARSCOV2TE,_
C77,C779
D645,_
S7270,S7270
041,_
H45,_
Y929,_
N8360,N836
J3601,J36
D13,D139
U809,_
E735,_
X6809,_
Z146,_
Z0151B1,_
Z0151A1,_
Z0156A1,_
Z01591,Z015
T471,T471
A689,A689
A060E861,_
M1905,M1905
M753,M753
T236,T236
G638,G638
I606,I606
E723,E723
M4366,M436
G231,G231
Z4661,Z466
R621,_
Z4660,Z466
M8530,M8530
W6999,_
M892,M892
X93,_
Z809,Z809
0370,_
Z0151,Z015
B1,_
A1,_
Z0156,Z015
Z0159,Z015
D2110,D211
C550,C55
B0820,B082
J160,J160
5449,_
S4212,S421
I2730,_
H313,H313
K2797,K279
J3502,J350
360,_
B950,B950
Q434,Q434
S4270,S4270
0623,_
E219,_
W0399,_
D06,D069
A1832,A183
I92,_
Q564,Q564
M028,M028
M6787,M6787
A462,A46
F798,F798
G465,G465
S9710,S971
D1720,D172
M6351,_
Z3980,_
L719,L719
R250,R250
C401,C401
1II9,_
E760,E760
1639,_
K940,_
C9110,C911
O539,_
J960U,_
M057,_
B227,B227
X838,_
M720,M720
I1029,I10
08O9,_
P02,P029
R95,R95
X1199,_
G523,G523
C694,C694
S0581,S058
F051,F051
M9751,_
S351,S351
I798,I798
Z3392,Z33
0039,_
H503,H503
G780,_
E709,E709
C322,C322
H8192,H819
M9160,_
H8591,_
H8592,_
M793,M793
B581,B581
Q169,Q169
I245,_
H038,H038
O982,O982
Q382,Q382
B699,B699
M05,M059
M75,M759
L300,L300
T8451,T845
Q6801,Q680
H653,H653
D201,D201
E093,_
C591,_
890,_
N3090,N309
O3623,O362
K208,K20
C676,C676
H3772,_
Q7002,Q700
O0952,_
G034,_
H0283,H028
V391,_
S5183,S518
I390,I390
I684,_
E816,_
C540,C540
S6812,S681
B184,_
X0974,_
A1162,_
P70,P709
Q763,Q763
H52,_
O23,O239
M6783,M6783
C191CI,C19
B690,B690
Q1202,Q120
D174,D174
Z9001,Z900
O8211,O821
C460,C460
T423,T423
Z925,Z925
S081,S081
Z1208,Z120
S0112,S011
L922,L922
S0121,S012
M1388,M1388
C957,C957
Z0143C,_
N311,N311
E122N083,_
Z01214,Z012
M8030,M8030
S881,S881
O30,O309
H922,H922
T209,_
D1801,D1801
0459,_
P044,P044
C855,_
N0823,N082
A799,A799
M6282,M6282
S6702,S670
H302,H302
M461,M461
G570,G570
B432,B432
A192,A192
E503,E503
K632C,_
A010J,_
M8443,M8443
V992,_
Y089,_
M5382,M5382
Q728,Q728
H802,H802
Z040,Z040
C19C1S,C19
H0280,H028
F011,F011
F300,F300
O6640,O664
S3630,S3630
Z8543,Z854
K3219,_
S642,S642
B350,B350
W3099,_
K461,K461
K391,_
Q82,Q829
B3741,B374
H011,H011
M8953,M8953
C4310,C431
G571,G571
N393,N393
M9262,M926
E768,E768
A510,A510
G902,G902
N911,N911
H3538,H353
C8589,_
M9570,_
M41,M419
D230,D230
C7632,C763
Z8941,Z8941
N92,_
A185,A185
Y0941,_
M1799,M179
X0204,_
X9981,_
J05,_
O431,O431
R208,R208
M2486,M2486
M6741,M6741
G052,G052
G9043,G904
C19P2,C19
O847,_
D017,D017
A050,A050
K278,_
V889,_
W3072,_
S919,S919
W999,_
S240,S240
A278,A278
Y911,_
D259M,_
S6022,S602
H523,H523
Y189,_
Z530,Z530
O381,_
O111,O11
J248,_
T2221,T222
D391Y1,_
N8322,N832
N8002,N800
E1035,E103
E16,E169
0922,_
I2141,I214
J630,J630
U0731,_
M623,M623
I104,I10
H3411,H341
O2630,O263
599,_
P073Z,_
R542,R54
O83O,_
S918,_
N1832,N183
M1032,M1032
S277,S277
M7799,M7799
M2324,M2324
W3458,_
G561,G561
S658,S658
P051Z,_
N370,N370
T9280,T928
M4882,M4882
X5998,_
L0230,L023
N891,N891
T14IWG4,_
A170GO1,_
Z208C,_
Z4732,_
M218M9,_
S708,S708
X370,_
U091,_
P05,P059
M765,M765
CR4689,_
M1094,M1094
F849,F849
11020,_
T536,T536
P913,P913
K074,K074
L0819,L081
Z983,_
N759,N759
Q279,Q279
W316,_
S231,S231
Z0999,Z099
Y08,_
H469,H46
C787C,_
C790C,_
O460,O460
Z2208,Z220
M2102,M2102
W4448,_
W1912,_
2301,_
M1916,M191
M6541,M654
Q112,Q112
D622,D62
T016,T016
W227,_
W226,_
M4114,M4114
Z1115,Z111
M4832,M4832
W1919,_
T0221,T0221
M7983,M7983
99,_
N76,_
N88,N889
L817,L817
Y543,_
M4659,M4659
P548,P548
G251,G251
H229,_
D3700,D370
A000,A000
L66,L669
N6090,N609
J4990,_
9600,_
J9085,J90
H3690,_
K5014,K501
M511DAGGER,_
J495,_
L85,L859
C19P4,C19
O0090,O009
N4331,N433
S032,S032
M4186,M4186
M1901,M1901
0739,_
892,_
E119I,_
V2248,_
2631,_
J442,J442
G328,G328
D093,D093
I758,_
W40,_
R75,R75
J31,_
H2790,H279
O664Z,_
Z396,_
S396,S396
L730,L730
S0020,S002
O512,_
E868,E86
U129,_
S672,_
S673,_
M50,M509
S7092,S709
Z9072,Z907
D635,_
J1189,J118
S6309,S6309
E089,_
T875,T875
D301,D301
O922,O922
R655,_
C100,C100
F711,F711
L0262,_
D564,D564
I401,I401
M4002,M4002
J4491,J449
T936,T936
D291Z4,_
I51,I519
R115,R11
N6489,N648
K5711,K571
M4135,M4135
Z8673,Z867
S6312,S631
I118,_
W740,_
J19,_
W1809,_
I209E,_
Q930,Q930
H6043,H604
W299,_
X5969,_
I531,_
W2390,_
T87,_
N269,N26
S7611,S761
U839,_
H6063,_
J0510,J051
Y9699,_
V8969,_
M2451,M2451
M8588,M8588
C023,C023
G520,G520
E1069,E106
0680,_
S2203,S220
D30,D309
M6744,M6744
S8620,S862
V20,_
T282,T282
T639,T639
A542,A542
M471G992,_
O121,O121
M1189,M1189
T466,T466
N047,N047
CI9T1,_
Z011I,_
O250,O25
O0,_
N989,N989
E7131,E713
D436,_
B29,_
K5099,K509
E85,E859
I05,I059
I06,I069
H2909,_
A391,A391
E351,E351
D166,D166
C722,C722
K722,_
G733,G733
T569,T569
M2920,_
Z634,Z634
W276,_
J042,J042
M2361,M2361
H1860,H186
O3393,O339
S6719,_
H1031,H103
V3269,_
O6014,O601
V53,_
Q459,Q459
G453,G453
M7997,M7997
M1257,M1257
D596,D596
R296,R296
Y522,_
F804,_
R351,R35
J18O2,_
T2112,T211
Z374O,_
E1021,E102
L5110,L511
N039N,_
J960I,_
M7132,M7132
876,_
W539,_
C461,C461
C471,C471
T711,T71
M8660,M8660
E459,E45
M6549,M6549
K5904,K590
M89,M899
T,_
H049,H049
T925,T925
T929,T929
X8399,_
C8290,C829
G514,G514
B888,B888
T490,T490
I551,_
P203,_
G753,_
N452,_
Z049,Z049
K291E,_
B373N,_
Q520,Q520
O0800,O080
H933,H933
W2199,_
M9350,_
H102,H102
011,_
T266,T266
S05,S059
B3320,B332
I29,_
J928,_
M6581,M6581
O815,O815
I990,I99
D1771,D177
S4203,S420
O2442,O244
M9760,_
B101,_
O172,_
H4211,_
C042,_
S3114,S311
Q257,Q257
M8390,M8390
B004,B004
M112,M112
M7907,M7907
0262,_
0991,_
C4010,C401
N932,_
I040,_
M2411,M2411
Q6231,Q623
Z94,Z949
M8150,M8150
H0430,H043
V486,_
X780,_
D236,D236
L9880,L988
U899,U899
V386,_
V011,_
H138,H138
R828,R828
M7299,M7299
T449,T449
B220,B220
Q518,Q518
M6291,M6291
0692,_
0998,_
Z303,Z303
L50,L509
H312,H312
S375,S375
N128,N12
D520,D520
T388,T388
C070,C07
N2899,N289
S6104,S610
S852,S852
S0231,S0231
J1821,J182
M9980,M9980
W8599,_
M6598,M6598
H2702,H270
S8881,_
K354,_
O6641,O664
Q890,Q890
M439,M439
N762,N762
0140,_
C1T1,_
B75,B75
N3001,N300
A0921,A09
W868,_
S013W,_
Z1150,Z115
J280,_
M0092,M0092
K702,K702
Y936,_
D513,D513
X989,_
V182,_
C118,C118
B768,B768
W8810,_
E019,_
Q978,Q978
H8113,H811
M6286,M6286
B06,B069
O9983,O998
Q5301,Q530
N6323,N63
I2859,_
Q714,Q714
O0394,O039
M35,M359
S8121,_
J936,_
S3603,S360
D036,D036
85,_
O826,_
Z0809,Z080
H1881,H188
M122,M122
H689,_
S329,_
I6322,I632
R868,R868
C369,_
N6341,N63
P253,P253
H1071,_
M6514,M6514
M8426,M8426
H1430,_
Z46,Z469
O6550,O655
342,_
Y0901,_
246,_
O452,_
Q1211,Q121
M9830,_
M1791,M179
S0219,S021
D014,D014
V2848,_
W579,_
F193,F193
S4242,S424
M7061,M706
A392,A392
0599,_
M8162,M8162
D000,D000
P122,P122
M8830,_
Z499,_
C944,C944
O948,O94
S667,S667
J455,_
X4898,_
P260,P260
B970,B970
J983,J983
H6261,_
L0100,L010
28,_
H531,H531
C05,C059
H088,_
M8411,M8411
K8033,K803
O952,O95
S0005,S000
M8088,M8088
A019,_
T245,T245
M5319,M5319
M1258,M1258
D289,D289
H101,H101
J0410,J041
Y418,_
O8022,_
C26,C269
C191PI,C19
E8492,E849
C19IT1,C19
Z578,Z578
Z331,Z33
J80Y9,J80
S6321,S632
M8892,M8892
Y842,_
R399,_
O613,_
J3420,J342
C4401,C440
M6189,_
M1227,M1227
W0102,_
C59,_
M5121,M512
M5456,M5456
O263,O263
M9082,M9082
B967,B967
Z9013,Z901
S870,S870
S8810,S881
M8968,M8968
I35,I359
C6292,C629
P03,P039
P233,P233
H062,H062
E119J,_
T8143,T814
O528,_
T9521,T952
D457,D45
S863,S863
I509E,_
M1049,M1049
R809,R80
N9089,N908
S740,S740
I239,_
0064,_
W1708,_
M93,M939
J1809,J180
K1220,K122
P016,P016
P501,P501
P781,P781
S511,S511
C778,C778
N39O,_
O8200,O820
H2010,H201
O20,O209
J186,_
G8192,G819
J049,_
R802,R80
S6152,_
S771,S771
M7028,M702
M6508,M6508
L909,L909
S376,S376
T19T1,_
M2416,M241
O3431,O343
H311,H311
C191,C19
C19I94,C19
D012,D012
I1190,I119
S8001,S800
V4299,_
C050,C050
N069,N069
Z3049,Z304
M4807,M4807
X5930,_
E832,E832
J920,J920
S9211,S9211
Q738,Q738
S3370,S337
Q5391,Q539
N098,_
H6011,H601
Q2730,Q273
0828,_
E469,E46
G444,G444
0779,_
O052,O052
M2326,M2326
O202,_
M1840,M184
N2090,N209
G369,G369
T321,T321
P729,P729
M4396,M4396
C19VIH,_
O040,O040
E419,E41
V230,_
H2539,_
M7712,M7712
H2801,H280
Z1891,_
Q062,Q062
E0520,E052
C5209,C52
M300,M300
M4115,M4115
H533,H533
0322,_
C9821,_
M2323,M2323
M6590,M6590
E1323,E132
L599,L599
M0115,M0115
R77,R779
3876,_
Z92,Z929
D6189,D618
J960R,_
R0982,R098
J0602,J060
T255L,_
D822,D822
W552,_
A243,A243
Y86,_
Q403,Q403
G003,G003
M321N0,_
R733,_
R799,R799
N896,N896
Z3902,Z390
N999,N999
J811,J81
H5211,H521
Z228,Z228
I6390,I639
J183,_
O3220,O322
O829Z0,_
S7250,_
T2103,T210
E092,_
I970,I970
G80,G809
J1583,J158
M9930,M9930
R112,R11
N080,N080
N150,N150
J184,_
C5339,_
W1322,_
M052,M052
M251,M251
G1220,G122
O8090,O809
W1302,_
P112,P112
W1900,_
Y2703,_
P109,P109
A109,_
R7303,R730
J1532,J153
N6322,N63
Q352,_
M711,M711
V48,_
W311,_
S3081,S308
S4090,S409
S1090,S109
L9181,L918
0831,_
Z824,Z824
J458,J458
Z944,Z944
M6780,M6780
L0301,L030
U702,_
A01,_
Z9612,Z961
Z3415,_
M8453,_
S2699,S269
M9803,_
G460,G460
Z181,_
K230,K230
A860,A86
Q2501,Q250
L873,_
V789,_
G7001,G700
Z4781,Z478
Q749,Q749
S6780,S678
W238,_
W180,_
S0590,S059
I1089,I10
O6989,O698
O4402,O440
M8080,M8080
R251,R251
V139,_
A401,A401
L013,_
Q285,_
C556,C55
E791,E791
H0208,H020
T199,T199
M274,_
365,_
C883,C883
Q733,_
S83,_
T020,T020
S3270,S3270
E648,E648
K714,K714
A839,A839
B213,B213
M767,M767
G434,_
Y95I1,_
C4430,C443
Z12,Z129
H212,H212
M434,M434
N403,N40
B649,B64
Y009,_
Y466,_
O342O,_
V339,_
A5990,A599
990,_
0211,_
S6199,S619
F04,F04
H0591,H059
M7711,M771
S8320,S832
N2811,N281
I8610,I861
N0391,N039
V809,_
S0192,S019
D044,D044
P749,P749
S893,_
G119,G119
S6092,S609
Q646,Q646
W0100,_
E340,E340
S6781,S678
R550,R55
S6862,_
J079,_
C927,C927
T239,_
D620,D62
T14AW54,_
S6080,S6080
T7960,T796
C4451,C445
H9042,H904
Z8681,_
N4232,N423
S9041,_
X45,_
O941,O94
Q396,Q396
S3108,S310
M0111,M0111
A1806,A180
J10,_
S2191,S219
S100,S100
R067,R067
W5009,_
W2509,_
V249,_
V436,_
P7883,P788
K4022,K402
T033,T033
1892,_
571,_
B120,_
X3399,_
Z4800,Z480
J185,_
V8399,_
G299,_
H1580,H158
Z410,Z410
E7800,E780
J1543,J154
W185,_
E114GJ90,_
R172,R17
S997,S997
S159,S159
O819,_
0814,_
E06,E069
N3199,N319
T2102,T210
S2120,S212
M9000,M9000
M20,_
K2597,K259
I640,I64
H183,H183
A52,A529
Q141,Q141
5652,_
L298,L298
D064,_
K055,K055
R458,R458
K8030,K803
8805,_
I8271,_
N668,_
D35,D359
E83,E839
S2550,S255
M8566,M8566
H1607,H160
R142,R14
A809,A809
1206PM,_
M639,_
T0240,T0240
C153,C153
L0250,_
L708,L708
I1109,I110
Y286,_
W17,_
K267,K267
V102,_
R2221,R222
V90,_
O2,_
W0462,_
P500,P500
M468,M468
D762,D762
M0645,M0645
I218,_
H2001,H200
C926,C926
D421,D421
N834,N834
1619,_
O223,O223
P653,_
Z408,Z408
H3442,_
B954,B954
0909,_
S10,S109
F150,F150
L081,L081
M088,M088
R7302,R730
P0703,P070
P540,P540
G24,G249
J204,J204
O803,_
D53,D539
H0502,H050
M668,_
D227,D227
S0636,S063
H100,H100
T119,T119
S2171,S217
M6512,M6512
N7689,N768
L0391,L039
K4041,K404
H2000,H200
G5600,G560
M6223,M6223
H263,H263
K504,_
L52,L52
H186,H186
S3095,S309
S0282,S028
S1220,S1220
J452,J452
M2349,M2349
M932,M932
M161,M161
H3000,H300
K8060,_
I1090,I10
S4247,S424
H022,H022
700,_
H3682,H368
T345,T345
D461,D461
9260,_
O4415,O441
H728,H728
F811,F811
O773,_
O885,_
5862,_
O0345,O034
S5236,S523
C6290,C629
Z0388,Z038
R274,_
H1581,H158
H4420,H442
K13,_
R194,R194
H908,H908
H918,H918
L0223,L022
K4190,K419
E1043,E104
M8407,M8407
A045,A045
O0091,O009
D638N0,_
H187,H187
N1999,N19
T8286,T828
H4690,H46
H5992,H599
M8760,_
Z3370,Z33
G9382,G938
O8O9,_
I80,I809
I6000,I600
D650,D65
0420,_
S4170,S417
K392,_
P616,P616
161,_
S862,S862
I233,I233
U071C19IP2,_
D337,D337
O353,O353
F313,F313
C7925,C792
W215,_
Z491C,_
M839,M839
J1801,J180
I2514,I251
J220,J22
A060E,_
M849,M849
M1792,M179
T8113,T811
T3111,T311
X234,_
O6013,O601
D703,D70
S8039,_
M6007,M6007
W1699,_
J1879,_
F951,F951
C051,C051
M242,M242
N0185,N018
H6091,H609
Q711,Q711
Z3703,Z370
N4311,N431
T740,T740
M7220,M7220
B150,B150
M6700,M670
M7041,M704
M6582,M6582
M6701,M670
T8481,T848
M0682,M0682
M7113,M7113
M1711,M171
D4012,D401
K8042,K804
N1825,N182
N470,N47
K331,_
N468,N46
B901,B901
L0312,L031
H5922,_
Y0951,_
W1844,_
H6630,H663
N993,N993
I6052,I605
W4462,_
M313,M313
S859,S859
E826,_
1209,_
0102,_
D2150,D215
D217,_
D019,D019
K765,K765
T060,T060
M7130,M7130
Q524,Q524
E729,E729
U071CI91P3,_
Q25,Q259
Z3009,Z300
T94,_
C1PIP3,_
Q243,Q243
J178,J178
C109T1,_
V8922,_
M4909,M4909
V9392,_
Q550,Q550
M8402,M8402
S789,S789
C486,_
S6622,S662
O3459,O345
W2662,_
M2188,M2188
M7040,M7040
L7321,L732
I4821,I48
H294,_
U822,_
U027,_
D1621,D162
H8109,H810
B399,B399
Z703,Z703
R500,_
D2101,D210
M2452,M2452
E701,E701
Z3005,Z300
9403,_
I1191,I119
Z893,Z893
H2156,H215
H1080,H108
W9399,_
B984,_
Z2088,Z208
O285,O285
O745,O745
M2346,M2346
B800,B80
O078,O078
3732,_
K9186,K918
Y350,_
C4421,C442
V214,_
M2461,M2461
0001,_
M2420,M2420
U1071,_
Q241,Q241
P102,P102
Q767,Q767
H909,_
K7461,K746
982,_
Q475,_
K3592,K359
S8310,S831
H1821,H182
M059,M059
O1400,O140
S3901,S390
L129,L129
H3305,H330
D1039,D1039
Y409,_
O212,O212
A022,A022
E531,E531
T700,T700
O882,O882
M341,M341
M7921,M7921
M4646,M4646
A417,_
R390,R390
H628,H628
W240,_
G8384,G838
H2682,H268
T317,T317
H544,H544
W5911,_
I391,I391
V100,_
T056,T056
D011,D011
D045,D045
I6343,I634
P068,_
S044,S044
R5381,R53
D73,D739
787,_
O143,_
E142NP83,_
M538,M538
F952,F952
Z39O,_
J15,J159
T739,T739
K249,_
T890,_
M1907,M1907
M8008,M8008
K682,_
Z482,_
M432,M432
I8421,I842
H2800,H280
J9691,J969
S5622,S562
R263,R263
Y019,_
H2629,H262
M774,M774
W69,_
H833,H833
V181,_
C178,C178
P622,_
O9,_
V8991,_
G4090,G409
O075,O075
P419,_
B978,B978
M2183,M2183
Z561,Z561
D838,D838
T2029,T202
M8421,M8421
T8461,T846
E462,E46
X5906,_
G069,_
R5710,R571
M481,M481
Q3790,Q379
H3022,H302
I299,_
M4301,M4301
M213,M213
O820P,_
H2102,H210
H1851,H185
U0701,_
H92,_
M9595,M959
N220,N220
Q6600,Q660
I4050,_
L304,L304
Q554,Q554
M0114,M0114
S64,S649
T568,T568
Z3870,Z387
W6009,_
H9381,H938
M3142,M314
Z238,Z238
S3022,S302
H301,H301
S136,S136
N083C,_
H6783,H678
H902,H902
490,_
K9822,_
E239,_
I862,I862
L402,L402
Y909,_
G4733,G473
Y428,_
I988,I988
O0039,_
S378,S378
D163,D163
X209,_
W1998,_
X5862,_
O831Z,_
M7056,M7056
O375,_
Y159,_
M624,M624
T2421,T242
M4696,M4696
V4394,_
L96,_
6B,_
D185,_
0A,_
6A,_
M5448,M5448
O280,O280
B012J171,_
Z969,Z969
S258,S258
M8110,M8110
S6661,S666
I7792,I779
O9809,O980
P090,_
D4951,_
S197,S197
Y25,_
N869,N86
D292,D292
M087,_
H538,H538
G449,_
R891,R891
G547,G547
E712,E712
G532,G532
T934,T934
H6642,H664
M236,M236
H6181,H618
X631,_
S9123,S912
O022,_
K553,_
S128,S128
Y534,_
S2206,S220
K646,_
L361,_
D1101,D110
D1401,D140
R2381,R238
H1810,H181
K3182,K318
K73,K739
L531,L531
E8359,E835
N4283,N428
H3130,H313
N18I5,_
Z1491,_
Z48,Z489
O6202,O620
J1833,_
M6529,M6529
M8064,_
M9580,M958
S344,S344
D39,D399
Q18,Q189
J096,J09
T2121,T212
V019,_
E1432,E143
L272,L272
H5002,H500
H3311,H331
K349,_
O879,O879
L220,L22
W059,_
K360,K36
S577,_
O90,O909
H940,H940
S691,_
M71,M719
Z947,Z947
W2680,_
K7031,K703
983,_
I071I3,_
S0091,S009
O716,O716
V2880,_
D4831,D483
O8208,O820
N043,N043
M7939,M7939
IMP00,_
P924,P924
A022J170,_
A370J170,_
E208,E208
99256,_
Y919,_
I670,I670
M072,M072
W10,_
248,_
09,_
47,_
K268,_
T1510,T151
M7255,M7255
P96,P969
Z629,Z629
S557,S557
W4492,_
P28,P289
F139,F139
028,_
L908,L908
M1046,M1046
Q058,Q058
M7011,M701
G917,_
M1880,_
K8080,K808
0731,_
A1621,A162
J3392,J339
M9700,_
Z4911,Z491
M6585,M6585
H413,_
H5502,H55
O043,O043
M8190,M8190
Z8631,Z863
C7821,C782
K23,_
H314,H314
M6003,M6003
1250,_
Q252,Q252
9096,_
M9230,M923
Y1099,_
M4636,M4636
J259,_
J84,J849
S4501,S450
S9332,S933
P1281,P128
A978,_
L0332,L033
N1850,N185
S34,_
T09,T099
D815,D815
C498,C498
G9347,G934
Y845,_
S0652,S065
A1884,A188
W76,_
I5032,_
M7014,M7014
M7669,M7669
J1280,J128
E1142,E114
P8381,P838
S4233,S423
S6612,S661
M3000,M300
B488,B488
R52,R529
C229D6,_
S9202,S920
C5011,C501
T939,T939
S597,S597
C880,C880
C7610,C761
3801,_
E895,E895
C70,C709
M77,M779
S0931,_
M6023,M6023
N942,N942
J142,J14
Y953,_
R538,R53
C795C,_
S1500,S150
S1520,S152
T988,_
V582,_
S8501,S850
W2298,_
K080,K080
B850,B850
Z3750,Z375
W8592,_
N733,N733
L0200,L020
W297,_
O3004,O300
I4510,I451
E730,E730
A671,A671
062,_
I22,I229
F400,F400
L0316,L031
E173,_
M2320,M2320
K71,K719
W531,_
M8772,_
M662,M662
M9273,M927
U073,_
H2089,H208
K87,_
A53,A539
D24M,D24
F481,F481
012,_
K5710,K571
S8913,_
T869,T869
H4732,H473
M6626,M6626
H0262,H026
E1139,E113
Q826,_
I101K,I10
T02,T029
M1702,M170
L0290,L029
W1362,_
M7131,M7131
O9800,O980
C889,C889
U0089,_
S4670,S467
E1459,E145
Y3489,_
Q999,Q999
S559,S559
S722O,_
Q142,Q142
M2410,M2410
Z871,Z871
1842,_
J960UO71,_
C004,C004
S532,S532
J1291,J129
J059,_
M84,M849
620,_
T319,T319
S592,_
210,_
H3519,H351
M8263,_
142,_
B966,B966
S6021,S602
S3010,S301
N89,N899
T8470,T847
P572,_
X380,_
O0691,O069
G601,G601
S8289,S828
Q765,Q765
M6210,M6210
I219N,_
G934E,_
S025,S025
T1712,T171
C4371,C437
T160,T16
Z516,Z516
V581,_
V888,_
V221,_
X591,_
K5721,K572
K5720,K572
A0939,A09
R5039,_
C75,C759
O8202,O820
G422,_
Z002,Z002
B2020,B202
O0349,O034
H1090,H109
W0149,_
Q684,Q684
S1193,S119
H2540,_
1509,_
C8512,C851
C754,C754
B241,B24
Q800,Q800
M9671,_
M2107,M2107
J1603,J160
C228,_
0233,_
M8811,_
G4093,G409
E850,E850
A494,_
T3695,T369
X470,_
A099E862,A09
C728,C728
C19IP30,C19
M4698,M4698
Z01215,Z012
C939,C939
J086,_
K680,_
T254,T254
S0085,S008
Y5999,_
D414UO71,_
P0810,P081
V681,_
T1592,T159
P138,P138
Y431,_
G22,G22
Q6990,Q699
M9103,M910
V650,_
T1892,T189
C307,_
H958,H958
M8022,M8022
M8490,M8490
G090,G09
X5991,_
D437,D437
M4628,M4628
W5399,_
Z877,Z877
R412,R412
B18,B189
W0699,_
S244,S244
N45,N459
N0390,N039
S4181,S418
A07,A079
S6601,S660
S6641,S664
D8890,_
X120,_
E769,E769
W2049,_
J921,_
Y349,_
B005,B005
H588,H588
E0490,E049
I8400,I840
S1509,S150
T116,T116
Q681,Q681
R879,R879
H3591,H359
A58,A58
Q627,Q627
R855,R855
M9870,_
Z655,Z655
I109UO71,I10
S9612,S961
A43,A439
W80,_
E0421,E042
Q1800,Q180
W249,_
1214,_
D57,_
W5400,_
M2501,M2501
Q6601,Q660
V0294,_
V499,_
H2603,H260
N143,N143
Z929,Z929
M8585,M8585
W1992,_
W2209,_
I13,I139
K923,_
H6509,H650
H0450,H045
H65,H659
H4041,H404
Z3520,Z352
5847,_
C832,C832
T3002,T300
T31,T319
S3430,S343
I827,_
H3122,H312
Q821,Q821
D600,D600
K217,_
O074,O074
M483,M483
A504,A504
F489,F489
H2810,H281
H9380,H938
W600,_
G43,G439
W307,_
W591,_
H1132,H113
W1988,_
O581,_
A540,A540
141,_
M276,_
H3342,H334
C795\6,_
N380,_
T289,T289
R079,_
R432,R432
H1403,_
R0600,R060
L0220,L022
K5791,K579
T5411,T541
Z3032,Z303
Y95N,_
T790,T790
M660,M660
D042,D042
31,_
M9542,M954
Z9559,Z955
E0930,_
J972,_
K836,K836
I231,I231
Z986,_
J861,_
I697,_
A249,_
S797,S797
W5521,_
R269,_
M8824,_
Z8961,Z8961
S638,_
Z332,Z33
M615,M615
Y445,_
I4308,I430
X6799,_
P820,_
S6070,S607
S8070,S807
W1929,_
O500,_
S342,S342
H0102,H010
G623,_
H6510,H651
Z401,_
T0581,T058
M6647,M6647
L271,L271
M7155,M7155
T1400,T140
T9231,T923
M7081,M7081
Q786,Q786
H132,H132
N590,_
L8911,L891
Q290,_
C577,C577
W03,_
N65,_
L7218,L721
L0881,L088
G9344,G934
G835,_
H4210,_
H3702,_
H1711,H171
D001,D001
M9101,M910
5541,_
D248,D24
M9826,_
Z071,_
C07M,C07
L92,L929
R780,R780
M8856,_
L622,_
M773,M773
J8100,J81
Y0048,_
V1499,_
S0193,S019
H42,_
C96,C969
M9911,M9911
O082,O082
N734,N734
F258,F258
F220,F220
Z0151C1,_
G374,G374
F729,F729
B953,B953
L978,L97
T8309,T830
S233XXA,_
I580,_
S6511,S651
S6471,S647
W2689,_
M487,_
J299,_
Q17,Q179
M4801,M4801
O3302,O330
V7975,_
D80,D809
K5101,K510
I360,I360
Z3708,Z370
89,_
G066,_
T2027,T202
Z724,Z724
V298,_
Y039,_
1517,_
H959,H959
X5099,_
M4790,M4790
S5192,S519
D730,D730
F149,F149
T443,T443
X513,_
Q140,Q140
I414,_
T261,T261
2491,_
K312,K312
Y593,_
M997,M997
M1071,_
E057,_
S8441,_
C131,C131
Y190,_
Q302,Q302
J0499,_
M4892,M4892
Z259,_
D532,D532
C00,C009
M6519,M6519
Q078,Q078
F00,F009
M672,M672
C239,C23
C562,C56
I8290,I829
S6680,S668
D314,D314
O695,O695
Q159,Q159
I2001,I200
N2891,N289
Q43,Q439
W211,_
Z2320,Z232
Z3802,Z380
46,_
044,_
042,_
Z631,Z631
W1784,_
O871,O871
I300,I300
Y57,_
H228,H228
O35,O359
W1800,_
Y290,_
V494,_
S8080,S8080
R020,R02
A416,_
W4969,_
X5963,_
S3802,S380
I1219,_
M6636,M6636
M764,M764
E381,_
L9302,L930
N105,N10
H4083,H408
Y923,_
B355,B355
N8001,N800
M9251,M925
S8340,S834
H462,H46
Z8001,Z800
W5031,_
W1479,_
W2309,_
I668,I668
A082,A082
G721,G721
M498,M498
M4302,M4302
ICD,_
CP01,_
CP02,_
W2908,_
N310,N310
A812,A812
A952,_
M941,M941
J85,_
W8779,_
K210TYPEA,_
O999,_
E009,E009
X4799,_
T280,T280
J193,_
861,_
I4248,I424
K3190,K319
T180XXA,_
F553,F553
J460,J46
D1100,D110
J670,J670
O9112,O911
H5034,H503
M7905,M7905
C4391,C439
M8543,M8543
C29T3,_
L110,L110
B2093,B209
T8579,T857
A1831,A183
J968,_
D490,_
N880,N880
S73,_
H0261,H026
A62,_
N1,_
T382,T382
Z239,_
T837,_
T0000,T000
T5090,T509
W0108,_
E149N,_
M8100,M8100
W318,_
Q517,Q517
Q77,Q779
I9611,_
I961,_
E861UO72,E86
K4020,K402
J4520,J452
Q13,Q139
N3591,N359
O8291,O829
I7062,_
Y95I,_
O0941,_
T216,T216
Z8585,Z858
H6054,H605
O985UO70,_
W790,_
T903,T903
M2547,M2547
D032,D032
Z010,Z010
S214,_
T8141,T814
H0292,H029
P839,P839
148,_
J609,J60
Z2080,Z208
T1471,T147
W3599,_
I259I,_
H6042,H604
M2325,M2325
Q862,Q862
C542,C542
O889,_
T743,T743
H3012,H301
M1250,M1250
T407,T407
M1093,M1093
Q051,Q051
Z3900,Z390
M357,M357
I284,_
I27,I279
E722,E722
S8622,S862
H4600,H46
B27,B279
S8192,S819
L123,L123
E1,_
M6224,M6224
X600,_
Z460,Z460
Z429,Z429
R011,R011
W011,_
K6482,_
S6035,_
F989,F989
Z89,Z899
C191T1,C19
I19,_
S304,_
X19T1,_
M647,_
L598,L598
Q514,Q514
W1804,_
W196,_
N169,_
M548,M548
T9230,T923
S274,S274
Z4191,Z419
H7202,H720
P811,_
D3160,D316
R96,_
H6020,H602
S6090,S609
W8603,_
D07,_
M6083,M6083
V282,_
I8312,I831
S490,_
T8150,T8150
063,_
T473,T473
H0521,H052
C10T3,_
H2513,H251
X5880,_
W0604,_
935,_
T80,T809
N490,N490
H3351,H335
R028,R02
59401,_
D558,D558
M6096,M6096
M995,M995
J940,J940
W2601,_
R9180,R91
H3310,H331
W2323,_
W1744,_
C8010,C80
I869,_
S8982,S898
S87,S879
M6784,M6784
J509,_
J064,_
Y100,_
M0800,M0800
C061,C061
U089RVS,_
S3094,S309
H2003,H200
C5093,C509
H1889,H188
M33,M339
Y4599,_
I1209,I120
362,_
G965,_
X996,_
E878UO72,_
F841,F841
S7113,S711
S5620,S562
0150,_
Z3449,_
E2,_
S3663,S366
E829,_
S572,_
R329,R32
L128,L128
D6182,D618
M464,M464
C88,C889
C777,_
B971,B971
L821,L82
S1210,S1210
O0961,_
M7106,M7106
D614,_
V576,_
1100,_
N8081,N808
N1351,N135
E634,_
S353,S353
T174,T174
K410,K410
Q373,Q373
M7052,M705
82,_
8\,_
2390,_
Z9858,_
239,_
0641,_
O689O8,_
C19T63,C19
N168,N168
1119,_
O749,O749
M2168,M216
M8986,M8986
M9982,M9982
C964,C964
D12,D129
Q383,Q383
M2132,M213
O2445,O244
B951,B951
600,_
S853,S853
M401,M401
P0715,P071
I129Z,_
W1773,_
X6699,_
Z529,Z529
1259,_
E0500,E050
S200,S200
S657,S657
K9130,K913
C5696,C56
U074,_
W540XXA,_
B053,B053
H671,H671
M8612,M8612
1240,_
O728,_
A818,A818
Q910,Q910
M8657,M8657
A0998,A099
66894,_
MPC01,_
W450,_
K170,_
E1551,E15
V5742,_
R598,_
D2261,D226
S374,S374
A119,_
Z307,_
B268,B268
Z3810,Z381
S9892,_
K8019,K801
C18T1,_
Y285,_
D287,D287
K000,K000
Z45,Z459
L443,L443
V232,_
V58,_
L011,L011
R292,R292
A0612,A061
V878,_
M0692,M0692
F1092,F109
T8700,T870
O946,O94
E1452,E145
H7710,_
H7711,_
C5080,C508
A240,A240
Y772,_
Y658,_
O148,_
N621,N62
I216,_
T826,T826
L7328,L732
K6359,K635
L7219,L721
C38,_
1192,_
D342,D34
G5621,G562
689,_
M8082,M8082
M2359,M2359
M235,M235
5690,_
E0525,E052
Q268,Q268
Z0380,Z038
G641,G64
O1399,O13
O0395,O039
L258,L258
F1020,F1020
W6073,_
S0040,S004
O8210,O821
655,_
W8762,_
S4590,S459
H05,H059
B330,B330
W5151,_
Z587,Z587
R5900,R590
B69,B699
V0219,_
Y209,_
O368Z3,_
M414,M414
Q038,Q038
S4021,_
S204,S204
M6244,M6244
X1599,_
M663,M663
B95,_
S1095,S109
I6931,I693
S4245,S424
M6085,M6085
Y491,_
S1200,S1200
J9421,J942
X5919,_
W1922,_
C529,C52
L921,L921
E163,E163
M4697,M4697
Z0156C1,_
M531,M531
I062,I062
T386,T386
Y538,_
S5301,S5301
M9392,M9392
Z041,Z041
T079,T07
410,_
S419,_
T0131,T013
G517,_
R760,R760
A941,A94
S958,S958
H6590,H659
G831,G831
E8711,E871
A262,_
S841,S841
Q650,Q650
Y99,_
S8892,S889
K467,_
S2035,S203
S5110,S511
I41,_
N18N,_
N779,_
1678,_
N260,N26
Z3Z0,_
T335,T335
Q05,Q059
C505,C505
T8460,T846
0190,_
H3381,_
P123,P123
O0069,_
K0530,K0530
W1323,_
R358,R35
K876,_
Z3470,_
Z3492,Z349
W5541,_
F628,F628
H192,H192
B42,B429
G14,G14
Q829,Q829
H4423,H442
Z1211,Z121
Q5110,Q511
E062,E062
S2201,S2201
W193,_
B879,B879
K032,K032
K246,_
D190,D190
S9224,S922
H7090,H709
Q751,Q751
H3412,H341
H5050,H505
K180,_
R971,_
I112,_
S123,_
M9090,_
M669,_
S3092,S309
J8193,J81
P0080,P008
A57,A57
I91,_
U2099,_
C5410,C541
C2590,C259
J628,J628
Y403,_
J9892,J989
I804,_
329,_
X490,_
B3784,B378
D357,D357
E1454,E145
M6295,M6295
Z01216,Z012
S046,S046
T225,T225
W1103,_
R291,R291
O1,_
L810,L810
Z3709,Z370
260,_
M7421,_
M4901,M4901
Q324,Q324
1859,_
I1010,I10
W5988,_
N33,_
W2343,_
R0981,R098
S741,S741
M843,M843
Z361,Z361
W5004,_
S6145,_
H2715,H271
T873,T873
Y828,_
K0401,K040
I250UO72,_
I109UO72,I10
T8570,T857
O39,_
F48,F489
P0737,P073
K274E,_
W3899,_
0848,_
S5254,S525
S0800,S080
Y531,_
H801,H801
L503,L503
R579UO71,_
I1611,_
631,_
K02,K029
F15,F159
M6153,M6153
J892,_
I113,_
E1490,E149
F19,F199
A601,A601
2700GRAMS,_
2500GRAMS,_
3400GRAMS,_
3000GRAMS,_
2800GRAMS,_
3500GRAMS,_
S941,S941
D353,D353
T17IW54,_
M7129,M7129
T0130,T013
Y9369,_
N77,_
O933,_
Y3999,_
B46,B469
W2382,_
Y544,_
M7798,M7798
C619,C61
T817,T817
O416,_
Z28,Z289
S9699,S969
X118,_
O1503,O150
Z0021,Z002
N6301,N63
M4639,M4639
S9330,S933
C4910,C491
X449,_
H2519,H251
P829,_
K802\,_
A63,_
K2910,K291
Z4912,Z491
L185,_
M9521,M952
C878,_
M9190,M9190
Z7880,_
S5080,S5080
L972,L97
J4592,J459
1110,_
M6522,M6522
T565,T565
S4235,S423
M7992,M7992
C312,C312
E1612,E161
4000GRAMS,_
D152,D152
829,_
100,_
J409,J40
M7268,M7268
M9486,M9486
I412,I412
W1492,_
I492,I492
W239,_
1420,_
S1280,S1280
I715,I715
D159,D159
C008,C008
L0219,L021
I821,I821
K2979,K297
M281,_
M865,M865
X9901,_
V11,_
0805,_
N8031,N803
U700,_
H2613,H261
Z8,_
Z324,_
0639,_
M7639,M7639
V8019,_
X5913,_
Z019,Z019
K959,_
K684,_
K408,_
O279,_
0243,_
Q782,Q782
1660,_
O0015,O001
665,_
O781,_
C103,C103
I1099,I10
H9391,H939
M2383,M2383
N01,N019
K136,K136
E064,E064
Z1812,_
K576,_
S3096,S309
S4992,S499
M999,M999
S9122,S912
B279,B279
R1115,R11
Q69,Q699
I5022,_
M3310,M331
L513,_
Q393,Q393
P0701,P070
X9555,_
N929,_
0821O,_
Q,_
Z9911,Z991
O643,O643
M4714,M4714
I16,_
S542,S542
K2990,K299
M1126,M1126
K5289,K528
T635,T635
NS01,_
E848,E848
A360,A360
J109,_
J1552,J155
K538,_
V8923,_
H2110,H211
A5902,A590
E07,E079
K903,K903
C450,C450
M6229,M6229
Y575,_
Y3369,_
V431,_
O00I,_
M7269,M7269
V3499,_
V0399,_
T098,T098
T500,T500
H621,H621
A64,A64
W8709,_
M7590,M759
Z970,Z970
N42,N429
2280,_
Z281,Z281
Q044,Q044
K6383,K638
K2950,K295
L0243,L024
K506,_
M2202,M220
P770,P77
K8045,K804
O2671,O267
P552,_
Z080,Z080
Q133,Q133
L9752,L97
G1221,G122
P042,P042
T9331,T933
O2449,O2449
I877,_
K8035,K803
G708,G708
D030,D030
Q413,_
Z008,Z008
H0282,H028
V493,_
A890,A89
M0600,M0600
L448,L448
N8380,N838
M5136,M513
N330,N330
J8481,J848
W53,_
R634,R634
C6790,C679
Y119,_
M7267,M7267
C19LP4,C19
O721UO72,_
E84,E849
A1622,A162
K431,K431
S0142,S014
5848,_
G474,G474
W0330,_
V2659,_
V2709,_
B36,B369
J4541,_
5219,_
M6028,M6028
H406,H406
X63,_
N09,_
W1852,_
N906,N906
I0714,I071
Q648,Q648
Y247,_
M9699,M969
N2900,N290
D4690,D469
T092,T092
O4202,O420
0020,_
0100,_
C18T3,_
N9599,N959
S9031,S903
S40,S409
M8321,M8321
M6089,M6089
V1899,_
C7601,C760
U502,_
Q768,Q768
R1903,R190
S9981,S998
K5520,K552
5814,_
O8O0,_
N8309,N830
O70O,_
I675,I675
R938,R938
D098,_
M5140,M514
K728,_
B1810,B1810
Z509,Z509
M8409,M8409
Z0052,Z005
Z01217,Z012
A699,A699
T363,T363
C19T21,C19
N9086,N908
W560,_
A910,A910
P2411,P241
W1762,_
I462,_
H331,H331
E1335,E133
59,_
H4461,H446
T2201,T220
N1805,N180
S1270,S1270
N149,_
A669,A669
O390,_
D031,D031
1849,_
N1791,N179
J13,J13
P5929,P592
M2504,M2504
5069,_
Y928,_
M2457,M2457
Z038S,_
K870,K870
Z465,Z465
W1949,_
H3422,H342
H4092,H409
M7959,M7959
C730,C73
W2499,_
U071COVIDCONFIRMED,_
P259,_
M2393,M2393
H0202,H020
W0113,_
R929,R92
Z025,Z025
R189,R18
V1990,_
M8630,M8630
O8244,_
M6243,M6243
M6245,M6245
M9704,_
K2921,K292
R920,R92
Z0358,Z035
C6101,C61
M9181,M918
N3905,N390
5655,_
C19IP,C19
5470,_
J9420,J942
R686,_
M9062,M9062
S6237,S623
W39,_
S033,S033
B0790,B07
Q238,Q238
I235,I235
P2930,P293
I1052,I10
M413,M413
A912,A91
S703,_
J1242,_
I972,I972
T953,T953
M7916,M7916
W8601,_
L411,L411
0832,_
H518,H518
J480,_
M8,_
G550,G550
Q3691,Q369
H1612,H161
S7621,S762
W298,_
O8098,O809
K3520,K352
T90,T909
M8861,_
T952,T952
J1212,J121
O8096,O809
A281,A281
I867,_
S5630,S563
H6182,H618
L851,L851
X5799,_
W452,_
I1120,_
Y576,_
M9360,_
S4341,S434
W270,_
K828D,_
M1903,M1903
H6059,H605
S0021,S002
R768,R768
G832,G832
J3889,_
R1011,R101
Z79,_
W111,_
S7122,_
S7112,S711
X849,_
Z3044,Z304
5091,_
N338,N338
T805,T805
8150,_
D209,_
L811,L811
Q21,Q219
I7762,I776
K3595,K359
470,_
690,_
B87,B879
H458,H458
Z244,Z244
B298,_
N620,N62
2138,_
O771,_
H0200,H020
L9730,L97
Q697,_
R460,R460
T818J,_
C659,C65
0368,_
M6742,M6742
O402,O40
M8750,_
M6597,M6597
Y556,_
E192,_
E0781,E078
O9811,O981
I116,_
Q299,_
U07I,_
H6112,H611
M2444,M2444
S3133,S313
D518,D518
O283,O283
A429,A429
S8342,S834
1348,_
5511,_
I4820,I48
H69,H699
Z823,Z823
S6328,S632
Z8942,Z8942
J331,J331
K849,_
Q421,Q421
D43,D439
S0615,S061
J1290,J129
M794,M794
D77,D77
N083I1,_
C814,C814
C812,C812
D359,D359
V958,_
V959,_
Q773,Q773
O3333,O333
L0103,L010
E0492,E049
C9500,C950
B988,_
U200,_
O966,O96
G4700,G470
O6000,O600
L501,L501
Z125,Z125
J3302,J330
A804,A804
F509,F509
M8799,M8799
K865,_
Y109,_
T0251,T0251
V684,_
C328,C328
E0409,E040
D090,D090
S5213,S521
H054,H054
Y980,_
I6989,I698
H0211,H021
O171,_
K932,_
D043,D043
290,_
W7488,_
K297UO72,_
J439UO72,_
S0029,S002
S9119,S911
W3189,_
C678,C678
I8240,_
R7309,R730
S4213,S421
K021,K021
H1040,H104
T139,T139
I1499,_
J1828,J182
C543,C543
C7920,C792
Q163,Q163
M2428,M2428
T047,T047
F480,F480
D2361,D236
D3304,D330
M7521,M752
M7502,M750
M7990,M7990
I8720,I872
M270,_
T822,T822
T8183,T818
H3607,H360
J3410,J341
V326,_
M830,M830
M0694,M0694
T381,T381
31500,_
I745,I745
A09E860,A09
F700,F700
Z0164,Z016
Z0162,Z016
FP0001,_
Q525,Q525
S130,S130
I453,I453
X6509,_
J48,_
V223,_
R63,_
M249,M249
C24,C249
G462,G462
T8454,T845
S58,S589
021,_
N36,N369
J4892,_
792,_
K8051,K805
A649,A64
P0718,P071
G9520,G952
M8011,M8011
W5573,_
O687,_
C4911,C491
S6692,S669
C1I9IP3,_
C434,C434
X4671,_
R159,R15
N1893,N189
M8786,M8786
S803,_
S9235,S923
V119,_
Y9269,_
L290,L290
S6671,S667
I5,_
I109ASCVDCAPMR,I10
J1,_
M8852,_
I8420,I842
R896,R896
I90,_
Z491N,_
S6210,S6210
M5312,M5312
Q935,Q935
R861,R861
E8611,E86
M601,M601
M1467,M146
V202,_
S3130,S313
E432,E43
P926,_
J1459,J14
C6990,C699
C91T3,_
C4330,C433
M852,M852
M3320,M332
L955,_
D821,D821
R063,R063
C150,C150
T427,T427
Z01218,Z012
Z01219,Z012
E703,E703
Q754,Q754
Q934,Q934
D161,D161
E21,_
C7230,C723
D002,D002
O31,_
L7215,L721
M7259,M7259
G649,G64
J3395,J339
212,_
E800,E800
C4400,C440
C7650,C765
D4863,D486
E0422,E042
M6264,M6264
I2720,I272
A046,A046
O248,_
F142,F142
R061,R061
I1201,I120
M8569,M8569
Y608,_
Q6691,Q669
M621,M621
V8990,_
M8893,M8893
M3854,_
S0185,S018
M6520,M6520
M267,_
F1002,F1002
X987,_
V222,_
C5061,C506
M6527,M6527
N588,_
B3881,B388
R731,R731
C191T,C19
O579,_
O930,_
D646,_
R5600,R560
J0130,J013
Q998,Q998
I1O9,_
V470,_
T6002,T600
C19IPI,C19
K671,K671
O251,O25
S319,_
V719,_
C4461,C446
M811,M811
B5489,B54
I230,I230
M273,_
H20,H209
C8310,C831
M7967,M7967
H0212,H021
V336,_
K80O,_
C5309,C530
B338,B338
O969,O969
D3100,D310
T359,_
163,_
Z9838,_
H1861,H186
Z2463,Z246
O,_
C940,C940
O9843,O984
J118I411,_
M2507,M2507
M4309,M4309
000000,_
Q894,Q894
M3212,M321
A449,A449
I6200,I620
K5801,K580
M6262,M6262
R7989,R798
V3399,_
S463,S463
B4,_
P222,_
M1020,M1020
J0110,J011
S2101,S210
V9292,_
V0310,_
N6020,N602
N6452,N645
J210,J210
I4590,I459
D6832,D683
L8912,L891
S5039,_
F1012,F101
Z915,Z915
Z628,Z628
M6026,M6026
V2449,_
Z5999,Z599
S243,S243
Z9715,Z971
Y00,_
G4701,G470
W2198,_
U0,_
S1221,S1221
C8199,C819
H938X2,_
S9171,S917
M6711,M6711
M7002,M700
M7001,M700
M7005,M700
R821,R821
V185,_
K3590,K359
O9340,_
N0830,N083
740,_
P0732,P073
O9942,O994
R090V,_
366,_
K005,K005
Z370C,_
0714,_
B5892,B589
D7289,D728
N7091,N709
O6064,_
T158,T158
X1301,_
Y584,_
B653,B653
E789E7,_
P851,_
W3449,_
O073,O073
K022,K022
Z3A1,_
H1053,H105
H831,H831
S158,S158
981,_
K026,_
K065,_
K2592,K259
J3821,J382
H539,H539
W3192,_
M0731,M0731
L108,L108
I734,_
K706,_
B591,B59
H5012,H501
Z873,Z873
L122,L122
I452,I452
H7009,H700
4279,_
W0209,_
W0709,_
K291K,_
I689,_
M7958,M7958
Z984,_
V193,_
L709,L709
Z204,Z204
Y059,_
T7981,T798
D59,D599
Z528,Z528
E612,E612
D512,D512
D1600,D160
H352E1,_
F620,F620
M7519,M751
N02,N029
0993,_
H3569,H356
E551,_
O004,_
K912,K912
P268,P268
M9362,_
L211,L211
Z2322,Z232
Z0101,Z010
C8513,C851
H474,H474
Q661,Q661
B439,B439
B452,B452
C843,C843
Z319,Z319
P031\,_
B8300,B830
P3712,P371
I571,_
T1490,T149
M2660,_
Y465,_
I683,_
3532,_
E8878,_
A36,A369
D039,D039
D633,_
J9391,J939
F1013,F101
1120,_
B00,B009
T971,T97
C61M8,C61
E1192,E119
S5081,S5081
H32,_
J225,J22
D700,D70
K2534,K253
R140,R14
L590,L590
M8240,_
S1015,S101
O945,O94
W291,_
W070,_
L818,L818
Z2002,Z200
Y962,_
S6681,S668
S2099,_
S7172,S717
D264,_
L9800,L980
H4410,H441
Z999,Z999
C9T3,_
T323,T323
N974,N974
H1940,_
R0401,R040
N9791,N979
I791,I791
M9480,M9480
Z2370,Z237
Z108,Z108
M619,M619
M121,M121
T411,T411
C6950,C695
K97,_
V4899,_
M6720,M6720
Z3A3,_
R0992,_
O9902,O990
1499,_
D62Z3,D62
Y388,_
I2111,I211
X0099,_
H5880,H588
J4550,_
H1501,H150
M7956,M7956
W0730,_
Z749,Z749
I6184,I618
M8646,M8646
O412,_
J1981,_
Z87,_
S391,_
O8230,_
038,_
O2491,O249
S162,S16
1891,_
L9792,L97
B24UO71,B24
B068J171,_
K900,K900
M7911,M7911
M460,M460
MCP,_
T479,T479
Q129,Q129
R7390,R739
010,_
I244,_
S7101,S710
M9812,_
M9015,M9015
E75,_
Z4881,Z488
F078,F078
J41,_
Q712,Q712
M0642,M0642
M0646,M0646
M0647,M0647
D3972,D397
T109,T10
M9756,_
C68,C689
R2295,R229
P2401,P240
M6640,M6640
W57,_
K678,K678
O0034,_
Z1380,Z138
S4510,S451
Q122,Q122
S9093,S909
J1832,_
R262,R262
D2271,D227
Q939,Q939
Q121,Q121
E1199,E119
C022,C022
S543,S543
Q6681,Q668
W4909,_
0336,_
0350,_
L8962,L89
P0723,P072
P0821,P082
D278,D27
I2480,I248
C651,C65
E098,_
R0209,R02
G452,G452
I2609,I260
D6859,D685
F049,F04
H924,_
W289,_
S6431,S643
N805,N805
K90,K909
D807,D807
V483,_
M2157,M2157
E762,E762
K060,K060
T2321,T232
Z4581,Z458
K2574,K257
Z723,Z723
T1620,T16
D2410,D24
S7011,S701
M8231,_
Z971,Z971
B343,B343
Y0809,_
C856,_
Z833,Z833
H265,_
M5127,M512
A0109,A010
D472,D472
S5235,S523
W1940,_
H9220,H922
S942,S942
L8910,L891
S0262,S026
I7145,I714
P961,P961
C418,C418
B80,B80
Z9891,_
H4881,H488
P836,P836
P0716,P071
Q671,Q671
J143,J14
M5322,M5322
P940,P940
B202,B202
N50,N509
C8440,C8440
H0191,H019
Z126,Z126
N860,N86
W0190,_
H281,H281
H6632,H663
N3010,N301
J1218,J121
K799,_
O6880,O688
D51,D519
P074,_
F919,F919
M6228,M6228
E350,E350
R531,R53
Z397,_
E6189,E618
0139,_
N6480,N648
I1101,I110
H2126,H212
S0119,S011
D810,D810
Q134,Q134
N278,_
E876E,_
O399,_
H4761,H476
W1703,_
V2049,_
T60,T609
M8813,_
H131,H131
S866,_
D0592,D059
W257,_
W890,_
S209,_
M703,M703
E045,_
T120,T120
W1801,_
Q868,Q868
W2340,_
B780,B780
W089,_
N4541,_
J9581,J958
C7640,C764
S0602,S060
M867,_
C8350,C835
C101,C101
A39,A399
A1850,A185
H3592,H359
E27,E279
M1807,M180
J809,J80
H1591,H159
0283,_
W931,_
B465,B465
B392,B392
S6047,_
E01,_
M7120,M7120
V845,_
Z0151A2,_
A2,_
O024,_
M7139,M7139
L30,L309
N099,_
W099,_
S6044,_
Y8699,_
S4570,S457
H5981,H598
N249,_
I322,_
E7850,E785
N185I,_
K814,_
N6,_
F9331,F933
F9130,F913
V580,_
M9880,_
Z2682,Z268
E240,E240
A939,_
R7401,R740
W35,_
R05A4,R05
D047,D047
V7999,_
S6860,_
B822,_
O161,O16
Z330,Z33
L210,L210
C566,C56
B3706,B3706
B873,B873
M13,M139
E380,_
5030,_
5788,_
M081,M081
78B,_
W2704,_
Z4701,Z470
K99,_
Z1381,Z138
I425,I425
T227,T227
C573,C573
P26,P269
O7500,O750
14,_
G378,G378
M718,M718
H2550,_
S6802,S680
O869,_
M2333,M2333
S589,S589
S7239,S723
1P,_
M030,M030
L973,L97
D322,_
0471,_
W431,_
R573,_
N173,_
O697,_
C9210,C921
K3551,_
L145,L14
M4359,M4359
S480,S480
Y24,_
M25,M259
N072,N072
0152,_
R688Y,_
M9705,_
W080,_
S4000,S400
S6290,_
S9992,S999
B9789,B978
C7671,C767
W408,_
M6564,_
M0110,M0110
C19TE,C19
X379,_
J9548,J954
C8000,C800
1390,_
M1252,M1252
M633,M633
B861,B86
E886,_
M9837,_
A4109,A410
S8239,S823
9C,_
0021,_
O761,_
V4799,_
C849,C849
R070,R070
R431,R431
R752,R75
B394,B394
U071C19IP3,_
CR4698,_
M5491,M5491
T478,T478
M4808,M4808
S6840,S684
T3830,T383
C151,C151
C8582,_
O055,O055
C219T2,_
M9765,_
O49,_
I8262,_
P2911,P291
W3239,_
N6010,N601
N6302,N63
T935,T935
S749,S749
S8071,S807
O383,_
P041,P041
0603,_
D500K,_
J2893,_
C3000,C300
H3272,_
H027,H027
A1830,A183
M8104,M8104
M9981,M9981
B020,B020
Y563,_
Y524,_
E076,_
A371,A371
N239,N23
S8087,S808
C194,C19
H9200,H920
68,_
Z0338,Z033
O372,_
R6250,_
0009,_
2B,_
V0920,_
O410O,_
C7996,C799
Y296,_
M6024,M6024
S33,_
H7191,H71
Z3030,Z303
F299,F29
Y098,_
A4151,A415
S88,S889
M2122,M2122
J1213,J121
C129T1,C12
O1410,O141
G218,G218
N293,_
P202,_
W608,_
S9611,S961
P578,P578
L9182,L918
D1400,D140
D0001,D000
C7980,C798
H0220,H022
I1196,I119
M40,_
G942,G942
T7119,T71
S616,_
V2749,_
M6509,M6509
L0293,L029
D254,_
C119T1,_
M1911,M1911
J842,_
Z542,Z542
M4194,M4194
P192,_
J95,J959
M8081,M8081
M167,M167
M1389,M1389
D3102,D310
J411,J411
H2549,_
X781,_
V94,_
S0188,S018
N1392,N139
E259,E259
H3180,H318
D417,D417
A14,_
M0107,M0107
R602,_
M4686,M4686
I431,I431
I45,I459
K2572,K257
C4370,C437
X469,_
H2950,_
J1233,J123
H1870,H187
S3780,S3780
Y0509,_
W2240,_
W2203,_
D416,_
D1030,D1030
T618,T618
O741,O741
S3470,_
71,_
H0253,H025
H1113,H111
L291,L291
R801,R80
H4411,H441
H8092,H809
M7652,M765
K45,_
H4440,H444
H2081,H208
M572,_
H1841,H184
M6242,M6242
D3810,D381
H2021,H202
G002,G002
Z03P,_
R43,_
C09,C099
E1352,E135
C5060,C506
0659,_
U0717,_
S5660,_
Z0120,Z012
C5005,C500
M5465,M5465
C03,C039
M8623,M8623
0341,_
M8161,M8161
N518,N518
M5090,M509
Q75,Q759
Q759,Q759
K0520,K0520
1341,_
E168,E168
M6589,M6589
N0309,N030
D2201,D220
T8253,T825
0B,_
S8110,S811
T2120,T212
T8349,T834
N6331,N63
N085Z4,_
B083,B083
M8211,M8211
S9049,_
F413,F413
M2301,M2301
Y803,_
X589,_
S8691,S869
M6250,M6250
T281,T281
Y554,_
C346,_
E726,_
G9391,G939
T2101,T210
Z3028,Z302
C68X,_
I180,_
C6280,_
189,_
V2912,_
M9320,M9320
S4225,S422
H3506,H350
M392,_
V194,_
D3900,D390
T9221,T922
0029,_
5795,_
S8252,S825
R350,R35
H6131,H613
Q1721,Q172
Z581,Z581
X0901,_
Q261,Q261
T524,T524
C19T3\,C19
E200,E200
M162,M162
N4830,N483
Z72,Z729
H4460,H446
T8531,T853
B289,_
O0940,_
N8022,N802
B168,_
V196,_
S8222,S822
S3161,_
R1009,R100
T879,_
T2423,T242
E4311,E43
S8010,S801
I735,_
I1893,_
R704,_
Q721,Q721
O6390,O639
N9390,N939
V205,_
J473,J47
Z6490,_
K901,K901
M9535,M953
Z164,_
X5949,_
B08,_
B849,_
S099XA,_
M2661,_
I246,_
M5610,_
T150XXA,_
B9727,B972
D663,D66
O4200,O420
C081,C081
G5620,G562
N8895,N889
I1I9,_
H053,H053
23,_
5496,_
W1019,_
S9980,S998
C4000,C400
O4450,_
W4003,_
F920,F920
S2124,S212
S3320,S332
S0638,S063
P01,P019
D023,D023
W1008,_
G6459,G64
K459,_
2511,_
M5406,M5406
CI91P1,_
J952,J952
Q060,Q060
E1222,E122
S684,S684
E1082,E108
Z3A0,_
V269,_
K030,K030
C4950,C495
M6088,M6088
S2569,_
I157,_
S7115,S711
M7138,M7138
W069,_
N408,N40
R932,R932
I6091,I609
T38,T389
W1903,_
J3040,J304
W0899,_
Q727,Q727
S0035,S003
Y93,_
P380,P38
O844,_
K79,_
M195,_
F302,F302
M2101,M2101
K0826,K082
Y833,_
R179,R179
W4589,_
N828,N828
D608,D608
M8814,_
E55,E559
0996,_
S6861,_
Q558,Q558
Z514,Z514
N6080,N608
D2391,D239
M228,M228
C3410,C341
H5940,_
T86,T869
I760,_
L74,L749
N101,N10
R56O,_
N185E,_
R870,R870
W21,_
Y3408,_
A561,A561
Y3488,_
Q1412,Q141
E081,_
B748,B748
E244,E244
E0659,E065
20,_
P917,_
X509,_
T476,T476
Q281,Q281
M4322,M4322
L251,L251
L705,L705
L9750,L97
D0362,D036
L8942,L89
J355,_
M8670,_
F129,F129
W5495,_
A350,A35
2371,_
N1890,N189
W,_
X0888,_
B230,B230
Y307,_
R700,R700
J441I,_
P1340,P134
Y536,_
O897,_
I685,_
M3213,M321
M9293,M929
T1012,T101
S8000,S800
C1PIP1,_
T889,T889
S6420,S642
Y533,_
D3612,D361
K6101,K610
E416,E41
H4682,H46
C16T3,_
L94,L949
5683,_
M9722,_
U0721,_
D0002,D000
S201,S201
N720,N72
A0901,A090
W378,_
P615,P615
Z31,Z319
S7119,S711
H2712,H271
S0540,S054
M2169,M2169
M88,M889
T2000,T200
T2203,T220
S3102,S310
Z3981,_
E1062,E106
H1130,H113
2800GARMS,_
3600GRAMS,_
3050GRAMS,_
O931,_
N185I1,_
V0999,_
V8992,_
W850,_
W1939,_
T366,T366
W899,_
X349,_
V481,_
M8901,M8901
V869,_
T6031,T603
D315,D315
I662,I662
S951,S951
H345,_
D701,D70
Q260,Q260
Z272,Z272
Z0328,Z032
M8798,M8798
V823,_
F206,F206
T215,T215
A380,A38
0800A0,_
F1023,F1023
W5522,_
X08,_
R824,R824
J3810,J381
E509,E509
N174,_
K2748,K274
O820O,_
618,_
S6057,_
K758N,_
X8999,_
N766,N766
Z8789,Z878
D47,D479
90\935,_
C299,_
G4P3,_
0842,_
Q526,Q526
R111,R11
M020,M020
M452,M452
E1160,E116
H3222,_
O0000,O000
T2401,T240
G4730,G473
O0929,_
T183,T183
V24,_
J4521,J452
K382,K382
S5780,S578
R2233,R223
K8046,K804
S7114,S711
T374,T374
N208,_
M8473,_
L530,L530
N1790,N179
A4190,A419
U092,_
K297JO69,_
E090,_
W3799,_
V820,_
W256,_
O501,_
M9882,_
C952,C952
C1910,C19
M8641,M8641
C9590,C959
J199,_
Z571,Z571
E751,E751
K002,K002
V111,_
H520,H520
O08,O089
93,_
M918,M918
S91391,S913
Y458,_
M1289,M1289
CI91P3,_
Z0143B,_
Z0153A1,_
A250,A250
0344,_
H5980,H598
H2596,H259
J371,J371
Z9,_
L8980,L89
U0719,_
N99,N999
M7902,M7902
V898,_
T9160,_
E990,_
X0203,_
V574,_
Q342,_
X00,_
A24,_
S453,S453
C548,C548
T511,T511
E560,E560
T2004,T200
R0603,R060
S3709,S370
T3047,T304
R611,R611
S7209,S720
S0440,S044
O640XX0,_
O3201,O320
O820Z3,_
N469,N46
T926,T926
T7542,T754
H1680,H168
O8021,_
O086,O086
X04,_
K3521,K352
S549,S549
M4803,M4803
E8751,E875
Z939,Z939
Z19T1,_
E1424,E142
H0180,H018
I512,I512
P0725,P072
S9343,S934
A038,A038
M265,_
R1904,R190
0101,_
W3181,_
D811,D811
Z0383,Z038
I88,I889
H2593,H259
P0733,P073
Z015B,_
Z0153,Z015
O63O,_
D041,D041
D4101,D410
B583J173,_
59505,_
M6513,M6513
B583,B583
M500DAGGER,_
E6695,E669
O633,_
H256,_
K479,_
H0580,H058
Q530,Q530
N2880,N288
N1190,N119
K379,K37
Q64,Q649
M6735,M6735
T064,T064
W2008,_
Z357,Z357
L958,L958
O1490,O149
0151,_
S6093,S609
P169,_
S6041,_
J1294,J129
T8153,T815
R071,R071
1887,_
O110,O11
H4052,H405
R7919,_
A95,A959
N18O,_
Q6102,Q610
H5345,H534
K881,_
S6040,_
Z37P,_
M0100,M0100
N6001,N600
R258,R258
A507,A507
B678,B678
S6821,S682
Y301,_
F132,F132
S5651,S565
T2900,T290
V4200,_
A419J,_
A170G,_
D038,D038
R931,R931
S6815,S681
H5782,H578
W2702,_
L0320,L032
C1GIP1,_
E430,E43
T9411,T941
U0171,_
T8210,T821
R196,R196
C842,C842
Q823,Q823
T2422,T242
C5391,C539
B212,B212
S2601,S2601
N1858,N185
M8804,M880
F137,F137
I984,_
E215,E215
I6100,I610
M1929,M1929
Z3790,Z379
O752,O752
K670,K670
W8542,_
T297,T297
W4930,_
G4000,G400
V8393,_
R513,R51
M4304,M4304
M5444,M544
33585,_
E58,E58
M4856,M4856
O740,O740
E1426,E142
D5099,D509
T723,_
C256,_
S7233,S723
T248,_
V5399,_
H6021,H602
N198,N19
C8356,C835
A213,A213
C4002,C400
B76,B769
Z4940,_
Q537,_
C7A,_
X5979,_
L9891,L989
V389,_
630,_
M6501,M6501
M7122,M712
O361XX0,_
O0943,_
H3141,H314
D60,D609
Q840,Q840
R209,_
E26,E269
K11,K119
T0250,T0250
B3700,B3700
J9810,J981
0682,_
X9904,_
S9812,S981
W1472,_
O339Z3,_
O0620,O062
D076,D076
H1162,_
M5106,M510
S7089,S708
R761,R761
S436,S436
Z005,Z005
S844,_
1959,_
B9781,B978
R349,R34
O788,_
S905,_
S7502,S750
Z637,Z637
H3309,H330
W2598,_
Z7983,_
G648,G64
Z8571,Z857
P381,P38
S0103,S010
B0821,B082
O631O,_
Z760,Z760
Y498,_
T419,_
V201,_
W306,_
A146,_
S0930,_
M1306,M1306
H702,H702
T561,T561
S448,S448
U071\2,_
P1319,P131
C8400,C840
N868,N86
O3680,O368
4687,_
M7104,M7104
O9101,O910
M214,M214
Z8503,Z850
8089,_
O8206,O820
T320,T320
B15,B159
M8076,_
C725,C725
N3289,N328
F422,F422
S1892,S18
K1161,K1161
D3760,D376
R0400,R040
N388,_
N282,_
F170,F170
9B,_
1S,_
U0702,_
F0280,F0280
I274,_
M4804,M4804
W187,_
M8130,M8130
M9581,M958
Y832,_
O80L0,_
Z366,_
J919,J91
3A,_
I94,_
S1293,S129
D0591,D059
P821,_
O3652,O365
992,_
235,_
E858,E858
Z0121,Z012
H4033,H403
C752,C752
J1591,J159
N179E,_
S813,_
F709,F709
K655,_
F842,F842
4900,_
A318,A318
T529,T529
M2579,M2579
S3163,_
S3241,S3241
M9862,_
K09,K099
X6097,_
Q208,Q208
Q301,Q301
M090,M090
N3281,N328
S9084,S908
S4500,S450
I269J,_
D934,_
M9841,_
M2109,M2109
Q1811,Q181
O94,O94
Q288,Q288
Z2028,Z202
V288,_
S9691,S969
N187,_
793,_
Q820,Q820
Z131,Z131
I826,_
W28,_
N4342,N434
Q1320,Q132
L520,L52
M6191,M6191
N1898,N189
I688,I688
A80,A809
M362,M362
I1509,I150
B3490,B349
P8352,P835
Q205,Q205
P9623,P962
I500E,_
Y955,_
W85,_
Z4501,Z450
P0381,P038
Z9079,Z907
G8250,G825
O4411,O441
W4509,_
C474,C474
W1408,_
J9410,J941
321,_
A009E862,_
T458,T458
F981,F981
T1710,T171
H1602,H160
M1961,_
S0139,S013
I773,I773
026,_
A072,A072
C19I91,C19
U972,_
D1170,D117
D3672,D367
T89,_
O6804,O680
M8563,M8563
C860,C860
C970,C97
U0741,_
Q318,Q318
N6300,N63
F169,F169
W264,_
H4444,H444
Y3081,_
H201,H201
R860,R860
V57,_
M1095,M1095
A0101,A010
009,_
V8934,_
O0989,_
I199,_
E034,E034
S3551,S355
T40,T409
O1422,O142
O843,_
C7181,C718
Y33,_
R5783,R578
6459,_
J9690,J969
C19C,C19
M4180,M4180
M5488,M5488
T469,T469
J1228,J122
MCPO1,_
M354,M354
M5497,M5497
Q432,Q432
C813,C813
W2059,_
C724,C724
M2300,M2300
M9005,M9005
V566,_
H0250,H025
N2589,N258
U849,_
W130,_
Y2299,_
R031,R031
D186,_
O9905,O990
Q102,Q102
I1031,I10
A800,A800
U041,_
I8731,_
J1817,J181
Q1001,Q100
C19I3,C19
C06,C069
D137,D137
L9710,L97
M8622,M8622
C8372,C837
S6602,S660
E809,_
M7955,M7955
W4562,_
C10IP3,_
O9928,O992
T100,T100
M8300,M8300
P0722,P072
Z370O7,_
N2111,N211
M0999,_
R,_
I0990,I099
S180,S18
S0500,S050
K5150,K515
H1189,H118
H1822,H182
N9071,N907
O17,_
S3141,S314
E1163,E116
M2100,M2100
C435,C435
M5000,M500
D358,D358
O940,O94
F949,F949
S5511,S551
Y2499,_
M7117,M7117
M7110,M7110
M7171,_
M7115,M7115
M7116,M7116
T29,_
J365,J36
H4692,H46
B973,B973
M6001,M6001
AZ380,_
N8050,N805
K5700,K570
D037,D037
C169T3,_
Z9689,Z968
D3701,D370
P0738,P073
H4473,H447
H5222,H522
I971,I971
M43,M439
N1845,N184
H904,H904
G611,G611
T804,T804
Z3891,_
A4565,_
Y97,_
W3401,_
O072,O072
M0628,M0628
N0083,N008
G232,G232
Z8744,Z874
Q527,Q527
Z9108,Z910
T244,T244
F03X,F03
W4992,_
F13,F139
Z9229,Z922
J619,J61
49,_
M9592,M959
Y954,_
J1789,J178
O1003,O100
S157,S157
W451,_
W4494,_
W202,_
H7092,H709
W0110,_
Z712,Z712
T1470,T147
N039HD,_
W1930,_
C466,_
L987,_
Z1811,_
D293,D293
X5900,_
Z0378,_
E1106,E110
G368,G368
C520,C52
O799,_
Q811,Q811
M958,M958
X489,_
S126,_
G10,G10
77401A,_
M6727,M6727
2510,_
W2292,_
W3052,_
S8682,S868
Z8952,Z8952
S9342,S934
E76,E769
S2690,S2690
W3409,_
R200,R200
S6510,S651
L3091,L309
O895,O895
A50,A509
C91CI,_
Z9002,Z900
M8245,_
N0835,N083
T8351,T835
J4511,J451
H5201,H520
I7101,I710
K071,K071
C5411,C541
K5184,K518
L86,L86
I52,_
Z2406,Z240
Z2462,Z246
F013,F013
U441,_
L034,_
T977,T97
A042,A042
K7090,K709
M2586,M2586
A107,_
H1181,H118
D1711,D171
D1710,D171
A13,_
H19,_
Z3017,Z301
J92,J929
9551,_
L9281,L928
S2721,S2721
J212,_
D387,_
Q314,Q314
N6031,N603
O666,_
E618,E618
P923,P923
E1330,E133
M058,M058
M8214,M8214
L0591,L059
H0490,H049
Z858,Z858
V390,_
I8739,_
3602,_
R61,R619
V535,_
H835,_
2S,_
H6520,H652
N162,N162
W64,_
E1133,E113
W490,_
T7803,T780
A98,_
T753,T753
C1PIPI,_
B969,_
T365,T365
R869,R869
W440,_
I1192,I119
O544,_
V485,_
S4581,S458
Z3670,_
D487TYPEB,_
S8312,S831
P999,_
J9383,J938
D3111,D311
E846,_
J1286,J128
I417,_
S1431,S143
G5630,G563
N1340,N134
S839,_
M272,_
V17,_
I979,I979
E665,_
H3492,H349
J9500,J950
A222,A222
M1302,M1302
B211,B211
N2185,N218
W5404,_
R4031,_
J308,_
B852,B852
M2462,M2462
S65,S659
M8989,M8989
M3300,M330
S952,S952
C431,C431
Z957,_
N1719,N171
X0899,_
Z857,Z857
G928,G92
Q838,Q838
G569,G569
G689,_
M2583,M2583
I774,I774
H3093,H309
Q663,Q663
K971,_
Z237,Z237
S1091,S109
J484,_
F801,F801
R789,R789
E538,E538
H541,H541
9P,_
C7490,C749
S15,S159
W769,_
W2731,_
O6889,O688
S3984,S398
H5270,H527
H3433,_
H0455,H045
N8011,N801
I959I,_
D123S,_
C4359,C435
J9841,J984
B485,_
K960,_
L240,L240
O6310,O631
A960,A960
Z218,Z21
L703,L703
X830,_
N414,_
V880,_
S5170,S517
S3510,S351
O656,_
E988,_
Q950,Q950
S075,_
S0001,S000
H9210,H921
V64,_
M076,M076
O47,O479
S1571,S157
M72,M729
O8221,O822
209,_
O958,O95
Q1209,Q120
C19T73,C19
0619,_
L974,L97
Z051,_
Z038WADDITIONALCO8,_
F314,F314
S27,S279
N75,N759
E119E,_
O3480,O348
I59,_
J1842,_
C601,C601
B119,_
E1112,E111
D649I,_
S0053,S005
Z9181,Z918
M8925,M8925
H932,H932
M9221,M922
S0206,S020
S6852,_
I6353,I635
S5184,S518
N6120,N61
Z874,Z874
C698,C698
0668,_
T089,T08
V2247,_
W219,_
J9692,J969
S0118,S011
F020,F020
O131,O13
M9695,M969
7781,_
C1T3,_
O103,O103
T10,T10
E1102,E110
H3550,H355
W1731,_
T483,T483
F33,F339
M8927,M8927
O705,_
S6202,S620
N791,_
X6408,_
D111,_
C887,C887
C6960,C696
K385,_
O3039,_
O4219,O421
M1790,M179
Q11,_
S9822,S982
4A,_
A1612,A161
L018,_
M8626,M8626
M7151,M715
W0390,_
N0853,N085
V0204,_
K451,K451
O6391,O639
T1812,T181
L8994,L899
Z027,Z027
F789,F789
C16CI,_
U09,_
X1129,_
068,_
P204,_
W869,_
A4139,A413
O222,O222
M0295,M0295
O357,O357
H6132,H613
F189,F189
L639,L639
E708,E708
D0501,D050
M2558,M2558
L0229,L022
Z949,Z949
S4601,S460
N885,_
F9001,F900
Z0389,Z038
069,_
E412,E41
251,_
W4962,_
G5603,G560
S5402,S540
M540,M540
0210,_
E328,E328
I154,_
U515,_
M8046,M8046
R943,R943
Q60,_
K683,_
K7460,K746
L0882,L088
W312,_
S7320,_
N7511,N751
I833,_
S9102,S910
I1061,I10
16,_
S7081,S7081
Y0899,_
N1039,N10
C195,C19
M2557,M2557
C9T1,_
A065,A065
A37,A379
O392,_
M92,M929
M2380,M2380
O9A2,_
A419N,_
C457,C457
J1222,J122
C19FRF,C19
J0891,_
L906,L906
C9501,C950
O6313,O631
I133,_
S6002,S600
R89,R899
V2858,_
K0901,K0901
X2399,_
J123,J123
O225,O225
K988,_
V2959,_
D659,D65
E145NO83,_
S6358,S635
O0064,_
M0636,M0636
H3372,_
M22,M229
D1791,D179
S0655,S065
M4906,M4906
G00,G009
G62,G629
S6051,_
Z829,_
S7242,S724
O322Z,_
M6505,M6505
S6341,S634
O696,_
O746,O746
Y340,_
G4091,G409
K8091,_
P130,P130
S114,_
Z29O,_
Z93,Z939
C7982,C798
G394,_
J1287,J128
X955,_
F630,F630
M7058,M705
T62,T629
V2414,_
C7889,C788
C7970,C797
Z7984,_
O892,O892
I5020,_
P29,P299
N139N,_
H4082,H408
Q802,Q802
V1890,_
E359,_
0849,_
C46,C469
H546,H546
H363,_
P141,P141
C5094,C509
T872,T872
O042,O042
M153,M153
0134,_
D920,_
W11,_
H530,H530
H1893,H189
Z8739,Z873
C19SI,C19
M1005,M1005
P258,P258
M7651,M765
B462,B462
T7212,_
I93,_
H511,H511
J189UO71,_
0335,_
E851,E851
H182,H182
C1P1P2,_
Z630,Z630
F791,F791
P941,P941
D2321,D232
Y284,_
O7570,O757
V688,_
G8194,G819
J224,J22
E433,E43
J36I1,J36
S4072,S407
V0214,_
S7982,S798
O490,_
K5141,K514
E1154,E115
D6649,D66
M8447,M8447
I483,I48
L201,_
M2314,M2314
V599,_
E054,E054
H6519,H651
C3431,C343
E8712,E871
Q651,Q651
985,_
H2599,H259
D3929,D392
J1432,J14
0655,_
J121,J121
G004,_
Q105,Q105
F440,F440
M2146,M214
S7319,S731
M0080,M0080
N674,_
O636,_
E7251,E725
B778J173,_
Z03/8,_
T273,T273
Z01220,Z012
G241,G241
L99,_
S5602,S560
S9782,S978
M2362,M2362
J2090,J209
3643,_
M7154,M7154
F861,_
T8412,T841
E508,E508
S2440,S244
E1322,E132
D808,D808
0759,_
K972,_
G071,G07
S0124,S012
V8362,_
0330,_
S275,S275
M6151,M6151
K746K,_
760,_
S9781,S978
H4382,H438
J139,J13
J154,J154
U0072,_
Q266,Q266
I725,_
W278,_
W060,_
S2130,_
C8305,C830
Q42,Q429
B35,B359
K8043,K804
M1226,M1226
J1069,_
K438,_
N083J,_
C736,C73
Z163,_
A5089,_
V272,_
E059E,_
W409,_
X839,_
J1699,_
P2320,P232
O8019,O801
W0989,_
C1IP1,_
K2350,_
B1920,_
I5090,I509
W3488,_
E4591,E45
O3398,O339
S633,S633
O04,O049
J209UO71,_
K202,K20
F198,F198
84,_
J1683,J168
M9983,M9983
M321NO85,_
W341,_
S1340,S134
S4410,S441
H5240,H524
M1917,M1917
J3292,J329
8202,_
W1361,_
M4864,_
Z1152,Z115
K6510,_
U075,_
R1902,R190
O0921,_
O6009,O600
720,_
M326,_
S6061,_
A09X,A09
J1872,_
A570,A57
S0242,S024
O2390,O239
T4362,T436
U0071,_
N1888,N188
K129,_
R2380,R238
L3090,L309
0648,_
E714,_
Z3707,Z370
C324,_
K5090,K509
S6049,_
M8709,M8709
Q938,Q938
D049,D049
D272,D27
M8489,M8489
Q645,Q645
014,_
U031,_
C1892,C189
C04,C049
H7011,H701
C7701,C770
K5805,K580
T032,T032
C19CL,C19
Z0151B2,_
A900,A90
E8341,E834
B375,B375
W214,_
S761S,_
W206,_
R1043,R104
H4039,H403
S254,S254
H4014,H401
C430,C430
A870,A870
H099,_
P075,_
I499I,_
N138N,_
E290,E290
I0991,I099
P834,P834
L704,L704
I122,_
Z365,Z365
N190,N19
S9234,S923
W3108,_
N3901,N390
S1451,S145
B347,_
Z3A4,_
S03,_
Z3921,Z392
M6222,M6222
Q842,Q842
M3209,M320
M9270,M927
C263,_
P76,P769
S458,S458
I109I,I10
Q109,_
N179N,_
M3010,M301
Q399,Q399
S5600,S560
G209,G20
U022,_
125,_
W760,_
C9190,C919
C5042,C504
L10,L109
P0731,P073
B2,_
K14,K149
H3090,H309
S5500,S550
S59,S599
S928,_
R219,R21
J8159,J81
S4311,S431
D549,_
C975,C97
M4395,M4395
Z01221,Z012
F195,F195
Z0141A,_
Z370Q,_
S7232,S723
Z2910,Z291
N1333,N133
S191P4,_
R871,R871
S5109,S510
H1782,H178
1778,_
Z8616,Z861
M9953,M9953
T256,T256
M8941,M8941
Z9669,Z9669
O451,_
F430D,_
M99,M999
N2882,N288
H5990,H599
G732,G732
Q034,_
H4030,H403
T8521,T852
S6339,S633
L564,L564
K6358,K635
N9069,N906
N729,N72
R921,R92
C3101,C310
G2452,G245
C564,C56
B172,B172
D4930,_
M896,M896
E4,_
J1881,J188
0323,_
A054,A054
S1415,S141
H2990,_
S8085,S808
Z109,_
S0269,S026
U820,_
A680,A680
R779,R779
W4903,_
K2594,K259
S5990,S599
N4201,N420
S6842,S684
N083I,_
P100,P100
I234,I234
Z0163,Z016
A514,A514
H159,H159
H220,H220
T8750,T875
P830,P830
G972,G972
F173,F173
U49,_
038Z,_
R946,R946
S4071,S407
Y55,_
S439,_
W56,_
H6040,H604
E1042,E104
M7184,M7184
M7796,M7796
M7112,M7112
M7793,M7793
T8471,T847
M9820,_
U0720,_
P071P,_
Q074,_
O995OZ34,_
Q62,_
I164,_
R5790,R579
N474,N47
Q131,Q131
H428,H428
U72,_
Y0944,_
X79,_
Z3506,Z350
A820,A820
X9954,_
V01,_
L0201,L020
W173,_
H5704,H570
M727,_
K218,_
M321NN0,_
I628,_
Z3702,Z370
X9988,_
M926,M926
B166,_
J889,_
O9921,O992
O329XX0,_
O635,_
C0909,C090
D256,_
Q794,Q794
A302,A302
M4898,M4898
M8272,_
J80I5,J80
I6190,I619
K2951,K295
I7392,I739
Z122,Z122
M9813,_
V371,_
H9591,H959
T816,T816
S0060,_
M996,M996
Z2085,Z208
M6274,_
M7051,M705
L9231,L923
M7961,M7961
T135,T135
H721,H721
0327,_
J833,_
O2431,O243
T287,T287
S648,S648
145,_
O0962,_
B868,B868
J065,_
1211,_
M0206,M0206
D41,D419
M9822,_
M0087,M0087
O790,_
R750,R75
V475,_
T56,T569
9020,_
R3919,R391
S038,_
R563,_
I8403,I840
I8500,I850
M410,M410
L815,L815
C076,C07
K50,K509
M6281,M6281
Z038OTHERDISEASE,_
K150,_
P349,_
T8252,T825
A1817,A181
C129,C12
M8450,_
Q849,Q849
1MP02,_
Y339,_
Q788,Q788
M5420,M5420
T428,T428
G4420,G442
O445,_
G20HD,G20
Z3A,_
Y0199,_
T79A0,_
O093,_
P0514,P051
D58,D589
D3201,D320
S93,_
S6501,S650
O820CESARIANDELIVERY,_
S8212,S821
M4125,M4125
Y421,_
W30,_
M2176,M2176
Z394,_
V2940,_
Q14,Q149
H50,H509
804,_
N6081,N608
W015,_
B588,B588
M1012,M1012
M6687,_
S45,S459
O8219,O821
C14,_
V1709,_
W3101,_
W0792,_
V879XXS,_
V2009,_
O9933,O993
R192,R192
P920,P920
H750,H750
V219,_
S6305,S630
J249,_
H170,H170
E275,E275
X9991,_
H04,H049
G210,G210
A456,_
A572,A57
C8517,C851
M2509,M2509
Y495,_
B652J173,_
Z0154A1,_
Z0154B1,_
G934E90,_
H1110,H111
T007,_
S2410,S241
259,_
C10IP1,_
K698,_
I875,_
C8409,C840
K8120,_
O626,_
E715,_
E1120,E112
S8031,_
Y912,_
T0281,T0281
S3669,S366
X3299,_
0602,_
R488,R488
H5010,H501
L235,L235
S0152,S015
2600GRAMS,_
3200GRAMS,_
4500GRAMS,_
Y1699,_
F59,F59
Z790,_
H063,H063
Q320,Q320
C1293,C12
M212,M212
F740,_
C5082,C508
1200,_
H0287,H028
Z3869,Z386
L61,_
M400,M400
G991,G991
Z0154,Z015
Z317,_
Z235,Z235
Q310,Q310
K214,_
M193,_
Y346,_
A212,A212
S268,S268
G21,G219
D578,D578
W5709,_
W3299,_
N1852,N185
N3O9,_
E678,E678
E1461,E146
M0019,M0019
O153,_
F812,F812
B734,B73
J368,J36
I825,_
C7440,_
K6601,K660
H0040,_
3250GRAMS,_
H011H,_
M891,M891
M1962,_
V260,_
A308,A308
288,_
X208,_
9S,_
D275,D27
T1430,T143
Q6880,Q6880
Z3721,Z372
X2009,_
O6781,O678
D790,_
C201,C20
C5020,C502
D7363,_
M1255,M1255
K3358,_
Y585,_
Y586,_
I268,_
H3640,_
H3072,_
N1312,N131
I3810,I38
P814,_
0070,_
I6351,I635
I6312,I631
J400,J40
C1FRP,_
C5098,C509
M4390,M4390
H740,H740
W0720,_
C4440,C444
M9054,M9054
Q1500,Q150
M063,M063
M8684,M8684
G389,_
D0502,D050
1301,_
Y3409,_
B640,B64
Y577,_
I2781,I278
G31,G319
W0999,_
030,_
M8567,M8567
M942,M942
W2919,_
N8389,N838
B344,B344
Z01222,Z012
191802,_
O2661,O266
M083,M083
R1892,R18
A393,A393
O4298,O429
E1407,E140
T531,T531
C408,C408
V238,_
Y1599,_
L302,L302
K062,K062
N039C,_
W192,_
N8501,N850
C979,C97
M724,M724
Q3801,Q380
M9102,M910
Y2999,_
3409,_
1D,_
E659,E65
L232,L232
P058,_
W1901,_
Z6380,Z638
Z297,_
C9591,C959
X9909,_
K036,K036
S9081,S9081
M7609,M7609
M4895,M4895
O6210,O621
M2427,M2427
H6111,H611
I6338,I633
J9101,J91
O1614,O16
O800Z3,_
M30,_
M36,_
C9102,C910
M8913,M8913
C6961,C696
X3699,_
A0909,A090
X13,_
R910,R91
S2123,S212
B4590,B459
G4089,G408
G4030,G403
S7071,S707
M4889,M4889
M7260,M7260
F416,_
Z149,_
H2551,_
Z0616,_
T893,_
774012,_
C19PP2,_
A399,A399
E1174,E117
Z423,Z423
J1299,J129
Q136,_
C8570,C857
H2461,_
Z021,Z021
S6841,S684
Z9484,Z948
Z100,Z100
P0508,P050
E238,_
U0718,_
R318,R31
W0144,_
T062,T062
1840,_
R565,_
R035,_
A861,A86
D2691,D269
115,_
M951,M951
F414,_
S664,S664
Y906,_
Z855,Z855
R624,_
A922,A922
H954,_
F0281,F0281
O4322,O432
H4480,H448
O2451,_
G70,G709
C19T61,C19
070,_
S7090,S709
C669,C66
Q073,_
G90R7,_
Z3041,Z304
C4360,C436
J4545,_
E8,_
S4440,S444
H365,_
T1411,T141
O3619,O361
M8853,_
V8908,_
H4111,_
Z43,Z439
7A,_
T439,T439
L855,_
K365,K36
I9600,_
N2989,N298
K9221,K922
Z4198,Z419
S647,S647
N6011,N601
Z2058,Z205
211,_
I6202,I620
W1989,_
0693,_
M9030,M9030
F1019,F101
M2893,_
S337,S337
U03,_
N40SC,N40
E443,_
O3399,O339
0895,_
O414,_
Y071,_
Z988Z,_
R05I5,R05
I109J,I10
J80A4,J80
Z093,Z093
M053,M053
M8481,M8481
S04,S049
Z208NEGATIVE,_
M9196,M919
I8,_
H1420,_
T262,T262
N036,N036
W3213,_
V841,_
Z7009,Z700
M8009,M8009
D099,D099
C365,_
E802,E802
E329,E329
72,_
E0789,E078
D722,_
Q690,Q690
M6227,M6227
M1190,M1190
5200,_
D366,_
W2201,_
O177,_
D2312,D231
Z591,Z591
9500,_
R009,_
T752,T752
C13,C139
H2142,H214
M6749,M6749
D4787,_
R336,R33
B13,_
N903,N903
Z1232,Z123
Z3036,Z303
O145,_
S9711,S971
0444,_
62,_
W4902,_
S6192,S619
J4790,J47
N726,N72
Q833,Q833
S6531,S653
Q079,Q079
Q719,Q719
J9612,J961
W856,_
Y1509,_
S7170,S717
S9999,S999
T2522,T252
M9076,M9076
A619,_
O0900,_
E1190,E119
S189,S18
M8381,M8381
I198,_
W2308,_
I653,I653
S7207,S720
Q784,Q784
S6816,S681
R1049,R1049
W1749,_
S3691,S3691
N7,_
Q561,Q561
Y517,_
Q696,_
L9101,L910
P91P2,_
Y95N1,_
K317K,_
B369H,_
P070Z,_
P369P,_
C4460,C446
M8340,M8340
H2612,H261
A290,_
P0382,P038
X102,_
N438,_
C5051,C505
K8024,K802
E0951,_
S6122,_
L0880,L088
S4113,S411
Z266,_
A05,A059
J612,J61
K143,K143
Z162,_
E1425,E142
O424,_
D2211,D221
F638,F638
C3498,C349
I1071,I10
Y040,_
B90,B909
R191,R191
T438,T438
S0459,S045
S6449,S644
E1L9,_
M4729,M4729
E681,E68
I423,I423
F38,_
W08,_
T1311,T131
635,_
Z872,Z872
M2562,M2562
2115,_
V0298,_
O6208,O620
M7950,M7950
0259,_
A1815,A181
J769,_
R0489,R048
Q435,Q435
J0181,J018
C5399,C539
E1013,E101
K8071,_
Z9850,_
A553,A55
T192XXA,_
P0710,P071
R451,R451
C1C9T1,_
S4312,S431
W5909,_
O12,_
Y414,_
C387,_
N9091,N909
H66,H669
O8207,O820
M7994,M7994
S9080,S9080
M9075,M9075
G9350,G935
P9261,_
E0929,_
N51,_
5220,_
W138,_
X36,_
E550,E550
Z517,_
Q662,Q662
Y3430,_
F948,F948
H493,H493
0988,_
N390N,_
S8282,S828
S0401,S040
M9678,_
A529,A529
I1630,_
A876,_
Y56,_
B571,B571
S5185,S518
S9232,S923
M919,M919
S3251,S3251
W3288,_
H49,H499
34,_
5011,_
C5021,C502
D243,D24
S0182,S018
H0190,H019
Z210,Z21
Z243,Z243
K807,_
Z3026,Z302
D364,_
9T1,_
X53,_
4270,_
T304,T304
A520,A520
X999XXA,_
N185D,_
S990,_
3481,_
Z113,Z113
E8770,E877
M181,M181
53,_
R151,R15
T719,T71
T260,T260
0721,_
085,_
C590,_
S9190,S919
P270,P270
Q1400,Q140
A219,A219
Y9200,_
H7000,H700
C4639,C463
P83,P839
Z653,Z653
C853,_
S513,_
H291,_
C910Z,_
K0731,K0731
L322,_
H6993,H699
K1340,K1340
H4481,H448
S5111,S511
T880,T880
T534,T534
M9986,M9986
S8570,S857
A0991,A099
A08,_
3350GRAMS,_
Z921,Z921
K1120,K112
L119,L119
N189I,_
I514K,_
Q68,_
R70,_
I7024,I702
J1991,_
G36,G369
N876,_
C8070,C80
Z0392,Z039
K581,_
O9953,O995
S3093,S309
V394,_
D102,D102
W0808,_
L701,L701
Q357,Q357
K2091,K20
I21A1,_
E1039,E103
E298,E298
M8741,_
R055,R05
702,_
W0198,_
H1081,H108
X6962,_
W2002,_
G435,_
P037,_
M8931,M8931
Q321,Q321
O321O,_
S962,S962
M9697,M969
C827,C827
I124,_
M7065,M7065
M9191,M919
D476,_
Y840,_
Z0132B,_
E319,E319
Z01223,Z012
251I,_
F802,F802
N138I,_
J8,_
Z1883,_
B976,B976
F538,F538
M7388,M7388
I191,_
Z068,_
X5922,_
N844,_
I1125,_
Y9,_
T8581,T858
J083,_
I8391,I839
C5049,C504
B240,B24
L8921,L892
C635,_
C5700,C570
E1034,E103
W2461,_
I294,_
R401,R401
A034,_
P124,P124
S9500,S950
S7243,S724
N8120,N812
1471,_
S0041,S004
U076,_
N1789,N178
D4872,D487
6115,_
J149,J14
D2342,D234
N650,_
X619,_
9946,_
D091,D091
S8072,S807
M9430,M9430
M9804,_
M231,M231
H6051,H605
S0145,S014
M7004,M7004
M7082,M7082
T2010,T201
H0581,H058
R5621,_
R1319,R13
K4390,K439
S8639,S863
L8932,L893
K8044,K804
M154,M154
E1103,E110
R8510,R851
B791,B79
M8721,M8721
S0993,S099
Z34O,_
Z8546,Z854
M7552,M755
M854,M854
I001,I00
S4629,S462
S6292,_
U73,_
N185NO41,_
D22,D229
O955,O95
S134XXA,_
T2021,T202
R5680,R568
M8031,M8031
P9162,P916
P9638,P963
V3959,_
M4810,M4810
M5135,M513
O985OU71,_
1613,_
S4321,S432
M7656,M7656
W0189,_
V2704,_
W2109,_
T132,T132
S5570,S557
S4620,S462
S4680,S468
S7990,S799
I302,_
J0101,J010
K778,K778
L4053,L405
D818,D818
G472,G472
U071COVID,_
O739,_
S0992,S099
M4364,M436
S1011,S101
B302,B302
M8074,_
N9499,N949
B251,B251
M0113,M0113
O9111,O911
D72,D729
Z038C,_
A221,A221
H5411,H541
J4090,J40
390,_
C5393,C539
H4221,_
H3120,H312
J190,_
M8568,M8568
W6981,_
S3601,S3601
G4736,G473
S5222,S522
V21,_
O012,_
S0104,S010
O42O,_
V04,_
F5102,F510
H3681,H368
D1001,D1001
1440,_
S96,S969
M816,M816
M6020,M6020
R5901,R590
D4401,D440
N0NE,_
D422,_
W79,_
D506,_
B080,B080
S0390,_
R453,R453
S2732,S273
J987,_
J0600,J060
I6152,I615
M2440,M2440
D1431,D143
D647,_
P3690,P369
H4019,H401
P149,P149
E070,E070
H502,H502
A081,A081
O691O,_
T63,T639
N7090,N709
Q5130,Q513
V2244,_
M5457,M5457
E499,_
N1000,N10
Q5211,Q521
M8761,_
F701,F701
R928,R92
P092,_
W295,_
D045TYPEA,_
M9551,M955
W090,_
R122,R12
J4530,_
K941,_
S1240,_
E182,_
T2202,T220
F53,F539
V370,_
M151,M151
K966,_
S8391,_
Z8672,Z867
X867,_
V273,_
O606,_
S5880,_
N1331,N133
M48,M489
P0505,P050
Q289,Q289
Z9351,Z935
H6180,H618
M8499,M8499
U800,U800
S35,S359
S6521,S652
J153,J153
M4126,M4126
V2919,_
S3999,S399
CRO388,_
F317,F317
I3639,_
W109,_
A4191,A419
K878,_
G089,G08
C8301,C830
2141,_
E153,E15
Z18,_
H577,_
Y910,_
V324,_
R0,_
K4691,K469
M1019,M1019
X5030,_
S1199,S119
R771,R771
D451,D45
B290,_
H6050,H605
B039,B03
S4331,S433
P869,_
Q3690,Q369
C9731,C97
Q06,Q069
P77P2,P77
8853,_
G905,_
M495,M495
U072Z,_
Z208PATIENTOBSER,_
W8704,_
X1104,_
X1001,_
E142NO82,_
J3802,J380
V3899,_
O9081,O908
O703UO71,_
H0480,H048
S6722,_
E1137,E113
M7105,M7105
J3480,J348
H1182,H118
T8734,T873
V2948,_
V3814,_
W1810,_
V1801,_
E066,E066
S8172,S817
M013,M013
U0712,_
1479,_
R0282,R02
R510,R510
M107,_
I4610,I461
B393,B393
E600,E60
P542,P542
K4310,K431
Y309,_
C19V1D,C19
S3880,_
V245,_
N723,N72
A200,A200
E280,E280
S0460,S046
M8601,M8601
U0472,_
W195,_
M8909,M8909
S18,S18
H4320,H432
L0421,L042
C197,C19
H655,_
J9859,J985
W0143,_
K531,_
128,_
F421,F421
2302,_
M7687,M7687
K468,_
V8789,_
Z400,Z400
B880,B880
D6388,D638
Q055,Q055
W0794,_
Y626,_
H163,H163
0839,_
W132,_
D495,_
D4010,D401
Q3800,Q380
M8552,M8552
J899,_
S073,_
R818,R81
N8189,N818
M0094,M0094
K9404,_
Q3022,Q302
0340,_
S2661,_
S5257,S525
5281,_
X1390,_
X23,_
B698,B698
V110,_
I865,_
Y356,_
Q5270,Q527
T597,T597
T6379,_
T206,T206
C220M8000/3,_
T307,T307
O748,O748
O440O,_
Z370O3,_
O363O,_
Q55,Q559
O9944,O994
Y19,_
N065,N065
Z7981,_
D6051,_
I6340,I634
T1790,T179
W108,_
Z424,Z424
Z615,Z615
40,_
C6921,C692
Y9283,_
D00,_
Z1,_
R420,R42
0359,_
M7195,M7195
S382,S382
N6231,N62
M2431,M2431
O8270,_
C6920,C692
W1002,_
R456,R456
X5009,_
F988,F988
O9019,O901
M5002,M500
E1313,E131
O1893,_
I1490,_
M7042,M704
Q139,Q139
J251,_
R701,R701
M5413,M5413
E001,E001
A4899,_
B169UO71,_
O776,_
8209,_
M8123,M8123
1514,_
T659X641,_
12354,_
Z011A,_
Z0152B1,_
O09A,_
S080XXS,_
R5610,_
K7680,K768
M8444,M8444
S6256,S625
W8099,_
B6590,B659
I659,I659
R681,R681
K374,K37
P114,P114
S107,S107
J401,J40
K773,_
K131,K131
A186,A186
I3781,I378
7866,_
N0883,N088
M262,_
C7651,C765
O1300,O13
H2002,H200
S0268,S026
U95,_
H9325,H932
H2153,H215
O64XX0,_
H299,_
S5540,_
S552,S552
E25,E259
X641,_
3Z301,_
Z9629,Z962
V092,_
M0060,_
X308,_
H9190,H919
H6603,H660
M9055,M9055
T5881,T58
D3161,D316
B,_
M8283,M8283
L7232,_
Z0152,Z015
R278,R278
M1690,M169
K159,_
H3490,H349
Z231,Z231
X480,_
Z01224,Z012
M778,M778
P103,P103
99640,_
Z370O1,_
O323O,_
S9129,S912
E961,_
F70,F709
J814,J81
L6020,L602
C8520,C852
M158,M158
S591,_
T924,T924
S8341,S834
M8174,_
R791,_
1429,_
N177,_
I109Z,I10
N1320,N132
T2124,T212
O970,O970
E166,_
M7792,M7792
J07,_
F878,_
Q4001,Q400
M8145,M8145
V5999,_
E1022,E102
L9720,L97
M9385,M9385
W1729,_
N5081,N508
1234,_
N1421,N142
S4080,S4080
O4291,O429
0159,_
W5455,_
L944,L944
Z370PO73,_
O720UO71,_
O9895,O989
S9602,S960
M8897,M8897
G511,G511
A1628,A162
K984,_
C4789,C478
N533,_
M3380,_
Z3081,Z308
M7666,M7666
V090,_
V061,_
T508,T508
M5490,M5490
U311,_
P382,P38
B760,B760
O1420,O142
I1500,I150
B487,B487
H040,H040
M3881,_
Q87,_
O743,O743
81,_
6911,_
M450,M450
S55,S559
M7010,M7010
M7031,M703
T8401,T840
P9037,P90
E1127,E112
C1820,C182
R810,R81
Z117,_
R786,R786
L05,L059
P3632,P363
J9840,J984
G032,G032
D2230,D223
S8680,S868
P840,_
I4692,I469
H4940,H494
32,_
Z638,Z638
K597,_
Q713,Q713
W0701,_
M9800,_
C318,C318
S0155,S015
S0087,S008
Z533,_
X239,_
M361,M361
I384,I38
B464,B464
W2408,_
E189,_
S6500,S650
669821,_
S3119,S311
H6101,H610
H7091,H709
S9030,S903
L282,L282
C780C,_
P580,P580
S2242,S224
Q298,_
0XZ,_
S6890,S689
J3883,_
S6711,_
D191,D191
R2971,_
E555,_
F1919,F191
T1300,T130
O505,_
0804,_
M8013,M8013
N9911,N991
J9181,J91
L091,_
Z380Z,_
H594,_
A850,A850
T401,T401
H202,H202
138,_
Z232Z,_
C769,_
M9266,M926
M1899,M189
S48,S489
P963,P963
K9422,_
D0410,D041
J067,_
N045,N045
S6293,_
S8319,S831
N5499,_
W1091,_
N086,_
M8611,M8611
M2890,_
G371,G371
H6992,H699
L160,_
M7097,M7097
O762,_
8537,_
Q16,Q169
L650,L650
B027,B027
O975,O97
R5730,_
C19TT1,C19
M34,M349
50355,_
19FRP,_
F32,F329
H5790,H579
H0520,H052
H859,_
R528,_
Z3982,_
N1871,_
E344,E344
H4709,H470
O6990,O699
G5710,G571
A1834,A183
C4462,C446
K2090,K20
Z4889,Z488
V212,_
L0336,L033
W2482,_
O261,O261
W2208,_
R632,R632
1989,_
E1300,E130
V1892,_
R8010,R80
W84,_
V3249,_
S892,_
W0342,_
S4209,S420
J187,_
M7993,M7993
M8243,_
J50,_
O7582,O758
O3430,O343
O7019,O701
O294,O294
H211,H211
C9140,C914
S3649,S364
C29,_
H364,_
P054,_
R78,R789
P94,P949
N765,N765
D534,_
E861E,E86
P22P,_
L027,_
X302,_
M2465,M2465
K9409,_
W651,_
T3939,T393
D5008,D500
T402,T402
A023NZ,_
M6750,_
P7432,P743
E7900,E790
E1091,E109
0903,_
S6891,S689
C988,_
J517,_
S5341,S534
R050,R05
Z4931,_
P50,P509
N189E,_
R160J,_
W928,_
M5489,M5489
E61,E619
Z804,Z804
M0886,M0886
B301,B301
N568,_
M1506,M150
G4585,G458
N937,_
H2686,H268
X798,_
869,_
I806,_
N6041,N604
Q07,Q079
H0410,H041
T059,T059
S8271,S8271
Z2132,Z21
Q149,Q149
Q334,Q334
N992S,_
L942,L942
M339,M339
S4509,S450
K7291,K729
A1881,A188
320,_
S767,S767
H921,H921
S6822,S682
B367,_
K5600,K560
Z4808,Z480
M8108,M8108
O4590,O459
M8718,M8718
V526,_
C19PI1,C19
S022XXA,_
M1316,M1316
M5435,M543
994600,_
639,_
Q1000,Q100
D475,D475
C0210,C0210
0438,_
S443,S443
D3912,D391
Z1893,_
M9283,M928
Z5411,Z541
C0690,C069
R639,_
D324,_
N083\,_
D418,_
P55,P559
D396,_
N145,_
O8259,_
309,_
S512,_
N8581,N858
S5781,S578
M4849,M4849
V598,_
H5791,H579
H6190,H619
M7714,M771
S4119,S411
P93,P93
A11,_
F983,F983
S0170,S017
Y0099,_
W4409,_
J877,_
S0153,S015
O775,_
O6518,O651
O1408,O140
H1632,H163
K815,_
K1081,K1081
E000,E000
H0251,H025
S8980,S898
T13,T139
T672,T672
L0333,L033
D764,_
S5671,S567
R362,R36
A4189,A418
S757,S757
G0481,G048
0983,_
E835N2,_
I8243,_
Q700,Q700
Q702,Q702
H9201,H920
X4929,_
C4482,C448
Y2862,_
K1371,K1371
W313,_
S350,S350
R09O,_
M9531,M953
N854,N854
Z9661,Z9661
Q6433,Q643
X2,_
C512,C512
S4420,S442
8922,_
Q879,_
W1330,_
K4301,K430
M5744,_
D03,D039
H645,_
Z012\,_
H3608,H360
R069,_
V395,_
R01,_
F24,F24
W7480,_
G587,G587
K020,K020
N7510,N751
8203,_
A1781,A178
0019,_
W1108,_
F808,F808
1841,_
503600,_
5416,_
M8399,M8399
69,_
V430,_
B468,B468
K790,_
L24,L249
I579,_
418,_
M712TYPEA,_
Z038N,_
Q74,Q749
7301,_
R032,_
Z245,Z245
P901,P90
Z0800,Z080
W0194,_
I6381,I638
X91,_
X1194,_
T214,T214
T224,T224
T194XXA,_
P04,P049
I410,I410
H1434,_
C559,C55
M8109,M8109
M8996,M8996
I8245,_
C645,C64
M183,M183
S3289,S328
W1969,_
O3633,O363
T2411,T241
K970,_
E511,E511
S07,S079
M4139,M4139
A26,A269
S3653,S365
8D,_
I6789,I678
O0203,O020
J3512,J351
O823,_
W3129,_
M240,M240
C6922,C692
V0218,_
Q23,Q239
W142,_
C19PP1,_
Y272,_
U071RO5,_
U071RO60,_
N3590,N359
E789R,_
M5131,M513
E190,_
N3642,_
T2640,T264
V2298,_
M885,_
R769,R769
N0162,N016
M7890,_
W5030,_
X0499,_
K357,_
C1089,C108
Q5310,Q531
T8691,T869
649,_
K0889,K088
W1342,_
H6540,H654
W204,_
M02,M029
J600,J60
H7113,H71
Z741,Z741
S4229,S422
W1798,_
D013,D013
E7889,E788
Y606,_
I292,_
I622,_
M7718,M771
R253,R253
N363,N363
O6890,O689
Y26,_
T331,T331
N643,N643
V803,_
S6785,S678
N4330,N433
R413,R413
M0639,M0639
M1612,M161
W0152,_
M2458,M2458
H2189,H218
M530,M530
905,_
H3603,H360
M46,M469
M368,M368
M8320,M8320
C7999,C799
J951,J951
076,_
N0425,N042
M2446,M2446
C600,C600
99426,_
W4082,_
M7953,M7953
V686,_
S412,_
O3412,O341
I6201,I620
V842,_
W1072,_
2290,_
I852,_
Z461,Z461
I5011,I501
1472,_
K33,_
M9021,M9021
R36,R36
M9420,M9420
J9310,J931
I398,I398
R0901,R090
S6830,S683
L822,L82
Z124,Z124
N179K,_
Q803,Q803
G0528,G052
N995,N995
M1281,M1281
I120H,_
J962,_
N9140,N914
K6449,_
H839,H839
M832,M832
A1833,A183
Z649,_
O685,_
T0280,T0280
L589,L589
O829O,_
J1110,J111
Y636,_
Y843,_
D499,_
F401,F401
H3112,H311
M1317,M1317
B391,B391
M721,M721
D708,D70
H340,H340
L36,_
M2552,M2552
W3168,_
M4627,M4627
K4130,K413
M8509,M8509
J660,J660
0380,_
S6851,_
V2241,_
N960,N96
V091,_
W455,_
F34,F349
W018,_
D1717,D171
H362,_
M356,M356
C892,_
C5398,C539
O944,O94
T8041,T804
O939,_
W2462,_
S2731,S2731
W3228,_
X12,_
W6731,_
2308,_
C1T2,_
Q667,Q667
C415,_
R039,_
C149,_
T871,T871
P177,_
Z01225,Z012
E898,E898
123453,_
I639G460,_
Q202,Q202
H4043,H404
R113,R11
H91,H919
M0116,M0116
M26,_
S5218,S521
M8048,M8048
Z914,Z914
H3190,H319
E894,E894
Q164,Q164
M2156,M215
M260,_
H1625,H162
J88,_
R754,R75
N127,N12
T069,_
M6246,M6246
M1393,M1393
M9105,M9105
M4894,M4894
M1196,M1196
K798,_
P0205,P020
S6620,S662
J62,_
S781,S781
W2519,_
Q720,Q720
V982,_
S3660,S3660
T043,T043
S6817,S681
Q338,Q338
S5400,S540
T8462,T846
C61M,C61
369,_
O913,_
O023,_
S8309,S830
S4232,S423
M8555,M8555
G4737,G473
M1925,M1925
Y2581,_
J872,_
D2212,D221
H4723,H472
X4871,_
V5348,_
P2981,P298
O2110,O211
Y539,_
W37,_
U119,_
A801,A801
J9602,J960
E3602,_
U178,_
L099,_
D95,_
I478,_
O29,O299
L878,L878
S8511,S851
K291E861,_
S3115,S311
W870,_
G4011,G401
Y751,_
B011,B011
Q844,Q844
W232,_
N383,_
O3454,O345
O0649,O064
T8744,T874
R199,_
Z5114,Z511
R3330,R33
K8040,K804
H680,H680
H3021,H302
D528,D528
M5498,M5498
M63,_
R073,R073
Z112,Z112
939,_
S6125,_
M0810,M0810
O829C,_
W4503,_
A1971,_
N7011,N701
G650,_
P12,P129
K9228,K922
H1853,H185
T054,T054
D638N,_
Z3008,Z300
M938,M938
S6871,_
M2127,M2127
T572,T572
K6511,_
P518,P518
2750GRAMS,_
V2740,_
O2829,O282
O389,_
S6370,S637
K7682,K768
M0648,M0648
M01X7,_
N081,N081
S0011,S001
E893,E893
R1040,R1040
G964,_
N892,N892
W258,_
I171,_
223,_
2231,_
L0232,L023
L7221,L722
Z64,_
XXX,_
M4692,M4692
D890,D890
D868,D868
O3403,O340
P331,_
R1906,R190
H535,H535
B186,_
Y870,_
M2591,M2591
Y638,_
Z379O,_
Z368O,_
S4330,S433
O827,_
P5,_
302,_
K6489,_
D6481,D648
S0635,S063
M0101,M0101
M1026,M1026
H3081,H308
M493,M493
N8999,N899
Z538,Z538
432,_
K146,K146
C818,_
V918,_
S257,S257
K346,_
M2463,M2463
W15,_
K258,_
C20C,C20
D2701,D27
I55,_
1233,_
K5781,K578
I324,_
H6604,H660
D2190,D219
C389,_
V814,_
T571,T571
Q691,Q691
M4718,M4718
S6011,S601
1835,_
O2623,O262
M0119,M0119
R359,R35
A143,_
J1844,_
S4530,S453
S733,_
T8743,T874
G244,G244
Z831,Z831
W55O1,_
I8892,I889
C268,C268
H6099,H609
N2581,N258
D2510,D251
S0910,S091
V426,_
H950,H950
Z2083,Z208
M4713,M4713
H3536,H353
P073P,_
K7469,K746
H255,_
H5941,_
K8041,K804
W1774,_
E976,_
W1921,_
W1781,_
L950,L950
M040,_
S6303,S6303
1899,_
X168,_
0348,_
S0055,S005
S2189,S218
G9782,G978
T379,T379
K788,_
M2596,M2596
L0101,L010
S8690,S869
K656,_
M5441,M544
F135,F135
M4303,M4303
M8547,M8547
M7264,M7264
H254,_
D21I,_
N011,N011
K058,_
A431,A431
X6909,_
D079,_
X2301,_
J3391,J339
B09UO72,B09
P0702,P070
E6692,E669
D406,_
J0180,J018
I18,_
C9440,C944
P073PO71,_
9129,_
C8510,C851
Y2402,_
K8065,_
359,_
K117,K117
O8223,O822
N9489,N948
V072,_
E8800,E880
D824,D824
M3596,M359
Z0112,Z011
H0456,H045
182,_
I6520,I652
A362,A362
W170,_
M9231,M923
Z3909,Z390
K848,_
S5619,S561
O7189,O718
M2186,M2186
J3691,J36
T351,T351
C19PIPI,C19
A779,A779
O158,_
M7032,M7032
E114N,_
M9740,_
G007,_
025,_
V5369,_
T2541,T254
L035,_
E7030,E703
I978,I978
J389,_
W2502,_
Q27,Q279
W557,_
N075,N075
X659,_
C882,C882
M7157,M7157
D2790,D27
M0739,M0739
000000000,_
0000000,_
Z0154B2,_
Z0156B2,_
Z0156B1,_
Z0156A2,_
Z015101,Z015
T621,T621
H5041,H504
E1434,E143
D891,D891
K5521,K552
C9201,C920
E1180,E118
H525,H525
F000,F000
D2272,D227
D3101,D310
232,_
T0260,T0260
X681,_
G501,G501
R6002,R600
D9961,_
A47,_
S4103,S410
W2603,_
S8352,S835
I7025,I702
D2290,D229
S481,S481
N185D6,_
1872,_
K517,_
J9801,J980
J218,J218
R107,_
Z761,Z761
W093,_
T1711,T171
221,_
M4191,M4191
S548,S548
M7510,M751
K199,_
L250,L250
E821,_
I980,I980
C4090,C409
K825,_
M9444,_
W2041,_
F43,F439
Z1389,Z138
H608X1,_
L0889,L088
M2436,M2436
T573,T573
1960,_
840,_
R649,R64
Z01226,Z012
T593,T593
C19P12,C19
E134,E134
W2989,_
I6935,I693
0419,_
S20,_
C7837,C783
V1799,_
H1891,H189
H328,H328
Z3803,Z380
M1892,M189
V532,_
M4112,M4112
S3721,S3721
S3661,S3661
S3602,S360
X0803,_
C674,C674
M308,M308
A0,_
O3,_
Z4915,Z491
E112_N083,_
Y526,_
M7960,M7960
7392,_
G469,_
B98,_
S3080,S308
K748,_
S0606,S060
Z9887,Z988
C877,_
W071,_
D1601,D160
349,_
V539,_
M103L,_
W2709,_
H6532,H653
0713,_
P13,P139
W0608,_
P205,_
H4053,H405
Q9381,Q938
A015,_
566,_
E7525,E752
W7899,_
S6103,S610
I572,_
W3112,_
S0802,S080
Y5,_
F881,F88
N121,N12
M0819,M0819
T263,T263
M2116,M2116
Y995,_
M1912,M1912
E102N,_
I1019,I10
Q313,Q313
W0499,_
S6591,S659
J192,_
T1801,T180
O397,_
S9141,_
N790,_
Z1914,_
41,_
J0301,J030
T787,_
T329,T329
E1391,E139
E3503,E350
M9868,_
I28,I289
I726,_
E705,_
Z0122,Z012
H3352,H335
K9413,_
J9621,_
B333,B333
Y294,_
O8030,_
S3204,S320
A0472,A047
M8171,_
Y0491,_
S8104,S810
Y557,_
S6153,_
S76,_
S847,S847
9960,_
O8089,O808
E1419,E141
T484,T484
M9114,M911
F121,F121
G941,G941
I1199,I119
H9813,_
E00,E009
S3011,S301
P2912,P291
W344,_
S748,S748
R9181,R91
T3142,T314
S294,_
S1999,S199
F835,F83
C8140,C814
M9690,M969
C4140,C414
M9410,M9410
X584,_
87,_
H369,_
K699,_
H4701,H470
H4390,H439
D553,D553
M6506,M6506
ICD10,_
Z54,Z549
C003,C003
S0881,S088
4280,_
O681O,_
I544,_
H0432,H043
O6480,O648
Z370O4,_
C041,C041
Q354,_
I2521,I252
H2505,H250
D652,D65
X66,_
S358,S358
H6113,H611
H6600,H660
S266,_
M166,M166
A327,A327
882,_
V2348,_
S3312,S331
M178,_
L1890,_
B2209,B220
L663,L663
N2881,N288
A040,A040
N012,N012
N4883,N488
S0561,S056
U838,_
X4801,_
E0810,_
480,_
I331,_
S8202,S820
X62,_
Q569,_
O429O4,_
O4403,O440
W679,_
Q8330,Q833
M2578,M2578
W178,_
0351,_
P0300,P030
759,_
S9051,_
B099,B09
J3390,J339
J284,_
K922K8,_
P139,P139
I173,_
N68,_
S3790,S3790
8604,_
Z444,_
C438,C438
I2699,I269
M6592,M6592
I648,I64
W489,_
N316,_
E71,_
W2381,_
L8581,L858
G61,G619
Q6139,Q613
Q843,Q843
O513,_
Z3850,Z385
J036,_
E113N0,_
D5,_
N2810,N281
C8388,C8388
G8191,G819
W1599,_
C580,C58
P3609,P360
J4999,_
C7111,C711
721,_
K6139,K613
Z8782,Z878
S8981,S898
0069,_
K6480,_
1029,_
K3501,K350
S8213,S821
H550,H55
S6710,_
H31,H319
T578,T578
T507,T507
R520,R520
Z735,Z735
T8372,_
V1894,_
I893,_
Q6581,Q658
G214,G214
W2281,_
S5501,S550
T2302,T230
V4248,_
L234,L234
S8151,_
L380,_
039,_
E793,_
U5010,_
N442,N44
K5191,K519
T2200,T220
L8580,L858
Y542,_
B387,B387
S2194,S219
M8142,M8142
C473,C473
8611,_
A511,A511
G890,_
O7011,O701
P691,_
H7443,H744
H3589,H358
T038,T038
5490,_
A34,A34
M9511,M951
H253,_
C536,_
T2322,T232
B3324,B332
O8099,O809
K034,K034
A031,A031
O122,O122
O67,O679
J1999,_
T285,T285
M9013,M9013
Z8940,Z894
N1321,N132
O213,_
W3422,_
4021,_
R4687,R468
V98,_
X460,_
L977,L97
C3401,C340
E2740,E274
C6951,C695
M9941,M9941
P061,_
M6002,M6002
S4600,S460
S3529,S352
I1518,I151
I0171,_
H5472,H547
S259,S259
Q875,Q875
S2131,_
9051,_
W2042,_
E53,E539
C973,C97
M2196,M2196
V1049,_
P634,_
O985UO7,_
C165,C165
S7091,S709
2502,_
C0590,C059
R741,_
D1630,D163
M8195,M8195
O825,_
Q500,Q500
S6820,S682
F871,_
M5398,M5398
M959,M959
Q223,Q223
M1610,M161
P11,P119
F640,F640
Z803,Z803
1502,_
M76,M769
K958,_
E1032,E103
H2154,H215
G5610,G561
J9312,J931
I561,_
O8069,_
Q32,_
S3739,S373
A166,_
M9851,_
P404,_
R24,_
K190,_
H1796,H179
F3113,F311
K3332,_
O4440,_
O2440,O2440
Y0971,_
S1315,S1315
I1638,_
V2844,_
G200,G20
T430,T430
M5338,M533
S6813,S681
T678,T678
K288,_
D654,D65
I1250,_
K237,_
N1836,N183
R55Y,R55
M6752,_
E0419,E041
H0248,H024
H0238,H023
C8303,C830
8810,_
E22,E229
K399,_
K2211,K221
U710,_
Q718,Q718
T8312,T831
A639,_
S9501,S950
V872,_
O1010,O101
G4590,G459
R393,_
M8689,M8689
2381,_
E095,_
Q776,Q776
O3602,O360
M8854,_
O877,_
R1030,R103
D566,_
L743,L743
Q6100,Q610
T2431,T243
02,_
E81,_
Y32XXXXA,_
N5091,N509
A053,A053
O9801,O980
B007,B007
C9002,C900
L238,L238
G6226,G622
J16,_
Z2436,Z243
P9506,P95
P340,_
730,_
M494,M494
G579,G579
M8613,M8613
A598,A598
E876UO72,_
1731,_
G730,G730
X840,_
I7589,_
A1561,A156
N1601,N160
1350,_
E,_
S5092,S509
T2231,T223
J8281,J82
J8210,J82
M994,M994
805,_
Z701,Z701
I77,I779
Y598,_
C333,C33
L4052,L405
R670,_
O979,O979
N84O,_
P180,_
Y0399,_
R225,_
W1761,_
M2597,M2597
S9000,S900
K023,K023
M4305,M4305
M0159,M0159
O4806,O48
W5908,_
X1909,_
W0988,_
X9989,_
V373,_
F205,F205
E270,E270
I755,_
D3,_
A901,A90
19T2,_
G830,G830
Q604,Q604
K95,_
O97,O97
T0799,T07
W1382,_
B0229,B022
H1180,H118
H920,H920
S414,_
S6010,S601
I857,_
J21,J219
Q226,Q226
C8307,C830
V887,_
K1292,_
I496,_
N396,_
L852,L852
T8311,T831
M8502,M8502
I6430,I64
C1071,_
I00J178,I00
K9304,K930
I507,_
1B,_
G923,G92
S939,_
T0290,T0290
M062,M062
B570,B570
C19X,C19
K2102,K210
K2911,K291
S343,S343
Z3161,Z316
J828,J82
L29,L299
T5141,_
E0510,E051
Z1195,Z119
S17,S179
Y23,_
N740,N740
M9808,_
382,_
Z3221,_
O706,_
S4430,S443
Y561,_
M7730,M7730
S0010,S001
K212,_
O0821,O082
H1583,H158
C841,C841
G534,_
Z9383,Z938
M4119,M4119
H2606,H260
C58J,C58
354,_
2591,_
M611,M611
R889,_
D6499,D649
Q860,Q860
V0199,_
R854,R854
C631,C631
Z3710,Z371
G220,G22
A709,A70
M221,M221
N120,N12
C823,C823
M7610,M7610
R9082,R908
A3790,A379
R457,R457
S5224,S522
Q724,Q724
J378,_
M8671,_
M8822,_
Y438,_
W501,_
T70,T709
E649,E649
A09E862,A09
O9920,O992
M7298,M7298
D991,_
O1000,O100
440,_
M8471,_
A577,A57
O189,_
H526,H526
Q44,_
Z1385,Z138
H3440,_
X5994,_
S8631,S863
W2993,_
Q01,Q019
P718,P718
L205,_
W2012,_
L521,L52
S5,_
U12,_
S4112,S411
Z876,Z876
O801Z1,_
D218,_
\0,_
E1403,E140
L574,L574
9090,_
L305,L305
M8093,M8093
S8520,S852
L0213,L021
045,_
8525,_
Y363,_
Y419,_
D273,D27
Q72,Q729
T2413,T241
H451,H451
5209,_
K618,_
Q10,_
Z3706,Z370
I89,I899
E141NO83,_
S4091,S409
Z3925,Z392
Z9921,Z992
N3200,N320
I98,_
L65,L659
K596,_
R053,R05
C4470,C447
S3112,S311
E840,E840
6236,_
S0592,S059
H0031,_
R857,R857
N74,_
B550,B550
I812,I81
H420,H420
Y0452,_
C1C9I,_
C1896,C189
I162,_
R05B4,R05
M4884,M4884
E724,E724
V948,_
D3600,D360
0033,_
A662,A662
S0570,S057
S8370,S837
F221,_
I4,_
Z9000,Z900
Z3281,_
M4052,M4052
Z848,Z848
J90UO72,J90
H1123,H112
O7208,O720
O4199,O419
W868XXS,_
B856,_
B389,B389
Q453,Q453
S2571,S257
J9630,_
K08,K089
T8151,T815
S9800,S980
Y85,_
S5611,S561
A138,_
M8261,_
S569,_
F639,F639
Y730,_
K3880,K388
1241,_
A094,A09
O0337,O033
N015,N015
J088,_
Z0141B,_
A013,A013
L8992,L899
Z4100,Z410
A359,A35
H1510,H151
S8209,S820
C758,C758
Y540,_
W236,_
O4101,O410
T1410,T141
L8993,L899
Z802,Z802
N8351,N835
A618,_
I8996,I899
C91D,_
O9985,O998
J336,_
O310,O310
I6783,I678
0279,_
S5000,S500
K8105,K810
Q628,Q628
O3121,O312
V134,_
K877,_
X6419,_
V439,_
K383,K383
K033,K033
C219,_
T389,T389
K7011,K701
I2119,I211
I093,_
H2013,H201
J9301,J930
N0832,N083
Y283,_
M2012,M201
I109E,I10
X8969,_
H9192,H919
V8901,_
S3089,S308
B164,_
J9590,J959
K3510,K351
E047,_
M9681,M968
N021,N021
503535,_
A439,A439
A028,A028
E0860,_
K9149,K914
M15,M159
K8025,K802
R880,_
O0340,O034
R201,R201
W0131,_
Y619,_
Z3491,Z349
I785,_
V374,_
V2719,_
I1310,I131
S5650,S565
J3201,J320
P244,_
H1620,H162
Q1502,Q150
O428,_
I8021,I802
S2031,S203
S4214,S421
S260,S260
I399,_
Z23,_
A363,A363
N8030,N803
J8999,_
P9943,_
D537,_
B2009,B200
24,_
O347I2,_
E170,_
L440,L440
B860,B860
B829UO72,_
X86,_
X199,_
E891,E891
M7128,M712
V093,_
L21,L219
77,_
N0202,N020
L9841,L984
S9135,S913
S5292,S529
1270,_
16000,_
V545,_
V8359,_
A141,_
W0299,_
Q2495,Q249
J90\,J90
I389,I38
Z208V,_
835,_
Z821,Z821
M8621,M8621
G9611,G961
R371,_
V1249,_
G512,G512
W0930,_
X1509,_
T208,_
O786,_
S9780,S978
0133,_
Z0038,Z003
L253,L253
E0990,_
J362,J36
O1402,O140
Y407,_
W5899,_
N9,_
M9043,M9043
S4084,S408
C705,_
R658,_
R078,_
R482,R482
L623,_
B2509,B250
C733,C73
T247,T247
B461,B461
M1595,M159
G25,G259
I174,_
O2443,O244
M6080,M6080
L0296,L029
W07,_
B838,B838
C9IP3,_
Q101,Q101
M5800,_
C795M,_
M5481,M5481
T698,T698
Q6661,Q666
K2821,K282
P546,P546
I009,I00
R937,R937
L838,L83
N1119,N111
K424,_
I50O,_
M4852,M4852
M7254,M7254
P712,P712
M4385,M4385
I32,_
G011,G01
K755,_
W2092,_
O2430,O243
S0171,S017
D0500,D050
Z3841,Z384
T738,T738
J912,J91
X4099,_
M675,_
S5002,S500
D2292,D229
R990,R99
M8121,M8121
F180,F180
M9712,_
C5019,C501
B321,_
K588,_
I07,I079
B362,B362
L809,L80
Q1501,Q150
T8011,T801
099,_
C1IT1,_
X6009,_
D36,D369
G850,_
Q640,Q640
K198,_
O8039,_
J620,J620
S300XXA,_
R110,R110
G814,_
E70,E709
H2820,H282
X459,_
J908,J90
Q818,Q818
R4510,R451
B81,_
S0070,S007
E142_N083,_
V248,_
P3912,P391
M3801,_
M2669,_
I6529,I652
N884,N884
N203,_
J3509,J350
E0529,E052
M1750,M175
O1419,O141
Q5601,Q560
V852,_
S0213,S021
H979,_
P90375,P90
R0989,R098
C221M,_
I2104,I210
T8571,T857
E179,_
Z2038,Z203
T7802,T780
K039,K039
S2991,S299
Z4880,Z488
E765,_
L9702,L97
K031,K031
D368,_
H0606,H060
T8190,T819
Z9551,Z955
Q901,Q901
C8220,C822
L0292,L029
W0404,_
P7449,P744
064,_
M0109,M0109
V921,_
M2331,M2331
V286,_
O0060,_
G630,G630
Z3480,Z348
D6490,D649
K4040,K404
K690,_
I5140,I514
X5902,_
O0339,O033
M4788,M4788
Z188,_
H7311,H731
N189Z,_
E119N,_
W19XX,_
I208I,_
E871A,_
W2692,_
V4069,_
M922,M922
M3518,M351
A17,A179
O8001,O800
E1194,E119
O4211,O421
X5961,_
C187M8220/3,_
99463,_
N8980,N898
T259,_
D462,D462
N20O,_
Z3932,_
T503,T503
T1700,T170
X4,_
G139,_
F133,F133
O0693,O069
H4702,H470
F1994,F199
M6583,M6583
C4490,C449
L181,_
M9541,M954
C895,_
N6122,N61
1861,_
K8018,K801
S79,S799
1694,_
D17ZZ,_
M4149,M4149
N073,N073
K8036,K803
W2073,_
B300,B300
V6299,_
W399,_
I200AO60,_
Z1920,_
D6869,D686
Q5311,Q531
M8186,M8186
F73,F739
B597,B59
L98L9,_
U828,_
N770,N770
E411,E41
B0222,B022
R05I1,R05
58,_
V939,_
M4859,M4859
W263,_
N954,_
S8246,S824
D841,D841
F4119,F411
P790,_
V91,_
J960N,_
L0340,_
S3242,S324
S0012,S001
F28,F28
A099E681,A09
A304,A304
X1799,_
M317,M317
V179,_
072,_
P043,P043
M7265,M7265
W1894,_
I788,I788
K802E,_
E789K,_
O429Z3,_
I8081,I808
M2502,M2502
W946,_
E1196,E119
B23,B23
H6506,H650
J1092,_
M4198,M4198
F084,_
J771,_
E0401,E040
D990,_
J4690,J46
O8251,_
J573,_
T5000,T500
M8221,_
C6211,C621
X1004,_
M2720,_
S6600,S660
X650,_
C19IFRP,C19
X1093,_
M9133,M913
K505,_
5804,_
G1229,G122
S8780,S878
0665,_
O767,_
X4600,_
K7601,K760
S348,S348
K7501,K750
W2089,_
D894,_
D572,D572
S949,S949
M7291,M7291
J601,J60
K541,_
E0861,_
E526,E52
S4602,S460
I1258,_
Z208F,_
H9353,_
B681,B681
M0085,M0085
B358,B358
J704,J704
C9109,C910
V2898,_
0360,_
C16T1,_
Z35O,_
F58,_
Y872,_
X139,_
Q89,Q899
0751,_
X2999,_
9450,_
Q001,Q001
W1904,_
O8O,_
H239,_
S3132,S313
H712,H71
K195,_
N8232,N823
Q5390,Q539
M2001,M200
X0404,_
D2411,D24
K5650,K565
X640,_
F80,F809
M6969,_
0770,_
B834,B834
681,_
C5018,C501
K063,_
J979,_
X40,_
V54,_
G65,_
X995,_
S0132,S013
S0082,S008
L0102,L010
Z339,Z33
C1893,C189
N026,N026
X497,_
M2160,M2160
M6707,M670
Y219,_
J1509,J150
M2571,M2571
M8085,M8085
6826,_
T2092,_
I333,_
I5001,I500
R414,_
W4591,_
N083Z,_
N2812,N281
K1331,K133
W0799,_
X5898,_
M420,M420
W2072,_
D2412,D24
Z1154,Z115
M6225,M6225
W6472,_
W2272,_
V31,_
Z881,Z881
E719,_
D286,_
F982,F982
K322,_
N6309,N63
Z3012,Z301
G344,_
H2515,H251
146,_
R7305,R730
430,_
5491,_
H4095,H409
K6035,K603
K4095,K409
530,_
C497,_
S5035,_
A640,A64
I6092,I609
Z4817,_
K3832,K383
Z768,Z768
K1180,K1180
N3210,N321
Y32,_
J9620,_
I202,_
L412,L412
T2122,T212
O6805,O680
Q8502,Q850
M6634,M6634
X0301,_
M5458,M5458
W1062,_
S3522,S352
D638I1,_
950,_
K724,_
S5206,S520
S6233,S623
F408,F408
M243,M243
P2242,_
Y45,_
D769,_
J459O,_
W261,_
S3639,S363
S3619,S361
W1393,_
V305,_
Q730,Q730
P237,_
T422,T422
K453,_
Z9350,Z935
L680,L680
D1031,D1031
D1442,D144
S5011,S501
W141,_
E642,E642
N7010,N701
Z52,Z529
N2590,N259
L28,_
C3440,_
S022X,_
F781,F781
5860,_
H3080,H308
H2541,_
S5641,S564
M4318,M4318
1370,_
M7797,M7797
S0604,S060
Y001,_
A31,A319
I153,_
J935,_
W866,_
C4,_
A71,A719
N1830,N183
K922J,_
V144,_
S5631,S563
M9380,M9380
F913,F913
F929,F929
D1411,D141
A16O,_
K853,K853
C5013,C501
V049,_
B2092,B209
O0095,O009
C4031,C403
K8067,_
D54,_
M8922,M8922
S5891,S589
0232,_
M141,M141
S6306,S630
I7431,I743
S5242,S524
K085,_
E228,E228
E229,E229
Z719,Z719
S0232,S023
H7041,_
O599,_
V8919,_
W1893,_
K7700,K770
R0011,R001
D365,_
R130,R13
I43,_
T690,T690
N7003,N700
W1089,_
M8628,M8628
J857,_
Z756,_
D0571,D057
Z8511,Z851
M2421,M2421
H435,_
X1009,_
T218,_
Z511C,_
H1631,H163
O413,_
K4590,_
Q232,Q232
99360,_
Q812,Q812
M4857,M4857
C541M8380/3,_
C19HI,_
F340,F340
C539M8072/3,_
H338,_
H1480,_
L0892,L089
D4892,D489
J8690,J869
F424,_
S2239,S223
I304,_
E124,E124
X3499,_
E759,_
W2617,_
X5988,_
Z575,Z575
O878,O878
O898,O898
I486,I48
8820,_
K1201,K1201
L9815,L981
L7230,_
I394,I394
C429,_
M744,_
N476,N47
P2393,P239
I7409,I740
C9390,C939
R181,R18
V1149,_
W1819,_
W0719,_
M7021,M702
M9384,M9384
S23,_
O274,_
0343,_
H3001,H300
E0505,E050
N9391,N939
471,_
M3580,M358
M264,_
X110,_
W42,_
X1204,_
G5584,G558
E1436,E143
K5939,K593
D2191,D219
D2251,D225
C509Z,_
I136,_
D348,D34
Y546,_
M9831,_
M4624,M4624
O3221,O322
N725,N72
M9600,M960
O8205,O820
M8961,M8961
F601,F601
M340,M340
53630,_
T64,T64
ND01,_
CR4651,_
S6232,S623
T2433,T243
G96,G969
J1811,J181
C871,_
5721,_
A984,A984
X950,_
C5401,C540
M9490,M9490
K4001,K400
0FT40ZZ,_
G9589,G958
V283,_
M1319,M1319
H380,_
I6569,_
S0683,S068
D28,D289
V2809,_
Z9871,_
P713,P713
K3508,K350
A792,_
K185,_
V345,_
E934,_
H381,_
A1782,A178
M4118,M4118
Z962,Z962
W0158,_
V2995,_
Z038Z2,_
B814,B814
P9693,P969
O374,_
E201,E201
M49,_
Z3432,_
O2359,O235
O9981,O998
V2059,_
E0969,_
V5779,_
J0400,J040
C1897,C189
510,_
N8580,N858
W5299,_
J1571,J157
H1033,H103
364,_
C5009,C500
D083,_
E082,_
K736,_
S4271,S4271
U072C,_
D7583,D758
485,_
X359,_
M8790,M8790
T0291,T0291
J360,J36
O646XX0,_
T870,T870
5718,_
C1819,C181
S9082,S9082
601,_
I242,_
M9988,M9988
T532,T532
V034,_
D55,D559
S2430,S243
R823,R823
H72,H729
T769,_
S6211,S6211
R867,R867
K9146,K914
I5021,_
M8350,M8350
S072,_
W400,_
N1196,N119
D778,D77
I644,I64
B7705,B770
Q107,Q107
E855,_
Z2032,Z203
S1093,S109
C4A9,_
F301,F301
O671,_
Z058,_
R722,R72
G622,G622
438,_
9271,_
O379,_
T485,T485
H1,_
O6195,O619
D491,_
S28,_
00\,_
A209,A209
M4389,M4389
M2240,M224
H1609,H160
Z522,Z522
W1209,_
I5096,I509
K319Y,_
J063,_
S160,S16
O875,_
O3342,O334
L43,L439
K5083,K508
A85,_
M9864,_
J058,_
S38,_
H6060,_
G52,G529
D6384,D638
K412,K412
V0249,_
V0240,_
910,_
D4400,D440
R9210,R92
K5100,K510
D1330,D133
D4402,D440
I8029,I802
P772,P77
S4351,S435
F024,F024
D931,_
O591,_
U639,_
0640XX0,_
1113,_
B431,B431
M8075,_
W454,_
024,_
A749,A749
E8738,E873
I2000,I200
C19R1,C19
X1099,_
M8693,M8693
C589,C58
V4999,_
S312TYPEA,_
O6290,O629
Z588,Z588
I117,_
1638,_
Q6239,Q623
5D,_
P367,_
P2397,P239
L569,L569
C8592,C859
J9180,J91
K752Z,_
V484,_
H2782,H278
R0903,R090
S758,S758
A090E861,A09
D552,D552
H2582,H258
I813,I81
M838O3,_
B959,_
X0699,_
V72,_
S471,S47
K1110,K111
O0981,_
X409,_
C0785,C07
P304,_
Z3082,Z308
O9932,O993
O327,_
H199,_
S2119,S211
Z150,_
Z8674,Z867
W920,_
N297,_
I8425,I842
D2371,D237
K7211,K721
7109,_
Q979,Q979
5883,_
O859,O85
T651,T651
J9584,J958
Z1635,_
L588,_
L019,_
A378,A378
B761,B761
G3090,G309
A260,A260
M569,_
R502,R502
N233,N23
S770,S770
H7190,H71
I619Z,_
J729,_
K89,_
M9111,M911
P81,P819
T272,T272
N7501,N750
A001,A001
M8158,M8158
B390J172,_
W5240,_
Z3740,Z374
P225,_
V,_
J801,J80
V344,_
M66,_
N3945,N394
E8311,E831
O3329,O332
H7410,H741
B003,B003
S693,_
P502,P502
E90N1,E90
K295K,_
K5109,K510
E721,E721
S8999,S899
O708,_
F348,F348
E8972,_
C088,C088
D4102,D410
Q1020,Q102
E8601,E86
B390,B390
F065,F065
H3191,H319
G181,_
A257,_
A588,A58
O2402,O240
Z491Q,_
C3840,C384
T2246,T224
Q6640,Q664
X0903,_
A027,_
D7212,D721
S4340,S434
S4204,S420
C4412,C441
L787,_
M2455,M2455
K7040,K704
P0117,P011
K5151,K515
D998,_
J818,J81
S2011,S201
S0632,S063
F14,F149
O906,_
O6891,O689
H83,H839
E142N08,_
V796,_
J820,J82
W38X,_
0606,_
S7981,S798
M7262,M7262
X433,_
I189,_
K952,_
O6800,O680
C539M8,_
R793,_
M4908,M4908
C9193,C919
P339,_
R23,_
D7589,D758
A099I,A09
O0089,O008
Z1810,_
B232,B232
W1493,_
O4390,O439
S5991,S599
S6402,S640
T39,T399
P235,P235
M3140,M314
8205,_
5796,_
J296,_
J3831,J383
2912,_
0664,_
E390,_
R820,R820
B9725,B972
N185XXX,_
N19XXX,N19
N189XXX,_
N083XXX,_
N039XXX,_
W2352,_
0240,_
D155,_
Y95I2,_
A272,_
S132,S132
J9292,J929
W1791,_
541,_
Y364,_
T522,T522
T652,T652
T324,T324
M6081,M6081
C092,_
D984,_
I1619,_
M9182,M918
Q52,Q529
M8744,_
N8494,N849
5308,_
V595,_
I874,_
S3341,S334
5816,_
M8006,M8006
T034,T034
T8405,T840
O0I9,_
T820,T820
W1109,_
Q31,Q319
N0329,N032
S6551,S655
Z022,Z022
O1511,O151
Z051B1,_
S780,S780
W1802,_
D3131,D313
B943,_
K361,K36
J9032,J90
020,_
D786,_
Y95G9,_
K759I,_
B029U,_
I695,_
K2976,K297
P348,_
D2592,D259
R383,_
C5109,C510
Q8312,Q831
M2781,_
W112,_
R5700,R570
M4029,M4029
L0481,L048
S133,S133
M9300,M930
M9682,M968
Z258,Z258
B071,B07
D2210,D221
C7801,C780
O6331,_
Z363,Z363
I1517,I151
X7299,_
H1104,H110
N669,_
V77,_
H5440,H544
A571,A57
M9183,M918
1697,_
5095,_
5758,_
H2530,_
P0119,P011
G702,G702
K4311,K431
M1984,M1984
K5140,K514
99501,_
99502,_
S7380,_
Y5962,_
D966,_
D497,_
G929,G92
C9X1,_
C370,C37
M3290,M329
N0863,_
T513,T513
J9,_
H2040,_
H0260,H026
7740,_
R651A,_
J91E4,J91
Q050,Q050
R648,R64
5066,_
J8393,_
K5081,K508
S0400,S040
E033,E033
773,_
N8090,N809
R574,_
K5506,K550
M98N3,_
M5185,M518
1855,_
Q601,Q601
I298,_
I2191,I219
S8925,_
F4310,F431
M547,_
M8504,M8504
M2460,M2460
M7936,M7936
O46,O469
J28,_
E48,_
K8047,K804
R660,_
C174,_
123456,_
C19PP4,_
799460,_
Z0152A1,_
M7930,M7930
B3530,B353
M8858,_
M8143,M8143
Y264,_
1620,_
J361,J36
A122,_
S8199,S819
B9209,B92
Z343,_
C192,C19
I6350,I635
O6549,O654
O0622,O062
0671,_
O486,O48
P0145,P014
M8101,M8101
O800N,_
R800,R80
D969,_
S151,S151
L036,_
N1585,N158
3441,_
T4232,T423
X356,_
U808,U808
B271,B271
C109T2,_
Z0377,_
C29T2,_
Z02041,Z020
Z02051,Z020
CR4687,_
M3,_
Z0204,Z020
Z0205,Z020
K10,K109
R093,R093
M991,M991
D1631,D163
H4120,_
381,_
H3343,H334
L3092,L309
H3211,_
S9180,_
N3020,N302
150,_
K8031,K803
C4471,C447
C8331,C833
Z371I,_
D4771,D477
K449E,_
K476,_
Z3680,Z368
D511,D511
H4419,H441
Z9471,Z947
Y617,_
Y882,_
Y813,_
H0460,H046
G4598,G459
Y1404,_
T8259,T825
0230,_
L904,L904
H5031,H503
H5030,H503
R369,R36
5845,_
T0060,T006
S9830,S983
M7190,M7190
H5290,_
O270,_
N1332,N133
G718,G718
M8262,_
W1958,_
J387J,_
3989,_
H5203,H520
H4323,H432
H829,H82
A1820,A182
E842,_
H3630,_
P214,_
C1120,C112
39,_
H1832,H183
G576,G576
M0598,M0598
S170,S170
D182,_
0349,_
3639,_
Q303,Q303
T5930,T593
E1462,E146
E0531,E053
D3702,D370
X300,_
N6089,N608
J034,_
J1011,J101
M0910,M0910
Q7420,Q742
S9349,S934
K872,_
5756,_
H480,H480
N98,N989
W83,_
D1712,D171
O0389,O038
S6440,S644
S2081,S208
E73,E739
I2002,I200
G229,G22
I8381,_
W504,_
H4980,H498
N0092,N009
M655,_
V040,_
F803,F803
D5383,D538
N1986,N19
K1160,K1160
C86,_
I590,_
M2339,M2339
5640,_
E491,_
B319,_
0470,_
H4730,H473
M1060,_
T851,T851
V804,_
O015,_
E0541,E054
O80O0,_
W590,_
S1010,S101
699,_
M6029,M6029
F511,F511
N286,_
I789,I789
O4201,O420
H5380,H538
H412,_
W292,_
M963,M963
C9103,C910
N4088,N40
O780,_
G020,G020
T284,T284
M6792,M6792
K1372,K1372
K6350,K635
B243,B24
V899S,_
D630Z5,_
T237,T237
K2080,K20
H116,_
I876,_
D5912,D591
D6941,D694
Z7952,_
S991,_
S9115,S911
Z718,Z718
J3432,J343
H479,_
H8258,H82
K968,_
M466,_
R03,_
V304,_
K176,_
E112NO8,_
K8510,K851
P801,_
M2634,_
R6011,R601
M515,_
O523,_
J350TYPEA,_
M2487,M2487
R564,_
O02B,_
W188,_
O0215,O021
M374,_
I1001,I10
S54,S549
X4926,_
P52,P529
I204,_
B450,B450
M2453,M2453
H,_
P5990,P599
D060,D060
M2534,M2534
S3621,S3621
G578,G578
L7217,L721
W2003,_
W1003,_
G55,_
W328,_
M2193,M2193
C178M,_
D4891,D489
4700,_
S3085,S308
G50,G509
G60,G609
H649,_
H5213,H521
D1730,D173
B25,B259
CR1877,_
N1399,N139
W406,_
G224,G22
Q6690,Q669
S6351,S635
N8591,N859
K616,_
K93,_
O0882,O088
S8551,S855
O256,O25
Y602,_
R231,R231
C176,_
M6259,M6259
A723,_
A1692,A169
M1596,M159
T2139,T213
S19,S199
K3538,K353
Y921,_
D029,_
E142NO33,_
W2393,_
H4641,H46
N193,N19
W8708,_
W0308,_
V4954,_
S6411,S641
N1485,_
A29,_
I7092,I709
I12O,_
Z4303,Z430
S0920,S092
B231,B231
S910TYPEA,_
M2549,M2549
H0205,H020
D3970,D397
D072,D072
H5302,H530
Q5302,Q530
C8580,_
Z3805,Z380
J131,J13
J500,_
820Z,_
7814,_
M4883,M4883
J319,_
P627,_
B651J173,_
432639,_
00000000000000,_
M7668,M766
X5699,_
D579,_
W6839,_
K6310,K631
C0800,C080
Z8742,Z874
K926,_
K979,_
F1010,F101
C3492,C349
G9349,G934
K1922,_
I1O1,_
M2139,M2139
J431,J431
N850N,_
A0970,A09
691,_
M364,M364
C593,_
E8614,E86
V8809,_
R613,_
I969,_
L710,L710
P216,_
G131,G131
C0290,C029
O4102,O410
2899,_
E1001,E100
J9491,J949
C7700,C770
J3805,J380
J870,_
H5700,H570
Z589,Z589
J290,_
S0721,_
V0301,_
N185_Z491,_
015,_
V231,_
Q729,Q729
S0008,S000
E1364,E136
A1615,A161
P595,_
E1009,E100
5578,_
S0572,S057
Z9101,Z910
3800GRAMS,_
3700GRAMS,_
L0480,L048
V640,_
M9832,_
M7927,M7927
T82,T829
O800P,_
N0302,N030
H0522,H052
H3103,H310
C6900,C690
H7080,H708
C7791,C779
H2631,H263
H4061,H406
H002,_
L7291,L729
H3491,H349
N185Q,_
L2415,L241
O8029,_
I6010,I601
O5809,_
S252,S252
M5482,M5482
W5209,_
D4890,D489
S6470,S647
C602,C602
M322,_
V349,_
D5O0,_
L824,L82
P0011,P001
D669,D66
R254,_
D008,_
M8787,M8787
M4026,M4026
Z3580,Z358
Q38,_
E1334,E133
Q356,_
H4739,H473
Z3280,_
S1194,S119
K7690,K769
W8508,_
Z9999,Z999
M1599,M159
Z619,Z619
S9032,S903
I7090,I7090
S5171,S517
Y319,_
L562,L562
H620,H620
L7622,_
R448,R448
O0081,O008
683,_
W2983,_
M955,M955
J911,J91
O415,_
W872,_
S6302,S6302
S0039,S003
W368,_
S0051,S0051
E970,_
V424,_
J3532,J353
B6,_
M6297,M6297
P2410,P241
S3182,S318
K181,_
W1952,_
T0200,T0200
K4032,K403
Z4591,Z459
Z9370,_
F437,_
E984,_
14IW54,_
G256,G256
D1171,D117
Q686,_
M1731,M173
M7650,M7650
M3821,_
E0834,_
1458,_
T8559,T855
Z3808,Z380
T348,T348
B419,B419
D6223,D62
K2956,K295
G9343,G934
Q2218,Q221
S5499,S549
L579,L579
V069,_
O1439,_
Y05,_
J234,_
Y0599,_
S8330,S833
V8998,_
E1310,E131
Z3881,Z388
K179,_
C189I,_
I053,_
D3941,_
R671,_
M9125,M9125
K4096,K409
W2162,_
5581,_
H0590,H059
Z3890,_
L9230,L923
G5702,G570
W2342,_
P2881,P288
R5990,R599
W1000,_
6902,_
O3645,O364
M3296,M329
M928,M928
B10,_
N1800,N180
C7190,C719
S6223,S622
S3151,S315
W4408,_
C230,C23
B689,B689
V8914,_
Y151,_
M2429,M2429
J9395,J939
E3331,_
H6621,H662
H4389,H438
779,_
1475,_
B214,B21
K387,_
S5085,S508
Z9663,Z9663
T51,T519
S3023,S302
219,_
I6321,I632
I7581,_
K5900,K590
X4609,_
M8491,M8491
S6155,_
W8792,_
B821,_
S6259,S625
N1853,N185
S420V8,_
L6071,_
L7281,L728
G679,_
N722,N72
M8191,M8191
N8325,N832
651,_
K842,_
G552,G552
Q7010,Q701
N9395,N939
M7522,M752
W1001,_
J702,J702
93935,_
C349M8000/3,_
H071,_
A758,_
W3178,_
W1888,_
W3193,_
M8360,_
N6111,N61
0OO1,_
0899,_
S8500,S850
S039,_
W5595,_
K446,_
4126,_
X7499,_
S067,S067
O114,O11
M9985,M9985
Z3A2,_
H4062,H406
M0605,M0605
S85,S859
W908,_
M7102,M7102
H1500,H150
E1195,E119
K238,K238
F5101,F510
L879,L879
M6789,M6789
E1492,E149
D2151,D215
H1052,H105
Z3922,Z392
Z137,Z137
I814,I81
29605,_
D952,_
P485,_
Q633,Q633
S9070,S907
M9501,M950
H3181,H318
S380,S380
C9300,C930
T721,_
X7808,_
K0602,K060
H558,H55
G4731,G473
P9181,P918
C555,C55
P681,_
C6480,C64
G9635,_
N379,_
V3759,_
J845,_
K350K,_
5259,_
M2599,M2599
S3321,S332
I8772,_
I1320,I132
9030,_
L934,_
M630,M630
372,_
O4422,_
C3701,C37
M2137,M2137
H6641,H664
W2909,_
B262,B262
K5282,K528
I79,_
N4822,N482
Z185,_
Q452,Q452
S6691,S669
L939,_
V881,_
V3909,_
M7912,M7912
B679,B679
V062,_
L798,_
P045,P045
N1420,N142
S3760,S3760
C7100,C710
M7965,M7965
M054,_
M8005,M8005
M118,M118
C16T2,_
S042,S042
N024,N024
H8102,H810
N186Q,_
0320,_
C748,_
S8287,S828
N9739,N973
T1111,T111
I11O,_
M1450,M145
A103,_
D2370,D237
I8321,I832
0908,_
P249_,_
V3298,_
G235,_
Q185,Q185
164,_
Z9550,Z955
E0921,_
I976,_
Q5055,Q505
C8550,_
L59,L599
O3432,O343
Q072,_
V183,_
J082,_
M8938,M8938
034,_
M905,M905
0371,_
B9562,B956
Q761,Q761
G110,G110
M5324,M5324
M5395,M5395
H3563,H356
G381,_
O6861,_
V1824,_
C7130,C713
X1208,_
111,_
M1939,_
P561,_
F966,_
M023,M023
N0289,N028
K527,_
I4901,I4901
M2533,M2533
T294,T294
H8081,H808
S6265,S626
T8361,T836
X5,_
H3002,H300
J1869,_
T3001,T300
C8273,C827
M0106,M0106
R438,R438
W1941,_
S6982,S698
K693,_
W1848,_
J229,J22
K955,_
Q1021,Q102
I97,I979
V1300,_
V2754,_
V2044,_
S7400,S740
I78,I789
K1239,K123
G7249,G724
5611,_
M8061,_
I855,_
I25I,_
M2636,_
A144,_
M7744,M774
M7746,M774
O119O,O11
W609,_
7741,_
Z271,Z271
V5398,_
O427,_
R0201,R02
M9763,_
C19PT1,C19
U071D696,_
S0102,S010
M9657,M965
M110,M110
Z658,Z658
H6620,H662
R6902,R69
L42,L42
M803,M803
N931,_
N3502,N350
I818,I81
M6504,M6504
5231,_
O7215,O721
W1471,_
5523,_
V1299,_
T58,T58
R446,_
M4195,M4195
Y068,_
Z3780,_
Y16,_
K188,_
D295,_
E700,E700
W016,_
822,_
I9779,_
L224,L22
J021,_
X4959,_
Y998,_
Z8911,Z891
X2303,_
M8420,M8420
S420Z9,_
C9010,C901
C040,C040
Z4700,Z470
H191,H191
M5471,_
R532,R53
J3503,J350
W1301,_
Y0444,_
A0103,A010
170,_
X9971,_
M4680,M4680
M355,M355
B71,B719
X5948,_
A099E,A09
N6315,N63
M6004,M6004
V320,_
K8O1,_
M6525,M6525
A269,A269
A750,A750
E23,_
J3301,J330
K9,_
D374D6,_
C026,_
W19XXXA,_
S6085,S608
Z7902,_
N2890,N289
M7969,M7969
T1009,T100
Z584,Z584
K4601,K460
M1818,M181
W4552,_
I8511,_
I5041,_
I2582,I258
I248I,_
M2010,M201
M2616,_
W2269,_
S5089,S508
O87,O879
E285,_
Q560,Q560
H176,_
O8298,O829
3701,_
A0488,A048
C112,C112
Q33,Q339
E3131,_
S545,_
116,_
C1199,C119
J1829,J182
H2120,H212
701,_
5630,_
S111,S111
I909,_
F0090,F0090
N6110,N61
I1296,I129
Y847,_
T16IXXA,T16
E127,E127
V2098,_
V800,_
S0611,S0611
K925,_
M8926,M8926
A291,_
M2381,M2381
M1033,M1033
G395,_
D75A,_
M4394,M4394
A210,A210
G9989,G998
L660,L660
I8810,I881
G5890,G589
S3183,S318
Y4099,_
S9242,S924
B9,_
A4319,A431
V1989,_
G543,G543
C955,_
S2222,S222
L279,L279
I505,_
7208,_
C911TYPEB,_
517,_
S0135,S013
V509,_
P0724,P072
H6002,H600
S4304,S430
M5335,M533
O154,_
J956,J956
W1252,_
M88OO3,_
J02,J029
Q5321,Q532
S6062,_
H7442,H744
J3090,_
O1692,O16
5262,_
O21,O219
J934,_
R805,R80
G6181,G618
T8501,T850
H844,_
F125,F125
D651,D65
A1569,A156
Y0448,_
S4432,S443
N8171,N817
P849,_
M7024,M702
E1060,E106
O1492,O149
M129,_
I355,_
P0726,P072
E676,_
E112N08,_
J1602,J160
N185E142N08,_
J304M,_
K7210,K721
H81I,_
301,_
Z799,_
K0511,K0511
H2111,H211
K1229,K122
N890,N890
J9091,J90
G9191,G919
9093\,_
N087,_
K3732,K37
N18L5,_
C391,_
Z0238,Z023
S281,S281
M31,M319
E519,E519
I1259,_
Z9841,_
A977,_
S246,S246
M1611,M161
H5271,H527
F334,F334
S8008,S800
S6031,_
R5382,R53
Q810,Q810
H4121,_
H3431,_
V2854,_
M643,_
D6308,D630
M8955,M8955
A48,_
4240,_
K1909,_
Z8579,Z857
Q796,Q796
X040,_
3900GRAMS,_
H1621,H162
N1085,N10
E1149,E114
K341,_
I172,_
M067,_
K0500,K0500
J478,J47
C22O,_
Z511Z,_
V224Z9,_
K5501,K550
T9400,T940
L7241,_
S739,_
G234,_
J3811,J381
A4159,A415
N6003,N600
O1392,O13
M2355,M2355
M4716,M4716
R41,_
V40,_
L5991,L599
T17,T179
H3020,H302
Q132,Q132
D76,_
W496,_
X583,_
W2289,_
M2588,M2588
M5339,M533
N825,N825
J189Y,_
W554,_
S0160,_
S6872,_
S7222,S722
33,_
S0911,S091
V4499,_
N4592,N459
0730,_
X7801,_
I6330,I633
Y564,_
L233,L233
Y529,_
V2000,_
O8709,O870
Y31,_
S891,_
M529,_
S3121,S312
U720,_
M2134,M213
F4320,F4320
S5640,S564
H663X9,_
H9519,H951
F512,F512
B94,B949
K138,_
S2232,S223
D268,_
Z972,Z972
I215,_
M3289,M328
M8820,_
X1399,_
E1362,E136
O82Z,_
E8621,E86
C169M8000/3,_
E1002,E100
N3900,N390
5661,_
M9670,_
H0511,H051
S9690,S969
O5810,_
N551,_
M2541,M2541
T8181,T818
W1334,_
I1513,I151
D658,D65
V1829,_
Z572,Z572
O1011,O101
M2484,M2484
M8780,M8780
M9261,M926
H7121,H71
O836,_
Z223,Z223
G54,G549
T0092,T009
M7926,M7926
H580,H580
W1820,_
T1893,T189
S8012,S801
S5012,S501
A090E,A09
S2083,S208
V5849,_
W519,_
X74,_
V429,_
S3330,S333
H442A9,_
H3408,H340
N0104,N010
M9900,M9900
H0192,H019
O542,_
T75,_
O434,_
Z142,_
M7899,_
A97O,_
M8546,M8546
0861,_
X1899,_
J031,_
Z5189,Z518
Z227,_
113,_
O2404,O240
0711,_
8740,_
D706,D70
G4710,G471
B790,B79
M4399,M4399
H2523,H252
F44,F449
C551,C55
K426,_
A560,A560
Z491Z,_
L9291,L929
5119,_
K5159,K515
S1230,_
I836,_
N2610,N26
W7599,_
H5082,H508
W809,_
F1910,F191
Y881,_
X0308,_
Q915,Q915
S330,S330
M7387,M7387
D055,_
B458,B458
A32,A329
Y950,_
I6180,I618
H5381,H538
S5681,S568
G510V,_
W237,_
Y959,_
S8611,S861
R224O,_
Z4961,_
R597,_
K5092,K509
D435,_
H4921,H492
C9020,C902
B2002,B200
E072,E072
A1811,A181
C89,_
N140I,_
I6150,I615
H3507,H350
C5701,C570
1468,_
M7191,M7191
Q1110,Q111
T732,T732
A095,A09
A090E8,A09
A099E8,A09
M1950,_
K139,_
N2988,N298
V2340,_
M6440,_
S2310,S231
C1PIP4,_
S2739,S273
Y9694,_
S967,S967
H343,_
Q982,Q982
S988,_
M9975,M997
875,_
S0689,S068
C787M8,_
F093,F09
K5449,_
M8573,_
5339,_
C544,_
T1010,T101
R922,R92
C4292,_
O805,_
1672,_
V376,_
V265,_
S0059,S0059
E750,E750
S6670,S667
C4481,C448
V2939,_
K542,_
V0929,_
T0063,T006
H7211,H721
C761Z5,_
E90F0,E90
E3521,_
X0862,_
V522,_
V490,_
H6023,H602
K5800,K580
R978,_
C4509,C450
O3653,O365
Z038UO72,_
X1A,_
V2800,_
S387,_
O529,_
E1340,E134
J974,_
M5409,M5409
F120,F120
A009E861,_
T1831,T183
P80,P809
G566,_
P0269,P026
4784,_
M2386,M2386
V2944,_
L0304,L030
Q293,_
O273,_
H593,_
D4611,D461
Q591,_
U207,_
Q6580,Q658
M846,_
K6284,K628
W2604,_
F113,F113
T2412,T241
M8591,M8591
A909,A90
M802,M802
K2746,K274
O639Z,_
J3511,J351
T0241,T0241
X988,_
B608,B608
B1819,B1819
E999,_
X1304,_
Q123,Q123
S3733,S373
N1292,N12
F1592,F159
0479,_
M5438,M5438
T699,T699
M789,_
C9001,C900
B899,B89
J032,_
B44,B449
080O,_
E8541,E854
680,_
0838,_
S060X0A,_
T9301,T930
T3120,T312
Z679,_
O996R,_
F019E,_
A6000,A600
K043,K043
X03,_
K577,_
W2358,_
D6459,_
Z1612,_
D1640,D1640
Z3531,Z353
V8900,_
D138,_
M2584,M2584
C203,C20
Q535,_
G078,G07
P654,_
F959,F959
D381D6,_
H6593,H659
Q984,Q984
G,_
N0,_
E876ELECTROLYTEIMBALANCE,_
Z946,Z946
J305,_
V2290,_
B650J173,_
I900,_
Y990,_
R491,R491
Q932,Q932
M7962,M7962
U837,_
S9252,S925
R6880,R688
J3300,J330
H3413,H341
S250,S250
F4011,F401
N9250,N925
M599,_
V8924,_
S193,_
V045,_
W2602,_
U08,_
C1101,C110
C7A8,_
C1110,C111
C19IPI1,C19
W561,_
C102,C102
R3981,R398
L0283,L028
V1140,_
R441,R441
638,_
L320,_
K247,_
E54,E54
B932,_
E825,_
C982,_
S276,S276
V379,_
W1300,_
L0380,L038
C7878,C787
O0020,O002
M4649,M4649
S4140,_
O491,_
H4714,H471
D3901,D390
C5702,C570
M8964,M8964
O448,_
W1928,_
J94,J949
H1020,H102
F45,F459
D327,_
S3140,S314
M6255,M6255
S992,_
P242,P242
I953,I953
J9300,J930
Z8914,Z891
K4300,K430
Q5300,Q530
V1939,_
Q679,_
S0622,S062
K791,_
I120HD,_
M0638,M0638
G970,G970
C5000,C500
C8470,C847
238,_
158,_
C079,C07
O0021,O002
J0430,_
F016,_
Z650,Z650
M5484,M5484
M4349,M434
K789,_
J965,_
C229Z5,_
U22,_
E20,E209
I8510,_
K3188,K318
S4246,S424
Z7901,_
X2003,_
M2117,M2117
B889,B889
Q2731,Q273
E145O,_
L9221,L922
W433,_
R530,R53
T748,T748
E223,_
W1768,_
M2181,M2181
W1782,_
H463,H46
8256,_
H450,H450
C1829,C182
C1811,C181
C6490,C64
T0711,T07
C1839,C183
C1840,C184
C1816,C181
D277,D27
C1848,C184
C1815,C181
M838,M838
7589,_
T497,T497
Y567,_
M2000,M200
O665Z,_
S948,S948
T7240,_
S0050,S0050
C5031,C503
R610,R610
5879,_
5824,_
O6,_
M9604,M960
W0619,_
O0387,O038
K066,_
N969,N96
E1040,E104
Y95I8,_
X597,_
Z844,_
S6050,_
M1904,M1904
Y1799,_
A15O,_
G437,_
M2601,_
T133,T133
F62,F629
C10T2,_
C19TT2,C19
D6101,D610
G8929,_
M7090,M7090
C518,C518
T277,T277
O6821,O682
W1373,_
B680,B680
H7381,H738
H711,H71
S0783,S078
M205,M205
M2469,M2469
3871,_
L6199,_
K731,K731
S2181,S218
I63I,_
5855,_
T9000,T900
Z913,Z913
Y27,_
P053,_
J862,_
Q6001,Q600
V9299,_
H960S,_
E790N,_
1770,_
M9485,M9485
M7591,M759
I7391,I739
E3535,_
L753,_
Z2078,Z207
O0054,_
X501,_
J690I,_
I884,_
O62O,_
M1254,M1254
W699,_
Z8950,Z895
S0562,S056
S712,_
S5521,S552
I283,_
J9809,J980
S3412,S341
621,_
C1499,_
I6354,I635
H0662,_
M8114,M8114
W2952,_
T8681,T868
F190,F190
L069,_
W2708,_
H9590,H959
M0210,M0210
H9120,H912
P708,P708
A246,_
Z2461,Z246
E7,_
N1300,N130
Z0123,Z012
J4509,J450
D736,_
Z754,Z754
5951,_
I4696,I469
T055,T055
H3539,H353
U071N3,_
M969,M969
C19R2,C19
Y2882,_
T674,T674
M7952,M7952
B381,B381
T2312,T231
J066,_
B9671,B967
W2562,_
S2901,S290
N221,_
M8985,M8985
C1853,C185
C1821,C182
C1835,C183
C1854,C185
C1850,C185
C1844,C184
C1862,C186
E670,E670
Z4941,_
X1904,_
T2310,T231
V060,_
V495,_
W1981,_
I129\,_
G5100,G510
P992,_
M458,M458
R463,R463
V2280,_
Z462,Z462
Z739,Z739
J6892,J689
T0800,T080
539,_
J802,J80
M931,M931
L8902,L890
I217,_
Z988K5,_
M7970,M7970
T7931,T793
T7930,T793
M8333,M8333
H4712,H471
C4499,C449
A87,A879
H8123,H812
W0140,_
S8331,S833
I1051,I10
N721,N72
X43,_
H4391,H439
N185\,_
L6010,L601
M805,M805
H519,H519
L900,L900
D3709,D370
Y0799,_
D4851,D485
L098,_
\\,_
I7140,I714
M9532,M953
W155,_
M4791,M4791
1139,_
G12,G129
S3550,S355
D3300,D330
D1811,D181
C5O0,_
W0148,_
S184,S18
A961,A961
J3912,J391
980,_
M6623,M6623
0095,_
S282,_
X169,_
S8272,S827
S8273,S827
S8274,S827
S8275,S827
E68,E68
D6496,D649
S6619,S661
N992,N992
N4340,N434
V8988,_
X829,_
M9363,_
N189NO3,_
M2419,M2419
R072,R072
V2989,_
297,_
D488,_
Z3930,_
M6092,M6092
M4307,M4307
H164O,_
D1061,D106
S8264,S826
S0801,S080
Z520,Z520
S7310,S731
I545,_
D3132,D313
919,_
K7881,_
M8870,_
E34,E349
W1944,_
0480,_
5599,_
R454,R454
O0100,O010
3119,_
X6008,_
M9654,M965
M0536,M0536
M4793,M4793
B629,_
S6442,S644
E801,E801
C8596,C859
O6600,O660
M1209,M1209
S854,S854
S4631,S463
R84,R849
V821,_
W354,_
D6942,D694
Q78,Q789
I329,_
S035,S035
W086,_
D1011,D1011
L841,L84
I4991,I499
M9281,M928
Y306,_
T8404,T840
A361,A361
O6520,O652
C5022,C502
W2373,_
X9944,_
W1971,_
M8918,M8918
M780,_
K362,K36
M4616,M461
N038N1,_
Q6521,Q652
R341,R34
R1031,R103
668212,_
T570,T570
J633,J633
O041,O041
9178,_
J932,_
C787C7,_
S0880,S088
K077,_
V41,_
Y939,_
T1800,T180
M4009,M4009
Q408,Q408
H800,H800
M4140,M4140
K874,_
W3182,_
A17G0,_
V1349,_
M8OOO3,_
M2413,M2413
C4930,C493
H1082,H108
Z2018,Z201
D994,_
O045,O045
D6206,D62
D782,_
C192T2,C19
A84,A849
W619,_
D458,D45
K7703,K770
O6003,O600
P420,_
I5084,_
S2250,S2250
S4902,_
M514,M514
C7641,C764
J369,J36
F175,F175
L7399,L739
S8332,S833
C27,_
X910,_
X0908,_
D5200,D520
M7013,M701
E121,E121
V2444,_
48,_
S3134,S313
C3091,_
O8611,O861
K097,_
M7719,M7719
U00,_
C909,_
T495,T495
M1288,M1288
M8488,M8488
E629,_
P184,_
M8936,M8936
I33,I339
M79A3,_
T3000,T300
M9893,_
N4310,N431
S3541,S354
N1361,N136
Z9361,Z936
Z8741,Z874
S9072,S907
J2192,J219
J0690,J069
J0300,J030
X680,_
V5852,_
M9200,M920
B58,B589
M8682,M8682
A348,A34
0760,_
C197T,C19
X6801,_
V1991,_
Z344,_
L8919,L891
Z2046,Z204
S5851,_
P034Z,_
S8440,_
Z3208,Z320
Z471,_
E731,E731
B991,B99
M056,_
N8O3,_
X500,_
K128,_
W0192,_
X831,_
Z1388,Z138
C3499,C349
M7234,M7234
M9559,M955
H9110,H911
I1248,_
Q6585,Q658
816,_
C4091,C409
W3073,_
V6284,_
T385,T385
N1885,N188
M8408,M8408
V699,_
W8662,_
W1818,_
W3163,_
H0003,H000
B115,_
O447,_
S2102,S210
E446,_
V679,_
N147,_
M7964,M7964
G3183,G318
Q160,Q160
Y580,_
D621,D62
R872,R872
S8781,S878
H6640,H664
A6190,_
Z1105,Z110
M910,M910
Y259,_
D2203,D220
M2604,_
M8131,M8131
A661,A661
O3636,O363
I8454,I845
Z0838,_
Z523,Z523
N9972,_
7718,_
J8403,J840
Q130,Q130
419,_
W4908,_
N389,_
O4690,O469
M455,M455
I2381,I238
T1792,T179
D189,_
N1191,N119
X4109,_
D878,_
N981,N981
M9561,_
S8242,S824
S676,_
E401,E40
T1990,T199
L505,L505
E091,_
V3259,_
F122,F122
K8082,K808
X41,_
I489J9,I48
A060Z,_
E114NO83,_
W5555,_
W5311,_
C7960,C796
X5890,_
P0518,P051
M7109,M7109
E1114,E111
O473,_
Z1158,Z115
H360H4,_
S5920,_
B840,_
M4702,M4702
K2120,_
G7591,_
C1912,C19
L664,L664
S5629,S562
P700P,_
H6549,H654
M1308,M1308
P78,P789
Q710,Q710
Z9109,Z910
Y830,_
M421,M421
Z420,Z420
W2899,_
R0402,R040
M6444,_
A1699,A169
A990,A99
Z4720,_
M8418,M8418
N2O,_
V480,_
V132,_
M4798,M4798
O485,O48
M2459,M2459
L760,_
W0694,_
N523,_
T2532,T253
I8301,I830
M2448,M2448
M2602,_
0980,_
L731,L731
C130,C130
K18,_
5493,_
L413,L413
V250,_
K2584,_
L083,_
I1140,_
G2570,_
M1120,M1120
D2291,D229
M8610,M8610
W4594,_
O7012,O701
O4109,O410
R248,_
C0296,C029
H0541,H054
S1183,S118
M8740,_
V1099,_
T679,T679
T654,T654
T633,T633
B661,B661
N4540,_
I928,_
L9102,L910
Q274,Q274
X5000,_
I321,I321
Q508,_
M6686,_
H373,_
M0569,_
H0461,H046
S3643,S364
T3141,T314
S3339,S333
H2683,H268
V3969,_
X4909,_
K5661,K566
N1380,N138
M7739,M7739
K240,_
6809,_
V55,_
R5714,R571
H746,_
S571,_
J922,_
Z811,Z811
V1809,_
K950,_
X5995,_
X2199,_
M473,_
M6025,M6025
T7580,T758
K35O,_
J3870,J387
L51,L519
C398,C398
E805,E805
O74,O749
038O,_
N82,N829
I2723,I272
2240,_
D624,D62
J913,J91
M2577,M2577
L871,L871
W88,_
S8325,S832
H3082,H308
H4339,H433
L061,_
Y1909,_
S940,S940
E1011,E101
Y89,_
O3460,O346
X698,_
M7605,M7605
D410D6,_
M2341,M2341
V477,_
S7522,S752
N148,_
E8350,E835
J963,_
Y9330,_
D04,D049
S7002,S700
B303,B303
C189M,_
V1800,_
5815,_
S3400,S340
T8031,T803
W2026,_
Z708,Z708
T3550,T355
E7878,_
X1214,_
C1590,C159
C0801,C080
J3820,J382
S752,S752
F111,F111
A180M490,_
H4621,H46
P638,_
Y523,_
T463,T463
S0049,S004
D259O,_
V2264,_
H5272,H527
0862,_
V1804,_
P098,_
S168,S16
I148,_
C7851,C785
V010,_
U172,_
I192,_
T0O9,_
X3030,_
W41,_
S3129,S312
D2131,D213
E1193,E119
V331,_
S303,_
M7556,M755
N8310,N831
T4991,T499
A422,A422
J1192,_
W81,_
B329,_
M1037,M1037
S580,S580
H7480,H748
D1739,D173
K9212,K921
Z0318,Z031
H083,_
C1109,C110
O1414,O141
H1681,H168
D783,_
Z316,Z316
M0526,M0526
0644,_
N1899,N189
I619N,_
P568,_
K2779,K277
H5200,H520
S6520,S652
S9511,S951
H4990,H499
M0688,M0688
S9112,S911
W091,_
M8894,M8894
G821,G821
Z02,Z029
Z0102,Z010
C3412,C341
W3404,_
L90,L909
59414,_
B053H671,_
A069E861,_
Z282,Z282
O0234,_
J4411,J441
I382,I38
O691Z3,_
O614,_
S262,_
S1980,S198
A21,A219
O8620,O862
0334,_
W7081,_
V534,_
K9419,_
W5498,_
P0717,P071
C281,_
A471,_
S0092,S009
S8130,_
I8730,_
W2992,_
W3119,_
D054,_
E812,_
Y58,_
N153,_
E8736,E873
M96,M969
M7570,_
I4599,I459
25,_
W3479,_
2372,_
I887,_
O3425,O342
0826,_
H7012,H701
Q013,_
Y8999,_
H3523,H352
E78O,_
N1371,N137
T8359,T835
R499,_
V8099,_
N679,_
73,_
Z031MALIGNANT,_
R259,_
T0090,T009
Z688,_
I2545,I254
M7263,M7263
K1123,K112
G9550,_
S0318,S031
C9310,C931
D523,_
Z2019,Z201
O6910,O691
O3211,O321
O691Z,_
C5369,_
N161,N161
K661D,_
D63O,_
D632,_
D8,_
V0244,_
Q755,Q755
Y513,_
M252,M252
X787,_
P34,_
J1845,_
N1302,N130
D2791,D27
K064,_
L079,_
G53,_
C476,C476
Z208UO71,_
C9240,C924
S2411,S241
D116,_
Z49Z,_
B395,B395
W0183,_
G966,_
C8461,C846
073,_
O766,_
S5252,S525
X4299,_
T404,T404
G699,_
C4687,C468
499,_
T8682,T868
R411,R411
S9801,S980
Z737,_
J9851,J985
I9101,_
E837,_
Z887,Z887
W3103,_
D3790,D379
J4976,_
E293,_
C0500,C050
N1350,N135
S7612,S761
R320,R32
C7949,C794
S856,_
K434,_
I1039,I10
4S,_
H6039,H603
P321,_
V9471,_
142NO83,_
K215,_
K094,_
Z3038,Z303
1226,_
K491,_
402,_
C5097,C509
S964,_
Z842,Z842
1038,_
A719,A719
O4389,O438
Z0153B2,_
A170G1,_
M8807,M880
P1100,P110
G11PUDELIVEREDTERMCE,_
H4099,H409
T5181,T518
S4081,S4081
Z508,Z508
2600,_
V837,_
J1799,_
I119E,_
H351P2,_
O3309,O330
D3741,D374
G553,G553
P541,P541
H3554,H355
G1111,G111
I290,_
S6214,S621
I6990,_
M1691,M169
1071,_
N24,_
D1000,D1000
I1298,I129
M7070,M7070
O164,O16
O488,O48
K6521,_
1210,_
J250,_
R683,R683
K2533,K253
E1460,E146
H6191,H619
C928,C928
O8080,O808
S0108,S010
N2O0,_
C7932,C793
M5389,M5389
T1150,T115
W265,_
M4885,M4885
E82,_
V2909,_
G466,G466
D395,_
R682,R682
E184,_
I1894,_
0449,_
082O,_
C169Z,_
T1802,T180
J043,_
S6014,S601
Z643,Z643
S8255,S825
M2120,M2120
E746,_
M644,_
A02,A029
S6410,S641
N913,N913
O21O,_
H53,H539
L57,L579
W262,_
I761,_
V8009,_
W3448,_
M8725,M8725
I892,_
I1119,_
M223,M223
M9533,M953
O8OO,_
C499M,_
C870,_
S395,_
H4771,H477
W1481,_
T544,_
T2501,T250
R778,R778
I8900,I890
X89,_
I550,_
N8,_
S9701,S970
C5004,C500
E438,E43
F17,F179
E64,E649
J1521,J152
S1211,S1211
T0502,T050
Q499,_
T1481,T148
W0241,_
S232,S232
E180,_
I834,_
L689,L689
I279J,_
N3201,N320
S7992,S799
E449,_
N6313,N63
C345,_
A633,_
T1581,T158
C876,_
Z5011,Z501
M7016,M701
C36,_
D2921,D292
Z3505,Z350
P121,P121
CR0304,_
N8981,N898
M4982,M4982
J9582,J958
O0099,O009
1010,_
E024,E02
E309,E309
C098,C098
Z251,Z251
45,_
J960Z,_
O378,_
X3088,_
X3062,_
E688,E68
E899,E899
S8400,S840
W2683,_
S9972,S997
2650GRAMS,_
4100GRAMS,_
O8983,O898
P088,_
N422,N422
K747,_
T8333,T833
L79,_
A9419,A94
B4790,B479
K3059,K30
H7093,H709
Y179,_
R40,R409
Z1215,Z121
A1701,A170
C3430,C343
P621,_
Q5392,Q539
K6328,K632
T5391,T539
H3110,H311
D2801,D280
H3111,H311
I539,_
M7150,M7150
W938,_
M4594,M459
L9180,L918
L0401,L040
C149T2,_
O829Z1,_
N905,N905
M7297,M7297
X5939,_
S0811,S081
H505,H505
H9193,H919
C359,_
S0105,S010
S3671,S3671
J4593,J459
A891,A89
L1290,L129
N605,_
T5491,T549
O8113,O811
M9824,_
U047,_
O68O,_
T590,T590
H48,_
K7301,K730
M645,_
S3350,S335
K864,_
V2601,_
W2703,_
W2503,_
H2561,_
G3P2,_
W698,_
J4560,_
R297,_
M6688,_
R2212,R221
B0701,B07
S7991,S799
J89,_
M08,M089
V8902,_
E258,E258
R468,R468
D803,D803
X782,_
O4700,O470
L418,L418
K1233,K123
I4949,I494
E716,_
N4832,N483
U170,_
S3205,S320
J880,_
C9030,C903
J318,_
O064\,_
B659J17,_
CP19CI,_
S6882,S688
O6980,O698
T537,T537
A162A,_
M1035,M1035
S9150,_
S5102,S510
O388,_
P0387,P038
M8147,M8147
1714,_
R568I1,_
I959I2,_
X479,_
D3279,_
R9179,R91
A1620,A162
P966,_
C5439,C543
O191,_
O992O2,_
C272,_
M8435,M8435
A1625,A162
V434,_
Z2302,Z230
L8090,L80
O4342,_
C5069,C506
49Z1,_
S782,_
O6914,O691
H1859,H185
J1093,_
G957,_
S5204,S520
S8782,S878
S9193,S919
W8703,_
G245,G245
N8350,N835
Z2251,Z225
I200R,_
O373,_
B656,_
I1093,I10
N1880,N188
M1253,M1253
C5396,C539
U0791,_
N1891,N189
I30,I309
W2341,_
B78,B789
O96,O96
M4300,M4300
N441,N44
P369Z,_
R633E,_
S6720,_
G11PUDELIVEREDTOLIV,_
J344,_
K9140,K914
N2884,N288
V30,_
R20,_
M0616,M0616
D430M,_
A04,A049
J9000,J90
UO71,_
W0614,_
Y463,_
K8032,K803
K9162,_
I2491,I249
U180,_
I14,_
J5490,_
Z161,_
N8091,N809
S6880,S688
K3583,K358
T380X5A,_
R745,_
C1772,_
H910,H910
E323,_
V5899,_
S5103,S510
A470,_
D394,_
Q7012,Q701
H1710,H171
S8410,S841
J90E4,J90
R512,R51
N8890,N889
Z8241,Z824
D503,_
J829,J82
S726,_
N2005,N200
550,_
I1195,I119
572,_
V1895,_
784,_
995,_
T459,T459
M9802,_
S3020,S302
A962,A962
V34,_
M4388,M4388
L372,_
M8323,M8323
N8301,N830
N136N,_
M7075,M7075
F040,F04
B569,B569
H2991,_
M8196,M8196
2965,_
S848,S848
S864,_
S6039,_
S5490,S549
C375,C37
L820,L82
Z836,Z836
U501,_
O0922,_
B0223,B022
J270,_
R5711,R571
O590,_
I7290,I729
P396,_
S8371,S837
C0591,C059
E69,_
D088,_
Q2492,Q249
50,_
J1863,_
K5232,K523
R899,R899
I6796,I679
467,_
R05JOO,R05
Z521,Z521
L631,L631
Q2439,Q243
G7281,G728
M7709,M7709
T420,T420
H4392,H439
M416,_
F90,F909
W2242,_
V0919,_
A060UO72,_
Y639,_
S066X0A,_
M2418,M2418
M7034,M703
Z380Q,_
W4593,_
V2759,_
L911,_
I129I,_
T8400,T840
S349,_
M9534,M953
C5039,C503
C1891,C189
A1859,A185
F420,F420
Q053,Q053
A521MI46,_
K516,_
S814,_
M4663,_
S5226,S522
O4400,O440
B051G020,_
M0009,M0009
K1321,K1321
B051,B051
N6083,N608
W1328,_
I2516,I251
S2611,_
J4401,J440
K2730,K273
Z306,_
Z1071,_
S6550,S655
W461,_
G37,G379
C8I9,_
W3483,_
3861,_
Z4462,_
H1689,H168
Y2289,_
G009N,_
J3004,J300
I448,_
9503,_
W4404,_
M7199,M7199
Z0042,Z004
V120,_
V877,_
L0204,L020
B893,B89
S8949,_
C456,_
786,_
X3,_
P5510,P551
M1719,M171
V330,_
Z069,_
V254,_
D2130,D213
P217,_
I1009,I10
K0840,_
C0823,_
M4184,M4184
O7182,O718
X72,_
N0303,N030
D655,D65
K2701,K270
Z2087,Z208
I542,_
8194,_
A084E861,_
C859M9590/3,_
C793M8000/6,_
N540,_
C0824,_
O1809,_
M8313,M8313
E880N,_
C534,_
Z1892,_
S6234,S623
W2904,_
L0260,_
I0710,I071
U208,_
J191,_
E119IG39,_
H6512,H651
M2561,M2561
I805,_
V109,_
O9900,O990
X8001,_
Z8902,Z890
K0900,K0900
S1271,S1271
N977,_
W039,_
H0510,H051
G785,_
R862,R862
K01I,_
Z8922,Z8922
H4681,H46
J835,_
R689,_
J781,_
H1817,H181
M8896,M8896
S8811,S881
O2409,O240
T9415,T941
W4473,_
W4441,_
T8530,T853
5914,_
F201,F201
C539M8010/3,_
H259CAT,_
Q368,_
N9081,N908
S8513,S851
T052,T052
X496,_
O4401,O440
Y110,_
Z9821,Z982
M2548,M2548
M984,_
M5432,M543
K9300,K930
M9850,_
C6590,C65
M2679,_
I799,_
C331,C33
Z8712,Z871
Z4491,Z449
H4032,H403
L441,L441
U0771,_
Y622,_
R5,_
X968,_
T8484,T848
0000000000000,_
Y353,_
B274,_
R521,R521
C19IT3,C19
C3291,C329
I2692,I269
H3049,_
M9665,M966
35,_
W8702,_
O41O,_
1340,_
G064,_
S0812,S081
T4IW55,_
X9399,_
S4115,S411
H4731,H473
K7708,K770
X559,_
Y631,_
T550,T55
W131,_
Z0153A2,_
S3002,S300
R619,R619
I3349,_
M3830,_
Z10,_
C19FR,C19
K9184,K918
W6449,_
R299,_
H2020,H202
H1800,H180
D565,_
E314,_
H8850,_
1610,_
5513,_
O0644,O064
T457,T457
I0,_
3109,_
J9045,J90
N057,N057
R898,R898
D4390,D439
M2464,M2464
I6141,I614
M8485,M8485
S768,_
Z5241,Z524
Y281,_
V694,_
E9871,_
Z1299,Z129
Y541,_
O315,_
Z220,Z220
I8001,I800
Y924,_
T101,T101
Z03O8,_
K2914,K291
Z323,_
V240,_
I064,_
M8969,M8969
017,_
O472,_
C4331,C433
M7030,M7030
M2345,M2345
M8102,M8102
H133,H133
M7080,M7080
T8410,T841
G43A1,_
J443,_
S457,S457
M7084,M7084
J9834,J983
N1381,N138
A4150,A415
S8802,S880
M7619,M7619
A162J,_
W54W,_
S6782,S678
V8996,_
T7801,T780
S2180,S218
S865,_
CR4675,_
A061E86,_
G1892,_
459,_
E8480,E848
L0381,L038
X92,_
H2571,_
H01,H019
O9123,O912
T1819,T181
817,_
E322,_
N2883,N288
0391,_
T11,T119
L7320,L732
Z473,_
W0180,_
K328,_
Z3141,Z314
E196,_
S2192,S219
I784,_
R0689,R068
X392,_
M4387,M4387
N1370,N137
G084,G08
V8559,_
T749,T749
O2411,O241
S0025,S002
C141,C141
T8572,T857
Z3908,Z390
L102,L102
W43,_
O0141,_
M8888,M8888
K173,_
U071CI9IP2,_
T8233,T823
V720,_
808,_
T367,T367
A142,_
O3250,O325
D869,D869
M148,M148
568,_
W0931,_
W1889,_
A60,A609
S6071,S607
V1969,_
Z3O1,_
J52A,_
A220,A220
O3413,O341
Z151,_
N959I,_
G4484,G448
K1121,K112
X6879,_
X7201,_
N55,_
B281,_
R968,_
O511,_
I6523,I652
J1843,_
E1136,E113
S3109,S310
Q8550,_
G387,_
S8818,S881
R9182,R91
W369,_
L9051,L905
I190,_
I8380,_
Z995,_
D20,_
W158,_
T785,_
P612Z,_
X9994,_
H244,_
G926,G92
I5082,_
E167,_
N3041,N304
Z464,Z464
E410,E41
D4989,_
W1400,_
N475,N47
U721,_
M571,_
7901,_
T393K,_
Y3148,_
T942,_
H6081,H608
F71,F719
J3881,_
S9790,_
M8091,M8091
N893,N893
M4105,M4105
S2208,S220
H2889,H288
Z4791,Z479
A051,A051
E887,_
V068,_
N1709,N170
C776,_
A638,A638
W2378,_
3200,_
A259,A259
U071EI19,_
M9767,_
S389,_
W498,_
R1211,R12
F931,F931
K025,_
P0801,P080
080D,_
U92,_
N37,_
T038X5A,_
T024,T024
Z828,Z828
V381,_
T354,T354
V4940,_
B398,_
C1817,C181
S7025,_
M085,_
M8477,_
S416,_
M523,_
W786,_
H366,_
Z013,Z013
Z407,_
O7003,O700
S0605,S060
Z0151C2,_
K308,K30
I251EII9,_
U0789,_
C3811,C381
S3993,S399
V3749,_
J9889,J988
I7789,I778
A670,A670
R593,_
I706,_
J1848,_
V950,_
L957,_
Z3011,Z301
N1900,N19
083,_
H6983,H698
H2508,H250
9099,_
W833,_
K9020,K902
C463,C463
Y2699,_
N353,_
B460,B460
X511,_
X1503,_
T475,T475
M3439,_
Z0118,Z011
C2,_
Q1411,Q141
0719,_
Z8719,Z871
J1988,_
A69,A699
P7422,P742
1920,_
M4197,M4197
V038,_
S4260,_
F918,F918
L278,L278
M2121,M2121
J179,_
Z566,Z566
M8809,M880
S8020,_
S26,S269
P297,_
O8619,O861
D577,_
L273,_
A5043,A504
S7692,_
L9303,L930
V847,_
M7922,M7922
F633,F633
M8627,M8627
V8824,_
I528,I528
F4533,F4533
R30,R309
P771,P77
R2222,R222
R57O,_
M8904,M8904
I248HYPOXIA,_
S2600,S2600
Q2599,Q259
S3001,S300
D679,D67
W3492,_
Q7271,Q727
S1291,S1291
M0081,M0081
D0013,D001
K67,_
D203,_
L9280,L928
Z356Z3,_
S7102,S710
S7980,S798
Y572,_
Y5969,_
N3581,N358
L81,L819
K1020,K1020
O199,_
V2998,_
O499,_
5800,_
F1719,F171
C4901,C490
M8625,M8625
H5242,H524
Q877,_
M6510,M6510
M8766,_
E824,_
I273,_
O0901,_
1719,_
A880,A880
C56D6,C56
N395,_
K5645,K564
Z8522,Z852
J1723,J172
A4198,A419
E1146,E114
632,_
S234,S234
S4691,S469
V492,_
M8655,M8655
L0233,L023
M7049,M7049
C943,C943
D82,D829
S0625,S062
P526,P526
07,_
X800,_
C19T2\,C19
M5006,M500
R088,_
T8542,T854
S9490,S949
T9330,T933
9094,_
T6589,T658
Y310,_
I119NO39,_
E1126,E112
H461,H46
Q1321,Q132
C7612,C761
K635I,_
1208,_
U,_
T3,_
I24B,_
K2222,K222
S914,_
T004,_
R685,_
X9199,_
Y449,_
M1591,M159
S5203,S520
K236,_
K1011,K101
N7092,N709
J8189,J81
0II,_
S2141,_
Q7230,Q7230
O4180,O418
842,_
G4041,G404
T610,T610
C072,C07
M4342,M434
Y0401,_
A715,_
C865,C865
Y568,_
W2202,_
S8025,_
O8702,O870
H4222,_
P3230,_
M8202,M8202
S8609,S860
I120NI89,_
I432,I432
W497,_
T8741,T874
D3611,D361
T2521,T252
T2391,_
C8001,C800
I896,_
184,_
O446,_
Z345,_
J093,J09
S6262,S626
E949,_
T973,T97
I317,_
Y410,_
C19PI,C19
M7686,M7686
T257,T257
S5680,S568
H809,H809
R914,R91
V709,_
K2735,K273
N123,N12
S006,_
W4495,_
O3002,O300
G5622,G562
C6932,C693
N04O,_
I372,I372
Z49T,_
O6400,O640
368,_
M8636,M8636
Z624,Z624
T4231,T423
K746I9,_
N693,_
E17,_
J514,_
0843,_
O026,_
T530,T530
56513,_
FP00,_
JO38,_
Z0161,Z016
T0099,T009
N19X,N19
N3121,N312
C7113,C711
A1651,A165
T141W,_
54,_
M4887,M4887
E822,_
S9841,S984
W251,_
P084,_
O8S9,_
J739,_
L510,L510
Z038Q,_
M4630,M4630
P5901,P590
W017,_
S1081,S108
H529,_
0CJS8ZZ,_
Z81,_
M614,M614
X618,_
Z491H,_
O299,O299
E789UO71,_
0328,_
061,_
U85,_
V589,_
L008,L00
Q96,Q969
J3291,J329
1380,_
S838,_
03,_
M9692,M969
M9550,M955
0309,_
O1449,_
O589,_
K609,_
L842,L84
I4541,I454
N0323,N032
V822,_
H5346,H534
B638,_
N390UO72,_
Z3770,Z377
2550GRAMS,_
R1000,R100
G829,_
A4196,A419
E862I,E86
A1880,A188
K160,_
K9309,K930
J641,J64
M3201,M320
I2490,I249
O820O6O0,_
M1222,M1222
K5102,K510
R690,R69
E1036,E103
M4380,M4380
Z691,_
S339,_
Y180,_
A20,A209
M7963,M7963
Q502,Q502
G631,G631
B579,_
W182,_
S3191,_
S4350,S435
C198T1,C19
W4996,_
S1991,S199
H0104,H010
T18XXA,_
H410,_
Z0301,Z030
C45,C459
T57,T579
739,_
K5532,_
A501,A501
R443,R443
H4729,H472
E8715,E871
O407,O40
I4470,I447
S4320,S432
H1002,H100
D7282,D728
M7904,M7904
K008,K008
