raw_code,mapped_code
J1893,J189
C19T3,_
A099,A099
99460,_
I639,I639
C19T1,_
S0600,S0600
N10,N10
J1892,J189
A970,_
E116,E116
G510,G510
C19T2,_
E878,E878
A419,A419
J1802,J180
P599,P599
G919,G919
N390,N390
A060,A060
N459,N459
I219,I219
N189,N189
A162,A162
O600,O600
H811,H811
I101,I10
T009,T009
I214,I214
G430,G430
B349,B349
J22,J22
C19X1,_
I619,I619
P369,P369
I119,I119
J989,J989
N008,N008
K800,K800
A971,_
K291,K291
I109,I10
I509,I509
E100,E100
J209,J209
C19X2,_
J849,J849
T793,T793
I500,I500
O200,O200
K760,K760
T921,T921
R560,R560
Z01201,Z012
I672,I672
J4590,J459
J441,J441
K297,K297
J841,J841
O210,O210
J111,J111
K805,K805
N133,N133
P081,P081
I341,I341
T000,T000
N178,N178
O234,O234
C19X3,_
C19CI,_
C61,C61
K599,K599
G710,G710
S224,S224
E147,E147
E115,E115
J960,J960
P209,P209
I634,I634
N938,N938
A090,A090
J869,J869
C19IP2,_
J449,J449
P073,P073
R570,R570
J069,J069
P618,P618
O751,O751
E876,E876
J068,J068
N131,N131
I499,I499
B181,B181
T784,T784
D649,D649
E881,E881
P368,P368
E111,E111
N179,N179
I670,I670
N832,N832
D619,D619
P239,P239
K566,K566
O230,O230
P831,P831
T814,T814
P031,P031
C19IP3,_
G938,G938
O990,O990
G931,G931
R42,R42
J90,J90
P011,P011
K113,K113
E162,E162
J46,J46
A160,A160
P009,P009
D372,D372
J81,J81
C19HI,_
I610,I610
C19FRP,_
E059,E059
O034,O034
E131,E131
P760,P760
R568,R568
A153,A153
P399,P399
P034,P034
E119,E119
P219,P219
K319,K319
N200,N200
A182,A182
S0290,S0290
A010,A010
K274,K274
D761,D761
Z01212,Z012
P240,P240
L031,L031
S011,S011
H814,H814
T509,T509
I633,I633
J91,J91
R509,R509
I880,I880
P025,P025
G809,G809
I330,I330
A167,A167
K299,K299
G935,G935
T630,T630
O721,O721
S0630,S0630
P551,P551
L039,L039
I209,I209
R54,R54
F064,F064
C19IP1,_
C509,C509
K255,K255
J101,J101
Z0141CL,_
J1899Y95,_
J4500,J450
P080,P080
K720,K720
Z01217,Z012
P038,P038
P051,P051
K750,K750
D70,D70
N049,N049
E43,E43
D509,D509
P008,P008
I635,I635
N185,N185
O364,O364
S2200,S2200
L033,L033
G723,G723
A502,A502
N939,N939
D62,D62
E145,E145
G038,G038
K631,K631
C539,C539
O998,O998
E110,E110
O470,O470
K810,K810
E039,E039
K290,K290
C20,C20
Z01219,Z012
O996,O996
S021,S021
I248,I248
N19,N19
Z390,Z390
F313,F313
O244,O244
T300,T300
L88,L88
T940,T940
P030,P030
J683,J683
P128,P128
N700,N700
I210,I210
E871,E871
N300,N300
P249,P249
L032,L032
K279,K279
J36,J36
I678,I678
J039,J039
I259,I259
N289,N289
M5410,M5410
G459,G459
I200,I200
I250,I250
L022,L022
M5327,M5327
I698,I698
N000,N000
M545,M545
Q899,Q899
K567,K567
G442,G442
O993,O993
Z01204,Z012
Z01220,Z012
C629,C629
G403,G403
D151,D151
I638,I638
G009,G009
G700,G700
N61,N61
K746,K746
J392,J392
H810,H810
K801,K801
G439,G439
J961,J961
G934,G934
K831,K831
K804,K804
K30,K30
K318,K318
C920,C920
K272,K272
K590,K590
A86,A86
G409,G409
M968,M968
N009,N009
A379,A379
C793,C793
Q282,Q282
A972,_
P221,P221
I251,I251
P001,P001
Z01209,Z012
E105,E105
A499,A499
S098,S098
A161,A161
K271,K271
P582,P582
N059,N059
K768,K768
Z0091,_
E784,E784
D480,D480
O410,O410
H669,H669
K830,K830
J988,J988
I693,I693
I099,I099
C719,C719
M4726,M4726
D500,D500
P012,P012
J939,J939
K219,K219
A168,A168
G450,G450
K270,K270
A418,A418
K729,K729
I64,I64
J40,J40
C19IP4,_
C163,C163
D487,D487
Z010A,_
I255,I255
O039,O039
I609,I609
K769,K769
E780,E780
G20,G20
T252,T252
P285,P285
Z01211,Z012
S097,S097
O268,O268
K573,K573
C349,C349
F209,F209
K137,K137
M0699,M0699
N039,N039
O150,O150
D430,D430
A062,A062
I48,I48
N170,N170
K85,K859
K579,K579
P968,P968
I600,I600
P360,P360
E02,E02
N132,N132
I618,I618
O069,O069
N139,N139
S913,S913
I420,I420
K904,K904
N201,N201
R571,R571
Z01213,Z012
D539,D539
G448,G448
S0660,S0660
A063,A063
M511,M511
C692,C692
P60,P60
E140,E140
P071,P071
I608,I608
C760,C760
O429,O429
P023,P023
D638,D638
P398,P398
A085,A085
Z0168,Z016
O141,O141
G401,G401
K250,K250
C765,C765
T210,T210
S099,S099
Z01216,Z012
F100,F100
I679G468,_
G900,G900
E861,E86
N450,N450
A89,A89
O149,O149
M940,M940
K808,K808
H46,H46
F312,F312
S0650,S0650
F203,F203
I674,I674
P015,P015
C220,C220
O366,O366
P598,P598
L038,L038
P593,P593
A150,A150
F451,F451
G259,G259
S0210,S0210
E101,E101
Z01214,Z012
M7999,M7999
C795,C795
K710,K710
C189,C189
N12,N12
E130,E130
I129,I129
A413,A413
Z01208,Z012
K802,K802
M4302,M4302
E748,E748
C786,C786
N47,N47
T620,T620
I615,I615
S390,S390
M5452,M545
T913,T913
K210,K210
T302,T302
Z01222,Z012
G609,G609
O992,O992
F319,F319
K564,K564
I256,I256
S0690,S0690
A183,A183
M1099,M1099
E146,E146
D469,D469
S0610,S0610
S868,S868
K740,K740
Z01206,Z012
K296,K296
I152,I152
K560,K560
G629,G629
A061,A061
B779,B779
B09,B09
S020,S020
A169,A169
O233,O233
O16,O16
P120,P120
C19PP1,_
H403,H403
T781,T781
K858,K858
P220,P220
J1803,J180
E230,E230
E106,E106
K550,K550
K273,K273
I213,I213
K638,K638
C19AT1,_
I110,I110
A157,A157
N40,N40
J931,J931
I677,I677
O211,O211
T813,T813
K913,K913
P612,P612
B159,B159
J1572,J157
C787,C787
Q038,Q038
N110,N110
G610,G610
N209,N209
L021,L021
P002,P002
O901,O901
H603,H603
P38,P38
I850,I850
P914,P914
O995,O995
I749,I749
J690,J690
D180,D180
D65,D65
T818,T818
O420,O420
Z01218,Z012
Z01202,Z012
N028,N028
O471,O471
J4510,J451
C859,C859
P700,P700
F323,F323
K639,K639
S0620,S0620
O911,O911
O862,O862
E136,E136
E835,E835
I240,I240
J709,J709
N308,N308
Q249,Q249
K739,K739
Z01221,Z012
E441,E441
C259,C259
Z01205,Z012
D630,D630
H651,H651
G952,G952
E877,E877
K766,K766
D391,D391
I472,I472
D381,D381
K650,K650
J1592,J159
C950,C950
I613,I613
N730,N730
Z0165,Z016
K859,K859
O479,O479
A279,A279
K598,K598
P819,P819
Z01210,Z012
D561,D561
B206,B206
O720,O720
K122,K122
T825,T825
I201,I201
E117,E117
P003,P003
O13,O13
K522,K522
M1000,M1000
M6269,M6269
I639G467,_
J4580,J458
Z01203,Z012
C910,C910
G419,G419
S140,S140
E875,E875
I208,I208
Z0151A1,_
M1090,M1090
E141,E141
Z356,Z356
M868,M868
J980,J980
I629,I629
F322,F322
I514,I514
I778,I778
M478,M478
C819,C819
A159,A159
H050,H050
T782,T782
T312,T312
C029,C029
M1999,M1999
N739,N739
M6268,M6268
O903,O903
D330,D330
K632,K632
S0240,S0240
A278,A278
J391,J391
M1009,M1009
I269,I269
S0680,S0680
S16,S16
I38,I38
I652,I652
G405,G405
K047,K047
K315,K315
S0271,S0271
M159,M159
P393,P393
Q212,Q212
M359,M359
K254,K254
C419,C419
N007,N007
D45,D45
T292,T292
P391,P391
N808,N808
M1399,M1399
I802,I802
N930,N930
G402,G402
S819,S819
D618,D618
E112N083,_
Z0142C,_
E109,E109
Q431,Q431
D693,D693
G933,G933
O152,O152
M485,M485
K510,K510
C58,C58
D752,D752
K851,K851
F530,F530
T001,T001
D728,D728
K570,K570
S017,S017
P921,P921
E050,E050
C160,C160
I630,I630
N419,N419
D66,D66
Z354,Z354
G031,G031
E890,E890
T887,T887
E052,E052
P032,P032
I5000,I500
C222,C222
C780,C780
A079,A079
D294,D294
M0099,M0099
C19PP2,_
Z01223,Z012
S018,S018
G048,G048
H409,H409
Z01215,Z012
P394,P394
A888,A888
C921,C921
M4362,M4362
K269,K269
T608,T608
M5412,M5412
E108,E108
O079,O079
D27,D27
P229,P229
M7915,M7915
N138,N138
N309,N309
D377,D377
A819,A819
L030,L030
P916,P916
C833,C833
S223,S223
K253,K253
N946,N946
M303,M303
M4789,M4789
S0640,S0640
K703,K703
Z348,Z348
C541,C541
N912,N912
A199,A199
T008,T008
D751,D751
Q619,Q619
B169,B169
K767,K767
F239,F239
G039,G039
N151,N151
E781,E781
J679,J679
Z0131B,_
M1990,M199
C229,C229
D508,D508
O989,O989
T754,T754
S092,S092
S044,S044
M1996,M199
K861,K861
G969,G969
K833,K833
O722,O722
D251,D251
D329,D329
M358,M358
I279,I279
O140,O140
O730,O730
S0260,S0260
T399,T399
B342,B342
Z01207,Z012
C923,C923
D599,D599
J698,J698
R578,R578
I744,I744
D371,D371
P809,P809
M329,M329
P364,P364
P922,P922
S764,S764
C749,C749
R579,R579
C169,C169
K529,K529
G618,G618
S2240,S2240
A913,A91
K256,K256
Z0169,Z016
P90375,P90
Q379,Q379
MCPO1,_
A099E861,A09
P201,P201
P017,P017
J110,J110
E107,E107
N180,N180
O809,O809
MDP01,_
M997,M997
N136,N136
C56,C56
G08,G08
D648,D648
E888,E888
P248,P248
J984,J984
K824,K824
C119,C119
N258,N258
K838,K838
I120,I120
I258,I258
Q233,Q233
J09,J09
G441,G441
Q043,Q043
E160,E160
C80,C80
Z349,Z349
O064,O064
P082,P082
G373,G373
I495,I495
K803,K803
G061,G061
P701,P701
D560,D560
O266,O266
E880,E880
S0270,S0270
R51,R51
K811,K811
D449,D449
S0280,S0280
J682,J682
K758,K758
S019,S019
Q644,Q644
I829,I829
S934,S934
P610,P610
O309,O309
P241,P241
I501,I501
N413,N413
G958,G958
J118,J118
P590,P590
C187,C187
D486,D486
P070,P070
P704,P704
A022J170,_
J1812,J181
M328,M328
Q211,Q211
H709,H709
N800,N800
S2241,S2241
K295,K295
M7988,M7988
E269,E269
F201,F201
I616,I616
O440,O440
D471,D471
B189,B189
I270,I270
T212,T212
O159,O159
M5416,M5416
I679G467,_
N135,N135
I493,I493
I776,I776
P039,P039
M7982,M7982
N048,N048
H819,H819
O342,O342
Z010B,_
G008,G008
I429,I429
C311,C311
Z0061,Z006
H700,H700
M7919,M7919
Q423,Q423
L024,L024
S0261,S0261
I620,I620
T600,T600
M0082,M0082
T783,T783
F453,F453
B178,B178
F059,F059
A38,A38
C798,C798
D698,D698
T629,T629
Z0052,Z005
M869,M869
I211,I211
G939,G939
M6299,M6299
B829,B829
Z01224,Z012
Q210,Q210
S910,S910
A509,A509
O758,O758
S007,S007
N312,N312
D569,D569
O994,O994
C851,C851
J387,J387
C401,C401
M543,M543
M532,M532
F109,F109
D550,D550
J390,J390
P361,P361
G312,G312
E831,E831
P020,P020
G400,G400
J950,J950
C900,C900
D589,D589
K658,K658
I422,I422
C269,C269
M0645,M0645
O991,O991
J440,J440
O723,O723
G122,G122
Q039,Q039
D390,D390
I614,I614
G049,G049
I490,I490
J1542,J154
D849,D849
F03,F03
J1292,J129
F199,F199
D595,D595
F101,F101
E788,E788
C341,C341
K828,K828
T500,T500
T752,T752
T002,T002
G458,G458
B659,B659
D375,D375
P158,P158
P211,P211
O678,O678
C080,C080
Q442,Q442
M7918,M7918
J930,J930
E616,E616
C19PP3,_
P613,P613
I471,I471
P000,P000
O713,O713
D352,D352
C73,C73
S008,S008
C312,C312
D370,D370
T905,T905
O988,O988
A35,A35
T520,T520
I470,I470
I068,I068
L023,L023
T982,T982
G406,G406
T831,T831
N158,N158
F29,F29
J969,J969
T673,T673
N058,N058
P006,P006
A014,A014
M4806,M4806
C492,C492
E46,E46
O059,O059
K292,K292
H71,H71
B348,B348
F309,F309
J80,J80
M8660,M8660
L983,L983
J132,J13
D164,D164
G728,G728
N288,N288
D473,D473
M819,M819
L511,L511
D690,D690
D259,D259
M1039,M1039
D67,D67
M7980,M7980
M600,M600
J1293,J129
E511,E511
M501,M501
D510,D510
G549,G549
M7998,M7998
C23,C23
M6298,M6298
T313,T313
T835,T835
I428,I428
N738,N738
Z0041,Z004
F200,F200
S2280,S2280
K286,K286
J060,J060
N030,N030
I309,I309
F329,F329
L512,L512
J848,J848
M1905,M1905
I479,I479
A049,A049
Q250,Q250
D758,D758
N003,N003
K259,K259
N498,N498
M45,M45
T758,T758
G909,G909
C19PP4,_
A408,A408
P611,P611
Z0011,Z001
L029,L029
D899,D899
C250,C250
G372,G372
E561,E561
P761,P761
H702,H702
C390,C390
I098,I098
T932,T932
I159,I159
K276,K276
E798,E798
T788,T788
M0693,M0693
M8669,M8669
S911,S911
O121,O121
S0200,S0200
G968,G968
C699,C699
M629,M629
M5386,M5386
T006,T006
E559,E559
J439,J439
Z0021,Z002
C19CIS,C19
K902,K902
P709,P709
T941,T941
Z380,Z380
N001,N001
A91,A91
A078,A078
I249,I249
G404,G404
12345,_
S060,S060
A90,A90
S810,S810
M760,M760
A064,A064
T360,T360
A010J170,_
T910,T910
K311,K311
K518,K518
A059,A059
N719,N719
D640,D640
A152,A152
O731,O731
K862,K862
C716,C716
S0220,S0220
M1900,M190
I00,I00
K700,K700
T310,T310
J448,J448
G410,G410
N281,N281
O861,O861
A084,A084
B019,B019
N137,N137
Q890,Q890
P028,P028
M628,M628
I139,I139
I359,I359
K759,K759
O985,O985
F259,F259
E631,E631
T311,T311
I694,I694
T839,T839
N202,N202
C494,C494
I052,I052
M301,M301
C414,C414
D568,D568
S610,S610
O719,O719
O717,O717
Z370,Z370
I229,I229
Z038,Z038
I650,I650
U071,_
M674,M674
V899,_
O703,O703
O800,O800
U072,_
Q668,Q668
D0510,D051
Z13,Z139
H2591,H259
L899,L899
Z208,Z208
K352,K352
0800,_
Z392,Z392
Z491,Z491
S818,S818
O682,O682
O691,O691
O821,O821
C186,C186
T88,T889
E142,E142
N083,N083
H259,H259
H250,H250
Z300,Z300
H188,H188
H252,H252
K350,K350
O702,O702
C839,C839
Z511,Z511
K045,K045
N320,N320
A15,A159
J918,J91
N401,N40
C801,C80
E042,E042
E785,E785
I842,I842
O820,O820
I845,I845
K821,K821
Z017,Z017
S4100,S410
1,_
M8070,_
K3580,K358
H4091,H409
B24,B24
O641,O641
Q514,Q514
S273,S273
O756,O756
O339,O339
Y95,_
O631,O631
O369,O369
O829,O829
0809,_
H251,H251
I10,I10
O321,O321
O365,O365
E862,E86
K294,K294
C07,C07
Z115,Z115
Z308,Z308
N905,N905
Z518,Z518
K603,K603
R100,R100
O80,O809
Z001,Z001
Z301,Z301
T141,T141
W54,_
J1891,J189
B209,B209
O361,O361
O689,O689
L600,L600
K918,K918
K359,K359
N119,N119
R740,R740
Z381,Z381
Z418,Z418
H2501,H250
H000,H000
Z305,Z305
E112,E112
I442,I442
S5240,S5240
W1999,_
Z0381,Z038
8,_
K088,K088
M1030,M1030
B479,B479
W55,_
K635,K635
L720,L720
Z340,Z340
W5499,_
Q273,Q273
N751,N751
S6140,_
2,_
R042,R042
N801,N801
O830,O830
M541,M541
Z711,Z711
O70,O709
O324,O324
C218,C218
M622,M622
C01,C01
Z510,Z510
H6031,H603
M8500,M8500
Z512,Z512
O332,O332
O681,O681
O828,O828
N032,N032
I739,I739
S070,S070
C310,C310
H405,H405
H6120,H612
Q360,Q360
B956,B956
T857,T857
S832,S832
S835,S835
Z290,Z290
O14,O149
O619,O619
M103,M103
Z20,Z209
Z76,Z769
S600,S600
W268,_
D374,D374
E143,E143
H360,H360
H353,H353
K403,K403
N63,N63
K149,K149
R221,R221
0,_
I849,I849
H110,H110
O690,O690
U089,_
D279,D27
B082,B082
D250,D250
O654,O654
I102,I10
K922,K922
O344,O344
O620,O620
O655,O655
S525,S525
M8665,M8665
K353,K353
Z988,Z988
H2580,H258
I517,I517
I876,_
T1500,T150
S520,S520
S518,S518
Z302,Z302
P251,P251
S420,S420
E789,E789
H0013,H001
R339,R33
M799,M799
S619,S619
L0230,L023
Z37,Z379
N818,N818
H2510,H251
Z524,Z524
O648,O648
O300,O300
O842,O842
Z372,Z372
O680,O680
Z383,Z383
O624,O624
Q612,Q612
N08,_
O700,O700
Z270,Z270
B083,B083
Z992,Z992
S8221,S8221
V8999,_
L721,L721
K648,_
C569,C56
H2590,H259
Z470,Z470
C71,C719
B86,B86
Z9922,Z992
I770,I770
C069,C069
O021,O021
N20,N209
Z011,Z011
Z139,Z139
K20,K20
K317,K317
K449,K449
E114,E114
G632,G632
N070,N070
C763,C763
S424,S424
F419,F419
O020,O020
M6534,M6534
H111,H111
E786,E786
R739,R739
S370,S370
C090,C090
J329,J329
J189,J189
C679,C679
K659,K659
I131,I131
Z382,Z382
S8220,S8220
I461,I461
P0000,_
C442,C442
C659,C65
D126,D126
D44,D449
Q388,Q388
O601,O601
K660,K660
H402,H402
I109UO71,I10
B968,B968
H334,H334
R092,R092
O701,O701
O698,O698
C50,C509
J320,J320
S8210,S8210
S053,S053
Q613,Q613
N764,N764
E669,E669
N820,N820
O001,O001
S015,S015
C811,C811
S5100,S510
Q63,Q639
N709,N709
M8090,M8090
C4492,C449
M9821,_
I469,I469
K823,K823
G309,G309
S623,S623
E113,E113
H260,H260
S7200,S7200
R224,R224
I12,I129
K051,K051
I822,I822
H660,H660
Z901,Z901
Z2082,Z208
M082,M082
Y560,_
N840,N840
Y453,_
Z49,_
H0282,H028
5,_
V239,_
O85,O85
L409,L409
N03,N039
E102,E102
B378,B378
K298,K298
K509,K509
H2640,H264
A858,A858
N182,N182
Z940,Z940
C53,C539
N850,N850
R102,R102
O441,O441
Z371,Z371
H264,H264
T09,T099
E132,E132
M653,M653
C19,C19
J1899,J189
C34,C349
E1035,E103
H2641,H264
S0651,S0651
D172,D172
N858,N858
M4636,M4636
L723,_
N329,N329
J040,J040
K409,K409
E790,E790
K839,K839
R17,R17
C95,C959
D696,D696
B201,B201
R131,R13
C109,C109
K209,K20
K640,_
I6350,I635
O709,O709
M750,M750
T797,T797
N083N1,_
J219,J219
J459,J459
J4599,J459
R05,R05
R53,R53
B980,B980
K572,K572
S724,S724
S830,S830
N038,N038
N838,N838
J852,J852
A009,A009
O60,_
O100,O100
J019,J019
A170,A170
G01,G01
L89,L89
N2819,N281
H2520,H252
S010,S010
V274,_
Z369,Z369
N004,N004
I848,I848
E149,E149
I130,I130
R55,R55
Y841,_
O060,O060
M220,M220
J370,J370
S6230,S6230
D760,D760
Q539,Q539
S302,S302
S327,S327
Z012,Z012
J1289,J128
H2126,H212
M0686,M0686
J0100,J010
I2510,I251
I4891,I48
S9130,S913
M109,M109
K80,_
E14,E149
R001,R001
E142NO83,_
080,_
T162,T16
H3602,H3602
R18,R18
R223,R223
A069,A069
C5090,C509
D165,D165
C170,C170
D2110,D211
C159,C159
H446,H446
H1101,H110
A09,A09
F89,F89
G408,G408
C970,C97
O63,O639
O99,_
O639,O639
O699,O699
I959,I959
N186,_
H3532,H353
H4050,H405
C499,C499
S7210,S7210
M8445,M8445
K621,K621
E118,E118
Z492,Z492
Z39,_
W5599,_
S817,S817
D219,D219
S9131,S913
N142,N142
C508,C508
N830,N830
O688,O688
E1162,E116
98,_
M9014,M9014
N809,N809
Z38,_
D759,D759
N159,N159
S524,S524
M8199,M8199
S4220,S4220
W0118,_
M053,M053
S823,S823
T07,T07
O019,O019
M755,M755
B377,B377
O009,O009
R104,R104
D631,D631
N825,N825
M8668,M8668
N601,N601
M6539,M6539
T85,T859
K629,K629
M179,M179
H3520,H352
Q385,Q385
C439,C439
O322,O322
H209,H209
H261,H261
H271,H271
H522,H522
N771,N771
Q66,Q669
J1890,J189
S7241,S7241
S9250,S9250
00,_
O831,O831
L918,L918
B084,B084
H270,H270
C621,C621
F840,F840
I313,I313
C491,C491
A164,A164
Z3000,Z300
800,_
S510,S510
R222,R222
S5250,S5250
H2511,H251
H939,H939
T019,T019
D361,D361
0342,_
S5225,S522
K57,K579
H4020,H402
R064,R064
N141,N141
M678,M678
O621,O621
O984,O984
Z3800,Z380
H178,H178
Z304,Z304
J304,J304
J339,J339
J342,J342
K429,K429
D223,D223
Q909,Q909
S720,S720
M321,M321
N085,N085
T845,T845
Z135,Z135
Z138,Z138
Z232,Z232
Z246,Z246
E872,E872
J128,J128
D051,D051
Z035,Z035
S723,S723
V299,_
Z391,Z391
Z3801,Z380
O142,O142
O459,O459
S4092,S409
Z867,Z867
C11,C119
H618,H618
B369,B369
V890,_
S0181,S018
N93,N939
R590,R590
E1131,E113
B961,B961
S729,S729
J32,J329
L040,L040
K401,K401
J1202,J120
A158,A158
I498,I498
N44,N44
O653,O653
0808,_
L089,L089
M8840,_
Z321,Z321
H3380,_
K358,K358
Q8781,Q878
N973,N973
K610,K610
C782,C782
S531,S531
M1712,M171
S063,S063
V385,_
C5099,C509
R878,R878
Z386,Z386
O101,O101
I11,I119
S423,S423
T802,T802
Z3049,Z304
S91,S919
Z322,_
N841,N841
H1106,H110
C383,C383
O814,O814
H358,H358
H431,H431
E1121,E112
H020,H020
S352,S352
S828,S828
M8071,_
O630,O630
H3521,H352
S61,S619
S618,S618
K35,K359
D485,D485
Z352,Z352
C761,C761
Q104,Q104
Q105,Q105
N188,N188
Z9851,_
O82,O829
C241,C241
O69,O699
S9101,S910
Z928,Z928
O710,O710
H354,H354
S8200,S8200
N140,N140
S3200,S3200
W019,_
E041,E041
E88,E889
N399,N399
W540,_
S519,S519
W258,_
M1711,M171
S917,S917
W295,_
Z3001,Z300
7,_
N839,N839
D384,D384
B59,B59
Z513,Z513
C770,C770
I859,I859
J680,J680
N298,N298
M163,M163
K561,K561
K562,K562
S6240,S6240
S7240,S7240
S8100,S810
V244,_
I443,I443
B07,B07
H350,H350
M705,M705
M139,M139
T928,T928
O421,O421
Z134,Z134
D34,D34
B658,B658
I982,I982
M8441,M8441
N481,N481
Q131,Q131
Z083,_
N859,N859
I831,I831
J812,J81
S999,S999
H112,H112
K8010,K801
Z441,Z441
S8280,S8280
T226,T226
K40,K409
E1450,E145
O363,O363
Q795,Q795
Q357,Q357
Z931,Z931
W8799,_
R562,_
O103,O103
H1100,H110
H400,H400
S062,S062
S068,S068
E86,E86
S4240,S4240
H3601,H3601
C785,C785
C688,C688
I482,I48
O335,O335
I070,I070
Q220,Q220
Q226,Q226
R91,R91
R490,R490
K919,K919
H359,H359
E104,E104
S366,S366
W34,_
Z433,Z433
S5241,S5241
S899,S899
T939,T939
V892,_
N428,N428
O839,O839
C7981,C798
G473,G473
J359,J359
Z028,Z028
K119,K119
S528,S528
Q532,Q532
M858,M858
Z467,Z467
R229,R229
M10,M109
H0010,H001
H2592,H259
R798,R798
L088,L088
O40,O40
M8040,M8040
B9729,B972
E783,E783
J47,J47
O750,O750
O265,O265
O622,O622
Z961,Z961
E282,E282
N979,N979
C329,C329
D320,D320
Z309,Z309
K8510,K851
D383,D383
S314,S314
W19,_
M6584,M6584
O061,O061
D434,D434
H352,H352
I83,I839
Q358,_
D252,D252
Z039,Z039
M654,M654
R000,R000
R688,R688
M9260,M926
P788,P788
G551,G551
C55,C55
S430,S430
M9510,M951
P290,P290
S4200,S4200
Q378,Q378
R572,R572
H404,H404
O8203,O820
70,_
E1160,E116
I519,I519
I516,I516
S869,S869
M818,M818
S241,S241
W199,_
M8010,M8010
C797,C797
K120,K120
N907,N907
D17,D179
O757,O757
H4451,H445
H2601,H260
W200,_
M8000,M8000
S064,S064
S066,S066
S069,S069
G932,G932
N488,N488
N350,N350
K228,K228
H4001,H400
S826,S826
J1283,J128
O48,O48
C709,C709
N920,N920
T230,T230
I841,I841
E222,E222
N035,N035
H3481,H348
I679,I679
G468,G468
S981,S981
H408,H408
E870,E870
O008,O008
O109,O109
S8201,S8201
O652,O652
M7791,M7791
D414,D414
D400,D400
V2099,_
185,_
K649,_
T013,T013
L049,L049
S8260,S8260
H599,H599
S3640,S3640
S3650,S3650
I489,I48
I871,I871
S5260,S5260
N482,N482
N62,N62
S711,S711
W250,_
K869,K869
D24,D24
L910,L910
E299,E299
H1691,H169
M8895,M8895
H2521,H252
K819,K819
F418,F418
B962,B962
H330,H330
M8380,M8380
N946NO3,_
A188,A188
Q120,Q120
H611,H611
S523,S523
D2101,D210
J1282,J128
B769,B769
M5320,M5320
X1299,_
T222,T222
T232,T232
P258,P258
T1501,T150
S212,S212
S9310,S931
N184,N184
L231,L231
0807,_
Z378,_
O11,O11
O808,O808
I864,I864
R048,R048
C530,C530
C139,C139
H341,H341
L97,L97
K040,K040
R252,R252
E860,E86
K3532,K353
N26,N26
I26,I269
V284,_
P614,P614
C490,C490
Z412,Z412
O759,O759
X5999,_
Z1158,Z115
H4011,H401
M512,M512
Z985,_
D241,D24
N171,N171
N472,N47
Y280,_
S6231,S6231
K612,K612
H2581,H258
E834,E834
G930,G930
A630,A630
G513,G513
H269,H269
E103,E103
D125,D125
O325,O325
O848,O848
E112N,_
Z30,Z309
Z641,Z641
S360,S360
S365,S365
S368,S368
S399,S399
S635,S635
S002,S002
S308,S308
S809,S809
V32,_
T824,T824
D121,D121
K752,K752
I253,I253
K049,K049
S058,S058
E740,E740
H262,H262
M9731,_
C443,C443
L028,L028
O269,O269
O343,O343
K257,K257
Z379,Z379
K829,K829
H622,H622
H605,H605
Y423,_
M009,M009
Z203,Z203
N183,N183
S7230,S7230
T827,T827
Z936,Z936
R188,R18
E049,E049
B269,B269
G633,G633
R338,R33
T811,T811
Z346,_
I878,I878
A165,A165
O411,O411
L989,L989
G40,G409
P021,P021
Y149,_
A011,A011
B370,B370
S059,S059
R02,R02
H2690,H269
O693,O693
S612,_
D232,D232
D481,D481
M9989,M9989
M100,M100
Q419,Q419
J352,J352
N219,N219
Q549,Q549
I729,I729
O692,O692
H440,H440
I731,I731
O419,O419
J00,J00
N819,N819
D40,D409
H2693,H269
S6611,S661
B182,B182
R730,R730
S968,S968
S663,S663
D580,D580
H36,_
J343,J343
M199,M199
I8511,_
C449,C449
M3214,M321
O328,O328
E142N0,_
A97,_
J069UO71,_
M8889,M8889
H813,H813
S5270,S5270
O063,O063
O418,O418
M8932,M8932
N950,N950
C5091,C509
D213,D213
K641,_
S626,S626
N7510,N751
Z935,Z935
S614,_
M791,M791
K046,K046
O368,O368
S5221,S5221
S681,S681
X59,_
Z1159,Z115
H085,_
I840,I840
O3421,O342
R31,R31
Z954,Z954
K633,K633
392,_
D269,D269
N803,N803
019,_
D179,D179
P20,P209
J383,J383
C409,C409
R220,R220
M8570,_
C519,C519
S722,S722
V2999,_
O096,_
C857,C857
Z4881,Z488
O44,_
C959,C959
9,_
M1096,M1096
E11,E119
N433,N433
Z861,Z861
H351,H351
S628,S628
W228,_
O329,O329
R7301,R730
S860,S860
P293,P293
Q228,Q228
Q359,Q359
H7201,H720
Q438,Q438
V224,_
I061,I061
Z490,Z490
I46,I469
S47,S47
S21,S219
D110,D110
C08,C089
P90,P90
O860,O860
S050,S050
S4111,S411
K589,K589
S208,S208
T149,T149
Q355,Q355
S431,S431
T143,T143
N410,N410
K3531,K353
S4021,_
S8081,S8081
Z031,Z031
H348,H348
R599,R599
M418,M418
K260,K260
N358,N358
K820,K820
P0001,_
T856,T856
0821,_
Z030,Z030
R33,R33
D21,D219
M9180,M9180
K2970,K297
Z3046,Z304
M8480,M8480
K36,K36
A048,A048
O649,O649
R591,R591
K9162,_
Z4911,Z491
I872,I872
H4021,H402
L602,L602
E055,E055
E069,E069
K11,K119
K519,K519
O139,O13
R58,R58
M8688,M8688
A812,A812
Q522,Q522
K351,K351
N280,N280
M8550,M8550
C210,C210
Z480,Z480
K565,K565
N924,N924
E799,E799
F411,F411
H001,H001
K21,K219
T868,T868
Y834,_
V8929,_
D489,D489
M907,M907
R788,R788
S521,S521
S611,S611
N72,N72
J948,J948
O840,O840
W220,_
R230,R230
E801,E801
Q37,Q379
D380,D380
O68,O689
S4230,S4230
M1006,M1006
T809,T809
Y10,_
K420,K420
T543,T543
0829,_
C681,C681
N6320,N63
D64,D649
M8020,M8020
D445,D445
G911,G911
S825,S825
Z128,Z128
H3091,H309
S678,S678
E242,E242
S311,S311
S361,S361
X999,_
C715,C715
N489,N489
M1706,M170
A494,_
C4922,C492
I340,I340
C500,C500
I84,I849
L408,L408
T14IW54,_
S821,S821
M9801,_
2591,_
J380,J380
Q283,Q283
O24,O249
K439,K439
082,_
S6111,S611
Q181,Q181
H333,H333
T181,T181
N8140,N814
O42,O429
W549,_
Z468,Z468
M490,M490
K512,K512
Q111,Q111
M8160,M8160
N97,N979
S4201,S4201
S065,S065
V683,_
S7280,S7280
J156,J156
A180,A180
D177,D177
T249,_
M9470,_
M185,M185
M821,M821
R392,R392
K81,K819
M8561,M8561
S898,S898
U040,_
N8351,N835
N031,N031
T840,T840
K099,K099
V234,_
S6171,S617
K571,K571
N32,N329
M771,M771
K628,K628
K380,K380
O10,O109
D376,D376
I99,I99
T150,T150
G467,G467
T833,T833
S629,_
S8290,S8290
K709,K709
M9506,M950
D332,D332
R040,R040
E079,E079
Z982,Z982
S5230,S5230
O810,O810
K053,K053
M841,M841
I781,I781
P110,P110
Q030,Q030
Q048,Q048
Z907,Z907
C670,C670
O820Z,_
C410,C410
M879,M879
E032,E032
W540XXA,_
E874,E874
P910,P910
D103,D103
R630,R630
K402,K402
Z0151,Z015
A1,_
Z794,_
Z896,Z896
I252,I252
L0241,L024
Z131,Z131
Z231,Z231
M2587,M2587
D212,D212
N470,N47
Z355,Z355
W44,_
Q381,Q381
C300,C300
H609,H609
K221,K221
O760,_
H3541,H354
O241,O241
E1196,E119
S5220,S5220
S7290,S7290
S630,S630
B99,B99
H3301,H330
L892,L892
I889,I889
H3503,H350
J689,J689
S299,S299
T912,T912
N210,N210
N831,N831
Q201,Q201
C90,_
H4411,H441
E289,E289
I199,_
D48,D489
P77,P77
S6880,S688
S141,S141
S290,S290
E13,E139
O095,_
G311,G311
N130,N130
S6141,_
M9861,_
I100,I10
O801,O801
N029,N029
Z280,Z280
H2711,H271
J180,J180
K528,K528
D3161,D316
S022,S022
K041,K041
O813,O813
M712,M712
M9400,M940
J182,J182
O779,_
S6190,S619
O718,O718
H401,H401
N111,N111
C099,C099
J958,J958
K8065,_
O623,O623
M7987,M7987
E1122,E112
M9440,_
D609,D609
R876,R876
2861,_
E661,E661
S909,S909
O640,O640
K37,K37
M6543,M6543
S009,S009
C599,_
A301,A301
M2546,M2546
S422,S422
F068,F068
I491,I491
M751,M751
K92,K929
P741,P741
P743,P743
C52,C52
M8220,_
N85,N859
I709,I709
I771,I771
Z860,Z860
H578,H578
Z3700,Z370
N821,N821
Q660,Q660
C54,C549
S1191,S119
S5210,S5210
U184,_
C495,C495
H2691,H269
D214,D214
N050,N050
Z478,Z478
K508,K508
K64,_
S6045,_
B079,B07
K929,K929
K061,K061
M9950,M9950
Q256,Q256
J181,J181
J42,J42
F458,F458
K056,K056
T010,T010
S309,S309
T140,T140
T798,T798
D171,D171
N855,N855
N80,N809
Z370O,_
H021,H021
S62,_
K404,K404
L0261,_
L0311,L031
26,_
K51,K519
O083,O083
S270,S270
A151,A151
E259,E259
K117,K117
M8520,M8520
D50,D509
S119,S119
H2609,H260
S0150,S0150
T131,T131
J69,_
O983,O983
Z350,Z350
I721,I721
H598,H598
Q312,Q312
T171,T171
J173,J173
I868,I868
I113,_
I714,I714
Z438,Z438
O660,O660
R633,R633
R809,R80
L08,L089
N492,N492
R1900,R190
W541,_
N602,N602
L020,L020
0701,_
Z930,Z930
C182,C182
D122,D122
I456,I456
Q02,Q02
J324,J324
L920,L920
H342,H342
S9251,S9251
K42,K429
H5980,H598
K515,K515
J20,J209
M9401,M940
R69,R69
P363,P363
C180,C180
K91,K919
H200,H200
S8240,S8240
O662,O662
M011,M011
E78,E789
Q422,Q422
N052,N052
I518,I518
R960,R960
N60,N609
C717,C717
M9173,_
0820,_
0691,_
S012,S012
Z762,Z762
S01,S019
K048,K048
M250,M250
H818,H818
H0011,H001
K108,K108
P95,P95
M8700,M8700
H663,H663
T938,T938
G35,G35
I132,I132
Y832,_
M7995,M7995
W221,_
N39,N399
I607,I607
O8O,_
S813,_
S730,S730
N631,N63
O080,O080
K930,K930
R190,R190
S328,S328
M9020,M9020
S717,S717
1248,_
Z388,Z388
C1,_
T92,T929
I350,I350
J303,J303
M8450,_
L8915,L891
A530,A530
B9681,B968
C111,C111
S5310,S5310
M008,M008
O249,O249
C447,C447
G873,_
Q792,Q792
S59,S599
C18,C189
J310,J310
C444,C444
K915,K915
N842,N842
S054,S054
O045,O045
S242,S242
P052,P052
P375,P375
S822,S822
W2009,_
S000,S000
M419,M419
E889,E889
D379,D379
N144,N144
T393,T393
M32,M329
L728,L728
L72,L729
G560,G560
I058,I058
L732,L732
I438,I438
L929,L929
D0592,D059
Q444,Q444
R900,R900
S933,S933
K863,K863
W59,_
L0221,L022
I1191,I119
L819,L819
I351,I351
S721,S721
C37,C37
M479,M479
H3581,H358
Z9071,Z907
S7291,S7291
J9609,J960
N179XA,_
M798,M798
J3042,J304
J3292,J329
T780,T780
S699,S699
I839,I839
C708,_
M1998,M1998
C966,C966
M758,M758
O151,O151
W5999,_
K5732,K573
C501,C501
T810,T810
C957,C957
H1790,H179
M9382,M9382
M8430,M8430
L729,L729
D432,D432
N760,N760
Y839,_
T093,T093
S0102,S010
K818,K818
E1150,E115
H3540,H354
H3330,H333
O8004,O800
A498,A498
L209,L209
I779,I779
M725,M725
D411,D411
K852,K852
N328,N328
H171,H171
H119,H119
M8400,M8400
K2922,K292
C3490,C349
S3240,S3240
H3351,H335
M8210,M8210
J4490,J449
N143,N143
M722,M722
S014,S014
S0080,S008
T900,T900
K651,_
M9040,M9040
G822,G822
K460,K460
S0110,S011
O45,O459
W50,_
2370,_
Q897,Q897
Z201,Z201
S8281,S8281
1A,_
M866,M866
N888,N888
R92,R92
P783,P783
K678,K678
C796,C796
C140,C140
Y422,_
S320,S320
Y09,_
L891,L891
U04,U049
K602,K602
N318,N318
Z98,_
T796,T796
O235,O235
J309,_
T519,T519
N093,_
H045,H045
H590,H590
K222,K222
9260,_
R601,R601
S080,S080
K069,K069
N814,N814
T169XXA,T16
E891,E891
H3331,H333
S602,S602
K123,K123
I050,I050
A411,A411
S527,S527
J348,J348
C16,C169
Z878,Z878
C72,C729
W316,_
L026,_
S410,S410
O175,_
S925,S925
C446,C446
W509,_
V240,_
N019,N019
S6261,S6261
L980,L980
Z359,Z359
M793,M793
C791,C791
C64,C64
O054,O054
S324,S324
821,_
J129,J129
H4381,H438
E739,E739
K400,K400
N00,N009
S325,S325
S0111,S011
J382,J382
Z495,_
E144,E144
K5731,K573
H1102,H110
K668,K668
W2099,_
C15,C159
D316,D316
W213,_
J013,J013
C32,C329
S013,S013
P072,P072
P298,P298
S636,S636
N369,N369
M064,M064
N211,N211
T852,T852
O323,O323
S92,S929
Q521,Q521
S625,S625
O664,O664
P035,P035
K642,_
Z9611,Z961
J353,J353
K868,K868
A244,A244
I480,I48
S5190,S519
K148,K148
K82A1,_
D443,D443
2380,_
H5220,H522
O000,O000
L928,L928
K578,K578
R319,R31
F799,F799
Q383,Q383
N002,N002
T902,T902
K29,K299
B069,B069
K744,K744
S411,S411
O231,O231
K761,K761
O330,O330
B37,B379
D215,D215
L893,L893
C319,C319
​,_
C25,C259
A044,A044
M8180,M8180
S0199,S019
5749,_
O819,_
C739,C73
D479,D479
N370,N370
N949,N949
S912,S912
I5021,_
N0185,N018
D689,D689
S027,S027
M726,M726
C9,_
E869,E86
P291,P291
B170,B170
0801,_
T638,T638
Z924,Z924
B22,B22
S418,S418
T099,T099
Y919,_
J1281,J128
Z489,Z489
H3522,H352
M200,M200
X09,_
L984,L984
L987,_
F152,F152
K661,K661
M6288,M6288
E1140,E114
L988,L988
S372,S372
S8250,S8250
S920,S920
P288,P288
C579,C579
K76,K769
H35,H359
M8590,M8590
T652,T652
I119NO1,_
N118,N118
M8200,M8200
S5182,S518
J30,_
J350,J350
C951,C951
K011,K011
O72,_
M2115,M2115
S7201,S7201
I,_
Q446,Q446
K613,K613
H024,H024
K029,K029
R561,_
H0280,H028
H210,H210
M8310,M8310
S6260,S6260
E44,_
I272,I272
E112N0,_
8801,_
H731,H731
Z1211,Z121
E05,E059
I361,I361
M1049,M1049
B171,B171
Z579,Z579
C764,C764
Z377,Z377
C384,C384
X699,_
Z933,Z933
H2504,H250
O999,_
V285,_
W5400,_
D444,D444
H3300,H330
O340,O340
S5280,S5280
H279,H279
H309,H309
B965,B965
A911,A911
S0081,S008
I254,I254
K721,K721
I4510,I451
D170,D170
P122,P122
P619,P619
H3600,H3600
P269,P269
B89,B89
S8600,S860
O0349,O034
V99,_
O334,O334
F502,F502
J029,J029
N630,N63
H4310,H431
O092,_
P722,P722
K58,K589
K118,K118
H2710,H271
M850,M850
S029,S029
O61,O619
809,_
Q369,Q369
S522,S522
L048,L048
I639NONE,_
R0902,R090
M9530,M953
S3611,S3611
S318,S318
Z986,_
S398,S398
C779,C779
S6101,S610
X5990,_
Z33,Z33
B972,B972
S550,S550
D059,D059
R609,R609
Z098,Z098
A071,A071
E90,E90
P004,P004
V2849,_
S134,S134
V293,_
S670,S670
92,_
D3810,D381
Z34,Z349
H604,H604
M8003,M8003
M9391,M9391
H4051,H405
D699,D699
J668,J668
M6027,M6027
H185,H185
I01,I019
E058,E058
S313,S313
K25,K259
J100,J100
C511,C511
O629,O629
N889,N889
M1309,M1309
N429,N429
H2512,H251
Z991,Z991
W3162,_
L309,L309
I160,_
D231,D231
C75,C759
D63,_
A022,A022
J170,J170
D123,D123
A184,A184
D140,D140
Z3831,Z383
L740,L740
S915,_
O832,O832
M8490,M8490
H2222,_
I50,I509
O638,_
H600,H600
Z130,Z130
H0014,H001
S7110,S711
F2012,F2012
M8890,M8890
M7989,M7989
D686,D686
C762,C762
E086,_
D069,D069
N041,N041
J338,J338
V289,_
D819,D819
M713,M713
M602,M602
E1430,E143
I236,I236
O4410,O441
O602,O602
H4421,H442
3,_
Z719,Z719
O8007,O800
370,_
K121,K121
H1791,H179
Q542,Q542
M9754,_
H919,H919
O908,O908
M8617,M8617
D237,D237
C829,C829
O1490,O149
H103,H103
H490,H490
E79,E799
R2230,R223
P140,P140
K449NONE,_
S526,S526
Q600,Q600
M6531,M653
T71,T71
N05,N059
C411,C411
C51,C519
C5092,C509
C678,C678
K001,K001
S508,S508
W458,_
J351,J351
E237,E237
P769,P769
S9200,S9200
M502,M502
K822,K822
M171,M171
E1490,E149
I1090,I10
I1193,I119
J4491,J449
N1792,N179
J45,J459
D591,D591
S051,S051
V28,_
M895,M895
C729,C729
K12,_
M8900,M8900
Z922,Z922
B354,B354
M8503,M8503
K5669,K566
Q790,Q790
R060,R060
Q828,Q828
S8230,S8230
S9100,S910
S5200,S5200
1101,_
M5418,M5418
V229,_
J938,J938
K8012,K801
D117,D117
X6899,_
M8522,M852
B208,B208
N813,N813
S4300,S4300
S052,S052
P53,P53
N994,N994
M9071,M9071
C696,C696
T700,T700
P835,P835
D2111,D211
N180NA,_
Z938,Z938
T111,T111
C711,C711
S5312,S5312
S4202,S420
S0292,S029
S023,S023
C549,C549
I87,I879
T068,T068
H357,H357
S369,S369
O890,O890
S8181,S818
H280,H280
O068,O068
P744,P744
P748,P748
N440,N44
O32,O329
S820,S820
M9080,M9080
P522,P522
B441,B441
M8140,M8140
K083,K083
D573,D573
X0662,_
D303,D303
T16,T16
Z21,Z21
D134,D134
M679,M679
S6121,_
4,_
N319,N319
H40,H409
K626,K626
R090,R090
N13,N139
J998,J998
Q213,Q213
K5120,K512
K5730,K573
D641,D641
S22,S229
S272,S272
Z918,Z918
I861,I861
C420,_
M1038,M1038
V9999,_
H6061,_
T189,T189
N7091,N709
M8800,M880
Z269,Z269
D582,D582
S808,S808
R22,R229
O036,O036
A066,A066
G07,G07
C67,C679
M1097,M1097
Z308F,_
C41,C419
E063,E063
H2701,H270
D131,D131
I846,I846
I409,I409
Q443,Q443
C22,C229
K220,K220
N971,N971
R36,R36
M0096,M0096
S836,S836
C560,C56
I873,_
C821,C821
S833,S833
H3572,H357
T931,T931
H189,H189
D18,_
S024,S024
Z877,Z877
O711,O711
K500,K500
C642,C64
N359,N359
C85,C859
M9595,M959
S829,S829
S561,S561
G5600,G560
C9100,C910
L508,L508
I601,I601
I503,_
Z93,Z939
I011,I011
K050,K050
O2342,O234
D210,D210
S001,S001
Z358,Z358
S923,S923
S961,S961
O712,O712
S862,S862
M01X7,_
Q913,Q913
X1999,_
M770,M770
K611,K611
R13,R13
H214,H214
H268,H268
O06,O069
C570,C570
S118,S118
L080,L080
M6005,M6005
Z9880,Z988
A06,A069
M9680,M968
P059,P059
M659,M659
M2456,M2456
F019,F019
O133,O13
O243,O243
K432,_
E040,E040
F192,F192
C168,C168
F310,F310
M9084,M9084
H2605,H260
Y92,_
K227,K227
S529,S529
T142,T142
F151,F151
Q858,Q858
H028,H028
Q436,Q436
E0590,E059
K300,K30
L902,L902
T189XXA,_
X469,_
G729,G729
O066,O066
I828,I828
S661,S661
L0301,L030
T173,T173
H442,H442
E671,E671
S003,S003
S0130,S013
O326,O326
Y831,_
X4899,_
0080,_
C200,C20
A920,A920
T875,T875
O34,O349
T850,T850
K711,K711
O9942,O994
S617,S617
X79,_
M7981,M7981
C92,C929
J991,J991
H356,H356
M509,M509
K6389,K638
C004,C004
H0000,H000
M9560,_
D333,D333
N750,N750
R197,_
N18,N189
S763,S763
I2119,I211
A318,A318
S9085,S908
G910,G910
T303,T303
J981,J981
J4540,_
N84,N849
S9290,S9290
Z209,Z209
O644,O644
M7910,M7910
D233,D233
Q411,Q411
C089,C089
D848,D848
S8231,S8231
S9230,S9230
P033,P033
I458,I458
C62,C629
D688,D688
J358,J358
X5992,_
Z332,Z33
B023,B023
H588,H588
N033,N033
I238,I238
D46,D469
H3531,H353
E129,E129
N040,N040
S680,S680
H2522,H252
N879,N879
H4090,H409
P0737,P073
N037,N037
G500,G500
M8460,_
C502,C502
S3100,S310
S560,S560
H5992,H599
C820,C820
G319,G319
M9064,M9064
O438,O438
M864,M864
S929,S929
H521,H521
C221,C221
O403,O40
Z4901,Z490
M6289,M6289
G936,G936
C5390,C539
K251,K251
M8403,M8403
M8986,M8986
R160,R160
I847,I847
M6226,M6226
I702,I702
D141,D141
H473,H473
E031,E031
F609,F609
N30,N309
I081,I081
I502,_
S9092,S909
M254,M254
S0219,S021
N509,N509
T876,T876
K13,_
Q850,Q850
Q605,Q605
V381,_
E660,E660
C240,C240
A068,A068
N909,N909
G903,G903
L84,L84
N649,N649
I7225,I722
550,_
H168,H168
C343,C343
M706,M706
M8521,M852
C700,C700
S6251,S6251
N508,N508
W180,_
C751,C751
K605,K605
Z450,Z450
A691,A691
A979,_
K1379,K1379
G460,G460
E730,E730
S211,S211
K0403,K040
I150,I150
R11,R11
O909,O909
S4231,S4231
O331,O331
M9310,M931
I719,I719
K44,K449
T792,T792
N811,N811
H2780,H278
M8910,M8910
N181,N181
S335,S335
D401,D401
M4306,M4306
K044,K044
W45,_
Z432,Z432
Z488,Z488
D073,D073
S0180,S018
X69,_
J341,J341
E883,E883
O64,O649
Z908,Z908
D280,D280
M8050,M8050
D130,D130
I673,I673
S707,S707
D291,D291
M2442,M2442
O3395,O339
749,_
A829,A829
Z9920,Z992
M9309,M930
A599,A599
D129,D129
N1185,N118
K421,K421
T930,T930
5119,_
F009,F009
T855,T855
D68,D689
C060,C060
V280,_
J851,J851
U72,_
E133,E133
L0251,_
Z911,Z911
M658,M658
D334,D334
S5501,S550
S8350,S8350
Q518,Q518
I318,I318
L244,L244
I111,_
N398,N398
C148,C148
I447,I447
W117,_
B199,B199
B20,B20
M873,M873
S935,S935
Q200,Q200
Q204,Q204
Q893,Q893
W499,_
S055,S055
K9413,_
Z932,Z932
K653,_
K38,K389
E87,_
M5456,M5456
C191P2,_
H26,H269
G540,G540
I951,I951
M6743,M6743
H3483,H348
H215,H215
P010,P010
G248,G248
L139,L139
M609,M609
N2010,N201
K419,K419
E139,E139
S644,S644
C179,C179
N849,N849
Z800,Z800
T15,T159
H4400,H440
S220,S220
J910,J91
B200,B200
D211,D211
Z452,Z452
D474,D474
J1801,J180
O8214,O821
H2500,H250
N810,N810
N823,N823
E126,E126
T815,T815
I25,I259
C810,C810
M9100,M9100
D351,D351
A270,A270
Z966,Z966
T8204,T820
Q100,Q100
E078,E078
S409,S409
S509,S509
S609,S609
T003,T003
R73,R739
S2711,S2711
R768,R768
N2001,N200
W5501,_
T141XA,_
I99NONE,I99
S5001,S500
C06,C069
R062,R062
A491,A491
W5503,_
M8041,M8041
J311,J311
J1502,J150
S2120,S212
P768,P768
T848,T848
S812,_
S9309,S930
Z850,Z850
P21,P219
D05,D059
L0891,L089
C673,C673
H5902,H590
E10,E109
J1593,J159
Q231,Q231
H527,H527
H4003,H400
Z905,Z905
S5231,S5231
S7220,S7220
S761,S761
O770,_
R652,R652
Y844,_
I440,I440
N948,N948
H652,H652
O362,O362
S4241,S4241
22X,_
S9153,_
2A,_
B373,B373
N400,N40
C30,_
E868,E86
G959,G959
M844,M844
J386,J386
H3421,H342
X9999,_
I4541,I454
I071,I071
B059,B059
C929,C929
M9900,M9900
G479,G479
Z895,Z895
A163,A163
H4330,H433
X5899,_
H500,H500
K116,K116
G25,G259
B770,B770
N342,N342
Y9369,_
O098,_
N362,N362
I108,I10
H830,H830
0800A0,_
K920,K920
D0511,D051
S026,S026
Z571,Z571
M779,M779
E1133,E113
S,_
Z000,Z000
N454,_
S8101,S810
K625,K625
A59,A599
H258,H258
H310,H310
S669,S669
A,_
O033,O033
O348,O348
N360,N360
H355,H355
L120,L120
A091,A09
F220,F220
F633,F633
L853,L853
E135,E135
T542,T542
E081,_
T250,T250
H2604,H260
B49,B49
M65,M659
N471,N47
N1851,N185
42,_
B270,B270
H33,_
H108,H108
H181,H181
S0101,S010
I881,I881
B921,B92
G960,G960
U071Z3,_
O838,O838
R2241,R224
C050,C050
O3402,O340
Z9610,Z961
M8440,M8440
K914,K914
S81,S819
S0641,S0641
Q793,Q793
R99,R99
M436,M436
S517,S517
K922NONE,_
L031UO71,_
B009,B009
Z4789,Z478
S5251,S5251
D23,D239
Z090,Z090
Q401,Q401
A020,A020
N815,N815
O341,O341
M513,M513
Q621,Q621
M7984,M7984
M1906,M190
J853,J853
E662,E662
H1852,H185
H4022,H402
20,_
N701,N701
11,_
S8214,S821
H3303,H330
K634,K634
Q36,Q369
342,_
M709,M709
K103,K103
R041,R041
S199,S199
T599,T599
W87,_
O95,O95
N908,N908
P019,P019
O240,O240
D399,D399
M840,M840
J438,J438
I699,_
B309,B309
S279,S279
S6010,S601
F339,F339
S9291,S9291
M861,M861
P005,P005
N632,N63
K264,K264
W4499,_
D385,D385
N368,N368
Z36,Z369
K83,K839
I221,I221
J399,J399
C504,C504
T494,T494
T242,T242
X2609,_
S6669,S666
Y04,_
H2140,H214
E782,E782
I515,I515
M754,M754
S6810,S681
S9811,S981
W0199,_
S8680,S868
S117,S117
J941,J941
L509,L509
J398,J398
N039Z,_
B204,B204
N910,N910
Q513,Q513
K911NO,_
G9341,G934
T8021,T802
N2891,N289
A298,_
O333,O333
S592,_
L414,L414
Z394,_
T8481,T848
T203,T203
O77,_
S8351,S8351
K82,K829
G720,G720
P616,P616
J1823,J182
Y411,_
F320,F320
T449,T449
B058,B058
K719,K719
D300,D300
F067,F067
F232,F232
C723,C723
P519,P519
M673,M673
P299,P299
K289,K289
P969,P969
G379,G379
S0201,S0201
D684,D684
M0093,M0093
I212,I212
I745,I745
M1394,M1394
S2230,S2230
M5417,M5417
P159,P159
A879,A879
K275,K275
P742,P742
A155,A155
Q433,Q433
F341,F341
M4310,M4310
K743,K743
E142N083,_
F103,F103
S340,S340
M1318,M1318
M6262,M6262
G834,G834
Z0141B,_
M1098,M1098
P129,P129
G418,G418
F105,F105
S0691,S0691
F488,F488
I612,I612
N013,N013
T908,T908
S0601,S0601
C924,C924
P918,P918
C925,C925
T751,T751
J108,J108
S731,S731
M0098,M0098
I494,I494
P353,P353
M431,M431
D613,D613
C65,C65
P027,P027
M6260,M6260
P271,P271
N302,N302
A415,A415
Z0071,_
P365,P365
T465,T465
F153,F153
D682,D682
Q059,Q059
S2210,S2210
B341,B341
G318,G318
C506,C506
T911,T911
M613,M613
M0299,M0299
E250,E250
I260,I260
I611,I611
Q618,Q618
I621,I621
B190,B190
G518,G518
P281,P281
K280,K280
T795,T795
T670,T670
I671,I671
M353,M353
M4722,M4722
N926,N926
P789,P789
D593,D593
M8695,M8695
D431,D431
F459,F459
P352,P352
M0090,M0090
E208,E208
Q780,Q780
M0016,M0016
O312,O312
G431,G431
T602,T602
M948,M948
K293,K293
D592,D592
R290,R290
C720,C720
S434,S434
Z0042,Z004
A492,A492
M4797,M4797
S0621,S0621
E806,E806
S0681,S0681
T675,T675
E102N083,_
G255,G255
M8650,M8650
F208,F208
M462,M462
M349,M349
A34,A34
G719,G719
T639,T639
P721,P721
P210,P210
P929,P929
G060,G060
F050,F050
C479,C479
M488,M488
M5499,M5499
B909,B909
N259,N259
E161,E161
J1213,J121
Q440,Q440
A541,A541
C772,C772
Q437,Q437
D538,D538
T699,T699
C911,C911
L109,L109
A156,A156
RFRHD,_
IMP01,_
Z02021,Z020
D290,D290
K746I982,_
P520,P520
M538,M538
C713,C713
G800,G800
T391,T391
M0689,M0689
A46,A46
S562,S562
T424,T424
Q040,Q040
O439,O439
Z0051,Z005
D143,D143
B519,B519
T601,T601
P233,P233
P588,P588
A490,A490
J051,J051
L00,L00
I080,I080
C922,C922
J384,J384
O050,O050
T182,T182
O610,O610
H3092,H309
H3502,H350
H105,H105
S72,S729
B954,B954
I6392,I639
L722,L722
V4999,_
Q410,Q410
S497,S497
S837,S837
C49,C499
N103,N10
J159,J159
E1010,E101
U0721,_
M244,M244
O2445,O244
H4419,H441
N600,N600
S52,S529
O380,_
S0231,S0231
F439,F439
T920,T920
H109,H109
H332,H332
C788,C788
K310,K310
O62,O629
O089,O089
X0999,_
M9522,M952
T273,T273
F432,F432
B13,_
M8810,_
R108,_
K46,K469
D809,D809
K4090,K409
H113,H113
M60,M609
M9960,M9960
I86,_
D168,D168
D22,D229
013,_
R827,R827
C790,C790
C4021,C402
N899,N899
B977,B977
D392,D392
M7511,M751
M753,M753
X4328,_
M7740,M7740
H4331,H433
H4441,H444
Y1999,_
S6970,S697
R2201,R220
M131,M131
K623,K623
J33,J339
S0191,S019
C181,C181
S9201,S9201
F12,F129
0629,_
Z03,Z039
A403,A403
T849,T849
V89,_
Z353,Z353
H219,H219
C81,C819
N998,N998
J620,J620
R6520,R652
A0,_
V099,_
M8980,M8980
D440,D440
O981,O981
O444,_
N870,N870
C260,C260
T151,T151
A410,A410
O668,O668
K388,K388
D683,D683
S9110,S911
Q234,Q234
S3610,S3610
O628,O628
C730,C73
D1722,D172
H701,H701
J010,J010
H4382,H438
A2789,A278
D139,D139
N951,N951
T172,T172
A638,A638
L0890,L089
H179,H179
Z38O,_
S421,S421
V225,_
D319,D319
D939,_
D639,_
K689,_
W3499,_
820,_
Q811,Q811
S908,S908
J66,_
C02,C029
B207,B207
I691,I691
M8985,M8985
N852,N852
N8110,N811
M701,M701
S229,S229
M7259,M7259
L010,L010
P591,P591
Z9849,_
W550,_
R638,R638
I400,I400
H445,H445
H1690,H169
T121,T121
S2700,S2700
S2730,S2730
S6270,S6270
T903,T903
T922,T922
6358,_
N17,N179
Y838,_
K60,_
E1180,E118
2301,_
H6063,_
056,_
M729,M729
J171,J171
M219,M219
H4010,H401
S9971,S997
J158,J158
U07,_
C70,C709
I69,_
I61,I619
S4235,S423
W1301,_
O00,O009
B258,B258
C26,C269
H91,H919
D3610,D361
M8004,M8004
W4599,_
S056,S056
H60,H609
Q274,Q274
J328,J328
J3989,J398
M650,M650
8Z2O8,_
H2642,H264
C710,C710
K644,_
B440,B440
D150,D150
Q262,Q262
J96,J969
T794,T794
S9270,S9270
Z307,_
E012,E012
K080,K080
I328,I328
G92,G92
T188,T188
W559,_
S931,S931
S6301,S6301
X,_
I998,I99
N304,N304
C4020,C402
Q271,Q271
M8850,_
K297NONE,_
L26,L26
L402,L402
M663,M663
0994,_
C4921,C492
S922,S922
D802,D802
I844,I844
Q501,Q501
T147,T147
E66,E669
O822,O822
Z374,Z374
M7032,M7032
S984,S984
B379,B379
N164,N164
S109,S109
H4701,H470
D132,D132
H659,H659
C435,C435
C437,C437
M4126,M4126
Q849,Q849
P838,P838
N959,N959
F102,F102
H3340,H334
T051,T051
S831,S831
M170,M170
J678,J678
P024,P024
M508,M508
M5419,M5419
M480,M480
O89,O899
C380,C380
O821UO71,_
V283,_
N1855,N185
I129Z4,_
P036,P036
K627,K627
B022,B022
G530,G530
G548,G548
J018,J018
J9600,J960
J168,J168
Z904,Z904
K090,K090
D898,D898
C7951,C795
L923,L923
P711,P711
M061,M061
Z049,Z049
A178,A178
C680,C680
C800,C800
Z926,Z926
S4071,S407
J90NONE,J90
O663,O663
M2660,_
O980,O980
Z9881,Z988
S710,S710
M1396,M1396
S6191,S619
O849,O849
Z375,Z375
I120Z,_
M792,M792
G370,G370
H4311,H431
H447,H447
R1909,R190
P200,P200
S469,S469
J330,J330
C945,C945
O224,O224
D119,D119
C21,_
J323,J323
M215,M215
K515NONE,_
Y0499,_
M8406,M8406
H2503,H250
J954,J954
R063,R063
K850,K850
O094,_
L0310,L031
O1415,O141
M5126,M512
L890,L890
I843,I843
H265,_
I21,I219
S6210,S6210
T791,T791
E278,E278
S451,S451
S58,S589
P236,P236
K87,_
S6862,_
C251,C251
N0395,N039
S624,S624
K7682,K768
J1571,J157
Q784,Q784
D397,D397
K226,K226
E46UO71,E46
B963,B963
I348,I348
P1281,P128
K903,K903
M258,M258
C320,C320
R879,R879
802,_
C344,_
K265,K265
23,_
B356,B356
T042,T042
M8120,M8120
T501,T501
S462,S462
I459,I459
M212,M212
M4796,M4796
Z373,Z373
H4080,H408
A719,A719
D104,D104
S8211,S8211
S9231,S9231
S9330,S933
1S,_
D163,D163
J011,J011
M9961,M9961
B951,B951
S3280,S3280
M8970,_
N736,N736
M8560,M8560
Z9888,Z988
Q046,Q046
X19,_
Z8781,Z878
W1708,_
D4742,D474
P7883,P788
G062,G062
S5311,S5311
I319,I319
W3108,_
T018,T018
R180,R18
I809,I809
M8580,M8580
H471,H471
C8520,C852
I830,I830
T918,T918
O2451,_
K770,K770
L400,L400
W0108,_
H058,H058
D181,D181
M870,M870
M146,M146
R068,R068
C257,C257
Y9283,_
H509,H509
I700,I700
H2990,_
0802,_
H2622,H262
Q1200,Q120
Q1202,Q120
S2410,S241
Q564,Q564
Q764,Q764
Q872,Q872
T223,T223
T315,T315
N86,N86
X5981,_
S040,S040
L239,L239
O088,O088
R63,_
S682,S682
H5781,H578
G478,G478
S982,S982
S983,S983
Z48,Z489
N499,N499
T634,T634
G908,G908
S551,S551
O359,O359
S210,S210
Z351,Z351
I724,I724
K371,K37
S6890,S689
M321N0,_
M069,M069
M350,M350
T888,T888
T380,T380
D4860,D486
N409,N40
T08,T08
M9170,_
C482,C482
D044,D044
E128,E128
X4699,_
H5222,H522
Q531,Q531
S6151,_
I508,_
G562,G562
B451,B451
E048,E048
Q224,Q224
G91,G919
E148,E148
R298,R298
I051,I051
Z539,Z539
H029,H029
N8321,N832
L0240,L024
S334,S334
C059,C059
M812,M812
K281,K281
R074,R074
Z29,Z299
I291,_
S41,_
P579,P579
L02,L029
M8588,M8588
5470,_
C794,C794
G569,G569
T874,T874
J9390,J939
F162,F162
5792,_
V029,_
N3000,N300
R568UO71,_
Z249,_
D127,D127
M626,M626
M210,M210
J822,J82
S0245,S024
792,_
N641,N641
L025,_
0368,_
T8522,T852
I278,I278
O714,O714
M759,M759
P284,P284
H433,H433
D2239,D223
E1438,E143
H5903,H590
501,_
R471,R471
H023,H023
K130,K130
K073,K073
Z389,_
N759,N759
Y14,_
R05R5,R05
S143,S143
D410,D410
M839,M839
Q172,Q172
E807,E807
K7469,K746
K252,K252
O669,O669
T806,T806
R651,R651
S9120,S912
Q056,Q056
W190,_
N486,N486
W3199,_
T201,T201
T221,T221
T241,T241
T291,T291
C021,C021
V29,_
O76,_
D565,_
O038,O038
N1835,N183
B029,B029
H3530,H353
W1899,_
F88,F88
L8932,L893
O239,O239
M169,M169
M843,M843
S622,S622
K90,K909
S534,S534
D2112,D211
P050,P050
H010,H010
I358,I358
O716,O716
0655,_
D483,D483
J44,J449
N806,N806
X7801,_
D239,D239
I808,I808
D681,D681
K563,K563
M87,M879
P832,P832
L922,L922
E1135,E113
R270,R270
0689,_
I824,_
K26,K269
L059,L059
0064,_
Z400,Z400
J03,J039
N8003,N800
S969,S969
N6490,N649
C8190,C819
Z791,_
M0086,M0086
M190,M190
L979,L97
G912,G912
X0904,_
W1904,_
L905,L905
Z515,Z515
K229,K229
R793,_
A192,A192
C09,C099
C448,C448
H650,H650
S2710,S2710
S1180,S118
S2080,S208
S2990,S299
T914,T914
T919,T919
Z3007,Z300
T452,T452
X40,_
X64,_
X4999,_
S8284,S828
T8691,T869
J629,_
K4030,K403
K010,K010
T1411,T141
2001,_
S6122,_
J452,J452
R629,R629
S620,S620
Q1201,Q120
M9450,_
K5121,K512
N057,N057
D178,_
S341,S341
R74,R749
S824,S824
H52,_
F79,F799
B332,B332
C712,C712
H318,H318
M6594,M6594
X959,_
S0090,S009
D101,D101
R770,R770
C714,C714
E1333,E133
601,_
E866,E86
M8697,M8697
C620,C620
M4316,M4316
S300,S300
H938,H938
Z200,Z200
S9810,S981
U821,_
U822,_
N906,N906
D227,D227
K537,_
Z9911,Z991
R098,R098
H100,H100
U05,_
H6023,H602
W5409,_
H6990,H699
V819,_
D71,D71
29,_
H449,H449
M855,M855
Z852,Z852
H749,H749
A154,A154
M6544,M654
S907,S907
P228,P228
G724,G724
S5292,S529
D173,D173
I320,I320
Z526,Z526
K3589,K358
H278,H278
Z034,Z034
K0889,K088
O659,O659
T859,T859
W201,_
R918,R91
S5191,S519
S924,S924
M6283,M6283
M8188,M8188
H335,H335
Q661,Q661
M898,M898
A321,A321
B180,B180
C7800,C780
5456,_
R6510,R651
M8472,_
H6123,H612
E789NONE,_
M5439,M5439
B941,B941
N648,N648
C402,C402
L22,L22
M8100,M8100
H3571,H357
H3422,H342
D5098,D509
8801D1,_
M7266,M7266
H256,_
M9500,M950
U079,_
O3420,O342
O0,_
M67,M679
O01,O019
M6520,M6520
Z8952,Z8952
R57,R579
M2361,M2361
T0091,T009
Q892,Q892
K4091,K409
0702,_
G619,G619
G709,G709
E120,E120
J3489,J348
M8052,M8052
T1502,T150
F438,F438
G839,G839
S362,S362
R820,R820
C944,C944
S463,S463
M2556,M2556
C574,C574
L763,_
I271,I271
I371,I371
V295,_
K624,K624
F539,F539
C039,C039
Q374,Q374
F172,F172
M110,M110
Z4661,Z466
Q182,Q182
S6221,S6221
S7234,S723
O611,O611
S202,S202
S3700,S3700
M9015,M9015
Y459,_
Z479,Z479
M1791,M179
D235,D235
O320,O320
N21,N219
D694,D694
S6100,S610
E842,_
K521,K521
H0001,H000
M8785,M8785
J3803,J380
H1110,H111
O41,O419
H3537,H353
S0131,S013
W4492,_
E340,E340
K0735,K0735
O30,O309
J18,J189
R77,R779
J321,J321
S217,S217
I863,I863
C799,C799
H93,H939
O337,O337
O900,O900
N321,N321
U049,U049
Q322,Q322
C902,C902
G589,G589
D47,D479
K520,K520
K076,K076
M8312,M8312
Z8960,Z896
N816,N816
F171,F171
H58,_
H7021,H702
S219,S219
H2090,H209
E440,E440
V893,_
Z35,Z359
H8110,H811
S6200,S6200
M7120,M7120
D120,D120
F333,F333
Z900,Z900
E274,E274
Z3688,Z368
A160NONE,_
H2589,H258
M7736,M773
M958,M958
J04,_
U071CO,_
S005,S005
C740,C740
Z981,Z981
K614,K614
L821,L82
X199,_
E288,E288
H043,H043
N23,N23
S6092,S609
R6511,R651
R101,R101
H3180,H318
S802,_
J811,J81
M2531,M2531
S902,S902
R268,R268
M8170,_
C910M9,_
S8321,S832
I632,I632
10,_
M533,M533
S3250,S3250
S701,S701
M9121,M912
P351,P351
M9863,_
M6086,M6086
J3512,J351
Q011,Q011
S631,S631
S762,S762
Q871,Q871
M766,M766
G9389,G938
C919,C919
S3210,S3210
V2749,_
R10,_
K263,K263
D721,D721
M6224,M6224
K8689,K868
D4861,D486
H3480,H348
N134,N134
Z3042,Z304
M318,M318
T819,T819
W5911,_
S930,S930
T846,T846
M86,M869
W011,_
Z3770,Z377
S271,S271
N6021,N602
Y575,_
K309,K30
D097,D097
I96,_
E229,E229
I513,I513
M950,M950
C809,C809
G819,G819
C753,C753
K511,K511
N3001,N300
N611,N61
H544,H544
I083,I083
S632,S632
H613,H613
N923,N923
S371,S371
M872,M872
N155,_
R1310,R13
H619,H619
Z978,Z978
V2899,_
F41,F419
Q626,Q626
H681,H681
T284,T284
N343,N343
D354,D354
O8000,O800
D368,_
I09,I099
N418,N418
H161,H161
S6300,S6300
H3570,H357
Z980,Z980
S4110,S411
Z042,Z042
H6121,H612
V489,_
D691,D691
E210,E210
M8950,M8950
S057,S057
V27,_
Z2208,Z220
C792,C792
L405,L405
S0521,S052
E122,E122
T240,T240
I2129,I212
I2102,I210
I2511,I251
Q544,Q544
S1270,S1270
S5201,S5201
T0280,T0280
P0089,P008
D2410,D24
S8312,S831
H441,H441
K704,K704
J322,J322
M9105,M9105
M9673,_
9XXA,_
M6785,M6785
L7634,_
E0491,E049
E41,E41
S269,S269
Q150,Q150
K513,K513
E833,E833
J178,J178
S6143,_
P268,P268
P292,P292
K643,_
M4112,M4112
G943,_
N5082,N508
K63,K639
S301,S301
D2320,D232
Z955,Z955
K284,K284
M519,M519
T847,T847
O5810,_
N857,N857
S901,S901
M3010,M301
L4052,L405
M4780,M4780
M4799,M4799
M51,M519
J985,J985
X499,_
O694,O694
I426,I426
I772,I772
T8159,T8159
9A,_
D282,D282
Q699,Q699
K591,K591
D4981,_
221,_
C718,C718
M8021,M8021
H3552,H355
C7980,C798
F018,F018
S952,S952
S960,S960
N8322,N832
K430,K430
S129,S129
M6741,M6741
T24,_
T549,T549
H025,H025
Z51,Z519
Q315,Q315
Z0202,Z020
C191P1,_
C97,C97
J340,J340
H2582,H258
B070,B07
H6522,H652
Q371,Q371
Q740,Q740
B957,B957
D369,D369
W3799,_
T904,T904
4185,_
S8311,S831
M4307,M4307
L539,L539
O342O,_
S728,S728
J860,J860
S0189,S018
C690,C690
S9220,S9220
K112,K112
M310,M310
R198,R198
O800Z,_
S8001,S800
H151,H151
I690,I690
Z5491,Z549
M8032,M8032
E049NONE,_
T058,T058
V1090,_
X6099,_
Q352,_
Q000,Q000
Z376,Z376
E1423,E142
H3341,H334
K436,_
S6103,S610
O75,O759
L570,L570
J312,J312
D709,D70
C433,C433
S110,S110
S19,S199
X781,_
S380,S380
M9061,M9061
O450,O450
T8460,T846
Z3043,Z304
G5602,G560
S697,S697
S028,S028
M8260,_
Z111,Z111
C441,C441
B652,B652
Z90,_
S834,S834
V499,_
Z033,Z033
E838,E838
C915,C915
H169,H169
S6131,_
I8501,I850
H662,H662
N055,N055
D494,_
J301,J301
Q833,Q833
Z320,Z320
M1380,M1380
P018,P018
X6999,_
E749,E749
E035,E035
E1130,E113
Z871,Z871
H430,H430
Y049,_
I602,I602
N834,N834
D493,_
S8180,S818
S2411,S241
R39,_
380,_
N872,N872
S6220,S6220
V476,_
5422,_
F013,F013
G918,G918
F106,F106
M8852,_
D229,D229
D367,D367
S499,S499
S799,S799
H2781,H278
T4231,T423
B353,B353
S90,S909
2900GRA0,_
S5180,S518
22,_
D234,D234
B9620,B962
J9509,J950
H1109,H110
C91,C919
M8811,_
M1395,M1395
E1331,E133
S400,S400
S708,S708
S889,S889
K134,K134
F31,F319
M0809,M0809
C051,C051
F1000,F1000
O221,O221
J042,J042
O010,O010
Z292,Z292
O651,O651
S688,S688
D830,D830
F430,F430
Z0167,Z016
M8696,M8696
N421,N421
O997,O997
S665,S665
B054,B054
M0091,M0091
A759,A759
N944,N944
M1995,M1995
P592,P592
G308,G308
A080,A080
F010,F010
D136,D136
Q552,Q552
M7911,M7911
M531,M531
M4782,M4782
D106,D106
M0095,M0095
C113,C113
Q430,Q430
Z0156A2,_
C400,C400
C110,C110
M2441,M2441
P559,P559
Z0022,Z002
M5450,M5450
M0690,M0690
Z01225,Z012
M0695,M0695
M2321,M2321
K908,K908
F489,F489
CR0252,_
I820,I820
M330,M330
M7920,M7920
S0211,S0211
I339,I339
F155,F155
Q255,Q255
K630,K630
D175,D175
O209,O209
J200,J200
A938,A938
C480,C480
D733,D733
M5326,M5326
J038,J038
J684,J684
D610,D610
F316,F316
Z0143C,_
D144,D144
F431,F431
Z0166,Z016
I228,I228
S0631,S0631
I636,I636
T432,T432
P362,P362
G433,G433
N735,N735
A394,A394
T909,T909
K910,K910
Q012,Q012
K580,K580
T450,T450
C171,C171
I019,I019
M4781,M4781
S437,S437
Q243,Q243
E512,E512
S936,S936
M608,M608
K098,K098
Z0013,Z001
669871,_
M173,M173
Q638,Q638
59402,_
P026,P026
D530,D530
B949,B949
P358,P358
T260,T260
J050,J050
M878,M878
P007,P007
F311,F311
E291,E291
N897,N897
F063,F063
Q606,Q606
T476,T476
G628,G628
M0691,M0691
F55,F55
A029,A029
I604,I604
S542,S542
T924,T924
A1810,A181
S640,S640
S88,S889
H3181,H318
N072,N072
M911,M911
Z384,Z384
C31,C319
C020,C020
N390NONE,_
J3430,J343
S0241,S0241
C12,C12
C440,C440
M300,M300
M54,M549
Z80,Z809
N228,N228
Z899,Z899
G801,G801
S429,S429
M8415,M8415
S6310,S6310
T0290,T0290
M8073,_
K208,K20
A449,A449
S9135,S913
D260,D260
N28,N289
M6780,M6780
F023,F023
H438,H438
Q902,Q902
A060UO72,_
C184,C184
T016,T016
S197,S197
M7245,M7245
H729,H729
N848,N848
K102,K102
R28,_
R908,R908
M9270,M927
S6090,S609
S9090,S909
C83,C839
T159,T159
G929,G92
R030,R030
G990,G990
W32,_
Z341,_
491,_
M7256,M7256
P374,P374
S373,S373
G810,G810
C578,C578
B0820,B082
X9954,_
N6311,N63
C254,C254
T198,T198
V204,_
C340,C340
Z123,Z123
S3201,S3201
M810,M810
W100,_
F328,F328
M9540,M954
N883,N883
Z121,Z121
J900,J90
J982,J982
0639,_
B350,B350
N898,N898
S851,S851
S42,S429
G634,G634
M704,M704
N11,N119
Q639,Q639
H2599,H259
J4890,_
S615,_
O2,_
W1909,_
Z398,_
M0696,M0696
N172,N172
H2991,_
N603,N603
0985,_
S0121,S012
N493,_
C493,C493
D2330,D233
O233O,_
M9220,M922
S4301,S4301
B589,B589
S9133,S913
H62,_
R56,_
R09,_
S668,S668
M8960,M8960
Z368,Z368
Z431,Z431
D6288,D62
01,_
G9340,G934
P350,P350
Q512,Q512
D2230,D223
X99,_
R398,R398
E211,E211
K2961,K296
B374,B374
J677,J677
Q216,_
Z923,Z923
O431,O431
M7251,M7251
R020,R02
J942,J942
H6092,H609
B02,B029
S568,S568
A1580,A158
C3410,C341
V185,_
Z469,Z469
S8991,S899
S331,S331
C023,C023
H470,H470
M8072,_
M9835,_
S8190,S819
Y427,_
M430,M430
M8941,M8941
E0521,E052
Q5495,Q549
643,_
I444,I444
Y28,_
H349,H349
U701,_
C933,C933
E1161,E116
O7020,O702
Z330,Z33
H905,H905
K77,_
M8801,M880
B372,B372
G21,G219
G250,G250
T1421,T1421
A483,A483
H4470,H447
X5962,_
S310,S310
W2012,_
K277,K277
D17ZZ,_
E8351,E835
Z37O,_
S218,S218
V2854,_
Q285,_
R161,R161
K27,K279
I713,I713
R569,_
D162,D162
P0510,P051
H212,H212
M3412,M341
H4339,H433
O458,O458
S6811,S681
W14,_
Z0156,Z015
A2,_
Z015,Z015
Z448,Z448
W189,_
Q203,Q203
O346,O346
D2310,D231
M9120,M9120
K754,K754
E0790,E079
H0016,H001
H184,H184
M651,M651
Y099,_
81XA,_
V279,_
M9350,_
C969,C969
P36,P369
5788,_
P278,P278
S9139,S913
T191,T191
D734,D734
P988,_
J1822,J182
N40N,N40
S323,S323
R64,R64
S3230,S3230
S998,S998
K469,K469
S7300,S7300
S278,S278
N970,N970
M711,M711
N434,N434
E867,E86
Y2899,_
U070,_
C917,C917
S9051,_
E1132,E113
93,_
O665,O665
V184,_
M7000,M7000
M7540,M754
T200,T200
S0281,S0281
V386,_
H444,H444
O841,O841
N43,_
M9700,_
Q248,Q248
H3582,H358
U6901,_
D484,D484
I492,I492
S364,S364
S367,S367
X78,_
K4309,K430
C481,C481
C68,C689
U071COV51,_
W4999,_
T146,T146
M8416,M8416
S3081,S308
M1007,M1007
H052,H052
R7303,R730
M8841,_
W2399,_
C161,C161
D731,D731
Y0404,_
A16,A169
M073,M073
Q432,Q432
K05,_
M47,M479
5454,_
B29,_
E1352,E135
K225,K225
5665,_
L0892,L089
T443,T443
Z037,_
B955,B955
S9119,S911
P3610,P361
M8565,M8565
M8109,M8109
C00,C009
E755,E755
S5271,S5271
O4403,O440
H501,H501
M81,M819
O336,O336
W2491,_
Q259,Q259
S6093,S609
L971,L97
A539,A539
C413,C413
C44,C449
D594,D594
C675,C675
K501,K501
Q663,Q663
G253,G253
M8802,M880
0369,_
J3802,J380
M1908,M1908
G527,G527
C321,C321
S9032,S903
S6021,S602
V8921X,_
T179,T179
N836,N836
M6740,M6740
Q686,_
H2600,H260
H931,H931
K809,_
M900,M900
A281,A281
A289,A289
D531,D531
I879,I879
S316,_
C6961,C696
C9210,C921
Z0308,Z030
K835,K835
0681,_
Q643,Q643
Z9089,Z908
S807,S807
B085,B085
E1142,E114
A971UO71,_
S613,_
H0441,H044
O347,O347
L959,L959
B18,B189
S6110,S611
M8005,M8005
K34,_
U171,_
O635,_
Y9201,_
K65,K659
N322,N322
G590,G590
A181,A181
N511,N511
T319,T319
M7126,M7126
I370,I370
D4862,D486
V183,_
I13,I139
Q748,Q748
Z951,Z951
T1510,T151
Q541,Q541
Z27,Z279
I477,_
I15,I159
M4802,M4802
N711,N711
D678,D67
M6285,M6285
H612,H612
X58,_
K62,K629
O863,O863
N64,N649
D331,D331
I231,I231
H6523,H652
B948,B948
R34,R34
B052,B052
M1001,M1001
Z310,Z310
H059,H059
M4199,M4199
M1991,M1991
T808,T808
M6009,M6009
B16,B169
S4210,S4210
W1704,_
H308,H308
M959,M959
M8448,M8448
H0290,H029
S2720,S2720
E1195,E119
H218,H218
H3500,H350
H3321,H332
V22,_
K615,_
S312,S312
N96,N96
T618,T618
O242,O242
D167,D167
Q525,Q525
R15,R15
A600,A600
I697,_
L303,L303
W26,_
M6286,M6286
Q445,Q445
H5221,H522
W290,_
Q611,Q611
Q214,Q214
K111,K111
O3683,O368
O032,O032
O86,_
H6621,H662
N608,N608
H6503,H650
Q604,Q604
M8053,M8053
S627,S627
D611,D611
M6099,M6099
N340,N340
H654,H654
L034,_
B457,B457
M85,M859
C79,C799
P134,P134
E232,E232
O902,O902
O360,O360
C322,C322
M8046,M8046
M9827,_
J150,J150
I089,I089
X599,_
O078,O078
E283,E283
C48,_
H02,H029
W8792,_
S8182,S818
T383,T383
H019,H019
M102,M102
N391,N391
N341,N341
N612,N61
T841,T841
I169,_
T828,T828
Z419,Z419
S82,S829
B088,B088
T1041,T10
S8183,S818
D695,D695
Z894,Z894
F4322,F4322
I455,I455
N853,N853
L249,L249
T012,T012
H026,H026
O048,O048
G825,G825
A309,A309
S0151,S0151
V1808,_
D289,D289
E249,E249
J960M1A9,_
N840NONE,_
T474,T474
R21,R21
K712,K712
H0200,H020
R238,R238
M439,M439
B969,_
Y2099,_
Z975,Z975
H4711,H471
N835,N835
D321,D321
E1451,E145
U071C,_
D750,D750
R701,R701
F39,F39
J381,J381
B942,B942
M8412,M8412
I19,_
J479,J47
C774,C774
5530,_
M8991,M8991
M8263,_
T8611,T861
F332,F332
T659,T659
T9310,T931
Z8744,Z874
N4880,N488
S0250,S0250
Q5311,Q531
N945,N945
O03,O039
P59,P599
H0201,H020
W1809,_
M9838,_
W1799,_
J3480,J348
G463,G463
O0345,O034
690,_
M245,M245
N851,N851
M79,M799
A513,A513
W0130,_
N732,N732
Z,_
88,_
H6241,H624
J410,J410
D350,D350
S6311,S6311
T029,T029
K2950,K295
H92,_
H6501,H650
M2366,M236
C185,C185
Y29,_
C838,C838
E1164,E116
N978,N978
W8499,_
K009,K009
H2649,H264
X2073,_
H3504,H350
S9050,_
K052,K052
M710,M710
I128,_
S8270,S8270
S608,S608
W5099,_
L122,L122
Z420,Z420
D152,D152
K620,K620
H313,H313
T8131,T813
Z043,Z043
I161,_
E142N,_
K2969,K296
L60,L609
O031,O031
S950,S950
H1620,H162
K248,_
R50,R509
S298,S298
D4401,D440
R170,R170
N6491,N649
I20,I209
G948,G948
S599,S599
Z921,Z921
M6516,M6516
H708,H708
C695,C695
I738,I738
E45,E45
H4401,H440
N500,N500
K1181,K1181
D526,_
S032,S032
I2109,I210
I701,I701
H2621,H262
M4795,M4795
S5101,S510
W010,_
O252,O25
D0512,D051
H579,H579
L0399,L039
C73NONE,C73
C118,C118
T246,T246
O65,O659
Y33,_
Z132,Z132
M774,M774
D225,D225
F039,F03
K2960,K296
A18,_
Q261,Q261
H661,H661
H503,H503
Q221,Q221
L399,_
O072,O072
M160,M160
P523,P523
M8130,M8130
T7804,T780
M9840,_
Q82,Q829
5392,_
T119,T119
S6123,_
W8781,_
T1511,T151
Z3830,Z383
2390,_
E723,E723
U074,_
S4280,S4280
0830,_
N6002,N600
I49,I499
D270,D27
O1401,O140
K039,K039
Y0999,_
Z016,Z016
D642,D642
S67,_
S090,S090
L930,L930
P249PO71,_
M8045,M8045
J810,J81
Q420,Q420
Y578,_
C880,C880
M9430,M9430
M130,M130
L908,L908
I8721,I872
M9862,_
P280,P280
Z291,Z291
K6120,K612
C43,C439
S603,_
O144,_
C381,C381
S2731,S2731
G9351,G935
N269,N26
F808,F808
D242,D24
D258,_
L608,L608
I314,_
M8563,M8563
G98,G98
S8601,S860
K8020,K802
5146,_
B17,B179
N301,N301
M8854,_
T130,T130
X5809,_
N812,N812
B34,B349
Q253,Q253
B3781,B378
Z995,_
S2111,S211
O33,O339
L8159,L815
S317,S317
E201,E201
P112,P112
S6181,S618
H0410,H041
S662,S662
Z3809,Z380
C049,C049
T936,T936
W1808,_
D439,D439
H1601,H160
S5301,S5301
K287,K287
C8310,C831
M9672,_
S5981,S598
X60,_
N90,N909
R937,R937
S091,S091
T708,T708
N080,N080
Z8601,Z860
K6350,K635
H2180,H218
T14,T149
S6041,_
Z018,Z018
P013,P013
D4810,D481
M8246,_
A249,_
S7111,S711
T2221,T222
E892,E892
Z318,Z318
D04,D049
S2100,S210
S93,_
K068,K068
D25,D259
M797,M797
0935,_
E279,E279
M489,M489
M9104,M910
M119,M119
S621,S621
M715,M715
M6744,M6744
Q268,Q268
S8352,S835
T853,T853
B651,B651
G5630,G563
H251NA,_
C540,C540
H3561,H356
K114,K114
M662,M662
D166,D166
G550,G550
S408,S408
O642,O642
O099,_
T190,T190
X511,_
L982,L982
I710,I710
T202,T202
T378,T378
M4727,M4727
M0899,M0899
D590,D590
M1255,M1255
A021,A021
H812,H812
E053,E053
M1036,M1036
B012J171,_
A030,A030
O028,O028
T513,T513
C56M8441/3,_
B509,B509
M5446,M5446
O422,O422
A412,A412
Z0072,_
M6261,M6261
D763,D763
T671,T671
59401,_
Z0012,Z001
IMP02,_
M314,M314
A0100,A010
O264,O264
59400,_
I631,I631
M0889,M0889
A379J170,_
T68,T68
M472,M472
L931,L931
D680,D680
I241,I241
C412,C412
S049,S049
Z02022,Z020
M1909,M1909
I970,I970
G440,G440
T469,T469
M7909,M7909
E060,E060
B052J171,_
G432,G432
A399,A399
F125,F125
F449,F449
E15,E15
E268,E268
E051,E051
M8998,M8998
Z011G1,_
O232,O232
E132N083,_
T609,T609
F072,F072
T603,T603
M8666,M8666
M469,M469
A33,A33
P583,P583
D373,D373
669821,_
J1813,J181
M0694,M0694
B068,B068
T703,T703
K834,K834
I401,I401
F99,F99
D128,D128
A409,A409
I158,I158
M5422,M5422
T510,T510
Q240,Q240
T789,T789
M544,M544
M4857,M4857
M7929,M7929
Q929,Q929
A191,A191
T512,T512
M23,M239
Q180,Q180
G9009,G900
G570,G570
S5181,S518
I603,I603
L0231,L023
S3085,S308
G300,G300
J012,J012
H1124,H112
T9210,T921
K966,_
M9044,M9044
S0530,S053
S363,S363
H951,H951
K5150,K515
D628,D62
S460,S460
C66,C66
A720,_
C081,C081
T885,T885
N856,N856
K3595,K359
470,_
G541,G541
D1721,D172
S321,S321
S417,S417
B221,B221
M8530,M8530
C649,C64
I823,I823
M702,M702
O119,O11
H2700,H270
C9200,C920
E0421,E042
H906,H906
2B,_
H2502,H250
N2002,N200
M4387,M4387
M954,M954
J06,J069
O035,O035
B012,B012
M6596,M6596
C845,C845
M320,M320
O349,O349
Q898,Q898
S9610,S961
Z472,_
Y548,_
Y471,_
R59,R599
C9101,C910
J4591,J459
M8699,M8699
J014,J014
A921,A921
M1008,M1008
H041,H041
L970,L97
M542,M542
E04,E049
P372,P372
W4073,_
S9134,S913
A250,A250
Q219,Q219
H1120,H112
1240,_
N189NO8,_
L739,L739
M413,M413
I427,I427
I801,I801
K092,K092
L82,L82
S025,S025
I779NONE,_
H728,H728
R636,R636
P234,P234
V2299,_
S042,S042
L858,L858
T392,T392
T436,T436
D266,_
K4021,K402
S0206,S020
K551,K551
R628,R628
K673,K673
U843,_
H5213,H521
C9240,C924
H4000,H400
N882,N882
S6130,_
3A,_
S0188,S018
D017,D017
H3320,H332
B820,B820
H1860,H186
N023,N023
I860,I860
Q311,Q311
W0104,_
I451,I451
S9332,S933
M8705,M8705
N129,N12
H5212,H521
M256,M256
E639,E639
M9800,_
C9253,C925
T094,T094
K185,_
P745,P745
S9210,S9210
X5991,_
T933,T933
T935,T935
112,_
P960,P960
N758,N758
D261,D261
O803,_
B809,B80
M2322,M2322
D137,D137
D0591,D059
W2388,_
W174,_
R1906,R190
I24,I249
J960NO8,_
H469,H46
M1992,M1992
P992,_
S8320,S832
H160,H160
B44,B449
Z870,Z870
E1151,E115
I220,I220
M7260,M7260
A092,A09
C445,C445
E320,E320
A288,A288
B449,B449
S8251,S8251
M4318,M4318
X503,_
5493,_
H2692,H269
P779,P77
L894,L89
G573,G573
F195,F195
R0602,R060
I2781,I278
J3392,J339
G8191,G819
H4082,H408
C088,C088
E361,_
N2011,N201
C1817,C181
C96,C969
A1821,A182
X5996,_
O489,O48
Z3012,Z301
O120,O120
H0456,H045
H1781,H178
S4990,S499
S9081,S9081
E099,_
P543,P543
J31,_
D1809,D1809
S5290,S5290
U09,_
H2680,H268
T844,T844
H523,H523
O358,O358
M9940,M9940
C914,C914
R90,_
P820,_
K4031,K403
D729,D729
P2399,P239
L018,_
E611,E611
S252,S252
V02,_
D217,_
D236,D236
H610,H610
Y850,_
M253,M253
K716,K716
F900,F900
E1152,E115
S9301,S930
O011,O011
C8340,C834
I67,I679
H3332,H333
D271,D27
M9050,M9050
C457,C457
R2291,R229
V2842,_
H9050,H905
M951,M951
C3411,C341
E81,_
V039,_
B020,B020
I649,I64
D56,D569
H1132,H113
S0003,S000
B018,B018
C009,C009
M251,M251
R2242,R224
Z94,Z949
K601,K601
S0141,S0141
N149,_
S9211,S9211
R32,R32
S5082,S5082
O409,O40
M1390,M1390
N179NONE,_
R2232,R223
H6011,H601
Q260,Q260
M8930,M8930
V2919,_
I450,I450
S99,S999
P501,P501
B00,B009
M2465,M2465
I103,I10
V891,_
D3911,D391
0244,_
D221,D221
Q302,Q302
O354,O354
T829,T829
M4906,M4906
C10,C109
B19,B199
J3390,J339
J3391,J339
M8481,M8481
D708,D70
C946,C946
A900,A90
G4739,G473
K8000,K800
X4409,_
D841,D841
B210,B210
A093,A09
A400,A400
S0520,S052
G941,G941
T115,T115
B005,B005
M9000,M9000
O469,O469
M8001,M8001
D4870,D487
R2200,R220
K8001,K800
M8720,M8720
W3099,_
D06,D069
K266,K266
H1105,H110
N9080,N908
E271,E271
B958,B958
S8970,S897
S4081,S4081
D649E4,_
L211,L211
C227,C227
V2940,_
K681,_
W31,_
I728,I728
O755,O755
E800,E800
Q688,Q688
Q429,Q429
M8799,M8799
H11,H119
I1011,I10
T170,T170
H2141,H214
N083IMPO1,_
I955,_
08O0,_
S5000,S500
D001,D001
119,_
S8189,S818
S8191,S819
R439,_
B789,B789
B79,B79
M8612,M8612
K870,K870
K140,K140
N189UO72,_
Z298,Z298
X49,_
Q049,Q049
J902,J90
N871,N871
I8221,I822
P371,P371
K291NA,_
C7180,C718
M9421,M9421
H432,H432
R500,_
H114,H114
0996,_
T261,T261
I162,_
O044,O044
K909,K909
F54,F54
M9663,M966
S433,S433
S4101,S410
Q170,Q170
H312,H312
Z163,_
5011,_
R896,R896
G4090,G409
P380,P38
O262,O262
H34,H349
E1165,E116
J17,_
C188,C188
H3090,H309
H3580,H358
R779,R779
I952,I952
B371,B371
J172,J172
O,_
S9830,S983
R791,_
C249,C249
E709,E709
L219,L219
L98,L989
I5161,I516
W1408,_
M255,M255
F819,F819
Q218,Q218
J37,_
0001,_
S2021,S202
S201,S201
D461,D461
H0241,H024
K319NONE,_
S800,S800
W2992,_
S0619,S061
S0669,S066
V0219,_
X4599,_
S921,S921
L919,L919
N73,N739
X7899,_
S581,S581
O715,O715
X5930,_
I368,I368
G470,G470
S0502,S050
G563,G563
F330,F330
I711,I711
C769,_
I5033,_
A1801,A180
Q353,Q353
S1210,S1210
Q658,Q658
M9010,M9010
I832,I832
F908,F908
K028,K028
N6019,N601
R2231,R223
S6521,S652
2D,_
L03,L039
F00,F009
H4081,H408
E221,E221
T8579,T857
P728,P728
Z189,_
Z110,Z110
S3115,S311
S7221,S7221
M7139,M7139
T213,T213
T243,T243
T730,T730
C155,C155
E42,E42
L83,L83
Q868,Q868
M9495,M9495
K139,_
G824,G824
D075,D075
B06,B069
0059,_
H5043,H504
M4369,M4369
K261,K261
V23,_
K645,_
E233,E233
J1291,J129
Z360,Z360
H25,H259
C901,C901
S0204,S020
0709,_
K938,K938
J955,J955
T411,T411
C78,_
G462,G462
H2525,H252
146,_
Z3029,Z302
O800Z0,_
T91,T919
I723,I723
G978,G978
C773,C773
M856,M856
R053,R05
H6122,H612
H4312,H431
D1216,D121
A00,A009
Q103,Q103
N04,N049
O802,_
B027,B027
J953,J953
S6241,S6241
H46S,H46
W548,_
H2681,H268
I85,I859
I740,I740
D161,D161
V8399,_
Z3730,Z373
D304,D304
M8803,M880
K440,K440
D2121,D212
Z329,_
S698,S698
S51,S519
E1431,E143
H439,H439
I310,I310
K56,_
Z3701,Z370
A912,A91
S564,S564
F511,F511
M8470,_
N31,N319
H2602,H260
Z4802,Z480
Y421,_
W196,_
M545_____,_
I311,I311
V071,_
G131,G131
M2381,M2381
S9111,S911
X6499,_
D32,D329
I663,I663
M8795,M8795
P101,P101
S0085,S008
P750,P75
I675,I675
I129Z,_
N14,_
B360,B360
D464,D464
Z3705,Z370
Q257,Q257
H051,H051
H0240,H024
H739,H739
V4552,_
Q825,Q825
S6120,_
E879,_
D662,D66
R1319,R13
I029,I029
S359,S359
B080,B080
D6181,D618
C1130,C113
I722,I722
N088,N088
J020,J020
H331,H331
L01,_
J450,J450
O618,O618
M862,M862
O6550,O655
O1,_
D700,D70
F10,F109
F302,F302
M2339,M2339
H4042,H404
S9331,S933
I669,I669
H368,H368
I425,I425
P379,P379
B964,B964
O070,O070
5250,_
H0523,H052
J133,J13
N939NONE,_
X95,_
W01,_
M8995,M8995
O36,O369
S2002,S200
M8861,_
Z9883,Z988
K604,K604
P261,P261
D482,D482
C632,C632
H143,_
I119UO01,_
P9683,P968
H2648,H264
T8570,T857
S11,S119
D124,D124
R6521,R652
T065,T065
V2949,_
C7931,C793
W198,_
Y833,_
A190,A190
F412,F412
C862,C862
N824,N824
O9901,O990
O219,O219
T7840,T784
J451,J451
W99,_
O603,O603
M8401,M8401
H164,H164
K389,K389
M719,M719
O260,O260
E1134,E113
J949,J949
M1961,_
T61,T619
Q441,Q441
B351,B351
D3670,D367
T253,T253
O030,O030
I441,I441
H838,H838
G407,G407
M7916,M7916
I692,I692
G258,G258
Q391,Q391
T592,T592
G438,G438
Q647,Q647
E059I438,_
E038,E038
B150,B150
C152,C152
M0649,M0649
F252,F252
G310,G310
T886,T886
K091,K091
F233,F233
A198,A198
J1212,J121
M5437,M5437
M0609,M0609
B440J172,_
K282,K282
Q822,Q822
O074,O074
E030,E030
I151,I151
D598,D598
O894,O894
F318,F318
M4792,M4792
A041,A041
N921,N921
Q400,Q400
C261,C261
S0661,S0661
M761,M761
M4854,M4854
I510,I510
P392,P392
T528,T528
C539M8072/3,_
D563,D563
I018,I018
G901,G901
G528,G528
A690,A690
Z0062,Z006
A711,A711
E569,E569
J208,J208
M4807,M4807
E348,E348
M1091,M1091
K713,K713
E668,E668
S3991,S399
S0100,S010
C910NONE,_
V426,_
M214,M214
T023,T023
N8500,N850
K738,K738
O684,_
R65,R659
G638,G638
Y405,_
L0233,L023
3600GRA0,_
I218,_
S6800,S680
J289,_
F4530,F4530
D429,D429
O8201,O820
S6981,S698
K832,K832
M652,M652
R470,R470
F142,F142
M9131,M913
W5589,_
L8930,L893
E804,E804
D169,D169
G43,G439
M9408,M940
J639,_
O081,O081
J0391,J039
C830,C830
Q380,Q380
L20,L209
H5011,H501
S897,S897
C183,C183
B77,B779
J64,J64
Z757,_
T901,T901
W2062,_
S978,S978
S9311,S931
S0035,S003
L7201,L720
M8008,M8008
Z229,Z229
M6548,M654
T8140,T814
L9721,L97
I421,I421
M733,_
Z397,_
M500,M500
G992,G992
A099E8,A09
J4499,J449
H3302,H330
I31,I319
I891,I891
A421,A421
O0821,O082
O90,O909
O821Z,_
T861,T861
Q628,Q628
S6129,_
X47,_
H699,H699
M0697,M0697
H2612,H261
S0522,S052
E212,E212
H0480,H048
V984,_
T185,T185
P9160,P916
C609,C609
O0940,_
M8094,M8094
M029,M029
G238,G238
N1818,N181
Z950,Z950
M089,M089
M6747,M6747
5748,_
G579,G579
A471,_
R559,R55
J449NONE,_
T435,T435
T2321,T232
H049,H049
N4340,N434
S6150,_
M4697,M4697
Q245,Q245
S50,S509
G558,G558
S030,S030
R935,R935
5511,_
S7231,S7231
S6480,S648
Y11,_
G951,G951
D59,D599
S689,S689
U0701,_
O0943,_
C191P3,_
M0026,M0026
B078,B07
R566,_
T0131,T013
V090,_
L710,L710
I712,I712
0149,_
S333,S333
M142,M142
M8601,M8601
I408,I408
V2359,_
Z8679,Z867
S2110,S211
X088,_
Z342,_
H2181,H218
N95,N959
T161XXA,T16
E1460,E146
S6094,S609
7D,_
C062,C062
D649E1,_
A661,A661
A663,A663
S650,S650
S651,S651
J393,J393
D75,D759
C590,_
M9808,_
M6591,M6591
I750,_
S004,S004
S061,S061
I81,I81
F809,F809
M720,M720
L519,L519
K298NA,_
Z242,Z242
J030,J030
K859NONE,_
P913,P913
F410,F410
R911,R91
H9331,H933
I445,I445
E725,E725
M892,M892
N185UO4,_
E236,E236
I059,I059
R0901,R090
J800,J80
O728,_
R079,_
Z399,_
I460,I460
M925,M925
M5020,M502
S1410,S141
S1412,S141
99,_
E71,_
H738,H738
N952,N952
C8513,C851
A609,A609
T650,T650
Y19,_
5814,_
N051,N051
I352,I352
L259,L259
U847,_
M966,M966
B82,B829
K3533,K353
G46,_
C450,C450
S5092,S509
S8091,S809
S9091,S909
I1091,I10
T830,T830
J11,_
O429O,_
T231,T231
S6610,S661
R418,R418
M8832,_
L7211,L721
M8727,M8727
C84,C849
H3512,H351
O180,_
M232,M232
C165,C165
M1997,M1997
V021,_
C789,_
P369PO81,_
C503,C503
S7214,S721
W2308,_
M236,M236
J1513,J151
A414,A414
M8002,M8002
M1047,M1047
I641,I64
B839,B839
M1040,M1040
B001,B001
0021,_
I826,_
I718,I718
0988,_
N802,N802
Q30,Q309
I431,I431
M247,M247
U500,_
P378,P378
N390NO01,_
N4400,N44
L021NONE,_
D360,D360
M8488,M8488
B352,B352
K5802,K580
C510,C510
W503,_
C391,_
H1600,H160
C561,C56
S8271,S8271
M7106,M7106
S60,S609
S7281,S7281
F300,F300
C189I,_
N46,N46
A510,A510
J3481,J348
Y593,_
Z948,Z948
O7657,_
49,_
T80,T809
R508,R508
O9,_
Q341,Q341
Q627,Q627
Q649,Q649
V2959,_
Z345,_
W319,_
L975,L97
I741,I741
M9473,_
D174,D174
G4020,G402
D135,D135
E143H3,_
W2672,_
S605,_
W340,_
P079,_
C3499,C349
C7939,C793
M790,M790
G636,G636
E349,E349
D292,D292
M2450,M2450
H0251,H025
M01,_
M0092,M0092
H27,H279
R2233,R223
S9103,S910
T836,T836
H116,_
K3184,K318
T162XXA,T16
C4431,C443
T1820,T182
T1810,T181
Q774,Q774
Z733,Z733
L981,L981
H4019,H401
M708,M708
O609,_
W208XXA,_
S6250,S6250
W2352,_
P123,P123
K50,K509
D441,D441
T79,T799
S6281,S6281
V031,_
N6009,N600
V485,_
K652,_
M503,M503
H191,H191
S827,S827
O432,O432
M6590,M6590
O754,O754
M0698,M0698
C211,C211
G81,G819
P720,P720
O509,_
M6530,M6530
K089,K089
D1720,D172
S250,S250
P289,P289
829,_
L848,L84
Q615,Q615
H369,_
T444,T444
T461,T461
T467,T467
T483,T483
X63,_
X65,_
D4851,D485
S32,_
P965,P965
I74,I749
C784,C784
V839,_
T161,T16
2452,_
Z958,Z958
Y3499,_
S142,S142
S970,S970
D608,D608
P550,P550
K865,_
N005,N005
V294,_
O065,O065
I890,I890
M332,M332
M9702,_
I234,I234
O289,O289
J458,J458
H4300,H430
0662,_
V3959,_
R234,R234
T294,T294
S9089,S908
F011,F011
Q563,Q563
J9690,J969
P942,P942
L6000,L600
R19,_
C323,C323
H816,_
K088NA,_
I2720,I272
N933,_
X9599,_
E743,E743
C153,C153
Y455,_
L880,L88
M7986,M7986
Q6601,Q660
Q251,Q251
909,_
W2699,_
E045,_
S863,S863
W1499,_
S428,S428
1255,_
E290,E290
L8191,L819
N7093,N709
W799,_
D470,D470
O102,O102
G70,G709
T025,T025
I6330,I633
S5261,S5261
I342,I342
T1590,T159
M7990,M7990
J3822,J382
G301,G301
Z4800,Z480
I6203,I620
A439,A439
Z2081,Z208
Z0380,Z038
M752,M752
Q370,Q370
H492,H492
D216,D216
G913,G913
S5236,S523
H3550,H355
P238,P238
W449,_
J061,_
H3501,H350
M6781,M6781
S87,S879
H2189,H218
H744,H744
0039,_
G972,G972
N1352,N135
N1392,N139
K928,K928
1200,_
D224,D224
Q505,Q505
M2435,M2435
S8092,S809
J809,J80
C20X,C20
B432,B432
M2326,M2326
S6080,S6080
O002,O002
K559,K559
G249,G249
Q791,Q791
Q631,Q631
W5799,_
L04,L049
C0900,C090
I2512,I251
L299,L299
W2752,_
C8307,C830
D240,D24
K035,K035
S131,S131
Q74,Q749
V2259,_
N6310,N63
I8712,I871
R8781,R878
N1875,_
C76,_
Z430,Z430
X68,_
R2240,R224
H6001,H600
M191,M191
T269,T269
0069,_
S7242,S724
K61,_
O0399,O039
Y209,_
J9840,J984
M242,M242
D20,_
D200,D200
H253,_
Z3901,Z390
Y603,_
S9191,S919
O15,O159
M9820,_
O05,O059
C000,C000
H0210,H021
X12,_
O1402,O140
K6628,_
O6895,O689
F15,F159
Z102,Z102
W209,_
J38,_
Z9012,Z901
M8370,_
Z319,Z319
Q225,Q225
S86,S869
M5491,M5491
T2400,T240
E044,_
Q701,Q701
Q820,Q820
D472,D472
M8134,M8134
S684,S684
Z312,Z312
D310,D310
M7799,M7799
P810,P810
K574,K574
G543,G543
S5237,S523
J43,J439
E829,_
M1226,M1226
1119,_
C403,C403
E215,E215
A30,A309
B220,B220
I800,I800
O218,O218
S045,S045
H601,H601
P022,P022
T658,T658
Z0161,Z016
Z0151B1,_
I774,I774
I301,I301
E209,E209
P919,P919
C837,C837
S0291,S0291
M471G992,_
RFRHD31,_
K745,K745
S0230,S0230
G040,G040
M1981,M1981
T604,T604
Q334,Q334
J700,J700
N940,N940
Z01226,Z012
T518,T518
O986,O986
B583J173,_
T233,T233
O868,O868
T622,T622
K715,K715
I091,I091
J983,J983
Q620,Q620
G030,G030
M464,M464
T039,T039
F450,F450
D337,D337
C967,C967
P230,P230
T234,T234
P143,P143
P250,P250
Z0158C1,_
I676,I676
P549,P549
A64,A64
M703,M703
H2182,H218
S7235,S723
2C,_
S604,_
S8241,S8241
S642,S642
Q319,Q319
O4202,O420
Q328,_
P963,P963
T801,T801
D703,D70
I109NONE,I10
E841,E841
S927,S927
K006,K006
P113,P113
H2091,H209
M40,_
E213,E213
M7121,M712
V194,_
Z466,Z466
J389,_
T8421,T842
S203,S203
N022,N022
O051,O051
S655,S655
D72,D729
O082,O082
I842NONE,_
84,_
O645,O645
M140,M140
1214,_
S563,S563
N81,N819
H4006,H400
Q709,Q709
H912,H912
C731,C73
M118,M118
M8901,M8901
S6159,_
R330,R33
I090,I090
C496,C496
L300,L300
Z048,Z048
W74,_
E849,E849
M2564,M2564
C63,C639
S0183,S018
M4788,M4788
D3910,D391
V0299,_
P060,_
L781,_
E0520,E052
M7711,M771
J82,J82
M9970,M9970
H653,H653
O812,O812
H5002,H500
L942,L942
C172,C172
M795,M795
S5610,S561
S0540,S054
S3690,S3690
S3990,S399
T915,T915
V3999,_
O679,O679
M9932,M9932
T1722,T172
8A,_
O301,O301
0699,_
A878,A878
T803,T803
J499,_
B,_
B1,_
H4709,H470
O208,O208
O291,O291
C671,C671
X6008,_
M8505,M8505
I825,_
S0083,S008
T390,T390
E893,E893
0300,_
Q721,Q721
O350,O350
V0399,_
T043,T043
T8451,T845
T9311,T931
M8011,M8011
E830,E830
A419B9,_
I454,I454
N40NO0,N40
H2809,H280
B988,_
M9880,_
S1290,S1290
W118,_
M7955,M7955
Z3022,Z302
Q831,Q831
K43,K439
Z458,Z458
L6002,L600
M9828,_
Z989,_
M471,M471
T503,T503
N083ENDSTAGERENALDISEA92,_
K73,K739
N0390,N039
D637,_
H506,H506
T158,T158
N189NONE,_
X5998,_
L822,L82
I360,I360
Z820,Z820
S427,S427
M7991,M7991
K7689,K768
T220,T220
X100,_
E098,_
C840,C840
Q798,Q798
M8502,M8502
O613,_
M2134,M213
S6971,S697
I511,I511
D050,D050
I116,_
K1300,K1300
M8698,M8698
D160,D160
M9652,M965
0321,_
E1031,E103
Z385,Z385
T8429,T842
E273,E273
C436,C436
X1699,_
H3350,H335
C154,C154
M671,M671
S4244,S424
J840,J840
N324,N324
M8806,M880
Z482,_
E243,E243
W459,_
N483,N483
C689,C689
Z1491,_
D093,D093
M9062,M9062
N710,N710
O632,O632
S29,S299
0A,_
1B,_
S903,S903
D1801,D1801
1269,_
C8512,C851
O8093,O809
L009,L00
K552,K552
H594,_
M670,M670
T709,T709
M9210,M921
Q90,Q909
E864,E86
C903,C903
L7210,L721
T145,T145
O904,O904
15A,_
B15,B159
O2449,O2449
260,_
N018NO1,_
R049,R049
C781,C781
Z46,Z469
F43,F439
S489,S489
T17,T179
O7011,O701
I488,I48
M438,M438
O882,O882
S0990,S099
L973,L97
I681,I681
R801,R80
J3420,J342
H461,H46
C209,C20
N1390,N139
N2000,N200
H1870,H187
O2441,O2441
O0929,_
O8200,O820
U0711,_
A350,A35
C7490,C749
M624,M624
N480,N480
T1490,T149
Z519,Z519
G893,_
M518,M518
K802Z3A1,_
D2311,D231
H5001,H500
Q743,Q743
S447,S447
M198,M198
T884,T884
M9866,_
D339,D339
N881,N881
I978,I978
H472,H472
H2001,H200
H2102,H210
T2610,T261
E896,E896
T2502,T250
U073,_
L85,L859
Z640,Z640
691,_
A042,A042
H3411,H341
S06,S069
O25,O25
M7267,M7267
N992,N992
T12,T12
S2712,S271
H480,H480
A0992,A099
M2586,M2586
O355,O355
Z094,Z094
S0113,S011
T451,T451
Q5320,Q532
K798,_
L662,L662
S4290,S4290
M8692,M8692
P740,P740
K52,K529
6458,_
D131NONE,_
M8211,M8211
O400,O40
V2499,_
E756,E756
R162,R162
K359UO71,_
Z968,Z968
K514,K514
Q070,Q070
0631,_
X833,_
B583,B583
H4313,H431
X586,_
N972,N972
M465,M465
S9221,S9221
S452,S452
M3201,M320
H678,H678
0322,_
2208,_
Z1811,_
Q523,Q523
O661,O661
A969,A969
J188,J188
E089,_
G835,_
T739,T739
0339,_
Q610,Q610
S2301,S230
Z136,Z136
E6601,E660
Q323,Q323
D588,D588
D6439,D643
R932,R932
M4908,M4908
P252,P252
Q057,Q057
Q919,_
S7301,S7301
S8501,S850
Y920,_
R099,_
G55,_
N8502,N850
S0010,S001
O530,_
Z809,Z809
B695,_
I6781,I678
K314,K314
K701,K701
K8195,K819
511,_
M7097,M7097
Q042,Q042
C471,C471
O7052,_
C459,C459
R195,R195
B500,B500
J1563,J156
I1OI48,_
Y848,_
Z863,Z863
M8012,M8012
X4799,_
T298,_
T110,T110
5690,_
J590,_
Q809,Q809
H1810,H181
Z032,Z032
M8405,M8405
M4696,M4696
W18,_
L9791,L97
D413,D413
O6390,O639
K31,K319
Y00,_
E858,E858
N50,N509
O311,O311
H2151,H215
H3560,H356
Q330,Q330
F413,F413
R227,R227
E22,E229
O815,O815
N1330,N133
S9241,S9241
O769,_
K3530,K353
S866,_
S9121,S912
S5281,S5281
S9841,S984
M4790,M4790
I890E,_
H1883,H188
K5790,K579
M7257,M7257
N133NO1,_
M6599,M6599
C4451,C445
T8310,T831
Z768,Z768
V9199,_
V2349,_
I4820,I48
0219,_
N895,N895
Q524,Q524
E466,E46
G4080,G408
J98,J989
C531,C531
12,_
X2099,_
\,_
E2609,E260
M6527,M6527
E8341,E834
G41,G419
R066,R066
S4090,S409
S8090,S809
Q511,Q511
G920,G92
A971N1O,_
I244,_
9093,_
N639,N63
Q894,Q894
M8123,M8123
F71,F719
Z969,Z969
M8821,_
E959,_
M2550,M2550
O620O,_
N805,N805
P800,P800
L270,L270
V04,_
H904,H904
I903,_
M8667,M8667
S8602,S860
O071,O071
K0402,K040
Z11,Z119
N995,N995
F445,F445
O740,O740
K831NONE,_
Z529,Z529
Z3710,Z371
O229,O229
S71,_
D643,D643
D3160,D316
W1471,_
S7202,S720
K8050,K805
M1960,_
H6062,_
S6180,S618
M4856,M4856
B303,B303
H131,H131
Z264,_
D692,D692
T455,T455
S4609,S460
V2859,_
S207,S207
Q458,Q458
E1313,E131
95,_
T820,T820
H5211,H521
H1091,H109
N323,N323
V0999,_
K732,K732
O634,_
H0289,H028
C529,C52
M1029,M1029
S49,S499
S9031,S903
D735,D735
W038,_
Y442,_
P714,P714
Z0158,Z015
M8620,M8620
S0144,S014
O345,O345
D1800,D1800
M1398,M1398
O2442,O244
H3542,H354
H5302,H530
T8470,T847
S3289,S328
D176,D176
F002,F002
C421,_
S6631,S663
A369,A369
J1522,J152
P545,P545
P589,P589
M0029,M0029
O891,O891
T55,T55
J929,J929
G603,G603
F231,F231
F250,F250
P279,P279
G309F009,_
M2506,M2506
Q873,Q873
G721,G721
M5436,M5436
T529,T529
P359,P359
G937,G937
N925,N925
P529,P529
M2505,M2505
F301,F301
P111,P111
Q851,Q851
M0097,M0097
T421,T421
T255,T255
G000,G000
T316,T316
S8080,S8080
Q692,Q692
K3505,K350
I34,I349
S597,S597
T289,T289
E09,_
V455,_
M2509,M2509
E539,E539
N19NO0,N19
S6990,S699
S170,S170
N8320,N832
H1033,H103
S4113,S411
S168,S16
M154,M154
N2,_
A809,A809
N765,N765
H300,H300
D259NONE,_
H2610,H261
E649,E649
M7131,M7131
C835,C835
I827,_
D549,_
M0829,M0829
K806,_
D022,D022
A480,A480
S4085,S408
S971,S971
Z008,Z008
B359,B359
E778,E778
5689,_
G808,G808
L271,L271
K2901,K290
P933,P93
L1892,_
L932,L932
W763,_
N2810,N281
H1092,H109
T447,T447
Y517,_
T314,T314
Y26,_
K071,K071
D249,D24
D090,D090
M7900,M7900
N748,N748
C9141,C914
J9811,J981
M25,M259
K2980,K298
H2611,H261
E711,E711
R352,R35
B259,B259
M1994,M1994
T148,T148
K339,_
H65,H659
D226,D226
O381,_
Q339,Q339
D01,D019
M7264,M7264
N6301,N63
S7310,S731
O8090,O809
Z390Z8,_
O743,O743
N078,N078
K021,K021
N609,N609
K72,K729
S569,_
S9115,S911
S5170,S517
K669,K669
X61,_
A308,A308
X1499,_
T502,T502
H201,H201
J0390,J039
M5129,M512
W310,_
N640,N640
D477,D477
I743,I743
O3685,O368
K034,K034
T00,T009
H2101,H210
N99,N999
L6001,L600
Z798,_
S0581,S058
Z4914,Z491
S3141,S314
D61,D619
K502,_
W7904,_
K8029,K802
J3800,J380
0139,_
K593,K593
M7629,M7629
J355,_
S6329,S632
W2599,_
N645,N645
N082,N082
Q5310,Q531
K065,_
J3040,J304
M7985,M7985
M97,_
X669,_
K2916,K291
O263,O263
C432,C432
N3011,N301
M9882,_
C768,C768
P00,P009
M4800,M4800
O279,_
A0493,A049
S3702,S370
N189X,_
H520,H520
S6104,S610
J0190,J019
Q348,Q348
T144,T144
S659,S659
H1430,_
F315,F315
K381,K381
S0021,S002
S0645,S064
C831,C831
0233,_
Q8500,Q850
H4450,H445
Z303,Z303
O09,_
T23,_
O290,O290
M8622,M8622
K313,K313
Z421,Z421
T2102,T210
G2581,G258
E787,_
C001,C001
C939,C939
N4330,N433
E272,E272
T959,T959
Y579,_
C771,C771
H048,H048
M1321,_
K5151,K515
Z9011,Z901
Q3691,Q369
L949,L949
J8411,J841
Y406,_
K764,K764
N7,_
Y928,_
O7811,_
0601,_
T0120,T012
I855,_
M80,M809
N393,N393
S382,S382
D2122,D212
I088,I088
I092,I092
Y883,_
R06,_
I5022,_
J90NO1,J90
N989,N989
V18,_
N0803,N080
S345,S345
T361,T361
Y401,_
M1397,M1397
T293,T293
M880,M880
X93,_
M6095,M6095
I898,I898
T889,T889
X2399,_
V2248,_
Z233,Z233
A1817,A181
5655,_
M890,M890
H2702,H270
S8380,_
J308,_
T211,T211
E1169,E116
Z205,Z205
Q242,Q242
M3210,M321
N1856,N185
X099,_
T286,T286
E7890,E789
N648NONE,_
N988,N988
J9601,J960
M6538,M653
K2971,K297
Z39Z,_
164,_
Y0599,_
N363,N363
M8410,M8410
Q279,Q279
C342,C342
O4804,O48
M8990,M8990
N590,_
K592,K592
E840,E840
J1894,J189
D629,D62
Z481,_
S25,S259
V325,_
M8618,M8618
K101,K101
S2994,S299
S204,S204
Z5792,Z579
A27,A279
N800NONE,_
L50,L509
K763,K763
6,_
M2581,M2581
M138,M138
M201,M201
E826,_
S8039,_
D2160,D216
K8040,K804
S231,S231
M1792,M179
H2791,H279
M010,M010
M1690,M169
O480,O48
R410,R410
Q874,Q874
N818NONE,_
R9201,R92
1250,_
M402,M402
H4732,H473
S501,S501
B971,B971
M2154,M2154
M2070,_
X7809,_
D2490,D24
N6000,N600
J444,_
M8581,M8581
M7731,M773
C14,_
G44,_
S9312,S931
M845,_
000,_
J4095,J40
N2808,N280
L9180,L918
H6630,H663
H7100,H71
S660,S660
O0390,O039
M9471,_
S530,S530
M8690,M8690
M068,M068
T492,T492
Q870,Q870
R2211,R221
J470,J47
T22,_
G129,G129
N741,N741
Y408,_
L733,_
B230,B230
T091,T091
O043,O043
M162,M162
O0952,_
N7511,N751
N261,N26
H2092,H209
J469,J46
Z112,Z112
C641,C64
O81,_
J3801,J380
X8599,_
H664,H664
S5011,S501
P681,_
D419,D419
M62,M629
K600,K600
H4390,H439
K115,K115
Q969,Q969
S6621,S662
O0901,_
C8470,C847
K291NONE,_
N89,N899
I069,I069
L738,L738
K2981,K298
P102,P102
L130,L130
I8782,I878
I1O1,_
S0089,S008
F015,_
E873,E873
Q846,Q846
A039,A039
X11,_
Z401,_
M8914,M8914
Q685,Q685
M239,M239
W2001,_
W20,_
R928,R92
Z888,Z888
H3592,H359
A292,_
B375,B375
B191,_
O6890,O689
Z8780,Z878
G130,G130
K55,K559
J35,J359
H0451,H045
I164,_
B000,B000
S500,S500
R091,R091
M889,M889
O449,_
B978,B978
S6612,S661
I7720,I772
Z3009,Z300
J1849,_
1892,_
G950,G950
E8809,E880
M7793,M7793
O7315,O731
L0390,L039
O4100,O410
K6812,_
K921,K921
E011,E011
R0982,R098
Y3489,_
I8240,_
H72,H729
K3189,K318
M4787,M4787
M8442,M8442
Q447,Q447
C538,C538
M6265,M6265
M1919,M1919
N394,N394
G971,G971
T636,T636
A305,A305
D738,D738
M998,M998
G454,G454
K316,K316
J708,J708
Z0151A2,_
C119M8010/3,_
F132,F132
Q917,Q917
T204,T204
D720,D720
Q031,Q031
P029,P029
T420,T420
I972,I972
A213,A213
G360,G360
T628,T628
C767,C767
N020,N020
D467,D467
Z0151B2,_
V12,_
M50,M509
O8205,O820
O680Z9,_
M8619,M8619
Z0205,Z020
S794,_
R861,R861
040,_
H208,H208
E138,E138
C759,C759
P830,P830
H301,H301
S8121,_
M8856,_
B05,B059
H159,H159
E168,E168
M620,M620
G451,G451
G838,G838
N392,N392
L9291,L929
W51,_
31,_
M800,M800
L050,L050
H2551,_
N604,N604
K6289,K628
Q749,Q749
M060,M060
V8909,_
T0089,T008
D2590,D259
O66,O669
C960,C960
C881,C881
O062,O062
K717,K717
J189NA,_
K3521,K352
Q937,Q937
O304,_
O824,_
L0100,L010
I060,I060
T290,T290
B004,B004
G051,G051
D11,D119
C8510,C851
H59,H599
C1870,C187
C252,C252
J1503,J150
H3002,H300
W0103,_
L95,L959
B36,B369
W1998,_
T8539,T853
K853,K853
J39,J399
G588,G588
M4905,M4905
S941,S941
S8330,S833
M303NONE,_
B952,B952
A590,A590
E112NO83,_
N922,N922
Q398,Q398
I63,I639
R2222,R222
C778,C778
1639,_
O920,O920
M0115,M0115
C844,C844
T832,T832
J043,_
F191,F191
H2508,H250
Z014,Z014
V2969,_
N5095,N509
624,_
W39,_
S407,S407
S3139,S313
P025Z3,_
D82,D829
C475,C475
H0191,H019
S700,S700
R070,R070
D12,D129
N7500,N750
0234,_
V345,_
W0899,_
H2150,H215
T248,_
S128,S128
H1031,H103
K301,K30
91,_
Z8616,Z861
M664,M664
N610,N61
N071,N071
O245,_
S6280,S6280
F0150,_
W809,_
R008,R008
J959,J959
V254,_
M6090,M6090
Q35,Q359
G464,G464
V199,_
I82,I829
G269,G26
Z2320,Z232
C,_
W25,_
S4103,S410
S0221,S0221
S3660,S3660
H6190,H619
R799,R799
Q550,Q550
E48,_
T923,T923
N6020,N602
N089,_
H547,H547
1259,_
W57,_
S5090,S509
S6091,S609
W3999,_
R061,R061
O169,O16
J986,J986
I062,I062
M8196,M8196
T459,T459
K751,K751
M459,M459
M1094,M1094
D0572,D057
T169,T16
K5641,K564
C4472,C447
A41,A419
S122,S122
G934Z,_
N40NONE,N40
M213,M213
S841,S841
O64OX0,_
E7870,_
T843,T843
S2101,S210
O0951,_
K319K,_
W17,_
M104,M104
M631,M631
N390NO7,_
Q829,Q829
E1342,E134
J099,J09
L501,L501
V1992,_
O8026,_
K2091,K20
P26,P269
H530,H530
B9682,B968
W260,_
W2999,_
E0410,E041
5030,_
Z0173,Z017
1500,_
C1191,C119
M4366,M436
K75,K759
S7211,S7211
L510,L510
M5401,M5401
O834,O834
S7270,S7270
M1904,M1904
G914,_
F001,F001
W1992,_
Y96,_
H4070,_
D4471,D447
E260,E260
E059NO0,_
H2620,H262
S3114,S311
O8O9,_
S5300,S5300
E818,_
Y048,_
M9444,_
D3912,D391
M8330,M8330
H0002,H000
Y451,_
N63NA,N63
C884,C884
Q728,Q728
M122,M122
L93,_
D037,D037
Z234,Z234
828,_
C562,C56
U109,_
C509UO72,_
C5021,C502
K136,K136
H2526,H252
W0181,_
H31,H319
Z8958,Z895
Z910,Z910
V389,_
T800,T800
M960,M960
R6251,_
M4785,M4785
C783,C783
B69,B699
B002,B002
W349,_
O6310,O631
E1159,E115
K5289,K528
W76,_
T66,T66
S6139,_
C162,C162
Z238,Z238
K68,_
S6620,S662
M9953,M9953
M9973,M9973
D100,D100
U01,_
L538,L538
T7911,T791
O691XX0,_
O3429,O342
Q439,Q439
D622,D62
P521,P521
S9421,S942
M351,M351
H101,H101
T842,T842
A312,_
Q659,Q659
A1622,A162
M623,M623
Z19,_
M7191,M7191
5203,_
K355,_
I8500,I850
H3519,H351
O0034,_
O3390,O339
I60,I609
S20,_
O029,O029
H3511,H351
W0109,_
S881,S881
A310,A310
O310,O310
N185NO32,_
H118,H118
H6021,H602
M17,M179
H508,H508
O809Z,_
H7081,H708
T7931,T793
J039JO69,_
C301,C301
N289S6I9,_
E169,E169
Q5410,Q541
5643,_
R950,R95
N49,N499
Z036,Z036
0731,_
H5415,H541
M7541,M754
5791,_
W1990,_
T704,T704
E40,E40
L8990,L899
T90,T909
N291,N291
O093,_
Z316,Z316
M8510,M8510
W269,_
M848,M848
C610,C61
H044,H044
N958,N958
S244,S244
M899,M899
S0570,S057
W8599,_
Y959,_
R829,R829
M272,_
M7051,M705
H922,H922
T171XXA,_
K540,_
T821,T821
A523,A523
A197,_
K900,K900
H4461,H446
R80,R80
Z434,Z434
K796,_
M8089,M8089
B2,_
M9666,M966
M9262,M926
K363,K36
P546,P546
B179,B179
M331,M331
W1009,_
K062,K062
V09,_
S0591,S059
R402,R402
S3110,S311
A300,A300
M6205,M6205
B529,B529
T952,T952
I300,I300
M4809,M4809
M311,M311
T427,T427
M4315,M4315
T58,T58
Q614,Q614
G042,G042
T536,T536
C672,C672
G003,G003
D437,D437
T433,T433
B371J172,_
T264,T264
M150,M150
K911,K911
T619,T619
P780,P780
D529,D529
Z018163,Z018
A099E86,A09
A811,A811
M8694,M8694
M2391,M2391
Z01741,Z017
A429,A429
K741,K741
A050,A050
M0619,M0619
D562,D562
F09,F09
Z02052,Z020
F251,F251
ICD,_
O871,O871
P243,P243
Z30017,Z300
I2130,I213
Q349,Q349
D386,D386
S222,S222
N036,N036
Z903,Z903
W11,_
A109,_
R250,R250
S801,S801
S2206,S220
I803,I803
S4029,_
Q623,Q623
Z82,_
S8329,S832
M6210,M6210
M9559,M955
Q289,Q289
H0190,H019
B2\09,_
D311,D311
Y541,_
N2100,N210
I988,I988
N2811,N281
Q453,Q453
O695,O695
M000,M000
Q751,Q751
F331,F331
S3111,S311
H6698,H669
M19,M199
S1190,S119
O201,_
M8875,_
H6590,H659
M7668,M766
I1192A,_
S121,S121
J901,J90
I971,I971
0034,_
T881,T881
Y598,_
S750,S750
S850,S850
Q054,Q054
S57,S579
H460,H46
M4388,M4388
R786,R786
Z41,Z419
F012,F012
D1430,D143
V220,_
L0321,L032
L0260,_
L0890A,_
W2508,_
Z413,Z413
664,_
L9300,L930
M8687,M8687
D33,D339
Z119,Z119
S332,S332
F640,F640
S0636,S063
S8102,S810
M7501,M750
Z8900,Z890
I571,_
K7200,K720
S1211,S1211
E1191,E119
Q459,Q459
G328,G328
A5131,A513
W219,_
G4735,G473
N083Z,_
S637,S637
M246,M246
B960,B960
D2491,D24
J966,_
C4000,C400
D359,D359
H0520,H052
T214,T214
G8111,G811
S3080,S308
J960NO02,_
M6001,M6001
W440,_
D118,_
E877Z,_
D042,D042
W0704,_
J16,_
G9008,G900
O881,O881
P615,P615
K4391,K439
Z1381,Z138
K2590,K259
O892,O892
Z4660,Z466
T8332,T833
K082,K082
T8450,T845
L0220,L022
M7298,M7298
S6801,S680
Z902,Z902
M8540,M8540
D3703,D370
H1040,H104
E1403,E140
S3191,_
Y0401,_
Y400,_
M952,M952
G30,G309
I720,I720
Q351,Q351
K392,_
H742,H742
H6632,H663
M773,M773
H2081,H208
M7996,M7996
C253,C253
W1962,_
189,_
D4871,D487
M4317,M4317
Z74,Z749
V01,_
H4692,H46
D9681,_
M2444,M2444
Z960,Z960
A4199,A419
R310,R31
I71,I719
M1A9XX1,_
T368,T368
T404,T404
Z87,_
M894,M894
L711,L711
Q320,Q320
R7881,R788
M8022,M8022
V399,_
V1999,_
Q669,Q669
I983,I983
L30,L309
P923,P923
S448,S448
Z299,Z299
K359JI89,_
M961,M961
Z0181,Z018
0641,_
K2210,K221
N452,_
W599,_
Q160,Q160
E20,E209
M546,M546
S6271,S6271
W49,_
C5191,C519
S9711,S971
H540,H540
Q208,Q208
M9823,_
M8963,M8963
S8213,S821
Z390Z1,_
H1811,H181
C1190,C119
H0242,H024
R945,R945
Q982,Q982
Q812,Q812
H6010,H601
Z530,Z530
W5555,_
E03,E039
T799,T799
V2249,_
I449,_
E1110,E111
D6861,D686
N501,N501
X440,_
S607,S607
M2454,M2454
M8404,M8404
S43,_
I120N1,_
T8561,T856
Z082,Z082
T9301,T930
S6702,S670
Z0174,Z017
N1859,N185
I730,I730
21,_
O71,O719
M362,M362
O23,O239
S4310,S431
X590,_
M9160,_
I792,I792
T8130,T813
X04,_
S3641,S3641
S3651,S3651
S3681,S3681
S358,S358
Q163,Q163
S9341,S934
K312,K312
D668,D66
Q308,Q308
Q758,Q758
Z724,Z724
T823,T823
E145NA,_
T0161,T016
E714,_
1209,_
138,_
Q753,Q753
I73,I739
K0407,K040
S14,_
S213,_
S6321,S632
J691,J691
K45,_
Q878,Q878
N0838,N083
Z5119,Z511
W5403,_
S0190,S019
H2082,H208
N185NONE,_
B999,B99
W0190,_
C40,C409
D5003,D500
S461,S461
R5601,R560
B890,B89
V545,_
L100,L100
A047,A047
X491,_
R789,R789
Z02,Z029
H254,_
H04,H049
S3720,S3720
W149,_
T8520,T852
W208,_
C559,C55
T838,T838
M7531,M753
H1140,H114
L7219,L721
J152,J152
C3491,C349
M707,M707
L9750,L97
T0231,T0231
W1703,_
Z435,Z435
C39,C399
V190,_
I101IJ441,I10
C348,C348
V180,_
C787M8,_
S8103,S810
M4115,M4115
O742,O742
A070,A070
0620,_
E009,E009
W498,_
N900,N900
M8142,M8142
S376,S376
H2156,H215
K5660,K566
L700,L700
S2780,S2780
S3600,S3600
H104,H104
H4721,H472
C813,C813
0990,_
O302,O302
H139,_
T244,T244
M43,M439
Z088,Z088
K005,K005
F605,F605
R458,R458
Q754,Q754
N0858,N085
P390,P390
M412,M412
O870,O870
S3410,S341
A810,A810
A852,A852
M2749,_
E010,E010
N349,_
H3590,H359
I95,I959
F21,F21
L022LO24,_
G021,G021
H6502,H650
Z9889,Z988
N2021,N202
Q112,Q112
Q254,Q254
V999,_
C7650,C765
D2120,D212
O98,O989
H0281,H028
V0240,_
T135,T135
D2322,D232
M939,M939
W600,_
N854,N854
S8982,S898
L108,L108
A488,A488
G241,G241
P132,P132
N271,N271
T323,T323
T561,T561
M4794,M4794
M4804,M4804
T612,T612
T571,T571
F258,F258
T750,T750
N010,N010
Q209,Q209
M1986,M198
A180M490,_
G519,G519
Q823,Q823
I288,I288
M484,M484
M6266,M6266
C509M8500/3,_
C931,C931
E163,E163
M4386,M4386
B9721,B972
Q368,_
C674,C674
Z8631,Z863
P524,P524
I72,I729
T926,T926
H3100,H310
P25,_
M3215,M321
H5906,H590
N931,_
132,_
S6821,S682
K559Z4,_
S9831,S983
D142,D142
C4910,C491
I8389,_
K132,K132
I651,I651
M530,M530
W302,_
S6153,_
X409,_
X649,_
L308,L308
S8215,S821
I606,I606
M949,M949
D281,D281
N762,N762
M8529,M8529
D366,_
V331,_
Y310,_
H7011,H701
I995,I99
X5072,_
Q716,Q716
Y45,_
R378,_
E046,_
G239,G239
N390XA,_
B431,B431
D2370,D237
R961,R961
P518,P518
M9085,M9085
Y937,_
N2890,N289
Y3482,_
M6586,M6586
J521,_
Z160,_
S344,S344
R1905,R190
S391,_
Z3480,Z348
K8043,K804
W2299,_
M9488,M9488
W3192,_
S0140,S0140
Z364,Z364
K458,K458
C4452,C445
H1112,H111
1251,_
T414,T414
K762,K762
Y199,_
M7113,M7113
S957,S957
M1891,M189
Z862,Z862
O829OO64,_
Q1209,Q120
L081,L081
H0450,H045
K100,K100
I660,I660
H5012,H501
E821,_
S0800,S080
W5098,_
D30,D309
H062,H062
O0961,_
T038,T038
N199,N19
M8146,M8146
M125,M125
S667,S667
C03,C039
B26,B269
T816,T816
M8851,_
S2732,S273
H535,H535
61,_
C995,_
X7099,_
A910,A910
D495,_
E343,E343
N833,N833
J319,_
F603,F603
F909,F909
S8391,_
W2603,_
M8663,M8663
H5981,H598
H1190,H119
C4010,C401
M7268,M7268
H302,H302
Y538,_
G529,G529
P917,_
M2320,M2320
D3100,D310
E21,_
R934,R934
S5212,S521
C676,C676
M6504,M6504
D35,D359
H00,_
N999,N999
E761,E761
V235,_
C74,C749
K285,K285
M6089,M6089
C472,C472
O850,O85
D269NONE,_
N943,N943
M549,M549
O3295,O329
Q41,Q419
S848,S848
Z531,Z531
M8786,M8786
Q068,Q068
A548,A548
K671,K671
Z890,Z890
K224,K224
S3121,S312
780,_
I780,I780
D820,D820
A1805,A180
S5202,S520
C5259,C52
C028,C028
W13,_
D222,D222
H2509,H250
O034D,_
H698,H698
E379,_
N451,_
T199,T199
E248,E248
A045,A045
N142Z,_
R399,_
H0455,H045
Z8673,Z867
N3591,N359
H040,H040
W2772,_
C77,C779
L500,L500
T394,T394
S4180,S418
V124,_
P037,_
S467,S467
O872,O872
H4012,H401
H0012,H001
I468,_
V2915,_
L073,_
Z3040,Z304
Q222,Q222
M0739,M0739
N42,N429
M222,M222
W1389,_
J1512,J151
W409,_
I6390,I639
J337,_
S022XXA,_
I4691,I469
N1850,N185
I888,I888
E0591,E059
E1432,E143
A162UO72,_
H0291,H029
M4619,M4619
T13,T139
A179,A179
G998,G998
P641,_
I605,I605
G150,_
R529,R529
K8063,_
O683,O683
L102,L102
O940,O94
L0302,L030
D105,D105
M12,_
I139Z4,_
E033,E033
2X,_
K569,_
J9612,J961
J4595,J459
S0582,S058
S8681,S868
S8212,S821
T464,T464
Y524,_
X5909,_
Z01,Z019
W3072,_
J009,J00
X4199,_
Z9612,Z961
0756,_
M9593,M959
O02,O029
Q421,Q421
M9191,M919
K59,K599
M8819,_
H1111,H111
S8261,S8261
517,_
O702O8O9,_
M216,M216
N4829,N482
V2399,_
C741,C741
S0552,S055
Q158,Q158
S8310,S831
I870,I870
N491,N491
Z3932,_
V209,_
M8153,M8153
B349UO71,_
J93,J939
C7392,C73
C7809,C780
Y836,_
I308,I308
W2799,_
D010,D010
A540,A540
W879,_
R111,R11
Z967,Z967
I899,I899
K02,K029
S00,S009
R021,R02
Z4002,Z400
T8461,T846
I658,I658
Z509,Z509
S2290,S2290
A928,A928
G544,G544
Z0153A1,_
Q875,Q875
D559,D559
T454,T454
M5387,M5387
G243,G243
Z015101,Z015
RFRHD32,_
T423,T423
T285,T285
P138,P138
T565,T565
A083,A083
M339,M339
M5411,M5411
M4786,M4786
M1988,M1988
K912,K912
Q018,Q018
Q386,Q386
N911,N911
Z01731,Z017
Z02042,Z020
T141W54,_
RFRHD12,_
S468,S468
M8662,M8662
A064K770,_
O085,O085
W348,_
J1599,J159
X609,_
K924,_
T812,T812
L9102,L910
S699X,_
Z311,Z311
Q452,Q452
W8000,_
H187,H187
H6112,H611
O8009,O800
D749,D749
K2990,K299
M846,_
P0703,P070
W0604,_
H3534,H353
Z0153,Z015
0688,_
B97,_
O111,O11
L721X,_
A187,A187
T740,T740
D6207,D62
E859,E859
I1489,_
K66,K669
M48,M489
L0243,L024
L0291,L029
R5383,R53
Z3982,_
S0510,S051
K370,K37
H2643,H264
X5830,_
V771,_
A679,A679
S435,S435
Q729,Q729
I078,I078
L609,L609
M865,M865
J6839,J683
A528,A528
M189,M189
Q350,_
O950,O95
D4800,D480
S5510,S551
H512,H512
R5780,R578
M6280,M6280
1129,_
C45,C459
M2468,M2468
C60,C609
Z2089,Z208
X453,_
T069,_
S3000,S300
F1012,F101
E7859,E785
X990,_
6273,_
L709,L709
L8989,L89
O040,O040
D000,D000
I101UO71,I10
S6179,S617
M6208,M6208
H6500,H650
I514NONE,_
O640XX0,_
N939NO2,_
S255,S255
G453,G453
Y441,_
L042,L042
V326,_
X44,_
C030,C030
T1512,T151
P0734,P073
S918,_
Z240,Z240
T9231,T923
H602,H602
G380,_
W2272,_
109,_
E214,E214
V3849,_
S3181,S318
O451,_
T817,T817
B465,B465
S0139,S013
2800GRA0,_
O288,O288
N1342,N134
N6081,N608
W1789,_
Z9609,Z960
Q1031,Q103
M9426,M9426
L280,L280
Q6602,Q660
J121,J121
N330,N330
D447,D447
Q6600,Q660
Z875,Z875
H4903,H490
N075,N075
N947,_
H0211,H021
S178,S178
M352,M352
H2100,H210
F480,F480
V475,_
A349,A34
K596,_
9035,_
H6692,H669
C577,C577
E7030,E703
D070,D070
J3831,J383
T8471,T847
V336,_
K200,K20
L9752,L97
C852,C852
S8010,S801
H158,H158
O122,O122
H6592,H659
H2630,H263
X9909,_
Q5391,Q539
M7018,M701
Q246,Q246
W278,_
K4092,K409
S0193,S019
Y9200,_
M1004,M1004
M6517,M6517
E846,_
I8281,I828
Y420,_
T597,T597
W7899,_
M9686,M968
W1401,_
W2201,_
H3482,H348
C3412,C341
W4099,_
I124,_
S478,S47
V230,_
I35,I359
I805,_
E713,E713
R9181,R91
H1861,H186
I714NONE,_
O6991,O699
O6210,O621
K267,K267
E832,E832
K385,_
S0531,S053
K778,K778
L23,L239
H531,H531
N41,N419
O481,O48
E141NO83,_
N015,N015
J8190,J81
A186,A186
V43,_
Q375,Q375
L730,L730
Z3301,Z33
I500J8,_
Z873,Z873
J1523,J152
O0001,O000
R60,R609
P821,_
J151,J151
Q53,Q539
I496,_
5182,_
Q681,Q681
V425,_
H5120,H512
R14,R14
C858,_
Q804,Q804
K1182,K1182
I201UO71,_
H2651,_
C73M,C73
J304NONE,_
S3290,_
010,_
M267,_
F133,F133
M4319,M4319
S7239,S723
Q900,Q900
Z91,_
Z0204,Z020
C5113,C511
H3420,H342
R580,R58
A63,_
J802,J80
D36,D369
M9065,M9065
P544,P544
I1090A,I10
T063,T063
X994,_
H288,H288
O389,_
S355,S355
J34,_
Q390,Q390
Q55,Q559
M229,M229
S727,S727
C5061,C506
Z70,Z709
S68,S689
Z051,_
I688,I688
I2500,I250
S379,S379
1211,_
Z387,Z387
R233,R233
C9650,C965
M2324,M2324
H6520,H652
8202,_
K812,_
O9888,O988
Y935,_
D2371,D237
M7151,M715
Q278,Q278
H281,H281
0364,_
7320,_
M5481,M5481
I101MOLO,I10
D067,D067
E182,_
J638,J638
M390,_
N843,N843
R522,R522
8929,_
N8582,N858
J371,J371
K5190,K519
W192,_
M0107,M0107
B2039,B203
W3400,_
N70,N709
S27,S279
S31,_
H0112,H011
513,_
N850NONE,_
X6199,_
O390,_
M148,M148
O671,_
S664,S664
N1,_
702,_
X9949,_
M4649,M4649
M2540,M2540
M1391,M1391
N731,N731
A830,A830
6500,_
Z011F,_
I369,I369
Q760,Q760
I010,I010
J203,J203
O864,O864
C399,C399
B161,B161
E648,E648
M1300,M1300
J205,J205
Z0152B1,_
T560,T560
Y599,_
G052,G052
Z459,Z459
S9240,S9240
S8262,S826
Y859,_
K5090,K509
E1402,E140
N083EE19,_
W8699,_
T8741,T874
M0080,M0080
S5089,S508
N3590,N359
W1630,_
W6599,_
M7103,M7103
O053,O053
S198,S198
K568,_
X708,_
514,_
E059NONE,_
Q897O,_
K753,K753
M8971,_
X5900,_
W09,_
Z941,Z941
W21,_
I528,I528
I88,I889
L814,L814
S9970,S997
N390NO1,_
S0124,S012
B081,B081
H4423,H442
S709,S709
I70,I709
X579,_
J36NONE,J36
S124,_
S125,_
C94,_
0743,_
F1520,F1520
F19,F199
T654,T654
Z114,Z114
0259,_
0759,_
P729,P729
Y0408,_
Z929,Z929
I77,I779
365,_
J1093,_
N740,N740
S313S1,_
O08,O089
S880,S880
N1372,N137
S9780,S978
E878UO71,_
G56,G569
O200Z3,_
D102,D102
B7690,B769
M259,M259
T508,T508
I958,I958
J816,J81
C8330,C833
B778,B778
5822,_
J442,J442
J128UO71,_
O3230,O323
E1190,E119
M2542,M2542
D831,D831
H621,H621
I109UO72,I10
A000,A000
E370,_
068,_
X48,_
S9087,S908
M9684,M968
L403,L403
Y563,_
G621,G621
I2783,I278
S85,S859
S855,S855
E8352,E835
Z3044,Z304
O353,O353
H4722,H472
H0202,H020
S567,S567
T8189,T818
N0032,N003
N045,N045
N2012,N201
M6786,M6786
M8420,M8420
C505,C505
H263,H263
D55,D559
Q050,Q050
Q174,Q174
N88,N889
N278,_
E876E,_
D492,_
S8291,S8291
S6820,S682
S73,_
K2574,K257
W206,_
V03,_
C817,C817
I507,_
W229,_
W46,_
M8240,_
Q558,Q558
Z999,Z999
R430,R430
D1724,D172
H499,H499
M1199,M1199
G82,_
J229,J22
T2432,T243
Z897,Z897
V2809,_
L558,L558
M680,M680
R49,_
N6110,N61
R650,R650
V101,_
C677,C677
W1930,_
M8920,M8920
L985,L985
S507,S507
M461,M461
M2457,M2457
W1989,_
N12Z,N12
E2791,E279
E096,_
S817X,_
O6205,O620
E640,E640
S7114,S711
M8162,M8162
Y109,_
D1431,D143
N45,N459
U071Z,_
M514,M514
T320,T320
B829NONE,_
M829,_
J062,_
H21,H219
M8860,_
W0178,_
J3501,J350
W2409,_
E220,E220
K74,_
M312,M312
E1462,E146
Q141,Q141
M039,_
C3400,C340
K523,K523
A149,_
H933,H933
M5136,M513
J3200,J320
L0210,L021
O600Z3,_
H2712,H271
H102,H102
L9100,L910
T375,T375
Y415,_
M1A0,_
J1459,J14
D133,D133
750,_
A360,A360
L859,L859
M929,M929
1509,_
M1731,M173
H4301,H430
J0120,J012
M7288,M7288
M7156,M7156
M6742,M6742
C248,C248
O130,O13
T1312,T131
Q169,Q169
R598,_
N403,N40
Z411,Z411
T854,T854
0707,_
C469,C469
L986,L986
S0120,S012
B499,B49
M8098,M8098
N4821,N482
C313,C313
N829,N829
P75,P75
B908,B908
H162,H162
M7134,M7134
A19,A199
D649UO71,_
W790,_
D6859,D685
I110UO71,_
X7808,_
O829O,_
T7019,T701
J3099,_
N40UO71,N40
W60,_
K2102,K210
M995,M995
H1891,H189
Q280,Q280
H0581,H058
S672,_
L1390,L139
J8690,J869
N282,_
M2040,M204
M7500,M750
K9223,K922
U072ZO38,_
X5808,_
Z331,Z33
0700,_
H18,H189
L7200,L720
Q263,Q263
R910,R91
U0710,_
Z370Z5,_
K769NONE,_
Z499,_
S8204,S820
T826,T826
O805,_
M266,_
W607,_
M8894,M8894
H,_
D2100,D210
K805K,_
X7008,_
M8414,M8414
G050,G050
G5601,G560
L027,_
N0599,N059
R732,_
M2508,M2508
L5019,L501
J9101,J91
Q019,Q019
Q270,Q270
2550GRA0,_
S8225,S822
Z0152,Z015
Z916,Z916
N8185,N818
B818,B818
S8992,S899
O910,O910
S0119,S011
S0571,S057
W109,_
J6909,J690
D420,D420
K383,K383
N932,_
A001,A001
B162,B162
Q504,Q504
121A,_
O690O,_
R769,R769
A419E,_
S4601,S460
N185NO39,_
M8681,M8681
G961,G961
C349M8140/3,_
J681,J681
T266,T266
M4646,M4646
P373,P373
A392,A392
J940,J940
A371,A371
P100,P100
A09E861,A09
I079,I079
F230,F230
N422,N422
P548,P548
O1413,O141
J249,_
N478,N47
O749,O749
Q556,Q556
R938,R938
C4001,C400
T7930,T793
S0182,S018
H6622,H662
K7031,K703
O820O9,_
X610,_
S4191,_
S108,S108
B008,B008
V50,_
M9362,_
T8531,T853
P984,_
Z730,Z730
O753,O753
S354,S354
Y849,_
Y309,_
B830,B830
O84,O849
M8562,M8562
N133NONE,_
M794,M794
H50,H509
Q625,Q625
N1805,N180
1650,_
Q6580,Q658
M8473,_
N490,N490
E460,E46
A370,A370
Z874,Z874
J13,J13
Z494,_
S83,_
T83,T839
F193,F193
9946,_
N018,N018
N412,N412
C19C1,C19
C750,C750
K901,K901
S08,S089
J1532,J153
W8592,_
C795D3A8,_
L281,L281
T398,T398
S8300,S830
O442,_
U071UO71,_
P309,_
80,_
M9996,M9996
Z294,_
S0005,S000
M8110,M8110
I1219,_
M9691,M969
Z740,Z740
M7502,M750
U021,_
R7440,_
Q6680,Q668
M9523,M952
D69,D699
O445,_
Q799,Q799
S09,S099
P283,P283
S089,S089
M1196,M1196
L562,L562
M4114,M4114
M4116,M4116
W0172,_
B65,B659
J0681,J068
O0090,O009
C4411,C441
Z230,Z230
K230,K230
0890,_
K875,_
K878,_
W0609,_
T751XXA,_
S146,S146
H908,H908
M9890,_
O0010,O001
Y3469,_
W239,_
J9585,J958
I9591,I959
K6030,K603
S3710,S3710
I8610,I861
M6247,M6247
Q1001,Q100
V536,_
S0652,S065
H1782,H178
T306,T306
I1255,_
H5990,H599
E119LO29,_
H7290,H729
G452,G452
T175,T175
J887,_
Y409,_
Z204,Z204
F321,F321
C151,C151
F80,F809
E8789,E878
E07,E079
Y348,_
T1301,T130
V5861,_
H252NA,_
K2910,K291
H1631,H163
V878,_
Z69,_
N880,N880
P96,P969
I343,_
B227,B227
Z428,Z428
M860,M860
F444,F444
M9709,_
N195,N19
S5253,S525
V2994,_
K1370,K1370
K582,_
L509NO1,_
E538,E538
G320,G320
C737,C73
N8329,N832
D6491,D649
N92,_
W0191,_
O8620,O862
Q178,Q178
M8413,M8413
F798,F798
F062,F062
N184NONE,_
K5792,K579
N804,N804
E8342,E834
T869,T869
D7581,D758
W4441,_
D5910,D591
Q409,Q409
S9321,S932
Z9049,Z904
K4032,K403
S686,_
M1120,M1120
S02,S029
M7901,M7901
M2242,M224
V843,_
M0027,M0027
N200NO8,_
S4242,S424
S53,_
A422,A422
V205,_
T321,T321
W2589,_
Q202,Q202
H2721,_
0654,_
A15O,_
S3270,S3270
K042,K042
I8300,I830
E119UO71,_
N768,N768
S7233,S723
I5001A,_
C7750,C775
E062,E062
I224,_
T568,T568
R919,R91
R059,R05
M8933,M8933
E809,_
K746NONE,_
D315,D315
G94,_
S683,S683
P0718,P071
M2549,M2549
L404,L404
1471,_
K451,K451
A529,A529
A040,A040
T009____,_
T87,_
Q759,Q759
H1889,H188
0141,_
R828,R828
S3180,S318
M7710,M7710
H3510,H351
Q7011,Q701
W187,_
K476,_
Z355ZZ70,_
I7781,I778
J62,_
T079,T07
D6489,D648
L423,L42
H4410,H441
J088,_
H3410,H341
T0270,T0270
C5000,C500
J3282,J328
O424,_
J063,_
G411,G411
N189NO32,_
B760,B760
M8948,M8948
M101,M101
K575,K575
Q838,Q838
W2499,_
Q361,Q361
M8992,M8992
M8704,M8704
F05,F059
J206,J206
G51,G519
E296,_
2164,_
J49,_
0410,_
I793,_
B966,B966
5462,_
L0201,L020
O339Z3,_
H0460,H046
S161,S16
Z3870,Z387
C9111,C911
O034O,_
C82,C829
J225,J22
W67,_
C2,_
T8311,T831
H1189,H118
A033,A033
H046,H046
Z9072,Z907
B1800,B180
N8311,N831
Y470,_
M808,M808
H1681,H168
X5030,_
S691,_
F01,F019
G508,G508
S942,S942
1109,_
P0381,P038
T8610,T861
O300X,_
122,_
M6267,M6267
J1533,J153
NSDO1,_
N042,N042
J633,J633
Z0156B1,_
E710,E710
M0806,M0806
M0687,M0687
G10,G10
T594,T594
G058,G058
N4591,N459
J1893I248,_
A060E861,_
J142,J14
Q238,Q238
M6006,M6006
J1543,J154
M5451,M545
G443,G443
M5493,M5493
P912,P912
J688,J688
Y433,_
M9490,M9490
V2844,_
H4002,H400
S4221,S4221
N250,N250
C031,C031
J962,_
W868,_
F0390,F03
S5091,S509
N7591,N759
T93,T939
G47,G479
N1102,N110
U099,_
R2210,R221
I80,I809
R420,R42
M8568,M8568
K7460,K746
K727,_
X5862,_
R240,_
M0579,_
N903,N903
P061,_
H022,H022
E461,E46
A1692,A169
Z5111,Z511
H921,H921
P232,P232
222,_
S0303,S030
K054,K054
A549,A549
Y452,_
022,_
N361,N361
Z0,_
K553,_
0992,_
T0251,T0251
K576,_
E0500,E050
H1880,H188
M1790,M179
W2629,_
O064Q,_
M700,M700
840,_
P833,P833
M8421,M8421
H3505,H350
H182,H182
I117,_
W41,_
D732,D732
E628,_
K718,K718
T31,T319
M1716,M171
101,_
M8972,_
Z854,Z854
D3102,D310
Q04,Q049
W312,_
S9820,S982
D1790,D179
K811NONE,_
C787NONE,_
R201,R201
M6783,M6783
H0250,H025
W306,_
K8025,K802
0698,_
W224,_
S6211,S6211
0703,_
K0II,_
O430,O430
U075,_
C572,C572
N8031,N803
S997,S997
S449,S449
O160,O16
Z323,_
T8750,T875
J1602,J160
M2602,_
M2603,_
M8471,_
F482,_
Q5325,Q532
L52,L52
M8820,_
N310,N310
K722,_
Z3704,Z370
W227,_
M854,M854
X4994,_
W070,_
O6315,O631
H4391,H439
H5181,H518
B582,B582
J041,J041
W230,_
Z12,Z129
C566,C56
M5187,M518
K244,_
M411,M411
M9685,M968
H018,H018
O370,_
K0520,K0520
S6035,_
R191,R191
I1099,I10
R065,R065
Z858,Z858
O499,_
K922NO9,_
T064,T064
J361,J36
H0232,H023
B2501,B250
O689Z3,_
K619,_
Q1810,Q181
L895,L89
M5432,M543
O704,_
S852,S852
Q162,Q162
M9016,M9016
I4892,I48
T01,T019
M638,M638
655,_
S018S2A,_
M6581,M6581
E1042,E104
S4699,S469
M,_
T2521,T252
I58,_
H4720,H472
D891,D891
C5080,C508
W1399,_
R6881,R688
R700,R700
N299,_
S905,_
K8029A,_
V040,_
P836,P836
A6004,A600
C548,C548
O658,O658
V37,_
D570,D570
T180,T180
M625,M625
D2212,D221
K223,K223
N163,N163
P0119,P011
L630,L630
R659,R659
0579,_
Y9699,_
N485,N485
U027,_
H6090,H609
Q771,Q771
L0211,L021
E8651,E86
S6661,S666
W5509,_
A08,_
C850,C850
0089,_
A459,_
Y431,_
K070,K070
D360NONE,_
M853,M853
C912,C912
H0003,H000
011,_
A4191,A419
T742,T742
J1982,_
K558,K558
H1141,H114
I5020,_
M161,M161
M2195,M2195
M2196,M2196
O922,O922
L0101,L010
M9081,M9081
J1809,J180
A100,_
S3149,S314
Y899,_
J1553,J155
P0311,P031
W069,_
S0590,S059
T2320,T232
D911,_
J85,_
K8081,K808
Q602,Q602
H4092,H409
K28,K289
S0045,S004
W490,_
Q750,Q750
V1849,_
S9104,S910
S315,S315
O0380,O038
C649M8,C64
H2259,_
M0820,M0820
O899,O899
W22,_
Z2462,Z246
Z32,_
C17,C179
I8681,I868
I851,_
J109,_
I6939,I693
I6398,I639
F222,_
M6023,M6023
C930,C930
S900,S900
M8680,M8680
861,_
M4720,M4720
T834,T834
S749,S749
T934,T934
X129,_
D344,D34
I845X,_
F4011,F401
C224,C224
P00000,P000
J704,J704
O212,O212
M1911,M1911
E752,E752
M7922,M7922
N411,N411
T374,T374
A99,A99
H4023,H402
M2325,M2325
H4071,_
I141,_
S1220,S1220
I281,I281
M0606,M0606
J155,J155
S540,S540
N432,N432
Z821,Z821
S8130,_
0429,_
A0996,A099
I6790,I679
Q229,Q229
N408,N40
I7291,I729
I112,_
M495,M495
C550,C55
1D0,_
M9590,M959
E7800,E780
P508,P508
W1324,_
W10,_
C4410,C441
5096,_
V484,_
R2221,R222
L7321,L732
B459,B459
S441,S441
I6201,I620
C369,_
J000,J00
9D,_
K7010,K701
W7999,_
S3730,S3730
P24,P249
Z120,Z120
N189I,_
E018,E018
N6041,N604
S849,S849
I349,I349
T136,T136
S1200,S1200
K8013,K801
M235,M235
R35,R35
A527,A527
H0433,H043
Q21,Q219
H720,H720
C3432,C343
F028,F028
O8212,O821
Q674,Q674
Y2819,_
I708,I708
S0000,S000
P0702,P070
S2701,S2701
A98,_
T019T,_
Z3370,Z33
S9782,S978
S9340,S934
2650GRA0,_
I661,I661
S0133,S013
I082,I082
O049,O049
M8740,_
P2401,P240
J963,_
R920,R92
M8940,M8940
N044,N044
E300,E300
M8707,M8707
E1154,E115
X596,_
L05,L059
H82,H82
F1010,F101
5800,_
M8099,M8099
O250,O25
G928,G92
S6701,S670
Q336,Q336
C775,C775
N2589,N258
Z853,Z853
S123,_
Z38A,_
H9191,H919
Z403,_
V8921,_
J9590,J959
H3322,H332
H832,H832
D012,D012
R1907,R190
R1903,R190
T656,T656
R1030,R103
L589,L589
S541,S541
N778,N778
H289,_
D5090,D509
H1780,H178
T8149,T814
K329,_
J984NO8,_
I390,I390
W1801,_
Z9921,Z992
Z3709,Z370
S6992,S699
Z027,Z027
Z8712,Z871
K5232,K523
D186,_
R635,R635
D53,D539
Z214,Z21
L871,L871
T098,T098
O532,_
N8392,N839
K86,K869
M8661,M8661
W1699,_
O8003,O800
0680,_
H6129,H612
F649,F649
D6101,D610
5061,_
D1695,D169
M9803,_
L7230,_
N638,N63
C4920,C492
C927,C927
L872,L872
W23,_
G368,G368
0363,_
G568,G568
H6993,H699
G811,G811
O4200,O420
W082,_
C543,C543
A838,A838
Z129,Z129
M9521,M952
T184,T184
N633,N63
K594,K594
H6110,H611
F119,F119
T369,T369
Z208V,_
A514,A514
O741,O741
C640,C64
E898,E898
E0411,E041
Z3861,Z386
M002,M002
X459,_
W259,_
W2008,_
C33,C33
D412,D412
X1509,_
W2698,_
N179R1,_
Q766,Q766
H28,_
Z339,Z33
S798,S798
E282NOICDFOU8,_
W318,_
I1013,I10
O672,_
K9402,_
A500,A500
M9732,_
K008,K008
128,_
N290,N290
N285,_
D14,_
H5991,H599
H1131,H113
C451,C451
S397,S397
M1915,M1915
Y930,_
D0571,D057
C563,C56
M76,M769
M842,M842
G93,G939
I862,I862
Q5121,Q512
O329XX0,_
S0562,S056
N837,N837
O338,O338
B089,_
W0799,_
N053,N053
M0896,M0896
A94,A94
M4396,M4396
M6098,M6098
M5484,M5484
J430,J430
T486,T486
P370,P370
Q313,Q313
D644,D644
Q450,Q450
Z02032,Z020
A058,A058
U071C19IP2,_
T402,T402
S2840,_
Z362,Z362
E228,E228
O6540,O654
M6248,M6248
M8190,M8190
M9825,_
C916,C916
G561,G561
0420,_
R025,R02
M9250,M925
A0909,A090
R821,R821
S088,S088
S2191,S219
M231,M231
G58,G589
E638,E638
2590,_
R921,R92
E703,E703
08O9,_
M8804,M880
J157,J157
1469,_
M728,M728
J185,_
I481,I48
F880,F88
K190,_
T2423,T242
K1220,K122
G606,_
D6498,D649
801,_
N2109,N210
C920NO7,_
C422,_
M4784,M4784
N878,_
X479,_
Y936,_
Z52,Z529
R686,_
R058,R05
J814,J81
K742,K742
K278,_
M7227,M7227
H390,_
K9423,_
T028,T028
B972JT003,_
T287,T287
A419AO60,_
O8O0,_
A49,A499
1679,_
M8426,M8426
T194,_
L0223,L022
S8188,S818
H913,H913
T2301,T230
W1099,_
Y2872,_
Z934,Z934
S666,S666
T8319,T831
I391,I391
K04,K049
O6981,O698
R7989,R798
K765,K765
M8077,_
O9945,O994
O820Z9,_
B250,B250
Z3862,Z386
Q303,Q303
K760KK91,_
K365,K36
M7269,M7269
Q332,Q332
N185I,_
1314,_
Z945,Z945
L664,L664
N6122,N61
J349,_
M6540,M6540
W2199,_
S557,S557
S3109,S310
Z721,Z721
E84,E849
V2042,_
M211,M211
K941,_
O2829,O282
O391,_
8000,_
I872II19,_
J9312,J931
R704,_
S4001,S400
C5396,C539
N734,N734
H6040,H604
W179,_
X589,_
D446,D446
D600,D600
S598,S598
H5242,H524
C19T,C19
T702,T702
M8921,M8921
836,_
O510,_
L878,L878
B358,B358
H1700,H170
H748,H748
2700GRA0,_
K359X,_
A240,A240
S6144,_
Y2699,_
B188,B188
T25,_
Q676,Q676
S127,S127
1770,_
V581,_
I790,I790
S1110,S111
C6290,C629
H328,H328
E8611,E86
W0231,_
M8931,M8931
M5429,M5429
H0440,H044
V109,_
A073,A073
N40NO8,N40
R746,_
O689O,_
S7500,S750
S7101,S710
T0191,T019
O039UO71,_
M6242,M6242
M6505,M6505
J4521,J452
S126,_
X1209,_
M9361,_
K825,_
K660NO9,_
L73,L739
J21,J219
Q239,Q239
T478,T478
T632,T632
N4889,N488
M8462,_
N48,N489
O259,O25
Z521,Z521
S559,S559
Q392,Q392
J68,J689
A4190,A419
O9922,O992
T858,T858
C461,C461
H3182,H318
S958,S958
W29,_
R329,R32
S5086,S508
S40,S409
M2106,M2106
Z3760,Z376
F338,F338
M9330,_
S4091,S409
S0001,S000
Z225,Z225
Q133,Q133
Q205,Q205
J300,J300
S8226,S822
Q324,Q324
4329,_
R5910,R591
H6043,H604
A012,A012
S878,S878
Q802,Q802
D519,D519
L270NONE,_
N9491,N949
Z451,Z451
A076,_
N769,_
N039N,_
E876A0,_
W2962,_
N12Z9,N12
S8192,S819
I89,I899
G5631,G563
Q543,Q543
O0395,O039
9812,_
H0580,H058
I42,I429
Z880,Z880
S453,S453
T010SO10,_
H524,H524
J4999,_
C56NONE,C56
M9810,_
5739,_
Z0203,Z020
A918,A91
J221,J22
K9149,K914
E861OU71,E86
M2445,M2445
N251,N251
S0511,S051
S0561,S056
N0853,N085
S0633,S063
E876OA,_
S7092,S709
X3399,_
S7085,S708
N011,N011
F069,F069
N079,N079
K714,K714
C728,C728
Z02012,Z020
Z003,Z003
M1388,M1388
F070,F070
T471,T471
F59,F59
M0599,M0599
M5406,M5406
G378,G378
M8621,M8621
R634,R634
M7732,M773
N993,N993
R448,R448
I806,_
V811,_
B950,B950
B4,_
S0109,S010
L039M1A9XX1,_
V260,_
L800,L80
L011,L011
Z9890,_
M9740,_
N6452,N645
Z328,_
D551,D551
W5408,_
C4491,C449
X5099,_
N3820,_
N120,N12
I6354,I635
G9520,G952
S225,S225
Z4700,Z470
120,_
L411,L411
D2312,D231
W649,_
B01,B019
E73,E739
O94,O94
K5720,K572
T8544,T854
N35,N359
R5610,_
I871NO1,_
S80,S809
I789,I789
Z713,Z713
C7950,C795
S4311,S431
C379,C37
T822,T822
S0699,S069
I487,I48
T2422,T242
M4149,M4149
G600,G600
M5116,M511
E80,_
R52,R529
D3671,D367
M6532,M653
S5141,_
M5438,M5438
K109,K109
N623,N62
C722,C722
J9011,J90
V5841,_
V275,_
T769,_
539,_
X600,_
M322,_
A831,A831
V48,_
D4816,D481
R600,R600
Z906,Z906
I6782,I678
Z3482,Z348
I668,I668
L42,L42
5016,_
M9311,M931
K917,_
S9242,S924
X9991,_
L898,L89
H959,H959
L9230,L923
E839,E839
L0420,L042
O134,O13
X20,_
R800,R80
S9991,S999
N4331,N433
W183,_
Z279,Z279
S6292,_
D1190,D119
O04,O049
Z96,Z969
M415,M415
O781,_
B650,B650
A689,A689
Z0201,Z020
J0690,J069
O280,O280
B279,B279
W0189,_
G09,G09
H0422,H042
I578,_
S3231,S3231
Z0389,Z038
A185,A185
N1852,N185
S6660,S666
V1899,_
F1510,F151
E854,E854
I680,I680
I509NONE,_
Z630,Z630
E106E8,_
Q310,Q310
90,_
G7000,G700
R5901,R590
S1892,S18
H940,H940
S9132,S913
G803,G803
O807,_
R653,R653
B203,B203
C24,C249
F911,F911
R2220,R222
J842,_
H448,H448
I1109,I110
Z92,Z929
S3101,S310
D398,_
K3582,K358
T8351,T835
M149,_
S374,S374
M969,M969
H5901,H590
F23,F239
D4811,D481
Z224,Z224
T8092,T809
K876,_
D1772,D177
L940,L940
D407,D407
C780C7,_
E876E8,_
C190,C19
T224,T224
W15,_
S3251,S3251
M257,M257
D739,D739
1011,_
D071,D071
O0942,_
T8430,T843
S6812,S681
N8350,N835
E0425,E042
061,_
N83,N839
F84,F849
Z97,_
396,_
Z068,_
K70,K709
X96,_
O401,O40
M6746,M6746
Q632,Q632
S5341,S534
E790UO72,_
S759,S759
T139,T139
W3483,_
K450,K450
W1788,_
I748,I748
M672,M672
L0312,L031
M938,M938
P073PO51,_
N430,N430
W1309,_
M1611,M161
S6149,_
M9370,_
H3352,H335
Z491V,_
J211,J211
R79,R799
I121,_
C3492,C349
C150,C150
B9,_
E702,E702
S5211,S5211
T94,_
G521,G521
S2231,S2231
6698,_
S259,S259
I106,I10
W1842,_
Q2731,Q273
R16,_
O064X,_
S120,S120
0268,_
X169,_
D099,D099
D5912,D591
731,_
L900,L900
R931,R931
D109,D109
I980,I980
G7281,G728
S643,S643
H2540,_
C041,C041
P27,P279
729,_
C57,C579
C223,C223
O745,O745
Z01591,Z015
O912,O912
B778J173,_
G210,G210
M1910,M191
O104,O104
E065,E065
Z01722,Z017
C539M8070/3,_
Z02011,Z020
P155,P155
A504,A504
E744,E744
I39,_
I2486,I248
N991,N991
S081,S081
W091,_
T851,T851
O090,_
Z223,Z223
D278,D27
I742,I742
H6521,H652
M8664,M8664
S7203,S720
H406,H406
O5410,_
D033,D033
S6170,S617
E,_
I715,I715
M1386,M1386
S6051,_
M644,_
Q742,Q742
T2403,T240
51S,_
D998,_
Z0159,Z015
L401,L401
C8599,C859
Z769,Z769
H6631,H663
I6391,I639
W5008,_
W06,_
1120,_
N828,N828
H1890,H189
Y95A1,_
T192,T192
P37,P379
V376,_
X4499,_
T366,T366
T371,T371
M8402,M8402
N160,N160
G4010,G401
M2570,M2570
Z3802,Z380
Z011PZ246,_
M8670,_
S3131,S313
9983,_
K29I,_
R709,_
Z4919,Z491
D513,D513
0750,_
D2350,D235
E8359,E835
S12,S129
D630M8,_
K0530,K0530
C7701,C770
I039,_
Y05,_
B40,B409
D230,D230
E0965,_
U070POSITIVE,_
C228,_
D2412,D24
S348,S348
S5102,S510
R5712,R571
O869,_
D4409,D440
J8691,J869
H4380,H438
G4733,G473
5281,_
G472,G472
D4930,_
J28,_
Q666,Q666
5630,_
J1992,_
K448,_
S703,_
S2220,S2220
J4310,J431
S76,_
N929,_
N320NN40,_
R064I2,_
D511,D511
M9420,M9420
K1321,K1321
S5811,S581
S7112,S711
W4092,_
M241,M241
1219,_
H3102,H310
A4189,A418
T787,_
S919,S919
M8446,M8446
9263,_
W850,_
N179UO72,_
I1091A,I10
M8290,_
F841,F841
0102,_
K2534,K253
N8501,N850
E34,E349
E1100,E110
D038,D038
M2538,M2538
H3001,H300
T19,T199
Z614,Z614
A612,_
D49,_
Z833,Z833
H5921,_
X0499,_
I639NIDDM,_
652,_
N420,N420
H534,H534
C47,C479
H6690,H669
W0699,_
X9908,_
H64,_
V255,_
W0399,_
I16,_
F058,F058
C567,C56
T193,T193
W0709,_
Y299,_
I424,I424
O091,_
H1144,H114
A790,A790
M9150,_
W184,_
H903,H903
N151NO1,_
A380,A38
N1845,N184
M724,M724
C755,C755
T837,_
K922NO,_
C5393,C539
D047,D047
W1709,_
J314,_
W3062,_
N8032,N803
D7281,D728
D6969,D696
H3101,H310
H319,H319
R689,_
E8760,E876
I1010,I10
N518,N518
W185,_
T0081,T008
S719,_
Y349,_
V231,_
O833,O833
S6771,_
L084,_
K448NONE,_
D421,D421
J471,J47
O19,_
M8485,M8485
L9290,L929
Z0172,Z017
K207,K20
Z765,Z765
M5458,M5458
N2889,N288
Q244,Q244
Y291,_
M3211,M321
H4480,H448
T1711,T171
F33,F339
Y03,_
T84,T849
5790,_
H3535,H353
0692,_
M7950,M7950
M971,_
M4900,M4900
0995,_
F061,F061
Z2088,Z208
T301,T301
0630,_
S9300,S930
M7667,M7667
M7681,M768
M4892,M4892
Z124,Z124
W7699,_
R029,R02
K379,K37
D1039,D1039
D1630,D163
M6749,M6749
M6296,M6296
T280,T280
I379,I379
L128,L128
P282,P282
F82,F82
M1316,M1316
M4898,M4898
O460,O460
G001,G001
M4312,M4312
I00J178,I00
C509NONE,_
H462,H46
I639UO71,_
N990,N990
K3188,K318
Q622,Q622
M8030,M8030
R8761,R8761
Z206,Z206
S470,S47
K09,K099
O12,_
R642,R64
C460,C460
C068,C068
O879,O879
T080,T080
V575,_
P0508,P050
R202,R202
D1791,D179
C5001,C500
M1710,M171
C8500,C850
M6587,M6587
H5034,H503
K268,_
H2281,H228
W1740,_
R431,R431
D7212,D721
M4194,M4194
J0140,J014
O0389,O038
M7014,M7014
J325,_
Z3970,_
C9140,C914
6B,_
W261,_
E1451A,_
L24,L249
Q384,Q384
I6740,I674
S3680,S3680
S654,S654
S658,S658
S6328,S632
I7023,I702
W2330,_
C5410,C541
S3089,S308
Q548,Q548
Q393,Q393
O3660,O366
C639,C639
O2300,O230
Q6901,Q690
T8142,T814
C961,C961
0142,_
H3109,H310
H4922,H492
N8,_
K6385,K638
S5254,S525
T1892,T189
T631,T631
D26,D269
H442A9,_
M8283,M8283
Y653,_
V5999,_
X6299,_
T407,T407
5864,_
L9181,L918
G041,G041
M6787,M6787
J1983,_
N1719,N171
R5900,R590
D209,_
0999,_
N200NONE,_
K6365,_
A1511,A151
D091,D091
K351X,_
J832,_
D838,D838
M8750,_
V2049,_
F70,F709
M8615,M8615
V011,_
X5919,_
W1830,_
M080,M080
G523,G523
0813,_
D649MI09,_
G4089,G408
D7599,D759
T35,_
W0100,_
B439,B439
M2573,M2573
5883,_
R517,R51
I638X,_
O0011,O001
S3133,S313
D309,D309
M510,M510
S8301,S830
K6349,K634
L233,L233
S6290,_
O161,O16
N6321,N63
M7994,M7994
N039G9,_
W255,_
P668,_
J251,_
K803NONE,_
K860,K860
D220,D220
O025,_
B774,_
H4321,H432
J3202,J320
S1181,S118
V0204,_
V8919,_
M6501,M6501
W061,_
V292,_
N01,N019
H170,H170
K3190,K319
C104,C104
I693KJ81,_
H6189,H618
M348,M348
N170NO0,_
P212,_
C040,C040
Y343,_
W2208,_
J960NO0,_
W27,_
M9060,M9060
Z288,Z288
N974,N974
M8553,M8553
O352,O352
3801,_
O113,O11
Z3403,Z340
J931NO1,_
O9841,O984
O8099,O809
H505,H505
E871CI9IP2,_
U078,_
V380,_
S565,S565
N6492,N649
C328,C328
B342UO71,_
T864,T864
M463,M463
S3259,S325
S145,S145
S330,S330
S5085,S508
V270,_
Z3900,Z390
Z3,_
R5600,R560
M5420,M5420
Q372,Q372
J3821,J382
P928,P928
C398,C398
M7939,M7939
P540,P540
F238,F238
O905,O905
Z0156A1,_
J1562,J156
T679,T679
M1306,M1306
0000000,_
M1253,M1253
M4360,M4360
M7953,M7953
N3041,N304
I6191,I619
I9,_
Y189,_
O1495,O149
S6202,S620
W749,_
W7499,_
Q161,Q161
V281,_
N550,_
Z436,Z436
I821,I821
X378,_
X392,_
C69,C699
L0103,L010
S9082,S9082
L4099,L409
P39,P399
V486,_
K2101,K210
R0603,R060
S5227,S522
E0422,E042
H4729,H472
N8381,N838
B048,B04
T090,T090
V4248,_
V0499,_
V2748,_
N8391,N839
X689,_
C1892,C189
X680,_
W1008,_
P244,_
A065,A065
J9588,J958
S5235,S523
O0215,O021
R531,R53
K6035,K603
S3643,S364
T1410,T141
B368,B368
110,_
M479XA,_
R568X,_
W344,_
E0800,_
0441,_
O9113,O911
G5100,G510
L601,L601
M9193,M919
V445,_
O4112,O411
M8,_
Q05,Q059
W188,_
O604,_
B900,B900
E861UO71,E86
T20,_
R824,R824
S2702,S270
S63,_
K07,K079
T925,T925
S3900,S390
R208,R208
O0981,_
E070,E070
M9671,_
Q6582,Q658
W2088,_
M688,M688
I40,I409
S42O,_
G713,G713
Y27,_
R1110,R11
M8144,M8144
W0200,_
Z533,_
O842Z,_
L138,L138
L51,L519
M7928,M7928
I8241,_
S84,S849
G95,G959
G8190,G819
N175,_
T426,T426
G395,_
I268,_
K8033,K803
H7508,H750
M2607,_
X62,_
M2741,_
A171,A171
H7001,H700
I815,I81
M2598,M2598
M675,_
X209,_
T5090,T509
J1819,J181
S9171,S917
H640,_
Z0175,Z017
8259,_
H6541,H654
D501,D501
M9870,_
H4332,H433
D448,D448
O820UO71,_
D4102,D410
O220,O220
H1680,H168
A55,A55
D491,_
I716,I716
O084,O084
0324,_
R442,R442
Z3005,Z300
9403,_
H3082,H308
E0822,_
C787K9,_
M7241,M7241
1714,_
R1031,R103
I615X,_
M363,M363
L958,L958
E328,E328
I498NO1,_
F606,F606
F608,F608
C022,C022
S0542,S054
M6751,_
M7954,M7954
S034,S034
B409,B409
V200,_
T749,T749
D2150,D215
M7101,M7101
S0991,S099
S6840,S684
M8080,M8080
L031LO89,_
V2848,_
K933,_
Z268,Z268
S718,S718
S05,S059
Q309,Q309
C7201,C720
E125,E125
J4520,J452
S383,S383
M7100,M7100
O238,_
S577,_
I4821,I48
Z235,Z235
F071,F071
M768,M768
C910M9821/3,_
A901,A90
M8389,M8389
O468,O468
M4808,M4808
F429,F429
K730,K730
M8629,M8629
N100,N10
C9030,C903
T480,T480
N477,N47
K799,_
R640,R64
I6930,I693
S510X,_
W3189,_
G4390,G439
D462,D462
Q5562,Q556
Z8951,Z8951
T387,T387
M1901,M1901
J4410,J441
R199,_
K5981,K598
Q301,Q301
I122,_
T1418,T141
L762,_
Z4803,Z480
P570,P570
C470,C470
C827,C827
R625,_
E579,_
L92,L929
S0192,S019
L0335,L033
R643,R64
Q010,Q010
F334,F334
Q984,Q984
M9240,M924
L208,L208
M8082,M8082
O6391,O639
I119NONE,_
W1701,_
H70,H709
M7133,M7133
G722,G722
H81,H819
T0200,T0200
W014,_
L0392A,_
R579Z,_
B946,_
I703,I703
K879,_
F802,F802
X9988,_
G80,G809
S498,S498
S425,_
M7295,M7295
H6000,H600
V2759,_
0621,_
C4359,C435
O839X,_
T9321,T932
1499,_
O541,_
B938,_
S1204,S120
K097,_
W1094,_
M6510,M6510
X00,_
Q132,Q132
H4460,H446
Z0101,Z010
M2241,M224
N939X,_
Q554,Q554
C8372,C837
M9687,M968
D38,_
S867,S867
M796,M796
J9841,J984
D4400,D440
H3413,H341
M7127,M712
D011,D011
Q189,Q189
V430,_
W231,_
W551,_
T30,_
W554,_
L279,L279
M240,M240
F202,F202
V55,_
K5904,K590
H5123,H512
V898,_
W1819,_
H5000,H500
M9980,M9980
S5641,S564
M8501,M8501
L54,_
Z9838,_
L719,L719
C1391,C139
C024,C024
P3532,P353
M274,_
R943,R943
D612,D612
M2342,M2342
M4397,M4397
C0189,C01
F020,F020
G5401,G540
T2121,T212
S310J1,_
J302,J302
V20,_
N6022,N602
W017,_
X4099,_
W3409,_
O356,O356
A985,A985
H2549,_
N218,N218
R89,R899
B850,B850
E882,E882
N9093,N909
5185,_
J3889,_
Z538,Z538
C418,C418
C4911,C491
M9760,_
Z010,Z010
D7282,D728
C9209,C920
H1881,H188
D4850,D485
S4281,S4281
H2713,H271
I380,I38
Y926,_
M9981,M9981
Z959,Z959
1842,_
H831,H831
Q258,Q258
0341,_
M750NA,_
A1802,A180
M2452,M2452
I6329,I632
I6351,I635
R181,R18
O1400,O140
M9130,M9130
N378,N378
J945,_
I950,I950
E665,_
Z736,Z736
N185D6,_
N1899,N189
H5132,_
U02,_
O0219,O021
S0070,S007
C7810,C781
D107,D107
I939,_
G200,G20
Z0142BL,_
M5430,M5430
G121,G121
T460,T460
L110,L110
M2380,M2380
E612,E612
C725,C725
O223,O223
I232,I232
Q763,Q763
J850,J850
M7912,M7912
P204,_
S8360,S836
M6281,M6281
I5002,I500
W0330,_
L9792,L97
C05,C059
T402Y,_
M996,M996
K622,K622
L40,L409
M7138,M7138
H027,H027
S6814,S681
M8424,M8424
L301,L301
S0105,S010
S2721,S2721
T871,T871
X5903,_
Q264,Q264
A02,A029
M619,M619
D73,D739
S6991,S699
I446,I446
L031NONE,_
S8171,S817
F78,F789
S0091,S009
Q6130,Q613
O006,_
1489,_
I189,_
M7615,M7615
H536,H536
I2443,_
N0833,N083
V374,_
I6340,I634
J0510,J051
71,_
V685,_
W2003,_
E1129,E112
R739UO71,_
Z041,Z041
S153,S153
D868,D868
O4291,O429
M8711,M8711
Y329,_
H1123,H112
I119UO70,_
Y1899,_
A799,A799
I5083,_
S861,S861
C541I9,_
R340,R34
E29,E299
O318,O318
G05,_
Z282,Z282
M4798,M4798
R424,R42
M763,M763
Z866,Z866
I433,_
H340,H340
S6102,S610
J12,J129
D2130,D213
I2519,I251
H4600,H46
H4389,H438
C4950,C495
S0541,S054
P3369,_
M1A9,_
O339O,_
V804,_
G732,G732
S859,S859
H1089,H108
K7290,K729
I8780,I878
E1112,E111
L0250,_
M7104,M7104
I0992,I099
M9181,M918
X45,_
I7102,I710
M1310,M1310
B9689,B968
Y9221,_
N084,N084
683,_
D938,_
M8870,_
S350,S350
S378,S378
Z4781,Z478
D1341,D134
K666,_
S6059,_
0624,_
W1901,_
J640,J64
Y953,_
P043,P043
M302,M302
I6935,I693
D1802,D1802
D357,D357
H571,H571
M9190,M9190
T1460,T146
S2121,S212
L0990,_
S7090,S709
E19,_
Q5301,Q530
O3410,O341
N19N1,N19
G9346,G934
A051,A051
0366,_
M9101,M910
M4909,M4909
S4308,S4308
S696,_
O752,O752
C4400,C440
B349LO89,_
D023,D023
G254,G254
D2211,D221
V26,_
S9305,S930
S524XA,_
X0,_
C5011,C501
D497,_
Q859,Q859
E0922,_
A112,_
K3232,_
T391UO71,_
V010,_
L039NA,_
M932,M932
K22,K229
R358,R35
M34,M349
H351NO3,_
W089,_
S101,S101
K6501,K6501
J331,J331
C697,_
H628,H628
H711,H71
R231,R231
K624NONE,_
P041,P041
M4385,M4385
O0091,O009
O739,_
O2340,O234
C7,_
B08,_
Z9622,Z962
C6950,C695
M2300,M2300
S6266,S626
N039I,_
X1,_
S6816,S681
H314,H314
I1198,I119
H712,H71
B879,B879
R251,R251
S3023,S302
O982,O982
K322,_
S0560,S056
M6580,M6580
Z02051,Z020
T676,T676
M5449,M5449
5951,_
M0094,M0094
M6008,M6008
Z011I,_
J202,J202
669841,_
Z0162,Z016
M316,M316
M6007,M6007
M5395,M5395
G369,G369
P154,P154
O591,_
A060E8,_
C4371,C437
Y554,_
E822,_
M9012,M9012
0020,_
Y289,_
E8810,E881
H1580,H158
M9683,M968
S601,S601
B3700,B3700
Z952,Z952
I242,_
L210,L210
D813,D813
C8593,C859
S135,S135
S741,S741
T880,T880
V201,_
F510,F510
M8482,M8482
L6080,L608
W175,_
M2197,M2197
G8092,G809
Q675,Q675
S0170,S017
E411,E41
J4495,J449
H6181,H618
G7119,G711
Q434,Q434
N439,_
K14,K149
M9480,M9480
Z24,_
C892,_
I817,I81
M9161,_
M70,M709
N2110,N211
W033,_
Z3Z,_
141,_
M1993,M1993
H809,H809
N283,_
Z836,Z836
J92,J929
K211,_
Q1811,Q181
467,_
O500,_
N7580,N758
148,_
B811,B811
H1423,_
O6010,O601
M6021,M6021
C098,C098
C7936,C793
G374,G374
S9232,S923
K9186,K918
M1903,M1903
M9409,M940
J90ST149,J90
E500,E500
S3281,S3281
C166,C166
Z864,Z864
H299,_
B96,_
O80OZ37O,_
L9751,L97
M765,M765
S3169,_
W111,_
H663X1,_
5580,_
J187,_
Z408,Z408
Q38,_
S8361,S836
E748I,_
T929,T929
M233,M233
S0208,S020
N3209,N320
N3599,N359
471,_
Q601,Q601
H4702,H470
S4270,S4270
Q102,Q102
Z47,Z479
M8407,M8407
S2113,S211
K8590,K859
S6142,_
M6588,M6588
8119,_
X84,_
M9699,M969
S0040,S004
V4499,_
R891,R891
S9349,S934
S4291,S4291
O0691,O069
Z603,Z603
C7911,C791
B333,B333
B862,B86
I5181,I518
M9070,M9070
Z281,Z281
J9602,J960
N382,_
Z343,_
O003,_
V182,_
S1530,S153
S1521XXA,_
L0880,L088
T8453,T845
S6182,S618
M4058,M4058
L8961,L89
C5411,C541
E116III9,_
R5084,R508
R04,R049
H361,_
K4041,K404
S144,S144
Y549,_
P22,P229
A493,A493
J15,J159
M8881,M8881
M20,_
T092,T092
E082,_
C131,C131
G818,_
H2011,H201
I5170,I517
F317,F317
M0807,M0807
D839,D839
F454,F454
0000,_
M2507,M2507
M4896,M4896
J634,J634
P00001,P000
O748,O748
T174,T174
O8005,O800
O757Z9,_
Q412,Q412
E054,E054
Y842,_
O20,O209
K9292,K929
R109,_
H6050,H605
B010,B010
D251D,_
D859,_
O332O,_
Q779,Q779
D191,D191
S3130,S313
W2362,_
S9112,S911
O21,O219
T031,T031
W013,_
O73,_
D0990,D099
R401,R401
H0212,H021
B669,B669
O8029,_
M8989,M8989
M249,M249
D2161,D216
D3800,D380
Y300,_
I91,_
H901,H901
K0500,K0500
Y658,_
L0331,L033
Y950,_
L91,L919
L043,L043
M409,_
C374,C37
S3232,S323
R87,R879
Q75,Q759
H3310,H331
R413,R413
L818,L818
L603,L603
L0242,L024
L119,L119
W8099,_
S6841,S684
Y65,_
S158,S158
O149Z3,_
A29,_
C4420,C442
P70,P709
M2193,M2193
M218,M218
M6624,M6624
Y079,_
Q179,Q179
M7069,M7069
I4990,I499
O324O,_
M340,M340
S13,_
H560,_
M2431,M2431
N8095,N809
K431,K431
P9946,_
L0290,L029
R121,R12
R680,R680
H2619,H261
F28,F28
O746,O746
W300,_
X991,_
E127,E127
M8051,M8051
X9,_
Q183,Q183
R258,R258
S7302,S7302
G252,G252
H6691,H669
A919,A919
H180,H180
Z971,Z971
R944,R944
M7993,M7993
C859NONE,_
M8999,M8999
Z86,_
069,_
M1190,M1190
N9390,N939
W2592,_
A973,_
M8809,M880
V51,_
D1771,D177
D3511,D351
I68,_
M2481,M2481
C534,_
H9392,H939
J3503,J350
M9984,M9984
C070,C07
H3490,H349
S634,S634
D1730,D173
Z402,_
W271,_
F179,F179
M8060,_
M2502,M2502
U0718,_
Z202,Z202
Y525,_
V4349,_
T8530,T853
P2493,P249
I838,_
V33,_
A835,A835
K99,_
H6191,H619
R588,R58
K790,_
M2345,M2345
L7622,_
C968,C968
C61I9,C61
X470,_
N19NO8,N19
Q069,Q069
R567,_
S8170,S817
K71,K719
M6514,M6514
V291,_
K802NO1,_
V329,_
J129NO1,_
K498,_
R1011,R101
3500GRA0,_
O804,_
U8999,U899
6952,_
D39,D399
W5502,_
M891,M891
L9840,L984
E093,_
M7957,M7957
C9501,C950
D4771,D477
M08,M089
P680,_
C7641,C764
O321O,_
G4730,G473
R189,R18
T598,T598
5837,_
T254,T254
C1910,C19
S322,S322
L571,L571
I7721,I772
5862,_
M329NO9,_
Z125,Z125
V8899,_
M8611,M8611
D041,D041
P525,P525
I230,I230
669872,_
Z0151C1,_
Q789,Q789
M5408,M5408
P710,P710
M7299,M7299
M7925,M7925
Q058,Q058
M5497,M5497
31500,_
P119,P119
P99460,_
T672,T672
D433,D433
D890,D890
J48,_
S932,S932
Z393,_
Z243,Z243
T981,T981
S2133,_
Z3703,Z370
I289,I289
C721,C721
H192,H192
R02X,R02
I964,_
O379,_
Q911,Q911
M224,M224
D243,D24
M4135,M4135
S7031,_
E876UO71,_
S432,S432
H1130,H113
M7128,M712
M0110,M0110
S5651,S565
7900,_
B98,_
E1452,E145
N790,_
C052,C052
M7196,M7196
C115,_
E673,E673
H05,H059
M8898,M8898
T980,T980
K854,_
V888,_
C7961,C796
R578UO71,_
0243,_
K8062,_
O308,O308
W039,_
P781,P781
W2902,_
V249,_
R0689,R068
5682,_
W2598,_
H3591,H359
Q768,Q768
Q321,Q321
O319,_
X7488,_
Z0382,Z038
R7309,R730
H0453,H045
01XA,_
K636,_
T061,T061
M1019,M1019
M1719,M171
O651O8,_
D3702,D370
M059,M059
M2541,M2541
S9350,S935
S70,S709
M023,M023
I5872,_
M2466,M2466
P581,P581
M6799,M6799
B899,B89
M9009,M9009
G06,_
0649,_
L4590,L45
W1902,_
H054,H054
K9181,K918
M319,M319
Z501,Z501
M7221,M722
W193,_
K8066,_
R498,R498
I5168,I516
57,_
R855,R855
B349NONE,_
I072,I072
X70,_
D015,D015
K3880,K388
O608,_
M2416,M241
Y089,_
O8089,O808
T3939,T393
N270,N270
E245,_
111,_
G209,G20
S751,S751
C989,_
N75,N759
Y2999,_
N0831,N083
L121,L121
G31,G319
K241,_
W0122,_
S336,S336
Q519,Q519
W0154,_
D7289,D728
Y9379,_
S7119,S711
O820O,_
H1581,H158
N841NO01,_
K252UO71,_
H43,H439
509,_
N7501,N750
M8189,M8189
D823,D823
S1312,S1312
K747,_
M8221,_
D1260,D126
W769,_
Z965,Z965
W8603,_
B689,B689
S8359,S8359
K539,_
N2111,N211
R179,R179
X1562,_
G199,_
S0592,S059
N34,_
S9055,_
D3700,D370
C651,C65
O1319,O13
E137,E137
S2020,S202
S503,_
N15,N159
I7791,I779
J854,_
E578,_
H5020,H502
3639,_
M9962,M9962
R748,R748
Q1501,Q150
M7510,M751
A48,_
M7010,M7010
M41,M419
Z0123,Z012
E1433,E143
600,_
839,_
M8564,M8564
W6099,_
W6499,_
H2631,H263
9129,_
C198,C19
O6200,O620
Y0409,_
F73,F739
M8175,_
N8090,N809
S0159,S015
R011,R011
S275,S275
B028,B028
Z3707,Z370
F421,F421
Z3270,_
P23,P239
T382,T382
C795NONE,_
I104,I10
H186,H186
L9730,L97
O27,_
A401,A401
G444,G444
M4395,M4395
P558,P558
Q603,Q603
F531,F531
M6249,M6249
D800,D800
T2200,T220
X1109,_
T50,T509
T434,T434
X41,_
T860,T860
S9972,S997
G002,G002
G942,G942
K949,_
S39,S399
X8899,_
L6091,L609
H4089,H408
K6519,_
B1910,_
X0909,_
T318,T318
E1459,E145
S66,S669
T9419,T941
C071,C07
H3342,H334
T2201,T220
X411,_
B710,B710
S3901,S390
M8616,M8616
M8506,M8506
J01,J019
J0111,J011
R734,_
Z141,_
V435,_
K361,K36
K362,K36
Q664,Q664
H608,H608
D685,D685
M8964,M8964
O8001,O800
Q656,Q656
T277,T277
M076,M076
S8021,_
432,_
C4401,C440
M8547,M8547
D111,_
N3909,N390
D020,D020
C9050,_
Z8774,Z877
I248UO71,_
D060,D060
D811,D811
K797,_
I1190,I119
Y18,_
P920,P920
M8744,_
S0155,S015
Q730,Q730
I8020,I802
F551,F551
P7001,P700
J128Y5,_
N179UO71,_
N185NO09,_
R868,R868
P2011,P201
Q672,Q672
K1230,K123
M632,M632
M6016,M6016
I119NO,_
H1871,H187
A241,A241
T0039,T003
E619,E619
O811,O811
H4120,_
I109E,I10
H1099,H109
J373,_
N185NO1,_
P827,_
K490,_
I119I2,_
S5990,S599
K133,K133
T160,T16
Y846,_
H2572,_
Z306,_
V5399,_
V490,_
O2411,O241
H4712,H471
M2333,M2333
M414,M414
O3398,O339
W1963,_
G,_
P0717,P071
N185NO0,_
Q752,Q752
I5001,I500
I1,_
E8881,E888
Z3923,Z392
M9174,_
Z087,Z087
F709,F709
S1112,S111
B49NO0,B49
S4000,S400
I1120,_
H3604,H360
N939NO,_
L25,L259
N87,N879
I419,_
M511DAGGER,_
C352,_
A01,_
A361,A361
T490,T490
Z728,Z728
E719,_
Q641,Q641
S4520,S452
T178,T178
E1332,E133
H4422,H442
E28,E289
N185X,_
M6541,M654
Y545,_
C8448,C8448
D2262,D226
M2330,M2330
P500,P500
S7609,S760
K6611A,_
S7113,S711
S230,S230
N09,_
K410,K410
5661,_
T680,T68
H172,_
W122,_
D0501,D050
X08,_
D655,D65
L850,L850
K129,_
Z802,Z802
C698,C698
Q891,Q891
M8198,M8198
W4488,_
O3090,O309
T022,T022
H339,_
T7922,T792
C842,C842
S9511,S951
M8902,M8902
M228,M228
K6139,K613
F448,F448
W108,_
0757,_
K1892,_
N1039,N10
M5459,M5459
K145,K145
G629NO1,_
H6111,H611
R811,R81
S8025,_
Q373,Q373
T64,T64
T216,T216
669822,_
M4729,M4729
M1003,M1003
Y430,_
M481,M481
Y418,_
Q338,Q338
F100SO22SO51,_
Q690,Q690
Q188,Q188
Z859,Z859
J449UO71,_
V1249,_
D259COA2,_
H0454,H045
L298,L298
E1109,E110
T8141,T814
S89,S899
I732,_
O351,O351
E064,E064
F205,F205
W19XXXA,_
F602,F602
T950,T950
S30,S309
D442,D442
M7956,M7956
J0181,J018
5662,_
R514,R51
L0315,L031
T457,T457
N77,_
C499M,_
3582,_
W40,_
P153,P153
K373,K37
E0835,_
51,_
R681,R681
C754,C754
W5199,_
J210,J210
M7997,M7997
N034,N034
T0030,T003
D2190,D219
2141,_
B94,B949
I1893,_
M243,M243
J94,J949
Y990,_
S37,S379
H1180,H118
G923,G92
H1191,H119
M083,M083
Y580,_
L76,_
W69,_
G931NO50,_
S36,S369
Z4889,Z488
D6901,D690
H6091,H609
P0738,P073
A390,A390
R2290,R229
E261,E261
S337,S337
C4031,C403
J4551,_
A389,A38
A153IMPO1,_
S228,S228
F122,F122
Z188,_
M8686,M8686
T790,T790
N3020,N302
Y910,_
I2722,I272
N841NONE,_
F86,_
O6911,O691
P089,_
V181,_
G138,G138
N460,N46
H255,_
K0900,K0900
Y462,_
S789,S789
Z857,Z857
L304,L304
Q44,_
P749,P749
R112,R11
C779EZ031,_
J3920,J392
I414,_
U702,_
M7224,M722
E759,_
S8971,S897
M4052,M4052
21B,_
H4043,H404
O955,O95
H1122,H112
Q,_
S840,S840
C9250,C925
O20A,_
W279,_
A031,A031
X1599,_
E885,_
56,_
S3709,S370
S6680,S668
J120,J120
M9983,M9983
N622,N62
T8521,T852
L998,L998
M8844,_
F424,_
L810,L810
S591,_
I5031,_
E1334,E133
Z717,Z717
A219,A219
T1420,T1420
Q630,Q630
R68,_
S1011,S101
M4882,M4882
S6671,S667
Z439,Z439
R823,R823
F66,F669
T349,T349
M271,_
Z08,Z089
W4562,_
S6223,S622
C738,C73
M4186,M4186
O80UO71,_
J839,_
M0576,_
H0019,H001
I4690,I469
H0292,H029
Z021,Z021
0640,_
R0789,_
V686,_
K8019,K801
D37,D379
Y86,_
M1912,M1912
K2190,K219
L041,L041
M9837,_
N390NO8,_
N770,N770
J189UO71,_
Z011G2,_
CR0035,_
Q819,Q819
I233,I233
W252,_
N009I,_
T54,T549
B458,B458
N3904,N390
M7592,M759
J952,J952
S396,S396
P259,_
Y9390,_
S7999,S799
K06,K069
K940,_
Z718,Z718
A563,A563
H5062,H506
G231,G231
M6597,M6597
Z5999,Z599
R7391,R739
5D,_
V5989,_
S6309,S6309
E876I,_
H5311,H531
D302,D302
C7949,C794
O9902,O990
G90,G909
C8597,C859
K7274,_
E83,E839
Z639,Z639
M2400,M2400
S951,S951
Q800,Q800
5145,_
B679,B679
H5032,H503
V5804,_
T0092,T009
H7090,H709
H493,H493
M360,M360
1249,_
M9041,M9041
M432,M432
K2192,K219
A820,A820
M4004,M4004
5562,_
R9200,R92
T86,T869
Q704,Q704
M943,M943
D596,D596
J409,J40
E8614,E86
M2346,M2346
M2426,M242
M9496,M9496
K205,K20
E034,E034
K760NONE,_
D10,D109
B871,B871
S2208,S220
P528,P528
I2513,I251
C89,_
J683UO72,_
P016,P016
H5271,H527
S9781,S978
Z101,Z101
Z118,Z118
A501,A501
K637,_
I27,I279
M248,M248
Y364,_
I248NONE,_
0HBMXZZ,_
W2290,_
Q540,Q540
R0207,R02
N868,N86
Q24,Q249
A880,A880
X0804,_
M8630,M8630
K760NO2,_
N6451,N645
H3574,H357
X150,_
M112,M112
S6672,S667
H2190,H219
K9180,K918
L101,L101
I259I,_
Y493,_
H4040,H404
M5128,M512
E769,E769
S8328,S832
X23,_
M665,M665
C9T1,_
M9501,M950
S9990,S999
A072,A072
M317,M317
D2261,D226
V2804,_
O0391,O039
M5186,M518
V290,_
J990,J990
M8945,M8945
N3900,N390
F121,F121
Z0050,Z005
C1193,C119
F20,F209
K922NO0,_
C694,C694
L9800,L980
K055,K055
T141SW54,_
E750,E750
E280,E280
Q61,Q619
P040,P040
O2684,O268
K2919,K291
V52,_
S0902,S090
1XA,_
A521,A521
G514,G514
I953,I953
R5689,R568
S0059,S0059
C4490,C449
C199,C19
W3481,_
S4109,S410
S8690,S869
E1143,E114
V2814,_
Q761,Q761
703,_
S653,S653
A203,A203
D649NA,_
S0501,S050
H3551,H355
P0250,P025
Q559,Q559
RFRHD11,_
M5415,M5415
A013,A013
A028,A028
T304,T304
M5338,M533
99502,_
O058,O058
C498,C498
N047,N047
Y9881,_
Q134,Q134
Q140,Q140
H800,H800
G5603,G560
Z570,Z570
M7105,M7105
B470,B470
O364O0,_
H498,H498
M4189,M4189
L80,L80
Y21,_
R5991,R599
O367,O367
H17,H179
B989,_
L220,L22
E877IMPO1,_
B661,B661
K298B9,_
042,_
D2290,D229
H911,H911
J385,J385
S8012,S801
M9689,M968
C691,C691
A0104,A010
S8011,S801
201A,_
S2239,S223
Y249,_
Z517,_
Y32,_
A603,_
X15,_
Z792,_
I4680,_
I90,_
259,_
D3672,D367
M8043,M8043
Y20,_
G64,G64
M9460,_
V135,_
W500,_
W2682,_
S5192,S519
N2892,N289
I726,_
I2,_
B222,B222
E848,E848
V3248,_
W060,_
H5270,H527
O294,O294
Y340,_
H1711,H171
W2689,_
S0529,S052
H1840,H184
M1389,M1389
Z84,_
S8400,S840
T026,T026
N980,N980
I7392,I739
Z795,_
V282,_
129,_
O3001,O300
M6000,M6000
D620,D62
X9549,_
S7232,S723
H0540,H054
R194,R194
O198,_
Z581,Z581
P702,P702
N719NONE,_
H4320,H432
I29,_
S56,_
A58,A58
G602,G602
H0401,H040
M8195,M8195
S5262,S526
5847,_
R959,R95
W207,_
N099,_
W6073,_
D490,_
M2410,M2410
M9108,M910
W558,_
T251,T251
0289,_
J344,_
M8614,M8614
1920,_
Q342,_
S6109,S610
N3289,N328
S0057,S005
O948,O94
W1771,_
W1908,_
W1929,_
V586,_
V384,_
T007,_
Z460,Z460
H211X2,_
K871,K871
D60,D609
H0288,H028
C61M,C61
M4698,M4698
A462,A46
J3410,J341
S9521,S952
J0381,J038
L0381,L038
A4198,A419
M7229,M7229
50,_
W5998,_
Q149,Q149
Z366,_
M1021,M1021
W1003,_
H6022,H602
W210,_
F078,F078
E1061,E106
Y870,_
C1690,C169
O83,O839
S132,S132
E681,E68
E200,E200
C1819,C181
C5414,C541
Q435,Q435
M2401,M2401
T9410,T941
W1088,_
O3201,O320
H4920,H492
D821,D821
CR0079,_
E061,E061
M5441,M544
F700,F700
M4783,M4783
T406,T406
N025,N025
T372,T372
B441J172,_
A907,A90
M7908,M7908
D4989,_
Q848,Q848
N1815,N181
Y557,_
T75,_
G434,_
L817,L817
Y362,_
O8220,O822
K262,K262
S8219,S821
S5081,S5081
212A,_
S1099,S109
W0128,_
H2191,H219
H4471,H447
I785,_
S0115,S011
D189,_
O149O,_
Y34,_
Q138,Q138
W296,_
E8612,E86
F150,F150
S8205,S820
804,_
D8460,_
N8980,N898
5740,_
M9698,M969
S7205,S720
S3620,S3620
Y95NO,_
I430,I430
M7969,M7969
S5640,S564
T39,T399
S211X,_
P703,P703
S3980,S398
M4622,M4622
R259,_
L441,L441
N9069,N906
B468,B468
I62,I629
M8965,M8965
J960Q5,_
W5541,_
H7092,H709
I453,I453
D0800,_
08,_
N953,N953
281,_
G240,G240
I109NO7,I10
B814,B814
L849,L84
S0171,S017
09,_
N1892,N189
D4402,D440
C8000,C800
0717,_
\3,_
S959,S959
N6382,N63
D15,D159
R81,R81
E0860,_
E60,E60
M9,_
M6076,_
H7292,H729
M8408,M8408
S6001,S600
X089,_
V8990,_
O650,O650
Z872,Z872
J119,_
H2152,H215
O806,_
X2699,_
D3110,D311
A1500,A150
062,_
T138,T138
R391,R391
P91,P919
K1123,K112
W0159,_
S4141,_
M8607,M8607
N1391,N139
N239,N23
J95,J959
X789,_
H1121,H112
Q25,Q259
H69,H699
Z248,_
Q230,Q230
I420NO9,_
P133,P133
S558,S558
E880UO71,_
D787,_
H0510,H051
S9234,S923
K360,K36
Y783,_
S0330,S033
R253,R253
Z1342,Z134
R9291,R92
N4499,N44
Z370O3,_
S0580,S058
V020,_
M7512,M751
K4040,K404
C9000,C900
B889,B889
C309,_
Z396,_
I659,I659
T379,T379
S7103,S710
M8645,M8645
K413,K413
B54,B54
11A,_
5683,_
Z892,Z892
S4312,S431
Z207,Z207
E1032,E103
S46,S469
T0130,T013
S0512,S051
P509,P509
0684,_
125,_
G620,G620
O4241,_
M8411,M8411
30,_
Q40,Q409
I8611,I861
C19P1,C19
P584,P584
M6295,M6295
O267,O267
J2090,J209
D5004,D500
D1611,D161
X94,_
H3554,H355
S062X0A,_
M6263,M6263
H4409,H440
M9011,M9011
S980,S980
N1851A,_
S3603,S360
K805NA,_
G830,G830
Z830,Z830
M5431,M543
L783,_
S3151,S315
S7511,S751
S6630,S663
L578,L578
D984,_
S649,S649
J968,_
P782,P782
N8791,N879
B380,B380
Z256,_
S297,S297
M9140,_
C4693,C469
M2762,_
R263,R263
E000,E000
N1831,N183
F107,F107
R620,R620
9096,_
E431,E43
S3112,S311
M9282,M928
C781NONE,_
P599PO34,_
D114,_
N289NO0,_
H3620,_
Z915,Z915
S6510,S651
L598,L598
J911,J91
M8104,M8104
7740,_
T141X,_
R688Y,_
U88,U88
C779NONE,_
K813,_
J784,_
D394,_
V5869,_
D649NO9,_
M7258,M7258
R278,R278
Z015A1,_
S111,S111
N669,_
S6232,S623
55,_
M6229,M6229
K5811,_
D638NO85,_
T9211,T921
R300,R300
H1640,H164
Q001,Q001
S277,S277
X5920,_
Z2322,Z232
T021,T021
N197,N19
J1233,J123
K246,_
P7000,P700
K258,_
S031,S031
N208,_
T456,T456
T484,T484
X619,_
0459,_
D382,D382
O269XA,_
3000GRA0,_
E1420,E142
83,_
B690,B690
H150,H150
S7245,S724
H54,H549
E308,E308
B238,B238
F1013,F101
C6960,C696
Q667,Q667
S8089,S808
A083NO1,_
O801UO71,_
S9109,S910
M635,_
W2690,_
N2262,_
G9525,G952
V599,_
R95,R95
K081,K081
T317,T317
M5122,M512
R658,_
I394,I394
S0634,S063
R5613A,_
Y24,_
M6022,M6022
S6551,S655
M9532,M953
I129N1,_
K527,_
D057,D057
M919,M919
B185,_
Z53,Z539
U071CO342,_
5758,_
59,_
M9489,M9489
O656,_
K579NONE,_
S442,S442
S459,S459
X9992,_
M8009,M8009
K182,_
H0015,H001
090,_
I1105,I110
T2532,T253
0356,_
N092,_
M814,M814
M4364,M436
M803,M803
Z0163,Z016
P242,P242
Z0131A,_
O878,O878
C822,C822
F729,F729
F422,F422
M5324,M5324
M6522,M6522
M1005,M1005
T183,T183
P30,_
M9779,_
S0658,S065
O371,_
M9695,M969
D3A8,_
N935,_
R403,_
C59,_
H220,H220
D045,D045
J186,_
O800P,_
K007,K007
M7606,M760
B169PO51,_
S214,_
S769,_
Z9079,Z907
C847,C847
H0270,H027
W7959,_
Q7380,Q738
M1926,M192
M486,_
X6399,_
W8742,_
I512,I512
W129,_
E057,_
G6181,G618
J9601A,_
Z990,Z990
C164,C164
E845,_
G37,G379
G295,_
J2096,J209
M4184,M4184
E029,E02
J445,_
W2130,_
C7989,C798
A4999,A499
O3431,O343
P0730,P073
J028,J028
T8529,T852
W1062,_
K060,K060
G708,G708
A601,A601
D966,_
O3689,O368
Z837,Z837
J455,_
N588,_
C9590,C959
D215M,_
J8192,J81
J3515,J351
I1071,I10
H4452,H445
T2322,T232
L290,L290
J128NONE,_
N799,_
I1739,_
Q6101,Q610
S4243,S424
E61,E619
K803NO7,_
Z541,Z541
M5127,M512
F1993,F199
S4203,S420
Q79,Q799
321,_
O8295,O829
C962,C962
N6010,N601
S857,S857
G4005,G400
S281,S281
9B,_
S8239A,_
B30,B309
D049,D049
I0400,_
V8988,_
S6071,S607
Y425,_
G547,G547
T070,T07
S329,_
H211,H211
B970,B970
M455,M455
Y458,_
I259I2,_
K409NA,_
B790,B79
M8250,_
R856,R856
N027,N027
M8830,_
T2330,T233
H6641,H664
A0990,A099
E8722,E872
O729,_
Z081,Z081
M16,M169
M7660,M7660
S5289,S528
S9690,S969
1697,_
D2191,D219
O8820,O882
M2323,M2323
Z658,Z658
V1299,_
D348,D34
M234,M234
T8180,T818
M6225,M6225
I961,_
R839,R839
C848,C848
O3211,O321
J198,_
J529,_
5260,_
C5029,C502
S3113,S311
A010UO71,_
Z811,Z811
24,_
Z115J,_
M5124,M512
H7080,H708
M849,M849
O776,_
S005V,_
M6282,M6282
M281,_
O927,O927
M7905,M7905
M5496,M5496
ICD10,_
A054,A054
M1258,M1258
T573,T573
S048,S048
P294,P294
I235,I235
H958,H958
C19LP2,C19
P235,P235
M1010,M1010
K405,_
Q5390,Q539
W3182,_
S2419,S241
K749,_
V92,_
M6790,M6790
K201,K20
S240,S240
C7390,C73
I791,I791
Q128,Q128
R560UO71,_
M7906,M7906
I129NO3,_
9249,_
K397,_
V94,_
N6082,N608
K302,K30
K548,_
W508,_
M525,_
X6699,_
A1883,A188
O3004,O300
L639,L639
B2012,B201
C7221,C722
Z302Z3Z0,_
O767,_
E630,E630
H4761,H476
H5780,H578
G351,G35
N620,N62
M9767,_
S9049,_
Z3017,Z301
S510TYPEA,_
T8754,T875
M718,M718
S891,_
G0,_
A1884,A188
O9919,O991
T8454,T845
C7806,C780
P03,P039
A1832,A183
M9720,_
J489,_
M6533,M653
M8853,_
M05,M059
J1590,J159
H4053,H405
K026,_
J220,J22
Y543,_
K0112,K0112
K2199,K219
D035,D035
M9913,M9913
Q079,Q079
S797,S797
M3213,M321
E0781,E078
L851,L851
M1796,M179
G4420,G442
H533,H533
S2190,S219
S5500,S550
O9800,O980
H1621,H162
I2191,I219
S2660,_
B158,_
S681X,_
S652,S652
M8640,M8640
X5993,_
M6227,M6227
B902,B902
X995,_
Y830,_
M8555,M8555
Z9882,Z988
O6000,O600
S0285,S028
Z487,_
S9271,S9271
M6088,M6088
E46UO72,E46
W0129,_
H5900,H590
J8100,J81
H5272,H527
B0221,B022
J609,J60
H6002,H600
X449,_
M6585,M6585
A067,A067
M4056,M4056
A4152,A415
N2881,N288
Z54,Z549
X1203,_
I392,I392
P786,_
I6187,I618
L0392,L039
W30,_
T8184,T818
M8074,_
S0989,S098
C581,C58
V339,_
M8643,M8643
M2634,_
E1322,E132
D2352,D235
K4691,K469
W0188,_
G520,G520
M4221,_
E878JO39,_
S823TO7,_
L085,_
T422,T422
G904,G904
P231,P231
T363,T363
M4805,M4805
I012,I012
M0681,M0681
Z011B,_
S8184,S818
D0370,D037
H44,H449
N36,N369
M863,M863
G9811,G98
J460,J46
H6180,H618
D1700,D170
C9520,C952
N915,N915
O888,O888
Y283,_
M8961,M8961
O761,_
S0500,S050
0619,_
X660,_
1641,_
A209,A209
W194,_
W699,_
C8351,C835
19,_
J818,J81
M1692,M169
O9981,O998
S733,_
H1873,H187
Z8942,Z8942
D496,_
N996,_
P349,_
W2298,_
Z984,_
D3502,D350
B876,_
K1121,K112
P3240,_
P055,_
C8440,C8440
H6699,H669
J899,_
U0719,_
K435,_
G9381,G938
D463,D463
F845,F845
S9320,S932
P385,P38
I198,_
E0964,_
N904,N904
F804,_
S6531,S653
Z1635,_
M2682,_
N083NO3,_
E1481,E148
M94,M949
S1990,S199
C6491,C64
C6291,C629
S7086,S708
I984,_
C061,C061
E795,_
V912,_
O972,O97
L9790,L97
F32,F329
V446,_
J1500,J150
V4949,_
I6190,I619
G804,G804
Y99,_
0329,_
V0209,_
C4432,C443
C1489,C148
K3520,K352
M8323,M8323
N187,_
5541,_
N07,N079
W56,_
F1001,F1001
L0303,L030
Q053,Q053
S7402,S740
V398,_
W1681,_
N779,_
J153,J153
H3135,H313
B974,B974
T227,T227
P911,P911
V019,_
C573,C573
S402,_
A21,A219
Q22,Q229
E89,E899
M4326,M4326
U691,_
P578,P578
M5414,M5414
D460,D460
N809NONE,_
B852,B852
009,_
Y544,_
R639,_
T118,T118
M8461,_
C8277,C827
M217,M217
Y495,_
I1129,_
O3123,O312
Q269,Q269
N402,N40
S2202,S220
\0,_
D293,D293
N540,_
T1592,T159
F9001,F900
0840,_
T225,T225
C103,C103
T305,T305
G608,G608
O283,O283
006,_
S5184,S518
D0590,D059
R024,R02
I7021,I7021
Q175,Q175
V989,_
X1199,_
J946,_
M0009,M0009
I340I3,_
H1113,H111
L734,_
I05,I059
Z2251,Z225
Q86,_
W264,_
M6549,M6549
1582,_
C88,C889
Y040,_
C173,C173
K7210,K721
W4904,_
W2041,_
B488,B488
K17,_
N3930,N393
B090,B09
X6409,_
T8150,T8150
T59,T599
T267,T267
S9235A,_
M2185,M2185
X50,_
N40NO1,N40
E659,E65
H3305,H330
T98,_
Q5569,Q556
S6084,S608
Q51,Q519
M6029,M6029
M8014,M8014
S5980,S598
L513,_
S2130,_
M2578,M2578
I7002,I700
G26,G26
K433,_
B849,_
I500ZN19,_
I618X,_
M400,M400
I79,_
Q842,Q842
E7900,E790
M930,M930
K7291,K729
M1,_
S1419,S141
B452,B452
Z823,Z823
H9120,H912
P770,P77
I47,I479
N017,N017
K621NONE,_
C947,C947
H5342,H534
M2547,M2547
J8999,_
E791,E791
S2600,S2600
S6440,S644
O8213,O821
R571S,_
X802,_
J3381,J338
H3412,H341
S2123,S212
J1203,J120
T8440,T844
5795,_
K2501,K250
W1362,_
A188K7,_
P8310,P831
R103,R103
A61,_
S015S,_
X1799,_
N9396,N939
B129,_
V346,_
0010,_
U0501,_
O8002,O800
J99,_
L6020,L602
K308,K30
M3299,M329
S3630,S3630
N19NONE,N19
M0008,M0008
S7246,S724
M7220,M7220
N2591,N259
Q020,Q02
1493,_
C19IPP1,C19
C843,C843
N054,N054
NOICD,_
S041,S041
A699,A699
A561,A561
P74,P749
J692,_
I8271,_
I4138,_
S8223,S822
S633,S633
K3583,K358
M822,_
O880,O880
M2551,M2551
H1082,H108
I280,I280
M71,M719
B759,B75
S5232,S523
A0109,A010
T9530,T953
I08,I089
I1102,I110
S8353,S835
S9224,S922
Q528,Q528
Z801,Z801
W457,_
Q839,Q839
P68,_
O820P,_
H183,H183
J9421,J942
Q62,_
T0099,T009
M9534,M953
Q703,Q703
P051PO71,_
K6521,_
I009,I00
T009V,_
S6119,S611
R922,R92
M4134,M4134
N453,_
K036,K036
O022,_
D4931,_
M2518,M2518
V849,_
D649NONE,_
S6861,_
H918,H918
R12,R12
C6921,C692
T21,_
S0638,S063
L7290,L729
A988,A988
I2691,I269
J034,_
A162NA,_
Z835,Z835
5461,_
A416,_
L89NA,L89
T9320,T932
A319,A319
663,_
J690NI89,_
N8385,N838
653,_
S5332,S533
M942,M942
B663,B663
R7302,R730
Z739,Z739
123,_
M8938,M8938
W0144,_
C693,C693
O001_1,_
O414,_
L0391,L039
K283,K283
H221,H221
G915,_
Q300,Q300
F204,F204
Y25,_
N18L5,_
Z8941,Z8941
X588,_
P366,_
M8419,M8419
S3761,S3761
A303,A303
H4632,H46
Q677,Q677
H5210,H521
S3203,S320
Q682,Q682
O8210,O821
Q363,_
Z3490,Z349
K8080,K808
S6125,_
O2991,O299
T1580,T158
D31,D319
E1146,E114
S4171,S417
K254RO90,_
T8789,_
E8629,E86
K663,_
F000,F000
R735,_
O898,O898
Z851,Z851
9020,_
N6331,N63
Z827,Z827
60,_
V13,_
A542,A542
T635,T635
J143,J14
M1092,M1092
A839,A839
F173,F173
Z01751,Z017
L111,L111
S0999,S099
R560UO49UO71UO71UO49,_
310,_
R538,R53
G119,G119
R871,R871
S760,S760
S3670,S3670
H9041,H904
C5093,C509
N185NA,_
I7022,I7022
F4323,F4323
H7010,H701
H002,_
N2809,N280
V191,_
C112,C112
A043,A043
E861JO68,E86
M8781,M8781
N185Z9,_
K706,_
T862,T862
R1904,R190
8805,_
W4912,_
W291,_
Z228,Z228
M621,M621
C845NA,_
X5963,_
W1308,_
E58,E58
H0283,H028
R608,_
R488,R488
W170,_
N098,_
N390NO0,_
0828,_
M775,M775
S2291,S2291
X110,_
V2819,_
C4191,C419
H3739,_
C507,_
E863,E86
S0301,S030
Y513,_
K5140,K514
Z912,Z912
M4119,M4119
P381,P38
K988,_
M06,M069
N1825A,_
C370,C37
Z3780,_
W5682,_
I1014,I10
M6639,M6639
I999,I99
S7292,S729
T027,T027
S035,S035
M8322,M8322
S578,S578
A872,A872
I617,_
D6941,D694
F989,F989
K7608,K760
S5183,S518
W2289,_
C431,C431
Q164,Q164
N113,_
G799,_
R62,R629
W2680,_
K566NO,_
L941,L941
O342Z3A0,_
G9350,G935
Z785,_
C910GZ511,_
S8622,S862
K767NI85,_
L628,L628
M0239,M0239
S0300,S030
J4593,J459
C488,C488
D3122,D312
M30,_
V869,_
M2501,M2501
V5342,_
P631,_
D7211,D721
M7520,M752
W191,_
D500KXA,_
E1473,E147
W2282,_
S7011,S701
M2408,M2408
Q3552,Q355
H6800,H680
M9804,_
W202,_
3601,_
V049,_
T0620,T062
W2209,_
E0420,E042
M8926,M8926
M2440,M2440
O3242,O324
K5909,K590
R71,R71
T578,T578
I020,I020
B650J173,_
A099E862,A09
E059I8,_
K8021,K802
D2152,D215
Y860,_
M7122,M712
H3509,H350
H4710,H471
438,_
P239UO71,_
Q54,Q549
P569,P569
I251I2,_
M176,_
D634,_
M8504,M8504
Z9810,Z981
M174,M174
K2640,K264
I500NONE,_
Z4682,Z468
0008,_
E2681,E268
P074,_
R2361,_
N892,N892
033,_
K074,K074
W1303,_
H6519,H651
D301,D301
W5399,_
Z760,Z760
J804,J80
M7204,M7204
X9199,_
F630,F630
E0412,E041
V38,_
L0339,L033
W1001,_
J3810,J381
D054,_
N2090,N209
S1015,S101
5246,_
H6693,H669
V3799,_
N937,_
N1858,N185
O8039,_
K9130,K913
S3422,S342
S2550,S255
V072,_
V8900,_
T539,T539
T79A2,_
N783,_
O4201,O420
O3393,O339
M73,_
C119N,_
E8339,E833
M238,M238
M9655,M965
Z588,Z588
B192,_
Z363,Z363
0644,_
E861NONE,E86
M7964,M7964
N097,_
J022,_
V198,_
Z3980,_
Z0112,Z011
C622,_
P388,P38
Z0184,Z018
O679Z3A2,_
G622,G622
V2199,_
K500NONE,_
A908,A90
871,_
L2041,_
H902,H902
C359,_
L9050,L905
D561NO9,_
T2300,T230
T2131,T213
K931,K931
T589,T58
M809,M809
J9410,J941
R1312,R13
Y059,_
M2042,M204
C4402,C440
S1090,S109
W8601,_
L230,L230
S8202,S820
X10,_
S8891,S889
J980NONE,_
D650,D65
W0708,_
H570,H570
E4300,E43
M1929,M1929
H47,_
O800UO71,_
X9948,_
M3114,M311
Y835,_
R419,_
L531,L531
A515,A515
N180UO4,_
S6055,_
X9399,_
W3422,_
K786,_
N3090,N309
Y3409,_
R550,R55
K3170,K317
M5485,M5485
N201NO0,_
J089,_
H932,H932
H7020,H702
H7130,H71
Z67,_
T2312,T231
Z591,Z591
D391NONE,_
I1251,_
S2300,S230
M1257,M1257
T2921,T292
V092,_
Z370UO71,_
A909,A90
5640,_
P0501,P050
O800O0,_
M1002,M1002
M5435,M543
MCP0,_
T541,T541
E164,E164
Y440,_
C7790,C779
M9650,M965
V3399,_
I37,I379
D013,D013
J960KR571,_
H6312,_
X8399,_
R631,R631
H4921,H492
M9591,M959
D1701,D170
R1043,R104
S8661,_
I32,_
I842X,_
R069,_
N37,_
N180UO5,_
S9611,S961
I1110,_
R519,R51
S4205,S420
795,_
D16,D169
Z5331,_
H0220,H022
C619,C61
N3902,N390
H0622,H062
Q794,Q794
S671,_
B160,B160
B0189,B018
S6263,S626
E55,E559
M7253,M7253
V3009,_
I1199,I119
D47Z1,_
D801,D801
N185UO5,_
Q7421,Q742
A929,A929
D4801,D480
H1789,H178
P712,P712
D272,D27
7741,_
S2250,S2250
R30,R309
654,_
S0635,S063
K441,K441
L8982,L89
5550,_
Z313,Z313
V2240,_
3750GRA0,_
M8730,M8730
J819,J81
O251,O25
R45,_
U85,_
S1193,S119
J10,_
F639,F639
I729NONE,_
W1599,_
I2593,I259
S579,S579
D2231,D223
D498,_
C9450,C945
Z150,_
X5090,_
J239,_
N390UO71,_
M780,_
5062,_
S2420,S242
W2372,_
C388,C388
1638,_
0998,_
D250D,_
M9707,_
N6330,N63
M1032,M1032
1647,_
S8990,S899
571,_
A274,_
H7443,H744
I664,I664
L013,_
O7570,O757
G469,_
0623,_
T8743,T874
M8722,M8722
I2190,I219
E85,E859
N40VO71,N40
O234Z3,_
T507,T507
B250J171,_
M1250,M1250
J670,J670
D581,D581
Z02041,Z020
M7226,M722
L741,L741
O6648,O664
M654NA,_
Q6881,Q6881
Z465,Z465
S9299,S929
X46,_
T79A0,_
S490,_
C4339,C433
M2102,M2102
W0703,_
X6799,_
E119III9,_
S8510,S851
N9301,N9301
3200GRA0,_
G8091,G809
Z471,_
M289,_
I8301,I830
853,_
M265,_
M2112,M2112
M2120,M2120
E275,E275
M8270,_
G501,G501
P130,P130
O7001,O700
I960,_
M2455,M2455
S006,_
C3291,C329
Q927,Q927
M13,M139
M7199,M7199
M8449,M8449
B2093,B209
O372,_
F913,F913
K9220,K922
Y929,_
N19NO1,N19
M9734,_
S033,S033
N4999,N499
D340,D34
O8098,O809
X691,_
W178,_
S221,S221
P7442,P744
O4110,O411
M8626,M8626
R872,R872
842,_
S9030,S903
1779,_
G1220,G122
O3480,O348
M999,M999
N9091,N909
K9182,K918
I930,_
D43,D439
M8556,M8556
M9580,M958
N8000,N800
K138,_
T8181,T818
X8149,_
Q184,Q184
W0162,_
C533,_
H0412,H041
N390NO9,_
V3749,_
S0609,S060
O6009,O600
K30NONE,K30
O765,_
K8011,K801
A142,_
I251NONE,_
Z920,Z920
E875Z,_
Z913,Z913
S1400,S140
R5711,R571
Z542,Z542
M8042,M8042
Q9999,Q999
142,_
N200UO71,_
W5402,_
3400GRA0,_
A368,A368
1069,_
L972,L97
H839,H839
N4920,N492
D3701,D370
Y939,_
G509,G509
V4759,_
M1093,M1093
E54,E54
A1803,A180
W2609,_
Z891,Z891
I678NONE,_
C8580,_
R2991,_
P077,_
D4201,D420
I7024,I702
W1758,_
5077,_
A160UO71,_
P214,_
T8411,T841
J1552,J155
V189,_
B393,B393
K291N7,_
Q741,Q741
P0009,P000
T983,T983
S2001,S200
K4601,K460
S326,_
R9110,R91
Z9221,Z922
N729,N72
W298,_
O633,_
F94,F949
5711,_
K350NONE,_
D649MN39,_
S6002,S600
2111,_
J891,_
T8402,T840
D552,D552
O670,O670
O8290,O829
O244O1,_
K5733,K573
D2221,D222
O443,_
S6012,S601
T9230,T923
S4330,S433
O261,O261
S811,S811
M4712,M4712
M1189,M1189
J1519,J151
S4211,S4211
3114,_
Z944,Z944
E08,_
O4302,O430
O246,_
J1294,J129
M7902,M7902
H4211,_
A749,A749
H2440,_
P938,P93
N800NO8,_
S7236,S723
V640,_
992,_
E050OO10,_
W015,_
0083,_
S4089,S408
O766,_
J184,_
A469,A46
I452,I452
W299,_
H3441,_
S342,S342
B935,_
Z532,Z532
K698,_
M204,M204
R731,R731
E1192,E119
E469,E46
S5103,S510
M9133,M913
B967,B967
I1196,I119
5784,_
M434,M434
N7689,N768
K2911,K291
B35,B359
O8219,O821
K7470,_
M2405,M2405
D201,D201
W5019,_
0993,_
Z45,Z459
A522,A522
M8360,_
A1603,A160
M660,M660
C46,C469
T060,T060
M24,M249
O858,O85
T579,T579
T610,T610
E802,E802
Q551,Q551
B659J173,_
S7091,S709
S2991,S299
C235,C23
O26,O269
V54,_
5147,_
H5052,H505
H434,_
M4309,M4309
N4711,N47
C6113,C61
M7280,M7280
M7619,M7619
Q6433,Q643
Y497,_
Z00,_
C2091,C20
E1126,E112
M4702,M4702
S7305,S7305
O809OO9,_
M2369,M2369
M9594,M959
M990,M990
D3301,D330
G245,G245
J274,_
E071,E071
X580,_
V845,_
Z701,Z701
C108,C108
K240,_
S7610,S761
S7611,S761
J183,_
O4290,O429
S3020,S302
K2281,K228
C58UO71,C58
T324,T324
J1882,J188
M9141,_
J4509,J450
M6714,M6714
S4225,S422
S253,S253
H950,H950
R1902,R190
B821,_
I7101,I710
Z8962,Z8962
D1710,D171
G735,G735
Y542,_
M4305,M4305
Z89,Z899
R5800,R58
S9045,_
M0087,M0087
C196,C19
I976,_
P320,_
H0501,H050
Z1155,Z115
M2167,M2167
G802,G802
S6304,S630
S9020,S902
Q530,Q530
N7011,N701
Y346,_
P701PO34,_
E708,E708
W864,_
O48O9,O48
E1123,E112
N8012,N801
S9140,_
O3210,O321
M6524,M6524
O8080,O808
N4332,N433
W0120,_
S8721,_
F137,F137
K756,_
N3010,N301
M4902,M4902
Y576,_
J169,_
T440,T440
M8573,_
I222,_
S0123,S012
B649,B64
M8589,M8589
G9395,G939
014,_
L5121,L512
K519NO1,_
E056,_
G2570,_
Z161,_
S7171,S717
M7747,M7747
X709,_
K6610,K661
L7320,L732
O0800,O080
M7718,M771
F842,F842
M0019,M0019
M5448,M5448
Q680,Q680
M0601,M0601
Q642,Q642
G111,G111
Z01721,Z017
G733,G733
M9075,M9075
C318,C318
H4700,H470
S9590,S959
J960NONE,_
R729,R72
B62,_
L0882,L088
Z191,_
T03,T039
Q051,Q051
T1591,T159
H6030,H603
G229,G22
O619O,_
H511,H511
Q23,Q239
H447O,_
O131,O13
W1980,_
O827,_
C521,C52
V2341,_
M2561,M2561
82,_
Z259,_
R132,R13
K8291,K829
B878,B878
M6259,M6259
W1829,_
K357,_
2392,_
P839,P839
E811,_
I540,_
T11,T119
M2336,M2336
O581,_
S210X,_
P108,P108
O7581,O758
V498,_
S8283,S828
I638NONE,_
M3240,_
S7204,S720
W2949,_
G542,G542
J9859,J985
S8242,S824
L0380,L038
625,_
V24,_
H668,_
M9670,_
I2590,I259
H3562,H356
S9138,S913
A162NONE,_
H6601,H660
M4716,M4716
H2202,H220
H163,H163
S3703,S370
S0299,S029
H320,H320
M9552,M955
D8482,D848
M0808,M0808
M2664,_
W092,_
X5073,_
K942,_
L89NO7,L89
Z3509,Z350
I2501,I250
H0621,H062
K4692,K469
J500,_
E095,_
M062,M062
B5782,_
S8085,S808
Z8990,Z899
M3599,M359
V1399,_
M9322,M9322
T2120,T212
T2127,T212
15,_
R5381,R53
N3099,N309
O6910,O691
631,_
B484,B484
O322O0,_
S291,_
Z5200,Z520
F442,F442
Z7410,Z741
M633,M633
Z4191,Z419
Q60,_
G5762,G576
F129,F129
F159,F159
M0819,M0819
N1819,N181
R2380,R238
Z122,Z122
C203,C20
N9391,N939
M6026,M6026
J353NONE,_
E961,_
I6341,I634
S6154,_
N1865,_
G009UO71,_
S0698,S069
S5611,S561
M9184,M918
K043,K043
P560,P560
N2015,N201
551,_
M7056,M7056
C382,C382
O0640,O064
S079,S079
K382,K382
Z2463,Z246
N4015,N40
530,_
M9661,M966
T2113,T211
T2430,T243
D396,_
X8499,_
O561,_
L873,_
M9665,M966
W2509,_
S6022,S602
S6719,_
J1280,J128
M6297,M6297
Z010C,_
A090E861,A09
Z011C,_
R182,R18
O0083,O008
M2548,M2548
V922,_
O6891,O689
B47,B479
L503,L503
O151O,_
D2351,D235
Z3905,Z390
N941,N941
I5082,_
S0532,S053
H10,H109
C8501,C850
S570,S570
N6325,N63
L0400,L040
I90XA,_
M1239,M1239
Y1599,_
L0592,L059
I5081,_
K7681,K768
O4733,_
I4809,I48
O447,_
F17,F179
M0760,M0760
D417,D417
M7958,M7958
Y173,_
S0202,S020
L0421,L042
I1012,I10
T1403,T140
O024,_
K607,_
M6782,M6782
L90,L909
I504,_
Q2491,Q249
T81,T819
V509,_
W709,_
C541I,_
D0002,D000
M1839,M183
S7100,S710
W37,_
K702,K702
0809O0,_
Z089,Z089
I7420,I742
G935I1,_
N201NONE,_
P961,P961
W2131,_
5036,_
O214,_
H9210,H921
S039,_
N109,N10
M7581,M758
A1815,A181
T79A,_
J086,_
M7522,M752
Z2930,_
U71,_
J932,_
L7100,L710
H6991,H699
M7265,M7265
T887UO71,_
I1209,I120
K4032A,_
R1083,_
1307,_
H2121,H212
B249,B24
Z380ZOO1,_
Q691,Q691
O3399,O339
N442,N44
M7296,M7296
M7041,M704
L8115,L811
Y40,_
1442,_
K461,K461
T011,T011
I97,I979
S8641,_
B699,B699
H4052,H405
M7102,M7102
M6644,M6644
V193,_
G219,G219
V349,_
P84,_
M7907,M7907
O985UO7,_
T6309,T6309
O7244,_
F781,F781
D3500,D350
G4050,G405
641,_
M2331,M2331
Q939,Q939
T472,T472
N150,N150
E720,E720
C19IP30,C19
C20M8140/3,_
M5426,M542
H6211,H621
U0723,_
Z9582,Z958
I28,I289
S713,_
M9301,M930
M456,M456
Y092,_
W1304,_
J441UO71,_
T805,T805
5868,_
G4091,G409
H3514,H351
M028,M028
S9252,S925
E7112,E711
E2500,E250
N073,N073
M9963,M9963
G256,G256
B780,B780
L906,L906
D851,_
M9662,M966
N0824,N082
N185E,_
W0500,_
C841,C841
E741,E741
M404,M404
K104,_
H719,H71
1231,_
O342Z3,_
Z7401,Z740
M2100,M2100
S2031,S203
I5199,I519
N650,_
E110NO83,_
N6341,N63
A861,A86
M8417,M8417
L6090,L609
M991,M991
T1700,T170
F818,F818
D09,D099
E712,E712
K1120,K112
W266,_
E27,E279
W2072,_
500,_
S9239B,_
L8905,L890
D3162,D316
V2799,_
T054,T054
M8585,M8585
M7757,M7757
D521,D521
M2500,M2500
S6331,S633
G934UO71,_
H031,H031
G940,G940
012,_
M2880,_
D829,D829
Q670,Q670
C4310,C431
S2009,S200
O149Z9,_
Q281,Q281
J4411,J441
S6262,S626
E102NO83,_
Z437,Z437
S1,_
I679NONE,_
V335,_
I959KO46,_
H538,H538
L245,L245
L309NO0,_
M3500,M350
R390,R390
K9409,_
L7682,_
C13,C139
L921,L921
H710,H71
O80O,_
Y533,_
I573,_
Z461,Z461
M7297,M7297
G23,G239
S0695,S069
M9186,M918
X0899,_
B234,B23
S6632,S663
J0692,J069
Q516,Q516
Z9050,Z905
F1002,F1002
C7533,C753
Z691,_
G36,G369
R5911,R591
M8443,M8443
D5742,_
S4600,S460
H0541,H054
L129,L129
S9992,S999
M893,M893
N8001,N800
C1871,C187
N116,_
D601,D601
O165,O16
T2441,T244
S949,S949
S847,S847
S4591,S459
C846,C846
M4342,M434
M8988,M8988
T463,T463
B068J171,_
K214,_
O74,O749
N5089,N508
R551,R55
S3330,S333
Z080,Z080
L9801,L980
O7560,O756
S5213,S521
Y534,_
B329,_
S0656,S065
V800,_
B998,B99
M8543,M8543
V1349,_
J3535,J353
M5195,M519
M548,M548
C0801,C080
J3290,J329
S740,S740
M2222,M222
R00,_
O57,_
G9365,G936
S3706,S370
O9951,O995
I1009,I10
M9302,M930
N3949,N394
C3011,C301
E1I2,_
Z680,_
H1090,H109
C1898,C189
R2341,R234
S149,_
K597,_
K298NONE,_
Z83,_
I001,I00
5112,_
W5699,_
S5204,S520
Z491N,_
P5990,P599
C4429,C442
H3523,H352
40,_
R650TO60,_
L313,_
K3181,K318
B75,B75
S7244,S724
O3428,O342
M7992,M7992
F981,F981
Y450,_
S4181,S418
D719,D71
I0252,_
I119NO9,_
R654,_
U837,_
J9611,J961
P389,P38
S3601,S3601
N286,_
0100,_
T8761,T876
A162ODI9,_
O9811,O981
K4499,K449
R193,R193
Q510,Q510
R219,R21
K9228,K922
K131,K131
T1450,T145
M1907,M1907
N1490,_
Y572,_
S704,_
S3551,S355
V53,_
T8597,T859
K238,K238
M2221,M222
H0180,H018
350,_
13,_
X98,_
T0261,T0261
M7960,M7960
W454,_
F4199,F419
L200,L200
R2243,R224
T1112,T111
F952,F952
S2980,S298
X5039,_
O244O9,_
A3A3,_
I101MIA9,I10
Y302,_
K004,K004
8204,_
H6130,H613
M801,M801
M4304,M4304
A269,A269
A259,A259
G218,G218
S0135,S013
W0193,_
D27X,D27
W0141,_
N7012,N701
8330,_
O6329,O632
H55,H55
T3000,T300
G6281,G628
N2883,N288
K927,_
M9982,M9982
M804,M804
U842,_
O961,O961
V202,_
4481,_
H5031,H503
M2187,M2187
S3182,S318
N8011,N801
L8991,L899
J86,J869
G934TE90,_
M0206,M0206
M8780,M8780
529,_
I929,_
L6009,L600
D259NO2,_
M764,M764
V2808,_
S5291,S5291
Q250QZ33,_
5654,_
S381,S381
R0402,R040
J122,J122
K9189,K918
K143,K143
S414,_
H2623,H262
M26,_
W24,_
I5032,_
G61,G619
H2583,H258
D159,D159
O9010,O901
M9690,M969
N19E1,N19
Q529,Q529
W0240,_
H948,H948
5212,_
R002,R002
V288,_
W130,_
Y1499,_
A1781,A178
Z370A,_
0803,_
S589,S589
A208,A208
G934NONE,_
M7628,M762
S6114,S611
O6861,_
W53,_
S2199,S219
0360,_
S9352,S935
S839,_
T0799,T07
O816,_
R5081,R508
J090,J09
Q028,Q02
H0236,H023
0900,_
R196,R196
M7712,M7712
Z058,_
W262,_
Q711,Q711
L0281,L028
W539,_
B0790,B07
T78,T789
H2811,H281
M68,_
M9598,M959
R064IJ46,_
S3649,S364
W1199,_
D034,D034
C5041,C504
A60,A609
M1579,_
W5491,_
Z1881,_
Q959,Q959
H055,H055
T0162,T016
C509C,_
T268,T268
S8195,S819
S6044,_
CR0087,_
F060,F060
F115,F115
B652J173,_
I833,_
K5670,K567
T109,T10
V14,_
P598PO34,_
Z9887,Z988
S150,S150
J668JO69,_
M180,M180
R429,R42
M9852,_
H9192,H919
B95,_
L14,L14
D052,_
S4602,S460
R228,_
H7641,_
M9280,M928
X2302,_
M7050,M7050
W1810,_
V394,_
I969,_
A971C9,_
C1890,C189
M6246,M6246
L0300,L030
S937,_
K4020,K402
S4245,S424
M428,_
B771,_
Z4780,Z478
C100,C100
V926,_
H9512,H951
H1841,H184
W7404,_
T958,T958
T9401,T940
D312,D312
M0891,M0891
S2AT07,_
M0000,M0000
P151,P151
P1722,_
B58,B589
E345,E345
S5072,S507
H5232,H523
O809BZ37O,_
Y285,_
L41,L419
M8523,M852
S6326,S632
S6852,_
L439,L439
O8612,O861
T116,T116
J845,_
M1699,M169
H1041,H104
Q662,Q662
X450,_
S7681,_
N401A,N40
791,_
I8612,I861
C520,C52
V306,_
S7102,S710
D619EO50,_
W2048,_
S0611,S0611
O8395,O839
O814Z9,_
N012,N012
L568,L568
I7311,I731
E165,_
C795C,_
O416,_
S0671,S0671
E119II19,_
R222UO71,_
W84,_
O43,O439
C4190,C419
E65,E65
0488,_
O825,_
J059,_
M313,M313
Q731,Q731
W315,_
C002,C002
C1891,C189
M165,M165
S1291,S1291
C518,C518
M1799,M179
C3498,C349
X539,_
P0129,P012
P690,_
D810,D810
I729NO0,_
Y16,_
42125,_
P139,P139
M8691,M8691
T479,T479
S0670,S0670
T439,T439
M222X2,_
M4686,M4686
K0920,K0920
Y523,_
T2420,T242
S8621,S862
W2083,_
M8145,M8145
D092,D092
R78,R789
E020,E02
M2021,M202
T8751,T875
W2952,_
G5702,G570
E1434,E143
360,_
H0511,H051
X4904,_
X5499,_
S0129,S012
S112,S112
R022,R02
T2100,T210
H311,H311
S323XA,_
B5890,B589
X6009,_
S6072,S607
S8072,S807
S471,S47
N162,N162
J84,J849
W139,_
O3622,O362
M2583,M2583
N6011,N601
X998,_
M7420,_
E899,E899
Z210,Z21
T1310,T131
S5203,S520
A917,A91
V396,_
W018,_
W2073,_
W1784,_
S8288,S828
W0319,_
A1612,A161
N2895,N289
553,_
2600GRA0,_
L8921,L892
43,_
S3320,S332
Y822,_
H1143,H114
N431,N431
H360H3,_
M9907,M9907
0831,_
K4301,K430
Q710,Q710
Q720,Q720
M6507,M6507
L131,L131
I7491,I749
C866,C866
Q223,Q223
O8230,_
O8231,_
S276,S276
E419,E41
1X,_
V2054,_
K0901,K0901
N858NONE,_
N329ZO31,_
Z972,Z972
N085A,_
L9292,L929
M468,M468
O3003,O300
V4495,_
S029S2,_
M0646,M0646
S2232,S223
E1021,E102
X5968,_
O3631,O363
T9220,T922
1D,_
M4036,M4036
B588,B588
B80,B80
C434,C434
J831,_
Q788,Q788
M1902,M1902
O2685,O268
H338,_
V069,_
H2003,H200
L9590,L959
Q5392,Q539
I259NA,_
C782NA,_
O691O8O9,_
M2459,M2459
D878,_
S552,S552
S5035,_
S0302,S030
S54,S549
Z015B1,_
C258,C258
C452,C452
M308,M308
M6096,M6096
MCP,_
G412,G412
H53,H539
J400,J40
C0590,C059
Z3470,_
S69,S699
Z283,_
H476,H476
X1003,_
W579,_
R260,R260
M8390,M8390
M7153,M7153
B580,B580
S7104,S710
H213,H213
X7299,_
Z628,Z628
K2791,K279
Z3751,Z375
S8302,S830
Z3902,Z390
N6001,N600
P078,_
L7632,_
I142,_
H3003,H300
P718,P718
C5389,C538
I1205,I120
H7291,H729
J441NO1,_
X489,_
X598,_
B8300,B830
F196,F196
M9005,M9005
M5196,M519
0779,_
Z192,_
O542,_
T711,T71
S4521,S452
S289,_
P367,_
S0214,S021
Y464,_
Q13,Q139
S4341,S434
G4700,G470
W5030,_
Q451,Q451
M321NO85,_
J935,_
M230,M230
A621,_
K923,_
K868NONE,_
E0580,E058
W4998,_
M4136,M4136
A176,_
C008,C008
Y41,_
C208,C20
X5890,_
N746,_
V1949,_
W1919,_
Z232Z1,_
J960NO5,_
C5081,C508
N755,_
O3800,_
W07,_
L748,L748
I874,_
K5710,K571
Q382,Q382
M8262,_
D244,D24
9095,_
Q044,Q044
S955,_
Y590,_
Y35,_
S307,S307
T8740,T874
N6300,N63
L0322,L032
X9944,_
M354,M354
J14,J14
S9881,_
S893,_
H1420,_
4A,_
N138E8,_
F500,F500
Z361,Z361
M8987,M8987
F158,F158
T690,T690
T458,T458
E805,E805
L469,_
S4025,_
I274,_
L8992,L899
Z483,_
M405,M405
M1392,M1392
M8600,M8600
154,_
V2242,_
M2303,M2303
X308,_
H0231,H023
R210,R21
Z7952,_
T8339,T833
H3202,H320
N5499,_
W2600,_
S0122,S012
F1523,F1523
M9424,M9424
8O9,_
H5989,H598
N1895,N189
390,_
A089,_
M95,M959
T8684,T868
M1259,M1259
C934,_
L0214,L021
A972UO72,_
H3589,H358
E861K5,E86
W079,_
J4598,J459
I181,_
H5030,H503
G232,G232
C0291,C029
I877,_
K082NA,_
J4090,J40
O0396,O039
M9230,M923
H5060,H506
T82,T829
S0992A,_
H5180,H518
E112NO3,_
O3680,O368
J630,J630
H730,H730
C4991,C499
I466,_
N101,N10
N2055,_
Y9281,_
O7300,O730
K49,_
Q110,Q110
H2009,H200
G739,_
S3220,S3220
W5581,_
T1720,T172
D173NONE,_
Z528,Z528
N300I8,_
N708,_
D179NO,_
S7001,S700
O820Z3,_
M2553,M2553
Z9669,Z9669
Z0192,Z019
O244Z0,_
C877,_
C629TYPEC,_
M7157,M7157
S6291,_
02,_
J8191,J81
Q665,Q665
A649,A64
Q1800,Q180
W1912,_
M4016,M4016
F98,F989
M8823,_
W1762,_
S3419,S341
V5452,_
K391,_
Q27,Q279
D789,_
O086,O086
S0607,S060
Q901,Q901
G823,G823
H61,H619
W267,_
W450,_
Q403,Q403
X91,_
G869,_
Z876,Z876
C8511,C851
N189NO0,_
Q673,Q673
C1PIP1,_
Q651,Q651
R790,R790
A419DN185,_
R7300,R730
N1371,N137
I483,I48
O177,_
T932UO71,_
D6490,D649
T07XXXA,T07
M6444,_
R8762,R8762
M49,_
M8546,M8546
S2114,S211
H463,H46
I129NI85,_
G34,_
N9,_
U017,_
H6981,H698
I498NONE,_
M0536,M0536
6999,_
0418,_
E350,E350
Z380Z3,_
A31,A319
N629,N62
K8031,K803
E904,E90
H1641,H164
Q6992,Q699
P270,P270
S4232,S423
X6609,_
X5969,_
B953,B953
W4508,_
W226,_
T0220,T0220
N510,N510
A669,A669
G72,G729
S9113,S911
R1010,R101
Y3430,_
M7012,M701
E142NI101,_
H5790,H579
Z8782,Z878
A499X,_
371,_
4150,_
2156,_
5571,_
39,_
C5490,C549
6A,_
H6642,H664
I412,I412
S4992,S499
K390,_
Z787,_
O0344,O034
O6409,O640
S2182,S218
F789,F789
K37NONE,K37
R119,R119
Z371O,_
J3032,J303
J3432,J343
848,_
S3092,S309
E410,E41
E46S1,E46
S8802,S880
U0713,_
M7263,M7263
M14,_
0622,_
N997,_
M1467,M146
Z108,Z108
W110,_
D3748,D374
O07,O079
J201,J201
T0091S,_
S9209,S920
M8025,M8025
S018XA,_
K358UO71,_
I1192,I119
9369,_
W0808,_
A512,A512
N853NO1,_
B653,B653
00XA,_
T245,T245
O4591,O459
W2903,_
S3119,S311
S6312,S631
D992,_
S6320,S632
689,_
U038,_
M1031,M1031
C4331,C433
R899,R899
J291,_
A37,A379
Q318,Q318
E2740,E274
A1820,A182
E318,E318
L0336,L033
X370,_
C4372,C437
J690J,_
T050,T050
D2291,D229
V881,_
Z23,_
W2462,_
G251,G251
J1284,J128
Q252,Q252
Z720,Z720
S480,S480
G214,G214
A891,A89
D267,D267
I216,_
M018,M018
R451,R451
S4690,S469
N9339,_
K9222,K922
W5700,_
O299,O299
7370,_
D2361,D236
V7714,_
N9061,N906
I952NO0,_
G831,G831
N2091,N209
X9901,_
M6239,M6239
5303,_
O8729,O872
J189NONE,_
N982,N982
Y3462,_
W3100,_
M8031,M8031
O0311,O031
I261,_
153,_
Q879,_
R622,_
V2208,_
J1895,J189
Z392S,_
J0400,J040
M7921,M7921
M151,M151
T114,T114
Q904,_
L0203,L020
A363,A363
Y403,_
J893,_
S6268,S626
331,_
H502,H502
X1901,_
H1850,H185
L4059,L405
O4321,O432
I249NO0,_
T2920,T292
H930,H930
J0990,J09
S116,_
M8261,_
C803,C80
H6602,H660
E99,_
Z424,Z424
S0812,S081
7A,_
A922,A922
Y288,_
K789,_
V393,_
H1892,H189
Y443,_
H6119,H611
M433,M433
J9310,J931
M9380,M9380
S618X,_
K01,_
X109,_
Y1199,_
883,_
R5710,R571
J19,_
N293,_
E878NO0,_
B051G020,_
Z01812A3,_
A505,A505
C61M8140/3,_
T362,T362
B051,B051
G02,_
G020,G020
H9381,H938
M5392,M5392
X259,_
W28,_
B232,B232
O8,_
Y60,_
D67NONE,D67
G1221,G122
P01,P019
S0103,S010
K573NONE,_
D76,_
M0113,M0113
J9503,J950
M7682,M768
M75,M759
S067,S067
X509,_
E865,E86
W1798,_
S2901,S290
I850K7,_
Q724,Q724
C595,_
N6450,N645
K2660,K266
B654,_
J9500,J950
Z703,Z703
W5404,_
Z3008,Z300
O3663,O366
G476,_
K7501,K750
Z1612,_
1849,_
W4473,_
Q1502,Q150
U091,_
W6142,_
Z0338,Z033
J960VO71,_
J81M9,J81
F388,F388
M3590,M359
A28,A289
O0941,_
S3993,S399
Y3390,_
S6108,S610
M5388,M5388
E453,E45
W181,_
K378,K37
O4791,O479
K0111,K0111
C0179,C01
V296,_
C489,_
N8302,N830
C7A,_
131A,_
S07,S079
R203,R203
Q26,Q269
C191P4,_
Z893,Z893
C650,C65
M1899,M189
N33,_
K422,_
Z370Z3O2,_
I8510,_
Z998,Z998
M6598,M6598
S6361,S636
S4331,S433
H3140,H314
Q912,Q912
G979,G979
R870,R870
M6159,M6159
V2350,_
T2123,T212
T2421,T242
T2522,T252
T2,_
S879,S879
W3419,_
X629,_
J4790,J47
Q2730,Q273
I6400,I64
K5181,K518
F009NONE,_
S8185,S818
I7391,I739
F452,F452
T351,T351
C833M9590/3,_
G211,G211
X996,_
R619,R619
P0739,P073
V375,_
M2240,M224
J3870,J387
S2781,S2781
M985,_
H3112,H311
M6784,M6784
Z725,Z725
M9511,M951
T259,_
W1881,_
O809UO71,_
X4964,_
T762,_
M0020,M0020
N303,N303
H9190,H919
E394,_
O821UO72,_
Z258,Z258
300GRA0,_
Z500,Z500
S4130,_
M9021,M9021
D2691,D269
N189I1,_
D046,D046
J128NO1,_
M9132,M913
Q18,Q189
J218,J218
Q533,_
K1150,K115
H2639,H263
T18,T189
Y535,_
E722,E722
B3322,B332
M7967,M7967
N766,N766
N680,_
S0051,S0051
S457,S457
V8939,_
E7901,E790
C18C,_
H7380,H738
S4340,S434
N390Z3,_
A23,A239
C8589,_
C1089,C108
299,_
O992I3,_
I2692,I269
M2390,M2390
S641,S641
Z749,Z749
K331,_
M8093,M8093
P103,P103
M2306,M2306
M2406,M240
O1411,O141
O49,_
S7982,S798
D2596,D259
0370,_
E1114,E111
K414,K414
S1280,S1280
A162UO71,_
2511,_
Z3930,_
Q6132,Q613
N331,_
S8331,S833
M8996,M8996
M4303,M4303
Q935,Q935
Z0132B,_
P599PO11,_
S4114,S411
Q652,Q652
1694,_
I2699,I269
M4196,M4196
L499,_
O990X,_
C952,C952
5A,_
P526,P526
K5332,_
Q7642,Q764
C9109,C910
H4473,H447
S6042,_
M2314,M2314
T462,T462
M9251,M925
S7222,S722
S8513,S851
S4002,S400
Y17,_
M2537,M2537
N469,N46
L410,L410
R610,R610
070,_
N969,N96
P511,_
B340,B340
H979,_
D3751,D375
N043,N043
M89,M899
0821Z0,_
Z40,Z409
S200,S200
M9830,_
K830NONE,_
Q6681,Q668
K7461,K746
H3682,H368
N2009,N200
O6495,O649
K212,_
K319NA,_
M8088,M8088
I2420,_
S9114,S911
S008A,_
R760,R760
R761,R761
R685,_
M0706,M070
Z3400,Z340
C638,C638
T551,T55
W1419,_
E124,E124
N179ACUTEKIDNEYFAIL9,_
845,_
H624,H624
H0284,H028
Y50,_
M9714,_
B202,B202
K023,K023
O2686,O268
N40ZZZ,N40
Z99,Z999
O790,_
D814,D814
A212,A212
S3241,S3241
A9718,_
I119N,_
Y492,_
U814,_
X956,_
D8991,D899
I788,I788
K198,_
L060,_
V210,_
T530,T530
T570,T570
Z0156B2,_
F104,F104
S0093,S009
L3090,L309
Q078,Q078
W0194,_
C918,C918
K787,_
C860,C860
M420,M420
G5761,G576
V333,_
Z28,Z289
A291,_
H5021,H502
K952,_
M8475,_
M606,_
J801,J80
N112,_
B9562,B956
L3091,L309
W309,_
G96,G969
M329M3Q0,_
M1020,M1020
I1093,I10
K842,_
K181,_
B011,B011
L21,L219
8111,_
T5422,T542
1461,_
S304,_
K002,K002
E019,_
S2709,S270
W557,_
M2334,M2334
W0908,_
S8071,S807
U0729,_
M8919,M8919
1071,_
C102,C102
X0944,_
I298,_
D508NONE,_
E4143,E41
W204,_
T879,_
U071C1,_
5816,_
K538,_
M8437,M8437
2S,_
X7499,_
C206,C20
J431,J431
C61Q,C61
B9881,_
M7111,M7111
W0110,_
K4095,K409
B328,_
M4180,M4180
M8891,M8891
Q002,Q002
B049,B04
X290,_
C509MORPHOLOGY,_
H6540,H654
V696,_
I034,_
K7680,K768
S9822,S982
I892,_
3876,_
T1611,T16
X000,_
B9561,B956
I6388,I638
E816,_
F553,F553
S082,_
D730,D730
D379NONE,_
0DJW0ZZ,_
V982,_
C16T1,_
V21,_
S9981,S998
F154,F154
D2791,D27
E329,E329
M1989,M1989
T381,T381
M4895,M4895
S1091,S109
M183,M183
Z4721,_
P419,_
N1189,N118
D2272,D227
L0404,L040
I2506,I250
L031XA,_
B289,_
0665O8O9,_
X380,_
T170XXA,_
Y466,_
H4264,_
T0399,T039
H4413,H441
D1410,D141
015,_
H2603,H260
K2591,K259
O6013,O601
S0143,S014
P225,_
I140,_
S0,_
V406,_
001A,_
Y951,_
I7210,I721
0682,_
Z038D,_
J224,J22
R07,_
K162,_
H1842,H184
L9711,L97
H3220,_
Z219,Z21
R2340,R234
W0131,_
M6290,M6290
O640XX0X0,_
L0212,L021
S4119,S411
S939,_
I798,I798
D990,_
O490,_
M2010,M201
I5090,I509
W203,_
Q796,Q796
E198,_
A65,A65
J3201,J320
T8039,T803
T8480,T848
W0182,_
X6599,_
S2090,_
0365,_
S2690,S2690
S7021,_
S8500,S850
S9041,_
T2115,T211
D3101,D310
D287,D287
H03,_
J0101,J010
T1499,T149
H3470,_
L890NO0,L89
S5252,S525
N3901,N390
H3603,H360
O339Z,_
M9826,_
M36,_
S233,S233
Q1500,Q150
S8070,S807
M9200,M920
K780,_
W504,_
K449K,_
F049,F04
W222,_
R400,R400
M4699,M4699
B399,B399
J068UO71,_
O705,_
B071,B07
S773,_
J02,J029
W3399,_
N1791,N179
P0736,P073
D3705,D370
B995,B99
I979,I979
W591,_
T8569,T856
5884,_
D5001,D500
A1831,A183
A1708,A170
J1839,_
E8763,E876
R0201,R02
1100,_
T385,T385
A081,A081
CR2925,_
Q998,Q998
D3688,_
K802NONE,_
E1422,E142
1829,_
S099S,_
J81NO7,J81
M278,_
V47,_
E219,_
S0632,S063
M1412,M141
S3103,S310
D1798,D179
34B,_
Y0099,_
W345,_
X4404,_
Q684,Q684
Q85,Q859
S8104,S810
V894,_
I290,_
E072,E072
M8599,M8599
H1589,H158
S3689,S368
S3609,S360
M6085,M6085
C8292,C829
W2493,_
N189NO1,_
I101IMPO1,I10
5914,_
Z731,Z731
I109LO38,I10
W0309,_
H450,H450
S7981,S798
M4904,M4904
K011NA,_
K2748,K274
K1,_
F141,F141
P0722,P072
M6002,M6002
M2350,M2350
T1110,T111
Z615,Z615
D2321,D232
J509,_
M2740,_
F409,F409
H740,H740
Q123,Q123
S0551,S055
H714,H71
M6637,M6637
V2009,_
S8890,S889
H0592,H059
M7112,M7112
Y9999,_
I398,I398
I683,_
V2204,_
W236,_
P995,_
W0380,_
V264,_
L600NA,_
S3440,S344
H291,_
M8701,M8701
M8425,M8425
O2200,O220
L650,L650
H0029,_
G45,G459
D377M8,_
Z370D,_
H1610,H161
X6809,_
N339,_
K210TYP9,_
R1001,R100
A061E861,_
G371,G371
12323,_
O037,O037
O073,O073
J356,_
K5331,_
V2719,_
O696,_
J1960,_
S0142,S014
T1491,T149
Q6129,Q612
Z831,Z831
Y287,_
M9681,M968
W2662,_
S3411,S341
W85,_
N44NA,N44
Q70,Q709
K805NONE,_
W899,_
G97,G979
E7891,E789
Z236,Z236
M4014,M4014
S2699,S269
T8532,T853
K733,_
D931,_
I6111,I611
V535,_
X608,_
D349,D34
N289NO39,_
Z4931,_
H3212,_
S6257,S625
I98,_
W860,_
S9129,S912
E8762,E876
B838,B838
S967,S967
L419,L419
Y577,_
R632,R632
D423,_
V093,_
M9850,_
L370,_
V245,_
Y739,_
S0901,S090
L659,L659
S351,S351
Y3199,_
990,_
V2989,_
T0930,T093
I1029,I10
Z9660,Z9660
N939D,_
W1631,_
S832X,_
O649O,_
M652_,_
D28,D289
D646,_
B251,B251
S4112,S411
L6022,L602
998,_
W1744,_
G571,G571
A87,A879
V195,_
I2599,I259
O2431,O243
N643,N643
M6220,M6220
M9667,M966
T8560,T856
O0200,O020
T738,T738
M9115,M9115
Z4913,Z491
C19NA,C19
S8292,S829
T2533,T253
G730,G730
G471,G471
W238,_
I965,_
J1999,_
R48,_
L89UO71,L89
W0809,_
L238,L238
Z01732,Z017
T499,T499
E550,E550
W275,_
H4590,_
I120N,_
C509NA,_
C349NONE,_
D520,D520
C465,_
V2344,_
D0690,D069
M568,_
X049,_
S2691,S2691
C542,C542
L0283,L028
E1111,E111
O4103,O410
R0604,R060
H741,H741
Q8501,Q850
J828,J82
W1773,_
N1840,N184
O702Z3,_
S3723,S372
L9700,L97
M15,M159
R72,R72
O3433,O343
G6341,G634
L123,L123
S284,_
0909,_
N2898,N289
T132,T132
S5620,S562
N8301,N830
L889,L88
L044,_
C629NA,_
P901,P90
K2900,K290
C8090,C809
M7145,M7145
I118,_
P115,P115
T504,T504
W8593,_
D1723,D172
O076,O076
A243,A243
774,_
R110,R110
S9021,S902
O8500,O85
E1421,E142
J3830,J383
V676,_
O244O,_
R860,R860
S0550,S055
D313,D313
Z181,_
M4613,M461
M9392,M9392
G139,_
E222GS099,_
P549UO79,_
B3749,B374
N3091,N309
V444,_
T2401,T240
41XA,_
M0117,M0117
J9699,J969
K374,K37
N189NO02,_
F401,F401
K807,_
J1,_
M058,M058
T218,_
P950,P95
H4041,H404
M8409,M8409
0392,_
N71,N719
T8409,T840
J1821,J182
K516,_
78,_
C149T1,_
D2790,D27
E8780,E878
S8216,S821
Y3403,_
S4991,S499
L218,L218
F160,F160
M4647,M4647
Z018161,Z018
246,_
S065X0A,_
S6690,S669
V211,_
1110,_
C486,_
D378,_
Z609,Z609
S5920,_
M9072,M9072
A92,A929
R520,R520
A351,A35
W2082,_
C5051,C505
M1046,M1046
1738,_
M273,_
M1256,M1256
X302,_
M516,_
72,_
L278,L278
W2281,_
M9103,M910
W4408,_
R432,R432
S3242,S324
N939NO1,_
S0055,S005
W119,_
D1803,D1803
T9329,T932
G409NONE,_
G3184,G318
S7332,_
W5130,_
W257,_
M8329,M8329
Z266,_
Q1205,Q120
Q122,Q122
O4389,O438
Z409,Z409
J1889,J188
N1854,N185
S419,_
M4470,_
S4233,S423
Z3720,Z372
N8310,N831
N8382,N838
Z9070,Z907
B33,_
D039,D039
N165,N165
89,_
S251,S251
S444,S444
Q640,Q640
X5966,_
T511,T511
F1023,F1023
M6582,M6582
B302,B302
O110,O11
N726,N72
V1799,_
E142NJ81,_
0648,_
S010X,_
O826,_
L978,L97
N19NA,N19
K216,_
V174,_
S8151,_
O63O8O9,_
Q2100,Q210
O0641,O064
R073,R073
X17,_
D6869,D686
N503,_
M8896,M8896
A096,A09
S060X0A,_
54,_
L7220,L722
K319K3,_
D1731,D173
M480NA,_
Z520,Z520
L842,L84
S815,_
M4832,M4832
Z02053,Z020
5416,_
Z011A,_
M0886,M0886
L253,L253
K6811,_
Q821,Q821
T506,T506
T7411,T741
O8207,O820
Q211Z3,_
F3108,F310
I8029,I802
X595,_
S853,S853
R8999,R899
S02SS12,_
O3005,O300
102,_
Y2809,_
S8354,S835
M8655,M8655
S916,_
O056,O056
D00,_
E252,_
M9261,M926
C851NO7,_
E365,_
0345,_
U012,_
L250,L250
Y562,_
Y0052,_
L355,_
N703,_
E742,E742
S2999,S299
S0031,S003
B487,B487
H9380,H938
E934,_
S9302,S930
K873,_
R98,R98
C935,_
K7011,K701
S3094,S309
I8495,I849
493,_
048,_
S6501,S650
Z43,Z439
R570UO72,_
E77,E779
O145,_
N1853,N185
H3282,H328
Y9518,_
I119J,_
D1620,D162
S6715,_
S3091,S309
100,_
M8101,M8101
Z092,Z092
W1828,_
X9919,_
T112,T112
P104,P104
J0130,J013
J1111,J111
Y119,_
D1811,D181
K810NO0,_
F1592,F159
O1515,O151
Z133,Z133
Z73,Z739
N4321,N432
Z947,Z947
E1116,E111
K2080,K20
T67,T679
A648,A64
M196,_
H0203,H020
D822,D822
Z3880,Z388
L2,_
H443,H443
S0242,S024
S6307,S630
E2,_
S5256,S525
R456,R456
V2495,_
M2,_
D702,D70
M3220,_
S4236,S423
K447,_
Y292,_
W2303,_
N4980,N498
C889,C889
S9500,S950
H2790,H279
Z732,Z732
S4695,S469
S1282,S128
T364,T364
O939,_
M8375,_
5830,_
K655,_
H2629,H262
R648,R64
D353,D353
W2572,_
B27,B279
C8050,C80
C204,C20
N0830,N083
099,_
X5898,_
W531,_
M6595,M6595
M7075,M7075
A150NONE,_
Z208SARSCOV2TE,_
S0020,S002
A5910,_
B205,B205
G6292,G629
P2409,P240
I6200,I620
2232,_
J9181,J91
Z4801,Z480
Z3670,_
Z162,_
D654,D65
T8543,T854
Z9001,Z900
K662,_
339,_
Q560,Q560
M7704,M770
3300GRA0,_
N1790,N179
I257,_
H2606,H260
Z9661,Z9661
I8320,I832
B448,B448
M7294,M7294
B976,B976
K866,_
698,_
S9235,S923
M279,_
S4170,S417
V525,_
W169,_
O329O,_
N2828,_
M7664,M766
L0292,L029
W1398,_
Z476,_
O461,_
Z0378,_
I6931,I693
W1889,_
E238,_
C3101,C310
M172,M172
V8099,_
T0260,T0260
S3701,S3701
Q428,Q428
098,_
R113,R11
5725,_
W251,_
W2501,_
E146K,_
D893,D893
X593,_
E8770,E877
H1104,H110
K291UO71,_
G4489,G448
S018SS809,_
Y3308,_
H239,_
H3381,_
H6054,H605
M874,_
H0230,H023
G071,G07
Z1389,Z138
M6529,M6529
Z018162,Z018
CR0209,_
M1987,M1987
D27M9084/3,_
Z02043,Z020
G244,G244
A0901,A090
M8586,M8586
P639,_
Z464,Z464
T412,T412
M2653,_
M7087,M7087
T9330,T933
M2566,M2566
Z9681,Z968
M088,M088
G890,_
L7231,_
D063,_
N185NO8,_
T36,T369
Y389,_
S014TYPEA,_
P0726,P072
P0715,P071
P376,_
S8000,S800
O520,_
H722,H722
T239,_
K053NA,_
I1092,I10
C7807,C780
I101Z,I10
O9851,O985
Y8499,_
A9713,_
Y15,_
Z3803,Z380
Z962,Z962
A430,A430
M6503,M6503
C430,C430
Z038Z2,_
N8380,N838
A5449,A544
R271,_
N1830,N183
O364Z3,_
A10,_
M8794,M8794
I8891,I889
N76,_
C239,C23
C686,_
D2125,D212
N461,N46
N9953,N995
T896,_
I4811,I48
R297,_
X849,_
5063,_
Q365,_
S9225,S922
5534,_
W1262,_
N761,N761
K369,K36
V2828,_
E1034,E103
T1819,T181
K438,_
K567E,_
W456,_
N351,N351
H0040,_
H4440,H444
C8333,C833
O410O,_
A901\,A90
A210,A210
T524,T524
D6189,D618
J9113,J91
S0050,S0050
S4510,S451
M8857,_
H3563,H356
S5120,_
M2679,_
J1232,J123
V100,_
B2592,B259
E442,_
I519Z4,_
A1889,A188
I8,_
E8613,E86
A0103,A010
O9801,O980
J89,_
B590,B59
N0309,N030
N083Z4,_
C782NONE,_
S657,S657
I109M,I10
N832NONE,_
H0589,H058
C920NONE,_
S6192,S619
D649N1,_
E106NO0,_
Z286,_
M22,M229
R0200,R02
234,_
Z8991,Z899
Y402,_
P10,P109
D459,D45
H2530,_
I630INSULINDEPENDENTDIABE9,_
O9923,O992
D630L9,_
I125,_
K303,K30
O0801,O080
M778,M778
J628,J628
H042,H042
M7052,M705
M8993,M8993
I517III0,_
G701,G701
P771,P77
D021,D021
C8361,C836
D358,D358
Z071,_
C8595,C859
R972,_
R6880,R688
N65,_
N6342,N63
N6032,N603
T951,T951
S4224,S422
E1102,E110
L896,L89
D1101,D110
S3721,S3721
K0510,K0510
J441NO9,_
I4901,I4901
H6591,H659
M9182,M918
Y259,_
A0912,A09
D649DZ511,_
S7170,S717
K2700,K270
T3162,T316
Z208SARSCOV2CA,_
S0604,S060
V219,_
V0319,_
Z02023,Z020
Z011H2,_
J60,J60
P598PO11,_
X419,_
H3622,_
V0208,_
M2470,M2470
S9612,S961
A876,_
M0584,M0584
H1692,H169
G5692,G569
W2344,_
C8590,C859
T65,T659
W4519,_
S1199,S119
S7030,_
U071COCONFIRMED,_
U071C9,_
Z95,Z959
I101NO1,I10
N190,N19
W2562,_
I411,I411
N8020,N802
J1988,_
D6638,D66
X5409,_
L795,_
Y0959,_
V480,_
C079,C07
O649UO71,_
U0741,_
3518,_
H4319,H431
3350GRA0,_
V42,_
N006,N006
Z8759,Z875
J05,_
W0152,_
R573,_
T1400,T140
0101,_
I7020,I7020
B781,B781
M6003,M6003
K10,K109
5491,_
S616,_
M767,M767
L721LO40,_
L57,L579
M9995,M9995
K5410,_
0241,_
T8401,T840
U839,_
S0112,S011
H5701,H570
R1901,R190
H2541,_
R501,_
M669,_
O643,O643
T134,T134
M2582,M2582
N185NO2,_
T06,_
V321,_
N1298,N12
H1823,H182
1420,_
E01,_
F523,F523
Z503,Z503
S268,S268
M5498,M5498
M674NA,_
W1928,_
M8709,M8709
R3989,R398
M4198,M4198
S0041,S004
B2009,B200
E1125,E112
S36I3XA,_
M816,M816
K291E861,_
M129,_
T206,T206
K4081,_
K905,_
S9691,S969
C19I3P,C19
I4202,I420
A098,A09
T7806,T780
L089NONE,_
I07,I079
N389,_
M63,_
D1401,D140
W2908,_
X3309,_
Z336,Z33
O7010,O701
K305,K30
H202,H202
S179,S179
T329,T329
A099AO61,A09
P772,P77
J3482,J348
M1702,M170
E1039,E103
J1883,J188
M8770,_
S3780,S3780
2600,_
M9822,_
H616,_
O392,_
L0299,L029
Q700,Q700
J9610,J961
I633III9,_
M4889,M4889
D0430,D043
N0183,N018
C193,C19
K590NONE,_
I2149,I214
M9860,_
0980,_
S9980,S998
S6020,S602
E1050,E105
Z26,Z269
U071CO366,_
M7022,M7022
R946,R946
H2688,H268
E355,_
J248,_
U071CO321,_
K08NA,_
K724,_
W6469,_
V436,_
V1009,_
F40,F409
Z117,_
K79,_
M2527,M2527
H920,H920
E0791,E079
K08,K089
J780,_
Q718,Q718
Z803,Z803
I521,I521
V829,_
E16,E169
1519,_
O569,_
O7319,O731
X460,_
S9812,S981
I6791,I679
S6269,S626
Y465,_
W1900,_
I119NO0,_
T522,T522
A698J178,_
B391J172,_
F120,F120
G934E90,_
MCP02,_
T537,T537
X4009,_
E876NONE,_
T147X,_
C5683,C56
M7676,M7676
L703,L703
O8293,O829
S2102,S210
519,_
X1009,_
B664,B664
W3498,_
M749,_
M924,M924
B64,B64
C5002,C500
K769NO0,_
A818,A818
W1831,_
P708,P708
I6910,I691
5066,_
W4409,_
5340,_
C7630,C763
S8105,S810
805,_
4280,_
K8014,K801
R393,_
M7015,M701
R9180,R91
M7129,M7129
J2893,_
M2108,M2108
K6500,K6500
R2381,R238
A698,A698
S858,S858
G080,G08
U0722,_
M8148,M8148
B391,B391
B5881,B588
1517,_
S8222,S822
S639,_
X1099,_
A227,A227
M109M1A9,_
K93,_
C8290,C829
J904,J90
S5104,S510
I0981,I098
B3490,B349
Z4001,Z400
I1015,I10
D633,_
J2882,_
G4021,G402
7867,_
J318,_
B254,_
Z790,_
Z4890,Z489
Z4912,Z491
J934,_
O874,_
I804,_
T1469,T146
I215,_
M6692,_
C61I0,C61
D0570,D057
J271,_
C473,C473
E153,E15
V238,_
T733,T733
M6542,M654
N433X,_
H2909,_
A189,_
E1361,E136
U502,_
1A1,_
649,_
038,_
T7991,T799
I4590,I459
L291,L291
Z0152A1,_
T466,T466
B5889,B588
E1242,E124
C4430,C443
P926,_
S0801,S080
H0452,H045
S8I9,_
Z9665,Z9665
V2342,_
D480NONE,_
H2613,H261
A750,A750
H968,_
D6479,_
K05NA,_
Z208NEGATIVE,_
C879,_
X5921,_
O1412,O141
E878II19,_
J160,J160
E876R1,_
W79,_
C394,_
0140,_
D0502,D050
V222,_
I1500,I150
O6410,O641
D701,D70
E8719,E871
F149,F149
Z723,Z723
T0000,T000
S5503,S550
M902,M902
S8981,S898
U801,U801
G461,G461
X66,_
X6909,_
S3719,S371
5871,_
C865,C865
K274UO71,_
H32,_
B76,B769
C5012,C501
S6172,S617
O4702,O470
D4301,D430
Z3021,Z302
M717,_
Q232,Q232
W0149,_
J3041,J304
D2339,D233
Y354,_
J1993,_
E785E8,_
Z3101,Z310
O399,_
J5490,_
H2513,H251
V9322,_
2309,_
M2332,M2332
J357,_
S6815,S681
S9910,_
Z3920,Z392
Y9899,_
9919,_
K5701,K570
N0083,N008
Q4461,Q446
X819,_
C719NONE,_
E760,E760
Y0438,_
D3851,D385
Y330,_
S9105,S910
E0789,E078
S159,S159
Q402,Q402
Z011H1,_
P834,P834
F428,F428
E0490,E049
V2449,_
0334,_
V580,_
E718,_
D4878,D487
S8740,_
R749,R749
A620,_
N018NONE,_
N1351,N135
E808,_
C724,C724
C149,_
H6100,H610
P1430,P143
V889,_
W1888,_
R279,_
S1230,_
M2585,M2585
P274,_
V298,_
S262,_
N185UO71,_
N395,_
N634,N63
J610,J61
G737,G737
P0594,P059
Z946,Z946
O322O,_
N79,_
K609,_
L0262,_
429,_
Q786,Q786
S8324,S832
C5019,C501
R312,R31
I299,_
M4382,M4382
N40\,N40
Z15,_
D828,D828
V1804,_
U0720,_
B324,_
W0798,_
K9387,K938
E1620,E162
L061,_
I06,I069
I149,_
0030,_
T8403,T840
M498,M498
Z8674,Z867
1370,_
S1083,S108
A0411,A041
R2110,R21
J329NONE,_
H26O,_
W5048,_
K188,_
K800NONE,_
M260,_
H1941,_
S6410,S641
W1752,_
1421,_
I2195,I219
T948,_
I835,_
T0181,T018
T180XXA,_
K6020,K602
J1092,_
Q185,Q185
S6681,S668
O701O8O0,_
S98,_
Z631,Z631
L255,L255
Z255,_
M4692,M4692
200,_
K0511,K0511
K1221,K122
D1631,D163
W2321,_
T8682,T868
Q5122,Q512
V2995,_
C942,C942
G402NONE,_
Y336,_
Z9898,_
U809,_
O580,_
R441,R441
I509III9,_
Z566,Z566
J913,J91
208,_
E1119,E111
V801,_
M8858,_
Z3690,Z369
S8611,S861
S0092,S009
L974,L97
S8289,S828
U087,_
210,_
V334,_
6935,_
T1409,T140
J388,_
T357,T357
T786,_
N823NONE,_
H5231,H523
H7411,H741
J3921,J392
6902,_
Y08,_
O1392,O13
M4384,M4384
K18,_
R94,_
Z9289,Z928
I7092,I709
Y0458,_
Y009,_
I6202,I620
J3092,_
E022,E02
J660,J660
Z227,_
D1100,D110
S6325,S632
S571,_
Q6689,Q668
V1890,_
J0180,J018
E886,_
Y516,_
F190,F190
V684,_
L390,_
F139,F139
L720NO1,_
Z2017,Z201
R9380,R938
7491,_
O9925,O992
2250,_
V46,_
C5691,C56
H545,H545
W83,_
Z3380,Z33
E8779,E877
L031N9,_
P045,P045
E142N08,_
M5322,M5322
T485,T485
N1891,N189
W1749,_
K4211,K421
311,_
T2512,T251
Y294,_
S814,_
S8570,S857
O0933,_
G511,G511
S8123,_
S8022,_
7759,_
W270,_
M9930,M9930
Q770,Q770
C19TX1,C19
E06,E069
Z365,Z365
1236,_
R912,R91
P29,P299
L7602,_
M5457,M5457
Q526,Q526
Z4601,Z460
S712,_
M898X1,_
Z970,Z970
S943,S943
J190,_
Z793,_
I7301,I730
O851,O85
720,_
P4861,_
S0980,S098
M9142,_
R1013,R101
I8722,I872
O987,O987
J092,J09
S5206,S520
T920UO71,_
O3215,O321
E024,E02
Z634,Z634
V0909,_
M7951,M7951
H5940,_
Q520,Q520
K8051,K805
T8340,T834
S3691,S3691
K239,_
K533,_
X1208,_
W1328,_
M2609,_
O563,_
M7983,M7983
T7116,T71
D188,_
S4302,S4302
X895,_
0389,_
H530N9,_
B34B,_
S353,S353
S364S,_
C832,C832
S005V2,_
Z886,Z886
O305,_
V784,_
J701,J701
O0394,O039
K7581,K758
C4422,C442
E8750,E875
S3401,S340
Q03,Q039
H3573,H357
K269NO1,_
W0101,_
S611X,_
T0521,T052
Q633,Q633
T237,T237
R5382,R53
T878,_
W2081,_
M9541,M954
Z038Z,_
C49A,_
J441NONE,_
B3741,B374
N939N,_
O8209,O820
M6093,M6093
Z832,Z832
C04,C049
M29,_
Z113,Z113
S6670,S667
S1102,S110
L2702,L270
N3909A,_
G379NONE,_
I4699,I469
J3932,J393
M8075,_
M1612,M161
V4362,_
J9580,J958
O441O,_
I250AO99,_
M8018,M8018
S0657,S065
R902,_
G931SO61,_
M9679,_
M0116,M0116
R897,R897
N2020,N202
J4592,J459
M8552,M8552
I129Z9,_
Z314,Z314
Q6991,Q699
I6331,I633
M515,_
M8899,M8899
V821,_
I8420,I842
O375,_
E1139,E113
T743,T743
Y3399,_
1412,_
M8760,_
I579,_
C990,_
M341,M341
H4083,H408
N353,_
T096,T096
I758,_
Q431UO71,_
Z855,Z855
V8998,_
I973,_
H674,_
O8321,O832
Y840,_
Q052,Q052
Q725,Q725
E43JA,E43
P599PO51,_
V9899,_
E1011,E101
W1849,_
L012,_
L840,L84
A099ES61,A09
J699,_
S8701,S870
N6012,N601
51B,_
M3581,M358
D1621,D162
S136,S136
G539,_
C911TYPEB,_
Z0282,Z028
Q449,_
H363,_
B268,B268
S9681,S968
C5701,C570
S443,S443
F849,F849
5624,_
S4271,S4271
T804,T804
K2790,K279
X441,_
D1041,D104
K5010,K501
D2421,D24
C2222,C222
H2890,_
Z600,Z600
Q315UO71,_
Q934,Q934
0600,_
I694NO8,_
R90A,_
G341,_
S5199,S519
W5455,_
E385,_
S8109,S810
G8250,G825
K003,K003
S6132,_
S6105,S610
I8080,I808
M00,M009
D375NONE,_
Q5322,Q532
G12,G129
R574,_
J2791,_
D256,_
M2599,M2599
P0710,P071
L3030,L303
W073,_
L0319,L031
L0600,_
K654,_
M4618,M4618
W2519,_
M325,_
E240,E240
B638,_
Q356,_
S03,_
S8172,S817
C8331,C833
J1811,J181
A180MO11,_
W148,_
A800,A800
L0280,L028
O2390,O239
M1289,M1289
C191X1,C19
Y407,_
U815,_
R6889,R688
N936,_
C6901,C690
S065X0,_
O47,O479
J9045,J90
G711,G711
J8410,J841
N939UO71,_
W2389,_
W0608,_
S771,S771
202,_
F24,F24
V4241,_
C8010,C80
I5172,I517
K1239,K123
806,_
S3140,S314
N390L8,_
S8002,S800
P209\380,_
S5257,S525
T8312,T831
S97,_
P990,_
G574,G574
X130,_
B560,B560
M7965,M7965
M4322,M4322
S5031,_
Q722,Q722
M931,M931
R299,_
M6593,M6593
N189UO71,_
I577,_
O8097,O809
R2981,R298
H20,H209
I500M1A9,_
S058X9S,_
F890,F89
M120,M120
J304NO1,_
M4719,M4719
Z208ZO38,_
S7089,S708
M783,_
M7058,M705
D1219,D121
S450,S450
W455,_
S5590,S559
R26,_
P0518,P051
I640,I64
1111,_
E762,E762
M7790,M7790
W080,_
J3811,J381
O579,_
T827X,_
Z4181,Z418
C5398,C539
H49,H499
0634,_
H870,_
A0921,A09
N29,_
N19UO71,N19
H12,_
N8981,N898
M0006,M0006
B213,B213
T2410,T241
9028,_
C003,C003
T1730,T173
I33,I339
M7117,M7117
D2360,D236
J671,J671
CR4687,_
B344,B344
M2225,M222
T8744,T874
Z038R,_
Z3115,Z311
8100,_
B355,B355
K660OO01,_
U071C2,_
H2200,H220
M3219,M321
O4211,O421
E748Z,_
4430,_
N6030,N603
W1112,_
B007,B007
O691O9,_
D364,_
Y891,_
Q43,Q439
T746,_
S4350,S435
T05,T059
H4691,H46
M4215,M4215
M2562,M2562
I887,_
S018Z3,_
W86,_
V988,_
W1182,_
L10,L109
N1083,N10
1029,_
P014,P014
J3820,J382
M3320,M332
M7959,M7959
G649,G64
S0655,S065
M188,_
Z621,Z621
D259NO1,_
R7401,R740
I251N1,_
C4450,C445
P383,P38
L8580,L858
P201PO71,_
H4601,H46
O926,O926
C600,C600
M920,M920
J9621,_
S3981,S398
C1090,C109
Q7801,Q780
O821O,_
M9952,M9952
T1812,T181
I7026,I702
9093S,_
S280,S280
V1991,_
S6601,S660
M022,M022
H365,_
W2688,_
M9432,M9432
R942,R942
L679,L679
A1050,_
R0489,R048
W2093,_
E8721,E872
P081Z3,_
T2431,T243
W249,_
P042,P042
R4181,R418
O2330,O233
K849,_
D298,_
L082,_
E039NONE,_
L071,_
M9076,M9076
C7A1,_
L9849,L984
Y069,_
S2739,S273
M0084,M0084
O4322,O432
B330,B330
Z04,Z049
27,_
M4311,M4311
O7100,O710
I847NO8,_
W2708,_
A162OU71,_
F042,F04
S246,S246
Q6581,Q658
D638NONE,_
5390,_
M6255,M6255
S7811,S781
C8140,C814
0380,_
I8720,I872
Z0809,Z080
G9380,G938
D1030,D1030
J41,_
G9725,G972
395,_
T8619,T861
S0909,S090
W2179,_
V3899,_
H4322,H432
E4310,E43
K505,_
D,_
E861E,E86
N0832,N083
W2021,_
C837NONE,_
K8037,K803
I43,_
S8224,S822
N390M1A9,_
T274,T274
681,_
J697,_
M2000,M200
S543,S543
H6192,H619
H0261,H026
J299,_
Z370Z,_
N902,N902
K9271,_
L07,_
T415,T415
J071,_
M1095,M1095
T3002,T300
E878NONE,_
I6399,I639
S1431,S143
M6091,M6091
F206,F206
A640,A64
S4246,S424
C340X,_
I119UO72,_
S272X,_
H1607,H160
M4329,M4329
C4441,C444
V104,_
Q142,Q142
I200J1,_
N1895A,_
T10,T10
Z4701,Z470
I9861,_
Z340Z9,_
P0273,P027
E262,_
N1360,N136
X650,_
Z9040,Z904
M9231,M923
W147,_
I500N1,_
S8691,S869
R1115,R11
S6160,_
M9013,M9013
I8999,I899
M8300,M8300
E8357,E835
P8381,P838
831,_
W1793,_
M276,_
S4511,S451
O13O7O0,O13
M539,M539
C4140,C414
M979,_
1739,_
Z9484,Z948
S0099,S009
Z848,Z848
V3349,_
Z410,Z410
G587,G587
Y564,_
P044,P044
I638UO71,_
R0,_
5262,_
E663,_
Z939,Z939
M4020,M4020
E12,E129
T794TO7,_
B2099,B209
K7090,K709
A662,A662
J81I4,J81
E1742,_
B5898,B589
H5792,H579
C7410,C741
R1629,R162
I8261,_
V023,_
A6301,A630
K8592,K859
A082,A082
Y0489,_
W1718,_
C4901,C490
W4962,_
E8610,E86
C5692,C56
I500I2,_
B651J173,_
RFRHD21,_
Q2111,Q211
I499K2,_
W0180,_
H4900,H490
R044,_
S368XA,_
K403UO71,_
S3331,S333
D833,_
P396,_
S962,S962
S0011,S001
O6901,O690
S6422,S642
I107,I10
D528,D528
S008S0,_
C5009,C500
Y499,_
H5290,_
X4909,_
1NA,_
H0582,H058
Y098,_
N060,N060
S086,_
I5092,I509
S3163,_
420,_
N185NO09G,_
L518,L518
G829,_
D019,D019
M9123,M912
W3590,_
Z9010,Z901
C7952,C795
Z3280,_
G112,G112
S8723,_
N189E1,_
O2809,O280
S989,_
F360,_
P237,_
0411,_
Q121,Q121
U0702,_
T8183,T818
85,_
G712,G712
A1800,A180
G22,G22
H6081,H608
T8742,T874
K922NO1,_
T9391,T939
M8092,M8092
5840,_
S134XXA,_
M9868,_
J702,J702
R541,R54
A791,A791
I6380,I638
Z052,_
P0733,P073
H3609,H3609
L743,L743
P150,P150
T8280,T828
5656,_
S0232,S023
E509,E509
B719,B719
M9640,M964
B824,_
W1748,_
V4749,_
W869,_
J942NO9,_
T074,T07
M1461,M146
O67,O679
N405A,N40
G552,G552
Q6589,Q658
S2820,_
2381,_
N476,N47
M1630,M163
V598,_
H549,H549
O4402,O440
984,_
Y404,_
D4101,D410
M202,M202
0800M0,_
M221,M221
I1016,I10
I837,_
H663X3,_
E789NO2,_
G902,G902
L9842,L984
E861MODERATEDEHYDRATION,E86
0679,_
D638G4,_
S5171,S517
Z250,Z250
H542,H542
J401,J40
5527,_
L96,_
S0185,S018
2491,_
D4698,D469
D1,_
G8222,G822
S9280,_
L430,L430
C268,C268
I4290,I429
J8612,_
C61I3,C61
K5081,K508
H0591,H059
I2591,I259
M8955,M8955
0DT80ZZ,_
S8252,S825
Z3408,Z340
G440NONE,_
P602,P60
V899K,_
V5904,_
S0008,S000
E836,_
H0209,H020
N390NO2,_
S243,S243
I18,_
R200,R200
X0989,_
G257,_
H2650,_
O0820,O082
L305,L305
B5802,B580
Z9051,Z905
X24,_
V1801,_
O3,_
Z019,Z019
O780,_
Q3300,Q330
K064,_
I6303,I630
S375,S375
M8399,M8399
E8736,E873
B308,B308
N289NO02,_
C4912,C491
I725,_
G465,G465
M8728,M8728
M2475,M2475
Q413,_
W5309,_
X930,_
T131UO71,_
H494,H494
M6583,M6583
T295,T295
B101,_
G578,G578
G991,G991
139,_
I042,_
H592,_
V824,_
D2331,D233
E042NO8,_
M8078,_
O0921,_
L635,_
V98,_
Y1099,_
H0260,H026
H133,H133
M4111,M4111
J9582,J958
V030,_
C4460,C446
K315K4,_
T8286,T828
L9890,L989
I560,_
D2441,D24
C743,_
S1405,S140
030,_
D58,D589
H4799,_
Z572,Z572
T3101,T310
S10,S109
C4112,C411
S3271,S3271
D0001,D000
N7505,N750
711,_
H833,H833
12312,_
F04,F04
W703,_
Q999,Q999
N1332,N133
6009,_
R82,R829
V324,_
M9390,M9390
894,_
G564,G564
0348,_
V822,_
K94,_
T004,_
H2531,_
N179UO99,_
H6039,H603
L9101,L910
L813,L813
M9090,_
N539,_
M921,M921
S0920,S092
S7213A,_
S0082,S008
U2999,_
Q7030,Q703
S6070,S607
D169SO18,_
I099IO51,_
A11CA40,_
Q473,_
D660,D66
N1585,N158
X2009,_
E185,_
Y0803,_
D1717,D171
P094,_
S6330,S633
R370,_
Y286,_
Z237,Z237
Y9305,_
767,_
O1491,O149
P0260,P026
S5185,S518
S0930,_
E1127,E112
K2289,K228
L0293,L029
M7088,M7088
G1312,G131
B04,B04
Y95NONE,_
I962,_
Z889,Z889
D1770,D177
T674,T674
O211Z3A1,_
I10I,I10
S235,S235
C476,C476
M6028,M6028
E1141,E114
I248J2,_
D47Z2,_
01A,_
Q3800,Q380
T020,T020
Z138ZZ246,_
E861JO69,E86
O441O1,_
M6640,M6640
M4608,M4608
S5330,S533
I2001,I200
D9,_
1776,_
M192,M192
W2229,_
0210,_
L760,_
X6919,_
G62,G629
A419C1,_
P194,_
P8352,P835
2A0,_
T296,T296
M2407,M2407
B49NO9,B49
F870,_
S078,S078
V8809,_
K8018,K801
K8041,K804
0349,_
R771,R771
N189N,_
V8995,_
N390NO,_
D1799,D179
O589,_
S3631,S3631
W1800,_
Z3491,Z349
O298,O298
S5242,S524
P141,P141
H690,H690
N7001,N700
F1910,F191
E146NA,_
K297UO72,_
M364,M364
C4470,C447
N494,_
M6024,M6024
S3642,S364
S0251,S0251
X0401,_
H3440,_
E8619,E86
Y526,_
P876,_
T430,T430
Y619,_
R150,R15
T297,T297
K729Z,_
P3690,P369
T9580,T958
001,_
A419X,_
H5092,H509
M4328,M4328
Z841,Z841
M8981,M8981
K350NA,_
I469I,_
I635J,_
M705NA,_
S5319,S5319
H504,H504
M9630,M963
P7884,P788
Z3183,Z318
Z8619,Z861
J309NO420,_
S8590,S859
K1329,K1329
H5010,H501
J0960,J09
T3100,T310
E373,_
L105,L105
W748,_
S3095,S309
M8444,M8444
L7202,L720
L7209,L720
R539,R53
D2362,D236
C072,C07
P599PO81,_
K1341,K1341
R5912,R591
J90X,J90
N876,_
M8951,M8951
Y585,_
Y3380,_
C757,_
Q396,Q396
H011,H011
1M,_
X839,_
693,_
M2166,M216
D541,_
H8591,_
E6699,E669
L530,L530
O821Z3Z0,_
M8761,_
K935,_
N281X,_
Z4541,_
X1608,_
S8285,S828
N951NONE,_
T1462,T146
N9380,N938
V2834,_
T384,T384
O617,_
Y0799,_
N743,N743
C416,_
S3282,S328
Z5799,Z579
E76,E769
Z5801,Z580
O3411,O341
M6245,M6245
Y58,_
H2325,_
U071A,_
P410,_
I910,_
Z8940,Z894
J9583,J958
I243,_
S6982,S698
K9307,K930
Z496,_
S8671,S867
E1172,E117
D5002A,_
H01,H019
R560UO71UO89,_
S990,_
V844,_
E319,E319
1518,_
M2557,M2557
O680O9,_
K245,_
M0151,M0151
M0171,_
S94,S949
A4151,A415
063,_
S0007,S000
S6343,S634
M90,_
H8180,H818
Z7513,Z751
P7003,P700
B593,B59
T894,_
M21,M219
M1317,M1317
G230,G230
T953,T953
B3789,B378
G533,G533
I918,_
J162,_
O312XX9,_
P2181,_
O820S0,_
S5302,S5302
329,_
M0133,M0133
J441NO8,_
V546,_
W5698,_
S8254,S825
S8232,S823
I520,I520
K084,_
O35,O359
H1511,H151
E7810,E781
E499,_
Z392NSD,_
T1102,T110
T1302,T130
W3210,_
M6025,M6025
A1662,_
28,_
M2123,M2123
Z100,Z100
K2971A,_
H4030,H403
K083NA,_
T1311,T131
G313,_
0239,_
Q20,Q209
N822,N822
E001,E001
S058X2A,_
C089NA,_
K296NONE,_
O3219,O321
0722,_
I109NO0,I10
D844,_
M4129,M4129
M205,M205
M8096,M8096
K41,K419
Y3490,_
D355,D355
9409,_
N4403,N44
D736,_
D2932,D293
Z1289,Z128
Z638,Z638
N702,N702
Z9181,Z918
W5903,_
W501,_
I312,I312
V0212,_
V014,_
H053,H053
P342,_
N91,_
M2584,M2584
W1982,_
M435,M435
E878M1A9,_
T8132,T813
W3169,_
F719,F719
K7472,_
D1060,D106
K746NO8,_
W288,_
M4855,M4855
H2131,H213
B5800,B580
1958,_
K3317,_
M1985,M1985
B0520,B052
Q241,Q241
H518,H518
W1991,_
S7991,S799
R,_
Q8592,Q859
E187,_
C349R,_
G20NONE,G20
D558,D558
K5668,K566
Z3725,Z372
O820O8,_
R70,_
E449,_
L086,_
J031,_
G593,_
H0221,H022
T8151,T815
X038,_
X208,_
V271,_
H4031,H403
K5501,K550
Q9382,Q938
W0119,_
O829OO95,_
S2209,S220
S3009,S300
I250NU072,_
M8151,M8151
P09,_
B450,B450
J995,_
M7084,M7084
0343,_
E813,_
S732,_
T5291,T529
M9669,M966
I8725,I872
630,_
K4600,K460
J4560,_
N942,N942
0G5G0ZZ,_
W1379,_
P0303,P030
N185Q,_
K307,K30
T8490,T849
W1403,_
W2203,_
Y922,_
M4390,M4390
U341,_
M859,M859
K549,_
M18,M189
E0405,E040
5794,_
B460,B460
A167UO72,_
W5031,_
X299,_
M2329,M2329
T1401,T140
K180,_
I2651,_
N9089,N908
O744,O744
I248S1,_
D3501,D350
C661,C66
E7852,E785
W1804,_
H4420,H442
G9311,G931
M6734,M6734
E0960,_
S303,_
7470,_
G5632,G563
V941,_
C1692,C169
5420,_
B940,B940
S7619,S761
R2212,R221
B345,_
G0491,G049
G9312,G931
C4951,C495
D500E,_
T8259,T825
C462,C462
O0081,O008
D13,D139
U106,_
P0821,P082
V0344,_
B84,_
S24,_
J892,_
I2690,I269
M0007,M0007
E1622,E162
I1150,_
O8204,O820
Q0539,Q053
K916,_
O779O8,_
M9920,M9920
H2593,H259
A4991,A499
I000,I00
S0659,S065
Y159,_
N8580,N858
M1800,M180
S152,S152
J961NONE,_
M7952,M7952
O847,_
D07,_
N309NONE,_
I378,I378
I129LO31,_
K2802,K280
Z881,Z881
S0132,S013
Z3981,_
H6020,H602
Y0808,_
U899,U899
J9691,J969
J9692,J969
N0383,N038
N840NO1,_
E861II19,E86
M0187,M0187
B9900,B99
R42Z3,R42
N5091,N509
I8081,I808
M6519,M6519
W342,_
N5090,N509
J281,_
S3523,S352
V8908,_
E1491,E149
1620,_
N1890,N189
W145,_
H3111,H311
P391PO31,_
D322,_
J3411,J341
E49,_
K407,_
O247,_
K2929A,_
C0991,C099
V0929,_
I500IJ90,_
M4002,M4002
M4005,M4005
J4722,J47
H9312,H931
O2683,O268
P580,P580
M6589,M6589
B099,B09
0664,_
W307,_
V1040,_
F901,F901
A177,_
A079E86,_
D564,D564
F180,F180
E976,_
S6500,S650
V2829,_
V1969,_
I8739,_
E8311,E831
V120,_
P2930,P293
C7837,C783
M8842,_
Z060,_
W8688,_
S8782,S878
A398,A398
I438NO9,_
U129,_
H1502,H150
R139,R13
R981,R98
O614,_
M9073,M9073
C6292,C629
1619,_
M9677,_
S239,_
V2348,_
K341,_
C5098,C509
L029NO8,_
I4711,I471
0152,_
O687,_
Q1812,Q181
V64,_
X67,_
W205,_
K038,K038
Z4101,Z410
K412,K412
H2719,H271
H3309,H330
H66,H669
F959,F959
B70,_
N0839,N083
P011Z3,_
448,_
N2899,N289
L0602,_
P915,P915
S2729,S272
I734,_
L564,L564
J1509,J150
A53,A539
5311,_
N979UO71,_
J909,J90
H2515,H251
M8814,_
H2596,H259
S6152,_
060,_
R460,R460
088,_
S6412,S641
V11,_
Z8901,Z890
F112,F112
K675,_
P471,_
M6634,M6634
Q713,Q713
M7130,M7130
M513NO1,_
L293,L293
D1591,D159
O225,O225
32408,_
M1313,M1313
Q650,Q650
R892,R892
A0101,A010
M2579,M2579
O698O,_
J1842,_
T7809,T780
E134,E134
K573NO0,_
L0249,L024
L031LO99,_
F812,F812
O3093,O309
Z7981,_
M0800,M0800
X5882,_
M4606,M4606
M1202,M1202
V0449,_
I500UO72,_
Z2831,_
D6481,D648
O758O8O9,_
A519,A519
W2380,_
T0291,T0291
S3160,_
W235,_
L950,L950
M5500,_
Q11,_
Q10,_
S6813,S681
R0290,R02
K350X,_
O123,_
K8105,K810
H006,_
I120NO39,_
D393,_
P7600,P760
S6999,S699
K2571,K257
5882,_
S2022,S202
Z9831,_
K779,_
K279NA,_
H6060,_
G4590,G459
M7661,M766
L8999,L899
X581,_
M206,M206
J360,J36
V0248,_
1702,_
Z9580,Z958
M896,M896
J4492,J449
W2262,_
W4994,_
D475,D475
9019,_
I933,_
K377,K37
D314,D314
M7609,M7609
S6124,_
D2340,D234
Q7012,Q701
M499,_
F988,F988
Y606,_
C463,C463
G545,G545
K922NI85,_
D061,D061
T409,T409
A57,A57
W6473,_
I6783,I678
H1022,H102
R8281,R828
Y02,_
W031,_
H4323,H432
K911NONE,_
Q506,Q506
N200NG49,_
F4522,F452
O8091,O809
K9161,_
S9712,S971
M5010,M501
K567UO71,_
J3090,_
R4905,R490
J353R1,_
K939,_
R0989,R098
W1903,_
W2301,_
S2992A,_
E861Z3,E86
A20,A209
I1094,I10
4788,_
M7800,_
B24\,B24
A010BB29,_
K9221,K922
C911TYP0,_
O897,_
H360NONE,_
B888,B888
M6628,M6628
L28,_
L9231,L923
R940,R940
O8342,O834
B779UO71,_
O829O9,_
U011,_
M195,_
P5930,P593
I65,I659
V1809,_
Z865,Z865
W1193,_
L911,_
0015,_
Y55,_
E8712,E871
M1592,M159
R0400,R040
I3800,I38
T8491,T849
O8049,_
E116NO1,_
O4715,O471
N039NO59,_
S4892,S489
W3152,_
I439,_
L045,_
J1898,J189
M8108,M8108
M5488,M5488
J939NO9,_
M7284,M7284
T0931,T093
A752,A752
E412,E41
T0210,T0210
C8192,C819
C4442,C444
X490,_
S130,S130
W03,_
S8930,_
C19X,C19
E119I1I9,_
S5314,S5314
5804,_
K6819,_
F1092,F109
Q5522,Q552
M4819,M4819
R443,R443
C591,_
K446,_
I653,I653
L292,L292
C438,C438
5865,_
W1089,_
T141WW55,_
M4050,M4050
M4191,M4191
C091,C091
Y763,_
J141,J14
N890,N890
H6512,H651
H6992,H699
O441Z3,_
O6908,O690
O329Z3,_
D325,_
D1040,D104
M9570,_
J789,_
M7938,M7938
W1392,_
K6612,K661
O9928,O992
O2119,O211
F6810,F681
R292,R292
B149,_
X16,_
W6999,_
M7737,M7737
S3661,S3661
S019X,_
Z0385,Z038
N38,_
C38,_
W2129,_
W1994,_
K411,K411
J1829,J182
K759IA,_
S3120,S312
822,_
K7272,_
Z81,_
L0339A,_
H6041,H604
L9712,L97
C752,C752
D645,_
Q845,Q845
L9722,L97
W2309,_
16,_
5310,_
Q299,_
I588,_
Z9886,Z988
S8255,S825
S6252,S625
1AS851,_
M1301,M1301
99256,_
I4430,I443
K628NONE,_
Z4582,Z458
E591,E59
L0332,L033
S1439,S143
S5970,S597
W2929,_
O306,_
T453,T453
I115,_
Z251,Z251
R688UO71,_
W1741,_
Z7481,Z748
5811,_
I8731,_
C9201,C920
H2782,H278
O681O,_
J960R0,_
G322,_
G9361,G936
H910,H910
U080,_
M2428,M2428
J9311,J931
E620,_
M7107,M7107
H3538,H353
G4431,G443
V8429,_
W7489,_
M6750,_
I689,_
R570UO71,_
K688,_
H0430,H043
O151Z3,_
P08,_
160,_
E301,E301
N840NO01,_
K2912,K291
L031LO24,_
N0399,N039
N,_
E86UO71,E86
N4806,N480
K0472,K047
K2991,K299
G4598,G459
Y434,_
K955,_
M630,M630
J8512,J851
E059NO1,_
0336,_
Y952,_
5553,_
Z4941,_
D4011,D401
S5922,_
G9300,G930
O075,O075
Z02033,Z020
O200UO71,_
M725NA,_
Q1412,Q141
W223,_
L699,_
E205,_
V2298,_
H5314,H531
I5009,I500
C928,C928
A81,A819
K6395,K639
G532,G532
N948NONE,_
G14,G14
N168,N168
U818,U818
E1310,E131
L035,_
R1114,R11
M9503,M950
D6831,D683
I4802,I48
T1111,T111
V221,_
Q503,Q503
K880,_
M181,M181
S6600,S660
E8771,E877
S3653,S365
D1411,D141
S368ST794,_
L232,L232
Z31,Z319
S7130,_
V19,_
C536,_
V493,_
L0889,L088
S349,_
K2282,K228
Z9857,_
E310,E310
077,_
K731,K731
E1161D,_
S7282,S728
N9090,N909
C49A0,_
S5891,S589
M6072,_
W311,_
K5712,K571
D635,_
Q249O,_
Y843,_
W901,_
M84,M849
M8982,M8982
Q655,Q655
Z442,Z442
C0239,C023
X115,_
J1222,J122
Z0141CC,_
Y070,_
A484,A484
M2451,M2451
S6980,S698
S9080,S9080
M5454,M545
R0401,R040
S5010,S501
S5070,S507
W1949,_
K330,_
S6430,S643
M8447,M8447
N0836,N083
S9093,S909
K356,_
Z4910,Z491
I109NA,I10
A342,A34
J189K0,_
P713,P713
D171X,_
Y1699,_
Z780,_
I619X,_
K699,_
J255,_
232,_
L7630,_
O990Z3,_
X690,_
T3695,T369
O681O1,_
S549,S549
O889,_
E2300,E230
1460,_
V0244,_
H1623,H162
Z681,_
Z810,Z810
K481,_
V776,_
Q515,Q515
O929,_
M6110,M6110
G349,_
I5189,I518
0730,_
O0740,O074
P753,P75
D3201,D320
B3784,B378
O778,_
W2120,_
K299NONE,_
W071,_
Z029,Z029
S8410,S841
3861,_
E1030,E103
Z9689,Z968
W1939,_
P355,_
M88,M889
Z3510,Z351
O821Z9,_
5091,_
Z151,_
P76,P769
E861A0,E86
Q561,Q561
G213,G213
C5690,C56
B9789,B978
P5959,_
O067,O067
G5622,G562
M8186,M8186
S018S,_
I8615,I861
C9190,C919
R8271,R827
P83,P839
E372,_
J0699,J069
A40,A409
32,_
I262,_
I6529,I652
K5903,K590
Z29O,_
Z3O1,_
R067,R067
C780I1,_
G9349,G934
B387,B387
Z9862,_
Z964,Z964
C230,C23
N189NO9,_
H7200,H720
G696,_
J449NO1,_
E850,E850
D2520,D252
K800X,_
L409NONE,_
K8115,K811
E119I1,_
L670,L670
S3540,S354
M02,M029
N1032,N10
M9600,M960
Z702,Z702
E763,E763
M8708,M8708
N733,N733
N909NONE,_
D259O,_
I51,I519
O7450,O745
Q2820,Q282
E0921,_
K4290,K429
B216,B21
B429,B429
I6842,_
E1175,E117
F1919,F191
S458,S458
I1203,I120
Y0991,_
B71,B719
NSD,_
B053H671,_
H2080,H208
E8766,E876
C571,C571
N191,N19
V2200,_
N6111,N61
H3360,_
W2601,_
S9372,_
E287,_
Y540,_
M714,M714
R255,_
C0301,C030
J1573,J157
N390R,_
W040,_
X6801,_
Z3708,Z370
N651,_
H407,_
Y8999,_
X1008,_
0019,_
O0080,O008
M3039,M303
E8782,E878
3100GRA0,_
V0294,_
C8312,C831
S5189,S518
M7961,M7961
H1882,H188
H4521,_
I259NO0,_
C958,_
M8334,M8334
N1099,N10
S810O,_
B053,B053
H671,H671
E62,_
C9003,C900
I1259,_
Q3730,Q373
W5572,_
H3192,H319
D518,D518
M9438,M9438
H0500,H050
Y920Z3A0,_
F42,F429
S35,S359
M0607,M0607
E202,_
O960,O960
S6011,S601
T1415,T141
N390NOICDFOUND,_
H6101,H610
8350,_
G9240,G92
E1199,E119
M2156,M215
M6284,M6284
O0099,O009
N6481,N648
Z616,Z616
W0148,_
D6302,D630
W2092,_
J9851,J985
K7692,K769
M9704,_
T3133,T313
N1809,N180
M4884,M4884
C539M8000/3,_
J658,J65
M918,M918
Y3645,_
M841S5,_
D509OU71,_
Y1109,_
K191,_
H3122,H312
X7009,_
M0688,M0688
S0149,S014
W491,_
L731,L731
N083HEMODIALYSISPROCEDU5,_
H3832,_
L7631,_
J47NA,J47
S0649,S064
T059,T059
V8789,_
O4400,O440
K8045,K804
C4961,C496
C589,C58
I5023,_
J9420,J942
709,_
M6434,_
H0205,H020
A019,_
F408,F408
I340II38,_
A5901,A590
A629,_
F051,F051
K720UO71,_
S8239,S823
S9102,S910
D29,D299
L611,_
L579,L579
C2591,C259
Q6641,Q664
S0101A,_
P69,_
G820,G820
R499,_
K922NO02,_
K4590,_
A971RO40,_
0150,_
Z9041,Z904
K429NONE,_
S7010,S701
D245,D24
C1875,C187
D3611,D361
I850NO1,_
M3880,_
G589R1,_
O2359,O235
H1051,H105
J22UO71,J22
J40NONE,J40
W1352,_
I639II01,_
H241,_
C19TQ,C19
D985,_
5479,_
A04,A049
C1IP3,_
V594,_
T954,T954
O601O,_
J0132,J013
E789NO7,_
V877,_
T38,T389
B868,B868
R3311,R33
H2481,_
J623,_
S6233,S623
K7660,K766
H5660,_
I2723,I272
Z8950,Z895
H4013,H401
N0805,N080
J481,_
W3289,_
S9304,S930
38,_
S5255,S525
S189,S18
S0222,S022
R781,R781
0263,_
D036,D036
M1691,M169
S64,S649
B485,_
X2499,_
V2144,_
E517,_
A1811,A181
D051NA,_
V4364,_
K354,_
L491,_
S618TYPEA,_
L624,_
L254,L254
Z4491,Z449
S0992,S099
H1831,H183
S3909,S390
V2649,_
O1414,O141
W276,_
M1228,M1228
K033,K033
095,_
A122,_
O6780,O678
P0512,P051
W5508,_
N0893,_
G409G,_
C9PP2,_
P818,P818
D043,D043
A779,A779
F314,F314
J720,_
J4530,_
8089,_
Y629,_
M8320,M8320
D072,D072
O956,O95
M4190,M4190
Z9830,_
A520,A520
E092,_
N039NO7,_
I1A,_
J154,J154
D1651A,_
I6784,I678
I875,_
I6099,I609
A50,A509
P724,_
D1170,D117
S319,_
F814,_
V3269,_
H4481,H448
Z1232,Z123
I1099A,I10
Q124,Q124
U019,_
H6051,H605
I2192,I219
W1948,_
V494,_
L09,_
S7271,S7271
K913K,_
V265,_
O428,_
L032UO72,_
M1252,M1252
M321DAGGER,_
I5,_
S515,_
M8161,M8161
N315,_
K3510,K351
S2530,S253
S157,S157
C191,C19
K234,_
T265,T265
K358Z3A,_
U1071,_
L234,L234
L252,L252
383,_
T2101,T210
C4030,C403
J3280,J328
L768,_
I239,_
N185NO35,_
R090UO71,_
E978,_
C7600,C760
O539,_
892,_
W1731,_
O4412,O441
38725,_
M2186,M2186
K6131,K613
M460,M460
R0600,R060
M31,M319
Y3398,_
S648,S648
X9981,_
M9865,_
S8780,S878
N3581,N358
O8909,O890
5712,_
J9391,J939
Z828,Z828
S5350,_
F519,F519
O823,_
N502,_
S4501,S450
3480,_
K024,K024
M5012,M501
M7686,M7686
P542,P542
M7001,M700
1809,_
H63,_
5582,_
K819NONE,_
S8341,S834
M4394,M4394
P691,_
Y0004,_
N344,_
N185I1,_
L7212,L721
N751NO1,_
M9078,M9078
N860,N86
M254N9,_
H1584,H158
H811UO71,_
H9202,H920
640,_
X3699,_
N888UO71,_
N6031,N603
N139NO1,_
I245,_
C375,C37
Z3740,Z374
T3110,T311
H1701,H170
E1101,E110
S948,S948
A099AO99,A09
M9531,M953
Q148,Q148
K577,_
E876J,_
R91UO71,R91
C3200,C320
J1729,J172
B382,B382
O210Z3,_
A12,_
Z983,_
X9931,_
M1209,M1209
E992,_
F1021,F1021
Q5300,Q530
M17NA,_
A1881,A188
N009NO3,_
X5911,_
J4531,_
N95OO39,_
T0911,T091
I9601,_
H352E1,_
C5329,_
M8723,M8723
O8603,O860
1340,_
S1183,S118
J879,_
S6780,S678
U89,U899
O001OO01,_
N1799,N179
P719,P719
A568,A568
W1938,_
X829,_
W2398,_
I329,_
V0243,_
Z462,Z462
Y269,_
N2112,N211
L024NO0,_
F932,F932
S4239,S423
M8602,M8602
I4599,I459
T101,T101
6245,_
N063,N063
Q500,Q500
0602,_
C940,C940
M0001,M0001
N059Z,_
Q5110,Q511
B991,B99
V,_
X9953,_
R130,R13
Z9101,Z910
S0642,S064
I882,_
O31,_
H4302,H430
V39,_
K8111,K811
D0580,_
O8096,O809
L784,_
Q395,Q395
W3103,_
U08,_
D6959,D695
W00,_
C5413,C541
S1162,_
V8991,_
O809Z370,_
T141WW54,_
S377,S377
N8359,N835
L89NO9,L89
N8091,N809
M4510,M451
H2684,H268
X6808,_
U0809,_
J,_
E894,E894
Z315,Z315
D259NN803,_
0772,_
V862,_
J1897,J189
5532,_
R5621,_
W1890,_
D1779,D177
K5011,K501
2990,_
W0999,_
939,_
B2061,B206
K829NO1,_
I509M1A9,_
V330,_
P561,_
Y522,_
M78,_
Q0700,Q070
T1151,T115
S8525,S852
G4001,G400
N981,N981
H2153,H215
M72,M729
S7990,S799
O8298,O829
Y772,_
E083,_
I294,_
W36,_
L7250,_
S6201,S6201
S5621,S562
K0381,K0381
I119NA,_
M7137,M7137
A1620,A162
H2505,H250
H3110,H311
X43,_
M2720,_
K8035,K803
I9589,I958
D770,D77
O97,O97
D507,_
D299,D299
Y912,_
N081,N081
A180CI9I1,_
M2304,M2304
M9018,M9018
K8060,_
W5522,_
G65,_
R1003,R100
H7311,H731
P638,_
P3691,P369
C637,C637
F938,F938
S3058,_
S3189,S318
V261,_
L689,L689
J3859,J385
S5342,S534
C500NA,_
C6,_
M8085,M8085
O6003,O600
918,_
O4210,O421
Q7980,Q798
S9215,S921
C7230,C723
G3090,G309
S8031,_
A254,_
C509NO1,_
L461,_
Z516,Z516
T753,T753
1N8,_
S3722,S372
O29,O299
M2446,M2446
W2408,_
E116N0,_
C630,C630
N279,N279
H6600,H660
S913TO7,_
M108,_
E8319,E831
S0662,S066
B0,_
D409,D409
B212,B212
H262NONE,_
302,_
H244,_
4202,_
F400,F400
E1999,_
O9843,O984
W4003,_
Q062,Q062
J432,J432
J65,J65
5898,_
T1721,T172
Z7899,_
N82,N829
N338,N338
S0802,S080
Z3032,Z303
215A,_
V9129,_
T380X5A,_
B700,B700
U071COY95,_
N7740,_
R96,_
Q8280,Q8280
K2198A,_
P595,_
I2729,I272
D80,D809
E785E,_
U088,_
K1130,K113
K855,_
J189UO72,_
D0007,D000
L0202,L020
Q769,Q769
B656,_
4300GRA0,_
L850I,_
M9561,_
G6403,G64
I5171,I517
K332,_
5860,_
M037,_
M6240,M6240
B3421,B342
M2760,_
Z244,Z244
O382,_
O149O6O0,_
L945,L945
Q8503,Q850
083,_
S9199,S919
C345,_
R272,_
C5062,C506
K203,K20
567,_
H0101,H010
S6960,_
M9321,M9321
O257,O25
N823NO1,_
W1582,_
N441,N44
C189A1,_
S2081,S208
I119IMPO1,_
H5411,H541
C19VIH,_
F108,F108
T215,T215
T611,T611
999,_
324,_
M1590,M159
M1591,M159
K8064,_
P611UO71,_
U077,_
W390,_
Q331,Q331
I126,_
A17,A179
P088,_
R360,R36
Z9047,Z904
Y528,_
541,_
L9731,L97
M8689,M8689
O90O,_
D478,_
M1408,M140
O363Z,_
X1588,_
O8601,O860
Y828,_
E827,_
N9261,N926
695,_
K802NO01,_
K409NONE,_
Q7181,Q718
N977,_
E905,E90
L816,L816
L811,L811
N5081,N508
D500UO71,_
C4121,C412
O733,_
Q738,Q738
N8330,N833
J4792,J47
I119IW199,_
G580,G580
S0810,S081
H435,_
V179,_
I498NO2,_
M482,M482
E568,E568
L0809,L080
O800O9,_
Y9599,_
W320,_
O398,_
O921,O921
T498,T498
D647,_
248,_
X4908,_
O300Z,_
J8250,J82
H4731,H473
M1393,M1393
42AS61,_
N512,N512
Z42,Z429
R064X,_
A4195,A419
M2159,M2159
M7551,M755
M8566,M8566
O505,_
T540,T540
K3552,_
W1891,_
O732,_
S8402,S840
N0863,_
H5017,H501
N801NONE,_
H3536,H353
P1892,_
O985UO71,_
J705,_
C701,C701
O2459,_
T9362,T936
A178DAGGER,_
U2899,_
Z788,_
H491,H491
W068,_
M6004,M6004
V579,_
G9519,G951
M1011,M1011
E150,E15
W505,_
I7145,I714
385,_
C514,_
Q6030,Q603
Q6131,Q613
P634,_
O3401,O340
I7110,I711
5395,_
E876NO0,_
W7698,_
5783,_
K170,_
8185,_
J320NONE,_
R802,R80
5130,_
Y502,_
V3649,_
L349,_
U810,U810
R649,R64
P0389,P038
M9183,M918
D342,D34
N560,_
C1591,C159
Y778,_
M7239,M7239
I381,I38
G069,_
P260,P260
K3182,K318
O1419,O141
H900,H900
L726,_
S3999,S399
H577,_
O6081,_
H6509,H650
C19C,C19
Q6990,Q699
S9086,S908
H1032,H103
S440,S440
S4320,S432
7038,_
N206,_
M7020,M7020
V215,_
F904,_
S8609,S860
K563Z4,_
O3482,O348
C8339,C833
M5002,M500
0610,_
T8492,T849
M9988,M9988
J418,J418
J1582,J158
S3671,S3671
C4111,C4111
Q931,Q931
Z4580,Z458
M1027,M1027
I399,_
S9800,S980
5380,_
8389,_
C178,C178
Z963,Z963
N390O,_
K3581,K358
W3449,_
G4031,G403
U017CO,_
S2011,S201
H5304,H530
H5009,H500
I1096,I10
S2A,_
Z993,Z993
M926,M926
S0002,S000
M8721,M8721
M8271,_
J9850,J985
Q50,_
E794,_
L500NO1,_
G474,G474
I1119,_
O9952,O995
Z1892,_
W1349,_
M153,M153
S8199,S819
J149,J14
D4002,D400
O818,_
M429,M429
W8609,_
X36,_
T322,T322
8261,_
N644,N644
M138UO71,_
Q69,Q699
I248HYPOX8,_
W2792,_
M7207,M720
S8035,_
V2929,_
O0020,O002
0120,_
J47X,J47
H5700,H570
M9499,M9499
O249UO71,_
N1350,N135
W3382,_
D179NO0,_
121,_
Z4880,Z488
W1950,_
X989,_
B223,B22
B0229,B022
S5258,S525
116,_
M8908,M8908
S4621,S462
D1006,D1006
H120,_
S5600,S560
E18,_
M7656,M7656
W1920,_
X795,_
R5790,R579
A970JO69,_
J690UO71,_
K146,K146
S0047,S004
S2723,S272
C5700,C570
Y0981,_
W8502,_
1899,_
A481,A481
Q333,Q333
Z7289,Z728
J6903,J690
N8010,N801
M357,M357
A961,A961
D649M1,_
S9253,S925
______,_
J449UO72,_
H907,H907
H5015,H501
H4690,H46
J958J,_
Z842,Z842
M2117,M2117
Z463,Z463
921,_
N0391,N039
Z8661,Z866
M9682,M968
M2530,M2530
L841,L84
M458,M458
N2019,N201
D0221,D022
Y2992,_
T714,T71
K2090,K20
O820RO31,_
P28,P289
L0789,_
O141O,_
M2589,M2589
M7384,M7384
Y1909,_
Z9282,Z928
M8487,M8487
W1091,_
N950NONE,_
E0952,_
M9364,_
I66,I669
C22O,_
N388,_
5163,_
T2402,T240
E1335,E133
C9821,_
I410,I410
C4792,C479
M8141,M8141
R29,_
H658,_
I30,I309
Y3492,_
W08,_
T509Z3,_
M8822,_
M4640,M4640
K173,_
M2352,M2352
O413,_
N484,N484
K80K,_
A170G0,_
M668,_
H1500,H150
E1069,E106
C93,C939
I852,_
K831NO3,_
Y85,_
S3150,S315
D6601,D66
V58,_
I909,_
M9812,_
T1799,T179
S5111,S511
S511,S511
O708,_
S685,_
H484,_
T873,T873
1501,_
O046,O046
K2689,_
O771,_
N6392,N63
F720,F720
L8931,L893
K687,_
016,_
W0291,_
O054Z3,_
A11,_
S9281,_
O699O,_
X0308,_
N63O,N63
M7261,M7261
910,_
E309,E309
M8340,M8340
G50,G509
M3180,M318
A060AO99,_
I4610,I461
N8882,N888
T883XXA,_
F0391,F03
A060AO60,_
R565,_
J9504,J950
I119LO24,_
Y479,_
I138,_
W1312,_
S0450,S045
F858,_
O521,_
H0181,H018
E876JO69,_
A202,A202
E642,E642
I462,_
M6291,M6291
D488,_
L870,L870
T872,T872
K760J,_
L282,L282
Y1299,_
X6501,_
D381NONE,_
N98,N989
O141O9,_
F8380,F83
0721,_
H539,H539
C9093,_
G953,_
W0138,_
X120,_
V805,_
F0151,_
T630TI41,_
M1319,M1319
J439NO9,_
H4611,H46
H367,_
D2341,D234
V4940,_
Z840,Z840
T2125,T212
D440NONE,_
M149X,_
Y95R9A,_
S4631,S463
D471NA,_
J9182,J91
Z3792,Z379
S288,_
T6301,T6301
W3603,_
4200GRA0,_
L8993,L899
N105,N10
D187,_
A32,A329
Q571,_
I5030,_
U071V,_
H5080,H508
V114,_
U071CE119,_
S3249,S324
X560,_
K,_
I500III9,_
F985,F985
N170X,_
W0198,_
X1899,_
M7605,M7605
363,_
S9982,S998
S000S,_
P34,_
D3295,D329
M1840,M184
S014S,_
Q399,Q399
M2116,M2116
O954,O95
Q0182,Q018
W2782,_
3700GRA0,_
384,_
Q426,_
S5691,_
M3501,M350
D762,D762
K660NONE,_
S1103,S110
I2100,I210
C1T1,_
Q68,_
G493,_
Q826,_
M7666,M7666
Y483,_
S9306,S930
O248,_
0BTF0ZZ,_
J449NO2,_
S913TYPEA,_
F02,_
5514,_
K647,_
X5901,_
O0015,O001
665,_
Z3082,Z308
J6900,J690
I2517,I251
M4327,M4327
H3311,H331
P2490,P249
L0501,L050
S532,S532
M8422,M8422
D824,D824
A053,A053
S6049,_
9211,_
T428,T428
M0081,M0081
H5250,H525
33,_
D002,D002
Y0048,_
R877,R877
C5014,C501
K7030,K703
K545,_
W859,_
O7582,O758
J1723,J172
0806,_
R42Z3A2,R42
C1110,C111
E114G,_
R05R0,R05
T2550,T255
B006,_
2372,_
S4209,S420
P226,_
C8585,_
D7649,_
D6411,D641
N10UO71,N10
P0033,P003
A4109,A410
M0600,M0600
E189,_
V533,_
T7961,T796
V170,_
J9819,J981
Q173,Q173
Y602,_
Y520,_
T0101,T010
H431H,_
O8315,O831
S723SS2,_
T9289,T928
X5908,_
G114,G114
T543XIA,_
S2,_
W2608,_
J1290,J129
L9702,L97
U0890,_
E35,_
X1903,_
V0306,_
K565X,_
K632NO,_
S0689,S068
W4919,_
G955,_
W43,_
0NA,_
W8999,_
N1311,N131
Q653,Q653
E728,E728
64,_
D951,_
S647,S647
Z909,_
J209UO72,_
E146Z,_
S702,_
T877,_
P986,_
S5282,S528
I6381,I638
1359,_
5781,_
W2492,_
C58M9100/0,_
N979OO96,_
H5200,H520
J305,_
A939,_
N6480,N648
B68,B689
K4022,K402
O052,O052
G0620,G062
L0200,L020
Z987,_
A681,A681
W8788,_
K5711,K571
S690,_
O132,O13
E0492,E049
G833,G833
N185NO9,_
B984,_
S1313,S1313
T2036,T203
B370N3,_
C49A5,_
8992,_
3222,_
C4499,C449
I6169,I616
O6389,_
085,_
H2420,_
O6189,O618
L0285,L028
S0153,S015
E24,E249
I7280,I728
M752NA,_
K8026,K802
I2090,I209
J960NO1,_
E835NONE,_
O0304,O030
M2535,M2535
E669EO39,_
O236,_
X190,_
5539,_
N189NO3,_
C5070,_
K406,_
2371,_
B23,B23
D389,_
F079,F079
Z0154B1,_
S5234,S523
C6888,C688
I965A,_
N8521,N852
S5511,S551
O467,_
Z0154,Z015
R690,R69
K709KR18,_
H1799,H179
A589,A58
M321N,_
Q678,Q678
V6899,_
Y44Z,_
M5329,M5329
J310NO1,_
F919,F919
E862UO71,E86
P0812,P081
K2940,K294
U95,_
T4542,T454
D014,D014
M5106,M510
M4880,M4880
I6981,I698
N185S,_
Z0387,Z038
D861,D861
K9303,K930
T7549,T754
S9071,S907
N0883,N088
D77,D77
M512NONE,_
N18D,_
H2800,H280
P9911,_
O3649,O364
C798NONE,_
W1402,_
X6408,_
8922,_
M9660,M966
0133,_
P2389,P238
W3489,_
K291UO72,_
L248,L248
P61,P619
C7801,C780
I2480,I248
S803,_
L861,L86
W570,_
K6102,K610
M852,M852
V863,_
Z085,_
T194XXA,_
B9720,B972
H9553,_
S912A,_
O9900,O990
S6692,S669
T79AO,_
H0222,H022
J693,_
K141,K141
0678,_
D2109,D210
0009,_
Z0158C2,_
D2591,D259
V2244,_
D468,_
S8929,_
L1815,_
B349UO72,_
W5091,_
V645,_
M5120,M512
D6830,D683
H4059,H405
I119M1A9XX1,_
Y531,_
2909,_
5434,_
8331,_
I2693,I269
S817TO1,_
N289NONE,_
N580,_
K930CK638,_
M8790,M8790
H5791,H579
W0124,_
Z3912,Z391
H855,_
M6659,M6659
I7517,_
N041NONE,_
M1917,M1917
H9325,H932
2500GRA0,_
W5401,_
M175,M175
2038,_
Z3846,Z384
M800O3,_
N2101,N210
M6509,M6509
M7240,M7240
X1104,_
W4952,_
K2589,_
F780,F780
K5900,K590
H3491,H349
E880NO0,_
D944,_
V134,_
K5666,K566
W1109,_
L53,L539
L432,L432
F526,F526
M647,_
S7620,S762
K1481,K1481
CR0304,_
R5083,R508
P871,_
T9221,T922
T256,T256
D048,D048
S4229,S422
S370S1,_
L708,L708
B985,_
H1081,H108
T3N1M0,_
P2481,P248
Q387,Q387
C8598,C859
N380,_
C19I1,C19
S26,S269
C8070,C80
Y958,_
S784,_
G576,G576
P07,_
Z370Z9,_
E159,E15
T024,T024
N1121,_
O4413,O441
M7252,M7252
E188,_
M5030,M503
C56OO,C56
O990OO20,_
V585,_
W5529,_
W552,_
M8647,M8647
S3421,S342
H249,_
S96,S969
P793,_
M8710,M8710
C295,_
T784S,_
A879NONE,_
I932,_
M0190,_
Z563,Z563
Y314,_
M8644,M8644
C818,_
M2351,M2351
H3130,H313
N179N,_
E535,_
M2670,_
D076,D076
O797,_
E180,_
H6510,H651
O0989,_
T2900,T290
A302,A302
Z038C,_
I119UO71,_
E1440,E144
E0940,_
S9001,S900
M2362,M2362
H295,_
I03,_
I105,I10
M8939,M8939
S8086,S808
N405,N40
Z208Q,_
W1004,_
E2821,E282
I784,_
Q938,Q938
M871,M871
C192,C19
M8218,M8218
M9519,M951
W7399,_
D818,D818
X080,_
O321X0,_
K8580,K858
M8121,M8121
R244,_
O0902,_
Z370B,_
I1615,_
I1629,_
I619J3,_
C6102,C61
0309,_
8080,_
S9204,S920
M7092,M7092
I45,I459
Y454,_
Z2882,Z288
M8625,M8625
K2220,K222
G459NONE,_
Z953,Z953
H3621,_
H2154,H215
N760Z3,_
A26,A269
Z678,_
K5295,K529
D499,_
M013,M013
V2642,_
F198,F198
A069E861,_
M1312,M1312
H2951,_
M4714,M4714
T5091,T509
W5683,_
H2615,H261
P357,_
5809,_
H8113,H811
N960,N96
H811I1O1,_
W1852,_
O8211,O821
I469NA,_
G936NONE,_
T543X1A,_
K818XA,_
D585,_
C7877,C787
N039NI85,_
A762,_
W1774,_
5803,_
E8769,E876
N3502,N350
Z7984,_
L9891,L989
N850D,_
F940,F940
O6002,O600
E438,E43
N736NONE,_
M9320,M9320
M9520,M952
M0121,M0121
S1093,S109
J193,_
M9694,M969
X0908,_
S060SO18,_
F509,F509
S9821,S982
A88,_
E861\,E86
D783,_
N5080,N508
B9719,B971
H3012,H301
K031,K031
R502,R502
H606,_
O8215,O821
J4699,J46
R412,R412
Y438,_
W54A,_
G575,G575
00ST009,_
D058,_
K016,_
H4212,_
N200XA,_
Y9301,_
J8498,J849
D1171,D117
R875,R875
G120,G120
M9252,M925
I8292,I829
Y95NO8,_
Z502,Z502
O600UO71,_
B469,B469
I5096,I509
M4399,M4399
T236,T236
G011,G01
S2207,S220
N0396,N039
E1429,E142
J960N,_
M128,M128
Z585,Z585
G13,_
M8897,M8897
A010AO10,_
Z245,Z245
P034POO2,_
J129LO10,_
A419R5,_
Z584,Z584
I8425,I842
I3,_
H3131,H313
T8563,T856
E26,E269
L272,L272
K7671,K767
1893,_
K388UO71,_
B9622,B962
B177,_
S610X,_
K665,_
A162EII9,_
C611,C61
X988,_
T8612,T861
P339,_
P0701,P070
W4509,_
D603,_
M0089,M0089
C262,_
H012,_
I759,_
K0921,K0921
O340O,_
O941,O94
5566,_
R491,R491
B996,B99
K4110,K411
D649N,_
K0310,K0310
M4024,M4024
J395,_
CR4651,_
U800,U800
W8763,_
V8928,_
R239,_
381,_
V8924,_
Q87,_
M1599,M159
G572,G572
E1323,E132
H670,H670
O9941,O994
O8109,O810
E793,_
C8271,C827
040EA,_
S6350,S635
H6131,H613
K231,K231
Z013,Z013
S6842,S684
H7193,H71
S014TO09,_
S5410,S541
S012S,_
J1521,J152
Z1383,Z138
N934,_
E498,_
J0698,J069
X899,_
Z3483,Z348
K079,K079
M8641,M8641
Q4,_
R867,R867
Z618,Z618
X77,_
S9170,S917
4279,_
0984,_
K960,_
H3343,H334
O0393,O039
M2555,M2555
N221,_
K817,_
W690,_
E1457,E145
T445,T445
W492,_
N681,_
W70,_
K33,_
J493,_
N064,N064
S065XOA,_
T7807,T780
O933,_
A402,A402
K5129,K512
A971NOICDFOU8,_
Y169,_
L502,L502
S8082,S8082
S7012,S701
W1988,_
H246,_
A881,A881
C5050,C505
P121,P121
X4919,_
P2411,P241
Q2734,Q273
Y204,_
B49NO3,B49
T8431,T843
J3291,J329
620,_
T0121,T012
L86,L86
S6818,S681
W451,_
S752,S752
R660,_
H16,H169
6459,_
K8311,K831
W808,_
K5299,K529
V7099,_
5251,_
M0598,M0598
E0472,_
C8111,C811
51A,_
A1859,A185
Z68,_
Q1002,Q100
M2519,M2519
E8787,E878
H680,H680
0862,_
E878N1O,_
K795,_
X6108,_
D064,_
A441,A441
M0636,M0636
V2909,_
Z748,Z748
S2243,S224
5069,_
M0692,M0692
G032,G032
D084,_
44,_
J1841,_
W1019,_
C679NA,_
1845,_
M7730,M7730
M9987,M9987
M8191,M8191
C7652,C765
K189,_
T1246,T12
R7708,R770
N4501,N450
E877NONE,_
E8781,E878
S4499,S449
S2610,_
H351NO0,_
E502,E502
I7700,I770
M263,_
H451,H451
W64,_
H345,_
Z8981,Z898
M8084,M8084
O1404,O140
T009V8,_
C7802,C780
B349BO9,_
V2302,_
X5880,_
Q152,_
W2502,_
I6095,I609
Y95J6,_
P0313,P031
M3291,M329
I204,_
O6481,O648
K2972,K297
O698O8O0,_
M324,_
V3249,_
F1022,F1022
O8011,O801
U0Z,_
V4991,_
N6120,N61
S3669,S366
V2818,_
B3681,B368
M910,M910
C408,C408
K2730,K273
M7650,M7650
X5699,_
P051P,_
B269KJ36,_
Z8902,Z890
I1253,_
A78,A78
F920,F920
G522,G522
C5369,_
B880,B880
M2105,M2105
0991,_
O2341,O234
M540,M540
K1180,K1180
D5319,D531
W0341,_
A1696,A169
H529,_
I475,_
Z493,_
R6250,_
M7519,M751
M7206,M720
E2822,E282
T9411,T941
S822TOO9,_
C6902,C690
A869,A86
G922,G92
M2559,M2559
T438,T438
M8197,M8197
5444,_
S0614,S061
M2011,M201
K4321,_
N1321,N132
M7262,M7262
R792,_
W4008,_
H2529,H252
C812,C812
T741,T741
T493,T493
D876,_
M4195,M4195
M8028,M8028
A1629,A162
T6091,T609
A1601,A160
I515J9,_
K4000,K400
P7431,P743
S8203,S820
L099,_
B5891,B589
N189NO01,_
S679,_
M2588,M2588
W1404,_
I4991,I499
814,_
1392,_
Z3821,Z382
Y569,_
U99,_
K1122,K112
B768,B768
S274,S274
M2488,M2488
Z0141A,_
S3733,S373
C7808,C780
M8788,M8788
81,_
Z091,Z091
H6032,H603
P266,_
L829,L82
J662,J662
H6320,_
A099AO60,A09
L909,L909
Q00,_
N2812,N281
Z3010,Z301
M8083,M8083
I8251,_
I6382,I638
K8067,_
S638,_
D2210,D221
V0249,_
X6098,_
C5031,C503
O143,_
P109,P109
S3104,S310
T141WT55,_
H09,_
S2201,S2201
O423,_
E1168,E116
S580,S580
K3539,K353
O244O0,_
K932,_
A099E,A09
F63,F639
S439,_
K801UO71,_
M8936,M8936
G57,G579
S5420,S542
M410,M410
O0900,_
L9190,L919
752,_
N1300,N130
E1428,E142
J1299,J129
692,_
S904,_
S2212,S221
K874,_
M342,M342
K3199,K319
X8999,_
I321,I321
702O,_
L0213,L021
Z4662,Z466
T7971,T797
D3900,D390
J532,_
0GBJ0ZZ,_
N390S,_
S0145,S014
T8410,T841
F1008,F100
T1100,T110
O3630,O363
N9972,_
M2492,M2492
M6228,M6228
E119M1A9,_
N233,N23
0652,_
Q910,Q910
E884,_
075,_
2310,_
W3599,_
M0109,M0109
R805,R80
K650NO,_
J044,_
M7228,M722
K2270,K227
N185NO7,_
D5009,D500
M8147,M8147
H4730,H473
O522,_
P034Z,_
F435,_
G934N,_
S548,S548
V188,_
P208,_
Q12,Q129
A0962,A09
0JB,_
M9543,M954
W237,_
S6085,S608
H938X2,_
B290,_
Z0358,Z035
D219NONE,_
N800N,_
K135,K135
W1688,_
O0009,O000
W2322,_
W141,_
T232TYPEB,_
H7441,H744
W3299,_
O6641,O664
P572,_
T7803,T780
E90R3,E90
I6901,I690
O434,_
U07CO,_
X1289,_
701,_
T993,_
G4722,G472
C8450,C845
W289,_
S6652,S665
D6388,D638
K0811,K081
M83,M839
T2411,T241
O270,_
8381,_
W2703,_
J951,J951
O9980,O998
I0,_
C19H1,_
W0791,_
E519,E519
Z38CMS,_
J1713,J171
Z0307,Z030
R578UO72,_
L,_
O6014,O601
I101XA,I10
F878,_
K864,_
5399,_
S300X8,_
441,_
F189,F189
I44,_
C780M8M8,_
T727,_
H30,H309
0470,_
X39,_
K593NO7,_
H06,_
E790I6,_
I818,I81
L000,L00
V4854,_
D3613,D361
H1053,H105
K36R1B,K36
M401,M401
I2093,I209
M6717,M6717
I814,I81
A074,_
T1391,T139
Q31,Q319
K4295,K429
534,_
E705,_
V8089,_
I4211,I421
O7120,O712
H0265,H026
L444,L444
R831,R831
O809Z3,_
E1,_
S6112,S611
C7876,C787
N1009,N10
O994O,_
N8002,N800
S341UO71,_
L095,_
Y30,_
O3659,O365
G807,_
N2005,N200
A533,_
M4025,M4025
A3532,A35
F951,F951
N433NONE,_
V233,_
T341,T341
D696NA,_
M8885,M8885
Y141,_
T077,T07
A092NONE,A09
S629X,_
Q824,Q824
U84,_
C909,_
S0207,S020
S4691,S469
V2979,_
K052NA,_
D3617,D361
H8190,H819
N289NOICDFOUND,_
O3481,O348
E7400,E740
M8855,_
S2035,S203
6903,_
E462,E46
I7000,I7000
N1320,N132
H0509,H050
R291,R291
X239,_
V034,_
E851,E851
K40\,_
N1000,N10
C19I6,C19
K760UO71,_
V4269,_
G00,G009
O623UO71,_
D1711,D171
T1412,T141
S5340,S534
O0315,O031
K1140,K114
J864,_
N148,_
S8913,_
J1223,J122
T348,T348
M4629,M4629
CR0126,_
M6097,M6097
K829NONE,_
O969,O969
V8923,_
E8711,E871
Z006,Z006
R733,_
W246,_
0469,_
E119LO89,_
H811II01,_
K4399,K439
M422,_
Y2499,_
W2982,_
M070,M070
B241,B24
D832,D832
O3910,_
M2673,_
S0602,S060
V49,_
J440M1A9,_
D614,_
I959NONE,_
S6081,S6081
K051KO53,_
H1981,H198
B678,B678
S6899,S689
M2639,_
K291GERD,_
Q6691,Q669
S8729,_
M9765,_
I1892,_
N4811,N481
M7021,M702
N189NI89,_
V0411,_
O2689,O268
O3440,O344
O0019,O001
Z759,Z759
CR0092,_
V820,_
E91,_
I2481,I248
E116I0,_
Z974,Z974
Z357,Z357
O1190,O11
G233,_
W0701,_
K030,K030
T1471,T147
O631O8,_
Z3011,Z301
S6519,S651
9940,_
X0901,_
T487,T487
Q3090,Q309
C4900,C490
M4890,M4890
Y3408,_
T2202,T220
I248NO8,_
K810NONE,_
K8090,_
L054,_
M8706,M8706
C9510,C951
J128OU71,_
M132,_
X71,_
S8781,S878
Z0310,Z031
Z099,Z099
A4196,A419
T2010,T201
C2211,C221
Y31,_
G110,G110
H0262,H026
N6080,N608
P3940,P394
0096,_
N1893,N189
M475,_
W1898,_
P0716,P071
X9903,_
M2427,M2427
N1881,N188
I313N8,_
O402,O40
M5000,M500
G394,_
N8353,N835
N4590,N459
T350,T350
I75,_
G234,_
M9750,_
O0337,O033
1695,_
S3090,S309
M1610,M161
K291Z3,_
M53,M539
J449NO0,_
P0345,P034
Y635,_
I8401,I840
X9994,_
S6145,_
S6619,S661
H061,H061
L682,L682
N201NO,_
W1759,_
E1469,E146
P35,P359
D27NONE,D27
W400,_
R449,_
W0398,_
O87,O879
S6401,S640
W4909,_
M8076,_
S346,S346
K5093,K509
W738,_
H4363,_
Z814,Z814
M7060,M7060
J443,_
I761,_
U029,_
O2693,O269
I1100,I110
D098,_
O4690,O469
L251,L251
M8567,M8567
L824,L82
S6520,S652
M974,_
N173,_
V1649,_
A5999,A599
Z2085,Z208
H3184,H318
M8508,M8508
Y293,_
V1593,_
M4894,M4894
N189D6,_
W1344,_
AO99E861,_
Q648,Q648
V4454,_
N1381,N138
O959,O95
62,_
I6317,I631
G4701,G470
H0431,H043
I76,_
Z16,_
R262,R262
F029,_
J600,J60
S209,_
L758,L758
K691,_
I64NA,I64
J960UO71,_
J3502,J350
Z9082,Z908
N760NO13,_
N151NONE,_
A4153,A415
M8542,M8542
B981,B981
Y428,_
Z440,Z440
D649NO8,_
N4849,N484
D356,D356
V5799,_
D1610,D161
O785,_
E878NOICDFOUND,_
I110IN139,_
K2240,K224
Z5333,_
W3471,_
M158,M158
Z599,Z599
E351,E351
K157,_
A849,A849
X340,_
K5601,K560
K588,_
T171XX,_
M8997,M8997
G4030,G403
J769,_
R23,_
D7210,D721
H3611,_
I1269,_
Y521,_
J4892,_
I36,I369
S536,_
B3323,B332
C2200,C220
A1621,A162
T8391,T839
S5272,S527
Q781,Q781
T8372,_
A046,A046
T373,T373
D198,_
I284,_
E142_N083,_
Y219,_
W89,_
K1371,K1371
E1412,E141
Z9581,Z958
O3422,O342
T8024,T802
T2000,T200
T2204,T220
N893,N893
W7430,_
D4010,D401
O0038,_
I8781,I878
I8901,I890
0084,_
I6913,I691
K297NO8,_
H5341,H534
M941,M941
M993,M993
W2004,_
M3800,_
S79,S799
H257,_
T0122,T012
I1296,I129
P12,P129
P99,_
P218,_
I4999,I499
S390S,_
D914,_
K566NONE,_
Q3690,Q369
O3651,O365
E190,_
D3708,D370
M106,_
A618,_
V344,_
S8099,S809
W341,_
1121,_
B0239,B023
I92,_
V870,_
Q39,Q399
0440,_
J069NONE,_
P649,_
B347,_
M2711,_
Z898,Z898
R249,_
E434,E43
M209,_
L705,L705
O1492,O149
X1498,_
S06A1,_
Q16,Q169
L420,L42
K579NO3,_
S5087,S508
J010NO1,_
131,_
K766NONE,_
D2920,D292
N6332,N63
B5801,B580
X339,_
T8241,T824
R20,_
2P,_
V90,_
J0995,J09
M2612,_
D649II29,_
5122,_
M8418,M8418
T897,_
N1510,N151
O4129,_
T219,_
W8703,_
W4582,_
M7643,M764
S527X,_
T1441,T144
X3304,_
M1035,M1035
M123,M123
C937,C937
C1893,C189
C758,C758
V379,_
S3822,S382
C7291,C729
S5971,S597
E090,_
W1329,_
E1156,E115
C735,C73
D086,_
M1384,M1384
M07,_
X25,_
3550GRA0,_
H474,H474
C5010,C501
_________,_
H5051,H505
R361,R36
S3029,S302
T446,T446
CR3207,_
S947,S947
J960U,_
M4818,M4818
S071,S071
S4351,S435
F29NONE,F29
D2131,D213
S0019,S001
E080,_
A24,_
M4638,M4638
K506,_
I219IE788,_
P324,_
S2412,S241
W0989,_
C786X,_
M6253,M6253
S44,S449
M2443,M2443
E745,_
I2492A,_
J0682,J068
H5422,H542
B56,B569
B568,_
P731,_
O6208,O620
M2157,M2157
R192,R192
V365,_
I6502,I650
U700,_
P31,_
H5241,H524
V840,_
V479,_
Y95J4,_
K2161,_
O998O,_
Z8961,Z8961
T1581,T158
K217,_
D074,D074
K1515,_
T95,T959
M8805,M880
D055,_
P601,P60
E122N083,_
Z01592,Z015
P0700,P070
W1719,_
E862E8,E86
Q186,Q186
L0330,L033
S2242,S224
Y0498,_
N3901A,_
N03A,_
J441NO0,_
W2762,_
I219I,_
N720,N72
M262,_
H138,H138
V2149,_
N928,_
D3590,D359
N679,_
V2459,_
H3323,H332
O6808,O680
R661,_
V3818,_
B334,B334
A431,A431
Z180,_
H4014,H401
O425,_
T9381,T938
C7953,C795
M8917,M8917
M4858,M4858
Z9884,Z988
R1049,R1049
M2402,M2402
M601,M601
H3132,H313
0456,_
T473,T473
T533,T533
N3592,N359
3392,_
W495,_
H0522,H052
K247,_
V589,_
G952NONE,_
D3704,D370
W0998,_
M8054,M8054
5023,_
0359,_
C948,_
W5595,_
S9175,S917
L0312A,_
L605,L605
E861NO8,E86
S9193,S919
D659,D65
S065UO71,_
5789,_
E952,_
V34,_
M050,M050
5861,_
S5255A,_
D3A0,_
S3994,S399
A950,A950
K03,K039
A099CU071,A09
C703,_
O640O6,_
F641,F641
L029NONE,_
S5622,S562
G970,G970
T8419,T841
B8691,B869
W513,_
V022,_
M7923,M7923
O055,O055
R478,R478
M1632,M163
I6031,I603
G0409,G040
M8605,M8605
369,_
W0794,_
K517,_
C887,C887
I639R8,_
B882,B882
O809Z0,_
M0114,M0114
C512,C512
H5421,H542
S3170,S317
N189NA,_
G437,_
K2931,K293
W2105,_
W2101,_
V035,_
P0504,P050
J922,_
G375,G375
C101,C101
D6832,D683
M7480,_
M8646,M8646
J8484,J848
F1719,F171
A960,A960
E241,E241
I6205,I620
L923X,_
E11I,_
Z0153B1,_
C189M8010/3,_
Y0058,_
22A,_
N63NONE,N63
W177,_
J3382,J338
J9501,J950
K4320,_
M8797,M8797
M8081,M8081
O7090,O709
N032N1,_
N1329,N132
L269,L26
T4240,T424
A80,A809
W0599,_
F230UO71,_
N185N,_
O191,_
O179,_
K9225A,_
721,_
M6020,M6020
M1126,M1126
M2591,M2591
M6256,M6256
T2531,T253
S3243,S324
V2709,_
M7798,M7798
D599NA,_
Z3002,Z300
5166,_
M8807,M880
U0714,_
D2269,D226
5752,_
D860,D860
R5608,R560
K21J,_
L7390,L739
M5710,_
W5593,_
Q772,Q772
V320,_
F008,_
N364,_
K6400,_
E861NA,E86
M0138,M0138
J1489,J14
I5142,I514
H3577,H357
H1181,H118
M1921,M1921
Z568,_
I109K,I10
E119LO22,_
F1610,F161
1971,_
3870,_
C988,_
N039G,_
Q6102,Q610
A543,A543
A16A,_
A931,A931
Z601,Z601
I8400,I840
I389,I38
Z322Z3,_
Z9853,_
I567,_
D649NO0,_
R252S,_
P216,_
R17X,R17
S6881,S688
P207,_
M9360,_
N0592,N059
B0770,B07
E116M,_
H0X0X0AT07,_
T1430,T143
S8020,_
Q1320,Q132
Z3892,_
S8999,S899
19T1,_
S3629,S362
I25UO71,_
A803,A803
T52,T529
D572,D572
C7232,C723
S8229,S822
O1021,O102
H4469,H446
D62Z3,D62
M9550,M955
K2930,K293
M2012,M201
N1788,N178
D509EO32,_
I6523,I652
W4991,_
I847NONE,_
816,_
Z1899,_
6407,_
J139,J13
Y172,_
G9001,G900
O6996,O699
O668OO821,_
G546,G546
Z004,Z004
I639II19,_
M8957,M8957
N8361,N836
K7301,K730
R579UO71,_
M7136,M7136
S4981,S498
J065,_
D897,_
W3109,_
I418,I418
K980,_
S1411,S141
Q471,_
A992,A99
B873,B873
H282,H282
A9719,_
Y429,_
Y95JN179,_
H1802,H180
M1071,_
I751,_
S8980,S898
X2374,_
T1119,T111
A077,_
B021,B021
V1989,_
I6602,I660
A026,_
J0190A,_
E119NONE,_
M2183,M2183
M5325,M5325
X1004,_
L89NONE,L89
I961S,_
B990,B99
Y2422,_
M811,M811
2300,_
S9351,S935
S7035,_
U332,_
S45,S459
B750,B75
Y0001,_
M2600,_
I119I9,_
X200,_
D031,D031
O041,O041
O1500,O150
N390RO42,_
R468,R468
S187,S18
B1811,B181
A099AO69,A09
W012,_
O450UO71,_
K319Y,_
B424,_
J3812,J381
W4494,_
E166,_
0249,_
E746,_
X30,_
V879,_
A419AJ81,_
G113,G113
Q3814,Q381
E0409,E040
M6521,M652
B298,_
S5690,_
G447,_
O6490,O649
Q6162,_
S016,_
T049,T049
S5810,S581
S0999B,_
I694UO72,_
N40LO31,N40
Z514,Z514
S0194,S019
E0415,E041
I101UO72,I10
F433,_
M483,M483
C4A3,_
S6113,S611
Q129,Q129
I251NO1,_
S9,_
V699,_
O2343,O234
E119I,_
W4969,_
N2989,N298
L8910,L891
O681Z,_
B748,B748
M8609,M8609
L4050,L405
O7002,O700
E530,E530
N189E,_
S9342,S934
B823,_
D70NONE,D70
Y911,_
S9249,S924
B486,_
I6396,I639
S4392,_
E781E,_
K4001,K400
W1803,_
P473,_
A251,A251
Z549,Z549
N200N3,_
Q843,Q843
C2592,C259
760,_
T3032,T303
D376NONE,_
I120I2I9,_
N19RO40,N19
W0711,_
D89,D899
W871,_
X1201,_
S9420,S942
M8172,_
Y0469,_
H721,H721
C8591,C859
Q206,Q206
Z01812A1,_
O2110,O211
G832,G832
V139,_
Z002,Z002
M4522,M452
Q3091,Q309
Q3801,Q380
H525,H525
Z8611,Z861
P246,_
W4082,_
W3017,_
S3462,S346
W140,_
O844,_
N385,_
U071O,_
T0090,T009
H593,_
C1390,C139
C4352,C435
K1310,K131
A822,_
J872,_
S0033,S003
O415,_
Z213,Z21
E792,_
V2908,_
V243,_
S6781,S678
D486I,_
S4131,_
M1117,M1117
J411,J411
B883,B883
N6322,N63
R44,_
C835NONE,_
B229,B22
K519NONE,_
H814III9,_
Q7649,Q764
O39,_
L79,_
R605,_
G635,G635
S370Y,_
5974,_
5300,_
M309,_
I8890,I889
H422,_
O763,_
J259,_
M8791,M8791
M2597,M2597
F111,F111
I639NO3,_
S0401,S040
D408,_
Z02013,Z020
C9051,_
1720,_
M4015,M4015
J6893,J689
H099,_
I733,_
Y449,_
N9092,N909
G9019,G901
V8972,_
W1761,_
C3431,C343
J91NONE,J91
Y56,_
W2666,_
T359,_
L838,L83
1213,_
Z8719,Z871
J984NONE,_
D41,D419
S479,S47
T081,T081
V0290,_
P058,_
W571,_
W861,_
Q1032,Q103
V1499,_
A971EO49,_
M4046,M4046
P3639,P363
S7000,S700
K739UO71,_
M8587,M8587
Y0899,_
E106IN390,_
0911,_
S6802,S680
M1831,M183
E876IJ00,_
B247,B24
Z023,Z023
C7740,C774
Y792,_
M888,M888
B0701,B07
D140M8,_
V624,_
W5709,_
D1650,D1650
D1031,D1031
I133,_
S2249,S224
E64,E649
I119NO7,_
M7751,M775
L7235,_
S0134,S013
R0981,R098
H794,_
R819,R81
X2299,_
G0099,G009
T784TZ84,_
O8149,O814
Z3038,Z303
C601,C601
K603NONE,_
N1885,N188
684,_
I522,_
B134,_
C80M8,C80
Z038ZZ08,_
A970A9O,_
O979,O979
S160,S16
S5002,S500
A980,A980
A419CHRONICRENALFAILURE0,_
T262,T262
0804,_
F60,F609
D391X,_
W4982,_
Q8539,_
O0212,O021
M9581,M958
M4022,M4022
J1501,J150
K6210,K621
O6312,O631
T6344,T634
K1492,K149
D6492,D649
N2882,N288
O9803,O980
N0289,N028
I248NO3,_
H5291,_
S312TYPEA,_
Q1210,Q121
G4094,G409
Z183,_
K5109,K510
E135NA,_
N9731,N973
G9360,G936
C9001,C900
S9813,S981
H510,H510
Y95A4,_
I6090,I609
V241,_
U071UO89,_
NSD0,_
F131,F131
W12,_
K0683,K0683
O0480,O048
S6720,_
F508,F508
W35,_
L661,L661
T802UO72,_
Y218,_
A801,A801
B28,_
K5665,K566
I78,I789
J3789,_
Q792O,_
M8213,M8213
M975,_
M978,_
S5711,_
S3161,_
L372,_
W2798,_
M6649,M6649
S256,_
C0810,C081
K8061,_
S0104,S010
L229,L22
M762,M762
A253,_
J868,_
A971DMTYPEII,_
089,_
A683,_
W399,_
V918,_
I1019,I10
X170,_
G7289,G728
I854,_
B869,B869
D486NONE,_
T7802,T780
M1308,M1308
T2350,T235
O2661,O266
O51,_
A560,A560
D54,_
M8825,_
151,_
Y556,_
D190,D190
J1263,_
C19T10,C19
O284,O284
S7630,S763
C218I3,_
J449NO3,_
F411NONE,_
H9201,H920
I251UO71,_
3643,_
A0601,A060
J039NONE,_
V814,_
X4590,_
J3580,J358
N2884,N288
L9881,L988
P2889,P288
N10NONE,N10
O0115,O011
N311,N311
C782C7,_
W3488,_
I739Z,_
1880,_
K6280,K628
R682,R682
Q3592,Q359
X5599,_
G3509,G35
D4100,D410
S343,S343
D262,_
Z937,_
I609NONE,_
Z4720,_
Z334,Z33
S8313,S831
S0025,S002
I2514,I251
F564,_
A0999,A099
N189N1,_
O7023,O702
H8199,H819
N744,N744
O147,_
322,_
E878NO1,_
S420XA,_
S3682,S368
P5842,P584
T1281,T12
M8959,M8959
W0192,_
G553,G553
P948,P948
O0698,O069
R40,R409
C5052,C505
S107,S107
F642,F642
V1199,_
0101A,_
W343,_
6277,_
G924,G92
E900,E90
P319,_
U671,_
C509I9,_
M006,_
757,_
R010,R010
T870,T870
S019UO71,_
E1167,E116
Q565,_
M9122,M912
P999,_
I157,_
S0249,S024
K298NO9,_
O211Z3,_
X451,_
N8581,N858
K660K3,_
N151UO71,_
P203,_
I101MOO9,I10
E878UO72,_
N94,N949
H0550,H055
M1860,_
9960,_
E119NA,_
S926,_
I7789,I778
D1010,D1010
U0729A,_
C424,_
Y111,_
H5782,H578
R5700,R570
W2607,_
S6633,S663
Z370O6,_
B218,B218
R350,R35
L669,L669
W0988,_
T8182,T818
D275,D27
K5229,K5229
638,_
B3730,B373
D4951,_
M9831,_
X1094,_
K3633,K36
L06,_
O023,_
M741,_
N0369,N036
C5042,C504
H4392,H439
J981NONE,_
K30X,K30
W378,_
H2810,H281
2700,_
N270NONE,_
K249,_
S509TYPEA,_
H5985,H598
Q89,Q899
D1600,D160
I1101,I110
G63,_
Z79,_
K320,_
I129Z9Q2,_
C5590,C55
2308,_
H48,_
N095,_
K2989,K298
K468,_
K1222,K122
X090,_
I52,_
N069,N069
M9708,_
G71,G719
M2141,M214
M5455,M545
C5,_
O919,_
I485,I48
Q3581,_
3700,_
209,_
N9505,N950
672,_
C8303,C830
Z0155A1,_
20160,_
A229,A229
P202,_
F490,_
Z296,_
M2621,_
M8013,M8013
Z0155,Z015
S3522,S352
J2091,J209
E109A,_
Y2252,_
V6999,_
N808X,_
W234,_
O429Z3,_
B25,B259
I464,_
W1702,_
N139N,_
M0704,M0704
Q814,_
I749NO1,_
H4121,_
S234,S234
M329UO71,_
G9390,G939
E729,E729
H1602,H160
S2790,S2790
R18UO71,R18
A666,A666
T29,_
X198,_
S8599,S859
Z649,_
W1981,_
O7568,O756
T1192,T119
G086,G08
K032,K032
C346,_
S8370,S837
S8610,S861
E1321,E132
E311,E311
Z011E,_
A062E861,_
CR1916,_
Z3443,_
W268O9,_
N185ZZ92,_
B668,B668
1652,_
L0402,L040
K0731,K0731
N189NO7,_
T7932,T793
3600,_
Y4559,_
M8158,M8158
5648,_
K465,_
H541,H541
K384,_
C19TI,C19
V634,_
M769,M769
S260,S260
M8693,M8693
H6059,H605
S6511,S651
T701,T701
N258UO71,_
J419,_
R718,R71
B799,B79
W0698,_
P2099,P209
C793M8OOO6,_
K210TYP60,_
B573,B573
J290,_
G0490,G049
Z198,_
V0199,_
J128NO4,_
O107,_
63,_
F958,F958
CR0276,_
Z65,Z659
C920N,_
C1951,C19
N1810,N181
O0309,O030
O171,_
N6391,N63
K760NO9,_
I119III9,_
J3421,J342
R898,R898
K291LO31,_
L990,L990
Q726,Q726
L069,_
M9621,M962
M6150,M6150
487,_
R093,R093
S9202,S920
D2372,D237
W106,_
Z4900,Z490
H2961,_
C4370,C437
073,_
V371,_
B361,B361
M133,_
K2784,_
I580,_
Y509,_
K5600,K560
K524,_
S8243,S824
O6510,O651
8681,_
O181,_
212,_
I1451,_
H5089,H508
5869,_
K922NO8,_
D2271,D227
G5610,G561
Q572,_
I179,_
M7521,M752
R571R,_
W0139,_
Q2732,Q273
O3121,O312
C8191,C819
T8400,T840
O829BTL,_
J1832,_
A160RO42,_
V939,_
C4990,C499
K802NO7,_
F869,_
H3010,H301
M7093,M7093
A1830,A183
D3001,D300
A14,_
K3989,_
K4311,K431
V68,_
Q1891,Q189
K3590,K359
P54,P549
2222,_
P671,_
L799,_
F801,F801
M4599,M459
J8189,J81
R627,_
P689,_
O3682,O368
J449NO8,_
P52,P529
S4249,S424
M7119,M7119
W0801,_
V2740,_
O0039,_
N02,N029
N1370,N137
Y0944,_
V481,_
R031,R031
I372,I372
J889,_
K7502,K750
Q1340,Q134
M7746,M774
P095,_
M6626,M6626
Z3290,_
C804,C80
858,_
W032,_
M065,_
V2990,_
J140,J14
751,_
W4482,_
W2252,_
S0605,S060
S094,_
0350,_
S711X,_
X5832,_
E779,E779
L9701,L97
M953,M953
T8571,T857
G789,_
E402,E40
T1461,T146
W1549,_
P090,_
9702,_
Z4501,Z450
I4950,I495
O995UO71,_
Y319,_
H3549,H354
S2722,S272
M9384,M9384
J863,_
E834IN179,_
H8109,H810
K279N3A0,_
M2453,M2453
O3620,O362
A160IMPO1,_
Q3780,Q378
M7607,M760
0221,_
M8150,M8150
V4399,_
W3159,_
K7471,_
J9810,J981
G611,G611
T2122,T212
R767,_
K444,_
W0601,_
X592,_
S758,S758
W173,_
Z2327,Z232
4000GRA0,_
S0981,S098
J960N9,_
A101,_
D892,D892
O129,_
C0800,C080
Q930,Q930
V439,_
T532,T532
O0021,O002
L2040,_
S0179,S017
A4192,A419
O342Z3A1,_
E121,E121
N039N1,_
S0087,S008
H0252,H025
S687,_
I388,I38
Q782,Q782
N4320,N432
B1819,B1819
T9380,T938
E414,E41
M7116,M7116
398,_
I547,_
P600,P60
I217,_
H5300,H530
P0088,P008
O9934,O993
S046,S046
D722,_
M2576,M2576
J453,_
C983,_
D626,D62
I023,_
O28,O289
N185NI85,_
Z392R9,_
G4403,G440
S3093,S309
S3122,S312
P054,_
Y923,_
O7030,O703
R509R,_
W1064,_
M895\,_
E23,_
G79,_
S870,S870
S2203,S220
S9190,S919
D030,D030
1440,_
G489,_
I622,_
I766,_
Y2862,_
M2160,M2160
R359,R35
V4799,_
H6099,H609
S6181S1,_
W3001,_
H526,H526
V884,_
W2392,_
U2919,_
I101LO31,I10
O9809,O980
J3242,J324
11V,_
5186,_
Z356Z3,_
I1499,_
S3183,S318
J3045,J304
196,_
Z8922,Z8922
H811ROO,_
O0809,O080
W938,_
M96,M969
O7809,_
G975,_
M4919,M4919
O607,_
A0609,A060
Z2380,Z238
H0271,H027
H0102,H010
H2703,H270
N6531,_
E1120,E112
A162DE119,_
B872,B872
C9008,C900
V0109,_
K972,_
S824XA,_
L0591,L059
R762,R762
V2250,_
P025P,_
M5440,M5440
Y0951,_
0251,_
Y2803,_
O508,_
D2930,D293
N200NR11,_
K802N,_
L727,_
W458XXA,_
X639,_
P0509,P050
S4115,S411
S925X,_
M8833,_
H2404,_
P539,P53
I1592,I159
Y6899,_
I3409,I340
0180,_
Z22,Z229
M2311,M2311
M2552,M2552
P5900,P590
M3280,M328
N2983,N298
V892X,_
M1387,M1387
S5421,S542
F4537,F453
Y871,_
M4118,M4118
D3191,D319
222A,_
I628,_
I954,_
M610,M610
W2202,_
R072,R072
J3212,J321
S0072,S007
J0102,J010
H841,_
H0253,H025
O3502,O350
R140,R14
C8523,C852
K8499,_
J313,_
J8400,J840
I6792,I679
X5931,_
I119NO4,_
S5650,S565
W4592,_
L915,_
H5441,H544
1210,_
E391,_
N185E7,_
E7209,E720
H193,H193
Z0291,Z029
T9521,T952
X644,_
M27,_
J960N3,_
K814,_
G449,_
I2189,_
W1780,_
S6822,S682
I148,_
N189I2,_
X0403,_
H591,_
J9392,J939
J9829,J982
V366,_
0060,_
X410,_
J433,_
M3482,M348
Y568,_
S5228,S522
T1690,T16
K531,_
H4412,H441
N475,N47
L448,L448
M1595,M159
O427,_
M6080,M6080
D009,_
F223,_
V670,_
O9932,O993
M0840,M0840
O631O,_
S911A,_
O342O6,_
L0247,L024
M1916,M191
W5190,_
I1001,I10
O09A,_
T883,T883
M084,M084
O799,_
G510NONE,_
W1368,_
X2599,_
O141X0,_
D649LO31,_
Q72,Q729
D500XA,_
J362,J36
J833,_
W2091,_
Z4882,Z488
M381,_
R5714,R571
C8300,C830
W3073,_
I2488,I248
O172,_
O001OO83,_
B122,_
O342Z,_
F140,F140
R492,R492
2781,_
Z371O6,_
S6591,S659
L599,L599
Q6103,Q610
A428,A428
M8391,M8391
K5530,_
5863,_
H1792,H179
O383,_
S7115,S711
K5191,K519
H4581,H458
101A,_
S9203,S920
W1092,_
N2700,N270
G964,_
K608,_
K9229,K922
O101O,_
I173,_
H9020,H902
B43,B439
M8173,_
I214UO71,_
K5941,K594
H5182,H518
T282,T282
X178,_
F1009,F100
Y890,_
C0187,C01
N102,N10
S0154,S015
L0491,L049
O0552,O055
S310TYPEA,_
E1413,E141
0690,_
1861,_
K2230,K223
L0031,L00
O6314,O631
M2121,M2121
C7930,C793
M1286,M1286
M8097,M8097
V15,_
N6302,N63
L0282,L028
L7239,_
W1781,_
P934,P93
F105X2,_
I590,_
R457,R457
071,_
B66,B669
M11,M119
O3241,O324
Z611,Z611
O7221,O722
M152,M152
M8735,M8735
D788,_
X1709,_
M9043,M9043
S33,_
M8610,M8610
T2020,T202
B698,B698
Y240,_
U5000,_
M4625,M4625
Z10,_
M109NONE,_
I114,_
Y529,_
L8911,L891
L8920,L892
O0930,_
H032,_
O2447,O244
Z0370,_
H290,_
X1748,_
T307,T307
M8124,M8124
H938X9,_
S835X,_
X89,_
L790,_
R6651,_
D6381,D638
P1936,_
W80,_
H0481,H048
O691Z,_
V001,_
V3499,_
I478,_
Q7401,Q740
D8890,_
M6701,M670
I119I5,_
N19X,N19
L977,L97
M2458,M2458
R1818,R18
0713,_
O612,_
N532,_
E144G6,_
M9019,M9019
N983,N983
N30O,_
M369,_
H0031,_
H5491,H549
D3901,D390
M6562,_
Y284,_
I3099,I309
D567,_
H11O0,_
P9163,P916
K7151,K715
I695,_
M8382,M8382
I325,_
T141W,_
O222,O222
N975,N975
L440,L440
A611,_
O9279,O927
Q6100,Q610
P081PO73,_
A971UO72,_
Z3246,_
Q1381,Q138
P55,P559
E895,E895
C519M8012/3,_
D807,D807
J449OU71,_
6938,_
H1591,H159
O3443,O344
H4171,_
E0935,_
I1469,_
R9402,R940
K6101,K610
H9391,H939
G925,G92
E871E8,_
P382,P38
E876NO1,_
D638I1O9,_
I6359,I635
O944,O94
H4424,H442
K000,K000
T677,T677
S4599,S459
V2980,_
O0210,O021
I3892,I38
L3200,_
N6,_
S8920,_
O6520,O652
817,_
I101I1,I10
A097,A09
R409,R409
N3902A,_
J3089,_
M223,M223
M2464,M2464
C49A2,_
H6640,H664
N252,_
V2944,_
M838,M838
N18N5,_
C787X,_
Y550,_
Z813,Z813
N083I1,_
H1851,H185
T8540,T854
75,_
S4810,S481
7380,_
H259O,_
M2575,M2575
S7440,_
A440,A440
V899S8,_
M7719,M7719
M0802,M0802
S7002,S700
C6932,C693
S8531,S853
T8881,T888
V4909,_
Z348Z,_
V214,_
Q96,Q969
E765,_
O680U9,_
S781,S781
H4591,_
P3696,P369
O3432,O343
W1979,_
K6321,K632
A180M1,_
M5121,M512
S7,_
M6592,M6592
I500NO0,_
X16XXXD,_
O7013,O701
K399,_
K2929,K292
R0521,R05
H2685,H268
L8962,L89
Q762,Q762
C9391,C939
D2800,D280
M9221,M922
M9508,M950
K5016,K501
41,_
9260O0,_
C191CI,C19
J1852,_
N5250,_
D4831,D483
A8091,A809
V370,_
H5320,H532
Q061,Q061
W2693,_
Q159,Q159
S232,S232
E1163,E116
F648,F648
E724,E724
I1122,_
O8423,O842
M0143,M0143
M355,M355
M5135,M513
D589NO1,_
M8201,M8201
K679,_
Z8503,Z850
U0712,_
34,_
M2363,M2363
W2069,_
D4411,D441
M2580,M2580
A07,A079
S9I3,_
P931,P93
X0991,_
L3080,L308
D255,_
W7481,_
I662,I662
I1828,_
T813UO71,_
O254,O25
N8050,N805
S6722,_
N189NO,_
M8143,M8143
V595,_
W159,_
V5849,_
Z370Z3,_
G078,G07
H2545,_
5243,_
M6525,M6525
P924,P924
00000,_
C509M8000/3,_
S5400,S540
A9710,_
M8231,_
Z71,Z719
P5481,P548
H532,H532
K5380,_
S533,S533
K3359,_
J304NO0,_
R933,R933
N1842,N184
I6711,I671
I648,I64
A0699,A069
P053,_
M7046,M7046
H3507,H350
M7979,M7979
Q810,Q810
Z9601,Z960
1509II29,_
V164,_
G631,G631
R5602,R560
H663X9,_
E8350,E835
E116I2,_
T3181,T318
M4110,M4110
M7250,M7250
N390M1A0,_
C782C1,_
N474,N47
E670,E670
W1790,_
Y220,_
C9010,C901
S0I4,_
N26UO71,N26
S8390,_
D1640,D1640
W3208,_
M7630,M7630
N818X,_
M8956,M8956
P701Z3,_
I724NA,_
M8684,M8684
N4339,N433
9939,_
M9722,_
M8241,_
S5320,S532
J069SO21,_
E409,E40
F902,_
Z185,_
I529,_
E380,_
P9653,P965
Z598,Z598
Y424,_
S0481,S0481
R159,R15
S3010,S301
F292,F29
M8724,M8724
L449,L449
Y1871,_
Z808,Z808
X0888,_
O6810,O681
J298,_
N858Z,_
G731,G731
O9903,O990
H0620,H062
M4026,M4026
B8301,B830
M370,_
0758,_
H0142,_
X80,_
N6482,N648
L241,L241
C140M8010/3,_
K047NONE,_
C058,C058
O920Z,_
K3558,_
H4015,H401
T4552,T455
D630G,_
V5899,_
6934,_
W101,_
D6499,D649
M965O3,_
T2124,T212
C114,_
O6807,O680
J334,_
K1090,K109
H437,_
L022NONE,_
099NO1,_
E8701,E870
J90NO8,J90
M8685,M8685
C7640,C764
M6155,M6155
G5700,G570
Q314,Q314
M8725,M8725
N9710,N971
W2649,_
6403,_
5576,_
V474,_
E162EE16,_
R571UO72,_
O686,_
1081,_
M6218,M6218
N9500,N950
H4099,H409
E7850,E785
H6052,H605
K6281,K628
X119,_
L948,L948
X5803,_
D488UO71,_
E843,_
K5I2,_
E8976,_
Y95U0,_
T633,T633
V129,_
S5682,S568
Y924,_
B300,B300
J429,J42
L273,_
J3652,J36
A419E8,_
S0053,S005
Y3328,_
S5151,_
H1045,H104
X472,_
W0301,_
D3151,D315
M1736,M173
M145,M145
O018,_
J9392A,_
Q139,Q139
L3081,L308
M723,M723
W5000,_
R1430,R14
O495,_
H4714,H471
D0371,D037
O600Z3A3,_
O8030,_
S795,_
E8231,_
H4061,H406
W256,_
O4292,O429
E191,_
S7029,_
I8321,I832
K202,K20
O970,O970
N390E,_
S729UO71,_
O9911,O991
S6305,S630
O322OI49,_
H7091,H709
XXX,_
T370,T370
M2482,M2482
J4990,_
H359NO3,_
K536,_
R142,R14
K6235,K623
495,_
P190,_
C191T,C19
B9688,B9688
P253,P253
J397,_
N0097,N009
H2682,H268
Q130,Q130
K840,_
W768,_
Y1994,_
B9209,B92
W0900,_
B376,B376
I48O,I48
S066X,_
S804,_
J939NONE,_
I506,_
W2909,_
T2302,T230
T9415,T941
O9831,O983
I10X,I10
S757,S757
L787,_
T8581,T858
C429,_
C539M,_
0720,_
H6242,H624
3541,_
V3259,_
X3099,_
N844,_
R41,_
M8095,M8095
G60,G609
5578,_
H2441,_
Z6791,_
H5061,H506
664984,_
L033NA,_
6809,_
P1341,P134
G965,_
J4390,J439
W2292,_
M1765,_
O92,_
Z126,Z126
L67,L679
I7710,I771
O2690,O269
G5491,G549
Z2032,Z203
M9535,M953
D3290,D329
5589,_
B362,B362
O7O2,_
Q985,Q985
N8999,N899
M2107,M2107
O2620,O262
409,_
X0494,_
S4611,S461
O114,O11
I894,_
E109NO40,_
H551,H55
P541,P541
N6090,N609
Z9852,_
G354,G35
W6462,_
K989,_
K449NO0,_
W3078,_
O44O8,_
T60,T609
Q394,Q394
J67,J679
T129,T12
S720TYPEA,_
F469,_
M4124,M4124
V865,_
B42,B429
Q1801,Q180
C539M8701/3,_
M1254,M1254
A370J170,_
T0240,T0240
H4739,H473
L815,L815
M9756,_
J1228,J122
T0250,T0250
M9606,M960
V3309,_
T062,T062
N39O,_
R3919,R391
U2809,_
A119,_
N1301,N130
D8101,D810
X201,_
M7099,M7099
E298,E298
N210R3,_
M7254,M7254
N1511,N151
W2079,_
M9110,M9110
E5499,E54
Y0008,_
K3509,K350
M329NO0,_
K5282,K528
N54,_
X3,_
H198,H198
S6239,S623
G302,_
K1161,K1161
C787R5,_
765,_
M329NONE,_
M2349,M2349
0109,_
E281,E281
N8092,N809
S3011,S301
P073P,_
R4581,R458
I322,_
Y616,_
Z3702,Z370
1930,_
Y0809,_
P0513,P051
W0338,_
9UO71,_
J4496,J449
D553,D553
D571,D571
1680,_
N968,N96
E119EO5,_
L4491,L449
D455,D45
H413,_
Q773,Q773
O702O8,_
E1071,E107
N185NO3,_
O202,_
I101JII1,I10
Q81,Q819
Q266,Q266
M2577,M2577
Y938,_
C19I9,C19
N18Q,_
D0412,D041
C6211,C621
V061,_
I269N9,_
N1361,N136
M4139,M4139
5827,_
A875,_
E876EO59,_
S2183,S218
M2511,M2511
I981,I981
M052,M052
I0989,I098
S0030,S003
I031,_
D627,D62
G531,G531
J480,_
T802UO71,_
T9831,T983
C851NA,_
K253K9,_
P0515,P051
S162,S16
U071I,_
P205,_
O2671,O267
X1189,_
N320NONE,_
J3589,J358
J2342,_
M9864,_
N979NONE,_
S0056,S005
K1301,K1301
C795CJ81,_
R688C,_
O436,_
V286,_
Y2199,_
M8102,M8102
S0350,S035
C4421,C442
K802NA,_
R540,R54
K35O,_
D2710,D27
Y847,_
N685,_
H9182,H918
J189XA,_
H562,_
T2107,T210
N056,N056
G613,_
F730,F730
I1411,_
X5892,_
N390Z,_
E768,E768
N03AN19,_
C541M8010/3,_
M9451,_
P0034,P003
W2044,_
I6302,I630
V739,_
Z0311,Z031
K680,_
Y3322,_
K2770,K277
R511,R511
D687,_
W265,_
W590,_
R0920,R092
O1410,O141
T1414,T141
B6592,B659
E0950,_
T217,T217
S4172,S417
C61CGI,C61
T8752,T875
L251N,_
T3130,T313
H0380,H038
H4210,_
I495NONE,_
K259UO72,_
X429,_
3950GRA0,_
W2390,_
M9069,M9069
Z8921,Z8921
I8421,I842
M7652,M765
V3949,_
J038JO38,_
I779NO3,_
Y649,_
E113N0,_
I484,I48
W1028,_
D2570,D257
O0064,_
5572,_
N1089,N10
Z370H,_
V7769,_
X4809,_
Z054,_
S472,S47
T717,T71
L8995,L899
F742,_
P925,P925
1P,_
W6708,_
O648O,_
K00,K009
T596,T596
D2401,D24
H0443,H044
I1201,I120
L302,L302
A692,A692
M1220,M1220
J369,J36
M9727,_
E576,_
N2003,N200
O7580,O758
901,_
Z573,Z573
R836,R836
S6851,_
M8491,M8491
K059,_
L939,_
K758X,_
M9921,M9921
M7108,M7108
X149,_
E0821,_
I5678,_
R571UO71,_
D1795,D179
884,_
I119NO2,_
Y0949,_
Q975,_
E878NO8,_
P361UO71,_
T425,T425
D869,D869
F1020,F1020
K6100,K610
V041,_
M8280,M8280
S6431,S643
S6541,S654
2866,_
M7201,M720
N1999,N19
K5722,K572
G07B3,G07
J012JO13,_
S099SO11,_
K5908,K590
C6790,C679
H6182,H618
X3332,_
D2251,D225
M641,_
E430GG800,E43
M2118,M2118
S2750,S2750
G821,G821
S6193,S619
K566R,_
G8384,G838
D183,_
N185\,_
X5939,_
P734,_
C7A0,_
E518,E518
G5792,G579
C116,_
E560,E560
N845,_
O373,_
A595,_
149,_
F249,F24
F505,F505
O995OO83,_
D3490,D34
E876AO60,_
Z9591,Z959
K788,_
O234OO19,_
H4005,H400
Z3832,Z383
H3089,H308
52,_
A1483,_
613,_
C0510,C051
K31A0,_
N705,_
M884,_
W6989,_
1615,_
T761,_
M3391,M339
M8531,M8531
C7109,C710
L505,L505
M2200,M220
M8006,M8006
M8007,M8007
E40E,E40
Z8711,Z871
M7029,M7029
C20M,C20
C921NONE,_
T51,T519
0769,_
M8381,M8381
2640,_
J90UO72,J90
T141W4,_
P369PO34,_
E0510,E051
Z7292,Z729
M746,_
D2102,D210
X7599,_
Z973,Z973
F528,F528
D63AJ81,_
M1812,M181
B4591,B459
L258,L258
J9584,J958
O730O,_
O4405,O440
V675,_
A63O,_
V278,_
C201,C20
M611,M611
H3080,H308
3800GRA0,_
S721UO71,_
J9581,J958
P696,_
Z022,Z022
C549M8380/3,_
M19910,M199
V698,_
N1331,N133
E0481,E048
I223,_
W1729,_
X1204,_
M7610,M7610
5500,_
J1888,J188
W4498,_
I7792,I779
Y588,_
C5399,C539
S3001,S300
N390UO72,_
O6001,O600
T405,T405
I454NO1,_
J690NA,_
O6980,O698
S4332,S433
X959XXA,_
W1710,_
C119T1,_
C330,C33
V0214,_
Z18,_
A1850,A185
K602NO1,_
I362,I362
M967,_
C7111,C711
S1415,S141
D040,D040
E1193,E119
L0893,L089
H3492,H349
H371,_
Y539,_
S547,S547
T257,T257
W0684,_
D649NO3,_
S2205,S220
D317,_
W0803,_
M1311,M1311
K6454,_
J3490,_
E941,_
C499M8890/3,_
M8935,M8935
W167,_
P369PO73,_
K092NA,_
V682,_
5651,_
T3111,T311
Q171,Q171
1040,_
K750NO7,_
B972UO71,_
W8681,_
Z722,Z722
K1152,K115
C4110,C4110
K7201,K720
W097,_
P051P8,_
2304,_
Q767,Q767
K7401,K740
B098,B09
0FT40ZZ,_
M9312,M931
C6293,C629
M3000,M300
I248R0,_
M016,M016
R1032,R103
S8332,S833
D5008,D500
K815,_
A13,_
W406,_
I7811,I781
L5701,L570
W5641,_
N198,N19
X583,_
Z729,Z729
J2392,_
M922,M922
B920,B92
M4645,M4645
142NO83,_
N6390,N63
S4042,_
S892,_
Z8521,Z852
K218,_
0ST026,_
S3021,S302
I4388,I438
O3981,_
Z620,Z620
S6360,S636
Z1501,_
U570,_
Y61,_
N185E1,_
O485,O48
J4541,_
B39,B399
L0511,_
O0339,O033
S2825,_
S6000,S600
M8892,M8892
0159,_
T6591,T659
Y339,_
7014,_
C467,C467
H3190,H319
5014,_
O4441,_
C6990,C699
S247,_
E0862,_
M844NO9,_
H1833,H183
N8035,N803
S028S0,_
M7966,M7966
E258,E258
K409X,_
S518S,_
12025,_
M2436,M2436
D149,_
K5291,K529
H7440,H744
M6666,_
F420,F420
B979,_
P0110,P011
K0291,K029
I498NO3,_
A0939,A09
M9505,M950
C787C7,_
K0261,_
F72,F729
S019TO19,_
H362,_
N0,_
W4009,_
Z3850,Z385
C20Z,C20
C8407,C840
N39NONE,_
H3880,_
D3691,D369
N169,_
D4410,D441
W1102,_
J304NO4,_
E116NOICDFOUND,_
D919,_
Q288,Q288
M1814,M181
S6650,S665
J320NO7,_
639,_
5NA,_
S5612,S561
S619X,_
K3219,_
M8812,_
H954,_
M8656,M8656
O7029,O702
C4199,C419
S582,S582
G891,_
P075,_
H4901,H490
K690,_
I8243,_
D6301,D630
J159JN30,_
D269X,_
D2479,D24
X2999,_
L89NO0,L89
P940,P940
D3811,D381
M5800,_
M2109,M2109
X8699,_
S143X1,_
J81X,J81
Q293,_
M3261,_
C7199,C719
I575,_
D1690,D169
M9290,M929
B196,_
G629NO0,_
K1850,_
Z8502,Z850
D5398,D539
M329M4,_
A60C,_
A16Z,_
P5510,P551
L663,L663
A200,A200
M6700,M670
V3449,_
K707,_
K930X,_
I777,_
T3120,T312
B841,_
N3910,N391
Y444,_
D4836,D483
L0881,L088
Y179,_
0421,_
V2048,_
N16,_
P369PO25,_
I498NO9,_
O6992,O699
S6891,S689
N85O,_
K5791,K579
S0209,S020
M7636,M763
I5010,I501
M0281,M0281
D254,_
W120,_
S9002,S900
Z380PO34,_
E0861,_
K7601,K760
T354,T354
5551,_
L041NONE,_
S9842,S984
J192,_
B5804,B580
M8243,_
249,_
T890,_
M7620,M7620
S8629,S862
W4462,_
0479,_
C9110,C911
V872,_
M001,M001
S5030,_
W601,_
H4442,H444
5746,_
E114DAGGER,_
R859,R859
H0491,H049
N884,N884
A9700,_
1295,_
H6612,H661
S844,_
J939XA,_
C795C3,_
C7700,C770
S3202,S320
0800A,_
S2189,S218
E047,_
M2572,M2572
Z949,Z949
N8189,N818
O599,_
A419NO3,_
C965,C965
Z127,_
N3281,N328
O3240,O324
E1364,E136
X18,_
M9998,M9998
K5000,K500
M8230,_
O042,O042
W1958,_
C544,_
S406,_
T365,T365
A932,A932
P0096,P009
T719,T71
J4412,J441
P223,_
H7122,H71
V0939,_
A016,_
V4348,_
Y0919,_
O3461,O346
R5611,_
Y3498,_
S0970,S097
O4711,O471
T3027,T302
I2146,I214
J4893,_
D0005,D000
H657,_
K9145,K914
A9670,_
V2914,_
2S2A,_
A22C7,_
A024,_
M0112,M0112
S992,_
K464,_
Q702,Q702
H060,H060
9935,_
N939NO01,_
Z1883,_
C7117,C711
R1040,R1040
K8612,K861
S928,_
C910D,_
W240,_
T048,T048
O691Z3,_
L8192,L819
L9802,L980
A170EE12,_
K259K,_
5684,_
F4310,F431
E043,_
M739,_
Z8612,Z861
D649UO72,_
T338,T338
Y0449,_
M8624,M8624
X399,_
J969K5,_
H429,_
C84A,_
7390,_
C3430,C343
O7500,O750
S5402,S540
Z169,_
J690PO80,_
I055,_
J81N5,J81
Y2588,_
H4026,H402
C4101,C4101
D3801,D380
M3169,M316
R586,R58
S6721,_
M2126,M2126
349,_
E678,E678
G4790,G479
N1832,N183
W6002,_
C4351,C435
L600X,_
Z9470,Z947
9239,_
S2112,S211
A62,_
O992Z3,_
I4814,I48
S4223,S422
S9239,S923
P2038,_
C225,_
V0900,_
1458,_
D345,D34
1708,_
M8509,M8509
323,_
C6991,C699
S0279,S027
M6221,M6221
V2419,_
L899NONE,L89
5220,_
T79A0XA,_
C19PPI,C19
S3144,S314
W329,_
O06X,_
M7096,M7096
I500UO71UO89,_
186,_
X9998,_
N390NS060,_
E861RS60,E86
M7193,M7193
S2281,S2281
C7651,C765
O1023,O102
E1195A,_
I1260,_
H2699,H269
N6340,N63
I639M1A9,_
I2721,I272
S002S1A,_
L8210,L82
C7933,C793
528,_
M0801,M0801
O087,O087
E8696,E86
N189NO39,_
S1420,S142
K668D,_
P0810,P081
K0981,K0981
W496,_
Z0377,_
K546,_
5425,_
J9116,J91
Z3706,Z370
N4883,N488
F253,_
H1606,H160
G5000,G500
2AS91,_
V2840,_
M2429,M2429
M2139,M2139
W5004,_
M2595,M2595
D5005,D500
Z838,_
N1380,N138
I049,_
P92,P929
X009,_
S3902,S390
N7092,N709
O654O,_
L0382,L038
K6051,K605
K785,_
Q1232,Q123
2850GRA0,_
N087,_
K2794,K279
W253,_
T7939,T793
G2390,G239
L031LO31,_
H351NO9,_
M851,M851
N4289,N428
Z3A0,_
H2112,H211
D2598,D259
D108,_
K567XA,_
V8299,_
J0110,J011
W0158,_
S018S0,_
M8912,M8912
3602,_
M2560,M2560
E270,E270
S3962,S396
K961,_
M9055,M9055
W098,_
Z093,Z093
I869II0,_
E940,_
L504,L504
2961,_
Z9229,Z922
K4009,K400
Y350,_
K8309,K830
H4723,H472
K595,_
H6161,_
M77,M779
Z942,Z942
S7306,S730
C733,C73
R939,_
Z1188,Z118
H038,H038
Z508,Z508
J9383,J938
M1400,M140
F680,F680
W2219,_
L039M1A9,_
V496,_
T4551,T455
K2211,K221
I6903,I690
C20M8,C20
Q3792,Q379
S4871,_
P0259,P025
M9770,_
H5301,H530
H2709,H270
Y0399,_
H1996,_
W4069,_
E931,_
R4902A,_
M0071,_
M9371,_
I251I3,_
M2050,M205
M7079,M7079
K358Z3,_
W3298,_
5817,_
D5001A,_
O3621,O362
A798,A798
B299,_
I812,I81
H1820,H182
O9081,O908
S0993,S099
D2400,D24
S2180,S218
K318NA,_
E853,E853
8140,_
I119NO39,_
W2683,_
D6469,_
M8383,M8383
T8574,T857
M8507,M8507
X520,_
Z700,Z700
D370NONE,_
Y546,_
T882,T882
Y06,_
T281,T281
R168,_
S0400,S040
Y1799,_
W5449,_
219,_
I109\,I10
I642,I64
Z8789,Z878
T17XXA,_
S7632,S763
X0962,_
V828,_
H6532,H653
D182,_
Z1001,Z100
N979NO3,_
S1010,S101
M7680,M7680
L9841,L984
77S,_
E112_N083,_
C7900,C790
M4627,M4627
S1320,S132
R830,R830
O394,_
P046,P046
B9691,_
E887,_
O856,O85
V880,_
D1281,D128
M2536,M2536
M8033,M8033
E1221,E122
H0213,H021
L820,L82
X1803,_
O773,_
W0462,_
L87,L879
T8110,T811
O6011,O601
M4516,M451
W2681,_
E667,_
0011,_
W4404,_
P300,_
K5141,K514
S4352,S435
M6292,M6292
Q987,Q987
59518,_
T470,T470
Z0157A1,_
M4803,M4803
S4070,S407
5652,_
P58,P589
E1340,E134
O8809,O880
R785,R785
M9538,M953
B1920,_
M2432,M2432
E8602,E86
9355,_
I123,_
S1101,S110
E8501,E850
B039,B03
E852,E852
L058,_
V576,_
P2968,_
J939NO7,_
K8002,K800
D1210,D121
F299,F29
J987,_
680,_
Z0157,Z015
J9380,J938
N8800,N880
I6332,I633
C5096,C509
C149X1,_
B21,B21
P0196,P019
O6896,O689
M6195,M6195
M4314,M4314
K728,_
K012,_
B9999,B99
B172,B172
L204,_
B629,_
T8469,T846
K0881,K0881
T441,T441
Z0154A1,_
Z011H,_
T544,_
A03,A039
S6400,S640
C9103,C910
M081,M081
T0160,T016
B026,_
S767,S767
N083EJ90,_
M6404,_
K830MR17,_
O386,_
J0122,J012
Z116,Z116
C6798,C679
W3448,_
S9680,S968
S506,_
I8302,I830
L3092,L309
O321Z,_
Z9861,_
N6489,N648
C851NO6,_
M9386,M9386
L918NONE,_
E1H3,_
S4321,S432
0FT44ZZ,_
I7045,_
C8380,C8380
8809,_
N8312,N831
M7291,M7291
K052NO,_
6301,_
T209,_
M0870,_
G359,G35
1959,_
S2601,S2601
V803,_
W73,_
C9203,C920
V5749,_
L259NO7,_
H079,_
S019T1T1,_
P001POO1,_
M7550,M755
O82O,_
I1210,_
H225,_
510,_
N1110,N111
D676,D67
W016,_
S328I2,_
B859,_
A1812,A181
I57,_
W2052,_
F144,F144
O9390,_
250,_
V781,_
Y586,_
J9809,J980
F342,_
T57,T579
Q17,Q179
L81,L819
S2740,S2740
E491,_
M6458,_
O8008,O800
R694,R69
E115EA,_
J3102,J310
599,_
T247,T247
S061V8,_
H934,_
J2099,J209
X8029,_
H3401,H340
E444,_
G99,_
C1441,_
J439NONE,_
J1252,_
Z2912,Z291
K830NO5,_
9513,_
L0253,_
M4810,M4810
K3525,K352
V192,_
N635,N63
D764,_
C7331,C73
K9422,_
O0195,O019
K8313,K831
J890,_
O992OO39,_
I22,I229
X901A,_
S7640,S764
X42,_
O3293,O329
M4389,M4389
M8245,_
512B,_
N159NONE,_
E8783,E878
S972,_
W7409,_
X0203,_
K291UO89,_
5765,_
I461J,_
Z799,_
M2137,M2137
145,_
W870,_
J90UO71,J90
5573,_
S6188,S618
K197,_
L7203,L720
V2258,_
N258NO3,_
B0208,B020
0444,_
I959RO64,_
S361S,_
B901,B901
K2579,K257
U07I,_
Z590,Z590
O654O8,_
H2491,_
M7889,_
991,_
N2228,_
N0502,N050
O4590,O459
H5013,H501
076,_
K5280,K528
V0309,_
5274,_
J939NO4,_
V83,_
5567,_
E572,_
T0800,T080
Z239,_
Z786,_
K8022,K802
S3341,S334
M2421,M2421
M7388,M7388
S0899,S089
V582,_
W5549,_
K650X,_
N3989,N398
J9502,J950
M93,M939
I637,_
N379,_
O809PO30,_
O8269,_
J167,_
K567NONE,_
M9327,M9327
N1894,N189
C746,_
O8292,O829
N300UO71,_
F446,F446
M7657,M765
D088,_
C7316,C73
M5400,M5400
D1669,D166
P142,P142
X1909,_
L523,L52
J069Z3A1,_
V8922,_
K586,_
A088,_
P0809,P080
E7879,_
M2002,M200
R369,R36
P249_P369,_
K223NO8,_
K270NOICDFOUND,_
C29T2,_
S8309,S830
E861AO60,E86
J830,_
14,_
X010XXA,_
C539NONE,_
H0432,H043
L0320,L032
I4902,I490
K4025,K402
K0,_
S6134,_
N0873,_
M6513,M6513
I6199,I619
U8010,U801
M4012,M4012
S8528,S852
C167,_
I5084,_
V4299,_
C662,C66
G9352,G935
648,_
D8982,D898
K30NO1,K30
H5112,H511
W3172,_
I5003,I500
M2850,_
T0079,_
I102A,I10
M7141,M714
N1085,N10
M6508,M6508
C17C1,_
H5005,H500
U0731,_
N189RO90,_
K3185,K318
Z3300,Z33
O7000,O700
N083B,_
X892,_
H6093,H609
B263,B263
O681O8O0,_
I1619,_
P0714,P071
J933,_
M46,M469
1480,_
K922UO72,_
S0665,S066
J944,_
S018V,_
D6409,D640
R02S1,R02
M0296,M0296
Z392Z3Z0,_
K581,_
R05J4,R05
B749,B749
S2204,S220
C7820,C782
J97,_
K8,_
S0027,S002
K5502,K550
T2189,_
W1910,_
S4212,S421
Q1030,Q103
M8494,M8494
M7184,M7184
L4001,L400
M6557,_
E1037,E103
G128,G128
G473I,_
C8720,_
V505,_
D1622,D162
G3191,G319
V125,_
C130,C130
N869,N86
B822,_
T9281,T928
I48I9,I48
O17,_
H4491,H449
W225,_
Y306,_
V2699,_
M946,_
H366,_
I576,_
Q52,Q529
W5103,_
F03NONE,F03
T531,T531
Z3878,Z387
K1160,K1160
V5709,_
L9741,L97
C80NONE,C80
R85,R859
I8889,I888
M5137,M513
1428,_
T2511,T251
R0601,R060
M9723,_
J0412,J041
M9485,M9485
K5989,K598
J6901,J690
D3649,_
G435,_
C8509,C850
K5100,K510
K710UO71,_
J923,_
A162I,_
M014,M014
B688,_
2412,_
S6362,S636
07,_
K6358,K635
D6308,D630
W1792,_
B757,B75
J0119,J011
W138,_
O800I0,_
I273,_
E119NO9,_
Z869,_
S6057,_
P1331,P133
6811,_
X5910,_
N3931,N393
R47,_
S6570,S657
S6581,S658
I8021,I802
F110,F110
O1422,O142
1342,_
N7010,N701
O1001,O100
21A,_
L413,L413
E0599,E059
O8329,O832
W3473,_
H6531,H653
W3195,_
C4471,C447
W3452,_
T475,T475
CR0037,_
A971JO69,_
I219NONE,_
4392,_
X72,_
Y142,_
X5952,_
E1043,E104
A971C,_
C189COLONCA,_
R032,_
U340,_
N307,_
K922I,_
M7115,M7115
M203,M203
K055NA,_
T893,_
M2448,M2448
G952NA,_
M4883,M4883
5304,_
I561,_
R528,_
Z8546,Z854
Z741,Z741
N185NO02,_
R078,_
H4069,H406
N811NONE,_
A419CU071,_
M6241,M6241
K891,_
W4522,_
H204,_
R7392,R739
B777,_
T2222,T222
S6814A,_
T299,_
A0645770,A064
A061E86,_
M7935,M7935
M085,_
1633,_
M1227,M1227
I8391,I839
G980,G98
D218,_
C7210,C721
S0269,S026
J189TJ91,_
W0930,_
M745,_
Q4001,Q400
V690,_
O1149,O11
E00,E009
N189M1,_
J9562,J956
I7780,I778
Y2799,_
H344,_
S2030,S203
H3400,H340
O163,O16
5681,_
W8709,_
M1913,M1913
6540,_
0781,_
W4062,_
S590,_
S0603,S060
J1896,J189
T580,T58
M6244,M6244
C2180,C218
B111,_
U971,_
I182,_
I6011,I601
W999,_
S424OO,_
K4010,K401
K0911,K0911
P964,P964
J116,_
E8768,E876
W1103,_
379,_
C61C,C61
A0146,A014
E490,_
N887,_
X5994,_
I59,_
P098,_
L0961,_
T355,T355
S4020,_
S819X,_
H4682,H46
T0012,T001
K2710,K271
V232,_
M2413,M2413
C611A,C61
O0962,_
K359NO0,_
N0870,_
I4386,I438
S988,_
J47NONE,J47
H468,H46
M653NA,_
O7508,O750
M7669,M7669
W0153,_
T866,_
S0029,S002
CR4058,_
C19IPP2,C19
E1861,_
H743,H743
I2495,I249
C080M8,_
O642XX0,_
D604,_
S1184,S118
Q680XA,_
T3185,T318
Z0800,Z080
S7172,S717
L019,_
C7709,C770
G04,G049
R3532,R35
A183K9,_
N1399,N139
R1081,_
A9711,_
O321XX0,_
X4873,_
V2320,_
O397,_
S6509,S650
E076,_
256,_
L951,L951
S0S3,_
K1131,K113
W2110,_
I811,I81
X06,_
M5028,M502
O297,_
B3498,B349
X9109,_
X0858,_
P2510,P251
M194,_
T8455,T845
D808,D808
A85,_
M2301,M2301
W151,_
1000,_
L2081,L208
M2449,M2449
M9283,M928
Z3921,Z392
D4721,D472
C7631,C763
K0680,K0680
J0691A,_
X955,_
T640,T64
M0810,M0810
V8996,_
S7213,S721
V950,_
V841,_
Y9851,_
H1009,H100
W7202,_
K409NO1,_
N40NO01,N40
X3999,_
H9511,H951
A242,A242
5113,_
H4095,H409
A1510,A151
C926,C926
P222,_
S821W2,_
M2395,M2395
L0661,_
S21XA,_
Y5899,_
X4408,_
S0608,S060
N939NO7,_
K403X,_
S8112,S811
V534,_
K802NO8,_
364,_
Q354,_
X944,_
R75,R75
K8047,K804
D2140,D214
G963,_
N58,_
X840,_
5727,_
Z390O7,_
D1739,D173
B3761,B376
K826,_
X688,_
Z491Q,_
S911X,_
K670,K670
Y4500,_
R371,_
T28,T289
O339Z9,_
I093,_
C8,_
D2240,D224
Z0938,Z093
M572,_
X6109,_
A971AO60,_
M4182,M4182
I6209,I620
I499NONE,_
S1221,S1221
A075,_
I8272,_
D253,_
X331,_
I771NONE,_
722,_
V853,_
A329,A329
O184,_
0810,_
023,_
Q144,_
G876,_
H266,_
T4230,T423
L89I1,L89
B9080,B908
P80,P809
G4041,G404
Q6682,Q668
F06,F069
L729NONE,_
D456,D45
Y555,_
C824,C824
A419M1A9,_
W1802,_
I0999,I099
C4419,C441
X838,_
S6218,S621
K610NA,_
O7028,O702
H1012,H101
K323,_
C006,C006
P930,P93
I6291,I629
W02,_
C350,_
B8291,B829
U072CO,_
M4899,M4899
M4885,M4885
K0535,K053
M8251,_
K8030,K803
V2004,_
Z2080,Z208
Q714,Q714
W1321,_
S720O,_
D1001,D1001
M4057,M4057
G3281,G328
C815,_
R593,_
I119I5I7,_
S818X,_
O6203,O620
217,_
M8671,_
J069UO72,_
M315,M315
M9701,_
I100JO69,I10
J0630,_
Z4520,Z452
G149,G14
D032,D032
K2977,K297
T2433,T243
V3364,_
N2880,N288
I2782,I278
H0502,H050
L8181,L8181
N390NO4,_
C7956,C795
W0179,_
1SS730,_
C19PI92,C19
W1369,_
I7889,I788
R1980,R198
T8190,T819
I1292,I129
S5235A,_
N3009,N300
P0269,P026
O9701,O970
O0100,O010
W5532,_
E116NONE,_
R46,_
B72,B72
K273UO71,_
K7591,K759
R6883,R688
9909,_
5275,_
C6321,C632
5796,_
O6545,O654
C198T1,C19
N8585,N858
P369PO51,_
H2040,_
M071,M071
Z9261,Z926
D638NO1,_
J1296,J129
O16O,O16
R563,_
H0419,H041
150,_
S167,S16
H3506,H350
0230,_
E988,_
H3304,H330
M8107,M8107
S854,S854
S6302,S6302
W1488,_
N179NO9,_
S9832,S983
D70NO8,D70
A619,_
O9982,O998
K802NO0,_
Z3202,Z320
3250GRA0,_
036,_
Q723,Q723
H5442,H544
6579,_
E47,_
L039MO59,_
Z738,Z738
W0689,_
D649X,_
K650NO7,_
N523,_
L8952,L89
L0232,L023
K2540,K254
I509UO71,_
N185A,_
W2089,_
K0401,K040
S5991,S599
X9591,_
O809UO70,_
O3602,O360
A304,A304
L43,L439
K824NONE,_
F688,F688
S3802,S380
N8170,N817
W8798,_
X4508,_
Y8809,_
W502,_
220,_
T5391,T539
1850,_
G477,_
Z4981,_
S008UO71,_
G5306,G530
59507,_
M2484,M2484
M9592,M959
W3442,_
G9353,G935
T100,T100
E726,_
K64KA09,_
849,_
W19I,_
M7098,M7098
S9819,S981
S6264,S626
N4111,N411
A060E,_
J859,_
T2130,T213
E874UO71,_
L60O,_
L8994,L899
D0573,D057
T5100,T510
Q055,Q055
W569,_
N192,N19
5704,_
M9111,M911
R99X,R99
E824,_
K395,_
B3799,B379
6300,_
S096,_
0901,_
B481,B481
V027,_
Q389,_
S9141,_
Q617,_
R560UO72,_
H5042,H504
O626,_
D6882,D688
O8092,O809
E376,_
C834,C834
J835,_
K4093,K409
O0490,O049
170,_
S9260,_
C1919,C19
Q765,Q765
T8303,T830
N1512,N151
J049,_
E068,_
H4431,H443
P957,P95
G630,G630
Y95Z0,_
M8942,M8942
N6312,N63
N8325,N832
J908,J90
90X0,_
O321XXOZ3,_
M9832,_
7866,_
M2545,M2545
C4412,C441
R720,R72
I099NONE,_
B3748,B374
M4242,_
S151,S151
A8100,A810
M1970,_
V837,_
I119K,_
K748,_
M473,_
C4469,C446
Z0156C1,_
C19PI,C19
C913,C913
C9151,C915
0822,_
O342UO71,_
W33,_
T8542,T854
N119N1,_
D3970,D397
M8171,_
J209PCAPC,_
S8340,S834
W4401,_
\6,_
R579UO72,_
S8110,S811
L0891X,_
L509NO8,_
T691,T691
H9051,H905
L5090,L509
I55,_
N6222,N62
V2800,_
I56,_
T339,T339
N939OO39,_
J3492,_
T2105,T210
Y81,_
T6300,T6300
9Y5,_
Q600UG0,_
S1095,S109
J861,_
Y0429,_
C7231,C723
A094,A09
K408,_
I6101,I610
1618,_
W5180,_
D638IN179,_
S529M,_
O1092,O109
E119I1O1,_
D2313,D231
I332,_
P369PO11,_
Z3161,Z316
L2810,L281
J1238,J123
I73II09,_
X4962,_
X958,_
O417,_
M0621,M0621
H2012,H201
2305,_
W1783,_
O0149,_
N185NO83,_
K7902,_
N850Z0,_
M5444,M544
7392,_
I850K,_
N957,_
H0590,H059
F340,F340
M678TYPEA,_
392O8O0,_
V3199,_
H3640,_
B800,B80
N850NO01,_
M1918,M1918
D1250,D125
D2151,D215
E1022,E102
M4320,M4320
H1470,_
9C,_
M6222,M6222
O0954,_
K1021,K1021
H9390,H939
H7000,H700
2XA,_
M9761,_
I609X,_
C158,C158
J0680,J068
S7299,S729
N423,N423
J260,_
661,_
L014,_
J607,J60
W020,_
W3112,_
J50,_
I423,I423
V81,_
G201,G20
T973,T97
O693Z9,_
W0624,_
J182NO1,_
N176,_
994,_
W0288,_
P5999,P599
J871,_
R838,R838
H0512,H051
N6112,N61
E876NOICDFOUND,_
K5659,K565
E639UO72,_
N559,_
621,_
L023X,_
W2269,_
V228,_
T389,T389
M8131,M8131
D347,D34
D390NONE,_
S3612,S361
F1300,F1300
N4822,N482
1818,_
E119EH90,_
K54,_
G3P3,_
S7901,_
Y273,_
2500GRA8,_
M9441,_
T8104,T810
W580,_
X2081,_
P2213,P221
T2520,T252
I2000,I200
W0901,_
S3052,_
M513NONE,_
3792,_
O8025,_
D6384,D638
K24,_
N139NONE,_
M2162,M216
Y22,_
C509M,_
I857,_
W2503,_
S2782,S278
9608,_
K3291,_
C4390,C439
K9861,_
5110,_
F600,F600
5568,_
V10,_
S6214,S621
M057,_
I101E3,I10
W8793,_
H9220,H922
S9503,S950
K3570,_
P0723,P072
C4413,C441
N897NONE,_
B552,B552
J036,_
J350NONE,_
J912,J91
H550,H55
H9241,_
5923,_
W197,_
C169NO1,_
N832N,_
M2061,M206
G4059,G405
K5130,K513
D2801,D280
Q3782,Q378
Z0082,Z008
I1020,I10
O9935,O993
E819,_
J039UO1,_
5200,_
D1904,D190
A971NONE,_
A419B5,_
R611,R611
G5780,G578
Z01812A2,_
F197,F197
P77PO73,P77
S8511,S851
D0411,D041
N189R1,_
R349,R34
Z0211,Z021
L782,_
U1009,_
S6215,S621
N7641,N764
H3533,H353
C7872,C787
C6679,C66
S3532,S353
W2472,_
R4701,R470
E861NOICDFOUND,E86
R530,R53
O6201,O620
311A,_
Z651,Z651
O228,O228
R86,R869
O600Z3A2,_
N18O,_
H2539,_
F1084,F108
F1208,F120
T2501,T250
C592,_
M6541A,_
Z0803,Z080
W5439,_
C8211,C821
M6092,M6092
S5801,S580
5542,_
O4381,O438
O141OO410,_
D0931,D093
V851,_
Z262,_
M7238,M7238
B187,_
K519NO8,_
R549,R54
I845NONE,_
M4901,M4901
M1221,M1221
Q6212,Q621
V491,_
M607,_
I463,_
L600NONE,_
W2773,_
40XA,_
W2692,_
R5609,R560
9099,_
G445,_
244,_
5913,_
A67,A679
M2411,M2411
Q1021,Q102
D2701,D27
T1475,T147
788,_
B4491,B449
2382,_
L0222,L022
56409,_
X6309,_
D79,_
C669,C66
C525,C52
N3681,N368
V4049,_
M7090,M7090
D679,D67
L649,L649
K881,_
H228,H228
B0222,B022
Z914,Z914
S1271,S1271
O021Z3,_
B389,B389
B2582,B258
E8901,E890
O691O,_
H0243,H024
R5721,R572
J329NO1,_
M0103,M0103
I3400,I340
A129,_
O829PO34,_
N1861,_
B87,B879
N185NI79,_
S3622,S362
S8612,S861
M5492,M5492
K81I,_
M329NO1,_
L0316,L031
S4982,S498
W024,_
H73,H739
O109OO34,_
V449,_
C706,_
H0530,H053
I64UO72,I64
M0291,M0291
S2920,_
C0891,C089
A534,_
C7621,C762
I5029,_
C8100,C810
Z3820,Z382
1050,_
C5599,C55
N179X,_
D4872,D487
O421UO71,_
O3400,O340
M35,M359
G8310,G831
J6902,J690
I136,_
5217,_
H370,_
0910,_
R784,R784
C836,C836
V0928,_
V2304,_
S1500,S150
M7552,M755
W293,_
N1891A,_
J1893Y95,_
C56M8380/3,_
B381,B381
B739,B73
R05I4,R05
5101,_
Z4521,Z452
D46A,_
X179,_
D649O,_
I497,_
S6571,S657
X2689,_
M7542,M754
O992OO19,_
S060X9,_
I743IA,_
W254,_
Z2496,_
A622,_
C1899,C189
H1710,H171
N185N9,_
N621,N62
T2035,T203
1XD,_
F100S,_
A162J4,_
G995,_
L9740,L97
B729,B72
8861,_
J2,_
M6736,M6736
O126,_
O458O,_
H155,_
1139,_
N159NO8,_
D1810,D181
S0921,S092
B78,B789
M92,M929
M867,_
W155,_
V44,_
L924,_
F170,F170
CR2310,_
S1413,S141
X1762,_
T5942,T594
L680,L680
X5801,_
I8381,_
V440,_
Z2370,Z237
Q4460,Q446
I109E1,I10
Z011PO51,_
4652,_
K2830,K283
C853,_
A378,A378
O7585,O758
Z370NSD,_
M5787,_
I7421,I742
I796,_
K768NONE,_
Z395,_
R43,_
N139NO39,_
F431UO71,_
W5101,_
J9603,J960
A090AO90,A09
T9319,T931
N1870,_
S8892,S889
K2987,K298
F876,_
T8309,T830
R338A,R33
Z19T1,_
M4422,_
K5780,K578
Z380\,_
Q07,Q079
C4A9,_
E112N08,_
N3201,N320
Z3811,Z381
N495,_
D0331,D033
M8742,_
N9489,N948
A971JO39,_
N4055,N40
73,_
X180,_
K9420,_
W441,_
N771NO9,_
0751,_
F983,F983
Z5512,Z551
N2988,N298
O442Z3,_
H7013,H701
M9615,M961
A833,A833
H2542,_
E251,_
K922NA,_
D3291,D329
A598,A598
V4959,_
F796,_
58,_
S5770,_
Q7031,Q703
N6101,N61
S08OX9,_
K7041,K704
K7091,K709
P5998,P599
J00I,J00
E75,_
X194,_
E870G,_
S9501,S950
R5719,R571
M9537,M953
W4493,_
A802,A802
275550,_
W6072,_
274,_
Z38OZOOI,_
1212,_
K892,_
H3054,_
S6190A,_
M4887,M4887
N1340,N134
W2998,_
S4104,S410
M015,M015
G969GOO9,_
M7011,M701
K1231,K123
810,_
N850NO7,_
K4099,K409
R61,R619
K922K2,_
F178,F178
H6744,_
M875,_
S404,_
M9300,M930
R5902,R590
L0334,L033
9460,_
X6690,_
1484,_
E1320,E132
M4125,M4125
X1001,_
Q367,_
Z659,Z659
U071COVID,_
D4429,D442
K2549,K254
H818Z3A1,_
D2649,_
J604,J60
T495,T495
D1712,D171
E70,E709
L4053,L405
W5899,_
M738,M738
Z0031,Z003
O3396,O339
P0252,P025
53,_
M9620,M962
C6922,C692
G42,_
Z078,_
V024,_
S4343,S434
S3992,S399
J90LO23,J90
G5621,G562
G0091,G009
C6930,C693
N6089,N608
X74,_
D297,D297
E1090,E109
M6711,M6711
Q064,Q064
832,_
46,_
V0307,_
P085,_
5525,_
A639,_
F501,F501
H845,_
M8718,M8718
M252,M252
J919,J91
M4886,M4886
Z01742,Z017
B119,_
P05,P059
A972NO0,_
C920UO71,_
I6995,_
I6389,I638
S1985,S198
M9172,_
D74,D749
W1498,_
B224,B22
M5016,M501
Q0395,Q039
F1928,F192
V2890,_
D3131,D313
C1A9T1,_
O8221,O822
W519,_
M7557,M755
A503,A503
301,_
09B,_
O6299,O629
G652,_
K8761,_
S7209,S720
E116FO3,_
Q02UO71,Q02
M7580,M758
G457,_
J960NO01,_
M561,_
U848,_
M1920,M192
M648,_
S100,S100
C541Q,_
C61C6,C61
S0569,S056
S7229,S722
W2788,_
I109NO1,I10
M7158,M715
V5369,_
CR0083,_
T497,T497
C2590,C259
S6699,S669
I2485,I248
M2757,_
F0781,F078
N7000,N700
W1995,_
O329O9,_
C7491,C749
T429,_
S5591,S559
5706,_
D438,_
S6315,S631
S008V5,_
I1200,I120
V7999,_
U830,_
2609,_
A971AO10,_
I7712,I771
O162,O16
J5,_
Z348Z9,_
818,_
E8700,E870
D649JO69,_
M1805,M180
T2902,T290
I7090,I7090
R56O,_
P0171,P017
M8865,_
E116K,_
R778,R778
T8549,T854
I5041,_
I64NONE,I64
Z2083,Z208
H9090,_
M2415,M2415
R5719A,_
H4990,H499
Z9481,Z948
V2934,_
K617,_
B7981,B79
C1P1P2,_
T9212,T921
Q6500,Q650
I219X,_
B2424,B24
M7080,M7080
J3401,J340
C487,_
045,_
Y95UO71,_
E333,_
N9060,N906
D6382,D638
S6133,_
R4681,R468
L638,L638
115,_
L031E,_
S0654,S065
L350,_
Z1380,Z138
R521,R521
Y84,_
J950EI71,_
O3218,O321
Z1115,Z111
S066S0,_
0848,_
H19,_
O9989,O998
M66,_
B365,_
CR4650,_
S6550,S655
Q568,_
S0262,S026
M7937,M7937
K618,_
E721,E721
O800O,_
K5060,_
Z578,Z578
W876,_
4359,_
K5661,K566
H297,_
C8370,C837
O88,_
D661,D66
5024,_
C297,_
W0409,_
A804,A804
D0311,D031
K40XA,_
Y95J8,_
A854,_
M1817,M181
D510E,_
Y0421,_
M6011,M6011
C19IPP,C19
B0821,B082
M01X0,_
N773,_
A4150,A415
O3000,O300
P314,_
M6752,_
K2509,K250
T2012,T201
O0078,_
I1098,I10
M2418,M2418
N049NO1,_
3630,_
700,_
H4201,H420
K685,_
O0699,O069
L418,L418
E119NO83,_
3200,_
J1792,_
S7284,S728
1351,_
A970UO71,_
S221S,_
L9732,L97
C7991,C799
M1385,M1385
U985,_
N1614,N161
M2122,M2122
N200NO2,_
I178,_
M470,M470
H2391,_
H284,_
R027,R02
J1189,J118
A9722,_
K2920,K292
S06A,_
M1A1,_
J1529,J152
F349,F349
M8893,M8893
H2571,_
O772,_
B9680,B9680
D3330,D333
K359RBS,_
P568,_
K682,_
J199,_
Y5969,_
O412,_
A150RO42,_
O7441,O744
E7851,E785
T7841,T784
G2119,G211
J9482,J948
H5470,H547
X1399,_
W1926,_
C349UO71,_
C777,_
O9848,O984
H4029,H402
Z8632,Z863
S2225,S222
C2206,C220
C56M8140/3,_
N0301,N030
C7731,C773
T8422,T842
W1720,_
X4804,_
N7680,N768
P229SEPTICEM0,_
E861M1A9,E86
W1342,_
A971ND,_
S3619,S361
143,_
L0401,L040
B828,_
Z807,Z807
K2539,K253
T8404,T840
Q645,Q645
M0111,M0111
K5296,K529
V196,_
O9041,O904
V943,_
B91,B91
J332,_
K359NA,_
E1171,E117
N390NO3,_
H2301,_
K5520,K552
V2898,_
W1021,_
Q566,_
Z887,Z887
H859,_
S0509,S050
M1962,_
D0471,D047
C900NA,_
B911,B91
1415,_
W1838,_
M7702,M7702
S272W,_
D6380,D638
J9589,J958
M270,_
H5253,H525
X0301,_
V62,_
C3211,C321
B85,_
O1091,O109
O4442,_
M2190,M2190
H353KN139,_
S8355,S835
X0903,_
K101NONE,_
O315,_
5526,_
B471,B471
Z527,Z527
K439NONE,_
S254,S254
H7190,H71
D669,D66
D3631,_
D1191,D119
M216X1,_
Y622,_
S173,_
W5413,_
P264,_
E7134,E713
L619,_
P369P8,_
B861,B86
T759,_
A166,_
S5570,S557
S5670,S567
B9641,B964
A035,_
K831NO8,_
D753,_
Y0428,_
T988,_
N8390,N839
Z491\,_
N939NO5,_
V8699,_
C8592,C859
J659,J65
O990O,_
5653,_
I2131,I213
S066X0A,_
1498,_
D2420,D24
E142NO8,_
G780,_
E109NONE,_
E106NONE,_
W2988,_
M6646,M6646
T7960,T796
Z592,Z592
S1999,S199
K5650,K565
P707,_
P808,P808
I8393,I839
N61NONE,N61
B670,B670
N4022,N40
C91T2,_
021A,_
H2000,H200
D3761,D376
I1909,_
Q8711,Q871
J855,_
E618,E618
S6365,S636
M4616,M461
D179NONE,_
66,_
L2802,L280
P822,_
R042UO71,_
D8000,D800
K3320,_
J22Z3,J22
V2040,_
W0499,_
T141W5,_
N1180,N118
M6880,M6880
162,_
J960K,_
N083I,_
R392UO71,_
E716,_
D5000,D500
L2259,L22
K709UO71,_
S9070,S907
G423,_
1357,_
M847,_
D02,_
L569,L569
Y73,_
M5707,_
H2646,H264
S0881,S088
C699M8090/3,_
M4398,M4398
S3984,S398
F348,F348
X679,_
H475,H475
H1010,H101
D649NO2,_
A275,_
N1310,N131
J613,J61
T2112,T211
O8104,O810
C8305,C830
T96,T96
V583,_
V954,_
M8136,M8136
T8285,T828
I619NONE,_
T4201,T420
K893,_
J1793,_
H4240,_
Z3392,Z33
R0211,R02
Z9841,_
P1002,P100
Z5499,Z549
C7951A,_
M5090,M509
Z020,Z020
M0703,M070
G798,_
O2443,O244
O7220,O722
S6370,S637
C19ICI,C19
