raw_code,mapped_code
C19IP2,_
90935,3995
99460,_
41874,2450
MCP01,_
59409,7359
59409,7360
C19T1,_
C19IP4,_
58120,6909
59514,7499
12002,8659
12001,8659
12004,8659
10180,8604
P0000,_
11442,8630
11730,8623
44950,4709
59121,6602
59121,7430
10120,8605
32020,3409
96408,9925
59513,7499
NSD01,_
66987,1341
66987,1371
43244,4233
43244,4341
77418,_
19101,8511
C19IP3,_
26600,7903
29075,9353
20670,7860
11043,8345
20670,8628
11043,7860
20670,8345
11043,8628
49080,5425
77401,_
65780,1689
36488,3893
66821,1364
27385,8365
11012,7710
27385,7760
11012,8302
27385,8309
11012,8339
27385,8345
11012,8628
27385,9820
11012,8365
27385,7710
11012,7760
27385,8302
11012,8309
27385,8339
11012,8345
27385,8628
11012,9820
43258,4341
43258,4530
43258,4533
27880,8415
47600,5122
59100,6800
59100,7491
58600,6639
27590,8417
28820,8411
58150,6561
58150,6849
58720,6561
19120,8521
28810,8411
51920,5784
31231,2121
C19FRP,_
44310,4620
45378,4525
45378,4685
89221,8909
89221,9041
45380,4525
58200,4011
58200,6561
58200,6849
60240,640
C19T2,_
26608,7814
11000,8628
33213,3787
UO71,_
44388,4525
C19CI,_
58345,6999
58345,8782
67047,1474
67047,1490
90375,_
59120,6549
42415,2929
42415,407
56440,7123
44147,4579
11044,7760
11044,8345
11044,8628
52601,5732
52601,5810
52601,5850
52601,5860
52601,6029
52601,6094
52601,6373
52601,8929
52235,5732
52235,5749
52235,5831
C19IP1,_
59612,7360
59612,7759
59812,6902
20680,294
27882,7860
20680,9788
27882,8415
11044,8309
11044,9820
57520,6720
57520,6739
57520,6769
57520,6909
59411,7252
58558,6816
58558,6829
58558,6909
44960,4709
53852,6021
53852,6097
59350,6941
36821,3929
50075,5501
52335,5522
52335,5631
52335,5732
52335,5980
44005,5459
21555,8630
44055,4680
59870,6909
31579,3142
44143,4575
44143,4610
11042,8628
61313,124
61313,125
46275,4911
11043,4912
46275,8345
52337,5522
52337,5600
52337,5631
52337,5732
52337,5980
29425,9353
58100,6711
58100,6813
31575,3142
19100,8511
12011,8659
66984,1330
66984,1371
47562,5123
NSD01,7360
59409,_
NSD01,7359
58952,5440
58952,6529
58952,6561
19160,8523
14040,8689
58300,6970
60210,639
38770,4030
45385,4530
45385,4523
43258,4542
45385,4543
19240,8543
19240,8544
65426,1132
26160,8221
67036,1474
67800,821
67040,1424
67040,1474
12013,8659
12032,8659
56605,7111
11402,8630
47610,5122
47610,8753
43255,4233
43255,4443
26735,7924
11012,7934
26735,7710
26735,8302
26735,8339
26735,8628
50081,5503
50081,5504
50081,5521
50081,5980
27760,7909
29405,9353
45385,4542
25000,8301
77421,_
10140,8604
28570,7979
52612,6029
47720,5132
67228,1425
26116,8222
11750,8623
11311,8609
43239,4514
27506,7815
28485,7925
27506,8152
28485,7937
50590,9851
52005,5732
51065,5980
52005,8773
51065,9646
52005,9649
51065,5719
52005,5995
51065,5732
52005,5980
51065,8773
52005,9646
51065,9649
52005,5719
51065,5995
26145,8233
51050,5810
51050,5860
51050,6094
51050,8929
52601,5719
51050,5732
51050,5850
51050,6029
51050,6373
51050,5719
46258,4873
46258,4912
46258,4939
46258,4946
59151,6563
21550,8321
65860,1693
77261,_
12041,8659
66761,1212
49000,5411
49000,5423
41830,2450
65782,1689
66825,1699
67961,8671
67961,884
69200,1802
11040,8628
58210,4030
58210,6561
58210,6869
49507,5300
49507,5310
44970,4701
10060,8604
19020,8500
46260,4946
45317,4543
46260,4823
45317,4946
46260,4543
45317,4823
20600,8191
20600,8192
20600,8394
20600,8396
65222,9821
44960,5423
49000,4709
44960,5411
25560,7902
29065,9353
36825,3993
62223,233
42200,2762
21930,8339
45305,4824
44322,5423
45305,4525
49000,4610
44322,4824
45305,5411
44322,4525
45305,4610
49000,4824
44322,5411
45305,5423
49000,4525
44322,4610
36260,8606
57700,6751
26910,8401
26910,8403
47600,5980
47600,9649
51065,5122
47600,5995
47600,8773
47600,5732
47600,9646
52005,5122
47600,5719
60100,611
26756,7819
FP001,_
21015,8339
12015,8659
44144,4579
44144,4610
44144,4613
48150,4370
48150,5136
48150,5251
48150,5270
48150,5296
44207,1739
44207,4594
19140,8542
59514,6639
58600,7499
59513,6639
12034,8659
38510,4011
12042,8659
43234,4513
44141,4572
44141,4610
11305,8609
30915,2104
29358,9353
20520,8302
24670,7902
44625,4562
44625,4590
44625,4650
14300,8689
25500,7902
11450,8630
11426,8630
23930,8604
93510,3722
79005,_
50391,9929
41800,2400
32002,3404
32002,3491
45382,4523
45382,4543
65093,1631
76942,_
92980,3606
57155,6999
77761,7091
77781,_
57155,_
77761,6999
57155,7091
77761,_
57454,6712
57454,7021
27894,407
27894,8314
27894,8345
59525,6839
59525,6840
36450,9901
54520,6230
54520,6270
47000,_
58950,5440
58950,6529
58950,6561
46230,4946
93556,3956
90935,8843
93556,8857
20680,7925
27506,7860
27759,7936
36430,9903
36430,9971
55700,6011
12044,8659
23650,7971
XA,_
52000,5732
63005,309
44389,4525
40720,2754
41823,2440
27507,7935
11421,8630
44320,4610
27502,7905
59814,6959
61312,124
61312,125
58555,6812
58145,6829
27236,7935
41821,2460
46288,4973
46288,8672
90935,9971
36430,3995
90935,9903
24500,7901
99432,9929
99432,9933
99432,9959
24530,7901
21422,7674
48160,5260
48160,5284
C19T3,_
27328,8332
32220,3451
44620,4650
55535,6310
58700,6651
38500,4011
38550,4029
20610,8191
20610,8192
20610,8394
20610,8396
C191P2,_
11308,8609
45120,4595
45120,4850
45120,4865
27410,_
16010,8628
16010,9357
51010,5711
67025,1471
67025,1475
96408,9971
36430,9925
96408,9903
11440,8630
26720,7904
27535,7817
27535,7936
65275,1151
65275,9821
32020,7760
32020,8309
32020,8345
32020,9820
11012,3409
32020,7710
32020,8302
32020,8339
32020,8628
63702,351
29875,7925
29870,8152
27506,8076
29875,8026
29870,8036
27025,8314
27025,7760
27025,8309
27025,8345
27025,9820
11012,8314
27025,7710
27025,8302
27025,8339
27025,8628
27310,8016
25250,8003
24600,7972
24685,7932
21360,7672
24586,7929
P0001,_
11406,8630
57452,7021
27750,7906
31225,2220
44140,4572
36430,4590
44140,9903
11400,8630
49505,5300
49505,5310
47460,5149
47460,5182
47460,5183
89222,8909
89222,9041
42825,2820
26735,7934
47425,5104
47425,5151
47425,5182
47425,5183
35236,3956
25575,7932
12051,1840
12051,2181
12051,2751
12051,8659
12051,881
61150,124
61150,139
23515,7929
23515,7939
47510,5198
25248,7702
25248,8302
57500,6712
27238,7905
43840,4442
43840,4461
75757,9512
24545,7931
11422,8630
63282,340
26410,8286
26055,8301
44366,4443
44366,4513
44366,4514
51500,5349
51500,5751
35190,3953
25525,7819
25525,7932
25525,7979
27524,7925
27524,7936
11043,7925
27506,8628
11043,7815
27506,7925
11043,8152
27506,8345
19366,8570
19180,8541
25620,7932
27536,7936
27244,7935
49507,5810
49507,5860
49507,6094
49507,8929
52601,5300
11420,8630
46060,4873
46060,4901
46060,4911
46060,4912
46060,4993
52276,5732
52276,5850
64836,430
63001,309
28406,7819
28470,7907
32320,3451
32320,3459
43235,4513
66982,1330
66982,1371
25600,7902
15260,8669
24546,7842
29065,7931
24546,9353
29065,7842
24546,7931
54160,6400
25611,7912
38220,4131
21935,8339
26676,7814
29065,7974
26676,9353
29065,7814
26676,7974
27766,7819
29405,7929
27766,9353
29405,7819
27766,7929
93555,8850
44140,4590
25574,7932
21470,7676
44345,4643
52310,5700
52310,5732
99246,8909
99246,9059
36430,7360
59409,9903
26765,7924
26765,7934
55530,6310
45384,4523
45384,4542
45384,4543
61107,124
43760,9702
62270,331
31600,3121
67412,1609
67412,1692
26121,8235
26121,8662
26121,8684
24538,7852
21627,7769
93543,8857
52336,5522
52336,5620
52336,5631
52336,5732
52336,5980
52325,5732
53852,5980
52325,5995
52325,6097
53852,5732
52325,5980
53852,5995
52325,6021
28825,8411
92982,66
44005,4610
49000,4613
36488,5459
90935,5411
44144,5423
44005,3893
49000,3995
36488,4579
90935,4610
36488,5423
90935,3893
44144,3995
44005,4579
36488,4613
90935,5459
44144,5411
44005,5423
49000,3893
36488,3995
90935,4579
44005,4613
49000,5459
36488,5411
90935,5423
44144,3893
44005,3995
49000,4579
36488,4610
90935,4613
44144,5459
44005,5411
24515,7931
21347,7939
12053,1840
12053,2181
12053,2751
12053,8659
12053,881
11011,8302
11011,8309
11011,8339
11011,8345
11011,8628
11011,9820
11041,8628
29345,9353
62230,242
45330,4525
21390,1689
21390,7679
61512,124
61512,125
61700,3951
47612,5122
47612,5136
47612,5151
62160,299
55110,6100
45395,4610
45395,4851
61304,124
61304,125
25077,8349
55040,5310
49505,6310
55040,5300
55040,6310
58275,6859
58275,7040
43215,9802
11012,7860
20680,7760
20680,8309
20680,8345
20680,9820
11012,294
20680,7860
11012,9788
20680,7710
20680,8302
20680,8339
20680,8628
12052,1840
12052,2181
12052,2751
12052,8659
12052,881
58300,7360
59409,6970
58300,7359
11041,7925
23480,7731
25575,7851
23480,7932
25575,7731
23480,7851
11404,8630
27745,7819
12031,8659
23490,7851
23180,7781
43830,4319
45111,4869
CR038,_
27888,407
27888,8414
67405,1609
21029,7639
46050,4901
CRO38,_
27511,7815
27511,7935
46255,4946
27613,8321
21556,8332
35721,3808
11044,3991
35721,7760
35721,8628
11044,3808
35721,3991
35721,8345
27295,8418
61519,125
21040,7769
45000,5419
50240,5540
62201,220
60271,639
60271,650
11010,8628
11010,9820
66170,1264
66170,1269
C19X1,_
46270,4911
46270,4912
66250,1283
62010,202
11443,8630
24101,8012
24101,8030
27824,7906
27327,8630
50234,5551
50234,5642
40819,2741
99460,9971
31500,_
36430,9604
99460,9903
31500,9971
36430,_
99460,9604
31500,9903
31500,9604
49521,5300
49521,5310
58720,5423
49000,6561
58720,5411
12014,8659
44500,9608
12005,8659
36510,3892
52332,5732
52332,5980
11043,6561
58200,8628
11043,4011
11043,6849
58200,8345
58180,6561
58180,6839
69145,1829
26025,8203
59120,9971
36430,6549
59120,9903
27330,8016
27330,8321
RTPCR,_
27758,7936
64722,449
NSD01,9971
NSD01,9903
43268,5293
67210,1454
96450,331
27125,8152
27248,7925
27125,7935
27248,8152
27125,7925
27248,7935
99256,8907
24000,8012
22851,8451
12035,8659
58960,4030
58700,5419
58600,5423
58960,5425
58700,5440
58600,6651
58960,6639
58700,4030
58600,5419
58960,5423
58700,5425
58600,5440
58960,6651
58700,6639
58600,4030
58960,5419
58700,5423
58600,5425
58960,5440
27301,8303
27780,7906
43246,4311
60001,601
11401,8630
49509,5300
58720,5310
49509,6561
58720,5300
49509,5310
36430,6849
58150,9903
40654,2759
11720,8627
58940,6539
58940,6551
20220,7749
11313,8609
43247,9803
58740,6849
58150,6589
58740,6561
58740,6589
44300,4610
60650,5421
60650,711
60650,729
60650,730
24075,8339
10060,8544
19240,8604
10060,8543
61108,124
31603,3110
44500,7760
36450,8302
99256,8309
44500,8345
36450,8628
99256,9820
11012,9608
44500,9901
36450,8907
99256,7710
44500,8302
36450,8309
99256,8339
44500,8628
36450,9820
99256,9608
11012,9901
44500,8907
36450,7710
99256,7760
44500,8309
36450,8339
99256,8345
44500,9820
36450,9608
99256,9901
11012,8907
44500,7710
36450,7760
99256,8302
44500,8339
36450,8345
99256,8628
14060,8689
35011,3843
35011,3952
25515,7932
19125,8521
54152,6400
21315,2171
59620,7499
67051,1474
67051,1475
27822,7819
27822,7936
66762,1239
58600,7759
59612,6639
58600,7360
90945,3995
90945,5498
C19X2,_
23491,7852
26785,7984
26785,7989
65805,1291
58661,6561
58661,6639
69930,2049
69930,2096
49201,5440
49201,6849
58150,5440
49201,6561
29405,8345
58951,5423
49000,4030
58951,5440
49000,6529
58951,6561
49000,6849
58951,5411
58951,4030
49000,5440
58951,6529
58951,6849
44950,4030
44950,6561
58951,4709
44950,5411
44950,5440
44950,6849
44950,5423
44950,6529
58270,6859
58270,7092
59409,6639
58600,7359
49500,5300
49500,5310
49500,6310
15100,8669
43265,5188
14041,8689
29345,7760
29345,8309
29345,8345
29345,9820
11012,9353
29345,7710
29345,8302
29345,8339
29345,8628
61320,124
61320,125
58925,6529
11011,7925
27506,8309
27506,9820
11011,7815
11011,8152
27506,8302
27506,8339
31237,2121
31237,2211
24615,7982
23670,7931
27752,7906
11403,8630
46275,4912
69631,1940
20225,7745
96408,7749
20225,9925
96408,7745
20225,7749
58300,7759
59612,6970
32000,3491
50225,5551
90935,5641
50225,3995
90935,5551
50225,5641
35013,3843
90935,3952
35013,3995
90935,3843
35013,3952
22842,7859
27506,7760
11012,7815
11012,8152
27506,7710
11012,7925
SURECLAIM6/21/,1371
66984,_
SURECLAIM6/21/,1330
SURECLAIM6/21/,_
31635,3323
31635,9815
27590,7760
27590,8309
27590,8345
27590,9820
11012,8417
27590,7710
27590,8302
27590,8339
27590,8628
61458,125
46280,4911
46280,4912
46280,4993
NO09,_
23075,8630
44603,4673
15732,8332
15732,8382
15732,8669
54161,6400
25020,8314
65930,1291
68335,1041
65400,1149
65850,1254
66985,1372
59320,6759
11446,8630
20692,7810
41805,2499
16035,8609
12055,1840
12055,2181
12055,2751
12055,8659
12055,881
27230,7905
23500,7909
66172,1264
66172,1269
66172,9928
27329,8339
12006,8659
11441,8630
12007,8659
12007,8403
26910,8659
12007,8401
14021,8689
59130,7430
11770,8621
61518,125
52318,5700
27808,7909
52270,5732
52270,5850
12046,8659
50390,5592
52275,5732
52275,5850
45315,4542
45315,4543
45315,4823
45315,4835
45315,4836
15240,8669
27445,8154
ANC01,_
27618,8630
25492,7813
49040,5419
VID19,_
44120,4562
44120,4563
44120,4590
50400,5502
50400,5512
50400,5570
50400,5587
50400,5620
50400,5689
52317,5700
28002,8314
44180,5451
49420,5419
65420,1139
51040,5717
27513,7815
27513,7935
53235,5839
27536,7925
21365,7672
11042,7859
21365,8628
11042,7672
21365,7859
64721,460
64721,479
45100,4923
67041,1474
67041,1490
58120,9971
36430,6909
58120,9903
42440,2630
42145,2769
ANC02,_
65772,1179
44604,4675
35903,3868
42120,2732
51550,5760
60252,4040
60252,639
60252,640
41018,2700
33519,3929
21015,7760
21015,8309
21015,8628
48140,4150
48140,5253
47630,5198
52305,5719
52305,5732
43251,4233
43251,4341
43251,4530
44605,4610
44605,4675
75680,8841
33214,3787
33208,3772
33234,3780
33222,3777
93556,3779
33214,3956
33208,8843
33234,8857
33222,3787
93556,3772
33214,3780
33208,3777
33234,3779
33222,3956
93556,8843
33214,8857
33208,3787
33234,3772
33222,3780
93556,3777
33214,3779
33208,3956
33234,8843
33222,8857
93556,3787
33214,3772
33208,3780
33234,3777
33222,3779
33214,8843
33208,8857
33234,3787
33222,3772
93556,3780
33214,3777
33208,3779
33234,3956
33222,8843
64830,407
11044,479
64830,7760
64830,8628
11044,407
64830,479
64830,8345
15736,8332
11012,8382
15736,8669
15736,7760
15736,8309
15736,8345
15736,9820
11012,8332
15736,8382
11012,8669
15736,7710
15736,8302
15736,8339
15736,8628
27245,7935
43264,5188
47600,5294
43264,5122
47600,5188
43264,5294
46221,4945
40700,2754
C19T1,9357
16010,_
C19T1,8628
49010,5411
49255,5423
49080,5440
49507,5425
C19T1,5300
49010,5310
49255,_
49080,5411
49507,5423
C19T1,5440
49010,5425
49255,5300
49080,5310
49507,_
C19T1,5411
49010,5423
49255,5440
C19T1,5310
49010,_
49255,5411
49080,5423
49507,5440
C19T1,5425
49010,5300
49255,5310
49080,_
49507,5411
C19T1,5423
49010,5440
49255,5425
49080,5300
C19T1,9971
59812,_
36430,6902
C19T1,9903
59812,9971
C19T1,6902
59812,9903
32540,3440
31603,5423
32540,3110
32020,3440
49000,3409
31603,5411
32540,5423
32020,3110
49000,3440
31603,3409
32540,5411
32020,5423
49000,3110
31603,3440
32540,3409
32020,5411
96408,2211
31237,9925
96408,2121
11424,8630
63030,309
22851,7789
63030,8051
32652,3339
32002,3452
90935,3404
32652,3491
32002,3995
90935,3339
32652,3452
90935,3491
32652,3995
32002,3339
90935,3452
32652,3404
36800,3993
42420,2632
42420,407
63047,309
63047,7789
28090,8339
47420,5104
47420,5151
23455,8182
61548,768
51600,8776
26565,7734
26615,7923
26565,7933
26615,7734
26565,7923
26615,7933
43235,4685
45378,4513
43235,4525
65285,1159
65285,1289
29085,9353
58260,6859
61592,124
61592,299
61592,7739
47605,5122
47605,8753
31541,3009
31541,3143
49060,5419
65205,9821
65772,1371
66987,1179
65772,1341
33010,3700
49651,5300
49651,5421
63042,309
63042,7789
63042,8051
96542,9925
79000,_
11000,4610
44141,8628
11000,4572
46285,4911
46285,4912
21196,7643
21141,7859
21196,7646
21141,7643
21196,7859
21141,7646
66940,1359
61314,124
C19IP2,125
61314,_
C19IP2,124
61314,125
75940,3870
58951,8839
75940,4030
75940,6529
75940,6849
58951,3870
75940,8839
75940,5440
75940,6561
38220,9971
36430,4131
38220,9903
16010,8192
16010,8396
20610,8628
93545,8857
75978,3950
75978,8839
31525,3142
20240,7749
45355,4522
27598,8416
25111,8221
38740,4023
63016,309
47122,5022
61710,3953
51720,9449
19361,8554
19180,8571
19361,8541
19180,8554
19361,8571
58140,6829
23040,8019
69644,1860
69644,1930
69644,1940
69644,2049
60540,711
60540,729
60540,730
67039,1424
67039,1474
44150,4582
44150,4595
44150,4620
58662,6639
43259,8874
43820,4439
41115,2592
62165,299
62165,763
45300,4824
67311,1511
54125,6430
50961,5600
50961,5631
50961,8773
50961,9646
50961,9649
36830,5995
51065,3993
36830,5719
36830,3993
53410,5979
31622,3324
24366,8184
24366,8185
26727,7819
22310,353
27130,8151
11760,8689
69801,2079
69801,3997
22554,8051
22554,8129
50320,5551
26727,7760
26727,8309
26727,8345
26727,9820
11012,7819
26727,7710
26727,8302
26727,8339
26727,8628
67031,1693
67108,1449
67108,1459
67052,1370
67052,1474
41872,2420
15757,8660
28120,7789
93508,3639
93508,3721
15576,8670
27606,8311
11760,7760
11760,8309
11760,8345
11760,9820
11012,8689
11760,7710
11760,8302
11760,8339
11760,8628
ZO381,_
31360,3030
21245,7643
24576,7901
28020,8018
28020,7710
28020,8302
28020,8345
28020,9820
11012,8018
28020,8309
28020,7760
28020,8339
28020,8628
26080,8014
26080,8345
36480,_
C19IP4,3995
90935,_
36480,3995
67105,1455
43632,4370
49525,5300
49525,5310
43621,4399
42815,2920
43620,4399
25560,7760
25560,8309
25560,8345
25560,9820
11012,7902
25560,7710
25560,8302
25560,8339
25560,8628
27187,7855
92981,3606
20902,7800
49200,5423
49200,5411
49200,5440
24065,8321
36011,3893
26952,407
11044,8401
26952,7760
26952,8628
26952,8401
26952,8345
59513,9357
16010,7499
59513,8628
59514,9357
16010,6639
59514,8628
58600,9357
58600,8628
61154,124
61154,139
45112,4840
45112,4850
33212,3781
46045,4901
47564,5123
47564,5151
61020,102
44212,4581
44212,4620
44212,4869
46900,4939
26670,7974
25260,8345
25260,8388
93619,3726
19182,8534
49180,5424
32405,3326
49420,4000
38300,5425
49080,5424
49180,5419
49060,3326
32405,4000
49420,5425
38300,5424
49080,5419
49180,3326
49060,4000
32405,5425
49420,5424
38300,5419
49080,3326
49180,4000
49060,5425
32405,5424
38300,3326
49080,4000
49180,5425
49060,5424
32405,5419
49420,3326
38300,4000
66897,1371
66987,_
66897,1341
66897,_
58552,6563
58552,6871
26115,8630
29450,9353
61458,8628
43820,125
11043,4439
61458,8345
43820,8628
11043,125
61458,4439
43820,8345
38505,4011
C19IP4,5498
36488,_
90945,3893
36488,5498
90945,_
C19IP4,3893
65105,1641
25520,7902
25520,7979
25076,8332
35700,3999
31645,3323
31645,9605
31625,3324
55101,6100
20690,7810
20690,7760
20690,8309
20690,8345
20690,9820
11012,7810
20690,7710
20690,8302
20690,8339
20690,8628
66710,1273
66710,1274
58550,6871
63272,340
43245,4422
33697,3581
35556,3929
35556,8628
11043,3929
35556,8345
43200,4223
33536,3614
28290,7759
28290,7798
33430,3524
33430,3961
24000,8345
11000,8414
27888,8628
11000,407
11423,8630
38115,4143
38115,4195
45307,4823
45307,9804
31560,3029
21243,7650
C191P1,_
34201,3806
36488,3808
34201,3891
51860,6849
49420,5781
58150,5419
51860,6561
49420,6849
58150,5781
51860,5419
49420,6561
51860,5781
47715,5169
27823,7819
27823,7936
66830,1214
66830,1364
66830,1365
27253,7985
54530,6230
43605,4415
52640,5749
27405,8628
11043,8146
27405,8345
27405,8146
FP001,7360
FP001,7359
60280,670
50200,5523
58240,4610
58240,4850
58240,5671
58240,5760
58240,6561
58240,6849
58240,6880
54050,6420
11000,8345
11000,7760
27784,7817
27758,7926
27784,7936
27758,7817
27784,7926
61500,125
61500,160
55040,5810
55040,5860
55040,6094
55040,8929
52601,6310
55040,5732
55040,5850
55040,6029
55040,6373
68115,1031
28800,8412
25075,8630
55100,6100
65755,1164
62147,204
62147,206
11600,8630
57210,7071
59150,5421
59150,6601
31605,3110
UO71,3995
60260,640
41112,2510
41112,2559
46080,4959
11044,7860
CRR46,_
CR466,_
CR465,_
CR446,_
26037,8212
26037,8628
11043,8212
26037,8345
40219,_
00000,_
11100,8611
42100,2722
24495,3803
16010,8314
24495,8628
44160,4562
44160,4579
44160,4593
49900,5461
37735,3889
37735,8344
37735,8630
37735,8669
47360,3886
47360,5061
43250,4233
43250,4341
43250,4530
44005,6849
44950,5459
58150,4709
44005,6561
58150,5459
44005,4709
23700,9326
31615,3321
41850,2440
56405,7109
28415,7939
61156,124
61156,139
41105,2501
26356,8251
26356,8286
25028,8609
21188,7646
21188,7669
21188,7809
23615,7931
32402,3424
65855,1689
31238,2100
31238,2219
75980,8754
75980,8839
54700,6100
54700,6200
54700,6392
43260,5110
34471,3805
34471,3893
19260,3440
19260,7791
26117,8229
60225,620
28805,8332
47100,5012
11052,8630
36568,3893
24200,9827
38760,4024
67027,1472
67027,1479
CI91P3,_
44602,4673
66852,1342
66852,1474
11765,8623
LO88,_
11642,8630
24575,7931
61510,124
61510,125
66987,1474
67040,1341
49501,5300
49501,5310
49501,6310
14000,8689
49561,5351
49561,5361
29040,9352
29040,9353
58150,5411
23035,7711
54308,5849
60220,620
63030,7789
11462,8630
68110,1031
49560,5351
49560,5361
65210,1200
65210,9822
54120,6430
51550,4610
44143,5760
51550,4575
24495,8314
38525,4011
27786,7906
45110,4610
45110,4850
29325,9351
42220,2762
49585,5310
49507,5341
49585,5349
21557,8339
44130,4590
44130,4639
27705,7737
24341,8388
43235,4542
21246,7643
28043,8630
28208,8381
50392,5512
43202,4224
27323,8321
43425,4283
31530,3142
31530,9814
69110,1829
69110,1879
22800,8129
11750,8628
11043,8623
11750,8345
12057,1840
12057,2181
12057,2751
12057,8659
12057,881
15200,8669
50220,5551
50220,5641
49565,5351
49565,5361
21044,7769
65103,1642
43280,4467
52240,5732
52240,5749
52240,5831
26746,7923
11040,7933
26746,8628
11040,7923
26746,7933
24077,8339
38747,4030
23472,8180
43510,4281
43312,4292
36488,4300
43840,3173
43510,4289
43312,3893
36488,4442
26951,407
26951,8401
28496,7819
46936,4949
27650,8388
39501,3482
32095,3409
32020,3482
39501,3409
32095,3482
27884,8415
41825,2440
57460,6739
57460,7021
49420,5498
90945,5419
49420,3995
44050,4680
32602,3320
32020,3420
32602,3409
32020,3320
32602,3420
24900,8407
44310,5423
49000,4620
44310,5411
77781,7091
28008,8314
27250,7975
36430,4685
45378,9903
21436,7809
21436,7859
21436,7950
27881,8415
27881,8446
27881,9353
25927,8403
25929,8403
28001,8303
50810,5671
52500,5749
75982,5159
75982,8839
52614,6029
49080,5136
26608,9820
11010,7814
26608,8628
27193,7909
27193,7949
27193,7975
49080,4590
44140,5425
49080,4572
27472,7805
27827,7817
27827,7936
47552,5112
47552,5198
27615,8349
41100,2501
90935,4685
45378,3995
90935,4525
60212,620
49588,5341
49588,5349
59400,7359
59400,8908
59400,9059
59400,9449
59400,9938
43267,5297
27792,7817
31239,2219
31239,981
28022,8018
11000,8309
28022,8628
11000,8018
28022,8309
35162,3840
35162,3952
67010,1471
41874,7760
41874,8309
41874,8345
41874,9820
11012,2450
41874,7710
41874,8302
41874,8339
41874,8628
66180,1699
93660,8952
93660,8959
93660,8961
56720,7011
62272,331
36145,3895
52320,5600
52320,5732
52320,5980
66986,1370
36844,_
37204,3880
61250,124
58150,5423
43234,4685
43234,4525
77401,9925
49585,5341
27048,7769
61520,125
21244,7643
21244,7819
44360,4513
58943,4011
58943,5423
58943,5440
58943,6551
58943,6651
24665,7783
24665,7932
49520,5300
49520,5310
20605,8191
20605,8192
20605,8394
20605,8396
28153,7789
23570,7909
96450,9925
21465,7676
12047,8659
11752,8623
47570,5132
43865,4389
43865,4400
43865,4450
24498,7850
24498,7852
11010,7860
11010,294
11010,9788
58262,6561
58262,6859
27626,8017
27766,8077
27792,8342
11044,7819
11043,7929
20692,7817
99256,7936
15100,7760
24515,8345
27626,8628
27766,7810
27792,8907
11044,8669
11043,7931
20692,8017
99256,8077
15100,8342
24515,7819
27626,7929
27766,7817
27792,7936
20692,8628
99256,7810
15100,8907
24515,8669
27626,7931
27766,8017
27792,8077
11044,8342
11043,7819
20692,7929
99256,7817
15100,7936
24515,7760
27626,8345
27766,8628
27792,7810
11044,8907
11043,8669
20692,7931
99256,8017
15100,8077
24515,8342
27626,7819
11044,7936
11043,7760
20692,8345
15100,7810
24515,8907
27626,8669
27766,7931
27792,8017
11044,8077
11043,8342
20692,7819
99256,7929
15100,7817
24515,7936
27626,7760
27766,8345
27792,8628
11044,7810
11043,8907
20692,8669
99256,7931
15100,8017
24515,8077
27626,8342
27792,7929
11044,7817
11043,7936
20692,7760
15100,8628
24515,7810
27626,8907
27766,8669
27792,7931
11044,8017
11043,8077
20692,8342
99256,7819
15100,7929
24515,7817
27626,7936
27766,7760
27792,8345
11043,7810
20692,8907
99256,8669
15100,7931
24515,8017
27626,8077
27766,8342
27792,7819
11044,7929
11043,7817
20692,7936
15100,8345
24515,8628
27626,7810
27766,8907
27792,8669
11044,7931
11043,8017
20692,8077
99256,8342
15100,7819
24515,7929
27626,7817
27766,7936
27792,7760
49495,5300
45100,5310
49495,6310
69222,2041
69222,7669
49000,4590
44140,5411
26418,8345
26615,8628
11044,8286
26418,7923
50230,3807
50230,4029
50230,5551
50230,5641
43750,4311
27752,7760
11043,7906
27752,8628
11044,7906
27752,8345
99256,5361
49561,8907
99256,5351
67208,1422
69540,1829
19120,8544
19240,8521
19120,8543
99256,6849
58150,8907
99256,6561
49000,5253
11044,5411
15100,5423
15738,7760
48140,8345
49000,8628
15100,8332
15738,8382
77401,9971
77401,9903
35131,3846
35131,3952
28122,7788
26735,7760
26410,8302
26410,8345
26735,9820
26410,7924
26735,8286
26410,7710
26410,8309
26735,8345
26410,8628
26410,7934
11012,8286
26410,7760
26735,8309
26410,8339
26410,9820
11012,7924
42400,2611
56740,7124
69450,2023
19200,8545
19200,8546
52214,5732
52214,5749
52214,5831
52214,6029
27514,7815
27514,7935
75989,8839
36810,3993
26350,8286
36832,3800
36832,3942
38542,4021
23600,7901
28820,8302
28820,8345
28820,8417
11012,8411
28820,7760
28820,8339
28820,9820
27590,8411
28820,7710
28820,8309
28820,8628
58600,6551
54510,6220
45331,4525
69501,2041
27620,8628
27620,8037
16035,8628
11043,8609
16035,8345
28046,8349
24650,7902
23935,7712
23935,7719
44125,4562
44125,4563
44125,4639
63265,340
63265,8309
63265,8345
63265,9820
11011,340
63265,8302
63265,8339
63265,8628
11012,8401
26952,7710
26952,8302
26952,8339
31365,3040
28615,7989
28615,7760
28615,8309
28615,8345
28615,9820
11012,7989
28615,7710
28615,8302
28615,8339
28615,8628
27685,8385
74300,8754
74300,8766
44204,1739
44204,4590
61543,124
44950,5310
49525,4709
44950,5300
20615,7840
31254,2219
31254,2263
68440,951
51595,4030
51595,5671
51595,5779
42809,9813
60254,4040
60254,640
NI85,_
NI58,_
CR468,_
43239,4542
43239,4685
45378,4514
43239,4525
67110,1459
19162,8543
19162,8544
26035,8209
75665,8841
28525,7938
11721,8630
43239,4543
45382,4514
43239,4523
29888,8145
62120,212
67825,891
37760,3880
37760,8669
76003,8839
57720,6761
57720,6769
35800,3802
35201,3959
67121,1460
47490,5101
36815,3993
29305,9351
42106,2731
42106,2769
42106,2773
42106,2779
23665,7971
77432,_
69641,1860
69641,1940
69641,2049
69641,2099
26020,8201
54332,5845
54332,5849
45383,4523
45383,4542
45383,4543
38240,4100
45108,4892
25076,479
64721,8332
25076,460
45170,4835
C19IP3,9971
C19IP3,9903
66185,1699
36430,5498
31600,9903
31515,9971
43246,3121
C19IP4,3142
31500,4311
90945,9604
36430,3893
31600,3995
31515,5498
43246,9903
C19IP4,9971
31500,3121
36488,3142
90945,4311
31600,9604
31515,3893
43246,3995
36488,9971
90945,3121
36430,3142
31600,4311
31515,_
43246,9604
31500,3995
90945,9903
31515,3142
11762,8669
11762,8689
58561,6829
29826,8021
29826,8041
29826,8181
35206,3959
25676,7989
36488,9604
90935,5498
C19IP4,9903
31500,5498
36488,9903
90945,9971
90935,9604
C19IP4,9604
31500,3893
93150,3995
93150,_
93150,9604
93150,3893
93150,9971
93150,9903
93150,5498
31603,_
90945,3110
31603,5498
C19IP4,3110
31603,3995
63704,352
67921,842
67900,836
67903,833
52649,6029
67050,1343
67050,1474
61703,3951
31610,3129
27687,8372
75820,8867
76360,8838
75989,3420
76360,8839
32602,8838
75989,3320
76360,3420
32602,8839
75989,8838
76360,3320
11626,8630
33250,3733
44393,4522
44393,4543
55250,6373
67917,844
21454,7676
21454,7819
27828,7817
11012,7936
27828,7710
27828,8302
27828,8339
27828,8628
25105,8013
25105,8073
74328,5187
75726,8840
50545,4030
50545,5551
50545,722
27228,7935
UO72,_
21025,7631
40761,2754
40761,2756
27886,8415
25526,7819
25526,7932
25526,7939
25526,8499
56740,6849
58150,7124
56740,6561
BN185,_
46250,4946
38745,4023
77418,8628
11043,_
77418,8345
60520,781
60520,782
27040,8321
28445,7939
17000,8630
68320,1044
68320,1049
PATIENTOBSERVEDWITHOUT,_
67312,1530
88174,8838
88174,9199
33611,3799
93581,3555
47563,5123
47563,8753
20982,7840
46715,4979
46715,4999
93580,3552
93580,3591
38100,5423
36488,4150
11012,3893
49000,7710
38100,7760
36488,8302
49000,8339
38100,8345
36488,8628
27310,7760
27310,8309
27310,8345
27310,9820
11012,8016
27310,7710
27310,8302
27310,8339
27310,8628
44188,4610
63017,309
19220,8547
19220,8548
45378,_
C19IP4,4685
C19IP4,4525
27604,8303
31090,2253
50630,5620
57530,6740
27447,8147
27447,8154
38724,4021
38724,4040
43243,4233
62270,9925
96408,331
46040,4901
21920,8321
67227,1422
P0000,9971
P0000,9903
77261,9971
77261,9903
50610,5620
25620,7760
25620,8309
25620,8345
25620,9820
11012,7932
25620,7710
25620,8302
25620,8339
25620,8628
54440,6498
69433,2001
44373,4513
44373,4632
45190,4832
45190,9357
16010,4832
45190,8628
27530,7906
42806,2912
69635,1860
69635,1940
69635,2021
69635,2023
69635,2099
21445,7676
27814,7936
25110,8331
KO45,_
15738,8332
11044,8382
15738,8669
15738,8345
49650,5300
49650,5421
69000,1809
25115,8342
31575,8628
11043,3142
31575,8345
21423,7674
21423,8628
11043,7674
21423,8345
40702,2754
38520,4011
21800,7909
67400,1609
67400,1623
67415,1622
69020,1809
29065,7939
25575,9353
23515,7932
29065,7929
25575,7939
23515,9353
29065,7932
25575,7929
19366,8548
19220,8570
19366,8547
27052,8035
51045,5719
51045,5980
26105,8014
26105,8034
67107,1449
65815,1452
67107,1455
65815,1291
67107,1292
65815,1449
67107,1452
65815,1455
67107,1291
65815,1292
42405,2612
35045,3843
35045,3952
33514,3614
41822,2440
62200,220
27619,8332
42892,2999
47120,5022
28092,8339
43832,4319
27049,8339
27049,7760
27049,8309
27049,8628
31287,2219
31287,2252
66840,1330
67950,1623
67400,859
67950,1609
67950,859
66840,1289
65285,1330
66840,1159
41250,2551
41250,2752
66987,1475
67051,1341
67036,1371
67036,1341
68340,1050
67904,833
43620,9971
43202,4399
36430,4224
43620,9903
43202,9971
36430,4399
43620,4224
43202,9903
63045,309
63045,7789
24341,7760
24341,8309
24341,8345
24341,9820
11012,8388
24341,7710
24341,8302
24341,8339
24341,8628
29055,9353
30905,2102
30905,2103
28675,7989
28675,7760
28675,8309
28675,8345
28675,9820
28675,7710
28675,8302
28675,8339
28675,8628
UO71,3893
58120,7759
59612,6909
58120,7360
28011,8313
28011,8628
11043,8313
28011,8345
10160,8601
26756,7760
26756,8309
26756,8345
26756,9820
26756,7710
26756,8302
26756,8339
26756,8628
11606,8630
31601,3121
27756,7819
25545,7932
44800,4533
23076,8332
25695,7929
14001,8689
66995,1266
66995,1299
28104,7769
54115,6492
54115,9824
FP001,7499
59513,_
C19IP1,7499
67332,1590
65820,1252
65820,1253
67005,1471
11012,7933
26615,7710
26615,8302
26615,8339
11000,8314
19340,8553
19340,8554
52332,5631
52332,9646
50961,5980
52332,5600
52332,8773
52332,9649
50961,5732
11051,8630
MP01,_
IMP01,_
19000,8591
47554,5188
44394,4542
EII9,_
54015,6492
50360,5569
11303,8609
27610,8017
49250,5430
27345,8339
59120,5423
58600,6549
49000,6639
59120,5411
49000,6549
59120,6639
58600,5411
61120,124
C19IP2,3995
C19IP2,9971
C19IP2,9903
C19IP2,3893
31256,2219
43262,5185
31820,3172
49495,5310
21407,1669
21407,7679
47530,5198
52285,5732
52285,5749
52285,5791
52285,5810
52285,5839
52285,5850
52285,5860
43107,4242
43107,4262
P0000,5423
49000,_
P0000,5411
12045,8659
50760,5675
50760,9971
58150,3893
36430,5675
36488,6561
50760,6849
26567,7849
11050,8630
62230,5423
49560,242
49000,5351
62230,5361
49560,5411
49000,5361
62230,5411
49560,5423
49000,242
62230,5351
48001,4319
31600,4639
48001,5103
31600,5299
48001,3121
31600,4319
48001,4639
31600,5103
48001,5299
28102,7769
28102,7809
46606,4921
46606,4923
26356,7710
26356,8302
26356,8339
26356,8628
31577,9814
31267,2119
31267,2220
31267,2262
52007,5633
52007,5732
52007,5980
52007,8773
52007,9646
52007,9649
27607,7710
11444,8630
67924,844
45562,4800
45562,4879
75902,8839
90935,9820
75902,3995
90935,8839
75902,9820
57260,7051
57260,7052
44186,4639
44010,4501
64727,449
28645,7989
69505,2049
39545,5381
25622,7903
11040,7860
49321,5424
49321,4513
45378,5424
49321,4685
43234,5424
49321,4525
21800,7939
23515,7909
21800,7929
47010,_
77789,_
64790,407
46600,4921
42800,2912
29065,7979
25515,9353
25520,7932
29065,7902
25515,7979
25520,9353
25515,7902
49496,5300
49496,5310
49496,6310
27218,7760
27218,8309
27218,8345
27218,9820
11012,7939
27218,8989
51590,5671
51590,5779
61343,125
61343,212
61343,309
33510,3611
32663,3241
14020,8689
21345,7909
21345,9355
44143,5411
21462,5423
49000,7676
21462,5411
21462,7676
46604,4921
46604,9623
66991,1266
67010,1371
66987,1471
67010,1341
50040,5501
90935,5502
50040,3995
90935,5501
50040,5502
35226,3959
21501,8604
ZO38,_
27495,7815
22305,353
38720,4021
29075,7934
26735,9353
29075,7924
23900,8409
21030,7639
48152,4370
48152,5136
48152,5251
48152,5270
27510,7905
45020,5400
47760,5499
67935,1060
67935,881
26740,7904
27350,7796
54594,_
90935,5980
52332,3995
90935,5732
43235,4610
16040,8630
16040,9357
50130,5511
44346,4642
44346,4643
36568,3995
90935,8417
27590,3893
36568,8417
27590,3995
36488,8417
27759,7760
27759,8309
27759,8345
27759,9820
27759,7710
27759,8302
27759,8339
27759,8628
25400,7843
42804,2912
49507,6310
42215,2762
57510,6732
50548,5551
50548,5642
27759,7925
15100,8309
15100,9820
11011,8669
15100,8302
15100,8339
29425,8345
11646,8630
20650,7810
29345,7860
20650,9344
ENDSTAGERENALDISEASE,_
24538,7760
24538,8309
24538,8345
24538,9820
11012,7852
24538,7710
24538,8302
24538,8339
24538,8628
51597,4610
51597,4850
51597,5771
51597,6880
51597,6890
33207,3776
33207,3780
23550,7981
29345,7925
25525,7925
27506,7932
66625,1371
66984,1214
66625,1330
66625,1214
11043,8309
11043,9820
12042,8628
11043,8659
12042,8345
27520,7909
27520,8628
11043,7909
27520,8345
14040,8628
11043,8689
14040,8345
JI899,_
11470,8630
41828,2440
58600,6840
59525,6639
58600,6839
21502,7781
21502,8604
32800,3399
25491,7813
65280,1159
65280,1289
29075,7860
08003,_
70392,_
49587,5341
58600,5349
49587,7499
58600,5341
59513,5349
49587,6639
59513,5341
49587,5349
44005,6639
58661,5411
58661,5423
58661,5459
67930,881
19364,8570
CR059,_
26990,8115
65273,1060
28505,7939
36822,7932
24665,_
36822,7783
31603,7932
24665,5498
36822,_
31603,7783
90945,7932
24665,3995
36822,5498
90945,7783
C19IP4,7932
24665,3110
36822,3995
C19IP4,7783
36822,3110
46945,4912
46275,4945
46945,4911
46945,4945
32005,3492
45383,4530
54600,6250
54640,6352
43246,_
36430,4311
43246,9971
C19IP2,4311
22842,7789
22851,8051
20936,7859
63030,8451
22842,7809
22851,309
20936,7789
20936,7809
63286,340
66850,1341
43234,4542
76095,9230
29882,8147
67015,1472
24076,8332
31628,3327
44145,4579
44145,4594
44155,4582
44155,4620
44155,4869
44146,4579
44146,4594
44146,4610
33521,3929
33512,3613
33692,3581
61556,124
53265,5839
43611,4342
50945,5620
75954,3979
75954,8839
90395,_
15734,8628
15734,8382
45100,4685
45378,4923
45100,4525
C191P3,_
36640,3891
C191P3,5498
44140,4709
49000,4572
44960,4590
44140,5423
44960,4572
44950,9357
16010,4709
44950,8628
68760,991
50080,5503
50080,5504
50080,5521
50080,5980
69645,1860
69645,1940
69645,2042
69645,2099
65781,1689
50780,5504
50780,5980
50080,5674
50780,5503
50780,5521
50780,5674
19342,8553
19342,8554
46910,4939
66992,1240
66992,1266
65135,1661
44385,4514
53415,5849
OO11,_
26418,8286
47350,5061
II01,_
58700,7360
59409,6651
58700,7359
61545,124
27650,8628
11043,8388
27650,8345
61315,124
61315,125
44950,6551
28730,8114
12045,9820
11010,8659
12045,8628
30465,2187
66160,1265
11623,8630
63012,309
63012,7769
11624,8630
27071,7785
27071,7789
69100,1812
27372,8016
27372,8628
11043,8016
27372,8345
52204,5733
20520,8339
20520,8628
65450,1143
12015,8309
12015,8345
12015,9820
11011,8659
12015,8302
12015,8339
12015,8628
66987,1490
67041,1341
26034,7719
C19T1,9604
16035,9357
25020,8609
25020,9357
16010,8609
16035,8314
25020,8628
12042,7360
59409,8659
12042,7359
32035,3409
32035,7791
49255,4709
44960,5440
52281,5732
52281,5810
52281,5860
52281,8929
27098,8377
28045,8332
28045,8339
27509,7945
27509,9359
29355,9353
20650,7860
11312,8609
27441,8076
27441,8086
27441,8147
61702,3951
27497,8314
27497,8345
62360,390
MALI,_
21041,7769
54640,6250
MCP01,6849
58150,_
MCP01,6561
50220,4195
38115,5551
58740,5423
49000,6589
58740,5411
33200,3774
33200,3780
22851,9357
16010,8451
22851,8628
28715,8112
53020,5810
49085,5492
30320,2110
31825,3172
14300,9357
16010,8689
14300,8628
61521,125
32653,3409
62142,207
27428,8146
58720,6849
52234,5732
52234,5749
52234,5831
25530,7902
20670,7760
20670,8309
20670,9820
20670,7710
20670,8302
20670,8339
68745,982
54520,5310
49507,6230
59409,6909
58120,7359
65110,1651
25574,7925
58600,6849
58150,6639
58600,6561
26600,8628
11043,7903
26600,8345
90903,_
31613,3174
27524,8628
27524,8345
32036,3409
65270,1281
65270,1289
65280,1281
65270,1159
11043,7989
42000,2710
24560,7901
21453,7675
53230,5839
65870,1232
40701,2754
31240,2169
31240,2219
59514,5440
59514,6561
30460,2186
21034,7620
20956,3999
27506,7809
20956,7815
20956,8152
27506,3999
20956,7809
20956,7925
25035,7719
24160,8002
27846,7989
27846,9357
16010,7989
27846,8628
25600,8345
51060,5620
27175,9344
27175,9346
23031,8303
67220,1425
27620,7760
27620,8309
27620,8345
27620,9820
11012,8017
52224,5732
52224,5733
52224,5823
52224,5831
21346,7939
29365,9353
23620,7901
65280,1330
59136,6839
59136,7430
28005,7719
30310,9812
47600,4709
58150,5122
47600,6849
44950,5122
47600,6561
23920,8408
23920,8309
23920,8345
23920,9820
11011,8408
23920,8302
23920,8339
23920,8628
30100,2122
12006,8628
12006,8345
69420,2009
69420,2080
28810,7760
28810,8309
28810,8345
28810,9820
28810,7710
28810,8302
28810,8339
28810,8628
27430,8386
27892,407
27892,8314
27892,8345
54352,5845
54352,5846
54352,6442
54352,6444
MDP01,_
28344,7849
11640,8630
23616,7931
23616,8444
26715,7922
26715,7989
90935,7360
59409,3995
90935,7359
15740,8670
57135,7033
76986,_
27756,8309
27756,8345
27756,9820
11011,7819
27756,8302
27756,8339
27756,8628
11043,8401
26951,8345
27600,8314
65880,1234
61618,212
27065,7765
25560,7769
27065,7805
25560,7809
27065,7902
25560,7765
27065,7769
25560,7805
27065,7809
64788,407
58720,4709
47780,5499
47562,5294
43264,5123
47562,5188
43268,5151
47564,5293
43268,5123
43200,4685
45378,4223
43200,4525
96408,5502
50040,9925
96408,5501
60522,781
60522,782
66998,1289
31536,3143
68720,981
27470,7845
11307,8609
24164,7932
24665,7863
24164,7783
24164,7863
61595,299
69970,442
61595,7769
69970,299
61595,442
69970,7769
66983,1319
66983,1371
32020,9604
36488,3409
32020,_
90945,3409
32020,5498
C19IP4,3409
32020,3995
31500,3409
32020,3893
C19IP3,5498
C19IP3,3995
33315,3711
33315,3961
43241,4513
43241,9607
42425,2632
42425,407
61590,124
61590,2630
61590,299
61590,442
61590,7699
50060,5501
67038,1474
44208,1739
44208,4594
44208,4610
67112,1449
31614,3174
50947,5674
50947,5731
50947,5980
67320,1550
44020,4502
17106,8630
49905,5474
C19IP4,3952
35011,_
C19IP4,3843
67971,869
15734,8544
19240,8332
19240,8669
15734,8543
15734,8332
19240,8382
15734,8669
36568,4011
36568,6651
58943,5411
36568,5423
49000,4011
36568,6551
49000,6651
58943,3893
36568,5411
36568,5440
49000,6551
26785,7710
26785,8302
26785,8339
26785,8628
50340,5551
61140,113
61140,124
33863,3599
33863,3699
33863,3958
33863,3961
44372,4513
44372,9608
69150,1831
61626,9929
42820,2830
41820,2431
19180,9357
16010,8541
19180,8628
93531,3723
67911,838
33246,3795
33246,3797
33246,54
52332,5522
66985,1475
67051,1372
66985,1474
33767,3921
67040,1372
66985,1424
33774,3584
33774,3591
33774,3961
27503,7905
11041,5423
11041,5411
61570,125
61570,139
55821,3998
55821,5850
55821,6030
55821,6373
55821,8929
90393,_
55859,5732
55859,6099
90935,5504
50080,3995
90935,5503
90935,5521
53850,6096
29435,9353
27520,8309
29435,8339
29435,9820
11011,7909
27520,9353
29435,8302
27520,8339
29435,8345
27520,9820
29435,7909
11011,9353
27520,8302
29435,8309
29435,8628
58673,6602
58673,6639
51550,4590
47100,5760
44140,5012
51550,4572
47100,4590
44140,5760
51550,5012
47100,4572
66996,1266
44377,4514
91037,8939
35475,3950
23450,8182
43261,5214
45385,4341
47120,4530
43251,4523
47120,4543
43251,5022
45385,4233
47120,4341
47120,4542
43251,4543
45385,5022
47120,4233
47120,4523
43251,4542
48000,5299
62141,206
61583,124
61583,153
61583,299
61583,7739
37620,3870
32100,3328
31622,3402
32100,3324
31622,3328
32100,3402
JI892,_
50620,5620
28476,7818
28476,8345
26357,8251
26357,8628
11043,8251
26357,8345
32654,3409
32654,7939
23515,3409
32654,7929
41806,2499
29445,9353
C19T1,3995
65730,1164
36488,4542
90935,4543
51040,3893
43235,3995
45385,5717
36488,4513
90935,4523
51040,4542
43235,4543
45385,3893
90935,5717
51040,4513
43235,4523
36488,4543
51040,3995
43235,5717
45385,4513
36488,4523
90935,4542
51040,4543
43235,3893
45385,3995
36488,5717
90935,4513
51040,4523
52300,5641
52300,5732
55500,6310
25270,8388
11043,8302
20520,8345
14020,8628
14020,8345
25515,8309
25515,8345
25515,9820
11011,7932
25515,8302
25515,8339
25515,8628
31255,2119
31255,2263
50065,5501
27560,7979
15756,8332
15756,8669
62145,206
62145,292
49010,4610
52337,5995
51065,5522
51065,5631
52337,5719
51065,5600
60240,9357
16010,640
60240,8628
55150,6130
16010,8544
19240,8628
93514,3722
31395,2940
31395,3040
44151,4582
44151,4622
66630,1214
51920,4709
58150,5784
51920,5459
44005,5784
51920,6849
44950,5784
51920,6561
44152,4582
44152,4595
44152,4601
44152,4835
27840,7977
26700,7974
49509,4563
44120,5310
49509,4562
49509,4590
44120,5300
25675,7909
36488,4530
47711,5169
47711,5179
23700,8192
23700,8396
20610,9326
23700,8191
23700,8394
68360,1153
28200,8388
29355,8309
28200,8339
29355,8628
28200,9820
29355,8388
28200,8302
29355,8339
28200,8345
29355,9820
28200,9353
11011,8388
29355,8302
28200,8309
29355,8345
28200,8628
C19IP1,7360
C19IP1,7359
23040,8309
23040,8345
23040,9820
11011,8019
23040,8302
23040,8339
23040,8628
29058,9353
29058,9359
OO34,_
C19IP3,3893
22900,8546
19200,5430
22900,8545
22900,5430
28008,7760
28008,8309
28008,8345
28008,9820
28008,7710
28008,8302
28008,8339
28008,8628
51860,5459
49000,5781
51860,5423
44005,5781
51860,5411
55540,5390
55540,6310
52450,6000
28208,8628
11043,8381
28208,8345
11042,7934
26765,8628
11042,7924
47000,9971
47000,9903
10060,8628
11043,8604
10060,8345
69220,2041
69220,7669
15750,8670
23030,7711
42260,2182
CR000,_
44660,5783
46750,4979
32110,3349
36815,3402
32110,3409
47420,8753
47610,5104
12037,8659
69610,1940
27704,8199
57250,7052
57250,7071
57268,7092
20824,8421
28660,7974
67810,811
88331,8908
49255,9199
36430,5440
58720,9903
88331,9971
49255,6561
36430,8908
58720,9199
88331,5440
49255,9903
51597,4685
36430,4610
45378,4850
36430,6880
45378,6890
51597,9903
99460,9933
43243,9971
36430,4233
43243,9903
28110,7789
23540,7971
12002,9357
16010,8659
12002,8628
26010,7719
11301,8609
27566,7796
27566,7929
66160,1371
66984,1265
66160,1330
IMP02,_
43610,4342
44602,6849
58140,4673
58150,6829
44602,6561
58140,6849
58150,4673
44602,6829
58140,6561
29010,9351
75984,5512
75984,8839
56440,6829
27603,7710
27603,8302
41005,2700
52005,6849
58150,5732
58150,8773
58150,9649
52005,6561
58150,5980
58150,9646
28636,7819
27502,7925
27227,7935
25620,7925
94460,_
66930,1319
25031,8303
35761,3800
35761,3991
42410,2629
28555,7989
28555,8628
28555,8345
31584,3164
31584,3169
59140,7430
28485,8628
49021,5491
27535,7810
59513,9971
36430,6639
59513,9903
58600,9971
36430,7499
58600,9903
27360,7785
27756,7760
27756,7710
47382,5024
14021,7760
14021,8309
14021,8345
14021,9820
14021,7710
14021,8302
14021,8339
14021,8628
27880,7760
27880,8309
27880,8345
27880,9820
11012,8415
27880,7710
27880,8302
27880,8339
27880,8628
29405,7760
29405,8309
29405,9820
29405,7710
29405,8302
29405,8339
29405,8628
21385,7679
27592,8417
54150,6400
57000,7014
35860,3806
11601,8630
20650,7760
20650,8339
20650,9820
27506,7810
20650,8152
20650,8302
20650,8345
11012,9344
20650,7815
20650,7710
20650,8309
20650,8628
27506,9344
20650,7925
58600,7430
59136,6639
58925,6551
58120,6529
58940,6909
58925,6539
58120,6551
58940,6529
58925,6909
58120,6539
27620,8017
26432,7859
65103,8284
26432,1642
65103,7859
26432,8284
27724,7807
27724,7840
12011,8628
11040,8659
26951,7760
26951,8309
26951,9820
11012,407
42700,2800
CR469,_
CR4693,_
40831,2752
37618,3880
33025,3712
27625,8017
27625,8077
11300,8609
35082,3844
35082,3952
49080,6561
11043,8417
31750,3179
25900,8405
49080,6849
58150,5425
21210,7809
41008,2700
64905,8674
11044,8689
11762,7760
11762,8628
11762,8345
58952,5423
44005,5440
10160,6529
58952,5459
44005,8601
10160,5411
44005,6529
10160,6561
58952,8601
10160,5423
10160,5459
49000,8601
58952,5411
10160,5440
67314,1511
67700,809
68815,881
67935,944
68815,1060
68815,944
11000,7934
11000,7924
77750,_
32662,3430
76096,8737
19110,8599
62287,8395
47741,4439
45385,4685
45378,4542
38745,8554
19340,4023
38745,8553
36010,3893
27305,8314
11310,8609
52334,5732
35103,3844
35103,3846
35103,3847
35103,3952
33240,53
57100,7024
55866,5421
55866,6050
50575,5521
50575,5620
50575,5631
50575,5732
50575,8773
50575,9645
50575,9649
37609,3882
99093,_
46705,4979
61305,124
61305,125
38120,4150
92975,3604
92975,8857
30520,2150
30520,2188
33518,3929
36488,4563
58562,9816
42300,2700
36450,5641
50225,9901
36450,5551
29876,8076
38100,4150
36488,6849
36450,3995
58150,9901
90935,6849
36450,3893
58150,3995
36488,9901
90935,6561
36450,6849
90935,9901
36450,6561
21235,1879
58545,6829
29881,8060
43638,4350
43638,4400
33820,3885
27295,8345
67052,1372
66985,1370
50972,5631
50972,5980
50972,8773
50972,9646
50972,9649
67121,1292
65815,1460
67121,1291
27610,7760
27610,8309
27610,8345
27610,9820
27610,7710
27610,8302
27610,8339
27610,8628
67036,1299
66995,1474
67036,1266
50605,5980
COVIDSUSPECT,_
53000,5800
47600,9357
16010,5122
47600,8628
61563,160
44392,4542
58120,6829
58120,6816
93651,3734
35470,3950
41155,2530
41155,2749
41155,4040
41155,7631
93524,3722
33822,3885
09935,_
90093,3995
09935,3995
90093,_
29880,8060
33413,3522
33413,3525
33413,3599
47525,9705
43450,4292
AO60,_
AO90,_
15100,7710
JO69,_
57550,6740
27487,8155
31237,2188
30520,2121
42300,4040
60100,2700
38724,611
42300,4021
60100,4040
38724,2700
42300,611
60100,4021
25425,7803
90935,1475
36145,3995
67025,3895
90935,1471
36145,1475
67025,3995
90935,3895
36145,1471
11000,7936
27827,8628
11000,7817
61624,9929
21122,7668
58263,6561
58263,6859
58263,7092
27828,8345
27828,7760
27828,7936
11041,7936
11041,7817
43269,9755
31535,3143
25270,8345
27758,7925
23515,7710
23515,8302
23515,8339
23515,8628
58563,6823
12001,9820
12001,8628
25272,8345
25272,8388
26350,8309
26350,8345
26350,9820
11011,8286
26350,8302
26350,8339
26350,8628
11042,7860
27331,8016
27331,8036
27331,9829
11010,7936
37720,3889
67005,1371
67005,1341
45338,4524
45338,4542
45338,4543
31233,2219
31030,2239
58145,9971
58700,6829
36430,6651
58145,9903
58700,9971
36430,6829
58145,6651
58700,9903
58600,7491
59100,6639
58600,6800
57200,7071
67101,1452
47800,5789
ND638,_
45379,4523
45379,9804
55815,4030
55815,6050
27524,8036
54535,5411
54535,6230
34101,3803
34101,3805
34101,3891
FP001,7759
59612,_
26992,7719
58280,6859
58280,7040
58280,7092
42450,2630
50240,5502
50040,5540
50240,5501
27245,7760
27245,8309
27245,8345
27245,9820
11012,7935
27245,7710
27245,8302
27245,8339
27245,8628
41113,2510
41113,2559
66993,1266
66993,1490
58940,5423
49000,6539
47300,5021
40845,2491
40810,2749
28485,7760
28485,8309
28485,8345
28485,9820
11012,7937
28485,7710
28485,8302
28485,8339
51550,5423
49000,5760
51550,5411
26030,8203
58558,6813
58100,6816
58100,6909
58558,6711
58100,6829
49000,5425
11043,8286
49201,9971
49201,9903
12013,8628
12013,8345
36430,6529
58952,9971
36430,6561
58952,9903
41017,2700
49060,8628
11043,5419
49060,8345
27758,7760
27758,8309
27758,8345
27758,9820
27758,7710
27758,8302
27758,8339
27758,8628
11000,4912
46275,8628
11000,4911
28173,7788
27645,7767
C19IP2,7360
C19IP2,7359
27590,294
11044,9788
20680,7810
20650,294
27590,7860
11043,9788
20680,9344
20650,8417
27590,9788
11044,9344
20680,8417
11044,294
20650,9788
27590,7810
11043,9344
11044,8417
11043,294
27590,9344
32651,3252
32020,3421
32651,3409
32020,3252
32651,3421
25628,8628
29075,7818
11044,7933
28476,9353
25628,7760
29075,8345
25628,7933
28024,8018
28024,8309
27640,7780
28150,7789
58120,6849
58150,6909
58120,6561
49080,4579
41130,2520
12016,8659
11043,8411
66850,1459
67108,1341
66850,1449
26075,8014
50220,3995
46716,4979
46716,4999
25145,7709
29358,8192
29358,8396
20610,9353
29358,8191
29358,8394
12001,8345
43234,5136
36488,5251
77418,9971
77418,9903
27530,7936
27535,7906
27530,7817
47721,4439
47721,5132
62287,9357
16010,8395
62287,8628
23130,8181
33647,3571
33647,3572
26055,8192
26055,8396
20600,8301
26055,8191
26055,8394
54640,5310
45100,6310
49500,6250
54640,4923
45100,5300
54640,6310
45100,6250
49500,4923
54640,5300
26706,7819
26706,7989
26715,7819
26706,7922
28525,8345
15933,7789
15933,8630
15933,8659
60200,631
27607,7860
PZ383,_
27829,7859
27829,8199
27829,9359
67906,832
67906,8399
24500,7860
26607,7913
47480,5103
47480,5104
68100,1021
69620,1940
61680,3953
68700,973
44960,5425
49080,4709
49080,9971
44640,5425
36430,4679
49080,9903
44640,9971
36430,5425
49080,4679
44640,9903
44640,4679
27590,9971
36430,8417
27590,9903
28122,8628
11043,7788
28122,8345
62146,204
62146,206
27720,7840
47553,5112
47553,5198
62220,232
43860,4389
44120,4450
43860,4562
43860,4590
44120,4389
43860,4450
43860,4563
23140,7761
69310,1860
69310,2042
63055,8628
63056,309
11643,8630
56700,7031
45330,9971
36430,4513
45330,9903
43235,9971
36430,4525
45330,4513
43235,9903
50546,5551
50546,5641
20692,7926
27355,7762
65235,1200
JOO,_
C19IP3,3491
32002,_
C19IP3,3404
55041,6310
11011,9901
44960,9820
11010,4709
44960,8628
27524,7760
27524,8309
27524,9820
27524,7710
27524,8302
27524,8339
58920,6522
57020,7000
23044,8011
17110,8630
66920,1319
26135,8074
11641,8630
23660,7981
64830,8309
64830,9820
63285,340
31640,3201
33533,3611
37204,4685
36488,3880
37204,4525
36488,4685
43235,3880
45378,3893
37204,4513
36488,4525
45378,3880
37204,3893
43248,4292
43248,4685
39220,_
52606,6029
69700,1919
27816,7909
11000,8382
49020,5419
54300,6442
49561,4610
44143,5351
CR060,_
27138,72
55845,4030
55845,6050
35518,3929
66840,1475
67051,1330
66840,1474
53400,5849
51820,5674
51820,5785
36815,_
90945,3993
36815,5498
C19IP4,3993
36815,3995
47380,5023
76012,8165
76012,8839
69637,1860
69637,1930
69637,1940
69637,2021
69637,2023
69637,2099
54328,5845
54328,5849
54328,6442
54328,8669
16010,7939
31225,125
61512,2220
31225,124
C19IP1,9971
C19IP1,9903
26776,7819
26776,7760
26776,8309
26776,8345
26776,9820
26776,7710
26776,8302
26776,8339
26776,8628
43840,3409
44120,4442
36488,4461
44320,4562
39501,4563
43840,4610
44120,3482
44320,5423
49000,4442
32020,4461
43840,4562
36488,4590
44320,3893
39501,4610
49000,3482
43840,5423
44120,3409
44320,4461
39501,4562
49000,4563
32020,4590
43840,3893
44120,4610
36488,3482
44320,5411
39501,5423
32020,4442
44320,4590
39501,3893
43840,5411
44120,5423
44320,4442
39501,4461
49000,4562
32020,4563
43840,4590
44120,3893
44320,3482
39501,5411
44120,4461
36488,4562
44320,4563
39501,4590
32020,4610
43840,3482
44120,5411
44320,3409
39501,4442
49000,4461
32020,4562
43840,4563
15734,8546
19200,8332
19200,8669
15734,8545
19200,8382
44950,4579
40500,2743
41110,2510
44391,4522
44391,4543
C191P4,_
64727,7760
64727,8309
64727,8345
64727,9820
11012,449
64727,7710
64727,8302
64727,8339
64727,8628
31629,3327
15823,870
27594,8417
50546,3995
94610,_
62270,5423
49000,331
62270,5411
69602,2049
36488,5502
49080,3893
96408,5425
36488,5501
49080,5502
96408,3893
50040,5425
36488,9925
49080,5501
50040,3893
36488,5425
49080,9925
43255,5123
43262,4233
43264,4443
47562,5185
43255,5188
43262,5294
47562,4233
59160,_
10140,7360
59409,8604
10140,7359
90935,3780
33208,3995
90935,3772
NN18,_
27120,8140
31576,3143
56501,7180
56620,7161
23020,8041
23020,8319
28050,8018
23330,7711
65875,1371
66987,1233
65875,1341
65875,1233
29345,7936
27535,9353
29345,7817
C19IP3,9604
40808,2724
28400,7909
47562,9357
16010,5123
47562,8628
52250,5732
52250,5733
52250,5823
52250,9227
11042,8403
26910,8628
11042,8401
24620,7909
59514,6840
59525,7499
59514,6839
67840,820
67840,889
42505,2649
23485,7731
23485,7801
24120,7763
61606,160
61606,212
45114,4590
45114,4869
44187,4620
11000,4040
38724,8628
11000,4021
20245,7742
20245,7745
20245,7749
26685,7984
26615,7989
26685,7923
67005,1269
C19T1,3893
C19IP3,6639
C19IP3,7759
58600,_
C19IP3,7360
43870,4462
35901,3862
XA,1289
65285,_
XA,1159
49507,6270
54520,5300
46262,4873
46262,4912
46262,4939
46262,4946
27506,7935
27513,7925
35860,9357
16010,3806
35860,8628
47785,5499
32000,_
76942,3491
22845,7859
11981,_
46924,4939
66150,1261
11622,8630
62270,9971
36430,331
62270,9903
24516,7840
24516,7931
24516,8444
50380,5561
90935,8444
23616,3995
90935,7931
44110,4590
44140,4500
44110,4533
20200,8321
26352,8286
26352,8381
77401,3409
25263,8388
28234,8313
66987,1269
66172,1371
66987,1264
66987,9928
66172,1341
44376,4514
67966,824
67966,8671
63270,340
17100,8630
49572,5359
49572,5369
11400,8628
11043,8630
11400,8345
11012,5423
49000,8302
26525,8099
27246,7905
NSD,_
66720,1272
66720,1274
ESRD,_
29035,9353
43124,4211
43124,4242
47620,5122
47620,5151
47620,5183
47620,8754
54550,6200
47562,5349
49587,5123
47562,5341
99460,4590
44140,_
99460,4572
11000,7860
35011,3995
41114,2510
41114,2559
69642,1860
69642,1930
69642,1940
69642,2049
69642,2099
11620,8630
38700,4029
42205,2450
42205,2762
12054,1840
12054,2181
12054,2751
12054,8659
12054,881
44661,4562
44320,5760
44661,5783
44661,4610
44320,4579
44661,5760
49000,5783
44661,5423
44661,4579
44320,5783
44661,5411
28825,8345
59514,9971
59514,9903
27750,2181
27750,8659
44205,1739
44205,4562
44205,4593
26607,7933
12002,7913
26615,8659
26607,7923
12002,7933
26615,7913
26607,8659
12002,7923
12036,8659
91105,9607
42225,2762
28490,7908
47900,5179
63011,309
11043,8415
11043,7935
27511,8345
29425,7860
55175,6149
65091,1639
23077,8339
21337,2171
C191P4,3995
23650,9359
29058,7971
23650,9353
37615,3880
28470,8345
25101,8013
25101,8033
25101,9820
66680,1239
42950,2940
52338,5522
52338,5631
52338,5633
52338,5732
52338,5980
49553,5329
49553,5339
63015,309
25575,7760
25574,8628
25574,8345
25575,8628
11044,7932
25574,7760
25575,8345
42894,2999
55700,4685
45378,6011
55700,4525
49255,6849
50727,5423
47785,5599
43260,5499
49000,5110
50727,5411
47785,5423
43260,5599
49000,5499
50727,5110
47785,5411
43260,5423
49000,5599
50727,5499
47785,5110
43260,5411
50727,5599
76940,_
61793,9233
58558,8782
58345,6816
58345,6909
58558,6999
58345,6829
52332,6651
49000,5732
58700,5980
52332,5411
49000,5980
58700,5411
52332,5423
58700,5732
96567,9983
11000,8662
26951,8628
76086,8735
45330,4594
69643,1860
69643,1940
69643,2049
69643,2099
50825,4590
50825,4622
58770,6602
35001,3842
35001,3845
35001,3952
ZO01,_
33513,3614
28666,7819
27590,5498
11042,8417
37184,8628
36430,3800
C19IP4,3929
36488,3974
90945,8840
27590,9910
11042,9903
37184,9971
37184,3800
36430,3929
C19IP4,3974
36488,8840
90945,9910
11042,9971
37184,_
90945,8417
11042,3800
37184,3929
36430,3974
C19IP4,8840
36488,9910
11042,_
37184,3893
90945,8628
27590,3800
11042,3929
37184,3974
36430,8840
C19IP4,9910
27590,_
11042,3893
37184,3995
C19IP4,8417
90945,3800
27590,3929
11042,3974
37184,8840
36430,9910
11042,3995
37184,5498
C19IP4,8628
36488,3800
90945,3929
27590,3974
11042,8840
37184,9910
11042,5498
37184,8417
36430,8628
C19IP4,3800
36488,3929
90945,3974
27590,8840
11042,9910
37184,9903
67005,1364
32500,3249
37607,3953
47563,5122
47610,5123
36481,3893
25405,7809
42870,2850
33535,3613
27557,7819
27557,7986
27557,8146
54600,6352
26055,9357
16010,8301
26055,8628
36810,_
36810,5498
36810,3995
49320,4685
43235,5421
49320,4525
45378,5421
49320,4513
49320,5421
63075,309
63075,7769
63075,8051
90939,_
LD649,_
50980,5600
50980,5631
50980,8773
50980,9646
50980,9649
47361,5000
47361,5029
47361,5061
47361,5099
12032,8628
27590,8659
12032,7760
12032,8417
11044,8659
12032,8345
15120,5980
41250,8773
31600,9646
43246,9649
51010,8669
52005,2551
15120,2752
41250,3121
43246,5711
51010,5732
15120,8773
41250,9646
31600,9649
43246,8669
51010,2551
52005,2752
15120,3121
41250,4311
31600,5711
43246,5732
51010,5980
15120,9646
41250,9649
31600,8669
43246,2551
51010,2752
52005,3121
15120,4311
41250,5711
31600,5732
43246,5980
51010,8773
15120,9649
41250,8669
31600,2551
43246,2752
51010,3121
52005,4311
15120,5711
41250,5732
31600,5980
43246,8773
51010,9646
15120,8669
31600,2752
51010,4311
52005,5711
15120,5732
41250,5980
31600,8773
43246,9646
51010,9649
52005,8669
15120,2551
71090,3780
71090,8839
NSD01,8908
NSD01,9449
44950,4685
45378,4709
44950,4525
55550,5421
55550,6310
42810,2920
61450,125
27516,7945
11000,4946
46258,8628
11000,4873
11000,4939
24635,8628
11043,7939
24635,8345
24635,7939
35206,8628
11043,3959
35206,8345
22327,7929
22327,7989
28003,8314
28003,8345
58925,5423
58925,5411
27725,8129
27725,7760
27725,8309
27725,8345
27725,9820
11012,8129
27725,7710
27725,8302
27725,8339
27725,8628
27640,8345
29085,8628
25260,9353
29085,8345
25260,8628
11043,9353
29085,8388
35565,3925
29065,8345
27536,7939
23515,7936
27536,7929
41252,2551
41252,2752
23585,7929
23585,7710
23585,8302
23585,8339
23585,8628
48153,5136
48153,5251
48153,5270
48153,5296
57061,7091
37650,3889
42140,2772
68400,900
34471,3995
90935,3805
42426,2633
42426,4041
31570,3100
19366,8544
19162,8570
19366,8543
67318,1590
49215,5440
49215,8628
11043,5440
49215,8345
58152,5950
58152,6561
58152,6849
26115,8345
26350,7710
29075,7760
20692,8309
20692,9820
20692,7710
20692,8302
20692,8339
52612,5620
52612,5732
52612,9645
49558,5329
49558,5339
27254,7985
64856,430
64856,460
55840,6050
44141,5423
29075,8628
49080,3491
32002,5425
49080,3404
27235,7905
21330,2172
21330,7859
75945,29
25500,7932
58940,4709
44950,6539
52648,5732
52648,5810
52648,5850
52648,5860
52648,6029
52648,6094
52648,6373
52648,8929
47015,5091
25105,9357
16010,8013
27125,9971
36430,8152
27125,9903
58662,6829
51010,5423
44005,5711
51010,5411
49000,5711
51010,5459
63020,309
63020,7789
63020,8051
28270,8048
28270,8364
NO39,_
44130,5423
27506,8401
20680,7815
26951,7925
26951,7860
27506,9788
20680,407
26951,8152
27506,294
26951,9788
27506,407
20680,8401
26951,7815
20680,8152
26951,294
31276,2219
31276,2241
31276,2242
44320,3995
46760,4979
23331,8001
35621,3929
12002,7760
12002,8309
12002,8345
12002,9820
11012,8659
12002,7710
12002,8302
12002,8339
21215,7691
45397,4595
45397,4639
45397,4842
45397,4851
93526,3723
UO1,_
29075,7931
29075,7842
27848,7989
SARSCOV2TESTING,_
96408,4685
45378,9925
96408,4525
59514,125
61312,7499
59514,124
38101,4143
37204,3995
38101,3880
50240,4143
49010,5540
90935,3409
38101,3995
50240,3880
49010,4143
32020,5540
37204,3409
38101,3893
50240,3995
49010,3880
32020,4143
36488,5540
37204,5423
38101,3409
50240,3893
49010,3995
32020,3880
36488,4143
90935,5540
37204,5411
38101,5423
50240,3409
49010,3893
90935,4143
37204,5540
38101,5411
50240,5423
49010,3409
90935,3880
37204,4143
38101,5540
50240,5411
29405,9788
20680,9353
29405,7860
11044,9353
29405,294
27226,7935
36488,8411
27506,3893
27759,7815
28820,8152
36488,7936
28820,3893
36488,7815
27759,8152
27506,8411
27759,3893
28820,7925
36488,8152
27506,7936
28820,7936
36488,8345
27759,8411
11043,3893
28820,7815
36488,7925
27513,7710
27513,8302
27513,8339
27513,8628
31630,3323
29065,3391
31630,9353
29065,3323
31630,3391
26750,7904
27550,7976
69511,2042
58300,_
NSD01,6970
27535,7925
27535,7815
27535,8152
27506,7817
25575,8339
25575,9820
36450,7932
25575,7710
25575,8309
25575,9901
25575,8302
50500,5581
36450,4590
44140,9901
36450,4572
32020,9971
10060,3409
49080,8604
36430,5411
10060,9903
36430,8604
32020,5425
10060,5411
49000,9903
36430,5423
32020,9903
10060,9971
49080,3409
49000,8604
10060,5423
49000,9971
36430,3409
32020,8604
10060,5425
41500,2559
UO7I,_
12014,8628
12014,8345
25490,7813
44210,4581
44205,4620
44210,1739
44210,4593
44205,4581
44210,4620
44210,4562
27360,8345
27502,7785
11044,7815
27360,7925
20240,9788
27590,7749
20240,294
20240,8417
20680,7749
20240,7860
57210,_
36430,7071
57210,9971
NSD01,7071
57210,9903
47560,5421
47560,8753
25525,7860
27514,7819
20650,7932
27514,7925
25525,7935
27514,7860
27514,7979
28645,7760
28645,8309
28645,8345
28645,9820
28645,7710
28645,8302
28645,8339
28645,8628
C19IP3,8628
C19IP3,8345
NSD01,6639
C19IP1,6639
C19IP1,8753
47610,_
C19IP1,5122
C19IP1,7860
11010,_
C19IP1,9820
20670,_
C19IP1,8628
11011,8411
41510,2559
68525,912
19350,8587
12018,8659
27630,8381
11000,7926
16010,8382
15734,9357
16010,8332
16010,8669
51525,5719
27750,9357
16010,7906
27750,8628
16010,5061
47360,8628
44005,9357
16010,5459
44005,8628
44312,4641
21461,7676
SS611,_
37730,3889
27501,7905
AO99,_
11044,8030
24101,7760
24101,8628
11044,8012
24101,8345
28630,7978
28126,7799
28060,8344
66250,7360
59409,1283
66250,7359
24110,7762
27340,8350
21151,7646
21151,7691
32110,3402
62361,390
HO00,_
41135,2520
41135,4041
75685,8841
11302,8609
58561,6816
58561,6999
58561,8782
58561,6909
99460,9983
96567,_
C19T1,9983
49650,5349
49587,5300
C19IP1,3995
C19IP3,5980
36568,5995
52325,_
36568,5732
C19IP3,5995
36568,_
52325,3893
C19IP3,5732
36568,5980
27880,_
36430,8415
27880,9971
C19IP2,8415
27880,9903
44602,5310
49507,4673
44602,5300
36262,9789
50547,5551
56420,7122
66850,1474
67039,1341
66850,1424
36011,5502
92981,3995
50040,3606
36011,5501
92981,3893
36011,3606
92981,5502
36011,3995
90935,3606
92981,5501
22848,7859
27193,9820
11010,7909
11010,7975
27193,8628
11010,7949
92973,66
60270,639
60270,650
27047,7769
58540,6949
58540,6840
59525,6949
58540,6839
67316,1530
28124,7789
49580,5341
49580,5349
44390,4522
C19IP2,9804
44390,_
C19IP2,4522
44390,9804
92990,3596
46740,4899
46740,4979
92987,3596
CR4699,_
27607,8302
27607,8339
27607,8628
63200,309
36012,3893
33201,3774
33201,3780
11043,3491
32002,8345
33426,3512
33426,3524
33426,3961
67228,1479
67027,1425
67228,1472
33545,3572
33545,3733
46200,4939
46200,4959
27652,8149
27652,8388
40525,2743
40525,2759
ZZ246,_
27510,7925
11043,9357
16010,8345
32225,3451
11010,7810
11044,7801
23485,7760
23485,8628
11044,7731
23485,8345
28309,7738
67914,842
28725,8113
75962,3950
75962,8839
52712,_
61340,124
45116,4590
45116,4869
28035,444
28080,407
74360,4292
74360,8839
31230,1651
31230,2220
21470,7925
36450,5423
49000,9901
36450,5411
15580,8660
65275,1371
66984,1151
61535,124
27358,7762
27358,7855
26608,8345
40840,2491
26645,7903
35681,3929
27535,8628
58940,7499
58600,6539
59513,6551
58940,6639
59513,6539
27365,7769
12002,9353
29405,8659
12042,9353
49507,4709
44005,5300
49000,5310
54900,6383
UOI,_
42890,2933
27814,7760
27814,8309
27814,8345
27814,9820
27814,7710
27814,8302
27814,8339
27814,8628
41153,2530
41153,2749
41153,4040
66130,1284
15220,8669
33218,3775
54100,6411
45380,4572
43239,4590
44140,4514
45380,5411
43239,5423
28270,7760
28270,8309
28270,8345
28270,9820
11012,8048
45915,9638
45915,9805
11000,139
61154,8628
11000,124
37760,8628
60281,670
64714,479
25065,8321
27236,7760
27236,8309
27236,8345
27236,9820
27236,7710
27236,8302
27236,8339
27236,8628
67904,881
67935,833
67904,1060
23670,7760
23670,8309
23670,8345
23670,9820
11012,7931
23670,7710
23670,8302
23670,8339
23670,8628
19100,7749
20225,8511
19100,7745
45300,9971
44320,4824
45300,9903
44320,9971
36430,4824
45300,4610
44320,9903
43496,3929
43496,4699
XA,8345
11043,7852
24130,7783
49605,5341
49605,5349
27591,8417
44389,4620
44389,5423
44310,4525
44389,5411
44800,5425
49000,4533
44800,5423
49080,4533
44800,5411
31600,7859
44120,4685
45378,4562
45378,4590
44120,4525
45378,4563
28675,7929
27766,7989
28675,7819
26670,7989
23500,7974
25600,7909
26685,7902
26670,7984
23500,7989
25600,7974
26685,7909
26670,7902
23500,7984
25600,7989
26685,7974
26670,7909
23500,7902
25600,7984
26685,7989
33015,3712
65865,1231
19180,8382
TN083,_
63281,340
27558,7819
27558,7986
27558,8146
48005,5260
43820,9971
43239,4439
36430,4514
43820,9903
43239,9971
36430,4439
43820,4514
43239,9903
58720,9971
27409,8146
23077,8309
23077,8628
49585,5123
49080,4030
67875,889
51555,5760
15574,8670
12034,8544
19240,8659
12034,8543
27220,7905
15570,8670
67049,1380
67049,1474
26568,7834
26750,7839
26568,7904
26750,7834
26568,7839
11042,7932
35701,3802
35701,3991
67584,1049
67584,1663
26820,7809
26820,7849
23450,8345
52648,5719
51030,5719
51030,5759
27132,8153
27134,70
44005,5310
49521,5459
12036,8345
60240,8309
60240,8345
60240,9820
11011,640
60240,8302
60240,8339
24582,7911
42720,2800
43860,5423
44050,4389
49000,4450
43860,4680
44050,5411
44050,4450
49000,4680
43860,5411
44050,5423
49000,4389
31561,3029
27333,8016
24515,8309
11011,7931
24515,294
11011,9788
24515,8302
11011,7860
24515,9788
24515,8339
24515,9820
20680,7931
11011,294
24515,7860
63266,340
27566,8309
27566,8345
27566,9820
11011,7796
27709,7737
31600,7760
31600,8309
31600,8345
31600,9820
11012,3121
31600,7710
31600,8302
31600,8339
31600,8628
21198,7664
31032,2231
90935,125
61312,3995
90935,124
66987,1330
66984,1341
26951,9357
16010,407
29889,8145
47600,9971
36430,5122
47600,9903
27635,7767
51570,5779
26123,8235
27758,8662
26123,8684
11044,8033
25101,8345
90935,5310
49507,3995
90935,5300
53420,5849
27499,7935
27511,8314
27499,7815
27499,8314
11621,8630
59812,7360
59409,6902
59812,7359
28150,7760
28150,8309
28150,8345
28150,9820
11012,7789
28150,7710
28150,8302
28150,8339
28150,8628
11043,7934
59812,7759
59612,6902
52237,_
39540,5380
28805,8628
11043,8332
28805,8345
NSD01,9901
36450,_
C19IP1,9901
57415,9817
11044,7934
11044,7924
49585,5440
49585,6561
58951,5349
49585,4030
49585,6529
49585,6849
58951,5341
69676,2091
96408,3491
32002,9925
96408,3404
SPONTANEOUSVAGINALDELIVERY,7360
SPONTANEOUSVAGINALDELIVERY,7359
SPONTANEOUSVAGINALDELIVERY,_
24301,8375
24301,8377
93356,8843
93356,_
44143,3893
36488,4575
46614,4921
46614,4929
90931,_
C191P3,3893
33730,3799
75956,3973
33730,8839
75956,3799
33730,3973
75956,8839
12031,8345
19101,8544
19240,8511
19101,8543
33750,3900
33249,3794
33249,54
MCPO1,_
65865,1371
66987,1231
65865,1341
58912,_
54620,6270
54520,6250
54620,6230
54620,6250
27816,7936
27828,7909
27816,7817
26011,7719
31540,3009
64834,8628
11043,430
64834,8345
64834,430
27496,8314
27556,7819
27556,7986
29365,7935
27511,9353
29365,7815
11043,8073
25105,8345
67973,869
67038,1371
67038,1341
C19IP2,5423
C19IP2,5411
32200,3409
00001,_
41520,2559
11100,8345
99640,_
28100,7769
54304,6442
XA,8659
XA,8628
12002,_
58150,9971
23515,7925
27506,7939
23515,7815
23515,8152
27506,7929
69421,2009
69421,2080
42160,2731
25810,8126
25575,8401
26951,7932
25575,407
28420,7809
28420,7939
28120,8345
32140,3229
32140,3409
11042,8689
11042,8669
16010,7936
11044,7925
35860,7925
29365,8446
29365,8415
40650,2759
27331,7810
61312,7860
27507,9344
11044,8016
20650,8036
20670,9829
27331,124
66997,1266
45160,4835
99460,9357
99460,8628
58267,5950
58267,5960
58267,6859
44005,5361
49560,5459
44005,5351
20692,8382
23000,8339
44900,4720
49425,5494
15936,8630
43843,4495
37617,3880
57265,7051
58260,7052
44950,7092
57265,6859
58260,4709
44950,7051
57265,7052
58260,7092
44950,6859
57265,4709
58260,7051
44950,7052
57265,7092
29405,7936
27792,9353
29405,7817
64830,8339
26350,407
11012,479
64830,8286
64830,8302
26350,479
64830,7710
26350,7760
CR007,_
27448,7735
68540,921
45402,1736
45402,4876
11042,8382
43831,4319
61130,124
27520,9357
16010,7909
46735,4979
16010,7934
45380,4341
68520,960
61333,1609
61333,1692
15350,8309
15350,8345
15350,9820
15350,8302
15350,8339
15350,8628
15350,8669
27331,8309
27331,8345
27331,9820
11011,8016
11011,9829
27331,8302
27331,8339
27331,8628
11011,8036
25101,8309
11011,8013
44206,1735
44206,4610
61440,124
20827,8421
11011,7760
11044,8302
11044,8339
99035,_
46250,4685
45378,4946
46250,4525
20660,294
20660,295
20660,9359
27590,7933
27590,8669
11044,7923
11043,7933
15100,8417
26615,7760
15100,7923
26615,8669
27590,7923
26615,8345
11043,7923
15100,7933
26615,8417
27507,7860
27536,9344
20650,7935
27507,7936
27536,7810
27536,7935
20650,7936
27507,7810
27536,7860
67222,1459
67222,9335
42860,2840
11043,881
67935,8345
44005,6869
58210,4709
44005,4030
44950,6869
58210,5459
14061,8689
11042,7851
23480,8628
11042,7731
43239,5980
52332,4514
43239,5732
96408,5498
90945,9925
96408,3995
35251,3956
28675,9353
29405,8411
28820,7989
28675,8411
29405,7989
28820,9353
45382,4542
23174,7702
20816,8422
49522,5300
49522,5310
69670,8382
69670,1919
32659,3712
92982,3893
90945,66
92982,9604
C19IP4,66
92982,_
31500,66
92982,5498
36488,66
92982,3995
49562,5351
49562,5361
51596,5671
51596,5779
31400,3029
31600,5423
90935,3121
31600,5411
49000,3121
23460,8196
44363,4513
44363,4514
44363,9803
25660,7973
19120,9199
88331,8521
19120,8908
88331,9199
96408,9199
88174,9925
96408,8838
21194,7643
21194,7662
21194,7691
57307,4610
57307,7073
67880,889
67840,852
67880,820
67880,852
29365,7929
27566,9353
29365,7796
46050,9357
16010,4901
46050,8628
31600,125
74350,3121
61700,4311
61312,3951
31600,124
74350,125
61700,3121
61312,4311
31600,3951
74350,124
61700,125
61312,3121
74350,3951
61700,124
74350,4311
43200,4590
44140,4223
43200,4572
40510,2743
40510,2759
35081,3844
36488,3952
35081,3893
36488,3844
35081,3952
27664,8364
27870,8111
43235,9804
44390,4513
43235,4522
58822,6591
41250,8129
22554,2551
50405,5502
50405,5512
50405,5570
50405,5587
50405,5620
50405,5689
27303,7715
35092,3844
35092,3846
35092,3952
43271,5184
43271,5298
69093,_
47562,4685
43235,5123
47562,4525
45378,5123
47562,4513
63182,212
63182,309
63182,8049
11041,125
61312,8628
11041,124
SO11,7760
SO11,8309
SO11,8345
SO11,9820
11012,_
SO11,7710
SO11,8302
SO11,8339
SO11,8628
SO11,_
65810,1291
65810,1292
65810,1472
65810,1473
16010,5310
49507,8628
19182,9357
16010,8534
19182,8628
90935,5349
49587,3995
90935,5341
33217,3776
OO01,_
03390,_
58700,6601
59150,6651
58700,5421
27442,8147
54840,6320
54840,6340
IA419,_
25415,7843
49200,5310
49200,5300
75710,8848
75710,8849
26765,7760
26765,8309
26765,8345
26765,9820
12004,8628
12004,8345
11044,8403
26910,7760
26910,8345
32141,3221
32141,3409
16040,8628
16010,8630
XA,2181
23657,3228
44604,5423
44950,4675
44604,5411
49000,4675
44604,4709
26991,8115
46750,7360
59409,4979
46750,7359
47130,5030
C19IP3,3409
32020,4513
45378,3409
43234,_
32020,4685
C19IP3,4513
43234,3409
32020,4525
C19IP3,4685
43234,3893
C19IP3,4525
27418,7847
21480,7693
47610,5151
47420,5122
21485,7693
54316,5849
54316,6449
41120,2520
12056,1840
12056,2181
12056,2751
12056,8659
12056,881
90375,9059
99246,_
90375,8909
26200,7764
26548,8172
59403,_
59514,6551
59514,6539
10060,7925
49590,5359
90935,8753
47605,3995
90935,5122
49507,6250
36488,125
61314,3995
36488,124
61314,3893
57300,7073
11000,8344
11000,8669
37735,8628
11000,3889
11000,8630
15572,8670
64784,407
JI189,_
49600,5349
20206,8321
NOO3,_
11043,4461
43840,8345
35188,3953
27066,7769
27066,7809
27658,8364
11041,6849
58150,8628
11041,6561
43320,4252
43320,4400
43320,4429
45005,5400
61619,212
58100,8782
58345,6711
27605,8311
12017,8659
24400,7732
24400,7911
61546,124
58560,6822
36430,5671
51595,9971
36430,4030
36430,5779
51595,9903
27654,8149
27654,8302
27654,8339
27654,8628
42104,2731
68326,1043
58150,7360
59409,6561
62350,390
11012,8037
27620,7710
27620,8302
27620,8339
59201,_
41009,2700
NI129,_
21435,7819
21435,7950
54505,6212
11603,8630
27750,7760
27750,8309
27750,8345
27750,9820
11012,7906
27750,7710
27750,8302
27750,8339
67121,1474
67040,1460
67121,1424
29058,8192
29058,8396
46083,4949
12345,_
44141,9971
C19T1,4572
44141,_
C19T1,4610
44141,9903
36430,4572
C19T1,5459
44005,_
44143,5423
10160,4575
44143,_
49000,4575
58700,7499
58700,_
C19T1,6651
C19T1,7499
59513,6651
C19T1,9925
96450,_
C19T1,331
10140,_
10140,9971
C19T1,8604
10140,9903
55700,5600
55700,5732
67420,1601
67420,1692
44005,5980
49320,5459
52332,5421
44005,5732
49320,5980
52332,5459
44005,5421
49320,5732
96567,9971
96567,9903
36430,9983
53010,5800
63003,309
35612,3922
50780,5423
34401,5674
45380,3807
50780,4525
34401,5411
45380,5423
49000,5674
50780,3807
34401,3893
32400,3424
29877,8026
29870,8086
20610,8036
29876,8191
29881,8192
29877,8394
29870,8396
20610,8076
29876,8060
29881,8026
29877,8086
29876,8192
29881,8394
29877,8396
29870,8076
20610,8060
29876,8026
29881,8086
29877,8036
29870,8191
29876,8394
29881,8396
29877,8076
29870,8060
20610,8026
29876,8086
29881,8036
29877,8191
29870,8192
29876,8396
29881,8076
29877,8060
29870,8026
20610,8086
29876,8036
29881,8191
29877,8192
29870,8394
29821,8071
30580,2239
30580,2271
29848,8043
27848,7936
27535,7989
27848,7817
28505,8309
28505,8345
28505,9820
11011,7939
28505,8302
28505,8339
28505,8628
32656,3459
63302,8099
44111,4500
44111,4533
27052,7760
27052,8309
27052,8345
27052,9820
11012,8035
27052,7710
27052,8302
27052,8339
27052,8628
53443,5846
45378,9971
C19IP2,4525
C19IP2,4685
58145,6813
58145,6711
33720,3539
33720,3961
26608,7760
26608,8309
11012,7814
26608,7710
26608,8302
26608,8339
33840,3864
EO49,_
26070,8013
26070,7760
26070,8309
26070,8345
26070,9820
11012,8013
26070,7710
26070,8302
26070,8339
26070,8628
44392,4590
44140,4542
44392,4572
63081,309
63081,8099
90935,8401
26951,3995
90935,407
76936,_
76393,8897
28510,7908
28510,7760
28510,8309
28510,8345
28510,9820
11012,7908
28510,7710
28510,8302
28510,8339
28510,8628
24579,7931
50393,5980
27530,9357
27530,8628
39010,3410
72301,9357
16035,_
72301,8628
72301,8609
72301,_
54320,4131
38220,_
C19IP2,4131
54320,_
28304,7738
49520,5810
49520,5860
49520,6094
49520,8929
10140,5423
10140,5411
25920,8404
43639,4350
43639,4429
65265,1402
23220,7762
49566,5351
49566,5361
11000,2219
31238,8628
11000,2100
57260,6859
27827,7809
20956,7817
44366,4685
45378,4443
44366,4525
29345,8314
44021,4502
58952,3491
32002,5440
32002,6561
58952,3404
32002,6529
44316,4622
61580,2110
61580,2263
61580,2264
61580,299
21150,7646
32655,3221
25630,7903
23570,9359
29058,7909
23570,9353
26910,8309
26910,9820
26418,8309
26418,9820
26418,8302
26418,8339
26418,8628
HE143,1475
67025,_
HE143,1471
HE143,_
25909,8405
90935,8403
26910,3995
44100,4527
60512,695
57522,6732
46610,4921
46610,4931
45130,4869
45130,4874
36821,3952
90935,3929
35045,3409
36821,3843
32020,3929
35045,3995
36821,3409
32020,3952
35045,3929
36821,3995
32020,3843
25120,7763
58150,4030
58150,6529
15931,8630
15931,8659
67025,1269
66172,1475
67025,1264
67025,9928
66172,1471
36488,3805
36430,3891
34101,3893
II19,_
21356,7672
36430,125
21356,9903
61314,9971
36430,7672
21356,124
21356,9971
61314,7672
36430,124
21356,125
61314,9903
22590,8129
21255,7646
21255,7809
NS001,_
26235,7789
11042,7936
11042,7817
65900,1240
27894,9971
36488,407
90935,8314
36430,8345
27894,3893
36488,8314
90935,8345
27894,3995
36430,407
27894,9903
36430,8314
22326,7929
22326,7989
25525,7810
20692,7925
20692,7979
25525,8345
11044,8152
15738,8309
15738,9820
15738,7710
15738,8302
15738,8339
15738,8628
RTPCRTESTING,_
27350,7935
27514,7796
27350,7815
22843,7859
49080,4850
49080,6880
19240,8570
66994,1266
66994,1289
38555,3991
38555,4029
64832,430
19371,8521
17200,8630
21450,7675
45300,4912
45300,4946
46258,4824
45300,4873
45300,4939
28450,7909
38102,4150
38102,5423
49000,4150
38102,5411
49000,5061
50220,5411
47360,5551
49000,5641
50220,3409
32020,3886
50220,5423
32020,5551
47360,5641
50220,3886
32020,5061
47360,5411
32020,5641
47360,3409
49000,3886
50220,5061
47360,5423
49000,5551
29075,7932
49585,8753
47563,5341
21422,7679
21390,7674
21422,1689
44005,5349
49587,5459
44005,5341
38770,6849
38770,6561
44211,4581
44211,4595
44211,4601
44211,4835
44211,4869
65101,1649
32150,3409
11044,7935
27514,7760
27514,8628
27514,8345
59325,6751
69502,2041
48146,5253
35341,3816
47721,4639
36450,4439
44130,5132
47721,9901
36450,5132
44130,9901
47721,4590
36450,4639
44130,4439
64831,430
25600,9357
12015,7902
25600,8628
12015,9357
16010,7902
25600,8659
58300,6561
59514,6849
58200,6970
58300,7499
59514,4011
58300,6849
59514,6970
58200,7499
58300,4011
76930,_
61682,3953
27372,7760
27372,8309
27372,9820
27372,7710
27372,8302
27372,8339
12014,7760
12014,8309
12014,9820
12014,7710
12014,8302
12014,8339
11740,8604
12041,8345
28225,8391
58660,5421
19182,9971
36430,8534
19182,9903
44143,3995
90935,4575
14041,7760
14041,8309
14041,8345
14041,9820
14041,7710
14041,8302
14041,8339
14041,8628
58700,6849
58150,6651
58700,6561
49582,5341
49582,5349
NCP,_
52330,5631
47562,5980
44005,5620
52337,5123
52330,5522
52335,5600
47562,5631
52332,5620
52330,5123
52335,5459
47562,5522
44005,5600
52330,5980
52335,5620
27447,8382
27329,8669
27400,8147
27448,8154
27487,8375
15738,7735
27447,8155
27329,8332
27400,8382
27448,8669
15100,8147
27487,8154
27447,8375
27329,7735
27400,8155
27448,8332
15100,8382
27487,8669
15738,8147
27400,8375
15100,8155
27487,8332
27447,8669
27329,8147
27400,8154
27448,8339
15100,8375
27487,7735
15738,8155
27447,8332
27329,8382
27400,8669
27448,8147
15100,8154
27487,8339
15738,8375
27447,7735
27329,8155
27400,8332
27448,8382
27487,8147
15738,8154
27447,8339
27329,8375
27400,7735
27448,8155
27487,8382
27329,8154
27400,8339
27448,8375
15100,7735
32650,3421
32650,3460
23466,8196
27090,8005
61795,9239
50783,5674
11042,479
11042,407
44603,4533
49587,4673
C19T1,5341
49000,5349
44800,_
44603,5411
49587,5423
C19T1,4533
49000,4673
44800,5341
44603,5349
49587,_
C19T1,5349
44603,5423
49587,4533
C19T1,4673
49000,5341
44800,5349
44603,_
49587,5411
44800,4673
44603,5341
20838,8426
25390,7823
44970,6849
44005,4701
44970,6561
58150,4701
44970,5459
92981,8857
93545,3606
92980,8857
19271,3440
19271,3479
19271,7791
50395,5980
64831,7933
26746,430
64831,7923
45320,4590
44140,4543
45320,4823
43501,4441
43501,4449
36450,7021
57454,9901
36450,6712
35551,3925
26597,8670
26597,8684
46730,4979
12001,7760
12001,8309
12001,7710
12001,8302
12001,8339
57120,7080
66985,1452
C19IP2,3808
36011,3891
34201,3893
36011,3806
27880,3808
35286,3808
34203,3891
27892,3957
35566,407
35571,8314
27880,8659
C19IP2,8628
36488,8415
34201,_
35286,3893
34203,3806
27892,3808
35566,3891
35571,3957
12041,407
11042,8314
C19IP2,3929
36488,8659
34201,8628
35286,8415
34203,_
27892,3893
35566,3806
35571,3808
12041,3891
11042,3957
27880,407
C19IP2,8314
34201,3929
35286,8659
34203,8628
27892,8415
35566,_
35571,3893
12041,3806
11042,3808
27880,3891
C19IP2,3957
34201,8314
35286,8345
34203,3929
27892,8659
35566,8628
35571,8415
12041,_
27880,3806
36488,3891
34201,3957
35286,407
34203,8314
35566,3929
35571,8659
12041,8628
11042,8415
36488,3806
34201,3808
35286,3891
34203,3957
35566,8314
35571,8345
12041,3929
11042,8659
35286,3806
34203,3808
27892,3891
35566,3957
35571,407
12041,8314
11042,8345
27880,3929
C19IP2,8659
34201,8415
35286,_
34203,3893
27892,3806
35566,3808
35571,3891
12041,3957
27880,8314
C19IP2,8345
34201,8659
35286,8628
34203,8415
27892,_
35566,3893
35571,3806
12041,3808
11042,3891
27880,3957
C19IP2,407
34201,8345
35286,3929
34203,8659
27892,8628
35566,8415
35571,_
12041,3893
11042,3806
C19IP2,3891
36488,3957
34201,407
35286,8314
34203,8345
27892,3929
35566,8659
35571,8628
12041,8415
27880,3893
C19IP2,3806
35286,3957
34203,407
35566,8345
35571,3929
75635,8848
52260,5732
52260,9625
NO17,_
33405,3522
33405,3961
33641,3571
33641,3961
15820,870
43846,4439
43846,4495
61312,_
C19IP3,125
61312,3893
C19IP3,124
67414,1609
67414,7719
22600,8129
23430,8388
61582,124
61582,299
61582,7739
24341,8669
15100,8388
65920,1671
15100,9357
59402,6639
59402,_
90935,8192
36488,8394
23490,8345
25675,7933
26615,7909
25675,7923
26746,8345
26746,7760
11010,8016
11010,9829
11010,8036
27558,7935
27513,7819
27513,8146
27558,7815
27513,7986
90935,8628
11043,3995
66821,1371
66987,1364
66821,1341
29085,7934
29085,7924
27827,7710
27827,8302
27827,8339
59151,9971
36430,6563
59151,9903
67101,1490
67041,1452
67101,1474
30118,2131
CHRONICKIDNEY,_
17110,6813
58100,8630
17110,6711
28445,9820
11010,7939
28445,8628
67935,884
67961,1060
46742,4899
46742,4979
50365,5551
50365,5569
51065,5810
51065,5860
51065,6094
51065,8929
66820,1364
65920,1452
31800,3171
CERVICALCANCER,_
25415,7932
25415,8499
25526,7843
25415,7819
25415,7939
25545,8309
25545,8345
25545,9820
25545,8302
25545,8339
25545,8628
11011,7924
31603,640
60254,3110
31603,4040
61140,3995
90935,113
46255,4525
46255,9903
46255,4685
36430,4946
46255,9971
27301,8628
11043,8303
27301,8345
42408,2629
61312,139
61154,125
58805,6591
11042,125
61312,8623
11042,124
11750,125
11042,8623
11750,124
61314,3121
45160,7760
45160,8309
45160,8345
45160,9820
11012,4835
45160,7710
45160,8302
45160,8339
45160,8628
24430,7842
58120,7021
57454,6909
58120,6712
43249,4292
43249,4685
LK,8669
LK,9357
15100,_
LK,8628
LK,_
30117,2131
42180,2761
41000,2700
26437,8299
PO71,_
27535,8302
27535,8345
27535,8017
27620,7817
22844,7859
77261,3409
77418,3492
32020,8838
32005,_
76360,3409
77421,3492
77261,8838
27893,407
27893,8314
27893,8345
77421,4685
77401,4513
77261,4513
77401,4525
77421,4513
77261,4525
77401,4685
77421,4525
77261,4685
52224,6270
52318,5732
54520,5733
52318,5831
54520,5700
52224,6230
52318,6270
54520,5732
52318,5823
54520,5831
52224,5700
52318,6230
52318,5733
54520,5823
27236,7860
23420,8363
51045,5850
52276,5719
19112,8599
12052,3491
32002,1840
32002,2751
32002,881
12052,3404
32002,2181
32002,8659
29065,7925
66850,1269
66170,1341
66850,1264
24587,7929
24587,8185
69440,2023
42235,2769
42235,8670
61516,124
61516,125
28140,7798
17304,8624
17304,8630
17304,9199
21555,8309
21555,8345
21555,9820
11011,8630
21555,8302
21555,8339
21555,8628
11043,7902
28805,7760
28805,8309
28805,9820
28805,7710
28805,8302
28805,8339
44950,6840
59525,4709
44950,6839
21300,7909
52630,6029
26650,7814
PO30,_
43633,4370
65426,1371
66987,1132
65426,1341
36430,4563
44120,9971
36430,4562
44120,9903
59135,6849
59135,7430
49021,8601
58900,5491
36488,6512
49021,5423
58900,8601
36488,5491
49000,6512
10160,3893
49021,5411
58900,5423
36488,8601
49000,5491
10160,6512
49021,3893
58900,5411
10160,5491
49021,6512
58900,3893
58900,6512
88332,8908
19162,9199
88332,8543
61790,9230
45330,4341
45378,4530
43251,4525
45330,4685
45378,4233
45330,4530
43251,4685
45330,4233
45378,4341
11000,8192
11000,8396
11000,8191
11000,8394
44950,8753
47605,4709
26746,7934
26735,7923
59513,6849
58150,7499
59513,6561
67550,1669
47120,5361
49560,5022
47120,5351
39502,4400
39502,4429
39502,4469
39502,5372
19180,8544
19240,8541
19180,8543
31292,1609
31292,2219
41145,2530
41145,3110
41145,4041
66982,1364
66821,1330
40818,2749
27450,7735
27450,7855
26390,8171
26390,8233
26210,7769
30600,2182
33684,3503
33684,3572
27420,8147
11000,8659
15931,8628
27070,7785
27070,7710
27070,8302
27070,8339
27070,8628
35650,3929
43842,4468
57520,6813
58100,6720
58100,6769
COSUSPECT,_
77421,8415
77401,8415
C19IP3,5423
C19IP3,5411
16010,7789
27071,8628
35820,8544
43235,3805
19240,4513
35820,8543
43235,8544
19240,3805
35820,4513
43235,8543
35820,3805
11012,7851
23480,7710
23480,8302
23480,8339
25575,9357
16010,7932
62272,125
12037,331
61312,8659
62272,124
12037,125
61312,331
62272,8659
12037,124
38510,3491
27750,4011
32002,7906
38510,3404
27750,3491
32002,4011
38510,7906
27750,3404
90933,_
45563,4610
45563,4800
45563,4879
75650,8841
66850,1289
65285,1341
66850,1159
11044,4563
44120,8345
47765,5499
36450,3491
32002,9901
36450,3404
27681,8391
29405,7925
21050,7650
54640,6270
54640,6230
27759,7926
27759,7817
46615,4921
46615,4931
27830,7979
47125,5030
63271,340
15922,7789
15922,8630
C19IP1,7760
C19IP1,8309
C19IP1,8345
C19IP1,7710
C19IP1,8302
C19IP1,8339
22310,7925
49420,5459
44960,5419
49420,5423
44960,5459
49000,5419
49420,5411
44005,5419
49420,4709
60545,5440
60545,711
60545,729
60545,730
28112,7789
59160,7360
59160,7359
29305,9820
11010,9351
29305,8628
11000,8403
11000,8401
26991,8345
10080,8603
10080,8309
10080,8345
10080,9820
11011,8603
10080,8302
10080,8339
10080,8628
IUDINSERTION,_
26035,9357
16010,8209
26035,8628
50390,3995
36430,5592
50390,9971
90935,5592
50390,9903
45121,4825
45121,4850
59513,5440
22804,8129
43205,4233
26055,8345
C19IP2,9604
24685,7925
11000,8415
11000,9971
11000,9903
BLOODTRANSFUSION,9971
BLOODTRANSFUSION,9903
BLOODTRANSFUSION,3995
BLOODTRANSFUSION,_
31600,8659
15931,3121
31600,8630
77261,7091
77781,6999
77261,6999
15738,7810
11040,8309
11040,8669
15100,7860
20670,7810
11040,8339
27756,9353
29345,8669
11040,8345
20690,7819
27756,8669
11040,7810
20670,7819
20690,9353
27756,7860
29345,7810
11040,7710
11040,9820
20670,9353
20690,8669
27756,7810
11040,7760
11040,7819
15100,9353
20670,8669
20690,7860
11040,8302
29345,7819
11040,9353
65101,7950
21435,1649
65101,7819
UO5,_
11000,7989
11000,7984
11750,8401
26951,8623
11750,407
OO21,_
UO4,_
47511,5198
49505,5810
49505,5860
49505,6094
49505,8929
39503,3404
39503,5375
44025,4503
54161,5310
49505,6400
54161,5300
39000,3410
51535,5719
45303,4823
45303,9622
44110,4500
33025,3491
32002,3712
33025,3404
54530,5310
49521,6230
54530,5300
76003,5980
76003,9646
43800,4429
43800,5423
49000,4429
43800,5411
65112,4041
42426,1652
65112,2633
65112,1652
29898,8087
27637,7767
29898,7807
27637,8087
29898,7767
27637,7807
27454,7735
11044,3893
90935,7760
11044,3995
36488,7760
27535,7760
27535,8309
27535,9820
11012,7817
11043,8339
11043,7710
25040,8345
25525,8628
11044,8019
25040,7819
11044,7979
25040,7760
25040,8019
25040,7979
25525,7760
25040,8628
25525,8019
25040,7932
SUMALA,_
22840,7859
22802,8129
74475,5512
74475,8839
VID19,7360
VID19,7359
21155,7646
21155,7691
67413,1609
67413,1610
27502,8628
11043,7905
27502,8345
24685,7931
24546,7932
24685,7842
21032,2731
11043,8314
20692,8033
43268,5136
43259,5251
43268,5296
43259,5293
48150,8874
43268,4370
43259,5136
43268,5270
43259,5296
48150,5293
43268,8874
43259,4370
43268,5251
43259,5270
16010,4685
45378,8628
15822,870
33710,3539
33710,3572
33710,3961
28820,9357
16010,8411
33645,3799
61313,3121
44386,4514
33973,3766
28070,8078
45382,4513
27530,7760
27530,8309
27530,8345
27530,9820
27530,7710
27530,8302
27530,8339
11306,8609
27245,9357
16010,7935
27215,7939
29065,7936
27828,9353
29065,7817
20902,7939
23515,7800
20902,7929
61608,160
61608,212
22325,7929
22325,7989
42900,2951
24640,7972
69436,2001
XXXX,_
45380,9971
45380,9903
44322,9971
45380,4610
44322,9903
27303,9971
36430,7715
27303,9903
61313,9903
27814,7925
25574,8152
14021,7936
20650,8689
36430,7710
25574,8309
36430,9820
27814,7860
25574,9344
14021,9903
11012,9971
36430,7925
36430,8302
36430,7860
27814,9903
25574,9971
14021,7815
36430,7936
27814,8689
25574,7710
36430,8339
25574,9820
14021,7810
27506,9971
27814,7815
14021,8152
36430,8689
25574,8302
27814,7810
25574,7860
14021,9344
11012,9903
20650,9971
36430,7815
27814,8152
25574,7936
14021,7932
36430,7760
25574,8339
36430,7810
27814,9344
25574,9903
14021,9971
27814,7932
25574,8689
36430,8309
36430,9344
27506,9903
27814,9971
25574,7815
14021,7925
36430,7932
27506,8689
25574,7810
14021,7860
20650,9903
33542,3733
27536,7760
27536,8309
27536,8345
27536,9820
27536,7710
27536,8302
27536,8339
27536,8628
27808,7760
27808,8309
27808,8345
27808,9820
11012,7909
27808,7710
27808,8302
27808,8339
27808,8628
12004,9820
14060,8628
14060,8345
99460,5349
49605,_
99460,5341
11000,5423
11000,5411
32480,3249
25270,8628
23680,7931
29825,8041
23900,8382
58540,6849
58150,6949
58540,6561
46270,4824
45300,4911
50845,5721
50845,6813
58100,5721
50845,6711
31500,125
61313,9604
31500,124
25337,8175
28262,8048
25365,7733
21182,7646
21182,7769
21182,7809
C19IP4,160
61500,_
C19IP4,125
69632,1930
69602,1940
69632,2049
69602,1930
69632,1940
44320,4685
45378,4610
44320,4525
27590,9357
26910,8417
15100,8401
36488,8403
16010,8401
27590,8403
26910,8669
15100,3893
15100,8403
36488,8669
16010,3893
26910,9357
36488,8401
16010,8403
26910,3893
36488,9357
16010,8417
27590,8401
58145,6823
58563,6829
58561,6823
52317,5810
52317,5860
52317,6094
52317,8929
52601,5700
52317,5732
52317,5850
52317,6029
52317,6373
92980,3721
93508,3606
92980,3639
50280,5539
11000,7360
59409,8628
11000,7359
28430,7909
27506,125
61304,7815
61304,8152
27506,124
61304,7925
31000,2200
CR464,_
27750,8036
42953,2959
27380,8364
36488,3491
32002,3893
36488,3404
91034,8939
54336,5845
54336,5849
23675,7971
28108,7769
27607,8345
52000,5504
52337,5521
50080,5600
52000,5631
52337,5503
52000,5521
50080,5732
52000,5522
50080,5631
52000,5503
52337,5504
52000,5980
50080,5522
52000,5600
54600,6270
26641,7974
25420,7809
27759,7840
27724,7936
27759,7807
61105,124
28800,9357
28820,8412
28800,8628
16010,8412
28800,8411
49587,6849
58150,5341
52332,5502
50040,5980
52332,5501
52334,5502
50040,5732
52334,5501
52334,5980
43832,6849
44187,4319
58150,4620
43832,6561
44187,6849
58150,4319
43832,4620
44187,6561
46257,4939
46257,4946
49323,5421
49323,5499
11000,7925
44345,5423
49000,4643
44345,5411
49521,4709
HD,_
GN185,_
25350,7733
61609,3881
NONCE,_
25320,8175
36488,5731
50947,3893
90935,5674
36488,5980
50947,3995
36488,5674
90935,5731
54520,6097
53852,6230
16010,9359
27509,8628
25515,7925
47740,5132
11010,7935
25515,7933
26615,7932
25515,7923
12005,8628
12005,8345
90983,_
25515,7760
25515,7710
27033,8015
26587,7739
11043,5751
51500,8345
37606,3882
19240,8554
19340,8543
23106,8011
23106,8071
27519,7815
27759,7955
27519,7936
27519,7955
96408,5423
49000,9925
96408,5411
64835,430
25023,407
26350,8314
64835,8286
25023,430
64835,8314
25023,8286
26350,430
64835,407
25023,8314
43219,4281
NB189,_
21206,7665
69105,1812
33300,3749
44960,4675
58150,4594
44145,6561
42804,2211
31237,2912
42804,2121
57320,5784
66170,1371
61020,125
61312,102
61020,124
29365,7760
29365,8309
29365,8345
29365,9820
29365,7710
29365,8302
29365,8339
29365,8628
43244,9971
C19T1,4233
36430,4341
43244,_
C19T1,4341
43244,9903
C19T1,7759
C19T1,7360
42325,2649
76942,4514
76942,4685
43239,_
76942,4525
45380,4443
43255,4525
45380,4233
96450,9971
96450,9903
32150,9971
32150,9903
33020,3712
C19T1,7359
44950,4594
44146,4709
47562,4542
67120,1672
58120,7052
57260,6909
58120,7051
58940,4590
32020,6539
45330,6551
47120,3409
44140,4525
58940,5022
32020,4572
45330,4590
47120,6539
44140,6551
58940,3409
45330,5022
47120,4572
32020,6551
45330,3409
47120,4525
44140,5022
58940,4572
45330,6539
47120,6551
44140,3409
58940,4525
32020,5022
45330,4572
47120,4590
44140,6539
43622,4399
33463,3514
33463,3961
33430,3514
33463,3524
52005,5253
96408,5732
48140,5980
96408,9646
48140,9649
52005,9925
96408,4150
96408,5980
48140,8773
96408,9649
48140,9925
52005,4150
96408,5253
48140,5732
96408,8773
48140,9646
28299,7759
28299,7798
31256,2263
31240,2242
31254,2169
31276,2263
31240,2241
31254,2242
31256,2169
31240,2263
31254,2241
31256,2242
31276,2169
31256,2241
38101,4262
43107,3995
38101,4242
90935,4262
43107,4143
90935,4242
47630,5151
47564,5198
47630,5123
43235,9925
96408,4513
38570,5424
50541,5534
51900,5784
C19X3,_
61340,125
35460,3950
43216,4233
19240,6849
58150,8543
68811,943
30462,2187
66987,1452
67107,1371
66987,1449
66987,1455
67107,1341
33468,3599
24126,7763
24126,7803
54820,6301
54820,6392
27752,8309
27752,9820
27752,7710
27752,8302
27752,8339
C19IP4,5732
11100,4311
52310,8611
C19IP4,5700
11100,_
52310,4311
C19IP4,8611
43246,5700
11100,5732
52310,_
C19IP4,4311
43246,8611
11100,5700
58750,6551
58940,6673
58750,6539
58750,6673
31237,2263
31233,2121
31254,2211
31237,2219
31233,2263
31254,2121
31233,2211
44960,9357
26418,7760
26418,7710
OZ370,_
61576,2594
61576,299
61576,3110
61576,7699
15732,299
15732,7699
61576,8332
61576,8669
15732,2594
15732,3110
61576,8382
52310,4563
51860,4590
36488,5700
50040,5781
12013,3893
44120,5501
52310,5502
51860,8659
90935,4562
50040,4563
12013,4590
52332,5700
44120,5732
52310,5781
51860,3893
77401,7905
49900,8628
15100,5461
26037,8669
49900,8345
26037,5461
49900,8212
11043,5461
49900,8669
15100,8212
63710,212
15100,8609
16035,8669
32020,7939
32020,7929
27334,8016
27334,8076
44005,4562
32124,3339
32124,3402
27466,7845
61490,124
EI42,_
OK040,_
27446,8147
27315,407
19364,8544
19364,8543
59514,_
61535,125
26170,8233
11011,4901
11011,4912
46060,8309
46060,8345
46060,9820
11011,4873
11011,4911
11011,4993
46060,8302
46060,8339
46060,8628
50395,5620
44320,5631
50395,8773
44320,9645
52310,5810
52310,5860
52310,6094
52310,8929
52310,5850
52310,6029
52310,6373
ADHESIOLYSIS,_
C19IP1,8401
26951,_
C19IP1,407
28505,7760
28505,7710
21440,7675
46260,8672
46288,4946
46260,4973
24102,8012
24102,8072
46935,4949
20382,_
49906,3929
15757,5474
37760,8660
49906,3880
15757,8669
37760,3929
49906,5474
49906,8669
15757,3929
37760,5474
49906,8660
15757,3880
43312,3173
36488,4289
36488,3173
43312,4289
62362,390
NSD01,8606
62362,_
NSD01,390
62362,8606
49000,5300
27360,7760
27360,8309
27360,9820
11012,7785
27360,7710
27360,8302
27360,8339
27360,8628
20969,3999
11000,8670
20969,8628
11000,3999
20969,8670
63046,7791
63287,309
32035,7789
63046,340
63287,3409
63046,309
63287,7789
32035,340
63046,3409
63287,7791
32035,309
63046,7789
63287,340
ANC2,_
24666,7932
24666,8444
15732,9357
15732,8628
63280,340
50236,5551
90935,5642
50236,3995
50236,5642
47552,8753
47610,5112
11040,125
61315,8659
11040,124
12001,125
61315,8628
12001,124
26116,7760
26116,8309
26116,8345
26116,9820
11012,8222
26116,7710
26116,8302
26116,8339
26116,8628
29075,8499
25526,9353
29075,7819
29075,7939
65150,1662
28485,7933
26615,7937
28485,7923
25355,7733
45337,4524
45337,4514
43239,4524
45337,4685
12017,9820
12036,8302
11010,8339
12017,8345
11011,7936
12036,8628
12017,8302
12036,8339
12017,8628
11010,8309
12017,8339
12036,7936
12036,8309
11010,8345
12017,7936
12036,9820
27814,8659
11010,8302
12017,8309
11012,125
61304,7710
61304,8302
61304,8339
61304,8628
34111,9357
16010,3803
34111,3891
35161,3840
35161,3952
50020,5501
50020,5511
27695,8364
31254,2188
30520,2219
31254,2150
31256,2188
30520,2263
31256,2150
49567,5351
49567,5361
25116,8175
25116,8342
52317,5504
52317,5980
50080,5700
52317,5503
52317,5521
25800,8126
27686,8385
38780,4030
11011,8401
26951,8302
26951,8339
24545,7760
24545,8309
24545,8345
24545,9820
24545,7710
24545,8302
24545,8339
24545,8628
54520,4543
45385,4572
45385,6270
44140,4523
54520,4542
54520,4590
45385,6230
44140,6270
54520,4523
54520,4572
45385,4590
44140,6230
21470,7760
21470,8309
21470,8345
21470,9820
11012,7676
21470,7710
21470,8302
21470,8339
21470,8628
62005,202
35484,3950
26952,8403
26910,407
90935,4563
CI9IP2,_
24900,7760
24900,8309
24900,8345
24900,9820
11012,8407
24900,7710
24900,8302
24900,8339
24900,8628
11012,8446
27881,7760
27881,8309
27881,8345
27881,9820
27881,7710
27881,8302
27881,8339
27881,8628
C19FRP,3995
C19FRP,3893
VID19,6970
27086,9829
43250,4543
45382,4233
45382,4530
43250,4523
45382,4341
23107,8011
30140,2161
30140,2169
28485,7929
27766,7937
28485,7819
HEMODIALYSIS,_
31601,125
31601,124
67025,1371
29874,8076
52310,6011
55700,5700
43234,8839
75984,4513
43234,5512
12032,8309
12032,9820
12032,8302
12032,8339
26055,8154
27447,8301
26055,8147
26860,8128
29838,8082
35002,3842
35002,3845
35002,3952
44310,6561
58950,5459
44005,4620
44310,5440
44310,5459
58950,4620
44310,6529
62223,763
62165,233
62223,299
59513,6840
59513,6839
45905,9623
66762,1269
75989,5425
50575,8839
49000,5521
49080,5620
75989,5631
49000,8773
49080,9645
75989,9649
50575,5411
49000,5620
49080,5631
75989,5732
49000,9645
49080,9649
75989,5411
50575,5423
49080,8839
75989,5521
49000,5631
49080,5732
75989,8773
49000,9649
75989,5423
50575,5425
49000,8839
49080,5521
75989,5620
49080,8773
75989,9645
17283,8630
26591,8289
24435,7809
24435,7842
36488,9605
31645,_
36488,3323
31500,9605
31645,3995
31500,3323
90935,9605
31645,9604
90935,3323
C19IP4,9605
31645,3893
C19IP4,3323
28400,7760
28400,8309
28400,8345
28400,9820
28400,7710
28400,8302
28400,8339
28400,8628
28476,7760
28476,8309
28476,9820
11012,7818
28476,7710
28476,8302
28476,8339
28476,8628
44202,4562
44202,4590
25023,8345
38220,4685
45378,4131
38220,4525
43235,4946
46255,4513
62270,8611
11100,4131
38220,9925
96450,8611
62270,4131
11100,9925
38220,331
96408,8611
96450,4131
11100,331
38220,8611
96408,4131
58740,5440
11041,5502
50040,8628
11041,5501
II109,_
11010,8662
26121,9820
11010,8235
11010,8684
26121,8628
44155,4562
49507,4563
49507,4620
44120,4869
44155,5300
44155,4563
49507,4590
44120,4582
49507,4869
44155,5310
49507,4562
44155,4590
49507,4582
44120,4620
44960,4579
27596,8417
27310,7935
27514,8016
27310,7815
46934,4949
25920,7760
25920,8309
25920,8345
25920,9820
11012,8404
25920,7710
25920,8302
25920,8339
25920,8628
27650,7760
27650,8309
27650,9820
27650,7710
27650,8302
27650,8339
44050,4590
36488,4680
44050,4562
44050,3893
44120,4680
44050,4563
40761,7760
40761,8309
40761,8345
40761,9820
11012,2754
43351,4219
MCP,_
42330,2600
49606,5349
49606,5492
15050,8669
27235,7939
23515,7905
27235,7929
29425,9820
11010,9353
29425,8628
MCP01,9971
MCP01,9903
24530,7931
24546,7901
24530,7842
12732,_
36450,9344
36450,8152
20650,9901
36450,7860
36450,7925
27506,9901
36450,7810
36450,7815
27540,8036
27540,353
27331,7939
27540,8016
27540,9829
27331,353
27540,7939
27507,7760
27507,8309
27507,8345
27507,9820
27507,7710
27507,8302
27507,8339
27507,8628
41874,9199
88331,2450
41874,8908
27228,125
61312,7935
27228,124
38100,5411
15944,8630
25265,8382
25265,8388
28086,8342
41116,2749
OZ370,7499
49502,5300
49502,5310
49502,6310
62269,332
32960,3332
48102,5211
11604,8630
90935,3993
36825,_
C19IP2,3993
36825,3995
C19T1,3993
61607,160
43258,4685
45378,4533
43258,4525
33510,3961
33405,3611
33510,3522
58555,6829
XS999,_
C19T1,7939
23515,_
C19T1,7929
58720,6651
44950,6651
58700,4709
36481,_
36481,5498
36481,3995
43244,4523
43244,4543
43244,4542
19340,8541
19180,8553
44156,4582
52005,4622
44156,4869
44156,5980
44156,9646
54130,4024
54130,6430
21450,3991
35701,7675
21450,3802
26770,7974
25611,8345
76942,8544
19240,_
76942,8543
PO73,_
64831,8345
32020,9357
16010,3409
28825,9357
28825,8628
32658,3712
65290,1570
62140,206
54322,5845
54322,6400
54322,6442
35761,8628
11043,3800
48547,4439
23515,7935
27514,7929
27846,7936
27822,7989
27846,7819
43227,4233
43220,4292
46922,4939
29075,7933
26615,9353
29075,7923
42953,8628
11043,2959
42953,8345
61571,125
44378,4443
44378,4513
50555,5521
50555,5523
50555,8773
50555,9645
50555,9649
58600,7071
57250,6639
58600,7052
48540,5296
26412,8286
26412,8381
24100,8012
24100,8321
67915,841
53200,5823
08203,_
21336,2172
50610,5600
50610,5732
46220,4939
12015,_
44005,5151
44005,5183
47425,5459
44005,5104
44005,5182
26951,7934
26735,407
26123,8662
54670,6261
54161,7860
26491,_
69535,7639
49505,640
60254,5300
61514,124
28062,8344
25600,7932
25574,7902
63706,352
26055,479
64721,8301
26055,460
57425,8753
47563,7077
57425,5123
57425,7077
43633,4685
43239,4370
43633,4525
45378,4370
43633,4514
25560,881
67935,7902
25560,1060
22630,7789
63055,8051
63030,8129
22630,309
63055,7789
22630,8129
63055,309
22630,8051
63055,8129
29305,7905
27502,9351
29325,7905
45308,4542
45308,4543
45308,4823
45308,4835
45308,4836
27707,7737
27722,7807
54152,5310
67052,1341
45540,4875
45805,4610
45805,5783
27759,9971
27759,9903
58558,9971
36430,6816
58558,9903
59870,9971
59870,9903
67935,8309
67935,9820
11011,1060
90935,5810
90935,5860
90935,6094
90935,8929
52601,3995
90935,5850
90935,6029
90935,6373
62143,205
99256,5423
99256,5411
49000,8907
44500,4610
44322,8907
44500,4525
36450,4610
44322,9901
36450,4525
99256,4610
44322,9608
99256,4525
44603,4590
57240,7051
36488,6551
56441,7101
33400,3511
33400,3961
96408,4029
96408,5641
50230,9925
96408,3807
96408,5551
59514,7360
59409,7499
59514,7359
42808,2939
33050,3731
27756,7925
21450,8628
11043,7675
21450,8345
VID19,8302
VID19,8345
VID19,8669
VID19,7760
VID19,8339
VID19,9820
VID19,7710
VID19,8309
VID19,8628
RTPCRCOTEST,_
11040,9824
54115,8628
11040,6492
27536,7932
24665,7936
27536,7783
34421,3807
27590,3809
34421,3893
46270,8628
59120,_
C19T1,6549
22558,8051
22558,8129
49000,4685
45378,5423
45378,5411
35875,3800
43246,5498
31600,_
31600,9971
36488,3121
36488,4311
31600,3893
36430,3121
43246,3893
C19IP4,3121
31600,5498
C19T1,4590
44140,9971
52000,5642
50236,5732
52000,5551
29871,8026
25170,7763
25100,8013
11000,8033
25100,8628
11000,8013
25100,8033
10060,2211
91105,8604
42804,9607
10060,2121
91105,2211
42804,8604
31237,9607
10060,2912
91105,2121
31237,8604
10060,9607
91105,2912
19357,8570
19357,8595
43653,4319
43653,5421
67908,833
67908,835
30810,3995
28300,8628
27880,8411
11044,7739
28810,8415
28300,7760
28300,7739
51530,5719
61705,3953
36450,9357
16010,9901
49000,3991
35761,5411
58943,4850
58943,5760
58943,6849
58240,5423
58240,6551
21366,7672
21366,7809
15935,7789
66985,1490
67041,1372
90936,_
11000,4590
44140,8628
75953,3891
75953,8839
27381,8364
27381,8381
20250,7749
25574,9357
75671,8841
90935,5600
76942,125
48520,5296
50860,5661
77421,3893
48545,5295
33210,3780
90935,3770
33208,3893
33210,3772
36488,3770
33210,3893
36488,3780
33208,3770
33210,3995
36488,3772
33210,3770
28470,7760
28470,8309
28470,9820
11012,7907
28470,7710
28470,8302
28470,8339
28470,8628
C19IP3,3993
36800,_
UO71,3993
44005,4639
44130,5459
44005,4590
27030,8015
11000,9824
11000,6492
27350,7760
27350,8309
27350,8345
27350,9820
11012,7796
27350,7710
27350,8302
27350,8339
27350,8628
49509,5423
11011,8417
62223,2263
62230,2264
27332,8016
27332,8060
52332,5504
52332,5503
52332,5521
31070,2241
14300,7760
14300,8309
14300,8345
14300,9820
14300,7710
14300,8302
14300,8339
49505,5440
68130,1031
24685,7760
24685,8309
24685,8345
24685,9820
24685,7710
24685,8302
24685,8339
24685,8628
91105,5423
44620,9607
44950,4650
44602,4709
91105,5411
44620,5423
44950,9607
44602,4650
91105,4673
44620,5411
44602,9607
49000,4650
91105,4709
44620,4673
44602,5423
49000,9607
91105,4650
44620,4709
44950,4673
44602,5411
27654,8388
58140,5423
49000,6829
58140,5411
27656,8389
26034,9357
16010,7719
26034,8628
49080,4461
43840,5425
49080,4442
28054,8018
28054,7760
28054,8309
28054,8345
28054,9820
28054,7710
28054,8302
28054,8339
28054,8628
30310,2211
31237,9812
30310,2121
OU89,_
24546,7760
24546,8628
11044,7842
24546,8345
36340,_
49322,5421
49322,5499
20663,294
20663,9788
43112,4242
43520,4262
32020,4429
44300,4330
43112,3409
43520,4610
32020,4242
44300,4262
43112,4429
43520,4330
48100,5212
27335,8016
27335,8076
33523,3929
27295,8628
11043,8418
24685,5423
49000,7932
24685,5411
27310,7986
27556,8016
27310,7819
OU71,_
45334,4524
45334,4543
67036,1289
65285,1474
67036,1159
33877,3954
33877,3961
11042,7760
27122,7785
11043,8140
27122,8345
44361,4513
44361,4514
NDS01,_
27889,8413
27054,8075
36450,5810
99256,5850
36450,6029
99256,6094
36450,8929
52601,8907
36450,5732
99256,5810
36450,5860
99256,6029
36450,6373
99256,8929
52601,9901
99256,5732
36450,5850
99256,5860
36450,6094
99256,6373
44500,4590
49900,9608
36450,5461
44140,8907
44500,4572
49900,4590
99256,5461
49900,4572
44140,5461
49900,8907
99256,4590
44140,9608
44500,5461
49900,9901
99256,4572
44153,4582
44153,4595
44153,4601
44153,4835
28450,8628
28485,7906
29345,7909
11044,7937
27750,9353
28450,7760
27750,7909
28450,7937
28485,9353
28450,7906
28485,7909
29345,7937
28450,8345
29345,7906
11044,7909
27750,7937
28450,9353
25525,7923
27759,7929
27759,7819
54650,6250
28150,9357
24566,7852
52301,5641
52301,5732
11042,7989
22326,8628
11042,7929
36488,4850
45112,3893
36488,4840
44340,4643
27060,8350
58300,6639
58673,6970
58300,6602
24515,7925
58600,6829
58120,6639
58600,6816
58558,6639
58600,6909
23500,8628
23500,8345
59513,5423
59409,9971
36430,7359
43235,5423
49000,4513
69436,2211
31237,2001
69436,2121
C19T1,6639
58661,_
C19T1,6561
37650,3991
35761,3889
37650,3800
45300,5310
49505,4824
45300,5300
36430,6970
58300,9971
58300,9903
43750,125
61304,4311
43750,124
44143,4824
45305,4575
33920,3592
11043,5423
49000,8345
33860,3599
33860,3958
33860,3961
27244,7931
24546,7935
27244,7842
64835,7760
64835,8309
64835,8345
64835,9820
11012,430
64835,7710
64835,8302
64835,8339
64835,8628
27244,8345
44211,4685
76986,4581
45378,4595
76986,4835
45378,4869
44211,_
76986,4525
76986,4595
45378,4601
76986,4869
44211,4525
76986,4685
45378,4581
76986,4601
45378,4835
76986,4912
46275,_
76986,4911
88331,8544
19240,8908
74742,6693
74742,8839
66987,1479
67027,1341
48145,4150
48145,5253
48145,5296
33681,3562
27140,7735
45333,4524
45333,4542
45333,4543
67050,1371
66984,1343
36488,3942
36832,3995
90935,3942
36832,3893
90935,3800
27448,8345
58600,9059
NSD01,9938
59400,6639
58600,8908
58600,9938
59400,_
NSD01,9059
58600,9449
11043,3895
36145,8628
36145,8345
25574,5423
25574,5411
11043,7907
31528,3142
31528,3198
14000,8345
23065,8321
50070,5501
UO71,7360
27603,8345
15937,7789
15937,8382
15937,8630
24600,7939
23515,7972
24600,7929
25650,7909
36011,_
46320,4946
LO41,_
27696,8364
43825,4400
43825,4439
63252,340
39541,5380
24150,7762
51920,6601
59150,5784
51920,5421
49505,4709
08009,_
21445,7760
21445,8309
21445,8345
21445,9820
21445,7710
21445,8302
21445,8339
21445,8628
16010,3991
62362,6970
58300,8606
58300,390
C19IP2,4912
C19IP2,4946
46262,_
C19IP2,4873
C19IP2,4939
23550,7939
23515,7981
23550,7929
32020,782
60522,3409
32020,781
28585,7989
C19IP2,9925
96408,_
C19IP3,9925
11010,7760
49080,4562
20605,8076
29882,8191
43234,5123
21154,7646
21154,7691
NSD01,7759
17250,8630
11000,9353
11000,7933
11000,7923
29365,7936
29365,7817
28525,8628
29405,8381
11044,7938
28208,9353
28525,7760
21215,7760
21215,8309
21215,8345
21215,9820
11012,7691
21215,7710
21215,8302
21215,8339
21215,8628
58720,5425
45330,5310
49505,4525
45330,5300
35162,3995
90935,3840
31603,5421
43653,3110
31603,4319
20245,8345
29405,7742
11044,7745
29405,7789
20245,7760
27071,8345
11044,7742
27071,7749
29405,7785
11044,7789
20245,9353
27071,7760
27071,7745
29405,7749
11044,7785
20245,7789
27071,9353
20245,8628
27071,7742
29405,7745
11044,7749
20245,7785
45382,3995
27507,9971
36430,7935
27507,9903
27485,7825
44125,8345
37618,8628
11043,3880
37618,8345
62223,7760
62223,8309
62223,8345
62223,9820
11012,233
62223,7710
62223,8302
62223,8339
62223,8628
24515,7710
31500,4513
43235,3409
43235,9604
15757,9820
11010,8660
15757,8628
27829,7936
27792,7859
27792,9359
27829,7817
27792,8199
11044,8284
26432,7760
26432,8628
11044,7859
26432,8345
55060,6120
53600,5860
28820,9971
36430,8411
28820,9903
28810,7859
21365,8411
28810,7672
31390,3040
FRACTURED3RDHUMERUS,_
30801,2132
30801,2169
28576,7819
43250,4685
43250,4525
25530,7979
25530,8628
25525,7902
25530,7932
25530,8345
11044,7902
25530,7819
25530,7760
26765,7710
26765,8302
26765,8339
68420,953
21501,3893
90935,8604
21501,_
21501,9971
C19IP3,8604
21501,9903
36488,8604
21501,3995
54340,5845
C19IP4,124
35151,3848
27590,3952
35151,8417
27590,3848
35151,3952
ESKD,_
11000,7939
11000,7929
27641,7780
21556,8628
21556,8345
23510,_
15750,8628
11043,8670
15750,8345
23863,_
61514,125
93501,3721
19367,8572
69946,_
46275,4824
11044,8034
26105,7760
26105,8628
11044,8014
26105,8345
27535,8339
47562,6529
25670,7973
NCPO1,_
26587,8345
23680,8345
58140,7430
59121,6829
58140,6602
54110,6420
58514,_
24105,8350
31578,3009
31578,3142
11470,4685
45378,8630
11470,4525
76986,4622
44151,_
76986,4582
44950,5425
58951,5425
49080,6529
37180,7360
59409,3910
37180,7359
37180,3910
C19FRP,7499
UO71,7499
58300,125
61312,6970
58300,124
43263,5115
27600,7760
27600,8309
27600,8345
27600,9820
27600,7710
27600,8302
27600,8339
27600,8628
49080,6651
29365,7925
68750,983
31084,2242
31084,7849
27245,7860
27792,8037
27610,7817
27620,7936
11044,8037
27610,8669
15100,8037
27610,7936
27610,8037
27620,8669
11043,8365
11044,8332
20690,8382
20690,8332
11043,8382
27380,8036
11044,9829
29345,8364
27331,9353
27380,7810
29345,8016
20692,8036
15100,9829
11043,8364
27331,7760
27380,8345
27380,9829
11044,8364
27380,8669
29345,8036
20692,9829
15100,8364
27380,8628
15100,8016
11043,8036
27331,8669
27380,8016
11044,8036
29345,9829
20692,8364
27380,9353
20692,8016
15100,8036
11043,9829
27331,8364
27380,7760
20692,9353
11012,8499
25526,7710
25526,8302
25526,8339
25526,8628
69641,125
61313,1860
61313,2049
44322,4685
25545,7760
25545,7710
38100,5641
50220,4150
38100,5551
27217,7939
27217,7989
27496,8628
27496,8345
11043,9824
54115,8345
29874,8026
25332,7819
11000,8175
25332,8628
11000,7819
25332,8175
24331,8185
24331,8399
36484,_
27664,8628
29405,8364
27664,7760
27664,9353
27664,8345
53515,5841
57305,7073
FP001,5980
57305,_
52332,7073
FP001,5732
57305,5980
52332,_
FP001,7073
57305,5732
58260,6561
64792,407
11010,7934
16010,7860
20680,9357
16010,294
16010,9788
27477,7827
57100,6561
37616,3880
12031,9820
12031,8628
EO42,_
36830,4542
76360,4543
45385,8838
36830,3995
76360,4523
67710,802
67005,1289
65280,1471
67005,1159
21230,7809
27826,7817
27826,7936
32020,4262
31622,3409
49320,3324
36488,4319
43107,3893
31622,4262
49320,3409
43653,3324
36488,5421
43107,4319
31622,4242
49320,4262
43653,3409
36488,3324
43107,5421
32020,4319
31622,3893
49320,4242
43653,4262
43107,3324
32020,5421
31622,4319
49320,3893
43653,4242
36488,4262
43107,3409
32020,3324
31622,5421
49320,4319
43653,3893
36488,4242
46748,4879
46748,4979
46748,5849
46748,7079
46748,7091
67250,1287
63090,309
63090,8099
63707,359
75957,3973
75957,8839
31641,3201
28312,7739
54560,5411
54560,6200
34490,3803
34490,3805
34490,3893
33617,3594
44950,4572
44950,4590
CA401,_
33572,3610
33572,3611
76013,31
76013,8165
11000,8302
27603,8628
11000,7710
09035,_
44603,4513
36488,4673
44603,4685
45378,4673
44603,4525
43234,4673
44603,3893
90935,1474
67040,3995
90935,1424
99035,3995
99035,3893
20690,7933
26746,7810
20690,7923
15120,8628
15120,8345
36520,6639
36520,7360
36520,7359
36520,_
CI9IP3,_
62100,124
57130,7033
11010,8401
28525,9820
11010,7938
45380,4590
44140,6561
58952,4572
49255,6529
49255,4590
58952,4709
44140,6529
49255,4572
58952,4590
44140,5440
11044,7989
26785,7760
11044,7984
26785,8345
26180,8342
44010,4610
17266,8630
49570,5359
49570,5369
62161,127
62161,159
62161,299
590/3,_
96408,6849
58150,9925
96408,6561
27502,7935
27514,7905
27502,7815
45378,8192
45378,8396
20610,4525
44340,5423
44340,5411
12011,8345
50010,5501
36430,5810
36430,5860
36430,6094
36430,8929
52601,9903
58210,9971
36430,6869
58210,9903
25337,7932
25337,8499
25526,8175
25337,7819
25337,7939
11043,7932
27759,7932
25620,7815
25620,7936
25620,8152
20250,9971
36430,7749
20250,9903
50553,5521
50553,5980
50553,8773
50553,9645
50553,9649
55831,3998
55831,5850
55831,6040
55831,6373
55831,8929
44188,5310
49505,4610
44188,5300
31600,5421
43653,3121
49550,5329
49550,5339
67025,1341
29408,9820
29408,8628
29408,_
54324,5845
54324,5849
47400,5000
49080,5159
47400,5425
49080,5000
47400,5159
36781,3893
49555,5329
49555,5339
23600,9359
29058,7901
23600,9353
33406,3521
33406,3961
39400,3422
96408,4011
39400,9925
96408,3422
39400,4011
NON,_
26991,9357
16010,8115
26991,8628
27520,7936
27535,7909
27520,7817
24200,8628
11043,9827
24200,8345
24515,7855
27450,7931
24515,7735
44160,9971
36430,4593
44160,9903
36430,4579
44950,9971
36430,4709
44950,9903
11041,8659
26060,8211
29065,8628
24538,9353
29065,7852
29065,8403
26910,9353
29065,8401
25922,8404
25922,8684
44603,4850
44005,4673
44125,5459
44186,4562
45110,4563
44603,4639
44125,4850
44186,4673
45110,5459
44603,4562
44005,4563
44186,4610
44186,4563
45110,4639
44603,4610
44005,4850
44125,4673
44186,5459
45110,4562
44603,4563
44125,4610
44186,4850
45110,4673
44603,5459
25115,7760
25115,8309
25115,8345
25115,9820
11012,8342
25115,7710
25115,8302
25115,8339
25115,8628
28820,8415
35840,3806
24134,7702
24134,7760
24134,8309
24134,8345
24134,9820
11012,7702
24134,7710
24134,8302
24134,8339
24134,8628
59513,3491
31500,7499
32002,9604
59513,3404
31500,3491
32002,7499
59513,9604
31500,3404
27520,7925
20680,7936
27535,294
27535,9788
20680,7817
27535,7860
40800,2792
19367,8544
19240,8572
19367,8543
44227,4562
44227,4590
44227,4650
44140,5459
67950,884
67961,859
67950,8671
43113,4242
43113,4255
24665,7760
24665,8628
11044,7783
24665,8345
20670,4543
43239,3893
90935,7860
45385,4514
20670,4523
36488,7860
20670,4514
43239,3995
20670,3893
43239,7860
90935,4514
20670,4542
45385,7860
36488,4514
20670,3995
93556,3961
33405,3956
33405,8857
93556,3522
33405,8843
30100,8671
67966,2122
30100,824
58720,5440
43840,4443
43255,4442
31050,2212
31050,2252
IMPO2,_
IMPO1,_
93510,125
61314,3722
93510,124
28306,7738
26115,9357
26115,8628
HEMODIALYSISPROCEDURE,_
65815,1289
65285,1291
77418,125
61304,_
77418,124
90935,5749
36450,233
61520,9901
61520,233
11043,9901
62223,125
61520,8628
11043,233
62223,9901
36450,125
61520,8345
25600,8099
63081,7902
25600,309
74350,8382
21044,8669
30920,4311
15732,7769
74350,2105
21044,8332
30920,8382
30920,2105
45113,4595
45113,4601
45113,4835
45113,4869
61530,124
61530,125
OO940,_
25830,7780
25830,8129
26951,7710
27216,7909
27216,7979
26110,8014
11000,8034
26110,8628
11000,8014
26110,8034
52310,3995
90935,5700
63276,340
50081,5600
50081,5732
45550,4576
45550,4875
25145,8345
27427,8146
11043,4579
44960,4593
44160,8345
33120,3733
33120,3961
49080,3995
90935,5425
99460,5423
99460,5411
15650,8674
99460,3893
36568,9604
27147,7739
36488,7985
27147,3893
36488,7739
27147,7985
66940,1289
65285,1359
66940,1159
11010,8411
00922,_
TS624S6,7973
25660,9353
29065,_
00922,7973
TS624S6,9353
25660,_
29065,7973
00922,9353
TS624S6,_
51960,5788
51960,5789
59151,5423
49000,6563
59151,5411
23931,8303
90935,4443
43255,3893
90935,4233
36488,4443
43255,3995
36488,4233
27759,7979
27756,7936
27756,7979
25525,7936
27756,7932
27438,8154
39520,5380
42844,2899
NO83,_
RO2,_
33522,3929
36488,5136
44960,5251
47600,5270
49420,5296
48150,3893
36488,4709
44960,5122
47600,5419
49420,4370
44960,5270
47600,5296
49420,3893
48150,4709
36488,5122
47600,4370
49420,5136
36488,5270
44960,5296
47600,3893
48150,5122
36488,5419
44960,4370
47600,5136
49420,5251
36488,5296
44960,3893
49420,5122
48150,5419
36488,4370
44960,5136
47600,5251
49420,5270
27250,8628
11043,7975
27250,8345
40842,2491
35321,3813
27170,7775
27170,7805
67901,831
26686,7984
35207,3959
49405,_
35190,_
36430,3953
35190,9971
C19IP3,3953
35190,9903
76693,_
45380,5810
43235,5850
45380,6029
43235,6094
45380,8929
52601,4513
45380,5732
43235,5810
45380,5860
43235,6029
45380,6373
43235,8929
52601,4525
45380,4513
43235,5732
45380,5850
43235,5860
45380,6094
43235,6373
42300,8345
43123,4241
43123,4255
43123,4350
46261,4939
46261,4946
28308,7738
28308,8401
26951,7738
28308,407
66172,1474
67039,1264
67039,9928
66172,1424
67039,1269
27245,3402
32124,7935
27245,3339
50947,8753
36430,5674
47610,5980
50947,9903
28288,7759
23550,7710
27513,7760
23550,8309
23550,8628
27513,9820
11012,7981
23550,7815
23550,7760
23550,8339
27513,8345
23550,9820
27513,7981
23550,7935
23550,8302
27513,8309
23550,8345
27244,7805
27170,7935
27244,7775
24665,7710
24665,8302
24665,8339
43810,4439
31231,6270
54520,2121
31231,6230
27550,8192
27550,8396
20610,7976
27550,8191
27550,8394
43439,_
25360,7733
38571,4029
38571,5421
28208,7937
28485,8381
24586,7931
24546,7929
24586,7842
90935,8309
36488,8339
11011,3995
90935,8339
11040,3995
11011,3893
36488,9820
11040,3893
11011,3121
11040,3121
90935,8302
36488,8309
27848,7760
27848,8309
27848,8345
27848,9820
27848,7710
27848,8302
27848,8339
27848,8628
49080,4542
36450,7360
59409,9901
36450,7359
12052,8345
27334,8628
37617,1840
49000,2181
25574,2751
27250,8659
27503,881
27828,8016
15350,8076
27227,3880
21365,5411
21423,5423
27244,7975
27511,7905
11050,7817
27331,7936
27281,8669
12052,7672
27334,7859
37617,7674
49000,7815
25574,8630
27250,8036
27503,9829
27828,_
15350,7760
27227,8345
21423,1840
11043,2181
27244,2751
27511,8659
11050,881
27281,8076
11044,3880
12052,5411
27334,5423
37617,7932
49000,7975
25574,7905
27250,7817
27503,7936
27828,8669
15350,7935
27227,7672
27244,8630
27511,8036
11050,9829
27331,_
27281,7760
12052,8628
27334,1840
37617,2181
49000,2751
25574,8659
27250,881
27503,8016
27828,8076
15350,3880
27227,5411
21365,5423
21423,7932
27244,7905
27511,7817
11050,7936
27281,7935
11044,7672
12052,7859
27334,7674
37617,7815
49000,8630
25574,8036
27250,9829
27503,_
27227,8628
21365,1840
21423,2181
11043,2751
27244,8659
27511,881
11050,8016
27331,8076
27281,3880
12052,5423
27334,7932
37617,7975
49000,7905
25574,7817
27250,7936
27503,8669
27828,7935
15350,7672
27227,7859
21365,7674
21423,7815
27244,8036
27511,9829
11050,_
27281,8345
27334,2181
37617,2751
49000,8659
25574,881
27250,8016
27503,8076
27828,3880
15350,5411
27227,5423
21365,7932
21423,7975
27244,7817
27511,7936
11050,8669
27331,7935
27281,7672
12052,7674
27334,7815
37617,8630
49000,8036
25574,9829
27250,_
27503,7760
27227,1840
21365,2181
21423,2751
27244,881
27511,8016
11050,8076
27331,3880
27281,5411
11044,5423
12052,7932
27334,7975
37617,7905
49000,7817
27250,8669
27503,7935
27828,7672
15350,7859
27227,7674
21365,7815
21423,8630
27244,9829
27511,_
11050,7760
27281,8628
11044,1840
27334,2751
37617,8659
49000,881
25574,8016
27250,8076
27503,3880
27828,5411
15350,5423
27227,7932
21365,7975
21423,7905
27244,7936
27511,8669
11050,7935
27331,7672
27281,7859
11044,7674
12052,7815
27334,8630
37617,8036
49000,9829
25574,_
27250,7760
27503,8345
15350,1840
27227,2181
21365,2751
21423,8659
27244,8016
27511,8076
11050,3880
27331,5411
27281,5423
12052,7975
27334,7905
37617,7817
49000,7936
25574,8669
27250,7935
27503,7672
27828,7859
15350,7674
27227,7815
21365,8630
21423,8036
27244,_
27511,7760
11050,8345
27281,1840
11044,2181
27334,8659
37617,881
49000,8016
25574,8076
27250,3880
27503,5411
27828,5423
15350,7932
27227,7975
21365,7905
21423,7817
27244,8669
11050,7672
27331,7859
27281,7674
12052,8630
27334,8036
37617,9829
27503,8628
27828,1840
15350,2181
27227,2751
21365,8659
21423,881
27244,8076
27511,3880
11050,5411
27331,5423
27281,7932
11044,7975
12052,7905
27334,7817
37617,7936
49000,8669
25574,7935
27250,7672
27503,7859
27828,7674
15350,7815
27227,8630
21365,8036
21423,9829
27244,7760
11050,8628
27331,1840
27281,2181
11044,2751
27334,881
37617,8016
49000,8076
25574,3880
27250,5411
27503,5423
27828,7932
15350,7975
27227,7905
21365,7817
21423,7936
27511,7672
11050,7859
27331,7674
27281,7815
11044,8630
12052,8036
27334,9829
37617,_
49000,7760
27503,1840
27828,2181
15350,2751
27227,8659
21365,881
21423,8016
11043,8076
27244,3880
27511,5411
11050,5423
27331,7932
27281,7975
11044,7905
12052,7817
27334,7936
37617,8669
49000,7935
25574,7672
27250,7859
27503,7674
27828,7815
15350,8630
27227,8036
21365,9829
21423,_
27511,8628
11050,1840
27331,2181
27281,2751
37617,8076
49000,3880
27250,5423
27503,7932
27828,7975
15350,7905
27227,7817
21365,7936
21423,8669
27244,7672
27511,7859
11050,7674
27331,7815
27281,8630
12052,9829
27334,_
37617,7760
27250,1840
27503,2181
27828,2751
15350,8659
27227,881
21365,8016
21423,8076
27244,5411
27511,5423
11050,7932
27331,7975
27281,7905
12052,7936
27334,8669
37617,7935
49000,7672
25574,7859
27250,7674
27503,7815
27828,8630
15350,8036
27227,9829
21365,_
21423,7760
27244,8628
27511,1840
11050,2181
27331,2751
27281,8659
11044,881
12052,8016
27250,7932
27503,7975
27828,7905
15350,7817
27227,7936
21365,8669
21423,7935
11043,7672
27244,7859
27511,7674
11050,7815
27331,8630
27281,8036
12052,_
27334,7760
37617,8345
25574,1840
27250,2181
27503,2751
27828,8659
15350,881
27227,8016
21365,8076
21423,3880
11043,5411
27244,5423
27511,7932
11050,7975
27331,7905
27281,7817
12052,8669
27334,7935
37617,7672
49000,7859
25574,7674
27250,7815
27503,8630
27828,8036
15350,9829
27227,_
21365,7760
27244,1840
27511,2181
11050,2751
27331,8659
27281,881
12052,8076
27334,3880
37617,5411
15350,7936
27227,8669
21365,7935
21423,7672
11043,7859
27244,7674
27281,9829
11044,_
12052,7760
27334,8345
37617,8628
49000,1840
25574,2181
27250,2751
27503,8659
27828,881
15350,8016
27227,8076
21365,3880
21423,5411
27244,7932
27511,7975
11050,7905
27331,7817
27281,7936
12052,7935
27334,7672
37617,7859
49000,7674
27250,8630
27503,8036
27828,9829
15350,_
27227,7760
21365,8345
11043,1840
27244,2181
27511,2751
11050,8659
27331,881
27281,8016
11044,8076
12052,3880
27334,5411
37617,5423
25574,7975
27250,7905
27503,7817
21423,7859
27244,7815
27511,8630
11050,8036
27281,_
27506,8036
27331,7925
UO72,8309
UO72,8345
UO72,9820
11011,_
UO72,8302
UO72,8339
UO72,8628
15822,2181
15822,8659
15940,8630
15940,8659
26665,7814
25620,7939
26665,7932
25620,7814
26665,7939
34530,3929
11644,8630
27511,7710
27511,8302
27511,8339
43820,7760
43820,8309
43820,9820
11012,4439
43820,7710
43820,8302
43820,8339
32120,3403
52275,3995
28660,7760
28660,8309
28660,8345
28660,9820
11012,7974
28660,7710
28660,8302
28660,8339
28660,8628
52340,5732
52340,5800
52340,5831
25525,7851
27530,7819
PO51,_
27758,9971
27758,9903
26356,7934
26735,8251
69550,1829
65770,1173
45111,3409
32140,4869
45111,3229
24149,8349
26525,8630
24149,8684
44141,5411
C19T1,6849
33411,3522
33411,3539
46250,4543
45383,4513
46250,4523
46250,4513
45383,4946
46250,4542
42830,2860
61313,3995
DEZ03,_
ICDCO8,_
HEMODIALYSISPROCEDURE,3995
32440,3259
22615,7933
26615,_
22615,7923
22615,_
77410,_
29894,9820
69802,2049
69802,2079
26608,7933
26615,7814
26608,7923
19240,8595
19357,8543
50782,5674
60505,3410
60505,689
45560,7052
43760,9815
31600,9702
31635,3121
43760,3323
31600,9815
31635,9702
43760,3121
31600,3323
ZO800,_
50395,5641
50220,5980
50395,5551
99460,4563
59401,7359
FP001,8908
59401,9059
FP001,9449
59401,9938
68371,1044
36488,5361
49566,3893
36488,5351
52330,5620
52330,5732
54152,5300
58150,4590
32020,3491
10160,3409
38220,8601
32002,4131
32020,3404
10160,3491
38220,3409
32002,8601
32020,4131
10160,3404
38220,3491
32002,3409
32020,8601
10160,4131
38220,3404
11043,8403
27650,9353
29405,8388
07121,_
53240,5839
58720,6589
24140,7762
51860,5504
51860,5980
50080,5781
51860,5503
51860,5521
11000,7949
58150,5950
51920,160
61500,5784
51920,125
51920,5423
49000,5784
51920,5411
51920,5310
49505,5784
51920,5300
49583,5341
49583,5349
26860,7760
26860,8309
26860,8345
26860,9820
11012,8128
26860,7710
26860,8302
26860,8339
26860,8628
61313,7710
61313,8302
61313,8339
61313,8628
27502,7760
27502,8339
27502,9820
27506,7905
44950,4680
44050,4709
59409,8606
62362,7359
47600,5310
49520,5122
47600,5300
42500,2649
48510,5201
27602,8314
20225,9971
36430,7745
21338,7929
26356,8684
26121,8251
11000,8286
26356,407
51980,5721
49900,5423
49000,5461
49900,5411
11047,_
29405,125
61312,9353
29405,124
27455,7737
27455,8147
25575,7925
25600,8152
27502,7932
27506,7902
25575,7905
25600,7815
29345,7971
23665,7901
24500,9353
29065,7906
27530,7971
29345,7901
23665,9353
24500,7906
29065,7971
27530,7901
23665,7906
24500,7971
29065,7901
27530,9353
NSD01,7499
41105,3110
43653,2501
41105,5421
31603,2501
41105,4319
36450,8659
12002,7810
20690,9901
12002,9901
20690,8659
67974,869
12014,5423
12014,5411
36450,8546
19200,8907
36450,8545
99256,8546
19200,9901
99256,8545
26720,9820
26952,7904
11010,407
26720,8401
26720,8628
26952,9820
11010,7904
26720,407
20610,9971
36430,8191
36430,8394
28322,7809
28322,7848
14000,8628
27880,9357
16010,8415
89093,_
90935,1371
66987,3995
90935,1341
43259,4542
45385,8874
43259,4513
43259,4543
43235,8874
43259,4523
23107,8345
61791,113
93620,3726
46730,5310
23430,8041
23466,8181
29826,8388
23430,8196
23466,8021
23430,8181
23466,8388
29826,8196
23430,8021
23466,8041
27822,9353
49560,5504
49560,5980
50081,5351
49085,8753
36488,5492
47605,3893
49085,5122
36488,8753
47605,5492
49085,3893
90935,3891
34203,3995
90935,3808
47605,4685
43239,5122
45378,8753
47605,4514
43239,8753
47605,4525
45378,5122
35221,3959
61855,293
44310,9971
36488,4620
44310,9903
36430,4620
44310,3893
47562,5151
47420,5123
47562,5104
36568,8659
61514,9604
36568,125
31500,8659
61514,3893
12001,9604
36568,124
61514,8659
12001,3893
41899,_
31500,9357
31500,8628
16010,9604
35122,3846
35122,3952
54550,5310
49507,6200
54550,5300
26418,7934
26418,7924
12046,8628
12046,8345
11000,8388
27652,8628
11000,8149
27320,407
C19IP2,5498
61514,8628
11043,8199
27829,8628
11043,9359
27829,8345
43631,4360
26075,8628
11043,8014
26075,8345
27357,7762
27357,7805
21325,2172
43820,5310
49505,4439
43820,5300
25600,8036
31526,3142
51920,5361
49560,5784
51920,5351
27535,8382
15738,7936
27535,8332
27535,8669
15738,7817
51920,6651
58700,5784
46260,4835
45339,4524
45339,4542
45339,4543
90938,_
90935,8446
11043,3991
35761,8345
25365,8628
11043,7733
25365,8345
12034,8628
12034,8345
90935,5620
90935,9645
61304,3121
36488,3846
35103,3893
36488,3847
11011,8314
61586,124
11042,8192
11042,8396
11042,8191
11042,8394
31515,125
61314,3142
31515,124
35142,3848
35142,3952
37780,3889
15120,9357
KJHK,8669
LL,_
21143,7646
43324,4466
47700,5012
47700,5149
47700,8753
49521,5122
20220,7939
23515,7749
20220,7929
79440,_
63267,340
54220,6498
26615,8309
26615,9820
11012,7923
20650,7905
27502,7860
11765,8628
61712,299
26075,7760
29085,8302
11012,8014
26075,9353
29085,8286
26075,8302
29085,8309
29085,9820
26418,8014
26075,8286
29085,7710
26075,8309
29085,8339
26075,9820
29085,8014
26418,9353
26075,7710
29085,7760
26075,8339
46940,4939
46940,9623
67935,7925
27506,881
67935,7815
67935,8152
27506,1060
11043,8412
28800,8345
51020,5719
51020,5759
51020,9227
RVSCODE,_
96408,6529
32020,5440
44960,6529
32020,6849
44960,3409
32020,4030
32020,6561
44960,6849
58951,3409
32020,4709
44960,4030
32020,6529
44960,6561
50600,5620
43458,4292
27218,7939
35761,7760
11044,3800
11000,9820
IMP02,3995
43226,4292
31231,9820
11010,2121
31231,8628
43840,4639
44130,4442
27405,8309
27405,9820
11011,8146
27405,8302
27405,8339
11012,8199
27829,7760
27829,8309
27829,9820
11012,7859
11012,9359
27829,7710
27829,8302
27829,8339
63077,309
63077,7769
63077,8051
68362,1153
31368,3029
31368,4040
92980,8843
63170,309
63170,329
47420,9971
49000,5104
36430,5151
47420,5411
64716,460
64716,479
45380,4514
43239,4572
30802,2132
30802,2169
61312,9604
61312,9971
36825,4514
45378,3993
36825,4685
43239,3993
36825,4525
54520,6352
54600,6230
30115,2131
50544,5587
55000,6191
55000,9929
35121,3846
35121,3952
09093,_
27303,7760
27303,8309
27303,8345
27303,9820
11012,7715
27303,7710
27303,8302
27303,8339
27303,8628
33474,3513
33474,3961
19180,8669
19364,8541
15734,3409
11042,8570
19180,8332
32020,8382
19364,8669
11042,8541
19180,3409
32020,8570
19364,8332
32020,8541
19364,3409
15734,8570
11042,8332
32020,8669
19364,8628
15734,8541
11042,3409
19180,8570
32020,8332
19364,8382
52533,6849
52533,6561
52533,_
29065,7760
29065,8309
29065,9820
29065,7710
29065,8302
29065,8339
34151,4590
31600,3806
27590,3891
44140,3121
34151,8417
31600,4572
27590,4590
44140,3806
34151,3891
25600,7760
25600,8309
25600,9820
25600,7710
25600,8302
25600,8339
11042,4912
11042,4911
43235,4572
44140,4513
43235,4590
45330,4610
45330,4575
44143,4525
45330,3995
67974,889
67840,869
67974,820
47600,3491
33025,5122
47600,3404
32002,5122
47600,3712
31605,125
61313,3110
31605,124
67966,8628
11043,824
57250,7360
59409,7052
58152,9971
36430,5950
58152,9903
59411,6639
59409,7252
59411,7360
58600,7252
59411,7359
16010,8989
27218,8628
47010,5423
47010,5411
HG811,_
67930,1623
67400,881
67930,1609
61334,1609
62100,1610
61334,124
62100,1609
61334,1610
11012,8403
26910,7710
26910,8302
26910,8339
12042,7760
12042,8339
12042,9820
26418,8659
12042,7710
12042,8309
12042,8286
12042,8302
11720,7925
44615,4500
44005,4679
44615,5459
12032,7906
38770,4709
51920,5995
51065,5784
51920,5719
26080,9820
11010,8014
26080,8628
44314,4641
36430,4029
36430,5641
50230,9903
32000,9971
32000,9903
36430,3491
32000,3893
51050,4590
50280,5719
44140,5539
51050,4572
50280,4590
44140,5719
51050,5539
50280,4572
53505,5841
29065,8286
26356,9353
29065,8251
50951,5631
50951,8773
50951,9646
50951,9649
ZN185,_
49255,5419
90945,5440
49255,5498
49420,5440
49255,3995
35355,3816
35355,3818
XA,9821
65275,_
XA,1151
44960,5310
44960,5300
11400,6589
58150,8630
11400,6849
58740,8630
11400,6561
43234,2219
31600,4513
31238,3995
43234,2100
31600,2219
31238,3893
43234,3995
31600,2100
36488,2219
31238,3121
36488,2100
90935,2219
31238,4513
43234,3121
90935,2100
48153,3893
32005,3491
32002,3492
32005,3404
48154,5136
48154,5270
43100,4232
43100,9357
16010,4232
43100,8628
12034,8309
12034,9820
12034,8302
12034,8339
12041,8309
12041,9820
12041,8302
12041,8339
15100,8544
15100,8543
29345,5423
49000,9353
29345,5411
11042,640
60254,8628
11042,4040
43410,4282
36510,9971
36430,3892
36510,9903
28496,9820
11010,7819
28496,8628
90935,5995
36488,5995
52325,3995
36488,5732
62162,299
44050,4533
44110,4680
44050,4500
27495,7760
27495,8309
27495,8345
27495,9820
27495,7710
27495,8302
27495,8339
27495,8628
22842,8989
27218,7859
22842,7939
49060,5641
50220,5419
49060,5551
27602,7760
27602,8309
27602,8345
27602,9820
27602,7710
27602,8302
27602,8339
27602,8628
27227,8309
27227,9820
27227,7710
27227,8302
27227,8339
65805,1475
67025,1291
65805,1471
27507,8382
15240,7760
15240,8309
15240,8345
15240,9820
15240,7710
15240,8302
15240,8339
15240,8628
66625,1269
66170,1214
66625,1264
59121,6639
58600,6602
42145,2169
42825,2769
30802,2820
42145,2132
42825,2169
30802,2769
42145,2820
42825,2132
20251,7749
25020,8345
20969,8345
51050,5504
50620,5521
90935,3420
32602,3995
90935,3320
10140,3880
37617,8604
31600,5310
49507,3893
31600,5300
36488,5310
49507,3121
36488,5300
90937,3995
90933,3995
90937,_
25392,7823
96408,3420
32602,9925
96408,3320
33015,3491
33015,3404
49505,8628
49521,8628
27125,9357
16010,8152
27125,8628
74480,5980
74480,8839
28860,_
21343,7929
90935,2169
30140,3995
90935,2161
50650,5640
75901,8839
75901,9820
90963,_
12055,8345
44950,4610
44143,4709
44950,4575
12034,7925
11011,7989
16040,8345
25620,4563
21335,2172
24666,7760
24666,8309
24666,8345
24666,9820
CR030,_
NO59,_
51040,5423
51860,5717
27217,5781
49000,7939
51040,7989
27217,5423
49000,5717
51040,5781
51860,7939
49000,4622
44156,5423
49000,4582
44156,4622
49000,4869
44156,5411
65275,1289
65280,1151
25260,8659
26075,8388
29075,8014
26075,8659
29075,8388
29075,8659
12002,8014
12002,8388
25260,8014
32653,3339
27226,8309
27226,8345
27226,9820
11011,7935
27226,8302
27226,8339
27226,8628
65280,8671
67966,1159
27535,7935
27513,7817
30130,2161
30130,2169
53430,5846
53430,5849
69405,2080
67221,1459
67221,9983
65850,1371
66987,1254
65850,1341
44141,5459
44005,4572
58661,6816
58661,6909
58558,6561
58661,6829
44050,4620
44150,_
76986,4680
44050,4582
76986,4620
44050,_
44150,4680
44050,4595
42600,2642
24006,8012
24006,8042
27828,8309
27828,9820
30110,_
90934,_
29085,479
25020,9353
64721,8314
29085,460
25020,479
64721,9353
29085,8314
25020,460
25927,8628
25927,8345
15120,8309
15120,9820
15120,8302
15120,8339
27507,7933
UO72,7935
27507,7923
UO72,7933
26615,7935
27507,_
UO72,7923
27758,9788
27524,7935
27507,294
27758,7860
27524,9788
20680,7935
27758,294
27524,7860
27524,294
27507,9788
27758,7935
58559,5459
11043,7949
27193,8345
42182,2761
27265,7975
76942,3421
32651,_
76942,3252
32500,7791
32655,3249
32035,3221
32500,3409
32655,7791
32035,3249
32500,3221
32655,3409
58120,8782
58120,6999
29085,7989
26785,9353
29085,7984
51555,4590
51555,4572
63085,309
63085,8099
52332,9925
35474,3950
46916,4939
58600,7989
58925,6639
22326,6529
58600,7929
58925,7989
22326,6639
58600,6529
58925,7929
26706,7760
26706,8309
26706,8345
26706,9820
26706,7710
26706,8302
26706,8339
26706,8628
60500,689
65114,1659
27486,8155
42409,2621
16035,7760
16035,8309
16035,9820
11012,8609
16035,7710
16035,8302
16035,8339
27472,7936
27535,7805
27472,7817
21181,206
66850,1475
31631,3199
31631,3323
76986,5498
36488,8544
19240,3893
36488,8543
54520,5810
54520,5860
54520,6094
54520,8929
52601,6230
29879,8026
29879,8147
41140,2530
41140,3110
41140,4040
50220,139
36488,5551
61154,5641
50220,3893
36488,5641
61154,3893
50220,124
36488,139
61154,5551
55530,5310
49520,6310
55530,5300
57454,4685
45378,6712
41108,2724
24802,8124
24802,8185
24587,8124
24802,7929
28470,7939
23515,7907
28470,7929
LO31,_
99446,_
46211,4939
49505,4590
44140,5300
06010,7360
06010,7359
06010,_
03210,_
64857,430
44055,5423
49010,4680
44055,5411
40490,2723
59414,_
43820,5423
49000,4439
43820,5411
49505,6230
27535,7932
25620,7817
25118,8073
19110,3409
58150,8599
19110,6849
58150,3409
32020,8599
19110,6561
11010,7979
27216,8628
44140,4442
44140,3482
39501,4572
44140,4461
43840,4572
49020,5423
44950,5419
49020,5411
49020,4709
27520,7760
27520,7710
99460,5492
49606,_
90935,7499
50860,5411
51860,5661
59525,3893
59513,5781
90935,6839
44005,6840
49000,7499
50860,3995
59525,5423
59513,5661
49000,6839
50860,6840
36488,7499
51860,3995
59525,5459
59513,5411
44005,5661
50860,5781
36488,6839
51860,6840
59513,3995
C19IP3,3845
75989,5502
75989,5501
50040,8839
75989,3995
26765,9353
29075,479
29075,460
25575,125
61312,7932
25575,124
23470,8183
49255,5349
49588,5440
49255,5341
28470,7810
20690,7907
CZ038,_
55540,5310
49507,5390
27498,8314
27498,9820
11010,8314
27498,8628
20690,7936
28525,7810
11012,7938
27792,7710
28525,8302
27792,8339
26230,7784
21146,7646
21146,7691
32491,3221
32491,3249
50540,5585
50540,5587
12007,8309
12007,8345
12007,9820
12007,8302
12007,8339
12007,8628
RO42,_
XXX,_
47350,4461
43840,5061
47350,4442
59120,6651
58740,6549
58661,6589
58740,6651
58661,6549
58700,6589
59120,6561
58740,6639
58661,6651
58700,6549
59120,6589
11043,9971
C19T1,8345
11043,9903
67902,832
24586,7760
C19T1,8302
24586,8339
24586,9820
24586,7710
C19T1,7760
24586,8309
C19T1,8339
24586,8628
C19T1,9820
11012,7929
24586,_
C19T1,7710
24586,8302
C19T1,8309
24586,8345
C19T1,125
61313,_
C19T1,124
45135,4869
45135,4874
58180,6849
58150,6839
36430,3993
36825,9971
36825,9903
58700,5459
44005,6651
90935,4311
43234,4311
C19IP4,4513
43234,5498
90945,4513
43234,9604
43246,4513
43234,9971
43234,9903
43265,8753
47563,5188
43265,5123
61605,160
09980,_
NOICD,_
77401,331
62270,_
77421,331
61711,3928
59411,9933
61524,125
43830,3121
61312,4319
43830,125
43830,124
60600,3980
19120,5122
16010,8521
19120,9357
47600,8521
19120,8628
28820,3952
35011,8411
28820,3843
25023,8628
47362,5099
HO20,_
28220,8391
29325,7985
27147,9351
29325,7739
47600,5361
49566,5122
47600,5351
31020,2220
21142,7646
54111,6420
54111,6449
29065,8499
29065,7819
52332,5995
28810,9357
46255,9622
19110,4946
45303,8599
46255,4823
19110,9622
45303,4946
46255,8599
19110,4823
19180,7791
19260,8541
19180,3440
90935,5631
52335,3995
90935,5522
67923,843
46200,4912
46275,4939
90993,_
27664,8309
27664,9820
11011,8364
27664,8302
27664,8339
31525,4530
23515,7760
23515,9820
23515,8345
23515,8309
50075,5980
50075,9646
27871,8111
52601,5310
36430,5732
49507,6029
36430,6373
47562,8544
19240,5123
47562,8543
28003,8628
11100,8628
11043,8611
47716,5139
49000,3952
35011,5411
15650,8345
36488,7430
59136,3893
22220,7739
22220,8051
15734,3479
15100,7791
36488,8332
19271,8669
15734,3893
15100,8409
36488,3440
23900,3479
23900,3893
19271,8409
15734,3440
15100,3479
36488,7791
23900,8332
19271,8382
36488,8409
23900,3440
15734,7791
36488,8382
23900,8669
19271,3893
15734,8409
15100,3440
36488,3479
23900,7791
19271,8332
63277,340
92992,3541
45334,4594
44207,4524
41016,2700
49505,6200
50040,5631
52335,5501
50590,5600
50590,5732
11000,7935
11000,7815
47741,4590
44140,4439
47741,4572
35616,3929
43215,4341
43234,9802
43244,4513
43215,4233
43234,4341
43244,9802
43215,4513
43234,4233
46606,4929
46614,4923
28465,8345
28465,9353
28465,8628
29405,7937
28465,7760
28465,7937
28825,7929
27766,8411
28825,7819
61610,3881
61610,3931
53275,5839
23630,7931
47134,5022
47134,8671
47135,5059
47135,92
47135,93
99256,7860
36450,6270
54520,8907
36450,6230
99256,6270
54520,9901
99256,6230
20692,7932
11011,7810
25620,7810
C19IP1,125
C19IP1,124
45123,4869
64721,8628
11043,460
16010,8753
47610,8628
35207,8628
35207,8345
11043,7719
26034,8345
24500,9359
CO,_
11043,2211
31237,8345
27814,8199
11000,6840
59525,8628
11000,6839
26715,7974
26670,7922
50620,5980
50620,9646
44150,4610
44160,4582
44143,4595
44143,4579
44150,4593
44160,4575
44160,4595
44143,4620
44150,4562
44143,4593
44150,4575
44160,4610
44143,4582
44160,4620
44143,4562
44150,4579
27846,8345
92981,8850
93555,3606
92980,8850
15240,9357
40844,2491
33403,3511
33403,3961
69421,2211
31237,2009
44143,6529
58952,4575
23491,7926
60521,781
60521,782
38510,9199
88331,4011
38510,8908
77401,3712
33015,4011
38505,_
77261,3712
77401,4011
33015,_
38505,3712
77261,4011
15760,2189
15580,8345
33425,3512
33425,3961
SO62,_
ZOO1,_
27393,8385
56605,6813
58100,7111
56605,6711
11000,8060
27332,8628
11000,8016
21627,8382
11010,8388
27880,4685
49201,8415
45378,5440
27880,4525
49201,4685
45378,8415
27880,5440
49201,4525
11043,4040
38724,8345
96408,4563
49201,4639
44125,9925
96408,5440
49201,4562
96408,4639
49201,9925
44125,5440
96408,4562
49201,4563
16010,2219
36450,5498
C19IP3,9901
90945,9901
57555,6740
57555,7050
23600,7935
27513,7901
23600,7815
46255,4542
15950,8630
15950,8659
53220,5839
27227,8989
27218,7935
27227,7939
25260,8309
25260,9820
25260,8302
25260,8339
40700,2181
40700,8659
39093,_
51920,8403
26910,5784
51920,8401
93615,8854
93615,8954
59411,6769
C19IP2,7252
57720,_
59411,6761
C19IP2,6769
57720,7252
59411,_
C19IP2,6761
45385,9971
36430,4542
C19IP2,3491
26700,8628
11043,7974
26700,8345
44310,4709
44950,4620
11043,2752
41252,8345
50700,5689
28208,7760
28208,8309
28208,9820
11012,8381
28208,7710
28208,8302
28208,8339
CKDSECONDARYTOC,_
25574,7931
25574,7842
47562,5600
47562,5732
50561,6561
50561,5521
58210,5600
50561,8773
58210,9645
50561,9649
44820,5423
44820,5411
44820,5459
44820,4709
44820,5440
20822,8422
21249,7643
21249,7760
21249,8309
21249,8345
21249,9820
11012,7643
21249,7710
21249,8302
21249,8339
21249,8628
21210,8628
11043,7809
21210,8345
35266,3957
62190,379
44950,6829
58140,4709
99460,4610
23465,8196
12013,125
12013,124
03004,_
26770,8403
26910,7974
26770,8401
14000,8309
14000,9820
11011,8689
14000,8302
14000,8339
29405,9824
54115,9353
29405,6492
59513,6970
NI89,_
27888,8314
20692,8414
28800,7710
27894,8302
27888,8309
28800,9820
11000,7810
27894,8412
28800,8414
27894,7760
27888,8302
27894,7810
27888,8412
20692,8314
27894,7710
27888,7760
28800,8339
27894,9820
27888,7810
11012,8412
20692,407
28800,8314
27894,8414
27888,7710
28800,8309
11000,8339
27894,8628
27888,9820
20692,8412
28800,407
28800,8302
27894,8339
27888,8345
11012,8414
28800,7760
27894,8309
27888,8339
28800,7810
11000,8412
CR4694,_
ZZ15,_
31785,3150
99460,7360
99460,7359
61750,9230
38230,4191
0232T,8192
0232T,8396
20610,_
0232T,8191
0232T,8394
0232T,_
27654,9353
29405,8149
29875,8076
21340,7859
21445,7909
21315,859
21365,999
21340,7676
21445,2171
21315,7672
21340,7909
21445,859
21315,999
21365,7676
21340,2171
21445,7672
21315,7859
21365,7909
21340,859
21445,999
21315,7676
21365,2171
21340,7672
21445,7859
21315,7909
21365,859
21340,999
31603,639
31536,640
31365,3110
60252,3143
31603,3040
31536,4040
31365,639
33534,3612
58561,9971
58561,9903
55110,6392
55110,6200
45332,4524
45380,9804
45332,4525
45380,4524
45332,9804
27822,7817
47000,4543
47000,4523
47000,4514
45385,_
47000,4542
58545,6909
58545,6816
45331,5980
44320,4513
52332,4610
45331,5732
43235,5980
52332,4513
45331,4610
44320,5980
52332,4525
45331,4513
44320,5732
33427,3524
33427,3956
33427,8857
93556,3524
33427,3961
33427,8843
52332,6849
46611,4921
46611,4931
31600,4543
43239,3121
31600,4523
31600,4514
45385,3121
31600,4542
49060,5502
50040,5419
49060,5501
FP001,8604
NSD01,8604
61591,2049
61591,299
34001,3802
34001,3805
34001,3891
54312,5849
77261,9925
45303,4912
46280,9622
45303,4911
45303,4993
46280,4823
90935,5569
50365,3995
NO28,_
31781,3179
29815,8021
29815,8031
66710,1269
66170,1273
33853,3931
33853,3961
31636,3199
31636,3323
38530,4011
30020,2110
22013,_
58210,5423
49000,6869
58210,5411
43261,5251
43261,5296
48153,5214
43261,5136
43261,5270
66984,1289
11043,479
64721,8345
27704,8345
58140,9357
16010,6829
58140,8628
15951,7789
15951,8630
15951,8659
27365,7925
27758,7815
27758,8152
11042,2181
50715,5902
11000,4620
59620,6639
28111,7751
27665,8364
11000,8381
27665,8628
11000,8364
27665,8381
52620,6029
49497,5300
49497,5310
49497,6310
26952,8309
15920,7789
15920,8630
15920,8659
15734,7760
15734,8309
15734,8345
15734,9820
15734,7710
15734,8302
15734,8339
47600,5151
47600,5104
12002,8403
12002,8401
36430,4543
45113,5022
45385,9903
47120,9971
36430,4595
45385,4835
47120,4869
36430,4523
45113,4542
45113,9971
45385,4595
47120,4601
36430,4835
27792,7935
27507,7817
66985,1371
66987,1372
66985,1341
11040,4912
27594,8628
27594,8345
27091,8005
59411,9971
36430,7252
59411,9903
57200,4800
31601,8669
41155,3893
35800,2530
11000,2749
15756,4040
31601,7631
36488,3802
41155,8628
35800,8332
15756,3121
31601,3893
36488,2530
35800,4040
11000,7631
15756,3802
31601,8628
41155,8669
35800,3121
11000,3893
15756,2530
31601,2749
36488,4040
65265,1330
65280,1402
65265,1289
66840,1402
65265,1159
28445,7936
27823,7939
28445,7819
36430,7931
24516,9971
36430,7840
36430,8444
24516,9903
90935,7925
74355,4500
74355,9608
55842,4010
55842,4029
55842,6050
24600,8185
24366,7972
24600,8184
38100,5425
49080,4150
24665,9353
29075,7783
C19IP4,8192
C19IP4,8396
C19IP4,8191
C19IP4,8394
55812,4011
55812,4029
55812,6050
46270,4823
60100,4685
45378,611
60100,4525
46270,9622
58558,6812
58555,6816
58555,6909
58120,6812
58210,6849
60240,4040
38724,640
60240,4021
21470,7679
21390,7676
21470,1689
11000,7679
21432,8628
21390,7949
11000,1689
21432,7679
21390,8628
21432,1689
21432,7949
62192,371
43239,8839
75940,4514
43239,3870
43260,8839
75980,5110
43260,8754
46050,4912
27846,8309
27846,9820
27846,8302
27846,8339
52235,5810
52235,5860
52235,6094
52235,8929
52601,5749
16010,8309
25900,8339
16010,9820
25900,9357
11043,8405
C19IP2,7989
22326,_
C19IP2,7929
22310,295
31603,9359
20660,353
22310,3110
31603,294
22310,9359
31603,353
20660,3110
22310,294
31603,295
29075,7905
27501,7760
27519,8382
29075,7815
27501,7955
20690,7905
15756,8345
27519,8628
29075,8332
27501,8382
20690,7815
15738,7955
15756,9353
27519,7905
27501,8628
29345,7955
15756,7810
27519,8332
29345,8382
29075,8669
27501,7815
11044,7955
15738,7905
15756,7760
27519,8345
29075,7810
27501,8332
15738,7815
15756,7955
27519,9353
29345,7905
27501,8345
15756,8382
27519,8669
29345,7815
29075,7955
27501,9353
15756,8628
27519,7810
29345,8332
29075,8382
27501,8669
20690,7955
15738,9353
15756,7905
27519,7760
27501,7810
15756,7815
11044,8415
C19IP2,7760
44620,4685
45378,4650
44620,4525
99256,5310
49520,8907
99256,5300
15100,7925
KI297,_
65235,1289
65280,1200
65235,1159
29365,7860
25575,7935
27513,7932
25575,7815
26596,8630
25680,7909
28088,8342
26350,7933
29075,7710
29075,8339
C19T1,8403
11041,_
26910,8609
C19T1,8401
11041,8403
C19T1,8609
11041,8401
16035,8403
26910,_
11041,8609
16035,8401
44950,3893
93620,3780
33208,3726
93620,3772
44005,5123
43264,5459
44005,5294
47562,5459
44005,5188
23700,8041
99460,4594
46600,4590
46050,4921
44140,4901
46600,4572
46050,4590
44140,4921
46600,4901
46050,4572
69636,1860
69636,1930
69636,1940
69636,2021
69636,2023
69636,2099
22556,8051
22556,8129
40520,2743
40520,2759
UO70,_
26607,9357
16010,7913
26607,8628
27422,8147
27566,8319
27422,7796
94610,9604
P0000,9604
55700,5810
55700,5860
55700,6094
55700,8929
52601,6011
55700,5850
55700,6029
55700,6373
33213,3721
93508,3787
33213,3639
55801,3998
14060,5850
11042,6062
55801,6373
14060,8929
55801,8628
14060,3998
11042,5850
55801,6062
14060,6373
11042,8929
55801,8689
11042,3998
55801,5850
14060,6062
11042,6373
55801,8929
24140,7760
24140,8309
24140,8345
24140,9820
11012,7762
24140,7710
24140,8302
24140,8339
24140,8628
44120,5459
44345,4562
49255,4563
44143,4590
44005,4643
44120,5440
44345,4575
49255,4610
44143,5459
44345,4590
49255,4643
44143,5440
44005,4575
44345,5459
49255,4562
44143,4563
44120,4643
44345,5440
49255,4575
44345,4563
44143,4643
44120,4575
44345,4610
49255,5459
28802,8332
27848,7939
28420,7989
27848,7809
43330,4270
67121,1371
66987,1460
67121,1341
11041,7939
11041,7929
C19CI,7360
C19CI,7359
27507,7939
27507,7929
11042,9901
59350,8628
49000,6941
11042,5423
59350,9901
36450,6941
11042,5411
59350,5423
11042,6941
59350,5411
67582,1662
67582,1664
67582,8374
59120,5419
59120,5440
44950,6549
58960,4709
59120,4030
59120,5425
58960,6549
59120,4709
CKDV,_
NSD01,6849
NSD01,6561
23200,7761
29365,8036
11602,8630
43331,4270
15931,8345
11000,125
47100,5423
58822,5012
49420,6591
44320,5419
47100,5411
58822,5423
49420,5012
44320,6591
47100,4610
58822,5411
44320,5012
49000,6591
47100,5419
58822,4610
49000,5012
47100,6591
58822,5419
49420,4610
27250,9357
16010,7975
28802,8345
C19IP4,2219
C19IP4,2100
32020,2219
31238,3409
32020,2100
31238,_
36405,3995
36405,_
11044,8411
46260,4912
46270,4946
46260,4911
11402,8344
11402,8669
11000,8284
26432,8209
11000,7859
26035,8284
11000,8209
26035,7859
34510,3999
36488,3961
33877,3893
36488,3954
58150,6813
58100,6561
49080,4685
45378,5425
49080,4525
44950,4563
44120,6561
58150,4562
58720,4563
27687,8388
27654,8372
27687,8149
MCP01,9933
26785,7860
20690,7984
20680,7989
26785,7810
NOPNE,_
21550,8628
11043,8321
21550,8345
21080,_
99256,4029
99256,5641
50230,8907
99256,3807
99256,5551
99256,8086
29875,8907
99256,8026
29875,8086
29877,8907
99256,8076
67961,1292
65815,8671
61026,125
43831,_
61516,4319
61026,124
43831,125
61516,_
61026,4319
43831,124
61026,_
44380,4514
36430,7491
59100,9903
50830,5999
23552,7771
23552,7981
22847,7859
60540,4029
52500,5551
52500,729
50230,730
60540,5749
52500,3807
60540,5551
52500,5641
50230,711
52500,730
50230,5749
60540,3807
52500,4029
60540,5641
52500,711
50230,729
C19IP1,6849
C19IP1,6561
32482,3249
68908,_
40527,2743
40527,2759
93511,3722
27403,8016
27403,7936
27535,8016
27403,7817
46221,4823
45317,4945
46221,4543
20808,8423
20808,7760
20808,8309
20808,8345
20808,9820
11012,8423
20808,7710
20808,8302
20808,8339
20808,8628
36830,3942
36832,3993
36830,3800
77761,6099
55859,_
77761,5732
36245,3891
36246,3323
52649,6097
53852,6029
52649,6021
66761,1371
67015,1212
66987,1472
66761,1341
67015,1371
66987,1212
66761,1472
67015,1341
35102,3844
38100,3846
35102,3847
38100,3952
35102,4150
38100,3844
35102,3846
38100,3847
35102,3952
OU72,_
10160,9357
16010,8601
10160,8628
25560,9353
25575,7902
25560,7932
29075,7902
67112,1475
67025,1449
67112,1471
46250,5749
45300,5791
46250,5839
45300,5850
26720,7760
26720,8309
26720,8345
11012,7904
26720,7710
26720,8302
26720,8339
44005,8753
47610,5459
44005,5122
50750,5586
11044,7926
27784,8345
08089,_
51592,_
66680,1292
65815,1239
66680,1291
21248,7643
49540,5390
27557,8345
11044,7986
52310,5504
52310,5980
50081,5700
66987,1289
NT185,_
44340,5459
44340,3893
44320,4643
44340,4610
44320,5459
36488,4643
49505,8907
PO34,_
12011,8309
12011,7810
12011,8339
12011,9820
12011,8302
28630,9357
16010,7978
28630,8628
27758,8401
26951,7936
27758,407
26842,8129
26842,8175
42405,8628
11043,2612
42405,8345
11043,7924
65285,1200
11042,8414
66225,1285
68335,1049
68320,1041
68335,1044
19180,8546
19200,8541
19180,8545
55101,6270
54520,6100
55101,6230
27823,9353
27580,8122
25447,8175
11012,7926
27784,7760
27784,8309
27784,9820
27784,7710
27784,8302
27784,8339
27784,8628
65280,1474
21260,7739
21260,7809
50065,3893
11043,9604
31500,8345
23650,4542
25574,7933
25574,7923
27187,8345
12042,7759
36430,8659
59612,9903
12042,9971
59612,9971
36430,7759
59612,8659
12042,9903
20692,8037
27620,7810
27638,7767
27638,7807
58720,5459
58545,6561
58545,5459
44005,6829
58545,5423
58720,6829
58545,5411
43234,6829
65710,1162
64831,8628
11012,8662
26121,7760
26121,8309
26121,8345
11012,8235
11012,8684
26121,7710
26121,8302
26121,8339
11604,8382
11044,4650
44227,5781
51860,7760
44227,8628
51860,4562
11044,4590
44227,8345
51860,8628
11044,4562
51860,4650
11044,5781
44227,7760
51860,8345
36450,5980
52332,9901
61581,1659
61581,2110
61581,2263
61581,2264
61581,299
61581,7699
20220,9971
20220,9903
67916,843
65750,1164
76986,5411
76986,4575
76986,5423
76986,4610
27138,8345
27502,8309
11012,7905
27502,7710
27502,8302
24000,7760
24000,8309
24000,9820
11012,8012
24000,7710
24000,8302
24000,8339
24000,8628
12032,2181
11042,2751
21720,8319
C19IP2,5980
C19IP2,5732
29065,8185
24366,9353
29065,8184
62180,220
26992,8345
C19IP1,9925
C19T2,9933
66987,1459
26560,8446
26560,8670
27881,8685
26560,8415
26560,9353
27881,8670
26560,8685
47120,5411
47600,5423
36488,5022
52332,5122
47120,5732
49000,5022
47120,5122
47120,5423
47600,5022
52332,3893
47120,5980
47600,5411
52332,5022
49000,5122
47120,3893
64859,430
54152,7860
44188,3893
50040,4610
44188,5502
44188,5501
70390,7360
59409,8709
70390,7359
70390,8709
27827,9353
26236,7789
29065,7911
24400,9353
29065,7732
27502,7955
15220,8345
12044,8628
12044,8345
67580,884
67961,1664
67580,1669
27076,7769
22214,7739
C19IP2,4443
43255,_
C19IP2,4233
OOO9,_
11012,7809
20956,7710
20956,8302
20956,8339
20956,8628
28445,7760
28445,8309
28445,8345
28445,7710
28445,8302
28445,8339
27330,7760
27330,8309
27330,8345
27330,9820
49080,8753
47610,5425
49080,5122
27886,8345
C19IP1,3893
58100,9971
NSD01,6711
36430,6813
58100,_
NSD01,6813
58100,9903
36430,6711
KO92,_
LINAC,_
47701,5137
25690,7909
25620,8662
16010,7760
16010,8339
28525,9357
16010,7710
28525,8339
11012,9357
16010,7938
28525,7710
16010,8302
28525,8309
C19IP1,7810
20692,_
29355,7929
29355,7819
76965,_
36216,3891
28270,8628
11044,8048
43510,4292
43510,4300
46260,4685
46260,4525
20692,7935
27244,7810
12035,8628
27405,8659
12035,8345
12035,8146
99256,9357
16010,8907
11012,7986
27556,7710
27556,8302
27556,8339
27556,8628
26356,8345
61312,7710
61312,8302
61312,8339
61312,9903
IMP01,8345
MP01,8628
IMP01,7760
MP01,8345
MP01,7760
IMP01,8628
49080,5641
50225,5425
49080,5551
45400,4876
31235,2219
21010,8019
38747,5411
38747,6561
38747,5423
38747,6849
45378,3491
32002,4685
76942,3404
45378,3404
32002,4525
28296,7738
28240,7798
28296,8211
28288,7738
28240,7759
28296,7798
28288,8211
28240,7738
28296,7759
28288,7798
28240,8211
41130,2752
31600,2520
15760,3121
41250,2189
41130,2551
15760,2520
41130,2189
15760,2752
41250,2520
41130,3121
31600,2189
15760,2551
90935,8630
27658,9820
23500,8364
27658,8628
23500,9820
11010,8364
27658,7909
C19T1,6813
C19T1,6711
96408,6270
54520,9925
96408,6230
21041,7859
21050,7769
21196,7650
21041,7643
21050,7859
21196,7769
21041,7650
21050,7643
43750,9357
16010,4311
43750,8628
33503,3699
49010,9925
37700,3889
67040,1159
43204,4233
63040,309
63040,7789
63040,8051
40830,2752
58700,5349
49585,6651
58700,5341
11042,8381
11042,8364
27580,8345
58760,6679
49080,6549
54830,6330
26746,8339
26746,9820
26746,8302
26746,8659
26746,7710
26746,8309
FP001,5423
FP001,5411
53520,5842
11000,9359
11000,7945
26100,8014
26100,8033
28510,125
61314,7908
28510,124
27640,7860
25620,9353
11011,8037
52000,5850
52000,6029
52000,6373
27328,9971
36430,8332
27328,9903
52325,5502
50040,5995
52325,5501
58100,6849
44005,6711
58100,5459
58150,6711
44005,6813
61597,2049
61597,299
61597,7789
55810,6050
27244,7989
22326,7935
27244,7929
52612,5810
52612,5860
52612,6373
30325,_
RG88,_
15936,8628
C19IP2,8630
15936,7760
15936,_
15936,8345
19101,9971
36430,8511
19101,9903
12013,_
21550,2211
31237,8321
21550,2121
45320,4543
45190,4823
45320,4832
45190,4543
27391,8313
21386,7679
46210,4939
44144,4563
49000,4639
44125,4579
44125,5411
44144,4639
44125,5423
44144,4562
44125,4613
74475,3995
90935,5512
45800,5783
49010,6859
58260,5423
49010,6561
58720,6859
58260,5411
15740,8345
27386,8381
11100,9357
16010,8611
77241,_
27403,8345
LO20,_
BO7,_
11042,7935
11042,7815
12032,8411
28810,8659
11010,7923
CI9IP1,_
C19IP1,7430
59121,_
C19IP1,6602
28122,9357
16010,7788
CR4689,_
27036,8045
27236,8095
27036,8319
66997,1371
66987,1266
66997,1341
24665,7931
24546,7783
27705,8345
46257,4543
46257,4835
45315,4946
46257,4542
46257,4823
46257,4836
45315,4939
44620,4542
11446,1692
67412,8630
11446,1609
31615,3121
36430,3321
31615,3995
31500,3321
31615,_
31600,3321
31615,9903
52265,5732
52265,9625
37205,3990
19160,8628
11043,8523
19160,8345
44388,4579
33973,3721
32002,3766
C19IP4,3404
93508,_
33973,3893
32002,3639
C19IP4,3721
36488,3766
93508,3404
33973,3491
36488,3639
C19IP4,3491
93508,3893
33973,3639
32002,3721
C19IP4,3766
93508,3491
33973,_
C19IP4,3639
36488,3721
93508,3766
33973,3404
52290,5610
52290,5732
32602,3324
31622,3420
31622,3320
21045,7769
58180,5423
58180,5732
58180,9646
28292,7753
28292,7759
VZ038,_
27156,7735
27156,7739
27156,7985
94610,3893
28415,8302
15756,8339
28415,8345
15756,9820
28415,8332
15756,7939
28415,7710
15756,8302
28415,8309
28415,8628
28415,8669
15756,7710
28415,7760
15756,8309
28415,8339
28415,9820
24546,7710
24546,8302
24546,8339
BT,_
16010,4590
44204,8628
26785,7939
23515,7984
28606,7818
27792,8382
27792,8332
25272,8628
27215,7989
11020,_
11010,7925
11010,7815
11010,8152
99460,5310
43228,4233
50040,5620
55700,5631
50040,8773
55700,9645
55700,5502
50575,6011
50040,5521
55700,5620
55700,8773
50040,9649
55700,5501
50575,5502
50040,6011
55700,5521
50040,9645
55700,9649
50575,5501
C19IP2,9357
16040,_
28010,8313
25900,8302
25900,8345
25900,8689
11012,8405
25900,7760
25900,9820
14300,8405
25900,7710
25900,8309
25900,8628
21206,7760
21206,8309
21206,8345
21206,9820
11012,7665
21206,7710
21206,8302
21206,8339
21206,8628
28122,7760
28122,8309
28122,9820
11012,7788
28122,7710
28122,8302
28122,8339
12002,7949
64721,8286
26350,460
24930,8430
58940,5411
20670,9788
52612,6270
54520,6029
52612,6230
52647,5732
52647,5810
52647,5850
52647,5860
52647,6021
52647,6094
52647,6373
52647,8929
49321,5423
49000,5424
49321,5411
MT141,_
25393,7803
25670,7833
25393,7973
25670,7803
25393,7833
23515,7809
20956,7929
32654,3452
27846,7760
27846,7710
36430,3404
32002,9903
32002,9971
20650,8907
50220,9344
99256,7815
75970,8839
75970,8939
12002,7939
23515,8659
12002,7929
69120,1839
OI49,_
YAGCAPOD,_
31571,3143
31541,3100
31571,3009
31571,3100
31370,3029
75716,8848
75630,8849
75716,8842
75630,8848
75716,8849
75630,8842
61460,125
61314,3110
31603,125
90935,3110
31603,124
62230,233
61510,242
62223,124
62230,125
61510,233
62223,242
62230,124
46700,4979
80070,_
63278,340
32000,5440
32000,6561
61315,9604
47370,5025
35546,3925
11000,9357
64712,479
36488,6529
ZZ380,_
36488,3110
61315,3893
61315,3110
31603,3893
99460,4639
44130,_
28476,7939
27766,7818
27758,7819
28476,7929
27766,7939
27758,7818
27758,7939
11000,7818
23515,7819
28476,7936
27758,7929
23515,7818
28476,7819
27468,7845
22810,8129
27786,7860
27538,7009
55060,6270
54152,6120
54520,6400
55060,6230
54152,6270
54520,6120
55060,6400
54152,6230
58720,4579
44144,5122
58720,4525
47600,4579
58720,4610
45378,4613
44144,6561
47600,4525
58720,4685
47600,4610
58720,4613
44144,4525
47600,4685
47600,4613
58720,5122
45378,6561
44144,4685
45378,4579
III9,_
28202,8381
28202,8077
27625,8381
28202,8017
12042,_
NSD01,8659
50953,5631
50953,5980
50953,8773
50953,9646
50953,9649
11040,2181
47600,4639
44130,4709
47600,4590
44950,4639
44130,5122
44620,4594
58150,4610
44146,4650
44620,6561
PO82,_
47802,5137
11011,8609
29075,8192
29075,8396
20605,9353
29075,8191
29075,8394
19370,8599
NO0NE,_
JJ189,_
66155,1262
66155,1269
76942,8523
19160,_
76986,8523
65265,1475
67051,1402
65265,1474
32020,5980
36488,8773
90935,9646
23585,7939
15220,7760
15220,8309
15220,9820
15220,7710
15220,8302
15220,8339
15220,8628
61526,124
61526,125
58940,6589
58740,7499
59514,6589
58740,6551
58600,6589
58740,6539
59120,6551
58940,6549
59120,6539
25927,8339
25927,9820
27511,8309
27511,9820
50075,3893
50075,9971
36430,5501
50075,9903
50075,3995
52332,9971
28107,7769
28107,7809
45380,125
61512,4525
45380,124
65093,8628
11043,1631
65093,8345
28825,7760
28825,8309
28825,9820
28825,7710
28825,8302
28825,8339
C19IP1,5310
C19IP1,5300
14060,9357
26765,8286
44382,4514
58720,4572
58720,4590
24500,8345
20690,_
24500,7810
11011,7901
24500,8339
24500,_
C19T1,7901
24500,8309
24500,9820
C19T1,7810
20690,7901
24500,8302
24500,8628
44960,9971
10140,5459
44960,9903
44005,9971
10140,4709
36430,5459
44960,8604
44005,9903
44005,8604
C19T1,6970
24147,7769
58120,8604
58120,_
C19T1,6909
10140,6909
28293,7759
28293,7798
44970,4590
44140,4701
44970,4572
19340,8544
19240,8553
11040,4823
45320,8628
11040,4543
CI9T1,_
35381,3818
28600,7979
26130,8073
27323,8628
27323,8345
44188,8628
11403,4610
36488,8630
44188,8345
11403,8628
11403,8345
11043,4610
44188,8630
11403,3893
44206,3893
45378,1735
44206,4525
44206,4685
36488,1735
25263,8309
25263,8345
25263,9820
25263,8302
25263,8339
25263,8628
10140,4610
36450,8604
44005,9901
44320,9901
44320,8604
10140,9901
36450,5459
69440,8628
11043,2023
69440,8345
22310,7760
22310,8309
22310,8345
22310,9820
11012,353
22310,7710
22310,8302
22310,8339
22310,8628
11042,4610
36430,8544
19240,9903
66987,1214
66625,1341
26850,8127
64763,403
27664,8312
64763,8364
27664,403
64763,8312
19110,8401
26951,8599
19110,407
11043,3409
46265,4912
46660,_
57454,9971
47000,6712
36430,7021
57454,_
47000,7021
57454,9903
36430,6712
11040,8036
53605,5860
OO34,6902
OO34,9971
OO34,9903
49000,4850
45110,5411
65260,1289
65285,1401
65260,1159
65260,1401
67025,1330
65285,1475
67025,1289
67010,1330
65285,1471
67025,1159
67010,1289
66840,1471
67010,1159
67010,1475
66982,1459
67108,1330
14350,7756
14350,8699
44180,4824
44206,5451
45300,1735
44180,4610
44206,4824
45300,5451
44180,1735
43235,4443
43255,4513
43235,4233
50715,6849
44005,5902
50715,6561
58150,5902
50715,5459
27766,7909
27816,7819
47554,5151
47554,8754
47620,5188
47554,5122
47554,5183
43840,4429
37617,4442
43800,4461
37617,4429
43800,3893
43800,3880
36488,4429
37617,4461
43840,3880
37617,3893
43800,4442
48005,3995
49000,5260
48005,3893
36488,5260
48005,5423
90935,5260
48005,5411
36800,3846
93543,3847
45335,_
75954,3995
90935,3979
11042,8309
23105,8011
23105,8071
31500,6849
59411,9604
58150,7252
31500,6561
59411,6849
58150,9604
31500,7252
59411,6561
44800,5751
51500,4533
67570,442
66981,1371
66981,1341
66981,_
28760,7757
28760,7758
C19IP3,9357
30000,2110
25130,7764
68371,884
67961,1044
68371,8671
25545,7912
25611,7932
25620,7912
35656,3929
16010,125
43361,4255
43361,4289
43361,4679
64836,8345
23040,7760
11012,8019
23040,7710
44960,4442
43840,4709
44960,4461
47556,5198
SO10,_
11044,9359
27509,7760
11044,7945
27509,8345
43272,5164
26370,8286
11011,7906
69310,1940
69310,2099
11011,7938
61601,160
61601,212
47555,5198
12041,7360
12041,7359
25905,8405
69720,442
11043,8191
11043,8394
26034,7934
26735,7719
26034,7924
26587,7760
26587,8309
26587,9820
11012,7739
26587,7710
26587,8302
26587,8339
26587,8628
58120,5411
49000,6909
58120,5423
35201,8659
35201,8628
12005,3959
35201,8345
45321,4800
49000,4823
45321,5411
58560,8782
58558,6822
58661,6711
58662,6813
58560,6561
58100,6999
58545,8782
58661,6822
58662,6816
58560,6711
58662,6999
58545,6711
58661,6813
58345,6561
58560,6639
58545,6822
58662,6909
58560,6813
58545,6639
58661,6999
58662,8782
58345,6822
58560,6816
58545,6813
58662,6561
58345,6639
58560,6999
58100,6822
58662,6711
58345,6813
58560,6829
58100,6639
58545,6999
58661,8782
58662,6822
58560,6909
FP001,6909
49220,5419
33732,3799
32225,3402
32100,3451
32225,3328
50920,5684
47510,8753
43260,5198
47605,5110
47510,5122
43260,8753
47605,5198
47510,5110
43260,5122
45378,4912
46270,4525
11010,7937
20802,8424
26770,9357
26010,7974
26770,8628
26010,9357
16010,7974
26770,7719
26010,8628
27822,7760
27822,8339
27822,9820
27610,7819
27822,8017
27822,8302
27822,8345
27822,7710
27822,8309
27822,8628
27601,8314
49509,5411
34111,7925
34111,3803
27506,3891
34111,7815
34111,8152
27506,3803
19160,9357
16010,8523
43234,3491
76360,4513
32002,8838
43234,3404
76360,3491
32002,4513
43234,8838
76360,3404
29895,8077
52335,5810
52335,8929
52281,5522
52281,5980
52335,5860
52281,5631
75650,125
61312,8841
75650,124
64718,460
64718,479
27137,71
47350,5122
12031,5061
47600,_
47350,5411
12031,5423
C19T1,5061
47350,9971
12031,_
47600,5061
47350,8659
12031,9903
37203,9820
19182,8544
19240,8534
19182,8543
93540,8849
45330,4912
46270,_
45330,4911
45330,_
96408,6813
58100,9925
96408,6711
62272,763
31290,331
45380,2219
62165,2290
62272,4525
31290,299
45380,763
62165,331
62272,2219
31290,2290
27676,7737
27676,8388
CR449,_
90935,6813
58100,3995
90935,6711
58200,5459
58700,4011
58200,6651
44005,4011
28820,7934
26735,8411
28820,7924
44615,4679
44615,4685
38700,9357
16010,4029
38700,8628
11755,8611
67583,1049
67583,1664
26460,8211
27217,7949
27193,7989
27217,7909
27217,7975
27193,7939
51920,9788
11000,5784
51920,294
11000,9788
51920,8628
20680,5784
11000,294
51920,7860
64722,479
64721,449
64722,460
69320,1860
46753,4979
11042,3999
11044,8670
11042,8670
20969,7760
11044,3999
21230,8669
31230,7809
15756,1651
21230,2220
31230,8332
15756,2220
21230,8332
31230,8669
15756,7809
21230,1651
16040,3893
63087,309
63087,8099
77421,3409
96408,3409
C19IP1,5419
49420,_
C19IP2,5419
C19IP3,5419
C19IP4,5419
90935,5419
11042,8339
11042,9820
38765,4030
27331,8147
29879,8016
29879,9829
27331,8026
29879,8036
77261,3121
77418,9925
96408,3121
77421,9925
77418,3121
31600,9925
77421,3121
NOE,_
43253,_
11012,8699
14350,7710
14350,8302
14350,8339
14350,8628
29425,8309
29425,8302
29425,8339
24920,8407
36488,5850
36488,6094
36488,5719
52601,3893
36488,5810
36488,6029
36488,8929
51050,3893
36488,5860
36488,6373
29065,8630
24615,8684
24149,9353
29065,7982
24615,8349
24149,8630
29065,8684
24615,9353
24149,7982
29065,8349
24615,8630
25274,8388
27514,9353
11043,2121
31231,8345
99460,5375
39503,_
99460,3404
11012,8036
11044,7710
27310,8036
11012,9829
27331,7710
27310,9829
12034,7760
12034,7710
27715,7837
27715,7847
VID19,4610
44322,_
VID19,4525
23570,7939
23570,7929
50957,5539
50957,5631
50957,5633
50957,8773
50957,9646
50957,9649
29870,8147
29874,8036
29879,8396
29881,8147
29879,8191
29874,8394
CR012,_
49321,4639
49321,4851
45397,5424
49321,4595
49321,4842
75790,8840
48154,5251
08000,_
67048,1474
67048,1490
33030,3731
24115,7762
22842,7802
24115,7859
22842,7762
24115,7802
10009,_
10009,3995
28805,9357
57500,6849
47600,6712
57500,6561
58150,6712
57500,5122
62160,8628
11043,299
62160,8345
43848,4496
20838,9357
16010,8426
20838,8628
33824,3885
32663,4011
39400,3241
32663,3422
49573,5359
49573,5369
27236,9357
C19T1,3121
53215,5717
53215,5839
21180,1689
65110,7646
21180,7691
10140,9357
16010,8604
10140,8628
35021,3845
35021,3952
44389,4594
C19IP2,4610
44146,4525
44389,_
C19IP2,4579
44389,4610
44146,_
44389,4579
C19IP2,4594
11012,2219
31238,7710
31238,8302
31238,8339
29345,7805
27495,9353
27170,7815
29345,7775
27495,7805
27170,9353
27495,7775
25910,6849
25910,6561
25910,_
66500,1212
67974,8671
67966,869
67974,824
51065,3995
90935,5719
37044,_
XA,9357
MCP01,7360
MCP01,7359
15260,881
67935,8669
15260,1060
21015,8382
27511,7925
21407,125
21315,1669
36430,7679
61312,2171
21407,9903
21315,9971
21315,7679
36430,2171
21407,9971
21315,124
61312,1669
21407,124
21315,125
36430,1669
61312,7679
21407,2171
21315,9903
46938,4834
25400,7760
25400,8309
25400,8345
25400,9820
11012,7843
25400,7710
25400,8302
25400,8339
25400,8628
11011,7902
66605,1242
66605,1244
41872,7760
41872,8309
41872,8345
41872,9820
11012,2420
41872,7710
41872,8302
41872,8339
41872,8628
27752,7936
27752,7817
25560,6849
58150,7902
25560,6561
58200,5423
58200,5411
CR033,_
ZZ370,_
96408,5419
OO64,_
50543,5540
12002,125
61313,8659
12002,124
26434,8381
50930,5684
14021,9357
36430,6840
59525,9903
24575,8309
24575,8345
24575,9820
24575,8302
24575,8339
24575,8628
24305,8385
08/09,_
36660,3891
33211,3770
67039,3995
11043,4993
46280,4873
46280,8628
11043,4901
46280,8345
11043,4911
11043,4873
46280,4901
36145,_
36145,9971
36430,3895
36145,9903
C19T1,3895
C19T1,4709
44950,_
58152,6589
58740,_
C19T1,5950
C19T1,6589
58152,_
58740,5950
36450,9971
C19T1,9901
36450,9903
36430,9901
10160,4011
58200,8601
10160,_
58200,_
10160,6849
C19T1,8601
C19T1,4011
27125,_
C19T1,8152
33536,3961
33426,3614
33464,3512
76942,3524
32020,3514
33400,3528
33536,_
33426,3409
33464,3511
76942,3961
32020,3614
33400,3512
33536,3524
33426,3514
33464,3528
36450,6551
C19VIH,_
62270,1940
36488,2042
29822,8082
61000,109
29305,7860
27181,8309
27181,8345
27181,9820
11011,7855
27181,8302
27181,8339
27181,8628
27181,7855
44950,4542
93650,3734
93650,3964
67039,1460
96408,9605
31645,9925
96408,3323
41007,2700
58598,9971
58598,9903
58598,7499
58598,_
27217,8989
20692,7989
27218,7810
20692,8989
27218,7989
27217,7810
20692,7939
50234,5502
50040,5551
28238,7798
31527,2470
43246,3142
31527,3893
43246,2470
31600,3142
31527,3121
31600,2470
31527,4311
36488,2470
31527,3142
11044,8314
25023,7760
27535,7819
27535,7979
25525,7817
49080,4610
44143,5425
49080,4575
36450,6589
58740,9901
27780,8628
27780,8345
31002,2200
50575,5810
51065,5850
50575,6029
50575,8929
51065,5521
52601,5620
52601,9645
52601,5995
50575,5860
51065,6029
50575,6373
52601,5521
52601,8773
50575,5995
50575,5850
50575,6094
51065,6373
51065,5620
52601,5631
51065,9645
52601,9649
50575,5719
49521,5425
50590,5810
50590,5860
50590,6094
50590,8929
52601,9851
50590,5850
50590,6029
50590,6373
CI9IP4,_
CI9IP4,3893
CI9IP4,3995
20900,7800
21920,8628
21920,8345
38100,5310
49521,4150
38100,5300
NO834,_
59130,5423
44005,7430
59130,5411
49000,7430
59130,5459
49000,9622
45303,4562
44125,4572
46250,4824
46255,4824
46936,9971
36430,4949
46936,9903
44393,4530
43258,4543
44393,4341
44393,4533
43258,4522
38100,9971
36430,4150
38100,9903
27435,8046
76942,3893
76942,3995
27756,7929
27756,7817
22844,7789
14756,8753
47563,_
14756,5123
14756,_
58145,6849
58145,6561
12011,1840
12032,2751
12011,881
12032,1840
12011,2181
12032,881
12011,2751
45541,4876
27365,7760
27365,8339
27365,9820
27372,7769
27365,7710
27365,8309
27365,8628
11012,7769
27365,8016
27365,8302
27365,8345
AP99,_
36430,206
62147,9903
58925,6849
58700,6529
58925,6561
58925,6651
43112,4262
37788,3958
37788,6498
49560,6561
58152,5361
49560,5950
49560,6849
58152,5351
46917,4939
52005,4685
45378,5980
43235,9646
45378,9649
52005,4513
45378,8773
43235,9649
52005,4525
45378,5732
43235,8773
45378,9646
33533,8843
33512,8857
93556,3611
33533,3613
33512,3956
33533,8857
33512,3611
93556,3613
33533,3956
33512,8843
67041,1475
67210,1490
67041,1371
66987,1454
67210,1471
67210,1341
67041,1454
67210,1475
67025,1474
67210,1371
67025,1454
67041,1471
67210,1474
67025,1490
21026,7639
03420,_
32151,3310
10140,3409
32151,8604
10140,3310
32151,3409
48152,3893
36825,5620
36488,5631
36825,9645
36488,9649
50575,3893
36488,5521
36825,5732
31622,3846
32000,3847
MO800,_
61315,_
90935,4029
25035,8345
35216,3959
32020,8544
19240,3409
32020,8543
20690,8401
26951,7810
20690,407
25270,8669
44005,4542
49080,4543
45300,5459
45385,5425
44005,4824
49080,4523
45300,4542
36800,5502
50040,3993
36800,5501
63305,8099
26951,3893
80034,7759
46255,4912
33416,3711
58760,8782
58700,6679
58345,6651
58760,6999
58700,8782
58345,6679
58760,6651
58700,6999
45321,4823
64831,7760
64831,8309
64831,9820
64831,7710
64831,8302
64831,8339
26735,7933
26615,7924
12047,7360
12047,7359
59812,6813
58100,6902
59812,6711
63283,340
32601,3421
59513,8606
62362,7499
59513,390
27238,5423
27238,5411
33206,3776
33206,3780
25270,7760
25270,8309
25270,9820
25270,7710
25270,8302
25270,8339
58520,6941
58520,6949
49080,4595
21315,5423
49000,2171
21315,5411
23515,7937
28485,7939
49200,5459
49200,6849
49200,6561
12013,7859
12013,7672
27840,8345
23500,7760
23500,8309
23500,7710
23500,8302
23500,8339
44204,5425
49080,1739
24515,7939
23515,7931
43405,4282
43405,_
43832,4282
44320,4319
43405,5423
43832,_
44320,4282
49000,4319
43405,5411
43832,5423
44320,_
49000,4282
99460,4319
43405,4610
43832,5411
99460,4282
43405,4319
43832,4610
27759,7810
19020,4543
19120,8500
45334,8521
19020,4524
19120,4543
45334,8500
19020,8521
19120,4524
27506,5423
49000,8152
27506,5411
49000,7925
67840,1049
68320,820
27472,7760
27472,8339
27472,9820
20692,7805
27472,7710
27472,8309
27472,8628
11012,7805
27472,7810
27472,8302
27472,8345
KO11,_
25449,8197
96408,8628
11043,9925
96408,8345
29875,8147
29879,8192
29875,8394
33670,3554
66986,1474
67049,1370
66986,1380
C19T1,4442
43840,_
C19T1,4461
12002,7936
27524,8659
52204,5749
11000,5310
75726,8628
49507,8840
11000,5300
75726,5310
11000,8840
75726,5300
43820,3893
44320,4439
C19T1,4439
43820,_
36488,4439
43820,4610
19240,9971
C19T1,8543
C19T1,8544
36430,8543
99460,9925
99460,331
29874,8147
27178,7945
51800,5759
51800,5785
64718,7931
24538,460
24546,479
64718,7852
24538,7842
24538,479
24546,7852
64718,7842
24538,7931
24546,460
67912,889
67046,1474
67046,1490
AU71,_
47562,5310
49505,5123
47562,5300
58661,6529
C19IP2,3420
32602,_
C19IP2,3320
66185,1474
67050,1699
66185,1343
16010,5029
16010,5099
47361,8628
90935,6829
24241,_
44950,6711
58100,4709
44950,6813
26607,7760
26607,8309
26607,8345
26607,9820
11012,7913
26607,7710
26607,8302
26607,8339
57000,7360
59409,7014
57000,7359
20680,7851
23480,294
23480,9788
20680,7731
23480,7860
47760,8753
47610,5499
47760,5122
29065,7783
34421,3809
63250,340
64782,407
59513,3893
65222,1289
65280,9821
65222,1159
12051,8628
12051,8345
51920,102
61140,5784
61020,113
51920,124
61140,102
61020,5784
51920,113
51920,4562
90925,_
57500,6813
58100,6712
57500,6711
50500,8309
50500,8345
50500,9820
11011,5581
50500,8302
50500,8339
50500,8628
52337,9971
36430,5522
36430,5631
36430,5980
52337,9903
36430,5600
58150,5504
58943,5521
50081,4011
50081,6551
58943,5503
58150,5521
58943,5980
50081,6561
50081,5423
50081,6651
58150,5503
58943,5504
58943,6561
50081,6849
58150,4011
50081,5440
58150,6551
43239,3808
27592,3891
34201,4514
43239,8417
27592,3806
43239,3891
27592,4514
34201,8417
43239,3806
27592,3808
27592,7760
27592,8309
27592,8345
27592,9820
27592,7710
27592,8302
27592,8339
27592,8628
27472,7860
27826,8382
27826,7710
27826,8339
27826,8332
27826,8309
27826,9820
27826,8302
27826,8628
27826,8669
27826,7760
27826,8345
15120,7760
15120,7710
46608,4921
46608,9805
21470,7859
27759,1689
21365,7679
21470,7936
21390,7672
27759,7859
59150,4030
59150,5425
58960,5421
59150,5419
59150,5440
58960,6601
59150,5423
54650,5310
49505,6250
54650,5300
26145,8309
26145,8345
26145,9820
11011,8233
26145,8302
26145,8339
26145,8628
11044,7798
28290,8345
25545,7931
24350,8314
32020,7817
27826,3409
32020,7936
44960,4620
12034,8604
10140,8659
12044,8604
XX110,_
23172,7701
08099,_
35456,3950
35456,3808
MN185,_
36450,5642
50236,9901
36450,5502
50040,9901
36450,5501
11010,125
61305,8628
61315,9820
11010,124
61305,9820
28100,3409
44604,7769
43840,4675
28100,4461
44604,3409
43840,7769
32020,4675
28100,4442
44604,4461
32020,7769
28100,4675
44604,4442
64836,3991
37618,430
12031,3880
35761,8659
64836,3800
37618,3991
12031,430
35761,3880
64836,8659
37618,3800
12031,3991
35761,430
64836,3880
37618,8659
12031,3800
06202,_
58660,6639
58661,5421
58660,6561
75662,8841
61510,3121
61510,9903
C19IP2,9901
90932,_
31090,2188
30465,2253
30520,2187
31090,2150
30465,2188
30520,2253
31090,2187
30465,2150
49585,4590
44140,5341
27758,8659
12032,7936
29345,8381
12032,3880
15952,8630
12013,2181
12013,881
12013,1840
12013,2751
52000,5749
52000,5831
28119,7936
27822,7789
28119,7819
28119,7789
27690,7810
11052,8375
27846,8630
11040,7989
27690,8345
11052,7810
27846,8375
11040,8630
27690,7760
11052,8345
27846,7810
11040,8375
27690,8628
11052,7760
11044,8375
20692,8630
27690,7989
11052,8628
20692,8375
27690,8630
11052,7989
27690,8375
58600,6601
59150,6639
58600,5421
27457,7737
15946,7789
15946,8630
15946,7760
15946,8309
15946,8345
15946,9820
15946,8382
11012,8630
15946,7710
15946,8302
15946,8339
15946,8628
66250,1289
65285,1283
66250,1159
27244,8309
27244,9820
27244,8302
27244,8339
49320,5349
49582,5421
49320,5341
96408,4543
96408,4523
45385,9925
96408,4542
37187,3800
90935,9910
37187,3893
37187,8840
37187,3995
90935,8840
37187,9910
58950,6849
58950,4709
58720,6529
33335,3958
33335,3961
52005,5502
44380,5732
44380,9646
52005,4514
44380,5501
44380,5980
44380,9649
50040,4514
52005,5501
44380,5502
44380,8773
50040,9646
18110,_
11011,7809
68720,889
67840,981
68720,820
15240,7934
26735,8669
15240,7924
16040,7719
26034,8630
44850,5475
44850,5423
49000,5475
44850,5411
60254,4021
36488,4572
44140,3893
15350,9357
32032,_
49525,6230
10060,5122
47600,8604
49080,4530
31570,3143
31570,3009
44625,4461
43840,4650
44625,4442
52000,4542
92995,66
11401,4911
21179,1689
21179,7646
21179,7691
26770,7933
26746,7974
26770,7923
65285,884
67961,1159
67040,1330
66840,1424
24516,7760
24516,8309
24516,8345
24516,9820
11012,7840
11012,8444
24516,7710
24516,8302
24516,8339
24516,8628
43310,4289
69646,1860
69646,1930
69646,1940
69646,2042
69646,2099
76986,4461
76986,4442
31645,782
76986,3323
32095,_
60520,3893
31645,3409
76986,781
36488,782
32095,3323
60520,9605
76986,3893
32095,781
76986,9605
32095,3893
60520,3409
31645,781
76986,782
32095,9605
60520,_
76986,3409
36488,781
32095,782
60520,3323
26370,8345
29065,8444
24666,9353
26080,7760
26080,8309
26080,7710
26080,8302
26080,8339
16010,2630
16010,442
61590,9357
16010,124
16010,299
16010,7699
61590,8628
75978,3995
90935,3950
26735,8401
26951,7924
26130,7939
26665,8073
26130,7814
48140,4685
50545,4150
45378,5253
48140,4030
45378,722
48140,4525
50545,4685
45378,4150
45378,5551
48140,722
50545,4525
50545,5253
45378,4030
48140,5551
25611,7939
23515,7912
25611,7929
67228,1475
67051,1425
67228,1474
ICD10,_
27535,8659
12034,7936
12034,7817
22852,7869
45300,5423
45300,5411
47100,4824
45300,5012
55530,6270
54520,6310
55530,6230
54692,6250
27870,9357
16010,8111
27870,8628
29075,8309
29075,9820
29075,8302
26567,7934
26735,7849
26567,7924
49425,5498
90945,5494
49425,3995
C19IP3,4610
59409,7759
59612,7359
50205,5524
49201,4709
47563,5110
43260,5123
55101,9357
16010,6100
55101,8628
25628,8345
47562,4850
45110,5123
47562,4610
93543,4685
45378,8857
93543,4525
50250,25
50250,5532
47562,4601
47562,4869
45113,5123
47562,4595
47562,4835
36800,3995
75825,8851
75952,3971
93543,8839
75952,8857
93543,3971
75952,8839
AT058,_
49522,4563
44125,5310
49522,4562
49522,4639
44125,5300
23532,7771
23532,7981
52332,3895
36145,5980
36145,5732
27756,8036
20926,7819
20926,8669
45383,4590
45383,4572
24600,7760
24600,8309
24600,8345
24600,9820
11012,7972
24600,7710
24600,8302
24600,8339
24600,8628
44005,7760
44005,8309
44005,8345
44005,9820
11012,5459
44005,7710
44005,8302
44005,8339
27540,8302
27540,8339
27540,8628
64721,7760
11044,460
08083,_
JO38,_
49580,5123
47630,8753
47610,5198
47630,5122
45380,4685
43255,4946
46255,4443
43255,4685
46255,4233
45380,4946
44361,4525
32405,6849
58150,3326
32405,6561
11012,8060
27332,7710
27332,8302
27332,8339
11446,5310
49505,8630
11446,5300
29823,8082
29823,8181
23466,8082
29823,8021
29823,8196
29826,8082
29823,8041
45383,4514
45383,3995
45378,4875
44316,4525
45550,4685
45378,4622
44316,4576
44316,4685
45550,4622
45378,4576
44316,4875
45550,4525
32520,3229
32520,3440
43122,4262
43107,4241
43122,4252
43107,4350
43122,4429
69433,2080
69420,2001
69433,2009
99460,3409
99460,3491
36450,5749
15220,8604
10060,7760
10060,8669
11044,8604
C19IP1,5423
C19IP1,6551
54520,5850
52649,6230
52276,6270
52649,5732
52649,6270
52276,6029
52649,5850
52276,6230
75960,3990
75960,8839
44186,5104
32000,4709
47480,3491
44186,5103
44950,5104
32000,4639
47480,4709
44186,3491
44950,5103
32000,5104
47480,4639
44186,4709
44950,3491
32000,5103
43260,5151
47564,5110
46275,4901
46050,4911
27698,8364
47562,5421
49650,5123
NSD01,4709
94610,3892
36510,9604
99460,3892
36510,_
31500,3892
24615,8345
C19T2,8339
28045,_
C19T2,8332
25312,8375
26615,8381
25312,7923
26352,7760
26352,8309
26352,8345
26352,9820
26765,8382
15736,7934
26765,8332
26765,8669
15736,7924
27130,7935
27248,8151
27130,7925
20610,8301
60100,8628
11043,611
60100,8345
27514,9903
27536,9971
27514,9971
27536,7815
27514,7936
27536,9903
65920,1253
65820,1671
65920,1252
67050,1342
66852,1343
58513,_
48100,8753
47610,5212
48100,5122
26615,8403
26910,7923
21348,7809
25620,7929
21348,7932
25620,7809
21348,7929
29355,7936
27826,9353
29355,7817
27606,8628
11043,8311
27606,8345
41150,2530
41150,2749
41150,7631
47420,5423
24515,8152
27758,7931
24515,7815
27506,7931
44625,5423
44625,5411
27245,7819
21454,7935
27245,7676
52334,5504
52334,5503
52334,5521
22900,8309
22900,8345
22900,9820
11011,5430
22900,8302
22900,8339
22900,8628
45123,9820
11010,4869
45123,8628
21497,9355
27786,7936
27792,7906
27786,7817
67922,841
11646,8382
NONR,_
49200,5425
49200,4709
25492,7760
25492,8309
25492,8345
25492,9820
11012,7813
25492,7710
25492,8302
25492,8339
25492,8628
56630,7150
11043,7499
59513,8345
EO59,_
56625,7150
69140,1829
28208,8630
11403,8381
28490,9820
11010,7908
28490,8628
28750,8116
60254,8302
60254,8339
62000,9344
12002,7935
20650,202
27507,8659
62000,7810
12002,7860
62000,202
27882,8345
27507,7989
27217,7935
TO39,_
46255,9357
16010,4946
46255,8628
44389,4639
44130,4525
44389,4590
46040,8628
46040,8345
C19T1,139
61154,_
55520,6330
55520,5310
49505,6330
55520,5300
59120,5459
44005,6549
33015,9971
32036,3712
33300,3409
32020,3749
11040,9971
11040,9903
11040,_
37617,8302
25248,8604
37617,7702
10140,8302
25248,3880
10140,7702
93541,8843
44140,5136
44140,5270
48150,4590
44140,4370
44140,5251
44140,5296
48150,4572
10253,_
31225,1692
67412,2220
31225,1609
45385,5123
47562,4543
47562,4523
35091,3844
35091,3846
35091,3952
58672,5421
58672,6679
16010,8388
16010,7801
33207,3770
33210,3776
11000,3952
35081,8628
11000,3844
LL980,8382
LL980,_
45384,4341
43250,4542
25620,7859
25620,7672
42210,2450
42210,2762
11010,7989
27244,7710
11012,8364
27664,7710
27245,7939
27245,7929
33517,3929
SO110,881
67935,_
SO110,1060
SO110,_
03680,_
52606,5980
52606,9646
54690,6230
55650,6073
C19IP2,7499
C19IP3,7499
C19IP2,6639
21365,8309
21365,9820
11012,7672
C191P2,3995
27524,7817
27380,7936
27310,8364
27380,7817
27310,7936
27514,8364
27524,7815
27380,7935
27310,7817
27535,8364
27524,8016
27380,7815
27514,7817
27524,8364
35091,6849
36430,3844
58150,3846
35091,6561
58150,3844
36430,3952
35091,9971
36430,3846
58150,3952
35091,9903
ZZ038,_
43268,8753
47563,5293
66984,1233
65875,1330
11043,8012
45170,9357
16010,4835
45170,8628
58943,7499
C19T1,6551
58943,_
59513,4011
C19T1,4639
59999,_
46060,4542
45384,4901
45384,4912
27612,8017
27612,8047
27612,8385
69601,2041
90965,_
24800,8124
67048,1341
28024,7760
28024,8628
11044,8018
28024,8345
50395,5760
50395,4610
36488,5760
44143,5980
51550,3893
50395,4575
51550,5980
50395,3893
23155,7772
23155,7802
33736,3542
33736,3961
58700,4590
58700,4572
36488,6651
58700,3893
44140,6651
IMP00,_
11000,8076
27335,8628
15750,7760
15750,8309
15750,9820
11012,8670
15750,7710
15750,8302
15750,8339
27407,8146
27259,7825
27265,7985
27259,8152
58920,6849
58150,6522
58920,6561
25301,8388
25301,9820
25301,8628
58180,7499
23515,7801
23485,7939
23485,8302
33321,3929
33321,3931
12054,8345
50541,5980
50541,9646
67975,869
26418,7933
26615,8286
29085,8192
29085,8396
29085,8191
29085,8394
49522,5423
11012,3952
35045,7710
35045,8302
35045,8339
35045,8628
11730,8401
26952,8623
11730,407
29883,8147
27470,7925
58940,3893
36488,6539
C19IP1,8192
C19IP1,8396
C19IP1,8191
C19IP1,8394
47600,5440
47600,4030
58951,5122
47600,6529
ZA,_
27295,7749
38505,8418
32020,4011
20225,3409
27295,7745
38505,7749
32020,8418
20225,4011
27295,3409
38505,7745
32020,7749
20225,8418
27295,4011
38505,3409
32020,7745
67050,1370
67052,1343
27640,8309
27640,9820
11011,7780
27640,8302
27640,8339
27640,8628
31600,4040
38724,3121
31600,4021
45330,4443
27848,9353
27792,7989
52000,4685
52000,4525
52000,4610
25248,8628
11000,7702
ANEMIASEVERE,_
61533,125
C19IP1,4542
50290,5991
35261,3957
35261,3805
12041,7906
12041,7760
12041,7710
77261,3893
77401,3893
C19IP1,4685
C19IP1,4525
21935,8628
21935,8345
61703,125
61703,124
43259,4685
45378,8874
43259,4525
11762,8309
11762,9820
49505,_
47562,5298
43271,5123
47562,5184
76355,8838
67586,1044
67586,1049
67586,1662
67586,1664
21196,4319
31600,7643
43830,7859
21196,3121
43830,7643
49420,3491
32002,5419
49420,3404
36480,4850
36480,5760
36480,6849
23150,7762
58740,6529
58925,6589
27381,9353
23500,9359
23500,9353
50913,_
23412,8363
SW010,_
44143,9901
36450,4575
43235,5425
49080,4513
26518,8172
30930,2162
56634,4030
56634,7150
90935,5061
47360,3995
90935,3886
CRITICALPNEUMONIA,_
C19IP2,6561
C19IP2,6849
27510,9357
16010,7905
27510,8628
35161,5459
58950,4675
58150,3840
44950,3952
44604,6529
35161,6561
44005,4675
44604,3840
95830,_
JK709,_
43262,5151
43262,8754
47620,5185
43262,5122
43262,5183
LO89,_
44604,6849
58150,4675
44604,6561
11044,7939
MB140,5423
CS6/3,_
II469,_
15758,8382
44310,5310
49521,4620
44310,5300
28120,8628
11043,7789
61522,125
96408,1664
67583,9925
96408,1049
12011,8401
26951,8659
12011,407
27880,8414
27888,8415
27501,8309
27501,9820
27501,7710
27501,8302
27501,8339
67218,1427
11511,_
58150,4563
44120,6849
99460,4999
46715,_
99460,4979
43234,4131
38220,4513
61612,3881
61612,3931
10140,4461
43840,8604
10140,4442
50500,4675
43840,5581
50500,4461
44604,5581
50500,4442
10140,5980
52332,8604
10140,5732
48180,5296
22101,7769
33778,3584
37182,3910
63273,340
51940,5786
36555,_
92982,8843
11011,3409
59401,8908
59401,9449
19240,6639
58661,8543
67036,1364
50590,5980
52332,9851
11000,6849
11000,6561
66825,1459
67108,1699
66825,1449
44050,5459
44005,4680
38760,9820
11010,4024
38760,8628
69604,1940
69604,2092
39501,3402
32100,3482
39501,3328
90935,3958
32020,3961
32659,3995
33860,3409
90935,3712
32020,3599
32659,3958
33500,3699
33500,3961
32658,3961
33427,3712
32658,3524
35665,3925
45331,4575
43262,5440
58150,5185
43262,6849
49255,5185
43262,6561
43820,4443
47562,4439
43259,5123
43820,4233
47562,4443
43259,4439
43255,8874
43820,4513
43259,4443
43235,4439
43820,8874
43259,4233
43255,4439
43820,5123
47562,8874
31625,3491
32002,3320
31625,3420
32602,3404
32002,3420
31625,3404
32602,3491
32002,3324
31625,3320
61559,7859
21365,201
61559,204
21365,7739
61559,7672
61559,201
21365,204
61559,7739
33200,3995
90935,3774
27893,9357
27893,8628
31605,_
C19T1,3110
CONEGATIVE,_
45380,4575
57454,6813
C19IP2,9353
27881,_
C19IP2,8446
29365,_
16010,650
60271,8628
52332,3409
32020,5732
33430,3611
33510,3524
43264,8753
27230,3491
32002,7905
27230,3404
27440,8147
77401,5502
36830,_
36450,3993
77401,5501
36830,5502
77401,9901
36830,5501
50040,_
77401,3993
36830,9901
51010,7989
27217,5711
51010,7939
31625,_
77421,3324
12031,5411
62360,7360
58600,390
62360,7359
59409,390
62360,6639
29345,8047
61557,124
28120,8072
24102,7789
28120,8012
60540,5980
50240,711
52332,729
31600,3961
33427,3121
31600,3524
75820,8849
75710,8867
75820,8848
32000,3409
C19IP2,3409
EO39,_
58720,8546
19200,6561
58720,8545
28825,7989
24620,8628
24635,7909
24620,7760
24620,7939
24635,7760
24620,8345
59812,6639
49000,6902
59812,5423
58600,6902
59812,5411
60240,9971
36430,640
60240,9903
27187,7925
78521,_
76003,8192
76003,8396
20610,8839
76003,8191
76003,8394
31231,4040
31575,2121
60100,3142
31231,4021
31575,4040
60100,2121
38724,3142
31231,611
31575,4021
38724,2121
31231,3142
31575,611
35246,3956
33875,3929
33875,3958
20605,8628
46221,4685
45378,4945
46221,4525
10060,9357
61304,3995
27645,7760
27645,8309
27645,8345
27645,9820
11012,7767
27645,7710
27645,8302
27645,8339
27645,8628
44960,5781
21315,4709
61304,2171
21390,124
49000,1689
51860,7679
21315,9820
61304,5411
21390,5423
11010,5781
51860,2171
44960,124
61304,1689
49000,9820
21315,5781
61304,4709
21390,2171
49000,125
51860,1689
44960,7679
21315,8628
61304,9820
21390,5411
11010,5423
51860,4709
44960,2171
11010,7679
51860,9820
61304,5781
21390,4709
11010,2171
49000,124
51860,125
44960,1689
21390,9820
11010,5411
21390,125
11010,1689
49000,7679
61304,5423
21390,5781
51860,124
44960,125
21315,1689
61304,7679
49587,4590
15580,9344
15580,8302
LO39,_
61330,1609
11011,7817
16010,7360
47010,4709
57415,6639
59100,9817
57415,7491
58600,9817
57415,6800
99460,1475
99460,1471
51920,8753
47610,5784
51920,5122
24925,8407
24925,8430
49320,6639
49320,6561
47100,5151
47420,5012
47100,5104
62147,125
61700,204
61313,206
62147,3951
61700,206
61313,3951
62147,124
61313,204
62360,125
62223,390
61304,233
62360,124
61304,390
62360,233
33820,3961
33750,3885
33736,3900
33820,3542
33750,3961
33736,3885
33820,3900
33750,3542
58925,6829
45378,4523
45378,4543
45385,4525
36488,5831
52240,3995
36488,5749
90935,5831
52240,3893
52000,3995
52000,3893
OO09,_
53445,5893
53445,5979
RTPCRTEST,_
50135,5511
12013,7949
50545,5423
49000,722
50545,5411
44320,8628
44320,8345
11000,2181
36488,5375
36430,5375
39503,9971
C19T1,5375
39503,9903
C19T1,3404
39503,3893
C19T1,8417
24665,8042
24006,7783
C19T1,5421
49650,_
93510,_
36430,3722
93510,9604
31500,3722
93510,9971
C19IP4,3722
93510,9903
54326,5845
54326,5849
54326,6442
96408,9901
36450,9925
36450,8403
26910,9901
36450,8401
69633,1930
69633,1940
62115,206
76986,4590
76986,4572
27535,7710
28570,7710
28570,8309
28570,8628
11012,7979
28570,8017
28570,7760
28570,8339
28570,9820
27620,7979
28570,8037
28570,8302
28570,8345
36488,3420
32602,3893
36488,3320
11770,9357
16010,8621
11770,8628
55100,8630
17250,6100
55110,8630
66150,1475
67025,1261
66150,1471
28476,8669
15100,7818
40652,2759
49521,3995
32000,125
43750,3491
32000,124
61304,3491
32000,4311
CR028,_
54520,5361
49562,6230
11011,7923
27558,8345
65920,1371
66987,1671
65920,1341
25905,8314
25023,8405
25905,407
67882,852
65103,899
67882,1642
65103,852
67882,899
67334,1513
67320,1590
67334,1550
67320,1513
67334,1590
58120,6813
58120,6711
49507,5600
49507,5732
52337,5310
49507,5522
49507,5631
49507,5980
52337,5300
26037,8314
46050,8212
25023,4901
26037,407
46050,8314
25023,8212
26037,4901
46050,407
P0000,6849
P0000,6561
49507,5459
77401,4610
57500,5423
58720,6712
57500,5411
36488,6712
44320,6561
57500,4610
44320,6712
57500,3893
49000,6712
58720,3893
37618,7760
37618,8339
37618,9820
20690,3880
37618,7710
37618,8309
11012,3880
37618,7810
37618,8302
19367,8546
19200,8572
19367,8545
27244,9971
27244,9903
58952,6849
58952,5122
44950,6230
54535,4709
44950,5781
66999,1266
49020,5440
58740,9971
58740,9903
36430,6589
51550,6651
58150,5760
51550,6849
58700,5760
51550,6561
25150,7783
11011,4461
43840,8302
43840,8339
43840,8628
C19IP4,8411
28810,_
VID19,8411
58545,5980
58545,9646
22849,7859
76362,8838
57260,7092
58270,7051
36430,8403
26910,9971
36430,8401
26910,9903
58300,6902
59812,6970
C19IP1,5498
50561,5600
50561,9645
27590,8430
24925,8417
27590,8407
75658,8849
58660,6551
58940,5421
58660,6539
55680,6073
67115,1460
43415,4282
26615,5423
49000,7923
26440,8211
11444,7789
27070,8630
11444,7785
27070,7789
15945,7789
15945,8630
55120,9824
50391,5731
90935,9929
58720,3995
50947,4709
50391,6561
44950,5980
58720,9929
50391,3995
44950,5674
58720,5731
44603,5419
49420,4562
44120,4673
49420,4563
49420,4673
44120,5419
49420,4590
43340,4254
15931,9903
26735,8403
26910,7924
61321,124
61321,125
43830,4620
43760,4319
47600,9702
49906,5122
49000,3929
44310,5474
43830,5411
43760,5423
47600,4620
49906,4319
49000,9702
44310,5122
43830,3929
43760,5474
49906,5423
44310,4319
43830,9702
43760,5122
47600,3929
52000,5122
52000,5423
52000,5411
44950,5349
56605,6561
44950,7111
56605,5349
49585,4709
50220,722
50545,5641
50220,9971
90935,722
50545,9903
50220,4030
36430,5551
50545,9971
90935,4030
36430,722
50545,3995
50220,9903
90935,5104
47480,3995
90935,5103
CI91P4,_
15200,8544
15200,8543
33861,3599
33861,3699
33861,3958
33861,3961
31531,3142
31531,9814
22612,8129
28740,8114
58661,4594
58120,4610
44208,6561
16035,7860
12031,4461
28636,7934
26735,7819
28636,7924
40530,2743
15100,2551
16010,2752
41250,9357
16010,2551
15240,2752
41250,8628
15240,2551
15100,2752
11011,9903
15738,9357
24500,7979
25520,7901
24500,7902
12045,8345
44188,6849
44188,6561
29821,8181
29815,8071
23420,8031
23430,8363
29825,8388
29821,8021
29815,8181
23420,8071
23430,8031
29825,8363
29821,8041
23420,8181
23430,8071
29825,8031
29826,8363
29821,8388
29815,8041
23420,8021
29825,8071
29826,8031
29821,8363
29815,8388
23420,8041
29825,8181
29826,8071
29821,8031
29815,8363
23420,8388
29825,8021
15100,2220
15100,1651
45380,4542
35361,3814
35361,3816
26715,9353
29085,7922
44625,5310
49500,4590
26727,8401
26951,7819
26727,407
53665,5860
52612,5310
49505,6029
52612,5300
67121,1475
67051,1460
66505,1211
27265,9346
27175,7975
27265,9344
32484,3239
54110,9357
16010,6420
54110,8628
76986,8345
11400,5810
11400,5860
11400,6094
11400,8929
52601,8630
11400,5732
11400,5850
11400,6029
11400,6373
62350,7360
62350,7359
46138,_
59402,7360
59402,7359
02322,8415
02322,9357
02322,8628
02322,_
ELL33,_
59120,9357
16010,6549
59120,8628
14060,7760
14060,8309
14060,9820
14060,7710
14060,8302
14060,8339
88331,8382
15734,9199
88331,8332
88331,8669
15734,8908
26373,8286
26373,8345
27640,8689
14300,7780
27641,8689
29405,8018
28022,8381
28208,8018
28022,9353
22114,7769
ICD,_
26600,8309
26600,9820
11011,7903
26600,8302
26600,8339
35876,3800
35876,3949
49587,5440
48140,9971
UO71,7359
26735,7926
27784,7934
26735,7817
26735,7936
27784,7924
31032,2211
31237,2231
31032,2121
48155,5260
50234,3893
OO,5642
47120,_
50220,5022
50234,5641
OO,3893
47120,5642
50220,_
OO,5641
50220,5642
50234,5022
OO,5551
47120,5641
36488,5642
50234,_
OO,5022
47120,5551
OO,_
26615,7934
25670,7939
23515,7973
25670,7929
25611,8309
25611,9820
11011,7912
25611,8302
25611,8339
25611,8628
49080,5104
47480,5425
49080,5103
C19IP2,9623
46940,_
CP01,_
CP02,_
63005,8628
11043,309
63005,8345
25263,7932
25263,7760
25545,8388
25263,7710
27193,8302
27216,8345
20692,7949
27216,7810
27758,9357
27193,7710
27216,8309
27216,7949
27758,7975
29405,9357
27193,7979
27216,7760
27216,9353
27758,7909
11012,7949
29405,7975
27193,7810
20692,9357
16010,7979
27216,7936
27193,8309
29405,7909
20692,7975
16010,7810
27216,9357
27758,7979
27193,7760
27216,8339
27193,9353
20692,7909
16010,7949
27216,7975
27758,7810
29405,7979
27193,7936
27216,8302
16010,9353
27758,7949
11012,7975
29405,7810
27193,9357
27216,7710
27193,8339
27216,9820
27758,9353
29405,7949
76942,4590
76942,5411
44120,_
76942,4562
76942,5423
76942,4563
49320,5423
49000,5421
49320,5411
44970,4543
45382,4701
44970,4523
SO270,2181
SO270,8659
SO270,_
ICDCODE,_
OZ370,7360
OZ370,7359
11011,7710
24650,8628
24650,8345
59136,9971
36430,6839
11043,7937
C19IP2,4341
25574,7939
25574,7929
32020,8546
19200,3409
32020,8545
HYN17,_
YOPAT9,3995
HYN17,3995
YOPAT9,_
11011,7986
27557,8309
27557,9820
27557,8302
27557,8339
27557,8628
22808,8129
43030,2931
20912,2188
76942,4513
43235,_
CF19T3,_
49040,3491
76942,5419
49040,3404
49040,_
26055,8662
58180,7360
23490,9357
16010,7851
23490,8628
15935,8630
27509,8302
27509,8016
27509,8339
27509,9820
27509,9829
11012,7945
27331,9359
27509,7710
27509,8309
27509,8036
27331,7945
26123,8345
11044,8662
37618,7360
59409,3880
37618,7359
25574,8185
24587,7932
27758,8669
15756,7936
27758,8332
24495,8302
24495,8339
88331,8511
19101,9199
88331,8543
19240,9199
19101,8908
25611,7936
27535,7912
25611,7817
32000,9604
49080,9604
31500,5425
32000,5425
66850,1490
12032,5440
12032,5423
49255,8659
12032,5411
77418,7024
28820,125
61510,8411
28820,124
52336,5850
52336,6029
52336,6373
33694,3581
49000,5671
49000,6880
58240,5411
24152,7763
27659,8364
27659,8381
90935,6551
28490,7939
23515,7908
28490,7929
46040,4993
36481,4610
44143,5521
36481,5620
44143,5732
36481,8773
44143,9649
36481,4575
50575,4610
36481,5521
44143,5631
36481,5732
44143,9645
36481,9649
50575,4575
44143,5620
36481,5631
44143,8773
36481,9645
58140,5980
52332,6829
58140,5732
76986,5440
76986,6849
76986,4030
76986,6561
58951,_
76986,4709
76986,6529
29365,8076
27335,9353
29365,8016
35521,3929
60100,5423
C19IP2,611
60100,5411
43239,611
45380,_
49000,4514
45380,611
60100,4514
43239,5411
49000,611
60100,_
C19IP2,4514
61321,1940
61120,2042
61120,125
76360,4685
44186,3409
45378,4639
76360,4525
44186,8838
76360,4639
44186,4685
45378,8838
32020,4639
44186,4525
LO28,_
47420,8754
47620,5104
47420,5183
45331,4590
45331,4572
31520,3142
28525,7935
21470,7938
28525,7859
21470,7935
21365,7938
27244,7676
28525,7672
27244,7938
28525,7676
21470,7672
17286,8630
27603,7760
58940,6651
44005,6551
58700,6539
37181,3910
37181,8192
37181,8396
20610,3910
37181,8191
37181,8394
47562,3780
33208,5123
47562,3772
43227,4443
11424,8628
11424,8345
77401,3995
90935,9925
49497,4590
44140,6310
49497,4572
44140,5310
59513,5310
49525,6639
59513,5300
58600,5310
49525,7499
58600,5300
58100,7021
57454,6711
31612,3110
31612,3194
25875,_
31291,2219
30920,2290
31291,2105
30920,2219
31291,2290
35011,8628
11000,3843
11012,8154
27447,7710
27447,8302
27447,8628
44385,4542
44340,4685
45378,4643
44340,4525
33207,3995
90935,3776
20650,8140
27122,7810
27122,9344
20650,7785
27122,8140
27122,7860
43246,4590
45378,4311
43246,4685
45378,4572
44140,4685
43246,4572
44140,4311
43246,4525
02322,8345
02322,8016
27310,_
02322,7760
61619,7939
23515,212
61619,7929
21452,7675
21452,7819
36450,7491
58600,9901
36450,6800
59100,9901
36450,6639
58140,6551
58940,6829
58140,6539
67043,1474
67228,1490
67043,1425
67043,1490
67039,1342
66852,1424
26785,8309
26785,9820
11012,7984
38500,3491
38500,3404
25645,7929
25645,8345
27832,7989
56640,4030
56640,7150
11721,8345
27828,9359
27828,8199
35207,7760
25100,8345
28810,8332
28805,8411
11012,3991
35761,7710
35761,8302
35761,8339
45330,4514
43239,4513
43235,4514
44186,4341
43244,4639
44186,4233
27824,7760
27824,8339
27824,9820
27814,7906
27824,7710
27824,8309
27824,8628
27824,7936
27824,8302
27824,8345
61501,125
10120,8345
11040,8604
11000,8604
20670,9357
27161,7735
74363,5198
74363,8839
40654,2181
40654,8659
36821,8628
36821,8345
47600,5459
27080,7789
11011,4563
44120,8309
44120,9820
11011,4562
11011,4590
44120,8302
44120,8339
44120,8628
NI619,125
NI619,124
NI619,_
21184,7646
21184,7769
21184,7809
44900,4679
44615,4720
44900,4709
44950,4500
44900,4685
44950,4720
44615,4709
44900,4500
44950,4679
CV19T3,_
36011,9971
36011,9903
27238,9971
36430,7905
27238,9903
36800,9820
11010,3993
36800,8628
62223,212
24145,7763
11000,8036
90935,8382
33766,3921
33917,3958
62270,125
61618,331
61512,212
62270,124
61618,125
61512,331
62270,212
61618,124
36450,2211
31237,9901
36450,2121
92986,3596
62121,124
C19IP2,8401
72554,_
50081,3995
27177,7760
27177,8309
27177,8345
27177,9820
11012,7775
27177,7805
11012,7955
27177,7710
27177,8302
27177,8339
27177,8628
27177,7775
27177,7955
31582,3110
31582,3169
15100,8314
25023,8669
15100,407
90935,5375
39503,3491
32000,3995
32000,5375
39503,3995
32000,3404
26080,9353
26070,8014
26591,8013
12004,8289
26410,8659
26070,9353
26591,8014
12004,8013
26410,8289
26352,8659
29085,8381
26591,9353
12004,8014
26410,8013
26352,8289
26080,8381
26591,8628
12004,9353
26410,8014
26352,8013
11043,8289
29085,8659
26080,8286
26070,8381
26591,8345
26410,9353
26352,8014
11043,8013
29085,8289
26080,8659
26070,8286
26591,8381
26352,9353
29085,8013
26080,8289
26070,8659
26591,8286
12004,8381
26352,8628
26080,8013
26070,8289
26591,8659
12004,8286
26410,8381
43235,5411
61618,7925
27780,7933
26615,7906
27780,7923
54161,9357
16010,6400
54161,8628
32215,3460
CR019,_
17270,8630
45111,6529
31090,2211
31237,2253
31090,2121
49505,5341
46600,4912
46275,4921
46600,4911
49020,5781
51040,5419
49020,5717
51040,5411
64774,407
35211,3923
47600,3959
50230,5122
35211,3807
47600,4029
35211,5641
47600,3923
50230,3959
35211,5122
47600,3807
35211,5551
47600,5641
50230,3923
35211,3959
35211,4029
47600,5551
66894,_
44322,4709
58300,7491
59100,6970
58300,6800
15732,8345
47420,9903
NOPE,_
42227,2762
42227,8670
12001,7935
27513,8659
12001,7815
44320,4673
44603,5781
51860,4673
44130,4610
44130,5781
44320,4639
51860,4610
44130,5411
44320,5781
51860,4639
44130,4673
20690,7929
21315,7810
27766,2171
21315,7929
20690,2171
21315,7819
LO40,_
11040,4610
49505,4563
49505,4562
29055,7860
67051,1371
77418,9607
43241,_
77418,4513
35661,3929
35661,3808
35661,3893
35661,3891
35661,3806
36830,4525
45383,4685
45383,3993
36830,4513
45383,4525
36830,4523
36830,4685
43235,3993
36830,4543
76942,6829
19160,6909
58558,_
19160,6816
76942,6909
58558,8523
76942,6816
19160,6829
46040,4912
46270,4901
46040,4911
11012,3995
90935,7710
43235,4901
45378,4911
46060,_
43235,4873
45378,4901
43235,4993
46060,4685
45378,4873
76986,4901
43235,4912
45378,4993
76986,4513
46060,4525
76986,4873
43235,4911
76986,4993
46060,4513
MM890,_
27427,7986
27427,7819
MM986,9971
MM986,9903
MM986,_
27301,8659
12031,8303
55535,5310
55535,5300
43227,4522
24310,8313
77401,309
45380,5711
63003,_
51010,4525
77421,309
77261,5711
43840,4513
43235,4461
43235,4442
56405,7360
59409,7109
56405,7359
52336,6561
90935,6869
58210,5522
58210,5732
29345,7935
23520,7971
12013,7760
12013,8309
12013,9820
12013,7710
12013,8302
12013,8339
23515,5423
49000,7929
11041,8302
11041,7710
47511,5132
43239,5198
47721,4514
47511,4439
43239,5132
47721,5198
47511,4514
52332,6561
58661,8544
19361,6561
58661,8554
15240,8684
26432,8669
26597,7859
15240,8284
26432,8670
26597,8284
15240,8670
26432,8684
26597,8669
15240,7859
26372,8286
26372,8381
MPC01,_
OS09,_
63266,9971
36430,340
63266,9903
29345,7939
27540,8364
29345,353
27380,7939
27540,9353
27380,353
27502,7851
23480,7905
27502,7731
27514,7810
20692,7815
59812,7071
57250,6902
59812,7052
11011,8544
19240,8302
19240,8339
27886,7760
27886,7912
25611,7710
27886,8309
27886,9820
25611,8415
27880,7912
49255,5781
51860,5440
49201,5781
28140,8628
11043,7798
28140,8345
C19T1,3409
58951,5459
C19T1,4030
C19T1,6529
C19T1,8415
NSD01,6909
51860,4850
45110,5781
77776,_
63275,340
43268,4513
45378,5293
43268,4685
43235,5293
43268,4525
28072,8078
28072,7760
28072,8309
28072,8345
28072,9820
11012,8078
28072,7710
28072,8302
28072,8339
28072,8628
32000,4131
32000,9925
CR016,_
MM942,_
33660,3510
33660,3573
C19IP3,3420
C19IP3,3320
27540,7760
11044,353
27540,8345
59120,9901
36450,6549
55040,6270
55040,6230
XA,5423
XA,5411
UO89,_
53260,5839
41674,_
44605,4709
29837,8082
11043,4443
43255,8345
75885,8864
30630,2188
58180,9903
51050,5980
52318,8773
51050,9649
52318,5719
52005,5700
52318,5980
51050,9646
52318,9649
51050,5700
51050,8773
52318,9646
43600,4414
43600,3995
49000,4414
43600,5423
90935,4414
43600,5411
27594,3995
61571,9357
15100,125
61571,8628
61571,8669
ZS11,_
C19IP2,5310
C19IP2,5300
11000,7932
42300,407
42415,2700
42300,2929
24546,7840
29897,7936
27828,8087
29897,7817
29897,8087
27250,7939
23515,7975
27250,7929
11010,8405
99256,4579
36450,4593
44160,8907
36450,4562
99256,4593
44160,9901
99256,4562
36450,4579
28022,8411
28820,8018
55175,7989
44320,6149
27217,4610
55175,7939
44320,7989
27217,6149
55175,4610
44320,7939
NSD01,8753
NSD01,5122
27535,8314
27892,7936
27535,407
27892,7817
45330,5781
51860,4575
44143,5781
51860,4525
19364,8546
19200,8570
19364,8545
50080,5620
52336,5504
47785,8753
47605,5499
47785,5122
49060,8753
43260,5419
C19IP2,5110
47610,3893
49060,5122
36488,5110
49060,3893
C19IP2,8753
47610,5110
49060,_
43260,3893
C19IP2,5122
47610,5419
49060,5110
43260,_
50230,3995
90935,3807
82132,_
66998,1371
66998,1341
27524,9357
63290,340
50360,3995
33786,3583
27882,3995
90935,8415
27880,3995
43305,3173
43305,4289
66982,1269
66982,1264
66982,9928
66172,1330
35142,3995
90935,3848
61105,9604
36488,331
61107,233
61512,9604
61105,3893
31500,331
62272,233
61107,125
62223,9604
61512,3893
61105,331
36488,233
61107,9604
62223,3893
31500,233
62272,9604
61107,3893
62223,331
61105,233
62272,3893
61107,331
61512,233
61105,125
61304,3893
25575,7931
25575,7842
36488,9646
45350,_
36869,_
58200,5440
OZ380,_
52612,5749
23415,8041
23515,8183
23415,7929
58150,4643
44340,6561
36430,4850
45110,9903
11043,8672
46288,8345
19120,9971
36430,8521
19120,9903
27303,7860
24635,7925
22842,9971
24515,7859
22842,9903
24515,9971
36430,7859
22842,7931
24515,9903
24160,7760
24160,8309
24160,8345
24160,9820
11012,8002
24160,7710
24160,8302
24160,8339
24160,8628
44208,4685
76942,1739
43234,4594
44208,_
76942,4594
43234,4610
44208,4513
45378,1739
76942,4610
44208,4525
43234,1739
45378,4594
31238,2220
31254,2262
31256,2100
31267,2219
31238,2263
31254,2119
31256,2220
26615,7931
24546,7923
59513,6949
58520,7499
59513,6941
33533,3961
33877,3611
33533,3954
32000,5511
52332,3491
50020,5980
32000,5501
52332,5511
52334,3491
50020,5732
32000,5980
52334,5511
50020,3491
32000,5732
29075,7989
26785,8014
29075,7984
26080,7989
26080,7984
23515,7933
26615,7929
25620,7926
28118,7789
21421,7673
28043,9971
28810,8630
28043,9903
28810,9971
36430,8630
28043,8411
28810,9903
19240,3995
90935,8544
35820,3995
90935,8543
12005,7760
12005,8309
12005,9820
12005,7710
12005,8302
12005,8339
11043,8030
41874,9357
16010,2450
54112,6420
54112,6449
53510,5841
49505,4673
27217,8382
15738,7989
27217,8332
27217,8669
15738,7939
58940,5459
44005,6539
46262,4824
16010,5423
35533,3929
11000,8839
75962,8628
11000,3950
35800,8382
15734,3802
35800,8345
21160,7646
45505,5421
90293,_
17260,8630
25525,9353
27635,8192
DDX,_
58400,6922
29075,8284
26432,9353
29075,7859
21045,8382
31603,8669
21045,3110
31603,8332
21045,8669
31603,7769
21045,8332
31603,8382
24615,7939
25574,9353
11043,7982
24615,7760
25545,9353
25574,7982
25545,7982
24615,8628
24635,7932
11044,7982
25545,7939
24615,7932
24635,9353
25575,7982
24635,7982
27758,7986
27536,8199
27556,9359
27829,7819
27536,7986
27556,7859
27758,8199
43820,5132
47720,4439
28496,8345
26727,7932
28496,7979
44143,4461
43634,4389
29886,7719
C19T2,7360
C19T2,7359
CYST,_
61345,124
45309,4542
45309,4543
45309,4823
45309,4835
45309,4836
20690,7817
27236,7936
27236,7817
31040,2290
IMP02,3893
75989,9971
33206,8839
31600,3776
C19IP3,3780
75989,_
33206,9903
C19IP3,8839
36430,3776
75989,3780
33206,3121
31600,3780
C19IP3,3121
75989,9903
33206,9971
31600,8839
C19IP3,3776
36430,3780
75989,3121
33206,_
36430,8839
75989,3776
93503,8964
90935,5421
49650,3995
ORWITHNEGATIVETEST,_
46280,4525
27641,8345
11043,4709
44950,8345
11752,9357
16010,8623
11752,8628
11420,9357
11420,8628
28024,8689
11760,8381
28024,8302
28024,8381
28024,9820
11760,8018
28208,8689
28024,7710
28024,8339
23184,7762
62227,_
46260,9622
44850,4590
44120,4709
44950,5475
44850,4562
44850,4709
44120,5475
44950,4562
44850,4563
27258,7985
29325,8152
27258,9351
27258,8152
21461,7760
21461,8309
21461,8345
21461,9820
21461,7710
21461,8302
21461,8339
21461,8628
22846,7859
KO98,_
29874,8345
58150,7071
57250,6849
57250,4709
58150,7052
44950,7071
57250,6561
43235,5600
52005,5504
50080,9646
15734,8403
26910,8332
15734,8401
26910,8382
43239,8630
47760,8659
15933,5499
47760,7789
45330,8630
60271,640
60254,639
16010,9971
36430,9357
11041,8314
11041,407
12053,7859
21436,2181
21436,8659
58120,4563
49505,5459
31500,7360
59409,9604
31500,7359
0821O,_
63017,8321
24065,7749
20250,8012
20251,7710
24100,7760
63011,8309
63017,8339
24065,8345
20250,8628
20251,9820
24100,309
11012,8321
63011,7749
63017,8012
24065,7710
20250,7760
20251,8302
24100,8309
63011,8345
63017,8628
24065,9820
20250,309
20251,8321
24100,7749
63011,7710
63017,7760
24065,8302
20250,8309
20251,8339
24100,8345
63011,9820
20251,8012
24100,7710
63011,8302
63017,8309
24065,8339
20250,8345
20251,8628
24100,9820
11012,309
63011,8321
63017,7749
24065,8012
20250,7710
20251,7760
24100,8302
63011,8339
63017,8345
24065,8628
20250,9820
20251,309
11012,7749
63011,8012
63017,7710
24065,7760
20250,8302
20251,8309
24100,8339
63011,8628
63017,9820
24065,309
20250,8321
63011,7760
63017,8302
24065,8309
20250,8339
20251,8345
24100,8628
27613,8302
43244,8321
11042,4233
27603,4341
27613,8628
43244,7710
11042,8302
27603,8321
27613,4233
21172,1689
21172,7691
NS01,_
44160,4685
45378,4593
44160,4525
75966,3950
75966,8839
58300,6829
XA,9822
65210,_
XA,1200
58951,9971
58951,9903
45380,5980
47100,5122
10140,5012
47100,_
10140,5122
36430,5012
47100,9971
C19T1,5012
47100,9903
C19T1,5122
47600,5012
47100,8604
64727,479
64713,449
64708,460
64713,460
64708,479
64716,449
64727,460
64713,479
64708,449
47564,5185
43262,5123
55873,6062
61312,9901
36450,124
LO59,_
NSD01,9933
11010,8669
49320,4563
56800,_
43268,5298
43271,5293
43268,5184
66852,1452
67107,1474
66852,1449
66852,1455
67107,1342
22110,7769
28705,8111
43500,4300
43500,9803
29000,9353
49580,4709
49580,6561
58150,5349
49580,6849
44950,5341
28310,7739
CR024,_
21315,7760
21315,8339
12002,2171
21315,7710
21315,8309
11012,2171
21315,8659
21315,8302
21315,8345
61305,233
61305,331
62270,233
20690,7989
20690,7939
27514,9344
20692,8401
38820,_
19366,8546
19366,8545
59620,9357
59620,8628
11000,8499
31288,2219
31288,2252
31288,2264
IU800,_
44900,7021
58740,4720
38720,6561
57454,6849
44900,4021
58740,6712
58150,7021
38720,4720
57454,6589
44900,6561
58150,4021
38720,6712
38720,6849
57454,4021
44900,6712
58740,7021
58150,4720
38720,6589
57454,6561
44900,6849
58740,4021
38720,7021
57454,4720
44900,6589
29405,8446
29405,8415
27784,7925
12046,7817
27385,7926
12046,8302
12046,9820
27385,8659
27506,8365
27784,7815
12046,8152
27385,7817
27506,7926
12046,7760
27506,8659
27784,8365
12046,7925
27385,8152
12046,7710
27784,8659
12046,7815
27385,7925
12046,7936
12046,8339
12046,8365
27385,7815
27784,8152
12046,7926
27385,7936
12046,8309
25526,7760
25365,8302
25526,9820
25365,7819
25365,8499
11012,7733
25365,7760
25526,8309
25365,8339
25365,9820
25365,7939
25526,7733
25365,7710
25365,8309
25526,8345
25365,7932
23665,9359
55720,6270
54520,6000
55720,6230
55720,6000
44130,8753
90935,4639
47610,4513
43235,8753
47610,4639
44130,3893
43200,5423
49000,4223
43200,5411
24579,7760
24579,8339
24579,9820
20690,7931
24579,7710
24579,8309
24579,8628
24579,7810
24579,8302
24579,8345
32020,3121
31600,3409
OZ300,_
49521,6250
43532,_
47612,5104
47420,5136
11000,8030
11000,8012
EO78,_
OU71,7860
IMP01,9971
20692,8332
14040,9357
25515,7989
26715,7932
25515,7922
68330,1049
JV071,_
43202,4525
44143,4224
43202,4610
45380,4224
43202,4575
47000,8753
24077,7760
24077,8309
24077,8628
61313,9971
45355,4613
44144,4513
45355,4579
43235,4613
45355,4513
44144,4522
43235,4579
45355,4610
43268,5188
47610,5293
43265,5122
47610,5188
43265,5293
43268,5122
49320,4610
44180,5421
49320,1735
44206,5421
49320,5451
65130,1661
43121,4241
43340,4252
36488,4350
43100,4429
32020,4254
43108,3893
43121,4232
43340,3409
43100,4265
32020,4679
43108,4241
43121,4252
43340,4350
43100,4254
43108,4232
43121,3409
43340,4242
36488,4265
43100,4679
32020,4241
43108,4252
43121,4350
43340,4429
36488,4254
43100,3893
32020,4232
43108,3409
43121,4242
43340,4265
36488,4679
43100,4241
32020,4252
43108,4350
43121,4429
43108,4242
43121,4265
43340,4679
36488,4241
43100,4252
32020,4350
43108,4429
43121,4254
43340,3893
36488,4232
43100,3409
43108,4265
43121,4679
43340,4241
36488,4252
43100,4350
43108,4254
43121,3893
43340,4232
43100,4242
32020,4265
43108,4679
63172,309
47510,5104
47480,5198
47510,5103
32100,3409
32020,3402
32020,3328
77421,5502
77421,5501
77421,3995
62200,206
62147,220
62200,204
35371,3818
26750,7760
26750,8309
26750,8345
26750,9820
26750,7710
26750,8302
26750,8339
26750,8628
21750,4021
36488,7769
76986,7841
60254,3893
38724,_
21750,4040
36488,640
76986,4021
60254,7769
38724,7841
21750,3893
76986,4040
21750,7769
36488,7841
60254,_
21750,640
36488,4021
76986,7769
60254,7841
38724,3893
21750,_
76986,640
38724,7769
21750,7841
32603,3422
69552,1829
43235,4341
32002,5423
49000,3404
10060,4912
46270,8604
10060,4911
36488,5104
47480,3893
36488,5103
45300,4685
43235,4824
45300,4525
45378,4824
45300,4513
C19IP1,5411
23931,8628
23931,8345
65286,1159
65286,1289
49588,5411
49588,5423
49588,4709
47561,5421
47561,5424
47561,8753
38745,8544
19240,4023
38745,8543
31805,3171
44143,5122
47600,4575
25023,9357
28810,407
25023,8411
28810,8314
59814,4590
44140,6959
59814,4572
27310,9344
44143,5300
66600,1242
26040,8212
29875,8036
C19IP1,4709
C19IP2,4709
64727,8662
90935,4593
15100,3995
45300,8628
44160,8669
36488,4824
11000,4579
15100,4593
45300,3893
44160,3995
90935,8669
11000,4824
15100,4562
45300,4579
76942,4709
48005,_
44950,5260
48005,4709
76942,5260
23120,7781
36568,4311
43246,8628
11000,3121
36568,8628
36568,3121
11000,3995
11000,4311
25028,8309
25028,8345
25028,9820
25028,8302
25028,8339
25028,8628
61253,124
NOICDFOUND,_
C19IP2,5810
C19IP2,5860
C19IP2,6094
C19IP2,8929
52601,_
C19IP2,5850
C19IP2,6029
C19IP2,6373
11011,8415
C19CI,9971
C19CI,9903
28645,7925
COVIDCONFIRMED,_
64722,7931
25907,8405
49521,_
29850,8147
38220,6902
59812,4131
C19T1,4131
C19T1,7252
58140,6816
58140,6909
29875,8060
29875,8192
29875,8396
29875,8191
25251,8003
CR041,_
46230,4685
76986,4946
46230,4525
46230,_
69910,2049
69910,2079
92981,3721
92981,3639
46255,8382
45380,4912
44140,5122
47600,4572
49080,5459
44005,5425
31588,3169
52335,4579
44160,5631
44160,5980
52335,4562
52335,4593
44160,5522
44160,5732
25520,7760
25520,8628
25520,8345
35180,3953
99460,4595
99460,4835
44152,_
99460,4582
99460,4601
49200,9901
36450,5440
21400,7678
17284,8630
PZ038,_
25350,7760
25101,8302
25350,8345
25101,8628
25350,8013
OZ302,_
63740,309
63740,379
11000,3991
11000,3800
50060,9646
50630,9649
52317,5620
50060,5732
50630,5980
90935,8773
52317,9649
12042,2181
12042,881
12042,1840
12042,2751
55000,5310
49520,6191
31601,9925
77401,3121
31601,_
47800,4563
47780,4590
44120,5789
47800,5499
47780,4562
47800,4590
47780,5789
44120,5499
47800,4562
47780,4563
44310,6512
58900,4620
36488,5349
49582,3893
36488,5341
43825,9903
45331,9971
45331,9903
22841,7859
27507,7819
59870,7360
59870,7359
27750,7936
27750,7817
16010,8405
27615,8403
26910,8349
27615,8401
44625,4685
44625,4525
47605,5188
23415,8183
20610,7935
27514,8191
27514,8394
12034,7905
27501,8659
49060,9971
36430,5419
49060,9903
50395,9971
50395,9903
50395,3995
II517,_
63741,371
63741,379
JH603,_
37565,3882
27506,7979
27216,7815
27216,8152
27506,7909
27216,7925
27499,8628
27499,8345
26440,8345
79403,_
49255,9971
35241,4563
50040,4590
44620,3923
44120,3956
35241,5501
43453,4292
44960,4610
44141,4709
19100,8604
19100,8544
10060,8511
19100,8543
19160,8554
19340,8523
19160,8553
50559,5521
50559,5523
50559,5539
50559,8773
50559,9227
50559,9645
50559,9649
90935,4595
90935,4835
44153,3995
90935,4582
90935,4601
32601,4685
36488,3421
32601,4525
32601,4513
43235,3421
32601,3409
45378,3421
32601,3893
76360,139
61154,8838
76360,124
43640,4401
15933,9357
15933,8628
25405,7932
26437,7989
26785,8299
26437,7984
44141,9901
58720,6551
58940,6561
58720,6539
15770,8669
52334,4610
52334,5423
43820,5732
52334,5411
52334,4439
52334,4513
24650,5423
49000,7902
24650,5411
58470,6849
58470,6561
58470,_
49201,5459
58100,5440
49201,6813
49201,6711
47350,5423
12032,5061
21930,8382
26130,7760
26130,8309
26130,8345
26130,9820
11012,8073
26130,7710
26130,8302
26130,8339
26130,8628
21502,8628
11000,7781
25611,7760
11012,7912
26215,7769
26215,7809
25310,8375
27600,9971
27600,9357
16010,9903
44602,4562
44602,4563
44602,4590
44602,5459
50770,5675
36430,6270
52630,9903
54520,9971
36430,6029
52630,6230
52630,9971
36430,6230
52630,6270
54520,9903
20816,7710
20816,8309
20816,8628
11012,8422
20816,7924
20816,7760
20816,8339
20816,9820
26735,8422
20816,7934
20816,8302
20816,8345
24930,8628
11043,8430
24930,8345
29870,7925
29870,7815
27506,8026
24500,7931
36800,5294
43264,3993
36800,5188
29876,7745
62010,7760
62010,8309
62010,8345
62010,9820
11012,202
62010,7710
62010,8302
62010,8339
62010,8628
38120,9357
16010,4150
38120,8628
31300,3009
31300,3130
58145,6909
27780,8381
27659,7906
27780,8364
27301,8309
27301,9820
11011,8303
27301,8302
27301,8339
11043,7912
54640,5421
49650,6250
27078,7765
27078,7769
27827,7819
65222,881
67935,9821
65222,1060
31600,4461
41825,3121
43840,2440
31600,4442
41825,4461
43840,3121
31600,2440
41825,4442
49080,4620
44312,3995
44389,4641
90935,4620
44312,5425
44389,3995
49000,4641
44312,4620
44389,5425
44310,4641
44312,5423
44310,3995
49080,4641
44312,5411
44310,5425
90935,4641
44312,4525
24360,8185
41251,2551
93556,3805
92982,3891
34101,3956
92982,8857
34101,66
93556,3803
92982,3805
34101,8857
93556,66
92982,3803
93556,3891
92982,3956
34101,8843
51575,4030
51575,5779
25675,7925
26676,7710
26676,8302
26676,8339
26676,8628
FA,_
44602,5425
49080,4673
51565,5674
51565,5760
21355,7671
77401,5491
49021,_
77421,5491
44140,4233
43255,4572
44140,4443
43255,4590
11040,3880
23165,7859
12007,_
23165,7672
12007,7859
23165,8659
12007,7672
23165,_
25105,8628
59612,6840
59525,7759
59612,6651
58700,6839
58700,7759
59525,6651
59612,6839
58700,6840
59525,7360
26235,8345
35184,3953
21041,7819
21244,7769
43400,4291
27105,8377
46275,4525
69603,2042
01967,_
C19IP4,639
60252,3893
32095,639
NJ189,_
69670,1930
69670,2021
69670,2099
69636,1919
69670,1860
69670,1940
69670,2023
BL06,_
90935,7702
25248,3995
11043,7702
25248,8345
27720,7760
27720,8339
27720,9820
20680,7840
27720,7860
27524,7912
26720,7938
28525,7904
25105,7710
25105,8302
25105,8339
51040,8628
11043,5717
51040,8345
43258,6529
58950,4341
58950,5425
43258,5440
58950,4533
43258,5425
43258,6561
49080,4341
58950,4530
24665,8030
24101,7783
49525,8628
46612,4921
46612,4931
58740,4011
49010,6589
49010,4011
49010,6651
58943,6589
49010,6551
47300,_
36430,5021
47300,9971
C19T1,5021
47300,9903
12054,8628
43269,4513
43259,9755
44206,8874
43269,4525
44206,4513
45378,9755
43269,1735
43259,4610
43269,4685
44206,9755
43235,1735
43269,4610
43235,9755
43269,8874
43259,1735
29358,8047
15576,2749
08012,_
67580,1664
65110,3110
31267,1651
61510,2119
31603,2220
65110,2262
31267,124
61510,2220
31603,2262
65110,124
31267,125
61510,3110
31603,1651
65110,2119
61510,2262
65110,125
31267,3110
61510,1651
31603,2119
65110,2220
37605,3882
55110,6270
C19IP3,7359
27091,8345
36488,9702
43760,_
36568,9702
43760,3893
C19IP4,9702
28200,7760
28200,7710
47610,3995
36488,9608
44372,3893
ZS038,_
46270,4921
36488,5132
47721,4513
90935,5132
47721,3995
90935,4439
43235,5132
47721,3893
60100,5499
49322,611
60100,5421
76360,4514
96408,4514
43239,9925
43239,8838
76360,9925
75989,3491
32002,8839
75989,3404
32020,8417
27590,3409
11011,7937
63303,8099
20962,3999
27536,7800
20962,7936
27536,3999
20962,7800
57500,9971
57500,9903
47600,8339
28045,5122
47600,8332
49505,6839
58180,5300
C19IP3,4563
44604,4673
44603,4675
10060,8309
10060,9820
11011,8604
10060,8302
10060,8339
69433,2211
69433,2121
26951,3991
35761,8401
47605,5151
90945,5423
36014,3891
C19IP1,8152
C19IP1,6909
UO71,6909
28046,7760
28046,8309
28046,8345
28046,9820
11012,8349
28046,7710
28046,8302
28046,8339
28046,8628
25630,9820
24515,7903
11010,7931
25630,8628
11010,7903
25630,7931
74300,8839
75980,8766
25600,7925
50240,5511
44005,5540
50020,3893
44005,5511
50020,3995
44005,5501
90935,5511
50020,5459
36488,5511
50020,5540
50240,5459
29085,7939
28505,9353
58720,5751
51500,6561
58720,5349
76942,9604
FP000,_
FP0001,_
27745,7760
27745,8309
27745,8345
27745,9820
27745,7710
27745,8302
27745,8339
27745,8628
26600,7935
29075,7903
27513,9353
26600,7815
29075,7935
27513,7903
26600,9353
50580,5521
50580,5600
50580,8773
50580,9645
50580,9649
90935,5151
47564,3995
90935,5123
43840,9607
43241,4442
61885,139
61855,8696
61885,293
61855,139
61885,8696
43760,4341
31622,9702
43244,3324
43760,4233
31622,4341
43244,9702
43760,3324
31622,4233
11043,5361
49560,8345
76986,9357
76986,8628
52310,9851
50590,5700
12001,639
25023,3891
36568,407
34111,8314
25023,3893
36568,3803
36568,8314
34111,3893
25023,3803
36568,3891
34111,407
C19IP4,9820
C19IP4,8839
75902,_
49525,3995
37565,_
11043,3882
37565,8628
76986,3882
37565,8345
27301,9357
16010,8303
35111,3846
35111,3952
46239,4685
46239,4525
46239,_
45331,4875
45331,4576
NO39,5498
NO39,3995
99406,_
39545,5310
49505,5381
39545,5300
49080,4563
44021,4563
44120,4502
44021,5459
44021,4590
44005,4502
44021,4562
26952,8699
14350,407
57310,5843
EN185,_
21356,7931
19110,5749
67904,1663
67584,833
67904,1049
27676,9353
29405,7737
75889,8864
46751,4979
52648,3995
29358,8345
51050,5717
49000,5719
51050,5423
51040,5719
51050,5411
59514,8339
59514,9820
29345,7499
59514,8302
59514,8345
59514,9353
11011,7499
59514,8309
27590,3808
21365,7710
21365,8302
21365,8339
24685,7936
24685,7817
28320,7848
49080,5151
47564,5425
49080,5123
COVIDSWABTEST,_
49585,5361
49561,5341
29355,8192
29355,8396
29355,8191
29355,8394
23615,8071
23105,7931
23615,8011
29405,8192
29405,8396
29405,8191
29405,8394
27535,9344
22843,8628
22843,8345
23030,3780
33207,7711
23030,3776
47562,3995
49585,3995
49501,5423
49000,6310
49501,5411
25248,7760
11044,7702
CSMOU,1371
CSMOU,1330
CSMOU,_
29325,7860
12044,2181
12044,1840
12044,2751
12044,881
67050,1341
44204,4525
27792,8302
28546,7818
28546,8345
KU071,_
10140,5151
47564,_
10140,5123
C19T1,5151
47564,8604
C19T1,5123
49496,6230
47600,5253
43259,5122
48140,8874
47600,4150
43259,5253
48140,5122
47600,8874
43259,4150
27507,5029
36450,5061
27502,5099
36488,7935
47361,9901
27507,7905
27502,5000
36488,5029
27507,5099
36450,7935
27502,9901
36488,7905
47361,3893
27507,5000
36450,5029
27502,5061
36488,5099
47361,7935
27507,9901
36450,7905
27502,3893
36488,5000
27507,5061
36450,5099
47361,7905
27507,3893
36450,5000
27502,5029
36488,5061
55200,6360
19125,8544
19125,8543
44900,5423
49000,4720
44900,5411
28043,5421
49651,8630
28043,5300
54640,5849
54332,6250
54640,5845
15100,9344
27236,8669
27236,9344
20650,8669
15100,7935
27236,7810
36488,6813
58100,3893
36488,6711
11000,4800
LO22,_
58952,3409
32020,9901
36450,3409
58952,9901
36450,6529
25515,7935
25515,7815
52327,5732
52327,5980
50010,4029
50010,5641
50230,5501
50010,3807
50010,5551
20902,7925
51920,6529
58925,5784
58925,4709
CI91P2,_
14040,7760
14040,8309
14040,9820
14040,7710
14040,8302
14040,8339
23515,7934
26735,7929
38770,5440
38770,5423
38770,6529
38770,5459
38770,5411
11011,8381
27659,8302
27659,8339
27659,8628
43117,4241
43117,4252
43117,4350
43117,4429
50605,9649
50605,5732
50605,5719
50605,8773
50605,5995
50605,9646
52332,5719
44144,6849
58150,4579
58150,4613
44144,4650
44625,5459
44144,4590
44005,4650
44625,4613
44625,4610
44625,4579
11000,7789
11042,7789
29819,8031
23455,9820
29815,8182
29819,8021
23455,8031
29815,9820
29819,8182
23455,8021
29819,9820
12002,2181
12002,881
12002,1840
12002,2751
51702,_
C19IP4,4610
75726,_
44143,8840
C19IP4,4575
75726,4610
75726,4575
26665,8345
26665,7760
26665,8628
11044,7814
44602,4195
36450,4673
38115,9608
44602,4143
36450,4195
44500,4673
38115,9901
44602,9608
36450,4143
44500,4195
38115,4673
44602,9901
44500,4143
25312,8381
27507,7925
27507,8152
27507,7815
12015,125
12015,124
27466,7925
27425,8049
62360,9357
16010,390
62360,8628
51585,4029
51585,5671
51585,5779
44188,4685
44188,4525
61130,125
50780,8839
52000,5674
74480,5732
52000,8839
74480,5674
50780,5732
56835,5440
56835,6561
56835,_
58150,5631
45560,8773
44005,9649
45560,6849
50575,5980
44005,7052
45560,5631
44005,8773
58150,9645
45560,5459
50575,6561
52332,7052
45560,5521
44005,5631
45560,9645
45560,5980
50575,7052
44005,5521
58150,5620
45560,5732
44005,9645
45560,6561
50575,6849
45560,5620
52332,9645
45560,9649
50575,5459
15576,9199
11641,8670
88331,8630
15576,8908
11641,9199
88331,8670
15576,8630
11641,8908
26860,4195
38115,8128
26860,4143
59513,7360
59513,7359
65815,1269
66172,1292
65815,1264
65815,9928
66172,1291
27665,7710
27665,8302
27665,8339
51520,5719
67421,479
64721,_
67421,460
67421,_
26740,7760
26740,8309
26740,8345
26740,9820
26740,7710
26740,8302
26740,8339
26740,8628
64835,7702
25248,430
11043,4824
45300,8345
28496,7760
28496,8309
28496,7710
28496,8302
28496,8339
11000,7758
28760,8628
11000,7757
43420,4283
47605,_
24546,8185
24587,7842
26951,7933
26746,407
11040,8662
52204,4610
58200,5733
44143,4011
52204,6561
32020,3460
32650,3324
31622,3460
32650,3409
31622,3421
21196,8302
21196,8345
21196,7815
21196,7760
21196,8339
21196,9820
21196,8152
27506,7859
21196,7710
21196,8309
21196,8628
21196,7925
27506,7643
35246,7939
23515,3956
35246,7929
C19IP2,4513
44950,7430
59136,4709
49507,4639
33332,3929
50220,3958
93543,5551
33332,5641
50220,8857
93543,3929
33332,3958
93543,5641
33332,8857
50220,3929
93543,3958
33332,5551
22843,9357
16010,7859
47136,5059
47136,92
47136,93
47600,8671
47134,5122
43020,4209
43020,9802
11043,7938
53460,5839
53460,5847
27814,8077
27625,7936
27814,8017
61710,125
31603,3953
61312,3110
61710,124
61312,3953
61710,3110
43632,4514
49000,4370
43632,5423
43632,5411
23410,8031
23440,8082
29815,8375
23410,8041
23440,8181
29815,8082
29823,8363
23410,8375
23440,8021
29823,8031
23410,8082
23440,8363
29826,8375
23410,8181
23440,8031
29823,8375
23410,8021
23440,8041
23410,8363
23440,8375
76942,7759
76942,7360
43259,5294
43264,8874
43259,5188
26260,7769
33619,3799
11040,8684
26597,8628
11040,8670
90935,5785
51800,3995
90935,5759
27488,8345
27488,8006
11044,8456
27488,7760
27488,8628
11044,8006
27488,8456
27090,8345
36822,9903
C191P4,5498
61751,8703
61751,9230
76986,3891
76986,3806
76986,8417
27590,3806
76986,3808
24620,9353
24620,8302
25545,7909
24620,7932
24620,8309
24620,9820
29075,7909
24620,7710
24620,8339
11010,8035
49010,4673
26420,8286
26420,7710
26420,8302
26420,8339
26420,8628
67971,8382
31238,2211
31237,2100
51920,6589
58740,5784
19020,8628
19101,8500
11043,8511
19020,8345
19101,8628
11043,8500
19020,8511
19101,8345
26035,7760
26035,8309
26035,8345
26035,9820
11012,8209
26035,7710
26035,8302
26035,8339
49507,3991
35761,5300
11042,7925
C19IP2,8036
59513,5425
C19IP2,5425
49080,7499
UO71,5425
47605,5423
26410,7933
29075,8286
26410,7923
58700,6551
C19IP2,4575
25085,8043
23615,7760
23615,8309
23615,8345
23615,9820
23615,7710
23615,8302
23615,8339
23615,8628
11011,4610
44144,8309
44144,8345
44144,9820
11011,4579
11011,4613
44144,8302
44144,8339
44144,8628
27750,8417
27590,7906
50578,5521
50578,5523
50578,5539
50578,8773
50578,9227
50578,9645
50578,9649
II249,_
09946,_
39530,5380
57280,7077
49509,5440
27286,7735
27286,8121
45330,1739
27250,125
27250,124
27227,125
61312,7975
27227,124
61680,9357
61340,3953
61680,8628
61340,9357
16010,3953
61680,124
61340,8628
28298,7759
28298,7798
61050,101
25611,9357
16010,7912
32663,639
76942,3121
C19IP4,5423
C19IP4,5411
43220,4265
43352,4679
47490,4292
43108,4211
43220,5101
43352,4242
47490,4265
43352,4211
58740,4543
45382,6589
58740,4523
50785,5674
21360,7760
21360,8309
21360,8345
21360,9820
21360,7710
21360,8302
21360,8339
21360,8628
49505,5390
68110,9822
65210,1031
68110,1200
43235,8345
62270,2263
62270,299
61580,331
62270,2110
62270,2264
C19IP2,139
61305,3995
61305,3893
26370,8628
49587,5421
51860,5341
55040,5349
49651,5781
49587,6310
51860,5300
55040,5421
49651,5341
IMP02,9971
IMP02,9903
CT19T1,_
11044,7903
26600,8659
12031,7760
12031,7903
26600,7760
35761,8309
35761,9820
11012,3800
54440,8628
11043,6498
54440,8345
36430,4675
44605,9971
20610,8309
26121,8192
64721,8394
11012,8396
11011,8235
20610,8662
20610,7760
64721,8309
64721,8191
11012,8192
11011,8394
64721,8662
11011,460
20610,479
20610,8339
11011,8191
26121,8394
64721,8396
11011,8662
20610,8684
26121,460
20610,8302
64721,8339
20610,9820
26121,8191
64721,8192
11012,8394
11011,8396
20610,8235
64721,8684
11012,460
11011,479
20610,7710
64721,8302
20610,8345
64721,9820
11012,8191
11011,8192
26121,8396
64721,8235
11011,8684
20610,460
26121,479
64721,7710
11044,6849
58150,8345
11044,6561
58150,7760
36011,4525
44120,4513
36011,5423
36011,4685
36011,4562
36011,4513
43235,4562
36011,4563
43235,4563
36011,4590
36011,5411
45300,6849
58150,4824
45300,6561
62223,160
61500,233
36488,4029
50230,3893
36488,3807
44603,8628
11043,4673
44603,8345
26250,7764
45355,5423
49000,4522
45355,5411
IN200,_
27514,8036
11000,9829
50395,5749
50947,5600
51050,5631
51050,5674
52337,5731
50947,5719
51050,5522
50947,5631
51050,5731
50947,5522
51050,5600
50947,5732
52337,5674
44950,4011
58943,4709
58825,6599
44950,7360
59409,4709
44950,7359
61512,8628
19160,8544
19240,8523
19160,8543
69530,2042
69530,2059
58145,5423
58145,5411
43235,5110
75952,4525
43260,4685
43235,3971
45378,8839
75952,5110
43260,4513
18010,_
IA,7932
IA,7783
IA,_
61314,4319
25337,7760
25332,8302
25337,8339
25332,8345
25337,9820
25337,7710
25332,7760
25337,8309
25332,8339
25337,8628
25332,9820
11012,8175
25332,7710
25337,8302
25332,8309
25337,8345
20600,8628
50045,5501
27503,8302
C19IP4,3891
C19IP4,3808
59300,_
67350,1501
65175,1671
DD24,_
C19IP2,8076
43820,9901
43239,9901
36450,4514
69635,8628
11043,1860
11043,2021
11043,2099
69635,8345
11043,1940
54901,6383
32820,3479
27158,7739
66180,1266
66992,1699
66180,1240
12035,7760
12035,8309
12035,9820
12035,7710
12035,8302
12035,8339
27253,8095
65870,1289
65285,1232
65870,1159
ZZ370,7360
ZZ370,7359
WO128,_
28001,8345
32000,8628
32000,8345
SO19,_
49560,5810
49560,5860
49560,6094
49560,8929
52601,5351
48120,5222
52000,9971
52000,9903
47000,5136
26910,7934
11010,3952
31225,4040
21044,2220
31225,4021
21044,4040
38724,2220
31225,7769
21044,4021
43632,4685
43234,4370
43632,4525
43632,4513
27870,8017
28705,8385
28705,8047
27870,8385
27612,8111
28705,8017
27870,8047
50590,5504
50081,9851
50590,5503
50590,5521
10060,8192
10060,8396
20610,8604
10060,8191
10060,8394
44602,8345
27664,8314
10060,8403
11041,8604
10060,8401
26910,8604
21470,7949
21432,7676
21445,7949
08090,_
29355,7935
29355,7815
27360,7860
67445,1601
58720,4562
12001,8908
12001,9449
27635,8345
80702,7360
80702,7359
80702,_
21935,_
45378,8339
21935,4685
76986,8339
21935,4525
44020,3995
43235,4502
44388,4513
44141,4525
44020,3893
44388,4502
44141,4513
90935,4572
44020,4610
44388,3995
44141,4502
44020,4572
44388,3893
44141,3995
36488,4502
44020,4525
44388,4610
44141,3893
90935,4502
44020,4513
44388,4572
96410,9604
96410,_
96410,3892
33249,3721
93508,3794
31508,3892
31508,_
67581,1662
67581,1664
15576,8628
15576,8345
49255,4011
58200,4709
25020,8302
25020,7932
25020,7760
25020,8339
25020,9820
25574,8314
25020,7710
25020,8309
14060,7676
21470,8689
20902,7933
26615,7800
20902,7923
27405,7760
11012,8146
27405,7710
21025,8345
52000,5502
52000,5501
32815,3342
22810,8309
22810,8345
22810,9820
11011,8129
22810,8302
22810,8339
22810,8628
11011,8017
28525,7934
26735,7938
28525,7924
38100,8309
38100,9820
11012,4150
38100,7710
38100,8302
38100,8339
38100,8628
60240,4685
43234,640
60240,4525
45378,640
60240,4513
52614,5310
52614,5300
50630,5502
50605,5620
50630,5501
50605,5502
50605,5501
27659,8309
27659,8345
27659,9820
28052,8018
50220,9925
46050,8345
46050,9903
36430,4901
46050,9971
28456,7818
27200,7909
11011,9359
49520,6230
29405,7907
28470,9353
77141,_
20902,7935
27511,7800
20902,7815
74480,9971
51040,5980
51860,8839
36010,5717
52204,5781
C19T1,5733
52000,4840
44388,4850
51040,4525
51860,9903
36010,9971
52204,5980
45112,8839
C19T1,5717
52000,5781
36430,5733
74480,4840
51040,4850
51860,_
36010,5732
52204,4525
45112,9903
44388,8839
36430,5717
74480,5781
51860,5733
36010,4840
52204,4850
45112,_
C19T1,5732
44388,9903
51040,8839
36010,5781
52204,3893
45112,5733
C19T1,4840
52000,4850
44388,_
74480,4525
51040,9903
51860,9971
36010,5980
52204,8839
45112,5717
C19T1,5781
44388,5733
36430,4840
74480,4850
51040,_
51860,5732
36010,4525
52204,9903
45112,9971
C19T1,5980
44388,5717
36430,5781
74480,3893
51040,5733
51860,4840
36010,4850
52204,_
45112,5732
C19T1,4525
44388,9971
C19T1,4850
52000,_
44388,5732
74480,9903
51040,9971
36010,8839
52204,5717
45112,5781
52000,5733
44388,4840
74480,_
51040,5732
36010,9903
52204,9971
45112,5980
C19T1,8839
52000,5717
44388,5781
74480,5733
51040,4840
36010,_
52204,5732
45112,4525
44388,5980
74480,5717
36010,5733
52204,4840
49200,6551
58140,5440
49200,6539
58940,5440
49200,6829
42440,4040
38724,2630
42440,4021
43269,5251
43269,5293
48150,9755
43269,5136
43269,5296
43268,9755
43269,4370
43269,5270
41520,5310
99460,6310
49496,2559
41520,_
99460,5300
41520,6310
99460,2559
49496,_
41520,5300
47562,5641
50225,5123
47562,5551
49320,8604
44950,5421
49320,_
44950,8604
36430,5421
49320,9971
49320,9903
10140,5421
49320,4709
C19T1,4575
58300,7252
59411,6970
94608,_
24665,7909
24620,7783
27514,7809
27610,7935
20956,7936
27514,8017
27524,3999
27610,7809
33615,3571
33615,3594
32660,3731
29425,7936
29425,7819
27307,8312
45355,5498
36566,4522
POO2,_
44152,4685
45378,4582
27236,9353
27507,9353
27524,9353
29355,7760
27502,8381
27381,7905
27502,8364
31231,9357
16010,2121
29345,125
36450,9353
61313,9901
29345,124
61313,9353
29345,9901
11043,7851
61320,9901
29355,7860
11000,9622
11000,4823
45303,8628
32020,3349
26140,8074
44602,8309
44602,9820
11011,4673
44602,8302
44602,8339
44602,8628
26358,8302
26358,8345
26358,8014
26358,7710
26358,8309
26358,8628
26358,7809
26358,7760
26358,8339
26358,9820
26080,7809
26358,8286
23660,7760
23660,8309
23660,8345
23660,9820
23660,7710
23660,8302
23660,8339
23660,8628
26591,7760
26591,8309
26591,9820
11012,8289
26591,7710
26591,8302
26591,8339
43360,4289
43360,4429
43360,4469
51065,3893
28540,7979
58200,6813
58100,4011
58200,6711
24900,8314
11011,8407
24495,8345
FP001,9903
FP001,9971
32120,5423
32020,3403
32120,5411
49000,3403
32120,3409
JG83,_
44316,8309
44316,8345
44316,9820
11011,4622
44316,8302
44316,8339
44316,8628
28585,7925
24635,8309
24635,9820
24635,7710
24635,8302
24635,8339
49020,5459
64776,407
64776,8339
64776,8401
26910,7933
26615,407
64776,7710
64776,8345
26910,8286
26615,8401
64776,8403
64776,7760
64776,8628
64776,7923
26410,407
64776,8302
64776,9820
26410,8401
64776,7933
64776,8309
64776,8286
26410,8403
29405,7938
28525,9353
27033,8345
29365,8192
29365,8396
29365,8191
29365,8394
52450,5421
49650,6000
52450,5300
69840,2062
12006,7760
12006,8339
12006,9820
99256,8659
12006,7710
12006,8309
12006,8907
12006,8302
12002,8907
27814,8907
59525,9971
49509,4639
65273,9822
65210,1060
65273,1200
21143,7760
21143,8309
21143,8345
21143,9820
11012,7646
21143,7710
21143,8302
21143,8339
21143,8628
23600,8628
11043,7901
23600,8345
66940,1475
67051,1359
66940,1474
26474,8388
26474,7934
26735,8388
26474,7924
27443,8076
27443,8086
27443,8147
15120,8332
15120,8382
75710,3808
34201,8848
37182,5136
49000,5251
43255,5270
43261,3910
43268,5411
48150,5423
37182,4233
49000,4443
43259,5214
43261,5293
37182,5251
49000,5270
43255,5296
43259,3910
43261,5411
43268,5423
48150,4233
37182,4443
49000,8874
43255,5214
43261,4370
37182,5270
49000,5296
43255,3910
43259,5411
43261,5423
43268,4233
48150,4443
37182,8874
49000,5214
43255,5293
37182,5296
49000,3910
43255,5411
43259,5423
43261,4233
43268,4443
37182,5214
49000,5293
43255,4370
43255,5423
43261,4443
48150,5214
37182,5293
43255,5136
48150,3910
37182,5411
43261,8874
43268,5214
37182,4370
49000,5136
43255,5251
43268,3910
48150,5411
37182,5423
49000,4233
36568,4579
11010,5459
15200,8345
75722,8845
29405,7848
28322,9353
29405,7809
11044,8430
24925,7760
24925,8628
11044,8407
24925,8345
CR467,_
42762,_
55700,6097
53852,6011
55700,6021
25263,3991
35761,8388
25263,3800
48148,5162
54640,6200
54560,6250
54640,5411
92093,_
58720,4030
58720,6869
67700,889
67840,809
67700,820
11010,7933
58150,6549
59120,6849
49509,6230
SO18,_
32650,3420
32655,3460
32650,3221
32655,3420
32602,3421
11060,_
27880,8382
94644,_
12044,7760
12044,7923
29085,7933
12044,8309
12044,8286
12044,7710
12044,9353
29085,7923
12044,8302
12044,9820
12044,7933
12044,8339
94644,3995
40652,8628
11043,2759
40652,8345
11041,3880
37618,9357
11000,3880
11041,9357
16010,3880
21620,7789
27310,7925
21386,7809
21366,7679
21386,7672
20225,7855
27358,7745
64719,460
64719,479
67038,1452
UO71,7936
UO71,7817
11011,125
C19IP1,7759
11043,8037
38740,8544
38740,8543
27220,7749
20225,7905
27220,7745
47600,8753
43258,9803
43500,4341
43500,4533
43258,4300
43500,4530
44130,3995
90935,4590
61313,3893
36568,4709
36568,5781
C19T1,7815
27535,9971
C19T1,7817
27535,_
C19T1,7936
27535,9903
36430,7817
49000,8753
43200,8753
47610,5411
BO984,_
50551,5521
50551,9645
50551,9925
96408,5521
50551,8773
96408,9645
50551,9649
21127,7691
21127,7849
58300,5423
58300,5411
59514,5423
49000,6970
59514,5411
27536,8314
27894,7936
27536,407
20690,8314
76942,4675
44604,_
76942,6849
58740,4675
44604,6589
76942,6589
76942,6561
11100,6813
58100,8611
11100,6711
66761,1289
65280,1212
66761,1159
36488,5523
90935,5539
36488,9227
44320,9357
16010,4610
44320,5425
36450,6651
58943,5425
66625,1452
11011,8030
24101,8302
24101,8339
94002,9604
94644,9604
51920,8544
19240,5784
51920,8543
11000,7430
59136,8628
49000,5540
C19IP1,3409
49588,4590
44120,5341
49588,6561
58720,5341
44120,5349
49588,4562
49588,4563
44310,4590
44140,4620
44310,4572
61616,160
61616,212
LEFT,_
EII5,_
43263,5294
43264,5115
43263,5188
20661,294
20661,295
28496,7932
25515,8382
25515,7819
28496,8332
58140,9971
58140,9903
99256,8152
27506,8907
99256,7925
11010,7817
27395,8385
11011,9357
24640,7932
24665,7972
24640,7783
21408,1663
21408,7679
24495,8407
24900,3803
27846,7817
11000,8446
96440,3491
96440,9925
59513,4610
43235,4639
44389,4513
44130,4513
23462,8196
58700,9357
16010,6840
CR4698,_
C19T2,5498
C19T2,3995
58760,5423
49000,6679
58760,5411
27840,7936
27792,7977
27840,7817
II611,_
62270,139
61156,331
44372,5423
43235,9608
44372,5411
49000,9608
94002,_
94644,7499
94644,6639
94002,3893
44206,8628
11042,1735
ZO32,_
44950,5061
44950,4461
47350,4709
44950,4442
C19IP4,5810
C19IP4,6029
C19IP4,8929
C19IP4,5860
C19IP4,6373
C19IP4,5850
C19IP4,6094
65285,7935
27514,1159
66987,9821
65275,1341
32486,3210
32486,3249
32486,3348
15734,4685
55101,8332
45378,8382
36200,3891
66150,1371
66987,1261
66150,1341
27823,7859
27823,9359
27823,8199
94644,3893
15934,8630
27052,9351
27258,8035
27052,8152
29325,8035
27052,7985
ZII5,_
55700,6270
54520,6011
55700,6230
99460,1425
67228,1471
67025,1425
67228,_
36488,9645
50553,3893
50553,3995
90935,9649
50553,5502
50553,5501
43241,3893
48153,4513
43235,9607
31603,5136
43241,5296
48153,3110
43235,5251
31603,5270
43241,5411
48153,5423
31603,4513
43241,5251
43235,5296
36821,8843
36800,8857
93556,3929
36821,3993
36800,3956
36821,8857
36800,3929
93556,3993
36821,3956
36800,8843
29880,8192
29880,8076
33870,3699
33510,3958
33870,3611
33510,3599
33870,3958
33863,3611
33870,3599
33510,3699
33870,3961
62464,126
62464,159
62464,390
65710,1371
66987,1162
65710,1341
31201,2169
31235,2263
31020,2219
30130,2220
31201,2161
31235,2169
31020,2263
30130,2219
31201,2220
31235,2161
31020,2169
30130,2263
31201,2219
31235,2220
31020,2161
31201,2263
61538,124
OZ44,_
44970,5349
49587,4701
44970,5341
57454,6829
58558,7021
57454,6816
58558,6712
76936,3393
32420,_
36488,3393
32420,3995
90935,3393
76936,3995
32420,3893
C19IP1,3393
76936,3893
32420,3393
36825,8669
IMP01,3993
50220,8839
75989,5641
50220,5501
50040,5641
50220,5502
75989,5551
49582,_
11044,8199
27295,9820
11010,8418
31500,9901
36450,9604
26750,9357
16010,7904
53210,5717
53210,5839
23145,7771
23145,7760
23145,8628
11044,7771
23145,7801
23145,8345
27510,7760
27510,8309
27510,8345
27510,9820
27510,7710
27510,8302
27510,8339
51920,4911
45303,5784
51920,4823
C19IP3,4543
36488,4341
58950,5423
58950,5411
21344,7929
23172,8309
23172,8345
23172,9820
11011,7701
23172,8302
23172,8339
23172,8628
45005,4610
44310,4613
44144,5400
45005,4620
44310,4579
45005,4613
44310,5400
44144,4620
45005,4579
44310,4610
11000,8689
52283,5732
52283,9923
44960,6651
44005,5136
49507,5151
47612,5459
11012,8430
24925,7710
24925,8302
24925,8339
32020,3451
32225,3409
24125,7763
24125,7803
36430,7926
27784,9971
27784,9903
44960,4563
22800,8345
11000,7851
11000,7731
10060,5459
27524,9344
20650,9829
27524,8152
29365,9344
29365,8152
20650,9353
27524,7810
20650,8016
27506,9829
29365,7810
27524,9829
27506,9353
27331,9344
27506,8016
29365,9829
27331,8152
27331,7860
OO9,_
GA109,_
25240,7783
26508,8219
12002,5423
12002,5411
44380,4685
44380,4525
26706,7933
25620,7819
44389,5980
44389,5732
44389,3409
11000,4461
11000,4442
49000,6840
59525,5411
49255,5361
49561,5440
49255,5351
27652,9353
65205,881
65205,1060
12020,_
30128,3995
12020,3995
30128,_
OO69,6849
OO69,6561
OO69,_
22843,8051
63003,7859
22843,7789
63003,8051
63040,7859
22843,309
63003,7789
44005,7499
59514,5459
26449,8211
26449,8391
77418,3893
15100,9971
16035,9903
36430,8669
66180,1474
67040,1699
66180,1424
61600,160
31622,3323
31631,3324
31622,3199
24435,9353
29065,7809
66852,1289
65280,1342
67040,1370
66986,1424
27091,7760
27091,8309
27091,9820
11012,8005
27091,7710
27091,8302
27091,8339
27091,8628
11043,8601
10160,8345
27750,7860
38205,9979
45380,3893
44204,4513
36488,1739
45380,1739
44204,3893
43235,1739
11403,4912
47000,8630
55700,_
46275,6011
11403,4911
47000,4912
55700,8630
11403,6011
47000,4911
55700,4912
46275,8630
11403,_
47000,6011
55700,4911
36450,6813
58100,9901
36450,6711
93508,3995
90935,3721
90935,3639
29450,8628
29450,8345
50075,_
C19IP2,5501
50075,5732
27893,8309
11043,2749
11043,7631
41155,8345
11011,2181
12055,8309
12055,9820
11011,1840
11011,2751
11011,881
12055,8302
12055,8339
12055,8628
26546,7804
26546,7844
26546,7854
47563,9971
36430,5123
55060,8628
11043,6120
55060,8345
23156,7772
23156,7802
26445,8211
26445,8391
11000,8417
27590,407
27894,8417
27590,8314
27130,7760
27130,8309
27130,8345
27130,9820
11012,8151
27130,7710
27130,8302
27130,8339
27130,8628
SO17,_
61692,3953
26615,7925
27506,7933
26615,7815
26615,8152
27506,7923
37618,8364
28270,3880
37618,8048
32658,8309
32658,8345
32658,9820
11011,3712
32658,8302
32658,8339
32658,8628
27049,8382
21387,7679
24586,7935
24586,7815
19100,3491
49080,8511
19100,3404
32020,8511
19100,3409
32002,8511
19100,5425
FATTYLIVER,_
11043,8541
19180,8345
90935,160
61500,3995
99432,7360
59409,9929
59409,9959
99432,7359
59409,9933
37207,3990
CR022,_
57270,6561
58152,7092
57270,7052
25040,8309
25040,9820
25040,7710
25040,8302
25040,8339
44146,3893
50240,4579
C19IP1,4594
75989,4610
44146,8839
C19IP1,5511
75989,3893
50020,4579
36488,4594
16010,6200
54700,9357
16010,6392
54700,8628
SO1,_
90935,6097
53852,3995
90935,6021
ZO3,_
ZOE8,_
11042,9357
59151,7430
59136,6563
59151,6839
27250,9353
27514,7975
29345,7975
61440,8401
26951,124
61440,407
26262,7769
11011,7715
49509,6250
21139,7646
44310,4685
50947,4620
51920,5674
45378,5731
44310,5980
50947,5784
51920,4525
51920,5731
44310,5784
50947,4525
51920,4685
45378,4620
44310,5674
51920,5980
45378,5784
50947,4685
51920,4620
45378,5674
44310,5731
54420,6498
51920,5631
29325,8319
27036,7985
27253,9351
29325,8045
27036,8095
27253,8319
27036,9351
27253,8045
29325,8095
44950,6639
58600,4011
58943,6639
58600,4709
27301,9971
36430,8303
27301,9903
50572,5521
50572,5980
50572,8773
50572,9645
50572,9649
25272,8302
25272,7932
25272,7760
25272,8339
25272,9820
25620,8388
25272,7710
25272,8309
64713,8628
64713,8345
23405,8342
49000,5029
47362,5061
47362,5423
42802,2912
11010,7813
38300,9604
36430,4000
38300,9971
31500,4000
38300,9903
57210,7360
59409,7071
57210,7359
27513,294
27513,9788
27513,7860
11010,8415
11010,8446
25151,7783
25151,7760
25151,8309
25151,8345
25151,9820
11012,7783
25151,7710
25151,8302
25151,8339
25151,8628
25611,7925
29345,7749
20225,9353
29345,7745
31780,3179
52276,3995
36011,5641
49255,3893
49255,5551
36011,5440
46255,4911
26433,8284
46700,4685
45378,4979
46700,4525
11000,4450
43860,8628
11000,4389
61626,2211
31237,9929
61626,2121
43269,4543
43239,9755
43269,4523
43269,4514
45385,9755
43269,4542
32601,3961
33427,3421
32601,3524
31030,2169
30801,2239
31030,2132
46270,8672
46288,4911
09152,_
66940,1269
66170,1359
66940,1264
02449,_
25530,8309
25530,9820
25530,7710
25530,8302
25530,8339
54690,9357
16010,6230
54690,8628
33475,3526
96408,4400
75600,8842
MP01,331
62270,3893
IMP01,331
MP01,3893
IMP01,3893
50060,5980
51045,5501
50060,5719
33220,3775
11040,3991
11040,3800
21325,8628
11043,2172
21325,8345
24600,7932
24600,8499
25526,7972
24600,7819
45235,_
45235,4685
45235,4525
29075,8403
29075,8401
28124,8345
11011,7929
27766,8302
27766,8339
75901,3893
75901,3995
36488,8839
15758,2749
28022,7760
28022,8345
28022,7710
28022,8339
28022,9820
28022,8302
54640,5732
31600,639
11043,407
24352,8090
24685,8314
24352,7932
24685,8090
24352,8314
28210,8381
12013,7817
27792,8309
27792,9820
27759,8659
12013,7936
27792,8659
11010,7902
61501,8309
61501,8345
61501,9820
61501,8302
61501,8339
61501,8628
CI91P1,_
54550,6270
54520,6200
54550,6230
43268,5294
43264,5293
59100,9971
C19T1,6800
59100,_
36430,6800
C19T1,7491
43259,8753
47605,8874
28005,7760
28005,8309
28005,8345
28005,9820
11012,7719
28005,7710
28005,8302
28005,8339
28005,8628
50845,6829
31622,9357
16010,3324
31622,8628
58540,6639
59100,6949
58540,7491
58600,6949
58540,6800
61510,3893
35472,3950
32664,529
90035,_
33970,3766
11010,7840
11010,8444
49201,5122
33025,3409
31603,3712
32659,3409
33025,3110
32020,3712
32659,3110
58670,6639
07500,7360
07500,7359
07500,_
50575,6840
59525,5521
59525,5631
59525,8773
59525,9649
50575,6839
59525,5620
59525,5732
59525,9645
52318,5850
52276,5700
C19IP1,8659
C19IP2,8403
67961,2759
40527,8671
36488,7360
28820,3121
59409,8411
36488,7359
31600,7360
59409,3121
31600,7359
28820,7360
59409,3893
31600,8411
28820,7359
C19IP4,3803
34101,_
36488,3803
C19IP4,3805
23530,7981
32020,125
61312,3409
32020,124
38542,6813
58100,4021
38542,6711
28675,7937
28485,7989
50570,5980
51045,8773
50590,9645
50570,5719
51045,9851
50570,8773
51045,9645
50590,9649
50553,5719
50570,9851
51045,5521
50570,9645
51045,9649
50590,5719
50553,9851
50570,5521
50590,8773
50570,9649
45825,4610
45825,5843
50610,5631
50610,5980
50610,5522
23800,8123
27745,7810
C19IP1,6970
XA,7925
23500,9357
12013,9357
38102,4590
44140,4150
38102,4572
15240,8401
27752,8669
26952,7906
15240,407
27752,8401
26952,8669
15240,7906
27752,407
44204,5423
44005,1739
44204,5459
44204,5411
49000,1739
25525,8302
27245,7805
27245,7775
IMP02,5498
TO23,8345
29405,7905
27827,7815
TO23,7925
27502,7817
27506,_
TO23,7760
TO23,9820
27502,9353
29405,7815
27827,8152
TO23,7817
27502,_
TO23,8309
27827,7905
TO23,9353
29405,8152
TO23,_
44206,4709
44950,1735
44345,4685
44005,4525
44141,4643
45378,5459
44345,3893
44345,4525
44005,4685
44345,4572
44141,4685
65775,1179
43235,8628
11043,4513
13003,_
C19IP3,7760
C19IP3,8669
27510,8192
27510,8396
20610,7905
27510,8191
27510,8394
90997,_
90997,3893
49425,4610
49000,5494
49425,5423
44320,5494
49425,5411
38770,6869
58150,6869
49505,5423
C19IP3,4709
C19IP3,5300
49505,5411
C19IP3,5310
49505,3893
29065,8314
24495,9353
29065,3803
28175,7789
41130,8339
28045,2520
41130,8332
80920,_
36430,3805
34101,9971
36430,3803
34101,9903
JI893,_
60240,9199
88332,640
60240,8908
88332,9199
58661,7499
57100,5423
44188,7024
57100,5411
44188,5423
49000,7024
57100,4610
44188,5411
58943,4563
44120,4011
44120,6551
28305,7738
28305,7809
44378,4610
44320,4443
15574,9357
16010,8670
15574,8628
27514,7710
27514,8302
27514,8339
19180,8595
19357,8541
15937,7760
15937,8309
15937,8345
15937,9820
15937,7710
15937,8302
15937,8339
15937,8628
58720,4011
62180,1940
61320,2049
62223,2099
69641,220
62180,124
60522,3893
27610,9357
16010,8017
43260,5136
61702,3721
93508,3951
61702,3639
43243,3893
50040,4513
43243,_
50040,4233
43243,5502
77421,4233
43243,5501
43235,5502
43243,4513
43235,5501
51705,_
NDZ37,_
26205,7764
26205,7804
14041,9357
27827,7760
27827,8345
46288,4685
45378,4973
57200,6970
57200,7360
58300,7071
57200,7359
SO99,_
31600,331
61340,3893
31600,233
62270,9604
61340,3121
61312,233
61512,3121
61340,331
61340,233
62223,3121
61340,9604
62270,3121
31600,9901
36450,3121
36011,5498
49010,5521
49010,5631
49010,8773
49010,9649
49010,5620
49010,5732
49010,9645
GOO9,_
28107,7929
27766,7769
36488,4593
44205,4525
58822,6551
44005,6591
58822,6539
44950,6591
58822,4709
58940,6591
58822,5459
59407,_
35131,3893
24685,8444
36450,8544
19240,9901
36450,8543
24566,8185
24587,7852
24566,7929
56501,7360
59409,7180
56501,7359
28666,7760
28666,8309
28666,8345
28666,9820
28666,7710
28666,8302
28666,8339
28666,8628
46600,8309
46600,8345
46600,9820
11011,4921
46600,8302
46600,8339
46600,8628
28470,7925
47900,5151
47420,5179
47900,5104
21407,8628
11000,1669
25620,8036
11000,7814
29405,7939
11010,8381
61690,3953
99460,9608
44500,_
C19IP1,9608
51080,5700
31500,5423
49000,9604
31500,5411
ZZ354,_
27752,7933
27752,7923
11000,4563
12006,2751
12006,1840
12006,881
12006,2181
RO20,_
38900,_
44388,4575
27130,8154
27447,8151
27130,8147
16010,8684
26597,9357
32020,3452
32652,3409
32020,3339
26125,8235
26125,8662
26125,8684
11040,9357
11040,8546
19200,8628
11040,8545
49201,5423
49201,5411
CO900,_
37074,_
80046,_
15740,7760
15740,8309
15740,9820
15740,7710
15740,8302
15740,8339
15740,8628
49650,4562
44140,4563
CR014,_
58800,6591
34502,3959
28465,8309
28465,9820
28465,7710
28465,8302
28465,8339
64836,3952
35045,8286
64836,3843
26350,3952
35045,430
64836,8286
26350,3843
58952,4610
43235,5440
45378,6529
58952,4525
44320,5440
43235,6561
58952,3893
58952,4513
43235,6529
58952,4685
36488,5440
44320,6529
11000,6200
47361,5423
49000,5000
45020,4824
11043,5400
45020,8628
45300,5400
45020,8345
60512,650
60270,695
60512,639
10180,8628
10180,8345
26952,9971
12041,7759
XA,2211
30310,_
XA,2121
31237,_
XA,9812
IZ301,_
JO39,_
27827,8309
27827,9820
75980,5423
44310,8754
75980,4620
49000,8754
44310,8839
75980,5411
59513,4709
44960,7499
45378,8191
43255,8394
20610,4233
20610,4685
43255,8191
43255,8396
20610,4443
43255,8192
45378,8394
22548,7789
22548,8129
NO38,_
44005,8754
47620,5459
NM321,_
45300,4590
45300,4572
44140,4824
43217,4233
38760,6561
35286,8309
35286,9820
11011,3957
35286,8302
35286,8339
II20,_
11042,6392
54820,8628
11042,6301
25150,7760
25150,8309
25150,8345
25150,9820
25150,7710
25150,8302
25150,8339
25150,8628
66982,1212
66761,1330
36825,8192
90935,8394
11011,6430
54130,8302
54130,8339
54130,8628
32002,66
92982,3491
76942,66
92982,3404
32020,3891
34201,3409
32020,3806
29405,7759
31294,2219
31294,442
43200,3402
32100,4223
43200,3328
CO7,407
42415,_
CO7,2929
CO7,_
96408,4850
45110,9925
96408,4610
36450,5425
49060,9901
49080,9901
36450,5419
88332,6561
58720,8908
45330,5980
45330,5732
58720,5980
45330,6561
58720,5732
27422,8319
27823,7710
27823,8302
27823,8339
27823,8628
14174,_
59505,_
52649,5980
44140,4639
44130,4563
44120,4572
44120,4639
44140,4562
44130,4572
44130,4562
76080,8839
67228,1459
67108,1425
67228,1449
C19IP2,4461
C19IP2,4442
C19IP2,4543
C19IP2,4533
43258,4523
C19IP2,4542
C19IP2,4530
45385,4533
43258,_
C19IP2,4523
27329,8036
44901,_
21337,8309
21337,8345
21337,9820
11011,2171
21337,8302
21337,8339
21337,8628
25270,7924
45330,4620
LCSC,_
28116,7789
56405,_
36430,7109
56405,9971
NSD01,7109
56405,9903
50395,5423
50395,5411
49420,8192
36640,8396
32020,5419
20610,3893
49420,3891
36640,8191
32020,8192
49420,8396
36640,3893
20610,3409
49420,8191
36488,8192
36640,8394
32020,8396
20610,5419
36640,3409
32020,8191
49420,8394
36488,8396
36640,5419
20610,3891
49420,3409
36488,8191
36640,8192
32020,8394
44960,3995
90935,4709
12053,8628
12053,8345
32002,4632
44373,9925
32000,4632
44373,3491
32000,4513
96408,4632
44373,3404
27245,7749
20225,7935
27245,7745
26665,7912
25611,7814
11044,8381
26412,7760
26412,8628
26412,8345
50976,5539
50976,5620
50976,5631
50976,5633
50976,8773
50976,9646
50976,9649
36450,7430
59135,9901
25611,7810
20690,7912
45100,4610
49000,4923
45100,5423
44320,4923
45100,5411
16010,5411
49000,9357
29888,8036
24516,7933
26615,7840
26615,8444
24516,7923
11043,8407
54560,5310
26952,7932
OO349,_
54520,5339
49553,6230
14020,7760
14020,8309
14020,9820
14020,7710
14020,8302
14020,8339
15953,7789
15953,8630
27712,7730
49585,_
96567,3892
36510,9983
NEC,_
54344,5845
54344,5849
54344,8670
65805,1274
66710,1291
65805,1273
12031,8669
15120,8659
49201,5732
53442,9769
12002,7360
12002,7359
38500,5423
36450,8839
75989,6561
38500,6849
75989,4011
38500,9901
38500,8839
36450,4011
75989,6849
38500,5411
58150,8839
75989,9901
38500,6561
59514,3893
36450,7499
59514,9901
24155,8092
24155,7760
24155,8309
24155,8345
24155,9820
11012,8092
24155,7710
24155,8302
24155,8339
24155,8628
36011,6270
54520,3893
36011,6230
45100,4575
44143,4923
31600,3491
27880,3121
C19IP4,8415
31600,3404
27880,3491
32002,8415
27880,3404
32002,3121
31600,8415
11043,3891
34111,8345
58740,5419
58740,5425
54430,6498
54318,5846
25545,7842
38505,5423
44320,4011
38505,5411
38505,4610
C19IP1,5440
27507,7745
26478,8255
62223,159
90935,3949
35876,3995
NSD,6970
33585,_
61615,160
31600,4370
42804,3121
49000,2912
42804,4370
43632,2912
42804,5423
43632,3121
31600,2912
42804,5411
49495,4610
54535,4613
44144,5310
36488,6230
49495,4579
54535,4610
44144,5300
54535,6310
44144,6230
49495,3893
54535,4579
54535,5310
36488,6310
49495,6230
54535,3893
49495,4613
54535,5300
44144,6310
49495,5411
11012,8076
27334,7710
27334,8302
27334,8339
44320,4572
44140,4610
11000,7785
50220,5122
HH360,_
61321,233
19367,5361
49560,8572
19367,5351
92944,3721
92944,3639
92944,_
15100,7815
MP01,3995
IMP01,3995
UO71,5423
12032,9357
25301,8345
RECTALCANCER,_
IMP01,7360
29345,8192
29345,8396
20600,9353
29345,8191
29345,8394
44300,4442
43840,4525
44300,4685
49320,4461
44300,5421
45378,4442
44300,5411
44300,4461
43840,4685
44300,4513
43840,5421
44300,4525
49320,4442
45378,4461
44300,5423
44320,5421
27238,7935
27248,7905
27238,7925
23466,7932
44140,4579
44140,4613
44144,4572
27882,3952
35142,8417
27882,3848
27594,8415
35142,8628
27882,8417
11000,3848
27594,3952
35142,8415
27882,8628
27594,3848
35188,8401
26951,3953
35188,407
23466,7939
23515,8196
23466,7929
66680,1371
66987,1239
66680,1341
49080,8309
49080,8345
49080,9820
11011,5425
49080,8302
49080,8339
49080,8628
43118,4241
43118,4255
43118,4350
24515,3409
24586,8012
27245,8030
24101,7935
11044,3409
32020,8012
25600,7935
27514,7902
C191P1,7360
C191P1,7359
20900,7932
24665,7800
20900,7783
43235,4131
66930,1289
65285,1319
66930,1159
11011,8670
32035,5061
47350,7791
32035,4442
43840,7791
32035,4461
47350,3409
49585,4701
60240,6849
58150,640
60240,6561
27335,8302
27335,9820
27335,8345
27335,7760
27335,8339
27335,7710
27335,8309
94002,3995
25515,7934
26735,7932
25515,7924
21930,8628
21930,8345
50130,9971
49060,5511
50130,9903
36430,5511
50130,5419
11401,8235
11000,8684
11041,8684
11401,9357
26121,8630
11000,8235
11041,8662
11401,8628
26121,9357
11041,8235
16010,8662
11401,8684
11041,8630
16010,8235
11401,8662
28420,9353
20225,9903
66984,1212
28114,7788
23100,8011
23100,8031
50590,4685
45378,9851
50590,4525
42890,2220
38724,2933
42890,4040
31225,2933
42890,4021
76932,_
49557,5329
49557,5339
94002,7499
C19IP2,8689
14060,_
C19FRP,8689
11765,8345
31575,2080
90935,3142
69420,3995
31575,2009
90935,2080
69420,3142
31575,3995
90935,2009
44005,9646
52005,5459
11000,8546
11000,8545
50040,5512
50040,5587
50040,5689
50405,5501
50040,5570
C19IP4,4543
C19IP4,4523
45382,_
54435,6498
48153,5411
43101,4239
09950,_
26727,7815
27506,8286
26410,7819
26727,7905
26410,7815
26727,7925
27502,8152
27506,7819
26410,7905
26410,7925
26727,8152
27502,8286
26410,8152
26727,8286
27502,7819
49561,5459
31575,5294
43264,3142
31575,5188
15736,8544
15736,8543
31051,2131
31051,2212
31051,2252
MZ370,_
11442,8544
19240,8630
11442,8543
44155,5423
36488,4582
51040,8309
51040,9820
11011,5717
51040,8302
51040,8339
27097,8385
11000,8609
11041,3893
11041,9820
11041,8339
16035,3893
11041,8309
25020,3893
36488,8609
11040,8314
11041,8345
11040,8609
28800,8699
14350,8412
28800,7756
28008,_
C19IP3,8314
21407,7859
21337,1669
21337,7672
21337,7679
21407,7672
21337,7859
21365,1669
47510,8839
75980,5198
47510,8754
P0001,9971
P0001,9903
50500,5411
43820,5581
49000,5581
50500,3409
32020,4439
43820,4442
50500,5423
32020,5581
43820,3409
43840,4439
50500,4439
43820,4461
23615,7939
23615,7929
32480,3402
32020,3249
32124,3409
32480,3339
32124,3249
32480,3409
56631,4030
56631,7162
C19IP2,6813
C19IP2,6711
47100,8753
C19T1,8753
47610,5012
21502,8345
61512,9901
41120,8669
38724,2520
41120,3121
38724,8332
15756,2520
41120,4021
32151,3893
36450,3310
32151,9901
36488,3310
36488,6880
11000,479
11012,3482
12031,7710
39501,8302
12031,8339
39501,8628
36011,7499
59514,3995
C19IP4,7499
54861,6340
26591,7934
26735,8289
26591,7924
59512,_
27786,7760
27786,8309
27786,8345
27786,9820
27786,7710
27786,8302
27786,8339
27786,8628
LO039,_
DEU08,_
ICDCO9,_
27125,7979
29065,8152
27125,7819
27125,9353
25525,8152
27125,7932
26670,7760
26670,8309
26670,8345
26670,9820
26670,7710
26670,8302
26670,8339
26670,8628
11011,407
28820,8314
44960,9622
45303,5459
44960,4823
44005,9622
45303,4709
44005,4823
11041,4999
46715,8628
11041,4979
38724,639
43244,5425
49080,4233
44960,4720
74340,9608
27514,9829
47721,5423
36430,5132
31622,9903
49000,3324
31622,4439
47721,9971
43820,3324
31622,5411
27610,7929
20692,7933
26615,7810
20692,7923
49900,7710
44602,3893
11012,5461
49900,7925
67036,1269
06644,_
11044,2559
41112,7760
41112,8628
11044,2510
41112,8345
PO829,_
61314,7975
27848,7810
27848,8037
15100,7989
27620,7989
27848,8669
27848,8017
36488,5600
52337,3995
36488,5522
52337,3893
26405,_
IE785,_
23540,8628
11043,7971
23540,8345
UO7ICO,_
59514,6651
45020,8672
46288,5400
45020,4973
60491,_
67121,1473
65810,1460
67121,1472
47740,5136
32020,8659
12031,3409
66180,1490
67041,1699
62230,3893
31600,242
11043,4311
62230,8628
74350,242
11043,3121
62230,8345
74350,3893
11043,242
62230,4311
74350,8628
36488,242
62230,3121
74350,8345
11000,5061
11000,3886
ZZ208,_
ZZ208,3995
37720,9357
16010,3889
37720,8628
67036,1452
25515,7971
23665,7924
23665,7932
26735,7971
25575,7934
23665,8628
25575,7924
23665,8345
25575,7971
23665,7934
22595,8129
50040,5749
52235,5501
44900,6529
58925,4720
47600,4461
43840,5122
47600,4442
51920,5749
55250,6340
54840,6373
55250,6320
51920,5440
43135,2932
24136,7860
24136,7703
94002,3110
31603,9604
94644,3110
15934,640
60254,8630
15934,4040
32555,_
32551,_
12016,7859
12016,7672
45110,5425
IH408,1269
66155,_
IH408,1262
IH408,_
11040,7934
11040,7924
76942,5980
76942,5732
76942,9925
43264,5185
43262,5188
46230,4823
46275,9622
11000,4685
45378,4823
45303,4525
46275,4685
45378,9622
45303,4685
46275,4823
11000,4525
AO9,_
20805,8423
29405,8332
29405,8382
29405,8669
C19IP3,4443
C19IP3,4233
12035,9901
12016,8628
12016,8345
SO18,8309
SO18,8345
SO18,9820
SO18,8302
SO18,8339
SO18,8628
SUTURINGOFWOUND,_
11720,7934
26765,8627
11720,7924
CR317,_
24500,7925
C19T1,8570
19366,_
27893,8381
27659,407
27893,8364
27659,8314
47300,4514
45378,5021
47300,4685
43239,5021
47300,4525
36825,8628
33015,3893
11043,3712
36825,8345
36488,3993
33015,3995
36825,3712
33015,3993
36825,3893
33015,8628
11043,3993
36488,3712
33015,8345
25685,7929
35471,3950
31615,5498
C19IP4,3321
31615,9604
90945,3321
61575,299
43235,3491
43235,3404
44202,_
99460,4562
23490,7939
23515,7851
23490,7929
24515,9353
27535,7931
29345,7931
47000,5122
16616,_
JI89,_
76986,3995
44900,5440
38770,6651
44900,4030
58943,4720
38770,4011
38770,6551
44900,6651
58943,4030
38770,4720
44900,4011
44900,6551
28160,8098
25260,7760
25260,7710
27590,4530
UTI,_
46255,5810
46255,5860
46255,6094
46255,8929
52601,4946
46255,5732
46255,5850
46255,6029
46255,6373
27720,8345
90935,5733
90935,9227
52250,3995
90935,5823
UO7,_
88331,6561
27893,7760
49525,5440
44604,4590
44620,3886
47360,4650
44620,5061
99460,3780
33208,_
99460,3772
65780,884
67961,1689
65780,8671
25600,7949
29075,407
26951,9353
58552,9971
36430,6871
58552,5411
32020,4195
27506,3409
38115,7815
32020,7925
36810,9971
36810,9903
36430,8192
36430,8396
20610,9903
27823,7860
27823,7810
27823,9344
20650,7819
11606,9971
11606,9903
90835,_
90925,3995
09035,3995
36488,3953
C19T1,3953
35190,3995
90935,3953
35190,3893
43235,4400
43638,4513
43235,4350
52000,6849
52000,6561
29874,8086
29874,8396
29874,8191
29874,8192
28272,8048
FP001,9901
50592,5533
35161,3995
35646,3925
75710,3805
34101,8849
75710,3803
75710,3891
34101,8848
44950,5361
49560,4709
44950,5351
36215,3891
11044,8388
25270,9353
49080,3880
44602,5419
49420,3880
37617,4673
44602,3880
37617,5419
37617,5425
50240,9901
36450,5540
67975,884
67961,869
67975,8671
49525,6400
43235,7935
27513,3893
43235,7815
27513,4513
11000,8699
11000,7756
49495,6270
JK440,4443
JK440,4233
JK440,_
60271,4040
27880,5411
27245,7925
AZ380,_
24670,7760
24670,8345
24670,9353
24670,8302
24670,8628
24685,7902
24670,7932
24670,8309
24670,9820
24685,9353
24670,7710
24670,8339
46230,4921
26952,8659
12004,8401
12004,407
24155,9357
16010,8092
19101,8521
19120,8511
12044,7903
99460,4525
12005,9357
10140,6561
58952,8604
10140,5440
51550,7499
36430,5760
51550,_
C19T1,5760
51550,9971
59513,5760
51550,9903
32110,9971
C19T1,3402
32110,_
36430,3349
27502,9971
36660,7905
99460,3891
27502,9903
36660,9971
99460,7905
36660,9903
27502,3891
36660,_
65235,1371
66987,1200
65235,1341
60252,8544
19240,4040
19240,640
60252,8543
19240,639
44010,5136
15100,6430
54130,8669
15100,4024
52450,5310
28445,7929
44604,5459
23101,8011
23101,8031
23101,8091
MCO01,_
27650,7925
58740,6840
58740,6839
59525,6589
45378,8840
75726,4685
44320,8840
75726,4525
50948,5674
26437,8628
11043,8299
26437,8345
27592,9357
XD,_
11462,8628
11462,8345
16010,4912
46280,9357
16010,4911
16010,4993
44141,7021
11012,4610
43234,7710
45331,7760
58720,8302
57454,8309
44141,8339
50040,9820
43234,5501
45331,5502
58720,4513
57454,4525
44141,6561
11012,7021
50040,4572
45331,3893
58720,7710
57454,7760
44141,8302
50040,8345
43234,8628
45331,9820
58720,5501
57454,5502
11012,6561
50040,6712
43234,7021
57454,3893
44141,7710
50040,8309
43234,8339
45331,8345
58720,8628
57454,9820
44141,5501
11012,4513
50040,4525
43234,6561
45331,6712
58720,7021
57454,4572
50040,7760
43234,8302
45331,8309
58720,8339
57454,8345
11012,5501
44050,5310
49507,4680
44050,5300
29065,7860
27468,8345
11042,6270
54520,8628
11042,6230
36145,3942
36832,3895
36145,3800
47562,4530
11770,4823
46255,8621
11770,4543
45317,8621
11770,4946
46255,4543
29838,8302
35860,8082
27603,3806
29838,7710
35860,8302
27603,8082
29838,3806
35860,7710
28120,7760
28120,8309
28120,9820
28120,7710
28120,8302
28120,8339
49505,3995
28103,7769
28103,7809
CI9CI,_
61010,8609
61010,9357
61010,8628
61010,_
61522,1940
61522,2099
61522,1860
61522,2049
22810,4513
63266,8129
45378,340
22810,4685
63266,4513
45378,8129
43235,340
22810,4525
63266,4685
43235,8129
22810,340
63266,4525
52510,6095
16010,6970
58300,9357
58300,8628
36815,3893
52332,3993
36815,5980
36815,5732
31500,5061
47130,9604
47360,5030
31500,3886
47130,5061
47360,9604
31500,5030
47130,3886
47362,5000
47362,5029
47362,3893
C19IP4,8037
27620,_
C19IP4,8017
38032,_
27226,7860
24320,8381
24320,8628
24320,8388
23585,7931
11012,4563
44120,7760
11012,4562
11012,4590
44120,7710
27062,8350
24935,9999
14020,8659
12035,8689
66994,1474
27640,7760
11012,7780
27640,7710
NONEW,_
26357,7760
26357,8309
26357,9820
11012,8251
26357,7710
26357,8302
26357,8339
11042,8036
43865,9971
36430,4389
36430,4450
43865,9903
36430,4400
49320,8659
49320,5061
47350,5421
12032,5421
36430,9829
27331,9971
36430,8016
36430,8036
27331,9903
25620,7842
25620,7931
62268,331
60220,9357
16010,620
60220,8628
14020,9357
27759,7934
27759,7924
CR003,_
26700,7989
26700,7922
49562,4563
44120,5361
49562,4562
49562,4590
44120,5351
29820,8071
MM953,_
43605,4461
43840,4415
43605,4442
44140,7760
11044,4572
44140,8345
27146,7739
26676,7902
25600,7814
52334,3893
52334,3995
66270,_
32661,3731
15732,3893
32100,3249
32480,3328
23515,7924
MP01,7360
MP01,7359
28415,9357
51040,5810
51040,5860
51040,6094
51040,8929
52601,5717
51040,5850
51040,6029
51040,6373
44310,4439
43860,4709
45380,4389
43820,4525
43860,4439
45380,4620
43820,4389
44310,4450
44960,4525
43820,4620
44960,4389
66830,1371
66987,1365
66830,1341
15350,8541
19162,8669
15350,8544
19162,8541
15350,8543
27882,7760
27882,8309
27882,9820
27882,7710
27882,8302
27882,8339
44603,5440
44310,4673
49255,4620
49255,4673
44603,4620
UO71,8302
C19IP2,8309
UO71,8628
C19IP2,9820
25900,_
UO71,7710
UO71,8339
UO71,8405
66982,1341
34101,8628
64830,3803
11043,3805
34101,8345
11043,3803
64830,3891
34101,479
64830,3805
34101,407
12014,7976
27550,8659
12044,7976
36510,3491
36510,3404
32002,3892
11042,5421
43653,8628
11042,4319
11043,8018
90935,8659
15931,3995
90640,_
25575,7936
25575,7817
25525,8309
25525,9820
25525,7710
25525,8339
21347,7760
21347,8309
21347,8345
21347,9820
21347,7710
21347,8302
21347,8339
21347,8628
LO240,_
26261,7769
26261,7710
26261,8302
26261,8339
26261,8628
C19IP1,6813
C19IP1,6711
27125,3780
33208,8152
27125,3772
50947,4610
45331,4613
44144,5731
33918,3799
11043,8544
19240,8345
61510,9901
PO410,_
11730,8628
11730,8345
SQ19,8345
SQ19,_
20245,3893
32405,7742
49000,7745
36488,7749
20245,3326
32405,5411
32405,7745
49000,7749
36488,3326
20245,5411
32405,5423
36488,7742
32405,7749
49000,3326
20245,5423
32405,3893
49000,7742
36488,7745
11043,8033
11403,4901
11403,4993
45300,8630
46060,4824
11403,4873
45300,4901
45300,4993
46060,8630
11403,4824
52310,5600
C19IP4,3420
32602,9604
C19IP4,3320
31500,3420
31500,3320
44950,7499
12002,8382
15738,8659
12002,8669
12002,8332
C19IP4,5425
42440,4685
43235,2630
42440,4525
45378,2630
42440,4513
CR096,_
25900,8662
XD,8684
26123,8405
XD,8235
25900,8684
XD,8405
26123,_
25900,8235
XD,8662
61546,4311
45378,233
61546,4685
61313,4311
45378,125
43246,233
61546,4525
61313,4685
62223,4311
45378,124
43246,125
61546,233
61313,4525
62223,4685
43246,124
61546,125
61313,233
62223,4525
27530,8192
47560,3995
24665,407
52318,5810
52318,5860
52318,6094
52318,8929
52318,6029
52318,6373
27386,7935
27514,8381
27386,7815
94002,3409
27220,8345
52310,9649
51065,5700
52310,5995
52310,8773
52310,9646
52310,5719
58210,3491
ST,_
47562,9971
47562,9903
23650,8628
23650,8345
12018,8302
12018,8345
25500,8185
24587,7902
25500,7929
26080,8401
26951,8014
26080,407
67414,125
61313,1609
38102,3409
32020,4150
44310,8628
76942,5459
32020,4620
44620,_
49560,3409
36488,4650
11000,5361
44620,5459
49560,4620
11000,4650
44310,5361
49560,8628
11000,_
44005,3409
44310,4650
76942,5351
32020,5361
44620,3893
11000,5459
44310,_
76942,3409
32020,4650
44620,5351
76942,4620
44620,3409
49560,4650
76942,8628
32020,5459
44620,4620
49560,_
11000,5351
44620,8628
11000,3409
44310,5351
76942,5361
44310,3409
76942,4650
32020,5351
44620,5361
49560,3893
44310,6849
45111,4620
58951,4869
44310,4030
45111,5440
45111,6849
58951,4620
44310,4869
45111,4030
45111,6561
28485,7810
20692,7937
36145,4513
45380,3895
36145,4525
45380,3995
43235,3895
29881,7760
29881,8309
29881,8345
29881,9820
29881,7710
29881,8302
29881,8339
29881,8628
43520,9357
16010,4330
43520,8628
49080,5029
49080,5099
47361,5425
49080,5061
11041,8152
11041,7815
25575,8152
11041,7932
44322,4923
46606,4610
25545,7902
25600,9353
27759,7939
31605,3402
50970,5631
50970,8773
50970,9646
50970,9649
OPAT9,3995
OPAT9,_
67715,851
54620,6352
31367,3029
26597,8662
26525,8684
26123,8670
26597,8099
26525,8235
26525,8670
26123,8099
26597,8235
26525,8662
75726,8843
47000,8857
93556,3893
75726,3995
47000,3956
36488,8843
90935,8857
93556,8840
47000,3893
90935,3956
75726,8857
47000,8840
93556,3995
75726,3956
47000,8843
36488,8857
93556,_
75726,3893
47000,3995
36488,3956
28020,7907
28470,8018
65775,1371
65775,1341
33025,9901
36450,3712
21244,7710
21244,8302
21244,8339
21244,8628
26392,8004
26392,8381
DEZ20,_
57505,_
20225,7860
20650,7749
20225,7810
20225,9344
20650,7745
32160,3409
32160,3791
IJ189,_
24600,9357
16010,7972
CIP19,_
IE119,_
31032,2263
31000,2231
31237,2200
31000,2219
31254,2231
31032,2200
31000,2121
54860,6340
27030,8345
29055,7931
16010,4525
44322,8628
11043,4525
44322,8345
11041,4525
44322,9357
11042,4525
11041,4610
12018,7760
12018,8309
12018,9820
12018,7710
12018,8339
12018,8628
42107,2731
42107,2769
42107,2773
42107,2779
15200,7760
15200,8309
15200,9820
15200,7710
15200,8302
15200,8339
15200,8628
49525,5423
47420,5425
58180,3893
58180,5411
11040,8401
11040,407
27826,7939
27826,7929
27792,7939
23515,7817
49000,5099
47361,5411
12014,2751
12014,1840
12014,881
12014,2181
KO47,_
36011,5810
36011,5860
36011,6094
36011,8929
36011,5732
36011,5850
36011,6029
36011,6373
11043,353
55110,7925
25560,7925
21195,7643
67040,1359
66940,1424
58270,7052
67040,1449
67040,1455
67107,1424
67040,1452
35556,8669
15100,3929
27259,7985
32606,3422
32606,3425
32659,_
C19IP3,3712
ZO83,_
43750,3995
43750,3121
NOO9,_
52601,6270
52606,5732
52606,5860
52606,6373
52606,6270
52606,5850
52606,6094
54520,6373
52606,6230
52606,5810
52606,8929
23552,7939
23585,7771
31717,3324
31717,9605
15350,7710
ZA491,_
24685,7939
24685,7929
26494,8256
47562,5424
34282,_
32095,9971
36430,3249
32095,9903
32480,9971
32095,3249
32480,9903
69511,125
61315,2042
69511,124
26350,7923
NIONE,_
67430,1601
65265,1610
67430,1402
65265,1601
67430,1610
26510,8258
25215,8073
25105,7784
25215,8013
25215,7784
31500,8394
67040,1371
66987,1424
43825,9971
43611,4400
44005,4342
43825,5423
43611,5459
43611,9971
49000,4400
44005,4439
36430,4342
43825,5411
43611,5423
43611,4439
49000,4342
43825,5459
43611,9903
44005,4400
43825,4342
43611,5411
11041,9971
27792,9903
11041,9903
27792,9971
50392,6270
54520,5512
50392,6230
52234,5502
50040,5831
52234,5501
65093,299
26735,7925
27506,7934
26735,7815
26735,8152
27506,7924
26990,8401
26951,8115
26990,407
COMPRESSIONFRACTUREL3,_
27310,7810
44364,4513
44364,4514
44364,4530
33420,3502
29085,8073
25105,9353
26727,7934
26727,7924
90935,5294
43264,3995
90935,5188
44020,5349
49588,4502
44020,5341
11043,8699
14350,8345
27230,8309
27230,8345
27230,9820
11011,7905
27230,8302
27230,8339
27230,8628
39200,3430
76942,8570
19162,_
43632,4439
43633,3893
32020,4370
43633,4439
43840,4370
43633,5423
43632,4461
43633,5411
43820,4370
43632,4442
43633,4461
43632,3409
43633,4442
43633,3409
43632,3893
49495,5149
47700,5310
11000,7749
20225,8628
11000,7745
C19IP1,3993
93510,3961
41874,3722
33405,2450
93510,3522
41874,3961
33405,3722
93510,2450
41874,3522
75820,3780
33207,8867
75820,3776
27766,8309
27766,9820
27816,7925
CRO16,_
58940,6839
58180,6551
58180,6539
11000,8037
11000,8017
21627,650
60271,7769
21627,639
25491,8628
11043,7813
25491,8345
42892,8628
11043,2999
42892,8345
27310,8152
27514,8152
CU071,_
27385,4563
29846,8083
29846,8175
47562,6829
58943,4590
44140,4011
58943,4572
46900,4946
45378,4939
46900,4685
46250,4939
46900,4525
96445,5491
50785,9925
43235,5674
49201,4513
96445,5440
50785,5491
49201,5674
96445,4513
50785,5440
43235,5491
96445,5674
50785,4513
49201,5491
96445,9925
20670,3121
20670,3780
75989,7860
33207,8839
20670,3776
33207,3893
36488,3776
33207,7860
20670,8839
33207,3121
31600,7860
10060,3893
47100,4439
47350,5012
43255,5061
47100,4443
47350,4439
43255,5012
43820,5061
47100,4233
47350,4443
43820,5012
47100,5061
47350,4233
31225,8382
31200,2263
32020,5029
39540,5099
47361,3409
36488,5380
39540,5000
39540,3409
32020,5380
39540,5029
32020,5099
39540,3893
47361,5380
32020,5000
39540,5061
49605,5459
21501,8628
21501,8345
ANCO2,_
26615,7939
23515,7923
58925,6816
43262,8753
47605,5185
44010,5423
44005,4501
43234,5459
44010,5411
43234,4501
44389,5459
44010,4525
43234,5423
44389,4501
44010,4513
43234,5411
49000,4501
44010,5459
44005,4513
20225,3326
35473,3950
92980,8839
75954,3606
92980,3979
32000,9901
61313,3491
32000,3121
47712,5169
47712,5179
99460,4679
21510,7719
45305,5980
52332,4824
45305,5732
26720,7935
27514,7904
26720,7815
57250,7359
28825,_
15931,8411
C19IP4,8659
28825,3121
15931,_
C19IP4,8630
28825,8659
28825,8630
41006,2700
23044,7760
23044,8309
23044,8345
23044,9820
11012,8011
23044,7710
23044,8302
23044,8339
23044,8628
C19IP4,4542
27250,7925
15734,4040
21556,8382
38724,8669
21556,4021
21556,8669
15734,4021
21556,4040
38724,8382
66894,1371
66894,1330
31643,3323
32002,9605
31643,3491
32020,3323
31643,9605
31643,3409
32002,3323
32020,9605
31643,3404
21330,7925
21330,7815
21330,8152
27506,2172
NONOE,_
11012,5253
48140,7710
48140,8302
48140,8339
48140,8628
27501,7935
28675,8036
36488,4675
90935,4675
11042,4675
44604,8628
44604,3995
44604,3893
11402,4590
44625,8630
11402,5459
11402,4650
44005,8630
11402,4562
24545,9903
27600,7860
24545,9344
27600,9903
24545,9971
20650,8314
27590,7931
27600,9344
24545,8417
24545,8314
20650,7931
27600,8417
11044,9903
11044,9971
27600,7931
24545,7810
27600,7810
24545,7860
47600,9901
47360,5122
36450,3886
47360,9901
36450,5122
47600,3886
68530,949
90935,4449
43501,3995
90935,4441
63047,8129
31590,3198
35546,8628
11043,3925
35546,8345
27524,7974
26676,7810
27524,7814
27530,7974
20692,7906
27530,7814
29345,7974
26676,7906
27530,7810
29345,7814
20692,7974
26676,7936
27524,7906
20692,7814
29044,9353
22212,7739
11010,8382
11010,8332
46250,9357
46250,8628
11043,5502
61312,8345
96408,5760
51580,5671
50948,5779
51580,5674
50948,5671
51580,5779
C19IP2,8382
27470,7936
27535,7845
27470,7817
52612,9971
52612,9903
32000,5423
49000,3491
32000,5411
65265,1371
66987,1402
65265,1341
31032,2220
25126,7763
25126,7803
49000,3328
50010,3482
50500,5501
11012,5581
32110,7710
32100,7760
49000,8309
49010,8339
39501,8345
50010,8628
11012,3349
32110,7760
32100,8302
49010,8345
50010,9820
50500,3349
11012,3402
49010,3482
39501,5501
50010,5581
50500,7710
32110,8302
32100,8309
49010,8628
39501,9820
50010,3349
50500,3402
32110,3328
32100,5411
49010,5501
39501,5581
50010,7710
50500,7760
32110,8309
32100,8339
49010,9820
39501,3349
50010,3402
11012,3328
32110,5411
32100,5423
49000,5501
49010,5581
39501,7710
50010,7760
32110,8339
32100,8345
49010,3349
50010,3409
50500,3328
11012,5411
32110,5423
32020,5501
49010,7710
39501,7760
50010,8302
32110,8345
32100,8628
49000,3349
49010,3402
50010,3328
32110,3482
32100,5501
49010,7760
50010,8309
32110,8628
32100,9820
49000,3402
50010,5411
32110,5501
32100,5581
49010,8302
39501,8309
50010,8339
32110,9820
32100,3349
49010,3328
50010,5423
50500,3482
32110,5581
32100,7710
49010,8309
39501,8339
50010,8345
28340,7849
28825,8349
12046,9353
28340,8659
28825,7849
29405,8349
12046,8411
28340,9353
29405,7849
12046,8349
28340,8411
28825,9353
12046,7849
28340,8349
47780,4439
47741,5499
47760,4439
15732,9820
C19IP2,4563
47562,4590
44120,5123
47562,4562
43260,4563
11044,8099
63081,7760
63081,8628
11044,309
63081,8345
25600,7859
21365,7902
25600,7672
MCP00,_
69310,2049
24545,9353
69720,1930
69720,2042
11646,4040
38700,8630
14041,4029
38724,8689
11646,4021
38700,4040
14041,8630
38724,4029
11646,8689
38700,4021
14041,4040
38724,8630
11646,4029
38700,8689
14041,4021
C19T1,7979
25520,_
C19T1,7902
61320,379
63741,125
61320,3893
36488,371
63741,3893
61320,371
36488,379
63741,124
36450,3808
11044,8192
11044,8396
11044,8191
11044,8394
23480,7929
C191P1,5423
C191P1,5411
36820,3995
57282,7077
26145,7760
11012,8233
26145,7710
100/1,_
31610,125
61313,3129
31610,124
FP001,390
62360,_
27151,7735
27151,7739
HOO1,_
48100,5423
47720,5212
48100,5411
47720,5423
36450,5212
48100,4439
47720,5411
43820,5212
49000,5132
48100,9901
49000,5212
48100,5132
47720,9901
44125,4513
43235,5459
44125,4590
11044,9901
49255,4030
58662,7499
39501,7929
27766,3482
39501,7819
27566,7986
27558,7929
27566,7819
27566,8146
27558,7796
65410,1122
27305,8628
27305,8345
14061,9357
14061,8628
44143,4685
45378,4575
46250,9622
11042,4946
45303,4311
46250,4823
11042,9622
36488,4946
45303,3893
46250,4311
11042,4823
36488,9622
43246,4946
46250,3893
11042,4311
36488,4823
43246,9622
43246,4823
44140,6849
58120,4572
19160,4590
44140,8523
19160,6849
58150,4572
22802,9357
16010,8129
22802,8628
31800,9605
43410,3171
44310,4282
31600,4620
31645,3121
31800,3323
43410,9605
44310,3171
31600,4282
31645,4620
31800,3121
43410,3323
44310,9605
31600,3171
31645,4282
31800,4620
43410,3121
44310,3323
31600,9605
31645,3171
31800,4282
43410,4620
44310,3121
64704,479
50900,4610
44143,5682
50900,4575
50900,5682
20828,_
20692,7731
23480,7810
11043,7731
20692,7851
23480,8345
58825,6561
58150,6599
58825,9903
58825,6849
36430,6599
58825,9971
42820,2211
42830,2830
31237,2860
42820,2121
42830,2211
31237,2830
42820,2860
42830,2121
URTI,_
C19IP2,6970
31256,2080
69421,2219
31256,2009
33463,3522
93545,3514
33430,8857
33405,3524
93545,3522
93545,3961
33430,3522
33405,3514
33463,8857
93545,3524
JI891,_
31375,3029
65865,1269
46275,4946
50955,5631
50955,5633
50955,8773
50955,9646
50955,9649
75625,8842
61313,4319
15572,8669
15100,8670
15572,8345
11042,8630
IO821,_
NSD01,9604
26426,8286
26426,7760
26426,8309
26426,8345
26426,9820
26426,7710
26426,8302
26426,8339
26426,8628
52310,5733
52204,5700
47721,5411
47120,711
45111,729
28810,8699
14350,8411
28810,7756
42225,7760
42225,8309
42225,8345
42225,9820
11012,2762
42225,7710
42225,8302
42225,8339
42225,8628
27513,7905
63709,309
63005,359
58558,6849
58150,6816
61613,3861
EII6,_
CCR46,_
C19IP2,5502
29405,7906
28490,8309
28490,8345
11011,7908
28490,8302
28490,8339
44206,4590
44140,1735
25525,7933
26615,7819
26615,7979
25260,479
25248,8388
25248,9353
64830,8388
25260,7702
64830,9353
25260,407
25248,479
29075,7702
25248,407
64830,7702
11403,2181
11403,8659
65870,1371
66987,1232
65870,1341
67049,1371
66987,1380
NSD01,3893
NSD01,3995
25575,7860
27497,8628
11040,7859
11040,7672
CI9IPI,_
44160,5423
49000,4593
44160,5411
11040,7939
11040,7929
12011,7939
24515,8659
11040,7931
12011,7929
12011,7931
29075,7929
12011,9353
C19IP3,4341
68100,1479
67027,1021
68100,1472
28531,7939
27502,9829
27502,8036
27502,8016
26641,8628
26785,8013
29075,7974
26070,7989
26641,9353
26641,8345
29075,8013
11044,7974
26070,7984
26641,7989
26641,8013
26785,7974
26641,7760
11044,8013
26070,7974
26641,7984
C19IP4,8345
C19IP3,5641
44602,3995
50220,4673
C19IP3,5551
44602,_
C19IP3,4673
44602,5641
90935,4673
44602,5551
90935,5440
RO90,_
12034,9357
C19FRP,6639
68500,920
36430,7092
58270,9903
MULTIORGANFAILURE,_
47420,5459
27604,8628
27604,8345
26951,3891
34101,3995
28406,8345
94003,3893
94003,_
94003,9604
45382,4613
43239,5760
44144,4543
51550,4514
45382,3893
43239,4579
51550,4579
45382,4610
43239,4613
44144,4523
51550,4543
51550,4613
45382,5760
44144,4514
45382,4579
43239,4610
44144,5760
51550,4523
UI072,_
NJ185,_
94946,_
28555,7760
28555,8309
28555,9820
28555,7710
28555,8302
28555,8339
26735,7989
26685,7924
23615,7936
23615,7817
26500,8271
67027,1490
67041,1479
C19T1,8411
28820,_
27880,9353
27880,8446
61106,124
52305,5620
52305,8773
52305,5521
52305,9649
50040,5719
52305,5502
52305,5631
52305,9645
52305,5501
26010,8345
36568,4542
10140,4542
33502,3699
49501,9971
36430,5300
36430,6310
49501,9903
36430,5310
31256,2161
31255,2169
31256,2119
31255,2219
30130,2119
31255,2161
10060,5631
10060,5980
52335,8604
10060,5522
10060,5732
43830,3893
49900,3121
11042,5461
49900,4319
11042,3121
61313,5461
49900,3893
36488,5461
43830,8628
49900,125
43830,5461
49900,124
31600,5461
36589,5498
52700,6000
22610,8129
43244,4525
27536,8036
45382,4593
44160,4514
65280,1359
C19IP2,5459
44960,_
27217,8628
80970,7360
80970,7359
80970,_
32402,3409
32002,3424
32402,3491
32020,3424
32402,3404
27822,7859
27822,9359
27822,8199
61330,8345
11044,1609
61330,8302
61330,9820
61330,8628
11011,1609
61330,8309
61330,7760
61330,8339
36488,3699
33863,3893
36488,3599
36488,3958
35226,8628
35226,8345
CATBITE,_
MO69,_
11011,3952
35142,8302
35142,8339
25900,3891
34111,8405
25900,3803
64840,430
58210,5980
58210,9646
C19IP1,5980
C19IP1,5732
C191P2,9971
25676,7925
60254,9199
88332,4040
46250,4912
27301,4946
46275,8303
46250,4911
27301,4912
46250,8303
27301,4911
43122,4513
49000,4241
43234,4252
43122,4350
43122,5423
43234,4241
49000,4350
43234,4429
43122,5411
43122,4241
49000,4252
43234,4350
93556,3952
35081,3956
35081,8857
93556,3844
35081,8843
36488,1341
36830,1371
67039,3993
36488,1424
36830,1474
67039,1371
66987,3893
36488,1371
36830,3893
36488,1474
36830,1341
67039,3893
66987,3993
36830,1424
CI9T2,_
28171,7788
45300,8659
55101,4824
11043,6100
55101,8659
12035,6100
12035,4824
45300,6100
55101,8345
50546,_
50060,5502
62270,3421
32651,331
62270,3252
16010,8030
31575,4513
45378,3142
31575,4685
43235,3142
31575,4525
36450,7759
59411,9901
59612,7252
59411,7759
59612,9901
36450,7252
49320,4850
45110,5421
C19IP3,6561
44143,6849
C19IP3,4575
C19IP3,6849
58150,4575
44143,6561
26034,8302
49561,5411
49585,5423
49561,5423
49585,5459
49585,5351
49561,5349
49585,5411
36510,5492
49606,3892
36510,5349
38510,8628
38510,8345
48510,5423
49000,5201
48510,5411
11100,4525
43255,8611
11100,4443
45330,8611
11100,4233
25931,8403
26350,9353
21387,1289
65280,7679
21387,1159
LO24,_
11011,5423
29075,5423
SO11,7859
SO11,7672
44500,5423
44500,5411
27513,7810
26860,9357
16010,8128
49020,9971
49020,9903
17280,8630
25600,8284
26432,7902
49521,5732
49521,5850
49521,6029
49521,6373
HGS4,_
76942,9903
77418,7021
77418,6712
62272,212
77261,9901
96408,9335
67222,9925
96408,1459
52335,3893
36450,5522
36450,5631
52335,9901
33750,8345
67121,1269
64713,7931
11042,8839
75962,3893
11042,3950
75962,3995
C19IP3,3950
75962,_
36488,3950
25230,7783
26686,9357
16010,7984
26686,8628
45303,5498
C19IP4,4823
90945,4823
26420,8381
77421,9903
77421,9971
21365,7925
21365,8152
27506,7672
32665,4270
27665,9353
27076,5339
49550,7769
27076,5329
52500,8773
52500,5719
52005,5749
52500,5980
52500,9649
51050,5749
52500,5732
52500,9646
27301,7860
38500,9971
36430,4011
38500,9903
47100,5310
32405,4513
43255,3326
43234,4443
32405,4525
45380,3326
32405,4443
43234,3326
32405,4233
27443,8154
27447,8076
32020,9925
C19IP2,3404
43847,4439
43847,4495
OI01,7759
OI01,7360
OI01,_
52240,9971
36430,5831
52240,9903
36430,5749
C19IP2,8411
C19IP1,139
61150,_
14040,7933
26615,8689
14040,7923
52310,4029
C19IP2,5551
50230,_
52310,3807
C19IP2,4029
52310,5641
C19IP2,5700
50230,5732
C19IP2,3807
52310,5551
C19IP2,5641
50230,5700
43235,5294
43264,_
43235,5188
76942,5294
43264,4513
76942,5188
43239,4443
43246,4523
43255,4542
45380,4311
45383,4233
43246,4443
43255,4514
45380,4523
43246,4543
43255,4311
43239,4233
43255,4523
45380,4543
45383,4311
43246,4233
43246,4542
43255,4543
43239,4311
45383,4443
43246,4514
27365,7935
27513,7769
27365,7815
19366,8628
11043,8570
19366,8345
35372,3818
45910,9622
28606,7760
28606,8309
28606,8345
28606,9820
28606,7710
28606,8302
28606,8339
28606,8628
UO17,_
44180,5136
61202,_
61202,331
52330,6849
29345,8388
29345,8149
43234,5551
45380,722
50545,4513
45380,4030
43234,722
43234,4030
45380,5551
27130,7860
C19IP4,3892
C19FRP,7360
C19FRP,7359
11102,_
44143,8628
11000,4575
27601,8628
12004,8314
27601,7760
27601,8659
12004,7760
27601,8345
12004,7669
69222,8659
12004,2041
28200,8659
12001,8388
49554,5329
49554,5339
66682,1474
67052,1682
66682,1370
66682,1682
40490,2169
11312,2723
30801,8609
40490,2132
11312,2169
30801,2723
40490,8609
11312,2132
29823,8628
29823,7710
26951,5784
51920,407
DIALYSIS,_
27295,7760
27295,8309
11012,8418
27295,7710
27295,8302
27295,8339
12034,9353
27005,8313
25675,7974
26676,7909
25675,7814
20690,8417
49080,8382
59513,7491
59100,7499
59513,6800
26727,8403
26910,7819
43261,8839
75980,5214
43261,8754
24600,7783
22802,7760
22802,8309
22802,8345
22802,9820
22802,7710
22802,8302
22802,8339
46050,9623
46604,4901
CR308,_
11010,7932
11011,2630
11011,442
61590,8309
61590,8345
61590,9820
11011,124
11011,299
11011,7699
61590,8302
61590,8339
29345,7902
25500,9353
27750,7902
25500,7906
49000,4265
43108,5423
49000,4242
49000,4679
43108,5411
21041,2181
41830,2751
41850,881
12011,7769
12051,2450
21041,2440
41830,8659
41850,1840
21041,881
41830,7769
41850,2450
12011,2440
21041,1840
41830,2181
41850,2751
12051,7769
21041,2450
41830,2440
41850,8659
21041,2751
41830,881
41850,7769
12011,2450
12051,2440
21041,8659
41830,1840
41850,2181
27591,7760
27591,8309
27591,8345
27591,9820
27591,7710
27591,8302
27591,8339
27591,8628
61514,_
C19IP1,8405
11011,8405
43840,8753
44005,4442
47605,4461
43840,5459
44005,4461
47605,5459
47605,4442
76986,3404
66770,1241
21862,_
37201,3893
37201,_
37201,9910
10140,3808
34201,8604
10140,3891
C19IP2,8604
10140,3806
10145,_
C19IP1,5492
49085,_
10145,5492
21125,7849
CR025,_
31622,9605
31645,3324
26585,8289
76986,233
62223,_
C19IP2,331
C19IP2,233
76986,331
49507,5421
49651,5310
49420,5369
49570,_
49420,5359
C19IP3,5369
49570,5419
C19IP3,5359
33216,3776
27507,7985
27147,7935
27507,7739
38300,8628
11043,4000
38300,8345
49522,5440
67025,1460
67121,1471
27310,8047
16010,8154
59153,_
11000,7646
33512,3961
33405,3613
33512,3522
26952,9353
23930,7760
23930,8309
23930,8345
23930,9820
11012,8604
23930,7710
23930,8302
23930,8339
23930,8628
50040,3409
32020,5502
11044,3805
44640,8309
44640,8345
44640,9820
11011,4679
44640,8302
44640,8339
44640,8628
66984,1269
66170,1330
58960,6589
58740,4030
58720,5419
38770,6589
49255,6589
31600,4341
61516,3121
43244,3893
31600,4233
61516,4341
43244,125
61516,4233
61510,4341
43244,124
61516,3893
61510,4233
43244,3121
C19IP1,4513
1MP02,_
21356,2181
21356,8659
16010,5104
47480,8628
52337,8773
52005,5600
52337,9646
52005,5631
52337,9649
52005,5522
38760,5310
49505,4024
38760,5300
OO829,_
58600,4850
58600,5760
66180,1371
66987,1699
66180,1341
NN185,_
49020,3893
12002,5459
C19T1,8659
44005,8659
44361,5294
46260,8382
52325,4029
52332,5551
50230,5995
52325,3807
52332,4029
52325,5641
50230,5980
52332,3807
52325,5551
52332,5641
UO71,160
UO71,125
27235,8345
11044,8405
25900,7931
24545,8405
21440,7760
21440,8309
21440,8345
21440,9820
11012,7675
21440,7710
21440,8302
21440,8339
21440,8628
45331,3404
43239,3491
44602,4572
45331,4673
44140,3404
44602,4525
32002,4572
44140,4673
44602,3404
45331,4514
45331,3491
32002,4673
43239,3404
44140,3491
44602,4514
32002,4590
45331,3995
43239,4673
44602,3491
32002,4514
44140,3995
67036,1459
67108,1474
67036,1449
49180,3491
32002,5424
49180,3404
58120,6739
43246,8345
NONME,_
27745,7860
43264,5104
47420,5188
43264,5151
47420,5294
27591,8382
32095,3324
36640,125
31603,3891
36640,124
61314,3891
36640,3110
25574,7819
44050,5419
44140,4680
49420,4572
44140,5419
49420,4680
44320,4709
44050,4572
23107,7760
23107,8309
23107,9820
23107,7710
23107,8302
23107,8339
23107,8628
47785,4685
47600,5499
47715,5022
38747,5169
43235,4030
47785,4525
47120,5499
47715,5122
38747,5022
43235,5169
47785,4513
47120,4685
47715,5499
38747,5122
43235,5022
45378,5169
47785,4030
47600,4513
47715,4685
38747,5499
43235,5122
45378,5022
47785,5169
47120,4513
47715,4525
38747,4685
43235,5499
47785,5022
47600,5169
47120,4030
47715,4513
38747,4525
45378,5499
47120,5169
47715,4030
38747,4513
15260,9820
27892,8015
27030,8669
15260,8314
27030,9820
20690,8015
15260,7810
27892,8669
27030,8314
15260,8628
27892,9820
11010,8015
27030,7810
15260,407
27030,8628
15260,8015
27892,7810
27030,407
15260,8345
27892,8407
69725,442
49420,5349
49585,3893
49420,5341
C19IP1,5349
C19IP1,5341
49585,5419
C19IP4,5771
36488,6890
51597,_
C19IP4,4850
C19IP4,6890
51597,3893
36488,5771
C19IP4,6880
47612,8753
47562,5136
47612,5123
47562,5122
47605,5123
47562,8753
47605,5136
38550,9357
38550,8628
27882,9357
66180,1475
67051,1699
63278,5502
54640,340
50040,6250
63278,5501
54640,5502
50040,340
63278,6250
54640,5501
28415,8314
28008,7939
76003,_
43235,4620
76003,4513
77261,4620
43235,8839
44310,4513
76003,4525
77401,4620
77261,8839
76003,4685
77421,4620
77401,8839
76003,4620
77421,8839
75989,5419
11010,3409
24515,7809
20956,7931
24515,3999
67036,1460
46275,6829
46250,6909
58558,4911
44143,4572
44140,4575
47000,4610
47000,4575
24077,9357
ST2,_
49520,4673
12035,5423
12035,5411
58720,6813
58720,6711
13120,_
44388,5423
44388,5411
NSD01,5425
47605,5425
NONEE,_
NONW,_
21347,7931
37609,8444
24516,7939
21347,3882
37609,7840
21347,8444
37609,7939
24516,3882
21347,7840
37609,7931
44620,4562
58600,7860
28113,7789
37618,_
36430,3880
37618,9971
C19T1,3880
37618,9903
20605,7760
20605,8345
52330,6561
66940,1490
67041,1359
24582,7760
24582,8309
24582,8345
24582,9820
11012,7911
24582,7710
24582,8302
24582,8339
24582,8628
38100,_
47360,4150
36010,3886
90935,4150
49010,3886
76986,5061
38100,3893
36010,5411
76986,4150
38100,3886
11011,9971
47480,4513
47600,5103
47480,4525
45378,5103
43235,5104
47480,5122
47480,4685
45378,5104
43235,5103
ZO17,_
21030,7760
21030,8309
21030,8345
21030,9820
11012,7639
21030,7710
21030,8302
21030,8339
21030,8628
66825,1253
65820,1699
66825,1252
58661,4709
27709,7936
27828,7737
27709,7817
26910,8233
26145,8403
11000,8233
26145,8401
12044,_
51920,7052
58260,5784
51920,7051
57260,5784
51920,6859
35701,7710
35701,8302
35701,8339
35701,8628
C19IP1,7925
82902,_
II29,_
26746,7819
20692,8286
26727,7933
26410,7810
26746,7924
20692,7934
58720,6909
28485,7936
27759,7937
75827,8851
51010,5810
51010,5860
51010,6094
51010,8929
52601,5711
51010,5850
51010,6029
51010,6373
C19IP2,8192
C19IP2,8396
20600,_
C19IP2,8191
C19IP2,8394
28450,7932
11042,7933
11042,7923
43248,4525
43239,4292
43248,4514
45378,4292
45378,5251
43235,5270
45378,5136
45378,5296
48153,4685
43235,5136
45378,5270
48153,4525
36800,9971
36800,9903
52332,5425
36800,5732
75940,5980
49080,3993
52332,3870
36800,8839
75940,5425
62005,8309
62005,9820
49020,4673
26548,8345
C19T1,7932
27759,_
36430,7052
57260,9971
C19T1,7051
57260,_
36430,7051
C19T1,7052
57260,9903
38300,3491
32002,4000
38300,3404
64890,8377
24301,450
64890,8375
64890,450
44180,5423
49000,5451
44180,5411
26597,8345
11044,8684
26597,7760
66852,1475
67051,1342
62180,125
62223,220
61700,233
61304,3951
61700,220
62180,3951
61304,220
62180,233
62223,3951
63301,8099
44346,4610
44206,4642
36821,4543
36821,4523
43234,3929
36821,3893
43234,4543
36821,4513
43234,4523
36821,4542
45385,3929
56501,7430
59121,7180
56501,6602
26862,8128
36450,4595
44150,5423
44005,4595
44150,9901
44310,4582
36450,4620
44150,5459
36450,4582
49000,4595
44310,9901
44150,5411
44005,4582
44310,4595
38100,9901
10140,5425
10140,4150
38100,8604
36450,4150
C19IP3,5459
27507,8417
27590,7935
20692,8417
C19IP2,7491
C19IP2,6800
15934,8628
15934,8345
11040,8403
90935,139
61154,3995
96408,5512
96408,5587
96408,5689
50400,9925
96408,5570
96408,5620
52005,5512
36488,5570
52005,5620
36488,5689
50400,5732
50400,9646
26990,5423
49000,8115
26990,5411
89922,_
89922,9041
89222,_
89922,8909
29870,8628
11042,8026
26442,8211
26442,8391
35480,3950
35480,8628
11043,3950
35480,8345
42200,9971
40720,2762
36430,2754
42200,9903
40720,9971
36430,2762
42200,2754
40720,9903
27472,7925
44650,4674
52214,5810
52214,5860
52214,6094
52214,8929
65091,881
67935,1639
65091,1060
24685,_
90935,9059
99246,3995
90935,8909
58240,5459
44005,5671
44005,6880
58240,5781
44005,5760
51860,5671
51860,6880
51860,5760
11044,7691
21215,7860
20670,7691
49507,5123
44206,4562
44206,4650
44625,1735
58150,5310
49507,6561
76986,4389
43860,_
76986,4450
31500,4610
59514,4613
IMP02,9604
44144,7499
59514,4579
IMP02,4610
MP01,4514
IMP01,4514
MP01,4525
IMP01,4525
58150,9199
88331,6849
58150,8908
47801,5143
23415,7939
23515,8041
11450,9357
11450,8628
59513,6769
57720,6639
59513,6761
58600,6769
57720,7499
58600,6761
64836,8628
19110,4999
99460,8599
46716,_
19110,4979
46716,8599
19110,_
27524,7932
NEWBORN,_
64831,7924
26735,430
64831,7934
27596,8628
27596,8345
58920,5423
49000,6522
58920,5411
57455,_
67440,1601
27506,4673
44602,7925
81620,_
81920,_
11042,7710
67331,1590
21339,7819
21339,8411
21339,7929
27535,7933
12004,7817
12004,7923
25575,7933
26615,7817
12036,7925
22828,_
MCPQ,_
26145,8192
26145,8396
20600,8233
26145,8191
26145,8394
49900,4252
49900,4429
43117,5461
49900,4241
49900,4350
43341,4254
43341,_
44005,4254
C19T1,5104
43341,5151
47420,4254
43341,5104
47420,_
C19T1,4254
43341,5459
C19T1,6829
58145,_
21198,2769
21198,2779
42106,7664
21198,2731
21198,2773
93610,3726
93610,8959
11000,4443
43255,8628
11000,4233
07010,_
58700,9199
58700,8908
88331,6651
46270,8302
46270,8339
29345,7986
27556,9353
62180,4311
61313,220
62180,3121
31600,220
43246,220
33690,3885
C19IP1,4341
C19IP1,4233
26350,3891
34111,8286
26350,3803
23552,7929
C19PP2,_
50760,5980
25248,3893
25248,9357
16010,7702
36488,7702
21175,7646
21175,7691
32020,3993
36815,3409
31500,4461
43840,9903
36430,4442
43840,9971
31500,4442
36430,4461
43840,9604
42725,2800
21820,7909
NNE,_
44320,7760
44320,8309
44320,9820
44320,7710
44320,8302
44320,8339
SVD01,_
20600,8339
20600,9820
20600,8309
20600,8302
20600,8345
27236,7819
27236,8499
27236,7939
25526,7935
27236,7932
31288,8309
31288,8345
31288,9820
11011,2219
11011,2264
31288,8302
31288,8339
31288,8628
11011,2252
44300,4593
44160,4613
44300,4562
44144,4593
44300,4613
44300,4579
27760,7760
27760,8309
27760,8345
27760,9820
27760,7710
27760,8302
27760,8339
27760,8628
66920,1289
65280,1319
66920,1159
PTB,9041
PTB,8909
PTB,_
27566,7760
27566,8628
11044,7796
32405,3491
32002,3326
32405,3404
36100,3891
51050,5310
49505,5719
51050,5300
16010,5151
47564,8628
36781,_
36781,3995
25929,7760
25929,8309
25929,8345
25929,9820
25929,7710
25929,8302
25929,8339
25929,8628
33010,3780
67221,3700
33200,1459
33010,9983
67221,3774
33200,9983
33010,3774
67221,3780
33200,3700
33010,1459
26685,7760
26685,8339
26685,9820
26685,8302
26685,8345
26685,8014
26685,7710
26685,8309
26685,8628
21422,2171
21244,7674
21315,7643
21422,7819
21244,2171
21315,7674
21422,7643
35800,407
42415,3802
35800,2929
27846,8669
11041,7989
15738,7935
27846,8382
11041,8669
27236,7989
27846,8332
11041,8382
27846,7935
11041,8332
27236,8382
11041,7935
27236,8332
27612,7936
29405,8017
27792,8047
27786,8385
27612,7817
27823,8017
29405,8385
27823,7906
27612,7819
27786,8047
27823,8385
27612,9353
27786,7819
29405,8047
27792,8385
27786,9353
27823,7817
27612,7906
27786,8017
27823,8047
47000,4590
47000,4572
46070,4991
03389,_
57135,7360
59409,7033
57135,7359
20902,8152
20902,9788
27506,7800
20902,7860
20680,7800
20902,294
49085,5423
49000,5492
49085,5411
44143,6839
58180,4575
CS720,_
99883,_
COMILD,_
96408,4443
43255,9925
96408,4233
29880,8036
29874,8060
29880,8396
90935,3961
33464,3995
43239,3514
32020,3528
33427,3409
33464,3524
43239,3961
36488,3514
33427,3528
33464,3409
32020,3524
33427,3995
90935,3514
11000,4929
46614,8628
11000,4921
36481,5419
93544,8842
66825,1292
66825,1473
65810,1699
66825,1291
66825,1472
25295,8628
11043,8391
25295,8345
25295,8391
29358,7789
27070,9353
29358,7785
44180,4590
PO15,_
47562,6849
58150,5123
47562,6561
27075,8309
27075,8345
27075,9820
11011,7769
27075,8302
27075,8339
27075,8628
27075,7769
C19IP2,3121
11043,7908
25260,_
C19IP1,8388
44143,9971
36430,4575
44143,9903
30001,4233
MCP01,4530
30001,_
MCP01,4341
30001,4530
43251,_
MCP01,4233
30001,4341
11011,8332
11011,8382
49020,4150
49900,3409
38100,5461
49900,5419
38100,3409
49020,5461
49900,4150
49020,3409
38100,5419
32020,5461
99463,_
68340,1452
27429,8146
27236,7809
20956,7935
27236,3999
27035,407
23650,7939
27540,7971
23650,353
64864,430
66982,1699
66180,1330
37600,3882
52000,5310
49505,5717
52000,5300
51040,5310
49505,5732
51040,5300
57545,6740
57545,7079
38740,8554
19180,4023
38740,8553
38740,8541
31600,4041
41135,3121
26034,7760
26034,8309
26034,9820
26034,7710
26034,8339
58180,6599
58825,5411
58825,6839
49000,6599
58825,5423
75662,4513
44378,8841
75662,4443
NSD01,6769
NSD01,6761
29065,8129
25830,9353
29065,7780
32005,5440
26037,9357
11044,8212
36488,8405
26037,3893
12035,8212
26037,8405
25900,3893
16010,8212
26037,7760
82712,_
NSD01,7491
NSD01,6800
27392,8313
29405,7926
49507,4610
22224,7739
11012,8051
22224,7710
22224,8302
22224,8339
22224,8628
63307,8099
63307,7760
63307,8309
63307,8345
63307,9820
11012,8099
63307,7710
63307,8302
63307,8339
63307,8628
EI19,_
11043,7785
27846,8036
27696,9829
27331,7989
27846,8364
27696,8016
27846,9829
27696,7989
27846,8016
27696,8036
48020,5209
36430,4673
44602,9971
44602,9903
20520,8014
43234,4562
26591,8401
26952,8289
26591,407
38500,8544
19240,4011
38500,8543
44950,3995
24546,7817
58120,4562
44120,6909
44005,6909
58120,4590
58120,5459
49525,5122
44180,6549
58740,5451
44180,9971
36430,5451
44180,9903
59120,5451
44180,6589
ECT88,_
P0000,3409
20225,8345
20225,7760
47360,5099
47362,3886
PO25,_
11000,8332
42200,2080
69421,2762
42200,2009
LO221,_
38570,5423
38570,5411
SO24,_
32002,5810
32002,6029
32002,8929
52601,3491
32002,5850
32002,6094
32002,5732
32002,5860
32002,6373
52601,3404
11000,460
19371,8554
19340,8521
19371,8553
49320,4590
44204,5421
49320,1739
76986,3993
19367,7791
16010,8572
19260,9357
19367,3440
16010,7791
11042,8572
19260,8628
19367,9357
16010,3440
11042,7791
19260,8572
19367,8628
11042,3440
49565,4709
49200,5361
49565,5423
31500,3805
34001,_
90935,3802
90945,3805
34001,3995
C19IP4,3802
90935,8405
25900,3995
47510,5423
49000,5198
47510,5411
C19IP4,5502
36216,3995
50040,3891
C19IP4,5501
36216,_
36216,5502
36216,5501
FP001,7252
LSCS2X,_
58770,6551
58700,6602
58770,6539
58940,6602
58770,6651
43750,8659
43235,4311
15931,4513
43750,8630
43235,8659
15931,4311
43750,4513
43235,8630
27823,7847
27715,7819
29358,7936
29358,7817
27590,125
61312,8417
27590,124
19110,8403
26910,8599
000/3,_
53400,6200
27823,7909
69209,_
12015,7859
12015,7672
19120,8541
19180,8521
63016,7760
63016,8309
63016,8345
63016,9820
63016,7710
63016,8302
63016,8339
63016,8628
64865,430
61304,450
64865,124
EIL9,_
SW199,_
C19IP1,4040
C19IP1,4021
27284,8121
44145,_
C19IP1,4579
62005,8339
11011,202
62005,8628
11000,202
62005,8302
62005,8345
64744,403
49507,4650
44625,5300
C19T1,8511
11042,8511
19101,_
C19T1,4513
27758,_
47015,9971
36430,5091
47015,9903
63016,7859
C19T1,309
63016,9971
C19T1,7859
36430,309
22842,_
63016,9903
22842,309
63016,_
27665,7760
27665,8345
33533,3599
33405,3958
33860,3611
33533,3522
33533,3958
33860,3522
33405,3599
47600,8544
19240,5122
47600,8543
33412,3522
33412,3539
76986,9971
76986,9903
27560,7936
27792,7979
27560,7817
27760,9357
12035,3893
25077,9357
16010,8349
25077,8628
65875,1289
65285,1233
65875,1159
27892,8609
16035,407
26952,8609
29405,8037
27620,9353
27334,8364
27380,8076
27049,7749
20225,8339
27049,7745
25545,7935
27514,7932
25545,7815
27236,7925
11000,5502
11000,5501
26476,8255
65093,881
67935,1631
65093,1060
31525,9815
31601,3142
31635,3321
31525,3323
31601,9815
31615,3142
31525,3321
31601,3323
31615,9815
31635,3142
31525,3121
31601,3321
31615,3323
22102,7769
11000,4341
43244,8628
68720,1623
67400,981
68720,1609
88001,_
30140,2187
30520,2161
30465,2169
30140,2150
30520,2169
30140,2188
30465,2161
31030,2211
30520,2239
31237,2150
31030,2188
31030,2121
30520,2211
31237,2239
31030,2150
16375,9059
16375,8909
16375,_
31625,8874
43259,4341
20520,7760
60240,8544
19162,640
60240,8543
63700,351
ZZ08,_
LO29,_
23515,125
61312,7929
54520,4610
44144,6270
54520,4579
54520,4613
49180,5423
44005,5424
49180,5411
49180,5459
32653,3491
32653,3404
ODE15,8382
ODE15,_
49585,5421
49650,5341
46760,4912
46275,4979
46760,4911
29065,7935
29065,7815
11000,7931
11000,7842
51920,8345
11043,5784
51920,7710
27603,5784
51920,8302
11043,7979
27658,7760
27658,8309
27658,8345
27658,7710
27658,8302
27658,8339
10120,8628
11043,8605
15956,8382
15956,8630
27524,8321
27330,7936
53400,5411
42510,5849
47425,4673
43840,2699
53400,5151
44602,5182
42510,5183
47425,4442
53400,5423
44602,5849
42510,4673
47425,2699
43840,5104
49000,5151
53400,5182
44602,5183
42510,4442
47425,4461
42510,2699
43840,5151
49000,5182
53400,5183
44602,4442
42510,4461
47425,5411
49000,5849
53400,4673
44602,2699
42510,5104
43840,5182
49000,5183
53400,4442
44602,4461
42510,5411
47425,5423
43840,5849
53400,2699
44602,5104
42510,5151
43840,5183
53400,4461
42510,5423
47425,5849
43840,4673
49000,2699
53400,5104
44602,5151
42510,5182
38747,7710
38747,8309
38747,8628
11012,4030
38747,8017
38747,7760
38747,8339
38747,9820
27620,4030
38747,8037
38747,8302
38747,8345
50220,4572
44140,5641
50220,4590
44140,5551
25820,8126
VID19,7925
PAT9,3995
PAT9,_
ME875,_
30130,2150
11000,8072
24102,8628
36640,_
90945,3891
36640,5498
36640,3995
69436,2080
69421,2001
69436,2009
36488,7789
15931,8415
27880,7789
15931,3893
15933,8415
15931,7789
15933,3893
27880,8630
26951,3491
32002,407
11012,2752
43200,7710
31622,7760
41250,8302
43200,8339
31622,8345
67036,1479
67027,1474
67036,1472
11000,8077
27625,8628
65285,1342
C19IP2,7430
C19IP2,6602
41874,2751
12013,2440
41874,8659
41874,2440
12013,7769
41874,2181
41874,7769
41874,881
12013,2450
41874,1840
11042,8030
11042,8012
28525,7937
28485,7938
46280,4542
45385,4912
35907,3866
33612,3799
36247,3891
59825,_
59136,5423
49080,6839
59136,5425
49080,7430
59136,5411
23675,9359
23675,9353
44005,4543
44005,4523
44320,4543
45382,5459
44320,4523
27511,9357
16010,7971
23650,7815
23650,9357
27511,7971
16010,7815
23650,7935
49000,4594
44146,5300
49505,5521
44146,5732
49505,9645
49509,_
33430,3722
93510,3524
45300,8309
45300,9820
11011,4824
45300,8302
45300,8339
51597,6849
58150,5771
58150,6890
51597,6561
58150,4850
58150,6880
76942,8394
76942,9357
16010,8191
76942,8192
20610,9357
76942,8191
16010,8394
76942,8396
C19IP2,7710
C19IP2,8302
C19IP2,8339
24365,8185
76936,8628
29345,7840
27724,9353
29345,7807
16010,7950
21435,8628
31520,3409
90945,3142
31520,3893
31520,_
31520,5498
32020,3142
31520,3995
C19FRP,9971
C19FRP,9903
C19FRP,3121
67935,1289
65280,1060
58140,5425
49080,6829
58140,5459
28485,8364
28270,7937
28485,8048
27360,9788
20680,8303
27301,7785
27360,294
27301,9788
27360,8303
20680,7785
27301,294
XZ491,_
57250,_
NSD01,7052
44310,4639
44130,4620
99465,_
C19IP2,7925
IT30,_
11043,124
06390,_
76942,4442
54550,6392
54550,6100
PO59,_
12013,7360
12013,7359
49507,4579
49507,4613
15732,7760
15732,8309
15732,7710
15732,8302
15732,8339
11043,8499
ZS491,_
31571,3958
33875,3100
31571,3929
58555,6999
36481,3491
36481,3404
28406,7760
28406,8309
28406,9820
28406,7710
28406,8302
28406,8339
28406,8628
44144,4595
52000,9646
52000,9649
52000,8773
11012,7801
23485,7710
23485,8339
62361,7360
12044,390
62361,7359
12044,7360
62361,8659
12044,7359
27620,9357
53265,5749
29075,8251
62160,125
61510,299
62160,124
41820,3722
33405,2431
41820,3961
93510,2431
41820,3522
33533,7749
93510,3611
90935,3722
20225,3995
33533,7745
93510,7749
90935,3611
20225,3722
33533,3995
93510,7745
90935,7749
20225,3611
33533,3722
93510,3995
90935,7745
44970,8753
47560,4701
44970,5421
58550,6813
58100,6871
58550,6711
36568,9357
36568,8609
44188,5980
51045,9901
44188,5719
51045,4610
44188,9901
36450,5719
15580,7760
15580,8309
15580,9820
11012,8660
15580,7710
15580,8339
15580,8628
49420,9971
49420,9903
59513,5498
90945,7499
63706,8382
62192,8669
15734,352
63706,371
62192,8332
63706,8669
62192,352
15734,371
63706,8332
62192,8382
27380,8309
27380,9820
27380,7710
27380,8302
27380,8339
36530,4850
45110,_
36530,4610
36530,_
26410,7989
26785,8286
26410,7984
49590,5411
44143,5359
49590,5310
49505,4575
49590,5423
49505,5359
49590,4575
44143,5310
49590,4610
49000,5359
49590,5300
52005,5810
52005,5860
52005,6094
52005,8929
52601,5980
52601,9646
UO71,5411
52310,4513
43235,5700
29345,2181
29345,8659
27884,3891
27884,3808
25645,7760
25645,8309
25645,9820
25645,7710
25645,8302
25645,8339
25645,8628
NSVD,_
MM883,_
27033,7935
27511,8015
27033,7815
44155,5980
52332,4869
44155,3893
90935,4869
44155,3995
52332,4582
36488,4869
44155,5732
52332,4620
15220,8544
15220,8543
27372,7815
12004,7925
27372,8659
27372,7925
12004,8152
27372,8152
12004,8016
12004,7815
27235,7760
27235,8309
27235,9820
27235,7710
27235,8302
27235,8339
27235,8628
66984,1132
65426,1330
31750,3143
31541,3179
31750,3009
27345,9357
27345,8628
25575,8185
24366,7932
25575,8184
65780,1289
65285,1689
65780,1159
29020,9351
44141,4590
44202,4610
44202,5459
44141,4562
44202,4572
90935,5136
90935,5296
90935,4370
90935,5270
48150,3995
90935,5251
27675,8388
62223,5423
49000,233
62223,5411
33320,3931
65815,1475
67051,1291
26075,7989
26715,8014
26075,7922
29345,7842
NSD01,6839
58180,_
27646,7767
08201,_
43234,9608
51300,_
90935,5671
C19IP2,6909
NM083,_
ER142,_
94644,3404
94002,3491
94644,3491
94002,3404
ZS392,_
36487,_
36487,3409
11040,8018
50395,5502
50395,5501
31622,3452
32652,3324
31622,3339
P0000,3349
36488,3402
32110,3893
P0000,4150
36488,3349
38100,3402
P0000,3893
P0000,3402
32110,4150
38100,3349
46606,7021
49000,4921
57454,5411
46606,5423
57454,5423
44320,7021
57454,4921
57454,4610
46606,6712
49000,7021
44320,4921
57454,4923
46606,5411
43830,4685
43235,4319
43830,4525
45378,4319
43830,4513
44800,6849
58150,4533
44800,6561
26720,7932
24670,8669
11044,7904
15240,7904
26720,7902
15240,7932
26720,8669
24670,7904
25574,7904
15240,7902
28705,7760
28705,8309
28705,8345
28705,9820
11012,8111
28705,7710
28705,8302
28705,8339
28705,8628
93533,3723
52612,5980
52332,6029
27822,7906
27824,7819
42842,2899
19100,4685
20206,8511
45378,8321
19100,4525
20206,4685
45378,8511
19100,8321
20206,4525
25515,8659
12001,7932
26045,8212
58120,7071
57250,6909
64859,479
29065,430
64859,407
29065,479
64830,430
64859,9353
29065,407
50630,5732
44312,4639
44130,4641
44312,4590
41874,212
28675,7909
27245,5423
27245,5411
23500,125
61312,7909
23500,124
23210,7761
54640,6100
54161,6250
55110,6230
54161,6100
55110,6400
54161,6270
55110,6250
54640,6400
54161,6230
89246,3121
89246,3995
89246,_
89246,3893
89246,9604
46045,4912
46045,4911
46045,4824
76003,8051
22851,8839
76003,309
76003,8451
63030,8839
76003,7789
49255,4579
44160,5440
44960,4562
49255,4593
44160,4709
22612,8051
20930,8129
76003,7809
22612,7789
20936,8051
20930,7859
76003,8129
22851,7809
22842,8451
22612,309
20930,8051
76003,7859
22851,8129
63030,7809
22842,8839
22612,8451
20936,309
20930,7789
22851,7859
22612,8839
20936,8451
20930,309
63030,7859
22842,8129
22612,7809
20936,8839
20930,8451
20930,8839
22842,8051
22612,7859
20936,8129
20930,7809
ICDCO8NEGATIVE,_
BONEMETS,_
LEGMASS,_
60520,8544
19240,781
21501,125
11042,8604
21501,124
61312,8604
27647,7769
49215,9933
36568,9959
99460,5440
99432,3893
49215,_
36568,9929
HH271,_
66940,1299
66995,1359
66940,1266
31526,_
31526,5498
31500,3142
31526,3995
31526,9604
31526,3121
66996,1371
66996,1341
90943,_
93905,_
36103,_
12004,8309
12004,8302
12004,8339
50230,5423
11042,3807
76942,4029
45380,5425
75989,4029
50230,8628
76942,5425
75989,4525
11042,4029
76942,5551
50230,8839
45380,5641
11042,5425
49000,3807
11042,5551
76942,5641
50230,4525
49080,3807
45380,8628
50230,5425
49000,4029
11042,5641
45380,8839
50230,5411
76942,3807
49080,4029
75989,8628
76942,8839
75989,3807
45380,4029
24579,7925
43325,4285
43325,4466
66985,1269
66170,1372
66985,1264
27327,4513
27327,4685
27327,4525
29345,8152
27506,7855
27187,9353
27187,8152
29345,7855
27187,7815
38120,5423
38120,5411
38120,_
65260,1474
67052,1401
65260,1370
44900,4450
43860,6589
44900,4389
58740,4450
43860,4720
58740,4389
52240,6270
52240,6230
54520,5749
26546,7760
26546,8309
26546,8345
26546,9820
11012,7804
11012,7854
26546,7710
26546,8302
26546,8339
26546,8628
11012,7844
DE149,8403
DE149,8401
DE149,8628
DE149,_
58720,6840
59525,6561
58720,6839
43825,4620
43825,4513
44310,4400
21244,8669
38724,7819
21198,4021
20969,7664
15100,3802
21244,8345
38724,3999
15756,8670
21198,8669
35800,7643
20969,3121
15100,4021
21244,4040
31600,8332
38724,7664
21198,8345
35800,8628
11043,3999
31600,7819
15756,4021
21198,4040
11043,7664
20969,3802
31600,3999
38724,8670
21198,7643
35800,7819
20969,4021
15100,4040
21244,8332
31600,7664
38724,3802
21198,8628
35800,3999
20969,8669
15100,7643
21198,8332
35800,7664
11043,3802
21244,3999
31600,8670
15756,7643
21198,7819
11043,4021
20969,4040
21244,7664
31600,3802
21198,3999
35800,8670
20969,7643
21244,3121
15100,3999
21244,8670
38724,7643
15756,7819
21198,3121
35800,4021
20969,8332
15100,7664
21244,3802
15756,3999
21198,8670
35800,8669
11043,7643
20969,7819
15100,3121
21244,4021
15756,7664
21198,3802
15350,7810
20690,8286
NOONE,_
52332,4709
44950,5732
64742,403
SO111,_
11042,4901
27722,7936
27828,7807
27722,7817
NOIE,_
NOINE,_
11043,2171
11043,4563
11043,4562
11043,4590
47120,9357
16010,5022
47120,8628
49060,9357
16010,5419
31500,3110
45385,4610
44141,4523
44141,4543
44141,4542
27245,7817
27827,7935
27245,7936
11043,7360
59409,8345
43278,_
61450,7760
61450,8309
61450,8345
61450,9820
61450,7710
61450,8302
61450,8339
61450,8628
27506,7974
26676,7925
29365,9359
27509,9353
29365,7945
43235,7939
23515,4513
43235,7929
40840,8345
27652,8345
RHINITIS,_
MCP01,8908
MCP01,9449
58740,6909
58120,6589
63281,9357
16010,340
63281,8628
35531,4562
35531,6849
44144,3926
35531,4613
58150,4639
35531,6561
44125,3926
35531,4610
35531,4639
44125,6849
58150,3926
35531,4579
35531,4563
44125,6561
35531,3926
43833,4040
43833,4021
43833,_
44145,6849
53852,5810
53852,5860
53852,6094
53852,8929
52648,6021
77401,4311
77421,4311
44950,4850
43239,6871
58552,4514
43239,6563
TO09,8628
TO09,8345
TO09,8659
TO09,_
12002,3121
31601,8659
12036,7912
25611,8659
12006,7912
12004,7710
49509,4572
20692,7855
27450,7810
20692,7735
43244,4685
25515,7936
58952,5980
44144,8773
44950,9645
50553,5440
50553,4613
44950,5521
58952,9645
44144,9649
90935,6529
50553,6561
58952,4579
44950,4613
58952,5521
44144,5980
44950,8773
44144,6529
50553,4610
58952,4613
44144,4709
58952,8773
44144,9645
44950,9649
50553,6529
50553,4709
58952,3995
44144,5521
58952,9649
44144,5440
50553,4579
61320,299
61591,124
50040,5600
52337,5502
50040,5522
52337,5501
11640,8309
11640,8345
11640,9820
11640,8302
11640,8339
11640,8628
59151,5419
59151,5425
JI892,3409
58140,4563
38220,4341
43244,4131
38220,4233
16010,6561
58720,9357
26020,8345
25491,9357
23490,7813
16010,7813
25491,7851
57110,7040
59514,5361
49560,7499
59514,5351
CR009,_
46761,4979
C19IP3,4542
21700,8319
25272,8381
26420,8388
25272,8286
XS,_
18929,_
27540,7925
27540,7815
27540,8152
27506,353
27832,8345
CRO388,_
64862,430
CR388,_
23195,7792
57415,6813
58100,9817
57415,6711
58285,6879
C191P2,9903
34451,3807
34451,3809
34451,3893
VID19,7759
ARY20,_
FEBRU19,3995
ARY20,3995
FEBRU19,_
FP011,_
23420,8196
23466,7981
23660,8363
23412,8196
23420,7981
23466,8363
23660,8196
23412,7981
92981,8843
63064,7789
63064,309
63064,8051
26235,8401
26952,7789
26235,407
11043,3952
35162,8628
37618,3840
35162,3880
11043,3840
37618,3952
35162,8345
22595,8628
11043,8129
22595,8345
36140,3891
C19IP4,8908
C19IP4,9449
21360,7939
23515,7672
21360,7929
43271,9971
36430,5184
51550,9649
50080,5760
51550,5732
50080,9649
51550,5503
52005,5521
52332,5760
51550,5504
52005,5760
51550,8773
51550,5521
52000,5760
50080,8773
51550,9646
52005,5503
C19IP1,4443
57720,7360
FP001,6761
59409,6769
FP001,6769
57720,7359
59409,6761
11321,_
44960,4680
21365,7929
21339,7672
90935,4195
38115,3995
26765,7923
26765,7933
58550,6639
58661,6871
58550,6561
29425,7817
21031,7620
52337,6849
58150,5522
52337,6561
58150,5600
43239,4341
CR018,_
36488,6639
59514,5498
90945,6639
58600,5498
C19IP4,6639
58600,3995
58600,3893
33422,3512
33422,3961
36488,7901
24500,8152
11010,7901
24500,3893
27506,7901
11010,3893
24500,7815
67049,1372
66985,1380
23600,9357
16010,7901
11042,7984
52332,4523
44320,4542
XA,4823
45317,_
XA,4543
51015,_
51015,5995
51065,_
51015,5719
68335,1840
12016,2751
12051,1041
68335,7760
68335,2181
12016,881
12011,1041
12051,7760
68335,8345
68335,2751
12016,1041
12011,7760
68335,8628
12016,1840
68335,881
11044,1041
12016,7760
68335,8659
12016,2181
27814,8037
11044,8499
36450,4563
44120,9901
44500,4562
44120,9608
44500,4563
50620,5732
34471,8415
27880,3805
24341,479
35236,8388
64830,3956
24341,407
35236,479
24341,3956
35236,407
27470,7935
27511,7845
27470,7815
58943,9971
58943,9903
58943,5459
36430,6551
35701,5423
C19T1,3802
35701,_
C19T1,3991
35701,5411
49000,3802
19361,8544
36568,233
54700,5980
51045,6100
51045,6392
54700,5719
51045,6200
67585,1049
67585,1662
67585,1664
38101,5781
27193,4143
76986,7909
49000,7949
51860,7975
38101,_
27193,5411
51860,4143
38101,7909
76986,7975
27193,5781
76986,4143
49000,7909
51860,7949
38101,7975
27193,_
76986,7949
27193,5423
76986,5781
49000,4143
51860,7909
38101,7949
52332,4823
45320,5980
45320,3995
52332,4543
90935,4823
45320,5732
25545,9357
31601,4311
61320,3121
43750,3893
61514,3121
61320,4311
61514,4311
44210,5423
36488,4581
44210,3893
44210,5411
49000,4581
45331,5501
49000,5502
50040,5411
45331,5411
29325,7936
27827,9351
29325,7817
59402,7491
59402,6800
35141,3848
TF,3952
35141,_
TF,3848
35141,3952
TF,_
36450,7691
21172,9901
36450,1689
58600,8630
28112,9357
28112,8628
55100,5310
49507,6100
55100,5300
27759,7672
27759,1669
21407,7936
27759,7679
27687,8345
25020,2181
28820,2751
25900,881
25905,8628
12054,7710
11000,1840
11012,2181
25905,2751
16035,8659
25905,8302
12054,8339
28820,8609
36488,1840
25900,2181
11041,2751
11000,881
25905,8411
12054,8405
36488,7710
25905,8609
16035,1840
25020,2751
28820,8659
36488,881
25900,8314
11041,8411
11000,8405
25905,8345
12054,7760
11012,2751
25905,8659
16035,881
12054,8314
25020,8411
25905,8309
12054,9820
28820,1840
36488,2181
25900,2751
25905,3893
16035,8405
25905,1840
16035,2181
25020,8659
28820,881
25900,8411
25905,7710
12054,8302
25900,8609
11041,1840
11000,2751
25905,881
12054,8411
28820,8405
25905,8339
12054,8609
25020,1840
28820,2181
36488,2751
25900,8659
11041,881
11000,8411
11012,1840
25905,2181
16035,2751
25020,881
11041,8405
25905,7760
12054,8309
25900,1840
11041,2181
11012,881
16035,8411
12054,3893
25020,8405
11041,7760
25905,9820
51590,6029
52214,5502
52000,5671
50040,5779
51590,3893
50040,6029
51590,5501
52214,5671
52000,5779
51590,5732
51590,5502
36488,5671
52214,5779
51590,5749
36488,5779
52214,3893
51590,5831
52214,5501
50040,5671
31032,2219
NSD11,_
99460,6970
MCP01,6970
10180,5423
44125,8628
11000,4562
10180,4563
36488,4639
66983,1474
67052,1319
23650,5423
38102,7971
23650,5411
32020,7971
23650,3409
49000,7971
23650,4150
12015,7760
12015,7710
28740,7760
28740,8309
28740,8345
28740,9820
11012,8114
28740,7710
28740,8302
28740,8339
28740,8628
61557,125
26665,7936
27792,7814
II09,_
21120,7668
LO31,8628
LO31,8345
69200,2219
69320,1802
31238,1860
69200,2100
69320,2219
31238,1802
69200,1860
69320,2100
36830,8857
36830,3956
36830,8843
19240,8571
19361,8543
77401,7749
20225,_
77401,7745
92981,4542
11043,8660
11403,9357
15120,8630
11403,8669
15240,8630
25650,7932
29075,7979
25525,7909
25650,9353
25650,7979
25650,7819
31520,9903
31520,9971
43246,5294
43264,4311
43246,5188
36488,8546
19200,3995
36488,8545
90935,8546
19200,3893
90935,8545
45111,5423
45111,5411
XZ380,_
32002,4709
44950,3404
C19IP4,7360
C19IP4,7359
48001,5423
49000,5103
IUD,_
IUD,6970
61702,125
61702,124
44604,5440
49255,4675
45123,7925
31090,9971
67400,2253
30118,1609
36430,1623
31090,2131
67400,9903
30118,9971
36430,2253
31090,1609
77401,3491
77401,3404
60000,609
36825,3409
32002,3993
36825,3491
36825,3404
11000,7691
21175,8628
62351,309
62351,390
61700,3409
61313,3409
32020,3951
75982,3995
90935,5159
UJ960,_
IU072,_
25375,7733
58200,9971
58200,9903
44950,6200
54560,4709
45380,4911
20670,8332
28805,9353
28805,7860
HEMODI,_
52332,5781
C19IP2,5151
C19IP2,8754
47620,_
C19IP2,5183
21610,8192
21610,7791
21610,8191
21610,8396
21610,9357
21610,8394
20610,7791
21610,8628
27310,9357
16010,8016
63051,_
19100,8546
19200,8511
19100,8545
58940,9903
54520,5421
49650,6230
45111,4685
45111,4525
44186,4513
44186,4461
43840,3491
44186,4442
32000,4461
44186,3893
32000,4442
27472,7955
27519,7805
27472,7815
38500,4709
FP100,_
11043,8446
28810,9353
28810,3995
27881,8411
90935,8411
27881,3995
28810,8446
90935,9353
64836,8309
64836,9820
11011,430
64836,8302
64836,8339
3Z301,_
67052,1371
66987,1370
67121,1289
65280,1460
67121,1159
56637,4030
56637,7150
26145,8301
16010,8233
26145,9357
26055,8233
29834,9820
58400,7052
57260,6922
58400,7051
26356,479
26502,8286
64830,8271
26356,8659
26502,407
12044,479
26502,8271
44389,5440
49255,4525
12354,_
LTCSI,_
45150,4891
19180,9199
88331,8541
19180,8908
36011,4610
34151,5459
44143,3806
34151,3893
36011,5459
36450,3806
44005,3891
34151,4575
34151,3806
44143,3891
36011,4575
34151,9901
36450,3891
34151,4610
36011,9901
44005,3806
52318,5600
49010,4525
IMP02,3409
12031,9357
50570,4572
45378,5521
44140,8773
50570,4685
44140,5521
50570,4525
45378,9645
44140,9649
50570,3893
50570,4590
44140,9645
58150,5136
47780,5151
47612,6561
PF001,_
PF001,7360
PF001,7359
15820,2188
30520,870
15820,2150
28001,8628
11440,8628
11440,8345
11012,7903
26600,7710
88332,8511
88332,8544
44310,5732
52000,4620
52000,5459
32602,3121
31600,3420
31600,3320
50590,5620
50590,5631
50081,8773
50575,5503
50081,5620
50081,9645
50575,5504
50081,5631
50081,9649
50575,9851
IN030,_
HO29,_
21045,9971
36430,7769
21045,9903
PA419,_
35206,3805
45300,4869
45114,4824
58300,6589
58740,6970
24342,8373
24342,8381
40510,8628
11043,2743
11000,2759
40510,8345
11000,2743
43235,4575
44143,4513
28250,8314
90935,9983
96567,3995
MR814,_
C19IP3,331
43235,8604
47612,3880
37617,5136
43235,5151
47612,3893
37617,4513
36488,5151
10140,3893
47612,4513
10140,5136
37617,5151
47612,8604
10140,4513
37617,5122
50575,4685
45378,5620
45378,5631
50575,4525
45305,4709
45110,4824
45305,4850
45110,4709
44950,4824
52277,5189
52277,5732
52332,6551
58940,5732
66821,1479
67027,1364
66821,1472
16035,8630
15100,8630
16040,8669
16040,8609
25270,7859
21365,7924
25270,7934
26735,7672
21365,7934
25270,7672
26735,7859
21365,8388
77590,_
32020,5642
50234,3409
38621,_
11000,5810
11000,5860
11000,6094
11000,8929
52601,8628
11000,5732
11000,5850
11000,6029
11000,6373
27759,7931
ZS065,_
65222,9822
65210,9821
65222,1200
23616,7710
23616,8302
23616,8339
23616,8628
23515,5461
36488,7929
23515,5411
49900,7929
49021,4709
44950,5491
12035,7979
21470,7933
26615,7676
21470,7923
21356,7939
21356,7929
60001,4311
36430,601
60001,9971
43246,601
60001,9903
51010,8345
P0000,9933
PO81,_
JJ81,_
21070,7859
21365,7631
21070,7672
21070,7631
74330,5111
74330,5213
ZXZ55,_
OO9,4131
ZXZ55,4131
OO9,9925
ZXZ55,9925
27894,9357
36140,3995
59409,3891
36140,7360
36140,7359
21111,_
24420,7832
24420,7931
24546,7832
24420,7842
CR001,_
CR031,_
C19T1,9804
45307,_
C19T1,4823
35162,3893
36488,3840
27650,2181
27650,8659
62163,299
62163,9820
23650,8382
61708,3952
31515,9604
31515,3121
31515,3995
43350,4210
25515,7817
19272,3440
19272,3479
19272,4029
19272,7791
12001,9353
57135,6639
58600,7033
11730,8309
11730,9820
11011,8623
11730,8302
11730,8339
67340,_
28585,8077
27625,7989
28585,8017
27759,9353
69145,2181
69145,8659
40700,2751
27538,8076
27334,7009
27538,8016
CKD,_
DG49,_
11043,5581
11043,9804
45307,8628
27372,4823
45307,8016
11043,4823
27372,9804
45307,8345
11042,8544
11042,8543
40700,2080
69421,2754
40700,2009
62143,125
61305,205
62143,124
12034,5423
12034,5411
25620,8401
25620,407
27334,9357
C19IP1,8016
16010,8076
C19IP1,8076
C19IP1,9357
C19FRP,3882
C19IP2,3882
57284,7079
10140,4131
96450,8604
10140,331
10140,9925
38220,8604
25136,7764
25136,7804
50236,5423
52500,5831
66840,1269
66840,1264
36825,9901
36825,5502
36825,5501
49585,4610
44320,5349
44320,5341
47560,5123
08007,_
58200,7360
59409,4011
59409,6849
58200,7359
57500,7360
59409,6712
57500,7359
50551,3995
28490,7760
28490,7710
56420,9357
16010,7122
56420,8628
66850,1253
65820,1341
66850,1252
59504,_
49509,5123
25600,7905
CS6,_
24665,7982
24615,7783
11011,7789
PP551,_
29355,7710
LO23,_
51575,5411
50700,5423
58952,5425
49080,5779
51575,5689
50700,5440
51575,5423
50700,5425
58952,4030
49000,5779
49080,5689
51575,5440
50700,6529
51575,5425
50700,4030
58952,5779
49000,5689
51575,6529
50700,6561
50700,5779
58952,5689
51575,6561
50700,5411
29085,7860
64702,479
42310,8604
58240,5440
58951,4850
58951,5760
75726,4513
44204,3995
75726,4590
44204,8840
75726,1739
45380,8840
90935,1739
43235,8840
44147,4685
44147,4525
27227,9901
27227,3893
67036,1475
67036,1471
58200,3409
58200,9901
27513,7936
32000,3420
32000,3320
26608,9357
16010,7814
31520,3110
31603,3142
66170,1274
66710,1264
47000,4513
51040,4709
44950,5717
45330,4709
50355,_
67445,884
67961,1601
67445,8671
12127,_
58960,6849
58960,6561
58200,4610
58200,4575
42326,4912
42326,4946
46258,2649
42326,4873
42326,4939
42326,2649
BREASTCA,_
MAXILLARYCA,_
44020,6849
58150,4502
44020,6561
46040,9623
46040,4921
25675,7902
25675,8345
08002,_
61720,9230
11043,884
67961,8345
06810,_
RVS,_
49520,5732
INGROWNBIGTOE,_
29840,8023
29840,8033
52335,5502
53852,6270
54520,6021
16010,8546
96408,7791
19260,9925
96408,3440
27886,9357
27886,8628
32370,_
54332,9824
54115,5845
52337,5620
52337,9645
50575,5600
36013,3721
45380,4901
46040,4525
NSD01,6651
DASD,_
23515,7731
29075,7936
29075,7817
19FRP,_
HYN18,_
NEPHROPAT,3995
HYN18,3995
NEPHROPAT,_
44020,5310
49507,4502
44020,5300
27305,8309
27305,9820
27305,8302
27305,8339
69310,1930
57135,7071
57250,7033
57135,7052
28485,7934
26735,7937
28485,7924
21462,7675
21453,7676
21465,7675
47100,4582
26075,7934
CM,6922
58400,_
ICD10,6922
CM,_
58720,8544
19240,6561
58720,8543
49522,5411
44111,5423
12013,7679
21407,8659
12013,1669
69720,1940
69720,2099
69645,442
69720,1860
12047,8628
12047,8345
43840,5251
43830,5270
43830,4461
48150,4319
44005,4370
43840,5136
43830,5251
44005,5296
43830,4442
48150,4461
44005,4319
43830,5136
44005,5270
43840,5296
43830,5459
48150,4442
43840,4319
43830,4370
44005,5251
43840,5270
43830,5296
48150,5459
47100,5459
47480,5012
44005,5103
47480,5459
44005,5012
47100,5103
20900,7860
20900,7760
20900,294
20900,8628
20900,9788
11044,7800
20900,8345
45382,4525
12035,3991
12035,3800
33511,3612
27176,7955
44141,5732
52320,4572
96408,3142
C19IP4,9925
31520,9925
11400,4594
45111,4610
44146,4869
11400,3893
45111,4579
41120,8345
45380,4594
36145,3949
35876,3895
23490,1610
67413,7851
23490,1609
16040,8314
16040,407
25023,8630
20902,7760
20902,8309
20902,8345
20902,9820
11012,7800
20902,7710
20902,8302
20902,8339
20902,8628
CR023,_
CR021,_
CR027,_
02713,_
22842,7989
27217,7859
57330,5784
33464,3514
C19IP4,4443
C19IP4,4233
19180,9971
36430,8541
19180,9903
27590,8192
11043,8396
20610,8417
27590,8191
11043,8192
27590,8396
27590,8394
27328,8382
15650,8669
15738,8674
15650,8382
27328,8674
15650,8332
27328,8669
74480,5631
74480,5719
51065,8839
74480,5522
74480,5995
52337,8839
74480,5600
11042,9359
11042,7945
21365,1642
65103,7672
28820,7939
28505,8411
P0000,7499
59812,4150
38100,6902
31535,5421
31603,3143
31535,4319
43653,3143
31535,3110
11402,8544
11402,8543
36815,3942
36815,3800
50740,5586
25600,881
25600,1060
27511,7810
27886,7710
27886,8302
27886,8339
CR370,_
96408,8309
96408,9820
11011,9925
96408,8302
96408,8339
35631,3926
90935,3991
35761,3995
27759,7935
47350,5136
26011,8345
IMP02,3142
32400,3491
32400,3404
59120,6839
58180,8628
58180,9357
16010,6839
58180,6549
61584,299
61584,7739
33025,_
19120,6909
58558,8521
19120,6829
58120,8521
19120,6816
25600,8140
27122,7902
25600,7785
41251,8628
11043,2551
41251,8345
67040,1472
27409,7760
27409,8309
27409,8345
27409,9820
27409,7710
27409,8302
27409,8339
27409,8628
49000,4195
38115,5411
44005,6230
54535,5459
NB185,_
27310,8382
59514,5349
49585,7499
59514,5341
28825,460
64856,8411
28825,430
27766,7935
49520,5850
49520,6029
49520,6373
31625,9971
36430,3324
31625,9903
26600,7925
27880,8403
26910,8415
27880,8401
XO,7360
XO,7359
XO,_
65121,9822
65121,1200
65121,_
63081,7769
33534,8843
93556,3612
33534,3613
33534,8857
33512,3612
33534,3956
33430,3956
33430,8843
77421,9901
36145,3952
36145,3843
35013,3895
36488,1479
67027,3995
36488,1472
36830,1479
67027,3993
36830,1472
90935,1479
67027,3893
90935,1472
50065,3993
36825,5411
50065,5732
49010,5980
50065,5411
36825,5980
50065,3995
36825,5423
50065,5980
49010,3993
50065,5423
15757,7769
58555,6813
58100,6812
58555,6711
58145,6816
58100,3491
32002,6711
33735,3541
50370,5553
27630,8628
27630,8345
C19IP4,3194
31612,3409
31500,3194
31612,9604
32020,3194
31612,_
61313,331
12054,1940
12054,2099
69641,1840
69641,2751
69641,881
12054,1860
12054,2049
69641,2181
69641,8659
12035,8394
20610,8659
12035,8192
12035,8191
12035,8396
NSDO1,_
64795,7745
64795,411
PO11,_
37730,5349
49585,3889
37730,5341
52005,6373
52005,6029
52005,5850
38580,_
27766,7925
27766,7815
27766,8152
28485,8415
27880,7937
19369,8572
36821,5980
36821,5502
36821,5501
50040,3929
50395,3929
77421,763
62165,_
77421,299
67051,1490
27566,8036
27331,7929
27566,8016
27566,9829
27331,7796
28126,8345
29855,8345
29855,7819
11044,8029
29855,7760
29855,8628
29855,8029
52007,3893
90935,5633
52007,3995
36488,5633
DOGBITE,_
23615,8036
27846,7912
25620,8037
29848,7815
25611,8152
27620,8043
28585,8345
25676,7912
27506,8017
29848,8037
27620,7815
27846,7925
28585,8152
25620,8043
25676,7760
29848,8628
11044,7912
25611,8017
28585,7932
96408,6551
67312,1371
66987,1530
67312,1341
20956,8309
27245,7809
27880,7935
20956,7937
27245,3999
27880,7809
28465,8415
20956,7760
20956,9820
27245,7937
27880,3999
28465,7935
11012,3999
28465,7809
20956,8415
20956,8345
28465,3999
11044,7809
27245,8415
27556,8309
27556,8345
27556,9820
28008,9357
C19IP2,5600
45385,4443
UO71,9604
90935,4131
76942,4131
33025,3995
38220,3712
33025,4131
38220,3995
76942,3712
36430,6011
55700,9971
C19IP1,6011
55700,9903
38745,8401
26951,4023
38745,407
25000,8073
11000,8301
25000,8013
11000,8073
25000,9357
16010,8073
25105,8301
25000,8628
11042,8554
20926,8628
19340,8669
11042,8553
20926,8554
19340,8628
20926,8553
00370,_
68510,911
C19FRP,5498
75961,8839
75961,9820
II129,_
63030,8345
47600,6551
47600,6539
58940,5122
OO390,_
58200,5732
58180,5980
44950,5461
49021,5461
49900,5491
49900,4709
52649,5700
27497,7760
27786,3880
27497,7906
27497,8339
27497,3880
37618,8417
27497,8302
27497,9820
37618,8314
27590,3880
27786,8417
27497,7710
27786,8314
27497,8417
37618,7906
27497,8309
63304,8099
28675,7939
23515,7989
66982,1254
65850,1330
11043,4850
45110,8345
45380,3402
32100,4525
45380,3328
59350,6639
59409,6941
59350,7360
58600,6941
59350,7359
75994,3950
23515,7974
26676,7929
21450,7760
21450,8309
21450,9820
21450,7710
21450,8302
21450,8339
49587,4709
43234,4572
43234,4590
77418,5732
C19IP4,3956
33200,8843
38747,5253
38747,4150
12001,8630
11401,8659
12002,8630
33501,3699
21470,2181
21470,8659
11443,2181
11443,8659
57100,9971
36430,7024
57100,9903
11752,8345
11000,5349
49605,8628
11000,5341
C19IP1,4610
C19IP1,4572
57135,6813
58100,7033
57135,6711
44020,5423
44020,5411
44186,4502
44020,4639
44186,5423
49000,4502
44186,5411
49505,6000
63281,6270
54520,340
63281,6230
26123,7760
26123,8309
26123,9820
26123,7710
26123,8302
26123,8339
26123,8628
45378,6549
59120,4685
76986,6549
59120,4525
75635,8628
11043,8848
75635,8345
62360,6651
58700,390
42508,2629
42508,2699
23515,8499
25526,7929
43830,9357
16010,4319
27250,4563
19364,8548
19364,8547
29425,8192
29425,8396
29425,8191
29425,8394
28110,7760
28110,8309
28110,8345
28110,9820
28110,7710
28110,8302
28110,8339
28110,8628
36488,5620
66984,1232
65870,1330
49521,5411
49521,5423
77261,6902
77401,6902
26952,7934
26952,7933
26765,407
26352,7934
26735,8381
26352,7924
49525,_
46320,4675
50700,4946
44605,5689
46320,4610
50700,4675
44605,4946
46320,5689
50700,4610
44322,4673
44602,4610
49000,4601
45113,5411
27732,8152
27758,7827
27732,7815
27732,7936
27506,7827
27732,7925
27732,7827
12002,4461
43840,8659
12002,4442
35741,3808
35741,3991
39541,3402
32124,5380
39541,3339
61314,8302
61314,8339
61314,8628
65101,884
67961,1649
65101,8671
32601,8628
11043,3421
32601,8345
MD059,8544
MD059,8543
MD059,_
20600,479
20600,460
52235,9901
52235,3893
52235,5502
36450,5831
52235,3995
C19PP1,_
C19IP2,5749
49321,5831
52235,_
C19IP2,5424
49321,5732
C19IP2,5831
49321,_
52235,5424
49321,5749
20240,8345
55700,5551
NN938,_
54530,5810
54530,5860
54530,6094
54530,8929
54530,5732
54530,5850
54530,6029
54530,6373
DM805,_
23585,7760
38542,8302
38542,8345
23585,9820
38542,7929
23585,4021
38542,7710
38542,8309
23585,8345
38542,8628
38542,7939
11012,4021
38542,7760
23585,8309
38542,8339
38542,9820
96408,125
61340,9925
32405,3420
32602,3326
32405,3320
11011,7785
32095,3404
32095,3491
51920,5850
51920,6094
51920,5732
51920,5860
51920,6373
52601,5784
51920,5810
51920,6029
51920,8929
19110,5850
52276,8599
19110,5732
68700,884
67961,973
68700,8671
49905,4442
49000,5474
49905,5411
44005,729
52005,730
60540,5459
60540,8773
50953,5600
50953,5732
C191P3,9971
10060,407
26951,8604
12004,9357
12002,7932
C19IP4,4461
C19IP4,4442
24515,7932
47562,6639
58661,9971
58661,5123
P0000,6839
59525,_
P0000,6840
76942,7749
76942,7745
58558,6823
58563,6812
58563,6909
58555,6823
58563,6816
52234,5620
52336,5831
52234,5522
52234,5631
52234,5980
52336,5749
47612,3995
27536,9357
17282,8630
54690,5421
54690,5300
27466,8309
27466,8345
27466,9820
11011,7845
27466,8302
27466,8339
27466,8628
47420,8839
75980,5151
47420,3893
36488,8754
75980,3893
75980,5104
63250,7360
59409,340
63250,7359
ZZ011,_
24800,7760
24800,8309
24800,8345
24800,9820
11012,8124
24800,7710
24800,8302
24800,8339
24800,8628
27596,3808
NZ491,_
99426,_
27510,8036
51565,4610
58720,5674
44141,5760
51565,6561
58720,5760
51565,4572
44141,5674
ANCO1,_
26750,125
61304,7904
26750,124
32095,3421
32601,3492
32005,3409
32095,3492
32005,3421
32020,3492
46050,4873
46050,4993
46060,4543
46060,4836
19110,4873
45308,4901
19110,4912
45308,4993
46060,8599
19110,4542
46060,4823
19110,4835
19110,4901
45308,4911
19110,4993
45308,8599
19110,4543
46060,4835
19110,4836
45308,4873
19110,4911
45308,4912
25315,8399
44310,4563
21040,8670
20969,7769
21040,3999
43330,4610
43352,5411
44146,5423
49000,4270
43330,4211
43352,4579
43330,5411
43352,5423
44146,4270
49000,4211
43330,4579
43352,4594
43330,5423
43352,4270
44146,4211
43330,4594
43352,4610
44146,5411
77401,3959
11000,3959
77401,8628
47425,8839
74363,5104
74363,5182
64857,3491
24341,3800
32002,3991
64857,8388
35761,3404
24341,3491
32002,430
64857,3800
27071,7710
27071,8302
27071,8339
45308,9622
45303,4543
46255,4836
45303,4542
46255,4835
45303,4836
45308,4946
45303,4835
44310,4675
44604,4620
36488,5759
51020,3893
51020,3995
45309,4685
46050,4542
46050,4835
45378,4836
45309,4901
46050,4525
46050,4543
46050,4836
45309,4525
46050,4685
46050,4823
93528,3700
93528,3723
27784,7935
27511,7926
45380,4562
49180,4579
45380,5424
45380,4579
49180,4593
44160,5424
45380,4593
49180,4525
49180,4562
C19IP4,3895
22845,7769
63012,7809
22845,309
22851,7769
63012,8451
22845,7809
20936,7769
63012,7859
22845,8451
33536,8843
64734,403
75984,3491
C19IP3,5512
75984,3995
32000,8839
75984,_
32000,5512
C19IP2,5719
51050,_
62200,160
61500,220
62200,125
43220,4685
43220,4525
11011,3491
32002,8302
32002,8339
32002,8628
11042,4461
11042,4442
44960,4673
21041,7691
11043,7769
21041,8628
11043,7691
21215,7769
21041,8345
58925,9971
58925,9903
58925,5440
15740,1289
65280,8670
15740,1159
50130,5980
50130,5732
49605,5492
49606,5341
C19FRP,3409
44141,5425
22845,7789
31541,639
31541,4040
31541,640
60252,3009
15756,9901
11040,8332
36450,8669
11040,9901
36450,8332
44208,4562
44208,5411
44208,4579
44160,1739
44208,5423
44208,4593
44160,4594
75726,5423
90945,5411
75726,5498
75726,5411
31500,8840
49000,5498
75726,9604
49000,8840
12052,9820
25490,1840
11010,2181
25490,8659
11010,881
12052,7813
25490,8628
25490,2181
11010,2751
25490,881
25490,9820
11010,1840
25490,2751
65114,407
42415,1659
65114,2929
50040,4709
44320,5501
44950,5501
49560,5122
58300,6840
59525,6970
58300,6839
11012,8140
27122,7710
27122,8302
27122,8339
27122,8628
11042,7939
40652,8309
40652,9820
11011,2759
40652,8302
40652,8339
29355,7905
59812,6949
58520,6902
59812,6941
59514,6949
59514,6941
93510,3780
33208,3722
93510,3772
50020,9903
49502,4563
WI999,_
57260,6561
62116,206
46080,4685
45378,4959
46080,4525
21147,7646
21147,7691
15100,7937
28485,8669
23040,8016
27310,8019
67039,1372
47350,5425
47360,3482
32110,3886
39501,5061
11043,5425
49080,3349
49080,3886
32110,5061
47360,5425
11043,3349
49080,3402
11043,3886
47360,3349
11043,3402
11043,5061
39501,5425
47360,3402
49080,3482
32110,5425
11043,3482
39501,3886
47360,8345
26415,8171
26415,8628
11000,8171
26415,8233
29425,9788
29425,294
21432,7760
21432,8309
21432,8345
21432,9820
21432,7710
21432,8302
21432,8339
36556,5498
C19T1,5498
36556,3121
36556,_
36556,3995
58150,8753
47563,6561
27736,_
43860,9357
36488,4450
43860,9971
43860,3893
16010,4389
36488,4389
16010,4450
43860,9903
66982,1233
60240,639
57510,6813
58600,6732
57510,6711
58600,6813
58100,6732
57510,6639
58600,6711
31290,2219
62270,2290
36450,331
31290,9901
62270,2219
36450,2290
62270,9901
36450,2219
09081,_
27050,8039
27050,7760
27050,8309
27050,8345
27050,9820
11012,8039
27050,7710
27050,8302
27050,8339
27050,8628
44322,3893
C19IP4,4590
C19IP4,4572
31575,3409
31575,3121
31575,9604
31575,_
31575,5498
60100,4590
44140,611
60100,4572
31500,5349
49605,9901
31500,5341
36450,5349
49605,9604
36450,5341
27427,8060
27332,8146
27427,8016
OD649,_
46050,4824
48545,5061
49000,5295
48545,5423
47350,5295
48545,5411
26350,8401
26951,8286
54161,4912
17110,6400
54161,4911
17110,4912
46275,6400
54161,8630
17110,4911
C19IP1,8411
50075,5504
50081,5501
50075,5503
50075,5521
25260,3952
64836,8388
36488,430
35161,8302
24586,7810
35161,7929
25260,3840
36488,8388
20692,3893
35161,7760
35161,7810
25260,7929
64836,3840
20692,430
24586,3893
35161,7710
35161,9820
25260,7810
64836,7929
20692,8388
24586,430
35161,3893
64836,7760
35161,8628
64836,7810
11012,3840
20692,3952
24586,8388
35161,430
25260,3893
64836,7710
35161,8345
36488,7810
20692,3840
24586,3952
35161,8388
25260,430
64836,3893
35161,8339
24586,3840
35161,8309
11000,8544
11000,8543
11000,3110
31603,8411
11041,3110
28810,3110
31603,8628
28820,3110
61501,9357
35521,8848
44180,6849
58150,5451
44180,6561
55722,_
11400,4685
43234,8630
11400,4525
11400,4513
36568,5149
31631,3121
31600,3199
44143,3409
32020,4575
29882,7860
27766,8659
12001,7929
12001,7819
31238,2119
31238,2262
31267,2100
25526,7979
25526,7902
25520,7819
25520,8499
25520,7939
26785,7934
26785,7924
26735,7984
12001,4879
45562,8659
12001,4800
C19IP3,139
44603,9357
16010,4673
11043,4639
44130,8345
15933,8345
21330,8345
BILEREFLUX,_
12014,3893
67715,2181
67715,8659
90935,6230
54520,3995
90935,6270
25316,8375
25645,8399
25316,7929
25645,8375
25316,8399
44950,5600
49525,5411
11010,7924
24363,8185
24363,8197
CU089,_
58790,5423
58790,5411
58790,_
27070,7760
27070,8345
11011,8365
27832,7760
27832,8309
27832,9820
27832,7710
27832,8302
27832,8339
27832,8628
44204,_
C19IP2,4590
C19IP2,1739
31231,9971
36430,2121
31231,9903
43840,5419
49020,4461
49020,4442
29435,7860
90935,4442
43840,3995
90935,4461
50546,3893
31600,2211
31535,3121
31237,3143
31600,2121
31535,2211
31237,3121
31600,3143
31535,2121
50605,5423
50605,4610
50605,5411
50605,4575
DD84,_
33015,3409
33020,3409
51860,5425
51040,5425
49080,5717
49080,5781
47610,8839
75980,8753
47785,8754
75980,5499
47610,8754
47785,8839
75980,5122
25270,7932
27437,8147
27437,_
36430,8147
27437,9971
C19IP2,8147
27437,9903
67052,1359
66940,1370
NSVD,6639
10180,3893
10180,8659
15931,8604
10180,8630
21740,3474
47350,4562
96408,8554
19342,9925
96408,8553
26952,7923
C19CI,8628
C19CI,8345
58950,9971
58950,9903
44145,5411
OO20,_
26650,8345
44970,6639
58661,4701
11626,8660
15757,8345
11626,8628
15757,8630
11626,8345
27652,7710
27652,8302
27652,8339
69641,1919
69670,2049
20220,3491
32655,7749
32002,3221
20220,3404
32655,3491
32002,7749
20220,3221
32655,3404
60521,3409
60521,3893
90958,_
37615,7360
37615,7359
11000,4513
48547,4461
48547,4442
66982,1151
19260,3893
65091,2181
65091,8659
23470,8444
23616,8183
23470,7931
31575,2211
31237,3142
44602,4620
24685,7935
24685,7815
36488,3459
32320,3995
36488,3451
31515,3459
32320,3142
31515,3451
90935,3459
32320,3893
90935,3451
20670,7925
49509,5425
19160,3491
32002,8523
19160,3404
62010,125
61314,202
62010,124
27001,8312
26497,8256
27884,8628
27884,7760
27884,8411
27884,8345
90935,3539
33411,3995
90935,3522
CKDSECTOCHRONIC,_
11042,4594
44207,8628
11042,1739
C19IP4,3809
34421,8415
27880,3807
31600,3809
C19IP1,5810
C19IP1,5860
C19IP1,6094
C19IP1,8929
52648,_
C19IP1,5850
C19IP1,6029
C19IP1,6373
55865,4030
55865,6000
25020,8382
25020,8332
26037,8382
15734,8212
25020,8669
26037,8332
15734,8314
25020,8212
25825,8126
25530,8499
25530,7939
27230,7760
27230,7710
LO303,_
XA,9814
31530,_
XA,3142
58925,5459
26130,8192
23657,3409
32141,3228
23657,3221
44005,4450
43860,5459
44005,4389
43268,8754
47620,5293
43268,5183
36488,6970
90945,6970
58300,5498
C19IP3,6970
58300,3995
58300,3893
16010,3491
32000,9357
45378,5733
52204,3995
C19IP2,5733
52204,4685
36488,5733
23170,7701
92982,3721
93508,66
92982,3639
35013,3893
36488,3843
26471,8388
21240,7650
14060,2759
40525,8689
14060,2743
43300,4289
32095,9604
36510,4289
43300,3409
32095,3892
31500,4289
36510,3409
43300,9604
32020,3892
32095,4289
43300,3892
32020,4289
16010,4461
42100,4590
44140,2722
42100,4572
19101,6849
58150,8511
19101,6561
25620,7979
11750,8309
11750,9820
11750,8302
11750,8339
29888,8309
29888,8345
29888,9820
11011,8145
29888,8302
29888,8339
29888,8628
61510,9925
96408,124
27514,8309
27514,9820
27510,7745
20680,8086
29877,294
29877,9788
20680,8026
29877,7860
43255,9971
25263,460
64856,8388
25263,430
50075,5600
27334,7745
20245,8076
27334,7742
27334,7749
20245,8016
EE112,_
41108,5421
43653,2724
41108,4319
46275,4873
46275,4993
66984,1471
15220,7989
28615,8669
36568,5136
36568,5270
24530,9353
49509,4579
44160,5310
49509,4593
44160,5300
10140,8345
RVS99,_
51570,5423
51570,5411
43820,4639
44950,4439
99256,4709
43820,4590
99256,4439
36450,4709
44130,8907
99256,4639
43820,8907
44950,9901
43820,4709
44950,8907
25270,7933
26615,8388
25270,7923
58740,5502
44950,6589
58740,5501
44950,5502
50040,6589
58740,4709
27323,7760
27323,8339
27323,9820
27295,8321
27323,7710
27323,8309
27323,8418
27323,8302
61313,7760
61313,8309
61313,8345
61313,9820
11012,124
11044,8699
14350,7760
11044,7756
28415,_
C19IP2,7939
24515,7745
47360,4675
47600,5425
49080,4675
44604,3886
27510,7935
27510,7815
29065,7803
25126,9353
29065,7763
11000,3420
32602,8628
11000,3320
49080,5980
30110,2188
30520,_
30110,2150
32405,7860
36488,9344
27245,3326
20650,3893
32405,7935
33200,3721
93508,3774
CR159,5310
CR159,5300
CR159,_
27756,7989
26785,7819
27756,7984
27033,7760
27033,8309
27033,9820
11012,8015
27033,7710
27033,8302
27033,8339
27033,8628
49255,6551
49255,6539
49255,7499
29065,7909
25675,9353
47564,5459
46060,9622
45303,4873
45303,4901
15920,8628
31605,8659
15920,3995
31605,8628
31605,3995
11043,3110
15920,8345
90935,7789
31605,8630
15920,3893
31605,8345
31605,3893
15920,3110
31605,7789
27329,9971
27328,8339
27329,9903
49505,6270
20902,7936
27756,7800
20902,7817
27535,7800
20902,7819
21465,9971
27507,7676
21465,9903
36430,7676
21465,7935
27600,8609
11044,8609
36488,7931
23615,9903
36430,1739
44145,9903
44207,9971
44145,9971
44207,4579
36430,4594
44145,1739
44207,9903
49420,9820
11010,5419
49420,8628
11042,8199
68700,881
67935,973
68700,1060
22842,359
63709,7859
63709,359
44005,9604
44310,4562
31500,4590
31500,4620
44625,9604
44310,9604
31500,4562
31500,5459
44625,4620
31500,4650
25575,7859
25575,7672
49505,4685
45378,5300
27759,7847
27715,7936
27759,7837
31603,3942
31603,3800
36832,3110
24500,7760
11012,7901
24500,7710
44187,4639
44187,5299
48001,4620
44187,5103
27602,9357
33025,3958
31603,3961
33860,3712
31603,3599
33025,3961
33860,3110
33025,3599
31603,3958
31500,5504
36450,5521
50081,9604
36488,5503
31500,5521
50081,9901
36450,5503
36488,5504
31500,5980
50081,3893
31500,5503
36450,5504
50947,6849
44005,5674
58150,5731
76394,8897
52000,5860
52000,6270
52000,6094
52000,6230
52000,5810
52000,8929
66840,1371
43262,5251
43262,5296
48153,5185
43262,5136
43262,5270
27745,9353
27310,9353
41115,8628
11043,2592
41115,8345
44950,5671
50500,4150
38100,5581
23508,_
52339,5522
52339,5631
52339,5641
52339,5732
52339,5980
27882,3891
27882,3808
27756,8016
27331,7819
27513,8669
27756,8332
27513,8036
27756,9829
15738,7819
27331,8332
27513,8382
15738,8016
27756,7935
15738,9829
27310,8332
27513,8016
27513,8332
27756,8382
27513,9829
27756,7815
27331,8382
15738,8036
27310,8669
42320,8604
LO21,_
22100,7769
35301,3812
11000,4901
28825,8415
12056,8628
12056,8345
43250,3893
44389,4901
44389,4912
22630,8451
45384,4443
45384,4233
58120,8628
11043,6909
58120,8345
36450,5600
58950,3404
58950,9901
58950,3893
58950,3491
58950,3409
26535,8172
25274,8309
25274,8345
25274,9820
25274,8302
25274,8339
25274,8628
66985,1459
67108,1372
66985,1449
52000,6651
50553,5732
59513,5980
58700,9645
59513,8773
58700,9649
50553,7499
59513,9645
52000,7499
50553,6839
36488,6840
58700,5521
59513,9649
52000,6839
50553,6840
59513,5732
52000,6840
50553,6651
59513,5521
59525,5980
58700,8773
52000,9645
46255,4873
46060,4946
46255,4901
46255,4993
45170,4685
45170,4525
C19IP1,8403
25545,8314
24495,7932
25545,3803
43250,4513
NEWBORNCARE,_
25118,8345
03000,_
27071,3995
90935,7785
11403,4946
46250,8630
11406,4946
58270,6849
58150,6859
25290,8313
27265,8152
36430,7975
27265,_
C19IP2,7975
27265,9971
C19IP2,8152
27125,7975
27265,9903
27329,8302
27329,8628
27329,7710
27329,8309
27329,9820
27329,7760
27329,8345
67345,420
43239,5502
49080,4514
43239,5501
43239,5425
25500,9820
25500,8628
49585,5151
47564,5341
ONMAINTENANCEHD,_
47000,5123
47000,5349
47562,_
47000,5341
27536,7809
26492,8662
26492,8256
26121,8381
26492,8235
26492,8684
26121,8256
26492,8381
14060,2181
14060,8659
54348,5845
54348,5849
54348,8670
36858,_
36858,3409
36858,3893
MO809,_
44800,5300
49505,4533
44800,5310
35021,3995
90935,3845
44141,9604
31500,4572
65285,7925
27506,1289
65285,7815
65285,8152
27506,1159
46260,9357
46260,8628
27381,8154
27447,8364
11010,8604
90935,3846
35102,3995
90935,3844
90935,3847
24076,8309
24076,8345
24076,9820
24076,8302
24076,8339
24076,8628
31255,763
36450,2119
31500,2263
62165,9901
31255,9604
36450,299
31500,763
62165,2119
67715,212
61608,851
67715,160
36825,5521
50080,3993
50080,9901
36825,5504
50080,3893
36825,5503
38700,6859
57240,7092
58263,4029
38700,7051
57240,6561
38700,7092
57240,4029
58263,7051
38700,6561
57240,6859
62220,4685
76986,232
62220,4525
31600,232
43830,_
43235,3121
62220,4513
31600,4685
43830,232
45378,3121
62220,4319
31600,4525
43235,232
62220,3121
76986,4319
45378,232
62220,_
76986,3121
63251,340
10140,125
61313,8604
10140,124
61585,1659
61585,299
61585,7739
11043,5459
47600,9804
45379,5122
47600,4523
27158,8152
27258,7739
27158,7985
14041,8671
67966,8689
14041,824
25676,8345
11042,7783
41135,4040
15100,2520
15757,4041
15758,8669
38724,8660
41135,8382
15757,4040
15758,2520
38724,4041
41135,8669
15100,8660
15757,8382
15758,4021
15100,4041
15758,8660
41135,4021
15757,2520
15758,4041
41135,8660
15757,4021
15758,4040
SO690,139
61570,_
SO690,125
SO690,_
45820,5843
45820,4979
46740,5843
45820,4899
C19IP1,5425
25620,7934
25620,7924
66852,1269
66852,1264
66852,9928
66172,1342
UO072,_
27244,3886
47360,7935
27244,5061
11000,4959
46200,8628
64836,7702
31500,3891
36660,9604
C19IP3,8302
C19IP3,8415
C19IP3,8339
C19IP3,9820
C19IP3,7710
C19IP3,8309
64856,8345
64856,7760
64856,8628
11044,430
28825,3893
C19FRP,8411
C19FRP,8628
77418,5502
77418,5501
28045,8689
14040,8332
75671,1475
67051,8841
75671,1474
11040,2749
31365,4040
15732,7631
11040,3040
31365,8332
11040,2530
31365,2749
15732,4040
41155,8382
31365,2530
15732,2749
11040,7631
31365,8628
15732,3040
41155,8332
11040,8382
31365,8669
15732,2530
11040,4040
31365,7631
41155,3040
31365,8382
66920,1292
65815,1319
66920,1291
43200,3121
31541,4223
31600,3009
43200,3143
31541,3121
31600,4223
43200,3009
23222,7762
23222,8441
DI26/0,_
49420,4685
49420,4525
75989,4685
32000,5419
32000,4685
45378,5419
49420,8839
32000,4525
36488,9788
20663,3995
36488,294
C19IP3,9788
20663,_
C19IP3,294
90935,9788
20663,3893
90935,294
43830,5423
44372,4319
43830,9608
99610,_
27766,125
61312,7819
27870,8345
49507,5850
49507,6373
26070,8403
26910,8013
26070,8401
51920,5600
49080,4639
49255,4639
44130,5425
35180,2181
20520,2751
35180,881
20520,3953
12052,8302
35180,1840
20520,2181
35180,8659
20520,881
12052,3953
35180,8302
20520,1840
35180,2751
20520,8659
27658,407
25270,8401
26952,8388
26951,8364
27658,8388
27658,8401
25270,8364
25270,407
26952,8364
26951,8388
99460,5751
51500,_
52260,5641
50220,9625
52260,5501
50075,5551
50075,9625
52260,5551
50075,5641
50220,5732
67950,2181
67950,8659
50075,8839
52332,8839
74480,5501
27235,7935
27766,7905
27235,7936
27758,7905
27235,7819
66170,1474
67036,1264
21422,7859
21422,7672
IMP01,4513
21423,7819
21423,7643
61518,292
62145,125
61518,206
25500,7901
23600,7902
52852,6097
53852,_
52852,6021
52852,_
ENDOMETRIALCARCINOMA,_
25085,8684
15220,8043
25085,8670
15220,8684
26597,8043
25085,8669
15220,8670
22011,_
80032,_
25515,8907
99256,7932
31760,3179
21586,_
99461,_
28525,7931
24546,7938
28525,7842
38181,_
58740,6601
59150,6589
58740,5421
32440,125
31622,3259
61320,3324
32440,124
31622,125
61320,3259
32440,3324
31622,124
96445,5423
49250,5491
96445,5430
49250,5411
49250,9925
49000,5430
96445,5411
49250,5423
ORWITHNEGATIVERESULT,_
26990,8345
11406,8544
11406,8543
NN032,_
58770,6529
49000,6602
58770,5423
58925,6602
58770,5411
28825,7926
49525,5810
49525,5860
49525,6094
49525,8929
94081,_
OU071,_
29450,7936
29450,7819
50060,8839
52334,8839
DU86,_
45380,4709
27217,8302
27217,8345
27217,7936
27758,7989
27217,7710
27217,8309
27217,7760
27217,8339
27217,9820
64861,430
31601,4610
31601,4572
44141,3121
31601,3995
67052,1380
43244,4443
43255,4341
20822,8345
47785,5136
12035,4675
44604,8659
11043,4442
12035,4461
12035,4442
11043,4675
44604,8345
49509,6270
49255,6230
54520,5440
49255,6270
24615,479
64718,7982
24615,460
49587,8601
10160,5349
49255,8601
10160,5341
45303,6849
50575,4823
58150,9622
45303,5521
45303,5732
45303,9649
50575,9622
45303,5620
45303,8773
45303,6561
58150,4823
45303,5631
45303,9645
50575,5551
50545,5620
50545,5732
50545,9645
69436,2252
31050,2001
69436,2212
27479,7825
11000,2188
30520,8628
11000,2150
26841,8129
26615,8199
27829,7933
26615,7859
26615,9359
27829,7923
11012,8030
24101,7710
23650,7860
43750,3956
93652,3734
47600,4514
58140,6822
19101,9357
16010,8511
93510,3893
36488,3722
47125,5361
49561,5030
47125,5351
35536,3910
43750,2211
31614,4311
36450,3174
43750,2121
31614,2211
36450,4311
31237,3174
43750,9901
31614,2121
31237,4311
43750,3174
31614,9901
61684,3953
35207,479
64830,3959
35207,407
31600,4824
90945,4824
45300,5498
90945,4525
43235,5498
45378,5498
45300,_
90945,4685
C19IP4,4824
45300,3995
45300,3121
21470,8669
11043,7676
15100,7676
AO10,_
44160,5425
25620,9357
49520,6400
58925,7499
58925,5349
59514,6529
58925,5341
51860,6639
58180,5781
51860,6839
58180,6639
58600,5781
26991,4911
46280,8115
26991,4912
11000,4993
45303,8115
26991,4823
26991,4993
11000,8115
26991,9622
27429,2220
36430,4443
45382,9903
36488,9829
90935,7815
27524,3893
27331,3995
90935,8016
74363,3409
49420,5198
32020,8839
74363,5419
32020,5198
44950,3409
67950,7935
11042,859
67950,7815
27514,859
67950,8628
26356,7984
36430,4639
44186,9971
44186,9903
23515,8031
23101,7939
23515,8011
23515,8091
23101,7929
77418,6011
77421,6011
11041,3995
49420,5294
43264,5419
49420,5188
11752,7760
11752,8309
11752,9820
11012,8623
11752,7710
11752,8302
11752,8339
43620,4680
SS,_
MM,_
49525,5361
49561,5300
38505,6849
38505,6561
38505,4709
26785,7933
26433,7984
26746,8284
26433,7923
26746,7984
88331,6829
58140,9199
58140,8908
11012,8456
27488,7710
27488,8302
27488,8339
38572,4011
38572,4029
38572,5421
50551,5732
49020,9645
50551,5423
52332,5419
49020,6849
58720,5521
50551,6849
49020,8773
58720,9649
50551,5411
49020,6561
49020,5980
52000,5419
50551,6561
49020,5521
58720,9645
50551,5980
49020,9649
50551,5419
49020,5732
58720,8773
44391,4513
44005,6589
58740,5459
28120,7810
20690,7789
66984,1231
65865,1330
11043,650
60271,8345
35141,3995
SO65,_
36660,4590
44202,3891
36660,4562
21740,7859
21365,3474
21740,7672
29851,7819
29851,8026
11042,8907
YO4,_
52281,3995
82169,_
47563,5151
47563,5136
47600,5123
31205,2263
76932,4595
C19IP3,7491
59100,3893
C19IP3,6800
31500,7491
59100,9604
31500,6800
36488,7491
36488,6800
44186,5440
43259,4639
43239,8874
43259,5440
43239,4639
49255,4514
43239,5440
49255,8874
44186,4514
44186,8874
43259,4514
43235,4675
44605,3893
44605,4525
44605,8628
45378,4675
44605,4685
11000,4675
44605,4513
67025,1372
66985,1471
56740,6639
44005,7124
58661,7124
56740,5459
44005,5641
50220,5459
44005,5551
36261,3949
36810,3893
36810,3121
31600,3993
66940,1452
26910,8411
28820,8403
15100,8411
28820,8669
28820,8401
48140,5423
88331,5253
48140,8908
36488,9199
88331,5411
36488,5253
88331,3893
49000,8908
48140,9199
88331,5423
49000,9199
48140,5411
88331,4150
48140,3893
36488,8908
19162,8521
27889,9357
16010,8413
27889,8628
76942,407
42420,_
76942,2632
48000,5423
49000,5299
48000,5411
27125,7860
12002,7925
27892,9971
27892,9903
56420,7360
59409,7122
56420,7359
NB083,_
44005,4593
26676,8345
27030,9359
27509,8015
27030,7945
25900,3880
37618,8405
43280,5132
36488,4467
43280,4439
43820,4467
47721,9903
43280,9971
36430,4467
43280,9903
47721,4467
43280,3893
26746,8286
27536,8444
23616,7936
27536,7931
90953,_
AO69,_
22224,8051
49060,5423
49010,5419
49060,5411
25145,9820
11010,7709
25145,8628
33025,3893
33025,9971
31500,3712
33025,9903
36430,3712
33025,9604
49509,5459
27507,7931
27507,7842
C19IP1,5631
C19FRP,3110
HH603,_
36481,3110
43260,8843
57540,6740
44206,6230
54520,1735
44206,6270
52000,1735
44206,5732
11446,7691
21147,8630
11446,7646
36011,4461
36011,4442
23935,8345
11044,7719
23935,7760
23935,8628
11044,7712
46600,4685
76986,4921
46600,4525
45378,4921
46600,_
99460,8669
15756,_
99460,8332
C191P2,9357
C191P2,8628
C191P2,7499
76986,5980
76986,5732
67051,3995
54161,8345
20957,3999
20957,7808
35081,3846
61686,3953
28800,8446
14041,9903
14041,4572
14041,9971
44140,8689
14041,4590
31080,2242
62192,139
62160,371
61150,233
62192,124
62160,139
62223,371
61150,299
62192,233
62223,139
61150,371
62192,299
62160,233
88331,639
60252,9199
88331,4040
88331,640
60252,8908
43260,5104
47480,5110
43260,5103
29355,8456
27488,9353
29355,8006
27840,9353
29405,7977
27250,8309
27250,9820
12004,9901
36450,7975
27250,7710
27250,8339
12004,7975
27250,9901
27250,8302
63017,8907
99256,309
63003,8907
HE143,1371
HE143,1330
11010,8286
90935,6539
44960,6551
58940,3995
44960,6539
20822,7760
20822,8309
20822,9820
20822,7710
20822,8302
20822,8339
20822,8628
31365,640
60252,4021
38724,3040
31365,4021
60252,3040
36430,4650
44625,9971
44625,9903
90935,7841
21750,3995
90935,7769
43870,5423
43640,4462
43324,4401
49000,4466
43870,5411
43640,5423
43324,4462
49000,4401
43870,4466
43640,5411
43324,5423
49000,4462
43870,4401
43640,4466
43324,5411
66761,1274
66710,1212
66761,1273
28456,8309
28456,8345
28456,9820
11011,7818
28456,8302
28456,8339
28456,8628
50548,3995
11043,3806
35860,8345
59525,9901
36450,6840
36450,6839
24615,8309
24615,9820
11012,7982
24615,7710
24615,8302
24615,8339
28297,7751
28297,7759
28297,7798
49010,5641
20827,7760
20827,8309
20827,8345
20827,9820
11012,8421
20827,7710
20827,8302
20827,8339
20827,8628
11012,8989
27218,7710
27218,8302
27218,8339
99460,4450
99460,4389
38747,2211
31237,4030
38747,2121
27594,5423
49000,8417
27594,5411
27758,7814
JO19,_
44950,6909
58200,6909
58120,4709
58120,4011
44204,4685
19160,8595
19357,8523
19160,8570
38770,4595
51565,4620
44150,5674
38770,5760
51565,5022
47120,4582
38770,4620
51565,4030
47120,5674
44150,5760
38770,5022
51565,4582
47120,4595
47120,5760
44150,5022
38770,4582
51565,4595
47120,4620
44150,4030
38770,5674
44320,4575
44143,4800
25575,8659
12014,7932
12001,8401
12001,407
11043,1289
65285,8345
33464,3961
33208,3514
33430,3528
33464,3772
12042,8689
11760,8659
31529,3142
31529,3198
57452,6639
58661,7021
57452,6561
49321,5980
52332,5424
C19IP3,4901
C19IP3,4993
C19IP3,4873
C19IP3,4912
C19IP3,4911
44393,3121
90945,4522
44393,_
31500,4522
44393,3995
44393,4513
36488,4522
90945,4543
44393,9604
C19IP4,4522
31500,4543
44393,5498
31600,4522
44393,3893
58661,6539
23570,125
61313,7909
23570,124
57250,7092
52005,6529
58950,5980
49000,9646
52005,5423
58950,8773
52005,4709
58950,9646
52005,5440
58950,5732
44950,9646
58950,9649
52005,5411
67010,1452
63282,8628
11043,340
63282,8345
54050,7360
59409,6420
54050,7359
11040,4572
11043,4543
45382,8345
25600,5810
25600,5860
25600,6094
25600,8929
52601,7902
25600,5732
25600,5850
25600,6029
25600,6373
11042,8286
11042,8251
27470,7760
27470,8309
27470,8345
27470,9820
11012,7845
27470,7710
27470,8302
27470,8339
27470,8628
TN208,_
TN208,3893
TN208,3995
52612,5719
11041,5310
11041,5300
11010,7859
11010,9359
11010,8199
27447,8192
27447,8396
20610,8147
55040,5423
54152,6310
49010,6400
55040,5411
54152,5423
49010,6310
55040,6400
54152,5411
KO29,_
30117,3121
31600,2131
30118,3121
23420,8183
23415,8363
26535,7760
26535,8309
26535,8345
26535,9820
11012,8172
26535,7710
26535,8302
26535,8339
26535,8628
49908,_
99256,8544
19240,8907
99256,8543
26449,8345
27511,7902
09375,_
99460,4461
99460,4442
52000,5293
47605,5732
52000,8753
47605,5293
43268,5732
61340,9903
C19IP3,4311
47740,4685
47740,4525
45378,5132
47740,4513
31600,309
61343,233
62223,309
61343,3121
31600,212
76924,_
22842,7769
38505,8382
25515,8364
28270,7932
25515,8048
15200,9357
93640,3726
32005,9925
96408,3492
16010,479
11044,7851
23480,7760
24160,9353
29065,8002
64857,8628
64857,8345
27220,7949
23491,8401
26951,7852
23491,407
50951,5980
26770,9820
11010,7974
26770,9353
20225,7710
20225,8302
49021,5760
32020,5491
43239,3409
52000,4514
32020,5760
43239,5491
52000,3409
52000,5491
49021,5732
51550,3409
49021,4514
51550,5491
49021,3409
32020,4514
44320,4912
46270,4610
44320,4911
22210,7739
59120,6601
59150,6549
59120,5421
58520,5423
59612,6941
49000,6949
58520,7360
36477,_
92975,3995
90935,3604
27826,7860
27826,294
27826,9788
58700,6909
58120,6651
20520,8152
20520,7815
20520,7710
20520,8309
20520,7925
20520,9820
CKD5,_
17110,5310
17110,5300
24515,9357
16010,7931
31622,9814
31530,3324
31622,3142
44141,4579
50551,5749
50551,6029
52214,5521
52214,9645
36721,_
66825,1452
55951,_
52240,5631
52240,5980
52335,5749
49588,3995
27705,7936
27535,7737
27705,7817
21360,7679
21360,1689
11043,8685
26560,8345
32005,6849
32005,6561
58150,3492
36568,9933
21935,9199
88331,8339
21935,8908
45305,8628
44188,4824
45305,8345
20220,3323
31631,7749
20220,3199
47605,5440
47605,6561
58951,8753
47605,4030
47605,6529
47605,6849
58555,6849
58740,6812
58140,6589
58555,6561
58140,6812
58150,6812
58555,6589
58740,6829
11000,4709
58350,6829
58760,6589
58555,6679
58661,6812
58350,6639
58760,_
58661,6679
58545,6812
58350,6561
58760,6829
58555,_
58545,6679
58350,6812
58760,6639
58545,6589
58350,6679
58760,6561
58555,6639
58545,_
58350,6589
58740,6679
58760,6812
58350,_
10180,7360
10180,7359
10180,_
96408,5421
43653,9925
96408,4319
58700,6871
58552,6651
58700,6563
63017,9971
22800,7789
63017,9903
63030,9971
22800,309
36430,8129
63017,7859
63030,9903
22800,9971
36430,8051
63017,8129
22800,9903
22612,9971
36430,7789
63017,8051
22800,7859
22612,9903
63017,7789
22800,8051
77600,_
65105,1289
67010,1641
65105,1159
65280,1641
65105,1471
47610,5310
49505,5122
24138,7709
61570,371
62192,125
76986,5674
45111,5731
50947,_
76986,5731
45111,5980
50947,4869
58150,5674
45111,_
58150,4869
50947,6561
45111,5674
43622,4262
44187,4399
36640,4513
43107,3891
43622,4242
44187,4262
43235,4399
36640,4620
43107,4513
43622,3891
44187,4242
43235,4262
36640,4399
43107,4620
43622,4513
44187,3891
43235,4242
36640,4262
43107,4399
43622,4620
44187,4513
43235,3891
36640,4242
36430,9346
27175,9903
14147,_
11403,8623
11750,8630
11402,8623
26562,8685
17959,_
44898,_
15941,7789
15941,8630
44141,4824
38760,8302
27048,8309
21387,7859
21387,7672
25574,8401
25574,407
GUTIERREZMACABAYA,_
63005,4513
45378,309
63005,4685
43234,309
63005,4525
44605,5411
NSD01,7252
47425,8753
47610,5182
44210,4610
44141,4620
29870,8145
29888,8026
50783,3995
51045,5674
50783,5732
51045,3995
52332,5674
50783,5980
51045,5732
50783,5719
20924,9357
16010,8381
20924,8628
20924,8381
44125,6529
58952,4562
58952,4563
58952,4639
28436,7819
28436,7760
28436,8309
28436,8345
28436,9820
28436,7710
28436,8302
28436,8339
28436,8628
60210,9971
36430,639
60210,9903
20680,9971
36430,294
36430,9788
20680,9903
27601,7936
27601,7817
11752,8401
11000,8623
11752,407
45114,6539
58940,4869
45114,6561
45114,6551
58700,4869
45114,6849
58940,6849
45114,6651
58150,6539
96408,4590
44140,9925
96408,4572
27290,8519
33516,3614
67210,1289
65280,1454
67210,1159
34201,4590
49000,3806
34201,4563
44120,3891
34201,4562
34201,5423
44120,3808
49000,3891
34201,5411
44120,3806
49000,3808
26770,7760
26770,8309
26770,8345
26770,7710
26770,8302
26770,8339
44360,5294
44360,5188
47554,8753
47120,5188
47490,5022
47610,5101
47120,8753
47490,5188
47610,5022
47554,5101
47490,8753
47554,5022
47120,5101
47490,5122
32005,3460
32650,9925
96408,3460
32650,3492
96408,3421
39201,7360
39201,7359
39201,_
08392,7360
08392,7359
08392,_
45378,6849
58150,4525
58120,3993
50040,6909
58120,5502
36800,6909
58120,5501
46040,4824
49000,4901
46040,4610
44005,4901
46040,5459
44320,4901
46040,5423
46040,5411
75756,8849
51920,5151
47420,5784
51920,5104
27403,7760
27403,8309
27403,9820
27403,7710
27403,8302
27403,8339
27403,8628
ZE80,_
C19IP4,6970
20680,7939
23515,294
23515,9788
20680,7929
23515,7860
27216,7989
35571,8849
11000,3929
75716,8669
35571,8848
11000,8849
75716,8628
35571,8669
11000,8848
15100,8849
75716,3929
15100,8848
EE116,_
53505,6498
37790,5841
54440,8670
15574,5849
53415,3880
49521,4562
49521,4590
49521,4563
29305,7805
ZS380,_
SO290,_
35236,8628
11043,3956
35236,8345
21330,8628
11040,2172
28505,8286
26410,7939
58805,6849
58150,6591
58805,6561
56440,7150
56640,7123
56440,4030
44908,_
67051,1479
58150,4595
58720,4601
44211,6849
58150,4581
58720,4595
58150,4835
58720,4869
44211,6561
58720,4581
58150,4601
58720,4835
25611,7819
27310,7932
25525,7912
25611,8016
27310,7979
25525,8016
25611,7979
27310,7912
C19IP3,5502
C19IP3,5501
35206,7760
35206,8309
35206,9820
11012,3959
35206,7710
35206,8302
35206,8339
65280,1479
67027,1159
36430,5850
52601,9971
21493,7909
50500,5061
47350,5581
43264,4685
88332,5188
38747,5294
47120,8908
45378,9199
43264,4030
88332,5022
45378,5188
38747,9199
43264,4525
88332,4685
38747,5188
47120,5294
45378,8908
43264,9199
88332,4030
88332,5294
38747,8908
47120,9199
43264,5022
88332,4525
45378,5294
43264,8908
58260,7071
57250,7051
57240,7071
57250,6859
57240,7052
52562,_
33020,640
60240,3712
33025,640
21346,7859
65103,7939
21346,7672
21365,7939
21346,1642
32000,4543
32000,4523
32020,4543
45382,3409
32020,4523
45382,3491
36450,4685
45378,9901
99460,5421
43653,_
10120,4579
37607,4594
44146,8605
10120,3953
37607,5411
10120,4594
37607,4610
49000,8605
44146,3953
10120,5411
37607,5423
10120,4610
37607,8605
49000,3953
10120,5423
37607,4579
27613,9357
16010,8321
26650,7760
26650,8309
26650,9820
26650,7710
26650,8302
26650,8339
26650,8628
25248,7710
25248,8309
25248,9820
25248,8339
47556,4543
43235,5198
47556,4522
44391,5198
47556,4513
25525,9357
16010,7819
33910,3805
33910,3961
31502,9971
52334,5620
52334,9645
52334,5631
52334,8773
52334,9649
26117,7760
26117,8309
26117,8345
26117,9820
11012,8229
26117,7710
26117,8302
26117,8339
26117,8628
58700,9901
32905,3334
57300,7360
59409,7073
57300,7359
50610,5700
52310,5522
52337,5700
52310,5620
52310,5631
21930,4993
46280,4824
21930,4911
21930,4824
46280,8339
21930,4912
27756,9903
36430,7819
27756,9971
28800,8415
27880,8412
44372,4389
43631,4450
43860,9608
44372,4360
43631,5411
44372,4450
43631,4513
43860,4360
43631,5423
43631,9608
49000,4360
43631,4389
43860,4513
29405,8076
27334,9820
27334,8309
27334,7810
11011,8076
27334,9353
27334,7860
29405,9344
20650,8076
27334,9344
29405,8016
11011,9344
44950,4265
44300,3409
43108,4439
43820,4265
44300,4679
43108,4709
44300,4242
44300,4439
43108,4610
44950,4242
43820,4679
44300,4709
43820,4242
44300,4265
42825,2779
42106,2820
42825,2731
42825,2773
44605,5425
64719,3891
34111,479
64719,8388
25263,3803
25263,479
34111,8388
64719,3803
25263,3891
34111,460
27535,7929
21348,7817
24515,8286
26356,7931
24515,8251
23515,9359
23044,7929
29058,7939
23044,9353
23044,7939
29058,8011
23044,9359
29058,7929
47562,5361
49560,5123
47562,5351
25620,7902
24342,8628
11000,8373
82113,_
MJ189,_
C19CI,9901
MJ189,9901
C19IP2,2121
31231,2611
42400,_
47000,2121
C19IP2,2611
31231,_
42400,2121
47000,2611
C19IP4,4620
65850,1299
66995,1254
65850,1266
37204,4543
37204,4523
45382,3880
93510,3491
32002,3722
93510,3404
76942,3722
OO63,_
51596,5501
51596,5502
51596,3893
61510,3324
58700,8628
16010,6651
24006,8345
35226,9971
90935,3959
35226,9903
C19IP3,3959
35226,_
36430,3959
35226,3995
75940,_
61312,3870
75940,124
31500,3870
75940,9604
32020,3870
61312,8839
75940,125
C19IP4,3870
31500,8839
75940,3409
50945,4590
44140,5620
50945,4572
43239,5361
49560,4514
43239,5351
11043,8048
26416,8004
26416,8381
51920,4590
44140,5784
51920,4572
25695,7760
25695,8309
25695,8345
25695,9820
25695,7710
25695,8302
25695,8339
25695,8628
65280,_
49420,5104
47480,5419
49420,5103
C19IP3,8417
21406,7679
50395,5631
50395,5521
50395,9645
50395,5732
50575,3995
50395,9649
46600,8839
75989,4921
27236,7852
24498,3409
27236,7850
27365,7852
32020,7935
24498,7769
27236,3409
27365,7850
32020,7852
24498,7935
27236,7769
27365,3409
32020,7850
52450,6270
52450,6230
62162,3952
61312,299
35162,124
62162,125
61312,3840
35162,125
62162,3840
61312,3952
35162,299
62162,124
47600,5298
43271,5122
47600,5184
25265,8345
61510,8628
27758,7906
29075,7906
27750,7810
15220,7937
IS00,_
27086,7933
26615,9829
27086,7923
50220,711
50220,730
50220,729
39010,782
60522,3410
39010,781
43262,4443
43269,5185
43255,9755
43269,4443
43255,5185
43262,9755
43269,4233
92980,4685
45378,3606
92980,4525
68520,1692
67412,960
68520,1609
46285,8628
11044,4319
43830,8345
90935,4319
43830,3995
11044,3121
43830,7760
31622,_
19260,3324
31500,7791
31622,9604
19260,_
31500,3440
C19IP4,7791
19260,9604
31500,3324
C19IP4,3440
31622,7791
C19IP4,3324
31622,3440
52204,8773
52310,3893
FP001,5700
59514,5732
52310,7499
FP001,3893
59514,5700
21245,7760
21245,8309
21245,8345
21245,9820
21245,7710
21245,8302
21245,8339
21245,8628
59525,6539
59525,6551
58940,6840
43239,4593
43239,4562
43633,9971
36430,4370
43633,9903
36414,7360
36414,7359
36414,_
EII2NO83,_
68440,1371
66987,951
68440,1341
24500,7859
21365,7901
24500,7672
27130,9971
36430,8151
27130,9903
26676,7760
77261,3995
12042,7924
26765,8659
12042,7934
44202,5423
44320,4680
44605,4562
44055,4610
44202,4675
44605,5423
44055,4562
44202,4680
44605,4590
44055,4675
44202,5411
44605,4680
44055,4590
44320,4675
21386,8628
99256,7679
21360,8907
21386,7760
21386,7936
27759,8907
21386,8345
99256,7672
11044,7679
21360,7936
21386,8907
44500,4613
44144,9608
44500,4579
27245,8152
15200,8401
26951,8669
15200,407
21347,7936
15100,7769
26561,8670
26561,8685
VU071,_
29450,7935
29450,7815
27380,9357
16010,8364
34224,_
45384,4513
25426,7803
23221,7772
23221,7802
11041,3808
11041,8415
11041,3891
11041,3806
C19CI,6970
24586,9353
24498,7929
29065,7850
24586,7852
24498,9353
24586,7850
27880,3409
32020,8415
37615,8628
27385,3880
24341,8365
37615,8345
24341,3880
37615,8388
37615,8365
27385,8388
44603,4709
35761,3806
34111,3808
34201,3800
BARANGAYTAFT,_
29887,7719
45378,4931
46610,4525
65112,2220
31230,1652
65112,1651
36800,4685
36800,4525
28070,9357
16010,8078
28070,8628
52335,5521
52335,8773
52335,9649
50575,5522
52335,9645
27244,7939
37068,_
59513,5253
48140,9903
59513,4150
36430,5253
48140,7499
44188,4923
44188,4921
69155,1831
69535,4040
42426,7639
60240,2633
69155,4041
69535,640
42426,1831
69155,7639
69535,2633
90939,3995
27758,7809
27758,3999
14300,7936
27759,8689
10122,8302
10122,8345
10122,7938
10122,7760
10122,8339
10122,9820
28525,_
10122,7710
10122,8309
10122,8628
10122,_
25490,8345
76362,_
76940,9925
76942,9929
96408,5024
61626,8838
47382,_
76362,9929
76940,5024
76942,8838
61626,9925
47382,9929
76360,5024
96408,9929
61626,5024
47382,8838
76360,_
76362,9925
76940,9929
76942,5024
61626,_
47382,9925
76360,9929
76362,5024
76940,8838
16010,4563
44120,9357
16010,4562
59121,5425
49080,6602
25300,8388
32095,3712
C19IP2,4370
33025,4443
32095,3995
43633,3712
33025,4233
32095,4443
43633,3995
C19IP2,3712
43255,3409
32095,4233
43633,4443
43255,3712
33025,4370
43633,4233
32095,4370
43633,_
22305,7989
43831,353
22326,4319
22305,7929
43831,7989
22326,353
22305,4319
43831,7929
43245,4590
44960,4650
44005,4422
43245,4675
44604,4650
44625,4422
43245,4709
44604,4562
43245,4650
44960,4422
44625,4675
43245,4562
44604,4422
44625,4709
43245,5459
67005,1359
66940,1471
25125,7763
25125,7809
C19IP3,7715
27303,_
31622,782
60521,3324
31622,781
26852,8345
26852,8127
12064,_
29046,9353
27828,407
27894,7817
27828,8314
43820,9357
16010,4439
12011,7936
59514,9604
61312,7815
61312,8152
61312,7925
27705,8628
11043,7737
58545,6849
52305,5980
52335,5719
52305,5522
52450,5810
52450,5860
52450,6094
52450,8929
52601,6000
52450,5732
52450,5850
52450,6029
52450,6373
79440,7760
79440,8339
79440,9820
64727,_
79440,7710
79440,8309
79440,8628
79440,449
79440,8302
79440,8345
24685,8042
24006,7932
24685,8012
27165,7735
27033,7855
27025,8015
27125,8314
27165,8152
27033,7735
27025,7855
27125,8015
27165,8314
27033,8152
27025,7735
27125,7855
27165,8015
27033,8314
27025,8152
27125,7735
27165,7855
25312,8302
25312,8339
25312,8628
56501,6813
58100,7180
56501,6711
29358,7925
29405,8036
27786,9829
27786,8016
29405,9829
27331,7906
27786,8036
QQ612,_
65101,7859
21365,1649
65101,7672
27250,7860
27880,5423
49000,8415
52332,9929
50391,3893
36488,9929
50391,5980
50391,5732
11010,8417
35541,3925
27507,7979
27216,7935
27507,7909
11740,8544
11740,8543
49522,4590
32160,5423
43502,3791
44144,4150
P0000,4282
49000,4300
32160,4579
38100,4610
43502,4613
44144,_
38100,3791
43502,4150
44144,4282
P0000,4300
32160,4610
38100,4613
43502,_
43502,4282
44144,4300
P0000,4579
32160,4613
43502,5411
49000,3791
32160,4150
38100,4282
43502,4300
P0000,4610
32160,_
43502,5423
44144,3409
P0000,3791
32160,4282
38100,4300
43502,4579
P0000,4613
32160,5411
43502,3409
44144,3791
32160,4300
38100,4579
43502,4610
27447,7860
20680,8154
27447,294
27447,9788
20680,8147
11921,_
59514,3404
58700,3491
49020,6651
49020,3491
32002,6651
11043,8235
11043,8684
11043,8662
23615,7925
27827,7810
21365,1623
67400,7672
27513,9903
36486,3409
31600,3324
C19FRP,9604
36486,3121
36486,3324
36486,_
31622,3121
C19FRP,3324
36486,9604
36800,4542
45385,3993
36800,4514
36800,4543
36800,4523
76942,6813
76942,6711
11646,8669
15756,8630
11646,8332
29358,8036
16010,6849
43200,3409
32140,4223
43200,3229
49000,3993
27594,7760
27594,8339
27594,9820
27594,7710
27594,8309
27594,7810
27594,8302
62270,5149
49420,5749
11043,5029
11043,5099
47361,8345
11042,8048
29405,353
28307,7738
28307,7809
69632,1919
38500,4685
52000,4011
38500,4525
38500,3409
45378,4011
38500,5732
90935,8152
27506,3995
36430,4912
46060,9971
36430,4873
36430,4911
36430,4993
46060,9903
28210,8302
28210,8345
28210,7937
28210,7760
28210,8339
28210,9820
28210,7710
28210,8309
28210,8628
44186,5421
43653,4639
44186,4319
44320,3121
36568,4610
11041,3121
31600,4610
ENDSTAGERENALDISEASESECOND,_
12002,407
12002,7979
12002,7909
27216,8659
27759,7909
58661,3893
43500,4543
36430,4300
45382,9803
43500,9903
C19IP2,7935
27236,_
C19IP1,7935
11042,8076
11042,8016
25574,4610
12056,4563
44120,4675
44604,1840
44120,8659
44604,881
12056,5411
44604,4563
12056,4590
44120,1840
44604,2181
44120,881
12056,5423
12056,4675
44120,2181
44604,2751
12056,4562
44120,2751
54520,5411
49000,6230
57450,6909
58558,4525
57450,6829
44388,6909
58120,4525
57450,6816
44388,6829
57450,4525
44388,6816
57450,_
C19IP2,3780
33200,_
C19IP2,3774
12032,3491
12032,3404
75989,6813
58100,8839
75989,6711
15240,8381
26352,8669
15240,8286
67715,125
61312,851
67715,124
11100,711
11100,730
60545,8611
11100,5440
11100,729
62318,7759
11406,8345
24586,7925
11044,7852
24498,7760
24498,8628
11044,7850
24498,8345
OI821,_
25023,7932
67830,801
11000,650
60270,8628
11000,639
25676,7932
44130,4680
44055,3893
44141,4639
44055,4639
44141,4680
44055,4572
35281,5423
44602,3957
35281,5411
49000,3957
35281,4673
35281,3957
67051,1471
44141,5451
44180,4572
69670,2079
69910,1919
69670,2042
20690,7986
27556,7810
28645,8018
28022,7989
28645,9353
11406,2181
11406,8659
26356,7760
11044,8251
11000,7909
99256,4040
38724,8907
99256,4021
28130,7798
58951,9199
88331,4030
88331,6529
58951,8908
46260,6561
15220,7840
27724,8669
15220,7807
OZ370,7759
38747,3893
38747,3995
38747,9971
36011,4030
38747,9903
36568,9971
32141,3324
31622,3221
FP001,8511
19101,9901
NSD01,8511
36450,8511
93529,3723
43832,3893
27880,4319
43832,9901
11043,4319
36450,8415
43832,8628
27880,9901
36450,4319
43832,8345
43832,8415
36450,4040
61500,9901
38724,125
36450,160
61500,4021
38724,160
36450,4021
61500,4040
38724,9901
47741,5179
47711,4439
47741,5169
35558,3929
28505,7934
26735,7939
28505,7924
29898,9820
11010,8087
29898,8628
CT9T1,_
49201,5980
49201,9646
21550,4530
OO820,_
42825,2080
69421,2820
42825,2009
52317,5600
28585,7758
28760,7989
28585,7757
16010,8344
34201,9357
37615,8604
15100,3806
35226,3808
37735,3891
10180,8669
34201,3889
37615,8344
37735,9357
10180,3806
11000,3808
27758,5423
27758,5411
PROM,_
44125,8604
10180,5411
10180,5459
10180,4562
10180,4639
44125,3893
43832,5459
27840,7760
27840,8309
27840,9820
11012,7977
27840,7710
27840,8302
27840,8339
27840,8628
29065,8388
25274,7702
25274,9353
29065,7702
99256,8753
47605,8907
99256,5122
20902,7926
11442,889
67840,8630
11442,820
19020,9357
16010,8500
TO7,_
75705,8849
63268,340
35474,8403
26910,3950
35474,8401
17110,6829
QR539,_
44950,5779
55810,4709
49000,6050
51590,5411
55810,5671
51590,4709
44950,6050
55810,5411
27254,8037
27620,7985
27254,8017
28045,8628
26756,7989
26756,7984
37730,8628
11043,3889
37730,8345
35256,3956
61315,8345
11044,125
61315,7760
11044,124
28615,9353
28615,7937
11000,3803
99305,_
45300,4675
44605,4824
42426,8382
21501,8669
42405,2633
15734,4041
42426,8604
21501,2612
42405,8332
42426,8669
21501,2633
42405,4041
15734,8604
42426,2612
21501,8332
42405,8382
21501,4041
42405,8604
15734,2612
42426,8332
21501,8382
42405,8669
15734,2633
51555,4869
45111,5760
51550,4869
42332,6849
42332,6561
42332,_
58262,7051
NSD01,5423
NSD01,5411
11420,4685
11420,4525
64702,8628
64702,8286
64702,8251
43269,4341
43262,4530
43259,4533
43258,5185
43262,4525
43269,4533
43259,5185
43262,4341
43259,4530
43258,9755
43262,8874
43269,4530
43262,4533
45378,5185
43258,8874
43262,4685
47605,4513
44960,6949
58520,4709
44960,6941
58660,6549
58660,5423
58660,5411
47741,5423
47741,5411
47741,4620
36640,3324
31600,3891
36568,3324
36640,9604
36640,3121
31622,3891
65805,1474
67039,1291
65805,1424
ER,_
DEMENTIA,_
26665,7710
26665,8302
26665,8339
31575,7760
31631,8345
11044,3142
31575,3199
31631,8628
11044,3199
31575,3323
31631,3142
11044,3323
31631,7760
31622,4011
39400,3324
31622,3422
52000,5641
50220,8773
50220,9646
52005,5551
50220,9649
52005,5641
39080,_
27227,8095
23650,8309
23650,9820
11011,7971
23650,8302
23650,8339
67036,1292
65815,1474
67036,1291
16000,1371
16000,1341
16000,_
65820,1269
66172,1253
65820,1264
65820,9928
66172,1252
27033,7860
20680,8036
36568,3409
24515,7926
37615,7760
37615,8309
37615,9820
37615,7710
37615,8302
37615,8339
16010,2181
12054,9357
16010,1840
16010,2751
16010,881
27664,8669
15240,8364
11011,7672
44603,7925
50075,5522
50075,5631
QZ390,_
51860,7499
59514,5781
44320,8332
15100,4610
44320,8669
15738,4610
44320,8382
15734,4610
11044,4610
11044,7675
21450,7936
27759,7675
62270,9933
ECM10,_
28119,8345
SARSCOV2TESTING2,_
24615,8042
24006,7982
24615,8012
22020,_
31231,2169
30801,2121
31231,2132
47371,5025
37660,3889
37660,6849
58150,3889
37660,6561
52332,4579
15100,294
25110,8345
27536,8086
54520,4595
44150,6230
12031,8321
27330,8628
12031,8016
11040,8321
27330,8659
11040,8016
38220,4311
61140,9925
62223,113
38220,233
96408,4311
61140,4131
62223,9925
43246,113
38220,124
96408,233
61140,4311
62223,4131
43246,9925
38220,113
61140,233
43246,4131
96408,113
27386,8345
44602,7935
27514,4673
44602,7815
50951,9851
50590,9646
50951,5732
52000,9851
15738,7860
20680,8332
15738,294
20680,8669
15738,9788
20680,8382
16035,8382
57210,7979
27502,7071
27216,7905
57210,7909
27502,7979
27216,7071
57210,7905
27502,7909
59514,4675
44605,7499
59514,4610
36430,5502
57500,3995
50040,9971
52000,6712
57500,5501
57500,5732
90935,6712
57500,5502
50040,9903
75665,8839
36488,8841
60100,3121
43246,611
75960,4311
75665,3990
31600,8841
60100,3893
75960,611
75665,4311
36488,3990
60100,8841
75960,3121
75665,611
31600,3990
60100,8839
43246,8841
75960,3893
75665,3121
36488,611
60100,3990
43246,8839
75960,8841
75665,3893
31600,611
60100,4311
43246,3990
45100,4993
46280,4946
46255,4923
45100,4911
45100,4946
46280,4923
45100,4912
47612,5110
19101,5423
44005,8511
44605,4579
19101,4610
44605,5459
19101,4675
44144,8511
44605,4613
19101,5411
44605,8511
19101,4579
19101,5459
44144,4675
49000,8511
19101,4613
15100,7807
20692,7840
27724,7760
27724,7810
11044,7807
15100,7840
27724,8345
11044,7840
27724,8628
20692,7807
10160,2181
10160,8659
43268,9971
36488,5293
43268,9903
31500,5293
43268,9604
36430,5293
43268,3893
44010,3402
C19IP4,212
61313,212
61618,_
C19IP2,9041
C19IP2,8909
27759,8036
33426,3528
33464,3956
33426,3522
93556,3512
33426,8857
33464,3522
33405,3512
93556,3528
33426,8843
33464,8857
93556,3514
33405,3528
33426,3956
33464,8843
57500,6829
45385,6097
53852,4523
53852,4543
45385,6021
53852,4542
50080,9645
ROUTINEPOSTPARTUMFOLLOWUP,_
44160,4590
44140,4593
44160,4572
57500,8544
19240,6712
57500,8543
26952,9604
31500,8401
26952,3893
11042,9604
31500,407
25520,9357
44144,9357
16010,4579
16010,4613
32659,3491
32659,3404
59514,5369
49572,5440
59514,5359
49255,5369
49572,7499
49255,5359
49255,4850
49255,6880
45110,4542
45384,4850
45110,4523
45110,4543
45384,4610
96408,8544
19240,9925
96408,8543
28645,8684
26597,7989
28645,8670
37609,8309
37609,8345
37609,9820
11011,3882
37609,8302
37609,8339
37609,8628
27236,9971
27236,9903
26600,7931
23615,7903
90935,6050
55866,3995
35800,3891
11011,3802
34111,8309
35800,8339
34111,9820
35800,7932
11011,3803
25574,3891
34111,3802
35800,8302
24530,125
61312,7901
24530,124
28585,7760
28585,8309
28585,9820
28585,7710
28585,8302
28585,8339
28585,8628
36011,3491
36011,3404
PO12,_
19101,3995
50040,8511
52204,5502
19101,5733
36488,8511
52204,5501
19101,3893
50040,5733
52204,8511
19101,5502
90935,8511
19101,5501
11000,2450
41874,8604
21501,2450
10060,2450
64835,479
31502,_
57320,5980
52332,5784
57320,5732
23670,9357
26951,8415
28606,7937
11043,7818
11044,7818
28485,7818
28606,8669
28615,7818
28606,9353
28606,7989
29405,7818
20692,8659
90935,6970
03421,_
66250,5423
49000,1283
66250,6849
24100,8072
11000,8321
24102,8339
24077,8321
24077,8072
24102,8321
24077,8012
92980,3780
33208,3606
92980,3772
75902,3491
C19IP2,8839
32000,9820
75902,3893
60605,3862
60605,3980
45111,3893
33737,3542
32442,3150
32442,3259
32442,3348
77401,5674
77421,5980
77421,5731
77401,5980
77421,5674
77401,5731
31600,6849
31600,6561
58150,3121
61120,8628
36011,124
10160,9604
61020,3491
11043,102
61120,8345
36011,8628
32000,8601
61020,3409
61120,102
36011,8345
10160,124
61020,8601
61120,3491
36011,102
61020,9604
61120,3409
31500,102
61020,3893
61120,8601
36011,3409
10160,102
61120,9604
36011,8601
32020,102
61020,8628
61120,3893
36011,9604
31500,8601
32000,102
61020,8345
25560,7810
20690,7902
C19IP4,9901
28735,7738
28735,8114
29085,7979
29085,7902
51920,7939
27506,3808
37618,3891
28485,7815
27592,8152
36488,7937
28485,9357
16010,3808
34201,7815
37618,8152
28485,3880
37618,3806
28485,3808
27592,7815
16010,7925
34201,3880
27506,7937
37618,7815
27592,3880
16010,7937
27506,8417
28485,3893
16010,3891
34201,7925
27506,3806
37618,3808
28485,3891
27592,7925
34201,7937
28485,8417
27592,3893
37618,7925
28485,8152
27592,7937
27506,9357
37618,3893
28485,3806
11043,3808
34201,8152
27506,3880
37618,7937
33513,3961
33120,3614
33513,3733
24516,7925
60271,695
11044,8444
24666,8628
ANIMALBITE,_
27448,9971
27507,7735
27448,9903
36430,7735
27448,7935
52318,5522
52335,5700
52318,5631
52335,9646
CO7,2632
ICD10,92
27238,125
61312,7905
27238,124
27226,7760
27226,7710
49583,4594
44208,5341
45320,6849
58740,5732
88331,5980
58150,4543
45320,6589
58740,8908
58740,5980
88331,4543
52332,6589
45320,8908
58740,9199
88331,4823
52332,8908
45320,9199
58740,4823
88331,6589
52332,9199
45320,6561
88331,5732
16040,8415
15650,9357
30920,8674
25900,2105
15650,8630
30920,9357
25900,8674
11043,2105
27880,8405
15650,8415
30920,8630
11043,8674
27880,2105
16040,8405
15650,8628
30920,8415
25900,8630
27880,8674
16040,2105
30920,8628
25900,8415
16040,8674
16010,2105
15650,8405
30920,8345
16010,8674
15650,2105
30920,8405
25611,9353
25520,7912
29065,7912
25611,7902
27227,9971
27227,9903
C19IP3,3892
31500,3993
36810,3409
36810,9604
42400,4542
45385,2611
42400,9903
42400,4233
36430,2611
42400,3995
50393,5732
52310,9925
50393,5700
50393,9925
96408,5700
28270,3891
34111,8048
ZZ392,_
LO211,_
97397,_
85720,_
12011,7360
12011,7359
21138,7646
21138,7691
44603,5122
47600,3995
44603,3995
44603,3491
47600,4673
44603,3404
44320,5642
50234,4610
44320,5551
36568,4513
10140,8754
47620,8604
10140,5183
44140,5731
50947,4572
44604,8604
10140,4675
50780,4610
44143,5674
50780,4575
49080,4443
43255,5425
11621,2756
40761,8630
11621,2754
31601,9605
35452,3950
12001,8286
67041,1459
21356,8345
23331,8628
11043,8001
23331,8345
58150,4513
19366,8541
11010,7643
27306,8312
15240,7925
58140,6529
58140,6651
43246,3780
33208,4311
43246,3772
43632,5251
31360,4040
60240,3030
31360,4021
38724,3030
31360,640
49650,5810
49650,5860
49650,6094
49650,8929
58558,5459
44005,6816
90945,5502
21246,7691
21155,7643
21246,7646
01308,_
01308,6639
66980,_
44188,4543
44188,4835
23125,7791
40840,2759
40510,2491
40840,2743
47605,5784
75733,8849
75733,8411
28825,8849
75733,8628
28820,8849
10232,_
52648,5700
27360,7935
27513,7785
27360,7815
61512,7760
61512,8345
12041,8014
26785,8659
12041,7989
12041,7984
46260,4542
45378,4502
44020,4685
24400,7931
24515,7911
24515,7732
24920,8302
24920,8345
24920,8405
24920,7760
24920,8339
24920,9820
25900,8407
24920,7710
24920,8309
24920,8628
11041,7949
11011,160
61500,8302
61500,8339
61500,8628
44130,4685
38745,8541
31515,3324
31622,9971
31515,3409
31515,9903
67110,1452
36450,309
61343,9901
36450,212
44394,4610
47600,4542
44143,5185
44394,4575
43262,4542
44394,5185
43262,4610
44143,4542
44394,5122
47600,5185
43262,4575
29065,8319
23020,9353
29065,8041
58561,6813
58561,6711
47300,8753
47610,5021
47300,5122
CR135,6270
54520,_
CR135,6230
CR135,_
32002,3929
36821,3491
36821,3404
50395,6813
58100,5980
50395,6711
27328,407
42415,8332
27328,2929
11100,4685
45378,8611
XA,9903
27226,9971
27230,_
12015,7935
27230,9903
12015,9971
XA,7905
27226,8659
27650,8332
15738,8388
27650,8382
27650,8669
29345,9344
LO32,_
ST026,7925
ST026,_
24666,7710
24666,8302
24666,8339
SARSCOV2TESTINGBYRTPCR,_
12002,3893
25676,7815
31500,7925
31605,7989
25676,3110
31605,7815
12002,8152
27506,7989
25676,9604
31500,8152
61312,7989
31605,9604
27506,3110
25676,3893
31605,7925
12002,7989
27506,9604
25676,124
12002,7815
25676,8152
31500,7989
12002,3110
25676,8659
31500,7815
31605,8152
36488,7989
12002,9604
25676,125
27519,8309
27519,9820
27560,8345
JO0,_
MG28,5310
49520,_
MG28,5300
MG28,_
12011,7933
26650,8659
12011,7923
26650,7933
12011,7814
26650,7923
26706,7810
27514,7814
26608,7935
26608,7815
26706,7935
26608,7810
26706,7814
20690,7935
20690,7814
26608,7819
26706,7815
41120,4040
99256,2520
41120,8907
22554,8628
22554,8451
22851,8345
11043,8451
22554,8345
11043,8051
12001,4563
C19IP3,4590
12001,_
C19IP3,4562
12001,4590
C19IP3,8659
12001,4562
35081,3995
56031,_
75982,9971
36430,5159
36430,4040
38724,9903
47122,5980
47122,5732
75940,9971
32020,4311
43246,3409
38500,2211
31237,4011
38500,2121
26591,7933
26615,8289
26591,7923
66991,1371
66991,1341
16010,8414
29065,9359
29065,7945
C19IP3,3956
40652,881
67935,2759
40652,1060
99460,8753
99460,5122
27507,7949
11000,7809
62160,8669
99460,352
61020,299
15734,102
63706,331
62160,8332
99460,8382
61020,8669
62270,352
15734,299
63706,_
62160,102
61020,8332
62270,8382
P0000,7360
P0000,7359
44055,4979
46740,4563
36488,4899
46740,4590
44120,4899
36488,4979
46740,4680
46740,3893
44055,4899
44120,4979
46740,4562
44055,4563
26615,8114
28735,7923
25391,7803
25391,7833
11010,8129
65093,7859
21365,1631
65093,7672
44300,5104
47420,4610
44300,5151
49507,4675
44604,5300
OO39,_
44373,5459
ZZ,4620
44310,4632
44373,4562
ZZ,4563
44373,5411
ZZ,5423
49507,4632
44373,4590
ZZ,5300
ZZ,4632
44373,5310
ZZ,5459
49000,4632
44373,_
ZZ,4562
44373,4620
ZZ,5411
49507,4513
44005,4632
44373,4563
ZZ,4590
44373,5423
ZZ,4513
44120,4632
44373,5300
ZZ,5310
ZZ,_
SARSCOV2TESTING1,_
65285,1060
67800,889
67840,821
67800,820
43234,4639
43830,4639
43234,4319
C19IP1,5502
C19IP1,5501
32525,3229
32525,3479
49255,9925
49255,5491
27238,8345
16010,6270
58950,4610
58950,4575
33208,3721
93508,3772
50240,5310
49505,5540
50240,5300
49505,4513
43235,5310
45378,5310
43235,5300
12001,5498
59513,8659
12001,3995
11042,7499
90945,8659
12001,7499
44160,4542
45384,4579
21300,7939
21300,7929
27848,7847
27715,7989
27848,7837
MN390,_
821/3,_
44180,5123
43264,5451
44180,5294
47562,5451
44180,5188
36448,_
35583,3929
47701,9971
49580,5137
36430,5341
47701,5349
49580,9903
36430,5349
47701,9903
49580,9971
36430,5137
47701,5341
44310,5421
43653,5459
43653,4620
25676,8628
15240,7989
25260,8669
25260,7989
25676,8388
25676,8669
15240,8388
NNOE,_
25490,8309
11011,7813
25490,8302
25490,8339
23490,125
61314,7851
23490,124
66825,1371
66825,1341
44960,6639
44389,4613
21400,9357
16010,7678
21400,8628
67051,1289
67015,1474
67051,1472
67015,1159
67015,1475
65285,1472
67051,1159
67015,1289
56501,6829
52649,5620
52649,9645
46288,4824
45300,8672
45300,4973
27332,8076
27334,8060
35476,3950
49200,729
49000,4341
44143,4530
43251,4575
44143,8908
90935,3524
81519,_
49425,139
61156,5494
49425,124
15650,7760
15650,8309
15650,9820
11012,8674
15650,7710
15650,8302
15650,8339
58720,4575
43750,5423
47600,4311
43750,5411
49000,4311
43750,5122
52337,5749
52240,5600
52337,5831
52240,5522
51920,7932
31515,8345
20692,7860
31515,9344
31515,8339
21461,3121
20650,7676
31515,7860
11012,3142
31515,8309
20650,3121
20692,7676
31515,7810
21461,3893
31515,8302
20692,3121
31515,7676
31600,9344
21461,3142
31515,7760
36488,7676
21461,9344
20650,3142
31515,7710
31515,9820
31600,7810
21461,7860
20692,3142
31515,8628
31600,7676
21461,7810
20692,9344
23920,9971
36430,8408
23920,9903
11011,7800
26037,8401
26951,8212
38525,9971
38525,9903
25575,9903
25575,9971
43249,4514
63015,7760
31605,8302
63015,8339
63015,9820
31605,309
11012,3110
63015,7710
31605,7760
63015,8309
31605,8339
63015,8628
31605,9820
63015,3110
31605,7710
63015,8302
31605,8309
63015,8345
24900,9353
24900,407
25023,9353
29065,8407
11000,5425
49080,4901
46060,5425
49080,4873
49080,4993
49080,4912
49080,4911
58960,6529
43632,4622
44151,4370
43632,4582
65782,1371
66987,1689
65782,1341
44144,8115
26990,4610
29884,8040
29884,9820
11010,8040
29884,8628
47605,5104
90935,8838
76360,3995
C19IP3,8838
25520,7710
25520,8302
25520,8339
61304,7760
61304,8345
44960,8345
49505,7499
61314,4150
38100,125
61314,5411
61314,5423
38100,124
12002,7906
36510,4513
44378,4319
36510,4443
99460,4513
43830,3892
44378,_
36510,4319
99460,4443
44378,3892
43830,4443
44346,5459
44316,4642
44005,4622
44346,5411
44316,5423
44005,4642
27310,3995
20610,8016
32002,8191
49080,8192
27310,5425
36488,8016
36825,8191
27310,8394
35013,8345
ONE,_
36120,3891
25600,2751
29065,8659
12052,9353
25600,2181
29065,2751
29065,9357
12052,7902
25600,1840
29065,2181
12052,9357
29065,1840
29065,881
69645,125
61514,1860
61514,2042
65400,889
67840,1149
65400,820
15958,7789
15958,8382
15958,8630
29025,9351
31030,2263
31255,2239
31030,2119
76942,3420
76942,3320
25805,8382
64713,8669
15736,8126
25805,479
64713,8332
25805,8669
64713,8126
15736,479
25805,8332
64713,8382
25805,8126
99460,9901
49509,4680
25260,4442
43840,8388
25260,5411
25260,4461
49000,8388
25260,5423
25545,9903
IM901,_
27086,6200
49520,6392
54700,9829
27086,5300
19101,8570
19101,8546
19364,8511
19101,8545
28810,3808
34201,8411
28810,3893
28810,3891
28810,3806
56835,6529
56835,6651
56835,6849
58951,6651
56835,4030
58140,8782
58140,6999
44369,4513
44369,4514
44369,4530
JI28,_
57240,7360
59409,7051
57240,7359
48005,8753
47610,5260
48005,5122
21248,7760
21248,8309
21248,8345
21248,9820
21248,7710
21248,8302
21248,8339
21248,8628
20956,7939
23515,3999
36488,3339
32124,3893
C19IP2,7759
44152,4525
44322,4595
49080,4835
44152,5423
44322,4582
49080,4601
49000,4835
44322,5425
44152,5411
44322,4835
44152,5425
44152,4610
49080,4582
44322,4601
49425,9971
49021,5494
49080,5491
57210,5440
36430,6859
49425,9903
49021,9971
49080,5494
57210,5425
58260,5440
49425,6859
49021,9903
49255,5494
57210,5491
58260,5425
49425,7071
49021,6859
57210,5494
58260,5491
49425,5440
49021,7071
49080,6859
58260,5494
36430,5491
49425,5425
49021,5440
49080,7071
49255,6859
58260,9971
36430,5494
49425,5491
49021,5425
49255,7071
57210,6859
58260,9903
49215,5423
52332,5440
49215,3893
49215,5980
52332,8907
99256,3893
99256,5980
36488,8907
49215,5411
99256,5440
49215,8907
49215,5732
99256,7859
27766,8199
27829,9353
29405,8907
29405,7859
99256,8199
27766,9359
27829,8907
29405,8199
99256,9359
29405,9359
99256,9353
27829,7929
27766,7859
27507,8192
27750,8394
15220,8382
15220,8332
54530,5980
52332,6230
27792,7937
28485,7817
29345,5459
44005,9353
62010,7933
26615,202
62010,7923
47510,9971
36430,5198
47510,9903
58120,4513
45378,6909
58120,4685
43235,6909
61154,3953
61313,139
61710,3893
61313,3953
61710,139
56740,7360
56501,7124
56740,7359
59409,7124
56740,7180
11626,8382
C19IP1,3491
C19IP1,3404
25440,7844
22305,7769
76003,353
22808,8839
63075,8129
22305,8451
76003,7769
22845,8051
22808,353
63075,8839
22305,7859
22808,7769
63075,353
22305,7809
22845,8129
22808,8451
22305,8051
20936,353
22845,8839
22808,7859
63075,8451
22305,309
22845,353
22808,7809
63075,7859
22305,8129
22808,8051
22851,353
63075,7809
22305,8839
22808,309
77418,5980
ANALPOLYP,_
PNEVERSAYNEVER,_
35206,8388
25260,3959
39280,_
67961,8382
15732,884
67961,8332
67961,8669
15732,8671
58673,7499
59513,6602
36450,8411
11010,9901
28810,9901
RVS44,_
EO63,_
35226,407
27250,8314
25530,3959
11042,7975
24515,7901
15100,7932
35226,7760
25545,7817
27894,3959
35226,7975
27250,7901
11042,7931
25545,7810
35226,9820
24500,7817
25530,7936
24515,8314
20690,3959
15100,7901
27535,7902
35226,7931
44005,5779
51590,5459
12011,9357
32000,5459
32000,4673
44005,3491
11043,8404
27780,9971
36430,7906
27780,9903
SO15,8659
12011,_
SO18,8659
SO15,_
12004,125
12004,124
12004,9604
58925,9199
58925,8908
44960,9199
88332,4709
44960,8908
88332,6529
26608,8286
26410,7814
C19IP2,4620
41874,4041
41135,2450
41874,2520
61314,8345
27827,8047
27827,8017
27827,8385
02685,_
36834,3952
49507,4572
61304,331
62270,3409
32020,331
61304,3409
27330,7710
27330,8302
27330,8339
55110,9357
55110,8628
31622,5498
31622,3995
90945,3324
20962,7760
20962,8628
20962,8345
27598,7936
27535,8416
27598,7817
26412,8309
26412,9820
27310,9971
27310,9903
32661,639
47425,4439
47721,5182
47720,3995
47425,5132
47720,5104
47721,5183
47425,3995
47720,5151
90935,5182
47721,5104
47720,5182
90935,5183
47721,5151
47720,5183
49180,8839
75980,5424
49180,8754
27560,8394
27235,9829
27235,8152
27235,8036
27235,7925
27235,8016
27235,7815
26670,7749
11043,7749
20250,7974
26685,8286
26615,7984
61314,8659
12011,125
12011,124
32310,3459
32310,3409
32602,3459
32310,3324
31622,3459
32310,3420
32020,3459
32310,3320
43259,_
C19IP3,8874
29358,8339
29358,9820
15220,9353
29358,8302
29358,8669
29358,8309
29358,8628
65755,1371
66984,1164
65755,1330
58951,5980
52332,4030
52332,6529
58951,5732
36430,3110
31603,9971
31603,9903
49525,5341
05655,_
49321,3893
36488,8838
76360,5424
49321,8838
76360,3893
C19IP3,5424
36488,5424
44140,5253
52281,4572
48140,4590
44140,5732
48140,5860
44140,8929
52281,4150
52281,4590
44140,5810
48140,8929
52281,5253
48140,4572
48140,5810
44140,5860
43248,9925
96408,4292
44202,5425
11010,7906
21407,7674
21422,1669
66940,1292
66940,1473
65810,1359
66940,1291
66940,1472
31580,3169
43840,7760
43840,8309
43840,9820
11012,4442
44340,4999
46716,4643
44340,4979
C19IP4,242
62230,102
61020,_
UO71,242
C19IP4,102
62230,_
61020,242
UO71,102
31600,8099
63081,9604
C19IP4,8099
63081,_
C19IP4,309
31500,8099
63081,3121
31500,309
44180,4709
58700,5451
44180,6651
44950,5451
49080,7491
59100,5425
49080,6800
11043,4595
44150,8628
11043,4582
11043,4620
44150,8345
44130,4650
59121,5459
44005,6602
27641,7742
32020,8388
24341,3409
22900,5361
49561,5430
22900,5351
29880,8086
29880,8026
49420,8753
65091,8671
67966,1639
65091,824
CO09,_
28106,7769
28106,7809
29445,8628
29445,8345
29445,7810
26185,7799
27590,7902
25530,8417
MP01,9971
MP01,9903
45100,4594
31368,3143
31600,3029
31535,4040
31368,3121
31535,3029
99360,8908
67051,_
99460,1474
52000,6097
52000,6021
27244,9357
27130,9357
16010,8151
11012,8086
29877,7710
29877,8302
29877,8339
29877,8628
28825,9971
28825,9903
77418,3409
27792,7932
25575,7819
27766,7932
23455,8041
36568,9903
32100,3452
36488,3328
32100,4311
43246,3328
32652,3402
32100,3893
43246,3339
32652,4311
32100,3339
36488,3452
43246,3402
32652,3893
43246,3452
32652,3328
89921,9041
89221,_
89921,8909
89921,_
36450,5475
44120,331
44850,9901
62270,4562
31500,4563
27054,8309
27054,8345
27054,9820
11011,8075
27054,8302
27054,8339
27054,8628
32095,3252
12001,7902
12002,7902
99432,9971
99460,9929
36430,9933
26685,7939
36568,5159
47400,3893
36568,5000
43234,5425
24101,9820
24600,8012
24101,7972
24600,8030
24101,8309
46255,9804
45307,4946
58925,4590
58925,4572
44320,5620
51565,5631
51565,9649
50575,5674
51565,3995
51565,5732
44320,9649
50575,5760
51565,5521
51565,8773
90935,5760
44320,5521
51565,5620
44320,8773
51565,9645
44320,5674
49060,4685
43239,5419
49060,4525
49060,4514
77401,4514
58770,6849
58150,6602
58770,6561
43263,5122
44140,5115
43263,4590
47600,5115
43263,4572
49505,6097
53852,5300
36820,3805
36820,_
20670,294
45100,4850
54324,6250
55540,5300
66898,1371
66898,1341
66898,_
53450,5847
50575,4590
45331,5521
45331,9649
50575,4572
45331,5631
45331,9645
45331,5620
44140,5631
45331,8773
10180,3479
19271,8604
10180,7791
10180,3440
29345,9357
80926,_
03469,_
24515,125
61312,7931
24515,124
11404,5310
24665,7939
24635,7783
36217,3891
47120,4594
44145,5022
47120,4579
43234,6097
23182,7761
25101,8073
25101,8349
29075,8073
25077,8033
25105,9820
29075,8349
25077,8013
25077,9353
25105,8349
29075,8033
25077,9820
25101,9353
11000,8349
25077,8073
25105,8033
42804,2080
69421,2912
42804,2009
58770,6829
44180,6909
58558,6602
58770,5451
44180,6816
58770,6909
44180,6602
58558,5451
58770,6816
44180,6829
64868,471
64868,1475
67051,471
64868,1474
46280,4685
C19HI,_
58150,6840
59525,6849
32374,_
C19IP3,5749
36246,3891
44640,4643
44346,4679
44640,4642
12044,6100
61571,3121
23485,7929
27598,4800
27598,7925
BTL,_
11010,4442
91105,_
36430,9607
91105,3892
36510,9607
91105,9971
99460,9607
91105,9903
49561,6230
27502,8499
25526,7905
27502,7939
27590,7989
25676,8417
44603,5425
50392,5749
11606,9199
11606,8908
15100,9199
11606,8669
15100,8908
35013,8388
11044,3803
24341,3805
11044,3952
35013,8628
24341,3803
35013,3891
11044,3843
24341,3952
34101,7760
35013,3805
11044,3891
24341,3843
34101,3952
35013,7760
34101,8388
35013,3803
24341,3891
34101,3843
24586,7939
24665,7929
24586,7932
24635,7929
24586,7783
99460,5425
26720,8403
26910,7904
45330,4850
45110,9971
45110,4525
12001,9357
46255,125
61312,4946
46255,124
NSDOI,_
NSDOI,6970
37650,5411
44125,3889
37650,4562
19101,4685
19101,4525
43045,9802
49201,6589
49080,4594
44145,5425
44602,5475
44850,4673
27760,7810
27514,7859
SS260,7809
20956,_
SS260,3999
SS260,_
29843,8023
27745,8332
15220,7819
27745,8669
22800,9820
22800,8628
29358,8659
29358,7760
29358,7710
55101,8689
14041,6100
15100,7912
15100,7902
25600,8669
25600,7912
25611,8669
35011,3893
60260,4040
60260,4021
53630,_
17261,8630
29820,8181
23412,8388
29823,8071
23430,8082
29820,8021
23412,8041
29820,8363
23412,8082
29820,8388
23412,8071
29820,8041
23412,8181
29823,8388
29820,8082
23412,8021
44187,4685
44187,4525
29065,8192
24600,8394
24670,8396
29065,7972
24600,7902
24670,8191
29065,8394
24600,8396
20605,7972
24600,8191
24670,8192
29065,8396
24600,9353
24670,7972
20605,7902
29065,8191
24600,8192
24670,8394
75982,5425
96445,4610
58152,5491
44141,9925
96445,5950
44141,6849
96445,4572
58152,4610
44141,5491
96445,6849
58152,4572
58152,9925
44141,5950
96445,6561
75676,8841
33417,3511
26541,8172
26541,8381
82079,8036
27437,9829
82079,8147
27437,8016
82079,9829
82079,8016
27437,8036
82079,_
21060,7650
75724,8845
77261,4542
11010,3121
62270,9820
27827,7926
27513,9359
27509,7815
32000,5151
32000,5183
47425,3491
32000,5182
38780,5810
38780,5860
38780,6094
38780,8929
52601,4030
38780,5732
38780,5850
38780,6029
38780,6373
C19IP1,6651
26034,8403
26910,7719
26034,8401
43605,5423
49000,4415
43605,5411
49605,3893
49606,3893
28615,8018
28456,7937
28476,7989
29075,8018
28476,7937
28020,8669
28456,8018
28020,7818
28476,8018
28020,9353
28020,7989
28456,7760
15100,8018
28020,7937
28456,8669
28456,9353
28485,8018
29075,7937
28456,7989
61304,9353
11040,5423
11040,5411
59514,7491
59514,6800
62140,125
31603,206
62140,124
61312,206
62140,3110
44141,5980
45384,4572
45384,5980
52332,4572
52332,4542
45384,5732
ND01,_
22843,8989
22843,7939
99460,4575
99256,125
61510,8907
99256,124
93531,3961
33641,3723
93531,3571
33210,8867
75820,3770
10060,125
10060,124
CR4651,_
67904,8671
67966,833
67904,824
35474,3942
36832,3950
35474,3800
29844,8073
92981,3780
92981,3772
43239,8843
45380,8857
33533,4514
33519,4525
43239,3929
45380,3956
33519,8857
93556,4514
45380,3611
33533,3929
33519,3956
43239,8857
33533,4525
33519,3611
43239,3956
45380,8843
33519,4514
93556,4525
43239,3611
45380,3929
33519,8843
45384,5423
49000,4542
45384,5411
49000,4523
45384,9971
49000,4543
45384,9903
44604,9604
C19IP2,4675
44604,9971
44604,9903
31500,4675
11760,8401
26951,8689
11760,407
59120,6829
58140,6549
45100,4620
44310,4923
44110,5349
36430,4500
90935,4533
49588,9903
44110,9971
36430,4533
49588,9971
44110,3995
49588,4500
44110,5341
90935,4500
49588,4533
44110,9903
20225,8417
27590,7745
27130,8076
25575,8151
27130,8016
25575,8076
27334,8151
27130,7932
25575,8016
27758,7955
12002,8037
12002,8017
11042,8037
27620,8659
11042,8017
52310,9971
36430,5700
32020,7810
27620,3409
32020,8017
20692,3409
32020,8037
63047,8051
11012,3805
34101,8309
34101,9820
11012,3803
11012,3891
34101,7710
34101,8302
34101,8339
20926,9357
11402,9971
11402,9903
61108,4685
61108,4525
43620,5423
31600,4399
43620,5411
49000,4399
43620,3121
19110,8521
19120,8599
19112,8521
33253,3733
58661,8541
19180,6639
19180,6561
31240,2211
31237,2169
93545,3780
33210,8857
93545,3772
93545,3770
25575,7923
JI292,_
JI292,3995
26676,8309
26676,9820
27675,8628
27675,8345
11042,6529
99093,3995
90993,3995
11011,5411
25600,7936
25600,7817
11626,8669
11000,6270
11000,6230
P0001,6909
P0000,6909
20692,7912
27310,7926
33425,3929
33533,3512
33519,3961
33425,3611
33519,3512
11044,4594
44146,8345
43760,8628
43760,8345
11043,9702
25929,8401
25929,407
25515,5423
25515,5411
31360,639
25545,125
61320,7932
25545,124
11043,6949
58520,8345
27709,7860
27724,9788
27756,7737
29405,7807
27709,7819
27756,294
27756,7840
27709,294
27724,7860
27756,9788
20680,7807
27709,7840
27724,7819
27709,9788
27724,7737
27756,7807
29405,7840
20680,7819
27709,9353
27724,294
20680,7737
27709,7807
48145,5423
48145,5411
C19T1,5810
C19T1,5860
C19T1,6094
C19T1,8929
C19T1,5850
C19T1,6029
C19T1,6373
55101,5980
52336,6100
54650,5522
55101,5631
52336,6250
54650,5732
54650,5620
55101,6250
54650,5980
52332,6100
55101,5522
54650,5631
52332,6250
55101,5732
54650,6100
55101,5620
44021,5423
43239,4502
44021,4542
45385,5411
44021,4543
45385,5423
44021,4514
44021,5411
45385,4502
44021,4523
27829,7989
27848,8199
60935,_
57282,7071
57240,7077
57282,7052
57250,7077
57282,7051
58200,6829
58140,4011
27780,7936
27780,7819
94660,_
21541,_
27448,7925
45300,4575
99456,_
11000,3452
11000,3339
32652,8628
29856,7819
29856,8029
42440,9971
36430,2630
42440,9903
45305,4912
45305,4911
27079,7765
21935,7769
27079,8674
50820,4590
44140,5651
50820,4572
50820,5651
49201,5641
49201,5551
50220,5440
49201,3893
45330,5423
45330,5411
45330,5419
47600,5532
50250,5122
47600,25
45100,9805
45915,4923
45100,9638
27488,7810
20690,7925
27488,8152
20690,8456
27488,7925
20690,8006
27506,8456
27488,7815
20690,8152
27506,8006
44602,7760
11012,4673
44602,7710
53665,5850
52276,5860
53665,5732
29055,7939
29055,7929
29058,8628
12007,9353
66852,1490
67041,1342
C19IP2,8843
C19IP2,66
C19IP2,8857
C19IP2,3956
19093,_
61313,4513
43235,125
43235,124
49570,6589
44050,5359
49000,5369
58740,4680
49570,5411
58740,5359
26765,8401
26952,7924
34401,3807
75731,3893
26910,8849
34401,8403
75731,8628
26910,3807
34401,8849
75731,8401
35188,3121
61305,3953
35188,125
61305,3121
31600,3953
35188,124
12042,4563
27228,7936
27228,7817
27759,8017
27759,8037
35363,3814
35363,3816
35363,3818
27870,7760
27238,8309
27238,8111
27870,7935
27238,7760
27870,8339
27238,8628
27870,7989
27848,7905
27870,8302
27238,8339
27870,9820
27848,8111
27238,7989
27236,7905
27870,7710
27238,8302
27238,9820
27236,8111
27870,7905
27848,7935
27238,7710
27870,8309
38500,8908
19125,4011
19125,8908
58150,5022
47120,6849
47120,6561
61760,293
51600,371
43246,379
61305,8776
63741,4311
51600,124
61305,371
62270,729
32000,730
60540,3491
32000,711
36488,729
27244,7860
C19IP2,4572
69970,125
61510,8382
69970,8669
23550,9357
16010,7981
27445,9357
27445,8628
10060,6270
54520,8604
10060,6230
29345,7929
MP02,_
48100,4685
47000,5212
48100,4525
47000,4685
43239,5212
48100,4514
47000,4525
45378,5212
48100,_
77261,3404
77418,3491
32002,8129
22802,3404
77421,3491
77261,8129
32402,3893
36488,3424
65865,1474
67050,1231
65865,1343
37220,_
NQ932,6813
NQ932,6711
NQ932,_
36568,4590
44316,5411
36568,4622
44316,4590
49507,5122
47605,5300
27310,8076
32020,3780
33207,3409
32020,3776
32651,3420
32000,3252
32651,3491
32602,3252
32000,3421
32651,3320
38500,3324
38520,3324
70010,8702
47015,5423
49000,5091
47015,5411
65103,7679
12002,1642
65103,1669
12002,7679
21407,1642
65103,8659
12002,1669
27228,7760
27228,8309
27228,8345
27228,9820
27228,7710
27228,8302
27228,8339
27228,8628
C19IP1,5294
C19IP1,5188
21195,8345
33513,3512
33533,3614
33513,8857
33513,3524
93556,3614
33513,3611
33426,3611
33513,3522
33513,3956
33533,3524
33405,3614
33513,8843
52000,4823
45317,5732
52000,4543
43235,9357
16010,4513
43840,4594
44146,4461
43840,4579
44146,4442
53415,4850
45110,5849
53415,4610
26727,7923
21193,7643
11040,7662
21193,8628
11040,7643
21193,7662
29450,8659
28820,7938
29450,9820
28525,8659
12001,8411
12001,7938
29450,8411
29450,7938
28525,8411
47562,4876
45402,5123
47562,1736
29355,7925
96408,5642
50234,9925
47780,4513
47780,5423
43820,5499
47780,5411
62200,3893
61312,220
62200,8628
11041,220
36488,220
62200,124
99460,212
36450,5511
50020,9901
44120,5339
49553,4562
49553,4590
44120,5329
49553,4563
26420,7760
26420,8309
26420,8345
26420,9820
27507,7749
25600,125
61312,7902
25600,124
67048,1371
15732,2633
92982,3722
33210,66
33206,3770
93510,3776
92982,3780
33210,3722
33206,66
93510,3770
92982,3776
33206,3722
93510,66
92982,3770
25574,7949
28525,7975
27193,7932
25574,7938
28525,7909
28525,7932
27193,7938
25574,7909
28525,7949
28124,9820
11010,7789
28124,8628
45160,9622
45160,4823
44141,5123
47562,4572
76986,7499
90935,8396
20610,3995
90935,8191
49320,4643
49320,4642
44346,5421
49201,5029
49201,5099
47361,5440
49201,5000
49201,5061
27236,8152
27236,7815
27652,7760
11044,8149
77261,4514
93543,3780
93543,3772
24900,9357
16010,8407
61510,7760
61510,8345
21462,8345
58700,7430
59136,6651
27884,8309
27884,9820
27884,7710
27884,8302
27884,8339
C19IP2,5136
59151,6651
61558,201
44180,5459
58555,5451
44180,6639
58555,5459
58661,5451
44005,6812
44005,5451
44180,6812
61312,5411
66920,1475
67051,1319
66920,1474
36450,3110
61512,3110
31603,9901
50800,5671
27596,7810
27596,8659
12036,7760
12036,8417
27594,8659
12036,7810
27596,7760
58720,9901
55409,7360
55409,7359
55409,_
49525,4673
43239,9804
45379,4514
22842,4685
43235,7859
22842,4525
45378,7859
22842,4513
25574,7934
25574,7924
99460,6639
20955,3999
20955,7807
48150,_
47510,4370
52332,5136
76986,5251
47510,5296
52332,5198
48150,5980
47510,_
52332,4370
76986,5136
47510,5270
52332,5296
76986,5198
48150,5732
47510,5980
76986,4370
47510,5251
52332,5270
76986,5296
48150,5198
47510,5732
47510,5136
52332,5251
76986,5270
28505,7758
28760,7939
28505,7757
46235,4685
46235,4525
46235,_
58120,8192
58120,8396
20610,6909
58120,8191
58120,8394
C191P3,3409
66984,1364
39540,5423
39540,5411
49000,5380
29065,8072
24102,9353
29065,8012
28496,7908
28490,7819
11044,7908
12047,8908
12047,9449
EE12,5498
EE12,3995
EE12,_
15100,7939
28415,8382
43610,5411
43610,4442
43610,5423
43840,4342
43610,4461
31622,3952
35013,3324
31622,3843
75665,3991
35701,8841
75665,3802
27335,8154
27435,8016
27335,8046
27435,8147
27435,8076
27447,8046
27335,8147
27435,8154
27447,8016
53605,5980
53605,9646
43633,4513
43235,4370
29825,8182
55500,5310
55500,5300
77421,1930
77261,1940
77418,2042
77261,1860
77418,1930
77421,2042
77261,2099
UO11,_
UO11,3995
44145,5423
45113,5423
46600,4595
46600,4869
46600,5423
46600,4835
45113,4921
46600,5411
46600,4601
85815,6849
85815,6561
85815,_
11010,7805
61686,212
61108,233
61606,124
61686,160
61305,212
62223,3953
61108,125
61606,233
61686,124
61305,160
61108,3953
61606,125
61686,233
61108,212
61606,3953
61686,125
61108,160
38220,4443
43255,4131
52335,5642
50236,5522
32020,5375
39503,3409
43234,4824
52310,4620
45305,5700
43234,5732
44310,4824
45305,4620
43234,5700
52310,4824
45305,4513
43234,4620
44310,5700
NOEN,_
25075,8544
25075,8543
47563,5294
67045,1474
67045,1490
59140,9971
36430,7430
59140,9903
46275,9971
11000,4679
33130,3733
77421,125
61510,_
77421,124
96408,4851
45397,9925
96408,4595
96408,4842
49521,5980
49521,9646
52005,5310
49521,8773
49521,9649
52005,5300
34051,3805
34051,3891
44120,5425
29405,7935
77418,2121
31600,8611
11100,3121
77421,2121
77261,8611
PO809,_
CM,4643
44340,_
ICD10,4643
36488,204
15934,7860
20680,8630
15934,7800
15934,9788
20900,8630
15934,294
27333,8628
27333,8345
43750,4620
44310,8345
44310,4311
43750,8345
27558,7925
27506,7986
11010,8076
48005,5310
49507,5260
48005,5300
27680,8391
35276,3957
35276,9971
36430,3957
35276,9903
32605,3422
44204,4514
43239,1739
49900,9357
16010,5461
19120,6849
58150,8521
19120,6561
11000,1289
65285,8628
11000,1159
29305,7745
67005,1330
25500,7925
23146,7771
23146,7801
49322,4143
38101,5499
49322,5411
49322,5423
38101,5421
43255,8840
75726,4443
75726,4233
52450,9357
16010,6000
52450,8628
36450,8753
47563,9901
36450,5123
16040,8411
93511,4685
93511,4525
45378,3722
93511,3893
66984,1474
67036,1330
36525,_
11044,7981
23532,7760
23532,8628
23532,8345
25620,8314
25620,3803
59120,4563
77421,9199
24925,3991
35701,8407
77401,8345
33702,3539
33702,3961
43238,4685
43238,4525
43238,_
29075,7809
20956,9353
29075,3999
58960,5411
44204,4575
11042,3991
59320,7360
59409,6759
59320,7359
47300,5440
36450,5021
47300,5423
44950,5021
47300,5411
49000,5021
44820,9901
47300,4709
44820,5021
47300,9901
58951,9901
36450,4030
11043,7845
58951,4610
44143,4030
58951,4575
47562,139
36568,5123
47562,124
36568,139
61154,5123
47562,3893
43235,8192
43235,8396
20610,4513
43235,8191
43235,8394
43235,3721
93508,4513
43235,3639
68940,_
C19IP3,5789
47800,3893
C191P4,4613
C191P4,4610
C19IP3,4613
47800,_
36488,5789
C191P4,4579
47800,4613
44144,5789
C191P4,3893
C19IP3,4579
47800,4610
C191P4,5789
47800,4579
31610,3121
31575,3129
43234,3324
31610,4685
32020,3129
36825,3142
45378,3324
31610,4525
36825,3129
31622,3993
31610,4513
36825,3121
36488,3129
43234,3993
31610,3324
90935,3129
31610,3995
31575,3324
31622,3129
43234,3142
31610,3893
36825,4513
43234,3129
31610,3993
31575,3893
36825,3324
31622,4685
45378,3129
31610,3409
31575,3993
31622,4525
31600,3129
31610,3142
90935,3324
31622,4513
61107,8401
61107,407
47000,3409
44620,4595
61320,3995
27220,7926
UO71,5502
EE142,_
44950,4593
44310,4593
35820,3961
93510,3805
35820,3522
33405,3805
35820,3722
27220,7760
27220,8309
27220,9820
27220,7710
27220,8302
27220,8339
27220,8628
67935,7710
67935,8302
67935,8339
67935,8628
43501,5423
49000,4441
38220,4575
38747,4610
44143,4131
38220,4610
45380,4131
38220,4030
38747,4131
38747,4575
47125,4685
45378,5030
47125,4525
45355,9608
36568,4522
36568,9608
44372,4522
45355,3893
43263,5151
47420,5115
43263,5104
49572,5349
47600,5359
49585,5369
49572,5122
47600,5341
47600,5369
49585,5122
49572,5341
47600,5349
49585,5359
36830,4579
44144,3993
36830,4610
36830,5411
36830,4613
36830,5423
44005,6871
58552,5459
44005,6563
47120,5136
61320,3110
23490,8309
23490,9820
11011,7851
23490,8302
23490,8339
NOLNE,_
49080,3460
32650,5159
75982,3421
32650,8839
49080,3421
75982,3460
32650,5425
61512,2110
36430,2263
61512,299
36430,7699
61581,124
61581,9971
61512,1659
36430,2110
61512,2264
36430,299
61581,9903
61512,9971
36430,1659
61512,2263
36430,2264
61512,7699
61581,125
61512,9903
61312,8669
15100,9901
61312,7760
15100,124
11000,8444
47801,5425
49000,5143
47801,5423
49080,5143
47801,5411
65420,1371
66987,1139
65420,1341
65093,1289
65285,1631
65093,1159
99460,5459
25085,8345
24350,7760
24350,8309
24350,8345
24350,9820
24350,7710
24350,8302
24350,8339
24350,8628
61314,102
33533,3770
33207,3611
33533,3780
33207,3722
33210,3611
33533,3776
27507,8396
27507,8191
27507,8394
36488,8867
33207,3491
90935,8867
75820,3491
32000,8867
75820,3995
32000,3780
75820,3893
32000,3776
44604,7925
43605,9903
49010,4415
49010,9903
16010,8444
12034,8621
11770,8345
11043,8621
11770,8659
36488,5451
44970,3893
44205,5459
45385,1739
49320,4562
43264,4542
44180,4543
44970,5411
44205,5123
45385,5188
49320,5294
43264,4701
44970,4562
44205,4523
49320,4543
47562,5411
43264,5423
36488,5188
44970,5294
44205,3893
45385,4701
43264,4593
44180,4523
44205,5411
49320,5123
49000,5188
44180,3893
36488,4701
45385,4593
49320,4523
43264,5421
44970,5123
44205,5294
45385,5451
49000,4701
43264,1739
44180,4562
44205,4543
45385,5421
11040,4525
11040,4233
11040,4685
11040,4443
31500,8309
31603,8345
31500,9820
11011,3110
31500,8302
31603,8339
31603,8309
31603,9820
11011,9604
31603,8302
31500,8339
26952,7936
27823,407
43820,4685
45378,4439
61108,9604
36430,233
61108,9971
61108,9903
62223,9971
62223,9903
47400,4513
47120,5000
45378,5159
43234,5022
47400,4525
43234,5000
44050,4639
NONBE,_
27756,8017
27513,7989
27218,7815
27513,8989
27217,7815
27513,7939
43651,4401
43651,4442
27514,9901
15050,8302
15050,8345
44320,5310
36215,4610
69511,220
61321,2042
61321,220
62200,2042
58120,4030
38770,6909
43239,6829
61519,1692
61333,125
61519,1609
11012,4461
43840,7710
11000,2211
31237,8628
11000,2121
55110,4800
26686,7760
26686,8309
26686,8345
26686,9820
26686,7710
26686,8302
26686,8339
28505,7936
28505,7817
50225,9925
47600,8309
47600,8345
47600,9820
11011,5122
47600,8302
90307,_
62269,4514
31622,332
62269,4685
31622,4514
C19IP4,332
62269,4525
C19IP4,4514
45378,332
43239,3324
62269,_
43239,332
62269,3324
45355,4850
45110,4522
27535,9357
16010,7817
52240,5810
52240,5860
52240,6094
52240,8929
36800,7925
27506,3993
36800,8152
36800,7815
63047,8345
63047,7760
63047,8628
47610,8907
44314,5423
44314,5411
45111,4590
47600,4869
45111,4572
44140,4869
45111,5122
52000,4851
45395,5732
61550,201
67010,1269
66170,1471
67010,1264
11042,5980
52332,8628
11042,5732
74401,_
IE112,_
33200,8857
93543,3774
99460,4289
20680,3893
47300,5641
50220,5021
47300,5551
31603,2559
41113,3110
31603,2510
43239,3699
33863,4514
90935,3599
43239,3958
90935,3699
33863,3995
43239,3599
MB010,_
34630,9971
34630,9903
34630,_
44605,5581
50500,4610
C19IP3,8630
36568,5459
36430,4254
43340,5459
43340,9971
36568,4254
43340,9903
43269,8753
47605,9755
43269,5122
55840,5310
49505,6050
55840,5300
65114,7760
41830,8302
11307,8309
26125,8339
65114,8628
41830,9820
11307,1659
26125,2450
65114,8235
41830,8662
11307,8684
26125,7710
65114,8302
41830,8309
11307,8339
26125,8345
65114,9820
41830,1659
11307,2450
26125,8609
65114,8662
41830,8684
11307,7710
26125,7760
65114,8309
41830,8339
11307,8345
26125,8628
65114,8684
41830,7710
11307,7760
26125,8302
65114,8339
41830,8345
11307,8628
26125,9820
11012,1659
65114,2450
41830,8609
11307,8235
65114,7710
41830,7760
11307,8302
26125,8309
65114,8345
41830,8628
11307,9820
26125,1659
65114,8609
41830,8235
11307,8662
27503,9359
27509,7905
27503,7945
54135,4030
54135,6430
96408,8684
26597,9925
96408,8670
36450,8192
36450,8396
20610,9901
36450,8191
36450,8394
49080,4643
44147,3893
44147,5425
44345,4579
44147,4643
44147,5423
44345,5425
44147,5411
44365,4542
44365,4513
44365,4533
99501,9052
C19T1,9092
99501,_
C19T1,9052
99501,9092
23395,9357
16010,8377
23395,8628
23395,8377
99460,3961
33853,_
99460,3931
15120,3893
11043,202
51860,4613
45380,5521
43239,5620
44144,5631
51860,8773
45380,9645
43239,9649
44144,5781
51860,4514
51860,5620
45380,5631
51860,9649
45380,5781
50575,4579
45380,4613
43239,5521
44144,5620
45380,8773
43239,9645
50575,5781
50575,4613
45380,5620
43239,5631
44144,5732
51860,9645
45380,9649
43239,5781
50575,4514
51860,4579
51860,5631
43239,8773
47510,5294
43264,5198
47510,5188
27827,7906
27780,7817
31500,5361
49565,7499
31500,5351
59513,5361
49565,9604
59513,5351
66984,1460
67121,1330
57452,6739
57452,6909
57520,7021
57452,6720
57452,6769
58943,7360
59409,5440
58943,7359
59409,5423
59409,6551
61526,233
61526,3121
58920,5425
58700,6522
36450,6522
FP001,6651
FP001,6522
58920,_
FP001,5425
58920,9901
49080,6522
58920,6651
21150,7691
36450,7819
21454,9901
36450,7676
49580,_
11000,8571
19361,8628
11000,8554
36450,4442
43840,9901
36450,4461
29075,9901
36450,8417
27590,9353
29075,8417
27590,9901
36450,6829
27507,7932
39501,5029
12002,5061
77761,9971
77761,9903
90693,_
38220,8309
38220,8345
38220,9820
11011,4131
38220,8302
38220,8339
38220,8628
27470,7860
27448,9344
20650,7845
27470,7735
27448,7810
27470,9344
27448,7845
20650,7735
27470,7810
27448,7860
47785,5151
21159,7646
29065,7691
36450,7939
21159,8499
29065,9901
29345,7646
27758,7691
21159,7932
29345,8499
27758,9901
25526,7646
25620,7691
21159,7936
29345,7932
25620,9901
36450,7646
21159,7691
36450,8499
21159,9901
29065,7646
29345,7691
25526,7936
21159,7939
27758,7646
25526,7691
36450,7936
21159,7819
27758,8499
25526,9901
25620,7646
21159,9353
27758,7932
25620,8499
49420,9901
38542,6849
38542,6561
27502,7936
27759,7905
EO49,7360
EO49,7359
AS913,_
51860,4879
45562,5781
51860,4800
C19IP2,8016
47760,5423
48100,5499
47760,5411
36450,5499
47760,9901
47760,5212
74300,5104
26600,7979
25520,7903
26600,7902
44970,8192
44970,8396
20610,4701
44970,8191
44970,8394
20680,5850
52275,294
52275,9788
20680,5732
52275,7860
11040,7851
61312,7851
31293,1609
31293,2219
93555,3961
33533,8850
33517,3611
33405,3929
93555,3522
33517,8850
93555,3929
33517,3961
33405,8850
93555,3611
33517,3522
43268,8766
47510,5293
74300,5198
47510,8766
74300,5293
43268,5198
31800,8604
51860,3171
32020,5717
P0000,9901
31800,5423
51860,8604
51040,3171
32020,5781
31500,5717
31800,5411
51040,8604
32020,3171
31500,5781
36450,5717
31800,_
31500,3171
36450,5781
P0000,5717
10140,9604
31800,9901
31500,8604
36450,3171
P0000,5781
31800,9604
51860,9901
P0000,3171
10140,5717
31800,3409
51860,9604
51040,9901
P0000,8604
49000,3171
10140,5781
31800,5717
51860,3409
51040,9604
10140,3171
31800,5781
51040,3409
96567,3891
36660,9983
36011,5419
58960,3893
36011,5425
58960,5459
35656,3891
35656,3806
27244,7925
43234,5294
47563,4513
43234,8753
43234,5188
32020,3772
33208,3409
15574,8345
58925,6549
59120,6529
58925,9901
99502,9052
36800,4443
36800,4233
43255,3993
11040,7815
11040,212
61601,8628
11040,160
27750,7819
28436,9353
28436,7906
11010,4461
43605,4610
36488,4415
43605,4575
44143,4415
43605,3893
21045,4040
15758,7769
21045,4021
32020,5779
51595,3409
PP,_
21550,8382
33681,3780
33201,3562
33681,3774
11012,1623
67400,7710
67400,8302
67400,8339
67400,8628
11042,4563
93650,3780
C19IP2,3734
33200,3964
93650,_
C19IP2,3964
93650,3774
33200,3734
90945,4563
75820,4639
44125,3995
92982,8867
93510,8867
33207,66
75820,3722
75820,66
33120,3722
93510,3733
52281,125
61314,5732
61314,5860
63301,8628
11043,8099
63301,8345
20690,9357
11100,5423
36450,8611
11100,5411
44950,8611
11100,4709
49000,8611
11100,9901
27756,8689
38100,7819
14041,4150
38100,8689
27756,4150
14041,7819
11000,4150
99256,7935
90935,7817
27756,3995
90935,7936
27758,3995
90935,7819
27227,8907
27827,3995
43760,4311
43255,9702
31600,4443
43235,9702
43750,4443
43760,4513
43255,3121
43750,4233
43760,4443
43750,9702
41153,8628
11043,2530
41153,8345
59515,6601
59150,_
59515,5421
59515,_
44120,9604
C19IP4,4562
44120,3995
C19IP4,4563
27827,9901
47605,9901
15950,7499
59513,8630
62200,3110
31525,233
61312,3142
62223,3110
31525,220
31525,3110
31603,233
62200,3142
31525,125
31603,220
62200,233
62223,3142
31525,124
36011,3121
11041,3952
11041,3840
75989,5980
90935,9357
26990,3995
26990,9357
16010,3995
90935,8115
26990,8628
C19IP3,8843
C19IP3,66
C19IP3,8857
16040,3121
31600,9357
16010,3121
NSD01,7925
93075,_
ANTENAT,_
27245,125
27245,124
76942,5104
76942,5103
47480,_
43241,4525
44147,4513
27360,7749
20225,7785
27360,7745
C19IP4,5440
90935,6651
90935,4011
C19IP4,6651
58943,3995
C19IP4,4011
C19IP4,6551
45300,5831
52234,_
C19IP3,4824
45300,5732
C19IP3,5831
52234,4824
45300,5749
36450,4824
45300,9901
63707,125
61312,359
63707,124
50240,7021
57454,5540
50240,6712
NG3,_
C19CI,9041
C19CI,8909
49085,8628
11043,5492
49085,8345
27470,9353
29345,7845
44388,5251
22326,8099
63081,7929
27506,4590
44202,7815
44202,8152
27506,4562
44202,7925
27054,7760
11012,8075
27054,7710
29345,8417
27625,7760
21346,7935
27511,9903
21346,9971
27511,7939
21346,8628
77401,4563
29305,8345
67040,_
99460,1424
C19IP1,6529
74480,3995
16010,8839
74480,8628
C19PP4,_
28465,7975
15738,7937
28465,8332
27506,8382
20690,8016
15100,8152
27759,7975
28465,7936
27506,8669
27759,8332
28465,8036
15738,7925
27250,8332
15738,7975
20690,9829
27250,7937
28465,7925
49496,4610
44950,6310
44005,4923
62270,4709
44322,5459
49496,3893
45100,5425
36568,5300
62270,6310
49496,5411
36568,5425
49080,331
62270,4525
44950,4923
62270,5459
49496,5425
45100,331
36568,5310
49080,6310
62270,4923
49496,5423
45100,4709
36568,331
62270,4610
44322,5300
49496,331
36568,6310
49080,4923
49496,4709
45100,5459
44005,331
36568,4525
62270,5300
44322,5310
62270,5425
44322,331
49496,4525
44005,6310
36568,4923
49496,5459
45100,3893
44950,331
62270,5310
44322,6310
49496,4923
31603,7760
31603,7710
36822,3893
25620,7909
25675,7935
27759,7783
25575,7909
25620,7935
25675,7936
27245,7783
25675,7783
27245,7932
24665,7935
25620,7783
25675,7932
27245,7909
25575,7783
25350,8033
27450,7733
25101,7819
25350,7932
27450,8499
25101,7735
25350,7855
25526,8013
27450,8033
27450,7932
25101,7939
25350,8499
25526,7735
31600,6840
59525,3121
31600,6839
90950,_
65093,202
27466,1631
27513,7845
62010,7935
27513,202
11010,1631
62010,7845
65093,7815
27466,7935
65093,9820
27466,202
27513,1631
11010,7845
62010,7815
65093,7935
11010,202
62010,1631
65093,7845
27466,7815
26540,8172
36486,3893
17391,8628
17391,8345
17391,_
11606,8382
48005,4579
48000,4610
44900,4613
44144,4720
CA,_
43830,7789
11000,4319
63045,8628
43830,309
63045,4319
11000,309
NAA,_
CR4687,_
96408,4530
65767,1169
58720,6639
66680,1289
65285,1239
66680,1159
49509,4709
26520,8094
NO41,_
59514,8544
19240,7499
59514,8543
23680,7939
23680,7929
74355,5423
48510,4500
74355,5201
48510,9608
74355,5411
49000,4500
21502,3995
90935,7781
49509,4024
19200,8571
19361,8545
27814,7809
27814,3999
25575,7809
20956,7932
25575,3999
11044,8073
25105,7760
58555,4709
49000,6812
58555,5423
44950,6812
58555,5411
UGIB,_
42200,8670
42235,2762
42200,2769
65155,1662
49000,5771
58200,6880
51597,4011
58200,5771
49000,6890
51597,5423
58200,4850
58200,6890
51597,5411
12013,7676
11011,3991
KO46,_
06003,_
29450,8192
29450,8396
29450,8191
29450,8394
12032,_
29065,7934
29065,7924
52334,5995
58951,5419
11000,3491
11000,3404
21406,2181
21406,8659
12052,1289
65285,2751
44130,6551
58943,4639
44130,4011
44130,5440
44130,6651
26410,9357
16010,8286
HH612,9357
HH612,8628
HH612,_
65780,9822
65210,1689
65780,1200
07009,_
26060,7934
26765,8211
26060,7924
49010,4709
KO81,_
25600,7939
23515,7902
25600,7929
98093,_
52010,5732
52010,8799
52010,9649
99256,5459
44005,8907
41870,2420
67835,801
67835,862
XA,2751
11042,881
11042,1840
XA,881
XA,1840
49507,5349
49585,5300
27520,8192
27520,8396
20610,7909
27520,8191
27520,8394
63306,8099
58661,9901
TONGUECA,_
11010,5310
47600,4562
28755,7758
58720,7499
59513,9901
26020,8628
11043,8201
11044,1930
11044,2049
69644,7760
69644,8628
11044,1860
11044,1940
69644,8345
11044,5642
50234,7760
50234,8628
11044,5551
50234,8345
29345,7809
29345,3999
26370,7760
26370,8309
26370,9820
26370,7710
26370,8302
26370,8339
49040,5459
49040,5423
49040,5411
55530,9625
52260,6310
55530,5732
28485,7672
23515,7859
21365,7937
28485,7859
50935,_
31287,4040
38724,2219
ELBOW,7939
LACERATEDWOUND,8499
LEFT,8345
ELBOW,7819
LACERATEDWOUND,7932
LEFT,7939
ELBOW,8628
LACERATEDWOUND,_
LEFT,7819
ELBOW,8499
LACERATEDWOUND,8345
LEFT,8628
25526,_
ELBOW,7932
LACERATEDWOUND,7939
LEFT,8499
ELBOW,_
LACERATEDWOUND,7819
LEFT,7932
ELBOW,8345
LACERATEDWOUND,8628
CR121,_
SO621,_
ZO809,_
57135,6829
35905,3865
LUNGCA,_
35226,9353
27688,8628
27827,_
35226,7936
27688,3959
29405,_
35226,7817
27688,9353
27827,3959
27688,7936
29405,3959
27688,7817
27688,_
66761,1269
66170,1212
66761,1264
23500,8659
26428,8286
26428,8381
35450,3950
24579,125
P0000,7931
24579,124
P0000,125
61313,7931
24579,_
P0000,124
11760,8627
26735,8689
11760,7934
26735,8627
11720,8689
11760,7924
43215,8628
11043,9802
43215,8345
26952,8689
69310,2023
69310,2021
20190,_
27454,7925
NPCA,_
43225,4542
43225,_
14891,_
46280,4959
46200,4911
46200,4993
46280,4939
43243,4685
43243,4525
43243,3995
27506,7789
27070,7815
27070,8152
27506,7785
27070,7925
44322,5522
45300,5980
52335,4525
44322,5732
52335,5411
44005,5522
45300,5631
08098,_
27759,3169
31584,7936
27759,3164
49200,6651
99256,4912
46275,8907
99256,4911
59525,5781
49521,6270
61315,4311
61315,3121
46604,4912
26055,8073
26055,8013
44340,4824
45300,4643
SO51,_
25628,8662
25320,8684
26121,7933
25628,8175
25320,8235
25628,8684
25320,7933
26121,8175
25628,8235
25320,8662
49200,4030
49200,6529
38747,5459
SUBDERMALIMPLANT,_
27530,8396
20610,7906
27530,8191
27530,8394
22327,7939
27310,5310
49507,8016
27310,5300
64722,8301
26055,449
49250,5459
44005,5430
11041,2759
40525,8628
11041,2743
10140,8753
47605,8604
27507,8499
26437,9820
11010,8299
24620,7934
26735,7909
24620,7924
27598,8628
11043,8416
27598,8345
12052,8309
12052,7710
12052,8339
43235,4594
44145,4525
44145,4685
44145,4513
37016,_
69145,2559
41112,1829
69145,2510
23620,9359
23620,9353
25075,8251
26356,8630
25075,7924
25075,8286
26735,8630
26356,7924
25075,7934
21025,7760
21025,8309
21025,9820
11012,7631
21025,7710
21025,8302
21025,8339
21025,8628
10120,8309
10120,9820
11011,8605
10120,8302
10120,8339
11043,5122
12015,8405
59513,125
61314,7499
59513,124
DC966,_
28306,7760
28306,8309
28306,8345
28306,9820
11012,7738
28306,7710
28306,8302
28306,8339
28306,8628
31231,7932
21453,7979
25525,2121
31231,7675
21453,7819
31231,7979
21453,2121
25525,7675
31231,7819
21453,7932
29425,7760
29425,7710
SO141,_
23490,7760
23490,7710
47600,5021
49561,5122
47300,5361
49561,5021
49255,5122
47300,5351
49255,5021
50947,5779
51590,5674
51590,5980
50947,5671
51590,5731
74300,5151
49080,8544
19240,5425
49080,8543
31256,8628
11043,2219
31256,8345
11010,8670
58720,7430
59121,6561
58720,6602
41008,8628
11042,2700
41017,8628
11043,8115
58180,9604
31500,6839
95914,_
25525,7949
39503,5423
27766,7710
CRO26,_
35005,3842
35005,3952
12031,7939
12031,7929
CR1877,_
CERVICALCA,_
82001,_
27524,8381
27381,7936
44005,9199
88174,5440
44005,8838
88174,5459
49255,8838
11011,7934
49500,5423
49500,5411
45111,9622
44125,4869
45111,4563
23615,9971
56513,_
69554,1829
24515,7842
24435,7931
33241,3799
58960,5122
66982,9821
65275,1330
10060,4946
46262,8604
10060,4873
10060,4939
02312,8152
02312,8628
02312,7925
02312,8345
02312,7815
02312,7760
02312,_
C191P3,3995
44300,4514
64834,8388
64834,9353
29075,430
25270,430
21198,8309
21198,9820
11011,7664
21198,8302
21198,8339
45170,4912
45170,4946
46258,4835
45170,4873
45170,4939
44388,4443
44388,4233
32150,3893
64837,430
12200,_
77421,4514
27759,8382
15050,8628
33233,3786
27725,7801
23485,8129
27725,7731
58200,4595
44150,6561
49560,4562
49560,4590
49560,4563
CKDSTAGE5,_
11000,7643
58300,6813
58100,6970
58300,6711
25365,3991
35761,7733
25365,3800
52005,4579
44661,8773
44661,3893
52005,4562
52005,5783
44661,5980
44661,9649
52005,3893
36488,5783
44661,5732
44661,9646
54520,4912
11043,6230
46270,6270
54520,8345
31238,2150
PZ380,_
43246,9607
43241,4311
44188,5451
99660,_
52276,9903
CR078,_
NO302,_
42809,9814
31530,9813
42809,3142
AN02,_
69420,2912
27230,7789
27071,7905
27230,7785
52335,6849
52335,6561
44950,5631
52335,4709
44950,5522
27590,8446
OZ392,_
64835,8388
12030,_
58672,6829
58558,5421
46262,4525
45380,4873
45380,4939
10000,_
25575,7912
43205,4543
44391,4233
43205,4522
21462,7760
21462,8309
21462,9820
21462,7710
21462,8302
21462,8339
21462,8628
PROBABLE,_
61512,7499
61512,6970
27509,7923
45500,4879
25260,460
35206,9353
64856,3959
64856,9353
35206,460
29075,3959
35206,430
51020,5980
52332,9227
51020,5732
52332,5759
35761,8036
27331,3991
35761,8016
35761,9829
27331,3800
AO68,_
11010,8403
25611,8185
24587,7912
90923,_
66984,1239
66680,1330
46080,5294
43264,4959
46080,5188
44604,6539
58940,4675
44604,6551
44960,6589
58150,8544
11644,9359
27509,8630
11644,7945
27514,7933
68362,1289
65285,1153
68362,1159
49080,5361
49561,5425
49080,5351
31254,2220
31256,2262
31267,2263
26030,8403
11044,8203
26030,8345
44620,4590
11042,9814
31530,8628
11042,3142
20970,3999
20970,8670
11011,8446
PZ370,_
67121,1459
67108,1460
67121,1449
36821,5732
52310,3929
36821,5700
11042,7814
ZZ491,_
67728,_
44310,5419
50393,5423
50393,4620
58960,5980
50393,5419
50393,5440
58960,4620
50393,4030
50393,5425
26477,8255
26350,9357
19101,3491
19101,3404
19101,3409
11043,8349
25077,8345
11012,8284
26432,7710
26432,8302
26432,8339
43243,4543
43243,4523
58925,4673
44602,6529
NO32,_
66982,1289
TO19,8309
TO19,8345
TO19,9820
TO19,8302
TO19,8339
TO19,8628
TO19,_
31256,2211
31256,2121
11606,8662
27217,7925
77261,3324
42426,407
42415,2633
58940,5419
49080,6539
58960,6551
58940,4030
58940,5425
58960,6539
49080,6551
29065,9788
26011,9357
26011,8628
38530,8544
38530,8543
36481,5423
36481,5411
11043,7904
43825,3995
90935,4400
11400,9357
47562,5369
49573,5123
47562,5359
25500,8345
44389,6561
44389,4575
44389,6849
61304,212
BREECH,_
23332,7711
OZ390,_
21137,7646
11011,8077
27625,8302
27625,8339
24116,7762
21010,7802
24116,8019
21010,7762
24116,7802
21030,7859
64721,407
64830,460
64721,8251
26356,460
64830,8251
12037,8628
12037,8345
28505,2181
28505,8659
47610,5732
49525,6250
24566,8345
19100,9357
19100,8628
49080,6639
58661,5425
45703,_
80211,9357
80211,8628
80211,_
54560,5300
65805,1289
65280,1291
65805,1159
28307,9353
29405,7738
74118,_
26485,8256
45378,6589
58740,4685
58150,4685
58740,4525
08200,_
15400,8665
49526,5423
54152,4709
49000,6400
49526,5411
54152,_
49526,6400
49526,4709
44950,6400
49526,_
AI101,_
11044,8321
24435,7860
20680,7842
24435,294
24435,9788
20680,7809
24566,7760
24566,8309
24566,9820
24566,7710
24566,8302
24566,8339
24566,8628
47563,5411
26600,9357
12016,7903
12016,9357
16010,7903
49525,4575
50725,5679
50725,5902
27816,8345
27360,9357
16010,7785
12032,3991
12032,3800
49525,6310
55040,6250
15240,8544
15240,8543
23615,7935
23650,7931
23615,7815
27511,7931
23615,7971
49521,5440
50546,5504
50546,5980
50081,5551
45380,5361
49561,4525
45380,5351
65103,1289
65285,1642
65103,1159
27502,7934
26765,7905
27502,7924
44970,5810
44970,5860
44970,6094
44970,8929
52601,4701
44970,5732
44970,5850
44970,6029
44970,6373
57510,7360
59409,6732
57510,7359
47100,5424
49321,5012
21433,7950
32136,_
47563,5459
23675,8628
23675,8345
24341,7932
24665,8388
24341,7783
93935,_
12001,8604
12001,7360
12001,7359
49180,4011
47562,4400
21556,8604
21502,8332
21556,7781
44388,4912
46285,4525
44388,4911
90935,5361
49560,3995
90935,5351
MDS,9971
MDS,9903
MDS,_
52332,5810
52332,5860
52332,6094
52332,8929
52332,5850
52332,6373
49520,4709
50225,5642
02811,8152
02811,_
26715,8628
11042,7922
51550,4029
38572,5760
51550,4709
51550,5421
44950,5760
38572,4709
51550,4011
44950,4029
38510,2211
38510,2121
27695,8628
27759,8669
27709,9357
16010,7737
27709,8628
27591,8314
36488,5781
25545,7934
25545,7924
IJ690,_
47510,9357
16010,5198
47510,8628
29905,_
24546,9903
25525,7939
23515,7979
25525,7929
59513,7925
27125,7936
27125,7817
43260,5294
43264,5110
43260,5188
75989,9608
44372,8839
75989,4513
52332,7021
57454,5732
61700,_
61314,3951
P0000,3951
UO72,3995
52005,5674
51565,5980
51565,9646
33031,3731
33681,3961
33031,3562
33681,3731
33031,3961
31237,125
61512,2121
44604,5425
25545,7925
23630,7932
23630,8499
25526,7931
23630,7819
23630,7939
35022,3845
35022,3995
35022,3952
44373,5104
24538,2751
50760,6529
25105,479
25295,8013
64721,8073
25105,8391
25295,460
25295,8073
64721,8391
25105,460
25295,479
64721,8013
24586,9357
25360,9353
16010,7733
25360,7929
24586,7733
25360,9357
16010,7929
29065,7733
25360,8628
NB179,_
15200,8403
33015,5423
49000,3712
33015,5411
58720,5421
38571,6849
58720,4029
58150,5421
38571,6561
58150,4029
44950,5492
49085,4709
61533,124
44130,5300
35526,3922
15950,6639
58600,8659
65280,1283
25620,3999
28092,8309
28092,8345
28092,9820
51530,5810
51530,5860
51530,6094
51530,8929
51530,5732
51530,5850
51530,6029
51530,6373
21366,7815
21366,8152
21366,7925
29605,_
15740,407
42415,8670
15740,2929
96408,3991
35761,9925
96408,3800
26746,7989
26715,7760
24635,7809
24635,3999
TI94XXA,9824
54115,_
TI94XXA,6492
TI94XXA,_
35626,3922
26765,8689
22326,8129
22554,7929
36450,5779
51590,9901
36450,5671
36450,5151
47510,9901
47420,5198
36450,5104
47510,5151
47420,9901
36450,5198
56605,6909
58555,7111
56605,6829
58558,7111
56605,6816
58120,7111
56605,6812
29075,8444
27827,5423
58300,7430
59121,6970
KL922,_
SO64,_
33235,3777
11011,8289
58770,7360
59409,6602
58770,7359
58900,6813
58100,6512
58900,6711
15931,8302
15931,8339
90930,_
27759,8314
29045,_
21390,7859
11000,7672
21365,1689
28505,9357
24545,7932
44055,4501
44010,4680
15736,9357
23170,7760
23170,8309
23170,8345
23170,9820
11012,7701
23170,7710
23170,8302
23170,8339
23170,8628
27187,5423
49000,7855
27187,5411
44140,9804
45379,4572
43265,5151
47564,5188
99436,_
27884,8414
27884,407
35666,3929
33770,3572
33770,3584
46285,4835
45170,4911
35721,3995
ONHEMODIALYSIS,_
32445,3259
11010,8689
19110,8753
47605,8599
19110,5122
61556,125
49561,6849
58150,5351
26055,8309
26055,9820
11011,8301
26055,8302
26055,8339
61304,202
25924,8404
31500,4525
SO58,8628
SO58,8345
SO58,8659
SO58,_
21501,8544
21501,8543
28022,8286
26410,8018
25600,8499
25600,7819
HYPOXIA,_
31075,2241
59812,6849
58150,6902
59812,6561
27048,7925
16010,4874
45130,8628
50130,9646
49000,6999
58720,8782
58345,5411
49000,8782
58345,5423
58720,6999
25545,8499
29075,7814
26433,8345
45303,5731
50947,4823
16010,8456
12031,125
61304,8659
12031,124
29093,_
37600,8628
37600,8345
21395,1663
21395,7679
27220,7939
27220,7929
25525,7815
63012,3409
32020,309
75945,8309
75945,8345
75945,9820
11011,29
75945,8302
75945,8339
75945,8628
11040,7925
61156,3995
11011,8412
49509,5122
28345,7760
28345,8309
28345,8345
28345,9820
11012,7849
28345,8669
15845,3121
II31,_
76930,4513
76930,9971
76930,9903
26075,7933
26615,8014
26075,7923
50780,6849
58740,5674
66840,9821
66840,1151
51595,5620
55815,5631
51595,8773
55815,9645
55815,5671
50575,5779
51595,6050
55815,5521
51595,5631
55815,5732
51595,9645
55815,9649
50575,4030
55815,5779
50575,6050
51595,5521
55815,5620
51595,5732
55815,8773
51595,9649
50575,5671
20650,5423
49000,7810
49000,9344
20650,5411
49000,7860
20670,2080
69420,7860
20670,2009
26615,8233
26415,7923
47605,5411
58200,4030
AC110,_
36800,5498
36800,9604
75980,4514
43239,8754
47562,6551
58940,5123
47562,6539
67121,1452
61510,4685
61510,4525
43243,4542
43255,5294
47600,4233
43255,5122
47600,4443
43264,4233
31085,2242
31085,7849
44143,4850
27560,8192
27560,8396
20605,7979
27560,8191
68970,7499
68970,_
26037,9820
11010,8212
28043,7760
28043,8309
28043,8345
28043,9820
28043,7710
28043,8302
28043,8339
28043,8628
44143,4523
27310,8192
27310,8396
27310,8191
27301,8192
20600,8303
27301,3995
27301,8394
36488,8303
20600,3995
27301,3893
27301,8396
90935,8303
20600,3893
27301,8191
49080,8314
11040,5425
24495,3880
49080,3803
37618,5425
11040,3803
24495,5425
37618,3803
25420,8628
25420,8345
27580,8628
11043,8122
58180,5425
10140,4563
44310,8604
10140,4590
44120,8604
10140,4620
10140,4562
37202,3893
37202,9929
31231,4685
43235,2121
31231,4525
45378,2121
31231,4513
48140,4610
45380,5253
44143,8874
43259,4575
44143,4150
96408,8192
96408,8396
20600,9925
96408,8191
96408,8394
36012,9925
36012,4513
90935,8036
FP001,6589
FP001,6849
FP001,6561
65280,1475
96408,4341
11012,7669
21188,7760
21188,8309
21188,8345
21188,9820
21188,7710
21188,8302
21188,8339
21188,8628
61313,7902
33245,3795
33245,3797
45300,4835
45113,4824
45300,4601
45300,4595
26433,8628
11043,8284
AZ381,_
31710,9605
77421,3404
77261,3491
77418,3404
22848,9820
22848,8628
75980,3995
90935,8754
27893,8077
27626,8314
49496,6270
49050,5310
49050,5300
49050,_
59620,5361
59620,5351
COCONFIR,_
41015,2700
76986,4563
76986,5475
44850,_
76986,4562
66850,1471
07811,_
45334,9903
41825,9971
36430,2440
41825,9903
90935,639
36145,640
60252,3995
36145,4040
90935,640
60252,3895
90935,4040
36145,639
28600,9820
28600,8628
16010,7933
27759,7809
27759,3999
11000,4595
11000,4835
44152,8628
11000,4582
11000,4601
OO601,_
26852,7760
26852,8309
26852,9820
11012,8127
26852,7710
26852,8302
26852,8339
26852,8628
MC,_
32900,7791
32020,5504
55400,6381
46746,4879
44345,4979
46746,5849
44345,7079
46746,4643
44345,4879
46746,4979
44345,5849
46746,7079
29065,8030
24101,7932
24685,8030
24101,9353
59514,8630
23077,9357
29065,8042
24006,9353
00259,6849
00259,6561
00259,_
51920,6230
54520,5784
51920,6270
33688,3511
76986,3572
33688,3995
76986,3511
90935,3572
33688,_
90935,3511
33688,3572
NO30,_
27472,7935
27513,7805
25620,7933
25620,7923
59514,4563
RO01,_
P0000,5425
P0000,4709
21462,7859
21462,7672
29405,7984
27253,7860
35206,8544
19240,3959
35206,8543
80941,_
77401,8630
11624,_
77421,8630
27511,9971
27758,7859
27758,7672
28062,8628
11043,8344
28062,8345
59136,9901
11012,7855
27165,7710
27165,8302
27165,8339
27165,8628
XA,9788
32402,7791
32035,3424
24587,8309
24587,8345
24587,9820
90995,_
76986,125
61512,_
76986,124
43456,4292
11000,7798
28290,8628
11000,7759
45305,3893
90935,4824
45305,4543
45380,4824
45305,4523
43239,4824
45305,4514
45382,4824
45305,3995
21325,9820
11010,2172
31579,8628
31579,8345
49950,5459
49950,5423
49950,5411
49950,_
38770,5784
51920,4030
58952,5784
12007,8314
24495,8659
12007,3803
27513,7979
24560,7905
27510,7906
27780,9353
24560,7906
27510,9353
27780,7901
29065,7905
24560,9353
27510,7901
27780,7905
44960,5451
OO809,_
21627,3479
36403,9971
36403,9903
36403,_
11424,8309
11424,9820
11424,8302
11424,8339
IMRT,_
27390,8313
12001,8152
27390,8628
11040,8313
27390,7925
50610,3893
50610,3995
28003,9357
9093\,_
11043,5732
10140,4439
36430,5061
47350,8604
10140,5061
43820,8604
47350,9903
44970,5423
10160,4701
44970,8601
57720,6909
58120,6769
58120,6761
36011,3110
24356,7780
24356,8314
12004,8669
12004,8332
15732,8659
12004,8382
40720,8670
42235,2754
40720,2769
OO410,_
47010,5136
47612,_
47010,3893
47010,5151
47010,5122
99195,_
26862,9820
11010,8128
26862,8628
27535,4563
44120,7936
27535,4562
27535,4590
44120,7817
37563,_
24575,479
24575,460
57555,6561
58210,7050
57555,4030
57555,6869
58210,6740
27385,7929
27566,8365
27385,7796
58150,5675
50760,6561
25620,479
64721,7932
25620,460
90935,7935
27236,3995
28450,8309
28450,9820
28450,8302
28450,8339
64832,7760
64832,8345
64832,8388
64832,8302
64832,8628
25575,430
64832,7932
64832,8309
64832,9820
25575,8388
64832,7710
64832,8339
28645,7935
26665,125
61312,7814
65810,1264
66984,1292
66172,1472
43234,4011
64891,450
25927,7760
25927,8309
25927,7710
25927,8302
54115,5310
49509,6492
27253,7760
27253,8309
27253,8345
27253,9820
11012,7985
27253,7710
27253,8302
27253,8339
27253,8628
BO79,_
12016,8309
12016,9820
12016,7710
12016,8302
12016,8339
25145,7760
25145,8309
11012,7709
25145,7710
25145,8302
25145,8339
68325,1049
44389,4869
45114,4525
45378,4500
44120,4533
44110,6849
67040,1475
67025,1424
51860,5749
21235,2262
31267,2161
19020,5459
44300,8500
46080,4610
10160,4959
19020,5423
44300,5459
46080,8500
10160,4610
49000,4959
19020,5411
46080,5459
10160,8500
44005,4959
19020,8601
46080,5423
49000,8500
19020,4959
44300,8601
46080,5411
44005,8500
19020,4610
44300,4959
46080,8601
47562,2263
31255,5123
47562,2119
19120,3249
32491,8521
19120,3221
31622,3425
32606,3324
27228,7989
27228,7939
61519,299
43831,4242
43124,4319
43831,4211
75650,8843
28022,8669
11011,8018
27358,9353
29345,7762
27510,7934
26735,7905
27510,7924
21210,7760
21210,8309
21210,9820
21210,7710
21210,8302
21210,8339
77261,5980
28485,7932
CHRONICKIDNE,_
77261,6712
77421,6712
77261,5501
57500,_
77261,5502
11400,8382
59409,5411
49000,7359
49000,7360
27448,8628
11043,7735
28230,8313
12001,7925
XAW19,_
AV899,7925
AV899,_
27759,8499
66940,9821
65275,1359
66940,1151
29085,8401
29085,407
75671,125
75671,124
46255,4921
46600,4946
47563,5185
11404,4912
11404,4911
69505,8544
19240,2049
69505,8543
36821,3809
35860,3893
36011,3929
34451,3806
36821,3807
35860,3809
34451,3929
36821,3806
35860,3807
36011,3809
36011,3807
35860,3929
76986,8839
75940,8411
75980,3870
76986,8754
28810,8839
75980,8411
76986,3870
28810,8754
75980,_
76986,8411
28810,3870
75940,8754
VO71,_
26706,7939
26706,7929
27503,8309
27503,9820
27503,7710
27503,8339
90935,8500
19020,3995
31600,202
62010,3121
76942,5631
27866,_
27866,8415
27866,9971
27866,9903
88332,8521
38520,_
38520,9925
77421,4011
75980,5717
51040,8754
IN139,5498
IN139,3995
IN139,_
11000,8152
47000,8839
45305,4685
50660,5642
31800,9357
16010,3171
31800,8628
27405,8016
27403,8146
KO40,_
19357,8544
51860,4675
44604,5781
31515,4513
31575,9925
31515,9925
47362,5411
12005,7925
12005,7932
12005,8152
12005,7815
66840,1479
67027,1330
66840,1472
46221,6849
58740,4945
46221,6589
44005,4945
46221,5411
46221,5459
49000,4945
46221,6561
58150,4945
46221,5423
11000,8251
77261,8630
99256,4850
99256,5760
36010,4252
43117,5423
36010,4241
36010,4429
43117,5411
36010,5423
36010,4350
43117,3893
19100,6561
11011,7904
25077,7760
25077,8309
25077,7710
25077,8302
25077,8339
43262,5104
47420,5185
47610,5185
53600,5641
44005,5860
50225,5459
53600,5551
50225,5860
53600,5459
MM908,9971
58925,_
MM908,9903
58720,_
MM908,6561
MM908,6529
MM908,_
12005,9604
44602,4675
04100,7360
04100,7359
04100,_
58558,4542
45385,6816
46260,6909
45385,4946
58558,4523
46260,6829
45385,6909
58558,4946
46260,4523
58558,4543
46260,6816
45385,6829
62200,3491
32002,220
62200,3404
48140,4029
48140,5641
50230,4150
11042,4879
45562,8628
11042,4800
59120,6522
58920,6549
27514,7926
32405,4514
45378,3326
32405,4685
43239,3326
22846,8051
22846,7769
22846,309
20930,7769
22846,7809
22846,8451
48150,5185
43262,4370
43200,9901
43200,3893
36011,4223
36450,4223
12044,9901
27535,7672
21360,7817
25810,7809
25125,8126
25810,7763
99408,_
69310,8345
44602,9357
25620,4879
45562,7932
25620,4800
DE142,_
54150,4709
54150,5440
49255,6400
54150,5423
54150,5411
49580,5122
92981,8345
58951,5784
23480,9820
25023,479
28750,8345
26410,3991
35761,8286
26410,3800
27130,8192
27130,8396
20610,8151
27130,8191
27130,8394
57155,9971
57155,9903
36430,7091
77781,9971
36430,6999
77781,9903
11470,5423
49020,8630
11470,5411
11470,5419
EO55,_
28120,7860
20680,7789
28120,9788
28120,294
29075,125
29075,124
49509,5717
37720,3952
90935,3889
24341,3995
35013,9353
37720,3843
24341,3889
29065,3995
37720,9353
29065,3889
37720,8388
29065,3952
35013,3889
37720,3995
90935,8388
24341,9353
29065,3843
27230,7810
27230,7975
27230,7860
27250,9344
20650,7975
27230,9344
27250,7810
58301,_
33460,3514
33460,_
99460,3514
33460,3961
58150,8604
10140,6849
89245,9903
45110,4685
27510,9344
27510,7810
27510,7932
27510,7860
EB61,_
67025,1292
65815,1159
65280,1292
65815,1471
19020,4685
43235,8500
19020,4525
45378,8500
19020,4513
55700,5759
27827,7859
27703,8149
24615,7852
24130,7982
24498,7783
24615,7850
24130,7852
24498,7982
24130,7850
50500,4572
44140,5581
50500,4590
43800,5459
43820,4429
43820,5459
43239,4429
43239,5459
44005,4514
43800,4514
44005,4429
43800,4439
45330,4946
44388,8628
11040,4513
11040,4946
45330,8628
44388,4946
25676,8309
25676,9820
25676,7710
25676,8302
25676,8339
67027,1371
31255,2252
31287,2263
31256,2252
31287,2119
10140,6840
59514,8604
10140,6839
59525,8604
10140,7499
67040,1402
65265,1424
10160,4590
47370,8601
51860,5025
44204,5781
10160,1739
47370,4590
51860,8601
44204,5025
10160,5781
47370,1739
44204,8601
10160,5025
47370,5781
51860,1739
77401,8321
21550,_
77421,8321
28725,7760
28725,8309
28725,8345
28725,9820
11012,8113
28725,7710
28725,8302
28725,8339
28725,8628
33246,3780
33200,3795
33200,54
33246,3774
33200,3797
47350,8628
47350,8345
66984,1264
22842,7936
22842,7817
43631,5104
47480,4360
43631,5103
28525,8382
67935,8671
67966,1060
27510,125
27510,124
32020,2751
27705,7760
27705,8309
27705,9820
11012,7737
27705,7710
27705,8302
27705,8339
53600,5732
53600,5700
27217,7979
27218,7909
27216,8989
27218,7979
27216,7939
27248,7710
27248,8302
27248,8339
27248,8628
28485,7935
27511,7937
12011,7859
21196,8659
12011,7643
11044,8146
27409,9353
29345,8146
58120,6839
58180,6909
50815,4850
90935,5771
50815,6890
51597,3995
50815,4610
90935,4850
50815,6880
90935,6890
51597,5671
50815,3995
50815,5771
90935,6880
50815,5671
44389,9971
44389,9903
19160,7791
19260,8523
19160,3440
43234,650
60271,4513
43234,639
58660,5781
58660,6849
51860,5421
27040,9357
27040,8628
12011,3404
12011,3491
11043,3404
32651,3893
36488,3252
28104,8345
21246,9788
20663,7643
21246,294
38720,2211
31237,4021
38720,2121
02011,_
46275,9623
46604,4911
10060,7360
10060,7359
28485,125
61314,7937
28485,124
28570,8199
32000,6529
11042,8284
49201,5310
49201,5300
44005,5751
51500,5459
ISO0,_
44605,4593
44160,4675
51860,4572
44140,5781
28272,7760
28272,8339
28272,9820
25575,8048
28272,7710
28272,8309
28272,8628
28272,7932
28272,8302
28272,8345
27823,7977
27840,7819
49255,5421
49255,4029
38571,4709
38571,5440
NI189,_
12053,8309
12053,9820
12053,8302
12053,8339
44320,9199
45905,4610
88332,9623
44320,8908
45905,9199
88332,4610
44320,9623
45905,8908
27884,9971
27884,9903
61313,7929
21470,8146
27405,7905
27220,7676
21470,7905
27405,7676
27220,8146
CO29,_
58555,8782
49525,5459
49905,4461
32000,5474
43840,5474
49905,3491
45550,4876
45402,4576
22900,5732
22900,9646
52005,5430
22900,5411
22900,5980
22900,9649
22900,5423
22900,8773
58600,6859
58262,7499
59514,6859
58262,6639
43235,3324
12011,7934
26735,8659
12011,7924
LTCS1,_
55110,6352
54600,6100
51920,8382
15738,5784
51920,8669
51920,8332
58662,6651
58662,5459
58662,5423
58662,5411
27244,7985
29075,8381
26412,9353
31600,7807
35800,3893
26125,3802
11042,8235
20955,8662
31600,8684
26125,7807
20955,3893
36488,8235
35800,8662
27524,7955
27540,7936
27519,353
27524,7939
27519,7939
27540,7955
27524,353
36488,8446
43239,9353
27881,3893
43239,8415
36488,9353
27881,4514
43239,8446
32000,6813
32000,6711
90936,3995
90395,3995
28485,9344
28485,7860
20650,7937
EO42,650
60270,_
EO42,639
43293,_
43293,4685
43293,4525
93510,8345
RA011,_
21431,7949
21431,9355
43200,3991
35701,4223
43200,3802
11000,8047
99256,2263
31237,8907
99256,2219
31254,8907
99256,2211
31256,8907
99256,2121
OO021,_
36011,5136
36011,5270
36011,4370
36011,5251
15120,1930
27236,1940
61605,2049
47562,4514
43239,5123
38746,4029
15732,3409
15120,3409
31786,3150
37617,9971
36821,9971
36825,3929
36821,9903
C19T1,4620
93505,3725
33463,3611
33533,3514
43258,4639
31500,5103
36488,5299
32020,4341
P0000,4530
48001,4533
43258,9604
P0000,4319
43258,5103
31500,5299
32020,4530
P0000,4533
48001,9604
43258,3893
P0000,4639
43258,5299
31500,4341
32020,4533
48001,3893
43258,3409
P0000,5103
31500,4530
36488,4533
48001,3409
31500,4319
32020,5103
P0000,5299
48001,4341
31500,4533
48001,_
43258,4319
31500,4639
32020,5299
P0000,4341
48001,4530
52235,5631
43280,4685
43239,4467
43280,4525
45378,4467
43280,4514
28525,7926
90955,_
57200,6551
44005,7071
57200,5459
57200,5411
57200,4709
49000,7071
57200,6539
58940,7071
57200,5423
26844,8126
26844,8403
26910,8126
26844,8401
27507,7859
27507,7672
51920,5641
50220,5784
51920,5551
58100,5423
38770,6711
49255,6711
49000,6813
58100,4030
38770,6813
58100,5411
49255,6813
49000,6711
24136,8345
45317,8628
11042,4543
46250,4835
19162,4023
37204,5641
50220,3880
37204,5551
65285,1371
66983,1159
26615,8175
29846,7923
28615,7929
28615,7819
59513,6529
11426,8659
12013,8630
11404,8659
AN185,_
44604,4610
44140,4675
10160,4572
44604,8601
44143,4675
44604,4572
59870,6849
59870,6561
67052,1460
67121,1370
47600,4593
36450,7989
27535,9901
27848,9901
36450,7817
99460,125
99460,124
15050,8309
15050,9820
15050,8339
27245,9344
27245,7815
27245,7810
AB,_
56501,4912
24000,7936
27535,8012
24000,7935
96408,8839
75984,9925
61312,202
AA960,_
49555,5423
49000,5329
45308,4513
43235,4823
44320,4836
45308,9971
44320,4835
36430,4836
45308,9903
44320,4823
43235,4836
45308,4610
36430,4823
43235,4835
23920,4029
23920,5641
50230,8408
23920,3807
23920,5551
50392,3893
50392,9971
36430,5512
50392,9903
36488,5512
50392,3995
28126,7760
28126,8309
28126,9820
11012,7799
28126,7710
28126,8302
28126,8339
28126,8628
25240,7933
25240,8345
66984,3995
90935,1330
43235,8838
23077,8031
23100,8339
23077,8011
26951,8699
OUR20,5732
NCYST11,_
63704,8382
AA419,_
50500,4195
36488,5581
38115,5581
50500,3893
47120,5253
43620,5022
48140,4399
47120,4150
43620,5253
48140,5022
47120,4399
43620,4150
50551,5631
58558,4610
45331,6816
44320,6909
45331,6829
58558,5411
45331,5423
44320,6816
45331,6909
58558,5423
49000,6816
44320,6829
45331,4851
45395,4525
52281,5850
52281,6094
90924,_
C19IP3,4514
61552,201
38381,4064
58262,5784
51050,5784
SOO2,_
57061,6813
58100,7091
57061,6711
11040,8286
11040,8251
21315,2181
27217,8152
HHH,8669
HHH,8609
HHH,9357
HHH,8628
HHH,_
27071,8309
27071,9820
20680,3995
25450,7823
25450,9820
11010,7823
25450,8628
15738,8907
99256,8332
99256,8382
47010,3491
47010,3404
26037,8309
11011,8212
26037,8302
26037,8339
30130,2188
27244,7749
27244,7745
50728,5390
21557,5599
21550,8389
50728,8339
21557,8321
21550,5390
50728,5599
21557,8389
21550,8339
50728,8321
21557,5390
21550,5599
50728,8389
LO30,_
08073,_
93530,3721
43260,5132
47721,5110
43260,4439
32002,4341
43244,3404
27828,8152
27828,7925
11044,8414
45303,4572
36011,4823
45303,4610
36011,9622
36011,6561
45303,5411
36011,4572
44141,4823
36011,6849
45303,5423
44141,9622
29305,7760
29305,8309
11012,9351
29305,7710
29305,8302
29305,8339
27822,7977
23190,7781
27047,4513
49585,7769
38220,5341
45378,5349
27047,4525
49585,4685
45378,7769
43235,5341
27047,5349
49585,4131
38220,5349
27047,4685
49585,4513
38220,7769
45378,5341
43235,5349
27047,4131
49585,4525
43235,7769
27047,5341
66984,9928
52500,5671
27530,7986
27556,7906
76986,1739
66982,1474
58740,4850
49255,5671
24495,7710
21315,2103
30905,2171
21315,2102
19110,5104
47420,8599
19110,5151
47610,8599
49520,6200
76930,3995
27524,7979
27524,7819
24515,7933
24515,7923
36640,5421
96408,3891
36640,4319
43653,3891
36640,9925
58150,7359
00800,_
96408,5733
36450,5733
52204,9901
52204,9925
45379,4513
DJ00,_
45334,4610
49320,4524
45334,5421
44320,4524
26500,8628
11043,8271
26500,8345
000/6,4850
000/6,4610
000/6,_
52334,5749
52334,5831
11043,1060
63030,3893
20225,309
31255,2150
32405,3402
32100,3326
32405,3328
67560,1672
16010,5440
49255,9357
58150,9357
49255,8628
32100,4289
43312,3328
82120,_
49200,5349
49200,5341
49321,4530
49321,4543
43251,5424
49321,4341
49321,4542
45385,5424
49321,4233
49321,4523
65103,7979
25520,1642
65103,7902
26700,7933
26615,7974
26700,7923
65285,1641
20650,7817
26437,7710
26437,8309
11012,8299
26437,7924
26437,7760
26437,8339
26735,8299
26437,7934
26437,8302
49070,_
35206,9971
36430,8388
35206,9903
25260,9971
25260,9903
31380,3029
28045,3806
35860,8339
11000,3806
35860,8332
25350,7749
25101,7733
20225,9820
25350,8628
29075,7749
20225,7733
25350,7745
25101,7749
11000,7733
20225,8033
25350,9820
29075,7745
25350,9353
25101,7745
29075,7733
20225,8013
75980,9925
96408,8754
90934,3995
49250,5349
49585,5430
49250,5341
90935,5587
90935,5689
50400,3995
90935,5570
25574,8499
44005,4720
44900,5459
43239,4835
45309,4514
43239,4836
43239,4823
28288,9357
16010,7759
28288,8628
66995,1371
27236,7749
27236,7745
46260,5810
46260,5860
46260,6094
46260,8929
46260,5732
46260,5850
46260,6029
46260,6373
06240,7360
06240,7359
06240,_
44160,5122
44160,5459
24330,_
44130,4514
27303,7925
20827,8401
29075,8421
20827,407
26951,8421
20827,9353
23030,9357
16010,7711
23030,8628
59870,6949
58520,6909
59870,6941
88332,6651
11044,8391
25295,7912
25611,8391
25295,7760
11010,7780
57282,7092
58270,7077
57282,6859
60280,639
44340,4572
38940,_
38940,6551
58940,_
38940,6539
99460,6551
99460,6539
50395,5600
50395,5522
44005,6839
58180,5459
32002,639
60252,3491
32002,4040
32002,640
60252,3404
11040,7809
61700,3995
90935,3951
23600,7760
23600,8309
23600,9820
23600,7710
23600,8302
23600,8339
27385,8364
27380,8365
25000,7760
25000,8309
25000,8345
25000,9820
11012,8301
25000,7710
25000,8302
25000,8339
44605,4639
44130,4675
44130,4593
44160,4639
44130,4579
WITHLIVERMETASTASES,5423
WITHLIVERMETASTASES,5411
WITHLIVERMETASTASES,_
58952,4011
58952,6551
58943,6529
58952,6651
48547,5029
48547,5099
47361,4439
48547,5000
48547,5061
38100,4461
39501,4150
43840,4150
38100,3482
27759,125
61312,7936
27759,124
11401,8521
19120,8630
11450,8521
60240,2749
60240,7631
41155,640
60240,2530
44206,9971
36430,1735
CR191,_
11040,7691
21151,8628
11040,7646
44620,6849
58150,4650
49587,5779
51580,3995
49587,3893
51580,5341
58951,4590
36488,4030
58951,3893
58951,4572
44140,4030
29065,5411
27760,7936
53502,5841
27828,7810
20009,_
KK409,5310
KK409,5300
KK409,_
59612,8628
45380,8382
45300,4959
46200,4824
81711,7760
81711,_
90935,1289
65285,3995
90935,1159
27881,7935
27511,8415
27881,7815
27511,8446
11010,8019
27507,5423
38102,7935
27507,5411
27507,4150
15572,8309
15572,9820
15572,8302
15572,8339
15572,8628
47480,8753
47610,5103
26735,8364
28270,7924
27435,8345
20103,_
60240,4912
46275,640
60240,4911
65285,1292
65285,1473
65810,1159
62141,125
61512,206
62141,124
21346,9357
12005,4673
12005,5423
44602,9604
12005,5411
31500,4673
44602,8659
12005,4675
43239,4911
44389,4993
46060,4514
44389,4873
43239,4901
43239,4993
44389,4514
43239,4873
44389,4911
43239,4912
15770,8630
47562,5339
49555,5123
47562,5329
53265,5620
53265,5732
53265,9645
65720,8671
67966,_
65720,824
65720,_
11042,9353
52234,3893
52234,3995
29425,8659
27756,8659
12005,7819
12005,9353
45100,9971
45100,9903
36430,4923
28645,8411
62190,8628
31603,379
61108,3110
62190,8345
61108,379
62190,124
61108,8628
11043,379
62190,3110
61108,8345
35761,9357
16010,3800
27792,7909
27760,7817
51920,5620
58600,5631
51920,8773
58600,9645
UA71,_
52234,5810
52234,5860
52234,6094
52234,8929
19140,8382
24920,8314
25023,8407
24920,407
23515,5784
51920,7929
50978,5631
50978,5633
50978,8773
50978,9227
50978,9646
50978,9649
11011,8014
AI62,_
ZZ383,_
11044,7631
21025,8604
21501,7760
21501,7631
10060,8332
44005,5675
50760,5459
33330,3958
61860,293
17271,8630
27603,7749
43235,5183
47620,4513
36430,8754
47620,9971
36430,5183
43235,8754
47620,9903
61539,124
23615,7932
25515,7931
31273,2211
31273,2121
31273,_
26145,479
64704,8233
49010,4590
49010,4562
49010,4563
49010,5459
49560,6529
49560,5341
49587,5351
25280,8385
25280,7760
25280,8309
25280,8345
25280,9820
11012,8385
25280,7710
25280,8302
25280,8339
25280,8628
32653,3452
44188,9805
45915,4610
44188,9638
52330,8773
52330,5700
52330,9649
52330,9646
50392,5980
52332,5512
50392,5732
NO49,_
75685,125
75685,124
44180,5349
49587,5451
44180,5341
27824,9357
38038,_
26952,7935
27514,407
45384,4590
36450,5300
26860,407
26951,8128
26860,8401
11043,8128
42215,5310
14000,5310
49507,8689
14000,5300
59514,5425
49080,4011
35800,8544
19240,3802
35800,8543
52649,4513
45378,6029
52649,4685
43234,6029
52649,4525
28344,8345
45320,4946
67930,1475
67051,881
67930,1474
C19IP4,9607
43241,3110
31500,9607
36488,9607
43241,9604
31603,9607
43326,4466
43326,4469
43202,4685
45378,4224
25675,8185
24366,7909
25675,8184
43880,4463
59812,6839
58180,6902
47100,4029
47100,5641
50230,5012
47100,3807
47100,5551
67049,1330
66840,1380
27134,7860
26686,7989
27217,7984
26686,7939
11011,7913
BO2,_
67971,8671
67971,824
44389,1735
26727,9353
27848,8152
24600,7936
50075,8773
58145,6639
56501,9199
88332,7180
56501,8908
24575,7760
24575,7710
48500,5423
49000,5230
48500,5411
48500,5230
26951,8403
11000,4594
28800,9971
36430,8412
28800,9903
11010,9357
19120,8382
34502,5641
44005,3959
34502,5551
50220,3959
34502,5459
63003,4029
63003,5641
50230,309
63003,3807
63003,5551
IUO7,_
27880,8129
22554,9901
27880,8051
36450,8129
22554,8415
36450,8051
28264,8384
27758,6270
54520,7936
27758,6230
27132,8076
27334,8153
27132,8016
65275,1475
67025,1151
27350,7925
36430,4800
45563,9971
36430,4879
45563,9903
24545,7935
27513,7931
24545,7815
26727,7989
26727,7922
44120,4579
20692,3800
35761,7810
20692,3991
JJ939,_
24665,7912
25611,7783
24500,7949
CT191,_
58200,6589
76930,3700
33010,3712
33015,3700
76930,3712
33010,_
76942,3700
33244,3779
NCP01,_
24546,7971
23650,7842
24138,7760
24138,8309
24138,8345
24138,9820
24138,7710
24138,8302
24138,8339
24138,8628
12013,2752
41252,8659
12013,2551
25575,7989
25575,7984
26785,7932
90935,8073
25105,3995
90935,8013
25515,7939
44140,5980
36568,4572
52332,4590
33310,3711
48152,8874
44388,9804
45379,4525
44388,4523
28430,8345
34421,7760
34421,8309
34421,8345
34421,9820
11012,3807
34421,7710
34421,8302
34421,8339
34421,8628
11012,3809
11010,8175
49509,6400
43235,9803
43500,4513
43235,4300
28270,7710
28270,8302
28270,8339
59413,_
25600,8401
26952,7902
25600,407
NO3,_
56405,4912
46270,7109
56405,4911
47300,6849
47600,8908
58950,5021
88332,9971
47300,8908
36430,9199
58950,4030
47300,6561
58950,9199
44960,5021
88332,9903
88332,6849
47600,9199
58951,5021
88332,5122
47300,4030
47300,9199
58950,5122
88332,5440
47300,6529
58950,8908
88332,5021
35151,9903
LO0,_
58150,7111
56605,6849
EII6,4685
EII6,4525
77414,_
25545,7989
27217,7932
31237,1623
67400,2121
58145,6859
58262,6829
36452,_
21343,7935
21343,7815
40654,8628
40654,8345
27511,7850
II120,_
26608,8403
26910,7814
26608,8401
55110,8345
67036,1473
65810,1474
67961,1623
67400,8671
52281,6000
53025,5810
67030,1474
76942,5511
50020,_
76942,5501
49507,9903
27880,7925
27519,7710
27519,8339
27519,8302
19020,8544
19240,8500
19020,8543
25330,7925
15757,8152
25330,8660
15757,7815
25330,8152
15757,_
27506,8660
25330,7815
15757,7925
25330,_
36588,_
72261,_
45446,_
45446,6829
49900,4610
45378,5461
49900,4685
44322,5461
49900,4525
28415,9788
EZ370,_
HYPERTENSION,_
29879,8086
29884,8147
29870,8040
29884,8086
29876,8040
29879,8076
29884,8026
29876,8147
29877,8040
29884,8076
29877,8147
29879,8040
29884,8036
11043,7913
19120,2181
19120,8659
44146,5980
52332,4594
52334,5860
52334,6000
50040,5717
51040,5502
51040,5501
29305,7739
14061,8345
25145,8401
26952,7709
25145,407
27217,7800
20902,7989
27507,7800
MM,9357
MM,8628
44144,7760
11012,4579
11012,4613
44144,7710
61518,8345
11043,4613
26665,7933
XXA,_
ABNORMALPAPSMEAR,6813
ABNORMALPAPSMEAR,6711
ABNORMALPAPSMEAR,_
43235,3929
21247,7643
21198,7691
21247,7664
21247,7691
36825,3952
36825,3843
35013,3993
11011,7933
19260,4595
45305,4601
45305,7791
44152,4824
19260,4582
45305,4595
19260,4835
45305,3440
44152,7791
19260,4824
45305,4582
19260,4601
45305,4835
44152,3440
59121,9971
36430,6602
49520,6270
55700,5300
49520,6011
55700,5310
66987,8192
16010,1371
66987,9357
66987,8394
20610,1341
66987,8191
66987,8396
16010,1341
20610,1371
66987,8628
58120,5785
51820,6909
58120,5674
20520,9357
27745,9357
11000,4876
45402,8628
11000,1736
27750,125
61312,7906
27750,124
11012,2749
41155,7710
41155,8302
41155,8339
26952,8382
15738,8401
26952,8332
15738,407
24635,7860
27615,8628
11042,8349
LJ683,_
21470,9971
21470,9903
49080,4429
43800,9971
24530,9357
24530,8628
46250,4879
45562,4946
46250,4800
26055,6813
58100,8301
26055,6711
43235,6829
35103,3995
11765,8611
11755,8623
11750,8611
60240,5310
60240,5300
50546,5123
50081,9646
32100,3995
90935,3402
90935,3328
31090,2169
30140,2253
31090,2161
47600,6813
58100,5122
47600,6711
21365,7931
24515,7672
21010,8309
21010,8345
21010,9820
21010,8302
21010,8339
21010,8628
46221,4912
46270,4945
46221,4911
37730,8344
37730,8669
45382,4522
44391,4523
58740,4575
58740,4610
44143,6589
27125,4685
43234,8152
27125,4525
45378,8152
27125,4513
12011,8152
11040,7912
12011,7815
29075,7925
29075,7912
25611,7815
11040,8152
27506,7912
12011,7925
29075,8152
12011,7912
11012,139
61570,7710
61570,8302
61570,8339
61570,8628
26020,9357
16010,8201
99256,8782
58140,8907
99256,6999
58345,8907
99256,6829
10201,_
55040,6392
54550,6310
55040,6100
54700,6310
55040,6200
50500,5492
52310,5581
49000,5700
49085,5732
52310,5423
49085,5581
50500,5700
25628,8309
25628,9820
25628,7710
25628,8302
25628,8339
54440,8309
54440,9820
11011,6498
54440,8302
54440,8339
51525,5810
51525,5860
51525,6094
51525,8929
51525,5732
51525,5850
51525,6029
51525,6373
57300,4823
45317,7073
57300,4543
C19FRP,4542
C19FRP,4513
C19FRP,4543
C19FRP,4523
15200,8546
15200,8545
51570,4590
11420,5779
58662,8630
44140,6639
51570,4572
11420,4590
58662,5779
44140,8630
51570,6639
11420,4572
58662,4590
44140,5779
51570,8630
11420,6639
58662,4572
93510,8843
11042,8411
45338,4610
44143,4524
44143,4543
45338,4575
43235,8843
23077,8382
35905,8669
23077,3865
35905,8332
23077,8669
35905,8339
15734,3865
23077,8332
35905,8382
52007,9645
50551,5633
96408,5104
47480,9925
96408,5103
44005,4874
45135,5459
44005,4869
11000,160
67052,1330
66840,1370
29355,8382
12035,8669
29355,8659
12035,8332
29355,8669
12035,9353
29355,8332
12035,8382
31237,2080
69420,2121
29365,7986
44205,8628
90193,_
27360,7810
20692,7785
49507,125
61312,5300
27511,8364
27078,7935
27236,7765
TR560,_
12001,8314
26410,8251
29345,407
29345,8414
29345,8415
27888,9353
99256,4442
43840,8907
99256,4461
66982,1471
44365,9971
44365,4514
44365,9903
11043,7926
00809,_
27540,7905
27502,353
36800,5980
45330,8773
75989,9646
52007,4011
36800,6849
45330,3993
52007,4513
58200,5633
36800,6561
45330,6849
75989,3993
52007,8839
58200,4513
36800,5633
58200,9649
36800,4011
52007,4525
58200,8839
36800,4513
45330,5633
58200,9646
36800,9649
45330,4011
43235,6849
52007,3993
58200,4525
75989,5633
58200,8773
36800,9646
45330,9649
52007,6849
58200,3993
45330,8839
43235,5633
58200,5980
36800,8773
45330,9646
43235,4011
52007,6561
93510,295
20661,3722
93510,294
58565,6699
TEST,_
66987,1265
66160,1341
66982,1231
91093,_
21454,7936
27535,7676
27151,7985
31500,5122
44140,9604
27495,8152
27495,7925
55000,3995
90935,6191
49080,4680
44050,5425
27880,7989
49080,8415
27217,5425
27880,7939
49080,7989
27217,8415
27880,5425
49080,7939
44960,4850
44960,5760
21344,125
21344,124
P0001,5310
P0001,5300
P0001,3893
43605,4450
43860,4415
43605,4389
31622,3249
32480,3324
31600,206
62147,9702
31600,204
43760,206
62147,3121
43760,204
21600,7791
21600,2211
31237,7791
21600,2121
KK801,_
58152,7499
36450,5950
58152,9901
59513,5950
36488,4011
58200,3893
29358,9359
29358,7945
53400,5310
49507,5849
53400,5300
49565,5459
33971,3958
33971,3959
33971,9744
67961,7859
21365,8671
49201,3491
49201,3404
49550,4442
54535,4461
49010,5329
43840,5339
49550,6230
49550,4461
54535,5329
49010,5339
43840,6230
49550,5411
54535,5423
49010,4442
54535,5339
49010,6230
49550,5423
54535,4442
49010,4461
43840,5329
27535,8036
27535,9829
RO21,_
27507,7906
27750,7935
28825,8699
37616,8544
19240,3880
37616,8543
CRO88,_
96408,6839
58180,9925
20926,8309
20926,8345
20926,9820
20926,8302
20926,8339
23480,7925
28606,8152
21347,7731
21461,7851
27310,7818
27600,7939
28810,7676
23480,8314
28606,8411
21347,7815
21461,7925
27600,7731
28810,7851
27506,7818
23480,7939
28606,7676
21347,8016
21461,8314
27310,8411
27600,7815
28810,7925
28606,7851
21347,7818
21461,7939
27310,7676
27600,8016
23480,7815
28606,7925
21347,8152
21461,7731
27310,7851
27600,7818
28810,7939
27506,7676
23480,8016
28606,8314
21347,8411
21461,7815
27600,8152
28810,7731
27506,7851
23480,7818
28606,7939
21347,7676
21461,8016
27310,8314
27600,8411
28810,7815
23480,8152
28606,7731
21347,7851
21461,7818
27310,7939
27600,7676
28810,8016
27506,8314
23480,8411
28606,7815
21347,7925
21461,8152
27310,7731
27600,7851
28810,7818
23480,7676
28606,8016
21347,8314
21461,8411
27600,7925
28810,8152
27506,7731
11042,4639
44130,8628
11042,4590
15260,8630
77418,4525
66180,1269
66170,1699
66180,1264
58210,6589
36011,5521
36011,5980
36011,5503
36011,5504
47600,6869
58210,5122
XSA,4523
46275,4542
XSA,_
36640,3993
FP001,3891
36800,7360
FP001,3993
36800,7359
36640,7360
FP001,3995
59409,3993
36640,7359
36800,3891
33207,3721
93508,3776
ZZ390,7360
ZZ390,7359
ZZ390,_
11044,7972
24600,7810
20692,7972
C191P3,8628
21245,7936
27828,7643
21245,7817
42950,9357
16010,2940
42950,8628
15580,9357
16010,8660
11000,2530
17281,8630
69440,2080
69421,2023
69440,2009
16010,8048
28270,9357
11000,8048
27535,7807
27637,7817
49322,5022
47120,5421
11721,7934
11721,7924
24546,3995
90935,7842
45563,4685
45378,4879
45563,4525
45378,4800
SARSCOV2,_
29085,7819
27590,8839
75960,8417
27590,3990
43652,4402
11444,9357
11444,8628
99460,4675
44605,_
27488,8192
27488,8396
20610,8006
43831,3040
31395,4319
43831,2940
27704,9357
16010,8199
27704,8628
62270,4613
27536,8382
54600,5310
67973,1623
67400,869
67973,1609
90935,8099
63081,3995
90935,309
27498,8345
15572,7760
15572,7710
23630,7760
23630,8309
23630,8345
23630,9820
23630,7710
23630,8302
23630,8339
23630,8628
44360,9971
44360,9903
27705,9357
50230,5631
52335,3807
52335,5551
27675,9971
27675,9903
43631,4590
44140,4360
43631,4572
11042,4923
46606,8628
11042,4921
38102,5061
38102,3893
38102,3886
47360,3893
36488,3886
14040,2181
14040,8659
56600,6829
56600,_
25530,9353
52332,5633
11041,8511
AA099,_
22812,8129
49505,5349
11942,_
25600,7860
56501,6816
11012,8072
24102,7760
24102,9820
24102,8302
24102,8345
24102,7710
24102,8309
10060,_
41140,8382
36481,9925
96450,3893
36481,331
QOO0,_
66840,1459
66840,1449
11011,8403
45355,5980
45355,9646
86011,_
32160,3491
JU071,_
12013,7939
12013,7929
25515,153
25515,7739
61583,7932
25515,124
25515,299
76940,4341
10140,8382
47100,4685
43235,5012
47100,4525
45378,5012
47100,4513
EXCISION,_
11044,3959
28585,8047
P0001,9604
11012,8034
26110,7710
26110,8302
26110,8339
11042,8087
29898,9357
11000,8087
29898,3893
36488,8087
16010,8087
74300,5136
47612,8766
74300,5122
47612,8754
27250,3991
35721,7975
27250,3808
SO53,_
26750,7934
26765,7904
26750,7924
25645,7933
26121,7929
25645,8684
25645,8662
25628,7929
25645,8235
54151,_
27750,7925
49080,5132
47721,5425
49080,4439
49080,6589
26608,9353
29355,8152
27506,7906
27750,8152
29355,7906
27750,7815
58925,6871
58552,6529
58925,6563
28114,7760
28114,8309
28114,8345
28114,9820
28114,7710
28114,8302
28114,8339
28114,8628
66984,1365
66830,1330
66766,_
21998,_
21998,7807
20955,_
21998,3999
11044,9357
58920,7430
59136,6522
58920,6839
32020,4495
43846,3409
24400,7801
25350,7732
32020,7911
23485,7733
24400,3409
25350,7731
32020,7801
23485,7732
20824,7760
20824,8309
20824,8345
20824,9820
20824,7710
20824,8302
20824,8339
20824,8628
45908,_
33465,3528
33465,3961
42835,2860
68770,999
63685,8696
52310,5123
47562,5700
15650,407
26951,8674
15650,8401
11000,7979
11000,7902
47420,3995
53665,6813
58100,5860
53665,6711
45121,9903
48545,4675
44605,5295
48545,4610
58660,7499
59514,5421
49320,7499
08296,_
32651,3402
43450,3252
35800,3421
43410,4292
32020,3802
32110,4282
43450,3349
35800,3402
43410,3252
32110,4292
32651,3802
43450,4282
35800,3409
43410,3349
32110,3252
49080,7360
59409,5425
49080,7359
44005,5502
44130,5732
74480,4590
44130,8839
52000,4639
74480,5411
44130,5501
26952,8684
26597,407
25670,8628
11043,7973
25670,8345
ENDSTAGEKIDNEYDISEASE,_
24615,5423
49000,7982
24615,5411
36200,8843
36217,8857
36200,3956
36217,8843
36217,3956
36200,8857
65780,1371
65780,1341
27511,9344
27511,7860
EI129,_
28810,8849
75716,8411
28810,8848
26746,8382
15736,7933
26746,8332
26746,8669
15736,7923
67036,1274
66710,1474
67036,1273
50061,_
36400,_
31238,8345
36125,_
51010,4029
51010,5641
50230,5711
51010,3807
51010,5551
80034,7360
80034,_
25355,9357
25355,8628
49255,5339
49553,5440
49255,5329
46750,7759
59612,4979
49080,5810
49080,5860
49080,6094
49080,8929
52601,5425
49080,5850
49080,6029
49080,6373
11010,4610
44187,4514
44187,5423
43239,4620
44187,5411
44960,8753
47605,9903
36430,8753
27596,9971
27596,9903
38220,3893
61312,4131
38220,125
36488,4131
66987,8671
67966,1341
90935,66
27659,7710
22600,7809
20956,8129
22600,3999
27187,9820
11010,7855
27187,8628
28208,7938
28208,7934
28525,8381
28208,7924
47610,4442
20610,8129
22554,8191
22554,8394
19357,4023
38745,8595
38745,8570
27258,7935
27236,7985
47130,4594
76986,3929
34201,3974
76986,9910
37184,3806
30130,2211
31237,2161
MT990,_
66985,9821
65275,1372
66985,1151
25907,8314
25907,407
27245,7855
27450,7935
27245,7735
25515,4563
27880,7936
27535,8415
27880,7817
24151,7762
24151,7802
C19IP2,4562
11000,6909
27524,8076
50040,5700
45378,7360
59409,4525
24546,8309
24546,9820
11012,7842
27530,125
61313,7906
27530,124
77418,3326
32405,_
77421,3326
43124,4513
43235,4211
38221,_
67049,1341
36436,_
93542,8852
25520,7935
08290,_
24164,8072
24102,7863
24164,8012
43202,9804
45379,4224
43202,4523
28675,7934
28675,7924
58145,6839
58180,6829
11762,8627
11720,8669
27603,9903
58960,6813
58960,6711
58100,5419
58100,5425
65235,1330
66840,1200
28810,9344
56440,6849
58150,7123
56440,6561
C19T1,9805
45915,_
C19T1,9638
43262,_
49000,5185
43262,5423
C19IP1,5185
43262,5411
51880,5782
31613,3323
90935,3174
10060,3995
31631,8604
31613,3199
10060,3174
31631,3995
31613,8604
90935,3199
10060,3323
31631,3174
31613,3995
10060,3199
77261,9199
20692,9901
22840,8628
22840,8345
31605,299
61592,3110
31605,7739
61592,3893
36488,299
27566,7815
27566,8152
27506,7796
27566,7925
52332,6712
57500,5980
67101,1424
EPO,_
58120,5310
49507,6909
58120,5300
66180,1292
65815,1699
66180,1291
27766,7926
27784,7929
27784,7819
11000,5641
50225,8628
11000,5551
29058,7851
23480,9353
15931,7760
15758,8345
15758,8375
15758,8628
27690,8382
15758,7760
24361,8185
24361,8444
24586,479
64718,7929
24586,460
11406,8628
23600,3491
32002,7901
23600,3404
67935,8659
12013,1060
SO18,2181
28496,9829
26110,7819
27331,8034
26110,8345
28496,8036
26110,9829
27331,8014
28496,8034
26110,7760
28496,8016
26110,8036
28496,8014
26110,8016
27227,8152
27227,7925
11043,7430
59121,8345
C19T1,889
67840,_
C19T1,820
14350,8401
26951,7756
76942,9971
11043,8175
38100,4590
76942,4150
48140,_
38100,4572
38100,5122
76942,4572
38100,5253
76942,5122
76942,5253
26480,8256
FP001,6829
11043,4131
54290,8444
23616,_
54290,7931
54290,_
58150,5641
50230,6561
61510,220
45305,4836
45305,4542
45308,4824
45305,4946
45305,4823
29405,7933
29405,7923
24102,7932
24665,8012
65140,1641
11042,7691
21172,8669
11042,1689
15100,7691
21172,8628
15100,1689
28445,8669
28445,8332
28445,8382
22305,7860
23076,4011
23076,8669
15734,4011
38505,8669
15100,4011
38505,8332
23076,8382
15736,4011
27329,8659
27601,8339
35860,8314
12037,3806
35860,8659
12037,8314
27329,3806
12037,8339
27329,8314
27601,3806
25645,8403
26910,7929
25645,8401
14040,7925
28140,7760
28140,8309
28140,9820
11012,7798
28140,7710
28140,8302
28140,8339
08209,_
58300,6769
57720,6970
58300,6761
45331,4594
38505,9199
38745,4011
38505,8908
38745,9199
19180,4011
88331,4023
38505,8541
38745,8908
38505,4023
25645,7932
CR067,_
44211,4590
44140,4581
44140,4601
44211,4572
44140,4595
44140,4835
15933,7760
15933,8309
15933,9820
15933,7710
15933,8302
15933,8339
47600,5642
50234,5122
OJ255,1371
OJ255,1330
OJ255,_
38220,5423
47600,4131
38220,5411
49000,4131
38220,5122
21550,4685
21550,4525
57556,7051
57556,7092
OO30,_
11010,8301
52005,9971
59513,9646
36430,9649
52005,7499
36430,8773
52005,9903
36430,9646
44320,6270
44320,6230
27244,7979
27244,7909
44141,5733
52204,4572
60100,2211
31237,611
27450,7710
27450,8302
27450,8339
27450,8628
28302,7739
69155,4040
62160,159
62160,127
35351,3816
43235,1490
67041,4513
43235,1474
25335,7849
11010,460
89245,_
32651,9901
36450,3421
36450,3252
27394,8385
KK635,4542
KK635,_
11000,4542
66250,1371
66984,1283
66250,1330
58925,4610
58925,4575
66761,1475
67051,1212
66761,1474
27530,7925
11140,_
29820,8375
23430,8375
23440,8071
23440,8388
29825,8375
C19IP4,9357
27658,8382
15738,8364
27658,7810
27658,8669
20690,8364
27658,8332
54600,6340
54840,6250
23550,7926
36660,5717
51040,3891
20692,8152
NN,_
52318,6097
53852,5700
52318,6021
50040,5504
36568,8345
10140,8849
75710,3995
10140,8848
90935,8849
75710,8604
10140,3995
90935,8848
27513,7902
11042,9824
11042,6492
44003,6849
44003,6561
44003,_
31603,2752
14060,3110
40654,8689
41252,2759
31603,2551
14060,2752
40654,3110
41252,8689
31603,2759
14060,2551
40654,2752
41252,3110
31603,8689
40654,2551
51525,9357
16010,5719
51525,8628
27556,7935
44180,4595
44180,4835
OS,_
PTERYGIUM,1132
65426,_
OS,1132
PTERYGIUM,_
43750,4542
50391,3942
50391,3800
36450,9929
36832,9901
36450,3942
50391,9901
36450,3800
36832,9929
58152,5732
50780,5950
58152,5674
52000,5950
50780,6561
50760,5423
52000,5675
50760,5411
44320,5675
50760,4709
44950,5675
50760,4610
52000,4709
49000,5675
50760,5732
69631,1930
69631,2099
23520,7989
22326,7971
23520,7929
11626,2211
31237,8630
11626,2121
22220,7809
20956,7739
06540,_
36640,8628
36640,8345
36640,8417
36800,8345
27590,3993
36800,8417
36800,3893
25675,8192
25675,8396
25675,8191
25675,8394
25900,8152
27758,8405
25900,7815
25900,7936
27506,8405
25900,7925
21344,299
50392,5600
51550,5810
51550,5860
51550,6094
51550,8929
52601,5760
51550,5850
51550,6029
51550,6373
LZ380,_
95889,5732
95889,5700
95889,_
95881,_
45830,_
AS971,_
50040,6813
58100,5501
90935,6909
58120,3995
49525,4562
52614,5850
52275,6029
52614,5732
27756,7934
27756,7924
26540,7989
26785,8172
26540,7984
52000,3491
52000,3404
54650,6270
54650,6230
55425,_
45380,3491
45380,3404
49521,4673
24620,7936
11041,7909
24620,7819
27822,7909
11041,7819
25927,8401
25927,407
OO51,_
25630,8345
51590,9903
OO83,_
25611,7931
24546,7912
25611,7842
44388,4590
44388,1739
23420,8082
29825,8082
29821,8082
67445,1623
67400,1601
67445,1609
28525,7989
28645,7938
96408,3712
32659,3460
32650,3712
32659,3421
32659,9925
52235,5850
52235,6029
52235,6373
49562,3995
21256,1663
21256,7739
44950,6602
58770,4709
40654,8309
40654,9820
40654,8302
40654,8339
27702,8149
27702,8156
44206,5459
44005,1735
77421,5423
77421,5411
77421,5459
25622,7939
23515,7903
25622,7929
44300,9357
44300,8345
44300,3893
36011,7760
ALLSERVICESANDSUPPLIESFOR,_
78720,_
ACP01,_
29450,8037
29450,8017
21343,125
21343,124
27889,9820
11010,8413
50546,5732
52320,5641
50546,5600
52320,5551
69955,442
69955,450
69955,479
21048,_
21048,8628
14040,_
21048,8345
21048,8689
27892,9357
44312,4594
61563,9604
77421,160
77261,124
61304,9604
31500,160
61563,_
77261,125
77418,9604
61304,160
61563,124
77261,9604
77418,160
61563,125
77421,9604
77261,160
69631,2049
69631,1860
57210,8628
15738,7071
57210,8382
C19IP3,220
61305,_
61305,220
62200,_
27236,7931
27236,7842
66850,1291
65805,1341
23515,7949
25545,7975
27193,7929
26565,7760
26565,8309
26565,8345
26565,9820
11012,7734
26565,7710
26565,8302
26565,8339
26565,8628
BREASTCANCER,_
27786,7929
27766,7906
45114,4601
45113,4590
45114,4595
45114,4835
33025,5423
33025,5411
44320,4400
11010,3991
99346,_
69440,450
36640,9804
44188,3891
44390,4610
36640,4522
44188,9804
44390,3891
36640,4610
44188,4522
27253,7859
21365,7985
27253,7672
ECN13,_
LZ370,_
27596,8309
27596,9820
27596,8302
27596,8339
26665,9353
XAH44,_
58661,6849
58661,9903
89250,9604
89250,_
57522,5850
52276,6732
57522,5732
45382,4533
63276,4685
63276,4525
11041,5849
54328,8628
11041,5845
11041,6442
52224,3995
47740,8753
76986,5132
47740,5122
76986,8753
47605,5132
47740,_
76986,5122
58805,5980
58740,8773
58805,9649
58740,6591
50953,6589
58805,5631
58805,9646
58740,9649
50953,6591
58805,6589
58740,5631
58805,8773
58740,9646
32141,3491
27080,3893
43235,7789
27080,8628
27080,8345
27080,4513
57260,6849
58150,7051
37617,6849
58150,3880
37617,6561
61682,125
61682,124
49900,4850
45110,5461
24587,8444
23616,7929
52214,6373
27230,9971
36430,7902
25600,9971
27230,7902
25600,9903
58720,7360
58720,7359
61541,124
43246,3169
15758,9604
32020,8409
31582,3409
43246,3110
31500,3169
15758,4311
23900,9604
31582,8409
15758,3169
23900,4311
31582,8382
43246,8409
15758,3110
23900,3169
31582,9604
43246,8382
31500,8409
15758,3409
23900,3110
32020,3169
31582,4311
31500,8382
15758,8409
23900,3409
44322,9805
45915,4525
BONE,_
24546,7911
24400,7842
27506,7749
20225,7815
20225,8152
27506,7745
20225,7925
11043,8011
25600,7979
49509,4673
68335,1289
65280,1041
68335,1159
60212,9357
60212,8628
11720,9820
11010,8627
11720,8628
49505,4461
43840,5300
SOH2,1289
SOH2,1159
SOH2,_
C19T1,6270
C19T1,6230
66840,1452
32120,3402
32100,3403
32120,3328
62140,9604
31500,206
07020,7360
07020,7359
07020,_
11011,7972
21339,7710
21339,8302
21339,8339
21339,8628
15220,9357
35761,7935
15220,3800
27510,3991
15220,7935
27510,8669
35761,7905
27514,3991
35761,7815
27514,8669
15220,7905
27510,3800
27514,9357
15220,7815
35761,8669
27514,3800
15220,3991
29345,4131
38220,9353
29065,4131
ADX,_
26070,9357
15350,8013
25020,8013
25900,8669
26910,8405
25900,8013
25907,8669
26910,8314
15350,8403
25907,8013
26070,8405
15350,8401
25020,8403
25907,9357
26070,8314
15350,8405
25020,8401
25900,8403
25907,8628
26070,8669
15350,8314
25900,8401
25907,8403
25907,8401
25145,8405
25900,7709
17273,8630
27535,7926
43239,5251
45380,5270
11100,3893
44025,8611
58150,4503
11100,6849
44025,3893
58150,8611
36488,4503
11100,6561
44025,6849
36488,8611
11100,4503
44025,6561
36824,_
43520,5423
49000,4330
43520,5411
52332,5569
50365,5732
12511,_
61108,1940
61522,2042
44050,5424
44950,5424
38570,4709
38570,4680
45112,5459
44005,4840
27566,8302
27566,8339
27752,125
27752,124
35741,8302
35741,8339
35741,8628
54161,5339
49557,6400
54161,5329
06310,_
29358,7932
32500,4542
67810,889
67840,811
67810,820
15120,2021
58558,6589
58558,6529
58740,6816
11720,7760
11720,8309
11720,8345
11012,8627
11720,7710
11720,8302
11720,8339
33641,8843
33464,3571
33641,3524
20670,5732
52310,7860
20670,5700
33426,3929
33519,3524
28525,7933
26615,7938
28525,7923
44650,4639
44130,4674
44650,4590
49060,5459
45300,5419
49060,4824
49060,4610
52630,5810
52630,5860
52630,6094
52630,8929
44960,4533
44800,4709
32651,3324
31622,3252
33788,3959
49521,3420
32602,5300
36450,7923
43255,9903
55960,_
49522,6200
82032,_
RC90,_
24153,7763
24153,7803
12042,6639
27759,9357
57500,5424
49180,6712
25526,8152
25526,7925
27506,8499
25526,7815
20520,2241
63282,9971
63282,9903
58159,_
44322,8839
24900,3805
24515,7989
27217,7931
30560,2191
49525,8753
47563,5300
16010,6529
58952,9357
58952,8628
15120,9824
54115,8669
15120,6492
DO510,8544
DO510,8543
DO510,_
26516,8172
44141,5461
33536,3525
27507,7924
11044,8015
27030,9901
36450,8015
27030,7760
19120,8546
19200,8521
19120,8545
58561,6812
12041,7936
12041,7926
12041,7817
11011,7926
32141,3995
90935,3221
45505,4685
45505,4525
44055,6551
58940,4680
44055,6539
12014,7931
24545,8659
32020,7789
27786,3409
63047,7906
27786,7789
63047,3409
32020,7906
27786,309
12013,7810
20690,7932
25620,8659
12013,7902
12013,7932
25600,7810
35190,7760
35190,8309
35190,8345
35190,9820
11012,3953
35190,7710
35190,8302
35190,8339
35190,8628
OO800,_
32020,3425
32606,3409
32020,3422
35606,8843
35606,3922
19160,4513
45378,8523
19160,4685
43235,8523
19160,4525
HEMODI,3995
HEMODI,9604
44010,_
99460,4501
58720,4639
44130,6561
74329,4685
45378,5213
74329,4525
74329,5213
27681,9971
36430,8391
27681,8628
65280,1642
44602,5779
51596,4673
44602,5671
27592,8192
27592,8396
20600,8417
27592,8191
27592,8394
20250,8839
76012,7749
20250,8165
49020,4590
49020,4563
49020,5425
49020,4562
44160,3893
94610,3409
49255,5123
49588,5123
49588,5459
47562,5440
CZ208,_
58120,6601
58120,5421
59150,6909
29358,8382
59151,6849
58150,6563
59151,6561
34502,4563
44120,3959
34502,3893
34502,4590
36488,3959
34502,4562
27814,7989
61304,242
15240,7937
27759,9359
27509,7936
27759,7945
CR0304,_
11012,8185
24587,7710
24587,8302
24587,8339
24587,8628
15200,8382
15200,8332
15200,8016
CN185,_
29305,7925
27506,9351
29305,9353
29305,8152
29345,9351
29305,7815
11043,7799
27590,8416
27598,8417
20962,7860
27514,9788
20680,3999
20962,294
27514,7800
20962,7935
27514,294
20962,9788
27514,3999
20962,7815
48545,9971
49080,5295
48545,9903
36430,5295
48545,5425
50060,9971
50060,9903
43562,_
14040,8286
26358,8689
14040,7809
23550,7789
27070,7981
23550,7785
33238,3777
62230,299
61519,3121
61591,233
62230,2049
31600,299
61519,242
61591,125
31600,2049
61591,3121
61519,2049
61591,242
61519,233
62223,2049
47620,3995
42205,2009
38115,5423
35011,3993
45112,5461
45111,4840
49900,4869
45112,5411
49900,4840
16011,4442
77261,5423
77401,9820
88174,3893
27602,7936
27536,8669
27602,7932
27602,8669
11043,620
60220,8345
24545,7901
29075,7901
44388,1735
44141,8345
59406,7360
59406,7359
59406,_
44330,_
31238,2200
31000,2100
31800,8309
31800,8345
31800,9820
11011,3171
31800,8302
31800,8339
82914,_
21454,7929
21335,7676
21339,2172
21335,7929
21339,7676
21454,2172
21335,7819
44320,4620
FALL,7852
24498,_
FALL,7850
FALL,_
61510,3995
26607,7931
P0000,5349
P0000,5341
37014,_
26433,8309
26433,9820
28470,8128
26860,8284
26433,7710
26433,8339
26433,7907
28470,8284
26433,7760
26860,7907
26433,8128
26433,8302
62000,8309
62000,8345
62000,9820
62000,8302
62000,8339
62000,8628
P0001,7360
P0001,7359
VID19,4590
11750,7760
26735,8623
11750,7934
11750,7710
11750,7924
47350,4685
43239,5061
47350,4525
45378,5061
47350,4514
38571,4030
58210,4029
38747,6869
58210,5421
38571,5411
38571,6869
38747,4029
38571,5423
38747,5421
38100,4442
67063,_
38500,8671
67966,4011
38500,824
90935,4979
90935,7079
52235,6270
52235,6230
44320,9646
11011,3402
35800,8309
35800,5411
32110,3802
36488,7933
26615,3409
35800,7923
HH442,1371
HH442,1341
HH442,_
53040,5891
ZO038,_
49562,4639
44125,_
76986,5351
FP001,6970
45378,3895
36145,4685
EO11,_
11042,2219
11042,2100
20600,9901
27215,8628
27215,8345
NDZ20,_
SE8,_
45111,5719
51045,4869
45111,4575
44143,4869
51045,4575
44143,5719
23650,8192
23650,8396
20610,7971
23650,8191
23650,8394
35082,3995
60254,3995
55060,6352
54600,6120
55060,6250
32020,5310
49521,3409
32020,5300
31225,2080
38720,2220
69420,4021
31225,2009
38720,2080
69420,2220
38720,2009
11000,7769
25645,7989
26715,7929
25645,7922
21452,7815
26715,8345
15350,8382
15350,8332
NSD01,4011
NSD01,6551
NSD01,5440
27513,9344
38382,4064
21630,7781
36830,3491
36830,3404
58660,5459
52005,6050
55866,5732
55866,8773
55866,9649
52005,5421
55866,5980
55866,9646
33305,3749
93620,3961
33305,3726
93620,3749
33305,3961
35082,3961
33877,3844
58925,6711
58100,6529
58925,6813
26990,7760
26990,8309
26990,9820
11012,8115
26990,7710
26990,8302
26990,8339
19162,8595
50947,5620
50947,9645
50575,5731
47610,5674
50947,5122
47610,5731
11040,7936
27827,8669
11040,7817
33200,3606
92980,3774
46935,4542
27245,7931
44005,8766
47630,5459
47630,8766
74300,5459
44005,5198
47630,8754
49560,8753
47610,5351
28261,8048
28122,8385
20902,7788
28730,7800
28261,8114
28122,8048
20902,8385
28730,7788
28261,7800
28122,8114
20902,8048
28730,8385
28261,7788
28122,7800
20902,8114
28730,8048
28261,8385
25260,8314
25023,8388
24495,407
25260,3803
24495,8388
26350,3991
26350,3800
44640,4610
44143,4679
44640,4575
27513,3995
63300,8099
29874,7934
26735,8026
29874,7924
44604,6651
49255,6651
58700,4675
12004,3880
20692,9971
20692,9903
25107,8019
66828,1371
66828,1341
66828,_
27536,7926
27536,7817
50395,4685
50395,4525
59573,_
33764,3900
96556,3961
58600,8753
47610,6639
58600,5122
44950,4533
44110,4709
12041,8401
21422,7925
11040,7935
39120,_
CP19CI,_
28171,8628
28171,8345
58300,4979
46750,6970
64721,8388
44310,4514
HOO01,_
36488,5012
49320,4639
44186,5012
47100,5421
49320,5012
47100,4639
47100,3893
JI82,_
24498,7710
24498,8302
24498,8339
11011,7676
14040,2220
65112,8689
14040,1651
31230,8689
14040,1652
99687,1371
99687,1341
99687,_
49010,9971
21470,7932
89245,3995
89245,5498
89245,9604
90935,3421
32651,3995
90935,3252
44143,8345
23585,7932
KK922,_
44960,4685
65808,_
69436,2220
52204,5810
52204,5860
52204,6094
52204,8929
52601,5733
52204,5850
52204,6029
52204,6373
65760,1171
BENEFITPACKAGEFORSARSCOV2,_
99256,5711
51010,8907
27824,9353
28485,7814
26608,7937
50060,5620
69970,2630
66625,1292
66625,1473
65810,1214
66625,1291
66625,1472
11040,3409
44202,4579
32002,3249
32500,3491
32500,3404
35483,3950
UO71,3491
57415,5423
49000,9817
57415,5411
24110,479
11000,7762
64718,8628
24110,460
64718,7762
24110,8628
59870,_
31601,640
79005,3121
31601,4040
79005,640
60254,3121
79005,4040
67049,1460
67121,1380
32302,_
CRO24,_
25907,8345
33430,3995
27327,6829
15740,9357
27594,3808
44146,6849
44146,6561
52320,3893
33223,3779
25500,7760
25500,8309
25500,7710
25500,8302
25500,8339
52612,6094
52612,8929
58260,7040
AZ392,_
49200,8544
19240,5440
49200,8543
63005,7989
22325,309
63005,7929
36340,9971
11044,8623
11750,7938
28525,8623
03252,1371
03252,1341
03252,_
96545,_
43855,4400
43855,4450
59812,8908
59812,9449
22325,7860
20650,7989
22325,7810
22325,9344
20650,7929
12034,8192
12034,8396
12034,8191
12034,8394
93510,3958
17110,7360
59409,8630
17110,7359
57100,5980
57135,7024
52332,7033
57100,5732
57135,5980
52332,7024
57100,7033
57135,5732
44322,4620
35281,4610
35281,4575
44143,3957
11042,4685
11042,4513
52332,5123
92932,_
47565,_
57288,5940
90935,7021
15756,125
61312,8332
47120,3479
EO49,639
55700,4542
50546,5122
35142,3721
33210,3848
93508,3952
35142,3770
33210,3639
33210,3952
93508,3770
35142,3639
33210,3721
93508,3848
08210,_
32106,7499
08210,7499
32106,6639
08210,6639
32106,_
12032,7860
20650,8659
12032,7815
12032,7810
12032,8152
12032,9344
12032,7925
47000,1371
66982,_
47000,1330
30630,2219
21315,2188
31238,2171
30630,2100
21315,2219
31238,2188
30630,2171
21315,2100
25300,8302
27827,8405
25300,7817
25905,8669
25300,7760
25300,8405
25905,8382
25300,7710
25300,9820
15120,8388
25905,8332
27827,8382
25300,8669
25300,8628
15738,8405
15120,7936
25905,8388
27827,8332
25300,8382
25300,8345
15120,7817
25905,7936
27827,8388
25300,8332
25300,8339
15120,8405
25905,7817
25300,8309
25300,7936
27610,9353
27840,8415
27880,8017
27610,7977
27610,8415
27840,8017
11044,7977
27880,7977
27654,8382
11012,8149
27654,8309
27654,8332
15738,8149
27654,9820
11042,8388
27654,7760
27654,8345
27654,8669
11042,8149
27654,7710
52000,5700
58100,5253
48140,6711
26746,8014
12006,9357
28312,8385
28730,7739
28312,8048
28261,7739
28312,8114
38765,9971
38765,9903
27513,7840
27724,7815
65805,1479
67027,1291
65805,1472
29325,7760
29325,8309
29325,8345
29325,9820
29325,7710
29325,8302
29325,8339
29325,8628
45020,6270
54520,5400
45020,6230
50630,9646
28020,8381
58600,7092
58270,6639
60210,4040
31535,639
31365,3143
60210,4021
38724,3143
60210,3040
31535,4021
60210,3143
31535,3040
33217,3961
33217,3522
33405,3776
33217,3611
50393,5502
50393,5501
66840,1490
67041,1330
75989,5294
75989,5188
43264,8839
61315,9901
26160,9357
16010,8221
26160,8628
66825,1474
67052,1699
66825,1370
32663,9605
31645,3241
32663,3323
76986,5300
76986,5459
76986,5310
76986,4673
58740,6813
51045,4685
47562,5642
50236,5123
36170,_
36170,9604
31625,4685
31625,4525
31625,4513
31625,3893
31625,3121
50280,9357
16010,5539
50280,8628
67966,859
67950,824
27328,8628
27328,8345
49255,4685
49255,4513
26951,8314
25020,407
61314,8382
15732,125
61314,8332
61314,8669
15732,124
24515,7802
23156,7931
24515,7772
59350,9971
36430,6941
59350,9903
49587,5122
32020,8753
47610,3409
32020,5151
25525,8036
24600,9829
27258,7819
27331,7979
25525,7972
24600,7985
45100,4572
44141,4923
24495,3995
90935,3803
29425,125
61314,9353
29425,124
28415,7929
28415,7819
25574,4639
44130,7932
25574,4590
48547,4370
48547,5411
43632,4572
48547,4590
48547,5423
43632,4590
48547,3893
48547,4572
58825,6589
58740,6599
32000,4011
38520,3491
24515,8499
32720,_
24164,8152
20902,7863
24164,7815
24164,7800
27506,7863
24164,7925
44211,9971
36430,4581
36430,4601
36430,4869
44211,9903
31254,2132
30801,2263
31240,2132
30801,2219
46270,8907
46050,5502
50040,4901
46050,5501
52332,6813
58100,5732
27507,8689
14041,7935
27244,8689
DIALYSISTREATMENT,_
27652,8309
27652,9820
44950,8076
27334,4709
44950,8016
14040,8630
61512,3951
19367,8554
19340,8572
19367,8553
27814,7926
27814,7817
33213,3780
33213,3772
44005,9925
96408,1739
44204,9925
96408,5459
XA,7949
28113,9357
28113,8628
90935,4622
44151,3995
49561,4563
44125,5361
49561,4562
49561,4639
44125,5351
39220,4041
42426,_
39220,2633
36781,5411
36781,4572
36781,5423
36781,4610
52335,4594
44146,5631
52335,4610
44146,5522
36488,3460
32650,3893
49324,_
50060,5423
50060,5411
50060,5459
11043,8408
27889,8414
27888,8413
27889,407
26860,7939
26665,8128
26860,7814
23145,7710
23145,8302
23145,8339
51045,9971
36430,5719
KO20,_
54514,_
22855,7789
22855,7869
49080,5253
48140,5425
26727,7818
50783,9901
50783,6849
36450,5674
50783,6561
27607,7936
90935,9092
99501,3995
90935,9052
23600,7932
23600,8499
25526,7901
23600,7819
23600,7939
33736,3929
33533,3542
33736,3611
33519,3542
43235,3961
92981,4523
33405,4543
43235,3606
45382,3522
92981,3961
33405,4513
77432,4610
77432,4575
77432,4525
55700,8843
31587,3169
49020,9357
49020,8628
27507,4563
90935,6840
59525,3995
12056,7902
67039,1231
65865,1424
27424,7796
11012,8147
27424,7710
27424,8302
27424,8339
27424,8628
62010,7859
21365,202
62010,7672
27596,7710
62362,7360
59411,390
62362,7252
59411,8606
64836,407
64836,8251
64836,479
26356,430
38747,881
67935,4030
38747,1060
16041,_
58925,4594
44145,6529
58925,4579
47562,6871
58552,5123
47562,6563
49505,4639
25924,8345
31575,9903
31575,9971
27125,8382
15734,8152
27125,8669
11042,8152
27125,8332
31600,640
60254,3040
31535,640
31365,3121
60254,3143
31600,3040
33518,3991
75630,3929
35206,8842
35701,3959
33518,3802
75630,3991
35206,3929
35701,8842
33518,3959
75630,3802
35206,3991
35701,3929
33518,8842
75630,3959
35206,3802
42440,407
42415,2630
42440,2929
35152,3848
35152,3952
NONE0,_
45025,2759
11470,_
40525,4824
45025,2743
11470,2759
40525,3995
45025,4824
11470,2743
36488,2759
40525,3893
45025,3995
11470,4824
36488,2743
90935,2759
40525,8630
45025,3893
11470,3995
90935,2743
45300,2759
40525,_
45025,8630
11470,3893
45300,2743
45025,_
11041,4590
11041,5459
12032,4562
11041,4563
12032,4590
12032,5459
11041,4562
12032,4563
99256,407
42415,8907
99256,2929
63170,7989
22327,309
36408,_
36408,5620
36408,5980
52336,3995
36408,5522
36408,5732
52336,_
36408,3995
36408,5631
OO54,_
90535,_
AO64,_
46080,4946
46257,4959
46080,4939
27502,7749
58300,7935
59514,7905
20245,6970
27245,7499
27502,7742
58300,7745
59514,7749
20245,7935
27245,7905
27502,6970
59514,7742
58300,7905
20245,7499
27245,7742
27502,7745
58300,7749
59514,7935
20245,7905
27245,6970
27502,7499
58300,7742
59514,7745
47610,5136
44388,8753
44388,5122
FISTULAINANO,4912
FISTULAINANO,4911
FISTULAINANO,_
49585,4869
45114,5341
66185,1269
44389,5501
36640,7430
59136,3891
36640,6839
11462,9357
52614,6270
52614,6230
11042,3805
55845,5521
55845,5631
55845,8773
55845,9649
55845,5620
55845,5732
55845,9645
51596,5522
51596,5980
51596,5732
52335,5779
51596,5631
52335,5671
49201,5950
58152,5440
11044,8753
47605,7760
47605,8628
11044,5122
47605,8345
52450,5749
11010,3959
45380,4835
27450,7925
25365,7735
25575,7733
25365,7815
27450,8152
25575,7735
25365,7855
25365,7925
25575,7855
27506,7733
27450,7815
25365,8152
27506,7735
15732,8630
15200,8630
11626,8332
22310,7860
88332,8541
27882,9971
27882,9903
27882,_
58300,8908
58300,9938
58300,9449
59400,6970
58300,9059
C19T1,3892
27692,8375
66982,1179
65772,1330
57100,5419
57100,5425
43830,5451
44180,4319
31892,_
08082,_
15757,2749
36825,5850
36825,8929
36825,6094
36011,3993
36825,5860
36825,5810
36825,6373
52601,3993
36825,6029
28600,8345
90935,7934
26765,3995
90935,7924
90935,5339
49553,3995
90935,5329
OO800,7360
OO800,7359
27556,7760
38542,2211
38510,4021
38542,2121
38542,4011
25202,479
25202,460
25202,_
11012,4675
44604,8309
24515,5423
44604,7710
49000,7931
44604,8302
44604,9820
32020,7931
24515,5411
44604,8339
44604,7931
24515,4675
44604,7760
EA,_
28310,7760
28310,8309
28310,8345
28310,9820
28310,7710
28310,8302
28310,8339
28310,8628
25270,9971
25270,9903
44850,2759
40525,5475
44850,2743
43520,4255
44372,4350
43239,4330
43123,4513
43520,9608
44372,4514
43239,4241
43520,4350
44372,4330
43123,9608
43520,4514
44372,4241
43239,4255
43239,9608
43123,4514
43520,4241
44372,4255
43239,4350
43123,4330
43520,4513
35860,640
31525,3806
60254,3142
35860,4040
31525,640
60254,3806
35860,3142
31525,4040
67343,1590
EO41,_
44120,5421
12041,9357
27386,8036
29870,8381
27386,8026
29365,8321
27301,9353
27330,8303
27301,8321
27330,9353
29365,8303
27301,8016
50576,5521
50576,5523
50576,5539
50576,8773
50576,9645
50576,9649
12002,4563
44500,8659
12002,9608
27380,8907
99256,8364
28485,8411
28820,7937
36450,5310
49520,9901
50500,3991
36450,5581
35761,9901
50500,3800
36450,3991
35761,5581
50500,9901
20900,7815
20900,8152
20900,7925
27606,9357
16010,8311
MP48,_
45317,4879
45562,4543
C19T1,6839
C19T1,6840
10140,4639
44130,8604
SUPPURATIVE,_
27235,4685
43235,7905
27235,4525
45378,7905
27235,4513
11012,8047
27612,7760
27612,8309
27612,8345
27612,9820
27612,7710
27612,8302
27612,8339
27612,8628
04062,_
44187,4572
36246,4590
36246,5423
36246,3893
44187,4590
36246,4620
36246,4572
44140,3891
44187,3893
36246,5411
20680,8016
51010,294
55041,9788
27216,5711
27310,7905
20680,6310
51010,7909
55041,8016
27216,294
27310,7860
97605,8382
97605,8309
97605,_
II101,_
44005,4879
45562,5459
44005,4800
58145,6739
57520,6829
58145,6720
58145,6769
27310,8388
27520,8016
12005,7909
21347,8659
64721,7939
27310,479
27520,8388
12005,8016
21347,7909
64721,8659
25260,7939
27310,460
27520,479
12005,8388
64721,7909
27520,460
12005,479
21347,8388
64721,8016
25260,7909
27310,8659
27520,7939
12005,460
21347,479
25260,8016
27310,7909
27520,8659
12005,7939
21347,460
25560,7939
25560,7929
25272,8012
25575,8030
12047,7932
25272,8659
12047,8030
12047,7760
12002,9971
12002,9903
63005,7760
22325,8345
21470,7819
88332,4023
38740,9199
38740,8908
58200,6839
57530,4011
58200,6740
57530,6561
57530,6849
58180,6740
57530,6839
58180,4011
57000,5423
58150,7014
57000,6529
49000,7014
57000,6561
54380,5845
50125,5511
50125,5512
CM858,_
58180,9901
58661,3121
43832,6639
58661,4319
31600,6639
43832,3121
44340,4563
49900,3110
61312,5461
31603,5461
26770,7934
26765,7974
26770,7924
42415,8628
66500,1269
66500,1264
59514,3808
58600,3891
34201,7499
58600,3806
59514,3891
34201,6639
59514,3806
58600,3808
70380,_
44950,4875
43235,4709
45550,4513
44950,4576
43235,4875
45550,4709
44950,4513
43235,4576
49200,4562
25900,9353
29085,8405
49600,5423
44300,5349
49600,5411
49600,3893
49600,4610
12051,9357
54530,8669
38505,6230
54530,8332
54530,4011
15734,6230
54530,8382
27591,3808
27591,3893
27591,3891
27591,3806
SURECLAIMS5/31,_
63707,7760
63707,8309
63707,8345
63707,9820
11012,359
63707,7710
63707,8302
63707,8339
63707,8628
48146,4543
43239,5253
48146,4523
48146,4514
45383,5253
48146,4542
C19IP1,4041
41135,_
C19IP1,2520
36450,8754
47620,9901
36450,5183
47600,5810
47600,5860
47600,6094
47600,8929
52601,5122
47600,5850
47600,6029
47600,6373
32110,2181
32110,8659
12052,3402
11000,884
67961,8628
11000,8671
34688,_
23030,7760
23030,8309
23030,8345
23030,9820
11012,7711
23030,7710
23030,8302
23030,8339
21470,7939
24515,7676
21470,7929
23515,7676
21470,7931
51845,5979
93510,9820
93510,8839
75901,3722
44625,4542
45385,4562
44625,4543
44625,4523
45385,4650
47490,5151
47490,8754
47620,5101
47490,5183
59121,4709
43228,4543
43228,4523
43228,4525
29345,7926
25611,7906
27827,7912
27824,7817
27824,7912
46090,_
49501,5751
51500,5300
51500,6310
49501,5349
51500,5310
20982,7360
59409,7840
20982,7359
24615,8444
24666,7982
61518,1940
61518,2023
47361,4461
43840,5029
47361,4442
43840,5000
43840,5099
27613,8344
27613,8669
37735,8321
27613,3889
27613,8630
10180,9971
10180,9903
47652,_
93612,3726
28270,7859
26432,8048
28270,8284
26432,8364
50557,5501
50557,5521
50557,5523
50557,5539
50557,8773
50557,9645
50557,9649
47480,5185
43262,5103
24000,9353
11044,1289
65285,7760
11044,1159
27535,353
06002,_
99460,2749
99460,7631
41155,_
99460,2530
99460,4040
66490,_
53800,6970
53800,_
28120,9357
44604,9357
16010,4675
MM858,_
CU109,_
35045,9971
36430,3843
65810,1289
47600,5749
67050,1159
77401,3326
77261,3326
49562,4610
45110,3893
49562,5411
45110,5423
49562,5459
45110,5361
49562,3893
49562,4850
49562,5423
45110,5351
44140,5349
49585,4572
96407,_
25526,5423
49000,7819
43235,2211
31237,4525
31237,4685
45378,2211
31237,4513
49000,6601
59150,9903
11000,1735
OO00,7430
OO00,6602
OO00,_
LUNGCANCER,_
32405,9971
36430,3326
32405,9903
27509,7925
27506,9359
27509,7935
27507,9359
11420,6849
11420,6561
30520,2171
21315,2150
27538,7760
27538,8345
11012,7009
27538,7936
27538,8302
27538,8628
15100,7009
27538,8669
27538,8309
27538,9820
27759,7009
27538,7710
27538,8339
27750,7791
32035,7906
27750,3409
27138,7860
44603,9971
BP729,_
47564,5411
19160,8571
19361,8523
10120,5294
43264,8605
10120,5188
11041,5781
75842,8865
CR4675,_
51585,5749
52235,5671
44206,5411
27886,7932
25575,8417
27592,8415
27886,8417
25575,8415
27592,7932
12053,7760
12053,7710
11043,4931
46612,8345
47000,4709
47000,6849
47000,6561
HH333,_
45384,5294
43264,4523
43264,4543
45384,5188
45170,9622
45170,4823
55535,5423
55535,5411
67911,1289
65280,838
67911,1159
23570,9357
23570,8628
43201,_
11043,8221
26160,8345
27217,8417
27590,7939
08080,_
25500,2181
25500,8659
19162,8511
49255,4613
49420,4579
44144,5419
49420,4613
43234,5361
39520,4513
49560,5380
43234,5351
39520,5361
49560,4513
43234,5380
39520,5351
10060,3402
32100,8604
10060,3328
II32,_
27760,7925
28505,7810
NONNE,_
99460,6200
54560,5423
49000,6200
54560,_
11042,4579
59612,5423
49900,5012
49425,5461
49900,5122
49425,5012
36430,5461
47600,5494
49900,9971
49425,5122
47600,5461
47100,5494
49900,9903
47100,5461
49900,5494
44130,5310
43235,5759
51030,4513
43235,5719
26727,7984
60502,689
58180,6651
93555,_
32002,8850
93555,3491
76942,8850
93555,3404
91105,4040
60260,9607
31365,3030
91105,4021
31360,9607
91105,3040
31365,9607
91105,3030
60260,3040
38724,9607
91105,640
60260,3030
31360,3040
16040,9901
36450,8630
58510,_
58510,6849
58510,6561
58510,4709
11043,4572
52000,5719
49010,7499
49000,3800
58673,5423
58673,5459
58673,5411
35516,3929
ADX,9933
44391,3995
90935,4522
26645,8345
32402,8628
32402,7760
11044,3424
32402,8345
43324,6849
44950,4466
43324,6561
58150,4466
43324,4709
44005,5491
49021,5459
25151,7709
27303,7783
27640,7715
11044,7780
27090,7925
COCONFIRMED,_
27600,7936
32000,8753
47605,3491
32000,5122
SEROMACHESTWALL,_
27501,9971
27501,9903
50520,5583
32810,3472
50081,5719
51050,5503
51050,5521
31600,160
C19IP3,160
61500,3121
PN032,_
44180,5419
44180,5425
C19IP3,7860
75984,5502
75984,3893
75984,5501
48001,4513
47480,4319
43235,5299
48001,5104
45378,5299
48001,4525
47480,5299
48001,4685
21550,3893
21550,3121
43235,8321
21550,4513
31600,8321
36488,8321
27814,7929
27566,7972
27814,7796
27566,7902
27814,7972
25600,7796
27566,7936
27814,7902
25600,7972
24600,7796
27827,7929
44143,4650
44620,4610
44620,4824
45300,4650
44620,4575
43830,9903
36430,4319
43830,9971
61870,293
58200,9199
58200,8908
11010,7676
66982,1159
45334,4513
43234,4524
68815,973
68700,944
24615,8072
24102,7982
22554,7859
49420,4513
43234,5419
11000,1060
26123,8382
15732,8662
50225,5423
27310,7934
26735,8016
27310,7924
62000,7760
62000,7710
38220,4542
46945,4525
44140,4945
46945,4590
45380,4945
46945,4572
36450,3952
20902,9901
35142,7800
36450,3848
20902,3952
35142,9901
36450,7800
20902,3848
C19IP3,3808
27151,9351
29325,7735
35654,3929
27709,7760
27709,8309
27709,8345
27709,9820
27709,7710
27709,8302
27709,8339
27227,7989
90968,_
44345,4709
44950,4643
19350,8544
19240,8587
19350,8543
11313,8628
11313,8345
67025,1472
67015,1471
52000,8628
52000,8345
50715,5620
60540,5732
50715,9645
60540,5902
50715,711
82942,_
66983,1330
66984,1319
76942,3993
19350,8570
19162,8587
19366,8587
29085,7932
44050,8628
11043,4680
44050,8345
58940,4610
44143,6539
12002,7934
12002,7924
25545,7933
25545,7923
C19IP1,5641
C19IP1,5551
21453,8628
21453,8345
52000,8382
58540,6601
59150,6949
58540,5421
99946,_
20962,7929
62140,202
61304,206
62010,206
43239,4946
46255,4514
46261,9622
15740,4939
46261,8670
15740,4823
15740,4946
45303,8670
46261,4823
15740,9622
45303,4939
60240,782
60521,640
60240,781
90935,8005
27091,3893
36568,8005
27091,3995
36488,8005
65810,1269
66170,1291
66170,1472
27550,8036
29355,9829
20692,7976
27550,7810
29355,8016
27503,7805
27170,7905
27503,7775
52000,5440
58952,5732
52000,6529
50060,8628
11043,5501
50060,8345
92980,4912
46275,3606
92980,4911
24000,7982
24615,7815
27514,8012
24000,7815
24615,7935
27514,7982
29435,3110
31603,9353
29065,3110
99256,5104
47480,8907
99256,5103
47553,5122
24515,8416
24500,8417
27598,7760
27590,7901
11044,8416
27598,7931
29065,8417
63278,8628
63278,8345
31267,2211
31032,2119
31237,2220
25575,7979
44120,7860
25530,4562
27502,4563
29065,4590
29305,5411
44120,7902
29065,7810
25530,4590
27502,5411
29065,5423
29305,7902
44120,9353
49000,9351
25530,7810
29065,9344
29305,4562
20650,4563
25530,5423
27502,7902
20650,9351
44120,7810
25530,9344
27502,4562
29065,4563
29305,4590
25530,7905
29065,9351
29305,7810
44120,9344
25530,4563
27502,4590
29305,5423
20650,7902
44120,7905
25530,9351
27502,7810
29305,9344
20650,4562
25530,5411
27502,5423
44120,9351
25530,7860
27502,9344
29065,4562
29305,4563
20650,4590
43312,_
99460,3173
22310,9357
16010,353
45382,4685
45382,3993
C19IP2,212
63710,_
C19IP4,8604
32551,8604
43219,3420
32602,4281
43219,3320
90537,_
49560,5310
49505,5351
25525,9359
27509,7819
27509,7979
25525,7945
27509,7932
36488,6270
45123,3995
44320,4869
45123,3893
54520,4869
45123,6270
45123,6230
45123,4610
67950,881
16010,859
12057,8628
67950,9357
67950,2751
12057,9357
67950,1840
12057,859
21502,3409
32020,7781
36460,_
36460,8544
36460,8543
36430,7939
23515,9903
25337,7809
25125,8175
25337,7763
21366,8628
29325,8192
20220,8394
27826,7676
21470,7817
44155,5411
35184,8309
35184,8345
35184,9820
11011,3953
35184,8302
35184,8339
35184,8628
29245,_
BREASTCALEFT,_
26110,8233
16010,8034
26110,9357
16010,8014
26145,8034
26145,8014
28400,9353
27340,7939
29405,8350
27340,8628
28415,7909
28400,8350
27340,7760
28415,9353
28400,7939
27340,7909
11044,8350
27340,9353
28415,8350
27340,8345
64857,7760
31240,2150
76095,8544
19240,9230
76095,8543
09355,_
38488,_
28086,8628
28086,8345
19182,8382
27498,7760
27498,8309
27498,7710
27498,8302
27498,8339
15240,4040
15240,4021
77421,6270
77421,6230
44320,9805
44320,9638
52649,5810
52649,5860
52649,6094
52649,8929
67115,1623
67400,1460
67115,1609
50220,5253
38102,5641
44602,4150
48140,4673
38102,5253
38102,4673
44602,5253
38102,5551
67101,1371
67101,1341
P0000,9608
44372,_
P0000,4513
31225,160
61500,2220
12011,7935
12011,7710
51925,5784
51925,6890
SO18,8660
51050,9227
51050,5759
32002,5185
43262,3491
76942,5185
43262,3404
35132,3846
35132,3952
75989,4443
43255,8839
75989,4233
27244,7783
44340,4575
49558,4590
44140,5339
49558,5361
49558,5459
49561,5329
49000,5339
44140,5351
49558,5411
49561,5339
44140,5361
49558,5423
49561,4572
44005,5329
49558,4572
49561,4590
44140,5329
44005,5339
49558,5351
52318,5749
UO71,5498
47010,5104
32020,9344
27245,3409
20650,3409
32020,7860
10060,4590
44140,8604
10060,4685
16010,8543
19240,9357
OO149,_
37500,_
29876,7760
29876,8309
29876,8345
29876,9820
29876,7710
29876,8302
29876,8339
29876,8628
11042,8662
90893,_
XA,9971
59513,4643
44340,7499
63011,9622
45303,309
63011,4823
61536,124
27280,8108
26608,7934
26735,7814
26608,7924
76360,8345
SO181,_
52336,3893
49505,8689
64893,450
25020,8662
26951,8684
26121,8401
26951,8235
11042,8684
26121,8314
25020,8684
25020,8235
26951,8662
26121,407
11040,8235
20692,3891
24538,7810
34101,7931
24579,7852
99256,3803
15350,3805
24538,3891
15350,8907
24538,8669
34101,7852
20692,3805
24579,3891
34101,7810
24579,8669
99256,7852
15350,3803
24538,3805
15350,7931
24538,8907
34101,8669
20692,3803
24579,3805
99256,3891
24579,8907
15350,7852
24538,3803
34101,8907
20692,7852
24579,3803
99256,3805
15350,3891
60240,3121
47480,5423
47480,5411
17264,8630
61154,9604
31500,139
49525,6029
44180,5361
49562,5451
44180,5351
33430,9971
92973,3524
C19IP2,3961
92973,9903
36430,3961
33430,66
92973,_
C19IP2,3722
92973,3961
33430,9903
92973,9971
C19IP2,3524
36430,66
33430,_
92973,3722
36430,3524
93555,3780
33207,3606
93555,3776
33207,8850
92981,3776
44392,4341
58558,6551
58940,6816
58558,6539
27049,5980
27049,5732
52332,8339
27049,3893
24515,8030
24101,7931
24515,8012
C19IP4,4341
43246,4530
43250,_
C19IP4,4530
43250,4311
43246,4341
27880,8669
15100,8415
25500,9359
27509,7902
25500,7945
34101,5423
49000,3803
34101,5411
49000,3805
49204,_
15574,8309
15574,9820
15574,8302
15574,8339
12035,2181
12035,881
12035,1840
12035,2751
20931,7809
67094,_
19110,5310
49505,8599
19110,5300
28300,8309
28300,8345
28300,9820
28300,7710
28300,8302
28300,8339
27846,7929
38510,9971
38510,9903
46262,4921
46600,4873
46600,4939
25911,6849
25911,6561
25911,_
27756,8499
11043,9355
21345,8345
12037,5411
12037,5423
11041,8192
11041,8396
11041,8191
11041,8394
21147,8628
49521,5642
50234,5300
11040,7702
31603,4150
38100,3110
27750,8321
27330,7906
27750,8016
28810,8907
99256,7937
28810,7937
99256,8411
28485,8907
44500,4461
44500,4442
43840,9608
58150,7759
59612,6849
59612,6561
12032,9971
27193,8659
36430,7909
12032,7949
23400,7841
14041,7939
28505,8689
66852,1341
66850,1342
27786,8444
23616,7906
27786,7931
C19IP4,4252
43620,4350
20605,9357
27220,125
61314,7905
27220,124
75989,4542
38740,8839
75989,4023
38740,4542
69602,8554
11043,8571
19361,2049
69602,8345
69602,8571
11043,2049
19361,8345
69602,8628
11043,8554
22842,7760
22842,8309
22842,8345
22842,9820
22842,7710
22842,8302
22842,8339
22842,8628
27125,8345
52214,9646
NB136,_
90935,8989
27218,3995
90935,7939
44389,4443
44389,4233
44389,3893
29405,7924
28510,7924
29405,7934
29075,7908
26735,7908
28510,9353
28510,7934
29405,7908
26952,8286
27365,9971
27365,9903
50040,6270
24530,7935
27514,7901
24530,7815
11012,8212
26037,7710
27590,8382
24935,8345
21930,9971
21930,9903
28675,8659
ZE370,_
27380,7925
21188,7936
27535,7646
27535,7809
21188,7817
27535,7669
68815,884
67961,944
68815,8671
55540,6200
54550,5390
12001,3491
12001,3404
99256,7360
58600,8907
99256,7359
59409,8907
99256,6639
45100,5419
49420,4923
46050,4946
30520,2252
31255,2242
31287,2150
31276,2188
30520,2119
30520,2242
31255,2188
31255,2241
31287,2242
31276,2150
31276,2252
30520,2241
31287,2188
31276,2119
31287,2241
44180,6050
55866,5451
45331,5341
43239,5349
49585,4514
44143,5341
67112,1371
67112,1341
35206,8382
15736,3959
25270,8332
35206,8669
25270,3959
15736,8388
35206,8332
25270,8382
61020,3121
31600,102
49320,5151
47564,5451
44180,5151
47564,5421
48100,7791
32035,5212
48100,3409
TB71,_
39530,5411
44140,5380
39530,4572
58140,6813
58140,6711
19160,8546
19200,8523
19160,8545
42020,_
44605,4563
69700,1940
69700,2099
69700,1860
69700,2049
99469,_
58943,6813
58100,6651
MN139,_
44310,4594
44145,4620
54205,6498
54205,9929
59513,8339
59513,9820
59513,8302
59513,8309
54520,4563
44125,6270
54520,4562
54520,4639
44125,6230
45113,5459
44005,4601
45113,6849
45113,6561
44005,4835
45987,_
45987,5123
45987,5349
45987,5341
45367,4610
45367,4575
45367,_
15756,8388
28585,8669
11043,7800
29365,8388
29365,8149
12013,7925
61510,160
61500,124
40074,3995
40074,_
XAH16,_
27048,4823
45317,7769
27048,4543
16010,4429
43360,9357
16010,4289
16010,4469
43360,8628
75726,5136
76080,5270
49200,5980
49200,5732
LO23,8628
LO23,8345
24530,7760
24530,8309
24530,8345
24530,9820
24530,7710
24530,8302
24530,8339
12510,_
C19IP2,8601
67966,7925
27506,8671
67966,7815
67966,8152
27506,824
67041,1425
51555,6849
51555,6561
55041,5361
49560,6310
55041,5351
20610,9925
58740,6711
58100,6589
11000,8430
11000,8407
32020,5521
44340,8628
11044,4643
24515,3893
44340,7760
12001,7934
12001,7924
99462,_
11010,7907
47120,7905
27506,4675
11040,5022
47120,8152
11040,7905
27502,4675
44604,5022
47120,7815
44604,7905
47120,4675
27506,5022
44604,8152
11040,4675
27502,5022
44604,7815
47120,7925
57510,9971
36430,6732
57510,9903
53270,7130
75952,3893
36488,3971
54535,9903
44314,4622
44151,4641
44314,4582
31256,7769
41153,2219
43830,2530
15756,2749
31256,4319
41153,8332
43830,8669
15756,7769
21045,2219
31256,2530
43830,4040
15756,4319
31256,8669
41153,7769
43830,2219
21045,2749
31256,4040
41153,4319
43830,8332
43830,2749
21045,4319
31256,8332
41153,8669
43830,7769
15756,2219
21045,2530
31256,2749
23520,8628
23520,8345
45378,5771
36430,6890
51597,9971
12016,8403
12016,8401
16010,8699
58673,5425
96542,1269
66170,9925
96542,1264
44155,6849
58150,4582
44155,6561
37204,6840
51860,3880
37204,6839
59525,3880
37204,5781
CM800,6849
CM800,6561
CM800,_
90935,4341
43244,3995
22326,6849
58150,7929
27880,1371
66987,8415
27880,1341
59814,9971
36430,6959
59814,9903
75940,4685
45378,3870
75940,4525
CS091,8544
21920,_
19240,8321
CS091,8543
21920,8544
CS091,8321
21920,8543
CS091,_
12001,5425
12001,5061
12001,5423
49080,8659
12001,5411
27356,7762
27356,7805
27880,7933
26615,8415
27880,7923
27250,7979
27250,7909
56740,7071
57250,7124
56740,7052
60254,3030
27535,3999
26420,7934
26420,7924
65805,1330
66840,1291
58960,9903
58960,9971
15120,9788
15120,9353
29345,294
15120,294
15120,7860
29345,9788
16010,5425
32002,9357
16010,3404
49080,9357
68750,8671
67966,983
68750,824
41116,640
60254,2749
41116,4040
12011,8669
12011,8332
12011,8382
27720,9788
27720,294
15220,9788
27720,8669
15220,294
47490,3995
47600,5101
47490,3893
43255,5101
47490,4443
36488,5101
47490,4233
90935,5101
25545,5423
25545,5411
EE19,5310
EE19,5300
EE19,_
44146,9971
44146,9903
44120,7499
59513,4563
44500,5810
44500,5860
44500,6094
44500,8929
52601,9608
44500,5732
44500,5850
44500,6029
44500,6373
UO72,8417
26030,9357
11043,8203
26030,8628
16010,8203
66220,1286
24615,7931
24546,7982
24615,7842
11042,2752
11042,2551
11044,7844
10060,3421
11401,8604
32651,8630
10060,3252
11401,3421
32651,8604
10060,8630
11401,3252
35013,7710
35013,8302
35013,8339
CR222,_
61130,763
62165,124
61130,299
15822,8628
11043,870
15822,8345
28715,8345
49201,6651
49201,6639
58662,6589
58662,5440
11044,8418
16035,8417
34203,8609
16035,3891
34203,8417
27590,8609
16035,3808
DE49,_
29065,294
38760,8669
28045,4024
38760,8382
28045,8669
15738,4024
38760,8332
28045,8382
15220,4024
38760,8339
11011,859
21340,8309
21340,8345
21340,9820
11011,999
21340,8302
21340,8339
21340,8628
27780,7760
27780,8309
27780,9820
27780,7710
27780,8302
27780,8339
27827,7937
11043,8149
25611,9359
27509,7912
25611,7945
43235,5419
49020,4513
58150,6970
VID19,8544
VID19,8543
EE11,_
27524,7929
27524,7796
11042,4443
27244,7809
27066,7935
27244,7769
26037,7924
26735,8212
26037,7923
26037,7934
26615,8212
26037,7933
27759,5029
27759,5099
47361,7936
27759,5000
27759,5061
19240,8546
19200,8543
44603,6849
44603,6561
45300,4673
44603,4824
23044,7860
51050,4469
43326,5719
51050,4466
31231,2181
31231,8659
26548,7760
26548,8309
26548,9820
26548,7710
26548,8302
26548,8339
26548,8628
44320,6813
58100,4610
44320,6711
21557,8382
36430,8546
19200,9903
C19IP2,3492
45562,6849
58150,4800
23174,8031
23100,7702
23174,8011
45379,3893
90935,9804
45379,3995
36488,9804
58600,125
61312,6639
58600,124
20615,8192
20615,8396
20610,7840
20615,8191
20615,8394
45331,1735
TBJA,_
99256,5341
49585,8907
99256,5349
16010,4850
16010,5760
58240,9357
16010,5671
16010,6880
58240,8628
FP00,_
44160,8628
11043,4593
53250,5892
69505,125
61305,2049
69505,124
UO73,_
25611,125
61313,7945
27509,124
61313,9359
25611,124
27509,125
61313,7912
26050,1371
26050,1341
26050,_
11100,9971
11042,8611
11100,9903
36430,8611
26608,7931
23615,7814
27030,8152
29325,8015
27030,7985
27258,8015
27030,9351
50840,4590
50840,5689
65235,_
26105,7710
26105,8302
26105,8339
47600,7906
11044,5022
27752,5122
47120,7760
OI3,_
32654,3961
33405,3409
32654,3522
20938,7809
63706,8345
63087,8628
63706,8099
63087,8332
63706,7760
63087,8345
11044,352
63706,309
63087,7760
15734,8099
63087,8669
63706,8628
63087,352
15734,309
63087,8382
44391,4912
46280,4543
44391,4911
44391,4993
46280,4522
43265,5294
36800,5423
36800,5411
P0000,3993
45108,4610
88331,5459
59513,8908
58940,9199
88331,6539
44005,8908
25274,7932
50785,5980
50785,9649
52310,5674
50785,5732
50785,9646
50785,5700
50785,8773
65265,1459
67108,1402
65265,1449
47610,4709
49525,5349
32522,3229
32110,3479
32522,3349
32522,3409
32110,3229
32522,3479
32522,3402
27750,9971
27759,7906
27750,9903
20670,8152
21490,7694
28805,8609
28805,8403
16035,8332
28805,8401
96408,8669
15756,9925
96408,8332
27259,7760
27259,8309
27259,8345
27259,9820
11012,7825
27259,7710
27259,8302
27259,8339
27259,8628
49521,5349
32020,7979
MO620,_
MO620,7499
27513,7855
C19T1,7769
32651,9971
43235,3252
C19T1,3421
38101,5459
32651,4442
43840,3252
36430,3421
32651,4513
43235,4143
38101,4461
44005,3421
43840,4143
32651,9903
C19T1,3252
38101,3421
32651,4143
38101,9971
36430,3252
32651,5459
C19T1,4143
38101,4442
44005,3252
38101,4513
36430,4143
32651,4461
38101,3252
43840,3421
44005,4143
38101,9903
44345,9971
C19T1,4643
44345,9903
36430,4643
44345,_
66484,1371
66484,1330
66484,_
64718,8382
25360,8669
64718,7733
24586,8332
64718,8669
25360,460
15736,7733
25360,8332
24586,8382
25360,479
15736,7929
64718,8332
25360,8382
24586,8669
15736,460
32602,5123
47562,3420
36488,5123
47562,3320
C19IP3,4620
20670,8342
25116,7860
20670,8175
ET89,_
ZZ46,_
69502,125
61321,2041
69502,124
44143,4533
44111,4575
69000,8309
69000,8345
69000,9820
11011,1809
69000,8302
69000,8339
69000,8628
49080,8908
19101,5425
17110,_
BO7,8630
11441,_
C19IP1,9604
27380,7932
20680,8364
24685,9788
24685,8364
27380,7819
24685,7810
20692,9788
20680,7932
27380,294
27756,8364
24685,8669
24685,7819
27331,294
27380,7860
24685,8016
15100,9788
24685,294
27380,9788
24685,8036
20680,9829
20692,294
24685,7860
27331,9788
27524,8669
24685,9829
10060,8546
10060,8545
99256,8604
10060,8907
19200,8604
10060,9901
12004,7936
27535,8907
12004,8907
47721,8907
99256,5132
44960,9607
44500,5310
49507,9608
44500,5300
35141,8628
20692,5411
15100,5411
20692,5423
11041,7810
44950,4429
49000,4469
58950,5372
39502,4709
39502,6529
58950,4429
44950,5372
39502,5423
58660,4563
62131,_
49509,5810
49509,5860
49509,6094
49509,8929
66165,1263
66165,1330
31575,3321
33207,3142
31615,3780
33207,3321
31615,3776
31575,3780
31575,3776
C19IP3,8849
75710,8417
C19IP3,8848
27590,8849
75710,_
27590,8848
25111,8192
25111,8396
20605,8221
25111,8191
25111,8394
19100,5294
43264,8511
19100,5188
CR017,_
50240,5361
49565,5540
50240,5351
90945,8604
10180,5498
10180,9604
10180,3995
ON938,_
57522,8544
19240,6732
57522,8543
44602,5980
44604,5732
52332,4673
16010,7430
59121,8628
58725,7071
58725,7052
58725,_
62116,331
62116,125
62272,206
62116,124
31601,5423
12031,7810
12031,7815
31601,7810
12031,7860
31601,7815
12031,7925
31601,7860
12031,9344
31601,7925
12031,8152
31601,9344
12031,3893
27506,3121
31601,8152
12031,3121
31601,5411
63001,5711
16010,309
51010,9357
63001,8669
16010,5711
15100,309
51010,8628
63001,9357
15100,5711
51010,309
63001,8628
25600,5423
25600,5411
