raw_code,mapped_code
77401,_
59513,7499
11302,8609
12002,8659
59514,7499
58600,6639
36488,3893
99432,9929
99432,9933
99432,9959
NSD01,_
MCP01,_
89221,8909
89221,9041
90935,3995
99246,8909
99246,9059
12001,8659
59409,7359
59409,7360
58720,6561
24600,7972
96408,9925
FP001,_
31231,2121
31575,3142
45378,4525
45378,4685
10060,8604
47562,5123
67025,1471
67025,1475
67108,1449
67108,1459
19120,8521
50590,9851
11403,8630
66987,1341
66987,1371
66821,1364
11043,8345
12002,8628
11043,8659
12002,8345
11043,8628
66762,1239
49525,5300
49525,5310
26785,7984
11012,7989
26785,7710
11012,7760
26785,8302
11012,8309
26785,8339
11012,8345
26785,8628
11012,9820
58120,6909
20610,8191
20610,8192
20610,8394
20610,8396
24076,8332
49080,5425
19240,8543
19240,8544
59612,7360
59612,7759
44392,4542
67210,1454
36821,3929
43235,4513
77761,_
77781,_
75757,9512
66761,1212
67228,1425
67950,859
45380,4525
43255,4233
43255,4443
77418,_
77421,_
60281,670
11426,8630
68110,1031
67800,821
67051,1474
67051,1475
66998,1289
66984,1330
66984,1371
65780,1689
65222,9821
93556,3956
93556,8843
93556,8857
22900,5430
58661,6561
58661,6639
65426,1132
65850,1254
43215,9802
52310,5700
52310,5732
40510,2743
40510,2759
26055,8301
66825,1699
44950,4709
49521,5300
49521,5310
59620,7499
19125,8521
12004,8659
59812,6902
11000,8628
21015,8339
47600,5122
ANC02,_
59814,6959
17276,8630
31238,2100
31238,2219
45331,4525
43239,4514
44960,4709
62350,390
68440,951
57454,6712
57454,7021
57452,7021
67040,1424
67040,1474
25000,8301
11042,8628
67220,1425
42825,2820
77789,_
44388,4525
43760,9702
65400,1149
65210,1200
65210,9822
67840,820
67840,889
68115,1031
31530,3142
31530,9814
11422,8630
11421,8630
47610,5122
47610,8753
79000,_
58345,6999
58345,8782
37720,3889
58150,6561
58150,6849
59870,6909
43262,5185
19160,8523
68760,991
66830,1475
67051,1214
66830,1364
67051,1365
66830,1474
66830,1214
67051,1364
66830,1365
67041,1474
66625,1490
67041,1214
66625,1474
67041,1490
66625,1214
27792,7817
27792,7936
62361,390
21365,7672
21365,7859
49561,5351
49561,5361
12032,8659
12032,8628
12032,8345
19101,8511
21930,8339
11011,8302
11011,8309
11011,8339
11011,8345
11011,8628
11011,9820
BREAST,_
UNSPECIFIE,9925
96408,_
BREAST,9925
UNSPECIFIE,_
BRONCHUSO,_
BRONCHUSO,9925
19100,8511
65273,1060
11010,8628
11010,9820
56605,7111
46615,4921
46615,4931
35518,3929
44970,4701
CR001,_
25600,7902
29075,9353
11442,8630
11402,8630
60100,611
20206,8321
11750,8623
24065,8321
57155,6999
77761,7091
57155,_
77761,6999
57155,7091
54152,6400
67036,1474
31579,3142
31254,2219
31254,2263
21556,8332
77261,_
11444,8630
11404,8630
31515,3142
69145,1829
11400,8630
43234,4513
11443,8630
21920,8321
23065,8321
69020,1809
36430,9903
36430,9971
44180,5451
11401,8630
65855,1689
67825,891
42700,2800
43830,4319
23650,7971
53852,6021
53852,6097
52000,5732
29888,8145
36825,3993
43264,5188
43264,5294
20822,8422
28805,8332
41800,2400
41830,2450
90375,_
20605,8191
20605,8192
20605,8394
20605,8396
31525,3142
66170,1264
66170,1269
15740,8670
24075,8339
26145,8233
23077,8339
59120,6549
31560,3029
60280,670
45330,4525
MCPO1,_
58100,6711
58100,6813
66982,1330
66982,1371
50060,5501
55700,6011
45384,4523
45384,4542
45384,4543
46255,4946
49587,5341
49587,5349
36830,3993
12011,8659
28090,8339
14040,8689
NSDO1,_
11450,8630
27618,8630
16010,8628
16010,9357
65782,1689
21557,8339
58300,6970
24077,8339
66172,1264
66172,1269
66172,9928
89222,8909
89222,9041
49000,5411
49000,5423
60240,640
41250,2551
41250,2752
11044,7760
11044,8345
11044,8628
59513,9971
36430,7499
59513,9903
45385,4523
45385,4542
45385,4543
11406,8630
93510,3722
79005,_
42820,2830
66987,1459
67108,1341
65772,1371
66987,1179
65772,1341
65772,1179
66930,1319
67935,1060
67935,881
66985,1372
67039,1424
66985,1474
67039,1372
66985,1424
67039,1474
66940,1359
11760,8689
27310,8016
56440,7123
14060,8689
P0000,_
27615,8349
67966,824
67966,8671
14041,8689
58700,6651
17110,8630
11040,8628
50220,5551
50220,5641
43244,4233
43244,4341
14061,8689
11740,8604
11765,8623
26037,8212
28300,7739
47570,5132
19020,8500
43258,4341
43258,4530
43258,4533
48100,5212
27236,7935
58952,5440
58952,6529
58952,6561
15732,8332
15732,8382
15732,8669
49520,5300
49520,5310
27506,7815
27506,7925
27506,8152
11423,8630
NSD,_
NSD01,9933
42440,2630
28810,8411
50200,5523
58558,6816
58558,6829
58558,6909
69110,1829
69110,1879
43259,8874
45378,4542
45384,4685
45378,4523
45378,4543
45384,4525
26765,7924
11010,7934
26765,8628
52601,5732
52601,5810
52601,5850
52601,5860
52601,6029
52601,6094
52601,6373
52601,8929
32020,3409
25110,8331
24615,7982
65270,1281
67027,1472
67027,1479
47605,5122
47605,8753
49507,5300
49507,5310
11752,8623
60001,601
11307,8609
28122,7788
27033,8015
23040,8019
11012,7710
11012,8302
11012,8339
11012,8628
15920,7789
11000,8630
15920,8659
49085,5492
27329,8339
MCP,_
69200,1802
47000,_
26548,8172
21501,8604
25100,8013
25111,8033
25100,8221
25111,8013
25100,8033
25111,8221
17106,8630
55110,6100
92975,3604
92975,8857
43268,5293
54510,6220
92981,3606
37204,3880
30465,2187
27130,8151
44320,4610
27654,8149
27654,8388
11303,8609
15823,870
58260,6859
59151,6563
47564,5123
47564,5151
25611,7912
20670,7860
42810,2920
14020,8689
45541,4876
67901,831
67917,844
29345,9353
31541,3009
31541,3143
MALIGNANT,_
25530,7902
47360,3886
47360,5061
25520,7902
25520,7979
P0001,_
29877,8026
29820,8086
29888,8071
29877,8145
29820,8026
29888,8086
29877,8071
29820,8145
29888,8026
29877,8086
29820,8071
27331,8016
27331,8036
27331,9829
11720,8627
CR0148,_
11606,8630
23600,7901
20680,294
20680,7860
20680,9788
27704,8199
25574,7932
23515,7929
23515,7939
67810,811
49250,5430
27620,8017
29405,8037
27620,9353
29405,8017
27620,8037
29405,9353
26410,8286
21030,7639
28600,7979
27816,7909
27025,8314
43243,4233
10160,8601
44005,5459
28043,8630
27507,7935
27880,8415
58940,6539
58940,6551
26116,8222
21935,8339
22305,353
12015,8659
46050,4901
38220,4131
27630,8381
21555,8630
29435,9353
66250,1283
27613,8321
27303,7715
59525,6839
59525,6840
24685,7932
31237,2121
31237,2211
43255,4685
45378,4233
11100,8611
11982,_
45355,4522
31825,3172
41874,2450
21440,7675
11420,8630
26236,7789
27327,8630
36832,3800
36832,3942
27750,7906
NO39,_
90935,9971
36430,3995
90935,9903
36011,3893
27125,8152
12013,8659
27786,7906
24587,7929
24587,8185
26765,7934
49495,5300
49495,5310
49495,6310
25350,7733
21800,7909
11311,8609
29075,7860
08093,_
28470,7907
57500,6712
60220,620
49500,5300
49500,5310
49500,6310
23140,7761
44140,4572
44140,4590
27603,7710
11000,8302
27603,8628
11000,7710
27603,8302
47560,5421
47560,8753
58270,6859
58270,7092
50075,5501
29887,7719
29881,8060
32000,3491
25115,8342
23540,7971
10140,8604
59400,7359
MCP01,8908
59400,9059
MCP01,9449
59400,9938
33536,3614
23076,8332
38510,4011
43263,5115
36568,3893
35761,3800
11000,3991
35761,8628
11000,3800
35761,3991
11441,8630
46230,4946
27323,8321
43235,4542
47600,5294
43264,5122
47600,5188
20600,8191
20600,8192
20600,8394
20600,8396
31601,3121
CA19,4542
CA19,_
29358,9353
22310,353
25611,7760
25611,8309
25611,8345
25611,9820
11012,7912
25611,7710
25611,8302
25611,8339
25611,8628
24566,7852
29065,9353
21300,7909
21300,7760
21300,8309
21300,8345
21300,9820
11012,7909
21300,7710
21300,8302
21300,8339
21300,8628
55530,6310
27516,7945
62287,8395
ANC01,_
69220,2041
69220,7669
69433,2001
43200,4223
21315,2171
49505,5300
49505,5310
58920,6522
19182,8534
60271,639
60271,650
69421,2009
31231,2080
69421,2121
31231,2009
69421,2080
27780,7906
11440,8630
25650,7909
40490,2723
43235,4685
45378,4513
43235,4525
69310,1860
10180,8604
16040,8630
11042,9357
16040,8628
11042,8630
16040,9357
58600,7360
59409,6639
58600,7359
12016,8659
45317,4543
45317,4823
28001,8303
37735,3889
37735,8344
37735,8630
37735,8669
41115,2592
99503,_
99503,9933
SECONDARY,_
METASTATIC,9925
SECONDARY,9925
METASTATIC,_
12057,1840
12057,2181
12057,2751
12057,8659
12057,881
26110,8014
26110,8034
27612,8017
11000,8047
27612,8385
19000,8591
24102,8012
24102,8072
27048,7769
12031,8659
25263,8388
17271,8630
66850,1341
65805,1475
67025,1291
65805,1471
65805,1291
26034,7719
25560,7902
40700,2754
59100,6800
58600,7491
59100,6639
58600,6800
59100,7491
49501,5300
49501,5310
49501,6310
27301,8303
69420,2009
69420,2080
43234,4685
43234,4525
31622,3324
46275,4911
46275,4912
49201,5440
61304,124
61304,125
52325,5732
52325,5980
52325,5995
50080,5503
50080,5504
50080,5521
50080,5980
58180,6561
58180,6839
36145,3895
42420,2632
42420,407
27590,8417
21235,1879
47554,5188
19260,3440
19260,7791
76003,8839
27049,8339
24530,7901
26160,8221
46280,4911
46280,4912
46280,4993
31090,2253
25526,7819
25526,7932
25526,7939
25526,8499
29883,8147
46270,4911
46270,4912
27530,7906
29365,9353
45379,4523
45379,9804
59411,7252
28820,8411
65285,1159
65285,1289
67031,1693
60225,620
57265,7051
57265,7052
57265,7092
10060,4912
46275,8604
10060,4911
55535,6310
27650,8388
43250,4233
43250,4341
43250,4530
67227,1422
67005,1471
67420,1601
67420,1692
58740,6589
26055,8628
72703,8301
11043,_
26055,8345
72703,8628
11043,8301
26055,_
72703,8345
72703,_
44900,4720
22851,8451
43239,4685
45378,4514
43239,4525
67050,1343
67050,1214
66625,1343
67050,1474
75671,8841
47552,5112
47552,5198
32405,3326
25076,8332
28107,7769
28107,7809
15933,7789
15933,8630
15933,8659
38740,4023
52204,5733
31578,3009
31578,3142
25500,7902
19180,8541
60260,640
52276,5732
52276,5850
MCP01,9933
46260,4946
28046,8349
28400,7909
10120,8605
52614,6029
90945,3995
90945,5498
49588,5341
49588,5349
25545,7932
27808,7909
15944,8630
27244,7935
64721,460
64721,479
49553,5329
49553,5339
49080,6849
58150,5425
49080,6561
12052,1840
12052,2181
12052,2751
12052,8659
12052,881
53415,5849
24500,7901
11623,8630
56501,7180
19162,8543
19162,8544
63030,309
63030,7789
63030,8051
58561,6829
27447,8147
27447,8154
28430,7909
58200,4011
58200,6561
58200,6849
11312,8609
11308,8609
26115,8630
51590,5671
51590,5779
27759,7936
76360,8838
76942,_
93650,3734
93650,3964
11041,8628
66680,1239
66680,1371
66987,1239
66680,1341
20650,7810
20650,7860
20650,9344
67121,1460
24516,7840
24516,7931
24516,8444
25040,8019
27502,7905
54530,6230
44604,4675
27345,8339
36825,3942
36832,3993
36825,3800
ZO809,_
MPO1,_
NORM,9933
NORM,_
46250,4946
54640,5310
49505,6250
54640,5300
54640,6250
65093,1631
67112,1449
CR465,_
58300,7360
59409,6970
58300,7359
55060,6120
COLON,_
COLON,9925
SIGMOIDCO,_
43832,4319
27333,8016
27328,8332
OZ370,_
11444,9357
16010,8630
11444,8628
65275,1151
65275,9821
66160,1265
14000,8689
46600,4921
28003,8314
40819,2741
40819,9933
66983,1319
66983,1371
67961,8671
67961,884
31576,3143
44389,4525
65205,9821
66710,1273
66710,1274
19110,8599
67107,1449
67107,1452
67107,1455
38505,4011
30100,2122
24546,7842
24546,7931
32002,3404
32002,3491
27305,8314
51845,5979
23630,7931
31235,2219
27814,7936
MALIGNANT,8521
19120,_
UNSPECIFIE,8521
27641,7780
11601,8630
50230,3807
50230,4029
50230,5551
50230,5641
45170,4835
54161,6400
68340,1050
68335,1041
26356,8251
26356,8286
21550,8321
35875,3800
43271,5184
43271,5298
31240,2169
31240,2219
19200,8545
19200,8546
14300,8689
46258,4873
46258,4912
46258,4939
46258,4946
67036,1289
65285,1474
67036,1159
32320,3451
32140,3459
32320,3229
32140,3409
76986,_
58925,6529
29880,8060
43840,4442
43840,4461
49021,5491
31255,2119
31255,2263
12034,8659
12042,8659
11446,8630
28020,8018
11043,8309
28020,8345
23550,7981
26117,8229
52450,6000
31225,2220
23700,9326
66840,1330
62270,331
27640,7780
58145,6829
68320,1044
68320,1049
12014,8659
DELIVERY,_
PNEUMONIA,_
HIGHRISK,_
COMMUNITY,_
HYPOXEMIA,_
49585,5341
49585,5349
27619,8332
26951,407
26951,8401
16035,8609
28490,7908
28490,7760
28490,8309
28490,8345
28490,9820
11012,7908
28490,7710
28490,8302
28490,8339
28490,8628
54115,6492
54115,9824
30115,2131
67700,809
14350,7756
11044,8699
14350,7760
14350,8628
11044,7756
14350,8699
14350,8345
41872,2420
41874,2181
41872,2751
41874,881
41872,2450
12052,2420
41874,1840
41872,2181
41874,8659
41872,881
12052,2450
41874,2420
41872,1840
41874,2751
41872,8659
43250,4542
45384,4341
08000,_
12055,1840
12055,2181
12055,2751
12055,8659
12055,881
11730,8623
43260,5110
BENIGNNEO,_
19364,8570
50081,5503
50081,5504
50081,5521
50081,5980
49200,5440
58563,6823
45382,4523
43235,4543
45382,4513
43235,4523
45382,4543
51597,4610
51597,4850
51597,5771
51597,6880
51597,6890
57135,7033
43246,4311
67038,1474
67038,1371
66987,1474
67038,1341
51045,5719
51045,5980
51040,5717
25525,7819
25525,7932
25525,7979
27310,7760
27310,8309
27310,8345
27310,9820
11012,8016
27310,7710
27310,8302
27310,8339
27310,8628
26670,7974
26350,8286
26350,8628
11043,8286
26350,8345
26520,8094
66741,_
MN185,_
41828,2440
28270,8048
28270,8364
24350,8314
64857,430
25120,7763
38542,4021
25492,7813
31256,2219
42415,2929
42415,407
50280,5539
23930,8604
46045,4901
27238,7905
23620,7901
11313,8609
11305,8609
23500,7909
32110,3349
32110,3402
32110,3409
27071,7785
27071,7789
38300,4000
52318,5700
23665,7971
41105,2501
47620,5122
47620,5151
47620,5183
47620,8754
69644,1860
69644,1930
69644,1940
69644,2049
NSD01,7360
59409,_
NSD01,7359
43251,4233
43251,4341
43251,4530
67904,833
26727,7819
66180,1699
66810,_
23182,7761
52332,5732
52332,5980
33521,3929
96408,9971
36430,9925
96408,9903
67049,1380
66986,1474
67049,1370
66986,1380
67049,1474
66986,1370
11770,8621
20245,7742
20245,7745
20245,7749
44394,4542
57250,7052
57250,7071
28666,7819
33517,3929
26370,8286
26370,8345
29085,9353
56405,7109
60252,4040
60252,639
60252,640
68750,983
25575,7932
44146,4579
44146,4594
44146,4610
58210,4030
58210,6561
58210,6869
88331,8544
19240,8908
88331,9199
29075,8192
29075,8396
20600,9353
29075,8191
29075,8394
21461,7676
21461,7760
21461,8309
21461,8345
21461,9820
11012,7676
21461,7710
21461,8302
21461,8339
21461,8628
67036,1371
67036,1341
57210,7071
40527,2743
40527,2759
28045,8332
28045,8339
11300,8609
31075,2241
52337,5522
52337,5600
52337,5631
52337,5732
52337,5980
41822,2440
27510,7905
49590,5359
12053,1840
12053,2181
12053,2751
12053,8659
12053,881
24650,7902
25065,8321
15576,8670
28525,8345
11720,8628
11760,7938
11044,8627
28525,8689
11720,7760
11760,8345
28525,7938
45300,4824
28800,8412
53040,5891
69540,1829
27610,8017
42400,2611
27894,8047
27894,407
27612,8314
27894,8345
28020,8309
31267,2119
31267,2220
31267,2262
38500,4011
23570,7909
27824,7906
25075,8630
56740,7124
30905,2102
30905,2103
65103,1642
26030,8203
68330,1049
65280,1159
65280,1289
41821,2460
41820,2431
42200,2762
08090,_
66940,1475
67051,1359
66940,1474
17264,8630
24000,8012
58700,5423
49000,6651
58700,5411
38525,4011
12001,8345
11044,8659
12001,8286
26350,7760
12001,8628
26350,8659
11044,8286
12001,7760
00000,_
COLON,3893
65820,1252
65820,1253
45303,4823
45378,9622
45303,4525
92980,3606
11622,8630
61154,124
61154,139
38724,4021
38724,4040
59400,8908
59400,9449
20520,8302
31536,3143
64712,479
57510,6732
15935,7789
15935,8630
31233,2219
44360,4513
45111,4869
26010,7719
11424,8630
42405,2612
27704,7760
27704,8309
27704,8345
27704,9820
11012,8199
27704,7710
27704,8302
27704,8339
27704,8628
26952,407
11012,8401
26952,7710
26952,8302
26952,8339
26952,8628
28820,7760
28820,8309
28820,8345
28820,9820
11012,8411
28820,7710
28820,8302
28820,8339
28820,8628
23210,7761
90935,8628
11043,3995
90935,8345
46040,4901
26770,7974
62147,204
62147,206
62223,233
12005,8659
27524,7936
38570,5424
51010,5711
57260,7051
57260,7052
58275,6859
58275,7040
50545,4030
50545,5551
50545,722
25400,7843
27254,7985
44143,4575
44143,4610
59401,7359
59401,8908
59401,9059
59401,9449
59401,9938
46080,4959
26418,8286
29425,9353
LO39,_
65875,1371
66984,1233
65875,1330
65875,1233
16035,7760
16035,8309
16035,8345
16035,9820
11012,8609
16035,7710
16035,8302
16035,8339
16035,8628
57520,6720
57520,6739
57520,6769
57520,6909
27560,7979
18009,_
66625,1371
66984,1214
66625,1330
66160,1371
66984,1265
66160,1330
65860,1693
24538,7852
99403,9933
99403,_
26615,7923
26615,7933
21045,7769
26952,8345
11044,8401
26952,7760
11044,407
26952,8401
67312,1530
42860,2840
25248,7702
25248,8302
11042,9824
54115,8628
11042,6492
42410,2629
60522,781
60522,782
49560,5351
49560,5361
67921,842
32005,3492
52612,6029
26951,7760
26951,8628
26951,8345
57061,7091
49509,5300
49509,5310
67221,1459
67221,9983
23075,8630
17250,8630
26910,8401
26910,8403
26587,7739
26080,8014
52270,5732
52270,5850
21497,9355
58950,5440
58950,6529
58950,6561
58140,6829
35876,3800
35876,3949
68530,949
67875,889
28008,8314
27752,7906
12041,8659
38230,4191
53020,5810
49255,5440
49255,5349
49587,5440
49255,5341
31614,3174
27840,7977
65290,1570
11042,7939
23515,8628
11042,7929
12013,8345
45020,5400
27760,7909
46221,4945
28208,8381
66997,1266
96542,9925
46936,4949
55041,6310
26600,7903
42815,2920
50610,5620
25077,8349
24670,7902
12042,8628
12042,8345
30310,9812
93543,8857
47361,5000
47361,5029
47361,5061
47361,5099
45383,4523
45383,4542
45383,4543
66984,1269
66170,1330
25300,8388
26020,8201
15958,7789
16010,8382
15958,8630
15958,9357
16010,7789
15958,8382
15958,8628
20670,8309
20670,8345
20670,9820
11011,7860
20670,8302
20670,8339
20670,8628
49650,5300
49650,5421
35188,3953
27513,7815
27513,7935
11043,7760
11043,9820
11620,8630
35206,3959
61312,124
61312,125
26720,7904
59121,6602
59121,7430
MALIGNANT,9925
49320,5421
43247,9803
28104,7769
ACUTEGAST,_
58263,6561
58263,6859
58263,7092
43265,5188
46262,4873
46262,4912
46262,4939
46262,4946
57100,7024
CR038,_
65420,1139
32659,3712
23480,7731
23480,7851
47563,5123
47563,8753
69150,1831
44120,4562
11042,4563
44120,4590
19220,8547
19220,8548
68326,1043
47562,4443
44389,5123
43255,4525
47562,4233
44389,4443
43255,5123
47562,4525
44389,4233
24600,8345
29075,479
64721,9353
29075,460
36463,_
24665,7783
24665,7932
47612,5122
47612,5136
47612,5151
12054,1840
12054,2181
12054,2751
12054,8659
12054,881
NSD01,8908
NSD01,9449
25260,8388
40650,2759
28725,8113
19112,8599
INTRAHEPAT,_
INTRAHEPAT,9925
NONHODGKI,_
SCAPULAAN,_
10180,8628
11043,8604
10180,8345
44950,5423
49000,4709
44950,5411
45378,4443
11641,8630
50580,5521
50580,5600
50580,8773
50580,9645
50580,9649
43750,4311
37730,3889
62272,331
41110,2510
28120,7789
25675,7909
44153,4582
44153,4595
44153,4601
44153,4835
74350,4311
41823,2440
27422,8147
27422,8319
55040,6310
60650,5421
60650,711
60650,729
60650,730
69100,1812
43239,4542
51050,5719
57200,7071
42426,2633
42426,4041
49496,5300
49496,5310
49496,6310
11043,8401
52338,5522
52338,5631
52338,5633
52338,5732
52338,5980
40810,2749
15922,7789
15922,8630
45120,4595
45120,4850
45120,4865
31600,3121
25105,8013
20680,8073
25105,294
25105,9788
20680,8013
25105,8073
25105,7860
35190,3953
26650,7814
28086,8342
15570,8670
52275,5732
52275,5850
29450,9353
27605,8311
11044,7860
20680,8345
55821,3998
55821,5850
55821,6030
55821,6373
55821,8929
12035,8659
41112,2510
41112,2559
12032,5423
49000,8659
12032,5411
24586,7929
12044,8659
28660,7974
58951,4030
58951,5440
58951,6529
58951,6561
58951,6849
41825,2440
54520,6230
54520,6270
46606,4921
46606,4923
66984,1474
67036,1330
23616,7931
23616,8444
10160,8628
11043,8601
10160,8345
38555,3991
38555,4029
29876,8076
36430,7360
59409,9903
69641,1860
69641,1940
69641,2049
69641,2099
59513,6849
58150,7499
59513,6561
21501,8544
19240,8604
21501,8543
44143,4685
45378,4575
20220,7749
58960,4030
58960,5419
58960,5423
58960,5425
58960,5440
15572,8670
35162,3840
35162,3952
24515,7931
14001,8689
45905,9623
27536,7936
12345,_
92982,66
31599,_
BAIAE,_
56405,8628
11043,7109
56405,8345
21385,7679
44620,4650
47120,5022
75710,8848
75710,8849
58152,5950
58152,6561
58152,6849
41100,2501
44393,4522
44393,4543
61710,3953
50390,5592
67345,420
52235,5732
52235,5749
52235,5831
66995,1266
66995,1299
69801,2079
69801,3997
26170,8233
25515,7932
27826,7817
27826,7936
64788,407
44141,4572
44141,4610
56420,7122
53600,5860
96450,331
96450,9925
27230,7905
58010,_
26210,7769
31395,2940
31395,3040
58280,6859
58280,7040
58280,7092
15240,8669
44005,5361
47600,5459
49561,5122
44005,5351
47600,5361
49561,5459
44005,5122
47600,5351
60212,620
27250,7975
30117,2131
27612,8047
28108,7769
65900,1240
90935,5498
11643,8630
24341,8388
42809,9813
11762,8669
11762,8689
28002,8314
21450,7675
27758,7936
27827,7817
27827,7936
45005,5400
44147,4579
19140,8542
28630,7978
28485,7937
28465,7937
MB010,_
MB500,_
75980,8754
75980,8839
35626,3922
22842,7859
47420,5104
47420,5151
CAECUMMU,_
54110,6420
42804,2912
42804,2080
69420,2912
42804,2009
44150,4582
44150,4595
44150,4620
61314,124
61314,125
67400,1609
67400,1623
28296,7738
28296,7759
28296,7798
61512,124
61512,125
26011,7719
IE119,_
19366,8570
21248,7643
54015,6492
36815,3993
49550,5329
49550,5339
69610,1940
47015,5091
40652,2759
27372,8016
26735,7924
29075,7934
26735,9353
29075,7924
26735,7934
65105,1641
29325,9351
12201,_
43241,4513
43241,9607
58740,6529
42300,2700
42892,2999
11041,6849
58150,8628
11041,6561
50947,5674
50947,5731
50947,5980
11470,8630
24685,881
67935,7932
24685,1060
23485,7731
23485,7801
28415,7939
56740,7360
59409,7124
56740,7359
41115,9933
27235,7905
49554,5329
49554,5339
43830,4610
44141,4319
43830,4572
44010,4501
29055,9353
23615,7931
54100,6411
46750,4979
16035,9357
16010,8609
41850,2440
47562,5361
49560,5123
47562,5351
11050,8630
27501,7905
47480,5103
47480,5104
45334,4524
45334,4543
69603,2042
36488,5061
47360,3893
36488,3886
50961,5600
50961,5631
50961,8773
50961,9646
50961,9649
26990,8115
27535,7817
27535,7936
52317,5700
44144,4579
44144,4610
44144,4613
25390,7823
26040,8212
69000,1809
27193,7909
27193,7949
27193,7975
59135,6849
59135,7430
OO820,_
44005,6849
58150,5459
44005,6561
00000,7360
00000,7359
28118,7789
54900,6383
23030,7711
58760,6679
94025,_
58770,6602
33240,53
60240,4040
38724,640
60240,4021
57240,7051
58260,7071
57240,6859
57250,7051
58260,7052
57240,7071
57250,6859
58260,7051
57240,7052
57300,7073
25676,7989
26597,8670
26597,8684
45305,4824
69420,2121
61571,125
31641,3201
51600,8776
33207,3776
33207,3780
20251,7749
76095,9230
50365,5551
50365,5569
65730,1164
65730,1371
66984,1164
65730,1330
64722,449
44625,4562
44625,4590
44625,4650
25248,8628
11000,7702
31239,2211
31237,2219
31239,981
61590,124
61590,2630
61590,299
61590,442
61590,7699
52649,6029
52290,5610
52290,5732
23675,7971
67010,1471
50575,5521
50575,5620
50575,5631
50575,5732
50575,8773
50575,9645
50575,9649
52334,5732
21172,1689
23515,7691
21172,7929
11052,8630
48547,4439
68720,981
40720,2754
LMP04,_
52500,5749
15100,8669
24545,7931
28825,8411
25250,8003
11000,8309
28020,8628
11000,8018
25575,7936
27535,7932
25575,7817
12051,1840
12051,2181
12051,2751
12051,8659
12051,881
23100,8011
23100,8031
38770,4030
31603,3110
28150,7789
27499,8314
76080,8839
24635,7939
27894,8314
66852,1342
66852,1474
21480,7693
60210,639
62160,299
49060,5419
45100,4923
50040,5501
50040,5502
21453,7675
31600,2080
21453,3121
69421,7675
31600,2009
21453,2080
69421,3121
31600,7675
21453,2009
32110,5423
32020,3349
49000,3402
32020,5411
32020,3402
49000,3409
32110,5411
32020,5423
49000,3349
51860,5781
49000,4563
44120,5423
49000,4562
44120,4563
49000,4590
44120,5411
90938,_
42720,2800
52335,5522
52335,5631
52335,5732
52335,5980
APPENDIX,_
42800,2912
67121,1371
66987,1460
67121,1341
50620,5620
46730,4979
31613,3174
69105,1812
29065,7860
50130,5511
51500,5349
51500,5751
49522,5300
49522,5310
55100,6100
26860,8128
58555,6812
45110,4610
45110,4850
41114,2510
41114,2559
10080,8603
67973,869
42160,2731
47511,5198
43245,4422
46608,4921
46608,9805
11310,8609
28715,8112
28715,8345
14020,8309
14020,8345
14020,9820
11011,8689
14020,8302
14020,8339
14020,8628
29355,9353
21502,7781
11000,8604
21502,8628
11000,7781
21502,8604
42145,2769
29345,7760
27784,8302
29345,8339
27784,8345
29345,9820
27784,9353
11012,7817
29345,7926
27784,7936
15736,8332
15736,8382
15736,8669
53265,5839
65765,1172
66700,1274
66700,9334
11000,7860
39503,3404
39503,5375
62360,390
27602,8314
11306,8609
BREAST,8544
EXTRAHEPAT,_
EXTRAHEPAT,9925
26700,7974
59320,6759
21347,7939
28810,8345
65815,1291
65815,1292
25020,8314
44390,4522
44390,9804
22843,7859
27047,7769
69140,1829
90935,5732
52310,3995
90935,5700
36820,_
58943,4011
58943,5423
58943,5440
58943,6551
58943,6651
NSD01,5151
47564,_
NSD01,5123
75722,8845
59513,5349
49585,7499
59513,5341
15574,8670
69646,1860
69670,1930
69310,1940
69646,2042
69670,2099
69310,1919
25023,407
25263,8314
25023,8388
25263,407
25023,8314
44008,5423
49000,_
44008,5411
44008,_
10160,2211
31237,8601
10160,2121
58120,7360
59409,6909
58120,7359
59120,5423
49000,6549
59120,5411
41017,2700
57530,6740
67830,801
59740,_
27330,8016
27330,8321
27514,7815
27514,7935
58662,6639
44345,4643
44602,4673
21026,7639
59430,_
60254,4040
60254,640
31625,3324
38520,4011
63252,340
HZ961,_
93545,8857
38100,4150
50250,25
50250,5532
33213,3787
32402,3424
36800,3993
44160,4562
44160,4579
44160,4593
46060,4873
46060,4901
46060,4911
46060,4912
46060,4993
43269,9755
51530,5719
69436,2001
26536,8171
48150,4370
48150,5136
48150,5251
48150,5270
48150,5296
41120,2520
58565,6699
31629,3327
28802,8332
11600,8630
42409,2621
25031,8303
21172,7691
29025,9351
29025,8628
11043,9351
29025,8345
29075,7933
26615,9353
29075,7923
25020,9357
16010,8314
25020,8628
54050,6420
90932,_
28092,8339
32602,3320
32602,3420
38760,4024
93555,8850
23331,8001
11760,8628
11043,8689
29365,8036
28050,8018
67880,852
ICD,_
44950,6529
44050,4680
69635,1860
69635,1940
69635,2021
69635,2023
69635,2099
12035,8309
12035,8345
12035,9820
11011,8659
12035,8302
12035,8339
12035,8628
27828,7817
27828,7936
21330,2172
21330,7859
28124,7789
27886,8415
45108,4892
27750,8345
24560,7901
59136,6839
59136,7430
46934,4949
24160,8002
15734,8332
15734,8382
15734,8669
36262,9789
63042,309
63042,7789
63042,8051
55815,4030
55815,6050
58559,5459
27360,7785
17283,8630
28406,7819
44800,4533
19367,8572
54600,5310
49507,6250
54600,6352
44145,4579
44145,4594
25620,7932
43820,4439
69646,1930
69646,1940
69646,2099
62141,206
20225,7745
20225,7749
33534,3612
29848,8043
67120,1672
36450,9901
19340,8553
19340,8554
31645,3323
31645,9605
33535,3613
23455,8182
43620,4399
27403,8016
26121,8235
26121,8662
26121,8684
33510,3611
30000,2110
30520,2150
30520,2188
33681,3562
44615,4500
44615,4679
44615,4685
24620,7909
11640,8630
23172,7701
26350,8309
26350,9820
11012,8286
26350,7710
26350,8302
26350,8339
20690,9820
11010,7810
20690,8628
20690,7810
26951,7934
26735,407
65114,1659
31535,3143
DENGUEFEVER,_
62100,124
29405,7860
32120,3403
63700,351
31370,3029
NCP,9933
NCP,_
27385,8365
MCP1,_
44212,4581
44005,4620
44212,4869
27122,7785
27122,8140
38745,4023
23490,7851
23490,7933
26037,7851
26615,8212
23490,7923
26037,7933
26615,7851
23490,8212
26037,7923
35045,3843
35045,3952
27520,7909
26235,7789
61156,124
61156,139
57720,6761
NSD01,6769
57720,_
NSD01,6761
57720,6769
27637,7767
27637,7807
31540,3009
36810,3993
59620,6561
45380,4341
12006,8659
46612,4921
46612,4931
48005,5260
44205,1739
44205,4562
44205,4593
21450,2080
69420,7675
21450,2009
45395,4610
45395,4851
50590,5980
52332,9851
50590,5732
27040,8321
42225,2762
31030,2239
51550,5760
51550,5310
49507,5760
51550,5300
12007,8659
11012,8073
25105,7710
25105,8302
25105,8339
25105,8628
SO51,_
46257,4939
46257,4946
42408,2629
21245,7643
21245,8309
21245,8345
21245,9820
11011,7643
21245,8302
21245,8339
21245,8628
27086,9829
58720,5423
49000,6561
58720,5411
26756,7819
20827,8421
99256,8907
CS066,_
29065,7979
25520,9353
29065,7902
28510,7908
43610,4342
65775,1371
65775,1341
65775,1179
43267,5297
58673,6602
58673,6639
54535,5411
54535,6230
45000,5419
11621,8630
69631,1940
27598,8416
33212,3781
26025,8203
25900,8405
76012,8165
76012,8839
33514,3614
31785,3150
31200,2263
36481,3893
90935,5502
50040,3995
90935,5501
61519,125
43235,8345
52007,5633
52007,5732
52007,5980
52007,8773
52007,9646
52007,9649
41135,2520
41135,4041
44186,4639
45303,9622
26352,8286
26352,8381
43117,4241
43117,4252
43117,4350
43117,4429
47740,5132
21041,7769
30130,2161
30130,2169
15822,870
11462,8630
50320,5551
40830,2752
11000,8401
11000,407
44130,4590
44130,4639
50405,5502
50405,5512
50405,5570
50405,5587
50405,5620
50405,5689
58600,7759
59612,6639
62362,390
62362,8606
27280,8108
27756,7819
25927,8403
28024,8018
28024,7710
28024,8302
28024,8345
28024,9820
11012,8018
28024,8309
28024,7760
28024,8339
28024,8628
26418,7934
26735,8286
26418,7924
23520,7971
58140,5361
49560,6829
58140,5351
29075,8302
25248,9353
29075,7702
27645,7767
27248,8036
27248,7925
27331,7935
27248,8016
27248,9829
27331,7925
27248,7935
30201,7499
59514,_
LMP04,7499
30201,_
11000,8339
28045,8628
11000,8332
27332,8016
27332,8060
27334,8016
27334,8076
15931,8630
15931,8659
NI85,_
29405,8388
27654,9353
29405,8149
36510,3892
31630,3323
31630,3391
15941,7789
15941,8628
11000,7789
15941,8630
20200,8321
59514,9971
59514,9903
41500,2559
41500,9933
35011,3843
35011,3952
33208,3772
33208,3780
11044,7934
26735,7760
26735,8628
11044,7924
26735,8345
20692,7810
27407,8146
67975,869
67930,881
59130,7430
24576,7901
44055,4680
27881,8415
27881,8446
27881,9353
61150,124
61150,139
66130,1284
68420,953
010/3,_
25660,7973
44125,4562
44125,4563
44125,4639
MOO82,8628
MOO82,8345
MOO82,_
47010,_
51030,5719
51030,5759
48000,5423
49000,5299
48000,5411
48000,5299
29358,8192
29358,8396
20610,9353
29358,8191
29358,8394
27495,7815
42260,2182
17281,8630
17282,8630
93508,3639
93508,3721
NN185,_
53400,5849
52640,5749
54700,6100
54700,6200
54700,6392
35226,3959
35226,8628
11043,3959
35226,8345
31276,2219
31276,2241
31276,2242
06200,_
21627,7769
37060,7360
37060,7359
37060,_
68371,1044
27365,7769
26508,8219
55540,5390
55540,6310
27220,7905
46040,4912
29345,8309
29345,8345
11011,9353
29345,8302
29345,8628
63015,309
50065,5501
90935,6829
36834,3952
47425,5104
47425,5151
47425,5182
47425,5183
49585,5361
49561,5341
31640,3201
31500,9604
63001,309
88174,8838
88174,9199
58552,6563
58552,6871
68815,944
44151,4582
44151,4622
50605,5980
68520,960
44155,4582
44155,4620
44155,4869
34001,3802
34001,3805
34001,3891
52240,5732
52240,5749
52240,5831
33200,3774
33200,3780
37760,3880
37760,8669
93580,3552
93580,3591
30110,_
92990,3596
61546,124
99035,_
41005,2700
58805,6591
50240,5540
32095,3409
55550,5421
55550,6310
49322,5421
49322,5499
61250,124
31561,3029
50395,5980
28290,7759
28290,7798
36160,_
11012,7691
21172,7710
21172,8302
21172,8339
21172,8628
29405,7936
27792,9353
29405,7817
28140,7798
53410,5979
28100,7769
28062,8344
28060,8344
MCPNCP,9933
MCPNCP,_
38550,4029
11012,7934
26765,7710
26765,8302
26765,8339
NOSOCOMIAL,_
08092,_
30600,2182
49420,5419
69955,442
69955,450
69955,479
29879,8026
29881,8147
29879,8060
29881,8026
29879,8147
46916,4939
OO64,_
21470,7676
28208,8628
11043,8381
28208,8345
CR003,_
46288,4973
46288,8672
46285,4911
46285,4912
12047,8659
28200,8388
77401,9971
36430,_
77401,9903
20902,7800
NO83,_
66225,1285
61108,124
31365,3040
52281,5732
52281,5810
52281,5860
52281,8929
43202,4224
42806,2912
46220,4939
31577,9814
37070,7360
800Z2,_
61315,124
61315,125
33684,3503
33684,3572
NZ491,_
28805,7760
28805,8309
28805,8345
28805,9820
11012,8332
28805,7710
28805,8302
28805,8339
28805,8628
26765,8401
26952,7924
67412,1609
67412,1692
28450,7909
11403,8628
11043,8630
11403,8345
27335,8016
27335,8076
65130,1661
46260,9622
45303,4946
46260,4823
64859,430
12002,9357
16010,8659
76936,_
28112,7789
NSD0,8908
NSD0,9449
NSD0,_
000/3,_
23680,7931
44208,1739
44208,4594
44208,4610
47600,4590
44140,5122
47600,4572
52336,5522
52336,5620
52336,5631
52336,5732
52336,5980
42425,2632
42425,407
61321,124
61321,125
75960,3990
75960,8839
52005,5732
52005,5980
52005,8773
52005,9646
52005,9649
AO99,_
27607,7710
27509,7945
29075,9359
27509,9353
29075,7945
27509,9359
31800,3171
40808,2724
UOI,_
23660,7981
33030,3731
MO690,_
35860,3806
42900,2951
28008,8345
28120,7760
28120,8309
28120,8345
28120,9820
11012,7789
28120,7710
28120,8302
28120,8339
28120,8628
55600,7360
59409,6072
55600,7359
55600,6072
11721,8630
28570,7979
21445,7676
42950,2940
31237,2263
31254,2121
61140,113
61140,124
58300,7759
59612,6970
90935,4443
43255,3995
90935,4233
26785,7989
62230,242
26645,7903
35475,3950
28615,7989
25490,7813
25360,7733
15580,8660
15580,8345
25020,479
29085,8314
25020,460
29085,479
64721,8314
25020,9353
29085,460
44005,5423
44960,5459
44005,5411
44960,5423
49000,5459
44005,4709
44960,5411
58514,_
21040,7769
26776,7819
44605,4675
27511,7815
20680,7935
27511,294
27511,9788
20680,7815
27511,7935
27511,7860
54125,6430
49565,5351
49565,5361
55842,4010
55842,4029
55842,6050
27488,8006
27488,8456
65755,1164
27848,7989
54304,6442
43205,4233
62269,332
54600,6250
HH91,_
21025,7631
35456,3950
OOO9,7430
59121,_
OOO9,6602
OOO9,_
66505,1211
67110,1459
15350,8669
27472,7805
20663,294
20663,9788
56720,7011
63047,309
63047,7789
55101,6100
26608,7814
26125,8235
26125,8662
26125,8684
60200,631
48510,5201
NSD01,6639
58600,_
33523,3929
23330,7711
44188,4610
92982,8843
67900,836
49010,5411
49010,5423
52234,5732
52234,5749
52234,5831
26750,7904
66920,1319
27880,8309
27880,8345
27880,9820
11011,8415
27880,8302
27880,8339
27880,8628
27238,8628
11043,7905
27238,8345
26035,8209
11044,8382
15736,8345
44661,4562
44661,4579
44661,5760
44661,5783
27381,8364
27381,8381
61320,124
61320,125
RO2,_
35266,3957
24500,8345
62000,202
LMP5/2/2017,_
26735,8309
26735,9820
11012,7924
58800,6591
LMP5/3/2017,_
27405,8146
29884,8040
NSDOI,_
65093,1289
65280,1631
65093,1159
43634,4389
47300,5021
45563,4610
45563,4800
45563,4879
63271,340
24579,7931
61516,124
61516,125
31820,3172
51065,5719
51065,5995
DELIVERYT,_
54830,6330
50010,5423
49000,5501
50010,5411
50010,5501
52285,5732
52285,5749
52285,5791
52285,5810
52285,5839
52285,5850
52285,5860
65710,1162
65781,1689
43235,9804
29882,8147
29882,8192
29882,8396
20610,8147
29882,8191
29882,8394
NR433,6310
49495,_
NR433,5310
49500,_
NR433,5300
NR433,_
59409,8908
NSD01,9059
59409,9938
59400,_
59409,9449
NSD01,9938
59400,7360
59409,9059
90935,6813
58100,3995
90935,6711
26035,7760
26750,8302
26035,8339
26750,8345
26035,9820
26750,8209
11012,7904
26035,7710
26750,7760
26035,8309
26750,8339
26035,8628
26750,9820
11012,8209
26035,7904
26750,7710
26035,8302
26750,8309
26035,8345
26750,8628
67924,844
44005,4639
44130,5459
44005,4590
96440,3491
96440,9925
45235,4685
45378,_
45235,4525
45235,_
42120,2732
42235,2211
42120,2769
31237,8670
42235,2732
42120,2121
42235,2769
42120,8670
31237,2732
42235,2121
42120,2211
31237,2769
42235,8670
46200,4939
46255,4959
46200,4946
46255,4939
46200,4959
28476,7818
47800,5789
41108,2724
43639,4350
43639,4429
44340,4643
22800,8129
61520,125
43340,4254
62165,299
62165,763
93526,3723
67974,869
58562,9816
33405,3522
33405,3961
76086,8735
29826,8021
29826,8041
29826,8181
47371,5025
50340,5551
21070,7631
75978,3950
75978,8839
42104,2731
55812,4011
55812,4029
55812,6050
61450,125
61313,124
61313,125
42450,2630
26608,7760
26608,8309
26608,8345
26608,9820
11012,7814
26608,7710
26608,8302
26608,8339
26608,8628
23466,8196
44605,4610
25260,8628
11043,8388
25260,8345
22224,7739
22224,8051
65265,1402
59513,9933
27893,407
27893,8314
27893,8345
46760,4979
27780,8345
38720,4021
69642,1860
69642,1930
69642,1940
69642,2049
69642,2099
27766,7819
29425,7929
27766,9353
29425,7819
27766,7929
45308,4542
45308,4543
45308,4823
45308,4835
45308,4836
35656,3929
16040,8309
16040,8345
16040,9820
11011,8630
58150,5423
38770,6561
49000,6849
58150,4030
38770,5411
38770,6849
49000,4030
58150,5411
38770,5423
42830,2860
11752,7760
11752,8309
11752,8345
11752,9820
11012,8623
11752,7710
11752,8302
11752,8339
11752,8628
24101,8012
11000,8030
24101,8628
11000,8012
24101,8030
12004,8345
25270,8388
II9,_
ACUTEMYEL,_
27601,8314
EMPIRICMA,_
ANDPREVEN,_
UO4,_
11043,4912
46275,8345
45505,5421
62190,379
47715,5169
21215,7691
21215,7760
21215,8309
21215,8345
21215,9820
21215,7710
21215,8302
21215,8339
21215,8628
69643,1860
69643,1940
69643,2049
69643,2099
17000,8630
62142,207
27607,8628
11043,7710
27607,8345
ENDSTAGE,_
19361,8548
38745,8554
19220,8571
19361,4023
38745,8547
19361,8554
38745,8571
19220,4023
19361,8547
38745,8548
19220,8554
19361,8571
57135,7092
57265,7033
58270,7051
57135,7052
57265,6859
58270,7052
57135,6859
58270,7033
57135,7051
36488,5423
49000,3893
36488,5411
28292,7753
28292,7759
27606,8311
12013,9357
12013,8628
44227,4562
44227,4590
44227,4650
58262,6561
58262,6859
58545,6829
27759,7925
44005,8753
47610,5459
56700,7031
11000,4912
46270,8628
11000,4911
ROO1,_
21935,8382
59574,_
11000,8544
19240,8628
11000,8543
12001,8401
26952,8659
12001,407
44950,5459
58150,4709
44950,6849
44950,6561
45379,4513
44950,4610
44143,4709
44950,4575
36430,5423
49000,9903
27361,7936
27535,_
27361,7817
27361,_
40654,2759
50575,6639
58120,5521
58661,5620
58120,5732
58661,8773
58120,9649
58661,6909
50575,6561
58120,6639
58661,5521
58120,5631
58661,5732
58120,9645
58661,9649
50575,6909
58120,6561
58120,5620
58661,5631
58120,8773
58661,9645
16010,8309
16010,8345
16010,9820
11011,9357
16010,8302
16010,8339
27675,8388
61700,3951
32220,3451
50810,5671
41113,2510
41113,2559
61751,8703
61751,9230
22327,7929
22327,7989
67218,1427
54440,6498
44312,4641
61340,124
55500,6310
15738,8332
15738,8382
15738,8669
28262,8048
49583,5341
49583,5349
33822,3885
20816,8309
20816,8345
20816,9820
11011,8422
20816,8302
20816,8339
20816,8628
20816,8422
12037,8659
62140,206
20692,7760
20692,8309
20692,8345
20692,9820
11012,7810
20692,7710
20692,8302
20692,8339
20692,8628
OP800,_
54520,5310
49505,6230
54112,6420
54112,6449
44391,4522
44391,4543
47381,5023
49502,5300
49502,5310
49502,6310
25312,8375
25312,8381
29425,8036
68700,973
31032,2231
50234,5551
50234,5642
59350,6941
19350,8587
11000,5423
49000,8628
11000,5411
35251,3956
MM890,6639
58661,_
MM890,6561
MM890,_
63267,340
11012,9353
29345,7710
31254,2211
30115,2263
31090,2131
31237,2253
31256,2211
30115,2219
31090,2263
31237,2131
31254,2253
31256,2121
30115,2211
31090,2219
31254,2131
31256,2253
30115,2121
31090,2211
31256,2131
30115,2253
31090,2121
31256,2263
25525,8628
11043,7819
11043,7979
25525,8345
11043,7932
24342,8373
11000,8381
24342,8628
11000,8373
24342,8381
10060,8628
10060,8345
43227,4233
58700,6549
59120,6651
26060,8211
52601,5310
49525,5732
49525,5850
49525,6029
49525,6373
26685,7984
29075,7989
26685,9353
29075,7984
26685,7989
AAA,_
53430,5846
53430,5849
31526,3142
11011,7912
35840,3806
45541,4823
45317,4876
45541,4543
30020,2110
27604,8303
20670,7760
11012,7860
20670,7710
58150,9971
36430,6561
61305,124
61305,125
26230,7784
15100,8309
15100,8345
15100,9820
11011,8669
15100,8302
15100,8339
15100,8628
50630,5620
54150,6400
54150,9933
52320,5600
52320,5732
52320,5980
66220,1286
INTESTINAL,_
49080,5104
47480,5425
49080,5103
INFECTIOUS,_
43501,4441
43501,4449
19260,8571
19361,3440
11043,7934
49020,5423
49000,5419
49020,5411
49020,5419
IO064,_
11043,8623
27235,7936
27535,7905
27235,7817
98000,_
45300,4901
45300,4912
58660,6829
58558,5421
58660,6561
59120,6839
58180,6549
59120,6561
28022,8018
28022,8309
45320,4543
45380,4823
45320,4525
45380,4543
45320,4823
15757,8660
46735,4979
43631,4360
43249,4292
43249,4685
35013,3843
35013,3952
61500,125
61500,160
60500,689
35110,_
46261,4939
46261,4946
55840,6050
29445,9353
54328,5845
54328,5849
54328,6442
54328,8669
27626,8017
27626,8077
27626,8342
26433,8284
ZO800,_
ZO380,_
59402,_
90934,_
35558,3929
ICD10,_
52647,5732
52647,5810
52647,5850
52647,5860
52647,6021
52647,6094
52647,6373
52647,8929
31615,3321
29846,8083
29846,8175
55150,6130
61518,125
53010,5800
66625,1475
15934,8630
38220,9925
96450,4131
38220,331
46320,4946
KI090,_
44960,6551
58940,4709
44960,6539
24105,8350
46700,4979
54690,6230
31605,3110
26100,8014
26100,8033
11603,8630
42894,2999
11646,8630
40530,2743
29345,7936
27826,9353
29345,7817
31231,2211
31237,2103
30905,2211
31237,2102
31231,2103
30905,2121
31231,2102
15950,8630
15950,8659
CERVIXUTE,_
11011,7925
27506,8309
27506,8345
27506,9820
11011,7815
11011,8152
27506,8302
27506,8339
27506,8628
12004,7760
12004,8309
12004,9820
11012,8659
12004,7710
12004,8302
12004,8339
12004,8628
54620,5310
49520,6250
54620,5300
54620,6250
28002,8309
28002,8345
28002,9820
11011,8314
28002,8302
28002,8339
28002,8628
90935,5104
47480,3995
90935,5103
64727,449
29874,8026
65920,1671
41100,2752
41250,2501
41100,2551
49555,5329
49555,5339
62145,206
62145,292
45337,4524
45337,4685
23552,7771
23552,7981
15820,8382
15820,870
57522,6732
23700,8192
23700,8396
20610,9326
23700,8191
23700,8394
24200,9827
12046,8659
57556,7051
57556,7092
59403,_
08003,_
70392,_
45560,7052
OP8,_
37780,3889
66170,1371
66984,1264
57155,9925
96408,7091
77761,9925
96408,6999
62008,7499
06200,7499
62008,_
58550,6871
75665,8841
90953,_
90985,_
59514,6849
59514,6561
25628,7933
43632,4370
93651,3734
31527,2470
31527,3142
66991,1266
25622,7903
27295,8418
63282,340
61624,9929
20615,7840
MM65,8364
28270,_
MM65,8048
MM65,_
32124,3339
32220,3402
32124,3451
32220,3339
32124,3402
67115,1460
37201,3893
37201,9910
54520,5810
54520,5860
54520,6094
54520,8929
52601,6230
68811,943
43248,4292
43248,4685
23700,8041
26123,8235
26123,8662
26123,8684
33513,3614
23031,8303
45380,4594
44145,4525
45380,4579
44204,1739
44204,4590
24076,8339
43825,4400
43825,4439
OO800,_
22220,7739
22220,8051
31230,1651
31230,2220
67415,1622
67052,1370
67052,1474
49900,5461
21445,9820
11010,7676
21445,8628
27175,9344
27502,9346
27175,7905
27502,9344
27175,9346
UTERUS,6849
27892,407
27892,8314
27892,8345
44021,4502
54332,5845
54332,5849
27472,7925
12004,9357
17100,8630
60270,639
60270,650
28111,7751
21360,7672
LMP5/6/2017,_
27340,8350
23150,7762
26561,8670
26561,8685
27592,8417
27592,8345
ENDOMETRIU,_
44210,4581
44210,4620
11012,7936
27535,7710
27535,8302
27535,8339
27535,8628
34201,3806
34201,3808
34201,3891
60540,711
60540,729
60540,730
26951,8309
26951,9820
11012,407
44322,4525
44322,4610
69511,2042
20956,3999
20956,7809
67025,1371
66987,1471
12036,8659
24925,8407
24925,8430
61120,124
25920,8404
44310,4620
47350,5061
31500,9971
32020,9604
36430,3409
31500,9903
32020,9971
36430,9604
31500,3409
32020,9903
43415,4282
45121,4825
45121,4850
25415,7843
24575,7931
36430,6849
58150,9903
58120,9971
36430,6909
58120,9903
54530,5310
54530,5300
27756,7760
27756,8309
27756,8345
27756,9820
11012,7819
27756,7710
27756,8302
27756,8339
27756,8628
49562,4590
49562,5351
44120,5361
49562,4563
49562,5423
44120,5351
49000,5361
49562,4562
49562,5411
49000,5351
49562,5361
44340,4685
45378,4643
44340,4525
69505,2049
21465,7676
50400,5502
50400,5512
50400,5570
50400,5587
50400,5620
50400,5689
65110,1651
62161,127
62161,159
62161,299
21356,7672
53447,5893
45355,5361
44227,4522
49560,4562
45355,4590
47562,5294
43264,5123
47562,5188
44620,4685
44320,4650
45378,4610
44620,4525
44320,4685
45378,4650
44620,4610
44320,4525
38745,8544
19240,4023
38745,8543
III9,_
51595,4030
51595,5671
51595,5779
55530,5310
49505,6310
55530,5300
67320,1550
58561,9971
36430,6829
58561,9903
36781,3893
59408,7033
57135,_
NSD01,7033
59408,_
66987,1330
66984,1341
44145,5423
44950,4579
45300,4594
44145,4824
45300,5423
49000,4579
66821,1371
66987,1364
66821,1341
45303,4912
46262,4823
15260,8669
79440,_
45339,4524
45339,4542
45339,4543
32484,3239
19371,8521
69930,2049
69930,2096
45309,4542
45309,4543
45309,4823
45309,4835
45309,4836
69620,1940
02441,_
15920,8630
49180,5424
27822,7819
27822,9353
29405,7819
27822,7936
21044,7769
44005,5310
49505,5459
44005,5300
SOO,_
28005,7719
33533,3611
43638,4350
43638,4400
31051,2131
31051,2212
31051,2252
42106,2731
42106,2769
42106,2773
42106,2779
40520,2743
40520,2759
62146,204
62146,206
45130,4869
45130,4874
31595,403
42326,2649
28400,7760
28400,8309
28400,8345
28400,9820
28400,7710
28400,8302
28400,8339
28400,8628
25274,8388
25274,8628
25274,8345
54340,5845
CHEEKMUCO,_
40525,2743
40525,2759
61107,124
26591,8289
24670,7931
24546,7902
24670,7842
40150,5423
11000,_
40150,5411
40150,8628
40150,_
43632,5423
49000,4370
43632,5411
50722,5902
15945,7789
15945,8628
15945,8630
46320,4959
46080,4946
46260,4959
25270,8628
25270,8345
24006,8012
11000,8042
24006,8628
24006,8042
23935,7712
11000,7719
23935,8628
11000,7712
23935,7719
11000,8345
11000,9820
47100,5012
33025,3712
48153,5136
48153,5251
48153,5270
48153,5296
58145,6909
58145,9971
58120,6829
58145,9903
29058,9353
29058,9359
90935,8192
90935,8396
20610,3995
90935,8191
90935,8394
25101,8013
25101,8033
25101,9820
64832,8302
25248,430
64832,7702
64832,430
44206,1735
44206,4610
12017,8659
LO89,_
67923,843
68130,1031
67916,843
27435,8046
49520,6230
23491,7852
49080,5423
49000,5425
49080,5411
27052,8035
27502,7925
30560,2191
26765,7760
26765,8345
21336,2172
11010,8659
29065,7932
29065,8499
25526,9353
29065,7819
29065,7939
61582,124
26952,299
61582,7739
61582,8401
26952,124
61582,299
26952,7739
61582,407
11760,7760
11760,8309
11760,9820
11012,8689
11760,7710
11760,8302
11760,8339
LEIOMYOMA,6849
28119,7789
26756,9820
11010,7819
26756,8628
24435,7809
24435,7842
27610,7760
27610,8309
27610,8345
27610,9820
11012,8017
27610,7710
27610,8302
27610,8339
27610,8628
NASOPHARYN,_
25000,7760
25000,8309
25000,8345
25000,9820
11012,8301
25000,7710
25000,8302
25000,8339
25000,8628
BONEANDA,_
PREGNANCY,_
DELIVERED,7499
CEPHALIC,_
VIALTCS,7499
59513,_
PREGNANCY,7499
DELIVERED,_
CEPHALIC,7499
VIALTCS,_
26746,7923
26746,7933
32100,3328
32100,3402
32020,6849
44140,3409
58150,4572
32020,4590
44140,6561
58150,4590
32020,6561
44140,6849
58150,3409
32020,4572
11644,8630
44970,6551
58940,4701
44970,6539
AOIO,_
12047,8628
12047,8345
52277,5189
52277,3995
90935,5189
52277,5732
12345,8544
19240,_
12345,8543
12345,5310
49520,_
12345,5300
46940,4939
46940,9623
59812,9971
36430,6902
59812,9903
65432,_
27600,7760
27600,8309
27600,8345
27600,9820
11012,8314
27600,7710
27600,8302
27600,8339
27600,8628
27600,8314
35201,3959
59411,7360
59409,7252
59411,7359
23560,_
92981,8843
17280,8630
36450,7936
27530,9901
27535,7906
36450,7817
27530,7936
27535,9901
36450,7906
27530,7817
67971,869
27245,7935
47563,5122
44005,5123
47600,8753
47563,5459
47600,5123
44376,4514
11602,8630
50205,5524
49320,5423
49000,5421
49320,5411
27070,7785
20225,7789
27125,7745
27070,7749
20225,8152
27125,7785
27070,7789
27125,7749
27070,8152
20225,7785
27125,7789
27070,7745
35571,3929
27566,7796
27425,7929
27430,8049
27566,8386
27425,7796
27430,7929
27566,8049
27425,8386
27430,7796
27566,7929
27425,8049
27430,8386
58555,6829
54161,5310
49505,6400
54161,5300
33697,3581
46705,4979
45235,4542
45385,_
45235,4513
45235,4543
43235,_
45385,4513
45235,4523
57260,6859
47530,5198
22110,7769
26180,8342
27265,7975
31288,2219
31288,2252
31288,2264
NSD02,_
41116,2749
23670,7931
90935,5810
90935,5860
90935,6094
90935,8929
52601,3995
90935,5850
90935,6029
90935,6373
29305,9351
61680,3953
21032,2731
56620,7161
25272,8388
29020,9351
44603,4673
36430,7925
27506,9971
36430,7815
36430,8152
27506,9903
26600,8628
11043,7903
26600,8345
63016,309
29065,8345
46935,4949
65101,1649
47562,5310
49505,5123
47562,5300
55040,5310
55040,5300
27590,8345
25574,7933
26615,7932
25574,7923
54550,6200
28825,9820
11010,8411
28825,8628
28645,7989
28645,7760
28645,8309
28645,8345
28645,9820
28645,7710
28645,8302
28645,8339
28645,8628
27445,8154
45114,4590
45114,4869
90735,_
29875,8076
25574,8345
20240,7749
45915,9638
45915,9805
24640,7972
FULLTERM4,9933
APGARSCOR,9959
99432,_
FULLTERM4,9929
APGARSCOR,9933
FULLTERM4,_
APGARSCOR,9929
FULLTERM4,9959
APGARSCOR,_
NEONATALS,9933
EARLYONSE,9959
NEONATALS,9929
EARLYONSE,9933
NEONATALS,_
EARLYONSE,9929
NEONATALS,9959
EARLYONSE,_
93510,3961
33405,3722
93510,3522
41155,2530
41155,2749
41155,4040
41155,7631
27758,7760
27758,8309
27758,8345
27758,9820
27758,7710
27758,8302
27758,8339
27758,8628
44312,4685
45378,4641
44312,4525
40701,2754
32662,3430
24400,7732
24400,7911
26070,8013
37618,3880
54322,5845
54322,6400
54322,6442
67208,1422
OO828,_
31267,2219
31238,2119
31238,2262
31267,2100
31238,2220
46040,4542
38000,_
43250,4685
45378,4530
43250,4525
45378,4341
29889,8145
29889,8086
29889,8026
69670,2049
69644,1919
69670,1860
69670,1940
69670,1919
32150,3409
32150,3402
32150,3349
66987,1475
67051,1341
12021,_
74300,7360
59409,8754
74300,8766
29821,8086
29821,8026
29821,8145
29821,8071
44950,4461
43840,4709
44950,4442
23035,7711
50610,5731
20605,479
64721,8191
64721,8394
28126,7799
26130,8073
31750,3179
29375,_
11750,4341
11420,4530
43250,8623
11750,8630
11420,4233
11750,4530
11420,8623
43250,8630
11750,4233
11420,4341
50783,5674
11630,_
32400,3424
32551,_
10066,_
58120,5459
58150,6909
58120,6849
44005,6909
67025,1474
67040,1471
45330,4912
29870,8026
29876,8036
29870,8076
29876,8026
29870,8036
43220,4292
36561,_
11044,7989
12002,7760
26785,8345
36260,8606
55866,5421
55866,6050
51860,7051
57265,5781
51860,6859
51860,7052
58270,5781
51860,7092
EO42,_
38120,4150
93531,3723
46910,4939
52317,5810
52317,5860
52317,6094
52317,8929
52601,5700
52317,5732
52317,5850
52317,6029
52317,6373
57280,7077
15120,8669
75989,8839
33820,3885
29405,9357
16010,9353
29405,8628
44377,4514
12018,8659
50980,5600
50980,5631
50980,8773
50980,9646
50980,9649
62200,220
49580,5341
49580,5349
61343,125
61343,212
61343,309
33518,3929
28615,8628
11043,7989
28615,8345
46740,4899
46740,4979
59150,5421
59150,6601
60520,781
60520,782
38700,4029
27745,7819
49215,5440
58600,7071
57250,6639
58600,7052
27070,8628
26735,7710
26735,8302
26735,8339
24538,7760
24538,8309
24538,8345
24538,9820
11012,7852
24538,7710
24538,8302
24538,8339
24538,8628
11010,7936
75885,8864
66770,1241
32141,3221
32141,3409
50970,5631
50970,8773
50970,9646
50970,9649
61545,124
66500,1371
66982,1212
66500,1330
66500,1212
11044,7933
26615,7760
26615,8628
11044,7923
26615,8345
44960,9357
16010,4709
44960,8628
44110,4500
44110,4533
21154,7646
21154,7691
31086,2241
31086,7849
65865,1371
66987,1231
65865,1341
65865,1231
31535,2211
31237,3143
31535,2121
26992,7719
40845,2491
31000,2200
31000,2219
31238,2200
31000,2100
90937,_
24134,7702
24134,9357
16010,7702
24134,8628
50075,5631
50075,5980
52335,5501
50075,5522
50075,5732
24077,9357
24077,8628
15740,7760
15740,8309
15740,8345
15740,9820
11012,8670
15740,7710
15740,8302
15740,8339
15740,8628
15953,7789
15953,8628
15953,8630
27070,8345
11044,7789
27070,7760
11044,7785
16010,3991
27052,8031
23100,8035
27052,8011
11042,8382
28470,7760
28470,8309
28470,8345
28470,9820
11012,7907
28470,7710
28470,8302
28470,8339
28470,8628
11051,8630
TONGUE,_
BRAIN,_
44950,6551
12002,7933
26615,8659
12002,7923
29355,7760
29355,8309
29355,8345
29355,9820
29355,7710
29355,8302
29355,8339
29355,8628
28103,7769
28103,7809
11301,8609
63706,352
35141,3848
35141,3952
61793,9233
47760,5499
34688,_
64830,407
64830,479
64861,430
31520,3142
44202,4562
44202,4590
75954,3979
90935,8839
75954,3995
90935,3979
75954,8839
27550,7976
57415,9817
42500,2649
27540,353
27540,7939
OZ491,_
90935,8630
21462,8309
21462,8345
21462,9820
11011,7676
21462,8302
21462,8339
21462,8628
21462,7676
36488,5504
90935,5521
90935,1474
67040,3995
90935,1424
25575,8628
25575,8345
23550,7939
23515,7981
23550,7929
11011,8401
25028,8609
69405,2080
41130,2520
21930,8630
11400,8332
27619,8339
28045,8630
21930,8332
11400,8339
27619,8630
27766,8309
12044,8339
27766,8628
12044,9820
11011,7819
54550,5459
49507,6200
54550,5310
49507,5459
44005,6200
54550,5300
43820,4639
44130,4439
43820,4590
59600,6639
59600,_
37617,6561
58200,3880
37617,5459
44005,4011
37617,6849
44005,3880
58200,5459
37617,4011
37617,3880
48140,4150
48140,5253
43621,4399
60545,5440
60545,711
60545,729
60545,730
26686,7984
77432,_
26055,8192
26055,8396
20600,8301
26055,8191
26055,8394
35903,3868
11642,8630
03420,_
27435,7935
27511,8046
27435,7815
25695,7929
55845,4030
55845,6050
15220,8669
58660,5421
66982,1233
PYLORUSA,4542
PYLORUSA,_
61345,124
43219,4281
61563,160
61510,124
61510,125
27664,8364
46715,4979
46715,4999
43234,4542
40800,2792
45135,4869
45135,4874
43035,4685
43035,4525
43035,_
43217,4233
51535,5719
29035,9353
41000,2700
58960,6849
58150,5440
58960,6561
58150,5419
33430,3524
33430,3961
63012,309
63012,7769
ANCO2,_
66625,1459
67108,1214
66625,1449
42890,2933
90935,4029
90935,5641
50230,3995
90935,3807
90935,5551
24900,8407
NDS01,_
35082,3844
35082,3952
32215,3460
27884,8415
45333,4524
45333,4542
45333,4543
ZN185,_
35142,3848
35142,3952
42182,2761
26358,7809
26358,8345
28800,9971
36430,8412
28800,9903
25391,7803
25391,7833
23650,9359
29058,7971
23650,9353
49497,5300
49497,6310
26607,7913
49201,6849
58700,5440
58150,6651
49201,6561
58700,6849
49201,6651
58700,6561
28102,7769
28102,7809
35381,3818
15240,7760
15240,8309
15240,8345
15240,9820
11012,8669
15240,7710
15240,8302
15240,8339
15240,8628
25118,8073
50541,5534
AAAAA,_
30915,2104
27052,8321
27330,8035
27052,8016
43860,4389
43860,4450
49572,5359
49572,5369
20610,4685
45378,8191
45378,8394
27784,7817
27758,7926
27758,7817
27784,7926
CONNECTIVE,_
INCLUDING,_
47525,9705
55535,5310
55535,5300
19180,6561
62220,232
DIABETICG,_
29044,9353
28505,7939
24365,8185
47802,5137
63704,352
31032,2121
31237,2231
31032,2219
31032,2211
31254,2231
31032,2263
33641,3571
33641,3961
47741,4439
75716,8848
75716,8849
27217,7939
27216,7989
27217,7909
27216,7979
44211,4581
44211,4595
44211,4601
44211,4835
44211,4869
61020,102
33824,3885
54505,6212
26615,8309
26615,9820
11012,7923
58563,6849
58150,6823
58563,6561
CR028,_
27380,8364
41015,2700
NA105,_
40831,2752
25680,7909
28008,8628
11043,8314
25500,8345
49582,5341
49582,5349
29358,9820
11010,9353
29358,8628
46250,4912
23412,8041
23412,8363
67228,1474
67052,1425
67228,1370
36660,3891
42100,2722
63017,309
68325,1049
65155,1662
67015,1472
44020,4502
66185,1699
67314,1511
67228,1475
67051,1425
50135,5511
19366,8544
19240,8570
19366,8543
29825,8041
43378,_
HII40,_
29085,7760
29085,8309
29085,8345
29085,9820
29085,7710
29085,8302
29085,8339
29085,8628
59802,_
42215,2762
42205,2450
42205,2762
32035,3409
32035,7791
51720,9449
21355,7671
54160,6400
58740,6849
58150,6589
58740,6561
42808,2939
KC48,4685
KC48,4525
KC48,_
24430,7842
65850,1269
28820,7934
26735,8411
28820,7924
20970,3999
27535,8670
20970,7817
27724,7807
27724,7840
51570,5779
45562,4800
45562,4879
75945,29
66852,9821
65275,1342
32810,3472
27176,7955
27607,9357
16010,7710
52265,5732
52265,9625
37205,3990
23184,7762
11040,125
61312,8628
11040,124
47400,5000
47610,5159
47400,5122
32036,3409
29425,7760
29425,8309
29425,8345
29425,9820
29425,7710
29425,8302
29425,8339
29425,8628
27650,8345
28675,7989
28675,7760
28675,8309
28675,8345
28675,9820
28675,7710
28675,8302
28675,8339
28675,8628
11000,8314
37615,3880
CORNEALFO,_
OS,9821
65222,_
CORNEALFO,9821
OS,_
19035,_
25645,7929
26045,8212
26045,8662
90935,9933
47720,5132
62143,205
43234,5294
43264,4513
43234,5188
65235,1200
46742,4899
46742,4979
28485,8345
64782,407
31610,3129
ACUTELYMP,9971
ACUTELYMP,9903
ACUTELYMP,_
38115,4143
38115,4195
45910,9622
20680,7760
20680,8309
20680,9820
11012,294
11012,9788
20680,7710
20680,8302
20680,8339
20680,8628
67105,1455
10060,7760
10060,8309
10060,9820
11012,8604
10060,7710
10060,8302
10060,8339
36430,8628
11043,9971
58120,8345
11043,6909
36430,8345
58120,8628
11043,9903
36430,4685
45378,9903
32000,9604
36430,3491
32000,9971
31500,3491
32000,9903
36430,5810
36430,5860
36430,6094
36430,8929
52601,9903
44100,4527
11626,8630
TN083,_
64795,411
11043,9357
16010,5310
49520,8628
27556,7819
27556,7986
27427,8146
31287,2263
31237,2252
31255,2211
31287,2219
31237,2119
31255,2252
31287,2121
92995,66
27120,8140
40500,2743
75952,3971
75952,8839
32320,3459
43600,4414
22844,7859
32653,3409
67914,842
24498,7850
24498,7852
OOO1,_
99436,_
67912,889
29881,8192
29881,8396
20610,8060
29881,8191
29881,8394
30430,_
15756,8332
31600,8669
15756,3121
31600,8332
15756,8669
52000,5641
50220,5732
52000,5551
21422,7674
53850,6096
52204,5310
49505,5733
52204,5300
36568,125
61313,3893
36568,124
24515,8345
26727,7760
26727,8309
26727,8345
26727,9820
26727,7710
26727,8302
26727,8339
26727,8628
47780,5499
47715,8753
47780,5169
47605,5499
47715,5122
47780,8753
47605,5169
47715,5499
47780,5122
27580,8122
28406,7760
28406,8309
28406,8345
28406,9820
28406,7710
28406,8302
28406,8339
28406,8628
63020,309
63020,7789
63020,8051
44950,5751
51500,4709
44950,5349
31256,2252
31255,2241
31287,2242
31276,2119
31255,2219
31287,2252
31256,2242
46221,4685
43235,4945
46221,4525
45378,4945
46221,4513
54650,6250
52310,5980
52332,5700
75970,8839
75970,8939
58558,6639
58661,6816
58558,6561
58661,6829
46255,4912
46270,4946
46255,4911
19271,3440
19271,3479
19271,7791
26546,7804
26546,7844
26546,7854
SS28,_
12044,8628
12044,8345
31291,2219
31291,2290
OVARYNEO,6849
UNCERTAIN,_
64834,430
49566,5351
49566,5361
35161,3840
35161,3952
63005,309
26230,7860
25260,8309
25260,9820
11011,8388
25260,8302
25260,8339
28008,9357
52214,5732
52214,5749
52214,5831
52214,6029
66985,1371
66982,1372
66985,1330
25491,7813
OVERLAPPIN,_
66996,1266
32480,3249
74300,8754
28052,8018
27840,8192
27840,8396
20605,7977
27840,8191
27840,8394
25492,7760
25492,8309
25492,8345
25492,9820
11012,7813
25492,7710
25492,8302
25492,8339
25492,8628
46060,9971
36430,4873
36430,4911
36430,4993
46060,9903
36430,4901
36430,4912
16010,2103
30905,8628
66992,1240
66992,1266
21031,7620
44310,5423
49000,4620
44310,5411
46604,4921
46604,9623
44320,4590
44140,4610
44320,4572
27441,8076
27441,8086
27441,8147
25215,7784
17284,8630
17273,8630
27470,7845
27147,7739
27147,7985
43228,4233
43228,4685
43228,4525
67332,1590
66824,_
31256,2188
30520,2219
31256,2150
43450,4292
31020,2220
JO60,_
1I639,_
54640,6230
54535,6250
54640,5411
43832,9357
16010,4319
43832,8628
45402,1736
45402,4876
26565,7734
21337,2171
43235,4439
43825,4513
43235,4400
OZ380,9933
OZ380,_
31287,2241
31255,2242
31256,2241
SO990,_
SG14,_
75726,8840
HII0,1049
68320,_
HII0,1044
HII0,_
19120,8544
19240,8521
19120,8543
12510,_
36488,3491
90935,3893
32002,3995
36488,3404
90935,3491
32002,3893
36488,3995
90935,3404
MG283,_
38850,_
MS000,8570
MS000,8544
19366,_
MS000,8543
MS000,_
31276,2211
31237,2242
31276,2252
31287,2119
32032,_
88331,8546
19200,8908
29897,8087
43458,4292
93235,_
93235,4685
93235,4525
LC00,_
43621,9607
43241,4399
43621,4513
64727,8192
64727,8396
20610,449
64727,8191
64727,8394
23585,7929
27758,7939
23585,7936
27758,7929
23585,7939
49040,5419
NE106,_
44055,5423
49000,4680
44055,5411
44152,4582
44152,4595
44152,4601
44152,4835
CS19,_
31220,_
44320,5980
51045,4610
44320,5719
64736,403
20520,8309
21501,8339
20520,8628
21501,9820
11011,8604
21501,8309
20520,8345
21501,8628
20520,8604
21501,8302
20520,8339
21501,8345
20520,9820
52649,5310
52649,5300
47120,4639
44130,5022
47120,4590
26525,8099
CI89,9971
CI89,9903
CI89,_
53600,5631
53600,5732
56501,6829
67902,832
31090,2188
30520,2253
31090,2150
90935,8843
27227,7935
93581,3555
68362,1153
29405,7759
28715,7798
19201,9353
28296,8112
29405,_
28715,7738
19201,7759
19201,_
52330,5620
52330,5732
52330,5980
52000,5860
52000,5700
52000,8929
52281,5700
52000,5810
47510,5198
46255,9622
46255,4823
58180,4709
44005,6839
58180,5423
HOO1,_
58925,6849
58150,6529
58925,6561
23105,8011
23130,8071
29819,8181
23105,9820
23130,8011
29819,8071
23105,8181
23130,9820
29819,8011
23105,8071
23130,8181
29819,9820
44960,4590
44140,4709
44960,4572
SRD20,_
27823,7819
27823,8302
27823,8345
27823,7936
27823,7760
27823,8339
27823,9820
27758,7819
27823,7710
27823,8309
27823,8628
24115,7762
24515,7802
24115,7931
24515,7762
24115,7802
33300,3749
50947,8843
92982,8857
93556,5674
92982,5980
93556,66
50947,3956
92982,5731
93556,5980
50947,66
92982,3956
50947,8857
92982,5674
93556,5731
25310,8375
EOS,_
33535,3780
33200,3613
33535,3774
XA,_
27080,7789
31582,3110
31582,3169
92997,3950
21256,1663
21256,7739
11981,7860
11981,_
57288,5940
45315,4542
45315,4543
45315,4823
45315,4835
45315,4836
57000,7014
51525,5719
42220,2762
27175,7925
27506,9346
27175,7815
27175,8152
27506,9344
25620,7760
25620,8309
25620,8345
25620,9820
11012,7932
25620,7710
25620,8302
25620,8339
25620,8628
11011,8332
08089,_
49000,6529
58925,5423
58720,6529
58925,5411
46924,4939
12002,8388
25270,8659
12001,8388
44300,4610
50945,5620
21390,1689
21390,7679
WITHOTHER,_
27829,7936
27792,7859
27829,8199
27792,9359
27829,7817
27829,7859
27792,8199
27829,9359
TULEP,6097
53852,_
TULEP,6021
TULEP,_
29305,9346
27175,9351
29305,9344
43216,4233
90935,3942
36832,3995
90935,3800
11604,8630
26250,7764
CEPHALICV,_
25810,8073
25105,8126
25810,8013
25810,8126
61334,1609
61334,1610
25600,8628
11043,7902
25600,8345
27511,8628
27880,7815
11043,7935
27511,8415
27880,7935
11043,8415
27511,8345
11043,7815
69420,2211
31237,2009
50395,5620
96408,5631
50395,8773
96408,9645
59514,6551
58940,7499
59514,6539
29881,8086
29876,8060
29877,8076
29876,8086
29877,8060
29881,8076
31570,3100
67311,1511
12001,2181
12001,1840
12001,2751
12001,881
44005,5440
29888,8192
29876,8394
19367,8544
19240,8572
19367,8543
14021,8689
33411,3522
33411,3539
11730,8627
11720,8623
11765,8627
27134,70
19020,8628
11043,8500
19020,8345
19342,8553
19342,8554
63281,340
47900,5179
51020,5719
51020,5759
51020,9227
21160,7646
58300,_
NSD01,6970
69970,7769
31040,2290
35476,3950
43235,4590
49320,4513
44202,5300
43235,4562
49320,4590
49650,4513
44202,5421
43235,5300
49320,4562
49650,4590
44202,4513
43235,5421
49320,5300
49650,4562
CSO19,8544
MS800,_
25600,7949
47785,5499
66680,1289
65280,1239
66680,1159
45338,4524
45338,4542
45338,4543
44005,6589
58740,5459
LO29,_
50393,5980
58520,6941
59513,6949
58520,7499
59513,6941
58520,6949
66987,1490
67041,1341
NB185,_
NOV10,_
07020,7360
07020,7359
07020,_
IL635,4685
IL635,4525
IL635,_
63055,309
OO69,_
28496,7819
54385,5845
44373,4513
44373,4632
41007,2700
21454,7676
21454,7819
62005,202
51900,5784
44950,5310
49507,4709
44950,5300
43640,4401
45550,4576
45550,4875
27503,7905
32540,3440
26415,8171
26415,8233
11043,8382
15736,8628
11043,8332
11043,8669
27524,9820
27524,8628
29345,7925
32020,8628
11043,3409
32020,8345
64836,430
49570,5359
49570,5369
44140,4685
43235,4572
45378,4590
44140,4513
44140,4525
45378,4572
65091,1639
46270,4824
45300,4911
LMP06,_
92017,7499
LMP06,7499
92017,_
15936,8630
11044,4563
44120,8345
25530,7939
23515,7902
25530,7929
51050,5810
51050,5860
51050,6094
51050,8929
52601,5719
51050,5732
51050,5850
51050,6029
51050,6373
11000,9357
26418,7760
26418,8309
26418,8345
26418,9820
26418,7710
26418,8302
26418,8339
26418,8628
35820,3805
SKINOFOT,_
50070,5501
52606,6029
27625,8017
27625,8077
11000,7760
JJ10,_
50780,5674
32005,3491
32002,3492
32005,3404
NPC,_
AO10,_
26715,7922
26715,7989
57130,7033
26740,7904
56625,7150
50020,5501
50020,5511
11043,7810
11000,8403
26910,8628
43352,4211
43820,4685
58720,4439
43352,6561
45378,4211
43820,4525
58720,4685
43352,4439
45378,6561
43820,4211
58720,4525
43352,4685
45378,4439
43820,6561
58720,4211
43352,4525
62010,202
50500,5581
21344,7929
32650,3421
32650,3460
77419,_
47592,_
33222,3779
41520,2559
42361,5423
32020,_
42361,5411
42361,3409
42361,_
49255,5423
44602,5440
49000,4673
49255,5411
44602,5423
49000,5440
49255,4673
44602,5411
43330,4270
22842,7789
22851,8051
20950,7859
63030,8451
22842,_
22851,309
20950,7789
20950,_
50543,5540
ZZ370,_
69535,7639
P0000,9933
66840,1289
65285,1330
66840,1159
61548,768
35092,3844
35092,3846
35092,3952
27486,8155
52510,6095
58720,5440
11043,8411
93544,8842
58600,5423
49000,6639
58600,5411
27132,8153
88332,8908
88332,9199
19120,8554
19340,8521
19120,8553
42330,2600
69502,2041
43500,4300
44602,9803
43840,4673
43500,4442
44602,4461
43840,4300
43500,9803
43500,4461
44602,4300
43840,9803
43500,4673
44602,4442
67316,1530
29886,7719
39540,5380
44180,5423
32035,5451
39540,3409
49000,7791
44180,5380
32035,5411
39540,5423
49000,5451
44180,3409
36012,3893
45363,_
31255,2220
31276,2262
58660,6639
58661,5421
58120,6871
58552,6909
58120,6563
26055,479
64721,8301
26055,460
36488,4685
45378,3893
36488,4525
23801,9933
23801,_
CD402,_
75825,8851
75984,5512
75984,8839
45303,4993
46060,8628
55110,4823
46280,9622
11000,4873
45303,4901
46060,6100
55110,4911
11000,4993
45303,8628
46060,4823
55110,9622
46280,4873
11000,4901
45303,6100
55110,4912
46060,9622
55110,4873
46280,4901
11000,6100
45303,4911
55110,4993
46280,8628
11000,4823
55110,4901
46280,6100
55110,8628
46280,4823
11000,9622
45303,4873
58740,4709
44950,6589
52281,5310
49520,5732
49520,5860
36650,_
36650,7360
36650,7359
58550,6639
58661,6871
58550,6561
VC11G,_
64390,_
36500,_
38745,8541
19180,4023
38740,8541
1480\,_
32500,3420
32602,3249
32500,3320
32500,3249
47700,5012
47700,5149
47700,8753
66625,1179
65875,1214
66987,1233
65875,1179
66987,1214
65772,1233
66625,1341
65772,1214
66625,1233
65875,1341
96450,9903
27503,7860
27695,8364
49080,4461
43840,5425
49080,4442
75820,8867
26356,8309
26356,8345
26356,9820
11011,8251
41380,_
50236,5551
50236,5642
23532,7771
23532,7981
25316,8375
25316,8399
61458,125
SPC,_
27646,7767
49525,6230
26746,7760
26746,8628
26746,8345
69645,1860
69645,1940
69645,2042
69645,2099
45378,7360
59409,4525
43831,4319
MP01,_
50600,5620
54620,6270
54520,6250
54620,6230
25600,7935
27511,7902
25600,7815
32020,8309
32020,9820
11011,3409
32020,8302
32020,8339
24615,7932
24665,7982
24615,7783
28525,7760
28525,8309
28525,9820
11012,7938
28525,7710
28525,8302
28525,8339
28525,8628
27750,9820
11010,7906
27750,8628
27077,7769
27496,8314
54380,5845
36246,3891
41008,2700
59888,_
58400,6922
11000,9971
11000,9903
65920,1475
67025,1671
65920,1471
11010,8401
63075,309
63075,7769
63075,8051
59513,6840
59525,7499
59513,6839
44960,5310
49521,4709
44960,5300
44386,4514
COLONNEO,_
11043,7938
27331,8628
11043,8016
11043,9829
27331,8345
11043,8036
27520,8314
59409,9971
36430,7359
27840,7760
27840,8339
27840,9820
28470,7977
27840,7710
27840,8309
27840,8628
11012,7977
27840,7907
27840,8302
27840,8345
47125,5030
47125,8753
47610,5030
47125,5122
29075,7760
29075,8309
29075,8345
29075,9820
29075,7710
29075,8339
29075,8628
76940,_
61460,125
II19,_
34101,3803
34101,3805
34101,3891
44372,4513
44372,9608
29065,7760
29065,8309
29065,9820
29065,7710
29065,8302
29065,8339
29065,8628
15952,8630
21366,7672
21366,7809
66852,1289
65280,1342
50780,5423
44005,5674
50780,5411
44960,5674
50780,4709
49000,5674
50780,5459
49560,8382
47562,8669
15734,5351
39530,5380
43280,4467
27658,8364
11042,5361
49560,8628
11042,5351
46750,4542
31050,2212
30117,2252
31050,2131
30117,2212
31050,2252
52648,5732
52648,5810
52648,5850
52648,5860
52648,6029
52648,6094
52648,6373
52648,8929
44005,6529
47562,5459
36450,4709
58952,5123
44005,9901
44950,5440
47562,6529
36450,6561
58952,5459
44950,5123
47562,9901
36450,5440
47562,4709
36450,5123
58952,9901
47562,6561
36450,5459
58952,4709
44950,9901
47562,5440
36450,6529
15770,8669
58600,6839
58180,6639
58600,6561
27301,8309
27301,8345
27301,9820
11011,8303
27301,8302
27301,8339
27301,8628
93503,8964
23920,8408
27685,8385
90935,4685
45378,3995
90935,4525
90935,3952
35011,3995
90935,3843
36200,3891
50948,5674
30118,2131
43251,4542
45385,4341
30802,2188
31201,2132
30520,2169
30802,2263
31201,2150
30802,2132
31201,2169
30520,2263
30802,2150
31201,2188
30520,2132
30802,2169
31201,2263
50951,5631
50951,8773
50951,9646
50951,9649
59490,7360
59490,7359
59490,_
93660,8952
93660,8959
93660,8961
50546,5551
50546,5641
49651,5300
49651,5421
54600,6270
11011,8086
27441,8309
27441,8345
27441,9820
11011,8076
11011,8147
27441,8302
27441,8339
27441,8628
49521,6230
50957,5539
50957,5631
50957,5633
50957,8773
50957,9646
50957,9649
36987,_
31502,_
31502,3142
31527,_
31502,2470
CD61,_
32820,3479
52337,5810
52337,5860
52337,6094
52337,8929
52601,5522
52601,5631
49000,6859
58262,5411
33767,3921
28606,7818
49255,5310
49507,5440
49255,5300
38205,9979
59404,_
33535,8843
76355,8838
49322,5423
49420,5421
44970,5499
49322,4701
49420,5411
44970,5423
CC131,_
CGUMOOO1,_
44005,5151
47605,5459
47420,8753
44005,5104
47605,5151
47420,5122
47605,5104
47610,5151
47420,5459
47610,5104
36430,6839
58740,9903
58180,9971
36430,6589
58740,9971
58180,6589
58740,6839
58180,9903
CG10,_
67101,1452
43622,4399
33246,3795
33246,3797
33246,54
58600,6849
58150,6639
64890,479
64721,450
64890,460
64890,450
16025,_
70882,1454
67210,_
16025,1454
70882,_
68100,1021
45317,4946
46255,4543
75716,3808
27590,3891
34201,8848
27455,7737
27758,8147
27455,7936
27758,7737
27455,8147
99492,9933
99492,_
P0001,3491
32002,_
P0001,3404
500/3,_
OO21,_
44207,1739
44207,4594
23107,8011
57555,6740
58260,7050
57555,6859
58260,6740
57555,7050
27355,7762
ZE80,9933
ZE80,_
58940,5423
49000,6539
44140,5423
49000,4572
27705,7737
64898,7936
27535,450
64898,7817
64898,450
26951,7710
26951,8302
26951,8339
37700,3889
11043,8302
27310,9357
16040,8016
27310,8630
44604,4195
49000,4675
38115,5411
44604,5423
49000,4143
38115,5423
44604,4143
49000,4195
38115,4675
44604,5411
BENIGNLIP,_
FACEANDN,8630
11440,_
BENIGNLIP,8630
FACEANDN,_
43204,4233
49507,6230
PANCREAS,_
43235,9971
36430,4513
43235,9903
21141,7646
42000,2710
27720,7840
63046,309
63046,7789
28585,7989
0800O,_
46255,7052
20956,7925
27506,7809
20956,7815
20956,8152
27506,3999
21194,7643
21194,7662
21194,7691
27226,7935
27226,7925
62121,124
28297,7751
28297,7759
28297,7798
25260,7760
11012,8388
25260,7710
63045,309
63045,7789
21930,9357
21930,8628
77750,_
54641,_
50561,5521
50561,5600
50561,8773
50561,9645
50561,9649
21400,7678
46083,4949
49507,4851
45395,5300
69650,2263
31254,1900
69650,2219
69650,1900
36010,3893
58561,6816
58561,6909
58952,5980
52332,6529
29825,8181
29825,8021
26676,7814
26676,7974
47000,3491
47000,3404
23650,7933
26615,7971
23650,7923
75726,4685
45378,8840
75726,4525
50360,5569
29875,8394
45384,4513
45380,4523
45380,4513
45380,4542
54692,6250
37607,3953
53230,5839
52310,5719
51050,5700
30801,2132
30801,2169
55250,6373
17261,8630
44140,5459
44005,4572
43262,5294
43264,5185
43262,5188
57115,_
45111,4513
45378,4869
45111,4685
43235,4869
45111,4525
42310,8604
33645,3799
92987,3596
44800,4709
49000,4533
44800,5423
44960,4533
44800,5411
65450,1143
27428,8146
91105,9607
75827,8851
75827,8839
75978,8851
75827,3950
45380,4590
45380,4572
59000,_
32491,3221
32491,3249
36540,_
59411,8908
59411,9449
52214,5810
52214,5860
52214,6094
52214,8929
52601,5749
09072,_
LO38,_
66997,1269
66170,1266
66997,1264
31575,4040
38724,3142
31575,4021
66987,1269
66170,1341
91935,_
39501,3482
58720,9971
36430,4709
58720,9903
44950,9971
58720,4709
44950,9903
52310,9851
50590,5700
23043,_
MCP01,6970
23043,6970
49000,6769
59513,5411
57720,5423
49000,7499
59513,6761
59513,5423
57720,7499
49000,6761
59513,6769
57720,5411
47562,5850
52270,5123
47562,5732
54435,6498
NCP01,_
NCP01,9933
58559,9971
36430,5459
58559,9903
67924,8671
58672,5421
58662,6679
58672,6816
58662,6829
JH250,1371
66987,_
JH250,1341
JH250,_
79445,_
66940,1289
65280,1359
66940,1159
50220,5810
44005,5860
44005,5641
52281,5459
44005,5810
50220,8929
44005,5551
52281,5641
50220,5459
44005,5732
50220,5860
44005,8929
52281,5551
66940,9821
65275,1359
66940,1151
64734,403
90935,5151
47420,3995
28234,8313
28175,7789
15750,8670
65135,1661
29450,9933
22852,7869
40702,2754
59813,_
25370,7733
NSD01,6849
58150,_
NSD01,6561
20690,7760
20690,8309
20690,8345
20690,7710
20690,8302
20690,8339
50557,5501
50557,5521
50557,5523
50557,5539
50557,8773
50557,9645
50557,9649
35800,3802
89037,_
23931,8303
46761,4979
22802,8129
11000,8753
47610,8628
11000,5122
61600,160
21620,7789
26991,8115
10120,8628
11043,8605
10120,8345
57700,6751
51892,_
41252,2551
41252,2752
22841,7859
25575,8309
12006,8339
25575,9820
12006,7932
47136,5059
47136,92
47136,93
93602,3726
49420,5423
21335,2172
11012,7933
26615,7710
26615,8302
26615,8339
27524,8036
21365,8345
11044,7859
21365,7760
21365,8628
11044,7672
21150,7691
21172,7646
21150,1689
21150,7646
55120,9824
34421,3807
90935,3809
34421,3893
UNSPECIFIE,8511
58120,6813
58100,6909
58120,6711
82318,_
55000,6191
55000,9929
15120,8339
15120,9820
15120,8309
15120,8628
11000,8669
15120,8302
15120,8345
17200,8630
58267,5950
58267,5960
58267,6859
53240,5839
33015,3712
27218,7939
27226,8989
27218,7935
27226,7939
27218,8989
12013,9820
29065,7911
24400,9353
29065,7732
58700,4610
44143,6651
58700,4575
OL031,_
59140,7430
11624,8630
46275,4525
45330,4911
BN138,_
16020,_
75635,8848
45330,4901
46080,4911
45330,4993
46080,4525
46060,4959
45330,4873
46080,4901
46080,4993
46060,4525
45330,4959
46080,4873
46080,4912
49587,5459
44005,5349
49255,5459
44005,5341
59820,_
59820,6829
11306,407
42415,8609
11306,2929
29875,8147
29882,8060
29876,8147
29875,8060
29882,8076
P0000,9971
P0000,9903
50590,3491
32002,9851
50590,3404
31255,2121
31287,2211
31256,2119
43268,5294
43264,5293
43268,5188
31526,2211
69436,3142
31237,2001
31526,2121
69436,2211
31237,3142
31526,2001
69436,2121
58152,6589
58925,5950
58925,6589
58152,6529
58740,5950
50590,5850
52270,9851
99430,9933
99430,_
24831,7760
26356,8302
26756,8309
24831,8345
26356,8628
11012,_
24831,8251
16000,_
17311,_
17312,8659
12044,_
17311,8659
17312,_
61591,2049
61591,299
61790,9230
31255,2150
29879,8076
29875,8026
20986,_
44950,9357
44950,8628
49000,4594
44145,5411
15574,8345
27450,7735
27450,7855
58558,6813
58100,6816
58558,6711
58100,6829
26412,8286
26412,8381
43605,4415
52332,5600
52332,5522
52332,5631
59514,6840
59514,6839
31300,3009
31300,3130
66985,1269
27550,8192
27550,8396
20610,7976
27550,8191
27550,8394
76932,_
31580,3169
19180,6849
15734,8541
58150,8332
19180,8382
65815,1289
12052,1291
65285,1292
65815,1840
65285,2751
65815,8659
65815,1159
49321,5424
WK810,8753
49321,_
47610,5424
WK810,5122
49321,8753
47610,_
WK810,5424
49321,5122
WK810,_
67039,1371
66982,1424
58700,6551
44005,6651
58940,5459
58700,6539
44005,6551
58940,6651
58700,5459
44005,6539
29885,7719
29875,8086
29885,8147
30520,2211
30802,2119
31255,2132
31256,2169
30802,2121
31255,2188
31255,2169
30802,2211
31237,2150
30802,2219
31237,2132
31237,2188
30520,2119
31237,2169
30520,2121
31256,2132
43237,_
47600,5423
43820,5122
48100,4439
49000,5212
47600,5411
43820,5423
48100,5122
49000,4439
47600,5212
43820,5411
48100,5423
49000,5122
47600,4439
43820,5212
48100,5411
46050,9622
46050,4823
67010,1371
66984,1471
67010,1330
38221,_
28445,7939
21556,2211
31237,8332
21556,2121
29089,7760
26720,8302
29089,8339
26720,8345
29089,9820
26720,_
29089,7710
26720,7760
29089,8309
26720,8339
29089,8628
26720,9820
29089,7904
26720,7710
29089,8302
26720,8309
29089,8345
26720,8628
29089,_
43846,4439
43846,4495
43215,9814
31530,9802
43215,3142
63157,_
58180,5459
21348,7809
21348,7929
52204,5749
52204,6029
52214,5733
52204,5732
52204,5831
57282,7052
57282,7077
30460,2186
75625,8842
52400,_
70390,8709
58672,6639
58662,5421
58672,6679
RCS,_
25574,7949
XA,7929
27766,_
XA,7819
29876,8192
29874,8394
33206,3776
33206,3780
49180,5423
49180,6551
EII9,_
52330,6849
58150,5620
58150,5980
52330,6561
58150,5732
27030,8015
35001,3842
35001,3845
35001,3952
27750,7760
27750,8309
11012,7906
27750,7710
27750,8302
27750,8339
23520,7760
23520,8309
23520,8345
23520,9820
11012,7971
23520,7710
23520,8302
23520,8339
23520,8628
21198,7664
27365,9357
16010,7769
27365,8628
43045,9802
41251,2551
42505,2649
40840,2491
44005,9971
44005,9903
69440,2023
11000,2181
11000,8659
09276,_
25206,1364
66821,_
09276,1364
25206,_
LMP6/3/2017,_
52240,5995
51065,5732
51065,5831
52240,5719
51065,5749
52332,6849
26445,8211
29075,8391
11043,9353
26410,8345
26445,8628
29075,8286
11043,8211
26410,8391
26445,9353
27846,7989
27846,8199
99501,9052
P0000,9092
99501,_
P0000,9052
99501,9092
11043,6100
55110,8345
21315,8628
11043,2171
21315,8345
30320,2110
SO18,_
16010,8047
11000,8385
27612,8628
11000,8017
16010,8385
27612,9357
16010,8017
21029,7639
12020,_
NSD01,7759
59612,_
HIGHRISK,8152
ANDPREVEN,8152
27125,_
COMMUNITY,8152
EMPIRICMA,8152
26034,8403
26910,7719
26034,8401
11042,7933
11042,7923
49558,5329
49558,5339
47721,4439
47721,5132
47400,5159
31635,3323
31635,9815
47552,8753
47610,5112
45123,4869
65426,1371
66987,1132
65426,1341
33975,3766
23332,7711
12002,7925
28485,7760
28485,8309
28485,9820
11012,7937
28485,7710
28485,8302
28485,8339
28485,8628
26432,7859
11042,8284
26432,8628
11042,7859
26432,8284
22214,7739
58300,6840
59525,6970
58300,6839
46610,4921
46610,4931
14041,7760
14041,8309
14041,8345
14041,9820
14041,7710
14041,8302
14041,8339
14041,8628
29010,9351
20692,7925
27724,9820
11010,7807
31360,3030
58120,6816
47600,4685
45378,5122
47600,4525
27165,7735
27165,7855
58100,6849
58150,6711
29862,8060
29876,_
29862,8086
29877,_
29862,8026
29881,_
29862,8076
29862,_
40378,_
31531,3142
31531,9814
26593,8219
58925,6551
58940,6529
58925,6539
46270,4959
67036,1475
67036,1471
35650,3929
75630,8842
11011,4912
46275,8302
46275,8339
46275,8628
42335,4685
42335,4525
42335,_
11755,8611
59514,9933
37181,3910
AS9,_
27446,8147
32655,3221
IS42,4685
IS42,4525
IS42,_
59410,_
23420,8363
49505,5440
58600,8908
58600,9938
58600,9449
59400,6639
58600,9059
06010,7360
06010,7359
06010,_
63287,340
38220,8192
38220,8396
20600,4131
38220,8191
38220,8394
OO34,_
58220,_
59919,_
58940,5361
49561,6551
58940,5351
49561,6539
88331,8908
45100,9199
44141,4923
88331,4572
45100,4610
44141,8908
88331,4610
45100,8908
44141,9199
88331,4923
45100,4572
59959,_
49220,5419
29885,8026
29885,8086
DC,_
20802,8424
93619,3726
33476,3510
33476,3735
59812,8908
59812,9449
CE59,_
44005,6871
58552,5459
44005,6563
75660,8841
69604,1940
69604,2092
CS39,_
69120,1839
26561,8684
26597,8685
18001,_
MS600,_
32663,3241
MS500,_
33120,3733
33120,3961
52224,5732
52224,5733
52224,5823
52224,5831
59800,_
NI89,_
58120,7021
57454,6909
58120,6712
25135,7764
25135,7804
EO59,_
RO982,_
PO25,_
66721,_
15576,8309
15576,8345
15576,9820
11011,8670
15576,8302
15576,8339
15576,8628
ZO800,7360
ZO800,7359
22850,7869
15650,8674
64893,450
64893,8628
11043,450
64893,8345
66987,1264
25560,7979
11012,2181
12052,7760
12052,8309
12052,8345
12052,9820
11012,1840
11012,2751
11012,881
12052,7710
12052,8302
12052,8339
12052,8628
53665,5860
26641,7974
55540,5300
44380,4514
43420,4283
23500,7760
23500,8309
23500,8345
23500,9820
23500,7710
23500,8302
23500,8339
23500,8628
58240,4610
58240,4850
58240,5671
58240,5760
58240,6561
58240,6849
58240,6880
27888,407
27888,8414
26011,8628
11043,7719
26011,8345
11043,7925
11043,8152
35321,3813
63011,309
64809,523
37650,3889
21150,7939
23515,7646
21150,7929
22846,7859
44160,5459
58150,4562
44005,4579
11011,7760
49585,4912
46280,5349
49585,4911
49585,4993
46280,5341
90935,6561
11040,7939
27540,8628
11040,353
MCP01,9092
MCP01,9052
24600,7939
12014,7972
23515,8659
24600,7929
12014,7939
23515,7972
24600,8659
12014,7929
27882,8415
43633,4370
49000,5310
49507,5423
49000,5300
49507,5411
23450,8182
20655,_
20655,8192
20655,8396
20600,_
20655,8191
20655,8394
13235,4542
13235,_
57460,6739
57460,7021
11011,8286
26356,8339
31571,3100
31628,3327
52332,9646
52332,8773
52332,9649
43251,4685
43251,4525
33261,3733
33261,3961
75650,8841
47120,5423
22112,5022
49000,7769
47120,5411
22112,5423
49000,5022
47120,7769
22112,5411
22112,7769
11080,_
41805,2499
49255,5419
45376,4685
45376,4525
45376,_
26105,8014
26615,8034
26410,7923
26105,8286
26410,8014
29075,8034
26105,7923
74328,5187
26706,7819
26541,8172
26706,8381
26541,7819
26706,8172
26541,8381
60772,1371
60772,1341
60772,_
29884,8086
29881,8040
29884,8026
29875,8040
29884,8076
29877,8040
29884,8060
HO51,_
58820,6591
20680,8154
27447,294
27447,9788
20680,8147
27447,7860
57250,7360
59409,7052
57500,6829
26410,8034
26055,8286
26105,8301
26055,8034
26410,8301
26055,8014
26105,8034
35507,3922
25151,7783
25151,7760
25151,8309
25151,8345
25151,9820
11012,7783
25151,7710
25151,8302
25151,8339
25151,8628
50590,6097
53852,9851
50590,6021
50610,5600
50610,5732
21387,7679
57284,7079
49420,5498
90945,5419
49420,3995
20670,9357
16010,7860
43832,5361
49560,4319
43832,5351
52332,5504
50081,5732
52332,5503
52332,5521
45112,4840
45112,4850
63030,8345
28035,444
36150,_
62192,371
59460,_
47554,5151
47612,5188
47564,5136
47554,5459
47612,5123
47564,5188
47554,5122
46945,4945
66487,_
IF39,_
57500,7021
43232,4685
43232,4525
43232,_
20680,8381
27381,294
27381,9788
20680,8364
27381,7860
43232,4542
64837,430
EC42,_
52000,5620
52000,5522
52000,5631
52000,5980
62700,_
31600,5294
43264,3121
31600,5188
47370,5025
44180,5349
47370,5451
49588,5025
44180,5341
47370,5349
49588,5451
44180,5025
47370,5341
43621,5423
47600,4399
43621,5411
49000,4399
43621,5122
23420,8041
33924,3799
31238,2121
45160,4835
31276,2263
31276,2121
31237,2241
32656,3459
47562,5349
49585,5123
47562,5341
94450,_
69632,1930
69632,1940
52250,5732
52250,5733
52250,5823
52250,9227
66172,1371
66982,1264
66982,9928
66172,1330
66982,1269
52235,5810
52235,5860
52235,6094
52235,8929
36568,9933
90935,3721
93508,3995
90935,3639
27258,7985
27258,8152
31500,9933
94610,9959
36568,9604
31500,3893
94610,9929
94610,_
31717,3324
32020,9605
32005,3409
31717,3492
32020,3324
32005,9605
31717,3409
32020,3492
32005,3324
31717,9605
67046,1474
67046,1490
17270,8630
27187,7855
OO20,_
46716,4979
46716,4999
11044,7851
23480,7760
23480,8628
11044,7731
23480,8345
11043,8609
11044,7939
23515,7760
11044,7929
23515,8345
15738,8628
15738,8345
31631,3199
31631,3323
30140,2161
30140,2169
49610,5349
27514,8036
27514,8016
27514,9829
27331,7815
27690,8375
DIABETESM,_
37700,8344
37700,8669
LO24,_
20680,9357
16010,294
16010,9788
52000,5850
50953,5631
50953,5980
50953,8773
50953,9646
50953,9649
NEWBORNCA,9933
NEWBORNCA,_
15738,9820
28450,8332
28208,8382
11010,8669
15738,7909
28450,8381
28450,8382
28208,8669
11010,7909
15738,8381
28450,8628
28208,9820
11010,8332
28450,8669
28208,7909
11010,8381
28450,9820
28208,8332
11010,8382
28415,8382
27650,8669
29405,7939
15738,8388
28415,9353
27650,8332
29405,8382
34471,3805
34471,3893
BW235,_
LIVE,_
TERM,_
BABYGIRL,_
AS89,_
KG,_
58925,9971
58140,6529
58925,9903
58140,9971
36430,6529
58925,6829
58140,9903
53605,5860
53605,5749
75902,8839
90935,9820
75902,3995
75902,9820
49000,4461
43840,5423
36488,4442
43840,3893
49000,4442
36488,4461
43840,5411
DB659,_
26735,8403
26910,7924
ESRDSECON,_
12013,2181
41850,8659
12013,2450
41874,2440
41850,1840
12013,2751
41850,881
12051,2450
12013,2440
41850,2181
41850,2450
12051,2440
12013,1840
41850,2751
12013,881
45150,4891
27524,7760
27524,8309
27524,8345
27524,7710
27524,8302
27524,8339
11010,3409
12002,9820
49600,5349
96567,9983
96567,9933
35206,8286
35206,8628
26350,3959
35206,8345
45375,_
31528,3142
31528,3198
92980,8843
36825,3995
36430,3993
36825,9971
90935,3993
36825,9903
43107,4242
43107,4262
90935,5980
52332,3995
23246,_
23455,8071
23246,8182
23105,_
23455,8011
23246,8071
23105,8182
23455,_
23246,8011
46250,4685
45378,4959
46250,4525
46080,4685
45378,4946
46250,4959
64831,430
49080,4341
47000,5425
43244,_
49080,4233
47000,4341
43244,5425
49080,_
47000,4233
93514,3722
41009,2700
47125,5423
47785,5030
49000,5499
47125,5411
47785,5423
49000,5030
47125,5499
47785,5411
76942,9971
76942,9903
JO40,_
32651,3252
32602,3421
32651,3320
31030,2220
93530,3721
27591,8345
27591,8417
33406,3521
33406,3961
65930,1291
99432,7360
59409,9929
59409,9959
99432,7359
59409,9933
27259,7825
27259,7985
27259,8152
51980,5721
52300,5641
52300,5732
75685,8841
66994,1266
66994,1289
26140,8074
65750,1164
22630,8129
35371,3818
33647,3571
33647,3572
27457,7737
99436,9933
54152,9933
57135,7071
52000,7033
57250,5732
52000,7071
57250,7033
57135,5732
52000,7052
55859,5732
55859,6099
32310,3459
33877,3954
33877,3961
93520,_
63702,351
77306,_
53235,5839
26502,8271
26426,8286
65870,1232
59411,7759
59612,7252
52335,5600
58345,6849
58150,6999
94160,_
63085,309
63085,8099
36660,9959
99432,9604
31500,3891
36660,9929
31500,9959
36660,9604
99432,3891
31500,9929
36660,9933
MPC01,_
01312,_
22325,7929
22325,7989
15576,7760
15576,7710
25355,7733
27310,7925
96408,6849
58150,9925
96408,6561
37600,3882
24100,8012
24100,8321
44025,4503
27380,8628
11043,8364
27380,8345
27360,8345
25620,7935
27514,7932
25620,7815
27759,7760
27759,8309
27759,8345
27759,9820
27759,7710
27759,8302
27759,8339
27759,8628
27650,7760
27650,8309
27650,9820
27650,7710
27650,8302
27650,8339
27650,8628
27880,9357
16010,8415
OO600,_
54840,6320
54840,6340
54300,6442
27709,7737
27709,7926
11010,8689
27590,8630
15920,8417
27590,8628
27590,8659
11000,8417
15920,8628
27590,7789
CKDST5,_
27507,7855
27450,7935
27507,7735
50225,5551
50225,5641
28150,7760
28150,8309
28150,8345
28150,9820
28150,7710
28150,8302
28150,8339
28150,8628
25545,7933
25545,7923
26075,8014
11000,8382
40844,8669
40650,8628
15732,2491
11000,2759
40844,8332
40650,8382
40844,2491
35860,8628
37618,3806
11043,3880
35860,8345
37618,8628
11043,3806
35860,3880
37618,8345
49900,4563
49600,9933
59411,5423
49000,7252
59411,5411
11044,7936
27535,7760
11044,7817
27535,8345
27520,7935
27513,7909
27520,7815
29365,7939
27540,9353
29365,353
74340,9608
27652,8149
27652,8388
49425,5494
25670,7973
25670,8345
19180,8544
19240,8541
19180,8543
41830,7769
21041,8659
12014,2450
41850,7769
41830,8659
21041,2450
12014,2440
41874,7769
21041,2440
12014,7769
41830,2440
30130,2231
31254,2161
31240,2263
30130,2211
31256,2161
31032,2169
30130,2121
31256,2231
31240,2161
31240,2231
31237,2161
30130,2263
31254,2169
31240,2211
31032,2161
30130,2219
31240,2121
23465,8196
26607,7760
26607,8309
26607,8345
26607,9820
11012,7913
26607,7710
26607,8302
26607,8339
26607,8628
75982,5159
75982,8839
52010,5732
52010,8799
52010,9649
50010,4590
44140,5501
50010,4572
19361,8546
19200,8554
27442,8147
27409,8146
43351,4219
54901,6383
GASTROENTE,_
NOSWITH,_
11000,7949
42227,2762
42227,8670
61543,124
52340,5732
52340,5800
52340,5831
61583,124
61583,153
61583,299
61583,7739
25574,7760
25574,8309
25574,9820
25574,7710
25574,8302
25574,8339
25574,8628
11000,5310
49521,8628
11000,5300
11012,7925
27506,7760
11012,7815
11012,8152
27506,7710
27524,7931
24546,7936
27524,7842
49050,_
ZZ379,_
37184,3800
37184,3929
37184,3974
37184,8840
37184,9910
42125,_
42825,2169
42125,2820
30801,_
42825,2132
42125,2169
30801,2820
42825,_
42125,2132
27635,7767
27635,7936
27535,7767
27635,7817
63035,7789
63035,_
27425,8147
29874,8049
37204,5423
47600,3880
47100,5122
49000,5012
37204,5411
47100,3880
37204,5012
47100,5423
49000,3880
37204,5122
47600,5012
47100,5411
67700,2188
30520,809
67700,2150
49505,5850
52276,5300
JJ960,_
63044,_
22633,8451
22851,7809
20936,_
63044,8451
22633,7809
22851,_
20936,8451
63044,7809
22633,_
20936,7809
22840,7859
20938,7769
22800,7809
22840,8129
63012,7859
20938,309
22800,7769
22840,7809
63012,8129
20938,7859
22800,309
22840,7769
63012,7809
20938,8129
22800,7859
22840,309
20938,7809
69310,2049
69310,2099
69641,1919
26072,7932
26072,_
67025,1341
67040,1371
58512,7360
58512,7359
58512,_
34451,3807
34451,3809
34451,3893
29823,8041
29823,8082
29832,_
29832,8076
29832,8086
29832,8026
41870,2420
29886,8147
29879,7719
29886,8026
33250,3733
43226,4292
33216,3420
32602,3776
33216,3320
33216,3776
93529,3723
63278,340
48001,4319
48001,4639
48001,5103
48001,5299
52283,5732
52283,9923
38220,9971
36430,4131
38220,9903
66150,1261
33519,3929
67586,1044
67586,1049
67586,1662
67586,1664
47130,5030
21407,1669
21360,7679
21407,7672
21360,1669
21407,7679
33750,3900
61535,124
19272,3440
19272,3479
19272,4029
19272,7791
27066,7769
27066,7809
44143,6561
51550,6849
58200,4575
12045,8659
26706,8345
46396,_
HS98,1049
HS98,1664
67586,_
HS98,1044
HS98,1662
HS98,_
50715,5902
25020,7760
25020,8309
25020,8345
25020,9820
25020,7710
25020,8302
25020,8339
25405,7809
22212,7739
20250,7749
EO41,_
MS010,_
93660,9971
49080,8952
36430,8959
44850,5475
64714,479
49925,_
41153,2530
41153,2749
41153,4040
27607,8036
45318,4912
46270,_
45318,4911
45318,_
62120,212
69436,2080
69421,2001
69436,2009
43239,4543
45382,4514
43239,4523
13440,_
29882,8145
29888,8076
29876,8145
29888,8147
29875,8145
19366,8554
19340,8570
19366,8553
10140,7360
59409,8604
10140,7359
58600,6589
36430,6639
58600,9971
58740,6639
58600,9903
56501,4901
56501,4993
46255,7180
46060,4946
56501,4873
46255,4901
56501,4912
46255,4993
46060,7180
56501,4946
46255,4873
56501,4911
38380,4064
NAD01,_
27752,8628
11043,7906
27752,8345
NO8,_
24665,9353
29065,7783
21196,7643
21196,7859
54135,4030
54135,6430
11043,2181
12051,8628
11043,1840
11043,2751
11043,881
12051,8345
27766,8077
28200,7819
27625,7929
27766,8388
28200,8017
28200,7929
27625,8388
27766,8017
28200,8077
27625,7819
50590,9646
BLADDER,_
24152,7763
26418,8382
15736,8286
15736,8302
24495,3803
24515,8314
11012,7931
24495,7710
24515,7760
24495,8309
24515,8339
24495,8628
24515,9820
11012,3803
24495,8314
24495,7760
24515,8302
24495,8339
24495,9820
24515,3803
24495,7931
24515,7710
24495,8302
24515,8309
24495,8345
24515,8628
28070,8078
28805,9357
16010,8332
HODGKINS,_
12042,7760
12042,8309
12042,9820
12042,7710
12042,8302
12042,8339
38100,5423
49000,4150
38100,5411
31584,3164
31584,3169
69505,1940
69505,1860
69505,2099
39541,5380
34510,3999
27502,5423
49000,7905
27502,5411
47630,5198
27557,7819
27557,7986
27557,8146
54640,6270
23220,7762
25685,7929
24360,8185
28735,7738
28735,8114
29425,7860
25105,8345
11044,8073
25105,7760
11044,8013
11043,7936
OO609,_
SO600,_
27502,8628
27502,8345
21360,8628
11043,7672
21360,8345
54308,5849
67051,1471
63030,7769
63012,8051
63030,7859
22842,309
22842,8051
22842,7769
63012,7789
66982,1341
19182,8554
38525,8534
19340,4011
19182,8553
38525,8554
19340,8534
19182,4011
38525,8553
44143,5423
49000,4575
29870,8060
29877,8036
29870,8086
29881,8036
93556,3961
33430,3956
33430,8857
93556,3524
33430,8843
65426,1049
68320,1132
65426,1044
50075,8773
36488,9971
32020,3893
36488,9903
36430,3893
36488,3409
44210,5423
49000,4581
58263,7052
57260,6561
57260,7092
58263,7051
27792,7925
27759,8152
27506,7817
27759,7815
27792,8152
27759,7817
27506,7936
27792,7815
36590,_
59151,5423
49000,6909
59151,5411
58120,5423
49000,6563
59151,6909
58120,5411
44021,5459
44950,4502
49080,4709
44021,6849
49080,4502
44005,5425
44021,6561
49080,5459
58150,4502
44021,5425
44005,4502
44021,4709
44950,5425
57240,6909
58552,7051
57240,6871
58120,7051
57240,6563
43739,_
66999,1266
67210,1459
67108,1454
67210,1449
67710,802
27236,7925
36450,5502
44320,9901
50040,4610
36450,5501
44320,5502
50040,9901
36450,4610
44320,5501
66761,1269
66170,1212
66761,1264
66998,1269
66170,1289
66998,1264
21245,9357
16010,7643
49540,5390
40761,2754
40761,2756
63276,340
47701,5137
25628,7760
25628,8309
25628,8345
25628,9820
25628,7710
25628,8302
25628,8339
25628,8628
44950,6651
58700,4709
49605,5341
99432,5349
49605,9929
49605,9959
99432,5341
49605,5349
49605,9933
62272,9925
96408,331
62270,3142
31575,3029
31561,9925
96408,3142
62270,3029
31575,9925
31561,331
62272,3142
96408,3029
62270,9925
31575,331
31561,3142
62272,3029
50548,5551
50548,5642
63280,340
61530,124
67584,1049
67584,1663
33776,3572
33776,3584
33776,3591
33776,3961
52700,6000
52310,5631
52335,5700
52310,5522
29065,8072
24000,9353
20982,7840
41016,2700
57135,6829
25922,8404
25922,8684
68705,972
42250,_
44605,5459
44310,4610
44605,5411
44005,4610
48102,8839
43260,5211
75982,5110
48102,5159
43260,8839
75982,5211
48102,5110
43260,5159
48102,5211
58672,6829
58662,6909
58558,6679
58662,6561
58672,6909
58661,6679
58672,6561
58662,6816
35903,3952
35011,3868
35903,3843
47006,_
44384,_
43260,8753
44384,5110
47605,_
43260,5122
44384,8753
47605,5110
43260,_
44384,5122
66850,1474
67049,1341
66850,1380
23065,8345
95165,_
32100,3409
32020,3328
47555,5198
88441,_
36488,5136
54161,6250
54640,6400
41806,2499
NOO0,_
26600,8309
26600,9820
11011,7903
26600,8302
26600,8339
10120,9820
11010,8605
61795,9239
RI60,_
11012,8077
27625,7710
27625,8302
27625,8339
27625,8628
49566,5423
24130,7783
49080,5980
51045,5425
49080,5719
11000,8321
27330,8628
11000,8016
27372,8309
27372,8345
27372,9820
11011,8016
27372,8302
27372,8339
27372,8628
28045,9357
27506,5423
49000,7815
49000,8152
27506,5411
49000,7925
55700,4542
23515,7925
27506,7939
23515,7815
23515,8152
27506,7929
27703,8149
58900,6512
75951,8309
35860,8339
75951,9820
35860,_
25260,3806
75951,8302
35860,8309
75951,8628
35860,9820
25260,_
11011,3806
75951,8388
35860,8302
75951,8345
11011,_
75951,3806
35860,8388
75951,8339
75951,_
11011,7932
25575,7760
25575,7710
25575,8302
25575,8339
59513,6551
59513,6539
27429,8146
47134,5022
47134,8671
58720,9933
11043,4911
11043,4993
46280,8345
26516,8172
43870,4462
65175,1671
12005,8628
12005,8345
27750,9357
16010,7906
NOSOCOMIAL,6849
NOSOCOMIAL,6561
46211,4939
65930,1289
65285,1291
65930,1159
21015,8382
65114,8669
15732,8339
21015,1659
65114,8332
21015,8669
65114,8339
15732,1659
21015,8332
65114,8382
58661,8782
58345,6561
61106,124
11042,7925
67413,1609
67413,1610
24120,7763
46762,4975
46762,4979
42953,2959
66155,1262
66155,1269
49500,6270
54520,5300
54520,6310
49500,6230
64718,460
24615,479
64718,7982
24615,460
64718,479
20692,7934
26735,7810
20692,7924
12345,9933
52234,6097
53852,5732
53852,5831
52234,6021
53852,5749
43238,4685
43238,4525
43238,_
II981,_
44604,8753
47605,4675
44604,5122
75790,8840
20900,7800
21925,_
20251,7760
20251,8309
20251,8345
20251,9820
11012,7749
20251,7710
20251,8302
20251,8339
20251,8628
19340,8544
19240,8553
32560,_
32560,5375
39503,_
32560,3404
36588,_
20936,7859
22842,7809
20936,7789
63556,_
75705,8849
33464,3961
33426,3514
33405,3528
33464,3512
33426,3524
45385,4685
45385,4525
11730,8628
11730,8345
44640,4679
27437,8147
49587,5310
49505,5341
26115,8345
29888,9357
16010,8145
29888,8628
51596,5671
51596,5779
57500,6813
58100,6712
57500,6711
45307,4823
45307,9804
77402,_
45321,4800
45321,4823
24515,7860
31600,125
61314,3121
31600,124
27358,7762
27358,7855
27892,8309
27892,8628
36489,_
31238,2253
31090,2100
00399,_
43285,4685
43285,4525
43285,_
GN9,_
31254,2188
31254,2150
19101,8544
19240,8511
19101,8543
63040,309
63040,7789
63040,8051
27594,8417
67052,1380
58545,6639
27125,7860
22851,7789
23222,7762
23222,8441
67005,1371
67005,1341
58600,6840
59525,6639
96408,9933
43324,4466
27758,7840
27724,7936
27758,7807
KO40,_
LO20,_
87207,8909
87207,9059
87207,9449
28264,8384
25515,7933
25515,7923
35721,3808
35721,3991
27310,8192
27310,8396
20610,8016
27310,8191
27310,8394
61682,3953
58210,7050
57555,4030
57555,6869
58210,6740
57555,6561
28288,7759
28113,7789
28113,7760
28113,8309
28113,8345
28113,9820
28113,7710
28113,8302
28113,8339
28113,8628
96408,4029
96408,5641
50230,9925
96408,3807
96408,5551
90935,4542
29365,7860
11010,7938
20650,8401
26951,7810
26951,9344
20650,407
26951,7860
24341,9353
29085,8388
24341,8345
29358,7936
27535,9353
29358,7817
PO691,_
23020,8041
23020,8319
MIXEDHAEM,_
ZZ370,7360
ZZ370,7359
11440,5310
49505,8630
11440,5300
FP001,6909
58120,_
OO64,6909
35261,3957
29046,9353
27006,8313
27880,9971
36430,8415
27880,9903
65850,1371
66987,1254
65850,1341
26449,8211
26449,8391
21246,7643
21246,7760
21246,8309
21246,8345
21246,9820
11012,7643
21246,7710
21246,8302
21246,8339
21246,8628
24685,7937
35761,7932
27502,3800
12034,3991
11010,7905
28485,8659
24685,8628
35761,9820
27502,7937
12034,7932
11010,3800
28485,3991
24685,7905
35761,8659
12034,9820
11010,7937
28485,7932
24685,3800
44950,4595
43832,5411
49000,4319
43832,4442
43832,5423
43840,4319
43832,4461
28153,7789
44950,6871
58552,4709
44950,6563
44005,6639
58661,5459
14000,8628
14000,8345
38100,8628
11043,4150
38100,8345
50700,5689
27335,8036
11012,9829
27331,8076
27335,7710
27331,8302
27335,8309
27335,8628
46050,4912
46275,4901
46050,4911
69636,1860
69636,1930
69636,1940
69636,2021
69636,2023
69636,2099
63250,340
43278,4685
43278,4525
43278,4513
43278,_
29827,_
29822,8082
29827,8041
29822,8181
29826,_
29827,8082
29822,8021
29827,8181
29822,_
29826,8082
29827,8021
29822,8041
41110,9933
49420,5502
50040,5419
49420,5501
23106,8011
23106,8071
36001,_
33465,3528
33465,3961
39220,_
92982,3780
33200,66
92982,3774
50630,5980
59200,_
35132,3846
35132,3952
47122,5022
52327,5732
50065,5980
52327,5501
50065,5732
52327,5980
21356,7819
21454,7672
21356,7676
27138,72
27151,7735
27138,7739
27151,72
27138,7735
27151,7739
44970,6639
58661,4701
44970,6561
52332,5995
54590,_
31500,125
61313,9604
31500,124
21244,7643
21462,7819
21244,7676
21462,7643
21244,7819
32651,4685
32650,3252
45378,3421
32651,3460
32650,4525
45378,3460
32651,4525
32650,4685
45378,3252
32651,3421
KS01,_
43835,4685
43835,4525
43835,_
67108,1474
67039,1449
LQ511,_
28555,7989
30310,2211
31237,9812
30310,2121
45150,4685
45378,4891
45150,4525
11301,8623
11720,8609
11306,8623
11301,8627
11730,8609
11306,8627
31600,9608
44372,3121
31600,4513
27284,8121
90935,7936
27822,3995
90935,7819
27607,8302
27607,8339
28200,7760
28200,8309
28200,8345
28200,9820
28200,7710
28200,8302
28200,8339
28200,8628
27250,9346
27175,7975
27250,9344
67010,1289
65280,1471
67010,1159
54650,6230
54650,5411
29405,8192
29405,8396
29405,8191
29405,8394
28505,9357
16010,7939
28505,8628
54560,5411
54560,6200
65101,125
61510,1649
65101,124
11000,6270
54520,8628
11000,6230
11010,7925
11010,7815
11010,8152
25575,9357
16010,7932
21423,7674
44500,9608
44603,5423
44603,5411
OESOPHAGUS,_
JI802,_
27380,7760
27380,8309
27380,9820
11012,8364
27380,7710
27380,8302
27380,8339
11043,7859
43750,8345
52332,4610
44141,5732
ANC01,9933
29425,7936
29425,7817
27495,9346
27495,9344
27244,9346
27175,7935
27244,9344
35701,3802
35701,3991
27030,9357
16010,8015
27030,8628
15935,8628
38100,7939
23515,4150
38100,7929
52310,5600
54550,6270
54520,6200
54550,6230
26236,8345
95914,_
52630,6029
11010,8036
27331,9820
11010,8016
11010,9829
46450,9925
96450,_
46450,331
46450,_
28080,407
20405,7760
20405,8339
20405,9820
28645,_
20405,7710
20405,8309
20405,8628
20405,7989
20405,8302
20405,8345
20405,_
68400,900
68525,912
29405,8077
27625,9353
JE149,_
58720,6849
61526,124
61536,125
24380,8154
27447,_
24380,8147
24380,_
58552,6639
58661,6563
90935,4543
45382,3995
90935,4523
33512,3613
28238,7798
24341,8628
67120,1475
67051,1672
67120,1474
90935,1371
66987,3995
90935,1341
61581,1659
61581,2110
61581,2263
61581,2264
61581,299
61581,7699
39010,3410
39200,3430
64864,430
21421,7673
67343,1590
50845,5721
61530,125
53250,5892
52260,5732
52260,9625
44155,4590
44227,4620
54861,6340
93618,3720
50135,5504
50135,5980
50081,5511
50135,5503
50135,5521
49585,6849
58150,5341
88700,_
37618,8401
26951,3880
37618,407
52318,5810
52318,5860
52318,6094
52318,8929
52318,5732
52318,5850
52318,6029
52318,6373
32652,3339
32320,3452
32652,3451
29605,_
96408,5423
49000,9925
96408,5411
25320,8175
47600,5349
49585,5122
47600,5341
49606,5349
49606,5492
70600,_
49010,6849
52235,5631
36488,5749
52335,5831
52235,3995
52332,3893
90935,5522
36488,5631
52235,5980
52332,5749
90935,5831
52335,3893
52235,5522
36488,5980
52335,5749
36488,5522
90935,5749
36488,5831
52335,3995
52235,3893
90935,5631
36488,5732
52332,5831
35473,3950
52332,5501
36488,5310
49507,3995
36488,5300
90935,5310
49507,3893
90935,5300
58314,8782
58345,_
58314,6999
58314,_
74475,5512
74475,8839
25119,7783
25119,7760
25119,8628
11044,7783
25119,8073
25119,8345
54326,5845
54326,5849
54326,6442
57454,6813
62270,9933
36488,8839
36800,3893
75982,3993
36488,5159
36800,8839
75982,3893
36488,3993
36800,5159
21346,7939
27507,8345
28220,8391
55520,6330
11000,7936
11000,7817
11000,7935
27513,8628
11000,7815
27538,8345
27538,7009
11100,8628
47610,8611
11100,8753
11000,8611
11100,5122
21510,7719
61542,124
26261,7769
26261,7809
40840,9933
14021,8628
14021,8345
TI4IW54,_
54111,6420
54111,6449
24136,7703
14061,8628
14061,8345
DELIVERED,6639
36430,4525
45380,9971
45380,9903
26357,9820
11010,8251
26357,8628
26357,8251
63283,340
42107,2731
42107,2769
42107,2773
42107,2779
22326,7929
22326,7989
11012,8036
27331,7760
27331,8309
27331,7710
27331,8339
27236,7760
27236,8309
27236,8345
27236,9820
11012,7935
27236,7710
27236,8302
27236,8339
27236,8628
27827,7710
27827,8302
27827,8339
27827,8628
23040,7760
23040,8309
23040,8345
23040,9820
11012,8019
23040,7710
23040,8302
23040,8339
23040,8628
27758,8382
57240,9903
36430,7051
57240,6561
57240,9971
58150,7051
57240,6849
32601,3421
38102,4150
38102,5423
38102,5411
25545,8659
12013,7932
25515,8659
NI129,_
11434,_
27217,7989
44360,4685
46270,4513
45378,4911
44360,4912
46270,4525
45378,4912
44360,4525
46270,4685
44360,4911
SUBDERMAL,_
28020,7710
28020,8302
28020,9820
28020,7760
28020,8339
56640,4030
56640,7150
46255,4931
46610,4946
46255,4921
44320,5423
49000,4610
44320,5411
24350,8192
24350,8396
20605,8314
24350,8191
24350,8394
54352,5845
54352,5846
54352,6442
54352,6444
44160,9933
99432,4579
67911,838
67015,1289
65285,1472
67015,1159
44378,4443
44378,4513
54130,4024
54130,6430
69645,1919
69670,2042
34111,3803
34111,3891
90935,5423
49000,3995
90935,5411
43122,4241
43122,4252
43122,4350
43122,4429
93533,3723
57550,6740
49083,_
27253,7985
57308,_
52000,5600
35206,3803
35201,3891
35201,3805
35206,3891
34101,3959
35201,3803
35206,3805
62260,_
69637,1860
69637,1930
69637,1940
69637,2021
69637,2023
69637,2099
58940,6849
58150,6539
25337,7860
26432,9788
20680,8175
25337,7859
44345,4610
44322,4643
44345,4525
37607,3942
36832,3953
37607,3800
57282,7051
57265,7077
57282,6859
58270,7077
57282,7092
CM982,_
33619,3799
44970,4572
44140,4701
44970,5411
44970,4590
49000,4701
44140,5411
59100,6849
36450,6800
59525,7491
58150,9901
59100,6839
36450,6840
59525,6561
36450,7491
59525,9901
58150,6839
59100,6840
59525,6849
58150,6800
58150,6840
59100,6561
36450,6849
59525,6800
58150,7491
59100,9901
36450,6839
59513,6639
58600,7499
59514,6639
33020,3712
66172,1490
67041,1264
67041,9928
66172,1474
67041,1269
51060,5620
25263,3991
35761,8388
25263,3800
47562,6639
58661,5123
11000,7926
23515,125
61313,7929
26350,7934
26350,7924
25145,7709
39400,3422
39400,4011
23462,8196
77418,9971
77418,9903
11000,7925
44130,5423
24341,7760
35206,8302
35206,9820
20692,8388
15576,3959
24341,8670
35206,7710
24341,8339
24341,3959
35206,7810
20692,8670
24341,8302
35206,8309
24341,9820
35206,8388
20692,3959
15576,7810
24341,7710
35206,7760
15576,8388
11012,3959
24341,7810
35206,8670
24341,8309
35206,8339
25337,8175
65280,9822
65270,1159
65210,1289
65280,1281
65270,1200
65270,1289
65210,1281
65280,1200
65270,9822
65210,1159
27075,7769
26370,7760
26686,8302
26370,8339
26686,8345
26370,9820
26686,8286
11012,7984
26370,7710
26686,7760
26370,8309
26686,8339
26370,8628
26686,9820
26370,7984
26686,7710
26370,8302
26686,8309
26686,8628
25574,9353
12011,7760
12011,8309
12011,8345
12011,9820
12011,7710
12011,8302
12011,8339
12011,8628
48145,4150
48145,5253
48145,5296
26428,8286
26428,8381
66850,1289
65280,1341
66850,1159
27506,7935
27513,7925
47562,9971
36430,5123
47562,9903
EE861,_
12045,8628
12045,8345
27170,7775
27170,7805
32525,3229
32525,3479
90935,6849
58150,3995
43255,4543
45382,4233
11000,8415
27880,7710
27603,8415
OO809,7360
OO809,7359
OO809,_
50660,5642
25665,_
61703,3951
11012,8699
14350,7710
14350,8302
14350,8339
35221,3959
AO69,_
67915,841
24105,7860
46270,4901
99432,1452
67107,9933
23900,8409
38780,4030
63302,8099
21470,9820
21470,8628
33201,3774
33201,3780
32020,3420
32602,3409
32020,3320
35091,3844
35091,3846
35091,3952
29870,8147
29885,8060
29870,7719
29885,8076
29876,7719
29885,8036
29881,7719
08621,_
33200,8843
93556,3780
33200,3956
33200,8857
93556,3774
59614,_
59614,7360
59614,7359
31239,2219
60505,3410
60505,689
55810,6050
52000,5831
52000,5749
22851,8839
76012,8451
22851,8165
58150,6813
58100,6561
36488,8345
50130,5620
50130,5732
44322,5423
44310,4525
44322,4620
44322,5411
49000,4525
11452,_
11400,5310
11400,5300
67010,1341
28001,8628
11043,8303
28001,8345
52325,5810
52325,5860
52325,6094
52325,8929
52601,5980
93545,5459
49000,8857
93545,4709
44960,8857
93545,5423
44005,8857
93545,5411
36488,4443
43255,3893
36488,4233
11044,8077
27625,7760
11044,8017
27625,8345
27097,8385
63200,309
49255,4590
44204,5440
49255,1739
49585,5459
63270,340
62464,126
62464,159
62464,390
63005,8345
36486,_
24582,7911
26070,8345
12001,8309
12001,9820
12001,7710
12001,8302
12001,8339
93501,3721
QS41,_
20660,294
20660,295
20660,9359
29345,7906
27750,9353
10140,5251
10140,5296
48153,8604
10140,5136
10140,5270
90935,5061
47360,3995
90935,3886
50392,5512
46255,4685
46255,4525
69501,2041
25150,7783
43832,3460
32020,4319
32000,3409
32650,3491
43832,3421
32020,3460
32000,4319
32650,3409
43832,3491
32020,3421
32000,3460
32650,4319
43832,3409
32020,3491
32000,3421
35082,3995
90935,3844
11010,7935
65285,1371
66984,1159
46614,4921
46614,4929
24138,7709
29405,7760
29405,8309
29405,8345
29405,9820
29405,7710
29405,8302
29405,8339
11000,125
61304,8628
11000,124
35226,7760
35226,8309
35226,9820
35226,7710
35226,8302
35226,8339
27244,4461
43840,7935
27244,4442
13238,_
13238,2219
31238,_
13238,2100
11312,2211
31237,8609
11312,2121
58720,8546
19200,4709
58720,8545
44950,8546
19200,6561
44950,8545
57320,5361
49560,5784
57320,5351
57320,5784
22554,8051
22554,8129
21249,7643
27766,7936
27792,7819
44970,5349
49585,4701
44970,5341
33249,3794
33249,54
59514,5423
26756,8345
27656,8389
27656,8309
27656,8345
27656,9820
11011,8389
27656,8302
27656,8339
27656,8628
28003,8309
28003,8345
28003,9820
28003,8302
28003,8339
28003,8628
35184,3953
44005,8754
47620,5459
44005,5183
11000,8446
11012,7859
21330,7710
21330,8302
21330,8339
21330,8628
27228,7935
11042,7934
11042,7924
32960,3332
28415,7925
50391,9929
27335,8192
27335,8396
48152,4370
48152,5136
48152,5251
48152,5270
61332,1609
61332,1623
36510,9933
27870,8111
33612,3799
43268,8753
47610,5293
43268,5122
43262,5123
47562,5185
52310,5850
52310,6094
46922,4939
SENILEMAT,1371
OUPROCED,_
65400,889
67840,1149
65400,820
68328,1042
11011,294
11011,9788
38765,4030
11043,5423
49000,8345
49505,8628
44005,4850
45110,5459
45540,4875
20200,8544
19101,8321
20200,8543
19240,8321
20200,8511
25130,7764
99435,9933
99435,_
BO29,_
BO22G5,_
28800,7760
28800,8309
28800,8345
28800,9820
11012,8412
28800,7710
28800,8302
28800,8339
28800,8628
91037,8939
29877,8192
29877,8396
20610,8026
46600,4912
46270,4921
46600,4911
47562,4590
44204,5123
47562,1739
63286,340
36488,125
36488,124
67580,1664
67580,1669
45113,4595
45300,4601
45113,4835
45300,4869
45113,4824
45300,4595
45113,4601
45300,4835
45113,4869
96408,7749
20225,9925
96408,7745
96908,_
44388,4685
45337,4525
44388,4524
41825,2460
41821,2440
41822,2460
63017,8051
63017,7789
23440,8071
23105,8375
23440,8011
23440,8375
36821,3893
32000,3929
52332,3491
36821,3995
32000,3893
52332,3929
36821,5980
32000,3995
90935,3929
36821,5732
32000,5980
36488,3929
36821,3491
32000,5732
52601,5620
52336,5860
52000,6094
52336,6373
38500,8544
19240,4011
38500,8543
52204,5440
49255,5733
39502,4400
39502,4429
39502,4469
39502,5372
50220,3995
46221,4912
46270,4945
46221,4911
27334,8036
06510,_
P0000,9604
31500,_
06510,9604
43230,4685
43230,4525
43230,_
52240,5850
52240,6029
52240,6373
26145,8034
26110,8233
26145,8014
58670,6639
29365,7936
29365,7817
36568,7860
19240,8571
19361,8543
45330,4610
44143,4525
45330,4575
24685,8659
12002,7932
SS324,_
50220,5980
50220,9646
52005,5641
50220,8773
50220,9649
52005,5551
56632,4030
56632,7162
21050,7650
21075,_
28496,8345
06311,_
36430,6871
58552,9903
59570,_
22100,7769
63003,309
69436,2252
25575,7925
58983,_
58983,6551
58940,_
58983,6539
59812,7360
59409,6902
59812,7359
59432,_
35474,8839
75952,3950
35474,3971
35474,3950
32645,_
65850,1253
65820,1254
65850,1252
21470,7859
21315,7676
21365,2171
21470,7672
21315,7859
21365,7676
21470,2171
21315,7672
45388,_
38382,4064
46936,4685
45378,4949
46936,4525
11044,8364
28270,7760
28270,8628
11044,8048
28270,8345
36800,3995
35011,3993
36800,3952
36800,3843
27814,8345
90995,_
27780,7760
27780,8309
27780,9820
27780,7710
27780,8302
27780,8339
27780,8628
99434,9933
99434,_
65410,1122
66682,1682
90375,5810
90375,5860
90375,6094
90375,8929
52601,_
90375,5732
90375,5850
90375,6029
90375,6373
27535,7815
27535,8152
27535,7925
42180,2761
26735,7935
27514,7924
25927,8345
11044,8403
26910,7760
26910,8345
11010,7933
15220,9820
15220,8628
27828,8628
61514,124
61514,125
SPCVA,_
29345,7859
21365,9353
29345,7672
58560,6822
25126,7763
25126,7803
46600,8628
46045,4921
11043,4901
46600,8345
46045,8628
11043,4921
46600,4901
46045,8345
67340,_
25600,9353
25530,9353
58140,5423
49000,6829
58140,5411
23500,7939
23515,7909
23500,7929
90935,8753
47610,3995
90935,5122
45380,4443
45380,4233
68720,1692
67412,981
68720,1609
44144,4562
44120,4613
44144,5411
44144,4563
44120,4579
49000,4613
44144,5423
44144,4590
44120,4610
24150,7762
42226,2762
42226,8670
26410,7760
26410,8309
26410,9820
26410,7710
26410,8302
26410,8339
26410,8628
SO110,881
67935,_
SO110,1060
SO110,_
38747,4030
12002,2181
12002,1840
12002,2751
12002,881
NOSOCOMIAL,9933
25545,9820
11010,7932
25545,8628
43611,4342
36430,5253
43611,9903
48140,9971
36430,4342
43611,4150
43611,9971
48140,4342
36430,4150
43611,5253
48140,9903
28531,7939
32000,5459
44005,3491
32000,6529
MCP01,7360
MCP01,7359
11041,6200
11041,7860
12053,8628
12053,8345
27177,7775
27177,7805
27177,7955
11043,7986
27556,8345
26852,8127
60240,9971
36430,640
60240,9903
36640,3891
55831,3998
55831,5850
55831,6040
55831,6373
55831,8929
44320,9933
27519,7815
27507,7955
27519,7935
27507,7815
27519,7955
27882,9971
27882,9903
57330,5784
28456,7818
49505,5423
33010,3700
59870,6839
58180,6909
59870,6561
44950,4563
44300,5459
44300,5423
44300,5411
44055,9933
17286,8630
AZ380,9933
AZ380,_
11042,8345
11042,7760
57460,6909
58120,6739
68770,999
RECTALCA,_
35286,3957
59407,7360
59407,7359
59407,_
27137,71
23430,8041
23430,8388
67005,9821
65275,1471
67005,1151
47011,_
21630,7781
56315,_
96408,4685
45378,9925
96408,4525
11044,8623
11730,8411
28820,8623
11044,8411
11730,7760
32654,3409
19357,8553
19240,8554
19357,8595
27290,8519
27290,6230
54535,8519
27290,5411
24666,7932
24666,8444
39531,4429
39531,5372
39502,5380
39531,4400
39531,4469
39531,5380
11000,8041
55801,3998
55801,5850
55801,6062
55801,6373
55801,8929
66940,1459
67108,1359
66940,1449
50860,5661
33050,3731
SC1,_
44364,4513
44364,4514
44364,4530
11042,2181
11042,8659
55720,6000
11422,8628
11422,8345
36488,5502
50040,3893
36488,5501
36012,3591
93580,3893
36012,3552
93650,3780
33200,3734
JE861,_
33422,3512
33422,3961
66982,1460
67121,1330
33736,3542
33736,3961
46260,4685
46260,4525
24000,8345
TW141,_
CAB6,_
27822,7710
27822,8302
27822,8339
27822,8628
33536,8843
93650,8843
92982,3734
93556,3964
93650,3774
63077,309
63077,7769
63077,8051
75936,_
36488,8773
90935,9646
52005,3995
90935,8773
52335,9649
52005,3893
52335,9646
36488,9649
52005,5631
52335,8773
36488,9646
90935,9649
52005,5522
HII00,_
35355,3816
37735,3818
35355,3889
35355,8630
63761,_
27495,7860
50785,5674
31500,5810
31500,5860
31500,6094
31500,8929
52601,9604
31500,5732
31500,5850
31500,6029
31500,6373
43234,9971
43234,9903
41018,2700
52232,_
NSD01,5512
NSD01,5587
NSD01,5689
50400,_
NSD01,5502
NSD01,5570
NSD01,5620
44604,5310
49509,4675
44604,5300
56400,_
56405,4912
46255,7109
56405,4911
46270,7109
56405,4946
44204,5459
49000,1739
44204,5411
44204,5423
44005,1739
93528,3700
93528,3723
43234,5151
36488,5183
36488,4341
43244,3893
58501,_
22842,5731
49060,5980
50947,7859
22842,5419
49060,5674
22842,5980
49060,7859
50947,5419
22842,5674
49060,5731
43578,_
43578,4685
43578,4525
63290,340
27230,7925
11043,7933
22210,7739
49507,4563
44120,5310
49507,4562
49507,4590
44120,5300
57250,_
NSD01,7071
NSD01,7052
25492,7925
58740,5411
49000,6589
58740,5423
20661,294
20661,295
MZ380,_
CR008,_
CR013,_
27780,7949
11012,7975
44120,7906
49000,7710
44604,7760
27193,8302
44604,9820
27193,4562
27780,4563
11012,4590
54550,5423
49000,6200
54550,5411
11010,7860
11010,294
11010,9788
29000,9353
36430,4341
43251,9971
36430,4233
36430,4530
43251,9903
50551,5521
50551,8773
50551,9645
50551,9649
29450,9820
29450,8628
CR027,3995
90935,_
CR003,3995
CR027,_
26260,7769
36430,8036
27331,9971
36430,8016
36430,9829
27331,9903
38530,4011
CR008,3995
NO3,_
59414,_
27187,7935
27248,7855
27187,7925
11040,7860
55830,_
41830,1840
41830,2181
41830,881
41830,2751
15732,4040
61500,8332
38700,8382
15120,125
38724,160
15732,4029
61500,8669
38700,4021
15120,4040
38724,8332
38700,160
15120,4029
38724,8669
15732,4021
61500,4040
38700,8332
15120,8382
38724,125
15732,160
61500,4029
38700,8669
15120,4021
61500,8382
38700,125
15120,160
38724,4029
61500,4021
38700,4040
15120,8332
38724,8382
15732,125
36488,4610
76942,5502
50040,_
76942,5501
43262,8753
47610,5185
43262,5122
21179,1689
21179,7646
21179,7691
27244,3893
36488,7932
25575,7935
25620,3893
27244,7932
36488,7935
25575,3893
45397,4595
45397,4639
45397,4842
45397,4851
92992,3541
33210,3770
44204,4525
45380,1739
27305,7760
27305,8309
27305,8345
27305,9820
27305,7710
27305,8302
27305,8339
27305,8628
52204,4685
45378,5733
52204,4525
52276,5719
NSVD0,_
11043,4685
45378,8345
62000,8345
12002,8309
12002,8302
12002,8339
67950,9820
11010,859
67950,8628
26479,8255
11043,7909
15050,8669
47490,5101
28505,8699
14350,7939
28505,7756
64834,8628
11043,430
64834,8345
25440,7844
44346,4642
44388,4643
44346,4525
44388,4642
44346,4643
42508,639
42508,2629
60252,2699
42508,4040
42508,640
60252,2629
42508,2699
27487,8155
44010,5022
44130,4501
44010,4639
47120,4501
44010,4590
12002,8286
26434,8034
26110,8381
26434,8014
26434,8381
58552,5440
49255,6529
49255,6871
CR024,_
CR012,4513
CR024,4513
CR012,_
CR027,4513
CR009,_
38230,9925
96450,4191
38230,331
23440,8319
23420,8375
29826,8363
23020,8021
23440,8181
29826,8319
23020,8375
23440,8363
23420,8021
19102,_
44005,6829
58140,5459
58925,5459
61702,125
61305,3951
61702,124
61702,3951
93510,3780
33206,3722
93510,3776
61624,4685
45378,9929
61624,4525
24650,7939
24650,7929
57320,5980
51050,8773
57320,9649
51050,5784
52005,5719
57320,5732
51050,5980
57320,9646
51050,9649
52005,5784
57320,5719
57320,8773
51050,9646
58140,8782
58345,6829
58140,6999
12031,8628
25260,8659
12031,8345
12031,8388
44385,4514
52339,5522
52339,5631
52339,5641
52339,5732
52339,5980
32225,3451
36450,5641
50220,9901
36450,5551
50541,5980
50541,9646
52332,5551
49080,5424
49180,5411
49000,5424
49180,5425
67331,1590
74742,6693
74742,8839
29765,_
49255,5980
44130,5440
52332,4639
49255,6561
44130,6849
58150,4639
52332,6561
49255,6849
44130,5732
52332,5440
49255,5732
44130,5980
52332,4590
49255,4639
44130,6561
59513,8908
59513,9449
58661,6849
44950,6639
58661,4709
11720,8611
11755,8623
11730,8611
11755,8627
11765,8611
52325,9646
36488,3952
25028,3893
90935,8609
35162,3995
36488,3840
25028,3952
35162,8609
25028,3840
35162,3893
36488,8609
25028,3995
90935,3840
49149,5423
49149,5411
49149,_
34328,_
44120,5349
49605,4562
49605,4590
44120,5341
49605,4563
28737,8114
28001,8314
11000,8303
28001,8302
27603,8303
28001,7710
27603,8314
27600,8303
45380,4595
45380,4835
44153,4525
45380,4582
45380,4601
46275,4824
66850,1459
36825,1341
67108,3893
66850,1449
36825,1459
67108,3995
66850,3893
36825,1449
90935,1459
36488,1341
67108,3993
66850,3995
36825,3893
90935,1449
36488,1459
66850,3993
36488,1449
50543,5733
50543,9227
52250,5540
50543,5732
50543,5823
58152,9971
36430,5950
58152,9903
00390,_
23410,8363
21930,8345
26615,7860
20680,7933
26615,294
26615,9788
20680,7923
63081,309
63081,8099
48520,5296
27246,7905
27507,7939
23515,7935
27507,7929
26055,8031
27052,8301
26055,8011
23100,8301
26055,8035
52000,5502
50040,5732
52000,5501
65880,1234
46275,9622
11011,8623
28825,7760
28825,8309
28825,8345
28825,7710
28825,8302
28825,8339
28100,7760
28100,8309
28100,8345
28100,9820
11012,7769
28100,7710
28100,8302
28100,8339
28100,8628
11000,8344
37735,8628
11000,3889
27130,7809
21366,8151
27130,7672
27310,7860
15931,9357
PO039,_
67027,1371
66987,1472
11042,4613
11042,4370
43632,4579
11042,5411
44144,8628
11042,4579
43632,4610
11042,5423
43632,8628
44144,4370
11042,4610
43632,4613
23044,8011
23044,7939
23515,8011
23044,7929
11012,125
61312,7710
61312,8302
61312,8339
44320,5459
49255,4610
44320,5440
49521,5123
23420,8181
29825,8363
66687,1371
66687,1341
66687,_
44950,4533
27889,8413
42140,2772
41120,9933
21338,7929
26608,9359
26075,7814
29058,8014
26608,9353
26075,9359
29058,7814
26608,8014
26075,9353
43312,3173
43312,4289
15760,2189
44120,5459
44120,6561
58150,4563
44950,4590
44120,6849
44005,4562
44120,4709
44950,4562
44005,4563
11011,8411
35081,3844
36011,3952
35081,3893
36011,3844
35081,3952
90935,4513
43235,3995
22900,8382
44300,4563
44603,4590
44120,4673
44300,4590
44603,4610
44603,4562
44300,4562
44603,4563
44300,4673
49000,5061
47360,5411
11000,8037
27620,8628
CR338,407
42415,_
CR338,2929
CR338,_
24305,8385
43261,5214
33217,3776
49205,_
49125,5732
51555,5760
11403,5349
49585,8630
11403,5341
60240,407
42415,640
60240,2929
44950,5760
51550,6561
58150,5760
51550,4709
28450,8345
20930,7859
70900,8451
20930,_
22842,8451
70900,7809
22851,7859
20930,8451
70900,7859
20930,7809
70900,_
11100,2220
11426,2262
11604,8611
12031,8630
31267,8659
11100,2119
11426,2220
11604,2262
12031,8611
31267,8630
11100,8659
11426,2119
11604,2220
12031,2262
31267,8611
11100,8630
11426,8659
11604,2119
12031,2220
11604,8659
12031,2119
11100,2262
11426,8611
33223,3779
92982,3721
93508,66
92982,3639
45334,4523
45382,4524
45370,_
OO88,_
27105,8377
43123,4241
43123,4255
43123,4350
67121,1474
65280,1475
66850,1460
67051,1159
67121,1289
DD334,_
52281,5980
52332,5810
52332,8929
52332,5860
59420,_
26546,8309
26546,8345
26546,9820
11011,7804
11011,7854
26546,8302
26546,8339
26546,8628
11011,7844
51940,5786
50972,5631
50972,5980
50972,8773
50972,9646
50972,9649
44141,4590
33413,3522
33413,3525
33413,3599
50546,5600
50546,5732
52337,5641
50546,5522
50546,5631
50546,5980
52337,5551
36450,8192
36450,8396
20600,9901
36450,8191
36450,8394
CKD5,_
75662,3951
61700,8841
75671,3951
75662,8841
52310,5501
50075,5700
59641,_
59641,7360
59641,7359
57400,_
TA801,_
10066,8628
10066,8345
56441,7101
38220,6829
47562,4685
45378,5123
61619,212
44141,4525
22102,7769
35103,3844
35103,3846
35103,3847
35103,3952
61556,124
JI219,_
33970,3766
57270,7092
64774,407
28088,8342
53420,5849
14060,8309
14060,8345
14060,9820
14060,8302
14060,8339
14060,8628
27558,7819
25611,7986
27558,8146
NO85,_
58750,6673
11750,8411
11750,8628
11750,8345
23920,7760
23920,8309
23920,8345
23920,9820
11012,8408
23920,7710
23920,8302
23920,8339
23920,8628
12013,8302
12013,7924
26735,8659
12013,7710
12013,8309
12013,7934
12013,7760
12013,8339
25907,8405
11010,5423
CR006,_
CR013,3995
49080,4590
44140,5425
49080,4572
91105,9933
50075,5502
43820,9933
64708,479
27792,7760
27792,8309
27792,8345
27792,9820
11043,3991
35761,8345
28730,8114
20103,_
27502,7760
27502,8309
27502,9820
11012,7905
27502,7710
27502,8302
27502,8339
64719,460
64719,479
43202,4685
45378,4224
43202,4525
49000,4685
45378,5423
29800,8039
29800,5361
49561,8039
29800,5351
11100,9788
11042,7710
11100,8309
11042,8339
11100,9820
11042,8611
46000,_
58545,6561
31357,_
19357,8544
47780,5159
47400,5499
47780,5000
44320,4999
46716,4610
44320,4979
93620,3726
93620,3964
93650,3726
93620,3734
48148,5162
64722,479
26055,449
64722,460
64721,449
64722,8301
ZZ37,_
21556,4040
21556,4021
66987,1164
65730,1341
42845,2899
92980,3591
93555,3606
93580,8850
92980,3552
93555,3591
93580,3606
92980,8850
93555,3552
60254,4021
45332,4524
45332,9804
44314,4641
47564,8753
47563,5151
27178,7945
64738,403
31294,2219
31294,442
67210,1475
67025,1454
67210,1471
69421,2211
65260,1401
65260,1289
65280,1401
65260,1159
65810,1291
65810,1292
65810,1472
65810,1473
56441,6849
58150,7101
56441,6561
22214,8451
63030,7739
22214,7789
22842,7739
22214,309
22214,7859
63012,7739
22851,7769
22214,8051
63012,8451
22851,7739
22214,7769
63056,309
43237,4685
43237,4525
59650,_
COLONCA,4685
COLONCA,4525
COLONCA,_
42807,_
29325,9933
42200,2080
69420,2762
42200,2009
36010,3995
36010,5502
36010,5501
76360,4685
43234,8838
76360,4525
45378,8838
76360,4513
38571,4029
49080,5421
38571,5425
49080,4029
38571,5421
25263,7760
KR229,_
11010,7719
38100,7760
38100,8309
38100,9820
11012,4150
38100,7710
38100,8302
38100,8339
11011,7934
43360,4289
43360,4429
43360,4469
27535,7939
23515,7817
93511,3722
49900,8628
11043,5461
49900,8345
99423,9933
99423,_
26350,9353
26862,8302
64831,8309
26862,8628
64831,9820
29075,8128
26862,430
64831,7710
26862,8309
64831,8339
26862,9820
64831,9353
11012,8128
29075,430
26862,7710
64831,7760
26862,8339
64831,8345
26862,9353
64831,8128
11012,430
26862,7760
64831,8302
26862,8345
64831,8628
26862,8128
25120,8073
25105,7763
25120,8013
16043,_
38747,5122
38747,5423
47600,4030
38747,5411
53200,5823
44960,6839
44960,6561
SO52,9821
65275,_
SO52,1151
SO52,_
CKDV,_
OO840,7360
OO840,7359
OO840,_
26665,7814
26665,7939
DYSPEPSIA,_
23665,7925
24546,7760
24546,8309
24546,8345
24546,9820
11012,7842
27750,7925
27596,8417
CR014,3995
CR014,_
67583,1049
67583,1664
26952,9820
11010,407
11042,7860
29435,7860
28261,8048
28261,8385
27200,7909
99256,4709
49000,8907
99256,5423
44960,8907
99256,5411
24110,7762
NSD01,9971
NSD01,9903
27792,8628
OO654,_
47563,5294
43227,5123
43264,8753
47563,4233
43227,5188
43227,8753
43264,4233
47563,5188
43227,5294
23180,7781
11044,8033
25101,8345
08218,_
58150,6601
59150,6561
44005,8628
11043,5459
44005,8345
44596,_
44212,4620
59120,6539
58150,6551
58940,6549
59120,6551
58150,6549
58940,6561
59120,6849
66940,1292
67010,1472
43118,4241
43118,4255
43118,4350
19357,8570
75743,8843
43611,8753
47605,4342
43611,5122
27091,8005
33860,3599
33860,3958
33860,3961
69820,299
61591,2061
69820,2049
69820,2061
33405,8843
33405,3956
33405,8857
93556,3522
51550,5459
75989,4709
49000,8839
51550,5423
75989,5760
44005,8839
51550,5411
75989,5459
49000,5760
51550,8839
75989,5423
44005,5760
44950,8839
75989,5411
43739,4685
43739,4525
36340,_
11040,8401
11040,407
21493,7909
61557,124
65270,881
67935,1281
65270,1060
27507,9820
27507,8628
28750,8116
43235,3893
36488,4513
NJ832,_
21750,7769
21750,7841
27060,8350
28122,8345
11000,6840
59525,8628
11000,6839
60512,695
27720,7936
27828,7840
27720,7817
21142,7646
26215,7769
26215,7809
12012,_
48545,5295
48545,5641
43820,5295
50220,4439
48545,5551
43820,5641
50220,5295
48545,4439
43820,5551
29075,7979
29075,7902
65235,1289
65285,1200
65235,1159
27535,9820
11011,7810
20692,7817
61570,125
61570,139
94432,9933
94432,_
28005,8628
28005,8345
30115,2169
30801,2263
30115,2132
30801,2219
31254,2132
30801,2131
50920,5684
36488,7760
36488,8309
36488,9820
11012,3893
36488,7710
36488,8302
36488,8339
36488,8628
61616,160
61616,212
AI67,_
50722,6849
58150,5902
50722,6561
57260,7077
49000,4639
49000,4851
45397,5411
42440,8332
21557,8382
15732,2630
42440,8339
21557,4021
42440,8382
21557,8669
38724,2630
42440,4021
21557,4040
42440,8669
21557,2630
38724,8339
42440,4040
21557,8332
58555,6849
44950,6812
58555,6561
58150,6812
58555,4709
14040,8628
14040,8345
26020,9357
16010,8201
26020,8628
55276,_
59514,6813
58100,7499
59514,6711
43825,5411
24579,479
64718,7931
24579,460
44363,4513
44363,4514
44363,9803
48180,5296
63615,9239
42844,2899
RVS,_
43425,4283
23552,7929
26135,8074
11010,7989
26685,8628
27530,7760
27530,8309
27530,8345
27530,9820
27530,7710
27530,8302
27530,8339
27530,8628
90935,8546
19200,3995
90935,8545
59513,5310
49505,7499
59513,5300
35207,3959
35207,7760
35207,8309
35207,8345
35207,9820
35207,7710
35207,8302
35207,8339
35207,8628
12001,9357
10120,8309
11011,8605
10120,8302
10120,8339
26392,8004
26392,8381
44604,9903
58150,4675
44604,6561
11042,8036
24500,9829
11042,7901
24500,8016
11042,9829
24500,8628
27331,7901
11042,8016
24500,8036
26548,8628
11043,8172
26548,8345
11040,9357
26420,8286
26420,8381
8829I,_
OO39OO69,_
90936,_
26080,7760
26080,8309
26080,8345
26080,9820
11012,8014
26080,7710
26080,8302
26080,8339
26080,8628
11062,_
28760,7757
28760,7758
28010,8313
46270,9622
61615,160
OO30,_
43760,8345
28001,8309
28001,9820
28001,8339
12002,7710
43265,8766
74300,5188
43265,8754
62272,159
58588,_
50500,7925
27303,9357
16010,7715
27303,8628
24546,7710
24546,8302
24546,8339
24546,8628
25240,7783
25365,7733
28054,8018
29085,7989
26785,9353
29085,7984
33578,_
33502,3699
67800,889
67840,821
67800,820
45328,_
35236,3956
22857,_
22857,8451
22220,_
22857,8051
22220,8451
22857,7739
40980,_
33211,3770
15220,7760
15220,8309
15220,8345
15220,7710
15220,8302
15220,8339
54520,5421
49650,6230
67585,1049
67585,1662
67585,1664
33690,3885
67046,1475
67025,1490
67046,3995
90935,1471
90935,1490
67025,3995
67046,1471
90935,1475
67120,1371
66987,1672
67120,1341
33245,3795
33245,3797
31237,2220
31090,2262
31267,2121
75746,8843
33511,3612
45402,4685
43235,1736
45378,4876
45402,4513
43235,4876
45402,4525
45378,1736
19943,9933
19943,_
32020,9933
42450,2559
41112,2630
42450,2510
36444,_
54160,9933
44605,5423
44180,4701
49320,5451
49585,5421
49320,4701
49585,5451
44970,5421
49320,5349
44970,5451
44180,5421
49320,5341
58600,9933
NSD01,9959
99432,6639
NSD01,9929
58600,9959
58600,9929
58700,6589
44950,6539
58940,6589
58740,6551
58740,6539
58740,6651
36448,_
38572,4011
76986,4029
38572,5421
32036,8839
75984,3409
32036,5512
32000,4632
43234,3491
63265,340
27759,7840
27759,7807
NAS01,_
21435,7819
21435,7950
21386,7679
29065,7852
24498,9353
29065,7850
21188,7646
11000,7669
21188,7809
FP001,7360
FP001,7359
28022,8345
66982,1231
65865,1330
49557,5329
49557,5339
59514,5310
49525,7499
59514,5300
23490,7939
23515,7851
23490,7929
11043,8251
32002,3409
32020,3404
50820,5651
21181,206
50240,7925
26746,7989
26785,7923
11000,5459
12034,5423
12034,5411
28505,8345
28005,9357
16010,7719
58600,7430
59121,6639
58600,6602
62005,8401
26952,202
62005,407
26560,8670
26560,8685
NO809,_
BOTHEYES,_
21210,7809
SO52,1289
65285,_
SO52,1159
38000,6561
27590,7760
27590,8309
27590,9820
11012,8417
27590,7710
27590,8302
27590,8339
52275,5810
52275,6029
52275,6373
44143,4650
44620,4575
SOO2,_
42320,8604
30462,2188
30520,2187
30462,2150
30462,2187
50575,5980
52332,9645
42804,2219
31238,2912
42804,2100
38747,6849
38747,6561
52000,8773
52000,9649
52000,9646
22896,_
22896,8099
63081,_
22896,309
77401,5980
52332,_
77401,5732
52322,5980
52330,8773
52322,9649
52330,_
52005,5620
52322,5732
52322,9646
52330,9649
52005,_
52322,5620
52322,8773
52330,9646
52322,_
49650,6849
58120,5300
46255,5421
49650,4946
46255,6849
58150,5300
31571,3143
31541,3100
31571,3009
31588,3169
17304,8624
17304,8630
17304,9199
65093,881
67935,1631
65093,1060
EO49,_
43361,4255
43361,4289
43361,4679
44393,4513
43235,4522
59525,5423
49000,6839
27472,7840
27724,7805
27472,7807
37620,3870
50547,5551
28240,8211
58720,6589
28490,7936
27792,7908
28490,7817
20922,8382
50081,9646
52005,5504
47600,8766
74300,5122
47600,8754
49650,5349
49588,5300
32440,3259
26492,8256
26500,8381
26492,8271
26500,8256
26492,8381
26500,8271
39503,5641
50220,3404
61304,3893
11010,7913
49060,5423
44950,5419
49060,5411
49060,4709
PO73,_
59350,6949
21345,7909
21345,9355
58120,6812
58555,6909
47380,5023
27424,7796
27424,8147
58120,5980
58140,8773
58140,6909
52005,6829
58140,5980
58120,9646
58140,9649
52005,6909
58140,5732
58140,9646
77401,3324
31625,3326
32405,_
77261,3324
77401,3326
31625,_
32405,3324
77261,3326
38765,6849
49255,4030
38765,6561
38765,5440
43277,_
44003,5122
47600,_
43277,5122
44003,_
66825,1289
66840,1699
65280,1330
66825,1159
65280,1699
66825,1330
67051,1371
31600,3952
35081,3121
31600,3844
27337,8628
27337,8345
27337,_
29880,8192
29874,8396
20610,8076
29880,8026
29874,8191
29880,8396
29874,8076
20610,8086
29880,8191
29880,8076
29874,8086
29877,8191
29880,8394
29876,8396
29874,8060
29880,8086
29876,8191
29874,8192
29877,8394
TM011,8345
11044,_
TM011,8017
TM011,8628
27610,_
TM011,7760
TM011,_
45392,_
96408,9901
50040,9925
96408,5502
36450,9925
96408,5501
49507,5349
52450,5300
49507,6000
52450,5341
52450,5310
49587,6000
49507,5341
52450,5349
49587,5300
90935,3402
32100,3995
90935,3328
50240,729
CI139,_
20520,5423
51860,8302
49000,5781
20520,5411
51860,5423
49000,8302
20520,5781
51860,5411
43842,4468
21343,7929
27756,7936
27756,7817
BW3KGS,_
11012,8403
26910,7710
26910,8302
26910,8339
21365,7710
21365,8302
21365,8339
29345,7855
27450,9353
29345,7735
11043,7907
27125,9346
27125,9344
66985,9821
65275,1372
66985,1151
15240,7934
26735,8669
15240,7924
22630,7789
63047,7859
22630,309
22840,7789
63047,8129
22630,7859
27244,9820
27244,8628
27236,5749
29065,7931
24546,9353
29065,7842
11406,8628
11406,8345
27745,7926
11044,7932
40842,2491
LARYNX,_
46900,4939
12002,9903
36430,8659
12002,9971
28008,9820
11010,8314
22849,7859
CR019,_
36430,9933
99432,9971
36430,9929
36430,9959
99432,9903
67405,1609
27193,7989
27217,7975
27193,7939
27217,7949
37565,3882
26450,8313
59136,6639
NSVD,_
61686,3953
OI800,_
12041,2181
12041,1840
12041,2751
12041,881
44960,4563
90935,3991
35761,3995
35901,3862
28445,7760
28445,8309
28445,8345
28445,9820
11012,7939
28445,7710
28445,8302
28445,8339
28445,8628
25515,7760
25515,8309
25515,8345
25515,9820
25515,7710
25515,8302
25515,8339
25515,8628
27792,7710
27792,8302
27792,8339
12005,2181
12005,881
12005,1840
12005,2751
24635,8345
IG74,_
64835,430
24582,5423
49000,7911
24582,5411
58300,7491
59100,6970
58300,6800
49080,6551
58940,5425
49080,6539
28810,8628
57135,7360
57135,7359
59409,7033
22612,7789
22612,309
22612,8129
58540,6949
11760,7934
26765,8689
11760,7924
44187,4620
25574,8072
24102,7932
25574,8012
28260,8048
CR026,6829
CR026,_
CR024,4685
CR024,4525
CR012,4685
NOICD,_
NORVS,_
44320,4879
45562,4610
44320,4800
36430,7749
20225,9903
48540,5296
66720,1272
66720,1274
47556,5198
17260,8630
67048,1474
67048,1490
50825,4590
50825,4622
51550,4610
44143,5760
51550,4575
21139,7646
12031,8302
25248,8659
12031,7702
65273,9821
65275,1060
65273,1151
91109,_
27524,7925
27536,7925
28615,7936
27695,7989
27792,8364
28615,7817
27695,7936
27792,7989
28615,8364
27695,7817
61272,_
MC534,_
52005,5995
51065,5980
51065,9649
52005,9851
50590,5719
51065,8773
50590,9649
51065,9851
50590,5995
50590,8773
51065,9646
31600,2211
31237,3121
31600,2121
25611,9357
16010,7912
43225,4542
43225,_
NB1,_
59160,_
59160,9971
59160,9903
59160,6909
37204,4029
37204,5641
50230,3880
37204,3807
37204,5551
43235,5995
52325,3995
43235,5732
90935,5995
52325,4513
43235,5980
52000,6829
19125,8544
19125,8543
58900,6849
58150,6512
58900,6561
62310,_
43275,4543
45382,_
43275,4523
43275,_
67250,1287
47561,5421
47561,5424
47561,8753
52276,5980
44187,5411
44187,1739
44187,5423
44204,4620
44187,4590
11011,8412
36488,5349
49605,3893
36488,5341
36415,_
88150,_
23657,3228
33425,3961
75726,3512
36568,8840
50200,3995
75989,5523
76942,8839
AKI,_
31367,3029
99432,5310
49495,9933
67040,1341
50080,5995
52325,8773
50080,9649
52325,5503
44110,5459
58150,4500
44005,4533
44110,6561
58150,4533
44110,6849
44005,4500
52310,5620
38600,_
21805,7929
63191,309
63191,403
27350,7796
27350,7935
27513,7796
27350,7815
44660,5783
99432,7499
59513,9959
59513,9929
27050,8039
27535,7819
61521,125
66840,1474
67039,1330
66840,1424
IW54,_
21340,7909
21340,859
21340,999
12016,8309
12016,8345
12016,9820
12016,8302
12016,8339
12016,8628
75940,3870
75940,8839
20690,7819
27756,7810
66605,1242
66605,1244
11041,8604
11041,7781
16010,8403
25260,8401
26951,8388
25260,407
20680,9353
62201,220
26756,7760
26756,7710
26756,8302
26756,8339
34471,3995
90935,3805
59870,9971
59870,9903
61580,2110
61580,2263
61580,2264
61580,299
24500,7760
24500,8309
24500,9820
11012,7901
24500,7710
24500,8302
24500,8339
61105,124
47490,5151
47490,5183
47425,5101
47490,5104
47490,5182
47600,5151
47600,5136
25270,9820
11010,8388
11010,8364
27880,7760
11012,8415
27605,9820
11010,8311
27605,8628
27507,7760
27507,8309
27507,7710
27507,8302
27507,8339
59504,_
51565,5674
51565,5760
36568,4590
44140,3893
36568,4572
28345,7849
28345,8669
49200,4563
58345,4701
44970,6829
61626,9929
21034,7620
43045,3409
32020,9802
43215,3409
33210,3780
36488,3770
33207,3893
33210,3776
36488,3780
33207,3770
33210,3893
36488,3776
QI111,_
74360,4292
74360,8839
61607,160
29882,8036
29882,8026
65770,1173
23485,7939
23515,7731
92995,4685
43235,66
92995,4525
45378,66
92995,4513
46257,4959
46080,4939
36261,3949
15240,7923
26615,8669
15240,7933
59325,6751
11041,125
61510,8628
11041,124
34650,_
61612,3881
61612,3931
IC297,_
IC298,4513
IC297,4513
IC298,_
19120,5423
49000,8521
19120,5411
IC29,_
45305,4595
45305,4835
44152,4824
45305,4582
45305,4601
58200,5419
58200,5425
44950,4030
38770,4709
33430,3780
90935,3524
33200,3961
33430,3995
90935,3774
90935,3961
33200,3995
33430,3774
90935,3780
33200,3524
58943,6561
58200,5440
58200,6651
58943,6849
58200,5423
58200,6551
33611,3799
43500,5423
43234,9803
43840,4513
43234,5411
43234,4442
43500,4513
43234,5423
49000,4300
43234,4461
49000,4513
43500,5411
43234,4300
49000,9803
21240,7650
33153,_
44187,5980
52332,4620
44187,5732
96445,4562
49080,4593
44205,5491
96445,9925
61750,9230
25574,8185
24587,7932
25574,7929
66850,1475
65112,1652
67107,1490
67041,1449
67041,1455
67107,1474
67041,1452
68362,1289
65280,1153
68362,1159
66150,1371
66983,1261
66150,1319
IN185,_
90935,4563
69904,1692
67412,_
69904,1609
69904,_
50955,5631
52332,5633
50955,9646
50955,5980
50955,5633
50955,9649
50955,5522
52335,5633
50955,8773
50955,5732
43234,5122
47600,4513
50040,3993
36800,5502
36800,5501
27880,125
61312,8415
27880,124
43020,4209
43020,9802
28406,9357
16010,7819
44538,_
50500,8628
11043,5581
50500,8345
61585,1659
61585,299
61585,7739
50225,3995
OO39,_
49020,4685
43239,5419
49020,4525
45378,5419
49020,4514
26765,8309
26765,9820
44140,5310
49501,4590
44140,5300
44140,6310
49501,4572
23665,125
61312,7971
23665,124
31500,4443
43255,9604
31500,4233
14040,9820
67350,1501
11010,8446
27881,9820
11010,8415
27881,8628
27707,7737
65285,1359
28810,9820
27511,7710
27511,8302
27511,8339
MCP01,3735
33476,_
MCP01,3510
49080,4563
49509,5423
II119,_
27497,8314
27497,8345
49200,6551
58940,5440
49200,6539
21315,7760
21315,8309
21315,9820
11012,2171
21315,7710
21315,8302
21315,8339
26540,8172
26540,7934
26735,8172
26540,7924
27832,7989
59409,7759
59612,7359
28008,8309
28008,8302
28008,8339
58120,6840
59525,6909
58120,6839
24600,7925
27640,7860
27475,7825
19180,8571
19361,8541
19180,8554
32002,7760
32002,8309
32002,8345
32002,9820
11012,3404
12054,8628
12054,8345
27823,9353
43653,4319
43653,5421
56740,6849
58200,4709
44950,7124
56740,4011
56740,4709
58200,7124
44950,4011
56740,6561
45389,_
22846,7769
63075,7859
22846,8451
22846,8051
63075,8451
22846,309
63230,4685
63230,4525
63230,_
20206,6097
53852,8321
20206,6021
47232,_
93545,54
33249,8857
93545,3794
67039,3995
63706,9933
48154,5136
48154,5251
48154,5270
67581,1662
67581,1664
65175,1459
67108,1671
65175,1449
90935,139
61154,3995
90935,124
59150,6551
58940,5421
96408,3491
32020,9925
96408,3404
32002,9925
96408,3409
65105,1623
67400,1641
65105,1609
26357,7760
26357,8309
26357,8345
11012,8251
26357,7710
26357,8302
26357,8339
24685,8302
24685,8345
24685,8388
24685,7760
24685,8339
24685,9820
25260,7932
24685,7710
24685,8309
75989,5294
43264,8839
75989,5188
64719,3891
34111,460
36568,9925
96450,9604
36568,331
31500,9925
96450,3893
31500,331
16010,125
27602,8628
61312,9357
27602,124
27602,9357
61312,8314
16010,124
27602,125
12056,1840
12056,2181
12056,2751
12056,8659
12056,881
60605,3862
60605,3980
67908,833
67908,835
65140,1641
15931,8628
27514,8345
11044,7935
27514,7760
27514,8628
11044,7815
61538,124
21445,7760
21445,8309
21445,8345
21445,7710
21445,8302
21445,8339
27448,7735
57108,7040
41874,9357
16010,2450
41874,8628
99433,_
35241,3923
11043,3956
35241,8345
PO829,_
23515,8309
23515,9820
11012,7929
15580,8309
15580,9820
11011,8660
15580,8302
15580,8339
15580,8628
49509,4610
45330,4613
44144,4525
49509,5411
45330,5423
49509,4613
45330,5300
44950,4525
45330,4709
45330,5310
49509,4709
45330,4579
44950,4613
44144,5300
44144,4709
49509,4579
44144,5310
49509,4525
45330,5411
WO199,_
97155,_
58150,6829
58558,6849
58150,6816
27824,8199
26037,8401
26952,8212
26037,407
12005,8309
12005,9820
12005,8302
12005,8339
11042,5310
61107,6310
49496,8628
11042,124
61107,5300
11042,6310
61107,8628
49496,124
11042,5300
61107,5310
27784,8309
27784,9820
24685,7939
28445,7817
27784,8628
11012,7926
24685,7936
27784,7760
28445,7932
27784,7939
24685,7926
28445,7936
27784,7710
27784,8339
27784,7932
24685,7817
28445,7926
28344,7849
47562,5253
48140,5123
47562,4150
27394,8385
27712,7730
28420,7809
28420,7939
52276,5700
62165,159
55040,5423
49000,6310
55040,5411
33463,3961
33430,3514
33463,3524
33463,3514
50630,5492
49085,5620
50610,5492
25690,7909
43350,4210
43124,4211
32020,4242
38100,3409
43350,4150
43124,4210
32020,4211
38100,4242
43350,3409
43124,4150
32020,4210
38100,4211
43350,4242
43124,3409
32020,4150
38100,4210
43350,4211
43124,4242
44960,8753
47605,4709
44960,5122
67041,3995
ECK76,_
11043,7939
29085,7933
29085,7923
27759,4461
43840,7936
27759,4442
66600,1242
43830,3121
61313,4319
43830,125
61313,3121
31600,4319
43830,124
15240,8403
20690,8669
26910,7810
15240,8401
20690,8403
26910,8669
15240,7810
20690,8401
27594,8015
27033,8417
27590,8015
52332,5733
52204,5522
52204,5980
52335,5733
52204,5631
NS009,_
20910,8382
30465,8669
31225,3479
15732,2187
20910,2220
30465,8332
31225,8382
20910,3479
44187,4594
44950,4620
44145,4709
44187,4579
44950,4594
44145,4620
44187,4709
96408,125
61510,9925
96408,124
44140,4620
44950,4572
44187,4572
P0001,9971
P0001,9903
45330,4685
35470,3950
27505,_
11404,8302
27603,8630
11404,7710
58101,5423
59120,_
58101,5411
58101,6549
58101,_
75600,8842
LO30,_
37204,8849
75716,3880
37204,8848
27036,8045
11044,8095
27036,8319
27036,8345
26350,479
64721,8286
26350,460
67051,1671
65920,1474
35641,3925
EZ370,_
66680,1474
67040,1239
66680,1424
23195,7792
42870,2850
27510,8345
11044,7905
27510,8016
27510,8628
27310,7905
11044,8016
27510,7760
24145,7763
67318,1590
27250,7760
27250,8309
27250,8345
27250,9820
27250,7710
27250,8302
27250,8339
27250,8628
57120,7080
97274,_
58200,9971
36430,4011
58200,9903
29065,7925
25600,8152
27506,9353
29065,8152
27506,7902
29065,7815
25600,7925
47600,6849
58150,5122
47600,6561
27758,9353
27750,8659
12002,7906
26145,8345
20902,7925
33542,3733
90935,7925
51500,5459
49000,5349
44005,5751
51500,5411
49000,5751
51500,5423
54520,5850
52276,6230
11052,8382
42725,2800
25035,7719
21180,1689
21180,7646
21180,7691
49497,5310
58600,4709
58720,6639
15574,9820
11010,8670
15574,8628
44388,4610
44143,4513
44388,4575
43235,4610
44388,4513
43235,4575
15750,8302
15750,8345
15750,8669
15750,7760
15750,8339
15750,9820
15220,8670
15750,7710
15750,8309
15750,8628
58145,6813
58145,6711
47360,5423
49000,3886
24530,7931
24546,7901
24530,7842
010/6,_
25116,8175
11000,8342
25116,8628
11000,8175
25116,8342
ECH35,_
44602,4610
44005,4613
44144,4673
44602,5459
44602,4613
44005,4673
44144,5459
44602,4579
57284,7071
57240,7079
57284,7052
57250,7079
57284,7051
56740,6829
36430,4543
43269,5294
43264,9755
43269,5188
99360,6849
58150,8908
99360,6561
99360,8908
56637,4030
56637,7150
21120,7668
69700,1919
21196,7760
21196,8309
21196,8345
21196,9820
43810,4439
27130,7860
11011,7905
27071,8345
27071,7760
27071,8628
58600,6601
59150,6639
58600,5421
25295,8391
11000,8286
11000,8251
28020,7937
28485,8018
25525,7760
25525,8309
25525,9820
11012,7979
25525,7710
25525,8302
25525,8339
15757,8628
11043,8660
15757,8345
44050,4709
44050,5423
44950,4680
44050,5411
45380,4685
27745,7936
27828,7819
27745,7817
99432,4575
44143,9929
49000,9959
44143,5411
99432,5423
49000,9933
44143,9959
99432,5411
99432,4610
49000,9929
44143,9933
32020,4685
43235,3409
32020,4525
45378,3409
32020,4513
27676,7737
27676,8388
15937,7789
15937,8382
15937,8630
42835,2860
39000,3410
45385,4443
20220,4523
43255,4542
35701,8628
11000,3802
46221,9622
45303,4945
46221,4823
33501,3699
11043,7860
11043,294
11043,9788
49560,5104
47480,5351
37205,9933
30118,2188
30520,2131
30118,2150
50370,5553
50081,9649
50081,8773
52005,5521
52005,5503
56633,7150
32660,3731
HH259,1371
HH259,1341
HH259,_
43235,3780
33207,4513
43235,3776
13260,_
11403,4912
46270,8630
11403,4911
20200,8345
11044,7840
27724,7760
27724,8628
11044,7807
27724,8345
25830,7780
29065,8129
25830,9353
29065,7780
25830,8129
27303,8345
25920,7760
25920,8309
25920,8345
25920,9820
11012,8404
25920,7710
25920,8302
25920,8339
25920,8628
11012,8382
15738,7760
15738,8309
15738,7710
15738,8302
15738,8339
21432,7949
43810,5423
43810,5411
52334,5980
27156,7735
27156,7739
27156,7985
KL960,_
SO19,_
28415,7760
28415,8309
28415,8345
28415,9820
28415,7710
28415,8302
28415,8339
28415,8628
11010,8403
010/0,_
44155,5310
49505,4582
49505,4869
44155,5300
49505,4620
ANC,_
27884,8628
27884,8345
45378,9804
45379,4525
43800,4429
35236,7932
35236,8499
25526,3956
35236,7819
35236,7939
66987,9928
66172,1341
50900,5682
49525,5810
49525,5860
49525,6094
49525,8929
52601,5300
16010,8042
16010,8012
24006,9357
58180,7499
28470,7904
11043,7904
26720,7907
62180,220
43520,4330
49080,4579
25490,9820
11010,7813
25490,8628
34401,3807
34401,3893
36430,139
61154,9903
43320,4252
43320,4400
43320,4429
50060,5980
36145,5501
52332,3895
50060,5732
36145,5980
50060,3895
36145,5732
21330,7760
76930,_
12013,7901
24500,8659
12004,7901
26567,7849
63285,340
58563,6829
99256,640
60254,8907
99256,4040
P0001,4513
96408,5642
50234,9925
33641,3995
90935,3571
66984,1289
43239,9804
45379,4514
45378,9971
20692,7860
40652,8628
11043,2759
40652,8345
11000,9824
11000,6492
ONMAINTEN,_
STAGHORNC,_
RIGHT,5501
50075,_
STAGHORNC,5501
RIGHT,_
27786,8628
27786,8345
JO38,_
15931,8345
75872,8867
10000,_
60000,609
10000,9933
30000,9959
60000,_
99432,2110
10000,609
30000,9929
60000,9933
67039,1460
67121,1424
NM200,_
54670,6261
51585,4029
51585,5671
51585,5779
52005,5501
50075,9646
16386,_
53520,5842
24134,8345
31623,_
28130,7798
28130,8345
23657,3460
32650,3228
23657,3421
44610,9933
36568,_
44610,3893
44610,_
36245,3891
44800,9933
II500,_
27752,7760
27752,8309
27752,9820
27752,7710
27752,8302
27752,8339
23044,7860
59513,7360
59409,7499
59513,7359
50544,5587
27320,407
25107,8019
65275,8309
65275,8345
65275,9820
11011,1151
27078,7765
27078,7769
27607,7936
27792,8017
27607,7817
27610,7936
27607,8017
27610,7817
47600,5300
28510,9357
11740,7908
16010,8604
28510,8628
11740,9357
16010,7908
28510,8604
11740,8628
54120,6430
28008,7760
28008,7710
11044,8309
11044,9820
25248,8345
49080,4679
49560,5459
27766,7710
27766,8302
27766,8339
27814,7760
27814,8309
27814,9820
27814,7710
27814,8302
27814,8339
27814,8628
27086,8345
90935,8403
26910,3995
90935,8401
44312,4594
44145,4641
44312,4579
27187,9820
11010,7855
27187,8628
45100,9933
12013,7769
44960,7760
44960,8309
44960,8345
44960,9820
11012,4709
44960,7710
44960,8302
44960,8339
11011,5423
49000,8339
93510,3770
33208,3722
33210,3772
33208,3770
33210,3722
93510,3772
43235,5310
49507,4513
50395,4610
49000,5980
50395,5423
50395,5411
33764,3900
29888,8036
29870,8145
35161,3995
19160,8628
11043,8523
19160,8345
27230,9357
16010,7905
27230,8628
49080,8753
47610,5425
49080,5122
23515,139
61154,7929
58700,7360
59409,6651
58700,7359
26490,479
64721,8256
26490,460
26490,8256
33426,3512
33464,3524
33426,3961
33464,3514
33426,3528
33464,3528
60650,5423
49000,729
11111,_
58285,6879
60600,3980
23395,8377
35665,3925
27215,5423
49000,7939
27215,5411
27215,7939
47570,4543
43239,3995
45385,5132
90935,4514
47570,4523
67921,1663
67584,842
67921,1049
67228,1490
67041,1425
29405,9788
59432,9959
59432,9929
59432,7499
59432,9933
11044,7925
28705,8111
28705,8199
59514,9901
58180,9901
36450,7499
54324,5845
54324,5849
AE861,_
45800,4685
44950,5783
45378,4709
45800,4525
44950,4685
45378,5783
45800,4709
45800,5783
08081,_
44152,5423
49000,4582
49000,4601
LTCS,_
67050,1372
66985,1343
26418,7933
26615,8286
26418,7923
28606,7760
28606,8309
28606,8345
28606,9820
11012,7818
28606,7710
28606,8302
28606,8339
28606,8628
27640,8345
43234,9607
10140,206
62146,8604
10140,204
45378,4850
45120,4685
45378,4595
45378,4865
45120,4525
52301,5641
52301,5732
36488,9929
49606,9933
99432,3893
36488,5492
49606,5341
36488,9933
49606,9959
99432,5492
36488,9959
49606,3893
49605,5492
49606,9929
42910,6970
42910,7360
42910,7359
42910,_
50575,4685
44320,5620
36800,5631
45378,5732
90935,9645
44320,9649
50575,3993
36800,5521
45378,5620
44320,8773
36800,9645
45378,9649
50575,3995
90935,4610
44320,3993
36800,4525
90935,5620
44320,5631
36800,5732
45378,8773
44320,3995
36800,4610
45378,3993
50575,4525
44320,5521
36800,5620
45378,5631
44320,9645
36800,9649
50575,4610
36800,4685
45378,5521
44320,5732
36800,8773
45378,9645
43234,4449
43501,3893
43234,4441
36488,4449
43501,4513
43234,3893
36488,4441
38220,5423
31500,4131
49000,9604
38220,5411
31500,5423
49000,4131
38220,9604
31500,5411
32140,3229
32718,_
26676,7760
26676,8309
26676,8345
26676,9820
61533,124
41086,_
59512,_
67973,1610
61334,869
67973,1609
58120,4685
45378,6909
58120,4525
27248,9344
26037,9820
11010,8212
26037,8628
19160,8544
19240,8523
19160,8543
26420,8628
27502,7935
27514,7905
27502,7815
58822,6591
26110,7760
23180,8302
26110,8339
23180,8345
26110,9820
23180,8014
11012,8034
26110,7781
23180,7710
26110,8302
23180,8309
26110,8345
23180,8628
23180,8034
11012,7781
26110,7710
23180,7760
26110,8309
23180,8339
26110,8628
23180,9820
49000,6551
58940,5411
26450,479
26037,8313
64721,8212
26450,460
26037,479
64721,8313
26450,8212
26037,460
27513,7710
27513,8302
27513,8339
27036,8095
MENINGES,_
26440,8211
32020,5425
49080,3409
42210,2450
42210,2762
11044,7904
26720,7906
27750,7904
11044,7906
12001,9933
24665,7710
24665,8302
24665,8339
24665,8628
27556,7935
27514,7819
63276,3402
32100,340
63276,3328
27090,8005
28001,9971
36430,8303
28001,9903
47600,9971
44950,5122
38100,4709
47600,9903
38100,5122
47600,4150
38100,9971
36430,5122
47600,4709
44950,4150
38100,9903
23174,7702
55175,6149
24515,7939
23515,7931
24515,7929
08002,_
28122,8411
11044,7788
28122,8628
28820,7788
11043,7788
28122,7760
66820,1364
23600,9359
29058,7901
23600,9353
33875,3929
33875,3958
67041,1371
67036,1490
20692,7936
27535,7810
25545,7925
44180,4685
43235,5451
44180,4525
45378,5451
44180,4513
47425,5123
43264,5104
47562,5151
43264,5183
47425,5294
47562,5104
43264,5182
47562,5183
47425,5188
43264,5151
47562,5182
43268,5151
47564,5293
43268,5123
49588,5459
44388,4590
58952,4030
58952,6849
33681,3961
33020,3562
33405,3712
33681,3522
33020,3961
33405,3562
33681,3712
33020,3522
43269,8753
47563,9755
43269,5123
11042,8192
11042,8396
20605,8628
11042,8191
11042,8394
51010,4610
44143,5711
51010,4575
29345,7860
27496,8628
27496,8345
55650,6073
29365,8321
27330,9353
29365,8016
27826,7819
24164,7863
27759,7935
27513,7936
24515,8444
27759,7906
27750,7936
26230,7760
26230,8309
26230,8345
26230,9820
11012,7784
26230,7710
26230,8302
26230,8339
26230,8628
58870,_
45368,_
45368,4685
45368,4525
CR018,_
33572,3610
26160,5310
49505,8221
26160,5300
23331,8302
23331,8345
23331,7781
11012,8001
23331,7760
23331,8339
23331,9820
23180,8001
23331,7710
23331,8309
23331,8628
50959,5539
50959,5631
50959,5633
50959,8773
50959,9227
50959,9646
50959,9649
57205,_
45805,4610
45805,5783
54378,4685
54378,4525
54378,_
43239,4513
43234,4514
77415,_
30580,2239
21025,2271
30580,7631
21025,2239
30580,2271
46060,4543
46250,4823
46060,4836
46250,4873
45309,4901
45309,4993
46250,4542
46250,4835
46250,4901
45309,4911
46250,4993
45309,4946
46060,4542
46250,4543
46060,4835
46250,4836
45309,4873
46250,4911
45309,4912
69433,3997
69801,2001
69433,2079
33202,_
CERVIXUTE,6551
BENIGN,_
31755,3179
36011,4685
36011,4525
CR023,_
27454,7735
36215,3891
50220,5600
36011,5732
36011,3995
52337,3893
50220,5522
90935,5600
36011,5631
36011,5641
52337,3995
50220,3893
36011,5600
36011,5551
36011,5522
50220,5631
36011,5980
10060,8669
15240,8604
52450,5810
52450,5860
52450,6094
52450,8929
52601,6000
52450,5732
52450,5850
52450,6029
52450,6373
58563,6813
58100,6823
58563,6711
36707,_
25020,3891
90935,8314
34111,3409
25020,3803
90935,3891
36488,8314
32020,3995
34111,3893
25020,3409
90935,3803
36488,3891
32020,8314
34111,3995
25020,3893
90935,3409
36488,3803
32020,3891
34111,8314
25020,3995
32020,3803
48120,5222
59812,6813
58100,6902
59812,6711
51040,6539
58940,5717
51040,5411
51040,6551
49000,5717
51040,5423
28470,479
64721,7907
28470,460
44145,4685
45378,4579
32502,_
29365,8086
22845,7859
28476,7760
28476,8309
28476,8345
28476,9820
28476,7710
28476,8302
28476,8339
28476,8628
28740,8114
31292,1609
31292,2219
P0000,3491
P0000,3404
67049,1372
66985,1380
22114,7769
13160,_
25560,8401
26952,7902
25560,407
11043,8192
11043,8396
20610,8345
11044,8076
27334,7760
27334,8628
27334,8345
43234,4590
43234,4572
49080,6549
59120,5425
45331,4590
45331,4572
OO020,_
66987,1212
66500,1341
23515,7859
21365,7929
61586,124
47480,5459
47562,5103
47480,5123
44005,5103
28755,7758
58740,6549
49080,6589
59120,6589
58740,5425
28202,8381
28202,8345
36430,5136
47612,9971
36430,5151
47612,9903
58600,5419
58600,5425
10160,3991
10060,8601
29345,8604
35761,9353
10160,3800
10060,3991
29345,8601
35761,8604
10160,9353
10060,3800
29345,3991
35761,8601
10160,8604
10060,9353
29345,3800
28225,8391
44310,9971
36488,4620
44310,9903
36430,4620
44310,3893
CR120,_
11010,8286
36488,8753
47605,3893
36488,5122
26615,7925
27506,7933
26615,7815
26615,8152
27506,7923
11010,7852
25545,7760
25545,8309
25545,8345
25545,7710
25545,8302
25545,8339
27550,7925
35311,3815
35741,3808
35741,3991
11011,407
31500,4610
44143,9971
31500,4525
31500,4685
36430,4575
44143,9604
31500,4575
36430,4610
45378,9604
44143,9903
21196,7662
21040,7691
21194,7859
21196,7769
21040,7643
21196,7691
21040,7859
21194,7769
21040,7662
44310,4685
45378,4620
32020,5504
32020,5980
50081,3409
32020,5503
32020,5521
27506,125
61312,7815
61312,8152
27506,124
61312,7925
23460,8196
56405,9903
36430,7109
56405,7359
56405,9971
59409,7109
56405,7360
11044,9971
36430,7760
11044,9903
61618,212
67700,889
67840,809
67700,820
11011,7926
11011,7817
11011,7936
29075,8401
26952,9353
29075,407
33130,3733
NO93,_
27217,7710
27217,8302
27217,8339
27217,8628
27425,8076
29877,8049
27425,8086
29876,8049
27425,8026
38240,4100
ENH25,1371
ENH25,1341
ENH25,_
60521,781
60521,782
27511,8036
27511,8016
27511,9829
28312,7739
93555,3961
33405,8850
93555,3522
35102,3844
35102,3846
35102,3847
35102,3952
61312,3121
55700,5504
55700,5980
50081,6011
55700,5503
55700,5521
58150,4685
44141,5459
44141,5411
44372,4262
32110,4513
11040,9608
43107,3349
44372,3402
54316,5849
54316,6449
65275,1364
66830,9821
65275,1214
65275,1365
66830,1151
48140,4590
44140,4150
58140,6849
58140,6561
49258,_
36514,_
92973,66
33766,3921
67210,1289
65260,1454
67210,1159
65280,1454
67210,1401
68720,884
67961,981
68720,8671
34421,4029
34421,5641
50230,3809
52317,9646
52317,5631
52005,5700
52317,8773
52337,9649
52317,5600
52337,5700
52317,5980
52337,9646
52317,5522
52005,5600
52337,8773
52317,9649
44388,9971
44388,9903
43235,4579
27827,9353
63555,_
37730,8669
37760,3889
37730,3880
44005,5136
51860,6849
44005,5781
44604,5459
51860,6561
44604,5781
51860,4675
44604,6849
58150,5781
51860,5459
44005,4675
21060,7650
75956,3973
75956,8839
ZA301,_
64856,430
64856,460
IE142,_
NO83,3995
IE142,3995
23500,9357
16010,7909
59620,9933
31600,5423
36488,3121
44180,3893
31600,5411
44180,3121
31600,5451
49000,3121
31600,3893
36488,5451
44180,5411
69320,1860
28615,7937
28485,7989
11044,7937
28615,7760
MIXEDHAEM,4685
MIXEDHAEM,4525
50240,5423
49000,5540
50240,5411
34270,_
12001,7902
25600,7760
25600,8659
11044,7902
11010,8345
11010,7760
26474,8401
11044,8388
26474,8345
25575,7931
21395,1663
21395,7679
11012,8499
25526,7710
25526,8302
25526,8339
25526,8628
27524,7810
25500,9353
11040,8302
11040,8345
NI109,_
24435,7860
24515,9788
29065,7809
99256,7842
20680,7931
24435,9353
24515,8907
29065,294
99256,7860
24515,7842
99256,9353
20680,8907
24435,294
29065,9788
99256,7809
20680,7842
24435,7931
24515,9353
29065,8907
99256,294
24435,9788
24515,7809
99256,7931
24435,8907
24515,294
99256,9788
20680,7809
11042,7989
11042,7984
27590,3808
26727,7934
26765,7819
26727,7924
24140,7762
CR291,_
CR174,4912
CR174,4911
CR174,_
53600,5810
53600,6029
53600,8929
CR009,4513
CR008,4513
CR020,_
CR015,4685
CR015,4525
CR015,_
44160,5423
49000,4593
44160,5411
34490,3803
34490,3805
34490,3893
58345,6813
58100,6999
37615,8628
37615,8345
52500,5620
52500,5732
52500,9645
68530,7360
59409,949
68530,7359
KO51,_
KO29,_
44320,9971
44320,9903
22900,9971
36430,5430
22900,9903
44005,9357
16010,5459
11043,4610
44143,8345
49507,5810
49507,5860
49507,6094
49507,8929
20520,4195
38115,8302
20520,4143
45390,_
45390,4542
75889,8864
67650,_
38102,5361
38102,5351
49560,4150
38102,5123
11041,7933
11041,7923
36450,125
61312,9901
36450,124
88331,6849
NORVS,9933
NOICD,9959
NORVS,9929
NOICD,9933
NOICD,9929
NORVS,9959
36825,3949
35876,3893
36488,3949
35876,3993
36488,3800
50075,5620
50075,9645
49000,9901
36450,5423
36450,5411
44156,4533
44110,4582
44156,4622
44110,4869
44156,4500
44156,4582
44110,4622
44156,4869
32652,3452
59940,_
58200,4562
44120,4011
58200,4590
58200,4563
45300,4959
46200,4824
45300,4939
14040,9357
16010,8689
31090,2169
30130,2253
31090,2161
52232,5600
52232,5732
46255,4513
43234,4946
29345,8036
28810,9357
16010,8411
28110,7789
UNSPECIFIE,3893
00636,_
20101,_
23615,8309
23615,8345
23615,9820
11011,7931
23615,8302
23615,8339
23615,8628
47612,5183
47425,5122
52601,6270
54520,5732
54520,6029
54520,6373
48000,9820
11010,5299
48000,8628
27513,7905
36410,_
51040,5810
51040,5860
51040,6094
51040,8929
52601,5717
51040,5732
51040,5850
51040,6029
51040,6373
MCO01,_
49201,5423
49201,5411
49201,4675
44604,5440
49201,5459
58720,4675
58720,5459
29405,8403
26910,9353
29405,8401
27758,7860
15100,9357
16040,8669
16010,8669
15100,8630
29365,8192
29365,8396
29365,8191
29365,8394
21337,8628
21337,8345
VV899,_
FRACTURED,_
27065,7765
27065,7769
27065,7805
27065,7809
31231,2262
31231,2119
31237,2262
31267,2211
31231,2220
30930,2188
30520,2162
30930,2150
30930,2162
37618,3991
35761,3880
37618,3800
45341,4912
46285,_
45341,4911
45341,_
46611,4921
46611,4931
58510,_
58510,5980
58510,5732
29815,8181
23420,8031
29815,8021
29815,8363
29826,8031
29815,8041
29815,8031
11720,8309
11720,8345
11720,9820
11011,8627
11720,8302
11720,8339
36861,_
28540,7979
40819,5310
27086,5423
27086,3409
11043,5411
49000,9829
47120,5132
47721,5022
47120,4439
26492,479
38571,6871
49255,4029
58120,5421
38571,6909
49255,6563
58552,4029
20600,479
24685,7931
24546,7932
24685,7842
28660,8345
22851,8129
20936,309
22800,7789
22842,8129
63047,8451
63047,7809
20936,8129
22800,8451
27960,_
59120,7430
59121,6549
59120,6602
58400,6849
58150,6922
58400,6561
90935,5361
49561,3995
90935,5351
45328,4685
45328,4525
60500,639
BO7,_
96408,5749
27235,8628
27502,7819
27792,7905
15100,7817
27756,8669
27235,7760
15100,7819
27502,8669
27502,7817
43502,4282
43502,4300
ZZ380,9933
ZZ380,_
62010,125
61305,202
62010,124
39600,_
43220,4685
45378,4292
43220,4525
21485,7693
43820,4579
55770,_
15240,8662
49200,5423
49200,5411
11221,_
12044,7819
27756,8659
35556,3929
33474,3513
33474,3961
93556,3525
33413,8843
33475,3526
27405,7936
27792,8146
27405,7817
36470,_
44143,3893
36488,4575
35002,3842
35002,3845
35002,3952
33665,3554
27871,8111
36247,3891
99432,4563
44120,9933
99432,4289
11040,9929
43312,9933
64792,407
HEMODIALYSIS,_
27365,9820
11010,7769
27076,7769
26951,3995
90935,407
38220,9933
23802,8123
23802,7939
23515,8123
23802,7929
57110,7040
49560,5122
20808,8423
27758,7933
26615,7936
27758,7923
27244,8345
50546,5423
49000,5551
53405,5671
53405,5849
55110,6270
54520,6100
55110,6230
ZM868,_
26185,7799
44602,6270
54520,4673
44602,6230
47563,3995
90935,5123
47420,_
NSD01,5104
24586,8042
24006,7929
24586,8012
66982,1254
65850,1330
50750,5586
64790,407
32940,3339
11043,8017
27603,8309
27603,8345
27603,9820
11011,7710
27603,8339
23680,9359
29058,7931
23680,9353
99256,8154
27447,8907
99256,8147
14040,8309
14040,8302
14040,8339
12041,8628
12041,8345
23515,2181
12054,7939
23515,1840
23515,2751
23515,881
12054,7929
57250,7359
59409,7071
66940,1269
66170,1359
66940,1264
53903,_
35013,3995
28232,8313
37720,8345
35450,3950
43262,4513
43234,5185
65400,1289
65280,1149
65400,1159
27536,8345
25525,7925
27506,7932
44950,5810
44950,5860
44950,6094
44950,8929
52601,4709
44950,5732
44950,5850
44950,6029
44950,6373
11000,4590
44140,8628
11000,4572
75741,8843
63277,340
68500,920
NSD01,5423
NSD01,5411
MCP01,9903
MCP01,9971
OO29,_
43225,4685
43225,4525
25111,479
64721,8221
25111,460
11000,7932
11000,8499
11000,7819
11000,7939
11010,8604
61605,160
69740,430
61605,450
69740,160
61605,430
69740,450
NSD01,7252
59411,_
58673,6651
58740,6602
58700,6639
58673,6589
58700,6602
38740,8548
38740,8547
20838,8426
27524,7933
27524,7923
14000,8544
19240,8689
14000,8543
46255,4835
11043,8571
19361,8345
61304,9901
36450,4685
45378,9901
36450,4525
19240,9357
16010,8543
21206,7665
62200,9357
16010,220
62200,8628
62230,9357
16010,242
62230,8628
59700,_
KI579,4685
KI579,4525
KI579,_
53215,5717
53215,5839
31500,3995
76942,9604
36488,_
76942,3995
36488,9604
90935,9604
76942,3893
96405,_
31624,_
33870,3958
33870,3961
47563,5185
46260,5300
45378,5310
49000,4946
49507,4525
45378,5411
46260,5310
49507,4685
46260,5411
46260,5423
45378,5300
49507,4946
43100,4232
50780,5800
50392,5631
50392,5980
52335,5512
50392,5522
50392,5732
52281,6230
59575,_
59575,5641
50546,_
59575,5551
ND01,_
48155,5260
NSP,_
61700,125
61313,3951
61700,124
49900,3491
49000,5461
32000,5423
49900,3893
49000,3491
36488,5461
32000,5411
49900,5423
32000,5461
49900,5411
51520,5719
25263,8309
25263,8345
25263,9820
25263,8302
25263,8339
25263,8628
IO809,_
47362,5099
66984,3995
90935,1330
23515,7801
23485,7929
49561,6849
58150,5351
59513,7071
59513,7052
57250,7499
19162,8570
36438,_
61312,8345
61312,7935
11012,124
27507,125
61312,8309
61312,7760
61312,9820
27507,124
44604,4442
43840,4675
44604,4461
32020,4195
39501,5423
38115,3482
32020,4143
49010,3409
39501,5411
32020,3482
49010,4195
39501,3409
49000,3482
49010,4143
39501,4195
38115,3409
49010,3482
39501,4143
26841,8129
26841,8401
26951,8129
26841,407
24586,7931
24546,7929
24586,7842
58740,5440
31600,640
36430,3121
31600,9971
60240,3121
31600,9903
12002,9829
12002,8016
27331,8659
12002,8036
90939,_
43112,4242
43112,4262
43112,4429
52330,5749
52330,5810
52330,5850
52285,5980
52330,5791
52330,5839
52330,5860
52285,5620
66250,1292
66250,1473
65810,1283
66250,1291
66250,1472
99256,5151
47420,8907
99256,5104
12002,8314
25023,7932
12002,407
25515,8314
25023,8659
25515,407
99256,8544
19240,8907
99256,8543
CR001,9971
CR001,9903
52005,8628
11043,5732
11043,8773
11043,9649
52005,8345
11043,5980
11043,9646
53410,9820
11010,5979
53410,8628
26910,8309
26910,9820
20680,7925
20902,8152
27506,294
20902,9788
27506,7800
20902,7860
27506,9788
20680,7800
20902,7815
20680,8152
20902,294
27506,7860
20600,8345
11044,8192
11044,8396
20600,7760
20600,8628
11044,8191
11044,8394
40818,2749
58513,_
44620,5423
49000,4650
44620,5411
31500,5440
58952,9604
31500,6529
44005,9604
58952,5411
31500,6561
58952,5423
31500,5459
33702,3539
33702,3961
61154,125
61312,139
33692,3581
31622,9357
15100,3324
31622,8628
16010,3324
31622,8669
25545,7931
65280,1291
76393,8897
55260,_
12042,2181
12042,1840
12042,2751
12042,881
66625,1269
66170,1214
66625,1264
TIN39,_
52332,5310
49505,5732
33321,125
61510,3929
33321,3931
LO241,_
27829,7926
27846,7859
11000,8199
27784,9359
27829,9353
29405,7989
27846,8628
29405,7859
11000,9359
27829,7989
27846,7817
29405,8199
27846,9359
11000,9353
27784,7989
27829,8628
27846,7926
27784,7859
29405,9359
27846,9353
11000,7989
29405,7926
27846,7936
11000,7859
27784,8199
53415,5310
49505,5849
53415,5300
90935,4639
44130,3995
90935,4590
27360,8339
27360,9820
27360,9788
11011,7785
27360,8309
27360,8628
27360,7860
20680,7785
27360,8302
27360,294
25023,7760
25023,8309
25023,8345
25023,9820
37160,3910
11043,7929
27766,8345
37204,2263
31254,3880
37204,2219
32661,3731
37660,3889
32651,3409
32020,3252
19361,8544
52540,5641
52540,5551
52540,_
27226,7936
27535,7935
27226,7817
27766,7760
11044,7819
58600,5641
50220,6639
58600,5551
54318,5846
67882,852
67882,899
52337,5501
50075,5600
24006,8345
11044,8042
24006,7760
11044,8012
31057,_
CS49,_
NBS,9933
NBS,_
27759,7926
11644,4040
15740,8630
38724,8670
11644,4021
15740,4040
38724,8630
11644,8670
15740,4021
75953,3891
75953,8839
62160,1940
62160,2099
69641,299
62160,1860
62160,2049
90935,8414
27888,3995
12036,7760
12036,8339
12036,9820
27792,8659
12036,7936
12036,8302
12036,8345
12036,7710
12036,8309
12036,8628
12036,7817
36488,5850
36011,5860
36488,6373
36011,8929
36011,5810
36488,6029
36011,6094
P0000,125
61312,_
P0000,124
44044,_
47610,5110
61510,3893
36488,4563
44314,4639
44125,3893
36488,4641
44314,4562
36488,4639
44314,3893
44125,4641
36488,4562
44314,4563
76360,3491
32002,8838
76360,3404
27244,295
20661,7935
27244,294
58150,4610
26434,8309
26434,8345
26434,9820
11011,8381
26434,8302
26434,8339
26434,8628
15200,8669
21406,7679
26390,8171
26910,8233
26390,8401
11043,479
64830,8345
44110,4709
44950,4500
49505,6270
52320,5631
52320,5522
44950,6230
54535,4709
20610,8659
15931,8191
15931,8394
26075,9820
11010,8014
26075,8628
39145,_
52305,5719
52305,5732
49585,6639
58661,5341
35484,3950
47612,5459
47612,5104
47420,5136
24670,8192
24670,8396
20610,7902
24670,8191
24670,8394
NOSOCOMIAL,125
61313,_
NOSOCOMIAL,124
28820,8415
36430,8411
28820,9971
27880,8411
28820,9903
36430,5411
49000,9971
69601,2041
11044,7926
27707,8628
27759,7737
27750,7817
27707,7926
27707,7906
27784,7737
27707,8345
27750,7737
27707,7817
27707,7936
27784,7906
11044,7737
27750,7926
27707,7760
14020,8388
25270,8689
11402,7860
25575,4563
49507,6270
62010,9357
16010,202
62010,8628
35681,3929
21506,_
24515,7937
28485,7938
28525,7931
24515,7938
28485,7931
28525,7937
28022,7760
28022,9820
28022,7710
28022,8302
28022,8339
28022,8628
47711,5169
47711,5179
POO9,9933
POO9,_
25574,8403
26910,7932
25574,8401
BARTHOLIN,_
49521,5459
44143,5459
44005,4575
11000,4610
61304,7710
61304,8302
61304,8339
59514,9959
59514,9929
KJ219,_
RO40,_
65285,881
67935,1159
58770,5459
36430,6602
58770,9971
44005,6602
58770,9903
28304,7738
26437,8299
11043,7814
65105,8671
67966,1641
65105,824
36450,6813
58100,9901
36450,6711
36819,_
21339,7819
21339,7929
26555,8261
20650,7760
20650,8309
20650,8345
20650,9820
11012,9344
20650,7710
20650,8302
20650,8339
20650,8628
50590,5631
52335,9851
50590,5522
11044,7979
25520,7760
25520,8628
25520,8345
92240,_
92240,5810
92240,5860
92240,6094
92240,8929
92240,5732
92240,5850
92240,6029
92240,6373
74320,_
15580,8403
26910,8660
15580,8401
22506,7925
25500,8152
27506,_
22506,7902
25500,7815
22506,8152
25500,_
22506,7815
25500,7925
22506,_
30100,2080
69421,2122
30100,2009
31805,3171
43451,_
24140,8345
19162,8521
66984,1475
67051,1330
25676,8345
27090,8345
27250,8095
33774,3584
33774,3591
33774,3961
27245,8345
96821,_
96488,3995
96821,3995
96488,_
58770,6651
44950,6602
58770,5423
49000,6602
58770,5411
58770,4709
52601,6097
53852,5850
53852,6029
53852,6373
50081,5600
52337,5504
52334,5502
52334,5501
46200,4912
46275,4959
46200,4911
46275,4939
20926,8669
58260,6813
58100,6859
58260,6711
20690,7936
27823,7810
45120,9933
99432,4850
75980,3893
36488,8754
36450,8345
25620,7925
11043,7937
45190,4832
21800,7939
21800,7929
FP,_
23044,8345
67860,_
44345,5423
49000,4643
44345,5411
12042,7360
59409,8659
12042,7359
06910,7360
06910,7359
06910,_
27524,7935
27514,7936
27524,7815
AO20,_
25332,7819
25332,8175
59401,9933
99432,8908
99432,9449
25630,7903
43247,5459
44005,9803
43247,9971
36430,4562
44005,4593
43247,5411
44160,9803
43247,4562
36430,4579
43247,5423
36430,9803
44160,9903
43247,4579
36430,4593
44160,9971
43247,4593
43247,9903
52332,5620
38770,6869
24545,7760
24545,8309
24545,8345
24545,9820
24545,7710
24545,8302
24545,8339
24545,8628
12011,2181
12011,2440
12011,2751
12011,2450
12011,1840
12011,881
26356,7760
29075,8251
26356,9353
26356,7710
67445,1601
58943,5411
49000,4011
58943,4709
67005,1289
65285,1471
67005,1159
CR466,9933
CR466,_
77401,4685
77401,4525
36430,6813
58100,9903
44145,5459
44005,4594
63707,359
65820,1371
66987,1252
66987,1253
65820,1341
IE116,_
26550,8261
49505,4590
44204,5300
69915,403
61501,125
11044,8989
27218,7760
27218,8628
27218,8345
57425,7077
50540,5585
50540,5587
28210,8381
28210,8628
11044,9357
16010,8381
28210,7760
28210,9357
11044,8381
16010,7760
28210,8345
45150,9622
45303,4891
45150,4823
47100,4709
58940,5012
47100,5459
44005,5012
47100,6551
44950,5012
47100,6539
44320,6529
16035,8669
28820,8609
28820,8669
15100,8411
28820,9357
15100,8609
16035,8411
44141,3893
36488,4572
IE162,_
65093,7691
21154,1631
65093,7646
27846,9820
58420,_
55540,5310
49507,5390
47000,4685
47000,4525
PO411,7360
26123,8192
26123,8396
20600,8235
20600,8684
26123,8191
26123,8394
20600,8662
59513,8628
11043,7499
59513,8345
58600,6949
58520,6639
58600,6941
20680,9359
27070,294
27509,9788
27509,8345
27070,7945
11044,9359
27509,294
27070,9788
27509,7789
66830,1371
66984,1365
66830,1330
66984,1364
31780,3179
37191,_
44140,3995
90935,4572
27506,7931
24546,7815
24546,8152
27506,7842
24546,7925
24500,7860
45305,4620
49000,4824
45305,5423
44310,4824
45305,5411
67935,1289
65285,1060
49906,3929
49906,5474
30140,2219
54152,5850
52276,6400
54152,5732
27357,7762
27357,7805
66987,1424
19125,_
76942,8521
27179,7845
75989,4685
49060,8839
75989,4525
49060,4685
45378,8839
75989,5419
49060,4525
33335,3958
33335,3961
19120,9199
88332,8521
19120,8908
77241,_
26785,7760
11044,7984
19220,8382
15734,8548
19220,8332
19220,8669
15734,8547
CATARACTOS,1371
CATARACTOS,1341
CATARACTOS,_
19370,8599
15220,9357
45330,5459
44005,4525
69222,2041
69222,7669
92986,3596
CR121,_
64716,460
64713,479
11044,8332
NSDO1,7360
NSDO1,7359
36000,_
36000,3995
36000,9971
36000,9903
29435,8345
11646,8382
58145,6816
DH86,_
25611,7933
26615,7912
25611,7923
52317,6097
53852,5700
52317,6021
52310,8773
52310,9646
52310,9649
52000,9851
36558,_
52325,5600
52325,5522
52325,9649
52325,5631
52337,5995
43121,4241
43121,4252
43121,4350
43121,4429
66830,1459
67108,1365
66830,1449
67108,1364
62162,299
93508,5641
36488,3721
50546,3995
93508,3893
36488,5641
50546,3639
36707,3995
36820,3995
36450,3995
43235,9901
90935,9901
36450,4513
58600,6549
59120,6639
26992,7760
26992,8309
26992,8345
26992,9820
11012,7719
26992,7710
26992,8302
26992,8339
26992,8628
36400,_
61314,3893
67052,1341
25500,881
67935,7902
25500,1060
62351,309
62351,390
59405,7360
59405,7359
59405,_
46040,8628
46040,8345
35907,3866
OB21,_
25675,8345
11000,7931
11000,7842
22808,8129
50976,5539
50976,5620
50976,5631
50976,5633
50976,8773
50976,9646
50976,9649
43510,4281
43510,4292
43510,4300
53210,5717
53210,5839
49080,7360
59409,5425
49080,7359
36450,7360
59409,9901
36450,7359
170/3,_
49573,5359
49573,5369
26200,7764
58720,6551
58720,6539
49585,5310
49525,5341
47562,8544
19240,5123
47562,8543
27687,8372
49509,4563
49509,4562
49509,4590
61304,8345
11044,125
61304,7760
11044,124
64862,430
99432,1371
66984,9929
66984,9959
99432,1330
66984,9933
36220,_
58720,5419
58720,5425
57210,7040
58275,7071
57210,6859
27524,9829
27385,7815
27331,7936
27514,8365
27524,7796
27385,8016
27350,8036
27385,7936
27350,8365
27331,7796
27385,9829
27524,8365
27385,7796
27350,8016
27385,7935
27350,7936
27331,8365
27514,7796
27524,8016
27385,8036
27350,9829
33840,3864
12031,8403
12031,8401
26910,8659
NB189,_
32020,4262
43107,3409
59409,4685
45378,7359
32151,3310
27403,7760
27403,8309
27403,8345
27403,9820
27403,7710
27403,8302
27403,8339
27403,8628
11041,8344
11041,8669
11041,3889
11041,8630
26910,9357
15100,8403
16010,8401
50760,5675
11043,8014
SO60,_
809Z3,7360
809Z3,7359
809Z3,_
25825,8126
25825,7760
25825,8309
25825,8345
25825,9820
11012,8126
25825,7710
25825,8302
25825,8339
25825,8628
12034,8628
12034,8345
11010,7789
22842,8628
63045,9820
11010,7859
22842,9820
63045,7859
11010,309
63045,8628
56440,6813
58100,7123
56440,6711
47563,5110
43260,5123
26410,8659
37615,3991
37615,3800
37720,8669
37720,3880
43324,4429
44005,4469
58200,4610
44143,4011
44143,6849
35870,4674
35870,4685
45378,4674
35870,4525
20692,7739
31368,3029
43200,640
31368,4223
60240,3029
43200,4040
31368,640
60240,4223
43200,3029
31368,4040
15100,8382
24077,8669
15736,8339
15100,8332
24077,8382
24077,8332
27725,8129
52000,5995
60160,_
49203,_
49203,6849
49203,6561
35301,3812
CS09,_
36488,3846
35102,3893
36488,3844
36488,3847
55200,6360
11470,5349
11470,5341
61000,109
59812,6639
58600,6902
45380,3995
35207,3995
36821,3959
11041,3929
35013,8628
35207,3952
11041,3959
35013,3929
35207,3843
36821,3952
11041,3995
35013,3959
36821,3843
11041,3952
90935,3959
35207,3929
36821,8628
11041,3843
53260,5839
66984,1179
65772,1330
11044,7809
20956,7760
20956,8628
11044,3999
20956,8345
DIABETICG,4685
DIABETICG,4525
DIABETICG,4513
23650,7851
23480,7971
23650,7731
27745,9346
27175,7819
27745,9344
28114,7788
26434,7760
11012,8381
26434,7710
49900,9933
11012,7791
19260,7710
19260,8302
19260,8339
19260,8628
II251,_
26000,_
52285,9649
52005,5791
36488,5839
52005,5850
10160,8309
10160,9820
11011,8601
10160,8302
10160,8339
42830,2211
31237,2860
42830,2121
24586,8345
44100,5411
49587,4527
44100,5341
49080,5349
49587,5411
26410,7934
26410,7924
27216,7909
36488,7979
27216,5423
36488,4150
49000,7909
38100,7979
27216,3893
11400,8628
11400,8345
45300,4946
46261,4824
24530,9359
24530,9353
24100,9357
23100,8321
24100,8011
03282,9933
03282,_
03312,9933
03312,_
KO11,_
58262,9971
57250,6561
36430,7052
58262,7071
36430,7071
58262,7051
57250,9903
58262,9903
57250,9971
36430,6859
58262,7052
NI80,_
UO4,3995
NI80,3995
20240,7860
44820,5440
27848,7760
27848,8309
27848,8345
27848,9820
27848,7710
27848,8302
27848,8339
27848,8628
27372,7760
27372,7710
11012,8037
27620,7710
27620,8302
27620,8339
35236,8345
58825,6849
58120,6599
58825,6561
58150,6599
58825,6909
58825,6599
50630,5732
58600,9901
36450,6639
36530,_
49520,6400
36450,8628
11043,9901
44310,4709
47360,8302
47360,8345
47360,7936
11012,3886
27758,5061
47360,7710
47360,8309
47360,8628
11012,5061
47360,7760
47360,8339
47360,9820
27758,3886
27637,7925
27758,8152
27880,7767
11000,7807
27637,8415
27880,7936
27637,7815
27758,7925
27880,8152
11000,7767
27506,7807
27637,7936
27758,8415
27637,8152
27758,7767
27880,7807
27506,8415
27637,8628
27758,7815
27880,7925
11000,8152
27506,7767
90935,5349
49588,3995
90935,5341
26562,8685
47610,3893
25118,7860
28208,7760
28208,8309
28208,7710
28208,8302
28208,8339
45331,4912
45331,4911
27558,7986
44005,8782
58925,5440
58345,6589
44005,6999
49201,8782
58345,6529
49201,6999
58925,8782
58345,5440
49201,6589
58925,6999
58740,8782
58345,5459
49201,6529
58740,6999
61130,124
35182,3953
EO52,_
58150,4594
44145,6561
66982,1164
33201,3995
54430,6498
11010,8303
62223,9933
PO34,9933
PO34,_
31586,3164
31586,3169
62223,125
61305,233
62223,124
46257,4824
27181,7855
44141,3995
52332,5361
49565,5732
36821,5551
58558,9971
36430,6816
58558,9903
P0000,6840
59525,_
P0000,6839
63087,309
63087,8099
43215,5423
49000,9802
43215,5411
12041,9820
50080,5732
44238,_
52649,5731
51000,5980
50947,6029
52649,_
51000,5674
52649,5980
51000,6029
50947,_
52649,5674
51000,5731
51000,_
28810,8415
11044,8415
28810,7760
50380,5561
94650,_
52000,5504
52000,5503
52000,5521
21188,7669
20670,7810
20670,9344
29345,9788
20663,7815
43234,9608
76360,4542
43234,4543
45383,8838
43234,4523
76360,4543
45383,4513
76360,4523
36510,9959
31500,3892
36510,9929
36510,9604
99432,3892
12002,7934
12002,7924
44382,4514
NDZ37,_
27696,8364
43235,4292
44605,8345
11044,4675
44605,7760
44605,8628
11044,4610
11044,3491
32002,8628
11044,3404
24155,8092
27665,8364
27665,8302
27665,8339
27665,8628
36825,8309
36825,8345
36825,9820
11011,3993
36825,8302
36825,8339
36825,8628
11000,5995
51065,8628
11000,5719
26145,7760
26145,8309
26145,9820
11012,8233
26145,7710
26145,8302
26145,8339
26145,8628
28171,7788
49567,5351
49567,5361
UNSPECIFIE,8630
11420,_
BRAIN,8630
59402,6639
36430,9357
16010,9971
44320,8628
16010,4610
44320,9357
16010,9903
36430,4442
43840,9903
10140,3991
10140,3800
27830,7979
60935,_
27759,7939
23515,7936
27759,7929
26615,7989
94332,_
27814,8199
12002,3491
32002,8659
12002,3404
28636,7819
99256,6849
58150,8907
99256,6561
43264,4443
43255,5188
43255,8544
19240,4233
51050,4650
44625,5411
63266,340
44146,4850
44146,5760
44146,6849
58240,4594
44146,5671
44146,6561
44146,6880
58240,4579
32100,8382
63087,8669
22800,3328
15734,3402
32100,309
20962,3999
20962,7800
27750,8192
27750,8396
20610,7906
27750,8191
27750,8394
53510,5841
33207,3961
33120,3776
39000,3524
93510,3410
33430,3522
39000,3961
93510,3524
33405,3410
33430,3722
39000,3522
33405,3524
33430,3410
39000,3722
43200,4620
44210,4223
43200,4581
47740,5136
AO1O,_
21230,7809
49000,9820
11010,5411
25620,9357
27393,8385
54692,5310
54692,5300
28810,8309
28810,7710
28810,8302
28810,8339
58120,7091
77761,6909
58120,6999
57155,6909
58150,7071
27524,8381
27381,7936
27524,8364
44960,5425
11720,8604
10060,8627
11044,8604
21500,_
90935,8302
90935,8411
11012,3995
90935,7760
90935,8339
28820,3995
90935,7710
90935,8309
45300,4993
46050,4824
46050,4993
46280,4824
11400,8521
19120,8630
11402,8521
49255,5361
49566,5440
49255,5351
76986,3942
76986,3800
36832,_
76986,3995
NJ183,3721
93508,_
NJ183,3639
NJ183,_
20938,8451
22802,7809
22843,8129
20938,7789
22802,8451
22843,7809
22802,7789
22843,8451
22802,309
22843,7789
22802,7859
22843,309
11000,8192
11000,8396
20610,8628
11000,8191
11000,8394
27286,7735
27286,8121
36488,3942
36832,3893
36450,9357
15100,9901
16010,9901
36450,8669
15350,8544
15350,8543
19240,8669
15350,8628
21030,7662
90935,4575
44143,3995
58150,4575
50081,5631
50081,5522
52337,5521
52337,5503
33534,8843
33403,3511
33403,3961
33863,3599
33863,3699
33863,3958
33863,3961
27786,639
49080,6639
58661,5425
47600,4029
47600,5641
50230,5122
47600,3807
47600,5551
52601,4685
45378,5850
45378,6029
45378,6373
19160,8309
19160,9820
11011,8523
19160,8302
19160,8339
44147,5423
44147,5411
71090,3780
71090,8839
27440,8147
62200,125
31600,220
61304,3121
62200,124
61304,220
62200,3121
34203,3808
34203,3891
99432,331
62270,9604
62270,9959
62270,9929
29611,1371
29611,1341
29611,_
35654,3929
29405,7929
27566,9353
29405,7796
26992,9971
36430,7719
26992,9903
74363,5198
74363,8839
67930,125
61312,881
67930,124
11044,7931
11044,7842
INCOMPLETE,_
65270,8628
11043,1281
65270,8345
11042,5061
11042,3886
890/3,_
52204,9646
44310,4562
24545,8321
24100,7931
24545,8012
11042,4923
46606,8628
11042,4921
27610,9357
27640,8017
16010,7780
27640,9357
27610,7780
27640,8628
15732,9357
15732,8628
20650,7935
27248,7810
20650,7925
27248,7860
XXX,_
UO5,_
50130,5502
50040,5511
50130,5501
28555,7760
28555,8309
28555,8345
28555,9820
28555,7710
28555,8302
28555,8339
28555,8628
12014,9357
12014,8628
00000,9041
89221,_
00000,8909
11043,4563
44120,8628
11043,4562
11043,4590
27230,5423
27230,5411
37607,3991
28270,3953
35761,8048
37607,8364
28270,3800
35761,8364
28270,3991
35761,3953
37607,8048
11011,8192
12032,8394
12032,8309
20610,8339
20610,9820
12032,8191
11011,8394
12032,8396
20610,8302
12032,8339
12032,9820
11011,8191
12032,8192
11011,8396
12032,8302
20610,8309
58545,5421
24420,7832
11440,889
67840,8630
11440,820
44111,4500
44111,4533
69440,1940
69440,2099
69643,2023
69440,1860
69440,2049
31515,125
61710,3142
61315,3953
31515,124
61710,125
61315,3142
31515,3953
61710,124
60240,479
64830,640
50040,4513
43235,5502
43235,5501
11044,5423
49000,7760
11044,5411
16010,160
61500,8628
11000,8571
19180,8628
11000,8554
19361,8628
11000,8541
10140,8345
67550,1669
26542,8172
46744,4879
46744,4979
46744,5849
46744,7079
43400,4291
38220,4685
43235,4131
38220,4525
45378,4131
38220,4513
11040,8076
11040,8016
59514,5411
58700,5641
50220,6651
58700,5551
27756,7840
27607,7819
27707,7710
27724,7737
27756,7807
27607,7840
27707,7819
27724,7710
27756,7737
27607,7807
27707,7840
27724,7819
27607,7737
27707,7807
11041,7931
11041,7842
26735,7932
25525,7934
26735,7819
26735,7979
25525,7924
27350,7986
29085,7932
29085,8499
29085,7819
29085,7939
33207,3995
90935,3776
12056,8628
12056,8345
AAAA,9041
AAAA,8909
AAAA,_
38101,4143
90935,9804
45379,3995
12041,_
12041,9971
NSD01,8659
12041,9903
15758,8382
25900,7760
25900,8309
25900,8345
25900,9820
11012,8405
25900,7710
25900,8302
25900,8339
25900,8628
ZS370,_
50120,5511
11011,7935
31605,125
61315,3110
31605,124
11043,125
49970,6849
58200,_
58150,4011
49970,6561
49970,4011
49970,_
29075,8388
25260,9353
61607,2263
31255,160
61607,2119
46760,5310
49507,4979
46760,5300
050/6,_
49080,4575
44143,5425
49080,4610
11043,7926
11043,7817
44602,5310
12034,8309
12034,8302
12034,8339
58820,6529
58345,6591
58820,5440
44005,6591
58820,5459
49201,6591
58820,8782
58925,6591
58820,6999
20816,9933
42600,2642
52005,6050
51565,5732
55866,5980
51565,9646
55866,9649
52005,5674
49320,711
49320,730
96445,5491
90935,8857
92975,3995
90935,3604
49520,5810
49520,6094
49520,8929
52335,5551
52335,5641
29358,8060
27409,9353
27332,8146
29358,8016
27409,8060
27332,9353
29358,8146
27409,8016
67810,884
67961,811
67810,8671
20605,8301
NBSNBHS,9933
NBSNBHS,_
CHINMASS,_
15200,7760
15200,8309
15200,8345
15200,9820
15200,7710
15200,8302
15200,8339
15200,8628
11043,7923
23515,7710
23515,8302
23515,8339
26600,8382
11043,3404
46050,4959
46200,4901
46050,4939
27524,7860
ZZ438,8192
ZZ438,8396
20610,_
ZZ438,8191
ZZ438,8394
ZZ438,_
16010,650
60271,8628
25574,7925
44050,4579
67047,1474
67047,1490
67581,1669
67580,1662
44602,6849
58150,4673
44602,6561
28046,8345
45020,4946
45317,5400
45020,4823
46255,5400
45020,4543
26753,3991
16010,_
26753,9357
16010,3800
26753,_
35761,9357
26753,3800
35761,_
26753,8628
10060,9357
SO500,1289
SO500,1159
SO500,_
23100,7939
25526,8011
27330,8031
23515,7819
23100,7932
23515,8321
23100,7929
27330,8011
23515,8031
23100,7819
27330,8499
23515,8016
25526,7929
27330,7939
27330,7932
23515,8499
23100,8016
25526,8321
27330,7929
25526,8031
27330,7819
23515,7932
23100,8499
25526,8016
24546,8012
27759,3991
10140,9353
27759,3800
10140,7936
27759,8604
35761,7936
27759,9353
BW29KG,7499
AS89,7499
BW29KG,_
58300,9933
25600,7979
23200,7761
46225,_
61458,9357
61458,8628
28341,7849
NN,_
XA,8628
XA,8345
65280,881
36822,_
58560,6829
24105,8192
24105,8396
20605,8350
24105,8191
24105,8394
93540,8849
25420,7809
15574,7760
15574,8339
28675,8670
15574,7710
15574,8309
15574,7989
15574,8302
60000,9959
30000,_
99432,609
10000,2110
60000,9929
30000,9933
49580,9929
49580,9959
49580,9933
67050,1341
66850,1343
32096,_
93543,3780
33206,8857
93543,3776
54500,6211
67025,1479
67027,1471
35240,_
35240,8857
92982,_
35240,3956
35240,66
93556,_
35240,8843
58551,6639
58551,6561
58551,_
36825,3891
34111,3993
36825,3803
45170,4685
45378,4835
45170,4525
22101,7769
43219,9608
44372,4281
43219,4513
44388,4595
AO9,_
47135,5059
47135,92
47135,93
NSD10,_
63194,309
63194,329
ESRD2TOCGN,_
27472,8345
67974,1610
67974,1609
90935,3460
32650,3995
90935,3421
27187,9346
27175,7855
27187,9344
26442,8211
26440,8391
11011,3995
11011,7904
99965,_
11100,8345
11011,8611
11100,8302
11100,8339
11000,5810
11000,5860
11000,6094
11000,8929
52601,8628
11000,5732
11000,5850
11000,6029
11000,6373
24586,8036
12011,7929
24586,8628
12011,8016
24586,9829
24586,8659
12011,8036
24586,8016
12011,9829
27331,7929
59950,_
67930,1289
67930,1159
28436,7819
27245,7760
27245,8309
27245,9820
27245,7710
27245,8302
27245,8339
27245,8628
43268,9903
47420,5293
43268,5104
47420,9903
58600,6551
47605,3995
58720,4011
27511,8659
12032,7935
27511,9820
12032,7815
58200,4030
38770,4011
28485,8381
11044,9353
28208,7937
61305,9357
36014,3891
22600,8129
29325,7860
60260,4040
60260,4021
49200,5459
49200,6849
49200,6561
21315,7933
26615,2171
21315,7923
11043,7791
19260,8345
GOUT,_
BABYBOYS,_
APGARSCOR,7499
CEPHALICA,_
7BW20,7499
BABYBOYS,7499
CEPHALICA,7499
7BW20,_
27520,7925
62100,7939
23515,124
62100,7929
26418,8401
26951,8286
26418,407
OS,1214
66984,_
OS,1371
66625,_
OS,1330
27524,9357
16010,7936
28124,7760
28124,8309
28124,8345
28124,9820
28124,7710
28124,8302
28124,8339
28124,8628
PROCTITIS,4685
PROCTITIS,4525
PROCTITIS,_
53600,6094
27686,8385
11000,8086
29877,8628
11000,8026
96408,4341
P0000,9959
P0000,9929
10060,5310
49507,8604
10060,5300
49000,7430
59136,5423
58700,6839
59136,6651
58700,7430
59136,5411
23660,9359
29058,7981
23660,9353
26952,7934
26765,407
650/3,_
58700,6909
58120,6651
35161,3893
44960,4685
44960,4525
36201,_
GASTRICMA,4685
HEMORRHOID,_
NH360,_
MCPO1,9933
CR000,4685
CR000,4525
CR000,_
76096,8737
47562,5423
49000,5123
47562,5411
44005,4400
31365,8628
31535,3040
31600,3143
43235,3121
11043,4513
31365,8345
31535,8628
31600,3040
43235,3143
11043,3121
31365,4513
31535,8345
31600,8628
43235,3040
11043,3143
31365,3121
31535,4513
31600,8345
43235,8628
11043,3040
31365,3143
31535,3121
11010,5310
36450,5980
52332,9901
36450,5732
74480,5980
74480,8839
43832,125
61315,4319
43832,124
36450,8753
47610,9901
36450,5122
29887,7939
27540,7719
29887,353
37203,9820
90935,3846
11010,7907
50040,5980
46746,4879
46746,4979
46746,5849
46746,7079
90935,8073
25119,3995
90935,7783
38571,6561
58210,5421
38571,4030
38571,6869
58210,4029
11000,6200
16010,6392
54700,8628
16010,6100
11000,6392
54700,9357
16010,6200
43825,5423
36488,4400
90935,4439
43825,9901
36450,4439
43825,3995
43235,5411
49000,4400
08001,_
27226,7860
27226,7975
27250,7810
27226,9344
27250,7935
20650,7975
27226,7810
27250,7860
28230,8313
61514,8628
43860,5459
49000,4389
44005,4450
43860,5411
49000,4450
43860,5423
44005,4389
14021,7860
27892,8077
27654,407
27675,8314
27664,8345
27625,8149
27892,8388
27654,8364
27675,8017
27664,8077
27625,407
27654,8345
27675,8149
27664,8388
27625,8364
27892,8017
27654,8077
27675,407
27664,8314
27892,8149
27675,8364
27664,8017
27654,8314
27675,8345
27664,8149
27892,8364
27654,8017
27675,8077
27664,407
27625,8314
49255,4572
44140,5440
49255,5122
47600,5440
44604,4673
49080,4675
49080,4673
44603,5425
44603,4675
44604,5425
12002,9933
31612,3110
31612,3194
29065,7749
20225,9353
29065,7745
44604,8309
44604,8345
11012,4675
44604,7710
44604,8302
44604,8339
44604,8628
II249,_
33500,3699
33500,3961
NO38,_
23172,8345
24650,7925
24670,8152
24650,7815
24670,7925
24670,7815
24650,8152
FD001,_
56440,1371
66987,7123
56440,1341
45305,4912
33208,8857
93543,3772
MULTIPLEM,9971
MULTIPLEM,9903
MULTIPLEM,9925
MULTIPLEM,_
26951,7933
26615,407
25530,8628
25530,8345
11012,9357
99256,2119
31255,8907
99256,2121
99256,2263
31237,8907
99256,2211
36488,3843
35013,3893
11043,2752
41250,8345
25525,8030
24101,7932
21040,8659
21040,2450
21040,2440
03450,_
47350,4675
44605,5061
47350,4610
68360,1153
68360,1289
65285,1153
68360,1159
36810,9971
36810,9903
36810,3995
45380,4610
45380,4575
10060,8192
27301,8394
28825,7932
28825,8499
25526,8411
28825,7819
28825,7939
ECT15,9822
65210,_
ECT15,1200
ECT15,_
57260,6849
58150,7052
57260,7071
57250,6849
11012,5423
29345,5411
49000,9353
11012,5411
29345,5423
49000,8309
33910,3528
33464,3805
33910,3961
11045,_
47383,_
47383,4542
61608,160
61608,212
0809I,7360
0809I,7359
0809I,_
36571,_
96408,8766
47525,9925
74300,9705
96408,8754
47525,8766
74300,9925
96408,9705
47525,8754
51992,5940
36450,2749
16010,4040
41155,9357
36450,2530
16010,2749
36450,7631
41155,8628
16010,2530
36450,4040
16010,7631
41155,9901
43235,9357
16010,4513
25515,7859
61304,7932
21330,125
25515,9901
61304,2172
36450,7859
21330,7932
25515,124
66250,5423
49000,1283
66250,5411
33400,3511
33400,3961
33641,3722
93510,3571
25150,8345
36408,5423
36408,5411
36408,_
29355,7926
93556,3734
33200,3964
93650,3956
93650,8857
33730,3799
43272,5164
32151,3409
26030,8628
11043,8203
26030,8345
27125,7935
27248,8152
27125,7925
20605,9353
75901,8839
75901,9820
11043,7924
90935,5504
50081,3995
90935,5503
77148,_
27238,9346
27238,9344
66987,1265
66160,1341
25560,7935
27514,7902
25560,7815
NM185,_
26488,_
11043,460
64856,8345
26037,8309
26037,8345
11011,8212
26037,8302
26037,8339
10120,7760
11012,8605
10120,7710
44900,4579
47600,4720
44900,5122
47600,4579
58600,6651
LTCSTOAL,6639
BW32KG,_
61522,125
27846,7760
27846,8309
27846,8345
27846,7710
27846,8302
27846,8339
63301,8099
47765,5499
28270,7710
28270,8302
28270,8339
36430,8309
11308,8339
11308,9820
11011,9903
25145,8345
33877,3995
90935,3954
25611,7925
61601,160
61601,212
55540,6270
54520,5390
45331,5423
45331,5411
25695,8302
25695,8628
25695,9829
29065,7929
25695,7760
25695,8345
25695,8036
29065,9829
27331,9353
25695,7710
25695,8339
25695,8016
29065,8036
25695,9353
25695,8309
25695,9820
29065,8016
27514,8309
27310,8152
27514,8339
27506,8016
27310,7935
27514,7710
27514,7925
27524,8152
27310,7936
27310,7815
27514,8152
27514,8302
27514,9820
28505,7760
28505,8309
28505,9820
28505,7710
28505,8302
28505,8339
26370,9353
44960,6849
11000,3491
11000,3404
24301,8375
24301,8377
14040,7760
14040,7710
21325,2172
21137,7646
CYSTOSCOPY,5732
52310,_
CYSTOSCOPY,5700
CYSTOSCOPY,_
62010,8309
62010,8345
62010,9820
11011,202
62010,8302
62010,8339
15116,_
15116,1371
15116,1330
69020,1371
66984,1809
69020,1330
11011,1289
65280,8302
65280,8339
65280,8628
34421,3809
11043,7789
NEWBORNPACKAGE,9933
NEWBORNPACKAGE,_
TIV1,_
TI41,_
27498,8314
19120,9357
19180,8521
16010,8541
19120,8628
19180,9357
16010,8521
19120,8541
29882,8086
29877,8147
49520,5123
11443,6813
58100,8630
11443,6711
P0000,3995
31575,2080
69420,3142
31575,2009
27756,7906
27750,7819
EE19,_
27049,5310
49520,8339
27049,5300
52648,5620
52648,9645
50575,5850
50575,6029
50575,6373
44160,9901
45378,4562
36450,4579
43456,4292
51501,_
35022,3845
35022,3995
90935,3845
35022,3952
37700,3880
36S10,9933
36S10,9604
36S10,9959
36S10,9929
36S10,_
PS99,9933
PS99,_
33427,3524
33427,3961
33973,3766
35460,3950
27752,7360
59409,7906
27752,7359
54520,5349
49587,6230
26715,9353
29085,7922
TW449,_
41872,9357
16010,2420
41872,8628
45300,4685
45378,4824
45300,4525
29855,7819
29855,8029
75757,1371
66987,9512
75757,1341
23406,8342
99432,8401
26952,9929
26952,9959
99432,407
26952,9933
12044,7760
12044,8309
12044,7710
12044,8302
27513,8345
11042,7815
11042,7935
27513,7760
19160,6813
58100,8523
19160,6711
49080,6529
12034,9357
59525,9971
28585,8345
28585,7937
28585,8628
28585,7760
32800,3399
15100,7760
15100,7710
49010,9925
29898,8087
12041,8381
26420,8659
12041,8286
CR022,_
46611,4685
45378,4921
21586,_
57520,6813
58100,6720
58100,6769
21387,7859
21365,7679
21387,7672
32520,5423
44603,3229
44850,3440
32020,4673
49000,5475
32520,3409
44850,5423
32020,3229
49000,3440
32520,4673
44603,5475
44850,3409
32520,3229
44603,3440
44850,4673
32020,5475
32520,5411
44850,3229
32020,3440
32520,5475
44603,3409
44850,5411
49000,3229
32520,3440
NS01,_
00010,_
23170,7701
26706,7760
26706,8309
26706,9820
26706,7710
26706,8302
26706,8339
26706,8628
67039,1341
36485,_
36485,5980
36485,9646
26351,6651
26351,6551
58700,_
26351,6539
26351,_
29879,8191
29879,8394
43035,4542
25605,_
47000,8839
75982,_
47000,5159
17312,8689
14061,_
17311,8689
EO500,_
47562,5298
43271,5123
47562,5184
44361,4513
44361,4525
44322,5461
49900,4525
IJ950,6813
58100,_
IJ950,6711
IJ950,_
93595,_
93536,_
27507,8444
24666,7935
27507,7932
76394,8897
93556,8839
75956,3956
75956,8857
93556,3973
75956,8843
93640,3726
93619,3964
93619,3734
33853,3931
33853,3961
32482,3249
92990,3591
93580,3596
92990,3552
33660,3510
33660,3573
33778,3584
11060,_
35452,3950
43840,7860
20650,4442
43840,8152
27506,7810
43840,9344
27506,4442
20650,4461
43840,7815
20650,8152
43840,7810
27506,4461
20650,7815
43840,7925
47600,4461
43840,5122
47600,4442
27465,7845
LO10,_
11000,4850
45110,8628
20937,7809
66987,1479
67027,1341
31605,3491
32002,3110
31605,3404
27147,8152
27258,7739
20902,7760
64714,8302
22102,8309
20902,8345
64714,8628
22102,9820
11012,7800
20902,479
64714,7769
22102,7710
20902,8302
64714,8309
22102,8339
20902,8628
64714,9820
22102,7800
11012,479
20902,7769
64714,7710
22102,7760
20902,8309
64714,8339
22102,8345
20902,9820
64714,7800
22102,479
20902,7710
64714,7760
22102,8302
20902,8339
64714,8345
22102,8628
25251,8003
16010,4912
11010,8630
51960,5788
51960,5789
52310,8628
11000,5700
5/219,_
43246,9971
36430,4311
43246,9903
26952,8403
26910,407
33516,3614
21249,7760
21249,8309
21249,8345
21249,9820
21249,7710
21249,8302
21249,8339
21249,8628
35081,3995
27880,8403
26910,8415
27880,8401
27511,7936
35045,3995
12045,8309
12045,9820
12045,8302
12045,8339
19366,5310
49505,8570
19366,5300
27619,7745
57268,7092
66882,1371
66982,_
66882,1330
66882,_
11032,7760
11032,8309
11032,8345
11032,9820
11032,7710
11032,8302
11032,8339
11032,8628
11032,_
19240,9199
88331,8521
88331,8543
27881,8345
11044,8446
26607,7925
14060,8630
31575,3961
33533,3142
33517,3611
33405,3929
31575,3522
33533,3961
33517,3142
33405,3611
31575,3929
33533,3522
33517,3961
33405,3142
31575,3611
33533,3929
33517,3522
28299,7759
28299,7798
25685,8345
25685,7933
25685,8628
25628,7929
25685,7760
43235,5459
44020,4513
44360,5459
43235,4502
44005,4513
44020,5459
44360,4502
36438,4610
54599,_
08211,7499
54599,7499
08211,_
67015,1474
67039,1472
67015,1424
29820,8394
45330,4639
44130,4525
45330,4590
27638,7767
27638,7807
41250,9933
99432,2752
41250,9929
41250,9959
99432,2551
20225,7760
22851,8302
20225,8339
22851,8345
20225,9820
22851,7745
20225,8451
22851,7710
20225,8302
22851,8309
20225,8345
22851,8628
22851,7749
11012,8451
20225,7710
22851,7760
20225,8309
22851,8339
20225,8628
22851,9820
11012,7745
58152,5423
44005,5950
22110,8839
76012,7769
22110,8165
44970,9925
58740,4701
49255,6589
96445,5440
44970,5491
58740,9925
49255,4701
96445,6589
44970,5440
58740,5491
49255,9925
96445,4701
44970,6589
49255,5491
42800,2169
30140,2912
42800,2161
26562,8669
28345,8685
26562,7849
29065,7934
29065,7924
54402,_
76942,5522
52335,_
76942,5732
76942,5631
76942,5980
30430,3995
65103,1669
67580,1642
65103,1664
43632,4709
44950,4370
13200,_
58951,6839
52332,4030
49320,5440
58180,6529
49320,5980
58180,5421
52332,6839
49320,4030
58180,5440
49320,5732
58180,5980
58951,5421
49320,6839
58180,4030
49320,6849
58180,5732
58951,5980
52332,5421
49320,6561
49320,6529
58180,6849
58951,5732
50400,5980
50400,9649
52332,5502
52005,5512
52332,5587
50400,8773
52332,5512
52005,5570
52005,5689
50400,5732
50400,9646
52005,5502
52332,5570
52005,5587
52332,5689
52310,5504
52276,5810
52276,6029
52276,6373
50590,5310
49505,9851
50590,5300
47562,5631
47562,5980
52335,5123
47562,5522
10140,5423
49000,8604
10140,5411
36821,5749
32000,5831
52235,3929
36821,5831
52235,3491
32000,5749
48160,5260
48160,5284
67308,_
47553,5112
47553,5198
590/3,_
47400,_
47000,5000
44007,_
27502,9933
11040,8403
26910,8201
26020,8403
11040,8201
26020,8401
26951,125
61313,407
27536,7859
21365,7936
27536,7672
64702,479
44602,9357
16010,4673
44602,8628
21336,2150
21315,2188
31238,2172
30520,2171
21336,2100
21315,2219
31238,2150
26445,8391
53000,5800
25274,7760
25274,8309
25274,9820
25274,7710
25274,8302
25274,8339
11010,8609
49505,3995
XA0,_
IU248,_
II219,_
35241,3956
54860,6340
43239,3893
36430,4514
43239,9971
36488,4514
43239,9903
32002,9971
32002,9959
36430,3404
99432,3491
32002,9903
32002,9933
99432,3404
32002,9929
36430,5349
47701,9903
49580,9971
36430,5137
47701,5341
47701,9971
49580,5137
36430,5341
47701,5349
49580,9903
28820,5423
49000,8411
28820,5411
90935,5459
43632,3995
36488,4370
43632,5459
43235,4370
43632,9971
36488,5459
36430,4370
44005,3893
43632,9903
44005,4370
43632,4513
44005,3995
90935,4370
43632,3893
30630,2188
57284,6839
58180,7079
57284,6561
MO699,_
21550,9971
36430,8321
21550,9903
35216,3959
47712,5169
47712,5179
77701,_
15734,8628
15734,8345
25600,2752
41252,7902
25600,2551
44960,5440
49521,6310
52332,6651
58700,5732
51860,5980
65850,1266
66992,1254
65850,1240
27250,7912
11043,7975
11043,7912
25611,7975
69720,442
60000,7760
60000,8309
60000,8345
60000,9820
11012,609
60000,7710
60000,8302
60000,8339
60000,8628
AO60,_
56440,9933
26499,7757
49507,8628
58555,6529
58950,6812
58555,5459
44005,6812
58950,5459
58555,5440
49560,6561
58152,5361
49560,5950
49560,6849
58152,5351
27386,8381
45300,4610
44143,4824
45300,4575
27175,9820
11010,9344
32655,3409
32650,3221
32655,3460
32020,3221
32655,3421
27715,7837
27705,7847
11047,7737
27715,7760
27705,8345
11047,8628
11044,7837
27715,7847
11047,_
27715,8345
27705,8628
11047,7837
11044,7847
27715,7737
27705,_
11047,7760
27715,8628
27705,7837
11047,7847
27715,_
27705,7760
11047,8345
24116,7762
23615,7802
24116,7931
23615,7762
24116,7802
76362,8838
32220,3420
32602,3451
32220,3320
26478,8255
50225,5504
50225,5980
50080,5551
60240,125
61510,640
60240,124
MORGAGNIAN,1371
MORGAGNIAN,1341
MORGAGNIAN,_
47120,5122
44140,5022
47600,5022
47120,4572
49080,8604
10140,5425
22630,7809
20936,8051
63030,8129
22630,8051
63030,7809
22630,8451
36450,9959
36450,9929
44320,9959
99432,9901
44320,9929
36450,9933
52325,6097
53852,5995
52325,6021
53852,5980
35180,3953
54152,5310
54152,5300
66185,1371
66983,1699
66185,1319
47510,4514
45378,5198
47510,4685
43239,5198
47510,4525
43260,5151
43260,8754
47620,5110
43260,5183
25924,8404
50947,5749
52240,5731
68540,921
54820,6301
54820,6392
ESRD,_
27175,8036
27331,9346
27175,8016
27175,9829
27331,9344
24545,7979
25520,7931
24545,7902
29888,8060
29881,8145
32020,4563
MCPO,_
UPPERLIMB,_
52270,5700
23615,7932
12001,7860
27758,8411
NI185,_
39010,4040
38724,3410
39010,4021
11010,8499
11041,8071
23105,8628
11041,8011
65150,1662
11043,3805
34101,8628
11043,3803
11043,3891
34101,8345
27557,8302
27557,8345
27557,8016
11012,7986
27331,8146
27557,7710
27557,8309
27557,8628
27557,8036
27331,7819
11012,8146
27557,7760
27557,8339
27557,9820
27557,9829
27331,7986
48000,_
NSD01,5299
67903,833
33015,3514
33430,3712
33015,3961
33463,3712
33015,3524
27303,7760
27303,8309
27303,9820
11012,7715
27303,7710
27303,8302
27303,8339
11044,8669
90935,5512
90935,5587
90935,5689
50400,3995
90935,5570
11042,4912
11042,4911
11012,2630
11012,442
61590,7760
61590,8309
61590,8345
61590,9820
11012,299
11012,7699
61590,7710
61590,8302
61590,8339
61590,8628
29894,9820
22608,_
43233,_
41603,_
59514,5349
58925,7499
49587,6529
59514,5341
58925,5349
49587,7499
59514,6529
58925,5341
25405,7932
48925,_
48925,4650
44625,5459
44005,_
48925,4562
44005,4650
48925,5459
44625,_
48925,4590
21555,8628
10060,8630
21555,8345
21555,8604
24885,_
44025,4590
47120,4503
44025,4572
44140,4503
44025,5022
31032,2188
30520,2231
31032,2150
27091,8153
27132,8005
27090,72
27138,8153
27132,72
27090,8153
27138,8005
27091,72
63090,309
63090,8099
43259,4685
45378,8874
43259,4525
54332,6270
54520,5845
24516,7802
38230,7840
31400,3029
51900,5980
52332,5784
51900,5732
10120,2181
10120,8659
46280,4685
45378,4993
46280,4525
20824,8421
21400,9820
11010,7678
21400,8628
43245,4685
45378,4422
43245,4525
31510,_
49005,_
MCP01,9959
MCPO1,9929
MCP01,9929
MCPO1,9959
29821,8181
29825,8082
29826,8071
29823,8021
29821,8041
29823,8071
29821,8021
29823,8181
29821,8082
29825,8071
27420,8147
45337,4572
36450,4590
44140,9901
36450,4572
15240,6430
54130,8669
15240,4024
94432,9959
NCP01,9929
94432,9929
NCP01,9959
50040,8773
47562,9646
35521,3929
59518,_
52000,4685
52000,4525
49588,3893
93556,3613
33535,3995
90935,3956
33535,8857
90935,3613
93556,3995
33535,3956
75957,3973
75957,3956
75957,8857
75957,8839
75957,8843
36012,8843
83556,_
36488,9608
44372,3893
48140,4400
44310,4150
43638,5253
48140,4620
44310,4350
44310,5253
43638,4620
48140,4350
44310,4400
43638,4150
28636,7760
28636,8309
28636,8345
28636,9820
28636,7710
28636,8302
28636,8339
28636,8628
27720,8345
65285,1475
46942,_
27536,7809
20956,7936
27536,3999
66270,9604
62270,_
66270,9959
66270,9929
66270,3893
36568,9959
66270,331
62270,3893
36568,9929
66270,9933
66270,_
58145,6849
58145,6561
25365,8345
24615,7760
24615,8309
24615,8345
24615,9820
11012,7982
24615,7710
24615,8302
24615,8339
24615,8628
61314,8345
23470,8183
27335,8302
27335,8339
11762,8345
26715,7710
26715,8302
26715,8339
26715,8628
26410,8401
27502,7923
26410,7905
27502,8401
11010,8302
25575,7842
49505,5411
11404,6589
58150,8630
11404,6849
58740,8630
11404,6561
24579,7911
24400,7931
24579,7732
24138,9820
11010,7709
24138,8628
ACUTEMYEL,9971
ACUTEMYEL,9903
11043,8212
26262,7769
36480,_
31603,7859
21196,3110
31603,7643
99256,9901
36450,8907
27750,8152
26600,7760
26951,7903
26600,8401
26727,9353
29085,8401
26600,7710
29085,7903
26600,407
26727,8401
26951,9353
26727,7903
26951,7819
29085,407
26600,9353
11012,7903
26600,7819
26727,407
24586,7760
24586,8309
24586,9820
24586,7710
24586,8302
24586,8339
31267,2231
31032,2220
29365,9359
29365,7945
11044,8444
25611,9353
24516,7760
26770,7760
26770,8309
26770,8345
26770,9820
11012,7974
26770,7710
26770,8302
26770,8339
26770,8628
32000,3993
36810,3491
57000,7360
59409,7014
57000,7359
31600,5732
31225,5980
61626,8773
42809,9646
63275,340
52000,4610
44143,5717
52000,4575
51040,4610
44143,5732
52000,5717
51040,4575
42955,2999
58300,9059
59400,6970
58300,8908
58300,9938
58300,9449
15756,8628
OO021,_
47120,5310
49520,5022
47120,5300
63075,8099
22845,8051
63081,7859
63075,7809
22845,8099
20936,7769
63081,8051
22845,7809
22845,8451
63081,7809
22851,8099
22845,7769
63081,8451
22845,309
20936,8099
63081,7769
36568,5459
36568,5423
36568,5411
11750,7936
27535,8623
11750,7817
43216,5136
43216,5270
57755,_
14040,_
27664,8309
27664,8628
11011,8364
27664,9353
27664,8339
27664,9820
29405,8364
27664,8302
58500,_
38746,4029
33430,8850
93555,3524
11421,4823
45320,8630
11421,4543
50575,6849
58150,5521
58150,5631
58150,8773
58150,9649
58150,9645
27372,8314
27892,7906
27372,9353
27780,407
29358,8314
21147,7646
21147,7691
31500,9357
16010,9604
31500,8628
10000,9959
60000,2110
30000,609
10000,9929
24000,7760
24000,8309
24000,9820
11012,8012
24000,7710
24000,8302
24000,8339
24000,8628
25035,7760
25035,8309
25035,8345
25035,9820
25035,7710
25035,8302
25035,8339
25035,8628
43496,3929
43496,4699
49255,4709
36488,5440
36488,4709
44141,5440
44141,4709
44950,3893
49255,3893
99452,9933
99452,_
20245,4685
43234,7742
45378,7745
36640,9820
27752,3891
36640,8628
11010,3891
36640,7906
52450,5423
49000,6000
52450,5411
96408,4461
43840,9925
96408,4442
54312,5849
59312,7860
59312,_
63182,212
63182,309
63182,8049
AN390,_
26952,8309
46945,4912
46945,4911
LEIOMYOMA,_
UNSPECIFIE,6829
58140,_
LEIOMYOMA,6829
99432,4639
44130,9929
44130,9959
99432,4590
44130,9933
58559,6549
58559,5423
58559,5411
59120,5459
58559,5425
58720,6839
51820,5674
51820,5785
29895,8077
82968,_
37230,_
59325,6839
58180,6751
59325,6561
12037,8628
12037,8345
12037,8388
NSDV,_
23107,8345
27510,7860
44007,6840
44007,6839
67027,1289
SO10,_
27244,8302
27602,8309
35721,8339
26650,8628
27594,7932
34201,7935
25515,3808
27244,3991
27602,7814
35721,8417
26650,3891
27594,7760
34201,8302
35721,9820
26650,7935
27590,8314
27594,3808
34201,3991
25515,8417
27244,3806
27602,3891
35721,7710
26650,8302
27594,8339
34201,8345
27602,7935
35721,8314
11011,3808
26650,3991
27590,7814
11012,3891
27244,7760
27602,8302
35721,8309
26650,8345
27594,9820
34201,7932
27244,3808
27602,3991
35721,7814
11011,8417
26650,3806
27594,7710
34201,7760
27244,8339
27602,8345
35721,8628
26650,7932
27590,7935
27594,8314
11012,3991
25515,7814
27244,8417
27602,3806
35721,3891
26650,7760
27594,8309
34201,8339
27602,7932
35721,7935
26650,3808
27590,3991
27594,7814
34201,8417
11012,3806
25515,3891
27244,7710
27602,7760
35721,8302
26650,8339
27594,8628
34201,9820
25515,7935
27244,8314
27602,3808
11011,7814
26650,8417
27590,3806
27594,3891
34201,7710
27244,8309
27602,8339
35721,8345
26650,9820
27590,7932
27594,7935
34201,8314
11012,3808
25515,3991
27244,7814
27602,8417
35721,3806
11011,3891
26650,7710
27594,8302
34201,8309
27602,9820
35721,7932
26650,8314
27594,3991
34201,7814
25515,3806
27244,3891
27602,7710
35721,7760
26650,8309
27594,8345
34201,8628
11011,3991
27594,3806
15100,7912
25611,8669
P0000,5423
P0000,5411
99256,6551
58925,8907
99256,6539
58940,8907
99256,6529
29305,7860
61312,5423
49000,124
10140,4041
42426,8604
10140,2633
49900,5300
49509,5461
49900,5310
32020,4461
43840,3409
32020,4442
61592,124
61020,299
62223,7739
61592,102
61020,233
61592,299
61020,7739
62223,102
61592,233
61020,124
62223,299
61592,7739
27596,7760
27596,8339
27596,9820
50610,3995
50040,5620
50610,5502
50610,5501
27510,5423
27510,5411
61313,7760
61313,8309
61313,8345
61313,9820
61312,212
62223,309
61343,124
61312,233
61312,309
61343,233
62223,212
27828,8302
27828,8345
27828,7760
27828,8339
27828,9820
27828,7710
27828,8309
62180,125
11042,220
62180,124
11042,125
61312,220
62180,8628
26121,8546
11044,8235
19200,8662
19200,8345
26121,8628
11044,8545
11044,8662
19200,8684
26121,7760
19200,8628
26121,8545
11044,8546
19200,8235
11044,8684
19200,7760
26121,8345
27641,8345
53502,5841
51880,5782
99234,9933
99234,_
32200,3409
66761,1371
66761,1341
43227,4685
43227,4525
44955,6849
44115,_
27134,7935
27248,70
27134,7925
63172,309
46946,_
19340,8541
19340,8543
19180,8553
45386,_
27495,8662
20692,8684
27499,7815
26121,7810
27495,8314
20692,8235
27499,8662
67973,4041
42426,869
67973,2633
31622,3143
31541,3324
31622,3009
43223,4685
43223,4525
43223,_
45239,4685
45239,4525
45239,_
36475,_
37765,_
36475,7840
20982,_
37765,7840
29844,8073
29867,_
29879,8086
29867,8060
29880,8147
29867,8076
29879,_
29867,8147
29875,_
29867,8086
29880,_
29867,8026
38765,6529
38530,5423
38530,5411
24343,_
11000,7933
11000,7923
56605,6813
58100,7111
56605,6711
57720,7360
59409,6769
57720,7359
59409,6761
68700,881
67935,973
68700,1060
58410,524
58410,6922
32810,8543
36450,8544
16010,3472
19240,9901
32810,8628
44365,4513
AO9,4514
44365,4533
41150,2530
41150,2749
41150,7631
51860,4590
44202,5781
51860,4562
99432,4242
43124,9929
43124,9959
99432,4211
43124,9933
90935,125
61314,3995
76936,3942
76936,3800
63709,309
63706,359
63709,352
63706,309
63709,359
06202,_
51050,5749
II10,_
DZ491,_
22842,7860
43234,4370
27071,7710
27071,8302
27071,8339
PTB,_
58720,5310
49525,6561
58720,5300
24151,7762
24151,7931
24151,7802
03820,_
44143,8628
11000,4575
91034,8939
23180,7860
11043,8201
26020,8345
61601,7760
61601,8309
61601,8345
61601,9820
11012,160
23900,7791
19260,8409
23900,3440
14300,8628
14300,8345
44120,3995
44120,4513
90935,4562
43235,4563
25525,7939
23515,7979
25525,7929
08091,7360
08091,7359
08091,_
55101,9357
55101,8628
37618,9820
11010,3880
31636,3199
31636,3323
49507,5339
49557,5300
25375,7733
GY39,_
36145,9929
11000,8377
24301,8628
11000,8375
44389,4575
44389,5411
44389,4610
44389,5423
45825,4610
45825,5843
27507,7819
44005,4461
43840,5459
CR309,1371
CR309,1330
CR309,_
CR324,_
CR325,1371
CR325,1341
CR325,_
LIVERCELL,_
MYELODYSPL,9971
59350,7759
59612,6941
59350,7360
27882,7760
27882,8309
27882,8345
27882,9820
27882,7710
27882,8302
27882,8339
27882,8628
46750,7092
58270,4979
46750,6859
60240,9199
88332,640
60240,8908
58545,6909
58545,6816
15936,8628
15936,8345
15936,3995
AS019,8382
AS019,_
93510,3721
93508,3722
93510,3639
JO6/9,_
58611,_
24620,7932
24665,7909
24620,7783
49820,5440
49820,6561
49820,_
AS99,9933
AS99,_
56340,_
58100,7021
57454,6711
28088,8339
28045,8342
28088,8332
29175,_
29175,8076
29175,8060
29175,8086
29175,8026
45402,6561
49000,1736
44005,4876
45402,5423
58720,1736
FP001,6813
FP001,6711
33615,3571
33615,3594
33617,3594
EI119,_
48701,_
48701,8628
48701,8345
93500,_
31575,4685
45378,3142
31575,4525
45378,5980
45378,9646
52005,4685
52005,4525
69910,2049
69670,2079
69910,1919
69910,2079
47630,8753
47610,5198
47630,5122
IO821,_
11010,3959
58661,7499
28308,7738
29305,7925
27295,8345
26075,8345
DMII,_
11000,4800
11010,8601
10160,7924
26765,8601
11010,7924
10160,7934
17391,_
26950,_
26950,7760
26950,8309
26950,8345
26950,9820
26950,7710
26950,8302
26950,8339
26950,8628
29015,9351
29015,7860
99342,9933
99342,_
49255,4442
43840,5440
49255,4461
ONHEMODIALYSISTREATMENT,_
11044,8339
11044,8302
28140,8345
11012,8662
64830,8684
26121,7710
64830,8302
26121,8309
26121,479
11012,8235
64830,8662
64830,7760
26121,8302
64830,8339
64830,9820
26121,407
64830,8235
11012,8684
64830,7710
64830,8309
26121,8339
64830,8628
26121,9820
59525,5732
58740,5980
52330,6839
69450,2023
11444,1692
67420,8630
11444,1601
27301,7760
11012,8303
27301,7710
61253,124
11000,8036
20392,_
27647,7769
22844,7789
63046,7809
22844,309
63046,7859
22844,7809
CKDSTAGE5,_
43204,8753
47605,4233
43204,5122
11000,4946
46258,8628
11000,4939
MO8O0,9959
MO8O0,9933
MO8O0,9929
MO8O0,_
50590,5504
50081,9851
50590,5503
50590,5521
36145,9971
90935,3895
36145,9903
36430,3895
36145,3995
26504,8271
27228,9820
27228,8628
21705,7791
21705,8319
90935,2103
30905,3995
90935,2102
36481,5459
38210,_
25500,7760
25500,8309
25500,9820
11012,7902
25500,7710
25500,8302
25500,8339
25500,8628
36430,6840
59525,9903
26498,8256
26498,9971
36430,8256
26498,9903
29425,3121
61313,9353
29425,125
31600,9353
29425,124
11041,8662
27520,8628
27520,8345
46922,8382
54050,8669
15738,4939
46922,6420
54050,8332
46922,8669
54050,4939
15738,6420
46922,8332
54050,8382
55700,4685
45378,6011
55700,4525
25530,8309
25530,9820
11011,7902
25530,8302
25530,8339
KO52,_
FP01,_
32285,_
32285,3409
32650,_
32285,3460
32285,3421
11646,4040
31225,8630
38724,2220
11646,4021
31225,4040
11646,2220
31225,4021
17520,_
50553,5521
50553,5980
50553,8773
50553,9645
50553,9649
25610,_
27727,7847
52276,5860
52276,6094
52276,8929
32557,_
31382,3029
36450,7935
27514,9901
36450,7815
36450,7925
50590,5600
61313,9901
50075,9901
50060,9901
67210,1452
24900,8669
16010,8407
24900,9357
15220,8407
24900,8628
69310,2042
27040,5502
50040,8321
27040,5501
64856,8286
26350,430
36488,9607
61605,3893
43241,160
61605,9607
43241,3893
36488,160
61605,4513
62268,331
29355,8381
27665,9353
29355,8364
27665,8381
92982,3964
93650,66
66985,1475
67051,1372
58661,5423
11043,3893
82211,7760
82211,8339
82211,9820
20690,_
82211,7710
82211,8309
82211,8628
82211,7810
82211,8302
82211,8345
82211,_
52325,4029
52325,5641
50230,5732
50230,5995
52325,3807
52325,5551
50230,5980
30115,2188
30115,2150
36510,331
62270,3892
JO69,_
27536,7860
43239,5459
44143,4514
43239,4610
44005,4514
43239,4575
67105,1475
67051,1455
67105,1474
68510,911
25405,8499
25526,7809
25405,7819
25405,7939
14060,7760
14060,7710
28630,8628
11043,7978
28630,8345
35256,3956
35256,8628
35256,8345
11043,7908
28510,8345
49505,5349
49585,5300
27654,7760
27654,8628
11044,8149
30110,2220
44385,4850
44385,6880
12120,9357
12120,8628
12120,_
80962,7360
80962,7359
80962,_
40843,2491
49355,_
21365,7925
12013,8152
27506,7672
FACEANDN,9925
CONNECTIVE,9925
27495,8628
MIXEDHAEM,4946
46257,_
MIXEDHAEM,4939
27745,8628
29450,7936
27745,7760
29450,8345
32160,3409
32160,3791
25031,9820
25031,8628
NK635,_
27535,7789
28120,7936
28120,7817
27884,8302
44230,_
44230,5423
44230,5411
47350,5423
47350,5411
50045,5501
47300,5459
49585,5021
47300,5349
44005,5021
47300,5341
27650,9353
EE116,_
15736,9357
88331,2749
41153,9199
88331,2530
88331,4040
41153,8908
58560,6639
58661,6822
58560,6561
47400,5110
43260,5000
FP001,6949
58520,6909
FP001,6941
58120,6949
58520,_
58120,6941
16010,4029
38555,8628
49507,6029
52318,5300
49507,5850
49507,5700
52318,5310
49507,5732
49507,6373
NSD01,6813
NSD01,6711
26123,8309
26123,8345
26123,9820
11011,8235
11011,8684
26123,8302
26123,8339
26123,8628
11011,8662
CR030,_
15822,1692
67412,870
15822,1609
38740,8554
38740,8553
19340,4023
33400,3780
27301,3511
33208,3961
33400,8303
27301,3772
27301,3961
33208,8303
33400,3772
27301,3780
33208,3511
66825,1371
66982,1699
22804,8129
32215,3524
27244,7925
43735,_
43735,5423
43735,5411
27290,8382
49505,6029
49505,6373
93556,4685
43235,3956
45378,8843
66850,1291
67036,1292
65285,1341
65815,1474
HO01,_
65825,_
42440,4041
41135,2630
42440,2520
35190,8628
11043,3953
35190,8345
35011,3893
22847,7859
12005,7760
22847,8659
22847,7760
22847,8628
12005,7859
22847,8345
43239,5423
45330,4514
43239,5411
49000,4514
52235,6270
54520,5831
52235,6230
54520,5749
74401,_
26735,7933
26615,7924
MDP01,_
11010,7817
27503,9820
27503,8628
NI129,9971
NI129,9903
NI129,3995
36117,_
11000,1289
11000,1159
46275,4946
46250,4824
44021,5423
36488,4502
44021,5411
49000,4502
44021,3893
37062,7360
37062,7359
37062,_
49505,4709
38220,8628
11043,4131
38220,8345
50240,4562
51575,4030
90935,5779
51575,3995
90935,4030
51575,5779
AJ189,_
26765,9353
67025,1214
66625,1471
61538,125
29075,7932
44210,4590
44204,4581
12006,8345
08097,_
99256,4912
46275,8907
99256,4911
50220,5423
99256,4590
44140,8907
99256,4572
29358,7760
29358,8309
29358,8345
29358,7710
29358,8302
29358,8339
58940,6639
58600,6539
27501,7760
27501,8309
27501,8345
27501,9820
27501,7710
27501,8302
27501,8339
27501,8628
33214,3787
JJ189,_
44650,4674
61304,7935
58100,5423
58720,6711
49000,6813
58720,6813
58100,5411
49000,6711
44206,4685
45378,1735
11000,3891
34203,8415
11000,3808
27880,3891
34203,8628
27880,3808
32020,2181
32020,8659
27409,8628
11043,8146
27409,8345
27407,8628
27407,8345
24635,7760
24635,8309
24635,9820
24635,7710
24635,8302
24635,8339
24635,8628
27125,8345
32036,9971
32036,9903
45020,8309
45020,8345
45020,9820
11011,5400
45020,8302
45020,8339
45020,8628
28810,8669
27421,_
27421,8076
29870,_
27421,8036
27421,8026
46260,4912
46260,4911
49251,_
47120,9925
49251,5022
96445,_
47120,5491
49251,9925
96445,5022
47120,_
49251,5491
21501,5369
49570,8604
21501,5359
27425,8319
27421,8049
27422,_
27421,8319
27422,8049
27425,_
27421,8147
24510,_
24363,8185
24510,8197
24363,_
24510,8185
24363,8197
30520,2220
31267,2188
30520,2262
31267,2150
20902,7931
29065,8444
24516,7800
20902,9353
29065,7840
20902,8444
29065,7800
24516,9353
20902,7840
47565,_
30110,2169
30130,_
30110,2161
95409,_
26765,8286
43200,5423
49000,4223
43200,5411
61320,9901
36012,5810
36012,5860
36012,6094
36012,8929
52601,3893
36012,5732
36012,5850
36012,6029
36012,6373
61510,9901
33688,3511
33688,3572
61524,125
27306,8312
35211,3923
35211,3959
93545,8843
93545,3956
43235,9646
20670,8382
EII6,_
58660,6551
58660,6539
WI9,_
61312,3893
29871,8026
49142,_
ZN083,3995
49142,3995
ZN083,_
11040,7760
11040,8309
11040,9820
29065,5423
29065,5411
11040,8630
11043,407
65870,1371
66987,1232
65870,1341
47801,5143
25265,8382
25265,8388
16040,7710
16040,8302
16040,8339
11400,6813
11400,6711
66824,1371
66824,1330
58805,6651
49000,6591
58805,5423
58700,6591
58805,5411
67935,8345
16010,8030
24101,9357
16010,7783
NSDO1,6639
28020,8314
27892,8018
25067,_
28525,7925
23145,7771
23145,7801
27535,8669
15756,7817
11042,9971
11042,9903
12013,9971
12013,9903
PAROTIDGL,_
BENIGN,2629
42410,_
PAROTIDGL,2629
27848,7929
27766,7989
27848,7819
21143,7646
27062,8350
25620,7931
25620,7842
58770,6849
58150,6602
58770,6561
11010,7931
16010,4461
43840,8628
28530,7909
36405,_
27560,8628
27560,8345
56740,6813
58100,7124
56740,6711
20912,2188
27395,8385
50630,8623
11750,5620
50610,8623
BI250,_
20692,7912
25611,7810
58600,6769
58600,6761
57720,6639
53220,5839
32556,_
11046,_
04132,_
50780,4610
44143,5674
50780,4575
58740,4030
38770,6589
38770,5440
35266,8364
28270,3957
35266,8048
17263,8630
20392,5749
52310,6561
FP001,7491
59100,_
FP001,6800
20955,3999
20955,7807
27158,7739
27535,7926
59320,6829
11010,7975
21407,7859
21470,1669
21407,7676
21470,7679
21365,1669
36830,3952
36830,3843
36830,3893
65285,1460
67121,1159
92482,_
43255,4514
43239,4233
43239,4443
34913,_
33572,3611
23585,8628
CKD,_
26785,7934
26735,7984
26115,7933
26615,8630
26115,7923
53425,5849
57120,6849
58150,7080
57120,6561
44140,9929
44140,9959
99432,4572
44140,9933
52235,5850
58720,4594
58720,4579
MCP02,_
ZA170,_
27513,7819
21244,7815
38100,5251
36488,5296
38100,3893
48150,4150
38100,5136
36488,5270
38100,5296
48150,3893
38100,4370
36488,5251
38100,5270
58210,9971
36430,4030
36430,6869
58210,9903
30540,2132
28001,8411
90935,8303
28820,8303
28001,3995
45331,9971
45331,9903
49080,9971
36430,5425
49080,9903
27254,7935
27248,7985
27254,7925
12032,2181
12032,2751
12032,1840
12032,881
21041,881
21041,2181
61312,3110
51575,8628
51020,4030
11043,5779
51575,5719
11043,9227
51575,8345
51020,8628
11043,4030
11043,5759
51575,9227
51020,8345
51020,5779
11043,5719
51575,5759
27125,8628
32000,8309
32000,8345
32000,9820
11011,3491
32000,8302
32000,8339
32000,8628
27846,7929
27846,7819
27535,9344
27524,7817
27535,7860
27524,9344
20650,7936
20650,7817
27535,8309
58720,6909
49509,5459
27244,8444
23616,7935
27244,7931
57505,_
65420,1371
66987,1139
65420,1341
25620,8175
29846,7932
25620,8083
96440,3404
58148,_
63005,7789
63005,8051
32665,4270
49568,_
49568,5310
49507,_
49568,5300
36800,3491
32002,3993
36800,3404
49496,9933
36501,_
35509,3929
35509,8839
75952,3929
35509,3971
35286,8839
75952,3957
35286,3971
32020,7939
23515,3409
32020,7929
49587,4709
44950,5341
32002,5061
50240,3404
47360,5540
32002,5411
50240,3491
32002,5423
50240,3886
47360,3404
32002,3886
50240,5061
49000,3404
47360,3491
32002,5540
45378,4851
45395,4525
33218,3775
69633,1930
69633,1940
63042,8451
45852,3421
49420,3491
32002,5419
49420,3404
43246,4542
92980,3956
43252,_
43252,4542
66983,1264
36450,8446
P0000,9901
36450,_
P0000,8446
36488,5810
43235,5850
45378,5860
43235,8929
52601,4525
36488,5860
43235,6029
45378,6094
43235,5810
36488,6094
43235,6373
45378,8929
52601,4513
43235,5860
36488,8929
45378,5810
43235,6094
32000,4513
32000,4685
45378,3491
32000,4525
43235,3491
43940,5423
43940,5411
43940,_
35474,8849
75710,3950
35474,8848
75958,3891
75958,8839
33545,3572
33545,3733
44388,3961
93556,4525
33427,3956
44388,8843
27680,8391
27130,4685
45378,8151
27130,4525
33786,3583
59814,6813
58100,6959
59814,6711
23176,_
52600,_
59600,7499
52600,7499
11043,5136
11043,5270
48150,8628
11043,4370
11043,5251
11043,5296
48150,8345
50081,5700
35021,3845
35021,3952
43605,4461
43840,4415
43605,4442
11012,3402
32110,7760
32110,8309
32110,8345
32110,9820
11012,3349
11012,3409
32110,7710
32110,8302
32110,8339
32110,8628
49585,3995
10060,9971
36430,8604
10060,9903
PO81,9933
PO81,_
67005,1269
P0001,9933
38100,3482
39501,4150
36488,5419
36488,5425
24545,8016
27310,7931
96408,5810
96408,5860
96408,6094
96408,8929
52601,9925
96408,5732
96408,5850
96408,6029
96408,6373
44050,9357
16010,4680
44050,8628
67560,1672
27829,7929
27766,7859
27766,9359
27829,7819
27766,8199
44120,4195
38115,4563
67500,_
43300,4289
43300,4679
32020,4289
43361,3409
43300,4255
32020,4679
43300,3409
32020,4255
44180,6561
58150,5451
44180,6849
LO22,_
21436,7809
28485,7859
21436,7950
25575,8401
26951,7932
25575,407
08080,_
49900,4590
44140,5461
49900,4572
66930,1292
65815,1319
66930,1291
27245,9971
36430,7935
27245,9903
31529,3142
31571,3198
31529,3100
31571,3142
31529,3198
19307,_
47562,5421
49650,5123
23420,8082
29815,8071
29823,8031
29821,8363
23420,8071
29815,8082
29823,8363
29821,8031
43296,_
24515,7936
27238,7931
24515,7817
27238,7936
27535,7931
24515,7905
27238,7817
28406,7989
22325,7819
28406,7929
49520,5440
46255,8630
11406,4946
46230,8630
93539,8849
47382,5024
76942,3491
76942,3404
50830,4595
44150,5999
50830,5459
44005,4582
50830,4620
44005,5999
44150,5459
50830,4582
44005,4595
50830,5999
23412,8181
23412,8021
23412,8071
97597,_
92975,5502
52005,3604
50040,8857
92975,5732
92975,9646
28298,7759
28298,7798
53515,5841
03390,_
33201,8839
71090,3774
32484,9933
77401,7749
20225,_
77401,7745
36488,8154
27447,3893
36488,8147
75716,3950
15350,8684
25922,8669
15350,8404
27332,8321
27330,8060
28615,8309
28615,9820
11011,7989
28615,8302
28615,8339
27335,8345
27335,7760
43843,4495
28456,8345
21556,8628
21556,8345
20650,7809
20956,7810
20956,9344
20650,3999
20956,7860
11043,4850
12034,4610
45110,8659
12034,4850
45110,8345
54152,6230
54520,6400
54152,6270
49507,6400
63741,371
63741,379
36568,3409
63740,309
63740,379
61330,1609
NSD,9933
27175,7949
27193,9346
27175,7909
27193,9344
ACUTESUPPURATIVEAPPENDICITIS,_
41520,9933
55041,6352
54600,6310
55041,6250
UNCERTAIN,6849
UNCERTAIN,6561
45170,4946
45317,4835
46260,4543
45170,4823
46260,4835
45170,4543
61312,3995
11730,8309
11730,9820
11730,8302
11730,8339
000/1,_
20650,9359
27509,7810
27509,9344
20650,7945
27509,7860
31603,9357
16010,3110
36430,3803
11044,3805
34101,7760
11044,3803
24341,3891
36430,8388
34101,9971
24341,3805
36430,3891
34101,9903
24341,9971
24341,3803
36430,3805
11044,3891
34101,8388
24341,9903
26230,7989
26715,7784
26230,7922
43260,5349
47562,5110
43260,5341
49585,5110
90935,4461
43840,3995
90935,4442
11010,7710
11010,8339
49505,5810
49505,5860
49505,6094
49505,8929
27758,7912
29065,7936
29065,7912
25611,7936
99256,8302
99256,8345
38222,_
44144,4685
45378,4613
45540,4685
44950,4875
45540,4525
45378,4875
45540,4709
24545,4610
50100,3955
90935,7491
59100,3995
90935,6800
41145,2530
41145,3110
41145,4041
90935,8849
75716,3995
90935,8848
36488,3809
34421,3995
36488,3807
36488,8192
16010,881
67935,8628
49554,4563
44120,5339
49554,4562
49554,4590
44120,5329
11612,_
AAA,4685
AAA,4525
47562,4579
43235,4593
44160,5123
47562,4513
47562,4593
43235,5123
44160,4513
47562,4562
29889,8060
29889,8147
31603,3040
31535,3110
31395,3143
31603,2940
31395,3110
31603,3143
31535,2940
12345,9041
12345,8909
33412,3780
33200,3522
33412,3539
61313,8628
96408,5512
96408,5587
96408,5689
50400,9925
96408,5570
96408,5620
67121,1475
67051,1460
36450,4341
31600,_
43750,3121
61313,4311
31600,9901
43750,_
36450,4311
43750,9901
36450,3121
P0000,4311
43750,125
P0000,3121
31600,4311
43750,124
28306,7738
15120,9357
15120,8630
36450,4443
43255,9901
36450,4233
52335,5504
52317,5521
52335,5503
52317,5504
52335,5521
52317,5503
75940,3893
90935,3870
75940,3995
36488,3870
52310,5521
52310,5503
50760,5732
52332,5675
50760,5522
50760,5980
52335,5675
50760,5631
32402,3402
31622,3424
32100,3324
32402,3328
31622,3402
32100,3424
32402,3324
31622,3328
44361,4514
20982,3964
93650,7840
20982,3734
58100,5419
58100,5425
58960,6813
58100,4030
58100,5440
58960,6711
66827,_
AS525,_
LARYNGTOSCOPYREFLUX,_
12014,8345
52235,4620
44155,5749
32005,3420
10060,3492
32602,8604
32005,3320
10060,3420
32602,3492
32005,8604
10060,3320
11400,4685
43235,8630
11400,4525
45378,8630
11400,4513
44950,7430
59136,4709
44950,6839
ZE861,_
61526,125
37609,3882
PO800,_
25525,125
61510,7819
61510,7979
25525,124
61510,7932
27236,9971
27236,9903
61860,293
58925,4709
25107,7939
25574,8499
25526,8019
25107,7932
25574,7819
25107,8499
25574,8019
25107,7819
25574,7939
12051,7760
12051,8309
12051,9820
12051,7710
12051,8302
12051,8339
POLYCYTHAE,_
11042,5781
51860,8628
35905,3865
49651,5349
27130,9971
36430,8151
27130,9903
58700,9971
36430,6651
58700,9903
59411,6849
58150,7252
59411,6561
26700,7760
26700,8309
26700,8345
26700,9820
26700,7710
26700,8302
26700,8339
26700,8628
COMMUNITYACQUIREDPNEUMONIA,_
HIGHRISKWITHHYPOXIA,_
61584,299
61584,7739
49040,9971
36430,5419
49040,9903
42835,2080
69436,2860
42835,2009
69421,2860
42835,2001
43235,4341
PTB,9041
PTB,8909
36450,3402
32020,9901
36450,3349
32110,9901
36450,3409
24586,7911
24400,7902
24586,7732
25530,7911
24400,7929
24586,7902
25530,7732
66825,1474
67039,1699
66825,1424
58588,6829
27501,7935
27501,7815
30140,2253
14319,_
31590,3198
25170,7763
52000,6373
11606,4029
23182,5551
15734,5641
50230,8630
11606,7761
23182,8332
50230,8669
11606,3807
23182,4029
15734,5551
50230,8382
11606,8669
23182,3807
15734,4029
11606,5641
23182,8630
15734,7761
50230,8332
11606,8382
23182,8669
15734,3807
11606,5551
23182,5641
15734,8630
50230,7761
11606,8332
23182,8382
NN083,_
11000,4563
49900,9357
15736,5461
16010,5461
49900,8669
15100,5461
49900,8382
15734,5461
49900,8332
15734,9357
33917,3958
11000,160
28810,9971
28810,9903
30920,2105
PO80,_
25490,7932
AO6,_
OO21,6909
AO6,6909
80914,7360
80914,7359
80914,_
27766,7925
27766,7815
27766,8152
27506,7819
44970,5123
44970,5459
44005,4701
47562,4701
19101,8628
11043,8511
19101,8345
11043,8417
12032,7791
32035,8659
12032,3409
P0000,6561
58180,_
P0000,7499
25515,7902
25530,7760
25530,7932
44204,4513
43235,1739
44300,4850
HYPERTENSIONII,_
11043,3800
58210,6529
58952,6869
58210,5440
58120,4709
44950,6909
12354,9041
12354,8909
12354,_
12346,9041
12346,8909
12346,_
28011,8313
74418,_
67922,841
52281,6000
59720,_
50913,_
85913,_
PO51,9933
PO51,_
61548,125
61304,768
61548,124
43101,4239
51045,8773
51045,9649
50951,5719
93453,_
47600,8671
47134,5122
41006,2700
NS001,_
NS001,8908
NS001,9449
92981,3780
50545,5980
52332,722
50545,5732
94400,_
49905,5474
27792,7929
27766,7817
28820,7931
25575,5810
25575,5860
25575,6094
25575,8929
52601,7932
25575,5732
25575,5850
25575,6029
25575,6373
10611,2211
31237,_
10611,2121
10611,_
27886,7760
27886,8628
27886,8345
12041,8401
26951,8659
12041,407
44005,8554
19340,5459
44005,8553
KI279,_
64727,479
64727,460
55110,6352
54600,6100
55110,6250
27750,7939
23515,7906
27750,7929
OO321,_
49080,6651
58720,6651
58700,5425
49215,9933
TERM,6639
LIVEBIRTH,_
11040,8077
11040,8017
67050,1371
66987,1343
58943,5459
60220,9199
60240,620
88331,640
60220,8908
88331,620
60220,640
28645,9353
44950,9959
99432,4680
44055,4709
44950,9929
44055,9959
99432,4709
44055,9929
44950,9933
93543,4029
47562,5641
50230,8857
93543,3995
47562,3807
93543,5551
47562,8857
93543,5123
47562,4029
93543,5641
47562,3995
50230,5123
93543,3807
47562,5551
36100,3891
28309,7738
63283,8309
63283,8345
63283,9820
11011,340
63283,8302
63283,8339
63283,8628
49509,6029
27758,7932
27759,7979
25525,7936
27759,7932
27759,7819
27758,7979
99432,4979
46740,9929
46740,9959
99432,4899
46740,9933
27524,9971
29877,7936
36430,8026
27524,8086
29877,9903
36430,8086
27524,9903
29877,9971
36430,7936
27524,8026
58558,6823
58563,6812
58555,6816
58563,6909
58555,6823
58558,6812
58563,6816
27745,9820
29345,7937
28485,9353
61583,125
61313,153
61313,7739
61313,299
58300,9971
58300,9903
36430,6970
46255,9971
36430,4946
46255,9903
29365,7974
26670,8016
27524,9353
29085,7974
26670,7936
27310,9353
27524,7974
29085,8016
26670,9353
27310,7974
29085,7936
24600,7932
24665,7972
24600,7783
32020,7760
32020,7710
11400,7360
59409,8630
11400,7359
58200,5411
96408,4850
96408,5760
64784,407
14350,8309
14350,9820
11012,7756
11043,8339
60987,_
61043,_
20610,8301
46211,4542
12051,8630
17304,2181
17304,8659
65926,1371
65926,1341
65926,_
25000,8073
25105,8301
25000,8013
35800,3845
35001,3802
35800,3995
90935,3842
35800,3952
90935,3802
35001,3995
35800,3842
61512,9901
69987,_
69987,1371
69987,1341
27486,8345
50240,5980
50240,9649
52000,5540
50553,5732
50240,5521
50240,9645
50553,5540
50240,5732
50240,8773
52000,9645
52500,5810
52500,6029
52500,8929
52317,5749
52500,5860
52500,6373
52500,5700
52500,5850
52500,6094
11042,8401
11042,407
44950,6549
59120,4709
49520,6310
36488,4590
44900,5423
49000,4720
44900,5411
35131,3846
35131,3952
45915,4901
45915,4912
46060,9805
45915,4873
45915,4911
45915,4993
46060,9638
61539,124
51925,5784
51925,6890
11010,7926
11044,8036
21820,7909
21800,309
63003,7859
22843,7909
21820,309
21800,7859
63003,7909
21820,7859
11041,4590
11041,4613
11041,4563
11041,4610
11041,4562
11041,4579
LIVE,7499
BW34KG,7499
BABYGIRL,7499
BW34KG,_
39545,5381
22610,8129
44300,5310
49505,4610
44300,5300
27675,7760
27675,8309
27675,9820
27675,7710
27675,8302
27675,8339
27675,8628
90935,7360
59409,3995
90935,7359
27759,8314
41872,2440
12051,2420
41850,2420
12011,2420
26785,8309
26785,9820
PEPTICULCERDISEASE,_
38100,5641
49201,4150
50220,5440
38100,5551
49201,5641
50220,4150
38100,5440
49201,5551
54322,5310
49505,5845
49505,6442
54322,5300
ANCO1,_
59513,5499
49322,7499
59513,5421
35206,8403
26910,3959
35206,8401
20935,_
11042,7936
11042,7817
21422,7932
29814,_
29814,8076
29814,8145
29888,_
29814,8036
29814,8026
54560,6230
CGI,_
45578,_
45111,4590
44140,4869
45111,4572
28285,7756
67036,1269
31375,3029
47601,_
CG1,_
44130,4685
19350,5361
49560,8587
19350,5351
24686,_
24686,479
64718,_
24686,460
49080,8839
75982,5425
49080,5159
63235,_
49565,4709
49565,6849
44950,5351
24330,_
61313,139
61340,125
52500,6270
52500,6230
47562,8766
74300,5123
47562,8754
21600,7791
61480,125
31610,5421
43653,3129
31610,4319
11044,4311
31600,7760
43750,8628
11044,3121
43750,7760
33681,3780
33200,3562
33681,3774
17600,_
44004,6639
44004,6561
44004,_
59414,7360
67030,1474
HO281,889
67840,_
HO281,820
HO281,_
44144,5980
52332,4579
52332,4613
44144,5732
21151,7646
21151,7691
27485,7825
43113,4242
43113,4255
27513,8309
27513,9820
36810,9959
99432,3995
36810,9929
90935,9959
99432,3993
90935,9929
36810,9933
11043,4709
44950,8345
NO888,_
29065,3803
24495,7842
25020,7931
24546,8314
24495,9353
25020,7842
24546,3803
29065,8314
45330,4946
46261,4525
45330,4939
35045,8628
24495,3843
15100,3952
35045,8314
24495,8669
24495,3952
15100,3803
35045,8669
11043,3843
15100,8314
35045,8345
15100,3843
11043,3952
35045,3803
56013,_
53113,_
56913,_
39888,_
27333,8192
27333,8396
27333,8191
27333,8394
58150,5674
50780,6849
50780,6561
34080,_
27535,5029
27535,5099
47361,7817
15240,9357
27405,7760
27405,8309
27405,8345
27405,9820
27405,7710
27405,8302
27405,8339
27405,8628
MZ300,_
27226,7989
27217,7985
27254,7989
27217,7935
27226,7985
27254,7939
53460,5839
53460,5847
31276,2220
31254,2119
31256,2220
31267,2263
31254,2241
31254,2220
31256,2262
31267,2241
31254,2242
31254,2262
31267,2242
44050,6849
58150,4680
44050,6561
27300,_
52000,3993
29875,8036
36781,9971
36781,9903
36781,3995
28322,7809
28322,7848
30801,2150
21325,2181
21325,8659
52000,5310
52000,5300
CR002,_
28173,7788
25920,8403
26910,8404
25920,8401
51550,6551
58940,5760
51550,6539
OO19,_
67036,9933
90935,3958
49560,5423
BORDERLINE,2121
31231,_
MALIGNANT,2121
BORDERLINE,_
58951,5423
58951,5411
99462,9933
99462,_
29358,9933
15750,9357
15650,8670
16010,8674
15650,9357
16010,8670
15750,8674
15650,8628
27507,7936
27758,7935
29405,8385
28261,9353
29405,8048
25611,7932
24665,7912
25611,7783
42953,7760
42953,8309
42953,8345
42953,9820
11012,2959
42953,7710
42953,8302
42953,8339
42953,8628
26843,8126
11000,7785
BENIGN,8609
11303,_
INCLUDING,8609
45116,4590
45116,4869
82014,_
10601,7499
82014,7499
10601,_
80999,_
25600,7679
21407,7902
25600,1669
PREGNANCY,7360
CEPHALICT,7359
BW32KG,7360
PREGNANCY,7359
TERM,7360
CEPHALICT,_
BW32KG,7359
TERM,7359
CEPHALICT,7360
32662,8309
32662,8345
32662,9820
11011,3430
32662,8302
32662,8339
32662,8628
27360,7760
11012,7785
27360,7710
25514,_
35045,3893
35045,3929
43239,8839
75980,4514
43239,8754
23146,7771
23146,7801
20902,7810
27331,7860
27513,9344
27520,7800
20650,8036
20902,9829
24935,9999
21175,7646
62121,7691
21175,124
62121,7646
21175,7691
23455,8031
29815,8182
23455,8021
47000,5423
47000,5411
26841,7760
26841,8309
26841,8345
26841,9820
11012,8129
26841,7710
26841,8302
26841,8339
26841,8628
11011,7859
21196,8302
21196,8339
21196,8628
25515,5061
47360,7932
25515,3886
LACERATEDLEFTFOOT,_
25929,8403
25085,8043
12016,9357
44950,4850
45110,5674
50780,4850
45110,4709
44950,5674
61795,2241
63385,7769
20938,8051
63077,7809
63385,7859
63385,_
21550,8309
21550,8345
21550,9820
11011,8321
21550,8302
21550,8339
21550,8628
51155,_
61210,125
62223,_
61512,233
61210,124
61512,_
61210,233
61210,_
26545,8172
CIT,_
58358,_
50630,5733
52204,5700
52310,5733
52204,5620
50630,5700
38542,2211
31237,4021
38542,2121
19162,8523
90935,5569
50365,3995
67025,9933
99432,1475
67025,9929
67025,9959
99432,1471
10600,_
35221,5251
49000,4595
44150,5423
44150,5411
55700,6270
51040,6011
54520,5717
55700,6230
51040,6270
54520,6011
55700,5717
51040,6230
96408,6639
58661,9925
57307,4610
57307,7073
65815,1475
79360,_
COLONPOLYP,4685
COLONPOLYP,4525
COLONPOLYP,4513
COLONPOLYP,_
44144,6849
58150,4579
58150,4613
44144,6561
43239,5421
43653,4514
43239,4319
46705,9933
38572,4029
90925,_
11040,7934
11040,7924
21195,7643
27506,5061
47360,7815
47360,8152
27506,3886
47360,7925
26670,9820
11010,7974
26670,8628
23585,7760
23585,8345
29848,479
64721,8043
29848,460
27520,8671
67966,7909
27520,824
44320,6270
54520,4610
44320,6230
11000,4579
22560,_
24352,8090
24352,8314
66630,1269
66630,1264
66630,1214
28810,8401
26951,8411
28810,407
28525,9353
29405,7938
49255,4011
PARTUNSPE,9925
PARTUNSPE,_
SO111,884
67961,_
SO111,8671
SO111,_
11011,7975
20692,7935
27513,7810
20692,7815
27658,8302
27603,8364
27658,7710
64834,8309
64834,9820
11011,430
64834,8302
64834,8339
11000,8077
MVP01,_
58170,6849
58170,6561
58170,_
25931,8403
67971,7936
27827,869
67971,7817
23700,9933
27503,7931
24546,7905
27503,7842
26591,8628
11044,8289
26591,7760
34241,_
21810,7819
69436,125
61320,2001
69436,124
54640,4709
44950,6250
ECS01,2181
ECS01,8659
ECS01,_
27067,7769
27067,7779
53505,5841
59400,9933
32667,_
15830,6561
15830,_
67039,1471
10022,_
21501,9357
36488,4191
38230,3893
36481,4191
27392,8313
27001,8312
51550,6651
49255,5760
49255,6651
58700,5760
51550,5440
33518,3611
33518,3961
33518,3522
17312,8669
15240,_
17311,8669
93452,_
61558,201
MODERATEDEHYDRATION,_
90935,5136
15732,8345
93510,8843
37207,3990
60280,639
56801,8628
36488,8604
10060,3893
56801,7760
56801,_
68700,884
67961,973
68700,8671
PO71,9933
PO71,_
27511,7760
25560,8628
25560,8345
45378,5459
44005,4685
44620,5459
28615,7710
39000,8309
39000,8345
39000,9820
11011,3410
39000,8302
39000,8339
39000,8628
12057,8628
12057,8345
28160,8098
29305,8309
29305,8345
29305,9820
11011,9351
29305,8302
29305,8339
29305,8628
56630,7150
10060,8042
24006,8604
10060,8012
28825,8609
49201,4709
12004,125
61313,8659
12004,124
POOOO,_
27511,8309
96408,5419
96408,5425
10140,6270
54520,8604
10140,6230
27310,7819
15100,7986
27310,9829
47605,5188
29035,8309
29035,8345
29035,9820
29035,8302
29035,8339
29035,8628
HYPERTENSIONSTAGE2,_
25020,8669
44604,3409
29365,7760
29365,8309
29365,8345
29365,9820
29365,7710
29365,8302
29365,8339
29365,8628
43634,4610
44141,4389
43634,4572
EO111,_
28116,7789
44950,8753
35651,3925
58749,_
44500,5423
49000,9608
44500,5411
26568,7834
26568,7839
15200,8544
15200,8543
66987,6829
58558,1371
66987,6816
66987,6909
58558,1341
64721,5132
47721,460
31535,3130
31300,3143
31535,3009
49587,5123
FP09,_
44300,4319
43832,4610
42426,8382
15734,4041
42426,8332
42426,8669
15734,2633
38503,5375
38503,3404
38503,_
52330,5600
25611,7979
25520,7912
25611,7902
27250,7925
24356,7780
24356,8314
67445,1669
67580,1601
67445,1664
67113,_
67113,1459
67108,_
67113,1449
59613,_
59613,7360
59613,7359
CAPMR,_
90935,4709
44950,3995
47480,4610
47525,4613
44144,5103
44950,7491
59100,4709
44950,6800
24600,3891
34111,7972
24600,3803
00000,9933
27507,7817
29355,7906
II109,_
SD631,_
11042,8037
11042,8017
67835,801
67835,862
ZZ70,_
54336,5845
54336,5849
64704,479
31575,2211
31575,2121
90935,2219
31238,3995
90935,2100
11043,7783
15950,8628
27824,8628
27824,8345
82044,_
27766,9820
27350,7925
11011,3959
66984,1319
66983,1330
41017,7360
59409,2700
41017,7359
27590,7925
59513,6970
58300,7499
59514,6970
25900,1289
65285,8405
25900,1159
21315,7934
26735,2171
21315,7924
38100,8669
27335,7815
15100,4150
38100,8076
27514,8669
38100,7815
27335,7935
15100,8016
27514,8076
38100,7935
27335,4150
15100,8076
27335,9820
15100,7815
11012,8076
27335,8669
15100,7935
27514,4150
38100,8016
38220,5498
90945,4131
38220,3995
12031,881
12031,2751
12031,2181
12031,1840
80098,_
25260,8689
ZO39,_
AO62,_
32020,5029
32020,5099
47361,3409
32020,5000
32020,5061
67961,8628
11043,8671
NI9,_
26596,8630
15350,9357
49525,5600
52337,5310
49525,5522
49525,5631
49525,5980
52337,5300
11043,8544
19240,8345
32008,_
32008,3460
32400,3409
32650,3424
32008,3421
32400,_
32008,3424
32400,3460
32008,3409
32020,3424
32400,3421
22010,8099
20250,_
20936,7749
63085,7859
22010,309
20250,8099
63085,8451
22010,7859
20250,309
22842,7749
63085,7809
22010,8451
20250,7859
63085,7749
22010,7809
20250,8451
22842,8099
63085,_
22010,7749
20250,7809
22010,_
59513,125
61512,7499
59513,124
HOO0,_
69436,2169
42830,2001
30802,2860
69436,2132
42830,2169
30802,2001
42830,2132
32095,5459
44005,3409
32020,5459
070/3,_
45375,4685
45375,4525
12015,7926
29405,8659
12015,7817
27758,8659
12015,7936
27784,8659
12015,9353
50391,8773
50391,9649
50551,9929
50391,5521
50391,9645
47600,3893
75658,8849
55530,6250
54640,6310
52325,9851
43262,5136
52510,3721
93508,6095
52510,3639
59151,6849
58150,6563
59151,6561
25525,9357
16010,7979
59402,7360
59402,7359
24925,8628
11043,8430
24925,8345
11043,8407
24900,8345
24900,8430
23515,8036
27331,7939
23515,9829
21627,2749
21627,7631
41155,7769
21627,2530
21627,4040
52612,5421
49650,6029
52612,5300
29065,7817
11042,4575
54161,9933
48146,5253
27146,7739
51050,8799
TM2,8309
TM2,8345
TM2,9820
TM2,8302
TM2,8339
TM2,8628
TM2,_
12032,9357
44950,4675
44604,4709
27832,8628
27832,8345
46754,9789
20900,7939
23515,7800
20900,7929
29355,7936
29355,7817
27030,7760
27030,8309
27030,8345
27030,9820
11012,8015
27030,7710
27030,8302
27030,8339
44970,6849
44320,4701
47100,4610
44320,6561
47100,6849
44970,5012
44320,6849
47100,4701
58150,5012
47100,6561
58150,4701
44970,4610
44320,5012
26350,7814
99256,8753
47610,8907
99256,5122
NSD01,6739
NSD01,6909
57520,_
NSD01,6720
28496,9820
28496,8628
21557,8345
15100,9829
26735,7814
26608,7934
26608,7924
27236,7905
27220,7935
27226,7905
43262,5423
43268,5185
43269,5293
49000,9755
43262,5411
43268,5423
43269,5185
49000,5293
43262,9755
43268,5411
43269,5423
49000,5185
43262,5293
43268,9755
43269,5411
36488,4979
46742,5461
36488,4899
49900,4979
46742,3893
49900,4899
11043,3961
33405,8345
19369,8572
19369,8628
11043,8572
19369,8345
25620,8659
27509,7760
27509,8309
27509,9820
11012,7945
26010,8345
27596,8309
27596,8345
27596,7710
27596,8302
27596,8628
27244,7936
27823,7935
27244,7819
27822,7760
27822,8309
27822,8345
27822,9820
47610,5298
43271,5122
15100,8543
11043,8543
15100,8544
50040,5423
58925,5501
50040,5459
44005,5501
49000,5502
50040,6529
58925,3995
58925,5502
90935,6529
50040,5411
44005,5502
27509,7935
27513,7945
54385,5310
54385,5300
OO829,_
44005,6840
59513,5459
59525,5459
44005,7499
57289,5960
57289,7051
51860,5425
49080,5781
59620,6639
82962,_
49255,6869
58210,4709
44950,6869
67208,1459
67108,1422
67208,1449
27888,8628
25515,7925
36450,3491
32002,9901
36450,3404
24515,7935
27514,7931
24515,7815
11043,7931
11000,7934
11000,7924
14061,8309
14061,9820
14061,8302
14061,8339
49509,6230
27829,7760
27829,8309
27829,8345
27829,9820
11012,9359
27829,7710
27829,8302
27829,8339
49587,6561
58200,5349
49587,4011
49587,6849
58200,5341
44970,8753
47563,4701
58200,6599
58825,7499
59514,4011
59514,6599
58200,7499
58825,4011
29325,8152
44320,7906
49000,9351
27506,4610
27750,5411
29325,5423
44320,7815
27750,7815
29325,7925
44320,8152
49000,7906
27506,9351
27750,4610
29325,5411
29325,7906
44320,9351
27750,5423
29325,7815
44320,7925
27506,7906
27750,9351
29325,4610
59411,9933
80992,_
37616,3880
27315,407
04202,_
49080,5300
49507,5425
49080,5310
44310,9933
36568,4620
36488,7925
25574,299
25560,8309
25560,9820
25560,8302
25560,8339
08009,_
58200,6869
58210,4011
58210,6849
59514,4563
44120,7499
59514,5459
59514,4590
59514,4562
99999,_
59120,9903
36430,6549
59120,9971
OI210,_
27730,7827
50610,5980
52000,5779
51596,9901
52000,5671
36450,5779
51596,5732
52000,9901
36450,5671
36568,9901
58150,3893
36568,6849
36450,3893
36568,6561
92982,3591
93580,66
92982,3552
92981,8850
20805,8423
JI893,_
06310,_
16913,_
44201,5423
44201,5411
44201,_
45329,_
45329,4685
45329,4525
11042,8753
47605,8659
11042,5122
12032,8753
47605,8628
12032,5122
21315,7679
21245,2171
21407,7643
21315,1669
21245,7679
21407,2171
21315,7643
21245,1669
27385,8302
27385,8345
27385,7710
27385,8309
27385,8628
11012,8365
27385,7760
27385,8339
27385,9820
12004,7932
45378,8628
11000,4685
44141,4685
44141,8628
11000,4525
31526,2749
42440,7631
31600,3142
MM807,4223
41155,2630
31526,3121
43200,_
42440,2530
31600,2749
MM807,4040
MM807,_
15082,_
27600,125
31600,8314
27600,124
61304,8314
27600,3121
15736,9820
00013,_
27759,7800
20962,7936
27759,3999
23700,7860
27418,7847
36430,331
96450,9971
29345,9933
CR467,_
61522,8628
46606,7979
45563,4921
21470,4923
27216,4800
46606,4879
45563,7676
21470,7815
27216,8152
46606,7909
45563,7979
21470,4921
27506,4923
27216,4610
46606,4800
27216,7925
46606,8152
45563,7909
21470,7979
27506,4921
27216,4923
46606,4610
21470,4879
27506,7676
27216,7815
46606,7925
45563,8152
21470,7909
27506,7979
27216,4921
21470,4800
27506,4879
27216,7676
46606,7815
45563,7925
21470,8152
27506,7909
45563,4923
21470,4610
27506,4800
27216,4879
46606,7676
45563,7815
21470,7925
11010,7904
90935,7935
27236,3995
25560,7931
25560,7842
61606,160
61606,212
35141,8628
35141,3808
27301,3848
28825,3952
35141,8309
35141,8303
27301,3806
28825,3808
11011,3952
35141,8345
28825,8303
34201,8411
35141,3806
27301,3891
28825,3848
34201,3952
35141,8302
35141,9820
27301,8411
28825,3806
35141,3891
11011,3848
27301,3952
35141,8339
34201,8303
35141,8411
27301,3808
28825,3891
34201,3848
41830,2420
58661,6589
49522,3995
27510,8309
27510,9820
27510,7710
27510,8302
27510,8339
45380,6813
58100,4525
45380,6711
44125,5423
44125,5411
12005,7710
47610,5294
61501,9357
61501,8628
28270,8309
28270,9820
11012,8048
28825,8036
64222,_
02002,_
45317,9623
46940,4543
65041,1479
67027,_
65041,1472
65041,_
27426,_
31625,8628
11000,3324
26989,7925
24515,8152
26989,7931
26989,8152
24515,_
26989,7815
24515,7925
26989,_
XA0,1474
67050,_
XA0,1343
27245,7931
58120,7759
59612,6909
55101,5310
49525,6100
55101,5300
33201,3770
33210,3774
52204,8773
52005,5733
52204,9649
47562,8546
19200,5123
47562,8545
43310,4289
24305,479
64718,8385
24305,460
74475,3893
74475,3995
36488,5512
11042,8388
25265,8628
10140,6813
58100,8604
10140,6711
28485,7936
27826,7937
28485,7817
29085,7934
29085,7924
11000,9933
KI528,_
29355,8047
20822,7760
20822,8309
20822,8345
20822,9820
11012,8422
20822,7710
20822,8302
20822,8339
20822,8628
46262,8628
27760,8345
31075,2219
31075,2242
29125,_
49507,6100
36800,8309
11012,3993
36800,7760
36800,8628
90935,8415
27880,3993
36800,8411
36800,8339
27880,3995
36800,8415
28810,3993
36800,8302
36800,9820
28810,3995
36800,7710
36800,8345
SG045,_
27230,8345
27502,7932
25620,7905
44602,7925
51860,5717
51040,5781
44202,3995
49201,6639
58661,5440
43268,5136
19162,4023
NSD01,9357
NSD01,8628
28300,8388
27654,7739
28300,8149
27700,8149
46040,4911
46040,4993
46040,4873
19180,7791
19260,8541
19180,3440
37244,_
49084,3893
29325,7739
23410,8041
69550,1829
44310,4563
44310,4639
44310,5459
44125,5459
44125,4620
11402,4912
46275,8630
11402,4911
30250,_
30250,2169
30140,_
30250,2161
27823,7817
34502,5423
49080,3959
58660,5425
34502,5411
58660,3959
34502,5421
58660,5423
49000,3959
34502,5425
58660,5411
34502,3959
64786,407
25023,8628
58102,_
36475,8669
37760,_
36475,3880
28546,7818
51050,5521
90935,711
90935,730
60650,3995
90935,5421
90935,729
27295,8095
58555,6813
58100,6812
58555,6711
27495,7855
27450,7815
27495,7735
61595,299
61321,442
61595,124
50393,5620
50393,5732
50393,9645
28320,7848
27507,7925
27054,8075
27054,8345
31600,139
62270,3121
61312,331
62270,139
61154,331
62270,125
61154,3121
31600,331
62270,124
47000,6529
47000,4709
58951,_
47000,5440
47000,6849
58951,4709
44950,_
47000,4030
47000,6561
49900,4579
45380,4593
44160,5461
45380,4562
49900,4593
45380,5461
44160,4525
49900,4562
27470,8345
27702,8149
11044,8156
27702,7760
27702,8628
27702,8156
27702,8345
27535,7923
26765,8382
15736,7934
26765,8332
26765,8669
15736,7924
27245,9346
27245,9344
11000,4675
44900,8628
44605,4720
44900,4675
11000,4720
44900,4610
15240,7989
27846,7810
20692,8669
27846,8669
20692,7989
69310,2759
11043,1860
40650,8345
69310,8628
40650,1860
69310,8345
MYELODYSPL,_
27507,7979
27216,7935
27507,7909
44316,4622
29345,4150
38100,9353
OTHERBENI,_
11308,_
OTHERBENI,8609
32020,9353
29065,3409
04290,_
82114,_
80960,7360
80960,7359
80960,_
27086,8309
27086,9820
11011,9829
27086,8302
27086,8339
27086,8628
44110,3886
44604,5061
44603,4500
47360,4675
44110,4673
44604,4533
44110,5423
44604,3886
44603,5061
49000,4500
47360,4533
44110,4675
44110,5061
44604,4500
44603,4533
47360,4673
44110,5411
44603,3886
47360,4500
MCP01,9041
MCP01,8909
57125,_
52649,5600
52649,5732
12011,9357
35583,3929
15100,8401
27848,7936
11011,7929
27848,7817
43820,8907
44020,4439
44020,8907
99256,4502
44020,5423
99256,4439
43820,4502
44020,5411
26735,7913
26607,7934
26607,7924
44960,9971
44960,9903
019/0,_
31603,125
61313,3110
31603,124
28616,_
18810,8314
28675,7937
28485,_
28616,8314
18810,8628
28645,7937
28675,_
28485,8314
28616,8628
18810,9820
27600,7989
28675,8314
28616,9820
18810,7989
27600,7937
11010,_
28645,8314
28616,7989
18810,7937
27600,_
28616,7937
18810,_
51860,5440
58940,5781
49201,6551
49201,6539
49255,6551
49201,5781
49255,6539
51860,6551
49255,5781
51860,6539
12051,7819
21454,1840
21454,2751
21454,881
12051,7676
21454,2181
21454,8659
LL405,_
11000,8662
25545,5061
25545,3886
CR465,8908
CR465,9449
25028,8345
99432,4999
46715,9929
46715,9959
46715,9933
45300,8628
11043,4824
45300,8345
48270,_
27497,9357
46600,4685
46945,4921
46600,4525
46945,4685
46600,4945
46945,4525
27650,8192
28119,8394
63030,_
63035,8451
63035,8051
63035,309
45372,_
61855,293
35860,9357
16010,3806
61312,3951
FP001,7759
58100,6651
58700,6813
58700,6711
51580,5423
90935,5671
49000,5779
51580,3995
51580,5671
51580,5411
49000,5671
51580,5779
52214,5850
52214,6373
55821,5749
55821,6029
52214,3998
52214,6030
55821,5732
55821,5831
44152,4610
44144,4595
44144,4835
44152,4579
44152,4613
44144,4582
44144,4601
TW4,_
27758,9344
20692,9344
27758,7810
43239,9608
44372,4525
44372,4685
45378,9608
44372,4514
61700,8628
11043,3951
61700,8345
31600,9803
43500,3121
31600,4300
61304,331
76965,_
46257,9622
45303,4939
CR468,_
26951,8403
49555,5310
49520,5329
12006,8309
12006,9820
12006,8302
12006,8628
50782,4590
21453,5674
44140,7675
50782,4572
21453,4590
44140,5674
50782,7675
21453,4572
50782,5674
99431,_
99431,9933
10410,_
36450,4673
44602,9901
59812,6829
99256,7360
59409,8907
99256,7359
47361,5423
49080,5000
11043,5029
12041,5061
49000,5099
47361,5425
49080,8345
11042,8411
11040,8411
11040,8152
25574,7936
11040,7815
26410,1840
29075,2181
61304,2751
12053,7760
29075,1840
61304,2181
11044,2751
25545,881
26410,7932
61304,9353
12053,125
61304,1840
11044,2181
26410,881
61304,8286
12053,124
25545,125
11044,1840
25545,2751
29075,881
12053,9353
25545,124
26410,125
25545,2181
26410,2751
29075,8659
61304,881
12053,8286
25545,9353
26410,124
29075,125
25545,1840
26410,2181
29075,2751
61304,8659
11044,881
12053,7932
25545,8286
26410,9353
29075,124
54520,5419
54520,5440
58960,6270
55720,6739
55720,6909
57520,6000
55720,6720
55720,6769
GOO9,_
68811,2263
31254,943
68811,2219
11012,2110
11012,2264
61581,7710
61581,8302
61581,8339
61581,8628
20600,8076
20600,8060
20600,8026
26300,_
26300,8345
18201,_
21247,7643
21247,7691
AN083,_
67051,1459
54150,5310
49525,6400
54150,5300
OO1,6849
OO1,6561
OO1,_
32442,3150
32442,3259
32442,3348
LOWERLIP,_
INNERASPE,8521
LOWERLIP,8521
INNERASPE,_
27356,7762
27356,7805
43122,5423
49000,4241
49000,4350
59402,6970
58310,_
36458,_
LK134,_
42509,2629
42509,2699
43638,4525
45378,4350
43638,4685
36488,4350
45378,4400
43638,3893
19107,_
11040,7925
29075,8185
24587,9353
29075,7929
20956,7931
24515,3999
AZ370,7360
AZ370,7359
AZ370,_
OO91,_
11760,8401
26952,8689
11760,407
OP034,9933
OP034,_
51920,5784
51920,4673
58150,5784
51920,6849
44602,5784
51920,6561
11010,8192
11010,8396
21556,889
67840,8332
21556,820
67036,1479
67027,1474
67036,1472
21470,884
67961,7676
21470,8671
32604,3422
32604,3724
29305,7929
27566,9351
29305,7796
11042,8309
44202,4709
44202,5411
44202,5423
57500,6739
57500,6909
57520,6712
57500,6720
57500,6769
JK291,_
27335,8365
27385,8076
21345,8628
27330,7860
11042,9788
20680,8016
22850,8345
44378,4685
44020,4443
44378,4525
44020,4685
43235,4443
45378,4502
44020,4525
44378,4502
47420,5110
43260,5104
26676,8302
26676,8628
26607,7814
29075,7936
49080,4685
45378,5425
49080,4525
26746,9353
CR319,_
29355,8388
27652,9353
29355,8149
61618,7760
61618,8309
61618,8345
61618,9820
11012,212
61618,7710
61618,8302
61618,8339
61618,8628
30140,2150
30140,2188
30520,2161
30140,2121
30140,2211
54650,6270
45378,4601
27880,4835
27880,4685
45113,8415
27880,4601
27880,4525
45113,4685
45378,8415
27880,4595
27880,4869
45113,4525
33851,3845
36488,5620
50400,3893
36488,5570
36488,5689
36488,5587
33877,3956
33877,8857
93556,3954
33877,8843
93542,8852
NG1,_
24149,8349
24149,8630
24149,8684
58920,5423
49000,6522
58920,5411
42325,2649
42325,4685
45378,2649
42325,4525
43820,9607
43241,4439
43820,4513
11040,8314
11040,3803
TC792,_
28001,3891
27594,8303
28001,3806
28001,8417
28001,3808
50240,9971
36430,5540
50240,9903
14300,9933
CR046,_
11010,125
61130,125
11000,4195
38115,8628
11000,4143
62223,160
61500,233
67334,1513
67334,1590
54640,6352
31225,2211
31225,2121
IO141,_
11444,8345
29345,7935
27514,9353
29345,7815
58210,5361
49560,4030
49560,6869
58210,5351
11011,5310
49520,8302
75385,4542
75385,_
89221,9059
99246,9041
43231,4341
43231,_
27443,8076
27443,8086
27443,8147
21720,8319
54500,5310
46230,4685
43235,4946
46230,4525
46230,4513
12102,8857
92975,_
12102,3604
12102,_
SO101,_
15740,9199
11646,8670
88331,8630
15740,8908
11646,9199
88331,8670
11646,8908
42858,_
27245,8192
27245,8396
20610,7935
27245,8191
27245,8394
43246,3110
61312,4311
43246,125
31603,4311
43246,124
54348,5845
54348,5849
54348,8670
20605,3995
11040,3491
11040,3404
31781,3179
49505,6200
24100,8035
27052,8012
19110,5310
49505,8599
19110,5300
21421,7691
21454,7673
28505,7676
21147,7819
21421,7939
21454,7646
28505,7691
21147,7673
21421,7676
52332,5423
49000,5732
49520,5459
66984,1239
66680,1330
58120,7860
27659,8364
27659,8345
66170,1254
65850,1264
11043,8670
50576,5521
50576,5523
50576,5539
50576,8773
50576,9645
50576,9649
26517,8172
12047,8309
12047,9820
12047,8302
12047,8339
59814,6849
58150,6959
59814,6561
54510,5310
49507,6220
54510,5300
26615,7934
26735,7923
58925,6813
58100,6529
58925,6711
31601,3169
31582,3121
31601,3110
45330,4650
96408,7491
59100,9925
96408,6800
22842,7760
22842,8339
27840,7859
22842,7710
22842,8309
22842,7977
22842,8302
22842,8345
21248,7760
21248,8309
21248,8345
21248,9820
21248,7710
21248,8302
21248,8339
21248,8628
58150,4851
45380,6561
45395,6849
58150,4525
45380,6849
45380,4851
45395,6561
64721,7710
64721,8302
64721,8339
64721,8628
12043,_
15940,8630
15940,8659
26483,8256
26483,8381
CR049,_
46748,4879
46748,4979
46748,5849
46748,7079
46748,7091
OZ390,_
58600,125
61526,6639
58600,124
27236,7860
51020,5749
52235,5759
ZZ895,_
61314,3110
11041,8303
25365,9357
16010,7733
25365,8628
06800,_
28001,8415
27880,8303
15770,8309
15770,8345
15770,9820
15770,8302
15770,8339
15770,8628
11425,_
52620,6029
10140,8628
CR053,_
CR061,_
27091,8345
40700,2188
30460,2754
30520,2186
40700,2150
30460,2188
30520,2754
40700,2186
30460,2150
46600,4959
46270,4939
46600,4939
46200,4921
50925,_
96408,4443
43255,9925
96408,4233
44900,6561
52332,4720
44900,5732
44005,5980
22554,7769
20930,8129
22554,7809
20930,7769
17262,8630
CORDCOIL,9933
CORDCOIL,_
31231,884
21315,2121
67961,2171
31231,8671
21315,884
67961,2121
31231,2171
21315,8671
24320,8381
24320,8388
58120,4341
43244,6909
58120,4233
04100,_
00960,_
15822,1663
67584,870
15822,1049
46742,7079
46744,4899
46742,4879
46742,5849
MALIGNANT,2559
48150,5253
47780,4370
48140,5136
47780,5270
48140,5296
48150,5499
47780,4150
47780,5136
48140,5251
47780,5296
48140,5499
47780,5253
48140,4370
47780,5251
48140,5270
65250,_
37735,8314
27894,8344
27894,8669
37735,407
37735,8345
27894,3889
27894,8630
66982,1474
96408,3893
36488,9925
96408,9604
38505,9925
32000,4011
32140,3491
96408,3229
38505,3409
32000,9925
32140,4011
38505,3229
32140,9925
96408,4011
38505,3491
32000,3229
47600,8544
19240,5122
47600,8543
27245,7860
23530,7981
10141,_
27827,7925
27827,7815
27827,8152
11043,7733
12035,125
61314,8659
12035,124
35189,3953
03620,_
27740,7827
28496,7760
28496,8309
28496,7710
28496,8302
28496,8339
45300,8309
45300,9820
11011,4824
45300,8302
45300,8339
49582,5123
BLOODTRANSFUSION,9971
BLOODTRANSFUSION,9903
BLOODTRANSFUSION,3995
BLOODTRANSFUSION,_
23665,8401
26951,7971
23665,407
21344,7760
21344,8309
21344,8345
21344,9820
21344,7710
21344,8302
21344,8339
21344,8628
28415,8388
27650,7939
64732,403
16035,8403
26910,8609
16035,8401
24545,7932
25600,7939
11041,2181
11041,8659
57200,6561
57200,5411
57200,6849
49000,7071
57200,5423
29065,9359
29065,7945
13235,4685
13235,4525
32500,782
60522,3249
32500,781
11044,8251
23030,8628
11043,7711
23030,8345
52601,6310
55540,5732
55540,5850
55540,6029
55540,6373
RO42,_
15650,7760
15650,8309
15650,8345
15650,9820
11012,8674
15650,7710
15650,8302
15650,8339
15757,7760
15757,8309
15757,9820
11012,8660
15757,7710
15757,8302
15757,8339
11010,7902
27566,8345
14060,9357
26990,9933
11043,7901
77600,_
77600,4594
29807,_
44005,7430
59121,5459
27759,7860
27759,9357
20670,7936
11044,9901
36450,7819
27756,9901
36450,7760
49505,6000
67121,1452
59870,7491
59100,6909
59870,6800
58120,6970
58300,6909
49587,4701
51040,5749
29876,8345
26746,7710
26746,8302
26746,8339
61575,299
57210,8628
11043,7071
57210,8345
38820,_
45300,650
46255,4824
60271,4946
45300,639
46255,650
60271,4824
46255,639
25290,8313
25525,7933
26615,7819
26615,7979
25525,7923
44603,9971
36430,4673
44603,9903
12034,9971
12034,9903
23174,8628
11043,7702
23174,8345
11043,8403
42802,2912
IJ189,_
98222,9041
89222,_
98222,8909
98222,_
27822,7933
12001,7819
12001,7923
29405,7933
27808,7760
27808,8309
27808,8345
27808,9820
27808,7710
27808,8302
27808,8339
27808,8628
44960,4673
44602,4709
37617,4461
12034,3880
28666,8628
28666,8345
35103,3995
90935,3847
44005,9820
11010,5459
11044,8417
27590,8415
27880,8417
31603,7760
31603,8309
31603,8345
31603,9820
11012,3110
31603,7710
31603,8302
31603,8339
31603,8628
26770,7936
27822,7974
26770,7819
36835,_
27254,7800
20962,7985
27254,3999
60260,407
60260,2929
27536,8309
27536,9820
27536,7760
11042,9820
27822,7935
27245,7815
27244,8152
27245,7936
27245,8152
27244,7815
27245,7925
27448,7925
27658,7760
27658,8309
27658,8345
27658,9820
27658,8339
27658,8628
45300,3991
35761,4824
45300,3800
44900,3995
69020,4720
49000,1809
44900,4709
69020,3995
44950,1809
69020,4709
44950,4720
90935,1809
69020,5423
90935,4720
44900,1809
69020,5411
49565,5122
57800,_
26065,_
49010,4701
29325,7985
77776,_
000/6,_
61312,7989
26715,124
49561,5423
57250,6902
59812,7071
59812,7052
JO0,_
90935,8152
27258,3995
90935,7985
25145,7760
25145,8309
25145,9820
11012,7709
25145,7710
25145,8302
25145,8339
25145,8628
RO90,_
49080,3491
32002,5425
49080,3404
32095,4525
32124,3409
32602,3339
43255,3402
45378,3320
32095,3420
32020,4233
32124,4443
32602,4525
32095,3339
32124,3320
LO221,_
65222,1289
65280,9821
65222,1159
11010,4150
19307,8544
19307,8543
52310,5749
12002,5831
11040,6029
11750,5700
52214,8659
12002,8623
11040,5732
11750,5749
52310,6029
12002,5700
11040,8659
52214,8623
12002,5749
11040,5831
11750,6029
52214,5700
52310,8659
11040,8623
11750,5732
52310,5831
12002,6029
11040,5700
11750,8659
52214,8628
52310,8623
12002,5732
11040,5749
11750,5831
49495,6400
54150,5390
54150,6310
55540,6400
49495,5390
27245,9357
27238,7935
27238,9357
16010,7935
27245,7905
61154,9901
36450,139
99432,7791
32035,9929
32035,9959
99432,3409
32035,9933
64836,8345
23472,8180
27176,9346
27175,7955
27176,9344
35800,639
10360,_
11044,7719
23935,7760
11044,7712
23935,8345
29355,7860
20520,7815
20520,7710
000/1,6849
000/1,6561
44960,6529
31800,8309
31800,8345
31800,9820
11011,3171
31800,8302
31800,8339
31800,8628
14060,8670
15576,8689
38510,407
42415,4011
38510,2929
25574,7860
42300,8309
42300,8345
42300,9820
11011,2700
42300,8302
42300,8339
42300,8628
59513,6529
36488,6840
36488,6839
59525,3893
64831,8401
26952,430
64831,407
12013,7925
44602,8309
44602,8345
44602,9820
11011,4673
44602,8302
44602,8339
36488,4650
44620,4620
44310,4650
44620,3893
44602,4562
12014,9820
65782,1371
66982,1689
65782,1330
25320,7760
25320,8309
25320,8345
25320,9820
11012,8175
25320,7710
25320,8302
25320,8339
25320,8628
06540,_
61550,201
INGROWNTOENAIL,_
32582,_
27380,7986
20690,8364
27602,7810
27556,8314
27380,7819
20690,7986
27602,8364
27556,7810
27380,8314
27602,7986
27556,8364
27380,7810
20690,8314
27602,7819
11044,3991
35761,7760
11044,3800
08901,_
21372,_
22845,8129
22554,7859
22554,8451
ENGORGEDHEMORRHOIDALVESSEL,4685
ENGORGEDHEMORRHOIDALVESSEL,4525
ENGORGEDHEMORRHOIDALVESSEL,_
47564,5459
43274,5419
49420,9925
77418,5425
49080,5419
43274,9925
49420,_
77418,5419
49080,9925
43274,_
49420,5425
77418,9925
43274,5425
45378,8604
10060,4685
10060,4525
74330,5111
74330,5213
20610,8041
23455,8181
23420,8191
29821,8192
29826,8394
21315,2181
21315,8659
29838,8082
24515,8670
20970,7931
20970,8670
25076,8339
24075,8332
27328,8339
58300,5423
58300,6551
27307,8312
33472,3513
34501,3959
44625,5310
49507,4650
44625,5300
53325,7050
57555,_
53325,6740
53325,_
20661,7989
22326,294
36680,_
36680,9604
99437,9933
99437,_
52332,6094
52332,5850
52332,6029
52332,6373
44141,9804
45379,4572
51920,4709
44950,5784
ZO820,_
11000,479
11000,460
30231,_
58150,5950
46258,4824
45300,4873
51920,7071
57250,5784
51920,7052
43605,5423
49000,4415
43605,5411
49525,6310
57210,7360
57210,7359
44603,5459
33243,3779
25800,8126
24516,8309
24516,8345
24516,9820
11012,7840
11012,8444
24516,7710
24516,8302
24516,8339
24516,8628
67222,1269
66170,1459
67222,9335
36430,4851
45395,9903
26426,7760
26426,8309
26426,8345
26426,9820
26426,7710
26426,8302
26426,8339
26426,8628
90935,8659
15931,3995
44140,4563
44140,4562
44970,4563
44120,4701
44970,4562
44120,4572
26115,7760
26115,8309
26115,9820
11012,8630
26115,7710
26115,8302
26115,8339
26115,8628
99256,7925
61156,125
99256,8628
11043,8907
66250,9357
11042,1283
28525,7815
27759,5423
49000,7936
27759,5411
27640,7760
27640,8309
27640,9820
11012,7780
27640,7710
27640,8302
27640,8339
JH189,_
22310,9357
16010,353
22310,8628
CR042,_
08200,_
44005,5421
49650,5440
49255,5421
49650,5459
50530,5732
50530,5700
50530,_
47780,5423
47780,5411
LK219,_
29834,9820
35141,8839
75952,3848
26030,7789
48100,9357
36450,5212
48100,8628
16010,5212
48100,9901
44005,6880
33425,3512
62117,204
47490,8753
47610,5101
47490,5122
27386,8345
67040,1330
53800,6970
53800,_
63702,9933
26776,7760
26776,8309
26776,8345
26776,9820
26776,7710
26776,8302
26776,8339
26776,8628
92982,5423
49000,8843
92982,3995
93556,5411
49000,66
92982,5411
93556,5423
90935,66
49000,3956
46614,4685
21193,7643
21193,7662
43234,5512
45378,5570
43234,5620
45378,5689
50400,4513
35661,3929
12001,5749
61705,3953
59162,_
59162,7759
59162,7360
27333,8345
KI291,_
11011,8382
31032,2119
31255,2231
35666,3929
48000,9971
36430,5299
48000,9903
SOO8,_
46910,4929
46614,4939
46910,4921
25500,7860
25500,7935
27514,7860
90935,8544
19240,3995
90935,8543
25526,7933
26615,7939
29870,5620
29870,5732
29870,9645
50575,8036
29870,5521
29870,5631
29870,8773
29870,9649
50575,8026
27513,7932
25515,7815
58720,4610
44141,6561
58720,4572
25545,7810
20692,7932
99256,6829
42415,8382
15732,407
42415,8332
42415,8669
15732,2929
27502,7860
27752,7815
27620,7760
27620,9820
28445,8017
29345,8037
27766,7939
27620,7929
27620,8345
11011,7939
28445,7819
29345,7929
27620,8309
11011,8017
44055,7860
46753,4979
49521,6250
44120,3893
25393,7803
29075,7833
25393,9353
29075,7803
25393,7833
28310,7739
27250,7934
26735,7975
27250,7924
43631,5423
49000,4360
43631,5411
58600,6813
58100,6639
58600,6711
31575,7691
65105,3142
21151,1641
31575,7646
65105,7691
21151,3142
31575,1641
65105,7646
23430,8181
29826,8388
23412,8082
23430,8021
26608,7932
26608,8499
25526,7814
26608,7819
26608,7939
29576,_
32555,_
29835,8072
50543,5980
52310,5540
52332,5540
50543,5700
27690,8382
27615,8375
15738,8349
27690,8332
27615,8669
15738,8375
27690,8349
27615,8382
15120,8349
27615,8332
27690,8669
15120,8375
67228,899
67882,1425
67228,852
43235,4040
38724,4513
43235,4021
52310,5810
52310,5860
52310,8929
52310,6373
AO44,_
JK315,4439
43825,_
JK315,4400
JK315,_
27098,8377
11042,8403
37605,3882
27758,7805
27356,7936
27758,7762
27814,7925
59136,6549
49588,5423
49000,5341
49000,7101
56441,5423
58720,7101
56441,5411
32124,3995
90935,3339
52337,5123
54304,6270
54520,6442
54304,6230
59810,_
19170,_
49525,5440
32554,_
94610,3893
94610,331
94610,9604
94610,9933
45005,4610
44322,5400
45005,4525
45378,6849
57454,4525
45378,6712
OL700,7360
OL700,7359
OL700,_
20972,3999
20972,8670
CR0037,_
ESRD2ºTOCGN,_
ZP95,_
27175,7749
20225,9344
49521,5423
MCPOI,_
XA,9357
12002,_
XA,8659
21935,9933
11011,2181
11011,1840
11011,2751
11011,881
64719,7860
20680,479
64719,294
64719,9788
20680,460
44620,8659
12032,4610
44620,8628
44320,8659
11042,4650
12032,4650
44369,4513
44369,4514
44369,4530
36568,9971
44180,5459
43610,4513
36568,9903
43610,5451
36568,4342
44180,9971
43610,5459
36430,5451
36568,4513
44005,4342
44180,9903
43610,3893
36568,5451
44180,4342
43610,9971
44005,5451
43235,4342
43610,9903
21365,7932
25525,7859
21365,7819
21365,7979
25525,7672
43632,6849
21550,2211
31237,8321
21550,2121
80069,7360
80069,7359
80069,_
44970,9820
11010,4701
44970,8628
59513,7430
59121,7499
59513,6602
12004,7939
12004,7929
28485,7912
25611,7937
43135,2932
40702,2762
42205,2754
40702,2450
27503,9344
20650,294
57210,9971
57210,9903
43830,5423
44310,4319
43830,5411
43830,4620
61314,139
11044,8630
15933,8345
28805,9971
36430,8332
28805,9903
46275,4685
31267,1623
67400,2119
67400,2262
31267,1609
67400,2220
47160,_
27245,7939
27245,7929
20900,7933
26615,7800
20900,7923
32607,_
32607,3712
32659,_
32560,3712
50520,5583
29871,8192
29871,8396
29871,8191
29871,8394
22900,5310
49505,5430
22900,5300
KI842,_
61885,139
61855,8696
61885,293
61855,139
61885,8696
96412,_
32020,7925
36450,8152
27506,3409
32020,8152
27506,9901
32020,7815
59514,5369
49570,7499
59514,5359
29085,7860
23585,7819
50605,5600
FN070,_
43234,5136
36800,5270
36800,5253
48150,3993
36800,5251
43234,5296
48140,4513
36800,4150
43234,3993
36800,5136
43234,5270
36800,4513
43234,5253
48140,3993
36800,4370
43234,5251
36800,5296
48150,4513
43234,4150
BTL,6639
24546,8499
25526,7842
11011,7906
25660,7925
25545,7860
92992,9933
15572,9357
15572,8628
19120,8548
19220,8521
19120,8547
OI624,9903
OI624,7359
OI624,9971
OI624,7360
OI624,_
49525,4912
46270,5300
12041,7759
59612,8659
12041,7360
49000,8773
52005,5423
49000,9649
52005,5411
49000,9646
OU4,_
AI62,_
35231,3956
SZ380,9933
SZ380,_
29065,8401
29065,407
48150,4590
44120,4639
44125,4370
44120,5251
44125,5270
11011,7818
65103,1289
65235,1642
65103,1159
65280,1642
65103,1200
41874,2820
42825,1840
21041,2751
42825,2450
12053,2440
21041,2820
42825,8659
99256,8669
11012,8907
99256,7760
99256,8339
99256,9820
15100,8907
99256,7710
99256,8309
15100,7936
25525,8669
15100,7979
27758,8669
15100,7932
27664,7760
27664,7710
27513,8659
12013,7935
12013,7815
43235,3404
32002,4513
65103,1479
67027,1642
65103,1472
99256,6909
58558,8907
58561,8907
99256,6816
12053,2450
59409,6849
58150,7359
35566,3929
ZX988,_
66983,1471
67005,1319
26750,8381
26412,7904
26750,8286
59411,9971
36430,7252
59411,9903
CR097,_
49521,6352
54600,5300
PO25,9933
65755,1371
65755,1330
15757,3110
38740,8544
38740,8543
44180,5123
49587,5451
47562,5451
EO50,_
FP007,_
43880,4463
38540,_
49420,3893
90935,5419
49420,4685
43235,5419
49420,4525
49420,4513
52335,4575
52317,4610
44143,5980
52335,4610
44143,5700
52317,3893
52337,5411
49000,5700
44143,5600
52317,5411
52337,5423
44143,5522
36488,5700
49000,5600
52335,5411
52317,5423
52337,4575
49000,5522
44143,5631
36488,5600
52335,5423
52317,4575
52337,4610
49000,5631
36488,5551
47605,5440
49200,8753
47605,5411
49000,8753
47605,5423
49200,5122
49420,4563
12037,4590
32000,5419
44120,8659
12037,4562
32000,4563
75984,8754
75980,5512
44147,8628
11043,4579
44147,8345
36568,8628
11040,8415
27884,3995
36568,8415
11040,3995
27884,3893
36488,8415
36568,3995
11040,3893
60100,5423
49000,611
60100,5411
MI70,8192
MI70,8396
MI70,8191
MI70,8394
MI70,_
ORBITALLYMPHOMA,_
11043,4673
90935,5251
90935,5296
48153,3995
90935,5270
90935,5511
50020,3995
26373,8286
27238,7925
58740,4675
44604,6589
58200,6813
58100,4011
58200,6711
51920,5310
49505,5784
51920,5300
29065,7702
48005,5423
49000,5260
48005,5411
51920,4563
28510,7760
28510,8309
28510,9820
28510,7710
28510,8302
28510,8339
23500,8382
35671,3929
35671,3991
35761,3929
35671,3800
27592,7760
27592,8309
27592,9820
27592,7710
27592,8302
27592,8339
27592,8628
27235,7925
21627,3479
45540,4590
44140,4875
45540,4572
19364,8544
19364,8543
90935,5731
36500,5980
50947,3995
36500,5674
36500,3995
90935,5674
36500,5731
36247,4590
44140,3891
36247,4572
AO809,_
44310,5600
44310,5980
90935,4620
44310,5522
44310,5732
52337,4620
44310,3995
44310,5631
38100,4639
11044,4150
44130,8345
11044,7810
20690,4590
44130,8628
38100,7810
11044,4590
20690,4639
44130,4150
44130,7810
38100,4590
11044,4639
20690,4150
44130,7760
19100,8544
19100,8543
11040,2181
21436,7859
27758,7949
11044,7975
27193,7760
27758,7975
27193,8345
11044,7909
11043,7949
27193,8628
27758,7909
11044,7949
27193,7936
57250,6739
57250,6909
57520,7052
29365,9829
49509,4639
44130,5300
25611,7852
24538,7912
28525,7936
27792,7938
28525,7817
24685,9353
24516,7815
27514,7840
27514,8444
24516,7935
58720,7092
58270,6561
58720,6859
25545,7902
25500,7932
AO62E861,_
36825,3805
34471,3993
65285,1281
29405,9933
96480,_
32255,_
11010,7979
59314,_
39520,5380
29345,8047
61304,_
75953,3956
75953,8857
93556,3891
75953,8843
MCPO1,6970
58555,6871
58552,6812
58555,6563
22013,_
99432,8099
63085,9929
63085,9959
99432,309
63085,9933
32000,5425
04590,_
11765,8345
INCLUDING,8630
25574,7905
27502,9971
36430,7932
25574,7815
27502,8152
36430,7905
25574,9903
25574,9971
25574,8152
27506,7905
27502,9903
36430,8544
19240,9903
ER142,_
16010,7925
27506,9357
16010,7815
16010,8152
58671,5421
11041,9820
41872,3961
33405,2420
41872,3522
26600,9357
16010,7903
43243,4542
11043,4613
44144,8345
11000,4461
11000,4442
46200,4823
45303,4959
46200,9622
52332,5459
22900,5423
49000,5430
22900,5411
36800,5980
28046,9357
16010,8349
28046,8628
26117,9357
16010,8229
26117,8628
NCD01,_
47562,5136
47562,5122
44372,5423
43235,9608
44372,5411
43235,5423
25520,7932
16010,8033
25100,8628
25100,9357
16010,8013
26548,8309
26548,9820
11011,8172
26548,8302
26548,8339
000/0,_
32020,3339
26765,7932
26765,7979
92495,_
29847,8023
28825,9357
61595,442
93641,3726
43235,8773
52005,4513
52332,4525
52332,4685
43235,9649
52332,4513
30320,9820
11010,2110
30320,8628
43265,4341
43244,5188
43265,4233
75962,3950
75962,8839
43235,5424
49180,4685
43235,5425
45378,5424
49080,4513
49180,4525
49180,4513
19160,9199
88331,8523
19160,8908
76003,8192
76003,8396
20600,8839
76003,8191
76003,8394
67025,1425
67228,1471
MC,_
52275,6097
47562,4429
47562,5372
39502,5123
47562,4400
47562,4469
47800,5361
49560,5789
47800,5351
28485,7860
43865,4389
43234,4400
43865,4450
43234,6813
58100,4513
43234,6711
43234,4255
32000,4350
43118,3491
32000,4241
36488,4255
27538,8309
27538,9820
11011,7009
27538,8302
27538,8339
27538,8628
XA,1289
65280,_
XA,1159
49010,4620
27516,7925
STOMACH,_
OZ34,_
BO85,_
32100,9971
31615,3402
32480,3409
36430,3321
32100,3249
31615,9971
32480,3328
36430,3402
32020,3321
31615,3249
32480,9903
31615,3409
32480,3321
36430,3249
32100,9903
31615,3328
32480,3402
32100,3321
32020,3249
31615,9903
32480,9971
36430,3328
27536,5423
27536,5411
65285,1631
41252,8345
62146,125
61313,204
25500,7979
43632,4593
43239,4370
44160,4514
44147,4562
43239,4593
44160,4370
44147,4514
43632,4562
43239,4579
44147,4370
43632,4514
43239,4562
44147,4593
P0001,9604
44310,5310
49509,4620
44310,5300
36510,4610
44320,3892
47720,5459
49000,5132
47720,5423
44005,5132
47720,5411
49320,4685
44143,5421
11010,4575
49320,8628
44143,9820
11010,4525
11010,4610
49320,9820
11010,4685
45378,5421
49320,4575
45378,9820
49320,4525
11010,5421
49320,4610
90935,7989
27217,3995
90935,7939
14300,7760
14300,8309
14300,9820
14300,7710
14300,8302
14300,8339
24076,8628
24076,8345
49020,9971
49020,9903
IU55,_
67040,1359
66940,1424
63655,309
63635,7789
63635,7859
63635,_
44005,6711
58100,5459
44005,6813
04409,_
11706,_
25526,7833
25391,7819
25391,7939
50572,5521
50572,5980
50572,8773
50572,9645
50572,9649
42525,_
11041,8382
58545,5423
58545,5411
31622,3198
31529,3324
31622,3142
63610,9239
59404,7360
59404,7359
51860,5749
66170,1372
66985,1264
25620,8314
25620,407
38724,407
42415,4021
44206,5253
48140,1735
61333,1609
61333,1692
11041,8403
11041,8401
28118,8345
52310,9901
36450,5700
44405,_
20310,8192
20310,8396
20310,8191
20310,8394
20310,_
51535,5731
25425,7803
90395,_
27495,8345
75380,_
29075,8033
25100,8388
29075,8013
25260,8033
25100,9353
25260,8013
25365,8302
25248,7733
25365,7702
32020,5421
31600,3409
43653,3121
31600,5421
43653,3409
32020,3121
OO54,_
65093,2181
65093,8659
28106,7769
28106,7809
52240,5810
52240,5860
52240,6094
52240,8929
11643,8670
15574,8630
11621,8670
43205,4443
12034,7817
CR122,_
26437,8309
26437,8345
26437,9820
11011,8299
26437,8302
26437,8339
26437,8628
96408,6813
58100,9925
96408,6711
27516,7955
27519,7945
27516,7815
29305,8121
27286,9351
29305,7735
27784,7819
29345,8669
27756,7926
27784,8669
15100,9353
27756,9353
29345,7819
15100,7926
27513,7860
27513,294
27513,9788
58740,4673
44602,6589
27509,8339
27590,7945
27509,8302
27509,8417
27590,9359
27509,7710
27509,8628
27536,8302
27536,7710
27536,8628
27536,8339
25620,7912
61596,124
62223,2079
31600,299
61596,233
62223,3121
61596,2079
31600,233
61596,3121
31600,2079
61596,299
27511,7932
25575,7815
32020,4029
61501,8332
15120,7710
15732,7760
61501,8302
15732,9820
15732,8309
61501,8339
61501,8669
15732,7710
61501,7760
61501,9820
61501,8382
15120,7760
15732,8302
61501,8309
61501,7710
61501,8345
26746,8401
26952,7923
43516,_
49587,3995
56501,7021
57454,7180
56501,6712
63303,8099
52336,5791
52336,5839
52285,5522
52285,5631
52336,5749
52336,5810
52336,5850
58550,6829
37840,_
67210,5310
RO64,_
NO,_
51800,5759
51800,5785
67900,1692
67412,836
67900,1609
36450,5600
21390,7859
21365,1689
69660,1919
34101,3893
34490,3995
34490,3891
34101,3995
19120,9933
27870,8345
11044,8111
27870,8669
27870,8628
15100,8111
27870,7760
50955,5620
50955,9645
50575,9646
50955,5521
50575,5633
47600,5980
47600,9649
52335,5122
47600,5732
47600,9646
52310,5122
47600,5631
47600,8773
52005,5122
47600,5522
47600,5700
43243,4685
43243,4525
21127,7691
21138,7849
21127,7646
21138,7691
21127,7849
21138,7646
43246,8628
11043,4311
43246,8345
36485,9971
36485,9903
36485,3995
62223,9959
99432,352
63706,233
62223,9929
63706,9959
62223,352
99432,233
63706,9929
SP,_
36488,4533
44110,4650
36488,4500
44620,4533
44110,3893
44620,4500
10540,3121
43246,_
36555,4311
44950,6601
59150,4709
44950,5421
29405,7925
23600,7936
27535,7901
23600,7817
20670,7842
20670,7809
31575,1371
66984,3142
31575,1330
58610,_
49507,6310
JO190,5310
49505,_
JO190,5300
JO190,_
25620,7939
26037,8499
25620,8212
26037,7819
25620,8499
26037,7932
25526,8212
25620,7819
26037,7939
58150,7360
59409,6561
49588,4563
49588,4562
49588,4590
25620,8033
36430,8192
36430,8396
20605,9903
44320,7760
44320,8309
44320,8345
44320,9820
11012,4610
44320,7710
44320,8302
44320,8339
36014,6849
58150,3891
36014,6561
54150,8302
54150,8345
54150,7691
11012,6400
54150,7760
54150,8339
54150,9820
21215,6400
54150,7710
54150,8309
54150,8628
11044,8689
14040,1840
14040,8659
14040,2751
11040,881
12052,8689
11040,1840
14040,2181
14040,881
11040,8689
11040,2751
28470,8192
28470,8396
20610,7907
28470,8191
28470,8394
77261,5101
36430,8403
26910,9971
36430,8401
26910,9903
54640,5849
54324,6250
54640,5845
233/0,_
56120,_
MG982,_
21470,7760
21470,8309
21470,8345
21470,7710
21470,8302
21470,8339
61313,9903
36430,124
61313,9971
36430,125
23600,7931
23600,7842
27556,7760
27556,8309
27556,9820
52332,5122
50680,_
27848,7925
59812,7759
59612,6902
62005,7939
23515,202
62005,7929
46250,9971
46250,9903
CR069,_
CR054,_
27535,4610
44141,7817
23665,8628
11043,7971
23665,8345
21246,7807
21041,7643
20955,7769
21246,3999
21041,7807
20955,7643
21246,7769
21041,3999
27329,8154
27447,8339
27329,8147
75984,_
76942,5512
29825,8031
19100,4610
29826,8375
23440,8041
29823,8375
23440,8031
23440,8082
29815,8375
29821,8375
23440,8021
64804,522
31238,2211
31237,2100
46730,9933
57288,7052
52000,5940
57260,5732
57288,7051
57260,5940
57288,5732
52000,7051
44389,4685
38001,_
NSDO1,8908
NSDO1,9449
36450,8302
27603,9901
36450,7710
33522,3929
CR035,_
27840,7936
27822,7977
27840,7819
49587,5423
59414,7359
47562,5600
66984,1699
19240,4563
44120,8544
19240,4562
19240,4590
44120,8543
27530,7986
27556,7906
27530,7819
11011,7913
31601,640
60254,3121
31601,4040
61304,7815
61304,8152
61304,7925
16010,8546
45315,4912
45020,4993
46280,4542
46280,4835
45300,6561
58150,4824
45300,6849
43246,3121
59513,6589
58740,7499
58720,7499
11043,4946
46255,8628
46255,8345
26255,7764
26255,7804
29345,3391
31630,9353
29345,3323
51860,9824
54115,5781
51860,6492
49580,5440
49020,4590
49020,5425
44140,5419
26037,9357
11044,8212
26037,8403
16010,8212
26037,7760
26910,8212
26037,8669
15100,8212
11042,6270
55150,8628
54520,6130
11042,6230
55150,6270
11042,6130
55150,6230
62100,8302
62100,8345
62100,5411
62100,7710
62100,8309
62100,8628
62100,5423
62100,7760
62100,8339
62100,9820
28208,125
61312,7937
28208,124
28485,125
61312,8381
28485,124
32000,5504
50081,3491
32000,5503
32000,5521
51550,9971
36430,5760
51550,9903
11011,7907
16010,407
42415,8628
11042,7852
24498,8628
11042,7850
52332,6829
32422,_
49520,8684
26597,5300
49509,5440
65601,479
64721,_
65601,460
65601,_
29000,295
20661,9353
29000,294
59505,_
37204,3995
90935,3880
37204,4542
32480,9933
26350,7933
26350,7923
36450,5810
36450,5860
36450,6094
36450,8929
52601,9901
36450,5850
36450,6029
36450,6373
16010,5136
16010,5270
48150,9357
16010,4370
16010,5251
16010,5296
59514,9357
16010,7499
59514,8628
33694,3581
44604,4620
67051,1454
67210,1474
35220,_
52005,8753
36010,5980
47560,8773
36010,5411
47560,5423
36010,8753
47560,5732
36010,9646
47560,9649
64835,7760
64835,8309
64835,8345
64835,9820
64835,7710
64835,8302
64835,8339
64835,8628
27435,8345
27503,7935
27503,7815
44050,4572
44140,4680
44050,4590
31500,4572
44050,9604
35121,3846
35121,3952
45380,4620
45380,4563
11044,3995
27438,8154
29345,8388
29345,8149
27520,7760
27520,8309
27520,9820
27520,7710
27520,8302
27520,8339
11402,8345
SO111,881
SO111,1060
27596,9971
36430,8417
27596,9903
46751,4979
11000,6849
11000,6561
27187,9971
27125,7855
27187,9903
27125,9971
36430,7855
27187,8152
27125,9903
21550,5421
43653,8321
21550,4319
29365,7859
21347,9353
21365,7939
29365,7672
21347,7859
21347,7672
90935,9605
31645,3995
90935,3323
27380,2181
27380,8659
17266,8630
58150,8541
38724,639
BN185,_
45100,640
45355,4923
60254,4522
45100,4040
45355,640
60254,4923
45100,4522
45355,4040
33246,8843
93556,3797
25118,8345
25611,7931
24546,7912
25611,7842
50541,8773
50541,5631
52005,5534
50953,5732
50541,9649
50953,5534
50541,5732
51597,5423
44227,4610
44206,4850
49000,5771
44227,6890
44206,4562
51597,4650
44227,1735
44206,5411
44227,4850
44206,5771
49000,6880
44206,4590
51597,1735
44227,5411
44206,5423
44227,5771
44206,6880
49000,6890
51597,4562
44206,4650
49000,1735
51597,5411
44227,5423
49000,4850
44227,6880
44206,6890
51597,4590
44120,5440
49255,4563
WS4,_
WS5,_
64761,403
28072,8078
25125,7763
25125,7809
HJ068,_
28820,2759
40525,8411
28820,2743
26715,7923
26587,7760
26587,8309
26587,8345
26587,9820
11012,7739
26587,7710
26587,8302
26587,8339
26587,8628
12014,7760
12014,8309
12014,7710
12014,8302
12014,8339
12005,4850
12005,4610
52601,5361
49561,5732
49561,5850
49561,6029
49561,6373
43244,9971
43244,9903
36781,4824
36781,8628
45300,3893
36781,8345
50500,5423
49000,5581
50500,5411
36488,159
61105,390
62464,3893
61105,126
36488,390
61105,3893
62464,124
36488,126
61105,159
51010,5850
52275,5711
51010,5732
27884,8309
27884,9820
27884,8339
25560,7760
28270,7902
15100,7903
25560,8364
26600,8669
15100,8364
25560,7710
15100,7902
25560,8048
26600,8364
28270,8669
26600,7902
28270,7903
15100,8048
25560,8669
25560,7903
26600,8048
48500,5230
44050,3893
36488,4680
ADX,_
27507,7860
ZZ392,_
44005,5375
39503,5459
44005,3404
24650,8628
24650,8345
32020,3780
33207,3409
32020,3776
ZOO1,9933
ZOO1,_
EE119,_
52276,5631
52335,5850
52276,5522
06210,_
43239,4590
45380,4514
43239,4572
44140,4514
75978,3995
90935,3950
50800,5671
MI712,8192
MI712,8396
MI712,8191
MI712,8394
MI712,_
25360,7931
24546,7733
25360,7842
27530,7935
27513,7906
27530,7815
11042,8302
11042,7702
26535,8172
48545,5122
44850,5295
48545,4709
44850,5122
49000,5295
44950,5475
48545,5423
44850,4709
44950,5295
47600,5475
48545,5411
47600,5295
48545,5475
11012,4563
44120,7760
44120,8309
44120,9820
11012,4562
44120,7710
44120,8302
44120,8339
27750,7979
25520,7906
27750,7902
44180,6909
58660,5451
44180,6816
58660,6909
58558,5451
58660,6816
44180,6829
49554,5300
44960,5329
49509,5339
49554,5411
49554,5310
49000,5329
44960,5339
49554,5423
49000,5339
49554,4709
49509,5329
43260,6849
58150,5110
43260,6561
27889,9820
11010,8413
27889,8628
62000,7760
62000,8309
62000,9820
11012,202
62000,7710
62000,8302
62000,8339
62000,8628
44388,9925
44388,5423
44388,5411
51590,3995
44310,4850
45112,4620
44310,4840
27332,7760
27332,8309
27332,8345
27332,9820
26597,9357
36488,8670
16010,8684
26597,3893
36488,8684
16010,3893
26597,8628
36488,9357
27465,8309
27465,8345
27465,9820
11011,7845
27465,8302
27465,8339
27465,8628
EK291,_
12001,7934
12001,7924
59540,_
96408,5980
96408,9646
11043,7643
16020,9357
16020,8628
75980,3995
90935,8754
27334,8321
27329,8076
27330,8339
27329,8321
27330,8076
27334,8339
27329,8016
99259,_
64721,8396
20600,460
64721,8192
35572,_
63076,7769
63076,7859
63076,_
27570,_
15734,8544
19240,8332
15734,8543
19240,8382
11020,_
29065,8042
24006,9353
29065,8012
27497,8628
45762,_
45385,3995
45385,4514
44005,4442
98145,_
27722,7807
38500,2211
31237,4011
38500,2121
59409,6839
58180,7359
49900,4461
36568,5461
49220,3893
43840,5419
49900,4442
36568,4461
49220,5461
49900,5419
36568,4442
49220,4461
43840,5461
36568,5419
49220,4442
11044,7710
32020,8839
75982,3492
32020,5159
32005,8839
75982,3409
32005,5159
20690,8152
29345,7810
20690,7815
29345,8152
20690,9353
20690,7925
26820,7809
26820,7849
20827,8345
CHRONICKIDNEYDISEASESTAGEV,_
23552,7939
23515,7771
17272,8630
45500,4879
27495,7760
27495,8309
27495,9820
27495,7710
27495,8302
27495,8339
43244,4513
43235,4233
44125,9933
24500,9359
24500,9353
11000,5349
49587,8628
11000,5341
08800,_
27328,8321
27330,8332
27328,8016
41510,2559
12053,8689
26591,8345
29405,8047
52317,8628
11043,5700
52317,8345
LSCI,_
20692,7929
27766,7810
20692,7819
64719,7710
64719,8302
64719,8339
64719,8628
58950,6849
36430,5440
36488,6529
58950,9971
36488,6561
58950,3893
36488,6849
58950,9903
23172,7860
11040,9788
20680,7701
23172,8628
11040,294
23172,9788
11040,7701
23172,294
43255,9971
49590,4233
36430,4443
43255,5359
49590,9903
49590,4443
36430,5359
43255,9903
49590,9971
49021,5425
49000,5491
49021,4709
44950,5491
49021,5423
49080,5491
49021,5411
11044,8018
11000,7929
45306,_
38747,125
61312,4030
38747,124
49505,4901
49505,4912
46060,5310
49505,4873
49505,4911
49505,4993
46060,5300
75710,3880
67027,1330
66840,1479
67027,1159
65285,1479
66840,1472
55520,5310
49505,6330
55520,5300
27590,3893
27880,3893
90935,8417
27590,3995
36488,8417
20920,8689
44960,8382
14020,7760
20920,8628
44960,8689
14020,125
15100,4709
20920,7760
14020,8669
20920,125
61501,4709
14020,9357
15100,8689
20920,8669
44960,125
11044,4709
20920,9357
61501,8689
44960,8669
14020,4709
20920,8345
14020,8382
15100,125
20920,4709
20920,8382
26607,8669
15100,7913
11042,8669
20692,9357
16010,7810
61312,8659
SS729,7710
SS729,8309
SS729,8628
SS729,7815
SS729,7760
SS729,8339
SS729,9820
27513,_
SS729,7935
SS729,8302
SS729,8345
SS729,_
25574,1289
65280,7932
25574,1159
44903,_
52312,_
52312,5620
52312,5732
52312,9645
IC358,_
44602,5361
49561,4673
44602,5351
44152,5980
52332,4582
52332,4601
26123,7760
26123,7710
33512,5425
32002,3613
33512,3491
49080,3613
33512,3404
46716,9929
46716,9959
46716,9933
31080,2242
50280,5980
50280,9646
22843,8345
27138,7925
25115,9820
11010,8342
25115,8628
33235,3777
51050,5423
49000,5719
51050,5411
50395,4525
10060,5423
36830,3995
66840,1200
65235,1330
43234,3991
35701,4513
43234,3802
32905,3334
24800,8124
27502,7745
66897,1371
66897,1341
66897,_
66982,1239
25900,9357
16010,8405
27495,7936
27495,7817
29870,8628
11043,8026
UTI,_
44322,9929
44322,9959
99432,4525
44322,9933
31600,7950
62005,7676
21436,3121
21470,202
31600,7809
62005,7859
P0000,5498
90945,_
12016,7933
12016,7923
22810,8129
38115,7935
27514,4143
20692,8401
26952,7810
20692,407
49900,5270
48153,5461
49900,5251
48153,8628
49900,5136
49900,5296
48153,8345
26607,7819
25600,7913
25600,7819
11043,7913
27756,7902
27756,7913
26607,7902
NB2,_
27161,7735
JO68,_
53450,5847
44208,6849
58150,1739
44208,6561
43312,3409
32020,3173
11000,8546
19200,8669
11000,8545
15100,8546
15100,8545
11043,640
60254,8345
55101,8382
61154,5310
49507,124
36348,_
15738,9357
25900,8332
25020,8382
36348,8669
15738,8314
25900,_
36348,9357
25900,8669
25020,8405
36348,8314
25020,8332
36348,8382
15738,8405
25900,8314
25020,_
36348,8628
25900,8382
36348,8405
15738,_
36348,8332
22850,7760
22850,8309
22850,9820
11012,7869
22850,7710
22850,8302
22850,8339
22850,8628
33202,125
33202,124
25611,7989
26785,7912
25611,7984
27848,8415
27880,7989
26720,7934
26735,7904
26720,7924
38760,8628
11043,4024
38760,8345
KO47,_
27760,7936
27792,7909
27760,7817
11012,3491
32002,7710
32002,8302
32002,8339
24566,7760
24566,8309
24566,8345
24566,9820
24566,7710
24566,8302
24566,8339
24566,8628
20610,8036
29875,8191
29870,8192
29875,8396
29870,8191
29870,8396
29875,8192
29870,8394
42825,2211
31237,2820
42825,2121
38745,4040
38724,4023
38745,4021
44005,4542
36430,3991
35761,9903
49000,5253
48140,5423
50240,4150
48140,5540
50240,5253
48140,5411
54390,5845
49500,4563
49020,5749
63272,340
92995,3995
93543,66
92995,8857
21122,7668
54344,5845
54344,5849
54344,8670
51010,3893
11043,5711
51010,8628
36488,5711
51010,8345
52310,3893
38220,8839
90935,4131
75820,3995
75978,8867
38220,3950
75820,4131
38220,8867
75820,8839
75978,4131
90935,8867
75820,3950
50360,3893
52332,5569
50360,5980
36488,5569
50360,5732
66825,1459
67108,1699
66825,1449
EE871,_
36568,6529
58300,6849
58150,6970
58300,6561
60502,689
23077,9357
23077,8628
28046,7760
28046,8309
28046,9820
11012,8349
28046,7710
28046,8302
28046,8339
25575,125
61312,7932
25575,124
24147,7769
27228,7789
51920,5440
44206,5425
49080,1735
37700,8628
11043,3889
37700,8345
27303,7860
27495,9788
20680,7715
27303,7815
27495,294
27303,9788
27495,7715
27303,294
36430,6551
58943,9903
58740,4011
58200,6589
99432,5375
39503,9929
39503,9959
39503,9933
25574,8659
12032,7932
27506,8036
58552,6829
58660,6563
58558,6871
58552,5451
44180,6563
58660,6871
58552,5421
44180,6871
58552,6816
58558,6563
49905,4442
43840,5474
49905,5411
49905,4461
49000,5474
49905,5423
47560,5122
47600,5421
27530,7925
11010,8417
58720,6840
11011,7938
58600,2181
58600,8659
11404,7760
24134,8302
11404,8628
24134,9820
28470,8630
28820,7702
11404,8411
24134,7710
11404,8339
11404,7702
24134,7907
28470,8411
24134,8309
11404,9820
24134,8630
28470,7702
28820,7907
24134,7760
11404,8345
28820,8630
11012,7702
11404,7907
24134,8411
11404,8309
24134,8339
25620,9353
49520,4709
22326,7760
22326,8309
22326,8345
22326,9820
52000,8345
27334,8309
27334,9820
NR31,_
50630,9646
ZI109,_
11762,8401
26952,8669
NSD01,3995
96408,1371
66987,9925
96408,1341
58920,7430
59121,6522
58920,6602
88332,639
15732,640
12053,8908
40650,8332
60252,8382
88332,8669
15732,1840
11646,2751
40650,8659
60252,881
88332,8630
15732,2759
12053,4040
11646,639
40650,640
60252,8908
12053,8382
11646,8669
40650,1840
60252,2181
88332,2751
15732,8659
90935,4613
44144,3893
90935,4579
36488,4613
44144,3995
36488,4579
OO010,_
31625,4029
31625,5641
50230,3324
31625,3807
31625,5551
52000,6029
48140,6561
96408,4150
48140,9925
36488,5253
58150,5253
48140,3893
48140,6849
96408,5253
58150,4150
90935,2752
41250,9901
90935,2551
36450,2752
41250,3995
36450,2551
11010,3893
11010,3995
11040,8662
33861,3599
33861,3699
33861,3958
33861,3961
26358,8302
26358,8339
26358,8628
26641,8628
11043,7974
26641,8345
16010,2752
41250,8628
25600,7989
28615,7902
21470,7939
23515,7676
21470,7929
29888,8345
27130,7936
27828,8151
27130,7817
59049,7360
59049,7359
59049,_
44143,5012
47100,4575
47100,5132
51920,5012
47721,5784
47100,4439
51920,5132
47721,5012
47100,5784
51920,4439
31420,3021
24635,8072
24102,7939
24635,8012
11044,3880
37618,8659
12002,3880
37618,7760
55810,5310
49525,6050
55810,5300
49496,5810
49496,5860
49496,6094
49496,8929
49496,5732
49496,5850
49496,6029
49496,6373
63064,309
36145,4590
44202,3895
36145,4562
43243,9971
43243,9903
77261,4311
26460,8211
23702,9933
23702,_
28430,8309
28430,9820
25575,9353
29065,7909
28430,7710
28430,8339
28430,7932
25575,7909
28430,7760
28430,8345
28430,9353
28430,8302
28430,8628
44960,4675
49505,4675
51860,7360
59409,5781
51860,7359
11000,8672
46288,8628
11000,4973
38760,6270
54520,4024
38760,6230
14249,_
75960,3995
90935,3990
58140,5751
51500,6829
58140,5349
LO23,_
62360,8192
62360,8396
20610,390
62360,8191
62360,8394
35701,7760
11044,3802
35701,8345
56740,7052
57260,7124
56740,7051
37618,8309
11012,3880
37618,7710
37618,8302
37618,8339
49010,5419
VVH25,1371
VVH25,1341
VVH25,_
28340,7849
28340,8349
25600,7934
26735,7902
25600,7924
55041,5810
55041,5860
55041,6094
55041,8929
55041,5732
55041,5850
55041,6029
55041,6373
27217,7923
11042,8303
14020,7860
44140,9971
36430,4572
21600,3402
32100,7791
21600,3328
11042,881
11042,1840
11042,8689
11042,2751
12002,8689
14020,8659
11011,7982
49561,4595
49561,4835
44152,5351
19160,9357
16010,8523
CHRONICKIDNEYDISEASE,_
28122,8309
28122,9820
11012,7788
28122,7710
28122,8302
28122,8339
44141,5423
49507,6330
EE786,_
21360,125
61312,7672
21360,124
LO31,_
11042,7932
11042,8499
11042,7819
58140,6539
58940,6829
58140,6551
58140,4709
44950,6829
19367,8553
19340,8572
19367,8554
51080,5700
52338,9649
52338,8773
52005,5633
52338,9646
31628,7749
20225,3327
31628,7745
29844,8175
29846,8073
29844,8083
19303,_
22551,_
63300,8099
27645,8154
27447,7767
27645,8147
92585,_
44043,_
05122,6270
11005,8345
44320,_
44043,6230
05122,8604
11005,4901
46040,4610
44043,6270
05122,8345
10060,4901
11005,8628
46040,_
44043,8604
54520,8345
05122,4901
11005,4610
46040,6230
44320,8604
44043,8345
54520,4901
05122,8628
10060,4610
11005,_
11043,6230
46040,6270
44043,4901
05122,4610
10060,_
11005,6230
11043,6270
46040,8604
44320,4901
44043,8628
05122,_
10060,6230
11005,6270
44043,4610
54520,_
05122,6230
10060,6270
11005,8604
36450,7052
SD34/0,_
54520,5459
49000,6230
44005,6270
54520,5411
49000,6270
54520,5423
44005,6230
23190,7781
27236,7936
27236,7817
31293,1609
31293,2219
54152,6250
06201,_
43600,9803
31600,4414
43600,4300
43500,4414
43600,3121
12036,8016
27310,8659
33208,8839
71090,3772
26485,8256
26850,8127
21125,7849
25909,8405
11010,9359
11010,8309
45505,7052
57260,5421
45505,7051
26765,7933
11043,8405
29075,7922
11044,479
64721,7760
11044,460
64721,8345
46252,_
03400,_
45380,3893
63003,8345
41017,8309
41017,8345
41017,9820
41017,8302
41017,8339
41017,8628
22845,8345
11044,8030
24101,7760
24101,8345
NORMALDELIVERY,_
27664,8669
27792,8669
29405,8669
27664,7936
27664,7817
26390,8233
33300,9933
12009,_
25490,8309
25490,8345
11011,7813
25490,8302
25490,8339
51860,5310
49521,5781
51860,5300
27824,7760
27824,8309
27824,9820
27824,7710
27824,8302
27824,8339
63016,7989
22325,309
63016,7929
44394,4514
50592,5533
29820,8041
23700,8181
29820,9326
23700,8021
29820,8181
23700,8071
29826,9326
29820,8021
53265,5850
52270,5839
53265,5732
25449,8197
44005,4429
43639,5459
44005,4350
44130,5411
49585,4685
45378,5341
45563,5423
49000,4879
45563,5411
49000,4800
61315,3995
62160,125
61312,299
62160,124
06490,_
44292,4590
44202,_
44292,4562
44292,_
66850,1452
21121,7668
44120,9929
99432,4562
44120,9959
35665,3808
34201,3925
35665,8415
27880,3806
35665,3891
27880,3925
34201,8415
35665,3806
11044,3409
11044,8152
21346,7679
21356,7939
21390,7672
21346,1689
21356,7679
21390,7939
21346,7672
21356,1689
11042,7719
11042,7712
67973,8382
58700,6529
58950,6651
43847,4439
43847,4495
23650,7939
23515,7971
23650,7929
48600,_
OPENCHOLECYSTECTOMY,_
90801,9820
90801,8628
90801,_
51920,8382
26140,7760
26140,8309
26140,8345
26140,9820
11012,8074
26140,7710
26140,8302
26140,8339
26140,8628
51920,5810
51920,5860
51920,6094
51920,8929
52601,5784
51920,5732
51920,5850
51920,6029
51920,6373
37051,7360
37051,7359
37051,_
59136,7499
44602,7760
11012,4673
44602,7710
11010,7939
43865,4400
49080,6601
59150,5425
26670,7934
26735,7974
26670,7924
38770,4850
44005,5671
58740,5760
58240,5459
58740,4850
38770,5760
25447,8175
44602,8152
27506,4673
25620,4673
44602,7815
25620,8152
44602,7932
27301,7989
27217,8303
27301,7939
37041,_
15100,7933
15100,7923
11646,8671
67966,8630
11646,824
21930,6823
58563,6639
58661,8339
21930,6816
58661,6823
21930,6561
58563,8339
21930,6829
21930,6639
58558,8339
21930,6909
99256,5440
80042,7360
80042,7359
80042,_
36488,8630
36488,8669
15100,3893
16040,3893
45820,5843
24665,8345
28615,8401
26951,7989
28615,407
ZO38,_
25400,7932
30100,2263
31237,2122
30100,2219
31254,2122
30100,2211
31256,2122
30100,2121
44626,_
44626,4685
44626,4525
11000,7071
57250,8628
11000,7052
41116,8382
15732,3121
41116,4021
31600,8382
41116,8669
38724,3121
15732,2749
31600,4021
41116,4040
41116,3121
38724,2749
31600,4040
41116,8332
CR031,9041
CR031,8909
CR031,_
20220,6529
50760,6561
58150,5675
50760,5411
50760,6849
49000,5675
50760,5423
43204,4685
43204,4525
16010,139
61154,8628
44140,5151
47564,4572
34488,_
30115,2161
30130,2131
62117,124
44320,7101
56441,4610
80090,_
47562,6849
58150,5123
23616,7760
23616,8628
23616,8345
27792,7939
27236,7939
27236,7929
23675,8628
23675,8345
29045,_
90935,4912
11042,4195
11042,4143
66987,1452
67107,1371
66987,1449
66987,1455
67107,1341
64708,9820
11010,479
64708,8628
27603,7760
AAAAA,9041
AAAAA,8909
59300,_
PSZ37,_
37730,8628
37730,8345
54336,9357
51010,5845
16010,5849
54336,5711
51010,5849
16010,5711
54336,8628
51010,9357
16010,5845
45378,3961
33877,4685
43235,3954
33877,4513
45378,3954
43235,3961
33877,4525
33015,331
68432,_
11041,7936
11041,7817
51050,5361
49560,5719
51050,5351
20900,7760
20900,8345
20900,8016
12044,8388
EI49,_
29075,8499
29075,7819
29075,7939
45378,4923
46606,4525
24615,8072
24102,7982
24615,8012
45379,4542
25412,8041
29823,_
23430,8363
25412,8388
25412,8363
29823,8388
25412,8181
23420,_
23430,8082
25412,8021
23430,_
25412,8082
23420,8388
25412,_
25400,479
64721,7843
25400,460
61590,407
42415,124
42415,299
42415,7699
61590,2929
42415,2630
42415,442
27792,8314
27892,7817
27758,407
27892,7936
27792,407
27758,8314
63235,4685
63235,4525
51500,5620
51050,5631
51500,8773
51050,9645
51050,5751
50575,5719
51500,5521
51050,5620
51500,5732
51500,9649
51050,5349
50575,5751
51500,5719
51500,5631
51500,9645
50575,5349
13121,_
78378,_
66984,9928
28003,7760
28003,7710
58940,7092
58270,6539
66930,1269
66170,1319
66930,1264
66840,1459
67108,1330
66840,1449
98613,_
20240,8345
12004,3409
43532,4685
43532,4525
43532,4513
43532,_
66984,1212
43202,9971
36430,4224
43202,9903
25600,8309
25600,9820
25600,8302
25600,8339
15920,8345
58180,5411
26370,7933
26370,7923
24665,8072
24102,7783
CERVIXUTE,6561
UNSPECIFIE,6869
12053,9357
16010,1840
16010,2751
16010,2181
62010,7760
62010,7710
11000,4533
44111,8628
11000,4500
28820,125
61312,8411
28820,124
OOZ37,_
65273,1289
65273,1159
44365,4514
32550,_
48385,_
44386,4639
44130,4514
44386,4590
59720,5423
59720,5411
59720,6651
32657,_
77406,_
77401,9925
77406,9925
67110,1371
67110,1341
67101,1371
65260,1452
66987,1401
67101,1341
65260,1371
67101,1401
65260,1341
12032,_
28392,_
28392,7798
28298,_
28392,7759
69955,1930
69955,2049
69642,450
49650,5341
52610,_
P0000,6813
P0000,6711
16010,3942
36832,8628
36450,7021
57454,9901
36450,6712
43235,8874
43259,4513
42825,2252
31287,2820
42825,2219
61541,124
32658,3712
50620,8773
50620,5503
52332,4709
44950,5980
52332,5411
49010,6561
32020,3892
36510,3893
32020,9959
36488,3892
36510,3409
32020,9929
96408,3460
96408,3421
32650,9925
32000,3391
31630,3491
32000,3323
43239,3194
32000,4514
31612,3491
43239,3110
32000,3194
31612,4514
43239,3491
32000,3110
62116,206
27507,9346
27507,9344
27477,7827
27360,9357
16010,7785
20690,9359
20690,7945
27758,125
61314,7936
27758,124
42900,8628
11043,2951
42900,8345
28020,9971
27848,8018
28730,8309
36430,7989
28020,8114
27848,9903
28730,9971
36430,8018
24582,8309
24582,8345
24582,9820
11011,7911
24582,8302
24582,8339
24582,8628
52310,9925
96408,5700
22848,7859
26416,8004
26416,8381
11010,9824
11010,8907
25515,9353
28022,7989
28645,8018
27479,7825
58600,7252
59411,6639
25611,9971
36430,7912
25611,9903
69421,2762
52305,5502
49420,5719
52305,5419
49420,5732
52305,5501
50040,5719
58760,6829
75940,5459
44005,3870
20692,7985
11042,6200
96501,_
47460,5149
47460,5182
47460,5183
00195,_
ZE162,_
46608,8628
28045,8345
20680,7934
26735,7860
20680,7924
26735,294
26735,9788
24600,7760
24600,8309
24600,9820
11012,7972
24600,7710
24600,8302
24600,8339
24600,8628
46250,9622
54220,6498
11010,7739
44005,4030
58240,5411
38770,5671
38770,6880
58240,5423
38770,5459
38770,4610
58240,4030
27758,7859
27758,7672
ACUTEGASTRITIS,_
12003,_
27650,9359
27509,8388
27650,7945
46255,4542
12034,7760
12034,7710
15100,7810
69554,1829
44050,4675
44605,4680
44050,4610
VERTIGOOFCENTRA,_
31579,8628
11043,3142
31579,8345
04400,_
46270,4543
46270,4835
45308,4912
46270,4542
46270,4823
46270,4836
45308,4911
MPP50,_
24160,7760
24160,8309
24160,8345
24160,9820
11012,8002
24160,7710
24160,8302
24160,8339
24160,8628
27884,8152
27884,7925
27884,7815
MB000,_
58660,5440
19307,8382
49201,5980
49201,5732
45300,5411
27630,8033
25100,8381
27630,8013
11770,4685
45378,8621
11770,4525
53452,_
45378,4639
45385,4912
61304,3951
67005,1474
67005,1424
37606,3882
50575,4850
50575,6880
51597,5620
51597,5732
51597,9645
16010,8572
19367,9357
16010,8544
19367,8628
49505,5751
51500,5300
50620,5732
50620,5700
15240,407
57500,8382
15734,6712
57500,8628
57500,8669
11000,6712
57500,8332
11403,2181
11403,8659
10060,4543
10060,4836
45308,8628
10060,4542
11000,4543
10060,4835
11000,4836
45308,8604
11000,4542
10060,4823
11000,4835
26561,8345
11044,8685
26561,7760
26561,8628
11044,8670
27652,8628
11043,8149
IO0,_
HH409,_
MM890,5459
MM890,6849
55040,6200
50785,5459
50785,5423
50785,5411
27640,3991
27372,7780
35761,8016
27640,3800
27372,3991
35761,7780
27640,8016
27372,3800
24920,3805
24920,8407
11011,7974
26676,8339
11010,7911
67027,1475
36430,1472
67051,1479
67027,9903
49000,5641
50220,5411
27814,8017
15100,8017
27610,8669
27814,8669
31235,8309
31235,8345
31235,9820
11011,2219
31235,8302
31235,8339
31235,8628
66982,3995
11444,2181
11444,8659
91105,9959
36510,9607
91105,9929
91105,3892
99432,9607
44960,6651
45338,4610
45380,4524
44141,4542
OO83,_
27244,8382
44604,9357
16010,4675
SO11,_
MSD01,_
23412,8388
54161,7802
24116,6400
54161,7762
49080,5440
46257,4525
55873,6062
57454,6823
58563,7021
58120,6823
58563,6712
29850,8147
58558,6529
58140,6816
58925,6909
58925,6816
KJ830,_
32420,3393
49900,5151
47420,5461
49900,5104
27550,7986
27556,7976
27550,7819
MR29,_
50605,6849
50605,6561
50605,5459
12610,_
52649,6270
52649,6230
26080,7934
26765,8014
26080,7924
27372,9357
27360,8016
16010,8016
27372,7785
26735,8401
26951,7924
49080,5498
90945,5425
49080,3995
61312,9903
67005,1330
11040,3121
11040,9971
11040,9903
27217,7810
20692,7939
32606,3422
32606,3425
33241,3799
19020,8309
19020,9820
11011,8500
19020,8302
19020,8339
11011,7789
44960,7360
59409,4709
44960,7359
45100,9805
45915,4923
45100,9638
27756,8332
15738,7819
27756,8382
32142,_
29065,7905
25525,7912
27235,7819
29065,8030
24101,7979
27235,8030
25525,7905
24101,7912
27235,9353
25611,7819
25574,7979
25611,7905
25574,7912
25525,9353
24101,7819
27235,8012
25611,8030
24101,7905
11044,7912
27235,7932
25525,8012
27235,8345
24101,9353
27235,7979
25611,8012
25574,8030
27235,7912
44625,4685
44625,4525
35251,5185
47360,3956
47610,3886
43262,5061
35251,5122
47360,8753
43262,3956
35251,3886
11011,7933
KO88,_
CATARACTSENILEMATURE,1371
OD,_
27236,7985
29700,_
44404,_
44404,4562
29879,8145
46083,4959
46200,4949
46083,4939
32405,3491
32002,3326
32405,3404
58611,7491
58611,6800
42804,2161
42804,2150
42804,2169
30520,2912
42804,2188
11424,4685
10021,8630
11424,4525
10021,4685
11424,_
10021,4525
10021,_
51755,6999
51010,5423
44602,5711
51010,5411
49000,5711
51010,4673
58700,7491
59100,6651
58700,6800
20610,9901
11444,8048
11400,8659
11420,8628
28262,8611
12001,7719
11041,8048
11402,8659
11403,8611
21510,8630
11444,7719
11400,8048
11420,8659
28262,8628
11423,8611
12001,8630
11041,7719
11402,8048
21510,8611
11400,7719
11420,8048
28262,8659
11423,8628
12001,8611
11402,7719
11100,8048
21510,8628
11444,8611
11420,7719
11423,8659
11041,8611
11100,7719
11403,8048
21510,8659
11400,8611
28262,7719
11423,8048
11402,8611
11403,7719
21510,8048
11420,8611
28262,8630
11423,7719
12001,8048
11402,8628
44146,4613
44389,4594
44389,4613
44146,4525
44144,4594
44389,4579
67040,1269
66172,1424
67040,1264
67040,9928
17442,_
66972,1269
66972,_
27610,7929
27610,7819
24200,8345
19000,8544
19240,8591
19000,8543
35471,3950
52270,9901
50780,6050
52332,5674
55845,5732
50780,5980
55845,5980
50780,4030
52332,6050
55845,5674
50780,5732
44140,5732
36821,8394
50010,6739
50220,6769
57520,5641
50010,6720
50220,6739
50010,6909
50220,5501
57520,5551
50010,5641
50220,6720
50010,6769
50220,6909
57520,5501
50010,5551
66999,1371
66987,1266
66999,1341
36011,3421
49080,3893
47300,5425
11000,5021
49080,3252
47300,3421
11000,3893
45378,5021
32651,4513
47300,3995
11000,3252
43235,3421
90935,5425
32651,5021
36011,8628
47300,4525
32651,3893
36011,5425
49080,5021
47300,8628
11000,4513
10060,9788
36488,8016
59514,8036
58600,9829
20680,8604
27331,3893
10060,7499
36488,6639
59514,294
58600,7860
10060,8036
36488,9829
59514,8604
58600,3893
20680,7499
27331,6639
10060,294
36488,7860
59514,9788
58600,8016
20680,8036
90/35,_
27507,8192
27507,8396
27507,8191
27507,8394
16010,3491
06890,_
27626,7760
27626,8309
27626,8345
27626,9820
11012,8342
27626,7710
27626,8302
27626,8339
27626,8628
54520,5361
49560,6230
CR0242,_
FJ069,_
24545,8072
24102,7931
11720,2001
31237,8627
11720,2211
69436,8627
11720,2121
51920,9959
24600,8444
24666,7972
02440,7360
02440,7359
02440,_
06003,_
59151,6639
44050,4563
24685,7860
22548,7789
22548,8129
25520,7710
25520,8302
25520,8339
44960,6909
58100,4709
44960,6813
44960,6711
24635,7931
24546,7939
24635,7842
59540,6970
59540,7360
59540,7359
53270,7130
36430,4542
45385,9971
36430,4523
45385,9903
46230,4912
46230,4911
P0000,4590
29075,7925
25575,8152
29075,8152
29075,7815
11044,294
11044,9788
53060,7109
11043,8413
27889,8345
67414,1609
21365,7719
30520,7672
67414,7859
21365,2150
25651,_
48152,5423
47015,4370
49000,5136
47015,5270
49000,5091
48152,5411
47015,5423
47015,5251
49000,5270
48152,5091
47015,5411
47015,5136
49000,5251
44008,4590
44140,_
44008,4572
48100,3491
32002,5212
48100,3404
58660,6849
58150,5421
77418,5732
77418,5700
67921,884
67961,842
67921,8671
57220,5930
FD259,_
26410,7933
62230,125
61510,242
62230,124
31605,4223
36450,3110
31368,9901
31605,4040
36450,4223
31368,3110
43200,9901
31605,3029
43200,3110
31605,9901
36450,3029
36488,9901
36011,9901
29085,8662
65280,1474
43210,4685
43210,4525
43210,_
45110,4563
43750,3110
61304,4311
61304,3110
ON288,_
12004,9901
12002,9901
36450,8659
11040,9901
21335,881
67935,2172
21335,1060
00231,_
00232,9933
00232,_
54800,6301
61556,9820
11010,124
61556,8628
25575,9971
25575,9903
11762,8628
99460,_
AS014,_
32005,3421
36488,3492
32005,3252
36488,3421
36488,3252
32651,3492
32005,3893
27025,7760
27025,8309
27025,8345
27025,9820
27025,7710
27025,8302
27025,8339
27025,8628
12015,8628
12015,8345
15350,7760
15350,8309
15350,8345
15350,9820
15350,7710
15350,8302
15350,8339
27759,7931
27808,7979
28226,8391
44960,4639
44130,4709
90835,_
27506,7859
21365,7815
21365,8152
27405,7819
58300,6813
58100,6970
58300,6711
21930,9824
54115,8339
21930,6492
66985,1364
37042,_
66982,1214
65280,1479
11043,5061
24102,9353
27750,7934
26735,7906
27750,7924
20692,8499
25526,7810
65285,1149
25500,4563
25115,8192
25115,8396
20605,8342
25115,8191
25115,8394
51040,7760
51040,8309
51040,8345
51040,9820
11012,5717
51040,7710
51040,8302
51040,8339
51040,8628
29876,8309
29876,9820
29876,8302
29876,8339
29876,8628
96422,_
31515,2749
51600,5749
36450,5831
P0000,3893
52235,9901
P0000,5749
44141,9901
77401,9901
77401,5502
77401,5501
61320,9357
61320,8628
38101,5423
38101,5411
60220,639
63273,340
15760,8544
19240,2189
15760,8543
36012,3961
33430,3893
36012,3524
11446,8628
11446,8345
62115,206
52020,_
47562,4594
44207,5123
54680,6299
24930,8430
AI80,_
27535,9829
27535,8036
27331,7817
27535,8016
27514,7817
27329,9357
27329,8628
27216,8345
67010,1364
06810,_
BTL,_
25680,479
64721,7909
25680,460
15931,7710
15931,8302
15931,8339
AAA,9041
AAA,8909
BLODDTRANSFUSION,9971
BLODDTRANSFUSION,9903
BLODDTRANSFUSION,3995
BLODDTRANSFUSION,_
37618,4673
44950,3880
37618,5423
44950,4673
37618,5411
44602,3880
37618,4709
59350,9971
36430,6941
59350,9903
65850,1474
67052,1254
65850,1370
26990,8604
36488,8115
26990,9971
36430,8115
26990,9903
10060,8115
26990,3893
44125,5310
44125,5300
HACVD,_
41872,7760
41872,8309
41872,8345
41872,9820
11012,2420
41872,7710
41872,8302
41872,8339
COMPLETIONCURETTAGE,_
12031,3409
11011,7937
27536,7800
27536,8152
20902,7936
27536,7815
54550,4709
44950,6200
25676,7760
25676,8309
25676,9820
25676,7710
25676,8302
25676,8339
25676,8628
12001,3491
12001,3404
61712,299
11011,8029
29855,8339
29855,8415
27880,8029
29855,8309
29855,9820
27880,7819
11042,8029
29855,8302
29855,8628
29855,8345
11042,8415
33210,3995
33200,3770
90935,3770
66850,1424
44605,5425
HS264,_
27590,3805
33468,3599
11441,1879
69110,8630
11441,1829
NOB9,_
36450,6829
01410,_
44932,_
44932,9933
49201,5425
23802,9933
23802,9959
99423,8123
23802,9929
99423,9959
23802,_
99432,8123
99423,9929
29425,7935
27511,9353
29425,7815
NJ189,_
45331,3893
49525,5123
27502,4341
61313,7819
27756,124
29345,125
27756,125
29345,124
25575,8382
HYPERTENSION,_
49521,6400
36511,9970
CC760,_
29305,7935
27248,9351
11042,8446
II09,_
33322,3931
33322,3961
31020,2188
31020,2150
44320,4929
46614,4610
44320,4921
20225,9971
36430,7745
21454,9901
11000,7676
21454,8628
11000,9901
36450,7676
58720,7360
58720,7359
61321,233
43200,8192
43200,8396
20610,4223
43200,8191
43200,8394
15200,9357
96408,4530
43258,9925
96408,4533
43258,3893
36488,4530
65285,1401
19100,3491
32002,8511
19100,3404
43239,5425
49080,4514
33246,8857
92982,3795
93556,54
92982,54
33246,3956
33246,66
93556,3795
92982,3797
27880,3961
33430,8415
27880,3524
67108,1371
66825,1475
67051,1699
47600,4650
44620,5122
67036,1459
67036,1449
50075,125
61312,5501
50075,124
21501,5749
32120,5831
32220,8604
32020,3403
52235,3451
21501,3409
32120,5732
32220,5749
32020,5831
52235,8604
21501,3403
32120,3451
32220,3409
32020,5732
21501,5831
32120,8604
32220,3403
32020,3451
52235,3409
21501,5732
32120,5749
32220,5831
32020,8604
52235,3403
21501,3451
32120,3409
32220,5732
32020,5749
19120,4514
45378,8521
19120,4685
43239,8521
19120,4525
21040,8345
11044,7769
21040,8628
21215,7769
11044,7691
21040,7760
36488,4875
45550,4442
43234,4576
43840,4875
45550,3893
36538,_
36510,_
36538,9604
94610,3892
36538,3892
76942,4513
76942,4685
43234,_
76942,4525
26442,8391
51920,7936
27535,5784
51920,7817
11012,7911
24400,7710
24400,8302
24400,8339
24400,8628
29515,_
28126,9357
16010,7799
28126,8628
90935,9357
16010,3995
24516,640
60254,7840
60254,8444
24516,4040
60254,7931
11042,8685
26560,8628
11042,8670
ECJ06,_
LO40,_
49255,5425
38101,5440
38101,5425
49080,4143
49255,4143
33470,3503
36488,8572
36488,8543
19367,3893
27514,7810
27514,9344
38220,7749
20225,4131
38220,7745
60240,6849
58150,640
60240,6561
31613,639
25023,8302
25023,8339
61107,7760
61107,8309
61107,8345
61107,9820
61107,7710
61107,8302
61107,8339
50715,5459
50715,6849
44005,5902
50715,6561
58950,4610
44144,6529
29325,7745
11011,7949
27193,8309
27193,9820
11011,7909
27193,8339
24575,8628
24575,8345
46255,9357
16010,4946
11996,_
19996,_
66850,1269
66850,1264
19200,8571
19361,8545
44147,4685
44147,4525
54160,6250
54160,5310
54160,5300
IP,_
41100,5641
36450,2501
50225,9901
41100,5551
50225,2501
41100,9901
21433,7950
35533,3929
52318,5600
48001,5423
49000,5103
33015,3491
36488,3712
39010,3893
36430,3410
33015,9971
39010,3712
32000,3410
33015,9903
39010,3491
36430,3712
33015,3410
39010,9971
32000,3712
33015,3893
36488,3410
39010,9903
36011,8839
32000,5122
31600,3491
75952,3121
36011,3971
32000,_
31600,5122
75952,3491
36011,3121
76942,3971
47600,8839
75952,5122
36011,3491
76942,3121
47600,3971
32000,8839
75952,_
36011,5122
47600,3121
32000,3971
31600,8839
75952,3893
36011,_
76942,5122
47600,3491
32000,3121
31600,3971
36535,_
52005,6849
52005,6561
58150,9646
44345,4685
94610,3409
32020,331
62270,3409
36781,9901
31500,9901
36450,331
62270,9901
36781,331
36450,9604
36781,9604
31225,2188
31225,2150
24931,8407
24931,7931
24515,8407
24931,8444
23616,8544
19240,7931
27033,8628
11043,8015
27033,8345
14020,7710
81080,7360
81080,7359
81080,_
26055,8391
26442,8301
26055,8211
11720,7934
26735,8627
11720,7924
51860,9933
49080,4150
38100,5425
31615,8628
11043,3321
31615,8345
90935,6097
53852,3995
90935,6021
15570,8628
15570,8345
25600,7931
25600,7842
11041,407
11011,8036
24900,4579
27310,7810
32020,9344
51860,8016
27235,3409
27310,5411
27535,5423
32020,5781
51860,8345
27235,7860
27310,9344
32020,8016
49000,7817
51860,7936
20650,5411
27235,5423
27310,5781
51860,7810
32020,7936
20650,5781
32020,7810
49000,7860
51860,9344
20650,8016
27535,3409
12011,7769
32020,5440
25611,3803
24495,7912
24600,8669
24600,8314
25611,7972
24495,7972
24600,7912
25611,8314
15100,7972
11044,160
38500,7760
11622,8345
11044,4011
38500,8630
11622,125
38500,8345
11622,8628
61500,4011
38500,125
11622,160
61500,7760
38500,8628
11622,4011
61500,8630
38500,160
11622,7760
61500,8345
CR199,_
20662,294
20662,9788
52270,3995
46250,6829
32551,9933
33471,3503
XA,125
XA,124
44388,4579
33920,3572
33684,3592
33920,3503
33920,3592
27824,7936
27792,7906
27824,7817
59514,6601
59150,7499
59514,5421
WELLBABY,9933
WELLBABY,_
19110,9820
11010,8599
19110,8628
26565,7933
26615,7734
26565,7923
40650,9933
AO99E861,_
61700,9357
16010,3951
57510,9971
58120,6732
57510,9903
36430,6732
57510,6909
36480,3995
36480,3942
36480,3800
36815,3995
11042,7851
11042,7731
90935,5474
49905,3995
11043,5717
51040,7860
44340,7760
44340,8309
44340,8345
44340,9820
11012,4643
44340,7710
44340,8302
44340,8339
44340,8628
60225,9357
16010,620
60225,8628
23069,_
23609,_
37187,3800
37187,8840
37187,9910
55790,_
90935,4850
45110,3995
16010,8192
10060,8396
10060,8191
16010,8394
20610,9357
16010,8396
20610,8604
16010,8191
10060,8394
36015,4610
36450,4613
44144,3891
36015,9901
36015,4613
36450,3891
44144,9901
36015,4579
36015,3891
47630,5183
49010,6651
77401,3491
77401,3404
ZO655,_
11100,4850
45110,8611
11100,4610
43246,3409
61315,4311
32020,125
61315,3409
32020,124
61315,3121
32020,4311
LYMPHOMA,_
29345,7949
96408,6529
22800,8345
11012,4461
43840,7710
43840,8302
43840,8339
35266,8628
11043,3957
35266,8345
58960,5980
57500,8773
57500,5419
52005,5425
58960,8773
57500,9646
52005,4030
57500,5423
52332,5425
52005,5440
58960,6712
57500,5732
58960,9646
57500,9649
52005,5419
57500,5425
52005,6712
58960,5732
57500,5980
58960,9649
57500,4030
52332,5419
57500,5440
52332,6712
66996,1269
66996,1264
97323,_
KE29,_
49080,6711
49080,6813
44188,7760
44188,8309
44188,8345
44188,9820
44188,7710
44188,8302
44188,8339
44188,8628
27814,7934
26735,7936
27814,7924
49509,6097
53852,5300
23065,1809
20206,1809
69020,8321
24065,1809
21920,8611
11100,8321
23065,8611
67810,889
67840,811
67810,820
96048,_
P0000,9357
16010,3409
P0000,8628
32020,9357
P0000,3409
50740,5586
43840,9933
99432,4461
43840,9929
43840,9959
99432,4442
41140,2530
41140,3110
41140,4040
44140,4579
44140,4613
44144,4572
36450,8630
16040,9901
56812,_
44640,5459
31601,4679
44640,5423
31601,5459
49000,4679
44005,3121
44640,5411
31601,5423
44005,4679
44640,3121
31601,5411
45320,9804
44390,4543
59614,6970
23650,8302
23650,8345
23650,7819
27766,7971
23650,7710
23650,8309
23650,8628
23650,7760
23650,8339
23650,9820
27506,2759
40525,7815
40525,8152
27506,2743
40525,7925
23491,9357
16010,7852
23491,8628
14041,881
67935,8689
14041,1060
24700,_
45317,4874
45130,4543
21385,8345
27502,9359
27509,7905
27502,7945
11000,8388
11000,8149
ICD,8302
ICD,8345
ICD,9357
ICD,7760
ICD,8339
ICD,9820
ICD,7710
ICD,8309
ICD,8628
27005,8313
43116,4241
29345,8016
11043,8048
33910,3805
49255,3409
43312,5440
49255,4289
49255,3173
62005,8302
62005,8628
46614,4923
46606,4929
35511,3922
29876,9933
36488,5498
36145,9604
90945,3895
31500,5498
36145,3893
90945,9604
36488,3895
36145,5498
90945,3893
31500,3895
31603,3169
31584,3110
31603,3164
19101,7925
58720,5950
15946,7789
15946,8382
15946,8630
32020,6529
58952,3409
27881,9901
49000,3110
31603,5411
23170,7760
23170,8309
23170,8345
23170,9820
11012,7701
23170,7710
23170,8302
23170,8339
23170,8628
36013,3721
90935,3971
75952,3995
36488,3971
58740,9901
58720,9901
52332,6589
58740,5732
58720,5980
36450,6589
58720,5732
47552,5459
49000,5112
44005,5198
47552,5411
49000,5198
47552,5423
44005,5112
93541,8843
28630,8669
15756,7978
28630,8332
22305,9359
29058,353
22305,9353
27759,8185
24587,7936
27175,5061
47360,9344
26075,8302
11012,3800
44660,4572
44005,5783
44660,5423
11040,4543
44391,8628
11040,4522
25260,3800
25260,3991
16010,8388
25260,9357
36450,3991
35761,9901
36450,3800
49085,5498
49420,5492
49085,3995
90945,5492
49085,5419
76013,31
76013,8165
50060,5421
50605,5501
49651,5980
50060,5300
50605,5421
49651,5501
50605,5300
27079,7765
27079,7769
27079,8674
31231,8309
31231,8345
31231,9820
11011,2121
31231,8302
31231,8339
31231,8628
11051,8623
11730,8630
11421,8623
21345,8345
11044,9355
21345,7760
25248,7710
25248,8309
25248,9820
25248,7760
25248,8339
27826,7760
27826,8309
27826,8345
27826,9820
49000,6970
58300,5411
11606,8544
19240,8630
11606,8543
11404,9199
11404,8908
31030,2211
31237,2239
31030,2121
61107,125
NB90,_
27536,7926
27536,7817
29065,8321
24100,9353
58120,8753
47610,6909
58120,5122
11010,7972
65400,1371
66984,1149
65400,1330
45383,5294
43264,4523
43264,4543
45383,5188
43264,4542
58150,5349
49585,4709
49585,6561
77427,9971
77431,_
32020,6551
58940,3409
32020,6539
43239,5980
52332,4514
43239,5732
45300,4921
46600,4824
33710,3539
33710,3572
33710,3961
92987,8843
52337,5620
50610,5631
65091,1479
67027,1639
65091,1472
RJI,_
43234,4613
44389,4562
57454,6849
58150,6712
46260,4513
49000,5731
50947,5423
50947,5411
44366,4443
44366,4513
44366,4514
23550,7760
23550,8309
23550,8345
23550,9820
11012,7981
23550,7710
23550,8302
23550,8339
23550,8628
99409,_
99409,7360
99409,7359
36140,3891
50225,5440
27752,7925
44605,5300
44605,5310
16010,4901
46060,9357
16010,4873
16010,4911
16010,4993
53275,5839
24530,8309
24530,8345
24530,9820
11011,7901
24530,8302
24530,8339
24530,8628
SO521,1289
11042,479
35151,3848
35151,3952
11011,7840
11011,8444
44005,8544
19240,5459
44005,8543
CM982,7749
CM982,7745
15574,9357
42820,2263
31254,2830
42820,2219
69602,2049
50725,5679
50725,5902
25574,7935
31600,9820
11010,3121
28476,7819
26727,7818
24515,8401
26951,7931
24515,407
HYPERURICEMIA,_
68115,1049
68320,1031
68115,1044
27466,7845
27466,7925
59120,5310
49507,6549
59120,5300
49561,5136
47612,5361
49561,5151
47612,5351
11011,8609
11010,8523
11000,7759
59612,8628
11000,7360
59514,7491
59100,7499
59514,6800
28250,8314
49418,_
24430,7860
45390,4912
45390,4911
40490,8309
40490,8345
40490,9820
11011,2723
40490,8302
40490,8339
40490,8628
19120,8309
19120,8345
19120,9820
11011,8521
19120,8302
19120,8339
43246,9901
31640,4632
38505,3201
43200,4011
44373,4223
31640,4513
38505,4632
43200,3201
44373,4011
31640,4223
38505,4513
43200,4632
44373,3201
31640,4011
38505,4223
43200,4513
76360,6270
54520,8838
76360,6230
43259,5294
43264,8874
43259,5188
65285,8671
67966,1159
26607,7933
26615,7913
26607,7923
44188,5423
44188,5411
43235,8843
35546,3925
55101,5850
52276,6100
55101,5732
59814,125
OO21,6959
61510,_
59814,124
OO21,125
61510,6959
59814,_
OO21,124
GC519,_
36488,4029
50230,3893
66982,1471
50590,5620
NSD01,7491
NSD01,6800
57210,4879
45562,7071
57210,4800
50060,4029
50060,5641
50230,5501
50060,3807
50060,5551
OO779,_
36556,_
21013,_
27310,8019
23040,8016
11044,8019
46606,8659
49000,4921
12034,4923
46606,5411
49000,4923
46606,5423
12034,4921
61470,125
32900,7791
26615,5423
49000,7923
36844,_
53025,5810
11000,4562
55400,6381
TONSIL,_
SKINOFUP,_
26727,7939
26665,7819
26727,7814
ADX,9933
44141,5425
19220,8544
19240,8547
09150,_
90935,6270
54520,3893
90935,6230
36488,6270
54520,3995
36488,6230
MD01,_
47100,8753
47610,5012
20692,7926
46936,4979
46762,4949
46936,4975
36488,729
44005,730
60540,3893
44005,711
36488,730
60540,5459
36488,711
44005,729
45384,4443
43255,4523
45384,4233
77261,9971
77261,9903
37617,5423
37617,5411
21337,2188
21337,2150
45365,_
49505,5390
21159,7646
21159,7691
49322,4709
44950,5499
49322,5411
28313,7849
99432,5149
47700,9933
26593,7760
26593,8309
26593,8345
26593,9820
11012,8219
26593,7710
26593,8302
26593,8339
26593,8628
60761,_
NSD01,6601
59150,_
NSD01,5421
11043,6849
42000,8345
11043,2710
42000,6561
42000,8628
58150,2710
11043,6561
42000,6849
58150,8345
OO370,_
27035,407
21245,7933
26615,7643
21245,7923
64716,479
36017,_
20692,8332
99432,9041
89222,9929
89222,9959
99432,8909
89222,9933
49585,5423
75994,9933
75994,3950
SO15,_
10180,5440
10180,6561
25931,8628
25931,8345
11012,8033
25101,7760
25101,8309
24900,9820
11010,8407
11042,8286
11042,8251
23155,7772
23155,7802
38625,_
36012,3995
11042,8332
43750,4530
43250,4513
43235,4311
43750,4233
43235,4530
43750,4513
43250,4311
43750,4341
29345,8192
29345,8396
29345,8191
29345,8394
11043,8684
26597,8345
21453,7925
15820,7760
15820,8309
15820,8345
15820,9820
11012,870
15820,7710
15820,8302
15820,8339
15820,8628
27511,7925
WOUNDDEBRIDEMENTANDSUTURING,_
20680,9344
20650,9788
20680,7810
58952,3893
28280,8689
28810,8414
27888,8411
25076,8849
75710,8332
25076,8848
49900,4610
19366,8546
19200,8570
19366,8545
59514,7360
59514,7359
28825,8401
26952,8411
28825,407
11000,353
11043,7972
28043,8309
28022,8630
28043,8018
44602,5461
49900,4673
52007,5522
52007,5631
52337,5633
52007,5600
39520,4685
36021,5380
39520,4525
36021,4685
45378,5380
39520,_
36021,4525
36021,_
19240,8595
19357,8543
35800,8382
61320,7499
27140,7735
16010,5411
49000,9357
16010,5423
36450,9344
36450,7860
20650,9901
36450,7810
96408,4542
75984,3491
75984,3995
32000,5512
MN083,_
38724,2759
11643,4021
40527,4040
11643,2743
11643,4040
40527,8630
38724,2743
11643,2759
40527,4021
33320,5423
49000,3931
33320,5411
33320,3931
48153,3893
43830,3110
61312,4319
31603,4319
25620,479
64721,7932
25620,460
33735,3541
DR6,_
DR5,4525
45380,_
DR6,4525
DR5,_
IA067,_
51860,6840
59525,5781
51860,6839
29365,7929
29365,7796
82070,_
MF000,_
49566,5459
50728,5390
50728,5599
50728,8389
65103,8309
65103,8345
65103,9820
11011,1642
65103,8302
65103,8339
65103,8628
96408,3402
32100,9925
96408,3328
43405,4282
45373,_
58301,_
TOO9,_
99256,8401
11040,8907
99256,407
26951,8907
11000,8907
51010,4443
43255,5711
51010,4233
21461,7859
21461,7672
64727,4685
45378,449
64727,4525
11043,8499
25526,8345
NSD,6970
10140,9820
43239,4429
43639,4514
43239,4350
44143,4720
44900,4575
47120,4610
44141,5022
64722,8345
66997,1371
66997,1341
27003,407
27003,8312
35566,9357
16010,3929
35566,8628
58951,4590
44140,4030
44140,6529
58951,4572
44204,5421
49320,1739
10140,9357
13010,_
47741,8753
44602,4590
11000,4639
47605,4673
47741,8628
44130,5122
44602,8753
11000,4439
47605,4590
47741,4639
44130,4673
44602,4639
11000,4673
47741,5122
44130,8753
44602,4439
47605,4639
47741,4673
44602,5122
47605,4439
47741,4590
44625,4639
43633,4650
44130,4513
44625,4370
43633,4639
44130,4562
43234,8628
27884,4513
43234,8345
43234,8415
21348,7760
21348,8628
21348,8345
54161,6449
54111,6400
54161,6420
63280,8345
29825,8345
10180,8309
10180,9820
10180,8302
10180,8339
12052,125
61313,1840
61313,2751
61313,881
12052,124
61313,2181
29435,8381
27381,9353
29435,8364
28400,7936
27535,7909
28400,7817
61120,125
54332,8628
49420,9971
49420,9903
44160,3893
29075,8256
64890,8381
64727,9353
64830,450
26492,449
64727,8256
64830,8381
26492,9353
29075,450
64890,449
64727,407
29075,8381
64890,9353
64727,450
64830,449
26492,407
64890,8256
64727,8381
64830,9353
26492,450
29075,449
64890,407
64830,8256
24515,881
67935,7931
24515,1060
99256,3961
33430,8907
99256,3524
15734,7760
15734,8309
15734,9820
15734,7710
15734,8302
15734,8339
23405,8342
56800,_
11011,8146
52336,8773
27560,8192
27560,8396
20610,7979
27560,8191
27560,8394
38300,4911
46270,4000
38300,4823
38300,4912
45303,4000
38300,9622
RO74,_
PQ249,9933
PQ249,_
37760,8628
11000,3880
27880,9901
36450,8415
35226,5641
36450,3959
35226,5551
50225,3959
35226,9901
ALH9,_
36568,8753
36568,5122
36488,8857
36488,3956
93556,3893
36488,8843
33420,3502
54558,_
43639,4255
44186,4350
49900,4429
43123,4639
43639,5461
44186,4241
49900,4255
58690,_
58690,5421
58690,6639
58660,_
58690,6561
89432,9933
89432,_
27000,8312
21010,8019
08096,_
28001,7760
51590,5732
20251,7855
27358,7749
20251,7762
44055,4579
44143,4613
44144,4680
44055,4575
44055,4613
44143,4680
44144,4575
44055,4610
44143,4579
15120,8544
15120,8543
88331,6561
58240,8908
38770,9199
49255,4850
88331,6880
58240,9199
49255,5671
58720,6880
88331,4030
58240,4709
58720,8908
44950,5671
58720,4030
88331,4709
58240,5440
49000,8908
58720,9199
88331,5440
44005,8908
49000,9199
88331,4850
49255,6880
88331,5459
49255,8908
44005,9199
58720,4850
88331,5671
44950,6880
88331,5411
44950,8908
49255,9199
58720,5671
88331,5760
88331,5423
38770,8908
44950,9199
58720,5760
90935,7749
36821,3993
20225,3929
90935,7745
36800,7749
20225,3993
36800,7745
36821,7749
20225,3995
36800,3929
36821,7745
43239,7860
26590,8283
43632,5151
43632,8754
47620,4370
43632,5122
43632,5183
26548,7760
11012,8172
26548,7710
54650,5310
54650,5300
11043,7785
20520,7760
44143,4562
44143,4590
44120,4575
44143,4563
69420,2263
31254,2009
46270,8302
46270,8339
11042,8544
11042,8543
11406,5310
11406,5300
27001,7985
29325,8312
20680,9351
27147,294
27001,7860
29325,9788
20680,7739
27147,7860
27001,9788
20680,7985
27147,8312
27001,9351
29325,294
27147,9788
27001,7739
20680,8312
27147,9351
27001,294
26115,8034
26110,8630
26115,8014
43830,9933
31285,_
67430,1601
67430,1610
33245,66
43202,8192
43202,8396
20610,4224
43202,8191
43202,8394
34001,8843
92987,8857
93556,3802
92987,3891
93556,3596
34001,3956
92987,3805
34001,3596
92987,3956
34001,8857
92987,3802
93556,3805
25350,8345
35840,9357
35840,8628
59514,6589
35820,8382
19180,8669
15734,3805
35820,8541
19180,8332
35820,8669
19180,3805
35820,8332
45111,4610
44143,4869
45111,5423
67911,1664
67583,838
67911,1049
OZ370,7360
OZ370,7359
27828,2181
20692,2751
27828,881
12056,7936
27828,7810
20692,1840
27828,2751
20692,8659
12056,7810
27828,1840
20692,2181
27828,8659
20692,881
12056,7817
57410,_
59065,_
11043,4041
42426,8345
25575,7989
27217,7932
25575,7939
52310,8345
47612,8753
47610,5136
47420,5123
47562,8753
47610,5123
61690,3953
26372,8286
26372,8381
58300,9959
69310,8309
69310,9820
11011,1860
69310,8302
69310,8339
11423,9933
47120,4594
44145,5022
47120,4579
27750,125
61312,7906
27750,124
27613,8345
37720,8628
75710,7760
75710,8339
75710,9820
27590,8848
11012,8849
75710,8417
75710,8302
75710,8345
27590,8849
75710,7710
75710,8309
75710,8628
11012,8848
15100,7906
27530,8332
15738,7906
27530,8669
27530,8382
11000,4522
45355,4572
44140,4522
45355,8628
43239,4262
43248,4514
43107,4292
43248,4242
43107,4685
43239,4242
43248,4262
43107,4514
43239,4292
59411,6970
58300,7252
22841,295
31600,9359
20660,7859
22841,3121
31600,294
22841,9359
31600,7859
20660,3121
22841,294
31600,295
59543,_
36450,5749
25315,8399
50961,5732
58545,7040
58120,7092
58280,6909
58545,6712
58120,6859
57500,7040
44180,5440
27187,7860
33702,3562
33681,3539
66565,_
33025,3491
32002,3712
33025,3404
21146,7646
21146,7691
23615,9359
23615,9353
EP001,_
15946,7760
15946,8309
15946,8345
15946,9820
15946,7710
15946,8302
15946,8339
15946,8628
22900,4912
22900,4946
46258,5430
22900,4873
22900,4939
64865,430
64865,450
11443,711
11443,730
60545,8630
11443,5440
11443,729
30020,2188
30520,2110
30020,2150
25415,7932
49080,4562
15400,8665
06122,_
32020,640
39010,3409
60254,3410
32020,4040
39010,640
60254,3409
32020,3410
06062,_
16010,7931
CR030,3995
11010,7851
21452,7675
21452,7819
11041,881
11041,1060
58300,5732
52300,6970
58300,5641
12002,7360
12002,7359
99256,9344
99256,5310
49505,8907
99256,5300
33015,9199
88174,3712
33015,8838
49507,4461
43840,5300
43215,9815
31635,9802
43215,3323
14000,9820
ZZ300,_
41800,8628
11043,2400
41800,8345
32124,3328
32100,3339
OO399,_
SO50,_
61304,8309
61304,9820
BO52,_
21044,9901
11043,7769
21044,3121
31600,7769
21044,8628
36450,7769
21044,8345
36825,4579
65750,1289
65285,1164
65750,1159
57500,9901
40819,9959
62270,2741
40819,9929
40819,331
99432,2741
85150,_
11011,8403
23491,7925
45910,9805
45915,9622
45910,9638
15936,7760
15936,8309
15936,9820
15936,7710
15936,8302
15936,8339
27590,9357
28820,8417
36488,8411
16010,8417
27590,8411
28820,3893
46230,4823
99256,4685
45378,8907
99256,4525
IT19,_
80132,_
20520,7931
24546,7814
26608,3409
36488,7810
20690,7932
25574,7842
20520,7814
24546,3409
26608,3893
20690,7842
25574,7931
20520,3409
24546,3893
26608,7810
32020,7932
36488,7842
20690,7931
25574,7814
20520,3893
24546,7810
32020,7842
36488,7931
20690,7814
25574,3409
20520,7810
26608,7842
32020,7931
36488,7814
20690,3409
25574,3893
20520,7932
26608,7931
32020,7814
20690,3893
25574,7810
20520,7842
45300,6270
54520,4824
45300,6230
30520,889
67840,2150
75952,3891
75953,3971
35840,4563
31500,3806
44120,9901
35840,9604
36450,4562
31500,4563
59110,_
33034,_
33034,6970
33040,_
33040,6970
22590,8129
56605,6829
57500,7111
58558,6732
56605,6712
57510,6816
44005,7101
44950,7101
56441,4709
56441,5459
55110,4610
44320,6100
55101,4610
49570,5132
49000,5359
47720,5369
49570,5411
49000,5369
49570,5423
47720,5359
54650,6100
55110,5310
96950,_
31500,8430
24925,9604
31500,8407
CR4651,_
59450,_
48145,5423
50500,4150
P0000,5253
49000,5296
48145,5581
50500,_
50500,5253
P0000,5296
48145,_
50500,5296
P0000,5581
48145,5411
P0000,4150
59620,5423
59620,5411
52330,5459
44141,5620
52330,4572
50715,5600
50715,5980
90935,5902
50715,5522
50715,5732
52337,5902
50715,3995
50715,5631
27236,7975
27227,7975
43108,4242
43108,4265
43108,4679
11000,4593
45380,8628
44160,8628
58520,8628
59513,9357
49000,6941
16010,6949
58520,9357
49000,6949
58520,5411
58520,5423
16010,6941
28126,8345
44310,4590
44310,4572
06132,9933
06132,_
30310,9357
16010,9812
30310,8628
11042,3995
11042,3893
11010,8284
99434,9959
AZ380,9929
99434,9929
AZ380,9959
44960,4850
44960,4610
25526,7760
25526,8309
25526,9820
52332,5641
52000,6270
52000,6230
21041,2752
21010,7769
21501,8019
41252,8604
21041,2551
21010,2752
21501,7769
41252,8019
21041,8604
21010,2551
21501,2752
41252,7769
21041,8019
21010,8604
21501,2551
44388,4429
43639,4525
44388,4350
11041,8302
25574,4562
25611,4563
44120,7932
11041,7912
11041,8339
25574,4590
11041,7760
25611,4562
11041,7932
11041,8309
25574,4563
25611,4590
44120,7912
11041,7710
11041,8345
44143,5461
49900,4575
27513,7809
21366,7815
67015,1266
66992,1472
67015,1240
63170,309
63170,329
58662,4461
43840,6639
58662,4442
69535,4041
42426,7639
69535,2633
43269,9925
11752,9755
11100,8623
45383,8611
54324,4523
28024,4542
28022,4543
33243,5845
32482,5849
19342,8018
17106,8309
26011,3779
47780,3249
96440,8553
43269,8554
11752,8630
45383,5499
54324,3491
28024,9925
28022,9755
33243,8623
32482,8611
19342,4523
17106,4542
26011,4543
47780,5845
96440,5849
43269,8018
11100,3779
45383,3249
54324,8553
28024,8554
33243,7719
32482,5499
19342,3491
17106,9925
26011,9755
47780,8623
96440,8611
43269,4523
11752,4542
11100,4543
45383,5845
17106,8554
26011,8630
47780,7719
96440,5499
43269,3491
11752,9925
11100,9755
45383,8623
54324,8611
28024,4523
28022,4542
33243,4543
32482,5845
19342,5849
17106,8018
26011,8309
47780,3779
96440,3249
43269,8553
11752,8554
45383,7719
54324,5499
28024,3491
28022,9925
33243,9755
32482,8623
19342,8611
17106,4523
26011,4542
47780,4543
96440,5845
43269,5849
11752,8018
45383,3779
54324,3249
28024,8553
28022,8554
33243,8630
32482,7719
19342,5499
17106,3491
26011,9925
47780,9755
96440,8623
43269,8611
11752,4523
11100,4542
28024,5849
33243,8309
32482,3779
19342,3249
17106,8553
26011,8554
47780,8630
96440,7719
43269,5499
11752,3491
11100,9925
45383,9755
54324,8623
28024,8611
28022,4523
33243,4542
32482,4543
19342,5845
17106,5849
26011,8018
47780,8309
96440,3779
43269,3249
11752,8553
11100,8554
45383,8630
54324,7719
28024,5499
28022,3491
33243,9925
32482,9755
19342,8623
17106,8611
26011,4523
47780,4542
96440,4543
43269,5845
11752,5849
11100,8018
45383,8309
54324,3779
28024,3249
28022,8553
33243,8554
32482,8630
19342,7719
17106,5499
26011,3491
47780,9925
96440,9755
43269,8623
11752,8611
11100,4523
54324,4543
28024,5845
28022,5849
33243,8018
32482,8309
19342,3779
17106,3249
26011,8553
47780,8554
96440,8630
43269,7719
11752,5499
11100,3491
45383,9925
54324,9755
28024,8623
28022,8611
33243,4523
32482,4542
19342,4543
17106,5845
26011,5849
47780,8018
96440,8309
43269,3779
11752,3249
11100,8553
45383,8554
54324,8630
28024,7719
28022,5499
33243,3491
32482,9925
19342,9755
17106,8623
26011,8611
47780,4523
96440,4542
43269,4543
11752,5845
11100,5849
45383,8018
54324,8309
28024,3779
28022,3249
33243,8553
32482,8554
19342,8630
17106,7719
26011,5499
47780,3491
54324,4542
28024,4543
28022,5845
33243,5849
32482,8018
19342,8309
17106,3779
26011,3249
47780,8553
96440,8554
43269,8630
11752,7719
11100,5499
45383,3491
54324,9925
28024,9755
28022,8623
33243,8611
32482,4523
19342,4542
17106,4543
26011,5845
47780,5849
96440,8018
43269,8309
11752,3779
11100,3249
45383,8553
54324,8554
28024,8630
28022,7719
33243,5499
32482,3491
19342,9925
17106,9755
26011,8623
47780,8611
96440,4523
43269,4542
11752,4543
11100,5845
45383,5849
54324,8018
28022,3779
33243,3249
32482,8553
60540,4590
44140,711
44140,730
60540,4572
44140,729
42420,4021
31500,4613
44144,4620
44310,9604
31500,4579
44310,4613
31500,4620
44144,9604
44310,4579
49323,5421
49323,5499
45355,4610
44143,4522
45355,4575
27519,7760
65286,1159
65286,1289
27745,8345
58925,4876
45402,6529
58925,1736
29245,_
50080,9646
50080,8773
59406,_
11044,7745
27495,7749
20245,7760
20245,7815
11044,7742
27495,7745
20245,8628
27495,7742
11044,7749
20245,8345
06129,_
57103,_
45331,4563
19240,6849
58150,8543
32095,3491
32095,3404
44141,9929
44141,9959
44141,9933
ICD,9933
14040,7934
14040,7924
32170,_
19240,7791
19260,8543
26530,8172
49560,4522
45355,5351
04201,_
49020,5136
49020,5270
27506,7989
27217,7815
27217,8152
27217,7925
44110,4579
36822,4610
44144,4533
44110,_
36822,4709
44110,4610
36822,4613
44144,_
36822,5411
44110,4613
36822,4500
36822,5423
36822,4533
36822,4579
44144,4500
65285,1269
66172,1289
65285,1264
65285,9928
66172,1159
45979,_
67228,1269
66170,1425
67228,1264
26990,8628
11043,8115
26990,8345
82134,_
44120,5425
OO644,_
25574,7902
59812,5423
49000,6902
59812,5411
39514,_
AQ160,9041
AQ160,8909
AQ160,_
MC901,_
IW55,_
11010,4901
11010,4912
46060,9820
11010,4873
11010,4911
11010,4993
21453,7859
21196,7675
21453,7643
01490,_
03420,7499
44128,5349
49588,5411
44128,5423
44128,_
44128,5341
49588,_
44128,5411
44140,5123
62230,9933
61692,3953
38570,5310
49505,5424
38570,5300
43188,5423
43188,5411
43188,_
90935,6030
55821,3995
36488,3998
55821,3893
90935,3998
36488,6030
55520,6310
55535,6330
58660,5459
44005,6816
58558,5459
29058,7949
27193,9359
29058,7909
29058,7975
27193,9353
11765,8628
11000,8623
46260,4931
46615,4946
46260,4921
12001,_
29848,7760
29848,8309
29848,8345
29848,9820
11012,8043
29848,7710
29848,8302
29848,8339
29848,8628
36430,4461
90935,3121
90935,4311
43246,3995
31600,3995
24500,125
61313,7901
24500,124
24935,8628
11043,9999
24935,8345
45380,8309
45380,8345
45380,9820
11011,4525
45380,8302
45380,8339
29325,7760
29325,8309
29325,8345
29325,9820
11012,9351
29325,7710
29325,8302
29325,8339
29325,8628
49010,5425
45400,4685
46751,4876
45378,4979
45400,4525
46751,4685
45400,4979
46751,4525
45400,4876
28820,8412
28800,8411
MCPP,_
16010,8672
69320,407
42415,1860
69320,2929
44144,9933
43262,8628
11000,5185
27125,4685
45378,8152
27125,4525
38865,_
33512,5104
92982,3613
47480,66
33512,5103
92982,5104
47480,3613
33512,66
92982,5103
26685,7933
26615,7984
53235,4542
52317,9971
36430,5700
52317,9903
68745,982
19126,_
61530,233
47715,9357
47562,5169
16010,5123
47715,8628
47562,9357
16010,5169
47715,5123
47562,8628
48152,3893
54640,6449
54316,6250
61202,_
66115,4150
38100,_
32463,4150
11621,8543
11621,8908
11621,8544
11621,9199
44398,_
58210,7936
27535,4030
27535,6869
58210,7817
27535,6561
06002,_
28820,9933
25492,8185
24587,7813
25492,7929
47600,7760
47600,8309
47600,8345
47600,9820
11012,5122
47600,7710
47600,8302
47600,8339
47600,8628
59409,5411
49000,7359
59409,5423
49000,7360
43830,8628
11043,4319
43830,8345
44900,9903
36430,4720
44900,6651
58700,4720
44900,9971
45550,4709
44005,4576
49000,4875
45550,5411
44950,4576
11042,4461
11042,4442
50240,8345
11040,7975
20650,3409
25620,125
61313,7932
25620,124
65103,881
67935,1642
65103,1060
28126,8302
28126,8415
11012,7799
28126,7760
28126,8339
28126,9820
27880,7799
28126,7710
28126,8309
12001,125
12001,124
44604,9901
44604,9604
31500,4675
36450,4675
29365,7935
27513,9353
29365,7815
RO01,_
27220,4610
44143,7905
27220,4575
46221,4542
31231,2290
31291,2121
31231,2219
31237,1692
67412,2121
67321,_
52235,5671
51595,5749
49650,5310
49509,5421
69530,2042
69530,2059
44820,4709
44820,5423
44820,5411
36450,4502
44021,9933
44021,9959
44021,9901
99432,4502
44021,9929
31290,2219
31290,2290
63005,5253
48140,309
63005,4150
58600,5349
49585,_
58600,5341
NSD01,5349
NSD01,5341
42426,2220
36450,2633
11100,4041
31230,9901
42426,8611
36450,1651
31230,2633
27758,5423
27758,5411
35111,3846
35111,3952
36430,8076
27335,9903
25575,7691
21247,7932
25575,7643
29065,8381
26352,9353
29065,8286
49565,5459
43842,7760
43842,8309
43842,8345
43842,9820
11012,4468
43842,7710
43842,8302
43842,8339
43842,8628
45305,4610
44345,4824
44300,4643
44300,4824
45305,4643
27455,7780
16010,7737
27640,8147
27455,8628
16010,8147
27455,9357
27640,7737
06172,9933
06172,_
26910,8314
25023,8401
27535,7979
27513,7817
36488,7936
20690,7935
27216,7810
20690,7979
25620,7817
27513,3893
36488,9353
29065,7810
25620,7909
27511,7979
27216,7817
29065,3893
25620,7810
21045,7807
35800,7769
15100,3802
20955,8669
21045,3999
35800,7807
15100,7769
20955,3802
21045,8669
35800,3999
15100,7807
21045,3802
35800,8669
15100,3999
99439,_
BLOODTRANSFUSSION,3995
BLOODTRANSFUSSION,9971
BLOODTRANSFUSSION,9903
BLOODTRANSFUSSION,_
26910,7934
24940,8444
P0001,160
61500,_
P0001,125
11012,4685
45378,7710
45378,8302
45378,8339
OO830,_
OO830,7252
35700,3999
11044,9344
11041,9344
20650,9353
11041,7810
29345,9344
11041,9353
23615,7939
24515,7932
25620,7929
59402,8908
59402,9938
59402,9449
59402,9059
06548,_
90935,1269
67025,9928
66172,3995
32666,_
38500,4685
45378,4011
38500,4525
29880,8036
25515,7860
52000,5849
53230,5732
53430,5839
52000,5846
53230,5849
53430,5732
52000,5839
53230,5846
26412,7710
26412,8302
26412,8339
26412,8628
11043,8521
11721,8628
RE119,_
49420,5349
49588,5419
49420,5341
11044,8314
33015,3699
33863,3712
33015,3599
33015,3958
56510,_
43840,4150
38100,4461
38100,4442
53852,5810
53852,5860
53852,6094
53852,8929
52601,6021
CAD,3699
CAD,3961
33863,_
CAD,3599
CAD,3958
CAD,_
46040,9622
46040,4823
11042,7789
11424,9357
16090,8630
11424,8628
16090,9357
16090,8628
16090,_
12007,8628
12007,8345
44125,4590
36510,9901
36450,3892
NSD01,7760
99432,7759
59612,9929
59612,9959
59612,9933
11043,7840
19160,8547
19240,8548
19220,8523
19160,8548
19220,8543
47600,5310
49507,5122
11044,7911
24400,7760
11044,7732
24400,8345
46050,8628
46050,8345
26607,9357
16010,7913
37615,9357
16010,3880
27236,7931
CM932,_
14060,2751
11041,1840
14060,2181
14060,881
11041,8689
14060,1840
11041,2751
14060,8659
36450,6270
54520,8907
36450,6230
99256,6270
54520,9901
99256,6230
38100,124
49000,125
61312,4150
38100,125
61312,5411
MO69,_
PO73,9933
27524,7945
27509,7936
27524,9359
12002,7815
27506,8659
12002,7912
25611,8152
27506,7912
12002,8152
25611,8659
25611,7815
24126,7763
24126,7803
38721,_
43235,4514
CDD44,_
LEFT,1371
LEFT,1341
LEFT,_
06410,_
36450,8543
36011,4610
36011,4572
54308,9357
54308,8628
16010,4850
36450,5771
16010,6890
51597,9357
16010,5771
36450,6880
51597,9901
36450,4850
16010,6880
36450,6890
51597,8628
55845,5749
52235,6050
55845,5831
52235,4030
45331,9901
36450,4575
45331,4610
44143,9901
45331,4575
35551,3925
57611,7925
27385,8152
57611,8365
57611,8152
27385,_
27506,8365
57611,7815
27385,7925
57611,_
61024,_
26952,7804
26255,407
58180,7360
93510,8857
93556,3722
93545,3722
93510,3956
22844,8345
27396,8375
07011,_
33722,3799
47525,3995
75984,9705
49080,5512
47525,5425
49080,9705
47525,8839
75984,5425
90935,9705
47525,5512
43265,4709
45309,5188
44140,4542
47600,4543
44950,4823
43265,4835
22808,8099
63090,7859
22808,309
63090,7809
22808,7859
63090,8129
22808,7809
50780,4563
51010,4590
52000,5674
44120,5711
51010,4562
52000,4563
43217,4685
43217,4525
50230,6849
58150,3807
58150,5551
NSD01,7499
11403,9357
SGA,9933
SGA,_
26121,8630
11043,8235
11403,8662
LO42,_
28360,7849
14040,8289
26070,8689
11043,8013
26070,8289
26591,8013
26070,8628
11043,8289
26591,8689
14040,8013
69400,2080
50951,5732
06182,9933
06182,_
43268,9971
36430,5293
44970,4579
12011,7932
33210,8843
23210,7791
19260,7761
23210,3440
50780,4590
50780,4572
NOOO,_
75980,5423
49000,8754
23000,8339
DRAINAGE,_
11011,4563
44125,8309
44125,8345
44125,9820
11011,4562
11011,4639
44125,8302
44125,8339
44125,8628
LSTCS,_
30225,_
44005,8773
44950,9646
52005,4709
44950,8773
52005,5459
44005,9649
44005,9646
44950,9649
91000,_
49080,5253
48140,5425
55831,4594
44146,5850
44146,6373
AO9,4685
AO9,4525
36450,5717
51040,9901
11044,5717
36450,8314
24495,9901
36450,3803
36825,5980
36450,3993
36825,5522
52335,9901
36450,5522
36825,5631
36825,9901
52335,3993
36450,5631
36825,5732
49521,8753
47605,5300
32000,5421
49650,5419
32000,5300
49650,3995
49650,3491
49420,5300
51040,5641
51040,3807
51040,3893
36488,5717
52000,3807
51040,4029
52000,3893
50230,5717
52000,4029
51040,5551
66850,1371
61304,5411
25028,8302
29075,8609
25028,7702
25248,8609
25028,9353
DV34,_
52276,5502
66170,1475
67051,1264
29355,8076
27335,9353
29355,8016
93545,3961
93545,3524
32020,3961
33405,3409
32020,3522
44320,7989
27245,4610
44320,7939
27245,7989
27217,4610
44320,7935
67015,1269
66170,1231
67015,1264
66850,1472
65865,1474
67015,1231
67036,1264
65865,1472
66170,1474
67015,1341
67036,1231
65865,1269
66170,1472
66850,1231
65865,1264
43261,8839
75980,5214
43261,8754
65420,1474
66852,1139
65420,1342
29450,7925
27792,7935
67040,1372
23650,5061
47360,7971
23650,3886
26740,8309
26740,8345
26740,9820
26740,8302
26740,8339
26740,8628
25270,8309
25270,8302
25270,8339
27381,8302
27381,8339
27381,8628
46600,4610
25927,4921
44141,8403
46600,4572
25927,4610
44141,4921
46600,8403
25927,4572
29345,8446
29345,8415
49521,5425
90393,_
27049,6849
58150,8339
27049,6561
28001,8403
26910,8303
28001,8401
24582,7760
24582,7710
36832,3952
35045,3800
43334,_
43334,7749
43334,7745
58661,9971
99256,9933
27756,2181
21315,2751
27756,881
21315,7819
12053,2171
27756,1840
21315,881
12053,7819
27756,2171
21315,1840
27756,2751
25263,9353
27536,7935
50620,9971
36430,5620
50620,9903
OO28,_
MN869,8628
MN869,8345
MN869,_
11043,212
58260,7360
59409,6859
58260,7359
28008,407
55535,5631
55535,5732
49505,6050
55845,5300
25574,7906
27530,7932
31622,3409
36450,3324
32651,9901
31622,3421
32651,3324
31622,3252
36450,3421
31622,9901
36450,3252
36450,9820
26720,9901
11010,9901
36450,7904
15120,9824
54115,8669
15120,6492
P0000,8345
52334,5600
52334,5631
52334,5522
44005,4195
38115,5459
44005,4143
47701,8753
74100,5137
47701,5122
74100,8753
47605,5137
47701,_
74100,5122
74100,_
20100,_
21045,3121
21245,7769
38724,7643
21045,4040
21245,3121
38724,7769
31600,7643
21045,4021
21245,4040
21045,7643
21245,4021
61626,5511
50020,9929
61626,5501
27590,8843
52333,_
140/3,_
61711,3928
96408,8773
44320,3893
96408,3995
50575,9925
36488,5521
36488,9645
96408,4610
44320,9925
96408,9649
50575,3893
90935,9925
96408,5521
66920,1289
65280,1319
66920,1159
36480,9971
36480,9903
46730,4709
90903,_
90903,3995
90903,5502
90903,5501
21360,7760
21360,8309
21360,9820
11012,7672
21360,7710
21360,8302
21360,8339
AI109,_
49520,6200
11420,8345
25076,8345
49520,6270
57545,6740
57545,7079
22630,7769
46045,4912
46045,4911
43775,_
63704,159
99432,299
62161,352
63704,9929
62161,9959
63704,127
99432,159
62161,9933
63704,9959
99432,127
63704,299
62161,9929
63704,9933
66984,1266
66992,1330
2380\,9933
2380\,_
35820,9357
16010,3805
35820,8628
27742,7827
51050,5600
35381,8839
75952,3818
35381,3971
29020,7760
29020,8339
29020,9820
21461,9351
29020,7710
29020,8309
29020,8628
29020,7676
29020,8302
29020,8345
36488,8544
19240,3893
27510,8036
31603,4542
32000,4543
45385,3110
31603,3491
32000,4523
31603,4543
45385,3491
31603,4523
32000,4542
25574,9344
20650,7932
76360,4639
36488,8838
76360,4562
44125,8838
76360,3893
27218,7949
27193,8989
27218,7909
27218,7975
20610,479
44141,4562
44205,4610
27560,8321
27330,7979
27560,8016
12041,7359
05809,_
77761,9971
77761,9903
49201,8544
19240,5440
49201,8543
25611,8499
25526,7912
25611,7939
36011,9971
36011,9903
67050,1289
67036,1343
67050,1159
65280,1343
41116,4685
41250,2749
45378,2551
41116,2752
41250,4525
45378,2752
41116,4525
41250,4685
45378,2749
41116,2551
27236,8151
27536,8151
27130,7935
27226,8151
11000,1879
69110,8628
11000,1829
36488,3402
31622,3893
36488,3328
32100,3893
36488,3324
50080,5620
50080,3893
50080,5631
50080,9645
50575,5503
36488,5503
50575,5504
42440,9971
36430,2630
42440,9903
59591,_
31622,8609
16035,3324
16035,3893
49522,6230
11100,7760
11012,8611
11100,7710
28114,8628
28114,8345
NDS01,7360
NDS01,7359
77421,9971
77421,9903
11406,8669
15770,8630
11441,8669
11443,6849
11443,6561
65875,1289
65280,1233
65875,1159
67906,832
67906,8399
49565,5341
00391,_
27158,8152
27158,7985
39530,9933
36430,5850
52601,9971
36430,6029
52000,9971
36430,5732
36430,6373
52000,9903
27328,8382
27328,8669
25492,7932
56420,7360
59409,7122
56420,7359
31030,2161
31030,2219
31254,2239
31030,2169
31256,2239
31030,2263
31240,2239
30130,2239
43840,4639
44130,4461
35905,7791
19260,3865
35905,3440
11042,3991
11042,3800
11312,8628
11312,8345
25600,8036
27659,8381
46761,9357
16010,4979
46761,8628
28725,8047
15100,8385
27612,8113
28725,8669
28725,8385
15100,8113
27612,8669
28725,8017
15100,8047
53660,_
53660,5810
53660,8929
52281,_
53660,5732
53660,5860
37241,_
33520,_
43235,4620
HEMODI,_
27605,8345
28820,8446
50575,6094
52601,5521
52601,8773
15580,7760
15580,7710
65101,1289
65285,1649
65101,1159
36450,7662
25600,4562
27230,4563
44120,7902
25600,7905
25600,4563
27230,4590
49000,7902
44120,7905
25600,5411
25600,4590
27230,7902
25600,5423
27230,4562
55310,5310
55310,5300
55310,_
27530,7929
27566,7906
27530,7796
31611,3195
50125,5980
50125,9646
50125,5511
50125,5732
50125,8773
50125,9649
52005,5511
50125,5512
93556,3958
33860,8843
35840,8345
31615,3323
31631,3321
31615,3199
50040,9646
27507,8382
24586,7935
15738,7929
27507,8332
24586,8669
15738,7935
24586,8382
24586,8332
27507,8669
81518,_
47562,6270
54520,5123
47562,6230
03242,_
59100,5423
49000,6800
66984,1254
49587,5425
49080,5341
12045,8669
15240,8659
12045,7760
27760,8659
24500,7909
27760,8628
12013,7909
27760,7901
06232,_
50800,4610
36488,5671
50810,3893
27507,4563
EII2,_
35452,8843
36511,9971
96408,9970
36511,9903
36430,9970
36511,9925
27295,8401
26951,8418
27295,407
20600,1623
67400,8191
67400,8394
28505,125
61312,7939
28505,124
34277,_
24670,4563
28820,7938
28485,8411
28525,7989
28675,8411
28675,7938
28820,7989
28820,7937
11044,7938
28525,8411
KJ189,_
26410,460
25620,8286
26410,479
64718,7932
64718,8286
26350,7932
27750,7935
27511,7906
27814,9788
27506,8669
27814,8152
27814,7860
15100,9788
15100,8152
27814,294
15100,7860
20680,8669
27814,7815
15100,7925
15100,294
20680,7936
28485,7819
15100,7929
27766,7937
28485,8669
28485,7929
15100,7937
27766,8669
59513,7491
59513,6800
26727,9357
27217,7760
27217,8309
27217,8345
27217,9820
25907,9357
25907,8628
65710,8192
65710,8396
20610,1162
65710,8191
65710,8394
54535,5310
NSDO1,6970
31240,2150
15757,5474
49906,8660
15757,3929
64905,8674
82980,_
OO620,_
52275,6000
29826,8345
11044,8041
58673,7499
50405,5732
49060,9357
16010,5419
49060,8628
FRACTURENONUNIONRIGHTFEMUR,_
59510,_
59510,6639
58673,_
59510,6602
52005,4590
44140,5980
44140,9649
52005,4572
44140,9646
52332,4572
44140,8773
CA,_
50630,5642
50236,5620
50630,5551
48154,4685
43235,5136
45378,5251
ZI129,_
62192,9959
62120,331
99432,371
62270,212
62192,9929
62120,9933
NO32,_
50040,3492
32020,5502
32005,3995
50040,3409
90935,3492
32020,5501
32005,5502
32005,5501
27075,9357
27075,8628
27619,8077
OUI,_
58260,6561
11406,7360
11406,7359
31575,9933
23120,7781
44300,9933
11010,4675
06242,_
58951,4563
47605,6849
96408,8628
96408,8345
11043,9925
96408,4131
11000,8843
67400,7859
21365,1609
43034,9804
45379,_
43034,4523
43034,_
82975,_
82941,_
08210,_
24600,7989
26785,7972
24600,7984
11308,9357
11308,8628
11042,8546
11042,8545
30465,8345
23221,7772
23221,7802
45123,9359
12036,4869
11623,8659
26554,3930
29800,8281
27658,8039
65765,8364
17264,1172
29058,8630
45123,9353
12036,9359
11623,4869
11765,8659
31233,8623
28090,2219
26554,8339
29800,3930
27658,8281
65765,8039
17264,8364
29058,1172
45123,8630
12036,9353
11623,9359
11765,4869
31233,8659
28090,8623
26554,2219
29800,8339
27658,3930
65765,8281
17264,8039
29058,8364
45123,1172
12036,8630
11623,9353
11765,9359
31233,4869
28090,8659
26554,8623
29800,2219
65765,3930
17264,8281
29058,8039
45123,8364
12036,1172
11765,9353
31233,9359
28090,4869
26554,8659
29800,8623
27658,2219
65765,8339
17264,3930
29058,8281
45123,8039
12036,8364
11623,1172
11765,8630
31233,9353
28090,9359
26554,4869
29800,8659
27658,8623
65765,2219
17264,8339
29058,3930
45123,8281
12036,8039
11623,8364
11765,1172
31233,8630
28090,9353
26554,9359
29800,4869
27658,8659
65765,8623
17264,2219
29058,8339
45123,3930
12036,8281
11623,8039
11765,8364
31233,1172
28090,8630
26554,9353
29800,9359
27658,4869
65765,8659
17264,8623
29058,2219
45123,8339
12036,3930
11623,8281
11765,8039
31233,8364
28090,1172
26554,8630
29800,9353
27658,9359
65765,4869
17264,8659
29058,8623
45123,2219
11623,3930
11765,8281
31233,8039
28090,8364
26554,1172
29800,8630
27658,9353
65765,9359
17264,4869
29058,8659
45123,8623
12036,2219
11623,8339
11765,3930
31233,8281
28090,8039
26554,8364
29800,1172
27658,8630
65765,9353
17264,9359
29058,4869
45123,8659
12036,8623
11623,2219
11765,8339
31233,3930
28090,8281
26554,8039
29800,8364
27658,1172
65765,8630
17264,9353
11623,8623
11765,2219
31233,8339
28090,3930
26554,8281
90093,_
27134,7760
27134,8309
27134,8345
27134,9820
11012,70
27134,7710
27134,8302
27134,8339
27134,8628
69620,2080
69421,1940
69620,2009
67715,1292
65815,851
67715,1291
67715,851
43239,4912
46270,4514
43239,4911
31545,_
49420,6712
57500,5411
49000,6712
19180,8548
19220,8541
19180,8547
52234,5810
52234,5860
52234,6094
52234,8929
52276,4610
44080,_
55700,5850
52275,6011
55700,5732
36488,2211
36640,3893
31237,3891
36488,2121
36640,2211
31237,3893
36640,2121
65400,1292
65815,1149
65400,1291
49610,9933
27501,7925
27244,7939
27244,7929
26756,7934
26756,7924
20500,_
11000,8689
27603,8689
64763,403
64763,8312
27756,9357
62420,9933
62420,_
06252,9933
06252,_
35820,8544
19240,3805
35820,8543
36430,7789
27071,9971
26992,7785
27071,7719
36430,7785
26992,7789
27071,9903
46705,9903
56605,6849
47600,7111
56605,9971
58150,7111
56605,5122
67025,9971
36430,1471
93600,3729
43234,4709
43234,6849
32020,4709
58150,4513
44950,3409
43234,6561
44950,4513
43234,3409
27698,8364
27497,7936
27536,8314
43234,9804
21431,7949
21431,9355
99256,6739
57520,8907
99256,6720
99256,6769
12013,2420
15120,7935
27236,8669
16010,8753
23570,8382
49567,5459
48150,5423
48150,5411
62220,9933
21490,7694
32150,9901
27220,9357
27220,8628
36145,5423
36450,3895
36145,5411
49000,3895
36145,9901
52310,5641
50220,5700
52310,5551
75724,8845
24580,_
49010,6602
49580,6639
49580,7499
28108,7760
28108,8309
28108,8345
28108,9820
28108,7710
28108,8302
28108,8339
28108,8628
23180,9357
16010,7781
ZA370,_
CR016,_
25675,4639
44130,7909
25675,4590
20680,7851
23480,294
23480,9788
20680,7731
23480,7860
02344,_
CR017,_
61313,7815
61313,8152
61313,7925
90935,2181
29055,7760
29055,8309
29055,8345
29055,9820
29055,7710
29055,8302
29055,8339
29055,8628
11010,8627
42820,2188
30520,2830
42820,2150
25515,8191
25620,8394
25515,8396
20610,7932
25620,8191
25515,8192
25620,8396
25620,8192
25515,8394
27125,8095
52500,5498
90945,5749
52500,3995
27514,8417
27590,7815
11000,2752
11000,2551
24635,7933
24635,7923
49507,4673
44602,5300
11010,8172
SOO4,1879
69110,_
SOO4,1829
SOO4,_
11730,7710
23466,8375
23440,8196
23466,8041
19180,7789
63047,8541
19180,309
45305,4911
37204,9605
31645,3880
37204,3323
26476,8255
64858,430
36430,3110
41140,9971
36430,2530
36430,4040
41140,9903
10140,8544
19120,8604
10140,8543
10140,8521
EXCISION,_
12002,4461
12002,4442
43840,8659
12002,3409
24500,9933
15951,7789
59513,8630
15951,8659
27328,7745
11780,_
ICD10,7360
ICD10,7359
77421,9925
61770,128
31579,4685
31579,4525
SD370,_
16010,5641
50225,8628
50220,5136
50220,5270
48150,5641
50220,4370
50220,5251
50220,5296
48150,5551
49585,6230
27814,8077
35732,_
29355,8192
29355,8396
29355,8191
29355,8394
WW54,_
53650,6849
36010,_
53650,6561
36010,6849
53650,3893
36010,6561
53650,_
50610,5810
50610,5860
50610,6094
50610,8929
50610,5850
50610,6029
50610,6373
93548,_
20661,7859
24500,5294
43264,7901
24500,5188
63047,8628
11000,309
90923,_
16010,8037
35201,7710
35201,8339
35201,9820
28024,3959
35201,8309
35201,8302
35201,8628
35201,8018
35201,7760
35201,8345
20670,8401
20670,407
11040,7955
27519,8628
21557,8544
19240,8339
21557,8543
29405,7937
29871,8345
25350,7833
25675,7733
25391,7909
25350,7803
25675,7833
25391,7733
25350,7909
25675,7803
OI809,_
51550,4879
45562,5760
51550,4800
MCP0,_
AZ491,_
31070,2241
50290,5991
NDN08,_
26735,4195
38115,7924
61582,7760
61582,8309
61582,8345
61582,9820
61582,7710
61582,8302
61582,8339
61582,8628
45382,4525
50590,6849
44950,9851
50590,6561
58150,9851
50590,4709
52001,_
52001,5980
52001,9646
69020,8544
19162,1809
69020,8543
75989,4595
75989,4835
44153,8839
75989,4582
75989,4601
17312,1840
17311,2751
IMRT,_
08216,_
25620,7803
25126,7932
25620,7763
51065,5810
51065,5860
51065,6094
51065,8929
26860,7760
26860,8309
26860,8345
26860,9820
26860,7710
26860,8302
26860,8339
26860,8628
11041,8446
61705,139
62160,3953
36450,299
61705,124
62160,139
36450,3953
61154,299
61705,9901
61154,3953
61705,299
62160,9901
29845,8073
32815,3342
93652,3734
31622,3121
32002,3324
32002,3121
31600,3404
31622,3491
31600,3324
31622,3404
51720,5749
50236,5749
52234,5642
50236,5732
50236,5831
52234,5551
35741,8628
65805,1479
67027,1291
65805,1472
51980,8929
52281,5831
27610,8192
27603,8394
31500,8396
20605,8017
22307,_
49080,4595
49080,4835
44152,5425
49080,4582
49080,4601
27705,7929
27766,7737
27705,7819
34520,3958
19364,8548
19220,8570
19364,8547
28525,7933
26615,7938
28525,7923
35361,3814
27590,3816
35361,8417
27590,3814
35361,3816
36430,8753
47610,9971
47610,9903
26070,7760
26070,8309
26070,9820
11012,8013
26070,7710
26070,8302
26070,8339
20692,8016
35011,3800
27880,3805
GO49,_
99256,6813
58100,8907
99256,6711
14020,4563
44120,8689
14020,4590
44950,8689
14020,4562
69643,1919
54161,7760
54161,8309
54161,8345
54161,9820
54161,7710
54161,8302
54161,8339
54161,8628
49080,7430
59121,5425
49080,6602
11040,4912
11040,4911
75989,3491
32002,8839
75989,3404
52282,_
25312,8377
26445,8381
24301,8211
25312,8391
26445,8375
24301,8391
26445,8377
24301,8381
25312,8211
SO08,_
OO831,_
50610,5504
50610,5503
50610,5521
16010,8662
26121,9357
16010,8235
36450,7430
59121,9901
36450,6602
45355,4685
45337,4522
45355,4524
66821,1214
66821,1365
55859,5850
52270,6099
54420,6498
52310,5995
52325,5700
47120,4595
CR007,_
92982,5504
50080,66
92982,5503
92982,5521
27814,7926
27814,7817
23920,9357
16010,8408
31603,3993
31603,3893
43246,3993
36800,125
31603,3995
43246,3893
61313,3993
90935,3110
36488,4311
36800,124
36488,3110
36800,4311
61313,3995
36800,3110
45380,9199
88174,4513
45380,8838
43234,9199
88174,4525
51045,5502
51045,5700
38760,5310
49505,4024
38760,5300
JO39,_
FP101,_
27780,8382
27654,7710
27654,8302
27654,8339
24900,3805
24516,7925
27557,4195
38115,7819
38115,8146
27557,4143
38115,7986
31518,_
31518,9971
31518,9903
27090,7760
27090,8309
27090,9820
11012,8005
27090,7710
27090,8302
27090,8339
27090,8628
25041,_
58951,9971
36430,6539
58951,9903
58940,9971
58951,6551
58940,9903
58940,4030
58951,6539
45975,_
28202,8628
42820,7789
63047,2830
42820,309
61536,124
36568,8345
48420,_
12034,2181
12034,881
12034,1840
12034,2751
48545,4461
43840,5295
48545,4442
37014,_
54650,5849
54650,5845
27536,8669
99256,8332
15738,8907
27536,8382
99256,7936
11044,8907
15738,7936
27536,8907
27536,8332
99256,8382
27472,7860
99256,7805
31610,125
62141,3129
61312,206
31610,124
62141,125
61312,3129
31610,206
62141,124
10180,4673
10180,5423
44602,8604
10180,5411
35266,8309
35266,9820
11011,3957
35266,8302
35266,8339
SD594,_
SD594,7360
SD594,7359
11011,7702
24498,7710
24498,8302
24498,8339
29355,7935
29355,7815
27253,8628
11043,7985
27253,8345
11402,8339
24075,8630
27327,8339
56515,_
47300,8753
47563,5021
47300,5123
48000,4594
44145,5299
48000,4579
26055,8363
29815,8301
23420,8301
26055,8021
27328,7798
28296,7753
28292,8332
27328,7738
28292,7798
27328,7753
28296,8332
28292,7738
27328,7759
11440,2559
41112,8630
11440,2510
31365,640
60254,3040
31365,4040
44388,4572
45300,4622
50234,4824
44151,5551
45300,5642
50234,4582
44151,5642
45300,4582
50234,4622
44151,4824
45300,5551
27822,8382
27822,8332
27822,8669
11762,7710
11762,8302
11762,8339
67025,1269
66170,1471
28436,8345
19120,8546
19200,8521
19120,8545
44950,6270
54520,4709
61107,3121
EO40,_
CVD,_
25023,479
64721,407
26455,8313
76942,5136
67025,1159
56440,6561
64835,8314
24495,430
64835,3803
43284,_
11100,4685
43284,8611
11100,4525
43284,4685
45378,8611
11100,_
43284,4525
58200,5760
51550,4572
41870,8345
27786,8364
27664,7906
92995,8843
33020,3402
32124,3712
33020,3339
21198,7809
20956,7664
21198,3999
51530,3893
90935,5719
51050,3893
51530,3995
36488,5719
51050,3995
96450,8192
96408,8394
27615,8345
48235,4685
48235,4525
48235,_
43605,5425
58565,6829
58558,6999
49000,5104
47480,5411
26548,7933
26746,8172
26548,7923
26540,8628
26540,8345
33015,4011
39400,3712
33015,3422
69955,2079
61596,450
26951,8415
27880,407
20690,7912
IE789,_
26055,7860
19101,5850
52332,8511
52270,5980
19101,5732
52270,8511
19101,5980
10060,5641
50225,8604
10060,5551
71942,_
11000,8456
27488,8628
11000,8006
67220,1475
67220,1474
49080,1292
49080,1473
65810,5425
49080,1291
49080,1472
12018,8345
25491,7989
26715,7813
25491,7922
27049,7760
27049,8309
27049,8345
27049,9820
27848,8199
27786,9359
27848,7906
27786,7859
27848,9359
27786,7989
27829,7906
27848,7859
27786,8199
23410,8364
28270,8363
23410,8048
46934,4912
46270,4949
46934,4911
99843,9933
99843,_
27720,9820
11010,7840
27720,8628
25272,8309
25272,8345
25272,9820
25272,8302
25272,8339
25272,8628
49525,8628
JI892,_
43632,4461
43840,4370
43632,4442
27766,7926
27784,7929
19301,_
20552,_
46285,4685
45550,5423
49000,4576
AO90,_
52276,6000
44320,4709
12044,8314
28008,8659
43239,4639
45378,5103
48001,4685
43239,5299
48001,4525
45378,4319
43239,5103
45378,5299
48001,4514
31365,8382
44140,3121
31600,4572
44345,4590
21360,7925
33922,3885
33922,3961
19120,6849
58150,8521
19120,6561
61320,7760
61320,8345
64857,8628
64857,8345
52234,5631
52337,5831
52234,5600
52234,5980
52337,5749
52234,5522
ZV392,_
EO79,_
82919,_
58951,4011
58200,6529
76360,9971
36430,8838
76360,9903
26180,8014
26952,8034
26110,407
26180,8401
11000,8014
11010,7912
14000,7769
27047,8689
14001,8339
21930,7769
27047,8339
14001,7769
21930,8689
14000,8339
15240,8382
15240,8332
26426,8669
15240,8286
26426,8382
26426,8332
58952,6589
27827,7760
27827,8345
32020,650
60270,3410
32020,639
39010,650
60270,3409
39010,639
25600,7860
20650,7902
25600,7810
25600,9344
44320,9622
45303,4610
44320,4823
37023,7360
37023,7359
37023,_
54550,5440
49255,6200
27266,_
26497,8256
51048,5631
11402,5732
51048,_
44140,4912
45330,4572
46275,4590
44140,4911
46275,4572
76700,_
66180,1371
66987,1699
66180,1341
44005,5294
43264,5459
44005,5188
35458,3950
27238,7860
25023,9357
36488,407
24925,8314
27187,3893
20805,8407
16010,8430
25023,7855
36488,8423
27187,9357
20805,407
25023,3893
36488,8407
44970,4593
36488,4701
36488,4593
44970,3893
44160,4701
60254,2252
31287,4040
44005,4449
43501,5411
49000,4441
43501,5423
44005,4441
49000,4449
43501,5459
PSS1,9933
PSS1,_
44605,4709
44320,4675
24601,1475
67051,_
24601,1474
24601,_
15100,8595
19357,8669
15100,8570
26037,3893
36488,8212
47950,_
15576,7989
26715,8670
15576,7922
29085,7979
29085,7902
90193,_
44340,5423
44340,5411
44005,4680
44050,5459
25515,7934
25515,7924
AIS0,9041
AIS0,8909
AIS0,_
21935,8628
21935,8345
43840,3886
47360,4442
15572,8382
15732,8670
15572,8669
15572,8332
58920,5419
58920,5425
QQ612,_
CC910,_
25530,7710
25530,7912
58600,8907
99256,6639
44120,7852
24538,4562
25545,4563
58561,6812
27070,9903
28615,7929
28615,7819
65093,8628
11043,1631
65093,8345
35363,3814
31571,3816
31536,3818
35363,3100
31536,3814
35363,3816
31571,3818
31536,3100
35363,3143
31571,3814
31536,3816
35363,3818
57404,_
45050,_
45050,4912
67010,1244
66605,1471
67010,1242
96408,8839
75940,9925
96408,3870
21141,7859
21196,7646
21141,7643
OO342,_
22849,125
61458,3121
15756,8345
45300,4709
44950,4824
36450,3961
33877,3893
36450,3954
36488,3961
33877,9901
36488,3954
49215,5459
90935,4675
49215,5423
90935,5440
49215,5411
49215,3995
49215,4675
44604,3995
27078,7760
27078,8628
11044,7765
27078,8345
36488,4594
14061,9199
11644,8689
14061,8908
11644,9199
88332,8689
14061,8630
11644,8908
45331,4685
66930,1371
66982,1319
66930,1330
69805,2079
NB18,_
23500,9933
27603,9357
27603,8609
51920,4685
45378,5784
51920,4525
28020,9353
29085,8018
26785,8286
11010,7984
26370,7989
MCPO1,8908
MCP01,9059
MCPO1,9938
35701,7710
35701,8302
35701,8339
47720,8753
43260,5132
36488,5110
47720,5122
36488,5132
47720,3893
47605,5132
47720,5110
43260,3893
66600,1289
65285,1242
66600,1159
36430,3459
31622,9903
32320,3324
31622,3451
36488,3459
32320,9903
32445,3259
32445,9933
II109,6849
II109,6561
25248,8388
25260,7702
46255,4923
46606,4824
45300,4923
46606,4946
45562,7759
59612,4800
28124,8401
26951,7789
28124,407
28122,8403
26910,7788
28122,8401
OZ392,_
28485,9357
16010,7937
58545,6812
57260,7033
58000,_
28760,8192
28760,8396
20610,7757
36501,8544
36501,8543
63001,8345
67044,1474
67044,1490
11043,8446
06480,_
15951,8630
44130,3893
51045,5620
50630,5719
52000,6097
52000,6021
63003,7989
22327,7859
63003,7929
22842,7989
22327,309
22842,7929
43632,9933
49525,5459
AO6O,_
50555,5521
50555,5523
50555,8773
50555,9645
50555,9649
32654,9971
32654,9903
NSD01,7109
56405,_
44960,4502
26356,7934
26418,8251
26356,7924
26735,8251
ECT18,_
61313,7499
27758,9357
24500,7745
27540,9359
27509,353
32003,_
PAPS,_
36321,_
38790,6529
38790,_
36488,66
92982,3893
30801,2188
65205,1289
65285,9821
65205,1159
26765,8659
69421,1930
69421,2049
69642,2080
69421,1860
69421,2099
69642,2009
27892,8302
27603,407
27892,7710
35045,3961
33877,3843
67414,7719
31605,5421
43653,9901
31605,4319
36450,5421
43653,3110
36450,4319
61313,233
31600,3110
31515,3169
60240,3142
31582,640
31515,3110
60240,3169
31582,3142
31515,640
60240,3110
45331,9607
43241,4525
45331,4513
66996,1371
66996,1341
20924,8381
47300,3491
75984,5021
47300,8839
32000,5021
47300,5512
52310,6230
54520,5700
52310,6270
52007,4572
43735,4542
41899,_
29405,7807
27637,9353
29405,7767
19260,3479
36488,4252
36488,4429
43117,3893
36488,4241
99432,5751
51500,9929
51500,9959
51500,9933
27120,7760
27120,8309
27120,8345
27120,9820
11012,8140
27120,7710
27120,8302
27120,8339
27120,8628
66940,1371
66987,1359
66940,1341
08096,7360
08096,7359
29075,8036
58662,5423
58662,6849
58662,5459
58662,6589
58662,5411
STILLBIRHT,_
SO12,_
49651,5361
49561,5421
49651,5123
49561,5123
49651,5351
49561,5300
11041,7859
11041,7672
SO520,1289
SO520,1159
SO520,_
HO24,_
12006,7760
12006,7710
53852,5421
49650,6021
43260,4685
45378,5110
43260,4525
32100,3491
32000,3402
32000,3328
46050,9357
11042,4901
27524,7926
40654,7760
40654,8309
40654,8345
40654,9820
11012,2759
40654,7710
40654,8302
40654,8339
40654,8628
41872,2759
40510,2420
41872,2743
27758,8401
26952,7936
15933,9357
15933,8628
30801,2211
52000,8839
74475,5732
52000,5512
11010,7809
16010,4311
43750,9357
49583,5300
44310,9820
11010,4620
44310,8628
11040,3805
75984,9925
14300,9357
HH110,_
11010,9357
26860,7934
26765,8128
26860,7924
KL359,_
63047,7710
63047,8302
63047,8339
15736,7760
15736,8309
15736,7710
06810,7360
06810,7359
49587,4562
49587,4590
49587,4563
36510,2741
40819,3892
HASCVD,_
96408,9923
52283,9925
12032,7760
12032,7710
38770,9971
38770,9903
08004,7360
08004,7359
08004,_
ECM10,_
25905,8405
11424,650
60271,8630
11424,639
48100,5459
47420,5212
48100,5151
44005,5212
48100,5104
15937,7760
15937,8309
15937,8345
15937,9820
15937,7710
15937,8302
15937,8339
15937,8628
28171,9357
16010,7788
28171,8628
29355,8036
26035,9357
16010,8209
26676,9353
29085,7814
JI899,_
24515,7783
24665,8309
24665,9820
24665,7931
25545,7783
24665,7760
25606,_
29836,8175
29846,8072
29836,8083
29836,8072
76942,2211
76942,2121
32608,3249
32480,_
32551,3249
32608,_
45382,4542
52005,6639
58673,5980
58673,9649
58673,8773
58673,5459
52005,6602
58673,5732
58673,9646
49600,5980
49600,9649
49600,5732
49600,9646
52005,5349
49600,4709
49600,8773
NJJH,9933
NJJH,_
33251,3733
33251,3961
75900,3891
75900,8840
32551,8544
32551,8543
11042,9804
45307,8628
11042,4823
66487,1371
66487,1341
62270,7749
20225,331
62270,7745
51565,5459
27590,7949
36781,7975
49010,8417
27193,5411
27590,5423
49010,7909
36450,7949
27193,9901
27590,7909
36781,7949
49010,7975
36450,8417
27193,3893
27590,5411
36781,5423
49010,9901
36450,7909
27590,7975
36781,8417
49010,3893
27193,5423
27590,9901
36781,7909
49010,7949
36450,7975
27193,8417
36781,5411
31500,233
62223,9604
DO511,8544
DO511,8543
DO511,_
46288,4912
46280,8672
46288,4911
46288,4993
46280,4973
10140,8669
21248,8604
15732,3893
10140,7643
36488,8332
43830,8382
21248,8669
KB968,_
42210,7809
20956,2450
11011,2271
30580,8302
30580,8339
30580,8628
61597,2049
61597,299
61597,7789
15956,8382
15956,8630
14970,_
29405,8381
28208,9353
40510,8628
11000,2743
11750,8309
11750,9820
11750,8302
11750,8339
OO630,_
27187,7932
12041,7933
12041,7923
ICD,1474
67039,_
ICD,1424
58200,4594
44145,4011
44145,6849
58200,4579
53239,_
50040,5810
50040,5860
50040,6094
50040,8929
52601,5501
26418,7925
27503,8152
27506,8286
26418,7905
26418,8152
27503,8286
26418,7815
27503,7925
44603,4709
57200,7360
57200,7359
14021,7760
14021,8309
14021,9820
14021,7710
14021,8302
14021,8339
27235,8339
27235,9820
43410,4282
39405,_
FYL9,_
35585,3929
30117,2211
30117,2121
80080,_
80080,5504
80080,5980
50080,_
80080,5503
80080,5521
61512,9604
58673,6816
58673,6909
58558,6602
58673,6829
54640,8669
54328,6250
54640,6442
26615,8403
26910,7923
36010,5136
36450,8382
52331,5521
52331,_
22842,8364
28270,7859
22842,8048
46936,4912
46275,4949
46936,4911
66852,1371
66987,1342
09265,_
04732,3995
09265,3995
04732,_
11011,4675
69433,2211
69433,2121
44604,4610
47100,4613
44144,4675
44604,5012
47100,4579
44604,4613
47100,4675
44144,5012
44604,4579
36430,8773
36430,9649
52007,9903
50785,5719
44141,5674
51045,5423
50785,4572
44141,5719
51045,5674
50785,5980
51045,4572
50785,4610
44141,5980
44320,5674
51045,5411
52234,9646
52005,5831
52234,8773
52234,9649
52005,5749
12041,7760
12041,8309
12041,7710
12041,8302
12041,8339
11000,8076
58940,4610
58940,6880
58240,6551
58940,4850
58940,5671
58240,6539
24900,639
12032,7934
12032,7924
43832,8345
99256,8546
19200,8907
99256,8545
27507,7905
27507,9971
27507,9903
27766,7935
47900,5061
47360,5179
47900,3886
49606,5459
49905,5492
49605,5474
49905,5459
44005,5474
49905,5349
49605,5459
44005,5492
49606,5474
49905,5341
11626,8669
11626,8628
11626,8345
21610,7791
44322,4824
57860,_
44143,8773
58661,9646
57860,9649
58661,4610
57860,6561
58661,5980
57860,8773
57860,4575
52005,4610
44143,6639
57860,5732
44143,9646
57860,5411
57860,6639
57860,9646
58661,4575
57860,4610
44143,_
57860,5980
44143,9649
58661,5411
57860,5423
52005,4575
65378,_
IT17,_
49520,5122
58152,7052
64772,310
32229,_
43259,4543
43239,8874
43259,4523
43259,4514
45385,8874
43259,4542
45387,4542
45387,_
15822,889
67840,870
15822,820
23397,8377
66861,_
57500,9971
36430,6712
57500,9903
10160,4685
44206,8601
10160,4525
45378,8601
44388,1735
10160,4610
44206,4525
44388,8601
10160,1735
62223,9357
16010,233
62223,8628
27828,7912
25611,7817
11740,3991
11740,3800
27290,8669
15756,8519
27290,8332
LO292,_
24362,8185
MS1,7789
MS1,_
59513,8544
19240,7499
59513,8543
27759,7810
27550,7760
27550,8309
27550,8345
27550,9820
11012,7976
27550,7710
27550,8302
27550,8339
27550,8628
INFLUENZA,_
99093,_
44604,7925
15740,8401
26952,8670
15740,407
20610,9903
57320,5733
57320,5831
52224,5784
57320,5823
67935,124
IJ459,_
59120,6813
58100,6549
59120,6711
29445,8388
25265,9353
29445,8382
58740,5671
11043,1623
67400,8345
27690,8628
11043,8375
27690,8345
21346,7760
21346,8309
21346,8345
21346,9820
21346,7710
21346,8302
21346,8339
21346,8628
FP011,_
27245,7789
27071,7935
27245,7785
62142,9820
11010,207
62142,8628
22802,7936
27535,8129
22802,7817
99360,9933
16010,4563
44120,9357
16010,4562
16010,4590
64836,3959
64836,8628
35207,430
11044,7780
27640,8907
99256,7780
27759,8147
20902,8907
27455,7800
27455,8907
99256,7737
20902,8147
27759,8907
99256,7800
20902,7737
31575,3893
27590,3142
31575,8628
31575,8345
36488,3142
31575,8417
61330,7859
12005,9357
12037,4563
14041,3121
31600,8689
28470,7925
50620,5980
50620,9649
50620,9646
47502,_
52310,5451
44180,5732
52310,5411
52310,5423
44180,5700
58350,5421
58350,6639
58350,6561
58350,_
46320,4912
46320,4911
46320,4824
EN185,_
28636,8411
28820,7819
36450,8414
27888,9901
36450,407
44391,4513
38505,4685
38505,4525
44008,5980
44008,5732
44008,5122
52325,5504
47600,4595
47600,4835
44152,5122
47600,4582
47600,4601
CS41,_
44950,4601
45330,4835
50860,5502
50750,5661
51040,5586
50040,5717
50860,5501
50750,5502
51040,5661
50040,5586
50860,5717
50750,5501
51040,5502
50040,5661
50860,5586
50750,5717
51040,5501
NSD01,9901
NSD01,6839
49000,5029
47362,5411
47361,3893
47362,5000
90935,5029
47362,3893
90935,5099
47361,3995
49000,5000
36488,5029
47362,5061
36488,5099
47362,3995
90935,5000
47362,5423
36488,5000
47362,5029
47361,5411
29065,8185
11752,3929
37700,3974
11752,9910
37700,8623
37184,3889
11752,3800
37700,3929
11752,8840
37700,9910
37184,8623
11752,3889
37700,3800
11752,3974
37700,8840
P0001,8628
P0001,8345
AQ612,_
68520,1692
67412,960
68520,1609
61315,8628
27506,8499
25526,7815
25526,8152
25526,7925
31625,7791
32035,3324
31625,3409
11010,8623
64760,4400
LO24,8309
LO24,8345
LO24,9820
LO24,8302
LO24,8339
LO24,8628
23331,9357
16010,8001
24350,8628
24350,8345
23650,7936
27823,7971
27758,7931
67722,_
15001,_
64836,7760
64836,8339
64836,9820
24000,430
64836,7710
64836,8309
64836,8012
64836,8302
21210,8628
11043,7809
21210,8345
61512,7760
61512,8628
61512,8345
11012,7955
27519,7710
27519,8302
27519,8339
24615,9353
29065,7982
ZS380,9933
ZS380,_
50660,8628
11043,5642
50660,8345
82933,_
50780,4525
58240,4685
58952,5674
32005,5671
76942,5760
50780,6880
27540,8302
15100,7939
27540,7760
27540,8345
15100,353
27509,8669
27540,7710
27540,8339
27540,7945
15100,9359
11012,353
27509,7939
27540,8669
27540,8309
27540,9820
15100,7945
43235,5294
43235,5188
38542,650
60271,4021
38542,639
26746,9820
26756,7923
26746,7819
26756,7933
26746,8309
16010,4639
66170,_
OS,1269
OS,1264
46257,8628
59157,_
27070,9357
EZ88,_
25355,7979
29065,7733
25355,7819
25355,9353
25525,7733
25355,7932
36710,_
23117,_
75680,8841
63596,1940
63596,2023
63596,_
45305,4850
45305,5760
45305,6849
44388,4594
01413,_
58740,5310
47600,729
51595,5423
51595,5411
27884,8609
16035,8415
27884,9357
16035,3995
10140,407
42420,8604
10140,2632
44140,8345
11043,4572
47000,4513
20827,7760
20827,8309
20827,9820
11012,8421
20827,7710
20827,8302
20827,8339
20827,8628
29358,7926
56261,_
11420,6813
58120,8630
11420,6711
11420,6909
44010,5423
44950,4501
44010,5411
49000,4501
44010,4709
44602,5425
32020,8544
19240,3409
32020,8543
58140,5419
58140,5425
25620,7933
25620,7923
11012,8212
26037,7710
11044,7945
20680,7945
62223,159
61120,299
62161,233
61120,127
61120,233
62161,124
62223,127
61120,159
27511,8669
44950,5061
47360,4709
44950,3886
BO82,_
45300,8672
46288,4824
45300,4973
56440,6829
58558,7123
56440,6816
56440,6909
58145,7123
NC119,_
44320,4513
44320,5421
57210,6849
44005,7071
57210,6561
57210,5459
35355,3818
11011,3110
63685,8696
20670,8152
20670,294
20690,9788
20680,7905
20670,9788
20690,7905
27503,7810
20670,7905
20690,7860
27503,294
20670,7815
27503,7760
27503,9788
20670,7925
27503,8345
20690,294
29405,8446
29405,8415
37099,7360
37099,7359
37099,_
31255,2239
59812,6849
58150,6902
59812,6561
20692,9971
36430,7810
20692,9903
31600,9604
36810,3121
31500,3993
36810,9604
31600,3993
31500,3121
68320,1289
65285,1044
31233,2211
31233,2121
49200,5310
49525,5423
28725,7939
28420,8113
28725,7809
33212,3121
36430,3781
33212,3893
36488,3781
33212,9971
31600,3781
33212,9903
61320,7710
61320,8302
61320,8339
58999,_
19357,8521
19120,8595
19120,8570
34812,_
76986,4601
76986,4869
45113,_
76986,4595
76986,4835
20225,8051
22214,7745
COMPLICATEDUTI,_
04410,_
08296,_
33780,3572
33780,3584
08290,_
OO410,_
08294,_
EO42,650
60271,_
EO42,639
06296,_
53400,5620
53400,5732
53400,9645
36781,125
36781,124
54690,5310
54690,5300
67400,7679
21407,1609
52332,5759
51020,5980
52332,5719
52332,9227
51020,5732
47300,4901
47300,4912
52332,5731
27329,8689
31575,4041
41135,3142
31575,2520
38038,9933
38038,_
77261,3893
77401,3995
36010,9925
77421,3995
77261,9925
64658,_
51040,5831
52234,3995
90935,5717
51040,3995
52234,5717
11040,7710
15220,7955
27519,8669
15220,7815
11000,9804
45332,8628
11000,4524
27516,9346
27175,7945
27516,9344
11307,7760
11307,8309
11307,8345
11307,9820
11307,7710
11307,8302
11307,8339
11307,8628
11440,2219
31238,8630
11440,2100
NSDO1,9933
27372,7925
26735,7925
27506,7934
26735,7815
26735,8152
27506,7924
52000,6561
51860,4709
51860,6909
58120,5781
44950,5781
36430,7111
56605,6561
56605,9903
59514,4709
44950,7499
67222,1459
11043,2450
41874,8345
23615,8444
23615,7840
11040,8192
11040,8396
11040,8191
11040,8394
65285,1239
43820,8839
43239,4439
43820,8754
75980,4439
43820,4514
12055,8309
12055,8345
12055,9820
12055,8302
12055,8339
12055,8628
29305,7810
11044,3886
20690,5061
47360,9351
29305,7760
47360,7810
29305,3886
11044,5061
20690,9351
29305,5061
11044,9351
20690,3886
25270,430
64834,8388
24101,8309
24620,8339
28645,8012
28666,8030
28810,7909
20680,7939
20900,7819
24101,7937
24620,7989
24635,8411
27756,294
28485,9788
28645,7800
28666,7710
20900,8309
24101,9820
24620,8669
27756,8030
28485,7939
28645,7819
28666,7815
28810,7925
20900,7937
24101,7860
24620,9788
24635,7800
28666,8339
20900,9820
15100,8030
24101,7909
24620,7939
24635,7819
27756,7815
28485,8152
28666,7989
20900,7860
11044,7800
24620,8302
28666,8669
28810,8012
20680,8030
20900,7909
24101,7925
24620,8152
24635,7937
27756,7989
27506,8411
28485,294
28645,7860
28666,9788
28810,7800
24620,8628
27506,8012
28485,8030
28645,7909
28666,7939
28810,7819
20900,7925
15100,7989
24101,8411
24620,294
24635,7860
27756,9788
28666,8302
24620,8030
24635,7909
27756,7939
28485,7815
28645,7925
28666,8152
28810,7937
20680,7989
20900,8411
24101,7800
24620,7710
20900,8012
11012,8030
24620,7815
24635,7925
27756,8152
27506,7937
28645,8411
28666,294
28810,7860
11042,7931
27310,8669
27350,7760
27350,8309
27350,8345
27350,9820
11012,7796
27350,7710
27350,8302
27350,8339
27350,8628
27507,7912
25611,7935
26075,7760
26075,8309
26075,7710
26075,8339
29409,_
40652,8309
40652,9820
11011,2759
40652,8302
40652,8339
YA,_
XA,1474
XA,1343
77761,8382
36450,8309
11011,9901
36450,8339
38760,8446
28220,8345
63307,8099
38381,4064
69420,1940
27590,8857
92982,8417
27590,3956
27590,66
93556,8417
SDO01,_
75989,4590
44140,8839
75989,4572
28030,407
36121,_
21244,8628
11000,7643
36450,9971
36430,9901
36450,9903
61684,3953
61552,201
27808,7936
27808,7817
16010,8364
46050,4873
80070,7360
80070,7359
80070,_
28200,3800
28200,9357
28200,3991
17210,_
12042,7955
27519,8659
12042,7815
22558,8051
22558,8129
07212,_
44960,4575
28820,5104
47480,8411
28820,5103
27566,7935
51860,9903
36430,5781
51860,9971
96408,8546
19200,9925
96408,8545
93655,_
11011,7972
21390,8152
27506,7679
21390,7925
27506,1689
21390,7815
88331,8309
88331,8345
88331,9820
11011,8908
36825,5498
90945,3993
25600,7852
24538,7902
11011,7852
11041,8332
61312,3409
12032,3959
12034,3959
35206,8659
11042,3959
25545,7939
26665,7932
25545,7814
11010,4709
27071,7860
27071,9788
20680,7789
27071,294
99256,5831
52240,9901
99256,5732
52240,8907
99256,5749
20900,8669
20900,8628
27507,7800
20900,3893
20900,8339
20900,7935
36488,7800
20900,8302
15100,7800
27507,3893
20900,7710
93510,3958
58952,9925
96408,5440
03210,_
ENDSCPY,_
43100,650
60271,4232
43100,639
69433,1940
69433,2023
67046,1341
36436,_
31231,9357
16010,2121
43840,3482
39501,4461
32020,4675
44604,3482
39501,4675
39501,4442
MS801,_
65135,1664
67583,1661
65135,1049
15951,9357
15951,8628
FP001,9959
FP001,9933
FP001,9929
SS524,_
43872,_
52000,5587
52000,5689
52000,5570
75756,8849
31288,2263
31255,2262
31237,2264
31288,2119
31255,2264
31288,2211
31288,2262
31267,2264
31288,2121
31288,2220
31267,2252
52450,5831
52234,5781
51860,6000
51860,5831
52450,5781
52234,6000
51860,5732
52450,5749
47900,5361
49560,5179
47900,5351
POO1,9933
POO1,_
62770,9933
63702,9959
62770,351
63702,9929
62770,9959
63702,_
99432,351
62770,9929
62770,_
35142,3995
90935,3848
21245,7925
28485,7925
27226,9346
BONEMETASTASIS,_
09212,_
48885,3995
09212,3995
48885,_
50650,5640
19182,8595
19357,8534
19182,8570
24545,9346
27175,7931
24545,9344
OO039,_
67904,8399
67906,833
67904,832
27511,7931
20956,7911
24400,3999
24160,9357
16010,8002
MC01,_
35665,3893
35081,3925
35665,3952
36488,3925
35665,3844
54550,6250
49525,6352
54600,6200
54550,6352
49525,6200
49525,6250
27265,7936
27535,7975
27265,7817
63011,8345
11043,4461
43840,8345
49505,3893
49585,3893
49505,5781
43235,6639
59409,4513
43235,7360
58600,4513
43235,7359
55101,8345
58740,6601
59150,6589
58740,5421
47600,5029
61334,5099
47361,5122
47361,1610
47600,5000
61334,5061
61334,5423
47361,1609
47600,1610
61334,5029
47600,5099
61334,5411
47600,1609
49000,1610
61334,5000
47600,5061
61334,5122
49000,1609
24500,4639
29065,7901
44130,9353
24500,4590
29065,4639
44130,7901
29065,4590
46221,4543
44393,4921
46221,4522
46600,4543
44393,4945
46221,4921
46600,4522
21215,8332
76942,5504
50081,_
76942,5503
76942,5521
44602,4029
44602,5641
50230,4673
44602,3807
44602,5551
27502,9357
49522,5459
11000,8284
11750,9357
16010,8623
35658,_
32035,3402
32035,3328
32020,7791
23410,8388
23410,8181
23410,8021
20605,8154
27447,8191
27447,8394
21554,_
43633,5423
43633,5411
FPOO1,_
50961,5700
BABYGIRL,7360
BABYGIRL,7359
51045,5459
44005,5719
27227,5423
49000,7935
27227,5411
52214,9901
69720,1940
69720,2099
69643,442
69720,1860
69720,2049
45355,9607
43241,4522
45355,4513
23075,8192
66850,1490
36488,5123
43305,3173
43305,4289
76942,9925
27519,7860
20680,7955
27519,294
27519,9788
38770,5980
38770,5732
36568,9608
43820,3893
44372,4439
43820,9608
36568,4439
27049,9357
27049,8628
35556,7935
27513,3929
35556,7815
55175,8309
55175,8345
55175,9820
11011,6149
55175,8302
55175,8339
55175,8628
17274,8630
27792,7810
11010,7796
14000,8659
12034,8689
27052,7760
27052,8309
27052,8345
27052,9820
11012,8035
27052,7710
27052,8302
27052,8339
27052,8628
28485,7904
26720,7937
77401,7091
77401,6999
27756,7818
11044,7818
45111,8628
11043,4869
45111,8345
27603,7860
12006,8016
27310,7789
28120,294
27603,9788
27603,8659
12006,7789
27310,294
28120,7860
20680,8659
27603,8016
12006,294
28120,9788
28120,8659
27603,7789
12006,7860
27310,9788
28120,8016
27603,294
12006,9788
29345,8147
27455,9353
29345,7737
27236,7815
27236,8016
27759,8016
31601,8628
31601,8345
27248,7760
27248,8309
27248,8345
27248,9820
11626,125
11626,4021
11626,160
11626,4040
67930,8628
67930,8345
26037,8041
26055,8181
23440,8212
29822,8301
26037,8082
29826,8212
26037,8301
26055,8375
26037,8181
26055,8212
23440,8301
29822,8375
26037,8021
26055,8041
29822,8212
29826,8301
26037,8375
26055,8082
36821,8309
11011,3929
36821,8339
36821,9820
36821,8302
36821,8345
26115,8332
43820,5132
26605,_
64831,8286
26548,430
26080,8172
26356,8014
64831,8251
26548,8286
26080,430
26356,8172
64831,8014
26548,8251
26080,8286
26356,430
64831,8172
26548,8014
26080,8251
32608,3421
46261,4685
45378,4939
92981,9901
90935,3606
92981,5502
36488,3606
92981,5501
50040,3606
92981,3893
36450,3606
92981,3995
96408,2263
31254,9925
96408,2219
32020,5631
52335,3409
32020,5522
77401,4011
38505,_
77261,4011
27828,7932
27828,7979
25525,7817
11043,8404
61619,1940
61619,2049
69643,212
61619,1860
61619,2099
69310,212
44188,4685
49425,4610
36488,5494
44188,4525
49425,4685
45378,5494
44188,3893
49425,4525
44188,5494
49425,3893
38700,6561
49000,4869
45111,5411
31500,139
61154,4311
43750,9604
31500,4311
43750,139
61154,9604
25530,7925
NJKBJK,_
24341,3482
24341,4675
11000,3482
32020,8388
44604,4150
24341,4461
38100,8388
24341,4442
43840,8388
24341,4150
38100,4675
44604,8388
39501,8628
24341,3409
11000,4150
39501,8388
11000,3409
64719,7760
64719,8345
25526,7935
27511,7819
27511,7939
49561,5440
29884,7760
29884,8309
29884,8345
29884,9820
11012,8040
29884,7710
29884,8302
29884,8339
29884,8628
59870,5423
59870,5411
NSD01,6949
NSD01,6941
24100,8031
23100,8012
27506,884
67961,7815
67961,8152
27506,8671
67961,7925
27220,7949
24101,7710
24101,8302
24101,8339
37204,125
61512,3880
37204,124
11750,8689
11720,9353
26735,8623
11012,8627
11750,7710
26735,8689
11760,8623
29075,8627
11750,7924
27692,8375
58661,9903
58600,5781
59513,5781
51860,7499
58180,5781
51860,6639
44111,5423
44111,5411
62180,1940
62180,2099
69645,220
62180,1860
62180,2042
11012,7855
27450,7710
27450,8302
27450,8339
27450,8628
21453,7815
21346,7925
25611,7675
21453,8345
21453,8152
21346,7675
21453,7912
21346,7815
27506,7675
21453,7939
21346,8152
11043,7675
21453,8628
21346,7912
CR017,4513
49080,5151
49080,8754
47620,5425
49080,5183
11043,4525
37618,4675
44605,3880
37618,4610
45305,4594
15820,884
67961,870
15820,8671
32650,3420
67110,1452
50978,5631
50978,5633
50978,8773
50978,9227
50978,9646
50978,9649
11000,7672
53514,_
28150,7939
23515,7789
28150,7929
NH261,_
99438,9933
99438,_
44125,4579
32020,4593
44160,4563
47610,8754
47620,8753
47610,5183
67036,1049
68320,1474
67036,1044
29358,7935
29358,7815
44605,9604
36488,6813
56620,3995
12045,7161
58100,8659
36488,6711
56620,3893
12045,3995
58100,7161
36488,8659
56620,6813
12045,3893
36488,7161
56620,6711
12045,6813
58100,3893
90935,7161
56620,8659
12045,6711
90935,7499
59513,3995
II248,_
14040,1060
CR017,4685
CR017,4525
10140,4563
90935,5642
50234,3995
23620,9359
23620,9353
27501,7949
50700,6529
44005,5689
50700,5423
50700,6561
49000,5689
50700,5459
50700,5440
58952,5689
50700,5411
25600,7710
12034,8016
59870,6829
59870,6816
27880,5419
90945,8415
27880,5498
49420,8415
52235,6029
52235,6373
29075,8662
80063,7360
80063,7359
80063,_
27566,7710
27566,8302
27566,8339
27566,8628
YO799,_
OO61,_
OO81,6902
59812,_
OO61,6902
OO81,_
JK802,_
EO9,_
23460,8071
23105,8196
23460,8011
37736,_
SO31,2188
30520,_
SO31,2150
SO31,_
08090,7360
08090,7359
CSO,_
63700,9933
36488,8446
90935,9353
36825,9353
27881,3893
36825,8415
27881,3993
90935,8446
36450,9353
27881,3995
36825,8446
52310,5502
50040,5700
11041,9357
35206,1371
66987,3959
35206,1341
67715,9821
65275,851
67715,1151
27687,8192
28060,8394
MAC50,_
BREASTCARCINO9,_
45317,4912
45317,4911
39501,4563
44120,3482
32020,4562
39501,4590
44120,3409
39501,4562
31631,3995
90935,3199
49566,4562
61320,331
15038,8345
27076,8628
15038,7769
27076,7760
15038,8628
27076,_
15038,7760
27076,8345
15038,_
90935,8154
27447,3995
90935,8147
27130,9820
11010,8151
27130,8628
09063,_
47248,3995
09063,3995
47248,_
58740,5361
49560,6589
58740,5351
51920,407
42420,5784
51920,2632
FFP01,_
FFP01,7499
FP001,7499
25270,7760
25270,7710
66984,1132
65426,1330
47605,5185
29075,7931
29075,7842
27604,8309
27604,8345
27604,9820
27604,8302
27604,8339
27604,8628
61609,3881
44204,4823
45321,1739
64834,7760
64834,7710
52310,8309
52310,9820
51860,5700
43325,4285
43239,4466
43325,4514
43239,4285
43325,4466
99256,5810
99256,5860
99256,6094
99256,8929
52601,8907
99256,5850
99256,6029
99256,6373
14040,2171
21315,8689
14300,2171
27880,8407
24350,8609
16035,8407
24350,8415
24900,8314
24350,8407
24900,8609
27880,8314
24350,9357
24900,8415
27880,8609
16035,8314
35558,7760
35558,8309
35558,8345
35558,9820
11012,3929
35558,7710
35558,8302
35558,8339
35558,8628
15220,8662
CR027,8628
CR027,8345
CR027,5732
CR027,5700
CR027,5850
52275,_
CR008,8628
CR008,8345
11000,6097
53852,8628
11000,6021
93552,_
46270,4523
45385,4911
45331,1735
31603,9814
31530,3110
31603,3142
11042,5349
49585,8628
11042,5341
SO121,_
36450,8201
26910,9901
36450,8403
11000,8201
26020,9901
36450,8401
61519,442
61595,125
61519,299
PROSTATEADENOCARCINOMAC,_
58700,6840
59525,6651
58940,6840
59525,6551
58700,7499
58940,6839
59514,6651
59525,6539
27598,8628
28022,8416
27880,8018
27598,8415
27880,8416
27598,8309
28022,8415
11000,8416
27598,8018
46040,4824
57452,5641
50546,7021
57452,5551
36488,5421
43653,8628
36488,4319
11000,5421
43653,3893
11000,4319
35621,3929
30130,2188
TO7,_
49080,5499
49322,5425
25620,7851
23480,7932
25620,7731
46210,4939
OO01,_
08032,_
76930,9903
76930,124
76930,9971
76930,125
27784,7925
27506,7926
49010,9971
49010,6869
58210,5423
49010,9903
58210,5411
49010,4030
26180,9933
12042,8689
72910,_
OO234,_
27510,7935
27510,7815
27381,8036
27331,8381
27381,8016
27381,9829
27331,8364
20902,7989
20660,7800
22326,295
20902,9359
22841,7929
22326,9359
20902,7859
20660,7929
22841,7989
22326,7800
22326,7859
20902,7929
20660,7989
22841,7800
20902,295
46945,7760
46945,8309
46945,8345
46945,9820
11012,4945
46945,7710
46945,8302
46945,8339
46945,8628
27506,3893
36488,7815
25575,8415
36488,8152
27880,7932
33206,3770
38102,4252
43234,4350
75820,3780
33206,8867
75820,3776
43239,4851
46606,4514
45395,4921
43239,4923
45395,4923
46606,4851
45395,4514
43239,4921
CR021,_
11043,124
II842,4685
II842,4525
II842,_
64897,450
28415,7936
27828,7939
28415,7817
69955,299
61591,442
61591,479
61591,450
RISKOFSEPSIS,9933
RISKOFSEPSIS,_
OA150,_
CKDS,_
27759,8669
61521,763
62165,125
61521,299
27025,7926
FP000,_
28825,7691
21175,8411
28825,7646
44950,4415
43605,4709
34203,7710
34203,8302
34203,8339
11450,8628
11450,8345
59514,8753
47610,7499
59514,5122
47350,4562
12042,_
12042,9971
12042,9903
08042,9933
08042,_
11000,8430
11000,8407
08062,9933
08062,_
11012,7949
27193,7710
55040,6270
55040,6230
58950,5423
27808,9353
29425,7909
23540,7981
23552,7971
23540,7771
49080,7925
24147,8345
49560,4525
45378,5351
49507,8907
49525,8907
57240,8907
99256,7051
61544,124
45355,1735
44202,4610
44206,4522
45355,4562
44202,4522
44202,1735
44604,9971
36430,4675
41874,9820
11010,2450
27784,8364
27658,7926
44125,4610
47120,4563
52336,5600
15050,7760
15050,8345
15050,9353
15050,8302
15050,8628
26410,8669
15050,8286
15050,8309
15050,9820
29075,8669
15050,7710
15050,8339
58510,7360
58510,7359
96402,_
46220,4912
46220,4911
46220,4921
46220,4824
27091,7760
27091,8309
27091,9820
27091,7710
27091,8302
27091,8339
27091,8628
59514,8345
55345,8782
55345,6999
55345,_
33977,3764
TH360,_
11740,9901
61320,8604
11740,125
36450,8604
11740,124
03420,6849
03420,6561
69501,1940
69501,2099
69641,2041
69501,1860
69501,2049
77421,4319
60254,_
43830,640
77421,3121
60254,4319
43830,4040
77421,640
43830,_
77421,4040
23101,8011
23101,8031
23101,8091
62142,125
61314,207
62142,124
47721,3893
36488,4439
58952,4610
44143,5440
58952,4575
44143,6529
NSD1,_
28020,7939
28505,8018
11010,7929
26474,8388
19110,5810
19110,5860
19110,6094
19110,8929
52601,8599
19110,5732
19110,5850
19110,6029
19110,6373
46911,_
58720,4575
20902,8192
25611,8394
25350,8396
29085,7800
20610,7912
20902,7733
25350,8191
29085,8192
20902,8396
25611,7800
25350,7912
29085,7733
20902,8191
25611,8192
25350,8394
29085,8396
20610,7800
20902,7912
25611,7733
25350,9353
29085,8191
20902,8394
25611,8396
25350,7800
29085,7912
20610,7733
25611,8191
25350,8192
29085,8394
26770,7989
26785,7974
26770,7984
63016,7769
22102,7739
22212,8129
63055,7769
63016,7739
22102,8129
22212,7859
63055,7739
63016,8129
22102,7859
22212,309
63055,8129
63016,7859
22102,309
22212,7769
22800,7739
63055,7859
15734,5361
49565,8332
49565,8669
49565,8382
58700,6200
54560,6651
47562,4563
47600,4639
47010,5123
44125,5122
47562,_
47600,4562
47010,4563
21495,7929
21347,8628
21347,8345
15200,8670
15574,8669
15100,8670
44322,3893
44322,3995
75980,5425
58825,5423
49000,6599
26608,4563
27760,9820
29075,7817
42500,8628
11043,2649
42500,8345
64704,8628
64704,8345
21386,7859
25575,7679
21386,7672
25575,7859
21386,7932
25575,7672
50175,6849
50175,6561
50175,6909
50175,_
58150,5310
49505,6561
24600,7719
23935,7972
24600,7712
00010,7430
00010,6602
03323,_
11043,8422
99256,7985
27156,9351
29325,8907
99256,7735
99256,9351
27156,8907
29325,7735
99256,7739
37000,_
27530,9353
27235,8309
27235,7710
27235,8302
27295,7760
27295,8309
27295,9820
11012,8418
27295,7710
27295,8302
27295,8339
27295,8628
59514,5781
50500,5641
38100,5581
50500,5551
50220,5581
11044,5620
11044,5732
52336,8345
62005,8345
62005,7931
62005,7760
62005,8339
62005,9820
24515,202
62005,7710
62005,8309
31600,4929
46614,3121
31600,4921
LIGATION,_
27511,7810
36810,9820
11010,3993
36810,8628
58145,6812
46005,_
21435,125
61304,7819
11752,8689
11762,8623
11752,8669
84491,6849
84491,6561
84491,_
35472,3950
14040,8382
36450,7749
20225,3409
36450,7745
32020,7749
20225,9901
32020,7745
11740,5423
49010,8604
11740,5411
36488,3805
34001,3893
34001,3995
36488,3802
44143,8339
11011,5411
11011,4610
44143,8309
11011,4575
44143,8302
28730,7760
28730,8345
28730,9820
11012,8114
28730,7710
28730,8302
28730,8339
28730,8628
11010,1151
49520,8599
11044,8047
27612,8345
28210,9820
11043,4823
45317,8345
49201,5361
49565,5440
49201,5351
II259,5749
II259,_
12013,125
12013,124
27752,7800
20962,7906
27752,3999
57270,7052
57270,7051
51050,8628
51050,8345
11010,2171
75940,3780
33208,3870
36488,3958
93510,3893
75665,3722
33875,8841
75665,3893
33875,3722
36488,8841
93510,3929
75665,3958
33875,3893
36488,3722
93510,8841
75665,3929
44206,5760
44206,6849
43234,5123
15738,7925
27506,8382
32151,8345
29881,8049
27442,8060
27442,8049
27442,8086
27442,8026
27425,8060
27442,8076
59509,_
44900,3893
36011,4575
36011,4720
49497,4563
44130,4563
15200,7791
19260,8669
15200,3440
43820,8345
57268,6859
57555,7092
57268,7050
58260,7092
57268,6740
44507,5310
44507,5300
44507,_
67987,1475
67987,1474
67987,_
60987,1371
60987,1341
14300,8544
14300,8543
12047,9788
12047,7760
12047,7860
27590,9788
20680,8417
12047,7710
12047,294
27590,7860
12047,8417
27590,294
46255,9933
28043,9820
28043,8628
27607,7860
66811,_
49080,8628
11043,5425
11000,4443
43255,8628
11000,4233
46250,8672
46288,4946
46250,4973
76942,9607
43241,_
47560,5123
64708,7760
64708,8309
64708,8345
64708,7710
64708,8302
64708,8339
11000,7150
56637,9901
11000,4030
36450,7150
56637,8628
36450,4030
29345,4675
49085,9353
47350,5492
43840,5061
29345,4461
49085,4675
47350,9353
43840,5492
29345,4442
49085,4461
43840,9353
44604,5492
29345,5061
49085,4442
47350,4461
44604,9353
29345,5492
49085,5061
47350,4442
52301,9851
50590,5641
66986,1371
66987,1370
66986,1341
25337,8345
55700,6097
53852,6011
55700,6021
22220,8099
63081,7739
NSD1,9933
21045,407
42420,7769
21045,2632
36340,9971
36340,9903
AO61,_
29075,8699
14350,9353
29075,7756
SO501,1289
SO501,1159
SO501,_
NJ185,_
11010,9351
ND01,9971
ND01,9903
61520,3121
27619,8345
12013,8199
44025,5424
11000,2263
31254,8628
11000,2219
59814,9971
36430,6959
59814,9903
45905,9805
45915,9623
45905,9638
08007,_
78922,_
78922,9041
78922,8909
03421,_
46083,4912
46083,4911
47010,5012
47010,5423
47100,_
47010,5411
20220,4513
45378,7749
20220,4685
43235,7749
20220,4525
45578,4341
43843,4429
43843,5372
39502,4495
43843,4400
43843,4469
67050,1699
66825,1343
26951,8669
27254,8339
27254,9820
36450,7985
27254,8302
27254,8345
27254,9901
11011,7985
27254,8309
27254,8628
33315,3711
33315,3961
60240,6813
58100,640
60240,6711
66982,1490
67041,1330
48100,8753
47610,5212
23500,9359
23500,9353
23530,7939
23530,7929
90737,_
65476,_
49060,4029
49060,5641
50230,5419
49060,3807
49060,5551
24430,8309
24430,8345
24430,9820
11011,7842
24430,8302
24430,8339
24430,8628
51920,4590
24920,8345
21470,7932
21470,8499
25526,7676
21470,7819
KZ370,_
29888,8191
20610,8145
29888,8394
29880,8145
29888,8396
51920,1879
69310,5784
69110,1860
51920,1829
69310,1879
69110,5784
51920,1860
69310,1829
23395,7760
23395,8309
23395,8345
23395,9820
11012,8377
23395,7710
23395,8302
23395,8339
23395,8628
44141,9971
44393,4341
43250,4543
44393,4233
44393,4530
43250,4522
08192,_
08242,_
44021,4680
49080,4680
44050,5425
44050,4502
42842,2899
21145,7646
21145,7691
40654,2752
12015,2759
41252,8659
40654,2551
12015,2752
41252,2759
40654,8659
12015,2551
44950,5293
43820,4709
36430,4439
43820,5293
43268,4439
43820,9971
43268,4709
44950,4439
43820,9903
27886,4639
44130,8415
27886,4590
24579,7760
24579,8309
24579,8345
24579,9820
24579,7710
24579,8302
24579,8339
24579,8628
61313,7710
61313,8302
61313,8339
11043,8071
23105,8345
27217,7979
27216,7939
27520,7989
26715,7909
27520,7922
46275,4543
46275,4835
46275,4542
46275,4823
46275,4836
27652,8345
27652,7760
38505,5502
38220,4011
50040,4131
38505,5501
38220,5502
50040,4011
38505,4131
38220,5501
11013,7760
11014,8302
11013,9820
11014,_
11013,8309
11014,8339
11013,3893
11014,7710
11013,8345
11014,8628
99256,4594
44145,8907
99256,4579
27511,9344
27511,8152
65093,139
61570,1631
65093,125
ECN83,_
27826,7933
27826,7923
26615,7817
CR011,_
27745,8309
27745,7810
27745,8339
27745,8302
NO59,_
CR027,7860
33535,3491
33535,3404
ZZ518,_
26597,8391
28666,8670
26442,8684
26597,7819
28666,8211
28666,8684
26442,7819
26597,8211
28666,8391
26442,8670
RO4,_
65286,1341
44603,5310
44603,5300
26951,9901
36145,8401
26951,3895
36145,407
60201,_
11440,8628
11440,8345
31575,2103
30905,3142
31575,2102
49496,6270
49496,6230
58558,7021
57454,6829
58558,6712
57454,6816
46258,4525
32006,_
32020,4530
31500,4533
76360,3409
47510,9604
32006,8838
43258,5198
31500,4341
76360,4530
47510,4533
32006,3409
43258,9604
32020,8838
31500,5198
76360,_
47510,4341
32006,4530
26480,8256
12057,7760
12057,8309
12057,9820
12057,7710
12057,8302
12057,8339
26615,8499
25526,7923
29075,8403
44125,4709
44950,4639
27822,5784
51920,7819
26746,8212
49080,4639
44130,5425
27822,7938
28525,7819
47560,9903
28600,8309
28600,8345
28600,9820
11011,7979
28600,8302
28600,8339
28600,8628
27724,8302
27724,8339
27228,8345
12001,7936
27826,8659
12001,7817
99256,4610
61313,7935
12481,_
61130,212
31256,2080
69421,2219
31256,2009
KK648,4685
KK648,4525
KK648,4513
KK648,_
FE22,_
47000,4443
43255,_
32551,3491
32608,3491
58150,5671
58150,6880
58150,4850
49021,5459
44205,5411
49021,1739
44205,5423
44005,5491
49021,4562
49021,4593
44205,5459
25546,8302
25546,8345
25546,7932
25546,7760
25546,8339
25546,9820
25545,_
25546,7710
25546,8309
25546,8628
25546,_
17110,3995
17000,3995
31526,3143
31541,3142
31526,3009
47605,9901
82067,_
80969,7360
80969,7359
80969,_
15757,8401
26952,8660
15757,407
27511,7905
25028,7760
25028,8309
25028,9820
25028,7710
25028,8339
25028,8628
27244,7860
31500,4513
43235,9959
62270,4513
43235,9929
43235,331
99432,4513
43235,9604
43235,9933
61304,242
47600,5253
44186,5296
48145,5122
44186,4150
47600,5296
44186,5122
48145,4639
44186,5253
58120,5440
12034,8364
49582,5440
32002,4685
45378,3404
49525,4590
49525,5411
49525,4563
49525,4562
66983,1239
66680,1319
67039,1490
67027,1424
67041,1472
67039,1479
67041,1479
67027,1490
67041,1424
53442,9769
33510,8843
HOO14,_
27310,8086
29877,8016
27310,8026
11042,3409
32151,8628
11042,3310
27536,8381
27536,8364
23415,8041
23415,8183
64831,9357
16010,430
99256,8446
11100,9353
27881,8907
99256,8611
11100,8415
11100,8907
27881,8611
99256,8415
11100,8446
27823,8199
27454,4709
58150,7735
27454,6849
44950,7735
27454,6561
28024,8146
27405,8018
44800,5440
49507,4533
44800,5310
49255,4533
44800,5300
49060,5151
47564,5419
49060,5123
51525,5310
49505,5719
51525,5300
EXLAP,5029
EXLAP,5099
47361,_
EXLAP,5000
EXLAP,5061
EXLAP,_
26942,_
17305,8630
17305,_
10120,9933
32664,529
67107,1475
67025,1449
67025,1455
67107,1471
67025,1452
23466,8345
52276,5504
50392,5521
50392,5850
50081,5512
52276,5503
50392,5504
50081,5850
52276,5512
50392,5503
52276,5521
43235,6849
43235,6561
MPCO1,_
21172,7932
25575,1689
66984,1231
EI109,_
26262,8401
26952,7769
26262,407
84032,_
08212,9933
08212,_
28476,7929
23515,7818
27524,7939
28476,7936
28476,7810
27524,7818
23515,7810
27524,7929
28476,7939
20692,7818
11000,3803
44050,5310
49507,4680
44050,5300
11040,7929
27386,8309
27386,9820
27386,8302
27386,8339
27386,8628
11752,7934
11752,7924
61520,8628
61520,8345
29065,8192
29065,8396
29065,8191
29065,8394
26600,8192
26600,8396
20605,7903
26600,8191
26600,8394
AA183,4685
AA183,4525
AA183,_
HY259,1371
HY259,1330
HY259,_
25611,7859
27640,7935
27513,7780
27640,7815
AQ099,_
31588,7760
31588,8309
31588,8345
31588,9820
11012,3169
31588,7710
31588,8302
31588,8339
31588,8628
50610,5310
49505,5620
50610,5300
12046,8309
12046,8345
12046,9820
12046,8302
12046,8339
12046,8628
24410,7732
43312,9929
43312,9959
99432,3173
HOO9,_
11421,8382
26770,7925
15822,8689
14060,870
15820,8689
48140,4029
48140,5641
50230,4150
19180,8546
19200,8541
19180,8545
25426,7803
26720,9359
29058,7904
26720,9353
12031,8309
12031,9820
12031,8339
19367,3479
45378,5749
52234,4685
45378,5831
52234,4525
49505,4542
45384,5310
49505,4523
49505,4543
45384,5300
26502,9820
11010,8271
26502,8628
989/1,_
26591,8309
26591,9820
11011,8289
26591,8302
26591,8339
26428,7710
26428,8302
26428,8339
26428,8628
27846,7977
27840,7902
25560,9353
29065,7989
29075,7977
27846,7902
27840,9353
25560,7989
29065,7977
27840,7989
25560,7977
09959,_
09959,9604
09959,9901
22845,7789
33253,3733
26105,8030
24101,8034
26105,8012
26110,8030
24101,8014
26110,8012
23540,8031
29815,7971
23540,8021
33533,3514
33427,3528
33464,3611
33533,3524
33533,3528
33427,3611
33427,3514
21454,9820
43235,8753
47610,4513
43235,5122
ECB99,_
59819,_
43840,5641
50225,4442
33212,3780
33201,3781
33212,3774
49521,5810
49521,5860
49521,6094
49521,8929
33506,3699
77401,8611
77261,8611
61150,125
62272,139
62200,331
31603,220
61514,3893
62272,125
62200,139
31603,331
36488,220
61514,3110
61150,3893
62272,124
31603,139
36488,331
61514,220
61150,3110
62272,3893
36488,139
61514,331
61150,220
62272,3110
62200,3893
61514,139
61150,331
62272,220
62200,3110
27409,7986
27409,7819
11041,8076
11041,8016
65246,_
26641,9820
08292,_
LARYNGEALENDOSCOPY,_
29345,9971
36430,9353
29345,9903
41252,8628
11043,2551
47480,5122
61154,7860
20650,139
61154,7810
61154,9344
20650,124
66983,1254
65850,1319
44186,4685
49320,4639
44186,4525
44186,4514
44186,5421
49320,4514
58561,8782
58345,6812
58561,6999
58555,8782
58555,6999
11401,5349
11401,5341
23412,8375
SO660,_
67210,2080
69421,1454
67210,2009
67027,1459
67108,1472
23412,8031
CN185,_
29065,8175
29846,9353
29065,8083
11043,3110
31600,4041
41145,8345
52335,5810
36145,5850
52335,8929
36145,5522
52335,6029
36145,6094
75940,3848
49507,7499
35454,3950
49585,5151
47564,5341
22595,8129
45309,4685
93543,4542
45378,4823
93543,4836
45309,4525
93543,4685
93543,4835
90935,4836
45378,8857
45309,3995
93543,4525
93543,4823
90935,4835
45378,4836
45309,8857
93543,4543
90935,4823
IO179,_
35221,5440
49507,3959
35221,5310
49255,3959
35221,5300
61870,293
50040,9649
00951,_
77421,3893
24331,8185
24331,8399
32000,6849
58150,3491
32000,6561
27759,8382
12042,8388
15933,7760
15933,8309
15933,9820
15933,7710
15933,8302
15933,8339
10140,8309
10140,8302
10140,8339
LO31,8628
LO31,8345
67840,1371
66987,820
24546,7935
27513,7842
34111,8345
99432,2559
41112,9929
41112,9959
99432,2510
41112,9933
57510,6739
58120,6769
57520,6732
58120,6720
57510,6769
57510,6720
47600,4675
49255,4675
32020,5122
39501,5440
39501,5122
47600,3482
47600,3409
49255,3482
58740,5674
50780,6589
99256,4575
44143,8907
44143,4572
44140,4575
93510,3995
33533,3722
43235,3611
93510,4685
33533,3995
43235,3722
45378,3611
93510,4525
33533,4685
45378,3722
90935,3611
93510,4513
33533,4525
90935,3722
93510,3611
33533,4513
11044,9829
11000,4851
45395,5781
51860,4851
45395,8628
11000,5781
51860,4610
21480,9820
11010,7693
21480,8628
58920,6561
58920,4709
44950,6522
58720,6522
49225,_
43260,5294
43264,5110
43260,5188
27507,5423
27507,5411
33305,3749
33305,3961
61304,379
63741,124
50542,5534
50205,5423
49000,5524
50205,5411
50770,5675
84241,_
HI10,_
43235,4929
46614,4525
43235,4921
45378,4929
46614,4513
11010,3110
69502,2150
30520,2041
69502,2161
69502,2188
30140,2041
69502,2169
61304,3995
90935,9041
89221,3995
90935,8909
58943,4030
58951,6651
58943,6529
863/3,9971
863/3,9903
863/3,_
59120,5419
39501,5061
47350,3482
27659,7760
27659,8309
27659,9820
62072,_
47720,9971
36430,5132
47720,9903
58925,5419
58925,4030
58925,5425
58960,6529
11044,4901
11044,4912
46060,8345
11010,7702
12014,7932
31600,6529
58952,3121
31600,6561
58952,3995
31600,5440
50040,4620
52000,5423
44310,5501
11009,9933
81027,9959
11009,9929
81027,9933
11009,_
81027,9929
11009,9959
81027,_
58740,4613
44144,5425
49255,4579
58740,4610
44144,6589
49255,4613
58740,4579
49080,4613
44144,5440
50940,5686
24666,9353
45562,8345
11044,4879
45562,7760
45562,8628
11044,4800
57200,9971
57200,9903
28820,7810
27756,8411
20692,8411
45330,9971
45330,9903
P0000,3892
31600,9933
25905,8314
25905,9357
24920,8405
25020,8407
25905,8628
24920,8314
25905,8407
24920,9357
25905,8345
24920,8628
21450,8628
21450,8345
65805,1371
66987,1291
65805,1341
27786,9357
27808,9357
43230,4542
21920,8628
11043,8321
21920,8345
58100,6589
52005,6711
58100,5980
58740,9649
58740,6711
58740,8773
58100,9646
43235,4823
45320,4513
11402,5310
11402,5300
82060,_
08206,_
11040,8609
16035,8630
16040,8609
33976,3766
35582,3925
50130,5980
52337,5511
50130,5631
75984,3893
52310,5711
51010,5700
31237,1940
31237,2099
69641,2121
NA89,_
26055,8076
27334,8301
26055,8016
55175,6270
55110,6149
55175,6230
54520,6149
55175,6100
FP001,6601
FP001,5421
58720,7430
59121,6561
58720,6602
49565,5411
49565,5423
15740,7929
15740,7819
27766,8670
09062,_
09092,_
09102,_
27524,7934
27524,7924
IO100,_
23931,8309
23931,8345
23931,9820
23931,8302
23931,8339
23931,8628
43239,5123
47562,4514
50810,9933
50220,4610
44141,5551
50220,4442
43840,5551
50220,4461
52336,3995
52336,3893
22554,8345
11044,8129
22554,7760
22554,8628
11044,8051
27792,7807
49525,4639
40234,4685
40234,4525
40234,_
92981,66
92982,3723
93531,3606
92980,66
92981,3723
92982,3606
93531,66
92980,3723
FB001,_
47000,4610
44141,_
47000,4572
PO70,_
32663,9933
43244,9901
93555,3780
33207,8850
93555,3776
33234,3777
57415,4979
57415,7079
46746,9817
57415,4879
57415,5849
27645,7925
45170,4850
45110,4835
45170,4610
49250,6561
75953,3893
25820,8126
26028,_
49420,6551
69502,2219
31240,2041
58600,5440
59513,6651
58943,6639
59513,4011
58943,7499
58600,4011
59513,5440
BN082,_
49525,6270
24530,7760
24530,7710
22114,7789
22325,8129
22612,7929
22114,309
22325,7769
63047,7989
22114,7859
22325,7789
22612,7769
63047,7929
22114,7989
22114,7929
22800,7989
22325,7859
63047,7769
22114,8129
22800,7929
22612,7859
22612,7989
29425,8047
44005,4851
45395,5459
60254,8309
60254,9820
11011,4040
25455,7823
12024,_
49502,4563
11011,9359
49080,4850
45110,5425
49080,7491
59100,5425
49080,6800
29358,7939
29358,353
33720,3539
33720,3961
67320,1590
67334,1550
67320,1513
43247,3121
61154,9803
43247,139
43247,124
45330,4869
45114,4525
27881,8309
27881,8302
27881,8339
11011,8446
DDX,_
27652,8309
27652,9820
11012,8149
26952,8699
14350,407
25490,7979
25520,7813
25490,7902
26650,7933
26615,7814
26650,7923
32498,_
33233,3786
58951,6869
58210,6639
58661,4030
58661,6869
58951,6639
58661,6529
33207,8867
11043,7976
CR017,8628
CR017,8345
76942,5294
43264,_
76942,5188
47000,8345
11043,4442
47000,4461
03240,_
48510,4513
48140,5201
48510,5253
43234,5201
48510,4150
51920,6551
58940,5784
51920,6539
26433,7760
26433,8309
26433,8345
26433,9820
11012,8284
26433,7710
26433,8302
26433,8339
26433,8628
27720,7760
27720,8309
27720,7710
27720,8302
27720,8339
42182,5423
36010,2761
42182,5411
36010,5423
49000,2761
42182,3893
11000,640
60254,8628
11000,4040
44146,5423
44146,5411
61700,9901
61314,3951
61314,9901
36450,3951
27646,8382
15738,7767
27646,8111
27870,8332
27646,8669
27870,7767
15738,8111
27646,8332
27870,8382
19101,6849
36450,8511
19101,6561
58150,8511
19101,9901
49010,3995
24495,8405
25900,3803
28805,8411
28810,8332
49560,5411
24670,8628
24670,8345
46275,4993
31628,3249
32100,3327
31628,3402
32480,3327
31628,3328
11040,711
11040,730
60545,8628
11040,5440
11040,729
28615,8036
28112,8628
28112,8345
27218,7989
25574,8989
51860,7932
27217,5781
25574,7989
51860,8989
27218,5781
51860,7989
27217,8989
27218,7932
25574,5781
51860,7939
32020,5151
32020,8754
47620,3409
32020,5183
27759,8199
12002,9353
29065,8659
24145,8309
36821,3805
43300,3040
38720,4289
31395,4040
43300,640
38720,2940
31395,4289
43300,4021
38720,4040
HH360,_
51040,5631
51040,8773
51040,9649
50957,5717
51040,5539
51040,5633
51040,9646
67050,1330
65265,1474
67039,1402
65265,1424
28296,7760
28296,8339
28296,9820
27254,7738
11012,7759
58100,3409
32020,6813
32020,6711
65105,9933
63015,8345
63251,340
25675,7931
24546,7909
25675,7842
16035,3110
11044,3893
31603,8609
59812,6769
57720,6902
59812,6761
11041,7702
OZ302,_
21315,7939
23515,2171
21315,7929
38100,5061
47350,3409
44314,5423
44950,4641
44314,5411
49000,4641
44314,4709
28060,8309
28060,8345
28060,9820
11011,8344
28060,8302
28060,8339
28060,8628
18913,4590
18913,4572
18913,_
46750,7360
59409,4979
46750,7359
26145,8662
11000,8684
26121,8233
11000,8235
26145,8684
11000,8233
26145,8235
36430,4590
44140,9903
58950,6551
58950,4011
09052,9933
09052,_
49255,5498
49420,5440
49255,3995
90945,5440
36488,6099
55859,3893
26115,9933
27403,7925
27892,9357
29365,7925
28715,7760
28715,8309
28715,9820
11012,8112
28715,7710
28715,8302
28715,8339
28715,8628
23515,9353
11011,8365
21360,7934
26735,7672
21360,7924
10120,8388
24341,8605
43235,4912
43235,4911
45380,4912
45380,4911
11043,8849
12004,8848
75710,8659
11043,8848
12004,8849
27880,8848
44125,4685
45378,4563
44125,4525
44143,4639
44125,4575
28606,7819
31622,8314
11044,3324
25905,7760
31622,8405
25020,3324
31622,7760
61314,3409
45380,1735
67112,1475
67051,1449
67112,1474
52317,5733
52317,5831
52224,5700
52317,5823
CR027,9041
CR027,8909
23720,8181
23412,_
23720,8021
23720,8363
23720,8041
23720,_
27130,8192
27130,8396
20610,8151
27130,8191
27130,8394
27350,7860
51525,5810
51525,5860
51525,6094
51525,8929
51525,5732
51525,5850
51525,6029
51525,6373
25076,8628
23455,8041
29826,8182
23455,8363
23410,8182
25150,7860
45378,4399
43621,4685
43235,4399
43621,4525
58661,1940
58661,2099
69641,6561
19342,8541
36450,8839
75984,9901
36450,5512
61526,233
52612,6310
49495,5732
52000,6310
52612,5732
49495,6029
52612,5310
66994,1699
66825,1266
49321,4685
49321,4525
64771,403
35646,3925
44055,4590
49611,5349
27792,7977
27840,7817
29075,8314
25270,9353
25270,8314
25023,9353
25270,407
15936,7985
NH288,_
32440,9933
27513,8016
27540,7925
27540,7815
27540,8152
27506,353
69662,1929
27792,7937
12015,7760
12015,8309
12015,9820
12015,7710
12015,8302
12015,8339
28240,8309
28240,8628
11011,8211
28240,8659
28240,8339
28240,9820
12042,8211
28240,8302
28240,8345
55120,8628
55110,9824
12042,6100
55120,8345
12042,9824
55120,8659
11043,9824
55120,6100
55110,8659
57506,_
52007,4879
52310,5633
45562,5980
45562,5700
52007,6561
52310,6849
58150,4800
45562,8773
58150,5700
45562,6561
52007,6849
52310,4800
58150,4879
45562,5633
45562,9646
45562,6849
52007,4800
52310,4879
58150,5633
45562,5732
45562,9649
52007,5700
27760,7760
27760,8309
27760,7710
27760,8302
27760,8339
44602,5419
45378,4673
44602,4685
49020,4673
44602,4525
23174,7939
23515,7702
23174,7929
97605,_
58700,6859
57250,6651
58700,7071
58260,6651
58700,7052
10160,4029
38555,8601
28170,_
08204,_
10160,9971
36430,8601
10160,9903
58720,7071
58720,7052
29065,8662
27507,7810
20670,9901
27507,9901
20670,7935
27507,8152
67120,1490
67041,1672
44300,5425
44300,5421
49320,5425
27524,7986
11000,7945
26852,7760
26852,8309
26852,8345
26852,9820
11012,8127
26852,7710
26852,8302
26852,8339
26852,8628
29305,7749
20225,9351
29305,7745
OO39,6813
OO39,6711
51920,8544
19240,5784
51920,8543
26715,7760
26715,8309
26715,8345
26715,9820
11012,7922
OO31,_
28570,8628
28570,8345
11406,7760
11406,8309
11406,9820
11406,7710
11406,8302
11406,8339
12013,7902
12032,7902
10032,_
08302,_
31575,640
50610,9646
27253,9820
11010,7985
90935,3781
33212,3995
19101,7360
59409,8511
19101,7359
43415,8628
11043,4282
43415,8345
43261,8753
47605,5214
43261,5122
99432,4029
38555,9929
38555,9959
99432,3991
38555,9933
29065,479
64718,9353
29065,460
75736,8849
63003,8628
11043,309
25611,7860
27218,9344
99256,7912
27250,7939
20650,8989
25611,8907
99256,7810
99256,8989
27250,8907
27218,7860
20650,7939
25611,8989
27218,8907
99256,7975
25611,9344
27218,7912
99256,7939
27250,8989
20650,8907
27218,7810
20650,7912
11041,7925
29405,8152
11041,8152
29405,7815
11041,7815
38724,8907
99256,4021
11010,3491
58552,6561
07560,7360
07560,7359
07560,_
57507,_
46262,4959
99502,9933
99502,9052
CR029,_
43254,_
61305,3893
47600,5104
15240,8546
15240,8545
44820,5122
66999,1269
66999,1264
44187,4513
44187,4685
44187,4525
32603,3422
61720,9230
27685,9353
27394,9353
29870,7936
27535,8026
65710,1371
66987,1162
65710,1341
36568,4252
36568,4429
36568,4241
36568,4350
49321,5732
49321,9646
50953,5424
49321,5522
49321,5980
49321,9649
52335,5424
50953,5522
49321,5631
49321,8773
POO3,9933
POO3,_
11011,8005
67930,9820
11010,881
25900,7925
CZ370,_
26842,8129
26842,8175
21505,_
62005,9971
36430,202
62005,9903
11041,5310
11041,5300
36430,8154
27447,9903
27880,9359
27509,8415
27880,7945
44620,8345
25620,7833
25391,7932
25260,7937
28485,8388
28200,7937
27705,7840
27705,7807
27705,7936
57120,9971
36430,7080
57120,9903
99132,9933
99132,_
99256,5641
50220,8907
99256,5551
35102,3818
35355,3844
35355,3847
ER861,_
25574,8382
26785,7909
27520,7984
27556,4800
45563,7986
27556,4610
27556,4879
45563,7819
21182,7646
21182,7769
21182,7809
90935,4643
12001,3895
32000,8659
44143,3491
44345,4575
36145,4643
12001,3995
32000,3895
44143,8659
44345,3491
36145,4610
12001,4643
44143,3895
44345,8659
36145,4575
12001,4610
32000,4643
44345,3895
36145,3491
12001,4575
32000,4610
44143,4643
44345,3995
36145,8659
32000,4575
99432,4620
44210,9929
44210,9959
99432,4581
44210,9933
22426,3995
12021,3995
22426,_
59513,8309
59513,9820
11011,7499
59513,8302
59513,8339
23330,8628
23330,8345
19240,3479
19271,8544
19240,3440
19271,8543
23532,3402
32110,7981
23532,3349
23532,3409
32110,7771
28615,9353
28615,7938
27685,7860
44394,4613
44144,4513
44394,4579
43235,4613
44394,4513
44144,4542
44394,4610
58952,4563
58240,4639
44125,5440
58952,4850
44125,5760
20902,8060
29870,7800
20902,8036
29881,7800
20902,8026
27607,9971
36430,7710
27607,9903
29450,7760
29450,8309
29450,7710
29450,8302
29450,8339
04106,_
89082,7499
04106,7499
89082,_
49522,5411
15650,8382
15732,8674
15650,3121
15650,8669
31600,8674
15650,8332
43200,4685
46257,4223
43200,4946
43200,4525
46257,4685
45378,4223
43200,4939
82062,_
96408,2220
10500,_
62272,160
61500,331
52318,5749
11043,8233
47600,5021
47300,5423
44950,5021
47300,5411
49000,5021
47300,4709
47300,5122
27892,7760
28052,8628
11043,8018
28052,8345
44389,4590
49320,9903
44204,9971
44389,5421
44389,9903
36430,5421
49320,9971
44389,1739
44204,9903
44389,9971
36430,1739
44389,4513
XZ599,8628
XZ599,8345
XZ599,_
AAAAAAAAAAAAAAA,_
95378,_
EI43,1475
67025,_
EI43,1471
EI43,_
50770,4563
44202,5675
50770,4590
44202,4563
44120,5675
50770,4562
60240,8544
19240,640
60240,8543
36010,3121
36011,8345
36010,9901
36010,8345
36010,8628
43268,4685
45378,5293
43268,4525
21346,1623
67400,7939
21346,1609
23700,8444
23616,9326
23700,7931
43830,5459
44005,4319
56501,6639
58661,7180
56501,6561
15756,8630
11646,8332
46936,9622
45303,4949
46936,4823
58120,7252
59411,6909
25611,7901
24545,9353
24500,7931
24545,7912
24545,7901
24500,7912
45331,5440
45331,4709
58943,4525
45331,6651
45331,4011
45331,6551
ZZ246,9933
ZZ246,_
27613,8628
11462,5850
52275,8630
11462,5732
67923,835
67908,843
67923,833
26070,7934
26735,8013
26070,7924
45317,4945
96408,8606
62362,9925
96408,390
28820,7925
44560,_
27227,7860
27227,7985
27254,7860
12002,5641
48545,8659
12002,5551
50220,8659
12002,5295
54161,5411
29065,6400
47360,3409
54161,3886
49000,6400
54161,3409
29065,3886
54161,5423
32020,6400
47360,9353
54161,5061
47360,6400
54161,9353
32020,3886
29065,5061
12001,7979
25520,8659
36430,4823
45317,9903
26952,7933
47760,5151
43262,5499
47420,5185
47760,5104
43262,5151
47420,5499
47760,5185
43262,5104
22845,3770
33207,7859
22845,3780
33210,7859
22845,3776
33460,3961
33120,3514
33460,3733
33460,3514
65880,1289
65285,1234
65880,1159
08039,_
43246,9607
43241,4311
43246,4513
55520,5421
49650,6330
92002,_
58120,7071
58120,7052
11040,8669
11040,8332
40700,2080
69421,2754
40700,2009
29877,8319
27333,8026
27422,8016
27333,8147
29876,8319
27422,8026
66930,1289
65286,1319
66930,1159
45905,5310
49505,9623
45905,5300
06292,_
82983,_
65286,1359
67105,9933
08208,_
43341,4254
66999,1299
66995,1269
66170,1299
66995,1264
24498,7749
20225,7850
45385,4590
44140,4523
44140,4543
45385,4572
27756,7925
COLONCANCER,_
59150,6849
28130,8309
28130,9820
11011,7798
28130,8302
28130,8339
28130,8628
43620,4575
43840,4610
44143,4442
43620,4461
43620,4610
43840,4399
44143,4461
43620,5411
43620,5423
43840,4575
44143,4399
43620,4442
25500,7906
29345,7902
29065,7906
63046,8628
11042,309
23490,7760
23490,8309
23490,8345
23490,9820
11012,7851
23490,7710
23490,8302
23490,8339
23490,8628
12032,125
26770,8659
61312,7974
12032,124
26770,125
12032,7974
26770,124
11041,8036
77401,3402
32100,_
77401,3328
PO00,9933
PO00,_
61531,293
25575,7912
61521,3121
49080,3482
44602,4675
44602,3482
44602,3409
39501,4673
39501,5425
44377,4685
44377,4525
12002,3780
33208,8659
12002,3772
33095,5423
33095,5411
33095,_
10060,3491
32002,8604
10060,3404
38120,5423
38120,5411
49540,9933
55100,5423
49000,6100
55100,5411
45382,4912
46285,4523
51590,5749
52235,5779
51590,5831
46080,9622
46080,4823
36640,9607
43241,3891
36640,4513
43239,5810
45385,5850
43239,6029
45385,6094
43239,8929
52601,4523
47510,3893
49010,4514
47510,5423
49010,5198
47510,5411
36488,5198
20824,7760
20824,8309
20824,8345
20824,9820
20824,7710
20824,8302
20824,8339
20824,8628
NA100,_
CR0250,_
43855,4400
43855,4450
44140,8309
44950,8339
44140,9820
44604,4590
11011,4709
44140,4675
44950,8302
11011,4572
24650,9357
16010,7902
36430,4639
44130,9903
44130,9971
12042,8403
12042,8401
51010,6270
54520,5711
51010,6230
11042,8604
11042,7781
29075,7783
76942,3460
76942,3421
76942,3409
29856,7819
29856,8029
16010,8303
27497,8303
27301,8314
27301,9357
57020,7000
22843,7760
22843,8309
22843,9820
22843,7710
22843,8302
22843,8339
22843,8628
44005,7491
59100,5459
44005,6800
45378,4594
45563,4525
44207,4685
44207,4879
45378,1739
45563,4594
44207,4525
44207,4800
45378,4879
45563,1739
45563,4685
44207,4610
45378,4800
26608,9829
BO19,_
31575,3110
31605,3142
31531,3110
31605,9814
31575,9814
99256,5980
52332,8907
66505,1371
66982,1211
66505,1330
15100,407
51565,4620
44155,5760
51565,4582
51565,4869
44155,5674
24685,8072
24685,8012
26665,9353
29075,7814
31395,8345
25600,9357
44322,5425
30507,2220
30507,_
55041,6270
55041,6230
49588,5123
45385,4233
67010,1264
67010,1269
33405,3772
58925,6639
22842,7800
20902,7789
58540,6849
58150,6949
58540,6561
25575,7949
49440,_
43241,5423
58300,3995
90935,6970
31603,8382
27506,7691
21172,7815
21172,8152
21172,7925
44140,5349
49587,4572
66983,1474
67036,1319
61519,9971
61519,9903
76930,4525
76930,3893
76930,4610
76930,5423
45331,_
76930,5411
64896,450
90935,6839
58180,3995
28800,125
61312,8412
28800,124
22224,7789
22224,7859
20615,8192
20615,8396
20610,7840
20615,8191
20615,8394
27814,7935
ISCHEMICHEARTDISEASE,_
AA062,_
SDD01,_
44144,9971
36430,4613
44144,9903
27245,7805
27170,7935
27245,7775
09902,9901
09902,7360
09902,7359
09902,_
P0000,8659
12013,_
93540,3723
93531,8849
93539,3723
27244,8989
27218,7936
27759,8989
15240,7974
26676,8669
15240,7814
58561,6639
58561,6561
48154,5423
48100,5136
91924,8544
91924,8543
91924,_
10060,5411
HO45,_
06410,6849
58152,6639
06410,5950
06410,6639
58152,_
58600,5950
06410,6561
58545,9971
58545,9903
36488,8382
15734,3893
36450,8332
15734,9901
21184,7646
21184,7769
21184,7809
26727,8403
26910,7819
62269,8345
10160,8192
10160,8396
20605,8601
10160,8191
10160,8394
65265,1289
65285,1402
65265,1159
55000,5310
49500,9929
55000,5300
55000,6310
49500,6191
HERNIA,5349
49587,_
HERNIA,5341
HERNIA,_
11000,8414
11012,8047
27612,7760
27612,8309
27612,9820
11012,8385
27612,7710
27612,8302
27612,8339
80975,7360
80975,7359
80975,_
OO10,6849
OO10,6561
OO10,_
27244,7817
57135,6902
59812,7033
28270,9353
21421,8628
36488,7673
31601,3893
12031,3121
11042,7672
21421,7859
31601,7673
12031,3893
25515,3121
21470,8659
11042,7676
21421,7672
36488,7859
12031,7673
25515,3893
21470,3121
21365,8659
36488,7672
31601,7859
25515,7673
21470,3893
21365,3121
21421,7932
36488,7676
31601,7672
12031,7859
21470,7673
21365,3893
11042,3121
21421,8659
31601,7676
12031,7672
21365,7673
21421,3121
31601,7932
12031,7676
25515,7672
11042,7673
21421,3893
31601,8659
12031,7932
25515,7676
PO32,9933
PO32,_
21070,7760
21070,8309
21070,8345
21070,9820
11012,7631
21070,7710
21070,8302
21070,8339
21070,8628
11040,7926
47605,5294
27507,9788
27507,294
11044,7852
24538,9353
15100,7814
15100,7974
26676,7710
21445,7859
41874,7676
21365,2450
21445,7672
41874,7859
21445,2450
41874,7672
23665,9359
23665,9353
44320,4613
44320,4579
66993,1266
66993,1490
27499,9820
27499,8628
OZ309,_
27329,8036
26545,7760
26545,8309
26545,8345
26545,9820
26545,7710
26545,8302
26545,8339
26545,8628
07881,7360
07881,7359
07881,_
24102,7760
24102,8309
24102,8345
24102,9820
11040,8382
22101,9933
27828,9353
47562,4542
44960,4195
39501,4709
44960,3409
44960,3482
44960,4143
38115,4709
36488,7901
24500,7932
27507,7901
24500,7935
27244,7901
24500,3893
25575,7901
28505,7936
28505,7817
24900,7760
24900,8309
11012,8407
24900,7710
24900,8302
24900,8339
27424,8049
NN139,_
88520,_
29837,8041
29837,8082
44208,4876
45402,1739
45402,4610
44208,1736
45402,4594
36450,5504
50080,9901
36450,5503
36450,5521
BREASTCARCINO9M,_
55700,5810
55700,5860
55700,6094
55700,8929
52601,6011
55700,6029
55700,6373
49900,6561
59350,5459
58180,6941
59350,6839
44005,6941
59350,6561
11044,8609
11000,8609
37609,8345
24545,479
24545,460
61107,9933
15940,8628
43640,4461
43840,4401
43640,4442
26770,7929
44160,4590
44140,4593
44160,4572
65285,7760
65285,8309
65285,8345
65285,9820
11012,1159
EO39,_
10120,9357
16010,8605
26375,8309
26375,8345
26375,9820
26375,8302
26375,8339
26375,8628
26375,_
53000,7759
59612,5800
53000,7360
28600,9353
29405,7979
28600,7760
27826,8302
27826,8628
27826,7815
43235,8839
75980,4513
43235,8754
33510,3491
32002,3611
33510,3404
92982,3722
92982,4685
93510,66
92982,4525
58240,6529
58952,6880
44602,4850
58952,5671
44602,6880
58240,4673
44602,6529
44602,5671
58952,5760
58952,4673
44602,5760
36488,4923
45100,4525
44322,4923
45100,3893
15738,4639
11426,4842
11426,8382
45397,8669
15738,8630
11426,4595
15738,4842
11426,4851
45397,8332
11426,8669
45397,8630
15738,4595
11426,4639
15738,4851
11426,8332
45397,8382
55530,9824
42825,6310
54115,2820
55530,6492
42825,9824
54115,6310
55530,2820
42825,6492
43622,4685
43622,4525
43622,4513
15100,7938
28525,8669
45395,4685
44125,6849
44125,6561
25023,8332
NEPHROPATHY,_
37002,_
58702,_
27808,8199
27442,8036
27418,8147
27245,7847
29870,7935
27418,8036
27245,8147
29870,7847
27442,7935
27418,8026
27245,8036
27442,7847
27418,7935
27245,8026
32000,3721
93508,3491
32000,3639
45327,_
30140,2220
31267,2169
30140,2119
30140,2262
31267,2161
58956,4709
58956,6849
58956,6561
58956,_
IM800,_
69436,2150
30520,2001
69436,2219
69436,2188
31254,2001
69436,2263
27524,125
61304,7936
27524,124
82920,_
27499,8319
27422,8314
27499,8147
82082,_
27365,7925
43244,4590
44140,4341
43244,4525
44389,4572
44389,4341
43244,4572
44140,4233
27507,8036
58920,4610
58920,4613
36488,6522
58920,4579
44144,6522
58920,3893
47741,4450
43860,4673
47741,4389
44602,4450
43860,4439
44602,4389
49521,5411
61708,3952
25675,7860
20680,7909
25675,9353
25675,9788
25675,294
26011,9820
11011,7719
26011,8302
26011,8339
10600,9971
10600,9903
10600,8628
49587,5122
36430,1475
67025,9903
11043,8344
27450,8345
11044,7735
15738,7860
LO88,_
61312,7810
20692,125
20692,124
43820,4563
P0001,4590
32020,4439
44120,_
43820,3409
P0001,4562
58140,9357
16010,6829
58140,8628
11044,2271
30580,7760
11044,2239
30580,8345
22600,7769
NN19,_
36450,4429
43639,9901
36450,4350
44314,5361
49566,4641
44314,5351
OZ570,_
NSD01,8630
BO7,8630
27499,7760
27499,8309
27499,8345
27499,7710
27499,8302
27499,8339
11762,7934
26765,8627
11720,8669
11762,8627
11720,8689
11762,7924
11640,9199
11640,8908
27520,8036
67049,1330
24545,7911
24545,7732
19160,5423
19160,6551
24576,7760
24576,8309
24576,8345
24576,9820
24576,7710
24576,8302
24576,8339
24576,8628
21343,9820
21343,8628
59513,7759
59612,7499
25491,8345
51860,8152
44322,4685
59409,4610
44141,7359
44141,7360
59409,4572
44050,4562
44120,4680
28420,7925
28420,7815
28420,8152
47612,8754
47620,5136
28008,8303
25020,8303
21627,7841
28465,7760
28465,8309
28465,8345
28465,9820
28465,7710
28465,8302
28465,8339
28465,8628
CR0388,_
EO55,_
47480,5499
47760,5103
44620,4542
27580,8309
27580,9788
27607,7810
15738,8122
27580,7760
27580,294
15738,9788
11012,8122
20680,8332
20692,8382
27580,8669
27580,8628
27607,9820
15738,294
20692,8122
27580,8332
27607,8382
27580,8339
20692,9788
27580,7810
27607,8122
27580,8302
27607,8309
20692,294
27580,7860
27607,9788
15738,7810
15100,8122
20680,8382
27580,7710
27607,7760
27580,9820
27607,294
20680,8122
27580,8382
27607,8669
27580,8345
27607,8332
29345,9604
31500,9353
29075,9604
43840,4143
38101,3409
38101,4442
50392,5502
50040,5512
50392,5501
11000,3952
35151,8628
11000,3848
51550,5781
44140,5781
51860,5760
29887,8145
29887,8036
29887,8026
29888,7719
29887,8076
35601,3929
28615,8114
28735,7989
28615,7738
27130,9346
27175,8151
27130,9344
66984,1372
27884,7760
27884,7710
25574,7817
23515,7949
23515,7975
27193,7929
12006,8388
24341,8659
20520,2181
15572,8302
15572,7936
15572,8309
15572,9820
15572,7710
15572,8339
27758,8670
15572,7760
15572,8345
59513,8659
35840,7499
35840,8659
12034,3806
12034,7499
59513,3806
29434,_
24665,7813
25490,7783
61312,7499
43235,5179
47712,4525
43235,5169
44389,5179
47712,4513
44389,5169
45383,4610
45305,4513
45305,4685
43235,4824
45305,4525
59514,8630
11042,4685
11042,4525
36556,3491
90938,3491
36556,3995
90938,3995
11012,2188
30520,7710
30520,8302
30520,8339
30520,8628
27591,8309
27591,9820
27591,8302
27591,8339
27591,8628
36430,9625
52260,9903
51913,_
27756,7934
58545,8782
58545,6999
66987,1289
11042,9346
27175,8628
11042,9344
12035,7760
12035,7710
11043,4594
44146,8628
44146,8345
29405,7934
29405,7924
65900,1289
65285,1240
65900,1159
51920,6813
59514,5784
51920,6711
58100,5784
51920,7499
11000,7984
44314,5459
44005,4641
44960,4641
25620,7902
25600,7932
96408,1292
65815,9925
96408,1291
23490,7934
26735,7851
23490,7924
45378,5502
50040,4525
43235,5270
90035,_
49320,6639
25000,9357
16010,8301
54200,9929
51050,6097
53852,5719
51050,6021
66982,1472
28540,7936
27792,7979
28540,8345
28540,8669
28540,7819
27822,7817
28540,7760
28540,7817
27822,7979
28540,8628
11042,8662
11010,8128
90933,_
NZ370,_
24670,7760
24670,8309
24670,9820
24670,7710
24670,8302
24670,8339
51920,4029
51920,5641
50230,5784
51920,3807
51920,5551
44950,5719
51050,4709
33600,3510
96408,9929
77421,3712
33025,_
77401,3712
28420,8302
28420,8339
28420,8628
49522,5423
P0000,5310
58600,3995
90935,6639
29898,8345
11052,9933
47510,4513
43235,5198
15850,8321
24100,_
15850,8012
15850,_
15200,8382
15200,8332
58605,_
23405,8041
29836,8181
29826,8342
23405,8072
29836,8021
23405,8181
29836,8342
29826,8072
23405,8021
29836,8041
11424,6849
11424,6561
43239,4341
43244,4514
15820,833
67904,870
15822,833
44310,5440
49255,4620
69970,299
61591,7769
69970,2049
69970,2630
69970,442
99543,_
99543,9933
21345,7809
21366,7909
26685,479
64721,7984
AO99,9971
AO99,9903
AO99,3995
99195,_
36450,7989
27217,9901
36450,7939
34151,3806
34151,3891
41116,9933
92935,_
IS,_
28307,7738
28485,7809
28307,7937
28485,7738
28307,7809
27320,8401
63045,7710
63045,8302
63045,8339
11011,125
28810,8192
28810,8396
20610,8411
28810,8191
28810,8394
12005,7702
36458,8309
57300,8345
59120,8782
58345,6549
59120,6999
20690,8036
27331,7810
20690,9829
20690,8016
27310,8036
43112,4685
44300,4242
31622,4429
43112,4514
44300,3324
31622,4685
45378,4242
44300,4429
31622,4514
45378,3324
43112,4525
44300,4685
31622,4262
45378,4429
43112,4610
44300,4514
43239,3324
31622,4525
44300,4262
31622,4610
43112,3324
44300,4525
31622,4242
45378,4262
26735,7931
24546,7924
37186,_
27877,_
AAAAAAAAAAAAAA,_
50208,711
50208,730
60650,_
50208,5421
50208,729
50208,_
13366,8544
19162,_
13366,8543
13366,_
38724,1940
67880,2049
42410,2099
69643,4021
33207,3606
92980,3780
92980,3776
49509,4673
44391,5423
49000,4543
44391,5411
49000,4522
72240,8721
49320,4461
43840,5421
49320,4442
27244,9353
29065,7935
27244,7842
96410,_
27181,9971
27181,9903
28090,8628
28090,8345
58100,9971
36430,6711
52606,5810
52606,5860
52606,6094
52606,8929
99935,_
40940,2759
40510,_
40940,2743
40940,_
31750,8628
11043,3179
31750,8345
55110,6340
54840,6100
55110,6320
44055,5440
49201,4680
58951,5459
47010,9971
47010,9903
11010,8030
58120,6551
58940,6909
58120,6539
38747,9971
38747,9903
SO13,_
45398,_
40490,2759
40527,2723
40490,2743
27826,9357
11043,5349
49605,8345
25301,8388
11043,6200
55110,6200
11043,6392
54700,8345
55110,6392
11000,8989
27535,7912
LOWBACKPAIN,_
19365,8541
19340,_
19365,8543
19180,_
19365,8553
43235,8192
43235,8396
20610,4513
43235,8191
43235,8394
43246,5498
75989,5503
50081,8839
75989,5700
75989,5504
52332,8839
75989,5732
75989,5521
52310,8839
75989,5980
GASTRITIS,_
63199,309
63199,329
90935,639
11012,9901
44143,5781
44605,4575
51550,4675
44605,5781
44605,5760
44143,4675
51860,4575
62464,125
61305,126
61305,390
61305,159
33415,3539
27334,8191
27334,8394
69502,2211
31237,2041
69502,2121
26034,8628
26034,8345
27238,9820
49502,5423
49502,5411
29405,7984
24160,7860
44140,4673
44602,4572
27514,9351
29305,7815
36800,9971
36800,9903
42180,9971
36430,2761
42180,9903
40654,8192
40654,8396
20610,2759
40654,8191
40654,8394
29880,8345
AA169,_
26600,7949
27786,7929
27766,7906
27786,7819
55535,8309
55535,8345
55535,9820
11011,6310
55535,8302
55535,8339
55535,8628
44143,5310
49505,4575
29085,7904
31605,3169
31605,3164
57284,5423
49200,7079
49010,5440
57284,5411
49010,7079
57284,5440
49520,5850
49520,6029
49520,6373
12002,7939
28420,8659
12002,7809
46005,5423
46005,5411
46005,4709
11470,4912
11470,4911
11010,7923
69000,407
42415,1809
69000,2929
19110,7934
51920,8599
26735,5784
19110,7924
51920,7934
26735,8599
19110,5784
51920,7924
BZ370,_
37615,7760
37615,8309
37615,9820
37615,7710
37615,8302
37615,8339
36450,6949
59513,9901
36450,6941
58520,9901
50280,5423
44005,5539
49200,4709
50280,5411
44950,5539
50280,5440
49200,5539
50280,4709
49000,5539
50280,5459
28003,9971
36430,8314
28003,9903
59513,5369
59513,5359
49900,5459
49900,4709
44950,5461
44005,5461
58600,5361
49560,6639
58600,5351
25574,8669
37760,7932
25574,3880
MCP01,7759
14040,8332
12002,8332
28805,8659
28805,8689
11730,9357
52332,5760
51550,5980
52332,4575
51550,5732
16916,_
59120,9901
36450,6549
94943,_
20690,9357
16040,7810
20690,8630
50220,5784
27220,7925
12053,8309
12053,9820
12053,8302
12053,8339
51040,4709
44950,5717
11041,479
64721,7908
11041,460
28510,479
11041,7908
28510,460
47480,4709
44950,5104
44950,5103
32270,_
15931,7760
59462,5423
59462,6551
59462,_
27828,5423
27828,5411
29065,3459
32320,9353
29065,3451
24354,7719
11042,8314
24354,8628
24354,8314
27786,9353
29358,7906
27752,9353
98221,9041
98221,8909
98221,_
36830,3805
34490,3993
36830,3409
32020,3993
34490,3409
36830,3803
32020,3805
51990,5950
29891,_
29882,_
29891,8076
29891,8147
44180,6589
58661,5451
44180,6639
58740,5451
36568,8314
27892,8417
27590,407
25031,8345
52300,5620
MM800,_
10253,_
29075,8284
26432,9353
29075,7859
49560,5421
49650,5351
50081,5310
49505,5503
49505,5521
21015,9199
88331,8339
21015,8908
29345,7800
20692,9353
20692,7800
20902,8669
43239,5349
49585,4514
43239,5341
61000,9933
62230,9959
99432,109
61000,242
62230,9929
61000,9959
62230,109
99432,242
61000,9929
57872,_
29355,7925
27391,8313
23310,_
46050,8309
46050,9820
11011,4901
46050,8302
46050,8339
27590,9971
27590,9903
24515,8499
25526,7931
24515,7819
43840,9971
27665,8345
25248,8605
10120,7702
38010,_
52310,8799
20690,125
20690,124
51010,5781
58150,5711
51010,6849
51860,5711
51010,6561
44322,8345
44322,7760
44322,8628
11044,4525
31603,8659
12032,3110
50760,9607
43241,5675
50760,4513
44255,5459
44255,5423
44255,5411
44255,_
93532,3723
65285,1642
OH9,_
11044,7702
JH001,_
46917,4939
27235,7939
23515,7905
27235,7929
47600,7939
23515,5122
47600,7929
23575,7939
23515,_
23575,7929
23575,_
27750,7949
27894,8628
27894,7760
MZ370,_
29345,9346
27175,9353
11012,5029
11012,5099
47361,7710
47361,8302
47361,8339
47361,8628
44005,6549
44312,5310
49525,4641
44312,5300
29851,7819
29851,8026
26587,9933
58822,6561
58150,6591
58822,5411
58822,6849
58822,5423
23239,_
52614,6270
52614,6230
27792,9903
47605,5198
76930,3995
69310,8669
29085,8286
26951,359
63709,407
65860,5419
65860,5425
49080,5700
52310,5425
49080,5732
46705,4643
44346,4979
46705,4642
43820,4610
43840,4439
44320,4461
43820,5459
44005,4439
44320,4442
43820,4461
44320,4439
43820,4442
47562,3121
61526,5123
47562,125
61526,3121
31600,5123
47562,124
11043,1289
33548,_
30801,2860
38510,639
43235,4835
15260,8630
52332,5902
38510,4040
38724,4011
38510,4021
38505,8630
15756,4011
38505,8669
11606,4011
38505,8332
43830,4041
41135,4319
43830,2520
67917,1623
67400,844
67917,1609
82034,_
36450,7902
25560,9901
OO680,_
PO09,9933
PO09,_
OI821,_
36488,8394
P0000,3402
68115,1292
68115,1473
65810,1031
68115,1291
68115,1472
42425,8628
11042,2632
31603,4292
26037,7934
26735,8212
26037,7924
58900,5423
44005,6512
58900,5411
49000,6512
58900,5459
58951,4613
58100,5521
44144,5620
58100,8773
44144,9645
44144,6813
50575,4579
58951,4610
58100,4613
44144,5521
58951,5631
58100,5732
44144,8773
58951,9649
50575,6529
44144,6711
50575,6813
58951,4579
58100,4610
58951,5620
58100,5631
58951,9645
58100,9649
44144,4030
50575,5440
50575,6711
58951,6813
58100,4579
50575,4613
58951,5521
58100,5620
44144,5631
58951,8773
58100,9645
44144,9649
50575,4030
58951,6711
67405,2211
31237,1609
67405,2121
27077,7760
27077,8309
27077,8345
27077,9820
27077,7710
27077,8302
27077,8339
27077,8628
65093,1692
67412,1631
65093,1609
35226,7929
27766,3959
35226,7819
50075,5512
50075,5587
50075,5689
50400,5501
50075,5570
36430,5674
50785,6539
50785,9903
28525,7934
26735,7938
28525,7924
MM100,_
26352,8345
26352,7760
26352,8628
35634,_
44010,9933
27420,8345
27497,8147
27420,8314
90931,_
43850,4450
15740,7935
27513,8670
15740,7815
25520,7672
44188,5419
44188,9971
45331,5419
44188,9903
49420,4610
49080,4030
44390,4513
10140,8411
11040,8604
28820,8604
10140,7760
31578,3110
31603,3009
II101,_
27814,7989
43239,4946
43239,4835
45170,4514
46255,4514
66987,1372
66985,1341
52310,9903
58558,8782
46250,6816
45300,6829
58345,6909
58558,4946
45300,6999
45300,6909
58345,4946
58558,4824
46250,6999
45300,8782
58345,6816
46250,6909
58345,4824
46250,8782
45300,6816
45300,7150
45562,4824
44143,4800
56637,4879
44143,4030
44143,4879
56637,4575
45562,4030
44143,7150
56637,4824
45300,4800
56637,4610
45300,4030
45562,7150
56637,4800
45300,4879
45562,4575
68810,_
36011,9820
90993,_
27816,7760
27816,8309
27816,8345
27816,9820
27816,7710
27816,8302
27816,8339
27816,8628
52640,5732
52640,5831
25350,8129
25830,7733
25350,7780
47563,3893
49000,5749
52235,5423
49000,5831
52235,5411
31256,1940
30520,2042
69645,2188
31256,1860
30520,1940
31256,2099
69645,2150
30520,1860
31256,2042
30520,2099
69645,2219
11040,7631
41155,8382
12002,125
12002,124
36460,_
49650,7499
49522,5122
49522,4709
10140,7791
19260,8604
10140,3440
25490,7925
12012,7760
12012,8309
12012,8345
12012,9820
12012,7710
12012,8302
12012,8339
12012,8628
27187,7933
26615,7855
27187,7923
12044,3991
12044,3800
27380,7860
27472,9344
27506,8364
27759,7805
27380,7925
27472,8152
27380,9344
27472,8364
27506,7805
27380,8152
27472,7936
27380,7936
27472,7810
27759,9344
20650,8364
27380,7805
27472,7815
27759,8364
20650,7805
27380,7815
12044,1840
12044,881
12044,2181
12044,2751
41805,2752
65091,2499
41005,1639
41252,2700
41805,2551
65091,2752
41005,2499
41252,1639
41805,2700
65091,2551
41005,2752
41252,2499
41805,1639
65091,2700
41005,2551
27329,7935
27329,7815
29950,_
90935,7860
20670,3893
11010,5717
20670,3995
20670,5717
11423,7360
11423,7359
NII9,_
50080,3409
43235,5151
47620,4513
43235,5183
21421,125
61312,7673
21421,124
67228,9933
36011,5620
36011,9645
62361,7360
59409,390
62361,7359
67220,9933
36510,1425
67220,3892
SO17,_
IO829,_
32020,5104
47420,3409
47605,3409
32020,8753
28111,7760
28111,8309
28111,8345
28111,9820
11012,7751
28111,7710
28111,8302
28111,8339
28111,8628
51920,8753
47610,5784
51920,5122
EXCISIONBIOPSYSTERNALMASS,_
58152,5440
58952,5950
76930,9933
43239,4620
47720,4439
44310,5132
44310,4439
43239,5132
43820,4620
47720,4514
47720,4620
44310,4514
SO18,2751
11000,881
SO18,8628
12052,_
11000,1840
SO18,2181
SO18,881
SO18,1840
11000,2751
SO18,8659
27760,9353
11000,7909
27760,7989
27846,7909
23500,7989
29405,7909
28505,9353
61314,7901
46230,4542
46080,4543
45385,4946
46230,4959
46080,4523
46230,4543
45385,4959
46230,4523
46080,4542
44625,7860
20670,4590
27503,8309
27502,8036
27503,9829
27502,7936
27503,7710
27513,8036
27503,8339
27502,9829
27503,8016
27513,9829
27524,7905
27513,8152
27503,8302
27502,8016
27503,8036
27506,9829
27331,8152
27503,7936
27331,7905
45378,4533
44110,8907
99256,4500
44110,4525
36488,8396
11000,3995
36488,8191
20610,3893
11043,7800
CR019,6829
CR026,6909
58558,_
CR019,6816
CR026,6816
CR019,6909
CR027,1879
CR027,1829
11000,4824
21436,7760
21436,8309
21436,8345
21436,9820
11012,7809
11012,7950
21436,7710
21436,8302
21436,8339
21436,8628
BO12,_
49561,4709
44140,5351
49561,5411
49561,4590
44140,5361
44950,5361
49561,4572
31520,9933
36430,7430
59136,9903
50010,4610
44340,5501
50040,4643
36430,5502
50010,5459
44340,3995
36430,5501
50010,9903
44340,9971
50010,4643
44340,5502
50040,9903
26479,7901
29065,8255
26479,8628
25575,8255
26479,7760
26479,7932
11044,8255
26479,9353
11044,7901
24500,8255
26479,8345
44310,5349
49605,4620
44310,5341
LO89,7860
43248,4513
96408,9607
43241,9925
96408,4513
65710,1475
DSGS,1162
65710,1474
DSGS,1475
67051,1162
65710,_
DSGS,1474
DSGS,_
AO999,_
29840,8175
29845,8023
29846,8033
29840,8073
29845,8083
29840,8023
29845,8033
29840,8083
29845,8175
29846,8023
29840,8033
32400,3491
32002,3424
32400,3404
98140,_
CC859,_
22612,7749
20225,8129
22612,7745
47721,5423
47721,5411
25076,6829
69910,1940
69910,2099
69643,2079
69910,1860
52334,5810
52334,5860
52334,6094
52334,8929
31600,4563
44125,3121
31600,4639
31600,4562
44140,3952
35162,4590
36450,3840
35162,9901
44140,3840
36450,3952
35162,4572
35021,3893
36488,3845
90935,7691
21175,3995
90935,7646
66987,1689
65782,1341
47840,_
64857,7760
64857,8309
64857,9820
64857,7710
64857,8302
64857,8339
11000,8073
11000,8013
SO532,1289
ENDSTAGERENALDISEASE,_
27511,7840
27511,8444
47605,5425
54520,6352
54620,6352
54600,6230
23600,8192
23600,8396
20610,7901
23600,8191
23600,8394
29425,8192
29425,8396
29425,8191
29425,8394
26432,7934
26735,7859
26432,7923
26746,7859
26735,8284
26432,7933
26746,7924
26746,8284
26432,7924
26746,7934
31603,7932
11042,3110
27590,4513
43255,8417
27590,4443
43255,4513
43235,8417
27590,4233
43611,5022
44140,4342
43611,4590
47120,4342
43611,4572
31605,8628
32020,3110
42720,3409
31600,9199
88332,3121
31600,8908
24586,7932
24665,7929
24586,7783
45300,4850
45000,4824
45112,5419
45300,4840
45000,4850
45112,4824
45300,5419
45000,4840
80200,_
93531,8857
93556,3606
93531,3956
92980,8857
93556,3723
93531,8843
96408,5310
49525,9925
96408,5300
61795,2188
30520,9239
61795,2150
33213,1371
66987,3787
33213,1341
49255,4525
11012,8289
26591,7710
44160,4685
45378,4593
66180,1269
66170,1699
66180,1264
66761,1274
66710,1212
66761,1273
OO995,_
GLUTIALABSCESS,_
11012,8456
27488,7710
27488,8302
27488,8339
29345,7809
20956,9353
29345,3999
29305,8095
25545,8499
01967,_
65275,1479
67027,1151
EI41,_
ED59,_
49507,5784
57510,6813
58100,6732
57510,6711
27758,9903
27334,9903
AA162,_
11011,8405
36488,5351
CR1368,_
47716,5139
59140,6651
59140,5423
59140,5411
21337,2181
21337,8659
32020,5375
39503,3409
27380,8036
27380,8016
27380,9829
80092,_
27827,9820
27827,7929
27827,7810
27827,8309
OZ300,_
57310,5843
43840,7760
43840,8309
43840,9820
11012,4442
44207,5459
32000,4443
43255,3491
32000,4233
33465,3712
33015,3528
44207,4543
45383,4514
43239,1739
22810,8099
63085,8129
22810,309
44388,4639
69421,2263
12011,9933
54620,6100
52281,5850
52281,6310
55041,5717
52276,6310
52281,5717
51040,6310
52276,5717
45378,5440
49420,6651
58943,5461
15240,3893
15732,3040
31365,3893
31365,8669
36488,3040
31365,8332
15240,3040
43326,4466
43326,4469
77401,4610
77401,4572
47610,9755
47610,5188
43269,5122
45385,4613
44144,4543
45385,4610
45385,4579
44144,4523
31622,5423
49000,3324
31622,5411
28576,7819
49080,5760
27822,7859
27822,9359
27822,8199
25260,8314
31500,4461
43840,9901
31500,4442
36450,4461
43840,9604
36450,4442
37618,2181
47562,3893
36011,5123
88332,5641
50220,9199
88332,6561
24065,4685
48100,8321
45378,5212
24065,4525
48100,4685
45378,8321
24065,5212
48100,4525
31575,2219
31238,3142
31575,2100
11043,8412
11012,8041
29826,7760
29826,8309
29826,9820
11012,8021
11012,8181
29826,7710
29826,8302
29826,8339
29826,8628
KE785,_
31710,9605
27880,9933
MN399,_
26418,9353
29075,8014
26080,9353
26418,8014
22210,8628
11043,7739
22210,8345
36825,8314
24495,3993
46255,7760
46255,8309
46255,9820
11012,4946
46255,7710
46255,8302
46255,8339
61312,9353
26615,124
26685,125
61312,7933
26615,125
26685,7923
61312,7984
26685,124
61312,7923
66982,1289
66982,1200
65235,1371
66982,1159
28470,7939
23515,7907
28470,7929
29075,7901
23600,7902
25560,7901
28005,8309
28005,9820
28005,8302
28005,8339
BREASTNE,_
36430,7759
59612,9971
P0000,7360
P0000,7759
59612,9903
25574,884
67961,7932
25574,8671
44180,8628
11043,5451
44180,8345
49560,4590
49560,4563
15757,8382
15400,8660
15757,8665
15400,8382
36450,9804
45379,9901
36450,4523
33610,3799
26055,9357
43235,8604
10060,4513
03432,7759
03432,7360
03432,_
20970,7906
27758,3999
27750,8670
20970,7936
27758,7906
27750,3999
24635,7932
27758,7809
27709,8345
MO820,_
58950,5419
58952,5425
55860,6000
61304,5423
44850,5461
49900,5475
50630,9851
43830,2211
31237,4319
43830,2121
93510,5749
33535,5831
52240,3722
93510,3613
33535,5732
93510,5831
33535,3722
52240,3613
93510,5732
33535,5749
OO33,_
44204,4685
44143,1739
31600,4590
44204,4610
44143,3121
31600,4525
31600,4575
44204,3121
31600,4685
31600,4610
45378,3121
31600,1739
44204,4575
39501,3491
32002,3482
39501,3404
27520,7936
27520,7817
06240,7360
06240,7359
06240,_
21343,3991
35761,7929
21343,3800
44393,4514
43239,4522
49496,5440
99432,5300
49200,6310
49496,9929
49496,5423
99432,5440
49200,9959
49496,5411
49200,5300
99432,6310
49200,9933
49496,9959
49200,9929
28022,8314
11040,8018
28002,8018
44314,4620
44322,4641
44314,4610
44322,4709
44310,4641
44314,4525
31605,2211
31605,2121
31237,3110
47612,4639
44130,5151
47612,8907
99256,5459
99256,5136
44130,8907
44005,8907
47612,4590
99256,4639
44130,5136
27111,8377
P0001,4572
44145,4610
11400,8544
11400,8543
44345,5459
44005,4643
27695,8309
27695,8345
27695,9820
27695,8302
27695,8339
27695,8628
47350,7925
44960,8152
47350,4709
44960,7815
47350,8152
44960,5061
27506,4709
47350,7815
44960,7925
27827,7932
40831,8345
40527,7760
40527,8309
40527,8345
40527,9820
11012,2743
32020,4252
31820,4350
ED461,_
66995,1474
67049,1266
CC7,_
50575,5749
52234,5620
50575,5831
52234,5521
52234,9645
32151,5411
44050,9929
14323,4542
14323,_
26080,8699
14350,8014
26080,7756
27193,7979
27033,7949
27216,7975
27193,8015
27033,7909
27033,7975
27216,8015
27033,7979
27216,7949
19020,8544
19240,8500
19020,8543
OO034,_
45382,4443
36488,4523
22670,_
54332,6250
49561,4563
49561,4562
10060,8382
11402,8669
FDSF,8604
11402,8332
FDSF,8382
FDSF,_
43234,5310
45330,4513
49522,4525
43234,5300
49522,4513
27125,9357
50983,_
99432,4252
99432,4429
43117,9929
43117,9959
99432,4241
99432,4350
43117,9933
27405,8036
23540,7939
23540,7929
27540,8016
27540,9829
27331,353
27540,8036
79403,_
28505,7972
76930,139
61154,_
24685,7925
49010,6639
49010,7499
99256,7040
20650,7905
27238,9351
29305,7905
20650,9351
27238,7810
24076,7742
11043,7745
28420,5423
49010,7809
27620,8077
42801,_
32002,9199
88174,3491
32400,8838
88174,3424
32400,9199
88174,3404
42145,2169
42820,2769
30802,2830
42145,2132
42820,2169
30802,2769
42145,2830
42820,2132
41153,3121
31600,8670
15740,2530
15740,3121
41153,8670
31600,2530
15740,2749
31587,3169
29412,_
29412,8181
29412,8021
29412,8082
29412,8041
17110,5310
67036,1291
46220,4685
46220,4525
96408,4912
46270,9925
96408,4911
65750,1475
67051,1164
65750,1474
23500,8401
26951,7909
23500,407
27590,7855
27165,8417
27590,7735
20610,7760
11040,7935
67440,1601
47300,5440
28505,8382
30117,2169
30117,2161
67582,1662
67582,1664
67582,8374
LTCSI,_
58600,4590
44140,7499
58600,4572
44140,6639
59514,4572
69641,2079
90983,_
07090,_
50610,9971
50610,9903
43830,2080
69420,4319
43830,2009
94905,_
94905,5498
94905,3995
27244,7810
26910,7933
26615,8401
44143,4850
47100,4525
32020,5012
45378,5671
47100,5760
44143,6880
45378,5012
47100,4850
32020,5760
47100,6880
58240,3409
32020,4575
47100,4685
58240,5012
32020,4850
44143,5671
45378,5760
32020,6880
44143,3409
58240,4525
47100,5671
45378,6880
47100,3409
58240,4575
32020,4610
32020,5671
11000,5461
43200,9814
31530,4223
43200,3142
61020,159
62230,299
62161,102
61020,242
62230,127
62230,102
62161,242
61020,127
62230,159
44603,9357
44603,8628
17311,2181
92981,9357
16010,3606
92981,8628
31622,3420
32602,3324
31622,3320
36140,3591
93580,3891
36140,3552
44312,5732
44312,8773
44312,9649
52007,4641
44312,5633
44312,5980
44312,9646
43235,5251
48152,4513
OO640,_
43246,4685
45378,4311
43246,4525
34101,7986
27556,3805
43234,3995
77401,4513
77401,3893
37607,7360
59409,3953
37607,7359
26608,7933
26608,7923
27030,7789
27070,8015
27030,7785
GH110,_
16035,7860
15758,7760
15758,8309
15758,8345
15758,9820
15758,7710
15758,8302
15758,8339
15758,8628
OO59,_
19364,8546
19364,8545
49507,4610
49507,4579
49507,4613
27780,8016
29405,7906
29405,8016
27372,7906
27780,9353
65810,1371
66984,1291
66984,1472
11606,5136
11606,5270
11016,_
21433,7925
36430,4850
45110,9903
82132,_
23105,7925
27506,8071
23105,7815
23105,8152
27506,8011
62142,8345
27254,7760
11012,7985
27254,7710
11012,8544
19240,7710
19240,8302
25622,7760
25622,8309
25622,8345
25622,9820
25622,7710
25622,8302
25622,8339
25622,8628
47554,5198
47552,5110
47554,5112
43260,5198
47552,5188
47554,5110
43260,5112
61313,202
28120,8077
27625,7789
28120,8017
27513,7931
46255,4523
HH252,1371
HH252,1341
HH252,_
26227,_
20270,_
26227,7819
26727,8388
25270,_
20270,7819
26227,8388
26727,_
25270,7819
20270,8388
47564,5110
36055,_
35661,8849
28820,3929
35661,9820
28820,8848
27880,8849
11010,3929
75710,8411
35661,8415
11010,8848
35661,8848
28820,8849
27880,3929
75710,8415
35661,8628
11010,8849
75710,3929
35661,8411
20816,7760
20816,7710
43830,8302
43830,7810
11012,4319
43830,7760
43830,8339
43830,9820
20690,4319
43830,7710
43830,8309
36481,3995
36481,3121
11300,3893
11300,9357
11300,8628
44143,4701
44970,4575
47605,5123
52318,5522
52300,5600
52318,5980
52300,5700
52300,5522
52318,5631
52300,5980
52318,5641
52300,5631
15820,5310
49562,5459
51045,5511
50130,5719
27301,7860
58940,4525
45331,6539
53600,5749
53600,5850
53600,5791
53600,5839
11000,2749
11000,7631
11000,2530
26665,8628
41913,_
11765,8309
11765,9820
11765,8302
38724,8628
11000,4021
27236,9357
51860,7935
27236,5781
51860,9357
27236,3409
51860,3409
27236,4675
27236,5411
32020,7935
16010,5781
44604,7935
27236,5423
26685,7760
26685,8309
26685,8345
26685,9820
27130,7760
27130,8309
27130,8345
11012,8151
27130,7710
27130,8302
27130,8339
36010,6551
58940,4572
36010,4590
43235,6539
45380,6551
58940,4513
36010,4525
44140,6539
58940,4590
36010,6539
43235,6551
36010,4572
45380,6539
44140,6551
58940,3893
36010,4513
57500,6732
57510,6712
76942,7860
27756,8848
75710,7745
37204,7749
27125,8848
27365,8849
20245,3880
75710,8152
37204,7769
27125,7742
27365,7745
27125,3880
27365,8152
20245,7769
75710,7742
37204,7745
27365,8848
20245,8849
37204,8152
27125,7769
27365,7742
75710,7749
27125,8849
27365,3880
20245,8152
75710,7769
37204,7742
27365,7749
20245,8848
22840,8628
15240,7859
22840,8345
22840,8669
27236,8152
27530,8192
RE861,_
29065,2752
41252,9353
29065,2551
58950,6589
37182,3910
JOO,_
27550,7905
27502,7976
SO53,_
49420,8628
11043,5419
49420,8345
36568,5641
50546,4579
36568,4610
27566,7760
11044,7796
31600,4675
90935,4680
36488,4675
44050,3121
44605,3995
31600,5459
44605,3893
31600,4680
44605,3121
44050,3995
12013,7923
43235,4461
43235,4442
49200,3893
23650,7934
26735,7971
23650,7924
28825,9971
28825,9903
26418,7989
26418,7984
26350,7984
26350,7989
KH356,1474
67040,_
KH356,1424
KH356,_
CR446,9933
CR446,_
16010,7801
23485,8628
27070,8309
27070,9820
52310,5784
51920,5700
44960,6549
25560,7932
15847,_
08099,_
27656,8382
47510,5132
47721,5198
47510,4439
44380,4590
44204,4514
44380,1739
12045,8544
19240,8659
12045,8543
61106,3993
61107,3993
61106,3995
61107,3995
33820,9933
99432,3885
33820,9903
45380,4709
91628,_
42810,407
42415,2920
42810,2929
54740,6849
54740,6561
54740,_
65426,889
67840,1132
65426,820
36450,6050
55845,9901
50040,5504
50080,5501
51596,5423
36568,5671
51596,3893
36568,5779
51596,5411
66762,1274
66710,1239
66762,1273
65875,1364
24149,8345
24665,7815
24665,8152
27506,7783
24665,7925
52614,5631
52614,3893
52337,6029
52614,5600
52614,5980
52614,5522
52614,5732
27816,7936
27822,7909
27816,7819
29075,8364
29075,8048
62272,8628
62272,4150
61314,331
61314,8628
38100,331
61314,4150
11000,331
65235,1475
65235,1474
66840,1475
67051,1200
36011,125
36011,124
69670,139
61150,1919
69670,124
21356,2103
30905,7672
21356,2102
43255,3895
36145,4443
36145,4233
36821,8192
36821,8396
20610,3929
36821,8191
27826,7906
11043,7676
46221,9971
36430,4945
46221,9903
57270,5440
XA,2181
HERNIA,5310
HERNIA,5300
27340,8345
27618,7935
27514,8630
27618,7815
26585,8289
TOO8,_
33521,3611
33533,3610
33572,3893
36568,3929
36488,3611
33521,3610
33533,3893
33572,3929
36568,3611
36488,3610
33521,3893
36568,3610
21406,7859
21330,7939
21406,2172
21346,7859
21330,7679
21406,7939
21346,2172
93543,3606
92981,8857
11044,8303
11402,6849
11402,6561
47362,5122
AI438,_
27502,4563
27506,4590
44120,8152
27502,4562
27506,4563
44120,7925
27506,4562
27502,4590
44120,7815
TYPE2DM,_
ABOSETUP,9933
ABOSETUP,_
65285,1342
19100,9925
32650,8511
19100,3409
32020,8511
19100,3460
96408,8511
19100,3421
27592,9971
27592,9903
67935,1610
67413,1060
27606,8628
11043,8311
27606,8345
47562,4610
49320,5123
47562,4575
44143,5123
37607,8628
37607,8345
11044,7922
11010,7901
44625,4610
44625,1735
45317,8628
11000,5839
53215,8628
11000,5717
31605,9357
25900,881
67935,8405
25900,1060
11010,202
26740,7934
26765,7904
26740,7924
43271,5294
43260,5184
43264,5298
43271,5110
43260,5298
43271,5188
43264,5184
27591,3808
21440,2759
40525,7675
21440,2743
08030,_
00800,_
29877,8339
27329,8086
27329,8026
90935,4341
43244,3995
II208,6813
II208,6711
II208,_
67228,1479
67021,1425
67228,1472
67021,1479
67027,1425
67228,_
67021,1472
67021,_
42825,4040
38724,2820
42825,4021
33405,3514
33430,3528
33464,3522
CC509,_
23405,8071
29820,8342
47562,6871
58552,5123
47562,6563
NSDRMLE,_
KS669,4639
44130,_
KS669,4590
KS669,_
45331,4439
43825,4514
45331,4400
43825,4525
45331,4514
43239,4400
39042,_
66840,1269
66840,1264
25600,7929
32020,8381
27635,8628
26372,7767
32020,8286
27635,3409
26372,8628
32020,7767
27635,8381
26372,3409
27635,8286
44604,4680
74913,_
SO580,_
25611,8403
26910,7912
25611,8401
11000,1060
27227,8628
27227,8345
11010,7908
99256,7815
27513,8907
99256,8016
99256,7935
27310,8907
44320,4563
46606,4590
44120,4921
44320,4923
46606,8907
99256,4562
99256,4921
44120,4923
44320,8907
46606,4562
99256,4563
99256,4923
44120,8907
44320,4562
46606,4563
61313,9344
67715,8364
27759,851
65103,7815
67715,7760
61313,7936
67715,1642
65103,8364
27380,125
61313,851
67715,7815
65103,7760
67715,8345
11041,7935
29305,7975
29305,8381
28208,7810
29305,7710
27250,9351
28208,7860
27250,8381
28208,9344
28208,9351
20650,8381
28208,7975
44960,6589
ECK22,_
26600,125
61312,7903
26600,124
22982,_
53643,6813
53643,6711
53643,_
51702,_
43234,3780
33208,4513
43234,3772
11041,8284
28306,8309
28306,8628
11011,7738
28306,8411
28306,8339
28306,9820
28820,7738
28306,8302
28306,8345
43244,4530
61305,4319
61305,3121
11044,8037
27590,4685
27590,4525
45378,8417
26110,8286
26418,8034
44960,5361
44960,5351
28470,8388
11044,7907
25274,9353
25274,7932
25574,7907
28470,9353
25574,8388
28470,7932
29065,7907
29065,8388
25274,7907
99256,7759
59612,8907
SO14,_
26746,407
20877,_
15220,8382
15220,8332
21315,2150
67800,4901
67800,4912
52353,_
52353,5504
52353,5980
52353,5503
52353,5521
20805,8345
58661,9901
32020,6639
58661,3409
58661,3995
28305,7738
28305,7809
08209,_
02999,_
66982,1459
61312,3993
68550,7739
68550,921
67950,8309
67950,8345
11011,859
67950,8302
67950,8339
26835,_
27759,125
61312,7936
27759,124
65782,1289
65285,1689
65782,1159
27659,8628
11011,4590
11011,7691
21172,8309
27550,9933
OS,1289
OS,1159
50760,4590
44140,5675
50760,4572
52640,5310
49505,5749
52640,5300
45110,9925
36430,7939
23515,9903
28022,3995
90935,8018
21155,7646
21155,7691
58545,6849
P0001,8659
51045,7760
51050,8302
51860,8309
51045,8345
51860,9820
11012,5719
51050,5781
51860,7710
51045,8302
51050,8309
51860,8339
51045,8628
51050,9820
51860,5719
11012,5980
51045,5781
51050,7710
51860,7760
51045,8309
51050,8339
51045,9820
11012,5781
51045,7710
51050,7760
51045,8339
20926,7760
28476,8669
11043,7818
20926,8628
20926,8345
20926,7818
27372,7933
26746,8016
27372,7923
20520,5061
II20,_
46060,4685
11442,4873
45378,4901
11442,4912
46060,8630
11442,4525
11442,4901
11442,4993
11442,4685
45378,4873
11442,4911
CC300,_
38510,2211
38510,2121
67005,1214
BW325,_
98820,_
11641,2181
11641,8659
60000,2211
31237,609
60000,2121
47120,4835
44152,5022
47120,4582
47120,4601
58180,7101
56441,6839
66825,1490
67041,1699
49900,4850
45110,5461
32225,7939
23515,3451
32225,7929
59401,7360
26952,7932
66760,_
10010,_
PO620,_
24515,5641
50220,7931
24515,5551
25670,7760
25670,8309
25670,9820
11012,7973
25670,7710
25670,8302
25670,8339
25670,8628
52332,5511
27334,7710
27334,8302
58920,6551
58940,6522
58920,6539
JO6,_
49010,5459
27592,3893
44900,4563
23600,7760
23600,8339
23600,9820
28510,7901
23600,7710
23600,8309
23600,8628
23600,7908
23600,8302
23600,8345
28476,2181
44050,4442
43840,4680
44050,4461
33519,3524
33519,3961
33519,3522
33430,3929
33519,3722
33692,3780
33206,3581
33692,3776
33210,8544
33212,3770
33234,3781
19240,3777
33210,8543
33212,8544
33234,3770
19240,3781
33210,3777
33212,8543
33234,8544
19240,3770
33210,3781
33212,3777
33234,8543
12046,8286
26676,7933
49520,4563
49520,4562
49520,4639
32486,3210
32486,3249
32486,3348
14040,479
64830,8689
14040,407
35820,3524
33430,3805
35820,3514
35820,3961
35820,3528
66987,1319
66983,1341
NEONATALTOXICUM,9933
NEONATALTOXICUM,_
45383,4341
61077,_
58770,7360
59409,6602
58770,7359
11011,8018
25620,8662
67121,1490
67041,1460
51040,5620
51040,9645
SO2,_
53513,_
61702,3893
61320,3951
61320,3893
36488,3951
28490,8401
26952,7908
28490,407
TO64,_
NEWBORNCAREPACKAGE,9933
NEWBORNCAREPACKAGE,_
DA7,_
41822,9933
58720,5451
57240,7092
57268,7071
57250,7092
57268,7052
57268,7051
12006,8377
24301,8659
12006,8375
99256,7092
58270,8907
99256,6859
25900,407
29345,8314
62223,139
61154,4525
62223,4685
45378,139
61154,233
44204,4595
55700,4835
44152,1739
44152,6011
44204,4582
55700,4601
44152,4685
44204,6011
45378,4582
55700,4595
44204,4835
55700,4590
44152,4525
55700,4582
44204,4601
55700,1739
44152,4590
45330,6551
45330,6539
28272,8048
32020,5641
50220,3409
32020,5551
43269,5298
43271,9755
43269,5184
SO10,8628
SO10,8345
24615,7931
24546,7982
24615,7842
31622,8544
19240,3324
31622,8543
50961,3893
50961,3995
37202,3893
37202,9929
27828,7859
21365,7817
45110,4824
23570,7939
23570,7929
16010,8554
19340,8628
90935,4530
19200,9199
88332,8545
69155,1831
69155,4040
64726,449
11403,8309
11403,9820
11403,8302
11403,8339
58600,5459
39520,4461
32002,5380
43840,3404
39520,3491
32002,4442
43840,3491
39520,4442
32002,4461
43840,5380
39520,3404
PP369,9933
PP369,_
43830,9971
36430,4319
43830,9903
11041,9971
11041,9903
66761,1330
37034,_
27253,9344
27250,7985
27253,7810
27253,7975
20650,7985
27253,7860
31603,7360
59409,3110
31603,7359
27530,8016
28490,8036
35721,9829
27331,7908
27530,3808
28490,3991
35721,7815
27530,8036
28490,9829
35721,7906
27513,7908
27331,3808
27530,3991
28490,7815
27530,9829
28490,7906
35721,7908
27513,3808
27331,3991
28490,7935
35721,8016
27513,3991
28490,8016
35721,8036
27331,7906
27530,7908
28490,3808
82168,_
99256,5502
90935,8907
99256,5501
36488,8907
99256,3893
50040,8907
99256,3995
36488,5294
47510,3995
43264,5198
36488,5188
90935,5294
43264,3995
90935,5188
47510,5294
43264,3893
90935,5198
47510,5188
45100,5293
45100,5423
43268,4923
45100,5411
25820,7760
25820,8309
25820,8345
25820,9820
25820,7710
25820,8302
25820,8339
25820,8628
28820,3409
32020,8411
49420,7760
27323,8302
27323,8628
11012,5419
49420,8321
27323,9351
49420,8302
27323,8309
27323,9820
29305,5419
11012,8321
49420,9351
27323,7710
49420,8309
27323,8339
49420,9820
27323,5419
29305,8321
49420,7710
27323,7760
49420,8339
27323,8345
KO53,_
11646,407
42415,8630
11646,2929
31603,5421
31603,9901
45100,9901
90935,4923
45100,5502
45100,5501
50040,4923
36450,4923
45100,3995
47562,5498
90945,5123
91863,3995
12020,3995
91863,_
35663,3926
45380,4613
52234,5502
45380,5732
50040,5749
43255,8192
36145,8394
20610,3895
43255,8191
36145,8192
43255,8396
20610,4443
36145,8191
43255,8394
36145,8396
20610,4233
LO33,_
29065,9357
14170,_
CG370,_
46922,4901
46922,4993
46922,4873
46922,4912
46060,4939
46922,4946
46922,4911
49080,6839
58180,5425
NI180,5498
NI180,3995
NI180,_
58600,5980
59513,8773
58600,9649
52005,7499
58600,5732
59513,5980
58600,9646
59513,9649
59513,5732
58600,8773
59513,9646
49000,722
50545,5642
50548,5411
11000,3479
46936,8344
46936,8669
37735,4949
46936,3889
46936,8630
58411,_
59151,9971
36430,6563
59151,9903
66250,6849
44394,1283
58150,4542
66250,6561
44394,6849
58150,1283
66250,4542
44394,6561
PO28,9933
PO28,_
27303,7810
20692,7715
14020,2181
50230,5671
51595,4029
51595,5641
50230,4030
50230,5779
51595,3807
51595,5551
66170,9971
36430,1264
44005,9933
33211,3780
33211,3772
67345,7491
58600,420
67345,6800
59100,420
67345,6639
26358,8286
38220,4543
45385,4131
43234,9925
38220,4523
25545,7979
25545,7819
49000,7073
57307,5411
26117,7934
26735,8229
26117,7924
NJ139,_
32002,4311
37565,3121
36430,3882
37565,3491
76942,3882
37565,3404
36568,3882
37565,4311
36568,3121
43246,3882
37565,3893
36568,3491
32002,3882
37565,_
76942,4311
36568,3404
43246,3491
36488,3882
37565,9971
36568,4311
43246,3404
31600,3882
37565,9903
15200,7989
26715,8669
15200,7922
44500,4439
44500,9971
36430,9608
44500,9903
44500,4513
44602,5123
44602,9971
44602,9903
47562,4673
47562,5425
12055,3991
35761,1840
35761,2751
35761,881
12055,3800
35761,2181
44055,8659
11043,4680
44055,8628
12035,4680
44055,8345
59409,9604
31500,7360
31500,7359
35236,8628
21198,2752
41252,7664
21198,2551
26850,7934
26765,8127
26850,7924
11012,4639
44130,7710
44130,8302
44130,8339
52204,5823
31231,2188
31231,2150
15220,8684
26597,8669
54690,5421
43830,3995
61156,3110
61156,4319
61156,3995
43830,139
90935,4319
54520,5501
50040,6230
54520,5502
50040,6270
12042,7934
12042,7924
46040,8309
46040,9820
46040,8302
46040,8339
26785,7982
24615,7989
25676,7984
26785,7932
25676,7982
25574,7984
25574,7982
24615,7984
25676,7932
49950,_
33206,3995
62121,9933
33641,3712
33015,3571
33206,3961
33430,3776
NEONATALSEPSIS,9933
NEONATALSEPSIS,_
DOGBITE,_
14300,8382
54120,5423
15650,6430
49000,8674
54120,5411
15650,5423
49000,6430
54120,8674
15650,5411
43202,4360
49000,4224
43202,5423
43631,4224
43202,5411
61312,8669
15736,124
61312,8382
15736,125
15100,124
61312,8332
31600,4533
44110,3121
31600,4500
NO84,_
67935,7933
26615,1060
54115,8345
11424,8345
45303,8659
15940,4823
08029,_
11010,2211
31237,8628
36430,479
64721,9903
49080,4195
38115,5425
47564,5425
49080,5123
GE,_
SZ418,_
27620,7860
20680,8037
27620,294
27620,9788
20680,8017
MI119,_
58661,6539
11010,7903
67288,_
11303,9933
25900,8033
26844,8126
67875,299
36488,7739
61585,889
67875,3893
36488,1659
67875,7739
36488,889
61585,3893
67875,1659
36488,299
32651,8838
76360,3421
76360,3252
44970,4685
45378,4701
44970,4525
11040,5423
11040,5411
24900,2263
24900,299
61580,8407
24900,2110
24900,2264
25575,7934
25575,7924
26055,7760
26055,8309
26055,9820
26055,7710
26055,8302
26055,8339
CR0168,_
CR0132,_
63001,9971
36430,309
63001,9903
29604,8309
29604,8345
29604,9820
29604,8302
29604,8339
29604,8628
29604,_
49885,_
25545,8314
24495,7932
25545,3803
AZ418,_
49585,6829
58140,5341
58120,4030
38770,6909
11040,8037
29325,9344
27253,9351
29325,7810
69641,125
61312,1860
61312,2049
41250,7760
41250,8309
41250,9820
11012,2551
21015,9357
21015,8628
11042,8364
11042,8048
21470,7933
26615,7676
21470,7923
35501,3929
25560,5810
25560,5860
25560,6094
25560,8929
52601,7902
25560,5732
25560,5850
25560,6029
25560,6373
90935,6551
58940,3995
90935,6539
77761,4041
41135,_
77761,2520
46600,8382
33918,3799
27535,8151
43631,4590
44602,4360
44310,4673
43631,4562
44120,4620
44310,4360
43631,3893
36488,4673
43631,4620
36488,4360
44602,3893
43631,4563
44602,4620
44120,4360
43631,4673
44602,4563
11043,4443
43255,8345
25600,9355
21431,7902
23480,7924
58600,6909
26785,7903
26720,7984
26720,7903
29075,7904
26600,7989
11044,7903
26600,7904
29075,7903
26785,7904
26600,7984
26720,7989
11043,9604
31500,8345
10320,_
62223,9971
36430,233
62223,9903
30982,_
12001,7937
24579,9353
24579,7810
24579,7815
NSDO,_
60254,8382
15734,640
60254,8332
60254,8669
15734,4040
45384,4610
49201,4030
45100,4979
46742,4923
45100,4899
35221,8843
52204,4823
45320,5733
52204,4543
66983,1343
37026,_
90965,_
44300,5151
47564,3409
44300,5123
47564,4610
44300,3409
32020,5123
26735,5423
49000,7924
11041,7934
11041,7924
58120,4543
58120,4835
44950,5299
48000,4709
LO25,_
69870,7360
69870,7359
69870,_
LO21,_
45330,4850
45112,4525
45330,4840
45111,6849
44950,4869
45111,6561
58150,4869
45111,4709
11043,4873
46275,4873
46258,4911
44389,5980
44389,5719
51045,4685
45378,5719
51045,4525
10180,9971
10180,9903
41872,2220
31032,2262
31267,2420
41872,2231
41872,2262
31032,2420
41872,2119
44120,5123
27254,9971
36430,7985
27254,9903
12001,8623
28525,8403
26910,7938
28525,8401
27511,8332
27511,8382
15738,7815
44960,4622
50825,4709
VO641,_
27425,7939
23515,8049
44604,4450
43860,4675
44604,4389
50392,6270
54520,5512
50392,6230
15240,4319
43830,8332
15732,4319
43830,8669
26765,8364
28270,7924
36488,7789
27071,3893
36488,7785
44005,4824
45300,5459
49900,4824
45300,5461
90935,6050
55845,3995
29075,9344
32150,8152
27125,3409
29075,7810
32150,7860
63046,4513
44140,309
36800,4572
43235,3993
63046,3995
36800,309
90935,7789
11042,4572
63046,3893
44140,3993
43235,7789
63046,4572
44140,7789
36800,4590
11042,3993
36488,309
36800,7789
11042,4590
63046,3993
90935,309
63046,4590
11042,4513
43235,309
36430,5310
49507,9903
09841,7360
09841,7359
09841,_
24587,7931
44602,4502
44021,4673
49507,6589
44050,5375
39503,4680
44050,3404
DC329,_
44140,4650
44625,4579
44625,4572
44625,4613
44144,4650
01111,_
24100,7760
24586,8321
24685,7929
24100,7710
24100,9820
24685,8321
24100,8628
24100,8345
24100,8339
24100,7932
24586,9353
24100,8309
24100,7929
24100,8302
26910,7814
26608,8403
26608,8401
47605,8907
23515,7923
49521,5122
33201,9933
99432,3780
33201,9929
33201,9959
99432,3774
43241,4685
44180,8753
44255,5451
47563,_
44255,8753
47563,5451
44180,_
44255,5123
71090,3409
71090,3995
46250,4999
46715,4946
46250,4979
25115,7760
25115,8309
25115,8345
25115,7710
25115,8302
25115,8339
43600,4461
43840,4414
43600,4442
99350,_
58561,6823
32150,_
39220,3409
58600,7092
57556,6639
58600,7051
27524,8192
27524,8396
20610,7936
27524,8191
27524,8394
26553,3930
26553,8281
23125,7939
23515,7791
23125,7929
23125,7791
44207,4824
45300,1739
24500,5423
49000,7901
24500,5411
LO31,8302
27603,_
LO31,7710
26160,7760
26160,8309
26160,8345
26160,9820
11012,8221
26160,7710
26160,8302
26160,8339
26160,8628
99432,5783
45805,9929
45805,9959
45805,9933
28755,7760
28755,8309
28755,8345
28755,9820
11012,7758
28755,7710
28755,8302
28755,8339
28755,8628
33822,6813
58100,3885
33822,6711
61582,9933
45303,4579
36450,4593
44160,4823
68982,1269
68982,_
43239,9925
96408,4514
59121,5423
59121,5411
49561,4610
44144,5361
49561,4579
49561,4613
44144,5351
49525,4709
28450,7760
28450,8309
28450,7710
28450,8302
28450,8339
24515,9359
12042,7759
11000,8671
67966,8628
11000,824
11740,8339
11740,8332
28045,8604
21453,7760
21453,8309
21453,9820
11012,7675
21453,7710
21453,8302
21453,8339
26010,8628
19180,3479
26500,8192
26500,8396
20610,8271
26500,8191
26500,8394
93652,3961
33305,3726
93652,3749
93620,3961
33305,3734
93652,3726
93620,3749
30941,6849
30941,6561
30941,_
27290,8345
67311,1371
66987,1511
67311,1341
INCOMPLETEABORTION,_
42665,2699
36011,6849
36011,6561
12001,8604
10060,8659
68530,9814
31530,949
68530,3142
25500,2181
25500,8659
CR465,9933
50010,4029
43239,6813
58100,4514
43239,6711
BTL,7499
49060,4030
49060,6561
58951,5419
49060,9903
49060,5440
49060,6849
49060,9971
49060,6529
44820,6849
44820,6561
27071,8016
27310,7785
15951,8345
59514,7430
59514,6602
11010,4563
11010,4562
11010,4590
52275,6270
26205,7764
26205,7804
45378,5136
45378,5270
48150,4685
45378,4370
45378,5296
48150,4525
OO619,_
08203,_
08298,_
21440,7925
21440,8016
21440,8152
27310,7675
21440,7815
90945,9903
49021,5451
44180,5491
44626,4610
44626,4575
27125,7760
27125,8309
27125,9820
27125,7710
27125,8302
27125,8339
28800,9344
15740,8332
15736,8670
15740,8669
27310,7933
49900,7710
49900,8339
TI500,_
20692,8314
27880,3952
27880,3843
35045,8415
54115,8309
54115,9820
11011,6492
CR0310,_
28630,7760
28630,8309
28630,9820
11012,7978
28630,7710
28630,8302
28630,8339
25628,8286
12002,8401
14998,7360
14998,7359
14998,_
45378,8382
44320,8669
55101,4525
15738,4685
55101,8332
45378,8669
55101,4685
15738,4610
45378,6100
44320,8332
15738,6100
45378,8332
44320,8382
55101,8669
15738,4525
45382,8628
11043,4523
EE142,_
23107,8628
11043,8011
CR008,4685
CR009,4514
28820,7936
27826,8411
28820,7817
50715,6589
49000,5902
50715,6551
58940,5902
58740,5902
50715,5411
19180,8595
19357,8541
19180,8570
31205,2263
22845,295
35616,3929
67921,1692
67412,842
67921,1609
57540,6740
33670,3554
53605,5732
KL859,_
62270,4131
43200,4341
22305,8628
11043,353
22305,8345
29325,7949
25545,7975
29065,9351
27193,7932
29325,9353
25545,7909
29065,7949
49520,4513
12042,9901
49582,4709
45384,9971
45384,9903
27759,7989
27217,7936
23044,7760
23044,8309
23044,9820
11012,8011
23044,7710
23044,8302
23044,8339
23044,8628
52000,5411
31535,5421
31535,4319
43653,3143
31622,8345
10180,4620
32020,5419
50220,5419
49060,3409
06641,_
75726,125
61313,8840
75726,124
85860,_
63047,8051
45112,9903
42830,6651
49000,2860
42830,5423
58700,2860
42830,5411
27886,9820
27236,7932
27472,7979
25525,7815
27756,5423
38100,7819
49000,7932
25525,8152
27236,4150
27472,5411
27756,7932
25525,7805
38100,8152
25525,5411
27472,7819
27756,7935
38100,7805
27756,4150
29405,7907
49900,6840
59513,5461
49900,6839
59525,5461
49900,7499
27228,4929
46614,7975
27228,4921
27250,4929
46614,7935
27228,7975
27250,4921
47360,4461
59409,8628
11000,7359
45020,9357
16010,5400
52204,9971
36430,5733
52204,9903
11401,9820
11401,8628
19020,9357
16010,8500
21556,9357
36450,6761
57720,9901
36450,6769
FISTULAINANO,4912
FISTULAINANO,4911
FISTULAINANO,_
11011,5717
11043,8611
58720,4590
20838,8309
20838,8345
20838,9820
11011,8426
20838,8302
20838,8339
20838,8628
03410,_
48000,5349
49585,5299
48000,5341
61320,139
28485,7934
26735,7937
28485,7924
MJ973,_
52649,9971
52649,9903
GS89,_
49501,6200
54560,5300
54560,6310
49501,5411
54560,5310
IO800,_
15033,_
24136,7760
24136,8309
24136,8345
24136,9820
11012,7703
24136,7710
24136,8302
24136,8339
24136,8628
28470,8669
15100,7907
45380,8604
32000,5498
90945,3491
47510,9971
36430,5198
47510,9903
FO3,_
68115,1371
66987,1031
68115,1341
68340,881
67935,1050
68340,1060
BACTEREMIA,_
11000,7986
21336,7809
21366,2172
21336,7672
92013,_
23491,8444
23616,7852
23491,7931
11606,2759
38525,8630
40525,4011
11606,2743
38525,2759
40525,8630
38525,2743
49255,4502
44021,5440
31820,8659
16010,3172
15931,9971
31820,3110
36430,8630
36011,3172
31820,9357
60082,_
33220,3775
25611,884
67961,7912
25611,8671
HOO00,_
59870,6551
OOS20,_
36450,4542
26489,8256
90935,8381
26489,3995
90935,8256
26489,8381
66987,1299
66995,1341
46045,9357
50230,3409
32020,3807
25927,7934
25927,7924
15120,7860
31786,3150
82914,_
11043,9344
31085,2242
21179,7849
31085,1689
31085,7691
21179,2242
31085,7849
31085,7646
25611,125
31600,7912
25611,124
61312,7912
25611,3121
24101,7929
24586,8030
15100,8405
27600,8669
27600,8405
27600,9357
25620,7979
27566,7936
27759,7796
52275,5749
49505,8753
47563,5300
31610,8628
11043,3129
31610,8345
62160,233
49525,5620
24420,8628
23150,7702
11044,7832
23174,7762
24420,7760
23150,8345
24515,4563
27472,7935
27513,7805
24498,5423
49000,7850
27327,8309
27327,8345
27327,9820
27327,8302
27327,8628
24586,7691
21151,7929
24586,7646
27786,7760
27786,8309
27786,9820
27786,7710
27786,8302
27786,8339
XS999,_
KO50,_
38102,4613
38102,4579
11000,4613
38102,8628
44144,4150
38102,4610
58300,5151
NSD01,5183
44141,4579
25905,8309
25905,9820
25905,8669
25905,8302
25905,8382
25905,8332
25905,7710
25905,8339
65280,1060
92982,3808
45315,4901
46922,4835
68761,_
44188,5732
28800,4610
36488,8412
28800,4575
44143,8412
28800,3893
080A0,_
49509,7499
26145,479
26440,8233
64721,8211
26145,460
26440,479
64721,8233
26145,8211
26440,460
28070,8339
29425,8078
28045,9353
28070,8332
28045,8078
28070,9353
29425,8332
36450,8411
28820,9901
26356,8659
12001,8251
11011,7924
27536,7986
27556,7936
27536,7819
26352,9820
NSD01,9623
46940,_
NSD01,4939
26665,7710
26665,8302
26665,8339
67728,_
35341,3816
58740,9933
19540,8544
19540,8543
19540,_
99432,9059
59400,9959
59400,9929
59401,9959
99432,9938
59401,9929
22325,8345
63710,212
58662,8782
58660,6602
58345,5421
58662,6999
58673,8782
58345,6602
58673,6999
58660,8782
58345,6639
58662,6602
58673,5421
58660,6999
31561,2188
30520,3029
31561,2150
20601,8192
20601,8396
20601,8191
20601,8394
20601,_
43260,5423
49000,5110
43260,5411
25574,5423
25574,5411
49000,6050
55815,5411
25000,8342
25116,8301
25000,8175
57240,7360
59409,7051
57240,7359
11000,650
11000,639
AO86,_
45305,4959
45305,4939
63190,309
63190,310
12011,7859
21365,_
12011,7672
XA,7859
12011,_
XA,7672
47605,5021
04793,_
53449,5899
35623,3929
26685,7815
26685,8152
27506,7984
26685,7925
27236,7912
99256,5421
43653,8907
99256,4319
64864,8302
31600,8339
31613,8345
GD62,_
25545,5641
50220,7932
25545,5551
17283,8628
17283,8345
66630,1371
66630,1330
12051,5423
49000,2181
49000,881
12051,5411
12041,5423
49000,1840
12041,5411
49000,2751
45170,9622
45303,4835
45100,4824
44143,4923
45100,4575
96408,4632
44373,9925
27226,5423
27226,5411
ZO01,9933
ZO01,_
27226,7760
27226,8309
27226,8345
27226,9820
27226,7710
27226,8302
27226,8339
27226,8628
58120,6589
58740,6909
11404,5310
11404,5300
55500,6270
54550,6310
55500,6230
55500,6200
75981,_
90307,_
44205,9820
11010,1739
11010,4593
44205,8628
40525,8345
59525,6529
58925,6840
58600,6529
58925,6839
27236,7855
27236,7735
28800,8414
27888,8412
28800,407
44950,8309
44950,9820
CR0137,_
TI71,_
36568,3993
33182,_
27250,9971
36430,7975
27250,9903
50240,9646
35122,3846
35122,3952
29405,7902
25600,7906
27780,7902
21465,7760
21465,8309
21465,8345
21465,9820
21465,7710
21465,8302
21465,8339
21465,8628
54670,7760
54670,8309
54670,8345
54670,9820
11012,6261
54670,7710
54670,8302
54670,8339
54670,8628
37760,8345
23400,7841
49585,8753
47563,5341
58150,8544
19240,6561
35490,3950
52310,6000
52450,5700
11043,7813
28002,9357
36011,4579
27832,7760
27832,8309
27832,9820
27832,7710
27832,8302
27832,8339
66984,1689
25600,9359
29058,7902
NZ380,9933
NZ380,_
28400,9357
27457,7936
27535,7737
27457,7817
65480,_
56501,7360
59409,7180
56501,7359
10180,2181
10180,8659
35556,7810
27511,3929
20692,3929
27635,8345
11765,6849
49255,4562
38770,8623
11765,5423
44120,4030
11765,4562
44005,8623
11765,5459
38770,4562
11765,4590
49000,8623
11765,6561
38770,4590
44120,8623
11765,5411
11765,4030
58200,8623
11765,5440
11765,4563
49255,8623
11765,4011
38770,4563
44143,6551
58940,4575
29065,7719
23935,9353
29065,7712
11470,4946
46262,8630
11470,4873
11470,4939
90935,4449
50340,3893
50010,3995
43501,5700
50340,4441
50010,4449
43501,5551
50340,5732
50010,4513
52310,4441
43235,4449
50340,5501
50010,5700
50340,3995
43235,5700
43501,5732
90935,4441
50340,4449
50010,3893
43235,5551
43501,5501
50340,4513
50010,4441
52310,4449
43501,3995
50340,5700
50010,5732
52310,4513
43235,4441
12002,430
22843,4685
45378,7859
22843,4525
32400,7860
68110,1371
68110,1341
58300,6829
49255,9971
49255,9903
58720,7491
58720,6800
69535,407
42415,7639
69535,2929
09890,_
82933,7499
09890,7499
82933,6639
09890,6639
42625,_
95913,_
37607,6529
75757,7360
59409,9512
75757,7359
47562,5731
29058,7860
29058,294
29058,9788
28800,8382
27508,7989
22326,7815
27508,7925
24549,_
55500,4912
46270,6310
55500,4911
44141,4522
45005,8628
11043,5400
45005,8345
OO089,_
27216,7710
27216,8302
27216,8339
27216,8628
67027,9959
99432,1479
67027,9933
67027,9971
99432,1472
36430,1479
67027,9929
58260,9971
58260,9903
29000,7949
26567,7760
26567,8309
26567,8345
26567,9820
11012,7849
26567,7710
26567,8302
26567,8339
26567,8628
TOPHACEOUSGOUT,_
29065,1610
67430,9353
29065,1601
80039,_
24650,7932
24665,7902
24650,7783
12042,9357
56605,6909
58558,7111
58561,7111
56605,6816
46230,4939
20962,7710
20962,8302
20962,8339
20962,8628
33015,3409
32602,3712
33015,3420
32020,3712
33015,3320
38101,9971
36430,4143
38101,9903
22556,8051
22556,8129
55100,5310
49505,6100
55100,5300
11011,4461
14061,7760
14061,7710
36930,_
89093,_
11043,8365
24600,8030
24101,7972
24600,8012
34111,7710
34111,8302
34111,8339
34111,8628
11041,8037
11041,8017
CR4685,_
77261,5198
54520,5600
52337,6270
54520,5522
54520,5631
54520,5980
52337,6230
52612,6270
52612,6230
27506,1623
67400,7815
67400,8152
27506,1609
67400,7925
CF69,5419
CF69,5425
CF69,_
28208,9971
36430,8381
28208,9903
12001,7906
29365,8659
12001,9353
29365,7906
49505,4461
44025,5423
44110,4503
45308,4500
44025,4542
44110,4543
49000,4835
44025,4836
45308,5423
49000,4503
44025,4500
44025,4823
44110,4835
27132,7860
66250,1289
65285,1283
66250,1159
28800,7932
11012,8042
24006,7710
24006,8302
24006,8339
49507,4595
49507,4835
44211,5310
49507,4581
49507,4601
49507,4869
44211,5300
11721,8689
11730,9353
11721,8345
11760,9353
29075,8630
11721,8623
29075,8689
11721,9353
11730,8689
11760,8630
29075,8623
11721,7760
FP01,7360
FP01,7359
49561,5349
49585,5351
23490,7936
23490,7817
27535,7851
27502,5061
47360,7905
27502,3886
59100,9903
36430,6800
59100,9971
36430,7491
II19,4685
II19,4525
27216,7929
MN801,9925
MN801,_
11401,5123
47562,8630
11421,5123
51513,_
69970,1940
69970,2099
69643,7769
69970,1860
MAC73,_
CARCINO9,_
80026,_
67971,884
67961,869
67971,8671
36450,5136
36450,5270
59409,5375
36660,7360
39503,9604
59409,3891
31500,3404
36660,5375
39503,7359
67966,407
42420,824
IO50,_
11400,9933
23670,9820
23670,8628
27054,9971
36430,8075
27054,9903
27236,8095
OO20,7360
OO20,7359
75989,160
61500,8839
75989,125
39540,4610
33208,3995
90935,3772
99943,_
99943,9933
27659,9353
11000,8412
12042,7819
26756,8659
32403,7499
39082,_
80092,7360
80092,7359
51900,5641
51900,5551
42440,9357
16010,2630
42440,8628
00117,4685
00117,4525
00117,_
11040,7931
11000,8699
11000,7756
45331,4131
45380,4131
00370,_
82074,_
53409,_
80926,_
31237,4040
38724,2121
08010,_
22842,9622
11040,7859
22842,4823
11040,9622
45303,7859
11040,4823
11421,3110
10140,3995
11421,8628
10140,3893
11044,3110
31603,8630
90935,8604
11421,7760
SS270,_
SS210,9353
29075,_
SS270,9353
SS210,_
12014,5411
12014,4590
12014,5423
44130,8659
12014,4639
45385,5122
49000,4523
47600,4542
65285,1319
12002,7989
28675,8659
27601,8628
27601,8345
27250,1623
67400,7975
27250,1609
47560,5784
51920,5421
25350,5310
49525,7733
25350,5300
20931,7809
28530,7936
28530,7817
25575,9359
27509,7932
25575,7945
11044,1289
65285,8628
11044,1159
44604,5540
49080,5540
50240,5425
50240,4675
21454,7912
25611,7676
12002,9344
27502,8659
12002,7810
12002,7905
20650,8659
27502,7810
12002,7860
26418,7819
27303,7789
27071,7715
27303,7785
11044,7986
27556,8628
47360,5099
47362,3886
12032,1289
27250,8659
65285,7975
12032,1159
27250,1289
65285,8659
12032,7975
27250,1159
82068,_
82968,7499
27665,7710
67049,1460
67121,1380
15010,_
20111,_
36343,_
MN302,_
54940,7360
54940,7359
54940,_
03640,7759
03640,7360
03640,_
03640,7359
50930,5684
29405,8332
19110,4912
46270,8599
19110,4911
52000,7092
58270,5732
52000,6859
22842,4610
36430,7859
44300,3893
22842,3409
44300,3121
22842,3893
44300,9971
22842,3121
32020,7859
44300,9903
22842,9971
44300,7859
22842,9903
67025,1264
67228,9971
36430,1425
67228,9903
49650,6310
55550,5300
28490,7926
15100,7859
27814,9359
27814,7819
27756,7859
15100,8199
27756,8199
27829,8669
27814,7859
11044,8199
27756,9359
26645,7760
26645,8345
26645,7974
26700,7904
26645,8302
26645,8628
26645,7904
26645,8309
26645,9820
26700,7903
26720,7974
26645,7710
26645,8339
27759,9829
27759,8036
27705,7710
26746,8286
26951,7923
26356,407
26746,8251
26356,7933
26951,8251
26356,7923
26356,8401
59870,6539
27536,7939
27536,7929
65780,1371
65780,1341
93555,4029
93555,5641
50230,8850
93555,3807
93555,5551
92980,9933
43200,4262
43107,4223
43200,4242
43234,8192
43234,8396
43234,8191
43234,8394
33919,3799
33919,3961
55680,6073
11000,139
49522,4563
49522,4562
49522,4590
58720,7051
21497,7760
21497,8309
21497,8345
21497,9820
11012,9355
21497,7710
21497,8302
21497,8339
21497,8628
44160,5451
44180,4579
36510,9971
GH259,1371
GH259,1330
GH259,_
64713,8407
64713,8628
24900,479
64713,8345
61530,8628
61530,8659
36825,6711
58100,3993
36825,6813
62223,8382
33206,3774
33201,3776
26951,8662
26121,8401
26951,8235
26951,8684
36450,160
61500,9901
11043,6639
NSD01,8345
58600,8628
58600,8345
10060,9933
68074,_
02479,_
43246,8192
43246,8396
20600,4311
43246,8191
43246,8394
59514,7759
16010,4613
43234,4579
28525,8604
10060,7938
21215,7809
31515,7691
20956,3142
21215,3999
31515,7809
20956,7691
21215,3142
31515,3999
24120,7760
24120,8309
24120,8345
24120,9820
11012,7763
24120,7710
24120,8302
24120,8339
24120,8628
ISO12,_
66180,1474
67040,1699
66180,1424
29358,8388
29358,8149
64898,9820
11010,450
64898,8628
11000,7851
11000,7731
55821,5810
27477,8345
27605,7925
15756,7710
15756,8302
15756,8339
44180,4533
44110,5451
44180,4500
93510,3781
33212,3772
33208,3781
33212,3722
31990,_
27696,8345
26433,7933
26615,8284
26433,7923
YT148,_
69535,8382
36488,3808
27884,3891
27130,8415
36488,8151
27884,8314
27130,3808
27600,3891
34201,3893
28046,8403
26910,8349
28046,8401
55951,_
58650,7499
55951,7499
58650,_
15736,8284
26432,8332
26432,8669
15736,7859
26432,8382
27598,7936
27598,8339
27759,8416
27598,8345
27598,8302
11000,8670
29305,9959
99432,7905
27502,9351
29305,9929
27502,9959
99432,9351
27502,9929
29305,9933
26765,2181
12053,7934
26765,1840
26765,2751
26765,881
12053,7924
CT309,_
27227,8989
27227,7939
11000,8099
63090,8628
27780,7925
27780,8152
27780,7815
61518,1623
61332,125
61518,1609
51920,7860
44140,5784
51920,4572
20692,7933
26615,7810
20692,7923
ECT81,_
37620,4673
49000,3870
37620,5423
44602,3870
37620,5411
50040,5760
51565,6849
51565,5980
90935,5760
50040,6561
51565,3995
58150,5501
50040,6849
51565,5501
58150,5502
51565,5502
50040,5674
51565,6561
BO25,_
46262,4685
15840,8382
93093,_
58200,9901
36450,4011
9640/,_
11043,8037
11042,9622
27365,8345
99343,9933
99343,_
20200,6561
22305,7800
22600,353
22326,8129
22305,7989
22600,7800
22326,353
20902,8129
22305,7929
22600,7989
20902,353
22305,8129
22600,7929
36145,4525
44140,3895
36145,4572
45380,3895
12042,407
11000,884
67961,9820
11010,884
11010,8671
26700,8659
12002,7974
27502,125
61312,9351
27502,124
29305,125
61312,7905
29305,124
15260,9820
15260,8628
43255,8753
45264,_
JK746,4341
JK746,4233
JK746,_
11043,9933
99432,8628
11043,9929
11043,9959
99432,8345
44143,6539
75757,4685
45378,9512
75757,4525
26670,7760
26670,8309
26670,8345
26670,7710
26670,8302
26670,8339
25622,7979
25520,7903
25622,7902
33504,3699
33504,3961
37074,_
19101,8908
88331,8511
19101,9199
44300,8628
11043,4675
44300,8345
44300,4675
50240,6561
58950,3995
90935,5540
50240,5440
50240,3995
58950,5540
50240,6529
43235,4594
44145,4513
56605,7360
59409,7111
56605,7359
44950,3482
99460,9933
27601,7760
27601,8339
27601,9820
27610,8314
27601,7710
27601,8309
27601,8017
27601,8302
26951,8689
28415,3800
35761,7939
28415,3991
28415,9357
11010,8660
21454,7815
21454,8152
21454,7925
58400,7040
57250,6922
58275,7052
58400,7071
58400,6859
57250,7040
58275,6922
58400,7052
66850,1200
65235,1341
32000,4442
23920,7860
24516,9344
34101,8408
67930,7840
20650,7931
23920,8444
24516,3803
67930,3891
20650,881
23920,7810
24516,7860
34101,9344
67930,8408
20650,7840
23920,7931
67930,3805
20650,3891
23920,881
24516,7810
34101,7860
67930,9344
20650,8408
23920,7840
34101,8444
67930,3803
20650,3805
23920,3891
24516,881
34101,7810
67930,7860
34101,7931
67930,8444
20650,3803
23920,3805
24516,3891
34101,881
67930,7810
23920,9344
24516,8408
34101,7840
67930,7931
20650,8444
23920,3803
24516,3805
45100,9357
16010,4923
45100,8628
33208,8867
75820,3772
ZZ92,_
PZ370,7360
PZ370,7359
PZ370,_
NIOICD,_
21315,2169
30140,2171
21315,2161
65870,1269
67921,1664
67583,842
31600,379
63741,3995
31600,371
90935,379
63741,3121
90935,371
35271,3923
35271,3957
37620,6529
43244,5423
49000,4341
43244,3491
32000,4341
43244,5411
49000,4233
26600,7934
26735,7903
26600,7924
26420,7760
26420,8309
26420,8345
26420,9820
59514,5361
49560,7499
59514,5351
11000,5104
47480,8628
11000,5103
11041,4912
11041,4911
44320,4620
24500,9357
48545,7901
16010,5295
48545,9357
16010,7901
24500,5295
48545,8628
63704,233
77421,5421
43653,_
12034,7796
27759,8659
12034,7936
27350,8659
ANC2,_
11401,8623
11443,8623
27745,7925
63281,7789
22842,340
63281,309
63046,340
63281,7859
32020,5581
50500,3409
25910,6849
25910,6561
25910,_
JII8,_
75676,8841
OO149,_
OZ370,7499
OO149,7499
OZ370,6639
OO149,6639
82041,_
82961,_
82410,_
82033,_
77261,9901
61140,102
61020,113
47562,4572
12047,8382
67935,7860
20690,9344
20650,1060
67935,9344
20690,1060
67935,7810
20690,881
59513,9623
46940,7499
59513,4939
36430,9820
11012,9903
27033,9971
36430,8015
27033,9903
11040,7933
11040,7923
23480,7929
FRACTURE,_
59136,5425
25280,8385
58960,6589
58740,5419
59451,_
39213,_
39213,6970
23500,3409
32020,7909
27827,7852
24498,7817
27824,8659
11000,7906
12013,7906
49000,9788
99256,4542
28660,2759
40525,7974
28660,2743
26551,3930
26551,7809
26551,8269
CP20,9971
CP20,9903
CP20,_
31603,4262
43107,3110
31603,4242
67570,442
45300,4675
44605,4824
44320,4824
DO512,8544
DO512,8543
DO512,_
80014,_
10244,_
30481,_
PZ380,9933
PZ380,_
AL89,_
11000,9355
27786,2181
27786,8659
32220,9971
36430,3451
32220,9903
43634,4360
43634,5423
43631,4389
43634,5411
42420,2929
42415,2632
27187,7760
27187,8309
27187,8345
27187,7710
27187,8302
27187,8339
67015,1371
11044,4442
24575,4461
24575,7710
24575,5411
49000,7931
24575,8309
24575,4442
24575,9820
11044,4461
24575,7760
43840,7931
24575,8302
24575,5423
24575,8339
29345,8659
NOICDFOUND,_
31603,4610
44143,3110
31603,4575
58740,7430
59121,6589
50980,5995
51065,5600
50980,5719
51065,5631
58540,6639
59525,6949
58540,6840
58540,6839
96408,3952
35081,9925
96408,3844
44111,4709
44960,4500
31327,_
31327,2263
31255,_
31327,2119
45400,8544
19240,4876
45400,8543
51065,3995
28024,8286
26410,8018
27495,9357
11765,9971
36430,8623
11765,9903
45111,4575
27756,8017
ECO00,_
MI120,_
50941,5423
50941,5411
50941,4513
50941,_
36670,_
11000,8185
24587,8628
11730,7934
11730,7924
26765,8623
25575,479
25575,460
71299,6840
71299,6839
71299,_
65101,1692
67412,1649
65101,1609
26951,8405
16035,407
25900,8609
TUMORMASS,_
36488,5151
47420,3893
36488,5104
00349,_
45399,_
31775,3348
11043,8012
64776,407
03399,_
31525,2121
31525,2103
31231,3142
31525,2102
21453,5423
49000,7675
21453,5411
36420,_
49505,9903
47420,5425
22900,5349
49580,5430
22900,5341
23570,8309
23680,8345
23570,9820
23680,3409
23570,8302
23680,8339
23570,8628
23680,7909
23570,7931
23680,8309
23570,8345
23680,9820
23570,3409
23680,8302
23570,8339
23680,8628
90372,_
11041,7979
11041,7902
26715,7904
26418,7814
26608,8286
26418,7904
26720,7922
26608,7989
26715,8286
26608,7904
26715,7814
26418,7922
26720,8286
26720,7814
26608,7922
31600,5361
49565,3121
31600,5351
58520,6829
58555,6941
58558,6949
58520,6651
58700,6812
58700,6941
58555,6949
58558,6651
58520,6812
58700,6816
58700,6949
58555,6651
58520,6816
58700,6829
58558,6941
01410,7360
01410,7359
33207,3722
92982,3776
33207,66
45378,6522
58920,4685
58920,4513
43235,6522
58920,4575
44143,6522
58720,4513
58920,4525
IM199,_
49320,4563
44120,5421
49320,5459
21423,7935
27513,7674
21423,7815
29358,8036
50230,8753
47605,3807
47605,5551
43235,4595
44150,4513
47360,3482
32005,7939
23515,3492
32005,7929
DH7,_
44160,5310
49495,4579
29345,7955
27519,9353
31575,160
61500,3893
31575,125
61500,3142
11462,5310
49520,8630
11462,5300
28470,125
61312,7907
28470,124
27470,7925
27709,9820
11010,7737
27709,8628
ZN939,_
24341,8181
24341,8021
24341,8363
24341,8041
65780,1623
67400,1689
65780,1609
58562,6829
66983,1214
66625,1319
11000,7769
63012,8628
27658,8314
27893,8364
27658,8016
27372,407
27372,8364
27893,8016
27658,407
25270,3800
25270,9357
25270,3991
44960,4595
29305,8036
28008,8411
28008,9971
28810,8303
28008,9903
28810,8314
59531,_
NSD01,3893
47122,8628
11043,5022
47122,8345
45303,4680
49000,4823
44050,9622
45303,5411
49000,9622
45303,5423
44050,4823
SD229,_
25560,7783
23515,8907
99256,7929
27685,8684
27685,8670
15100,8684
26597,8385
27685,8669
NOICDFOUND,9933
21044,4040
38700,7769
21044,4021
21044,4029
27506,8839
75940,7815
75940,8152
27506,3870
75940,7925
44140,5760
58240,4572
12016,8036
25611,9829
12016,7912
25611,8016
12016,9829
27331,7912
12016,8016
25611,8036
20251,7789
22214,7749
63047,7739
20251,309
63047,7749
20251,7739
44604,4824
47780,5104
47780,5103
25215,9357
16010,7784
25215,8628
77418,3893
43246,9925
96408,4311
47361,4639
36488,5103
48001,5061
37607,650
60271,3953
37607,639
VO2,_
65755,1474
67052,1164
65755,1370
LO89,8628
LO89,8345
27752,7932
47563,5425
45331,6561
66185,1299
27409,7935
27514,8146
27409,7815
28805,407
27892,8332
28805,8314
44020,4620
44310,4502
11011,3402
11011,3349
12002,294
12002,9788
15100,8659
12002,7936
12002,8669
29345,294
20680,7819
27759,294
12002,7819
27756,7860
27759,9788
23500,2181
23500,8659
47420,5294
32020,7817
49566,5411
00118,_
36430,6601
59150,9903
58345,6551
58940,8782
58345,5423
49000,8782
58345,6539
58940,6999
58345,5411
49000,6999
11100,8548
19220,8611
11100,8547
27620,407
27750,8401
11010,8017
27760,8037
27760,8401
26951,8037
27620,7906
27750,7909
27750,8037
25312,449
64727,8375
36450,5104
47480,9901
36450,5103
47765,5423
36450,5499
47765,5411
47765,9901
37057,_
44205,9959
36568,1739
99432,4593
44205,9933
36568,4593
44205,9929
44205,3893
99432,1739
36568,4562
61312,7929
54640,6100
62270,9971
26720,8382
QO39,_
49080,4800
21025,8345
11044,8185
24587,7760
24587,8345
44900,4685
49420,4720
44900,4525
43235,4720
44900,4513
45378,4720
44900,5419
88174,6849
44005,8838
58200,9199
38770,6529
88174,5423
58952,9199
88174,6561
58200,8838
88174,5411
88174,5440
58952,8838
88174,4011
38770,8838
88174,6529
88174,4030
49000,8838
88174,5459
58952,4011
49255,8838
44141,5300
MK939,_
15756,7760
27640,8382
27640,8669
11043,7780
15756,9357
27640,8332
15756,7780
15756,8382
15738,7780
15100,7780
24495,8407
24495,9357
24920,8669
15100,8407
16010,3803
24920,3803
38745,9357
16010,4023
38745,8628
50760,4610
58952,5675
44141,6529
44141,5760
50760,4850
44141,6849
50760,6880
58952,4572
44141,5675
50760,5440
44141,4850
50760,5671
44141,6880
58240,5675
50760,6529
44141,5671
50760,5760
33208,3776
33206,3772
11100,7935
27514,8611
11100,7815
25922,8309
25922,8345
25922,9820
11011,8404
50785,8773
50715,9649
50785,5902
50715,9646
50785,9649
52005,5902
50715,5674
50785,5732
50715,8773
50785,9646
25525,4610
44143,7819
44143,7979
25525,4575
44143,7932
31000,8628
11000,2100
31238,8628
11000,2200
46285,4542
45333,4912
46285,4524
46285,4543
45333,4911
67950,884
15820,859
32002,9605
31645,3404
12282,_
50240,4029
50240,5641
50230,5540
50240,3807
50240,5551
33974,3931
59514,3958
33974,9744
35840,5850
35840,6373
19100,7931
36488,8444
24516,8511
19100,3893
36488,7840
19100,8444
36488,8511
24516,3893
19100,7840
17110,7360
17110,7359
36488,7975
27250,3893
32005,3460
32650,3492
TOO1,_
47600,6551
58940,5122
47600,6539
24515,9971
36430,7931
24515,9903
27511,9903
36430,4929
46614,9903
27823,125
PO30,9933
PO30,_
KO92,_
36450,7759
59612,9901
11010,8034
26105,8628
35840,8753
10140,3806
47610,8604
35840,5122
10140,8753
47610,3806
35840,8604
10140,5122
63282,9971
36430,340
63282,9903
11042,9959
99432,8659
11042,9929
12001,9959
12001,9929
11042,9933
27495,7929
27566,7815
27495,7796
58950,5411
25425,7932
42882,_
11044,8499
35800,9357
16010,3802
35800,8628
47350,4639
47350,4590
44130,5061
23615,7935
23615,7815
57135,7021
57454,7033
57135,6712
SDS01,_
38510,9971
38510,9903
45550,4513
45303,4576
36488,9622
45303,4709
36488,4576
43235,4875
45550,4823
64856,8388
11010,430
25274,460
64856,8628
11010,460
64856,9820
25274,430
76003,7360
59409,8839
76003,7359
51550,5759
51030,5760
51550,5719
44300,9607
44300,4513
44389,9607
43241,4610
12001,4590
12001,4562
12001,3409
12001,4563
50236,8345
31090,2290
31290,2253
36145,5631
52337,3895
36145,5600
26080,9357
26135,8014
16010,8074
26135,9357
16010,8014
26080,8074
26135,8628
27507,7926
44960,6310
49502,4675
44604,6310
49502,4709
61313,3409
31603,3409
43750,3893
43750,3409
94178,7860
94178,_
58661,6999
51010,9933
36510,5711
51010,3892
76360,7791
32000,8838
32035,3491
32000,7791
32035,8838
28272,8628
28272,8345
11000,3402
32100,8628
11000,3328
57510,6829
07081,_
OO35,_
32140,9929
32140,9959
99432,3229
32140,9933
29065,3391
29065,3323
24579,7852
24498,7931
24579,7850
20650,125
61304,7860
61304,9344
61304,7810
50391,5700
52005,9929
50391,5980
52310,9929
50391,5732
50391,9646
33332,3929
37205,3958
93510,3990
33332,3722
37205,3929
33332,3990
37205,3722
33332,3958
90935,3733
33545,3995
90935,3572
26474,9820
26952,8388
26474,8628
26474,407
43202,4620
44310,4224
POLYP,4542
POLYP,_
43122,3893
96408,5149
11000,8051
31600,8099
63075,8628
63081,3121
36145,8403
45378,3895
27880,3895
26910,4525
36145,4685
28200,8018
28020,8388
27427,7936
27535,8146
27427,7817
35761,8381
27665,3800
23650,125
21406,7971
21347,7679
21360,7939
23650,124
21406,125
21347,7971
23650,7672
21406,124
21347,125
21360,7971
61312,7679
21406,7672
21347,124
23650,7679
43641,4402
20690,8332
28805,7810
44005,8444
23616,5459
44005,7931
27880,7810
20692,8415
47610,5423
27848,7939
23515,7989
11040,7936
11040,7817
21616,522
21616,7791
75961,8839
75961,9820
24582,7932
24665,7911
24582,7783
62272,8345
27040,8345
96408,6551
32020,8036
26715,407
31087,2241
31087,7849
54383,4542
54383,_
50578,5521
50578,5523
50578,5539
50578,8773
50578,9227
50578,9645
50578,9649
58600,5310
49521,6639
58600,5300
26735,8199
27829,7934
26735,9359
27829,7924
56501,9971
36430,7180
56501,9903
NM490,_
27201,_
25810,9788
29085,8126
25810,294
29085,9788
25810,9353
20680,8126
29085,294
25810,7860
27070,7710
27070,8302
27070,8339
28320,7939
28420,7848
28320,7809
MOO96,8192
MOO96,8396
MOO96,8191
MOO96,8394
MOO96,_
21454,7935
27507,7676
47510,8753
47510,5122
36488,5674
50785,3893
96408,160
61500,9925
MCP91,_
27495,7819
58120,5151
58120,8754
47620,6909
58120,5183
15220,8388
25270,8669
22808,8345
27497,7815
27497,8152
27506,8314
27497,7925
AO71,_
27236,8036
25429,_
11000,2079
69910,8628
11000,2049
24615,9357
16010,7982
25335,7849
27507,8016
11043,8699
28810,7756
14350,8411
11043,7756
28810,8699
67875,1049
68320,889
67875,1044
14100,_
44005,4865
45120,5459
44310,4595
45120,4673
44310,4865
45120,5423
44602,4595
49000,4865
45120,4620
44602,4865
45120,5411
25520,7935
27507,7902
27323,7925
33512,3780
33305,3613
90935,3749
33512,3995
33305,3780
92982,3749
33512,3961
33305,3995
33206,66
33512,3722
93510,3749
33305,3722
36488,3749
33206,3893
33512,3776
33305,66
36488,3613
33206,3749
92982,3961
33512,3893
33305,3776
33206,3613
33512,3749
33305,3893
25449,8309
25449,8345
25449,9820
11011,8197
25449,8302
25449,8339
25449,8628
12053,_
11042,_
49497,9933
44320,4575
42820,2080
69420,2830
42820,2009
26715,8382
15736,7989
26715,8332
15736,7922
89026,_
46630,_
32174,_
EGD,4685
EGD,4525
EGD,4513
EGD,_
95510,_
75080,7360
75080,7359
75080,_
31600,407
42420,4311
31600,2632
43750,407
42420,3121
43750,2632
50605,5620
50605,5732
50605,9645
25392,7823
27078,8152
27125,7765
44950,4195
44950,4143
26615,8014
26080,7933
26080,7923
27880,8659
12035,8415
12035,8417
44605,4563
44125,4675
44605,4562
44605,4639
64718,8628
32005,5423
58960,3492
32020,4030
32005,5419
32005,5440
58960,3409
32005,4030
32005,5425
66982,1475
54115,7760
11012,6492
58558,4709
44950,6816
32000,4562
44205,3491
32000,4593
32000,1739
90345,_
64820,529
27752,7989
22325,7906
27752,7929
66985,1289
65280,1372
66985,1159
19110,4685
45378,8599
19110,4525
40720,2762
42210,2754
40720,2450
56664,_
INFECTEDWOUND,_
36280,_
75842,8865
80251,_
44969,_
10158,_
32974,_
47605,8604
11043,4449
43501,8345
11043,8060
58671,6639
58558,6822
58560,6812
58560,6909
58555,6822
58560,6816
90935,9359
27509,3995
90935,7945
46744,9933
99432,7079
46744,9929
46744,9959
99432,4879
99432,5849
16010,9933
99432,9357
16010,9929
16010,9959
58300,9929
99432,6970
28810,8446
33852,3931
45378,8192
45378,8396
20610,4525
18047,6813
18047,6711
18047,_
52276,3995
26767,_
26767,8628
26767,7760
26767,7819
26767,8345
26591,7939
26665,8289
26591,7814
COLONOSCOPY,4542
COLONOSCOPY,_
40255,_
26034,8192
26034,8396
20610,7719
26034,8191
26034,8394
61320,1860
61320,2049
25515,7936
27536,7932
47350,4563
44140,8659
12031,5423
49255,8659
12031,4590
DCREYESURGERY,_
59243,8782
59243,6999
59243,_
27556,7710
27556,8302
27556,8339
65105,1692
67412,1641
45355,6829
45100,4542
24426,_
10060,2181
58763,_
32157,_
36488,5299
48001,3893
44005,7760
44005,8309
11012,5459
44005,7710
44005,8302
44005,8339
67036,1452
27033,8401
26951,8015
27033,407
25360,8345
25337,7932
28922,9041
28922,8909
28922,_
OM809,_
27245,125
27245,124
11011,7976
26235,7760
26235,8309
26235,8345
26235,9820
26235,7710
26235,8302
26235,8339
26235,8628
44316,4639
11000,1623
67400,8628
11000,1609
61312,9344
61312,7860
27535,8907
99256,7817
20692,9829
20692,8036
27814,8037
27620,7936
27814,9353
27814,7909
25020,7932
15220,7979
25525,8314
15220,7819
25020,7979
15220,8314
25020,7819
15220,7932
18934,3491
18934,3404
18934,_
47741,9933
83151,_
44174,_
40601,5810
40601,5860
40601,6094
40601,8929
40601,5732
40601,5850
40601,6029
40601,6373
40601,_
31500,5349
49580,331
31500,5341
62270,5349
49580,9604
62270,5341
21920,8192
21920,8396
20610,8321
21920,8191
21920,8394
25600,5641
50220,7902
25600,5551
29345,7840
27724,9353
29345,7807
890/0,_
38500,6561
38500,5411
46260,4824
46260,8672
46260,4973
42815,407
42815,2929
11044,4673
44602,7905
27502,4673
67935,7760
11044,1060
99256,9821
65275,8907
99256,1151
99256,1940
99256,2099
69641,8907
99256,1860
99256,2049
47361,4442
43840,5000
43840,5099
47361,4461
43840,5029
BD49,_
10180,7359
10180,7360
25600,7936
27535,7902
25600,7817
80936,7360
80936,7359
80936,_
61320,9604
49560,5310
49505,5351
37616,8382
36011,9933
62074,_
68016,_
61563,8345
27814,7810
62141,8628
11044,4513
43234,206
62141,7760
62141,4513
11044,206
43234,7760
62141,8345
51550,4824
36488,5760
36488,4824
45300,5760
51550,3893
77421,125
63015,_
61512,309
77421,124
63015,125
77421,309
63015,124
28308,8345
67971,7760
67971,8309
67971,8345
67971,9820
11012,869
67971,7710
67971,8302
67971,8339
67971,8628
25525,9971
36430,7819
36430,7979
25525,9903
27253,8152
35190,7760
35190,9971
27506,3953
35190,8152
35190,9903
11044,3953
35190,7925
36430,3953
35190,7815
22558,309
22558,7859
22558,7789
YI129,_
57720,6970
58300,6769
58300,6761
12002,7979
24635,7979
24635,9353
51860,5061
47360,5781
51860,3886
90935,4632
44373,3995
11042,7979
11042,7909
36450,5498
90945,9901
15750,2271
30580,8670
15750,2239
44186,4610
24920,8382
03004,_
47652,_
IM801,6849
IM801,6561
IM801,_
WW999,_
37140,8345
37140,3910
29075,5411
24650,7934
26765,7902
24650,7924
27814,7929
51045,6849
58150,5719
25805,8126
65280,1472
50951,5980
66825,1269
66825,1264
21365,7675
21453,7672
45170,6813
58100,4824
45170,6711
45300,6813
58100,4835
45170,4824
45300,6711
46935,4685
43235,4949
46935,4525
46935,4513
11044,7646
21179,8345
PO12,9933
PO12,_
27226,7933
29085,7935
27226,7923
26615,7935
27226,9353
44125,4572
76942,4590
44140,4639
44125,_
76942,4641
76942,4562
76942,5411
76942,4563
44140,4641
76942,5423
44314,4572
76942,4639
44314,_
76942,4572
44314,4590
43239,8544
19240,4514
43239,8543
35103,3893
20650,9829
44603,5295
44603,4461
48545,4673
44603,4442
52214,3995
43810,3198
60220,4439
31529,620
43810,3142
60220,3198
31529,4439
43810,620
60220,3142
33430,3611
25575,8989
43124,4265
36488,4679
43108,4211
43124,3893
36488,4242
43124,4679
36488,4211
43108,3893
36488,4265
94943,9933
49525,3995
19160,8595
19357,8523
19160,8570
08213,_
11041,9933
10160,8332
11313,8382
32020,8669
15732,8609
10160,3409
11313,8345
10160,8669
11313,8601
32020,8609
11313,8332
32020,8382
15732,8601
10160,8609
11313,3409
10160,8382
11313,8669
32020,8601
15732,3409
11313,8628
32020,8332
25270,7989
25676,8388
43652,4402
43652,5421
51550,6639
58661,5760
26727,7984
26356,7819
61512,6849
45562,6589
58150,124
58740,125
61512,4800
61512,6589
45562,124
58150,125
58740,4800
61512,4879
45562,125
58740,4879
61512,6561
58740,124
27880,7905
27502,8415
47122,5641
50220,5022
47122,5551
22851,8192
22851,8396
20610,8451
22851,8191
22851,8394
90935,4979
90935,7079
46746,3995
90935,4879
90935,5849
35565,3925
OA,_
32579,_
45355,4542
27591,7760
28810,8417
27591,7710
27591,8411
27502,8989
27218,7905
27502,7939
36488,5523
15220,7936
58673,4709
17381,_
31601,2211
31601,2121
31601,3143
53951,_
44130,4620
31575,4233
90935,3142
31575,9903
43255,3142
31575,4443
31575,9971
36430,3142
31575,3995
ZS961,1371
ZS961,1330
ZS961,_
YO49,_
25272,7760
25272,7710
21346,9971
21346,9903
56740,7071
NSD01,7124
57250,7124
56740,_
99256,242
61526,8907
99256,125
61526,242
62230,8907
99256,124
99256,639
35670,7360
35670,7359
35670,_
11040,7819
11040,7676
44205,4685
44205,4525
51600,5423
45110,8776
44320,4850
51600,5411
45110,5423
49000,8776
51600,4850
45110,5411
44320,8776
51600,4610
68815,881
67935,944
68815,1060
33208,3409
32020,3772
40808,4311
43750,2724
41108,4311
50780,6529
35862,8544
35862,8543
35862,_
76942,8345
21600,8628
15934,_
11044,7791
76942,8630
21600,7760
15934,8345
11010,8199
26034,9357
28420,7935
27244,7809
41505,5310
41505,5300
41505,_
21462,7760
21462,7710
24900,3803
27265,8628
27265,8345
49215,9971
49215,9903
24575,7925
20615,8302
20615,7814
26608,8016
27310,7945
16035,8018
28022,8609
82045,_
44210,4641
44314,4581
63012,9901
36450,309
08002,9933
43750,5423
49000,4311
43750,5411
52450,5995
51065,6000
52450,5719
68074,7499
43633,4514
43633,4685
43633,4525
61510,331
20690,7800
27330,7760
27330,8309
27330,8345
27330,9820
11010,4673
44602,4150
38100,4673
11011,8014
55060,5850
55060,6373
11043,4195
38115,8345
11041,5423
11041,5411
44153,9933
99432,4595
99432,4835
44153,9929
44153,9959
99432,4582
99432,4601
821/3,_
36488,8414
28008,3893
27888,8314
28008,8414
27888,3893
59581,_
10010,9357
10010,8628
22224,9353
29345,8051
22842,9353
29345,7739
65093,1475
67025,1631
65093,1471
43246,4443
43255,4311
43246,4233
27756,7931
35161,8628
11000,3840
27226,7931
33870,3722
14001,7760
14001,8309
14001,8345
14001,9820
14001,7710
14001,8302
14001,8628
27226,7949
27507,7975
27193,7935
27226,7909
27507,7949
82042,_
31575,3121
40050,_
28120,8669
15240,7789
24350,8405
23397,8628
11043,8377
23397,8345
49420,9604
31500,5419
27511,7842
59411,6839
58180,7252
27509,7925
24538,7945
27506,9359
24538,7815
27509,8152
24538,9359
27509,7852
24538,7925
27506,7852
27509,7815
24538,8152
27506,7945
35800,640
60254,3802
35800,4040
77401,7631
21025,7760
77261,8628
77261,8345
77401,8628
21025,_
11044,7631
77261,7760
77401,8345
21025,8628
77261,7631
77401,7760
14174,_
99213,_
33416,3711
61440,124
61571,7760
61571,8309
61571,8345
61571,9820
61571,7710
61571,8302
61571,8339
61571,8628
44140,7710
44140,8302
44140,8339
24685,8030
28825,7937
27520,9344
27502,7909
27520,7810
27520,7905
20650,7909
27520,7860
27238,4341
27130,4530
43251,7905
27238,8151
27130,4233
27238,4530
27130,7905
43251,8151
27238,4233
27130,4341
50240,5504
50081,5540
50240,5503
43830,8839
75980,4319
43830,8754
65054,_
55470,4709
44960,_
65054,4709
55470,_
40571,5810
40571,5860
40571,6094
40571,8929
40571,5732
40571,5850
40571,6029
40571,6373
40571,_
69957,_
54560,4610
KJ039,_
31500,8401
31500,407
36488,8401
27590,9604
26951,8417
27590,8401
11000,9604
26951,3893
31500,8417
26951,9604
11000,7809
25600,125
61304,7902
25600,124
93505,3725
84157,_
27524,7855
27450,7936
27524,7735
75953,3995
24545,8403
26910,7931
24545,8401
11010,8018
28208,7939
23515,8381
28208,7929
11011,2752
41250,8302
41250,8339
19271,8628
11000,7791
19271,8669
11000,3440
15200,3479
43810,9933
11041,2752
11041,2551
HII01,_
32035,5423
32035,4673
44602,7791
48153,5411
36488,8611
11100,3995
90935,8611
11100,3893
36011,8611
27652,7710
27652,8302
27652,8339
61526,8628
49000,7810
20650,5423
49000,9344
65285,7819
21244,1159
15240,7929
15240,7819
37607,3482
49000,3953
37607,5423
39501,3953
37607,5411
26412,8345
42830,2080
42830,2009
21325,125
61312,2172
21325,124
29405,9829
29405,8036
12042,3952
35045,8659
12042,3843
61314,7929
11043,9359
50575,5425
49000,5521
49080,5620
49080,8773
50575,5423
49080,5521
49000,9645
49080,9649
50575,5411
49000,5620
49080,5631
49080,9645
27827,7819
24545,7936
24545,7817
54530,7949
47600,9604
31500,5122
21343,7859
21400,7950
21436,7929
21343,7678
21400,7809
21343,7950
21400,7929
21436,7678
21343,7809
21400,7859
43248,4610
44300,4292
P0001,3995
36603,_
61516,7760
61516,8628
61516,8345
38220,6711
16010,6813
36488,4131
58100,5551
38220,5641
11000,4131
50220,8628
38220,9901
16010,5551
11000,6711
50220,6813
58100,8628
38220,9357
11000,5641
36430,3892
36510,9903
90935,8076
43239,3993
27334,4514
90935,8016
36800,8076
27334,3993
36800,8016
43239,8076
27334,3995
36800,4514
43239,8016
63017,4685
32020,309
63017,4525
45378,309
63017,3409
99256,5149
27590,7810
20690,8417
49000,3846
49000,3952
35103,5411
58600,3491
12057,6639
32095,2181
32002,2751
32095,8628
58600,3404
12057,3491
32095,1840
32002,2181
58600,2751
32095,8345
58600,3409
12057,3404
11043,3491
32095,6639
32002,1840
32095,881
12057,3409
32002,6639
58600,1840
32095,8659
32002,881
32095,2751
58600,881
11011,7855
93543,3770
33207,8857
33210,8857
26776,8670
61315,3893
21470,125
61312,7676
21470,124
43832,3121
27514,9357
31600,2752
41252,3121
31600,2551
27025,7935
27511,8314
27025,7815
27506,8388
27654,7815
27654,8152
27506,8149
27654,7925
NSD01,7936
27822,_
NSD01,7819
67228,9959
36488,1425
67228,9929
67228,3893
99432,1425
32110,4675
44604,3402
44604,3349
90935,4011
38510,3995
60901,_
39540,9933
11424,9933
27536,7912
27590,7936
25611,8417
27590,7912
27536,8417
34501,5029
69502,1940
69502,2023
15756,9820
20670,8036
15350,8332
20670,7796
20670,8332
27350,8669
15350,7810
15350,8016
27331,8332
15756,7936
27310,7796
15756,8036
27310,8332
27524,8669
15350,7860
11011,7796
20670,8016
15350,9829
15756,7796
20670,9829
27350,8332
11043,7796
15756,8309
15756,7810
15756,8016
27524,8332
20670,8669
27350,7810
15350,7936
15350,8036
27331,8669
15756,7860
20690,7796
15756,9829
15350,7796
23920,8314
24495,8408
29898,8309
29898,9820
11011,8087
29898,8302
29898,8339
29898,8628
27759,7789
27215,7979
27215,7909
24685,8669
11000,5980
30520,2860
30130,2150
42830,2188
42830,2161
30130,2860
42830,2150
37618,7936
15100,3880
27758,3880
37618,8669
62140,_
42381,206
62141,_
42381,_
27524,7989
27033,8309
27033,9820
11011,8015
27033,8302
27033,8339
15120,8401
15120,8403
63001,7989
63001,7929
58700,4590
44140,6651
58700,4572
59505,5310
59505,6270
59505,5300
59505,6230
62100,125
59402,8628
15120,7499
59402,8345
15120,_
59402,8669
59402,7499
59513,8669
79200,_
27244,9357
99432,4675
44605,9929
44605,9959
44605,9933
82078,7860
82078,_
27217,8129
22554,7939
42378,7860
42378,_
82279,7936
82279,7817
82279,_
61020,125
61312,102
44604,7906
27750,4675
62280,_
24351,8314
16010,8399
24351,3121
15756,8314
24351,8399
31600,9357
24351,8332
15756,8399
24351,8628
24351,8669
31600,8399
24351,9357
16010,3121
27848,8332
15738,8199
61140,3121
62223,113
61140,233
31600,113
11010,8412
27535,125
61313,7817
51065,5503
51065,5521
20055,_
27310,9359
27509,8016
31088,9357
31088,8628
31088,_
94610,3891
36660,331
36660,_
62270,3891
44360,5423
44360,5411
11040,7769
31600,8051
31600,309
11040,8051
63075,3121
11040,309
11043,4593
44160,8345
27086,9925
36568,9829
20225,3893
27086,7749
20225,9829
27086,7745
36568,7749
96408,9829
27086,3893
36568,7745
33543,_
35336,_
61313,8669
84179,7936
84179,7817
84179,_
24495,8332
15734,3803
84057,_
25545,7935
25545,7815
11010,8422
10051,_
11010,4311
43750,9820
00809,_
00809,6970
44620,8302
44345,8309
25810,8339
44620,7760
44345,8302
25810,8309
44620,7819
44345,4650
25810,4643
15736,8126
26727,8669
44620,7710
44345,7760
25810,8302
44620,9820
44345,7819
25810,4650
15736,4643
15100,8126
26727,8382
44620,8669
44345,7710
25810,7760
44345,9820
25810,7819
15736,4650
15100,4643
26727,8332
44620,8382
44345,8669
25810,7710
44345,8628
25810,9820
15736,7819
15100,4650
26727,8126
44620,8332
44345,8382
25810,8669
44620,8339
44345,8345
25810,8628
11012,4650
26727,4643
44620,8126
44345,8332
25810,8382
44620,8309
44345,8339
25810,8345
26727,4650
44620,4643
44345,8126
25810,8332
22310,8345
06401,125
06401,124
06401,_
62160,4590
58912,_
20051,_
23238,9933
23238,_
50757,5620
50757,5732
50757,9645
50757,_
69020,9933
48562,_
99426,_
59182,_
AOG9,_
90239,_
ZP204,9933
ZP204,_
82023,7499
59620,_
82023,_
23222,9959
46213,8123
99432,7762
23802,8441
23222,_
46213,9929
23222,8123
46213,7762
99432,8441
23222,9929
46213,9933
46213,8441
23222,9933
46213,9959
23802,7762
46213,_
04410,7499
03210,7499
46212,8123
46212,9929
46212,7762
46212,9933
46212,8441
46212,9959
46212,_
40212,8123
40212,9929
40212,7762
40212,9933
40212,8441
40212,9959
40212,_
MS13/1,_
49080,5061
47360,5425
49080,3886
NSD08,_
99433,9933
MS020,4590
MS020,4572
MS020,_
ESSENTIALHYPERTENSION,_
BW347,_
BL54,_
JA189,_
HPN,_
47120,9933
11011,3880
47122,9933
57282,7079
58260,7077
58260,7079
57284,6859
57260,7079
57284,7077
49585,5440
C19FRP,_
C19T1,_
C19CI,_
UO71,_
C19T2,_
51920,7051
57260,5784
