raw_code,mapped_code
89221,8909
89221,9041
99432,9929
99432,9933
99432,9959
89222,8909
89222,9041
90935,3995
99460,_
FP001,_
12001,8659
MCP01,_
ANC01,_
11000,8628
23500,7909
12011,8659
10180,8604
NSD01,_
P0000,_
59409,7359
59409,7360
12002,8659
10060,8604
96408,9925
50590,9851
26951,407
26951,8401
58120,6909
66821,1364
66761,1212
75757,9512
66984,1330
66984,1371
11100,8611
11308,8609
21930,8339
36488,3893
77418,_
77401,_
38500,4011
77261,_
55530,6310
19100,8511
65426,1132
66170,1264
66170,1269
11770,8621
58300,6970
45378,4525
45378,4685
43239,4514
25110,8331
66987,1341
66987,1371
11303,8609
11312,8609
11040,8628
27610,8017
28001,8303
67800,821
47562,5123
58345,6999
58345,8782
24530,7901
29065,9353
19120,8521
16010,8628
16010,9357
59514,7499
58600,6639
47600,5122
59513,7499
65780,1689
65285,1159
65285,1289
65222,9821
59812,6902
11043,8345
11043,8628
58100,6711
58100,6813
76942,_
ANC02,_
99246,8909
99246,9059
77421,_
45385,4523
45385,4542
45385,4543
11750,8623
43235,4513
FE142,_
67210,1454
66762,1239
65210,1200
65210,9822
26600,7903
29075,9353
11404,8630
43255,4233
43255,4443
12013,8659
36825,3993
43260,5110
52310,5700
52310,5732
41800,2400
11444,8630
11044,7760
11044,8345
11044,8628
25600,7902
25520,7902
25520,7979
45355,4522
31231,2121
90375,_
36821,3929
36430,9903
90935,9971
36430,3995
90935,9903
36430,9971
59401,7359
59401,8908
59401,9059
59401,9449
59401,9938
45380,4525
38300,4000
67228,1425
28124,7789
AO99,_
AO99E861,_
59411,7252
58300,7360
59409,6970
58300,7359
11400,8630
P0001,_
23650,7971
10140,8604
28002,8314
29358,9353
11403,8630
65782,1689
20610,8191
20610,8192
20610,8394
20610,8396
11440,8630
43259,8874
57510,6732
26115,8630
43243,4233
21556,8332
69420,2009
31231,2080
69420,2121
31231,2009
69420,2080
45384,4523
45384,4542
45384,4543
54112,6420
54112,6449
21015,8339
35190,3953
59100,6800
59100,7491
11402,8630
45383,4523
45383,4542
45383,4543
44005,5459
58150,6561
58150,6849
68115,1031
65093,1631
11450,8630
36832,3800
36832,3942
19020,8500
43234,4513
36830,3993
44960,4709
11720,8627
59612,7360
59612,7759
41252,2551
11042,2752
41252,8628
11042,2551
41252,2752
11042,8628
11041,8628
11443,8630
24076,8332
12014,8659
12042,8659
25077,8349
40510,2743
40510,2759
11730,8623
31515,3142
67010,1471
11012,7710
11012,7760
11012,8302
11012,8309
11012,8339
11012,8345
11012,8628
11012,9820
65855,1689
26117,8229
26587,7739
58558,6816
58558,6829
58558,6909
19240,8543
19240,8544
42825,2820
47605,5122
47605,8753
65730,1164
57452,7021
46250,4946
43258,4341
45383,4530
43258,4533
43258,4542
67027,1472
67027,1479
14040,8689
14060,8689
67108,1449
67108,1459
28825,8411
28470,7907
20605,8191
20605,8192
20605,8394
20605,8396
25111,8221
53852,6021
53852,6097
27650,8388
41874,2450
11401,8630
66825,1699
65860,1693
HH259,1371
66984,_
HH259,1330
HH259,_
43235,4685
45378,4513
43235,4525
96450,331
96450,9925
31575,3142
42720,2800
11010,8628
11010,9820
69145,1829
92981,3606
27880,8415
11311,8609
55700,6011
42815,2920
26418,8286
44950,4709
36145,3895
49507,5300
49507,5310
61312,124
61312,125
27750,7906
27560,7979
26952,407
26952,8401
12004,8659
11302,8609
11313,8609
31525,3142
65400,1149
26116,8222
11424,8630
65273,1060
67700,809
26011,7719
32002,3404
32002,3491
29425,9353
27615,8349
ZZ370,_
16040,8630
16040,9357
67025,1471
67025,1475
31541,3009
31541,3143
93510,3722
65850,1254
25075,8630
57522,6732
40525,2743
40525,2759
28005,7719
93545,8857
27538,7009
49060,5419
28810,8411
35876,3800
35876,3949
34471,3805
34471,3893
21555,8630
58700,6651
12005,8659
20680,294
20680,7860
20680,9788
11406,8630
64727,449
10120,8605
29405,9353
28008,8314
29085,9353
43215,9802
66250,1283
29345,9353
46255,4946
67966,824
67966,8671
65235,1200
27328,8332
14020,8689
14300,8689
68330,1049
52317,5700
67005,1471
43247,9803
88174,8838
88174,9199
68440,951
67227,1422
67915,841
12051,1840
11042,2181
12051,2751
11042,8659
12051,881
27630,8381
15820,870
38505,4011
45330,4525
66982,1330
66982,1371
65805,1291
26160,8221
62270,331
27250,7975
66172,1264
66172,1269
66172,9928
58943,4011
58943,5423
58943,5440
58943,6551
58943,6651
26055,8301
21029,7639
25120,7763
28490,7908
26210,7769
27506,7815
27506,7925
27506,8152
46060,4873
46060,4901
46060,4911
46060,4912
46060,4993
26952,7760
26952,8309
26952,8345
26952,9820
11012,407
26991,8115
19160,8523
64704,479
CR468,_
41110,2510
49080,5425
43239,4542
61156,124
61156,139
49553,5329
49553,5339
19200,8545
19200,8546
28270,8048
28270,8364
15574,8670
43202,4224
27049,8339
49525,5300
49525,5310
28820,8411
28820,8345
67051,1474
67051,1475
35903,3868
14000,8689
36568,3893
20520,8302
11462,8630
42420,2632
42420,407
64721,460
64721,479
41100,2501
27047,7769
49000,5411
49000,5423
11403,9820
11010,8630
11403,8628
11470,8630
NSD01,7360
59409,_
NSD01,7359
54115,6492
54115,9824
26720,7904
28043,8630
60240,640
60225,620
21060,7650
46258,4873
46258,4912
46258,4939
46258,4946
17100,8630
57210,7071
46260,4946
19162,8543
19162,8544
25620,7932
30310,9812
54520,6230
54520,6270
50080,5503
50080,5504
50080,5521
50080,5980
24500,7901
21501,8604
43880,4463
23515,7929
23515,7939
57200,7071
14041,8689
60252,4040
60252,639
60252,640
60280,670
10160,8601
62223,233
11423,8630
56605,7111
21462,7676
44144,4579
44144,4610
44144,4613
41820,2431
58720,6561
47610,5122
47610,8753
12052,1840
12052,2181
12052,2751
12052,8659
12052,881
23076,8332
55041,6310
58140,6829
69020,1809
49585,5341
49585,5349
47563,5123
47563,8753
44970,4701
52000,5732
52601,5732
52601,5810
52601,5850
52601,5860
52601,6029
52601,6094
52601,6373
52601,8929
11000,7860
42440,2630
27301,8303
27535,7817
27535,7936
41823,2440
38525,4011
41821,2460
57135,7033
26740,7904
20600,8191
20600,8192
20600,8394
20600,8396
25076,8332
52275,5732
52275,5850
31600,3121
22900,5430
46320,4946
66940,1359
08003,_
70392,_
58200,4011
58200,6561
58200,6849
49505,5300
49505,5310
31256,2219
30905,2102
30905,2103
15822,870
93556,3956
93556,8843
93556,8857
23075,8630
29876,8076
62360,390
28304,7738
MCPO1,_
55821,3998
55821,5850
55821,6030
55821,6373
55821,8929
20670,7860
43760,9702
CKDV,_
23065,8321
66986,1370
25350,7733
64722,449
31579,3142
42145,2769
27814,7936
12032,8659
47564,5123
47564,5151
11760,8689
49201,5440
19366,8570
19366,8544
19240,8570
19366,8543
12031,8659
OZ392,_
12007,8659
25545,7932
69200,1802
57500,6712
11422,8630
27345,8339
68320,1044
68320,1049
67031,1693
15740,8670
67041,1474
67041,1490
67040,1424
67040,1474
67050,1343
67050,1474
67840,820
67840,889
60100,611
49900,5461
27329,8339
21550,8321
12041,8659
92980,3606
31090,2253
38520,4011
29836,8072
46270,4911
46270,4912
11011,8302
11011,8309
11011,8339
11011,8345
11011,8628
11011,9820
33206,3776
33206,3780
50225,5551
50225,5641
27445,8154
19101,8511
52234,5732
52234,5749
52234,5831
41830,2450
90938,_
27590,8417
38510,4011
24650,7902
25560,7902
12054,1840
12054,2181
12054,2751
12054,8659
12054,881
67036,1474
11050,8630
56420,7122
68110,1031
11441,8630
53600,5860
46275,4911
46275,4912
24545,7931
31625,3324
21315,2171
26010,7719
58740,6589
22310,353
49495,5300
49495,5310
49495,6310
10080,8603
37618,8309
37618,8345
37618,9820
11011,3880
37618,8302
37618,8339
37618,8628
37618,3880
43830,4319
61313,124
61313,125
65205,9821
68750,983
69220,2041
69220,7669
31237,2121
31237,2211
69433,2001
26735,7924
26735,7934
11442,8630
45305,4824
49509,5300
49509,5310
49650,5300
49650,5421
42425,2632
42425,407
27506,8628
11043,7815
11043,8152
27506,8345
11043,7925
44140,4572
44140,4590
59120,6549
43205,4233
41008,2700
11305,8609
24600,7972
17106,8630
58210,4030
58210,6561
58210,6869
29884,8040
58561,6829
76095,9230
11621,8630
24516,7840
24516,7931
24516,8444
28570,7979
11765,8623
38745,4023
58263,6561
58263,6859
58263,7092
52332,5732
52332,5980
25260,8388
79005,_
19180,8541
43246,4311
25000,8301
25020,8314
56501,7180
67921,842
56440,7123
26750,7904
66625,1214
24200,9827
65103,1642
20692,7810
20692,7760
20692,8309
20692,8345
20692,9820
11012,7810
20692,7710
20692,8302
20692,8339
20692,8628
28525,7938
28525,7760
28525,8309
28525,8345
28525,9820
11012,7938
28525,7710
28525,8302
28525,8339
28525,8628
33212,3781
69635,1860
69635,1940
69635,2021
69635,2023
69635,2099
55101,6100
11981,_
27786,7906
45382,4523
45382,4543
40819,2741
21407,1669
26615,7679
21407,7923
26615,7933
36450,9901
59814,6959
25116,8175
25116,8342
11420,8630
12017,8659
45300,4824
44376,4514
49010,5411
49010,5423
21800,7909
12046,8659
43200,4223
27502,7905
41105,2501
27792,7817
27792,7936
CR038,_
60254,4040
60254,640
49085,5492
21030,7639
67904,833
65105,1641
61500,125
61500,160
31612,3110
31612,3194
60220,620
46083,4949
19125,8521
15260,8669
42180,2761
24538,7852
20615,7840
11044,8401
26952,8628
11044,407
12034,8659
25650,7909
11752,8623
25611,7912
27230,7905
11446,8630
75984,5512
75984,8839
25105,8013
25105,8073
28802,8332
51600,8776
52337,5522
52337,5600
52337,5631
52337,5732
52337,5980
52276,5732
52276,5850
44394,4542
44389,4525
46262,4873
46262,4912
46262,4939
46262,4946
25263,8388
25263,8628
11043,8388
25263,8345
17000,8630
52214,5732
52214,5749
52214,5831
52214,6029
15576,8670
58260,6859
54640,6250
43251,4233
43251,4341
43251,4530
21453,7675
24075,8339
32020,3409
43268,5293
26121,8235
26121,8662
26121,8684
26145,8233
47561,5421
47561,5424
47561,8753
44388,4525
65865,1231
29058,9353
29058,9359
46220,4939
27618,8630
41822,2440
77761,_
57155,6999
77761,7091
57155,_
77761,6999
57155,7091
49560,5351
49560,5361
25020,8345
67930,881
38220,4131
16035,8609
50220,5551
50220,5641
41115,2592
42400,2611
27685,8385
99640,_
NCP,_
21557,8339
32095,3409
58700,7360
59409,6651
58700,7359
47425,5104
47425,5151
47425,5182
47425,5183
21360,7672
46936,4949
57415,9817
96567,9983
68335,1041
26615,8628
11043,7923
28510,7908
31233,2219
24160,8002
28400,7909
67105,1455
36810,3993
51050,5719
36010,3893
53020,5810
53400,5849
52318,5700
58145,6829
60001,601
32036,3409
49080,5423
49000,5425
49080,5411
49080,6849
58150,5425
49080,6561
11421,8630
39400,3422
39400,4011
26035,8209
15738,8332
15738,8382
15738,8669
23030,7711
55040,6310
46257,4939
46257,4946
11012,8401
26952,7710
26952,8302
26952,8339
21040,7769
25028,8609
30520,2150
30520,2188
55845,4030
55845,6050
50630,5620
75665,8841
24560,7901
49200,5440
45020,5400
55535,6310
32020,8544
19240,3409
32020,8543
66985,1372
28800,8412
42410,2629
28045,8332
28045,8339
29055,9353
31530,3142
31530,9814
46050,4901
27310,8016
11750,7760
11750,8309
11750,8345
11750,9820
11012,8623
11750,7710
11750,8302
11750,8339
11750,8628
67971,869
44160,4562
44160,4579
44160,4593
27236,7935
24515,7931
26356,8251
26356,8286
58951,4030
58951,5440
58951,6529
58951,6561
58951,6849
19271,3440
19271,3479
19271,7791
96408,9971
36430,9925
96408,9903
27520,7909
27510,7905
24586,7929
19260,3440
19260,7791
58770,6602
12002,8628
11043,8659
12002,8345
50060,5501
47400,5000
47400,5159
66840,1330
11426,8630
44050,4680
49587,5341
49587,5349
21445,7676
61154,124
61154,139
62116,206
30630,2188
27327,8630
27244,7935
44620,4650
24575,7931
28805,8332
11300,8609
43244,4233
43244,4341
47000,_
23615,7931
38115,4143
38115,4195
25515,7932
12051,2181
12051,8659
47620,5122
47620,5151
47620,5183
47620,8754
27245,7935
27245,7760
27245,8309
27245,8345
27245,9820
11012,7935
27245,7710
27245,8302
27245,8339
27245,8628
21032,2731
23600,7901
15240,8669
47510,5198
23490,7851
26037,8212
31570,3100
25270,8388
35875,3800
31238,2100
31238,2219
35011,3843
35011,3952
46750,4979
25525,7819
25525,7932
25525,7979
27380,8364
31622,3324
27427,8146
57240,7051
12034,8628
12034,8345
31615,3321
92982,66
44602,4673
67049,1380
67049,1474
43267,5297
50065,5501
27756,7819
75954,3979
75954,8839
CSO,_
25574,7932
60520,781
60520,782
58661,6561
58661,6639
93543,8857
79000,_
32140,3229
32140,3409
27524,7936
67825,891
31605,3110
37607,3953
11606,8630
27619,8332
21600,7791
28200,8388
42426,2633
42426,4041
27892,407
27892,8314
27892,8345
48150,5423
49000,4370
48150,5136
49000,5251
48150,5270
49000,5296
48150,5411
48150,4370
49000,5136
48150,5251
49000,5270
48150,5296
43265,5188
27808,7909
44604,4675
49520,5300
49520,5310
27613,8321
23031,8303
46280,4911
46280,4912
46280,4993
58960,4030
58960,5419
58960,5423
58960,5425
58960,5440
44143,4575
44143,4610
26992,7719
43271,5184
43271,5298
26910,8401
26910,8403
40810,2749
59870,6909
46080,4959
28470,8345
27758,7936
67208,1422
14021,8689
28090,8339
49521,5300
49521,5310
28485,7937
42810,2920
49425,5494
41006,2700
58180,6561
58180,6839
40818,2749
37760,3880
37760,8669
23455,8182
58925,6529
59151,6563
56740,7124
75952,3971
75952,8839
50980,5600
50980,5631
50980,8773
50980,9646
50980,9649
44141,4572
44141,4610
46230,4946
23700,8192
23700,8396
20610,9326
23700,8191
23700,8394
23700,9326
29888,8145
67312,1530
59320,6759
27244,7936
27535,7935
27244,7817
33207,3776
33207,3780
57454,6712
57454,7021
76936,_
43235,4542
68760,991
43264,5188
43264,5294
27758,7760
27758,8309
27758,8345
27758,9820
11012,7936
27758,7710
27758,8302
27758,8339
27758,8628
16010,8753
47610,8628
42892,2999
52630,6029
40530,2743
60270,639
60270,650
28060,8344
69110,1829
69110,1879
OZ370,_
08039,_
11307,8609
42415,2929
42415,407
69310,1860
35800,3802
27604,8303
58120,6829
58120,6816
12056,1840
12056,2181
12056,2751
12056,8659
12056,881
44960,5423
49000,4709
44960,5411
27503,7905
27503,8628
24538,7905
11043,7852
27503,8345
24538,8628
11043,7905
27503,7852
24538,8345
27600,8314
41112,2510
41112,2559
12015,8659
35321,3813
67700,9820
11010,809
67700,8628
27535,7710
27535,8302
27535,8339
27535,8628
37205,3990
11040,2181
11040,8659
46045,4901
46045,8628
11043,4901
46045,8345
40490,2723
28505,7939
90945,3995
90945,5498
61535,124
58952,5440
32020,6529
58952,6561
20206,8321
BLOODTRANSFUSION,9971
90935,_
BLOODTRANSFUSION,9903
36430,_
BLOODTRANSFUSION,3995
BLOODTRANSFUSION,_
31255,2119
31255,2263
27048,7769
23077,8339
19350,8587
41140,2530
41140,3110
41140,4040
58805,6591
25530,7902
43250,4233
43250,4341
43250,4530
29405,8345
32151,3310
32151,3409
27507,7935
31075,2241
42405,2612
21041,7769
46608,4921
46608,9805
58600,7360
59409,6639
58600,7359
12044,8659
61512,124
61512,125
31577,9814
25101,8013
25101,8033
25101,9820
27686,8385
28003,8314
50390,5592
27640,7780
54050,6420
25690,7909
27603,7710
27603,8302
76360,8838
NI85,_
11000,8403
26910,8628
11000,8401
11622,8630
21920,8321
29823,8082
67121,1460
30320,2110
67903,833
68720,981
63012,309
63012,7769
47480,5103
47480,5104
47420,5104
47420,5151
59620,7499
31254,2219
31254,2263
32405,3326
27766,7819
29405,7929
27766,9353
29405,7819
27766,7929
38700,4029
49500,5300
49500,5310
49500,6310
41005,2700
76003,8839
64788,407
67038,1474
52281,5732
52281,5810
52281,5860
52281,8929
58270,6859
58270,7092
21198,7664
27310,7934
26735,8016
27310,7924
23220,7762
11624,8630
26185,7799
19357,8570
19357,8595
31628,3327
26765,7924
11012,7934
26765,7710
26765,8302
26765,8339
26765,8628
52335,5522
52335,5631
52335,5732
52335,5980
67318,1590
28108,7769
38542,4021
59160,_
25575,7932
58940,5423
58140,6539
49000,6551
58940,6829
58140,5411
58940,6539
58140,6551
49000,6829
58940,5411
58140,5423
49000,6539
58940,6551
49501,5300
49501,5310
49501,6310
XA,_
65110,1651
54161,6400
49420,5419
49420,5498
90945,5419
49420,3995
59514,9971
36430,7499
59514,9903
54700,6100
54700,6200
54700,6392
27511,7815
27511,7935
45334,4524
45334,4543
11000,2181
11000,8659
27238,7905
26727,7819
26770,7974
10120,9357
16010,8605
10120,8628
27125,8152
24576,7901
15732,8332
15732,8382
15732,8669
45100,4923
41825,2440
27193,7909
27193,7949
27193,7975
93508,3639
93508,3721
19000,8591
33512,3613
44204,1739
44204,4590
26615,7923
63017,309
26706,7819
26746,7923
26706,7933
26746,7819
26706,7923
26746,7933
54110,6420
26020,8201
12032,8628
12032,8345
11044,2181
11044,8659
12052,8345
55110,6100
38760,4024
60271,639
60271,650
29365,9353
67974,869
11000,9820
25500,7902
27365,7769
24077,8339
36815,3993
24685,7932
38720,4021
44055,4680
27647,7769
44322,4525
44322,4610
45915,9638
44310,9805
45915,4620
44310,9638
45915,9805
44310,4620
40700,2754
31603,3110
26210,7760
26210,8309
26210,8345
26210,9820
11012,7769
26210,7710
26210,8302
26210,8339
26210,8628
24615,7982
11043,8309
11043,9820
69100,1812
33510,3611
27840,7977
45338,4524
45338,4542
45338,4543
11601,8630
32000,3491
31225,2220
55859,5732
55859,6099
31536,3143
38100,4150
61514,124
61514,125
52612,6029
54150,6400
69000,1809
15734,8332
15734,8382
15734,8669
25040,8019
NO09,_
14350,7756
11044,8699
14350,7760
14350,8628
11044,7756
14350,8699
14350,8345
28450,7909
45331,4525
21480,7693
51550,5760
52270,5732
52270,5850
50040,5501
50040,5502
67935,1060
67935,881
52325,5732
52325,5980
52325,5995
52240,5732
52240,5749
52240,5831
54530,6230
12053,1840
12053,2181
12053,2751
12053,8659
12053,881
37203,9820
50200,5523
58563,6823
67039,1424
67039,1474
66180,1699
49180,5424
58952,6529
33518,3929
33519,3929
63081,309
63081,8099
43219,4281
29826,8021
29826,8041
29826,8181
24665,7783
24670,7932
24665,7902
24670,7783
24665,7932
24670,7902
12036,8659
43248,4292
43248,4685
51040,5717
21025,7631
44320,4610
53025,5810
40500,2743
55540,5390
55540,6310
24620,7909
27530,7906
26080,8014
50081,5503
50081,5504
50081,5521
50081,5980
54152,6400
27235,7905
12016,8659
LO21,_
57510,6813
58100,6732
57510,6711
69421,2009
69421,2080
99462,_
43262,5185
42100,2722
28046,8349
58950,5440
58950,6529
58950,6561
35460,3950
47612,5122
47612,5136
47612,5151
36011,3893
51530,5719
62230,242
41805,2499
26410,8286
57520,6720
57520,6739
57520,6769
57520,6909
29035,9353
42000,2710
47360,3886
47360,5061
21935,8339
30110,_
06000,_
04210,_
90935,5498
65772,1179
30801,2132
30801,2169
61530,124
61530,125
96542,9925
35381,3818
60260,640
58552,6563
58552,6871
22102,7769
66850,1341
69801,2079
69801,3997
41872,2420
19110,8599
67107,1449
67107,1452
67107,1455
15920,7789
15920,8630
15920,8659
17110,8630
58275,6859
58275,7040
44360,4513
57550,6740
58555,6812
29882,8147
27130,8151
49585,5423
49000,5341
43832,4319
69631,1940
27759,7936
61315,124
61315,125
30100,2122
67961,8671
67961,884
31500,9604
67810,811
25415,7843
26676,7814
26676,7974
68371,1044
27620,8017
27620,8037
27619,9357
16010,8332
27619,8628
54530,5310
49505,6230
54530,5300
46040,4901
58550,6871
17261,8630
29877,8026
29877,8086
22800,8129
11310,8609
37720,3889
27323,8321
76986,_
42820,2830
61510,124
61510,125
69641,1860
69641,1940
69641,2049
69641,2099
43258,4530
24366,8184
24366,8185
44391,4522
44391,4543
21365,7672
21365,7859
21206,7665
21461,7676
21210,7809
31032,2231
24101,8012
24101,8030
43840,4442
43840,4461
31613,3174
62287,8395
29881,8060
26860,8128
52336,5522
52336,5620
52336,5631
52336,5732
52336,5980
46221,4945
76080,8839
23000,8339
43810,4439
27888,407
27888,8414
26756,7819
67052,1370
67052,1474
11306,8609
44130,4590
44130,4639
45120,4595
45120,4850
45120,4865
41500,2559
28122,7788
59403,_
11620,8630
27780,7906
25675,7909
26608,7814
38740,4023
49322,5421
49322,5499
54300,6442
33015,3712
69646,1860
69646,1930
69646,1940
69646,2042
69646,2099
63047,309
63047,7789
15823,870
65750,1164
19112,8599
67413,1609
15823,1610
67413,870
15823,1609
67413,1610
68400,900
69440,2023
21627,7769
22855,7869
27889,8413
10253,_
11042,8382
66680,1239
58280,6859
58280,7040
58280,7092
CR465,_
CR466,_
44366,4443
44366,4513
44366,4514
50240,5540
24546,7842
24546,7931
20250,7749
34001,3802
90935,3805
34001,3891
27447,8147
27447,8154
15572,8670
44110,4500
44110,4533
55110,6270
54520,6100
55110,6230
36800,3993
67412,1609
67412,1692
11010,7934
60512,695
25628,7933
25337,8175
28173,7788
25660,7973
45379,4523
45379,9804
51570,5779
21356,7672
28800,8345
26432,7859
25600,8284
26432,7902
25600,7859
26432,8284
40654,2759
57130,7033
49540,5390
49080,4579
43870,4462
43870,8628
11043,4462
43870,8345
67917,844
49080,8753
47563,5425
49080,5123
60545,5440
60545,711
60545,729
60545,730
44970,5349
49585,4701
44970,5341
45303,4823
45303,9622
35161,3840
35161,3952
27513,7815
27513,7935
25526,7819
25526,7932
25526,7939
25526,8499
45541,4876
11762,8669
11762,8689
27759,7760
27759,8309
27759,8345
27759,9820
27759,7710
27759,8302
27759,8339
27759,8628
27030,8015
35741,3808
35741,3991
23140,7761
36834,3952
49250,5430
41520,2559
27331,8016
16010,8036
27331,9829
27331,9357
16010,8016
27331,8036
16010,9829
27331,8628
11626,8630
04202,_
58240,4610
58240,4850
58240,5671
58240,5760
58240,6561
58240,6849
58240,6880
49570,5359
49570,5369
76096,8737
45339,4524
45339,4542
45339,4543
44146,4579
44146,4594
44146,4610
27134,70
47010,_
64714,479
63030,309
63030,7789
63030,8051
68420,953
22851,8451
33647,3571
33647,3572
32656,3459
50234,5551
50234,5642
44625,4562
44625,4590
44625,4650
61304,124
61304,125
23040,8019
25248,7702
25248,8302
40800,2792
41850,2440
31576,3143
75982,5159
75982,8839
46261,4939
46261,4946
44950,5423
44950,5411
64792,407
44300,4610
47554,5188
27752,7906
27752,7760
27752,8309
27752,8345
27752,9820
11012,7906
27752,7710
27752,8302
27752,8339
27752,8628
26080,7760
26080,8309
26080,8345
26080,9820
11012,8014
26080,7710
26080,8302
26080,8339
26080,8628
58720,5423
49000,6561
58720,5411
58740,6849
57500,6589
49201,6712
58150,5440
58740,6561
57500,6849
49201,6589
58150,6712
58740,5440
57500,6561
49201,6849
58150,6589
58740,6712
57500,5440
49201,6561
23670,7931
23665,7971
58600,7491
59100,6639
58600,6800
62121,124
47122,5022
90935,5310
49507,3995
90935,5300
57460,6739
57460,7021
38205,9979
27664,8364
27664,8628
11043,8364
27664,8345
25031,8303
26350,7760
26350,8309
26350,8345
26350,9820
11012,8286
26350,7710
26350,8302
26350,8339
26350,8628
26350,8286
11042,7860
41153,2530
41153,2749
41153,4040
44120,4562
44120,4563
44120,4590
42725,2800
27540,353
29365,7939
27540,9353
29365,353
27540,7939
46935,4949
62141,206
47525,9705
21045,7769
60210,639
50391,9929
51860,5781
11010,7936
59525,6839
59525,6840
28120,7789
26123,8235
26123,8662
26123,8684
58545,6829
12018,8659
24000,8012
32402,3424
27704,8199
FRACTUREHUMERUS,_
67221,1459
67221,9983
35650,3929
26686,7984
67311,1511
40701,2754
67110,1459
52450,6000
26542,8172
52204,5733
27606,8311
90935,3721
93508,3995
90935,3639
16035,9357
16010,8609
16035,8628
26034,7719
75989,8839
22305,353
28008,8628
11043,8314
28008,8345
28675,7989
28675,8628
11043,7989
28675,8345
29405,7936
27792,9353
29405,7817
25260,8345
33208,3772
33208,3780
36430,7360
59409,9903
45170,4835
UOI,_
29040,9352
29040,9353
51010,5711
45005,5400
27071,7785
27071,7789
25135,7764
25135,7804
23520,7971
12045,8659
12045,8309
12045,8345
12045,9820
11011,8659
12045,8302
12045,8339
12045,8628
43227,4233
21246,7643
26765,7934
27355,7762
59136,6839
59136,7430
62272,331
45000,5419
52649,6029
27598,8416
49496,5300
49496,5310
49496,6310
12013,2181
12013,881
12013,1840
12013,2751
29044,9353
29085,8286
11043,9353
29085,8628
11043,8286
26350,9353
29085,8345
25405,7809
27422,8147
27422,8319
44202,4562
44202,4590
65091,1639
50945,5620
42804,2912
40808,2724
36481,3893
58900,6512
26420,8286
26420,8381
19364,8570
27816,7909
50365,5551
50365,5569
NO39,_
35761,3800
35761,3991
25065,8321
66710,1273
66710,1274
65103,8671
67966,1642
65103,824
12055,1840
12055,2181
12055,2751
12055,8659
12055,881
29075,7860
50075,5501
66997,1266
37700,3889
67950,859
27536,7936
35152,3848
35152,3952
43633,4370
31540,3009
51720,9449
61626,9929
69642,1860
69642,1930
69642,1940
69642,2049
69642,2099
45332,4524
45332,9804
66920,1319
67036,1371
66987,1474
67036,1341
21465,7676
31086,2241
31086,7849
HEMODI,_
11642,8630
11600,8630
43621,4399
45110,4610
45110,4850
47630,5198
57260,7051
57260,7052
14041,8628
11043,8689
14041,8345
42950,2940
90935,5349
49587,3995
90935,5341
54380,5845
49588,5341
49588,5349
12042,7360
59409,8659
12042,7359
82969,_
47570,5132
BLOODTANSFUSION,9971
BLOODTANSFUSION,9903
BLOODTANSFUSION,3995
BLOODTANSFUSION,_
53415,5849
59513,9971
59513,9903
26735,7710
26735,8302
26735,8339
26735,8628
11000,407
45123,4869
31535,3143
69540,1829
56637,4030
56637,7150
11000,7925
77401,9971
77401,9903
68360,1153
12035,8659
20200,8321
45190,4832
26776,7819
28140,7798
35206,3959
67040,1341
29897,8087
23420,8363
52606,6029
67340,_
25115,8342
28820,8628
11043,8411
15220,8669
40650,2759
HEMODIALYSIS,_
90935,8843
19182,8534
32810,3472
28080,407
000/6,_
38724,4021
14040,4040
38724,8689
14040,4021
38724,4040
36450,7360
59409,9901
36450,7359
41828,2440
26230,7784
15650,8674
27894,407
27894,8314
27894,8345
20690,7810
24065,8321
67728,_
74300,8754
74300,8766
59400,7359
NSD01,8908
59400,9059
NSD01,9449
59400,9938
45398,_
65775,1179
50947,5674
50947,5731
50947,5980
26110,8014
26110,8034
65815,1291
65815,1292
42200,2762
50010,5501
42140,2772
21245,7643
50543,5540
11000,4912
46275,8628
11000,4911
27760,7909
23190,7781
27828,7817
27828,7936
11000,9357
44950,6849
58150,4709
44950,6561
59514,5423
49000,7499
59514,5411
50230,3807
50230,4029
50230,5551
50230,5641
26597,8670
11042,8684
26597,8628
11042,8670
26597,8684
59121,6602
59121,7430
26990,8115
52000,6849
44005,5732
58150,5459
52000,6561
44005,6849
58150,5732
52000,5459
44005,6561
40652,2759
12002,9357
16010,8659
29355,9353
29075,7934
26105,9353
26735,8014
29075,8034
26105,7924
26105,8014
26735,8034
29075,7924
26105,7934
26735,9353
29075,8014
26105,8034
17200,8630
17264,8630
27824,7906
45308,4542
45308,4543
45308,4823
45308,4835
45308,4836
28020,8018
28020,8309
25492,7813
67900,836
28100,7769
77261,7091
52285,5732
52285,5749
52285,5791
52285,5810
52285,5839
52285,5850
52285,5860
27870,8111
47015,5091
29405,9820
11010,9353
29405,8628
35207,3959
46614,4921
11042,4929
46614,8628
11042,4921
46614,4929
30580,2239
30580,2271
43632,4370
49651,5300
49651,5421
65101,1649
27410,_
53430,5846
53430,5849
NH185,_
57150,_
29425,8628
29425,8345
28825,7760
14350,8302
28825,8339
28825,9820
14350,8411
11012,7756
28825,8699
14350,7710
28825,8302
14350,8309
28825,8345
11012,8699
28825,7710
28825,8309
14350,8339
28825,8628
14350,9820
11012,8411
28825,7756
20225,7745
20225,7749
27220,7905
31820,3172
26525,8099
28820,8309
28820,9820
11011,8411
28820,8302
28820,8339
46600,4921
15100,8669
15100,8309
15100,8345
15100,9820
11011,8669
15100,8302
15100,8339
15100,8628
29450,9353
27246,7905
23540,7971
67581,1662
67581,1664
27472,7805
25676,7989
58600,6840
59525,6639
58600,6839
61607,160
28005,8628
11043,7719
28005,8345
28106,7769
11043,7809
28106,8345
52235,5732
52235,5749
52235,5831
11043,7859
21365,8345
66940,1474
67040,1359
66940,1424
50610,5620
27381,8364
27381,8381
24587,7929
24615,8185
24587,7982
24615,7929
24587,8185
92981,8843
33513,3614
43239,4685
45378,4514
43239,4525
19140,8542
56405,7109
23931,8303
48102,5211
27495,7815
27248,7925
27495,7935
27248,7815
27495,7925
27248,7935
32602,3320
32602,3420
35840,3806
66992,1240
66992,1266
43269,9755
43750,4311
27882,8415
25622,7903
11301,8609
ROUTINEPOSTPARTUMFOLLOWUP,_
53850,6096
27040,8321
45333,4524
45333,4542
45333,4543
31267,2119
31267,2220
31267,2262
35102,3844
35102,3846
35102,3847
35102,3952
23550,7981
43249,4292
43249,4685
44603,4673
35226,3959
42409,2621
27550,7976
25250,8003
43500,4300
43500,9803
58720,4011
58720,6849
32005,3492
26180,8342
20220,7749
11646,8630
46288,4973
46288,8672
27659,8364
27659,8381
17250,8630
52277,5189
52277,5732
AZ380,_
28630,7978
20240,7749
48140,4150
48140,5253
32100,3328
32100,3402
25574,7760
25574,8309
25574,8345
25574,9820
11012,7932
25574,7710
25574,8302
25574,8339
25574,8628
11040,5498
90945,8628
11040,3995
58150,5980
21550,6561
52332,6849
58150,8321
21550,5732
21550,6849
52332,8321
21550,5980
52332,6561
24685,7939
23515,7932
24685,7929
29435,9353
35476,3950
23330,7711
56700,7031
42700,2800
17284,8630
52000,9824
54115,5732
52000,6492
28485,7710
28208,7760
28020,8302
28485,8345
28208,8628
28020,9820
11012,7937
28485,8381
28208,8018
28485,7760
28208,8302
28020,8339
28485,8628
28208,9820
28020,7937
11012,8381
28485,8018
28208,8309
28020,7710
28485,8302
28208,8339
28020,8345
28485,9820
28208,7937
28020,8381
11012,8018
28485,8309
28208,7710
28020,7760
28485,8339
28208,8345
28020,8628
28208,8381
29075,9357
16010,9353
29075,8628
26727,7760
26727,8309
26727,8345
26727,9820
11012,7819
26727,7710
26727,8302
26727,8339
26727,8628
29355,8192
29355,8396
20610,9353
29355,8191
29355,8394
27823,7819
27823,7936
26785,7760
26785,8309
26785,8345
26785,9820
11012,7984
26785,7989
55120,9824
RO42,_
15953,7789
15953,8630
36262,9789
45395,4610
45395,4851
47560,5421
47560,8753
21215,7691
28092,8339
26415,8171
26415,8233
67924,844
27385,8365
43217,4233
20902,7800
20902,7936
27535,7800
20902,7817
44005,4709
49000,5459
44005,5423
44950,5459
44005,5411
99460,9933
44125,4562
44125,4563
44125,4639
23491,7852
UPPER,_
22842,7859
58662,6639
28320,7848
28737,8114
28730,7798
28238,7848
28320,8114
28737,7798
28730,7848
28238,8114
28320,7798
28737,7848
28730,8114
28238,7798
44005,4563
49200,4590
44120,5459
44005,5440
49200,4562
44005,4590
49200,5459
44120,5440
44005,4562
49200,4563
29879,8086
29874,8147
29870,8036
50360,5569
46270,8544
19240,4911
32900,7791
41120,2520
93651,3734
25310,8375
28046,8192
11400,8394
49010,4709
19101,8544
19240,8511
19101,8543
25320,8175
46945,4945
50570,5521
50570,8773
50570,9645
50570,9649
27350,7796
29874,8086
29879,8147
29876,8192
27350,8394
29877,8396
29874,8076
29870,7796
29879,8026
20610,8086
29876,8036
27350,8147
29877,8191
29874,8192
29870,8394
29879,8396
20610,8076
29876,7796
27350,8026
29874,8036
29870,8147
29879,8191
29876,8394
27350,8396
29877,8076
29874,7796
29870,8026
20610,8036
29876,8147
27350,8191
29877,8192
29874,8394
29870,8396
29879,8076
20610,7796
29876,8026
27350,8086
29877,8036
29870,8191
29879,8192
29876,8396
27350,8076
29877,7796
29874,8026
29870,8086
29879,8036
20610,8147
29876,8191
27350,8192
29877,8394
29874,8396
29870,8076
29879,7796
20610,8026
29876,8086
27350,8036
29877,8147
29874,8191
29870,8192
29879,8394
26485,7760
26485,8309
26485,8345
26485,9820
11012,8256
26485,7710
26485,8302
26485,8339
26485,8628
26485,8256
11043,7860
20680,8628
11043,294
11043,9788
20680,8345
37204,3880
75980,8754
75980,8839
66998,1289
50135,5511
52500,5749
64774,407
65772,1371
66987,1179
65772,1341
33200,3774
33200,3780
23410,8363
42808,2939
31645,3323
31645,9605
23210,7761
10060,8628
11043,8604
10060,8345
11043,8623
66940,1475
67051,1359
11043,8401
26951,8345
59130,7430
26765,9820
11010,7924
41113,2510
41113,2559
31717,3324
31717,9605
34421,3807
34421,3809
34421,3893
58120,9971
36430,6909
58120,9903
55250,6373
IE112,_
20956,3999
27759,7809
20956,7936
27759,3999
20956,7809
49255,4610
45331,5440
44141,4525
49255,4572
45331,4610
44141,5440
49255,4525
45331,4572
49255,5440
35162,3840
37205,3952
90935,3990
35162,3995
37205,3840
90935,3952
35162,3990
37205,3995
90935,3840
35162,3952
49525,3995
51065,5719
51065,5995
93555,8850
15756,8332
15756,8669
50541,5534
33535,3613
24635,7939
27848,7989
27265,7975
64790,407
45550,4576
58951,4875
44160,4030
45550,5440
44160,6561
45550,6849
58951,4562
45550,4593
58951,4576
44160,4875
45550,4030
44160,6529
45550,6561
45550,4579
58951,4593
44160,4576
45550,4875
44160,5440
45550,6529
44160,6849
45550,4562
58951,4579
47780,5499
46740,4899
46740,4979
90935,5732
52310,3995
90935,5700
25927,8403
21347,7939
21454,7676
21347,7819
21454,7939
21347,7676
21454,7819
47125,5030
90936,_
NSD01,6970
58300,_
69105,1812
42800,2912
28022,8018
28022,8309
26670,7974
29305,9351
76940,_
35701,3802
35701,3991
62361,390
27372,8016
12006,8659
55866,5421
55866,6050
67320,1550
77750,_
26500,8271
26500,8628
26350,8271
26500,8345
11043,8271
26500,8286
23675,7971
60650,5421
60650,711
60650,729
60650,730
54440,6498
57282,7077
11755,8611
29848,8043
33214,3787
57540,6740
57530,6740
45397,4595
45397,4639
45397,4842
45397,4851
10180,8309
27606,8339
10180,8628
27606,9820
11011,8604
10180,8311
27606,8302
10180,8339
27606,8345
10180,9820
27606,8604
11011,8311
10180,8302
27606,8309
10180,8345
27606,8628
55840,6050
31561,3029
61793,9233
30117,2131
19220,8547
19220,8548
29880,8060
37735,3889
37735,8344
37735,8630
37735,8669
55550,5421
55550,6310
20245,7742
20245,7745
20245,7749
65450,1143
59150,5421
59150,6601
43410,4282
50547,5551
NOICD,_
11623,8630
33517,3929
28024,8018
28024,8309
66852,1342
66852,1474
31030,2239
49020,5419
32400,3424
27405,8146
AO60,_
46924,4939
38770,4030
52325,5810
52325,5860
52325,6094
52325,8929
52601,5980
33025,3712
NDZ37,_
57061,7091
27530,9357
16010,7906
27530,8628
44005,9971
36430,5459
44005,9903
46700,4979
FO5,_
KO40,_
54111,6420
54111,6449
37780,3889
15574,8309
14060,8339
15574,8628
14060,9820
11011,8670
15574,8689
14060,8302
15574,8339
14060,8345
15574,9820
14060,8670
11011,8689
15574,8302
14060,8309
15574,8345
14060,8628
90935,8403
26910,3995
90935,8401
OZ380,_
58925,5423
49000,6529
58925,5411
31237,2263
31256,2121
31254,2211
31237,2219
31256,2263
31254,2121
31256,2211
46730,4979
90925,_
28120,7760
28120,8309
28120,8345
28120,9820
11012,7789
28120,7710
28120,8302
28120,8339
28120,8628
66930,1319
23620,7901
23675,8628
11043,7971
23675,8345
58720,6839
58180,9971
36430,6839
58180,9903
58720,9971
36430,6561
58720,9903
12011,8345
21315,8628
12011,2171
21315,7760
12011,8628
21315,8659
11044,2171
12011,7760
21315,8345
49605,5341
49605,5349
44160,4685
43239,4562
45378,4579
UO5,_
51045,5719
51045,5980
64831,430
64831,9820
11010,430
64831,8628
32650,3421
32650,3460
31800,3171
24341,8388
49550,5329
49550,5339
P0000,4610
44141,_
P0000,4572
38550,4029
49522,5300
49522,5310
24110,7762
31601,3121
27600,8628
27600,8345
12042,8628
12042,8345
65900,1240
28645,7989
30118,2131
27340,8350
47552,5112
47552,5198
46050,8628
46050,8345
24102,8012
24102,8072
67916,843
29875,8147
29881,8076
29879,8060
29875,8026
29881,8147
29875,8060
29881,8026
29875,8076
29085,7933
26615,9353
29085,7923
69155,1831
69155,4040
22114,7769
22114,9357
16010,7769
22114,8628
65710,1162
33411,3522
33411,3539
43239,4443
43255,4514
43239,4233
50780,5674
34510,3999
33511,3612
23430,8388
23430,8041
23420,8181
29826,8388
23430,8363
23420,8021
23430,8181
23420,8388
29826,8363
23430,8021
23420,8041
23485,7731
23485,7801
15760,2189
29881,8086
29876,8060
29881,8192
29881,8394
29877,8060
29881,8396
20610,8060
29881,8036
29870,8060
29881,8191
75956,3973
75956,8839
29880,8192
42830,2860
47720,5132
26170,8233
27425,8049
50392,5512
31500,125
61315,9604
31500,124
43831,4319
27524,8036
44208,1739
44208,4594
44208,4610
67901,831
32658,3712
57300,7073
25420,7809
26607,7913
54690,6230
27330,8016
27330,8321
11603,8630
27530,8036
56640,4030
56640,7150
27175,9344
27175,9346
47300,5021
42408,2629
23630,7931
67120,1672
44345,4610
44143,4643
44345,4575
44345,4643
49590,5359
26121,8628
11043,8235
11043,8684
26121,8345
11043,8662
62147,204
62147,206
58150,6551
58940,6561
43820,4439
50948,5674
50948,9622
45303,5674
50948,4823
15760,8382
27650,8628
27650,8345
49080,4610
44143,5425
49080,4575
11604,8630
27438,8154
27784,7817
27506,7926
27840,7936
29405,7815
27784,7925
65280,1159
65280,1289
00000,_
19370,8599
66160,1265
62100,124
19367,8572
77781,_
23480,7731
23480,7851
51597,4610
51597,4850
51597,5771
51597,6880
51597,6890
69222,2041
69222,7669
27566,7796
27566,7929
20808,8423
26593,8219
52338,5522
52338,5631
52338,5633
52338,5732
52338,5980
11000,8669
XA,8628
15756,_
11000,8332
XA,8669
15756,8628
11000,_
XA,8332
25530,9820
11010,7902
25530,8628
11044,8382
15738,8345
58740,5423
44950,6589
58740,5411
44005,6589
58740,5459
49000,6589
58740,4709
10060,8309
10060,9820
10060,8302
10060,8339
XA,2181
XA,8659
57700,6751
27745,7819
26591,8289
44140,7052
57260,4572
29075,7931
24546,9353
29075,7842
29345,8192
29345,8396
29345,8191
29345,8394
27602,8314
21215,7760
21215,8309
21215,8345
21215,9820
11012,7691
21215,7710
21215,8302
21215,8339
21215,8628
63278,340
27654,8149
27654,8388
29065,7760
29065,8309
29065,8345
29065,9820
11012,9353
29065,7710
29065,8302
29065,8339
29065,8628
31051,2131
31051,2212
31051,2252
26255,7764
26255,7804
15931,8630
15931,8659
69636,1860
69636,1930
69636,1940
69636,2021
69636,2023
69636,2099
27827,7817
27827,9353
27827,7936
48145,4150
48145,5253
48145,5296
50545,4030
50545,5551
50545,722
24134,7702
69436,2001
11602,8630
65930,1291
76012,8165
76012,8839
38747,4030
47361,5000
36450,5029
47361,5061
36450,5099
47361,9901
36450,5000
47361,5029
36450,5061
47361,5099
67048,1474
67048,1490
44393,4522
44393,4543
27428,8146
90935,4685
45378,3995
90935,4525
NO32,_
21248,7643
59812,7360
59409,6902
59812,7359
31531,3142
31531,9814
20670,9357
16010,7860
20670,8628
62120,212
49561,5351
49561,5361
60212,620
65265,1402
44361,4513
44361,4514
27303,7715
38530,4011
25909,8405
46761,4979
29065,7932
29065,8499
25526,9353
29065,7819
29065,7939
27502,8628
27502,8345
67975,869
47120,5022
24120,7763
71090,8843
71090,3780
93556,8839
71090,3956
71090,8857
93556,3780
71090,8839
29075,7760
29075,8345
27050,8039
46280,9622
45303,4911
45303,4993
46280,4823
45303,4912
29010,9351
44227,4562
44227,4590
44227,4650
VZ491,_
67222,1459
67222,9335
61314,124
61314,125
23570,7909
29830,8032
28470,9820
11010,7907
28470,8628
65920,1671
50620,5620
74480,5980
50620,8839
74480,5620
50620,5980
74480,8839
28003,9357
16010,8314
28003,8628
12036,9357
12036,8628
29585,_
44005,4594
58150,4594
44208,6849
58150,1739
58150,4610
44208,6561
69505,2049
69505,1940
69505,2023
67040,1371
66987,1424
43847,4439
43847,4495
27786,8628
11043,7906
27786,8345
44180,5451
44147,4579
27823,9353
69150,1831
65135,1661
44005,5310
46255,4912
46275,4946
46255,4911
67015,1472
44950,4563
67039,1370
67052,1424
44206,1735
44206,4610
61700,3951
14402,_
11000,8544
19240,8628
11000,8543
49507,5423
49000,5300
27306,8312
20982,7840
90395,_
28111,7751
36012,3893
31288,2219
31288,2252
31288,2264
25920,8404
25920,8345
15220,8628
11043,8669
15220,8345
PO25,_
48005,5260
20520,8628
11043,8302
20520,8345
61333,1609
61333,1692
75945,29
38120,4150
44640,4679
11000,7939
23515,8628
11000,7929
67880,852
31805,3171
54308,5849
65865,1371
66987,1231
65865,1341
66995,1266
66995,1299
NG3,_
49215,5440
24495,3803
24495,8314
59121,9971
36430,6602
27305,8314
67911,838
51050,5810
51050,5860
51050,6094
51050,8929
52601,5719
51050,5732
51050,5850
51050,6029
51050,6373
67923,843
65420,1139
29345,8309
11010,8339
P0000,8345
29345,9820
48100,5212
67400,1609
67400,1623
22851,7789
22842,8051
63030,8451
22851,7859
22842,309
22851,8051
22842,8451
63030,7859
22851,309
22842,7789
64836,430
55535,5310
49505,6310
55535,5300
43260,5151
43260,8754
47620,5110
43260,5122
43260,5183
21338,7929
21453,7760
21453,8309
21453,8345
21453,9820
11012,7675
21453,7710
21453,8302
21453,8339
21453,8628
12002,7760
12002,8309
12002,9820
11012,8659
12002,7710
12002,8302
12002,8339
GG29,_
27822,7925
27822,7819
27506,7936
27822,7815
27822,8152
27506,7819
27822,7936
45300,7760
45300,8309
45300,8345
45300,9820
11012,4824
45300,7710
45300,8302
45300,8339
45300,8628
40520,2743
40520,2759
15757,8660
57720,6761
57720,6769
67050,1341
27052,8035
28088,8342
42900,2951
64708,479
OO34,_
76942,5642
50234,_
76942,5551
52005,5732
52005,5980
52005,8773
52005,9646
52005,9649
26591,7933
26615,8289
26591,7923
64830,407
11012,479
64830,7710
64830,8302
64830,8339
64830,8628
16040,8609
16035,8630
43241,4513
43241,9607
54505,6212
42804,2080
69421,2912
42804,2009
33405,3522
33405,3961
45910,9622
60281,670
57250,7052
57250,7071
61458,125
49562,5351
49562,5361
66996,1266
26665,7814
26665,7939
15570,8670
46610,4921
46610,4931
27635,7767
47562,5349
49585,5123
47562,5341
32652,3339
90935,3452
32652,3995
90935,3339
32652,3452
43261,5214
33245,3795
33245,3797
43846,4439
43846,4495
93660,8952
93660,8959
93660,8961
11011,7926
27784,7936
27784,8309
27784,8345
27784,9820
11011,7817
27784,7926
11011,7936
27784,8302
27784,8339
27784,8628
61533,124
44392,4542
27607,7710
57135,7360
59409,7033
57135,7359
31614,3174
27514,7815
27514,7935
28086,8342
30130,2161
30130,2169
27665,8364
27665,8381
69637,1860
69637,1930
69637,1940
69637,2021
69637,2023
69637,2099
62010,202
XA,1289
65285,_
XA,1159
10080,8309
10080,8345
10080,9820
11011,8603
10080,8302
10080,8339
10080,8628
AT141,_
58920,6522
65286,1159
65286,1289
26715,7922
26715,7989
65820,1252
65820,1253
69620,1940
54510,6220
29065,7979
25520,9353
29065,7902
40840,2491
ZO809,_
37616,3880
21470,7676
35045,3843
35045,3995
90935,3843
35045,3952
61108,124
44025,4503
27881,8415
27881,8446
27881,9353
EN138,_
42104,2731
28306,7738
66155,1262
66155,1269
69645,1860
69645,1940
69645,2042
69645,2099
92982,8843
33877,3954
90935,3961
49000,3995
33877,5411
90935,5423
49000,3954
33877,3961
33877,5423
90935,3954
49000,3961
33877,3995
90935,5411
90935,5502
36488,3995
50040,3893
90935,5501
36488,5502
50040,3995
90935,3893
36488,5501
47700,5012
47700,5149
47700,8753
12047,8659
24575,7760
24575,8309
24575,8345
24575,9820
11012,7931
24575,7710
24575,8302
24575,8339
24575,8628
46934,4949
45560,7052
62140,206
21240,7650
26560,8670
26560,8685
68700,973
63001,309
25574,7979
25574,7819
37660,3889
66983,1319
66983,1371
57210,7360
59409,7071
57210,7359
27656,8389
JO68,_
49000,4610
44206,5423
44005,1735
44206,5459
49000,1735
44005,4610
44206,5411
35188,3953
52234,5810
52234,5860
52234,6094
52234,8929
52601,5749
51590,5671
51590,5779
57500,6813
58100,6712
57500,6711
49565,5351
49565,5361
27475,7825
52007,5633
45383,5732
44005,5980
52007,8773
45383,9646
44005,9649
52007,4523
44005,4543
52007,5459
45383,5633
52007,5980
45383,8773
44005,9646
52007,9649
44005,4542
52007,4543
45383,5459
44005,5633
52007,5732
45383,5980
44005,8773
52007,9646
45383,9649
44005,4523
52007,4542
48153,5136
48153,5251
48153,5270
48153,5296
69511,2042
63075,309
63075,7769
63075,8051
19340,8553
19340,8554
61710,3953
26426,8286
26426,8309
26426,8345
26426,9820
11011,8286
26426,8302
26426,8339
26426,8628
61305,124
61305,125
11641,8630
41250,2551
41250,2752
ZO800,_
12004,8628
12004,8345
60522,781
60522,782
61545,124
39000,3410
57120,7080
11603,8628
11043,8630
11603,8345
27407,8146
28296,7738
28296,7759
28296,7798
42235,2769
42235,8670
27605,8311
96408,5732
52310,9925
96408,5700
48510,5201
50130,5511
61556,124
90935,5980
36145,3995
52332,3895
36145,5980
52332,3995
90935,3895
36145,5732
90935,3491
32002,3995
90935,3404
54550,6200
44950,5310
39010,3410
52214,5423
27244,5732
49000,5749
27244,6029
49000,7935
52214,5411
27244,5423
49000,5732
27244,5831
49000,6029
52214,7935
27244,5411
27244,5749
49000,5831
32225,3451
27610,7929
27766,8017
27610,7819
75901,8839
75901,9820
26011,8345
15936,8630
11644,8630
31578,3009
31578,3142
11760,8628
11760,8345
SO19,_
12011,9820
11010,8659
64782,407
55815,4030
55815,6050
MCPNSD,_
51010,5980
52332,5711
51010,5732
58260,7071
57240,6859
57250,7051
58260,7052
57240,7071
57250,6859
58260,7051
57240,7052
15574,7760
11012,8670
15574,7710
53265,5839
27626,8017
27626,8077
27626,8342
27652,8149
27652,8388
43605,4415
57555,6740
57555,7050
27228,7935
27215,7939
21445,8345
27676,7737
27676,8388
31256,2188
30520,2219
31256,2150
96408,6813
58100,9925
96408,6711
27331,7760
28630,8302
27524,8309
27331,8345
28630,8628
27524,9820
11012,8016
28630,9829
27524,7978
27331,7710
28630,7760
27524,8302
27331,8339
28630,8345
27524,8628
28630,8036
27524,9829
11012,7978
27331,7936
28630,7710
27524,7760
27331,8309
28630,8339
27524,8345
27331,9820
28630,8016
11012,9829
27331,7978
28630,7936
27524,7710
27331,8302
28630,8309
27524,8339
28630,9820
27524,8016
11012,8036
47600,5423
44005,5122
47600,5411
49000,5122
47600,5459
29065,7931
29065,7842
24685,8628
11043,7932
24685,8345
45337,4524
45337,4685
76930,_
61518,125
31635,3323
31635,9815
27052,8345
11042,125
61312,8628
11042,124
32035,3409
32035,7791
64719,460
64719,479
28104,7769
26025,8203
50545,4029
61700,125
61312,3951
61700,124
44020,4502
69644,1860
69644,1930
69644,1940
69644,2049
65875,1233
26565,7734
26565,7933
26615,7734
26565,7923
25575,8309
25575,8345
25575,9820
11011,7932
25575,8302
25575,8339
25575,8628
42182,2761
27244,7760
27244,8309
27244,8345
27244,9820
27244,7710
27244,8302
27244,8339
27244,8628
14061,8345
41017,2700
69405,2080
45309,4542
45309,4543
45309,4823
45309,4835
45309,4836
58540,6949
24498,7850
23150,7852
24498,7762
23150,7850
24498,7852
23150,7762
11044,7934
26765,7760
11044,7924
26765,8345
11721,8630
23107,8011
22630,8129
54550,6270
54520,6200
54550,6230
99460,4610
44322,_
99460,4525
65781,1689
38765,4030
50575,5521
50575,5620
50575,5631
50575,5732
50575,8773
50575,9645
50575,9649
25440,7844
51595,4030
51595,5671
51595,5779
33406,3521
33406,3961
ICD,5294
43264,_
ICD,5188
ICD,_
21031,7620
36450,6813
58100,9901
36450,6711
58672,5421
58672,6679
24579,7931
49320,5421
25115,7760
25115,8309
25115,8345
25115,9820
11012,8342
25115,7710
25115,8302
25115,8339
25115,8628
44950,9357
16010,4709
44950,8628
47600,9357
16010,5122
47600,8628
66982,1269
66172,1371
66982,1264
66982,9928
66172,1330
93619,3726
33536,3614
66625,1475
67051,1214
66625,1474
43255,9622
45303,4233
NSD0,_
61855,293
30140,2161
30140,2169
30462,2187
45505,5421
58560,6822
MCP36,_
49905,5474
25150,7783
45160,4835
67112,1449
66987,1490
67041,1341
57000,7014
32651,3252
32651,3421
27750,8345
49566,5459
49000,5351
44005,5361
49566,5411
49566,5351
49000,5361
49566,5423
44005,5351
49566,5361
49585,5310
49505,5341
42160,2731
54304,6442
28805,8628
11043,8332
28805,8345
23500,9359
29058,7909
23500,9353
96408,4542
26390,8171
26390,8233
47715,5169
25630,7903
58120,7360
59409,6909
58120,7359
46083,4912
46270,4949
46083,4911
37730,3889
44310,5423
43235,4620
49000,4513
44310,5411
43235,5423
49000,4620
44310,4513
43235,5411
25145,7709
41806,2499
26650,7814
65815,1289
65285,1291
29075,7932
47785,5499
42330,2600
45300,4993
46280,8628
11000,4824
45300,4911
11000,4993
46280,4824
45300,4912
12014,8309
12014,8345
12014,9820
12014,8302
12014,8339
12014,8628
11044,8403
26910,7760
26910,8345
11044,6270
54520,7760
54520,8628
11044,6230
54520,8345
27880,9357
16010,8415
27880,8628
58300,7759
59612,6970
22841,7859
14061,8689
11640,8630
26608,7760
28496,8309
26608,8345
28496,9820
11012,7814
26608,7819
28496,7760
26608,8309
28496,8345
26608,9820
26727,7814
28496,7819
82034,_
99256,8907
15740,9824
54115,8670
15740,6492
28150,7789
35450,3950
58950,4685
43820,5440
43235,6529
45378,6561
58950,4439
43820,4513
43820,6529
43235,6561
45378,4439
58950,4513
43820,4525
45378,5440
43820,6561
43235,4439
58950,4525
43820,4685
43235,5440
45378,6529
29325,9351
12001,8628
12001,8345
65235,1289
65280,1200
65235,1159
26785,7984
27824,7760
27824,8309
27824,8345
27824,9820
27824,7710
27824,8302
27824,8339
27824,8628
27236,8628
11043,7935
27236,8345
52320,5600
52320,5732
52320,5980
08009,_
39501,3482
50280,5539
23657,3228
43220,4292
63015,309
36488,5620
36488,5732
36488,9645
35472,3950
15933,7789
15933,8630
15933,8659
67904,889
67840,833
67904,820
93524,3722
90943,_
42953,2959
43245,4422
27507,7925
54430,6498
26060,8211
14040,8401
26952,8689
14040,407
27310,7760
27310,8309
27310,8345
27310,9820
27310,7710
27310,8302
27310,8339
27310,8628
14001,8689
26746,7760
26746,8309
26746,8345
26746,9820
11012,7923
32320,3451
32320,3459
62350,390
23616,7931
23616,8444
27358,7762
27358,7855
51820,5674
51820,5785
45300,4946
46257,4824
45300,4939
46255,9622
45303,4946
46255,4823
65810,1291
65810,1292
65810,1472
65810,1473
31825,3172
54901,6383
59513,6970
58300,7499
59514,6970
48520,5296
28445,7760
28445,8309
28445,8345
28445,9820
11012,7939
28445,7710
28445,8302
28445,8339
28445,8628
28445,7939
53240,5839
50500,5581
49000,5440
49200,5423
49200,5411
58562,6849
44200,9816
58150,_
58562,6561
44200,6849
58150,9816
58562,_
44200,6561
58562,9816
44200,_
17280,8630
14021,8628
14021,8345
26591,7760
26591,8309
26591,8345
26591,9820
11012,8289
26591,7710
26591,8302
26591,8339
26591,8628
42890,2933
62000,202
11012,884
67961,7710
67961,8302
67961,8339
67961,8628
35180,3953
11052,8630
BO59,_
29345,7935
27514,9353
29345,7815
91105,9607
57320,5784
26135,8074
26135,8192
26055,8394
26130,8073
38240,4100
77776,_
LACERATIONANTERIOROCCIPUT,_
50320,5551
19240,8595
19357,8543
43330,4270
35820,3805
29008,_
24666,7932
24666,8444
62165,299
62165,763
AN02,_
48001,4319
48001,4639
48001,5103
48001,5299
52614,6029
67830,801
61340,124
63702,351
50961,5600
50961,5631
50961,8773
50961,9646
50961,9649
99460,5423
49000,_
99460,5411
50340,5551
40527,2743
40527,2759
37207,3990
33201,3774
33201,3780
46715,4979
46715,4999
99646,_
42215,2762
40720,2754
75978,3950
75978,8839
06202,_
MCP01,7360
MCP01,7359
53234,5423
53234,5411
53234,_
27846,7989
27846,8345
69502,2041
67914,842
27750,8628
42300,2700
29887,7719
27501,7905
27507,7809
20956,7935
27507,3999
27472,7925
26546,7804
26735,7844
26546,7854
26546,7934
26735,7804
26546,7844
26735,7854
26546,7924
11043,479
64830,8345
35201,3959
25400,7843
44210,4581
44210,4620
27502,7925
24515,7760
24515,8309
24515,8345
24515,9820
24515,7710
24515,8302
24515,8339
24515,8628
35860,3806
29345,7936
27828,9353
29345,7817
62146,125
61312,204
62146,206
35266,3957
31610,3129
25620,7760
25620,8309
25620,8345
25620,9820
25620,7710
25620,8302
25620,8339
25620,8628
36488,7760
36488,8309
36488,8345
36488,9820
11012,3893
36488,7710
36488,8302
36488,8339
36488,8628
11643,8630
40761,2754
40761,2756
58100,6829
58558,6813
58100,6816
58100,6909
58558,6711
44212,4581
44212,4620
44212,4869
06003,_
47562,6813
58100,5123
47562,6711
67345,420
15240,8628
15240,8345
21485,7693
57265,7051
57265,7052
57265,7092
43496,3929
43496,4699
31560,3029
50783,5674
11043,7936
79000,8345
TV,8628
27535,_
11043,7817
79000,7936
TV,8345
11043,_
79000,7817
TV,7936
27535,8345
TV,7817
79000,8628
TV,_
29345,5423
99460,9353
29345,5411
49000,9353
29345,_
27535,7760
15738,8302
27535,9820
15738,7817
27535,8332
11012,8669
15738,7760
27535,8309
15738,8339
15738,9820
11012,7817
11012,8382
27535,8669
15738,7710
15738,8309
15738,8628
15738,7936
11012,8332
27535,8382
52649,5423
52649,5411
49000,5642
52332,5411
32020,5423
45300,5980
46604,3409
46600,3893
44005,4824
50234,4921
49000,9623
52332,5459
32020,5551
36488,5642
45300,5411
46604,5423
46600,5732
50234,3409
49000,3893
52332,4824
32020,4921
36488,9623
45300,5459
46604,5551
46600,5642
50234,5423
46604,4921
46600,9623
54600,6250
54600,6352
53260,5839
49587,4701
52332,5600
52332,5522
52332,5631
24615,7932
24665,7982
24615,7783
21423,7674
20690,7760
20690,8309
20690,8345
20690,9820
20690,7710
20690,8302
20690,8339
20690,8628
11042,7935
27514,8628
11042,7815
46270,4824
69610,1940
28615,7989
49502,5300
49502,5310
49502,6310
11012,8364
28022,7710
11042,7760
15572,8302
28270,8309
28022,8345
15572,9820
28270,8018
28022,8048
11042,8364
15572,7710
28270,7760
11042,8339
15572,8345
28270,8628
15572,8048
28022,7760
11042,8302
15572,8309
28270,8339
28022,8628
11042,9820
15572,8018
28270,8670
11012,8048
28022,8364
11042,7710
15572,7760
28270,8302
28022,8339
11042,8345
15572,8628
28270,9820
28022,8670
11042,8048
15572,8364
28270,7710
28022,8302
11042,8309
15572,8339
28270,8345
28022,9820
11042,8018
44187,4685
45378,4620
44187,4525
44187,4620
59400,8908
59400,9449
46080,9622
45303,4959
46080,4823
12032,8309
12032,9820
12032,8302
12032,8339
12042,8309
XA,8339
XA,9820
12042,_
XA,8302
12042,8339
XA,8345
12042,9820
11011,_
12042,8302
XA,8309
41250,8628
43510,4281
43510,4292
43510,4300
28540,7979
62145,206
62145,292
49580,5341
49580,5349
41135,2520
41135,4041
AO61,_
39220,_
20650,7810
27506,7860
20650,9344
20650,7925
26432,8628
21346,7939
27592,8417
28805,8309
28805,9820
11011,8332
28805,8302
28805,8339
31365,3040
23660,7981
15736,8332
15736,8382
15736,8669
57556,7051
57556,7092
20680,8309
20680,9820
11011,294
11011,9788
20680,8302
20680,8339
11011,7860
26548,8172
67220,1425
45315,4542
45315,4543
45315,4823
45315,4835
45315,4836
49554,5329
49554,5339
27496,8314
31750,3179
AO85,_
65270,1281
21025,8628
11043,7631
21025,8345
90935,7360
59409,3995
90935,7359
35184,3953
42806,2912
OO81,_
47562,4590
44140,5123
47562,4572
55150,6130
26567,7849
27033,8015
27033,7760
27033,8309
27033,8345
27033,9820
11012,8015
27033,7710
27033,8302
27033,8339
27033,8628
75671,8841
49557,5329
49200,5339
49557,5440
49200,5329
49557,5339
66185,1699
31276,2219
31276,2241
31276,2242
91037,8939
23470,8183
61546,124
22310,7760
22310,8309
22310,8345
22310,9820
11012,353
22310,7710
22310,8302
22310,8339
22310,8628
32020,3491
32005,3409
32002,3492
32020,3404
32005,3491
32002,3409
32020,3492
32005,3404
CP910,_
45307,4823
45307,9804
30465,2187
20610,8154
27447,8191
27447,8394
27220,7949
45378,4610
93510,3895
49000,3722
36145,5423
93510,3995
49000,3895
90935,3722
36145,5411
93510,5423
36145,3722
93510,5411
25560,7932
25500,8345
46716,4979
46716,4999
28400,9820
11010,7909
28400,8628
90935,4542
29898,8087
45020,8309
45020,8345
45020,9820
11011,5400
45020,8302
45020,8339
45020,8628
11011,8388
27652,8302
27652,8339
27652,8628
45380,4530
27703,8149
25000,8662
64721,8684
26121,8301
25000,460
11740,8628
26952,8604
11740,8401
11000,8604
11740,407
11740,8604
29405,8302
12002,9353
29405,7938
29405,8309
28525,8659
12002,7938
29405,7710
29405,8339
29405,8659
28525,9353
29405,7760
23130,8181
11043,3991
35761,8345
26410,7760
26410,8309
26410,8345
26410,9820
26410,7710
26410,8302
26410,8339
26410,8628
64755,4402
21502,7781
21502,8604
44380,4514
27509,7945
27509,9359
14000,8628
14000,8345
27200,7909
44970,4542
48154,5136
48154,5251
48154,5270
29888,8036
29870,8145
29888,8026
50546,5551
50546,5641
37565,3882
24435,7809
24435,7842
29025,9351
43638,4350
43638,4400
25645,7929
25645,8628
11043,7929
25645,8345
27025,8314
64776,407
25560,8628
11043,7902
25560,8345
XA,9357
16040,_
XA,8630
31239,2219
31239,981
49505,5810
49505,5860
49505,6094
49505,8929
52601,5300
26951,7760
26951,8628
48152,4370
48152,5136
48152,5251
48152,5270
65280,_
38230,4191
27332,8016
27332,8060
25151,7783
44820,5440
51900,5784
44186,4639
11730,8628
11730,8345
44960,5310
49505,4709
44960,5300
31785,3150
47460,5149
47460,5182
47460,5183
CN185,_
51040,9971
36430,5717
51040,9903
51596,5671
44388,5779
51596,4525
44388,5671
51596,5779
67902,832
28299,7759
28299,7798
49000,3409
32020,5411
23600,9359
29058,7901
23600,9353
39200,3430
29883,8147
59513,9357
16010,7499
59513,8628
49320,6270
54520,5421
49320,6230
28476,7818
27187,7855
44153,4582
44153,4595
44153,4601
44153,4835
28430,7909
50785,5674
LO24,_
12011,2752
12011,2551
41252,8659
48180,5296
51045,5749
52240,5980
51045,5732
51045,5831
52240,5719
49505,6270
54520,5300
27513,7710
27513,8302
27513,8339
27513,8628
11000,8382
46615,4921
46615,4931
45130,4869
45130,4874
46760,4979
90935,3780
33207,3995
90935,3776
51575,4030
51575,5779
69601,2041
26600,8401
26952,7903
26600,407
44605,4610
44605,4675
26765,8309
11012,7924
38555,3991
38555,4029
52224,5732
52224,5733
52224,5823
52224,5831
46910,4939
21336,2172
25525,7939
23515,7819
23515,7979
25525,7929
NSD01,9971
58600,_
36430,6639
NSD01,9903
58600,9971
NSD01,6639
58600,9903
36488,125
61312,3893
36488,124
27227,7925
27227,7935
27724,7807
27759,7840
27724,7936
27759,7807
27724,7840
25900,8405
75716,8848
75716,8849
27334,8016
27334,8076
26951,7710
26951,8302
26951,8339
35905,3865
90935,6840
59525,3995
90935,6839
49255,5310
49507,5440
49255,5300
29345,7929
29345,7819
26587,7760
26587,8309
26587,8345
26587,9820
11012,7739
26587,7710
26587,8302
26587,8339
26587,8628
54520,6097
53852,6230
27884,8415
58150,5423
27814,7760
27814,8309
27814,8345
27814,9820
27814,7710
27814,8302
27814,8339
27814,8628
48545,5295
54640,5310
58661,6829
99256,6909
58558,6561
19361,8554
19361,8571
27687,8372
44950,6551
58940,4709
44950,6539
75820,8867
75820,3780
33208,8867
75820,3772
93640,3726
31360,3030
67030,1474
14020,8628
14020,8345
27507,9820
11010,7935
27507,8628
68130,1031
21343,7929
65275,1151
65275,9821
25023,407
25023,8314
47600,6849
58150,5122
47600,6561
50236,5551
50236,5642
30020,2110
66987,1475
67051,1341
54640,6270
54520,6250
54640,6230
44340,4643
43235,9804
45332,4513
43235,4524
29804,8076
29880,8029
29804,8086
29880,8076
29870,8029
29804,8026
29880,8086
29877,8029
29804,8036
29880,8026
29876,8029
29804,8060
29880,8036
29804,8029
58558,8782
58345,6816
58345,6909
58558,6999
58345,6829
33720,3539
33720,3522
33405,3539
33720,3961
43260,4443
43255,5110
43260,4233
93510,8843
69501,2041
23466,8196
30802,2132
30802,2169
27290,8519
24500,9359
24500,9353
36450,125
61312,9901
36450,124
36450,6829
46270,8628
58770,5423
49000,6602
58770,5411
15937,7789
15937,8382
15937,8630
CKD5,_
21366,7672
21366,7809
ESRD,_
MCP01,6970
MCPO1,6970
45800,5783
75885,8864
75885,6829
67010,1474
67052,1471
67010,1370
52334,5732
27602,9357
27602,8628
68811,943
44145,4579
44145,4594
46705,4979
53220,5839
27086,9829
29365,8192
29365,8396
29365,8191
29365,8394
52250,5732
52250,5733
52250,5823
52250,9227
28675,7760
28675,8309
28675,9820
11012,7989
28675,7710
28675,8302
28675,8339
27610,7760
27610,8309
27610,8345
27610,9820
11012,8017
27610,7710
27610,8302
27610,8339
27610,8628
66830,1214
66830,1364
66830,1365
11044,9353
26735,7760
28008,7760
28008,8309
28008,9820
11012,8314
28008,7710
28008,8302
28008,8339
32655,3221
21142,7646
47511,5198
63020,309
63020,7789
63020,8051
21510,7719
51500,5349
51500,5751
27259,7825
27259,7985
27259,8152
67331,1590
58600,7430
59121,6639
58600,6602
66850,1371
66984,1341
66850,1330
34471,3995
33010,3700
24900,8407
24900,8628
11043,8407
24900,8345
24147,7769
19160,8544
19162,8523
19160,8543
26055,479
64721,8301
26055,460
66130,1284
27658,8364
26356,8345
28344,7849
08090,_
59120,6589
36430,6549
49000,9903
58740,9971
59120,5411
36430,5423
58740,6549
59120,9903
49321,5424
21330,2172
21330,7859
11012,2181
12054,7760
12054,8309
12054,8345
12054,9820
11012,1840
11012,2751
11012,881
12054,7710
12054,8302
12054,8339
12054,8628
28112,7789
27245,7860
12002,3491
32002,8659
12002,3404
58952,6849
43832,5440
47480,6529
44310,4319
58150,5103
58952,5104
43832,4620
47480,6561
44310,6849
44310,5104
58150,4620
43832,6849
47480,5440
44310,6529
58150,4319
58952,5103
43832,5104
47480,4620
44310,6561
43832,6529
47480,4319
44310,5103
58150,5104
58952,4620
43832,6561
47480,6849
44310,5440
58150,6529
58952,4319
43832,5103
JI893,_
NZ491,_
UO4,_
53230,5839
66605,1242
66605,1244
54015,6492
47530,5198
27756,7760
29345,8302
27756,8339
29345,8345
27756,9820
27756,7710
29345,7760
27756,8309
29345,8339
27756,8628
27756,9353
29345,7710
27756,8302
27756,8345
29345,8628
24800,8124
43234,4685
43234,4525
51585,4029
51585,5671
51585,5779
23515,9353
29065,7929
26070,8013
61150,124
61150,139
47100,5012
61690,3953
35221,3959
27830,7979
99256,639
25450,7823
68326,1043
99256,8753
47605,8907
99256,5122
99256,6849
58150,8907
99256,6561
29345,7860
15120,8669
28615,7760
28615,8339
28615,9820
28485,7989
28615,7710
28615,8309
28615,8628
28615,7937
28615,8302
28615,8345
11044,7859
21365,7760
21365,8628
11044,7672
44120,7760
44120,8309
44120,8345
44120,9820
11012,4562
11012,4590
44120,7710
44120,8302
44120,8339
44120,8628
11012,4563
43020,4209
43020,9802
35103,3844
35103,3846
35103,3847
35103,3952
69930,2049
69930,2096
28470,7760
28470,8309
11012,7907
28470,7710
28470,8302
28470,8339
42225,2762
16035,9820
11010,8609
P0000,6561
25545,7931
24546,7932
25545,7842
11043,8403
12057,1840
12057,2181
12057,2751
12057,8659
12057,881
14040,8628
14040,8345
29085,8401
26952,9353
29085,407
27335,8016
27335,8076
90935,6813
58100,3995
90935,6711
11000,5423
49000,8628
11000,5411
46270,9622
69436,3142
31578,2001
69436,3009
54550,5310
49505,6200
54550,5300
47555,5198
11044,7860
26418,8345
55100,6100
20692,7934
26735,7810
20692,7924
47122,4590
44140,5022
47122,4572
64862,430
62220,232
32551,_
45562,4800
45562,4879
19120,8544
19240,8521
19120,8543
57454,6829
58558,7021
57454,6816
57454,6909
58558,6712
69871,1490
67041,_
69871,1474
69871,_
63042,309
63042,7789
63042,8051
64834,430
33697,3581
53442,9769
27715,7837
27715,7847
27435,8046
II101,_
27808,8037
27620,7909
27808,8017
11010,7937
65870,1232
26350,8401
26951,8286
26350,407
55100,9622
45303,6100
55100,4823
12037,8659
90935,3459
32320,3995
90935,3451
25650,7932
25650,8499
25526,7909
25650,7819
25650,7939
28288,7759
49000,4594
44145,5411
47490,5101
50020,5501
50020,5511
82932,_
58600,7499
59514,6639
23180,7781
27826,7817
27750,7936
27826,7906
27750,7817
27826,7936
23044,8011
15100,7819
15100,7760
27756,8669
15100,7710
08601,_
51860,6561
12036,7760
12036,8309
12036,8345
12036,9820
12036,7710
12036,8302
12036,8339
TN083,_
99035,_
35206,7760
35206,8309
35206,8345
35206,9820
11012,3959
35206,7710
35206,8302
35206,8339
35206,8628
27709,7737
88332,8669
15734,8908
11606,9199
15756,8382
88332,8630
11606,8669
15756,8908
88332,9199
11750,6849
58150,8623
11750,6561
95800,_
27722,7807
24200,8628
11043,9827
24200,8345
EO2,_
24600,7760
24600,8309
24600,8345
24600,9820
11012,7972
24600,7710
24600,8302
24600,8339
24600,8628
ZC73,640
60254,_
ZC73,4040
ZC73,_
11012,7926
27784,7760
27784,7710
44207,1739
44207,4594
27090,8005
46285,4911
46285,4912
25490,7813
27829,7859
27829,8199
27829,9359
28126,7799
54560,5411
54560,6200
46900,4939
54125,6430
19020,9357
16010,8500
19020,8628
28555,7989
24582,8309
24582,8345
24582,9820
11011,7911
24582,8302
24582,8339
24582,8628
24582,7911
60281,9357
16010,670
60281,8628
59411,7360
59409,7252
59411,7359
27620,8628
11043,8017
11010,7939
44021,4502
43825,4400
43825,4439
44900,4461
43840,4720
44900,4442
44900,4720
49000,6849
58150,5411
54535,5411
54535,6230
45378,4530
43258,4685
45378,4341
45378,4533
43258,4525
29075,8309
29075,9820
11011,9353
29075,8302
29075,8339
58600,6849
58150,6639
58600,6561
31527,2470
31527,3142
33213,3787
27441,8076
27441,8086
27441,8147
28415,7939
28415,8628
11043,7939
28415,8345
43361,4255
43361,4289
43361,4679
29855,7819
29855,8029
26685,7984
26685,7989
52330,5620
52330,5732
52330,5980
75635,8848
12041,8628
11044,8689
14040,8659
12041,7760
12041,8689
14040,7760
12041,8345
52640,5749
58660,5421
40830,2752
61516,124
61516,125
57100,7024
60200,631
54420,6498
27315,407
49572,5359
49572,5369
29435,8036
11000,7934
11000,7924
50405,5502
50405,5512
50405,5570
50405,5587
50405,5620
50405,5689
64835,430
50770,5675
23930,8604
45563,4610
45563,4800
45563,4879
32663,3241
27536,7860
29365,9788
20680,7936
27536,9353
29365,294
27536,9788
29365,7936
20680,9353
27536,294
29365,7860
24515,9359
29058,7931
24515,9353
64832,430
36510,3892
27607,8345
36450,8628
11044,7710
27607,9901
36450,7760
27607,8628
36450,7710
11044,9901
27607,7760
36450,8345
28153,7789
49255,5423
12002,5440
44603,8659
49000,4673
49255,5411
12002,5423
44603,5440
49000,8659
49255,4673
12002,5411
44603,5423
49255,8659
12002,4673
44603,5411
21470,8345
21433,881
62100,7950
12052,124
67935,1840
21433,2181
62100,2751
27640,8345
61519,125
29888,8060
29881,8145
20520,9357
16010,8302
58720,4030
58720,6869
47350,5061
14020,9357
16010,8689
45112,4840
45112,4850
28991,_
27310,7929
27566,8016
27310,7796
27130,9357
16010,8151
27130,8628
69120,1839
49505,6250
54640,5300
26235,7789
27612,8017
27612,8047
27612,8385
43228,4233
11040,7860
41114,2510
41114,2559
43268,5294
43264,5293
43268,5188
90935,5504
50080,3995
90935,5503
90935,5521
40654,8345
50650,5640
17272,8630
45300,8672
45020,4824
46288,5400
45300,4973
45020,8672
46288,4824
45300,5400
45020,4973
21556,8628
21556,8345
55520,5310
49505,6330
55520,5300
55520,6330
49900,5423
49000,5461
49900,5411
63046,309
63046,7789
56630,7150
43239,5251
55862,4010
55862,4029
55862,6000
50590,5502
50040,9851
50590,5501
JK291,_
NDS01,_
54160,6400
42260,2182
35691,3959
11423,6849
58150,8630
11423,6561
03640,7360
59812,_
03640,7359
03640,6902
03640,_
47380,5023
59136,6639
58600,5440
59513,6529
59513,6639
58951,7499
58600,4030
59513,5440
59513,6849
58951,6639
59513,4030
58600,6529
59513,6561
37609,3882
36568,125
61313,3893
36568,124
43235,4543
45382,4513
43235,4523
29820,8071
47562,4542
43239,4543
45385,5123
47562,4514
43239,4523
47562,4543
43239,5123
45385,4514
47562,4523
GS10,_
74350,4311
11043,8415
27880,8345
21172,1689
21172,7691
28285,7756
26040,8212
27784,7929
27766,7817
27766,7936
27784,7819
27766,7926
LO30,_
27650,9357
16010,8388
26842,8129
29075,8175
26842,9353
29075,8129
26842,8175
15734,7760
15734,8309
15734,8345
15734,9820
15734,7710
15734,8302
15734,8339
15734,8628
LO40,_
15260,9820
11010,8669
15260,8628
20692,7935
27513,7810
20692,7815
15736,8345
35182,3953
24140,7762
27295,8418
27594,8417
27328,9824
54115,8332
27328,6492
25560,7760
25560,8339
25560,9820
25560,7710
25560,8309
11012,7902
25560,9353
25560,8302
32124,3339
32124,3402
11051,8630
23665,7901
29058,7971
23665,9359
23600,7971
23665,9353
50951,5631
50951,8773
50951,9646
50951,9649
14202,_
11011,2181
12051,8309
12051,8345
12051,9820
11011,1840
11011,2751
11011,881
12051,8302
12051,8339
12051,8628
90935,8628
11043,3995
90935,8345
11010,7860
11010,294
11010,9788
11042,8401
11042,407
99256,5310
49505,8907
99256,5300
48000,5299
38100,8659
48000,4150
49000,5299
38100,5423
48000,8659
49000,4150
12002,5299
38100,5411
48000,5423
12002,4150
38100,5299
48000,5411
99256,7360
58600,8907
99256,7359
59409,8907
99256,6639
69450,2023
40654,7760
24538,8302
40654,8339
40654,9820
24538,2759
11012,7852
40654,7710
24538,7760
40654,8309
24538,8339
40654,8628
24538,9820
11012,2759
40654,7852
24538,7710
40654,8302
24538,8309
LO89,_
15758,8382
27637,7767
27637,7807
29075,7974
26676,9353
29075,7814
24582,7929
27566,7911
24582,7796
28070,8078
25676,8030
24101,7989
25676,8012
32500,3249
43216,4233
50592,5533
50592,7360
59409,5533
50592,7359
61106,124
47765,5499
33208,8843
33208,3956
33208,8857
93556,3772
63045,309
63045,7789
61120,124
62200,220
43351,4219
36450,5502
50040,9901
36450,5501
47600,5151
47420,5122
47600,5104
54332,5845
54332,5849
52510,6095
27692,8375
35011,3995
36450,8415
20692,9901
11043,7810
20692,8415
11043,9901
27880,7810
27880,9901
36450,7810
36011,9901
36450,3995
36488,9901
36011,3995
36450,3893
90935,9901
74742,6693
74742,8839
46922,4939
33681,3562
47760,5499
27558,7819
27558,7986
27558,8146
33430,3524
33430,3961
54650,6250
93581,3555
29000,9353
64712,479
29065,7860
60505,3410
60505,689
93580,3552
93580,3591
92990,3596
31526,3142
33690,3885
54520,5310
49507,6230
33246,3795
33246,3797
33246,54
66920,1289
65280,1319
66920,1159
12001,7760
12001,8309
12001,9820
12001,7710
12001,8302
12001,8339
43205,4341
26535,8172
44345,5425
44322,4643
49080,4525
44322,5425
49080,4643
44345,4525
33824,3885
JI892,_
45805,4610
45805,5783
90935,139
61150,3995
90935,124
25391,7803
25391,7833
28600,7979
25575,9357
16010,7932
54820,6301
54820,6392
44010,4501
JO39,_
63170,309
63170,329
SO600,_
20800,_
37615,3880
11043,8605
10120,8345
11750,9357
16010,8623
90935,4590
44204,3995
90935,1739
49520,6230
12005,8628
12005,8345
25274,8388
28805,7760
28805,7710
23665,8309
23665,8345
23665,9820
11011,7971
23665,8302
23665,8339
23665,8628
67950,884
67961,859
67950,8671
21155,7646
21155,7691
21387,7679
EO55,_
56720,7011
27590,7760
27590,8309
27590,8345
27590,9820
11012,8417
27590,7710
27590,8302
27590,8339
27590,8628
90935,125
61312,3995
15580,8660
61591,2049
61591,299
32820,3479
32820,9357
16010,3479
32820,8628
11043,9824
54115,8345
55530,5310
55530,5300
31090,2219
31254,2253
31090,2121
31090,2263
31237,2253
31090,2211
11000,4823
46275,9622
45303,8628
11000,9622
46275,4823
11012,7860
20680,7760
11012,294
11012,9788
20680,7710
49255,4709
49255,6849
44950,5440
49255,6561
11041,8364
11041,8048
11000,7933
11000,7923
25020,8403
26037,8314
26910,8212
25020,8401
26037,8403
26910,8314
25020,8212
26037,8401
21450,7675
58200,4709
44005,4011
58200,5459
44950,4011
15350,8669
11010,8382
15736,9820
11010,8332
15736,8628
20670,7760
20670,8309
20670,8345
20670,9820
20670,7710
20670,8302
20670,8339
27536,8036
92987,3596
58285,6879
32110,3349
16010,3402
32110,3409
32110,9357
16010,3349
32110,3402
16010,3409
32110,8628
26765,8401
26951,7924
53510,5841
23035,7711
47721,4439
47721,5132
26433,8284
46611,4921
46611,4931
24665,8072
24102,7783
27759,7925
12020,_
40074,3995
12020,3995
40074,_
61711,3928
61711,8628
11043,3928
61711,8345
75650,8841
27596,8417
51845,5979
11403,8345
61795,9239
26756,8345
36260,8606
25335,7849
54692,6250
27516,7945
43825,4685
45378,4400
42507,2699
36450,6849
58150,9901
36450,6561
11043,9357
16010,8345
60521,781
60521,782
67584,1049
67584,1663
50205,5524
54326,5845
54326,5849
54326,6442
31641,3201
36450,4685
45378,9901
36450,4525
96408,5502
50040,9925
96408,5501
35681,3929
35556,3929
36450,8753
47605,9901
36450,5122
26215,7769
26215,7809
36450,5810
36450,5860
36450,6094
36450,8929
52601,9901
36450,5732
36450,5850
36450,6029
36450,6373
90935,4610
45380,3995
36488,4525
44143,3893
90935,4575
45380,4610
44143,4525
45380,4575
36488,4610
44143,3995
45380,3893
36488,4575
58559,5459
28636,7819
32220,3451
33641,3571
33641,3961
59514,9357
59514,8628
28666,7819
43842,4468
16010,6551
58940,9357
59513,6539
58940,7499
16010,6539
59513,6551
58940,8628
27499,8314
27409,8146
46255,4709
58150,4946
46255,6849
44950,4946
46255,6561
SO17,_
43280,4467
20900,7800
20900,7860
44150,4582
44150,4595
44150,4620
21422,7674
21422,7760
21422,8309
21422,8345
21422,9820
11012,7674
21422,7710
21422,8302
21422,8339
21422,8628
26756,7933
26615,7819
26756,7923
27780,8628
27780,8345
46742,4899
46742,4979
29075,7939
29075,7929
62005,202
26474,8388
27680,8391
43653,4319
43653,5421
26030,8203
15940,8630
15940,8659
03390,_
OO39,_
MDP01,_
27524,7939
23515,7936
27524,7929
28400,8309
28400,8345
11011,7909
28400,8302
28400,8339
58925,4709
58740,6529
44950,6529
58925,6589
31240,2263
31237,2169
31255,2211
31240,2219
31237,2119
31255,2169
31240,2121
44143,5423
49000,4575
25260,5423
32020,8388
25260,5411
49000,8388
25260,3409
28072,8078
23515,7760
23515,8309
23515,8345
23515,9820
11012,7929
49010,8345
11044,5423
49010,7760
49010,8628
11044,5411
12041,7360
12041,7359
36430,6849
58150,9903
11012,8403
26910,7710
26910,8302
26910,8339
31603,125
61313,3110
31603,124
26951,7844
11012,7854
26546,407
26546,7760
26546,8339
26546,9820
26951,7804
11012,7844
26546,7710
26546,8309
26546,8628
26951,9820
11012,7804
26951,7854
26546,8401
26546,8302
26951,8309
26546,8345
53520,5842
07570,7759
59612,_
07570,7360
07570,_
42450,2630
21337,2171
44850,5475
44850,5423
49000,5475
44850,5411
75902,8839
75902,9820
26910,7934
26735,8401
11043,3893
27380,8628
27380,8345
27065,7765
27065,7769
27065,7805
27065,7809
EI848,7860
EI848,_
46604,9623
60540,711
60540,729
60540,730
52649,5421
49650,6029
52649,5300
08069,_
46250,4912
46270,4946
46250,4911
58300,7491
59100,6970
58300,6800
11043,8016
52000,5502
50040,5732
52000,5501
12004,8302
25248,8659
12004,7702
49080,4563
DOGBITE,_
38101,4143
29358,8152
27506,7905
27502,9353
29358,7815
27502,8152
29358,7905
27506,9353
27502,7815
29358,7925
55290,_
54120,6430
08000,_
99256,4901
99256,4912
45113,4595
45113,4601
45113,4835
45113,4869
45317,4543
43265,4823
45317,5188
43265,4543
45317,4823
61470,125
11044,7780
27640,9353
27640,8628
29345,7780
27640,7760
28200,7760
28505,8302
28200,8628
28505,9820
28675,8388
28208,7939
28200,8381
28505,7710
28200,8339
28505,8345
11012,8388
28200,7939
28505,7989
28675,8381
28200,8302
28505,8309
28200,9820
28505,8388
28675,7939
28208,7989
28200,7710
28505,7760
28200,8345
28505,8628
28208,8388
28200,7989
28505,8381
28200,8309
28505,8339
12013,7760
12013,8309
12013,8345
12013,9820
12013,7710
12013,8302
12013,8339
12013,8628
31240,2169
93544,8842
27280,8108
11042,4563
28113,7789
26412,8286
26412,8381
46260,9357
16010,4946
46260,8628
54322,5845
54322,6400
54322,6442
MCP01,8908
MCP01,9449
55000,6191
55000,9929
11000,3491
32002,8628
11000,3404
49021,5491
20816,8422
20816,7760
20816,8309
20816,8345
20816,9820
11012,8422
20816,7710
20816,8302
20816,8339
20816,8628
41016,2700
77432,_
93501,3721
47130,5030
31526,4542
75705,8849
49582,5341
49582,5349
31640,3201
59409,7759
59612,7359
49520,6250
68340,1050
25927,8345
75662,8841
79445,_
90935,3942
36832,3893
90935,3800
36488,3942
36832,3995
36488,3800
75957,3973
75957,8839
36140,3891
45380,4685
61108,125
93531,3723
61345,124
30600,2182
28160,8098
65780,1371
66987,1689
65780,1341
59120,5423
49000,6549
27236,7860
58700,5423
49000,6651
58700,5411
36470,4513
45378,_
36470,4685
43235,_
36470,4525
36470,_
67420,1601
67420,1692
42809,9813
MN083,_
61521,125
43312,3173
43312,4289
28585,7989
23046,_
33216,3776
36488,3846
36488,3952
35102,3893
36488,3844
36488,3847
62272,9925
21390,1689
21390,7679
23532,7771
23532,7981
65130,1661
31230,1651
31230,2220
35226,8628
11043,3959
35226,8345
15944,8630
20663,294
20663,9788
27502,7860
27700,8149
58600,7052
57260,6639
58600,7051
59350,6941
31235,2219
BN185,_
27886,8415
58267,5950
58267,5960
58267,6859
44188,4610
28810,8345
52005,6829
58140,5980
49000,9646
58140,9649
52005,5411
49000,5980
58140,8773
49000,9649
52005,5423
58140,5732
49000,8773
58140,9646
29850,8147
69145,8309
69145,8345
69145,9820
11011,1829
69145,8302
69145,8339
69145,8628
47600,4461
43840,5122
47600,4442
30520,2253
31237,2150
31090,2188
30520,2121
31237,2188
30520,2211
31090,2150
50600,5620
68815,944
82949,_
59140,7430
35206,9971
11042,3959
36430,8628
35206,9903
11042,9971
36430,3959
11042,9903
TI41,_
58720,5459
27848,7760
27848,8309
27848,8345
27848,9820
27848,7710
27848,8302
27848,8339
27848,8628
26607,7760
26607,8309
26607,8345
26607,9820
11012,7913
26607,7710
26607,8302
26607,8339
26607,8628
44120,5423
49000,4562
49000,4590
44120,5411
49000,4563
44800,4533
26645,7903
57260,6859
11000,8302
27603,8628
11000,7710
21034,7620
21244,7643
21244,7819
61250,124
31081,2242
63003,309
34201,3806
34201,3808
34201,3891
21440,7675
49507,6250
41850,2181
12011,2751
99256,5423
44310,8907
99256,5411
49000,8907
99256,4620
ECJ18,_
59812,9971
36430,6902
59812,9903
57500,9971
58120,6712
57500,9903
36430,6712
57500,6909
44143,5459
44005,4575
58750,6673
30115,2131
25260,7760
25260,8309
25260,9820
25260,7710
25260,8302
25260,8339
25260,8628
55060,6120
58210,4850
58210,5760
58210,6880
58240,4030
58240,6869
58210,4610
58210,5671
58210,6849
27470,7845
27360,7785
26720,8309
26720,9820
27244,8417
27590,7904
26720,7710
26720,8339
26720,7935
27244,7904
26720,7760
26720,8345
27590,7935
26720,8417
11012,7904
26720,8302
26720,8628
23900,8409
11011,8016
24105,8350
51525,5719
BO9,_
27137,71
42120,2732
27170,7775
27170,7805
65730,1371
66987,1164
65730,1341
58140,6816
58140,6909
32601,3421
44604,5423
44950,4675
44604,5411
49000,4675
44604,4709
44188,4685
44188,4525
67316,1530
65755,1164
25600,479
64721,7902
25600,460
33240,53
23412,8363
23440,8375
28290,7759
28290,7798
58760,6679
49323,5421
49323,5499
26735,8345
27070,7785
16010,7789
27070,8628
22325,7929
22325,7989
61520,125
33025,3402
32020,3712
33025,3349
32020,3402
32110,3712
33025,3409
32020,3349
92995,66
21184,7646
21184,7769
21184,7809
44149,4610
44149,_
33533,3611
33730,3799
44152,4582
44152,4595
44152,4601
44152,4835
03420,_
27498,8314
43217,5423
49000,4233
43217,5411
58345,6639
58661,6999
11012,7925
27506,7760
27506,8309
27506,9820
11012,7815
11012,8152
27506,7710
27506,8302
27506,8339
26440,8211
59814,9971
36430,6959
59814,9903
30520,2263
31255,2188
31090,2119
31255,2253
30520,2119
31255,2150
ZE70,_
57108,7040
67010,1269
66170,1471
67010,1264
80090,_
47562,5294
43264,5123
47562,5188
JO40,_
FP001,7360
FP001,7359
62201,220
12001,9357
44373,4513
44373,4632
37650,3889
22224,7739
22224,8051
27333,8016
47605,8628
67415,1622
27506,7949
27193,7925
21452,7675
21452,7819
11043,8036
11043,9829
54328,5845
54328,5849
54328,6442
54328,8669
61584,299
61584,7739
47600,6270
54520,5122
47600,6230
57284,7079
27514,9820
11010,7815
42220,2762
JO69,_
28465,7937
11043,9359
27509,8345
26591,8401
26952,8289
26591,407
90935,4029
90935,5641
50230,3995
90935,3807
90935,5551
24500,7760
24500,8309
24500,8345
24500,9820
11012,7901
24500,7710
24500,8302
24500,8339
24500,8628
35450,6849
58150,3950
35450,6561
49255,5459
58720,5440
11760,7760
11760,8309
11760,9820
11012,8689
11760,7710
11760,8302
11760,8339
69700,1919
28810,8753
47610,8411
28810,5122
16010,_
37600,3882
35761,4562
44120,3800
44205,1739
44205,4562
44205,4593
26641,7974
26125,8235
26125,8662
26125,8684
50040,5995
52325,5522
50040,5631
52325,5501
52337,5502
52337,5995
50040,5522
52325,5600
52325,5502
50040,5980
50040,5600
52325,5631
52337,5501
25575,7936
27535,7932
25575,7817
27814,8037
27620,7936
27814,8017
58720,4709
49505,6849
44950,5300
58720,5310
49505,6561
58720,5300
58150,5310
58150,5300
19101,3491
32002,8511
19101,3404
21070,7631
58600,7759
59612,6639
12004,8388
25260,8659
58520,6941
58520,6949
46285,4824
38102,5423
38102,5411
38102,4150
32440,3259
11770,8628
11043,8621
11770,8345
61105,124
47120,5423
49000,5022
47120,5411
27253,7985
11041,7934
11041,7924
44005,8907
99256,5459
99256,6829
99256,7789
63047,8907
99256,309
99256,7860
28740,8114
25545,7923
34203,3808
34203,3891
27766,7710
27766,8302
27766,8339
27766,8628
62269,332
27245,7925
27880,8309
27880,9820
11011,8415
27880,8302
27880,8339
66625,1371
66984,1214
66625,1330
28820,7760
28820,7710
38601,_
21026,7639
27405,8628
11043,8146
27405,8345
49600,5349
28122,8345
25332,7760
25332,8309
25332,8345
25332,9820
25332,8175
29405,7860
55650,6073
32402,8628
11043,3424
32402,8345
53000,5800
25574,7925
15956,8382
15956,8630
16035,8345
46040,4685
45378,4901
46040,4525
66821,1371
66987,1364
66821,1341
31050,2212
31050,2252
63275,340
44620,4685
45378,4650
44620,4525
30460,2186
UTI,_
58700,6561
58740,6651
58720,6589
58720,6651
58700,6589
33767,3921
56740,6829
46916,4939
54312,5849
62361,7360
59409,390
62361,7359
67930,7679
21407,881
67930,1669
21407,7679
58720,6551
58720,6539
11043,5400
99460,2752
41250,_
99460,2551
58262,6561
58262,6859
61107,124
36430,4513
45378,9903
43235,9971
36430,4525
45378,9971
36430,4685
43235,9903
42870,2850
P0001,9971
P0001,9903
49201,9971
36430,5440
49201,9903
24134,7809
11012,7702
20956,7760
24134,8302
20956,8345
24134,8628
55040,5310
55040,5300
90935,5810
90935,5860
90935,6094
90935,8929
52601,3995
90935,5850
90935,6029
90935,6373
43255,4685
45378,4233
42500,2649
59513,7360
59409,7499
59513,7359
47600,9971
47015,5122
36430,5091
47600,9903
47015,9971
36430,5122
47600,5091
47015,9903
36488,9971
36430,3893
36488,5411
15845,8382
11043,5411
43261,8753
47610,5214
43261,5122
45380,4579
43239,4593
44160,4525
45380,4514
45380,4593
44160,4514
45380,4562
43239,4579
47362,5099
AA971,_
47562,5421
49650,5123
47562,5300
90935,1371
66987,3995
90935,1341
44500,4461
43840,9608
44500,4442
44500,9608
11426,407
42415,8630
11426,2929
ZZ392,_
57500,6739
57520,6712
57500,6720
57500,6769
51535,5719
62268,331
26200,7764
28810,7760
28810,8309
28810,9820
28810,7710
28810,8302
28810,8339
28810,8628
53010,5800
29435,7860
58925,6551
58940,6529
58925,6539
26951,7934
11041,407
11041,8401
26735,407
27720,7840
44372,4513
44372,9608
66630,1214
II19,_
45385,4530
93526,3723
32141,3221
32141,3409
19125,8554
19180,8521
19340,8541
19125,8553
19180,8554
19340,8521
19125,8541
19180,8553
43320,4252
44388,4400
43320,4429
27440,8147
36568,5423
31600,3893
49000,3121
36568,5411
31600,5423
36568,3121
31600,5411
24077,8662
49080,4461
43840,5425
49080,4442
77261,4513
58981,_
52647,5732
52647,5810
52647,5850
52647,5860
52647,6021
52647,6094
52647,6373
52647,8929
41155,2530
41155,2749
41155,4040
41155,7631
11000,8033
43501,4441
43501,4449
66840,1289
65280,1330
66840,1159
RO64,_
63011,309
51020,5719
51020,5759
51020,9227
41145,2530
41145,3110
41145,4041
58673,6602
58673,6639
55500,6310
27536,7935
27513,7936
27536,7815
93620,3726
29888,8086
29877,8145
33522,3929
43320,4400
23585,7929
27238,7939
23585,7905
27238,7929
23585,7939
24430,7842
52000,4590
44140,5732
52000,4572
33513,8843
24400,7732
24400,7911
60500,689
92980,3721
93508,3606
92980,3639
62192,371
42665,2699
21230,7809
65285,1330
52648,5732
52648,5810
52648,5850
52648,5860
52648,6029
52648,6094
52648,6373
52648,8929
69643,1860
69643,1940
69643,2049
69643,2099
19342,8553
19342,8554
50400,5502
50400,5512
50400,5570
50400,5587
50400,5620
50400,5689
43840,5310
49525,4442
58152,5950
58152,6561
58152,6849
DF,_
EFRWE,3995
AS,_
36488,5850
36488,6094
52601,3893
36488,5810
36488,6029
36488,8929
36488,5860
36488,6373
28496,7710
28496,8302
28496,8339
28496,8628
62160,299
74475,5512
74475,8839
11010,7989
26715,8628
19180,8544
19240,8541
19180,8543
23332,7711
32974,_
45402,1736
45402,4876
27654,7710
27654,8302
27654,8339
27654,8628
58943,6849
58150,6651
58943,4709
44950,6651
58943,6561
58150,4011
66985,1474
67040,1372
66985,1424
COLONOSCOPY,4685
COLONOSCOPY,4525
COLONOSCOPY,_
29345,7925
27758,8036
11012,7851
23480,7710
23480,8302
23480,8339
23480,8628
23552,7771
23552,7981
27385,8628
11043,8365
27385,8345
11043,8382
11040,7859
11040,7672
49525,6250
BO82,_
11044,8671
67966,7760
67966,8628
11044,824
67966,8345
11042,7925
23675,9359
23675,9353
26600,7935
27511,7903
26600,7815
45378,4590
000/1,4525
44140,4685
000/1,4572
000/1,4685
44140,_
45378,4572
000/1,4590
44140,4525
000/1,_
59120,9971
EA,_
26952,7924
26607,8401
26952,7913
26607,407
46211,4939
21348,7809
21348,7929
44111,4500
49000,4533
44050,5411
44111,5423
49000,4680
44050,4500
44111,4533
44050,5423
44111,4680
49000,4500
44050,4533
44111,5411
11044,7972
24600,8659
12002,7972
47361,5423
32020,5000
49000,5029
32020,5099
47361,5411
49000,5000
32020,5061
49000,5099
47361,3409
32020,5029
49000,5061
47740,5132
49561,5423
49320,5361
49561,5421
49320,5423
37201,3893
37201,9910
19367,8544
19240,8572
19367,8543
27641,7780
15050,8669
20650,7860
25924,8404
33692,3581
61615,160
29358,8302
25248,9353
29358,7702
49080,3491
32002,5425
49080,3404
26587,407
26952,7739
26587,8401
11012,4579
44160,7760
44160,8309
44160,8345
44160,9820
11012,4593
44160,7710
44160,8302
44160,8339
44160,8628
11000,8364
11000,8048
45300,4594
21555,8659
12032,8630
27327,8659
23331,8001
44300,5423
43840,3893
49000,4442
44300,4461
43840,5423
44300,3893
36488,4442
62180,220
45111,4869
27254,7985
27507,8345
59409,9971
36430,7359
58120,8907
99256,6816
58558,8907
96408,6849
58150,9925
96408,6561
25611,8345
26037,8628
26608,7912
28496,8212
11044,7814
25611,7819
26037,7760
11044,7912
25611,8212
26037,7814
25611,8628
26037,7912
26608,8212
28496,7814
11044,7819
25611,7760
26037,8345
26608,8628
28496,7912
11044,8212
25611,7814
26037,7819
NB185,_
24685,7760
24685,8309
24685,9820
24685,7710
24685,8302
24685,8339
58145,6813
58145,6711
44390,4522
52000,9804
57415,5732
58559,9817
11000,9971
11000,9903
41116,2749
31291,2219
31291,2290
25560,7925
23615,7939
23650,7931
23515,7971
23615,7929
23650,7939
23515,7931
23615,7971
23650,7929
44050,6310
49501,4709
44950,4680
44050,5300
44950,6310
44050,4709
49501,4680
44050,5310
49200,9357
16010,5440
49200,8628
27496,8345
90393,_
59513,7936
27792,7499
59513,7817
58822,6591
27759,7932
42860,2840
23465,8196
29825,8041
27507,7939
23515,7935
27507,7929
47562,5361
44005,5123
49560,5459
47562,5351
49560,5123
47562,5459
35518,3929
27429,8146
63251,340
OO21,_
67210,1459
67108,1454
67210,1449
61616,160
61616,212
47562,5423
49000,5123
47562,5411
47120,5459
44145,5022
44005,4579
47120,4594
44145,5459
44005,5022
47120,4579
47562,5298
43271,5123
47562,5184
50393,5980
63267,340
31000,2200
27871,8111
16040,8628
16010,8630
63005,309
32662,3430
36781,3893
75625,8842
29819,9820
21930,7679
21390,8339
21930,1689
28725,8113
11044,9357
16010,7760
50590,5732
52310,9851
50590,5700
11010,7904
44615,4500
44615,4679
44615,4685
32604,3422
32604,3724
52000,5810
52000,5860
52000,6094
52000,8929
46255,4685
45378,4946
46255,4525
COLONOSCOPY,4542
61570,125
61570,139
42310,8604
27519,7815
27519,7955
27650,9820
11010,8388
11010,8286
25574,7859
21365,7932
25574,7672
11400,4040
38724,8630
11400,4021
11000,7932
16010,8309
16010,9820
11012,9357
16010,7710
16010,8339
16010,4461
43840,8628
62362,390
62362,8606
28302,7739
36200,3891
43860,4389
43860,4450
27759,9359
27509,7936
27759,7945
49040,5419
NN185,_
21501,8544
19240,8604
21501,8543
27245,9346
27175,7935
27245,9344
15740,9357
16010,8670
15740,8628
15736,7760
15736,8309
15736,7710
15736,8302
15736,8339
27893,407
27893,8314
27893,8345
68100,1021
25151,7860
21501,5423
55110,8604
32020,6100
21501,5411
55110,5423
32020,8604
49000,6100
21501,3409
55110,5411
49000,8604
21501,6100
55110,3409
90935,8154
27447,3995
90935,8147
11010,7931
11000,7760
11000,8309
11000,8345
51920,5784
26075,8014
26075,8345
21235,1879
12052,8309
12052,9820
12052,8302
12052,8339
12052,8628
15940,8628
11000,8630
65290,1570
44140,5459
49000,4572
44140,5411
44140,5423
44005,4572
27650,8309
27650,8302
27650,8339
15200,8669
58943,6529
58952,5423
58952,6651
58952,4011
58952,6551
90995,_
MZ491,_
15740,7760
15740,8309
15740,8345
15740,9820
15740,7710
15740,8302
15740,8339
41825,7860
28345,7849
28345,8669
27664,7760
27664,8309
27664,9820
27664,7710
27664,8302
27664,8339
44144,5423
49000,4579
49000,4613
44144,5411
47740,5136
26800,_
38525,8544
19240,4011
38525,8543
11760,8401
11760,407
27750,7760
27750,8309
27750,9820
27750,7710
27750,8302
27750,8339
26608,7933
26615,7814
26608,7923
45300,4590
44120,5425
49080,4824
45300,4562
49080,4590
45300,5425
44120,4824
49080,4562
45300,4563
26445,8211
26445,8391
49080,7491
59100,5425
49080,6800
32606,3422
32606,3425
75970,8839
75970,8939
12007,8302
12007,8345
12007,8017
12007,7760
12007,8339
12007,9820
27610,8659
12007,7710
12007,8309
12007,8628
49000,4639
49507,5411
44130,5423
36450,9971
36430,9901
36450,9903
26706,8309
26706,8345
26706,9820
11011,7819
26706,8302
26706,8339
26706,8628
43265,8753
47610,5188
43265,5122
31020,2220
38760,8382
NSDO1,_
SO60,8628
SO60,8345
SO60,_
28232,8313
58700,6551
58940,6651
58700,6539
49520,6270
46606,4921
46606,4923
27217,7939
27217,7989
27218,7939
27218,8989
OO410,_
23472,8180
OO64,_
47600,8753
44604,9623
46604,4675
44604,4921
61343,125
61343,212
61343,309
21555,8339
21015,8630
11402,8339
75726,8840
42810,1879
69110,2920
42810,1829
63001,8451
63001,8051
63020,8451
63001,7789
33521,3929
50546,5980
52332,5551
11043,1840
11043,2751
11043,881
11043,2181
61590,124
61590,2630
61590,299
61590,442
61590,7699
11011,8382
15732,8309
15732,8345
15732,9820
15732,8302
15732,8339
15732,8628
OOO1,_
43259,4542
34111,3803
34111,3891
43234,4542
29889,8145
32480,3249
76932,_
45305,4912
50395,5980
90935,9646
61624,9929
27486,8155
24600,7932
24665,7972
24600,7783
28322,7809
28322,7848
90935,5253
48140,3995
90935,4150
21183,7646
21183,7769
21183,7809
50240,5423
47350,5540
50240,5411
47350,5423
49000,5540
50240,5061
47350,5411
52332,5671
51595,5980
52332,4030
52332,5779
51595,5732
45380,5411
44005,4525
21360,8345
11111,_
14020,8309
14020,9820
14020,8302
14020,8339
52281,4850
52332,5810
45300,5860
45110,8929
52281,5980
52000,4824
52332,4610
45300,4850
45110,5732
52332,8929
45110,4824
52281,4610
52000,4850
45300,5810
45110,5860
52000,5980
45300,4610
52332,5860
45300,8929
45110,5980
52281,4824
52000,4610
52332,4850
45300,5732
45110,5810
32659,3712
31630,3323
31630,3391
52235,5631
52235,5980
52335,5749
61534,124
39545,5381
56405,7360
59409,7109
56405,7359
45300,4513
96408,4824
45378,9925
45300,4685
96408,4513
45378,4824
43235,9925
45300,4525
96408,4685
43235,4824
45300,9925
96408,4525
94610,_
28805,9357
47741,4439
44346,4642
44346,4643
21150,7646
21150,7936
27535,7646
21150,7817
38570,5424
LUNGCANCER,_
36460,7491
59100,_
36460,6800
36460,_
23515,7981
23552,7929
90935,6551
58940,3995
90935,6539
28510,7760
28510,8309
28510,8345
28510,9820
11012,7908
28510,7710
28510,8302
28510,8339
28510,8628
11011,407
25150,7760
25150,8309
25150,8345
25150,9820
11012,7783
25150,7710
25150,8302
25150,8339
25150,8628
52612,6270
54520,6029
52612,6230
25929,8403
14060,2751
12055,8309
12055,8628
90935,8753
47610,3995
90935,5122
62270,9925
50125,5511
50125,5512
90934,_
20838,8426
26418,7933
26615,8286
26418,7923
59411,8659
12042,7252
26860,8662
20610,3995
36430,8191
90935,8192
36430,8396
20610,9971
90935,8191
36430,8394
90935,8396
20610,9903
36430,8192
90935,8394
36488,9903
11043,3880
49497,5300
49497,5310
49497,6310
21325,2172
44950,4912
46285,4709
44950,4911
27455,7737
27455,8147
38120,5423
38120,5411
19240,3479
19271,8544
19240,3440
19240,7791
19271,8543
50825,4590
50825,4622
67036,1479
67027,1474
67036,1472
III0,_
27889,7760
27889,8309
27889,8345
27889,9820
11012,8413
27889,7710
27889,8302
27889,8339
27889,8628
44602,5423
49080,4673
44602,5411
44602,5425
33350,_
GRAMS,_
25101,7760
25101,8309
25101,8345
11012,8013
25130,7764
36488,3409
47361,3893
36488,5061
58720,6529
58925,6561
27236,125
61312,7935
27236,124
61501,125
27165,7735
27165,7855
44005,5425
49080,5459
26700,7974
34001,3805
NBS,_
11010,7986
27558,9820
11010,7819
11010,8146
27558,8628
23680,7931
21141,7646
50900,5682
64718,460
64718,479
47701,5137
27228,7860
12011,9344
27250,7935
20650,8659
27228,7975
12011,7810
27250,7860
21365,8339
21365,9820
15100,7672
11012,7859
21365,8669
21365,8302
15100,7859
21365,7710
21365,8309
11012,7672
43631,4685
43235,4360
43631,4525
45378,4360
43631,4513
43631,4360
11042,8036
41108,2724
24164,7863
65155,1662
EM5,_
27328,9357
27328,8628
CERVICALCA,_
61581,1659
61581,2110
61581,2263
61581,2264
61581,299
61581,7699
67560,1672
67560,881
67935,1672
67560,1060
58720,5419
58720,5425
47600,5440
49255,5122
HE143,_
35700,9971
90935,3999
37607,3995
36430,3953
35700,9903
37607,3999
35700,3953
37607,9971
36430,3999
35700,3995
90935,3953
37607,9903
35700,3999
32020,9971
36430,3409
32020,9903
21421,7673
43235,5749
45383,5831
38220,6029
52214,4513
38220,4543
52214,4131
43235,5732
45383,5749
38220,5831
38220,4542
52214,4543
43235,4131
38220,5749
43235,6029
45383,4513
38220,4523
52214,4542
45383,4131
38220,5732
43235,5831
45383,6029
38220,4513
52214,4523
29876,9359
29058,8076
29876,9353
44377,4514
61583,124
61583,153
61583,299
61583,7739
19200,8382
15734,8546
19200,8332
19200,8669
15734,8545
43225,_
63272,340
ZO01,_
15750,8670
65175,1671
75827,8851
SEARCHRESULTS,9971
SEARCHRESULTS,9903
SEARCHRESULTS,_
35082,3844
35082,3952
24000,8345
33534,3612
32653,3409
43239,4513
43235,4514
33684,3503
33684,3572
52332,5850
52276,5980
29886,7719
36488,3491
32002,3893
36488,3404
28420,7809
27650,7939
28420,8388
27650,7809
28420,7939
TA141,_
31020,1940
31020,2023
LTCSI,_
46270,4823
11044,7925
20690,8152
27506,7810
11044,7815
20690,7925
11044,7810
20690,7815
11044,8152
NB083,_
26568,7834
26735,7839
26568,7924
57250,7360
59409,7052
27130,7935
27248,8151
27130,7925
27216,7909
27217,7979
27216,7939
ZW199,_
27394,8385
23920,8408
46754,9789
27645,7767
63055,309
25272,8388
25272,8628
25272,8345
43620,4399
58600,6551
58940,6639
58600,6539
54100,6411
17281,8630
15757,7860
38220,9971
36430,4131
38220,9903
20690,125
61312,7810
20690,124
93511,3722
96093,_
36488,5349
99460,3893
49605,_
36488,5341
99460,5349
49605,3893
36488,_
99460,5341
36430,5980
51045,9903
11043,7760
44316,4622
88331,8908
60240,9199
88331,640
60240,8908
88331,9199
67710,802
45305,4911
11420,8192
11420,8396
20605,8630
11420,8191
11420,8394
43610,4342
58200,5423
58200,6551
58200,5440
58200,6651
26433,8309
26433,9820
44620,5423
49000,4650
44620,5411
27556,7819
27556,7986
21143,7646
12034,8309
12034,9820
12034,8302
12034,8339
26735,9820
11760,7924
26735,8689
11760,7934
11010,8689
27827,7925
11042,8152
27506,7817
99256,4590
58150,9971
59514,6849
58150,7499
59514,6561
27536,7939
27540,7936
27536,353
11012,7933
26746,8339
26410,7923
26746,8302
26746,8286
26410,7933
26746,7710
26746,8628
47610,8907
CO7,_
58561,6816
58561,8907
58561,6909
27592,8099
63081,8417
27592,309
99256,9353
27823,8907
99256,7936
29405,8907
99256,7819
57288,5940
26562,8685
51060,5620
11011,125
61312,8302
61312,8339
27882,7760
27882,8309
27882,8345
27882,9820
11012,8415
27882,7710
27882,8302
27882,8339
27882,8628
33464,3514
33464,3528
11011,4461
43840,8302
43840,8339
16010,8382
15732,9357
16010,8669
35001,3842
35001,3845
35001,3952
32540,3440
15934,8630
22810,8129
44620,4563
30000,2110
44361,4525
45380,4513
21194,7643
21194,7662
21194,7691
64834,8345
22612,8129
11043,9903
35800,407
42415,3802
35800,2929
22554,8051
22554,8129
31290,2219
31290,2290
51980,6813
58100,5721
51980,6711
51980,5721
P0000,3952
62160,_
35162,299
P0000,3840
62160,3952
35162,_
P0000,299
62160,3840
27884,3808
36450,3891
P0000,8415
34201,9901
27884,_
36450,3806
P0000,3808
36450,5423
49000,9901
36450,5411
36450,5641
50225,9901
36450,5551
47382,5024
46255,4543
44393,4946
46255,4522
99460,9604
31500,_
P0000,9604
27418,7847
39540,5380
35281,3957
44130,4685
28715,8112
33820,3885
33750,3900
20955,3999
20955,7807
53665,5860
63016,309
38220,9925
96450,4131
38220,331
69320,1860
66985,1452
96048,_
48540,5296
41007,2700
31032,2211
31237,2231
31032,2121
42205,2450
42205,2762
52260,5732
52260,9625
33776,3572
33776,3584
33776,3591
33776,3961
HH402,_
31600,3995
61312,3121
31600,125
90935,3121
31600,124
21249,7643
21249,7760
21249,8309
21249,8345
21249,9820
11012,7643
21249,7710
21249,8302
21249,8339
21249,8628
49501,5810
49501,5860
49501,6094
49501,8929
52601,6310
49501,5732
49501,5850
49501,6029
49501,6373
52601,5310
61526,124
61526,125
75958,3891
75958,8839
29345,7926
28298,7759
28298,7798
24635,8309
24635,8345
24635,9820
11011,7939
24635,8302
24635,8339
24635,8628
MCP01,9933
28240,8211
27822,7929
24640,7972
CR467,_
90933,_
61580,2110
61580,2263
61580,2264
61580,299
PO984,_
27125,9357
16010,8152
27125,8628
27502,7760
27502,8309
27502,9820
11012,7905
27502,7710
27502,8302
27502,8339
66987,1214
66625,1341
28122,7760
28122,8309
28122,9820
11012,7788
28122,7710
28122,8302
28122,8339
28122,8628
25611,8309
25611,9820
11012,7912
25611,7710
25611,8302
25611,8339
27514,7710
27514,8302
27514,8339
28476,7760
28476,8309
28476,8345
28476,9820
11012,7818
28476,7710
28476,8302
28476,8339
28476,8628
32000,9971
36430,3491
32000,9903
46200,4939
46200,4959
43820,5423
49000,4439
43820,5411
43239,9971
36430,4514
43239,9903
47620,8753
47605,5151
47605,8754
47605,5183
12016,9357
12016,8628
67875,889
52276,5810
52276,5860
52276,6094
52276,8929
44312,4641
67550,1669
27536,7760
27536,8309
27536,8345
27536,9820
27536,7710
27536,8302
27536,8339
27536,8628
58700,4709
58700,6529
58925,6651
77418,9971
77418,9903
49000,5310
49509,3893
90935,8415
27882,3995
36488,8753
47605,3893
36488,5122
67010,1371
66987,1471
67010,1341
16010,7935
27248,9357
27125,7925
27248,8152
16010,7925
27125,7935
27248,8628
44604,5459
58150,4675
44604,6849
44005,4675
44604,6561
68362,1153
31786,3150
27507,7760
27507,8309
27507,7710
27507,8302
27507,8339
29358,7936
29870,9353
99256,8036
27535,8086
29358,8907
29870,7817
29877,7936
27535,8026
29358,8036
29877,8907
99256,7817
99256,8086
27535,8907
29358,7817
29870,7936
29877,9353
99256,8026
27535,8036
29358,8086
29870,8907
29877,7817
27535,9353
29358,8026
27792,7929
21435,7819
11050,7950
21435,8630
11050,7819
21435,7950
24615,8345
61020,102
61606,160
61606,212
39502,4400
39502,4429
39502,4469
39502,5372
11010,4595
11010,4835
44152,8628
47480,5423
44950,5103
49000,5104
47480,4709
44950,5104
47480,5411
49000,5103
67973,869
25365,7733
27132,8153
62161,127
62161,159
62161,299
44950,7760
44950,8309
44950,8345
44950,9820
11012,4709
44950,7710
44950,8302
44950,8339
20692,7925
23172,7701
OM490,_
16010,3991
35761,8628
35141,3848
35141,3952
25920,9357
16010,8404
25920,8628
28124,8628
11043,7789
28124,8345
31580,3169
21432,7949
21432,8628
11043,7949
21432,8345
44314,4641
31000,2220
44418,_
35470,3950
11043,125
61304,8345
61750,9230
15734,4041
41135,8332
41135,8669
15734,2520
41135,8382
61705,3953
66840,1459
67108,1330
66840,1449
28110,7789
93503,8964
44950,6639
58661,4709
64713,479
010/3,5440
010/3,6561
010/3,_
33863,3599
33863,3699
33863,3958
33863,3961
75940,3870
75940,8839
99195,_
35013,3843
35013,3952
57200,6849
58150,7071
57200,6561
68520,960
55810,6050
31205,2263
41018,2700
28485,8364
28270,7937
28485,8048
69140,1829
59514,6840
59525,7499
59514,6839
21725,_
27520,8345
38100,8309
38100,8345
38100,9820
11011,4150
38100,8302
38100,8339
38100,8628
11000,8381
27381,8628
35236,3956
11042,8033
11043,8289
50630,5980
50630,9646
31500,3995
36488,9604
31500,9971
36430,9604
31500,9903
90935,9604
31500,3893
45378,4443
45378,3893
36488,4233
36488,4685
43255,3893
36488,4443
43255,4525
36640,3891
49509,4709
49509,5411
49509,5423
44300,5411
11043,8381
31622,8609
16010,3324
31622,9357
16035,3324
31622,8628
15120,8309
15120,8345
15120,9820
15120,8302
15120,8339
15120,8628
ZZ380,_
69603,2042
32020,3952
35011,3409
32020,3843
46250,4685
46250,4525
66720,1272
66720,1274
30520,3143
31541,2150
23170,7701
23170,7760
23170,8309
23170,8345
23170,9820
11012,7701
23170,7710
23170,8302
23170,8339
23170,8628
66682,1682
66170,1371
66987,1264
64784,407
26455,8313
44005,3491
32002,5459
44005,3404
27786,7760
27786,8309
27786,9820
27786,7710
27786,8302
27786,8339
63271,340
25900,7760
25900,8309
25900,8345
25900,9820
11012,8405
25900,7710
25900,8302
25900,8339
25900,8628
27880,7760
27880,7710
50141,_
33249,3794
33249,54
39503,3404
99460,5375
39503,_
99460,3404
39503,5375
50070,5501
31256,2169
30130,2150
30520,2161
30130,2188
31256,2161
30520,2169
30130,2219
45385,3491
32002,4542
54520,4579
49000,6270
54520,5423
54520,4613
49000,6230
44144,6270
54520,5411
54520,4610
44144,6230
52318,5810
52318,6094
52276,6373
47564,5110
43260,5123
52500,6270
54520,5749
52500,6230
21355,7671
75671,125
61304,8841
75671,124
49501,5423
49000,6310
49501,5411
45540,4875
22326,7929
22326,7989
19240,8554
19340,8543
46275,4824
29848,479
64719,8043
29848,460
43200,4685
45378,4223
43200,4525
66991,1266
52700,6000
50540,5585
50540,5587
52301,5641
52301,5732
11000,4685
45378,8628
11000,4525
29345,7809
20956,9353
29345,3999
44151,4582
44151,4622
27625,8017
27625,8077
28313,7849
II619,_
26567,9357
16010,7849
26567,8628
25575,7933
26615,7932
25575,7923
11044,8381
27381,7760
11044,8364
27381,8345
28802,7760
28802,8345
28802,8659
12042,8411
28802,8302
28802,8628
28820,8332
28802,8411
12042,7710
28802,8309
28802,9820
12042,8332
28820,8659
28802,7710
12042,7760
28802,8339
90935,4675
44605,3995
44110,5459
44005,4533
44110,5411
44110,5423
44005,4500
15350,8345
49080,9971
36430,5425
49080,9903
45135,4869
45135,4874
66825,1371
66984,1699
66825,1330
44020,5423
49000,4502
44020,5411
33206,3995
51050,8345
26765,9353
43634,4389
29075,7810
20692,9353
29075,7710
46260,9622
46260,4823
57100,6829
58200,6909
58558,7024
57100,4011
58558,6849
57100,6816
58200,6829
57100,6849
58200,6816
57100,6909
58200,7024
58558,4011
57100,6561
46255,4835
31600,8628
11043,3121
31600,8345
52317,5641
50220,5700
52317,5551
93543,3780
33207,8857
93543,3776
27454,7735
26121,479
64727,8235
64721,8662
49505,5600
49505,5732
52337,5310
49505,5522
49505,5631
49505,5980
52337,5300
64738,403
44141,5423
44650,4674
26025,8628
26350,8659
26450,8203
35761,8286
64835,8313
64836,3800
11044,3991
12036,430
26025,7760
26450,8628
35761,8659
64835,8203
64836,8286
11044,8313
12036,3800
26025,3991
26350,430
26450,7760
64835,8628
64836,8659
11044,8203
12036,8286
26025,8313
26350,3800
26450,3991
35761,430
64835,7760
64836,8345
26450,8313
64835,3991
45379,5423
49000,4523
11042,9788
20680,8907
99256,8628
11042,294
99256,9788
11042,8907
99256,294
25085,8043
27472,7840
27724,7805
27472,7807
44005,4673
44950,4673
44603,4709
44603,5459
44950,4590
44120,4709
44950,4562
43268,8753
47562,5293
47610,5123
43268,5122
47562,8753
47610,5293
43268,5123
47562,5122
32095,3402
32100,3409
32095,3328
33207,8867
75820,3776
90935,3846
35102,3995
90935,3844
90935,3847
53505,5841
11012,5423
49000,7710
49000,8302
49000,8339
27181,7855
27187,7760
27187,8309
27187,8345
27187,9820
11012,7855
27187,7710
27187,8302
27187,8339
27187,8628
28175,7789
17282,8630
58120,5459
58150,6909
58120,6849
44005,6909
58120,6561
11042,7989
26685,7936
11042,7984
27759,7989
26685,8628
11042,7936
27759,7984
29075,8401
29075,407
61320,124
61320,125
66630,1371
66982,1214
66630,1330
C19FRP,_
11043,7934
26765,8689
11043,7924
11765,8627
11720,8623
11730,8627
33478,3510
33478,3526
29876,8145
29888,8076
99460,5310
45378,4912
46275,4525
11042,7934
11042,7924
31629,3327
50590,5980
52332,9851
47510,8753
47610,5198
47510,5122
11000,9901
58100,8628
11000,6813
11000,6711
52332,5504
50080,5732
52332,5503
52332,5521
92975,3604
92975,8857
31605,125
61312,3110
31605,124
33413,3522
90935,3525
33413,3599
33514,3614
33774,3584
33774,3591
33774,3961
23450,8182
99408,_
63706,352
44385,4514
COLONICMASS,4685
COLONICMASS,4525
COLONICMASS,_
11420,8628
11420,8345
46260,4685
46260,4525
25250,8345
47562,6639
58661,5123
47562,6561
AC99,_
54840,6320
54840,6340
69633,1930
69633,1940
25525,7934
26735,7819
26735,7979
25525,7924
26735,7932
24515,7935
27514,7931
24515,7815
67108,1452
66983,1214
66625,1319
24685,7925
44211,4581
44211,4595
44211,4601
44211,4835
44211,4869
62146,204
35761,7760
11044,3800
11010,8417
90935,5569
50365,3995
44005,9357
16010,5459
44005,8628
49509,4680
15580,8628
11043,8660
15580,8345
49020,8628
11043,5419
49020,8345
11000,7926
27816,7936
27823,7909
27816,7819
44005,8753
47610,5459
26727,8401
26952,7819
26727,407
15757,8345
49010,3995
27091,8005
SO18,_
47371,5025
28112,8309
28112,8345
28112,9820
11011,7789
28112,8302
28112,8339
28112,8628
80933,_
10060,8401
26951,8604
10060,407
59812,8753
47610,6902
59812,5122
55041,5310
55041,5300
27513,8309
27513,8345
27513,9820
11011,7815
44389,4575
44389,5411
44389,4610
49000,4525
44143,5411
44389,5423
NI185,_
NO39,3995
NI185,3995
66920,1371
66984,1319
66920,1330
45114,4590
45114,4869
44140,5425
49080,4572
47600,6589
36430,4709
58740,5122
44950,9903
36430,4901
46060,4824
36430,4873
11000,4901
36430,4993
45300,9971
46060,8628
36430,4824
11000,4873
45300,4901
36430,4912
45300,9903
46060,9971
45300,4873
36430,4911
46060,9903
90935,4443
43255,3995
90935,4233
21356,9820
11010,7672
21356,8628
31781,3179
29365,7817
11000,8314
47120,8753
47900,5022
47563,5179
47120,5123
47900,8753
47563,5022
47120,5179
47900,5123
47900,5179
36488,5423
44320,3893
45305,4610
49010,4824
44320,5423
45305,3893
49010,4610
36488,4824
44320,5411
45305,5423
49010,3893
44320,4824
45305,5411
52339,5522
52339,5631
52339,5641
52339,5732
52339,5980
45307,4912
65410,1122
43239,3995
90935,4514
49507,6310
58120,4011
34730,9910
37201,_
34730,3893
34730,_
28660,7974
00221,_
43600,4414
21044,7769
11010,8411
49520,8907
25545,7760
25545,8309
25545,8345
25545,9820
25545,7710
25545,8302
25545,8339
25545,8628
47562,8907
99256,5123
26160,8342
11043,8221
26160,8628
11043,8342
25115,8221
26160,8345
64830,7760
64830,9820
64830,8286
26350,479
64830,8309
64830,479
41830,2181
43264,8753
99460,9971
99460,9903
58661,8907
11043,7907
12013,7860
20670,8659
26356,7760
26356,8309
26356,9820
11012,8251
31575,650
31600,3142
60271,3121
31575,639
31600,650
60271,3142
31575,3121
31600,639
49521,6250
60220,9199
88331,620
60220,8908
11011,7935
36640,9971
32000,3891
36640,9903
36430,3891
36640,3491
95093,_
QUJ18,_
PEDIATRICCOMMUNITYAC92,_
25500,8628
15756,8345
46748,4879
46748,4979
46748,5849
46748,7079
46748,7091
29075,7933
26685,9353
26615,7984
29075,7989
26685,7923
26615,7989
29075,7923
26685,7933
29075,7984
67039,1289
65285,1424
20827,8421
20827,7760
20827,8309
20827,8345
20827,9820
11012,8421
20827,7710
20827,8302
20827,8339
20827,8628
58600,5419
58700,6639
58960,6651
58700,5419
58600,5425
58700,5440
58960,6639
58600,6651
58700,4030
58600,5423
58700,5425
27665,7710
27665,8302
27665,8339
27665,8628
43200,4542
46600,4912
46050,4921
46275,4901
46600,4911
46050,4912
46275,4921
46600,4901
46050,4911
44320,4542
27328,4912
45300,8332
27328,4911
46270,8332
27328,4824
80070,_
56605,6813
58100,7111
56605,6711
17283,8630
43450,4292
74363,5198
74363,8839
82160,_
36450,9357
16010,9901
11043,8446
27881,8628
27881,8345
67835,801
67835,862
35474,3950
25491,7813
69602,2049
NZ370,7360
NZ370,7359
NZ370,_
25301,8388
59513,8630
15953,7499
59513,7789
60000,609
39530,5380
36488,5251
31588,3169
57500,4685
45378,6712
57500,4525
59409,6849
58150,7359
27506,8036
27331,7925
42510,2699
22610,8129
27036,8045
27036,8095
27036,8319
22214,7739
28675,9357
16010,7989
67715,2263
31254,851
67715,2219
67715,851
49588,5423
44120,5341
49000,5349
49588,4562
49588,5411
49588,4590
44120,5349
49588,4563
20822,8422
20822,8309
20822,9820
26350,7924
42904,_
64722,7760
24341,8302
64722,8339
24341,8345
64722,9820
24341,449
64722,7710
24341,7760
64722,8309
24341,8339
64722,8628
24341,9820
11012,449
64722,8388
24341,7710
64722,8302
24341,8309
64722,8345
24341,8628
11011,8192
11011,8396
20610,8302
20610,8339
20610,8628
44140,5671
51595,4590
44140,4030
44140,5779
51595,4572
45380,9971
45380,9903
46255,4542
27479,7825
27524,7925
66987,1269
66170,1341
25035,7719
25526,7760
25526,8309
25526,8345
25526,9820
ZZ491,_
33519,8843
12004,8857
93556,3929
33519,8659
12004,3956
33519,8857
12004,3929
93556,8659
33519,3956
12004,8843
26615,7760
26785,8302
26500,8309
26615,8345
26785,8628
26500,9820
26500,7989
11012,8271
26615,7710
26500,8302
26615,8339
26785,7933
26500,7984
26615,8271
26785,7710
26500,7760
26615,8309
26785,8339
26615,9820
26785,7923
26500,7933
26785,8271
26500,7710
26615,8302
26500,8339
26500,7923
49582,5123
44604,4673
44603,4675
77789,_
52318,6097
53852,5700
52318,6021
29425,7925
PO34,_
30540,2132
48500,5230
37065,_
21010,8019
12053,8628
68700,8659
11044,1840
68700,881
11044,973
12053,8345
68700,8628
68700,2751
11044,881
12013,973
12053,7760
68700,8345
68700,2181
11044,2751
12053,973
68700,7760
68700,1840
27238,7860
PO71,_
49000,6639
58600,5411
99256,1289
65285,8907
99256,1159
92992,3541
53450,5847
21041,2181
41830,2751
41850,881
12013,7769
12051,2450
21041,2440
41830,8659
41850,1840
21041,881
41830,7769
41850,2450
12013,2440
21041,1840
41850,2751
12051,7769
21041,2450
41830,2440
41850,8659
21041,2751
41830,881
41850,7769
12013,2450
12051,2440
21041,8659
41830,1840
31500,8628
11043,9604
31500,8345
24160,7860
45121,4825
45121,4850
27216,7979
29822,8082
30560,2191
27690,8375
23182,7761
39520,5380
15220,8309
15220,9820
15220,8302
15220,8339
21408,1663
21408,7679
52310,5980
52332,5700
HJ459,_
45563,5423
27216,4610
49000,4800
49000,7979
45563,5411
27216,5423
27216,4879
49000,7909
45563,7979
27216,5411
27216,4800
49000,4879
45563,7909
21454,7760
21454,8309
21454,8345
21454,9820
11012,7676
YO4,8628
YO4,8345
YO4,_
32020,8628
11043,3409
32020,8345
NO83,_
31080,2242
58145,6859
58262,6829
58145,6561
92981,4443
43255,3606
92981,4233
10140,5423
47350,8604
10160,5061
49000,8601
10140,5411
10160,8604
10140,8601
10160,5423
10140,5061
47350,8601
10160,5411
10060,9357
16010,8604
59135,6849
59135,7430
17304,8624
17304,8630
17304,9199
58555,6829
11042,4912
11042,4911
62190,379
62190,5502
90935,379
62190,5501
50040,379
62190,3995
31603,9820
11010,3110
31603,8628
74738,_
65260,1401
52000,5850
52000,6029
52000,6373
06400,_
62223,3893
61305,233
62223,125
61305,3893
36568,233
62223,124
27450,7735
27450,7855
66500,1212
732/3,_
38020,_
82020,_
31375,3029
26685,7710
26685,8302
26685,8339
27705,7737
63277,340
21188,7646
21188,7669
21188,7809
27792,7926
11011,7904
37069,_
II09,_
12035,8309
12035,8345
12035,9820
12035,8302
12035,8339
12035,8628
11000,8036
66852,1471
67010,1342
36430,4443
43255,9903
23515,8302
23515,8339
27846,7760
27846,8309
27846,9820
27846,7710
27846,8302
27846,8339
27846,8628
12006,8628
12006,8345
32020,8753
47610,3409
32020,5122
EII9,_
JJ960,_
29835,8345
29835,8072
52450,5810
52450,8929
52281,6000
52450,5732
52450,5860
88331,8382
15732,9199
88331,8332
88331,8669
15732,8908
51580,5671
51580,5779
20692,7936
27535,7810
20692,7817
58200,6589
49255,4011
49255,6589
58740,4011
47562,4595
28406,7819
50544,5587
52310,5600
31575,4685
45378,3142
31575,4525
61624,125
61512,9929
61624,124
10060,9622
45303,8604
10060,4823
12037,5423
43840,8659
12037,4461
43840,5411
49000,4461
12037,5411
12037,4442
49200,6561
43272,5164
67101,1452
24566,7852
66820,1364
59812,7925
65235,1371
66984,1200
65235,1330
99256,5104
36450,8907
47480,9901
99256,5103
36450,5104
47480,8907
99256,9901
36450,5103
26910,8309
26910,9820
12055,8345
66982,1471
67010,1330
27496,3952
35141,8314
27496,3848
24665,9353
29065,7783
63287,340
25611,8016
27310,7936
27524,7912
25611,7936
27310,7912
90983,_
59812,6849
58150,6902
59812,6561
62010,7760
62010,8309
62010,8345
62010,9820
11012,202
62010,7710
62010,8302
62010,8339
62010,8628
55801,3998
55801,5850
55801,6062
55801,6373
55801,8929
27880,8411
28810,8415
27840,7760
12053,8302
27840,8339
27840,9820
12053,7977
27840,2181
27840,881
12053,7710
27840,8302
12053,8309
27840,8345
27840,2751
27840,7710
27840,8309
12053,8339
27840,8628
12053,9820
11012,7977
27840,1840
27840,8659
27695,8364
28456,7818
29345,7859
21365,9353
29345,7672
90935,5440
90935,6561
49080,6639
58673,5425
49080,6602
12004,7760
12004,8309
12004,9820
12004,7710
12004,8339
32141,3491
32002,3221
25119,7783
25119,8073
47605,5188
27892,8628
11042,8314
28008,407
31287,2219
31287,2252
46050,4923
46606,4824
45300,4923
46606,4901
46050,4824
45300,4921
75710,8848
75710,8849
36800,4590
44140,3993
36800,4572
58540,6849
58150,6949
58540,6561
19180,6849
58150,8541
19180,6561
27870,7860
25574,7935
27248,7932
25820,8126
45380,4590
45380,4572
50551,5521
36488,8773
50551,9645
36488,9649
50551,3893
36488,5521
50551,8773
50551,9649
66180,1371
66180,1330
44950,4610
44320,4709
43843,4495
50548,5551
50548,5642
54348,5845
54348,5849
54348,8670
24301,8375
24301,8377
42440,4040
31230,2630
38724,1651
42440,2220
31230,4021
38724,2220
42440,4021
31230,4040
38724,2630
42440,1651
49080,6549
59120,5425
38038,_
90903,_
25515,7925
27218,7819
21244,7939
27598,7760
27598,8309
27598,8345
27598,9820
11012,8416
27598,7710
27598,8302
27598,8339
27598,8628
45378,3491
32002,4513
43235,3491
32002,4685
36488,4513
43235,3995
43235,3893
90935,4513
45378,3404
43235,3404
32002,4525
11043,5423
49000,8345
33211,3770
27466,7845
22802,8129
27665,7760
27665,8345
29075,8684
26597,9353
29075,8670
NM185,_
31231,2169
30801,2121
31231,2132
11043,7901
31631,3199
31631,3323
44005,5300
49507,5459
11044,7937
17271,8630
36488,6529
44143,6561
58952,3893
31520,3142
52005,5810
52005,6029
52005,8929
51050,5980
52601,8773
51050,9649
52005,5860
52005,6373
51050,9646
52601,9649
52005,5719
52005,5850
52005,6094
51050,8773
52601,9646
35761,9357
27792,3800
36430,3991
16010,7817
35761,7936
27792,9903
28820,9357
16010,8411
27530,7925
58950,4030
58950,6849
19180,8546
19200,8541
19180,8545
67025,1371
58700,6849
14000,5310
49505,8689
14000,5300
43260,5136
HD,_
46211,4912
46270,4939
46211,4911
27503,7925
23101,8011
23552,8031
29058,8091
23101,7771
23101,9359
23552,8011
29058,8031
23101,8091
29058,7981
23101,9353
23552,9359
29058,8011
23101,8031
23552,8091
29058,7771
23101,7981
23552,9353
28505,9353
29405,7939
61450,125
24155,8092
19101,5411
49000,8511
19101,4572
19101,5423
44141,8511
19101,4610
44141,5411
11044,8388
27650,9353
29405,8388
27650,7760
88331,8662
25076,8684
26121,8908
58563,8907
58661,6823
58563,6639
99256,6823
58563,6561
11010,7926
11010,7817
61608,160
61608,212
ZO38,_
25520,9820
47600,5349
49587,5122
47600,5341
44141,4685
63001,4572
44141,309
63001,4525
63001,4610
45378,309
63001,4685
63281,340
58100,9971
36430,6711
54520,5502
50040,6230
33860,3599
33860,3958
33860,3961
RO40,_
44150,5423
36488,4582
49000,4595
26100,8014
26100,8033
33615,3571
33615,3594
51520,5719
34323,_
MCP,_
25355,7733
44363,4513
44363,4514
44363,9803
25620,7925
58140,6529
20798,_
36488,5600
11042,8403
27357,7762
27357,7805
50010,5600
50010,5732
NO29,_
47370,5025
27360,8345
24116,7762
24116,7802
59541,_
27301,7925
38300,8628
11043,4000
38300,8345
00399,_
28272,8048
74300,5294
43264,8754
50715,5902
50785,5980
50715,5674
52332,5902
50785,5732
50715,5980
52332,5674
50785,5902
50715,5732
26236,7789
49495,5810
49495,5860
49495,6094
49495,8929
49495,5732
49495,5850
49495,6029
49495,6373
50541,711
50541,730
60650,5534
50541,5421
50541,729
26370,8286
20824,8421
25101,8628
11043,8013
11043,8033
52300,5641
52300,5732
57500,5502
50040,6712
57500,5501
49080,4685
44300,5425
43234,4610
44300,4685
43234,5425
49080,4513
44300,4525
45378,5425
44300,4513
01101,_
01101,7760
01101,8309
01101,8345
01101,9820
11012,_
01101,7710
01101,8302
01101,8339
01101,8628
11044,7933
11044,7923
43107,4242
43107,4262
41130,2520
29305,7860
46270,5310
49505,4911
27848,7936
27823,7989
27848,7819
11010,125
55700,5980
52332,6011
55700,5732
61548,768
48547,4439
25525,7933
26615,7979
25525,7923
51040,6050
55845,5717
51040,4030
40702,2754
29871,8026
58558,9971
36430,6816
58558,9903
36430,6829
43235,5110
47420,4513
43260,5104
43235,5151
47420,5110
43260,4513
43235,5104
45378,9607
43241,4525
68320,1299
66995,1044
66850,1475
66850,1474
35081,3844
35081,3952
43611,4342
33250,3733
67314,1511
50580,5521
50580,5600
50580,8773
50580,9645
50580,9649
15750,8345
27618,8339
28045,8630
27618,8332
00800,_
27592,8345
27594,8628
11044,8417
27592,7760
27594,8345
27594,7760
27592,8628
49420,5425
44140,5419
49420,4590
49080,5419
49420,4572
66983,1264
TOO9,8302
TOO9,8345
TOO9,7906
TOO9,7760
TOO9,8339
TOO9,9820
27750,_
TOO9,7710
TOO9,8309
TOO9,8628
TOO9,_
24350,8314
25170,7763
58940,6849
58150,6539
51030,5719
51030,5759
11044,7935
27513,7760
11010,8415
49587,6849
58150,5341
11040,7934
11040,7924
47600,4685
45378,5122
47600,4525
31587,3169
CHRONICKIDNEYDISEASE,_
44180,6849
58150,5451
44180,6561
49509,5459
66770,1241
23130,9820
11010,8181
23130,8628
11000,2759
40527,8628
11000,2743
15941,7789
15941,8630
65101,125
61512,1649
65101,124
59513,5423
EO49,_
44960,9903
49000,9971
49080,4709
44960,5425
44960,9971
44960,5459
36430,5411
15200,8628
15200,8345
67914,8382
44204,5423
65105,7925
EI119,_
11044,8036
24566,7932
24665,7852
24566,7783
44388,4513
44366,4525
43235,4443
44388,4514
44388,4443
21137,7646
69670,1940
69670,2099
69643,1919
69670,1860
69670,2049
69670,1919
46257,9623
11422,4939
46604,4946
46257,8630
11422,4921
11422,4946
46604,8630
46257,4921
11422,9623
46604,4939
44960,5349
49585,4709
44960,5341
HOO14,_
CI62,_
12018,8345
55540,5310
49507,5390
27502,7935
27514,7905
21501,8628
21501,8345
61458,1940
61458,2099
69645,125
61458,1860
61458,2042
27506,9357
16010,7815
99256,4850
99256,5760
21930,9357
21930,8628
35206,8388
64857,3959
11043,430
64857,8388
24341,430
64857,8628
24341,3959
35206,430
64857,8345
64857,430
44900,5423
49000,4720
44900,5411
12014,7925
49322,7491
59100,5421
50715,6529
49080,6529
SVD01,_
14060,2181
11042,2751
14060,881
11042,8689
14060,1840
14060,8659
11042,881
12053,8689
11042,1840
11044,8309
11044,8018
47010,5423
47010,5411
27590,4620
44210,8417
27590,4581
66165,1263
66165,1269
58555,8782
58558,6812
10160,5151
47562,8601
47420,5123
10160,5104
47562,5151
47420,8601
10160,5123
47562,5104
27176,7955
29821,8071
90965,_
14259,1371
66987,_
14259,1341
14259,_
57100,6813
58100,7024
57100,6711
57307,4610
44340,7073
57307,4643
44340,4610
57307,7073
41251,2551
48160,5260
48160,5284
47100,5423
36450,5012
47100,5411
49000,5012
47100,9901
36488,160
61500,3893
61576,2594
61576,299
61576,3110
61576,7699
27329,8628
11043,8339
27329,8345
II251,8843
II251,_
36488,4850
36488,6880
27147,7739
27147,7985
66985,1475
67051,1372
25670,7973
55175,6149
000/3,_
20670,2759
40525,7860
20670,2743
58120,5440
27472,7760
27472,8309
27472,8345
27472,9820
11012,7805
27472,7710
27472,8302
27472,8339
27472,8628
58720,9357
16010,6561
58720,8628
11041,8345
11041,7760
27507,7934
26735,7935
27507,7924
23105,8011
23105,8071
27664,7929
27766,8364
27664,7819
27814,9357
16010,7936
26862,8128
26862,7760
26862,8309
26862,8345
26862,9820
11012,8128
26862,7710
26862,8302
26862,8339
26862,8628
42450,7760
42450,8309
42450,8345
42450,9820
11012,2630
42450,7710
42450,8302
42450,8339
42450,8628
P0000,6849
58120,6813
58120,6711
46040,4912
PCAPC,_
24160,9357
16010,8002
24160,8628
67010,1289
65285,1471
67010,1159
28810,9971
36430,8411
28810,9903
58700,9971
36430,6651
58700,9903
51550,4579
58150,4593
44145,5760
51550,6849
44145,4562
51550,4593
58150,5760
44145,6561
51550,4594
58150,4562
44145,6849
44160,4594
51550,4562
58150,4579
44145,4593
44160,5760
51550,6561
11750,8152
11044,8623
11750,7925
27506,8623
11750,7815
MM807,_
77261,8511
77401,9604
19100,_
31500,8511
77421,9604
77401,8511
19100,9604
77421,8511
77261,9604
77421,5831
77401,5732
52000,5749
77261,5732
77401,5749
52000,5831
52234,_
77421,5732
77261,5749
77401,5831
52000,_
77421,5749
77261,5831
24498,7760
24498,8309
24498,8345
24498,9820
11012,7850
25600,7932
43202,9971
36430,4224
43202,9903
28476,7938
28525,7818
44602,7760
44602,8309
44602,8345
44602,9820
11012,4673
44602,7710
44602,8302
44602,8339
44602,8628
44603,4562
44144,4563
44120,4673
44603,4579
44144,4562
44120,4613
44603,4590
44144,4673
44120,4610
44603,4613
44603,4563
44144,4590
44120,4579
44603,4610
27640,7860
11000,9788
20680,7780
11000,294
27640,9788
11000,7780
27640,294
54830,6330
49000,7760
27652,9353
29405,8149
26045,8212
27331,7860
20680,8036
29425,7936
29425,7819
22846,7859
22846,7809
20956,7859
22846,3999
44005,5349
49588,5459
44005,5341
47562,4850
45110,5123
47562,4610
52332,8773
52332,9649
52332,9646
43330,4514
43248,4270
43239,4292
43330,4685
43248,4514
43239,4270
43330,4292
22802,7789
27513,3999
49509,5440
61613,3861
P0001,7936
11042,_
27827,8628
P0001,7817
27827,_
P0001,8628
11042,7817
54860,6340
44155,4582
44155,4620
44155,4869
28505,7938
11011,8381
28208,7938
28525,8381
11011,7938
28525,7939
58145,6849
58150,6829
58661,6909
58120,6639
27827,8345
11044,7936
27827,7760
11044,7817
45100,4610
44143,4923
45100,4575
22845,8129
99256,7859
22554,8907
22845,8051
99256,8129
22554,7859
22845,8907
99256,8051
22845,7859
99256,1371
67107,8907
66982,1449
99256,1452
24546,7911
29345,7842
24400,7931
29345,7732
29345,7931
24400,9353
24546,7732
29345,7911
24400,7842
41252,9357
16010,2551
28010,8313
BO22,_
49573,5359
49573,5369
36430,5749
52235,9971
36430,5732
36430,5831
52235,9903
57268,7092
19364,8544
19364,8543
26756,7760
26756,8309
26756,9820
26756,7710
26756,8302
26756,8339
26756,8628
74418,_
16010,5310
49505,8628
45382,4514
69632,1930
69632,1940
57120,7052
33217,3776
25685,7929
50845,5721
35011,3893
36488,3843
36450,6639
58661,9901
58950,3893
36450,5440
36488,6561
58950,9901
36488,5440
36450,6529
59514,6551
59514,6539
27442,8147
36488,5151
47564,5411
47564,5423
36488,5123
49000,5151
47564,3893
35002,3842
35002,3845
35002,3952
33120,3733
33120,3961
66987,1330
66987,9928
66172,1341
36488,6589
58740,3893
47562,5810
55700,5850
47562,6029
55700,6094
47562,8929
55700,5123
52601,6011
47562,5732
55700,5810
47562,5860
55700,6029
47562,6373
55700,8929
52601,5123
47562,6011
47562,5850
55700,5860
47562,6094
55700,6373
80080,_
58120,8782
58120,6999
11401,6813
58100,8630
11401,6711
63290,340
11043,7912
27437,8147
27437,7760
27437,8309
27437,8345
27437,9820
11012,8147
27437,7710
27437,8302
27437,8339
27437,8628
61586,124
20912,2188
30000,6849
58150,2110
30000,6561
32905,3334
90932,_
26735,7939
27792,7924
27792,8345
27071,7710
27071,8302
27071,8339
27071,8628
26910,8415
27880,8403
27880,8401
11043,4912
46275,8345
49255,5349
49587,5440
49255,5341
12057,7760
12057,8309
12057,8345
12057,9820
12057,7710
12057,8302
12057,8339
12057,8628
52000,3995
32000,5732
52000,9971
32000,3995
52000,9903
52000,3491
59400,7360
59409,8908
59409,9449
IE119,_
24546,7760
27236,8302
23630,8309
24546,9820
27236,7842
64836,7929
24546,430
27236,7710
23630,7760
64836,8309
24546,8345
23630,9820
23515,7842
64836,7931
24546,7929
27236,7939
23630,430
23515,7710
64836,7760
24546,8309
27236,8339
23630,8345
64836,9820
11012,7842
23630,7929
44005,6529
58951,5459
44950,4030
58951,4709
44005,4030
58100,6849
58150,6711
12046,9971
36430,8659
12046,9903
26418,8628
11010,7810
29405,8699
14350,9353
29405,7756
33300,3749
58200,9971
36430,4011
58200,9903
49080,5136
36781,4620
36781,5423
44310,3893
36781,5411
27870,7840
27724,8111
27870,7807
41872,7760
41872,8309
41872,8345
41872,9820
11012,2420
41872,7710
41872,8302
41872,8339
41872,8628
44320,5361
49560,4610
44320,5351
27786,7934
26735,7906
27786,7924
49010,5425
29345,8415
27880,9353
44320,9805
45305,4525
45915,4824
44320,9638
44389,9805
45915,4525
44389,9638
45305,9805
45915,4610
44320,4525
44389,4824
45305,9638
31030,2220
58145,9971
58145,9903
OO19,9971
OO19,9903
OO19,_
44320,4923
46606,4610
44320,4921
12031,5029
12031,5099
47361,8659
12031,5000
12031,5061
58180,5980
20251,7749
15734,9357
37605,3882
35132,3846
35132,3952
35206,3991
24650,3959
25020,7902
35761,8314
35206,3800
24650,3991
25020,3959
35761,7902
35206,8314
24650,3800
25020,3991
35761,3959
35206,7902
24650,8314
25020,3800
29846,8083
29846,8175
006I9,_
58700,6549
59120,6651
52334,5620
52334,8773
52334,9649
52334,5521
52334,5631
52334,9645
36430,8401
26910,9903
36430,8403
26910,9971
01410,_
34202,7499
44082,_
25574,7860
90935,8839
74480,3995
67050,1372
66985,1343
50970,5631
50970,8773
50970,9646
50970,9649
12001,7360
NSD01,8659
12001,7359
12001,_
25620,7939
25620,7929
54520,5339
49554,6230
20661,294
20661,295
23670,7859
21365,7931
23670,7672
99460,4999
46715,_
99460,4979
21345,7909
21345,9355
11200,_
42815,9357
16010,2920
42815,8628
27759,7934
26735,7936
27759,7924
27530,8444
23616,7906
27530,7931
44140,3995
90935,4572
SOO2,_
SOO8,8659
TOO8,_
19182,4543
45382,8534
19182,4523
15580,7760
15580,8309
15580,9820
11012,8660
15580,7710
15580,8302
15580,8339
68041,_
26434,8381
11000,479
43331,4270
43800,4429
25515,8382
45385,9971
36430,4542
36488,4563
55101,8628
11043,6100
55101,8345
23120,7781
23615,9359
27509,7931
23615,7945
47605,5459
53020,9971
21556,5810
11042,8332
53020,9903
21556,9971
11042,5810
36430,8332
53020,8628
21556,9903
36430,5810
53020,8332
23491,7935
27511,7852
23491,7815
93037,_
47712,5169
47712,5179
38100,7760
11012,4150
38100,7710
63700,351
27530,7749
20225,7906
27530,7745
31300,3009
21436,3130
12013,7809
31605,7859
31300,7950
21436,8659
12013,3110
31605,3009
31300,3130
21436,7809
12013,7859
31605,7950
31300,8659
21436,3110
12013,3009
31605,3130
31300,7809
21436,7859
12013,7950
31605,8659
31300,3110
21436,3009
12013,3130
31605,7809
31300,7859
21436,7950
20692,7977
27840,9353
29345,7810
27840,7810
29345,7977
29851,7819
29851,8026
38770,6849
38770,6561
58150,4030
38770,5459
44005,3995
90935,4562
90935,5459
44120,3995
90935,4563
43249,4525
45380,4292
25600,7925
35907,3866
96408,4610
44141,9925
96408,4572
39531,4469
39531,5380
36450,8302
99256,8309
99256,9820
28820,9901
99256,7710
36450,8309
99256,8339
36450,9820
99256,8411
11012,9901
28820,8907
99256,7760
36450,8339
99256,8345
36450,8411
11012,8907
99256,8302
12004,8401
26951,8659
12004,407
11044,8415
29405,8415
60240,4040
38724,640
60240,4021
NSD01,6839
58180,_
NSD01,6561
26615,8388
25272,7923
29075,8388
25272,7933
25272,7760
25272,9353
12011,8309
12011,7710
12011,8302
12011,8339
11040,7360
59409,8628
11040,7359
69970,7769
51860,5459
58150,5781
51860,6849
44005,5781
LO10,_
22844,7859
63741,371
63741,379
24582,7760
11012,7911
24582,7710
46938,4834
67935,8628
11042,1060
28645,8628
28645,8345
76942,4029
76942,5641
50230,_
76942,3807
OO80,5423
OO80,5411
OO80,_
47100,4685
45378,5012
47100,4525
58555,6909
41870,2420
27605,8345
27485,7825
44345,5361
44005,4643
44345,5351
49560,4643
44345,5459
50240,4195
38115,5411
49000,4143
38115,5423
50240,4143
49000,4195
38115,5540
46940,4939
46940,9623
02449,_
50785,6840
59525,5674
50785,6839
63650,7360
58600,393
63650,7359
59409,393
63650,6639
63650,393
49420,5423
49000,5419
49420,5411
26356,8628
11043,8251
69604,1940
69604,2092
43112,4242
90935,4262
36488,4429
43112,3995
36488,4242
43112,4262
90935,4429
43112,3893
90935,4242
36488,4262
43112,4429
50130,4594
11011,7925
11011,8152
45378,4543
45303,4525
45382,4685
45378,4823
21196,7643
21196,7859
11000,8388
11000,8149
KO52,_
32020,7760
32020,8309
32020,9820
11012,3409
32020,7710
32020,8302
32020,8339
11011,8014
59140,5423
59120,7430
59140,5411
49000,7430
59140,6549
44300,5980
44300,5732
44300,5459
07020,7360
07020,7359
07020,_
44156,4582
58150,4622
44156,4869
44156,6849
58150,4582
44156,4622
58150,4869
44156,6561
12040,_
63015,7936
27535,309
63015,7817
36430,4874
45135,9903
36430,4579
44160,9971
36430,4562
36430,4593
44160,9903
36430,407
21501,9903
42415,9971
36430,8604
21501,2929
21501,9971
42415,8604
36430,2929
21501,407
42415,9903
90935,3409
32020,3995
90935,7936
27792,3995
90935,7817
25575,7760
25575,7710
27828,7760
27828,8309
27828,8345
27828,9820
58150,4575
58720,4610
44143,6849
58720,4575
46612,4921
46255,4931
46612,4946
46255,4921
46612,4931
44125,5411
49507,4562
27025,7760
27025,8309
27025,8345
27025,9820
27025,7710
27025,8302
27025,8339
27025,8628
67882,852
67882,899
99256,3952
35082,8907
99256,3844
64856,430
24341,460
37618,8388
64856,3880
37618,460
64856,8388
24341,3880
37618,430
64856,460
63706,8382
99460,8669
11040,352
12005,_
63706,8659
99460,8332
11040,8382
12005,8669
15734,352
63706,_
99460,8628
12005,8332
63706,8669
99460,352
11040,_
15734,8659
63706,8332
99460,8382
11040,8669
12005,352
15734,_
63706,8628
99460,8659
11040,8332
12005,8382
49507,4709
52214,5810
52214,5860
52214,6094
52214,8929
96408,5980
52332,9925
27495,7760
27495,8309
27495,8345
27495,9820
27495,7710
27495,8302
27495,8339
27495,8628
25645,8401
26951,7929
25645,407
28052,8018
27829,7936
27707,7859
27792,8199
27707,7737
77418,3893
77421,3893
61790,9230
53410,5979
27536,9357
42106,2731
42106,2769
42106,2773
42106,2779
23530,7981
27705,8345
42200,2080
69420,2762
42200,2009
61702,3951
BO29,_
99460,7360
99460,7359
38069,7360
38069,7359
38069,_
51080,5700
52000,6270
54520,5732
52000,6230
44372,9971
43632,4513
36488,9608
36430,4370
44372,3893
43632,9903
52000,5423
51530,5732
50780,5719
49000,5674
52000,5411
51530,5423
50780,5732
49000,5719
52000,5674
51530,5411
50780,5423
52000,5719
51530,5674
50780,5411
25600,8628
25600,8345
25574,8314
24495,7932
25574,3803
31575,5151
47420,3142
31575,5104
44950,3780
33207,4709
44950,3776
96408,5423
49010,9925
96408,5411
49505,3995
44322,6529
58952,4610
44322,5440
44322,6561
58952,4525
67935,1289
65280,1060
69220,8662
26123,7669
69220,8235
69220,8684
26123,2041
11011,9623
46604,8302
46604,8339
46604,8628
31255,2219
31256,2119
27487,8155
11646,884
67961,8630
11646,8671
27328,9199
27328,8908
33413,3525
69670,1930
27792,8628
27759,7817
27792,7760
RE861,_
29305,9346
27175,9351
29305,9344
58740,5361
49561,6589
58740,5351
12920,_
28250,8314
31601,650
31601,639
IS00,_
27245,7979
27216,7935
27245,7909
58210,5423
49000,4030
49000,6869
58210,5411
36488,5300
49507,3893
36488,5310
49587,5459
49587,5411
49587,5423
44620,5459
44005,4650
OO33,_
34101,3803
34101,3891
31367,3029
96408,5731
36450,5980
50947,9925
96408,9901
36450,5674
36450,9925
50947,9901
96408,5674
36450,5731
15734,3110
15756,4041
P0000,8332
41145,8382
P0000,2530
P0000,8382
41145,8669
15756,2530
P0000,3110
P0000,8669
41145,_
15734,2530
15756,3110
P0000,4041
41145,8332
36450,763
62165,9901
36450,299
33670,3554
27138,72
27218,7989
27217,8989
15951,7789
15951,8659
45300,4595
45300,4835
44152,4824
45300,4582
45300,4601
32554,_
46753,4979
43239,7360
59409,4514
43239,7359
20692,9344
26665,7760
20650,8345
20692,7814
32020,3425
32606,3409
32020,3422
19180,9357
16010,8541
19180,8628
10060,3491
32002,8604
10060,3404
45320,4543
45320,4823
25420,7932
25420,8499
25526,7809
25420,7819
25420,7939
28810,9357
43640,4401
11040,5423
11040,5411
96408,5850
52276,9925
20600,9353
11043,6270
11011,7949
27193,8309
27193,8345
27193,9820
11011,7975
27193,8302
27193,8339
27193,8628
16010,2181
12051,9357
16010,1840
16010,2751
16010,881
11043,9346
27175,8345
66940,1289
65280,1359
66940,1159
27238,9346
27175,7905
27238,9344
24365,8185
25320,7760
25320,8309
25320,8345
25320,9820
11012,8175
25320,7710
25320,8302
25320,8339
25320,8628
15935,7789
15935,8630
51065,5980
51065,9646
52005,5995
51065,5732
51065,8773
51065,9649
25600,7760
25600,8339
25600,9820
25600,7710
25600,8309
25600,9353
25600,8302
80962,7360
80962,7359
80962,_
47000,3409
49021,_
32000,5491
49000,3491
47000,5423
49021,3409
32000,_
49000,5491
47000,5411
49021,5423
32000,3409
32020,5491
47000,3491
49021,5411
32000,5423
32020,_
47000,5491
49021,3491
32000,5411
33320,3931
48545,5423
33320,5295
49000,3931
48545,5411
33320,5423
49000,5295
48545,3931
33320,5411
11044,7905
27502,7936
27758,7905
47650,_
11000,4040
38724,8628
11000,4021
44130,5459
44005,4639
44130,5411
48154,5423
36568,5136
20680,7801
29058,7860
23485,9788
29058,8302
23485,8309
29058,8628
23485,9820
11012,9359
29058,7731
29058,9788
23485,7710
29058,8309
23485,8339
29058,9820
23485,9353
20680,9359
11012,7731
29058,7801
23485,294
29058,7710
23485,7760
29058,8339
23485,8345
23485,9359
20680,7731
11012,7801
29058,294
23485,7860
29058,7760
23485,8302
29058,8345
23485,8628
52275,6097
53852,5732
44340,4999
46716,4643
44340,4979
27380,7936
27828,8364
27380,7817
49000,3402
43840,3409
32110,5411
32110,4461
49000,3349
43840,3402
32110,4442
43840,3349
32110,5423
21470,7859
21365,7676
21470,7672
58822,5423
49000,6591
58822,5411
45400,4876
CRO03,_
21461,7939
23515,7676
21461,7929
35661,3929
43045,9802
93528,3700
93528,3723
59490,_
61600,160
11043,7710
47360,4461
49000,3886
12036,5061
39501,5411
47360,8659
49000,3482
12036,4442
39501,4461
43840,3886
12036,5423
39501,8659
43840,3482
47360,4442
12036,3886
39501,5061
47360,5423
12036,3482
39501,4442
12036,5411
39501,5423
47360,3482
12036,4461
39501,3886
43840,5061
47360,5411
59612,9971
11041,294
29405,9788
11040,9353
11040,9788
11041,9353
29405,294
11041,9788
11040,294
11041,7860
41830,2420
41872,2431
41820,2450
41874,2420
41830,2431
41872,2450
41820,2420
41874,2431
54520,8309
54520,9820
11011,6230
61106,7760
61106,8309
61106,8345
61106,9820
11012,124
61106,7710
61106,8302
61106,8339
61106,8628
BO19,_
32020,5642
39501,3409
50234,3482
39501,5642
32020,3482
39501,5551
16035,7760
16035,8309
11012,8609
16035,7710
16035,8302
16035,8339
54340,5845
27535,4590
44140,7817
21141,7859
21196,7646
21141,7643
44125,5425
35142,3848
35142,3952
43202,5423
49000,4224
43202,5411
61020,125
61510,102
61020,124
93505,3721
93508,3725
93505,3639
93505,3725
43458,4292
33426,3512
33426,3524
33426,3961
31500,5375
39503,9604
31500,3404
35656,3929
26352,8628
26352,8381
11000,4610
44141,8628
11000,4572
56441,7101
10060,4993
10060,4911
46280,8604
10060,4912
61571,125
26140,8074
28030,407
50553,5521
50553,5980
50553,8773
50553,9645
50553,9649
64727,479
64721,449
64727,460
27780,7760
27780,8309
27780,9820
27780,7710
27780,8302
27780,8339
21315,7859
21330,2171
21315,2172
27536,7691
21172,7936
27536,1689
49080,5498
90945,5425
49080,3995
51040,5423
49000,5717
51040,5411
32020,5980
43653,5423
32000,4513
GISNIANAMAISABELBETCHAYDA,4319
36488,5421
58700,3491
51045,_
32020,3893
43235,5719
43653,5980
GISNIANAMAISABELBETCHAYDA,5411
58700,4513
51045,4319
32020,5421
43653,3893
32000,6651
GISNIANAMAISABELBETCHAYDA,5719
36488,5980
58700,3409
51045,5411
43235,4319
GISNIANAMAISABELBETCHAYDA,_
ANEMIA,_
52318,5860
52318,8929
52601,5700
52318,5732
52318,5850
52318,6029
52318,6373
66996,1269
66170,1266
66996,1264
21385,7679
44160,5459
49000,4593
44160,5425
44950,4593
44160,5423
44005,4593
44160,4709
44950,5425
44950,4579
49080,4593
44160,5411
28415,8037
27620,7939
28415,8017
96408,8628
11043,9925
96408,8345
23515,7925
27506,7939
23515,7815
23515,8152
27506,7929
31231,9820
11010,2121
31231,8628
11760,7819
26727,8689
29425,7860
27786,9353
29405,7906
11043,3459
32320,8345
57330,5784
62142,207
20650,8302
11044,8339
11044,9820
11044,9344
20650,7710
11044,8302
20650,8309
20650,8628
11012,9344
20650,7760
20650,8339
20650,9820
11011,7710
24115,7762
24115,7802
31267,2219
31256,2220
TERMBABY,_
50782,5674
APPEDECTOMY,4709
49507,_
APPEDECTOMY,5310
44950,_
APPEDECTOMY,5300
APPEDECTOMY,_
43520,4330
12002,7939
23515,8659
12002,7929
11042,8192
11042,8396
11042,8191
11042,8394
45378,4835
45308,4685
45378,4542
45378,4836
45308,4525
OOO9,_
50525,5583
43202,4341
43244,4224
43202,4233
44120,5310
49509,4562
49509,4590
44120,5300
49509,4563
19180,3479
19366,7791
19271,8541
19180,8570
19366,3440
19180,7791
19366,8541
19271,8570
19180,3440
19366,3479
49320,8628
11043,5421
49320,8345
58700,6840
59514,6651
58700,6839
59525,6651
58700,7499
50750,5586
36011,5502
44188,3995
50040,4610
36011,5501
44188,3893
36011,4610
44188,5502
44188,5501
50575,6050
55845,5521
55845,5631
55845,8773
55845,9649
50575,4030
55845,5620
55845,5732
55845,9645
66180,1474
67052,1699
66180,1370
61312,139
61154,125
33617,3594
36680,_
77401,9925
96408,_
77421,9925
ZZ300,_
20690,9357
16010,7810
NN119,_
43246,8192
43246,8396
20610,4311
43246,8191
43246,8394
11044,7926
50760,5675
58120,5423
49000,6909
58120,5411
11446,8345
24615,9353
29065,7982
59411,9971
58600,7252
59411,9903
36430,7252
59411,6639
31780,3179
31603,2211
31237,3110
31603,2121
SO110,881
67935,_
SO110,1060
SO110,_
27331,7815
27506,9829
27506,8016
27331,8152
59513,5411
OO69,_
11010,8152
11010,7925
47610,3893
27400,8375
27217,7710
27217,8302
27217,8339
27217,8628
27635,8147
29345,7767
27455,9353
27635,7737
29345,8147
27455,7767
27635,9353
29345,7737
11000,9824
54115,8628
11000,6492
49496,5423
49496,5411
99460,4572
47600,8544
19240,5122
47600,8543
67950,881
67935,859
67950,1060
29075,5423
29075,5411
27601,8314
11043,7933
NOICDFOUND,_
61543,124
64744,403
59402,_
36825,9971
90935,3993
36825,9903
36430,3993
36825,3995
58100,7021
57454,6711
49085,5423
44005,5492
49085,5440
49085,5411
58951,5492
49085,4030
49085,6849
58951,5423
49000,5492
49085,5459
49085,6561
58951,5411
49085,6529
28262,8048
65770,1173
45317,4946
47600,4513
45378,5411
44005,4685
43235,5459
45378,5423
44005,4513
45378,5459
49000,4685
43235,5122
52649,5620
52649,5732
52649,9645
35131,3846
35131,3952
61313,3121
31420,3021
50040,5749
36450,5831
52235,5501
27120,8140
43324,4466
58805,5459
58805,5423
44005,6591
58805,5411
11011,8401
36488,4461
38720,8628
11043,4021
38720,8345
50630,5600
50630,5732
69436,3997
69801,2001
69436,2079
24620,8309
24620,8345
24620,9820
24620,8302
24620,8339
24620,8628
28118,7789
33608,3592
CMI67,_
08007,_
49000,4850
45110,5411
12044,8628
12044,8345
49420,6829
36488,6909
90935,5419
58558,3893
36488,6816
90935,6829
44310,5425
44140,4620
44310,4590
49080,4620
44310,4572
11010,8289
37650,8628
11043,3889
37650,8345
35013,3995
62100,8345
27759,7939
27759,7929
61313,8345
27284,8121
23500,9357
16010,7909
23500,8628
11012,8444
23616,7710
23616,8302
23616,8339
23616,8628
27125,9346
27175,8152
27125,9344
49521,3995
79440,_
27403,8016
21470,8309
21470,9820
11011,7676
21470,8302
21470,8339
21470,8628
32032,_
12031,8345
46945,8659
25270,9353
11044,4945
12031,8388
29085,7760
46945,8345
25270,8628
12031,9353
29085,4945
46945,8388
25270,7760
12031,8628
29085,8659
46945,9353
25270,4945
12031,7760
46945,8628
25270,8659
12031,4945
29085,8388
46945,7760
25270,8345
44125,5423
44602,4562
44850,4563
49080,4639
36430,4673
44602,9903
44850,9971
44602,4639
44850,4673
49080,5475
44125,9971
36430,4563
44125,4673
44602,5475
44850,5425
65285,1200
32000,6529
58952,3491
55821,5310
49505,3998
49505,6030
55821,5300
49505,5850
49505,6373
52265,5732
52265,9625
25900,407
27506,8401
11043,8405
26951,7925
25900,8152
25900,8401
27506,8405
26951,8152
11043,407
26951,8405
25900,7815
27506,407
26951,7815
25900,7925
26735,7929
23515,7924
26735,7815
26735,8309
27506,7924
23515,7934
26735,7925
27506,7934
26735,8152
32020,6849
44950,3409
32020,4011
32020,4709
58200,3409
32020,6561
39530,4610
44141,5380
39530,4572
66600,1242
49507,6270
OO8,_
44320,7749
20225,4610
44320,7745
27220,7925
59120,6849
59120,6561
58150,6549
64732,403
15950,8630
15950,8659
90935,7760
90935,8309
90935,9820
11012,3995
90935,7710
90935,8302
90935,8339
99256,8546
19200,8907
99256,8545
45170,4685
45170,4525
43415,4282
90993,_
11000,4579
21462,8628
12013,7676
21462,8345
11043,7676
21462,8659
12041,8309
12041,9820
12041,7710
12041,8302
12041,8339
38505,9971
38505,9903
67935,2751
11040,8286
11040,8251
PC23,7360
PC23,7359
PC23,_
54324,5845
49500,5849
54324,5300
54324,6310
49500,5845
54324,5849
54324,5310
43840,8601
44005,4442
10160,5459
10160,4442
61304,3121
67027,1289
65285,1472
45355,5251
44050,4610
44141,4680
44050,4572
19371,8521
43239,5850
52275,4514
43239,5732
ERO30,_
EM0,7499
59513,_
ERO30,7499
EM0,_
16010,8684
50060,5732
50060,8773
50060,9649
52007,5501
50060,5633
50060,5980
50060,9646
23100,8011
23100,8031
45308,4946
45303,4542
45303,4836
45308,9622
45303,4835
46255,4836
45303,4543
59154,_
MCP0,_
52005,5600
50081,5631
50081,9646
52337,5503
52005,5504
52005,5631
50081,5732
52337,8773
50081,9649
52337,5504
52005,5521
50081,5522
52337,9646
52337,5521
52005,5522
50081,5600
50081,8773
52337,9649
52005,5503
55860,6000
77421,3324
31625,_
77401,3324
11044,7929
27766,7760
27766,8345
27745,8345
32000,3893
47010,3491
47010,3893
11010,7929
27566,8628
11100,9357
16010,8611
11100,8628
62143,205
27228,7760
27228,8309
27228,8345
27228,9820
27228,7710
27228,8302
27228,8339
27228,8628
25100,8013
26160,8033
25100,8221
26160,8013
25100,8033
11010,5423
11011,8017
33015,5375
39503,3712
33015,3404
21445,7760
21445,8309
21445,9820
21445,7710
21445,8302
21445,8339
21445,8628
22843,7859
25525,7925
27506,7932
11011,8251
15750,7760
15750,8309
15750,9820
15750,7710
15750,8302
15750,8339
15750,8628
LTCS,_
21485,7859
27759,7693
21365,7936
21485,7672
27759,7859
21365,7693
21485,7936
27759,7672
11440,9820
11440,8628
11010,1840
11010,2751
11010,881
11010,2181
44602,4709
27536,7929
55540,5300
44950,5349
44950,5341
50040,5504
50081,5501
19100,8544
19100,8543
57100,3995
52204,7024
50040,5733
57100,5502
52204,3995
50040,7024
90935,5733
57100,5501
52204,5502
90935,7024
57100,5733
52204,5501
43456,4292
29075,7902
45300,5423
44602,5459
58951,4673
45300,5440
44602,6561
62000,7859
21365,202
62000,7672
27880,9971
36430,8415
27880,9903
41874,9820
11010,2450
41874,8628
58150,4673
44603,8907
99256,4673
44603,6849
44603,6561
47362,5061
47360,5099
47362,3886
36430,4523
36430,4543
45385,9903
58563,6829
58558,6823
58563,6909
58563,6816
67121,1371
66987,1460
67121,1341
29075,7783
27884,8628
27884,8345
27307,8312
22101,7769
27557,7819
11012,7986
27557,8146
27557,7760
27557,8309
27557,8345
27557,9820
27557,7986
11012,8146
27557,7710
27557,8302
27557,8339
27557,8628
28008,9357
50220,4590
44140,5551
27596,8628
11043,8417
27596,8345
51860,6840
59525,5781
51860,6839
33973,3766
33840,3864
61313,233
32921,2211
31237,_
32921,2121
32921,_
38571,4029
38571,5421
PTB,_
11011,8417
64722,479
64722,460
68362,1289
65285,1153
68362,1159
26770,7760
26770,8309
26770,8345
26770,9820
11012,7974
26770,7710
26770,8302
26770,8339
26770,8628
49560,5122
47600,5361
49560,5411
49560,5423
47600,5351
51565,5674
51565,5760
11044,8411
28810,8907
11044,8907
31225,2211
31237,2220
31225,2121
35355,3816
35355,3818
16010,650
60271,8628
23935,7712
23935,7719
43280,4429
43280,5372
39502,4467
43280,4400
43280,4469
24340,8388
11010,7932
67810,8671
67966,811
67810,824
32310,3459
19180,8382
27070,7789
25315,8399
27250,7760
27250,8309
27250,8345
27250,9820
11012,7975
27250,7710
27250,8302
27250,8339
27250,8628
25360,7733
51920,8544
19240,5784
51920,8543
99093,_
12013,8907
21347,8659
21365,7939
99256,7672
21347,8907
21365,8659
99256,7939
12013,7672
21347,7859
21365,8907
99256,8659
12013,7939
21347,7672
49583,5341
49583,5349
50250,25
50250,5532
10160,4579
44160,8601
33463,3961
90935,3514
33533,3995
33519,3611
33405,3929
33463,3522
33533,3514
33519,3995
33405,3611
33463,3929
90935,3522
33533,3961
33519,3514
33405,3995
33463,3611
90935,3929
33533,3522
33519,3961
33405,3514
33463,3995
90935,3611
33533,3929
33519,3522
33463,3514
44312,5459
49000,4641
44312,5423
44005,4641
44312,5411
67036,1289
65285,1474
67036,1159
67582,1662
67582,1664
67582,8374
67210,1475
67051,1454
67210,1474
22808,8129
60502,689
50605,5980
28119,7789
75825,8851
63285,340
61605,160
44206,3893
36488,1735
58740,4685
45378,6589
58740,4525
11400,7936
27535,8630
11400,7817
25922,8404
25922,8684
25312,8375
25312,8381
CN390,_
23515,7809
20956,7929
11042,7926
25575,7935
27514,7932
25575,7815
24495,8628
27244,9346
27244,9344
49201,4685
49201,4525
28124,7760
28124,8309
28124,9820
28124,7710
28124,8302
28124,8339
11044,7989
26685,7760
11044,7984
26685,8345
15951,8630
57510,6829
51920,6561
TJ10,8411
TJ10,8628
28810,_
TJ10,8345
TJ10,_
XA,7760
XA,7710
26541,8172
29075,8381
26541,9353
29075,8172
26541,8381
11041,7936
27826,8628
11041,7817
62223,8382
15734,233
62223,352
62223,8669
63706,233
62223,8332
SO20,_
ES6I,_
KO47,_
90935,6712
57500,3995
28024,7710
28024,8302
28024,8345
28024,9820
28024,7760
28024,8339
28024,8628
52000,5310
52000,5300
27758,7810
20690,7936
77418,3326
32405,_
77421,3326
14060,407
42425,8689
14060,2632
37617,5423
44320,3880
36488,4673
37617,5411
44603,3880
37617,3893
36488,3880
37617,4673
49000,3880
37617,4610
44320,4673
44603,3893
37617,3880
29425,7932
25574,7906
27752,9353
29425,7906
25574,9353
27752,7932
29075,7906
35286,3957
63276,340
80914,6970
80914,7360
80914,7359
80914,_
27759,8314
31603,9971
43830,3110
36430,4319
31603,9903
43830,9971
36430,3110
31603,4319
43830,9903
20690,8659
12002,7810
61253,124
99256,8544
19240,8907
99256,8543
54530,5423
54530,5411
27265,9971
36430,7975
27265,9903
12046,8628
12046,8345
96050,_
40831,2752
23491,7760
23491,8309
23491,8345
23491,9820
23491,7710
23491,8302
23491,8339
23491,8628
21015,7760
21015,8309
21015,8628
25575,7926
66830,1371
66984,1365
66830,1330
66984,1364
54530,5810
54530,5860
54530,6094
54530,8929
52601,6230
54530,5732
54530,5850
54530,6029
54530,6373
ULY20,_
43250,4542
45383,4341
44120,9971
36430,4590
44120,9903
11400,8628
11400,8345
KL10,_
54152,5310
42825,2169
42145,2820
30140,2769
42825,2161
42145,2169
30140,2820
42825,2769
42145,2161
56620,7161
77401,5502
36450,_
77401,5501
50040,_
77401,9901
15100,9357
52317,5810
52317,5860
52317,6094
52317,8929
52317,5732
52317,5850
52317,6029
52317,6373
50576,5521
50576,5523
50576,5539
50576,8773
50576,9645
50576,9649
55831,3998
55831,5850
55831,6040
55831,6373
55831,8929
27514,7760
27514,8309
27514,8345
58661,5423
58661,6551
58943,6639
58661,4011
58661,5440
58661,6651
90035,_
CM196,_
65114,1659
11043,7974
24546,7710
24546,8302
24546,8339
24546,8628
16010,5349
49587,8628
66986,1474
67040,1370
66986,1424
11302,8604
11043,8609
11302,8628
10060,8609
11302,8345
44960,4720
44900,4709
26850,7760
26850,8309
26850,8345
26850,9820
11012,8127
26850,7710
26850,8302
26850,8339
26850,8628
26850,8127
51920,4590
44204,5784
51920,1739
15951,8628
15951,8345
29405,8192
29405,8396
29405,8191
29405,8394
15757,9820
11010,8660
15757,8628
44960,4675
68530,949
32000,9604
31500,3491
32020,5425
44160,3409
36488,4579
32002,4593
44160,3893
49000,3404
49080,3409
32020,4562
32002,5423
49080,3893
44160,3491
32002,4562
32020,4593
44143,_
99460,4575
24000,7760
24000,8309
24000,9820
11012,8012
24000,7710
24000,8302
24000,8339
24000,8628
27759,7819
46050,9622
46050,4823
45303,4901
25010,6829
25010,_
50010,5512
50010,5587
50010,5689
50405,5501
50010,5502
50010,5570
50010,5620
49180,8839
75980,5424
49180,8754
11041,5641
50225,8628
11041,5551
90935,2219
31238,3995
90935,2100
27146,7739
59514,7491
59100,7499
59514,6800
75954,3995
90935,3979
31579,125
61312,3142
31579,124
36430,7759
59612,9903
44602,5061
47360,4673
44602,3886
43108,4242
43108,4265
43108,4679
60260,639
60260,4040
47800,5789
MAM83,_
68328,1042
55041,6270
54520,6310
55041,6230
74401,_
11011,8314
44960,9357
44960,8628
47562,8628
11043,5123
47562,8345
44345,5411
49000,4643
44345,5423
RVS67,_
50559,5521
50559,5523
50559,5539
50559,8773
50559,9227
50559,9645
50559,9649
31256,2253
23700,8041
31500,5980
31500,5732
52332,3893
52332,9604
58670,6639
15100,7925
55812,4011
55812,4029
55812,6050
27448,7735
50220,3995
61000,109
56835,5440
56835,6561
56835,_
58950,3409
58950,4709
58720,3409
32020,5440
27725,8129
66985,1490
67041,1372
43235,4450
48005,4513
43860,5260
43235,4389
48005,4450
43860,4513
43235,5260
48005,4389
31603,4040
38724,3110
31603,4021
15580,7924
26735,8660
15580,7934
50120,5511
36488,4562
43458,9608
44372,4292
43458,4513
45380,5423
28465,8345
94610,9604
31500,3892
36510,3409
36568,9604
94610,3892
31500,3409
36510,_
36568,3892
94610,3409
36510,3893
32020,9604
99460,3892
36568,3409
36510,9604
32020,3892
99460,3409
36568,_
94610,3893
27580,8122
99460,4563
24151,7762
24151,7802
63040,309
63040,7789
63040,8051
21347,8345
27792,7977
27840,7817
16010,2752
21470,7939
21470,7929
76942,3491
32002,_
76942,3404
CZ491,_
27730,7827
11043,7769
63075,8628
11043,309
11043,8051
63075,8345
61618,8345
61618,212
12001,7924
26735,8659
12001,7934
24420,7832
49505,5390
27333,7760
27333,8309
27333,8345
27333,9820
27333,7710
27333,8302
27333,8339
27333,8628
27590,9357
16010,8417
77401,3409
47300,8766
74300,5021
47300,8754
96408,3491
32020,9925
96408,3404
32002,9925
96408,3409
RO90,_
27380,7986
II248,_
36430,5151
36430,8754
47620,9903
27535,8016
27310,7817
25611,7931
24546,7912
25611,7842
49080,6551
58940,5425
49080,5310
49525,5425
49080,5300
38500,3491
32002,4011
38500,3404
76942,8544
19240,_
76942,8543
11040,8321
27330,8628
11040,8016
28292,7753
28292,7759
43340,4254
45385,5749
43239,5831
52235,4523
52235,4514
45385,5732
43239,5749
52235,4543
45385,5831
52235,4542
15732,8544
19240,8332
19240,8669
15732,8543
19240,8382
28750,8116
36450,8544
19240,9901
36450,8543
27829,7817
27766,8199
27784,9359
27829,7819
27829,7926
27784,7859
27766,9359
27829,7929
27766,7859
27784,8199
61524,125
27507,7932
67585,1049
67585,1662
67585,1664
23650,8345
44386,4514
90935,6849
58150,3995
46270,8604
47553,5112
47553,5198
20600,8628
11043,8191
11043,8394
35301,3812
17286,8630
49000,5671
45378,5760
10060,6561
10060,5423
58240,4525
10060,4850
36488,5760
45378,6849
10060,6880
58240,3893
10060,4685
58240,8604
45378,5671
10060,5760
36488,6849
49000,6880
10060,5411
58240,5423
45378,8604
10060,4610
36488,5671
49000,5760
10060,6849
10060,4525
58240,4685
36488,8604
45378,4850
10060,5671
45378,6880
10060,3893
58240,5411
42323,5423
42323,5411
42323,_
11011,7760
11011,7810
61460,125
20680,7925
28308,7738
28308,9820
11010,7738
28308,8628
44312,4610
23550,8031
27075,7769
26117,8034
26110,8229
26117,8014
46220,4823
46220,4946
45315,4939
46220,4543
46220,4836
45315,4946
46255,4939
46220,4542
46220,4835
11010,8403
23550,9820
11010,7981
23550,8628
ZA380,_
67025,1341
44320,5012
49000,4824
45305,5012
47100,4824
47100,4610
66987,1289
65280,1341
29305,8659
12011,7860
23515,7851
23480,7929
54520,5810
54520,5860
54520,6094
54520,8929
49585,5459
49585,5122
33218,3775
33015,3491
36488,3712
33015,3409
32002,3712
33015,3893
61330,1609
90935,9199
88174,3995
90935,8838
90935,5620
90935,9645
44960,4590
44204,4709
44960,1739
24575,7932
24665,7931
24575,7783
59513,6601
59150,7499
59513,5421
53665,5749
29075,7979
EO59,_
27235,1289
65285,7905
27235,1159
25370,7733
27071,294
11044,7789
11044,294
20690,9788
27071,7810
11044,7785
20680,7789
27071,8345
20690,7860
27071,9788
20680,7785
20690,7789
27071,7760
20690,294
27071,7860
11044,9788
20680,7810
20690,7785
51550,5411
44310,5760
51550,4590
25575,7819
25575,7979
27430,8386
27822,7760
27822,8345
58150,7360
59409,6561
20692,8314
DS526,_
24149,8349
24149,8630
24149,8684
31255,2121
50610,5512
50610,5587
43204,4233
58920,5423
49000,6522
58920,5411
11000,6849
49080,8628
11000,6561
11000,4709
58150,8628
11000,5425
11011,4673
69200,8309
69200,8345
69200,9820
11011,1802
69200,8302
69200,8339
69200,8628
11000,7789
11000,7785
28900,_
11043,3479
32820,8345
25530,8345
27640,8047
20692,8385
27612,7780
27640,7810
20692,8017
27640,8385
20692,7780
27612,7810
27640,8017
20692,8047
59612,6840
59525,7360
28060,8628
11043,8344
28060,8345
26236,8628
26236,8345
37160,3910
15120,2049
26608,8401
26951,7814
26608,407
27030,7760
27030,8309
27030,8345
27030,9820
27030,7710
27030,8302
27030,8339
27030,8628
32000,8628
32000,8345
11043,3491
99883,_
11426,8669
36420,_
49200,6849
11044,7932
25525,8345
11042,4685
11042,4525
61692,3953
FR001,_
29065,7912
25611,9353
44800,5459
44800,5423
44800,5411
11042,4610
44143,8628
11042,4575
INTRAC,_
43621,5423
49000,4399
43621,5411
22840,7859
50240,5980
52332,5540
50240,5732
96405,_
11040,8071
23105,8628
11040,8011
11044,8286
11044,8251
44005,5136
32020,3421
32651,3409
32020,3252
21338,8345
11044,7906
21338,7936
90935,5600
90935,5631
90935,5522
52337,3995
50860,5423
50220,5661
49000,5551
50860,5641
50220,5411
50860,5661
49000,5641
50860,5411
50220,5423
49000,5661
50860,5551
32150,3409
51550,5749
58805,6829
58660,6591
58558,5459
58805,5421
44005,6816
58660,6829
37618,7360
59409,3880
37618,7359
21462,125
76942,7676
61312,_
21462,124
76942,125
61312,7676
21462,_
76942,124
77261,8321
27590,3893
36488,8417
50815,5671
50815,5423
50815,5411
69552,1829
11043,8672
46288,8345
28606,7818
28606,7760
28606,8309
28606,8345
28606,9820
28606,7710
28606,8302
28606,8339
28606,8628
61680,3953
66999,1266
26715,8309
26715,8345
26715,9820
11011,7922
11011,8660
27524,8076
27335,7936
28735,7738
28735,8114
28035,444
26460,8211
61313,3995
27488,8345
29355,8628
11044,8006
27488,8456
42415,8689
14060,2929
24006,8012
24102,8042
24006,8072
24006,8042
76942,5459
44125,3893
12032,4562
76942,8659
12032,5459
44005,3893
76942,4562
61546,153
61546,7739
67334,1513
67334,1590
27503,7710
27503,8309
51860,4613
49000,5781
58720,4579
51860,5411
44144,5781
51860,4579
51860,5423
58720,5781
44144,6561
51860,4610
58720,4613
90935,4461
43840,3995
90935,4442
12013,_
27530,7936
27535,7906
27530,7817
28300,7739
27792,7989
27848,7817
27613,8345
11044,8321
27613,8907
27613,8628
99256,8321
27613,7760
24600,7984
26685,8013
24600,8033
26685,7972
25101,7989
24600,8013
11044,8033
26685,9820
25101,7972
25101,7984
24600,7989
11044,8013
26685,8033
44021,5461
44021,5423
49900,4502
44021,5411
11401,5310
49505,8630
11401,5300
44950,9971
33214,3780
33201,3787
33214,3774
59513,6840
59513,6839
25515,4563
27511,9353
21340,7909
21340,859
21340,999
29085,7934
29085,7924
20680,9357
16010,294
16010,9788
27372,8628
27372,8345
58950,5459
27047,5300
49507,7769
27047,6230
27047,5310
54520,7769
27047,6270
11042,7360
11042,7359
43226,4292
57210,5423
49320,7071
49000,5421
57210,5411
49000,7071
57210,5421
49320,5411
36145,9971
36145,9903
36430,3895
OO31,_
52310,5631
52335,5700
52310,5522
26608,7710
26608,8302
26608,8339
28750,7798
28299,8116
28750,7759
56625,7150
P0000,9357
P0000,8628
90935,3808
49420,3891
34201,3995
49420,3806
90935,3891
34201,5419
90935,3806
49420,3808
32603,3422
38220,4610
50700,5689
50605,4590
43810,5411
44140,4439
50605,4525
43810,4590
44389,5980
50605,5423
43810,4525
44389,4572
43810,5423
44389,4439
50605,4572
43810,5980
50605,4439
43810,4572
44389,4590
44140,5980
50605,5411
50700,6849
44005,5689
50700,6561
58740,5689
50700,6589
58150,5689
50700,5459
27097,8385
21344,7929
32020,4514
45378,3409
32020,4685
43239,3409
32020,4525
60240,8152
27495,640
36488,7815
27506,3893
60240,7925
27495,8152
36488,640
60240,3893
36488,8152
27506,640
60240,7815
27495,3893
36488,7925
29355,7986
27556,9353
29355,7819
ZO342,_
31380,3029
45379,4513
11010,7905
55530,9357
16010,6310
55530,8628
42894,2999
OO809,_
26776,7760
26776,8309
26776,8345
26776,9820
26776,7710
26776,8302
26776,8339
26776,8628
65285,1060
26488,_
44960,5440
57135,7071
57250,7359
57135,7052
57250,7033
58140,6849
58140,6561
27591,8417
64722,7789
29065,7925
63280,340
35261,3957
35875,3991
31600,3402
32020,3121
31600,3328
32100,3121
31600,3409
32020,3328
52612,5310
49505,6029
52612,5300
27301,9357
16010,8303
27301,8628
27497,8314
27497,8628
27497,8345
27705,7760
27705,8309
27705,9820
11012,7737
27705,7710
27705,8302
27705,8339
27705,8628
27226,7935
44130,3402
36488,4590
11043,4639
44345,3893
49255,8345
76942,8628
32110,5459
44130,4643
11043,3349
44005,3402
11000,3409
44345,4590
49255,4639
76942,5411
44130,3893
11043,5459
11000,5440
44345,_
49255,3349
76942,3402
44345,8628
76942,4643
32110,5440
44130,_
36488,3402
11000,4639
76942,3893
32110,8345
44130,8628
36488,4643
11043,5440
44005,_
11000,3349
44345,3402
49255,3409
76942,4590
32110,4639
11000,5459
54670,6261
76942,5423
44322,3893
76942,4824
44322,5423
45300,_
76942,4525
44322,4824
45300,3893
76942,4610
44322,5411
44130,3409
36488,4639
32020,4590
26418,7760
26418,8309
26418,9820
26418,7710
26418,8302
26418,8339
14020,5310
14020,5300
29355,8036
11000,9829
27331,9353
11000,8016
29355,9829
11000,9353
29355,8016
22852,7869
ZC792,9971
ZC792,9903
ZC792,_
44340,4850
45112,4643
44340,4840
29425,9820
MCP01,9971
MCP01,9903
27680,8192
27680,8396
20605,8391
27680,8191
27680,8394
52010,5732
90935,8799
52010,9649
28576,7819
62162,299
42325,2649
12013,8401
12013,407
47360,3409
32020,3886
22843,8907
63046,7859
22843,7789
63046,8907
22843,309
12034,3991
32020,8659
35761,3409
12034,3800
32020,3991
12034,3409
32020,3800
35161,3995
22595,8129
45905,9623
27832,7989
11012,7955
27519,7710
27519,8302
27519,8339
27519,8628
16010,4590
44140,8628
58700,7491
59100,6651
58700,6800
44145,4685
44145,5423
44145,4525
45378,4594
11000,8192
11000,8396
11000,8191
11000,8394
33645,3799
42235,4685
45378,2769
21050,7650
44604,4461
44602,4675
39501,4673
44604,4442
44602,4461
39501,4675
32020,4673
44604,3409
44602,4442
32020,4675
43840,4673
44604,3482
44602,3409
32020,4461
43840,4675
44602,3482
32020,4442
NSD01,6859
58262,_
56013,_
36488,5425
49507,5425
54520,5850
52276,6230
34421,4029
34421,5641
50230,3809
50075,5551
35121,3846
35121,3952
44141,4563
44120,4572
EGD,_
49080,4912
46270,5425
49080,4911
44320,8345
26615,7925
27506,7933
26615,7815
26615,8152
27506,7923
11000,7859
11000,7672
25390,7823
25515,7760
25515,8309
25515,8345
25515,9820
25515,7710
25515,8302
25515,8339
25515,8628
11011,8036
11011,9829
RO40,2219
31238,_
RO40,2100
24900,7931
24546,8407
24900,7842
58600,6813
58100,6639
58600,6711
26235,8401
26952,7789
26235,407
27305,7760
27305,8309
27305,8345
27305,9820
27305,7710
27305,8302
27305,8339
27305,8628
58600,3995
59514,3995
90935,7499
90935,6639
11402,8628
11042,8630
25575,7925
65850,1371
66987,1254
65850,1341
76942,9971
76942,9903
65426,1371
66987,1132
65426,1341
PZ392,_
27759,9357
38572,4011
38572,4029
38572,5421
23184,7762
45130,9622
45303,4869
26727,8284
26432,7819
26727,7859
49420,4533
44110,5419
49420,4500
57130,7360
57130,7359
25295,7760
25295,8339
25295,9820
26952,8391
25295,8401
25295,8302
25295,8345
25295,8391
25295,7710
25295,8309
25295,8628
11012,8391
25295,407
90935,5731
29075,8286
26356,9353
29075,8251
11000,4442
11000,4461
11011,9357
35184,7760
35184,8309
35184,8345
35184,9820
11012,3953
35184,7710
35184,8302
35184,8339
35184,8628
49000,8309
49000,9820
11012,5411
11400,8192
11400,8396
20600,8630
11400,8191
20692,7923
24152,7763
26750,7760
26750,8309
26750,8345
26750,9820
26750,7710
26750,8302
26750,8339
26750,8628
33050,3731
25685,9357
16010,7929
25685,8628
23615,7936
27535,7931
23615,7817
69535,7639
27320,407
43246,8345
29894,9820
45121,5423
49000,4825
52335,5600
69310,1940
69632,1860
69310,1930
51040,6270
54520,5717
51040,6230
51800,5759
51800,5785
32402,3460
32650,3424
32402,3421
11000,8099
63081,8628
11000,309
50045,5501
P0000,9971
P0000,9903
60100,6829
19369,8572
44385,4590
44140,6561
58152,4590
44140,5950
44140,6849
58152,4572
61582,124
31225,299
61582,7739
27524,7935
27524,7815
11012,8499
25526,7710
25526,8302
25526,8339
25526,8628
SO53,9821
65275,_
SO53,1151
SO53,_
61334,1609
61334,1610
II48,_
MI119,_
27448,7925
49507,5810
49507,5860
49507,6094
49507,8929
12042,2181
12042,881
12042,1840
12042,2751
49420,5459
44960,5419
44005,5419
49420,4709
58565,6699
44005,5000
36430,5029
49080,5061
47361,5459
62005,8671
67966,202
62005,824
41874,8401
26951,2450
41874,407
DU87,_
ALCOHOLDEPENDENCE,_
URINARYTRACTINFECTION,_
26358,7809
26358,8286
FP01,_
14040,8339
28045,8689
14040,8332
76942,9925
43234,_
76942,4685
43234,9925
76942,4513
27301,8309
27301,8345
27301,9820
11011,8303
27301,8302
27301,8339
18591,_
NO3,_
27827,7710
27827,8302
27827,8339
26715,7710
26715,8302
26715,8339
49080,6589
58740,9903
58740,5425
12056,8309
12056,8345
12056,9820
12056,8302
12056,8339
12056,8628
34530,3929
49606,5349
99460,5492
49606,5341
49605,5492
49606,_
49606,5492
27766,9357
16010,7819
60312,_
52305,5719
52305,5732
11042,7986
67005,1289
67005,1159
SO50,_
19160,9971
36430,8523
19160,9903
64834,9353
26075,8286
12042,8014
64834,8628
26075,430
12042,8286
11043,8014
29075,8659
26075,9353
12042,430
64834,8659
26075,8628
12042,9353
64834,8014
29075,430
64834,8286
26350,8014
26075,8659
50780,6529
31090,2271
30580,2253
31090,2239
27054,8075
49420,9901
58100,5419
49420,6813
36450,5419
49420,6711
43600,4461
43840,4414
43600,4442
77401,3995
77401,3893
28725,8345
50040,5771
36488,6890
51597,5501
36488,5771
50040,6880
51597,5502
50040,4850
50040,6890
51597,3893
55530,6200
54550,6310
44388,5620
44388,5732
44388,9645
11750,3391
13163,8623
31630,_
11750,3323
13163,3391
31630,8623
11750,_
13163,3323
13163,_
15734,8544
15734,8543
NSD01,9357
59514,_
NSD01,8628
NSD01,7499
52000,5759
20650,8152
11043,9344
20650,7815
27506,9344
99450,_
21179,1689
21179,7646
21179,7691
11010,8016
49010,4563
11000,6270
11000,6230
44005,6829
58140,5459
11041,2181
11041,8659
44950,6601
51920,4709
59150,5784
44950,5421
51920,6601
59150,4709
44950,5784
51920,5421
37620,3870
25530,7979
25525,7760
25525,8309
25525,9820
11012,7979
25525,7710
25525,8302
25525,8339
25525,8628
XA,7925
25575,8152
27506,_
XA,7932
XA,8152
25575,_
XA,7815
11012,8033
25101,7710
25611,8013
25101,8339
25101,7912
25611,8033
25101,8302
27758,7925
27513,7817
47802,5137
45110,4525
52332,5620
50250,5631
52332,9645
50250,9649
50010,5980
50575,25
52332,5532
50250,5501
50010,5521
50250,5732
50010,8773
50250,5980
50010,25
50575,5532
52332,5501
50250,5521
50250,8773
50010,9645
50010,5532
50575,5501
50250,5620
50010,5631
50250,9645
50010,9649
50575,5980
52332,25
11043,3780
33207,8345
36488,4572
27687,8345
26952,8662
11012,8684
26770,407
26123,8401
26123,8309
26123,9820
26952,7974
11012,8235
26770,8662
26123,7760
26123,8345
27650,7710
11000,8339
10486,_
27826,7810
27792,8339
27792,9820
27792,8302
27792,7710
27792,8309
CRO38,_
ECM10,_
65270,8659
11043,1281
65270,8628
12013,1281
65270,8345
27759,9971
36430,7936
27759,9903
OO96,_
44604,9971
36430,4675
44604,9903
26765,407
11011,9901
65270,1289
65280,1281
65270,1159
58555,6816
58940,4610
44005,6539
44143,6551
58940,5459
44005,6551
58940,4575
44143,6539
27187,9357
16010,7855
65280,7859
21365,1159
67908,833
67908,835
58925,6829
36660,3891
25240,7783
11010,8670
27130,9346
27175,8151
27130,9344
58940,5122
47600,6551
47600,6539
26116,8345
54620,6352
11000,3402
27310,7939
27540,8016
27310,353
II129,_
NG49,8628
NG49,8345
NG49,_
28150,7760
28150,8309
28150,8345
28150,9820
28150,7710
28150,8302
28150,8339
28150,8628
27881,9357
16010,8446
49255,4030
38770,5440
43239,9804
45379,4514
PO12,_
32484,3239
31603,639
44602,8753
47610,4673
44602,5122
35092,3844
35092,3846
35092,3952
OK938,_
RVSCODE,_
11043,4563
11043,4562
11043,4590
66150,1261
49000,4679
44820,4685
47490,5411
44615,5423
44820,5101
47490,4500
44820,5411
47490,5423
44615,5440
49000,5101
44820,4500
47490,4679
44820,5423
47490,5440
44615,5101
44820,4679
47490,4685
44615,5411
65870,1371
66987,1232
65870,1341
26437,8299
35606,3922
49000,6813
58100,5411
46250,4931
46610,4946
46250,4921
69420,2912
NSD01,6769
57720,_
NSD01,6761
36488,5749
90935,5831
43632,3893
52234,3995
36488,4370
43632,5749
77401,331
62270,_
77261,331
38120,4195
38115,4150
38120,4143
11011,8175
26350,7934
26735,8286
59182,_
36488,8314
43502,4282
43502,4300
49020,9971
36430,5419
49020,9903
99256,7815
43855,4400
43855,4450
20605,8662
26121,8192
26121,8396
20605,8235
20605,8684
26121,8191
26121,8394
33464,3524
76942,3961
32020,3514
33426,3528
33464,_
76942,3409
32020,3512
33464,3961
76942,3514
32020,3528
33426,_
33464,3409
76942,3512
32020,3524
76942,3528
33426,3409
33464,3512
76942,3524
32020,3961
33426,3514
46221,4912
46606,4945
46221,4923
46606,4911
46275,4923
46221,4911
46606,4912
46275,4945
46221,4921
22630,7789
63045,8129
22630,309
38747,3995
36430,4030
38747,9971
90935,4030
38747,9903
34101,3805
36011,4579
45825,4593
45825,5843
44141,6849
58150,4572
58150,5950
66998,1341
66998,1264
66998,1371
66170,1289
66998,1269
67036,1292
65815,1474
67036,1291
31200,2263
43239,5411
49000,4514
43239,5423
26952,7989
26785,407
25574,125
61312,7932
25574,124
16010,5423
45330,4850
45330,4610
KN185,_
27238,9971
36430,7905
27238,9903
27758,7939
27758,7929
31575,299
31600,3110
64718,7760
64718,8309
64718,8345
64718,9820
11012,460
33694,3581
33523,3929
19240,8523
23500,9820
20615,8192
20615,8396
20610,7840
20615,8191
20615,8394
60420,_
46270,4901
20670,294
20670,9788
FP001,7759
11042,7939
11042,7929
27822,7909
35701,4590
44204,3802
27161,7735
45331,4594
45331,4579
28005,8415
36430,7719
28005,9971
27880,7719
28005,9903
27756,7925
27827,8669
27827,8309
27827,9820
15100,7817
11044,8669
15100,7936
12002,7989
26785,8659
12002,7984
12001,7925
28576,8628
11043,7819
28576,8345
41000,2700
41015,2450
41872,2700
41000,2450
41015,2420
41874,2700
41000,2420
41015,2700
PO33,_
46230,4824
46250,4824
04403,_
51010,5423
49010,5711
51010,5411
11043,4610
44143,8345
55100,8628
55100,8345
27880,3995
69310,2099
96450,9971
36430,331
90935,3949
35876,3995
23650,4563
11010,8309
11010,8345
93543,3772
63704,352
26860,8345
36450,3409
32020,9901
36245,3891
36450,5620
36450,9645
25611,8152
35601,3929
26952,8630
20692,407
11403,7810
11403,407
03369,_
53605,5860
65150,1662
12035,8401
12035,407
20690,4879
31395,2940
37607,3040
43750,3953
31395,4311
37607,2940
43750,3040
31395,3953
37607,4311
43750,2940
31395,3040
SO5O,1289
SO5O,1159
SO5O,_
23500,7989
26785,7909
23500,7984
52601,6270
54520,6373
27054,8345
33934,_
20820,7499
26756,7934
26756,7924
58120,5732
52310,6909
58120,5700
UO72,_
11041,7939
11041,7929
32020,6813
58100,3409
32020,6711
55110,3995
90935,5717
53215,5839
AO90,_
44960,6551
44960,6539
28062,8344
27756,7936
27792,7819
27756,7817
69222,8628
11043,2041
TI109,_
22212,7739
28546,7818
45300,6849
58150,4824
45300,6561
31254,2188
31254,2150
20902,7932
29065,7800
20902,7783
24665,7800
20902,9353
29065,479
64718,9353
29065,460
27226,7760
27226,8309
27226,8345
27226,9820
27226,7710
27226,8302
27226,8339
27226,8628
41874,881
12011,2450
41874,2181
41874,8659
12011,1840
12011,2440
41874,2751
12011,881
41874,1840
12011,2181
41874,2440
28297,7751
28297,7759
28297,7798
12045,7760
24101,8302
24101,9820
26356,8659
26418,8012
11012,8030
12045,8251
24101,8286
26356,7710
24101,8339
26356,8030
26418,8251
12045,7710
24101,7760
26356,8302
24101,8628
26418,8659
12045,8030
24101,8251
24101,8309
26356,8339
24101,8659
26356,8012
26418,8030
12045,8286
24101,7710
24101,8345
12045,8012
23462,8196
12013,125
61304,8659
12013,124
29445,9353
11043,7937
51525,9357
16010,5719
51525,8628
27827,7815
27827,8152
36430,7935
27513,9903
24515,7934
26735,7931
24515,7924
44025,5423
58960,4503
44025,5419
44025,5411
49000,4503
44025,4030
44025,5440
58960,5411
44025,5425
88332,8908
19240,9199
88332,8543
28022,7937
32601,3409
32150,3451
32225,3421
32601,3451
32150,3421
32225,3409
32020,3451
27506,7851
23480,7815
23480,8152
27506,7731
23480,7925
27502,7979
25520,7905
27502,7902
31622,3402
32124,3324
31622,3339
43113,4242
44372,4255
43113,9608
44372,4525
44388,4242
43113,4255
44388,9608
43113,4525
44372,4242
44388,4255
43113,4513
15738,5361
49561,8332
49561,8669
15738,5351
49561,8382
36556,_
27420,8147
21182,7646
21182,7769
21182,7809
21501,7860
27814,8332
20692,8669
27814,7810
20692,8382
27814,8669
15738,7810
20692,8332
27814,8382
59812,5423
44950,6902
59812,5411
49000,6902
59812,4709
33210,3770
11000,7935
11000,7815
25270,9820
66982,1289
21387,7933
21387,7923
28001,8628
11043,8303
28001,8345
11043,8192
11043,8396
20610,8345
27254,8345
44005,8345
28525,7989
26715,7938
28525,7922
25575,7859
25575,7672
27630,8628
27630,8345
44005,6522
58920,5459
29425,7760
29425,8309
29425,7710
29425,8302
29425,8339
27780,8685
26560,7906
27780,8670
44143,4824
45300,4575
27535,7979
21347,7815
21347,7936
21347,7979
25525,7815
27535,8152
21347,7817
25525,7936
27535,7819
21347,7932
27535,7925
21347,8152
25525,7817
27535,7939
27506,7979
27535,7815
21347,7925
25525,8152
XX999,_
49020,4685
45378,5419
49020,4525
25620,7931
XAT81,_
25250,7989
26785,8003
25250,7984
28724,_
26990,8309
26990,8345
26990,9820
11011,8115
26990,8302
26990,8339
26990,8628
50610,6097
53852,5620
50610,6021
60500,1371
66987,689
60500,1341
20650,9788
11000,7810
36822,_
28485,8192
28485,8396
20610,7937
28485,8191
28485,8394
37618,7760
11012,3880
37618,7710
60195,_
27511,9971
27355,7815
27511,7762
27355,9903
27355,7935
36430,7762
27511,9903
27355,9971
36430,7815
26352,8286
93510,8867
33207,3722
93510,3780
75820,3722
93510,3776
57425,7077
27524,7933
26615,7936
27524,7923
36450,4195
38115,9901
36450,4143
96408,7745
11052,2181
11052,8659
23600,8345
27236,9971
27236,9903
49521,6230
42830,2150
30520,2860
42830,2119
42830,2188
31255,2860
42830,2263
33420,3502
11012,125
61304,7710
61304,8302
61304,8339
61304,8628
49505,5440
63268,340
44950,6813
58100,4709
44950,6711
61130,3409
32020,124
61345,233
62223,3409
61130,124
32020,233
61345,3409
61130,233
33031,3731
33536,3961
33031,3614
33536,3731
33031,3961
16010,8192
16010,8396
20605,8628
37720,8669
37760,3889
37720,3880
27745,9357
27745,8628
27745,8669
92982,3591
93580,66
92982,3552
EE119,_
26262,7769
38220,4514
45378,4131
38220,4685
43239,4131
38220,4525
36568,9925
96408,3893
36488,8519
27290,9925
96408,8519
36488,9925
27290,3893
36568,8519
63265,340
41251,9344
41251,8152
20650,2551
41251,7860
41251,7925
27506,2551
41251,7810
41251,7815
11044,3893
49000,5620
49000,9645
50575,5423
49000,5521
49000,5631
50575,5411
62100,125
27236,7855
27165,7935
27236,7735
36011,5732
52000,3893
27880,8036
NSD,_
49610,5349
24615,8042
24006,7982
24615,8012
24136,7760
24136,8309
24136,8345
24136,9820
11012,7703
24136,7710
24136,8302
24136,8339
24136,8628
24136,7703
26034,7760
26034,8309
26034,8345
26034,9820
11012,7719
26034,7710
26034,8302
26034,8339
26034,8628
90935,4341
43244,3995
21339,7819
21339,7929
90935,7860
26727,7934
26727,7924
35558,3929
61150,125
61512,139
36488,4620
90935,4869
44155,3995
36488,3121
90935,4582
31600,4620
00263,8345
10682,8628
20201,_
57500,9625
52265,6712
57500,5732
59870,6639
59870,9971
58600,6909
59870,9903
43239,4590
44204,4685
36430,1739
44204,9903
45378,1739
44204,4514
44204,9971
43239,1739
44204,4525
65103,1692
67412,1642
65103,1609
49588,5123
58925,4590
44140,6529
58925,4572
44625,9622
45303,4562
45303,4650
44625,4823
45303,4590
23930,8115
26990,8303
27301,8604
10060,8115
23930,8303
26990,8604
27301,8115
10060,8303
46917,4939
47563,5188
38220,4823
45303,4131
38220,4911
38220,9622
46270,4131
38220,4912
27501,7760
27501,8339
27501,9820
29345,7905
27501,7710
27501,8309
27501,8628
27501,9353
27501,8302
27501,8345
15350,9357
15350,8628
58145,5423
58145,5411
60650,4590
44204,5421
44204,729
58952,5459
58952,4709
44125,5341
11000,5980
51045,8628
11000,5719
65930,1289
65930,1159
27125,9971
36430,8152
27125,9903
INGROWINGNAIL,_
27590,3491
90935,8417
27590,3404
32002,8417
27590,3995
44604,8628
11043,4675
44604,8345
32020,4341
43244,3409
32020,4233
67580,1664
67580,1669
44950,4461
43840,4709
44950,4442
21151,7646
21151,7691
27178,7945
COMPLICATEDUTI,_
29085,479
25020,9353
64721,8314
29085,460
25020,479
64721,9353
29085,8314
25020,460
54500,6211
12004,3991
12004,3800
43620,5423
43352,4399
49000,4211
43620,5411
43352,5423
43620,4211
43352,5411
43352,4211
61538,124
59812,7021
57454,6902
59812,6712
P0000,3121
61313,_
P0000,125
31600,_
P0000,124
HO28,_
50953,5631
50953,5980
50953,8773
50953,9646
50953,9649
21750,7769
21750,7841
27822,9353
43263,5115
63077,309
63077,7769
63077,8051
43250,4685
43250,4525
62350,7360
62350,7359
II119,_
96408,4131
11011,7929
54620,6250
54620,6270
54620,6230
65285,1341
VO29,_
67405,1609
42835,2860
25145,7760
25145,8309
25145,8345
25145,9820
11012,7709
25145,7710
25145,8302
25145,8339
25145,8628
51920,6849
58150,5784
51920,4029
51920,5641
50230,5784
51920,3807
51920,5551
12013,8689
14021,8659
51050,8309
51050,9820
11011,5719
51050,8302
51050,8339
51050,8628
52310,5810
52310,5860
52310,6094
52310,8929
52310,5850
52310,6029
52310,6373
27758,7935
27758,7815
36430,5502
50040,9903
MI00,_
25680,7909
12031,2181
12031,881
12031,1840
12031,2751
26080,8381
28208,8014
27202,7929
26765,9357
16010,7934
16010,7924
26951,9357
16010,8401
16010,407
12034,7760
12034,7710
99256,125
61512,8907
99256,124
12002,8401
12002,407
44207,9357
16010,1739
35761,8849
75716,3800
25620,8444
27759,7955
27519,7936
27759,7815
11720,7934
26735,8627
11720,7924
25628,7925
23500,5423
23500,5411
ME861,_
25800,8126
45020,9622
45303,5400
45020,4823
31528,3142
31528,3198
19101,9199
88331,8511
19101,8908
49320,6813
19120,5421
58100,8521
49320,6711
19120,6813
58100,5421
49320,8521
19120,6711
49555,5329
49555,5339
11043,4709
44960,8345
61314,8345
24515,7936
24515,7817
20660,294
20660,295
20660,9359
35701,8309
35701,8345
35701,9820
11011,3802
27520,7760
27520,8309
27520,9820
11012,7909
27520,7710
27520,8302
27520,8339
27520,8628
35256,3956
25545,9357
25545,9353
16010,7926
27603,8309
27603,8345
27603,9820
27603,8339
RO603,_
31085,2242
61313,7849
67935,124
31085,125
61313,1060
11042,7819
42107,2731
42107,2769
42107,2773
42107,2779
30802,2150
43251,4685
43251,4525
67051,1371
66984,1474
67036,1452
33822,3885
90935,3991
35761,3995
42320,8604
58152,5459
44950,5950
58152,4709
44005,5950
66987,1459
67108,1341
27230,7860
20650,7905
27230,9351
29305,7810
27230,9344
29305,7905
20650,9351
27230,7810
44141,4562
44141,4590
47564,5122
33182,_
26820,7809
11012,7849
26820,7710
26820,8302
26820,8339
26820,8628
15220,7760
15220,7710
61550,201
44180,6551
58940,5451
44180,6539
24342,8373
24685,8381
24342,7932
24685,8373
24342,8381
36450,8401
26951,9901
36450,407
46735,4979
28406,8302
28406,8345
28406,8018
28406,7760
28406,8339
28406,9820
28020,7819
28406,7710
28406,8309
28406,8628
44005,7021
44316,5440
45300,4622
57454,4824
44005,6712
49255,7021
44316,5459
57454,4622
49255,6712
44316,7021
57454,5440
44005,4622
49255,4824
44316,6712
45300,7021
57454,5459
49255,4622
44316,4824
45300,6712
49420,5504
49420,5980
50081,5419
49420,5503
49420,5521
26561,8670
26561,8685
59150,5423
49080,6651
20692,294
27618,7860
20680,8630
27618,9353
27618,9788
29405,8630
27618,294
AHB50,6849
AHB50,6561
AHB50,_
11043,2759
23490,9820
11010,7851
23490,8628
44180,5421
49650,5451
44180,5300
49562,4563
44120,5361
49562,4562
49562,4590
44120,5351
25151,8628
11043,7783
25151,8345
58300,7252
59411,6970
69436,2080
69420,2001
69436,2009
AI38,_
45108,4892
21196,8345
62287,8192
62270,8394
31600,8396
20605,8395
62287,331
62270,3121
31600,8191
62287,8394
62270,8396
31600,8395
20605,331
62287,3121
62270,8191
31600,8192
62287,8396
62270,8395
31600,331
20605,3121
62287,8191
62270,8192
31600,8394
SO260,_
10060,3402
10060,3328
32100,8604
10060,3409
44310,4709
44950,4620
49220,5419
90935,4579
90935,7749
20225,3995
90935,7745
50820,5651
38510,4040
38724,4011
38510,4021
27759,9353
29425,8659
12002,7936
27759,8659
28485,7936
27792,7937
28485,7817
43260,8839
75980,5110
90935,4709
44960,3995
24530,7931
24546,7901
24530,7842
21406,7679
24586,9353
24665,7929
24586,7932
24586,7783
25620,7933
25620,7923
27759,7935
43265,5123
47600,6639
58661,5122
62117,124
21356,204
62117,7672
21356,124
62117,204
44144,4543
44144,4835
45308,4610
15240,7760
15240,8309
15240,9820
15240,7710
15240,8302
15240,8339
09901,_
57500,6829
66920,1292
66920,1473
65810,1319
66920,1291
66920,1472
11406,4912
43235,5136
36450,5251
36011,_
36450,5783
45805,9901
36450,4610
49020,4461
43840,5419
49020,4442
50845,6813
50845,6711
75956,3995
90935,3973
36450,5631
52335,9901
36450,5522
27310,7935
27514,8016
27310,7815
25695,7929
36568,4620
895/0,_
11042,3991
35741,8628
11042,3808
21400,7678
43269,5294
43264,9755
43269,5188
43246,2630
43246,442
61582,299
23174,7702
37014,_
43239,5294
43264,4514
43239,5188
29325,7905
27502,9351
21256,1663
21256,7710
21256,8302
21256,8339
21256,8628
48146,5253
27822,7977
27840,7819
11000,8499
11000,7819
55254,_
ID,7902
25600,_
55254,7902
ID,_
27750,7902
25600,7906
27752,7902
22210,7739
32020,8152
47361,7710
47361,8339
27506,5000
11012,5029
90935,7935
27514,3995
90935,7815
IA,_
12011,7769
11011,7989
11403,5310
11403,5300
16010,9344
20650,9357
24200,8309
24200,9820
11011,9827
24200,8302
24200,8339
16010,2762
42205,8628
40700,9357
16010,2754
40700,8628
61682,3953
20650,8036
27566,7925
27331,7796
27566,7810
27331,9344
27566,8036
20650,9829
27566,8152
20650,7796
27331,7929
27566,7860
27566,9829
20650,7929
27331,7810
27566,9344
20650,8016
27566,7815
27506,7796
27360,8628
27360,9788
27360,7860
27360,7760
27360,294
AZ370,_
28820,8604
10060,7760
10060,8411
11044,8604
24940,8444
25575,9971
36430,7925
27506,9903
36430,7932
27759,8152
25575,9903
27506,9971
29085,7901
29065,7901
36430,6840
59525,9903
11042,6849
11042,6561
52338,9646
PO73,_
56420,8628
11043,7122
56420,8345
15120,9357
44310,5459
44005,4620
38220,6270
54520,4131
38220,6230
58700,7759
59612,6651
31267,2263
31255,2220
36450,8192
36450,8396
20610,9901
36450,8191
36450,8394
43202,8839
75982,4224
43202,5159
55110,9357
31500,6100
55110,8628
31500,9357
P0000,6100
16010,9604
55110,_
16010,6100
55110,9604
61703,3951
29405,353
65767,1169
49521,3893
44120,4685
45378,4562
44120,4525
45378,4563
28310,7739
36488,2103
30905,3893
36488,2102
15937,9357
15937,8628
23650,9359
23650,9353
27720,8345
23670,7936
27827,7931
23670,7817
16010,4912
90935,3845
51920,8753
47610,5784
51920,5122
34214,_
27062,8350
P0000,5980
P0000,5719
28234,8313
49552,5310
49525,_
49552,5300
49552,_
36430,5731
50947,9971
36430,5674
50947,9903
49255,4850
36430,5671
58240,9971
36430,4850
49255,5760
49255,6880
58240,9903
49255,9971
36430,4610
49255,5671
36430,5760
36430,6880
58240,5440
49255,9903
69910,2049
69910,2079
36430,8309
36430,8345
36430,9820
11011,9903
42700,8345
50514,_
38745,8544
19240,4023
38745,8543
29085,7989
26785,9353
29085,7984
27536,7809
27536,3999
55842,4010
55842,4029
55842,6050
32160,3409
32110,3791
32160,5411
49000,3791
32160,3349
35566,3929
65880,1234
25270,8309
49509,6230
12015,8628
12015,8345
44140,4673
44603,4572
24635,7760
24635,7710
BOS9,_
27828,8628
27380,8302
27540,8309
27540,9820
20692,8364
27380,353
50900,6840
59525,5682
50900,6839
44320,5771
44320,6890
44320,4850
44320,6880
58925,6549
36430,6529
58925,9971
59120,6529
58925,9903
24500,7860
29065,9788
20680,7901
29065,294
24500,9788
24500,294
27502,9344
27502,7810
25530,9353
25500,9353
65110,125
61510,1651
65110,124
52612,4685
45378,6029
52612,4525
52010,8799
29365,7935
27513,9353
29365,7815
12004,9821
65222,8659
12011,9821
9093\,_
27235,9971
27235,9903
11012,8034
26105,7710
26105,8302
26105,8339
26105,8628
27253,7760
27253,8309
27253,8345
27253,9820
11012,7985
27253,7710
27253,8302
27253,8339
27253,8628
44141,5459
44345,4572
44141,4643
46258,4824
27386,8381
50500,5423
49000,5581
50500,5411
52620,6029
49495,6400
54322,5310
36450,7819
27756,9901
36450,9359
27509,9901
36450,7945
11040,8684
11040,8670
44140,8345
11044,4590
44140,7760
11044,4572
OO30,_
NPCA,_
75978,3995
90935,3950
64771,403
23400,7841
54152,5421
49650,6400
54152,5300
24586,7760
24586,8309
24586,8345
24586,9820
24586,7710
24586,8302
24586,8339
24586,8628
12001,125
61313,8659
12001,124
31500,5349
44310,9604
49605,4620
31500,5341
44310,5349
49605,9604
31500,4620
44310,5341
77421,8838
43122,4241
49000,4252
43122,4350
49000,4429
43122,5411
75953,3891
75953,8839
II01,_
66820,1474
67039,1364
66820,1424
27758,8671
67966,7936
27758,824
25337,9357
16010,8175
25337,8628
41105,8345
64835,8345
22848,7859
27507,9346
27507,9344
25611,7939
23515,7912
25611,7929
49201,5459
49201,5411
27258,7985
29325,8152
27258,9351
29325,7985
27258,8152
25575,479
64721,7932
25575,460
41150,2530
41150,2749
41150,7631
44155,4514
36430,4582
45380,4620
43239,4869
44155,9903
36430,4620
45380,4869
44155,9971
43239,4582
36430,4869
44155,4525
45380,4582
43239,4620
52000,4514
27514,8036
27331,7935
27514,9829
61563,160
61140,113
61140,124
19101,4341
44950,6829
58145,4709
58120,_
NSD01,6909
SO11,_
27792,7859
27792,9359
44227,5421
49651,4562
49651,4650
44227,5300
49651,4590
64856,9820
25300,430
11010,460
25300,8628
25300,460
64856,8628
25300,9820
25300,8388
51860,4673
27506,5781
49000,7815
44604,7925
44603,8152
27506,5423
44603,5781
51860,7815
49000,8152
51860,4675
27506,4673
44604,7815
44603,7925
51860,8152
27506,5411
49000,7925
44604,8152
27506,4675
44604,5781
44603,7815
51860,7925
28202,8381
27535,125
61312,7817
44140,4643
59514,6829
12005,8302
12005,7702
26350,7923
26350,7933
27712,7730
27395,8385
31529,3142
31605,3198
31529,3110
31605,3142
31529,3198
11011,4824
47600,4590
44140,5122
47600,4572
11043,8212
33222,3779
43124,4211
43124,4242
27496,7760
27496,8309
27496,9820
27496,7710
27496,8302
27496,8339
27496,8628
35162,125
61313,3840
61304,3952
35162,124
61304,3840
61313,3952
52317,5600
50393,5631
52317,5980
50393,5700
54352,5845
54352,5846
54352,6442
54352,6444
66850,9821
65275,1341
66850,1151
67332,1590
44950,7955
27519,4709
44950,7815
90935,460
64856,3995
90935,430
20690,7817
64859,430
26600,8345
24685,7935
24685,7815
29345,7949
42802,2912
11011,8364
47780,8753
47605,5499
47780,5122
MO690,_
58600,6829
58140,6639
33235,3777
29065,8185
24587,9353
27620,8345
27840,8017
11043,8037
27620,7977
27792,8669
11044,8017
11043,7977
65730,1049
68320,1164
65730,1044
65091,7760
65091,8309
65091,8345
65091,9820
11012,1639
65091,7710
65091,8302
65091,8339
65091,8628
50040,8544
19240,5501
43215,4443
43255,9802
43215,4233
11000,7936
11000,7817
25515,9357
11043,7499
59513,8345
44143,5631
44143,5980
52335,4575
49500,9357
16010,5300
49500,8628
25611,7925
19180,9971
36430,8541
19180,9903
43268,5151
47564,5293
27156,7735
27259,7739
27156,7985
27156,8152
27259,7735
27156,7739
27156,7825
50572,5521
50572,5980
50572,8773
50572,9645
50572,9649
44950,5122
54520,4709
44950,6270
47600,4709
44950,6230
51940,5786
99946,_
29345,8036
08099,_
11043,4643
44345,8345
25515,5423
49000,7932
25515,5411
45383,9903
57510,6712
57500,6732
99460,4590
99460,4639
58555,8907
58561,6812
99256,6812
28415,8302
28415,8415
28415,7760
28415,8339
28415,9820
27880,7939
28415,7710
28415,8309
26952,7912
25611,8401
11000,7912
25611,407
27766,8309
27766,9820
59514,6859
58262,7499
25611,5641
24560,7912
50220,7901
25611,5551
24560,5641
50220,7912
25611,7901
24560,5551
11042,8414
27888,8628
15200,7760
15200,8309
15200,9820
15200,7710
15200,8302
15200,8339
15738,8630
90935,8332
15935,8382
27685,8345
11000,3991
11000,3800
25000,8192
25295,8394
31254,2220
31256,2262
31267,2121
31254,2262
31267,2211
31237,2262
31254,2119
27303,7935
27511,7715
27303,7815
24566,7911
24582,7852
27360,8907
99256,7785
15350,8339
15350,7710
15350,8302
63017,8345
11044,309
63017,8907
63017,8628
63017,7760
29405,7972
24600,7977
29065,7972
29405,7977
24600,9353
27840,7972
29065,7977
12032,7819
27766,8659
12032,7817
12032,7929
27792,8659
12032,7936
11043,9971
UO71,_
48155,5260
43135,2932
43135,4685
45378,2932
43135,4525
43123,4241
45380,4255
32020,4350
31500,4525
43123,3409
45380,9604
32020,4241
31500,4255
43123,4350
67046,1474
67046,1490
36488,7499
59525,3893
36488,6840
59514,3893
36488,6839
94660,_
58825,6599
46250,9622
46250,4823
75726,4590
47600,8840
44143,4513
45378,4575
44140,4610
75726,4525
43235,4572
44143,4590
45378,8840
75726,4513
47600,4575
43235,4610
27506,7809
20956,7815
20956,8152
27506,3999
20956,7925
11042,5423
11042,5411
28760,7757
28760,7758
67038,1371
67038,1341
21300,7909
33970,3766
55650,5310
49505,6073
55650,5300
29425,8314
44378,4443
44378,4513
21386,7679
44960,4579
44005,4613
44960,4610
44144,4709
44960,4613
44144,5459
27215,7989
21470,2181
21470,8659
21440,8345
15770,8669
24670,7760
25491,8302
24670,8345
25491,8628
24670,7813
25491,7932
24670,8302
25491,8309
24670,8628
25491,9820
25620,7902
11012,7813
25491,7710
24670,8309
25491,8339
24670,9820
25491,7902
25620,7813
24670,7710
25491,7760
24670,8339
25491,8345
29065,3942
90935,9353
29065,3800
36832,9353
29065,3995
55520,6230
55110,6330
49505,6100
54530,6100
55110,5310
54530,6330
55520,6100
55110,5300
48001,8753
47605,4319
47605,5103
44950,6839
58180,4709
44625,4563
44125,4590
44625,5423
44625,4639
44125,4650
44625,5411
28465,7760
28465,8309
28465,9820
28465,7710
28465,8302
28465,8339
28465,8628
11042,7840
27724,8628
11042,7807
11041,8382
99256,7925
25545,8152
27506,8907
99256,7932
25545,7815
99256,8152
25545,8907
25545,7925
24515,7925
25574,8152
27506,7931
24515,7932
25574,7815
24515,8152
25574,7931
99256,2749
32020,7360
59409,3409
32020,7359
29325,9344
29325,7810
29325,7860
27590,9971
36430,8417
27590,9903
65110,8382
43268,5136
11042,9357
XA,7934
26735,_
XA,7924
12002,125
61312,8659
12002,124
INFECTEDWOUNDRIGHTBIGTOE,_
61312,7710
27048,8382
47562,6859
57260,5123
47562,7052
58260,5123
47562,7051
38380,4064
61510,3893
43865,4389
43200,4400
43865,4450
36568,3991
35761,3893
36568,3800
93652,3734
44816,_
35721,3808
20520,3991
35721,8302
20520,3808
35721,3991
49000,9925
96408,3425
96408,3422
32606,9925
29885,7719
29885,8026
29885,8086
29885,8147
36568,4443
36568,4233
76360,8544
76942,8838
76360,8543
19240,8838
76360,_
15240,9357
KZ380,_
22220,7739
22220,8051
42810,8628
11043,2920
42810,8345
67971,8345
11044,7798
28299,7760
28299,8628
11044,7759
28299,8345
21454,8628
11000,7676
47605,5784
51914,_
44141,3995
11011,3409
90935,9059
99246,3995
90935,8909
ES61,_
35236,7760
23616,8309
11044,3121
31600,8669
35236,8302
15350,9820
11012,3956
35236,7931
24515,8444
23616,3121
31600,7710
15350,7760
35236,8309
23616,8345
31600,9820
15350,3956
35236,8444
24515,3121
23616,8669
31600,7760
35236,8339
31600,3956
15350,7931
35236,3121
24515,8669
31600,8302
15350,8309
35236,8345
23616,9820
11044,3956
31600,7931
15350,8444
11012,3121
35236,8669
23616,7760
31600,8309
35236,8628
23616,3956
11044,7931
31600,8444
15350,3121
35236,7710
31600,8339
35236,9820
24515,3956
11044,8444
37187,3800
37187,8840
37187,9910
27792,7810
45150,4891
28485,7933
26615,7937
28485,7923
24920,8407
27335,8191
27335,8394
02192,_
27507,9357
49200,4709
27750,125
61312,7906
27750,124
47605,3995
62230,5423
36488,242
62230,5411
49010,242
62230,3893
29405,7937
28485,9353
45305,4563
23600,5411
49000,7901
23600,3886
23600,5423
47360,7901
23600,5061
44960,6849
44960,6561
24150,7762
24545,7760
24545,8309
24545,8345
24545,9820
24545,7710
24545,8302
24545,8339
24545,8628
25248,8345
25118,8073
35013,3893
01410,7499
03420,7499
25290,8313
94608,_
31622,9901
11043,3324
36450,3324
31622,8345
43259,5198
47610,8874
43259,8753
47510,8874
43259,5122
53405,5671
53405,5849
25611,9357
16010,7912
58555,6551
58940,6812
58555,6539
45380,4594
24586,7931
24586,7842
21935,8669
21935,9357
21935,8628
11043,4572
58562,6829
63270,340
77421,4131
46910,7360
59409,4939
46910,7359
27613,9820
11010,8321
49525,4709
56740,7071
57250,7124
56740,7052
27828,7859
27828,9359
27828,8199
43639,4350
43639,4429
46751,4979
51050,9971
36430,5860
36430,6373
52601,9903
36430,6029
36430,8929
51050,9903
52601,9971
36430,5719
36430,5850
36430,6094
56631,4030
56631,7162
27235,7760
27235,8309
27235,8345
27235,9820
27235,7710
27235,8302
27235,8339
27235,8628
37788,3958
37788,6498
27350,7760
26600,8309
27350,8345
26600,9820
11012,7796
27350,7936
27524,7903
26600,7710
27350,8302
26600,8339
27350,8628
26600,7796
27350,7903
26600,7760
27350,8309
27350,9820
27524,7796
26600,7936
11012,7903
27350,7710
26600,8302
27350,8339
26600,8628
49500,5423
49500,5411
24498,8339
11043,8012
65101,7760
65101,8309
65101,8345
65101,9820
11012,1649
65101,7710
65101,8302
65101,8339
65101,8628
28120,8660
15757,7760
15757,7789
11044,8660
33400,3511
33400,3961
12005,7924
26410,8659
12005,9820
26410,7924
60100,8511
19240,611
60100,8544
19100,611
60100,8543
14350,8401
11000,7756
25145,8699
14350,7709
25145,8401
26951,7756
58210,5425
29075,5061
47361,9353
29075,5029
29075,5000
29075,5099
509/3,_
29405,8314
49000,4622
44316,5423
44316,5411
20922,8382
75680,8841
37086,_
96408,9357
16010,9925
12001,8401
12001,407
27334,8345
29365,8628
27590,8016
11044,8076
27334,9353
29365,8417
27334,8628
29365,8016
27590,8076
27334,8417
29365,7760
29365,8076
27590,9353
27334,7760
29365,8345
11044,8016
22590,8129
22590,7789
44605,5411
43840,5029
43840,5099
47361,4442
15100,7932
15738,8016
20690,9829
25545,7936
27331,294
20680,8332
20680,7932
20692,8016
15100,8036
15738,9829
25545,7860
27331,9788
27536,8669
11044,8332
27536,7810
20692,9829
15738,294
25545,8669
27331,8332
27536,8382
25545,7810
27331,7932
27536,8016
15100,7860
15738,9788
20690,8332
25545,8382
20690,7932
25545,8016
27536,9829
20692,9788
15100,7810
15738,7932
20690,8036
25545,9829
20680,8669
15100,8382
20692,7932
15100,8016
15738,8036
25545,294
20680,8382
20680,8016
20692,8036
15100,9829
25545,9788
27331,8669
27536,8332
27536,7932
20680,9829
15100,294
15738,7860
20690,8669
25545,8332
27331,8382
11044,9829
20692,7860
15100,9788
20690,8382
20690,8016
25545,8036
15100,8332
25600,7949
26720,7819
25575,7904
26720,7932
11044,7979
25525,7904
26720,7979
11044,7904
29355,7860
66994,1266
66994,1289
31368,3029
43235,4040
31368,4513
43235,3029
31368,4040
11643,8908
69631,1930
69631,2049
69631,1860
69631,2099
28666,7760
28666,8309
28666,8345
28666,9820
28666,7710
28666,8302
28666,8339
28666,8628
24515,4563
66762,9983
67221,1239
66762,1459
90935,5136
90935,5270
59121,5423
44950,6602
59121,4709
44950,7430
59121,5411
C19T2,_
46280,4685
45378,4911
45378,4993
46280,4525
56501,6561
56605,6849
58200,7180
56501,7111
56605,4011
56501,6849
56605,7180
58200,7111
56501,4011
56605,6561
49020,6561
58150,5419
49020,5411
49020,6849
49020,5423
56633,7150
36488,9357
16010,3893
44364,4513
44364,4514
44364,4530
43269,8753
47610,9755
43269,5122
69440,1940
69632,2023
69440,1930
96408,5631
38221,_
ZA,_
26545,7760
26545,8309
26545,8345
26545,9820
11012,8172
26545,7710
26545,8302
26545,8339
26545,8628
26545,8172
24590,_
62125,_
62125,2150
30520,_
62125,2219
62125,2188
31254,_
62125,2263
43262,5123
43264,5185
43262,5294
47562,5185
43262,5188
65103,1292
65815,1642
65103,1291
36488,8839
75954,3893
36488,3979
90935,5749
15937,8345
25645,8286
26410,7929
25645,7760
15350,8152
11041,8669
15350,7925
11041,8152
15350,7815
11041,7925
11000,8152
15350,7810
11041,7815
27506,8669
11041,7810
32000,5425
27066,7769
27066,7809
27514,7986
27558,7935
27514,7819
27514,8146
27558,7815
26615,7934
26735,7923
25515,8036
25575,7934
25575,7924
27245,7936
27245,7817
49585,6561
58150,5349
49585,6849
58661,5731
50947,6561
LO31,_
12004,125
61313,8628
12004,124
46270,4525
99430,_
27590,8415
27880,8417
12034,5423
44604,8659
12034,5411
12034,4675
61321,124
61321,1860
61321,2042
32020,782
39010,3409
60521,3410
32020,781
39010,782
60521,3409
32020,3410
39010,781
MCP01,6639
31575,8628
11043,3142
31575,8345
25545,1840
25620,2751
25545,8659
19160,9357
16010,8523
19160,8628
MO699,_
65103,8302
65103,8345
27590,125
61312,8417
27590,124
23220,7925
49587,4709
29825,8021
29825,8181
47562,5310
49505,5123
11010,8604
57454,6813
16010,5411
49000,9357
67586,1044
67586,1049
67586,1662
67586,1664
31237,6813
58100,2121
50075,5600
50075,5732
35045,9357
16035,3843
16010,3952
35045,8609
16035,3952
35045,8628
16010,3843
90935,6739
90935,6909
57520,3995
90935,6720
90935,6769
45235,_
LO28,_
32120,3403
48120,5222
08089,_
OO20,_
28140,8345
LITHOLAPAXYCRUSHINGORFRAGM,_
36430,9357
16010,9903
11041,8314
27602,8411
11041,8411
11042,8411
28825,8314
11000,8411
49520,5810
49520,5860
49520,6094
49520,8929
08008,_
29065,8444
24666,9353
15574,8401
26951,8670
15574,407
58600,5421
38571,6639
58600,4029
24495,7760
24495,8339
24495,9820
90935,3803
24495,8302
24495,8345
24495,3995
11012,3803
90935,8314
24495,7710
24495,8309
49509,4639
44125,5310
44125,5300
15120,7989
27846,8669
11000,5751
51500,8628
11000,5349
14040,2181
24200,7931
24546,9827
24200,7842
33500,3699
32100,3961
33500,3328
50780,6849
58150,5674
50780,6561
12005,9353
27756,8659
12005,7819
65285,8671
67966,1159
27511,8628
NSD01,7860
27535,9829
27331,7817
25020,8628
29065,8212
99256,8669
11043,8907
29065,8314
25574,8212
25020,8907
15100,9353
25020,8669
26037,8907
11044,8314
15100,8212
25020,7760
26037,8669
29065,8907
15100,8314
99256,8212
25020,7932
29065,8669
25574,8907
99256,8314
26037,7932
25574,8669
26037,9353
15100,8907
49060,9971
45915,4579
36430,4613
49060,9638
49080,9805
44144,9903
45915,9971
49060,4709
44005,9805
49060,9903
44950,5419
44144,5425
45915,4709
49060,4613
49080,9638
44950,9805
45915,9903
49060,5425
45915,4613
44005,9638
36430,9805
49060,5459
44144,5419
45915,5425
49060,4610
49080,4613
44950,9638
44144,9805
45915,5459
36430,9638
49060,9805
44144,9971
45915,5419
49060,4579
44950,4613
44144,9638
43268,8754
47620,5293
43268,5183
69641,2023
69635,1930
69635,2049
69642,2023
69642,2021
25622,8302
25622,8345
25622,7913
25622,7760
25622,8339
25622,9820
26607,7903
25622,7710
25622,8309
25622,8628
50220,5732
52000,5641
52000,5551
58120,7071
57250,6909
58120,7052
66852,1475
67051,1342
27502,9346
27506,8499
25526,7815
25526,8152
25526,7925
20936,7809
20936,7859
22842,7809
20936,7789
58700,4011
C19CI,_
11041,125
11041,124
29020,9351
11042,7855
27450,8628
11042,7735
27250,5061
47360,7975
27250,3886
67961,7760
67961,8309
67961,8345
67961,9820
11012,8671
25260,3991
14040,8388
35761,8689
25260,3800
14040,3991
35761,8388
25260,8689
14040,3800
27510,9353
29035,7905
47562,4442
25574,7902
27590,8659
35226,294
12034,9788
20680,8417
27590,3959
35226,7760
20680,8659
27590,294
35226,7860
12034,8417
20680,3959
27590,7860
35226,9788
12034,3959
12034,294
27590,9788
35226,8417
11044,3959
35226,8659
12034,7860
58100,6561
58210,6813
58100,4030
58100,6869
58210,6711
55110,6340
54840,6100
55110,6320
65420,1371
66984,1139
65420,1330
15931,8628
57510,6816
11402,8401
11402,407
26951,8630
31603,5423
32020,3110
31603,5411
49000,3110
31603,3409
49080,4195
38115,5425
49080,4143
11043,3110
31603,8345
26951,7936
20690,407
20692,8401
26951,7817
27535,8401
26951,7810
27535,407
20690,8401
32020,4699
43496,3409
32020,3929
26706,8403
26910,7819
26706,8401
17266,8630
93539,8849
50395,5512
50395,5587
50395,5689
50405,5980
50395,5502
50395,5570
50395,5620
53200,5823
56632,4030
56632,7162
EO59,8628
EO59,8345
27355,7925
26035,8628
11043,8209
26035,8345
43251,4542
45385,4341
12032,9357
67108,1371
66987,1449
11040,9357
45333,4685
45378,4524
45333,4525
27600,7936
27536,8314
49422,_
47605,9755
31500,5411
36800,5423
44141,3993
31500,4572
36800,4610
49000,9604
31500,3993
36800,3893
31500,5423
36800,9604
36488,3993
44141,3893
31500,4610
36800,5411
44141,9604
49000,3993
36011,4443
21502,7760
21502,8628
11044,7781
21502,8345
27880,7936
27535,8415
27880,7817
BREASTCA,_
59513,5310
49505,7499
59513,5300
C19IP1,_
C191P1,_
47562,9804
43235,5123
45379,5123
47562,4513
26121,8544
51920,8235
19240,8662
29405,8381
28208,9353
54535,5300
29345,3991
27792,3991
35761,9353
29345,9357
16010,3800
27792,9357
29345,3800
35761,7817
12041,_
12041,9971
12041,9903
52317,5310
49507,5700
52317,5300
52450,5310
49505,6000
52450,5300
82914,_
44204,5425
49080,1739
63282,340
36430,7491
59100,9903
44950,5151
44950,8754
47620,4709
44950,5183
77421,6813
58100,_
77421,6711
61712,299
52283,5732
52283,9923
26720,7934
26765,7904
26720,7924
15756,7710
15756,8302
15756,8339
26735,7933
26746,7924
27215,8628
27215,8345
42227,2762
42227,8670
EM5,8628
EM5,8345
33476,3510
33476,3735
67039,1341
44602,6849
ENDSTAGERENALDISEASE,_
61321,125
20902,8345
27750,7860
36488,7860
34157,_
35546,3925
61020,8839
75954,102
61020,3979
25500,7925
11040,8401
11040,407
11044,7939
27695,7936
27822,8364
27695,7819
19110,8669
11043,8599
19110,8628
15350,8599
19110,8345
96408,4292
11011,3995
32160,3791
59402,7360
59402,7359
25620,5029
25620,5099
47361,7932
25620,5000
25620,5061
21620,7789
39501,7925
15756,7760
15756,8309
15756,9820
26765,8286
26410,7934
11012,8185
24200,7710
24587,7760
24587,8339
24587,9820
11012,9827
24200,7929
24200,7760
24587,8302
24587,8345
24587,9827
24200,8185
24587,7710
24587,8309
24587,8628
46260,4911
46260,4912
28400,7934
26735,7909
28400,7924
C19IP2,_
12014,5423
44602,8659
47350,4673
12014,5411
47350,8659
12014,5061
12014,4673
12047,7934
12047,7924
12047,9353
12047,8286
26410,9353
32002,5300
49507,3404
32002,5310
49507,3491
27524,9971
27524,9903
27760,7932
27792,7935
29065,7817
24620,9353
27760,8628
27792,7909
24620,7817
27245,9353
27760,7760
11044,7909
24620,7932
25545,7935
27760,7936
25545,7909
27245,7932
27760,7935
29065,7936
24620,7760
27792,7932
29065,7935
24620,7936
27760,8345
29065,7909
24620,7935
25545,7817
27760,9353
27760,7817
88331,8544
99256,8908
88331,8907
99256,9199
88331,8543
19240,8908
12044,8309
12044,9820
12044,8302
12044,8339
LO39,_
28820,125
61312,8411
28820,124
11011,7937
11011,8405
22850,7869
36568,7760
22850,8302
36568,8339
22850,8345
36568,9820
22850,3893
11012,7869
36568,7710
22850,7760
36568,8309
22850,8339
36568,8628
22850,9820
36568,7869
22850,7710
36568,8302
22850,8309
36568,8345
22850,8628
27892,9971
27892,9903
36430,8314
96450,9903
11043,8015
43118,4241
43118,4255
43118,4350
24599,_
9946O,_
59514,5349
49587,7499
59514,5341
21325,2181
21325,8659
52332,4029
52332,5641
50230,5732
61020,139
61150,102
21462,7760
21462,8309
21462,9820
21462,7710
21462,8302
21462,8339
44394,5310
49505,4542
44394,5300
61305,8192
61305,8396
20610,124
49000,6840
59525,5423
49000,6839
59525,5411
NSD01,6849
36488,5459
32020,650
60270,3409
32020,639
31500,5492
49606,9604
44320,_
77421,4610
77401,4610
27502,125
61312,7905
27502,124
31636,3199
31636,3323
11010,8017
27615,8628
11043,8349
27615,8345
31231,9971
45378,2121
31231,4685
31231,9903
36430,2121
31231,4525
25620,9357
11000,4590
LZ370,_
30237,2188
31240,_
31090,2169
30237,2253
31240,2150
30237,2169
OO304,_
63017,7859
22212,7789
22842,7739
22212,309
63046,7739
22212,7859
43244,9971
36430,4233
11040,7936
11040,7817
20938,7809
45380,5310
49521,9903
43235,5300
36430,5310
49521,4525
43820,5151
48100,5183
44310,9971
44310,9903
66984,1269
66170,1330
19160,3479
RO5,_
44206,9903
36430,1735
44206,9971
45380,1735
44206,4513
43235,1735
44206,4525
27488,7760
27488,8309
27488,9820
11012,8006
38100,4461
50220,4150
36488,5641
38100,3995
50220,4442
36488,4150
43840,5641
38100,3409
50220,3893
43840,4150
38100,5551
64890,450
65205,881
67935,9821
65205,1060
45380,4341
24925,8407
11000,8430
24925,8628
11000,8407
24925,8430
29405,9357
35661,8076
27334,3929
35661,8016
27590,7936
27759,8417
27758,7931
27846,7936
27846,7817
29075,3110
31603,7902
29065,3110
31603,9353
25600,3110
12016,8302
12016,8345
12016,7815
43750,4685
43248,4311
43750,4292
27226,7949
22600,8129
27215,8309
27215,7810
27226,7860
27215,7935
27215,8339
27310,7810
27215,7860
27226,9344
20650,7939
27215,7710
27310,7860
27215,9344
27226,8016
20650,7935
27215,7760
27310,9344
27215,8016
27226,7939
27215,8302
27215,9820
27226,7810
21360,7760
21360,8309
21360,9820
21360,7710
21360,8302
21360,8339
21360,8628
42508,2629
42508,2699
27759,8499
25526,7936
49561,5459
33015,3961
11100,3712
33405,8611
33015,3522
11100,3961
33405,3712
33015,8611
11100,3522
22600,8628
11043,8129
22600,8345
47605,5293
66984,1264
27654,9353
01410,7360
01410,7359
11000,6200
67414,1609
67414,7719
47600,5294
43264,5122
47600,5188
36480,_
44320,5732
52310,4610
44320,5700
58720,6909
58720,7360
58720,7359
58925,6639
58661,6529
58150,6813
27511,7710
27511,8302
27511,8339
43235,4563
44160,4590
43235,4562
44120,4593
45380,4563
43235,4590
44120,4513
43235,4579
44160,4513
43235,4593
44160,4563
25500,7949
45378,7925
43235,8152
27506,4525
58600,9059
NSD01,9938
59400,6639
58600,8908
58600,9938
59400,_
NSD01,9059
58600,9449
27236,7929
11010,7933
27822,7710
27822,8302
27822,8339
27822,8628
40844,2491
66940,9821
65275,1359
66940,1151
OO20,6909
OO20,6813
OO20,6711
36800,3995
11043,3993
36800,8628
36800,8345
46742,_
99460,4899
45020,4993
45020,4911
46280,5400
45020,4912
54560,6230
54535,6200
46257,9622
45303,4939
28003,8345
30000,2211
31237,2110
30000,2121
24635,7807
20955,7939
24635,3999
27530,7760
27530,8309
27530,8345
27530,9820
27530,7710
27530,8302
27530,8339
24615,8030
24101,7982
51525,5831
52240,9903
90935,8446
25676,8671
67966,7989
25676,824
49505,5349
49585,5300
27443,8076
27443,8086
27443,8147
36488,5136
90935,5251
36430,5270
48150,9971
36430,5251
36488,5296
48150,9903
90935,4370
36430,5136
36488,5270
90935,5296
48150,3995
36430,5296
48150,3893
26480,8256
51860,5425
49080,5781
44602,5781
43234,3893
43234,3995
29085,7902
43234,640
31575,4513
60254,3142
43234,4040
31575,640
60254,4513
43234,3142
31575,4040
65755,1371
65755,1341
66984,1254
65850,1330
28210,8381
50557,5501
50557,5521
50557,5523
50557,5539
50557,8773
50557,9645
50557,9649
61601,160
61601,212
25560,8499
25526,7902
25560,7819
25560,7939
51860,5440
58951,5781
44143,6529
58951,4575
44143,4709
49255,5781
51860,4030
49255,4575
44143,5781
49255,6529
36430,4572
44140,9971
21470,7760
21470,7710
MM890,6909
58558,6970
MM890,6829
58300,6909
58558,_
58561,6970
MM890,6816
58300,6829
58561,_
MM890,6970
58300,6816
MM890,_
93510,3961
33430,3722
93510,3524
33710,3539
33710,3572
33710,3961
49000,4011
58943,5411
LO22,_
EII21,_
11011,1649
49507,8628
31571,3100
74329,5151
47564,5213
74329,5123
74329,5213
75872,8867
66850,1424
36215,3891
90963,_
58150,4590
33427,3524
33427,3961
31605,8628
24545,3110
21470,7931
31605,8345
21470,3110
11043,7931
31605,7676
31605,7931
24545,7676
35200,_
49505,5411
11000,3805
CKD2ºTODMNEPHR,_
22114,7789
22842,7769
22852,7859
63047,7869
22114,309
22852,7769
63047,7859
22114,7869
22852,7789
63047,7769
22114,7859
22842,7869
22852,309
27506,8382
15738,7925
26670,7939
23515,7974
26670,7929
90935,5104
47480,3995
90935,5103
47420,8753
47610,5104
47605,5104
47610,5151
36488,8659
15931,3893
36488,8630
26607,7815
11600,8345
47610,6849
58150,8753
47610,4709
44950,8753
47610,6561
49906,3929
49906,5474
27227,7760
27227,8309
27227,8345
27227,9820
27227,7710
27227,8302
27227,8339
27227,8628
31600,9357
16010,3121
14300,4041
42426,8689
14300,2633
29435,7796
29435,9820
11010,7796
27350,9353
29435,8628
27503,8036
21159,7646
21159,7691
46270,4873
46270,4993
44140,4513
44389,5425
44389,4513
43235,5425
27236,7809
21366,7935
27236,7672
33020,3712
27524,7932
25611,7935
27758,7932
27507,7912
25611,7932
27536,7912
25545,7912
27758,7912
27507,7936
32520,8382
32520,3229
15734,3440
32520,8332
32520,8669
15734,3229
32520,3440
27640,8309
27640,9820
11012,7780
27640,7710
27640,8302
27640,8339
61626,3409
36488,9929
61624,3409
61626,3893
32020,9929
61624,3893
49651,4685
45378,5300
37735,8345
06910,7360
06910,7359
06910,_
57500,5423
49000,6712
57500,5411
90935,7719
23935,3995
90935,7712
11011,8662
11011,8235
11011,8684
26123,8302
26123,8339
26123,8628
23530,7939
23530,7929
47510,4685
43235,5198
45378,4632
47510,4525
44373,5198
47510,4632
44373,4685
45378,5198
47510,4513
43235,4632
44373,4525
44605,5459
23077,8669
23077,8345
23077,9357
23077,8628
26756,9357
67115,1460
50660,5642
21461,8628
21461,8345
52310,9646
50980,5732
52310,8773
52310,9649
50980,5700
15576,8628
11043,8670
15576,8345
15931,8345
56405,9971
36430,7109
56405,9903
12047,7760
12047,8309
12047,8345
12047,9820
12047,7710
12047,8302
12047,8339
12047,8628
25260,7939
23515,8388
25260,7929
26720,7937
28485,7904
36488,3110
31603,3893
15120,7760
15120,7710
27886,8309
27886,8345
27886,9820
27886,8302
27886,8339
27886,8628
15738,9357
49505,5459
44602,9357
16010,4673
27507,4563
ZN185,_
40005,_
49201,5423
58180,7499
27501,7935
27511,7905
27501,7815
51050,5310
49505,5719
51050,5300
C19IP4,_
77740,_
49905,5423
16010,5474
49905,9357
49905,5411
49000,5474
49905,8628
35665,3925
32551,3892
32551,9604
LCH,_
11010,9359
27509,8628
25575,125
25575,124
11011,8199
27829,8309
27829,8345
27829,9820
11011,7859
11011,9359
27829,8302
27829,8339
27829,8628
42210,2450
42210,2762
27372,9820
67935,8345
LO20,_
11044,8048
51920,5440
23130,7981
23552,8181
23130,7771
56501,7360
59409,7180
56501,7359
43122,4252
43122,4429
27894,7760
27894,8309
27894,8628
35761,8302
20520,3800
61312,233
11040,7925
28485,8152
11040,7937
28485,7815
11040,8152
27506,7937
11040,7815
28485,7925
25575,7929
27766,7932
27244,7925
25545,8499
28420,7935
12032,7760
12032,7710
54550,5440
49507,6200
49255,6200
62000,7760
62000,8339
62000,9820
61304,202
62000,125
62000,8302
61304,8309
62000,8345
62000,7710
61304,7760
62000,8309
62000,8628
61304,9820
62000,124
27385,7760
27385,8309
27385,9820
11012,8365
27385,7710
27385,8302
27385,8339
45400,4685
45378,4876
45400,4525
15240,9824
54115,8669
15240,6492
76965,_
44602,5310
49507,4673
44602,5300
MI987,_
11042,8766
74300,8628
11042,8754
58952,3409
11011,7931
45380,6813
58100,4525
45380,6711
11010,8401
44314,4562
28636,7760
28636,8309
28636,8345
28636,9820
28636,7710
28636,8302
28636,8339
28636,8628
28456,7760
28456,8309
28456,8345
28456,9820
28456,7710
28456,8302
28456,8339
28456,8628
27535,7809
20956,7817
11044,8192
27536,8394
27536,8191
11044,8394
27536,8396
20610,7760
20610,7936
11044,8191
27536,8192
11044,8396
12057,1289
65285,2181
65285,881
23550,7939
23550,7929
OO21,7360
OO21,7359
43830,3121
61304,4319
43830,125
31600,4319
43830,124
SINUSOTOMYMAXILLARYANTROTO,_
27884,8401
26951,8415
27884,407
26540,8172
58600,4563
44605,5423
27602,8339
27602,7819
27602,8345
27602,7936
27758,8314
27602,8302
27602,9820
27756,8314
27758,7819
27602,8309
25560,8444
24666,7902
99460,6970
59120,5459
44005,6549
36246,3891
27509,7710
27509,8302
27509,8339
34451,3807
34451,3809
34451,3893
08037,_
NONHEALINGWOUND,_
35840,5423
10160,3806
35840,5411
49000,3806
35840,8601
42845,2899
90935,5159
47400,3995
90935,5000
63250,340
33736,3542
33736,3961
62180,125
36488,220
61312,9604
62180,124
31500,220
62180,9604
61312,220
62180,3893
51525,5850
51525,6094
44021,4590
58700,9357
58700,8628
16010,6651
11043,4195
38115,8628
62360,7360
62360,7359
070/3,_
96408,331
140/3,_
52331,_
31600,4610
66830,1289
65280,1214
65280,1365
66830,1159
65280,1364
61312,8345
26720,9971
36430,7904
26720,9903
24130,7783
36488,5731
50947,3893
90935,5674
50947,3995
36488,5674
32665,4270
49065,_
27511,7760
27511,8309
27511,8345
27511,9820
11000,2752
11000,2551
23500,7939
23515,7909
23500,7929
61522,125
20520,9901
51040,8302
20520,5423
51040,9901
36450,5717
20520,5411
20520,5717
10060,9971
10060,9903
15756,7815
44970,5423
49000,4701
44970,5411
27295,7749
32020,8418
20225,8345
27295,8628
32020,7745
11043,7749
20225,8418
27295,3409
44320,5440
44320,6561
43633,4525
45378,4370
43633,4233
43633,4685
43255,4370
43633,4443
62100,8628
11043,124
11043,202
26685,7974
26676,7984
36660,9971
99460,3891
36660,9903
36660,_
C19T1,_
74340,9608
19367,8546
19200,8572
19367,8545
24586,7950
21435,7929
24586,7819
SD260,_
15931,3121
31600,8659
31600,8630
31500,331
94610,331
62270,3892
36510,331
62270,9604
99460,331
10140,650
60271,8604
10140,639
36011,4131
36012,9925
38220,3893
36012,4131
36488,4131
36011,9925
44340,5423
96408,4643
44340,5411
44340,9925
47556,5198
15822,8628
11043,870
15822,8345
21627,8382
27530,8321
27330,7906
27530,8016
90093,_
69950,403
20690,2181
67922,841
C19IP3,_
27658,7760
27658,8339
27658,9820
27650,8364
27658,7710
27658,8309
27658,8628
27658,8388
27658,8302
27658,8345
27620,7760
27620,8309
27620,9820
20520,8339
58400,6922
50040,9971
36430,5501
24900,8382
23920,8669
15736,8408
23920,8332
44320,4685
OO809,7360
OO809,7359
32100,8628
90935,9357
75902,3328
32100,3995
32100,9357
90935,3328
75902,3402
16010,3995
32100,8839
75902,8628
90935,3402
75902,3995
16010,8839
32100,9820
75902,9357
16010,3328
50340,5980
50340,5732
50340,3995
27514,7949
27193,7935
27514,7909
27514,7975
27193,7815
44050,5459
44005,4680
EII5,8309
EII5,8345
EII5,9820
EII5,8302
EII5,8339
EII5,8628
EII5,_
11011,5423
11042,3802
42420,8628
35800,2632
42420,3802
35800,8628
11042,2632
11011,8403
65093,8659
11043,1631
65093,8628
12014,1631
65093,8345
58300,8908
58300,9449
64897,450
60605,3862
60605,3980
76362,8838
61610,3881
61610,3931
36450,8414
27888,9901
38300,9357
16010,4000
44322,8628
NSD01,6651
58700,_
63085,309
63085,8099
11044,7855
27358,7760
27358,8628
11044,7762
27358,8345
DECOMP,_
67015,1475
67025,1472
67015,1471
90935,711
90935,730
60650,3995
90935,5421
90935,729
36145,4579
27625,8076
23107,8017
27334,8077
27625,8011
23107,8016
23107,8077
27334,8011
27625,8016
23107,8076
27334,8017
93202,_
43831,3121
19110,4319
51920,8599
61313,5784
43831,125
19110,3121
51920,4319
61313,8599
31600,5784
43831,124
19110,125
51920,3121
61313,4319
31600,8599
43831,5784
19110,124
51920,125
43831,8599
19110,5784
51920,124
24110,7760
24110,8309
24110,8345
24110,9820
11012,7762
24110,7710
24110,8302
24110,8339
24110,8628
28800,9357
16010,8412
28800,8628
11012,2752
41252,7710
41252,8302
41252,8339
MM954,_
43831,5423
36488,4319
43831,5411
49000,4319
43831,3893
27217,9820
27823,7939
27535,7989
12004,7819
27217,7817
27823,8659
12004,7817
27823,9820
12004,7989
27217,7936
27823,7817
27535,8659
12004,7936
27217,8659
27823,8628
12004,7939
27217,7819
44605,4709
28341,7849
27758,7860
11041,1879
69110,8628
11041,1829
33778,3584
43255,3961
33207,4233
32020,4443
33430,3776
43255,3780
33207,3409
33207,4443
32020,3776
33430,3780
43255,3409
33207,3524
33430,4233
32020,3780
33430,3409
43255,3524
33207,3961
33430,4443
43255,3776
77421,3995
77421,5502
36488,5831
52234,5502
50040,5831
77421,5501
52234,3893
52234,5501
58740,5781
59513,6589
58740,6840
59513,5781
59525,6589
51860,7499
58740,6839
51860,6589
58740,7499
24515,5061
47360,7931
24515,3886
32654,3421
90935,5294
43264,3995
90935,5188
25530,7760
25530,8309
25530,7710
25530,8302
25530,8339
49520,6011
55700,5310
49520,5732
52000,6011
55700,5300
11042,8037
11042,8017
99465,_
80992,_
27536,9344
27536,8152
20650,7936
27536,7925
67440,1601
43100,4232
12002,7360
12002,7359
44970,6849
58150,4701
44970,6561
10160,4461
38724,2559
41130,4040
41114,640
38724,2520
60240,2510
41130,2559
41114,4021
36450,5349
99460,9901
36450,5341
49605,9901
52334,5831
52334,5749
35452,3950
16010,6639
58600,9357
58600,8628
49900,8628
11043,5461
49900,8345
24575,7925
27080,7789
52204,5810
52204,5860
52204,6094
52204,8929
52601,5733
52204,5732
52204,5850
52204,6029
52204,6373
49580,_
DI7,_
C19T3,_
44204,4575
44143,4563
58925,4610
44960,6529
58940,4562
44960,4575
58925,4562
58940,4563
44120,6529
58925,4563
58940,4590
44120,4575
44120,6539
44960,4562
44120,6551
44143,4562
44960,4563
58925,4575
27513,7975
27250,7815
39501,8839
75940,3482
39501,3870
25600,9357
16010,7902
33405,3409
32020,3522
OO83,_
24100,8012
24100,8321
10160,4610
46606,8601
49000,4921
46606,5423
49000,4923
46606,4575
44143,8601
10160,4921
10160,4575
44143,4921
10160,4923
46606,5411
61510,233
26370,8345
10180,9357
04200,_
VERTIGO,_
27244,7939
27244,7929
38760,9357
16010,4024
38760,8628
11000,125
11000,124
31750,125
61313,3179
31750,124
27530,8192
27530,8396
20610,7906
27530,8191
27530,8394
EII4,_
31766,3179
11011,8289
27824,9353
29345,7906
36488,8382
19220,3893
15734,8547
36488,8548
11000,8541
19220,8332
19180,8548
15734,8541
36488,8332
19220,8669
19180,3893
36488,8547
11000,8548
19220,8541
19180,8332
36488,8669
11000,3893
19220,8628
19180,8547
15734,8548
36488,8541
19220,8382
19180,8669
15734,3893
11000,8547
21490,8345
21050,8628
25560,7694
21470,7650
11044,7902
21490,7676
21050,7760
11044,7694
21490,7650
21050,7902
25560,7676
21490,8628
21050,7694
25560,7650
21470,7902
11044,7676
21490,7760
21050,8345
21470,7694
11044,7650
21490,7902
21050,7676
21490,7694
43260,8753
47610,5110
11043,7796
52204,4590
44005,5733
52204,4562
52204,5459
44120,5733
52204,4563
63707,359
27331,7945
11044,9359
27509,8016
11040,8036
44227,4563
44620,4590
44120,4650
44620,4562
34401,3807
50230,3893
34401,4029
34401,5641
34401,3893
34401,5551
43265,4443
43255,5123
43265,4233
47562,4443
43255,5188
47562,4233
50780,4594
44145,5674
50780,4579
49201,6639
33251,3733
33251,3961
88331,6849
58150,8908
25600,2181
25600,8659
27884,7760
27884,8309
27884,9820
27884,7710
27884,8302
27884,8339
49201,6651
65285,884
67961,1159
12046,7935
27511,8659
12046,7815
66220,1286
36010,5104
43830,3893
10140,4319
47480,8604
36010,5103
43830,5104
10140,3893
36010,8604
43830,5103
10140,5104
47480,3893
36010,4319
43830,8604
10140,5103
ZE90,_
OO020,_
61557,124
78220,_
06520,_
24408,7499
06520,7499
24408,_
27125,7955
27519,8152
27125,7815
65805,1475
67025,1291
65805,1471
66984,3995
90935,1330
31600,139
61154,3409
32020,139
61154,3121
36145,8314
16010,3895
36145,9357
27600,407
RA010,_
16010,2211
31237,8628
11042,4946
46258,8628
11042,4873
11042,4939
67973,1610
61334,869
67973,1609
RADIOTHERAPYLINA,_
57250,6849
58150,7052
29358,8345
27052,7760
27052,8309
27052,9820
11012,8035
27052,7710
27052,8302
27052,8339
27052,8628
44120,3893
99460,5421
43653,_
99460,4319
59100,9971
36430,6800
61340,125
80800,_
43265,5151
47564,5188
49201,4620
50075,5749
69662,1929
52340,5732
52340,5800
52340,5831
26045,8309
26045,8345
26045,9820
11011,8212
26045,8302
26045,8339
26045,8628
14021,9357
11000,3803
20956,7860
27507,9788
20680,3999
44180,6829
38505,8036
36450,9829
31500,4011
27331,9901
38505,9604
36450,8016
31500,8036
60102,7360
34080,_
43246,7760
43246,8309
43246,9820
11012,4311
43246,7710
43246,8302
43246,8339
43246,8628
26420,9353
77421,9971
77421,9903
OO141,_
32020,5253
48140,3409
32020,4150
21630,7781
16010,8154
27447,8628
82068,_
59524,6840
59525,_
59524,6839
59524,_
11010,8381
27329,9357
60100,3893
38510,611
43653,4011
32020,4319
60100,3409
38510,3893
43653,611
60100,5421
38510,3409
32020,611
36488,4011
60100,4319
38510,5421
43653,3409
36488,611
60100,4011
38510,4319
66852,1289
65285,1342
29305,8302
29305,8345
29305,7932
11012,9351
29305,7760
29305,8339
29305,9820
25575,9351
29305,7710
29305,8309
29305,8628
23615,7760
23615,8309
23615,8345
23615,9820
23615,7710
23615,8302
23615,8339
23615,8628
12032,7939
12004,7937
28485,8659
59350,5423
49000,6941
59350,5411
58563,6813
58100,6823
58563,6711
23030,9357
16010,7711
23030,8628
45385,4685
45378,4523
45385,4525
59513,7491
59513,6800
43259,4443
49420,8874
48540,5419
43255,5296
43259,4233
49420,4443
48540,8874
43255,5419
43259,5296
49420,4233
48540,4443
43255,8874
43259,5419
49420,5296
48540,4233
16010,7842
24435,8628
93545,9605
31645,8857
93545,3323
50845,6849
58150,5721
50845,6561
50545,3995
50546,4030
90935,722
50546,722
50545,5641
50546,3995
27244,7749
20225,7935
27244,7745
63250,7360
59409,340
63250,7359
77261,9925
12013,1289
65285,8659
12013,1159
27236,7760
27236,8309
27236,9820
16010,125
25907,8405
ESRD2ºTOHPNNEP,_
COV19,_
NCOV19,_
49080,7430
59121,5425
36930,_
NI80,_
65093,1289
65285,1631
65093,1159
43605,5425
43840,4415
43605,5411
49080,4415
43605,4442
CHRONICKIDNEY,_
36568,4639
36568,4590
44800,4709
44950,4533
43262,8753
47605,5185
43262,5122
24366,7982
24615,8184
36488,4680
36800,5251
36800,5296
48153,3993
36800,5136
36800,5270
61314,3121
24530,7852
24498,7901
24530,7850
29345,8669
29345,8382
15738,9353
29345,8332
27513,7925
27524,8152
27506,7935
27513,8152
44602,7935
27514,4673
44602,7815
42844,2899
69700,2049
69511,1919
69700,2042
69511,2049
26034,8401
26951,7719
26034,407
14040,8309
14040,9820
14040,7710
14040,8302
14021,7939
23515,8689
14021,7929
47400,5423
43435,_
27513,8016
31000,2219
31238,2200
31000,2100
29065,3391
31630,9353
29065,3323
52332,5995
59151,9971
36430,6563
59151,9903
27066,7935
27236,7769
45110,5423
45110,_
99460,4850
AI62,_
28153,7760
28153,8309
28153,8345
28153,9820
28153,7710
28153,8302
28153,8339
28153,8628
26952,8403
26910,407
90935,4912
46270,9903
36488,4911
46270,3995
TO09,_
43622,4399
COLONICPOLYP,_
49320,4610
44141,5421
49320,4572
44180,4650
45378,5451
44180,4685
44620,5451
44180,4525
33572,3610
33572,3611
50575,5512
50393,5570
50393,5689
50400,5521
50393,5732
50400,8773
50393,9649
50400,5980
50575,5502
50393,5512
50575,5587
50393,5620
50400,5732
50393,9645
50400,9649
50393,5502
50575,5570
50393,5587
50575,5689
50393,5521
50400,5631
50393,8773
50400,9645
44147,4610
44141,4579
44147,4572
62070,_
15757,8382
40810,8669
42440,8660
15738,2749
15757,2630
40810,8332
42440,8382
33612,3799
37182,3910
OO01,_
08297,_
80926,_
77421,5423
77261,5411
77401,5411
77261,5423
77421,5411
77401,5423
77261,3409
77421,3409
77261,3893
50395,3995
22310,9359
29058,353
22310,9353
23600,2219
31238,7901
23600,2100
90375,9059
99246,_
90375,8909
DIABETICNEPHR,_
25900,9357
16010,8405
12035,5411
12035,4442
12035,5423
12035,4461
45305,5459
50081,3995
24530,9353
29075,7901
12041,8286
12041,9353
51960,5788
51960,5789
MC901,6970
MC901,_
96408,5419
96408,5425
27590,3808
24341,9903
36430,8388
24341,9971
77261,3995
77261,5501
77261,5502
75743,8843
OO034,_
11044,8034
26110,7760
26110,8628
11044,8014
26110,8345
67343,1590
96408,4029
96408,5641
50230,9925
96408,3807
96408,5551
32020,7819
21244,3409
32020,7643
SEARCHRESULTS,5732
52310,_
SEARCHRESULTS,5700
43425,4283
27488,8006
44604,4610
44320,4675
20610,9829
27331,8191
27331,8396
27331,8394
20610,8016
27331,8192
96450,9604
32000,8838
76360,331
62270,4131
96408,9604
96450,3491
31500,8838
32000,331
76360,4131
38220,9604
96450,8838
32000,4131
76360,9925
38220,3491
96408,8838
31500,4131
32000,9925
76360,9604
62270,3491
38220,8838
31500,9925
76360,3491
62270,8838
36555,_
36555,9604
27510,7925
42145,8309
42145,8345
42145,9820
11011,2769
42145,8302
42145,8339
42145,8628
25515,7979
25520,7932
25515,7902
26951,7989
46716,_
44143,4543
45334,4575
26075,9357
16010,8014
21550,9971
36430,8321
21550,9903
59812,6539
58940,6902
59812,6551
26476,8255
26476,7933
26615,8255
26476,7923
NJ185,_
25263,3991
25263,3800
65810,1289
11101,_
61312,9971
36430,124
43820,5459
44140,4562
44005,4439
43820,4590
43820,4563
44120,4439
43820,4572
43820,4562
44140,4563
43610,5423
49080,4342
43610,5411
49000,4342
43610,5425
62270,124
61140,331
62270,113
44140,4575
27244,7859
21365,7935
27244,7672
24560,8628
24560,8345
44025,4610
44320,4503
49505,4610
44320,4563
49501,4563
11041,7935
NSD01,9901
27510,7760
27510,8309
27510,8345
27510,9820
27510,7710
27510,8302
27510,8339
27510,8628
19100,640
60254,8511
19100,4040
61312,7760
61312,8309
61312,9820
65280,8671
CD910,_
75901,5498
36568,8839
90945,9820
75901,3893
36568,3995
90945,3893
75901,3995
36568,5498
90945,8839
96450,3893
36488,331
36835,_
33468,3599
OO821,_
49507,5349
11042,8076
11042,8016
27550,7860
44130,5425
11010,7676
11010,7906
25628,7760
25628,8309
25628,8345
25628,9820
25628,7710
25628,8302
25628,8339
25628,8628
52335,3995
44143,9903
38770,5423
38770,5411
59514,7360
59514,7359
36430,4639
44130,9903
45305,4575
27425,9820
27372,8049
27427,8016
27425,8628
27427,8049
27425,8146
27427,9820
11010,8049
27425,8016
27372,8146
27427,8628
11012,8604
10060,7710
44604,4500
44005,4679
44615,4675
44604,4679
44615,5459
44604,4685
59411,7759
59612,7252
99256,5810
99256,5860
99256,6094
99256,8929
52601,8907
99256,5732
99256,5850
99256,6029
99256,6373
27244,7860
LO32,_
27385,7815
27513,8365
27385,7935
11043,6200
54700,8628
11043,6392
54700,8345
27822,8309
27822,9820
52000,8628
11043,5732
52000,8345
25500,7760
25500,8309
25500,9820
25500,7710
25500,8302
25500,8339
21145,7646
21145,7691
26756,8401
26951,7819
26756,407
32405,3491
32002,3326
32405,3404
96567,9971
99460,9983
96567,9903
36430,9983
96567,_
15576,9820
63182,212
63182,309
63182,8049
31225,8382
23466,8181
29826,9326
23700,8196
23466,8021
23700,8181
23466,9326
29826,8196
23700,8021
23466,8041
45355,4443
90935,4522
45355,4233
43255,4522
45355,3995
36499,_
00821,7499
36499,7499
00821,_
33430,3514
33463,3524
93650,3734
93650,3964
33422,3512
33422,3961
20103,_
27303,8345
75658,8849
JJ189,_
11010,8364
27654,8345
58300,5423
49000,6970
58300,5411
27244,9971
27244,9903
P0001,3491
P0001,3404
28800,8309
28800,9820
11011,8412
28800,8302
28800,8339
14021,7760
14021,8309
14021,9820
14021,7710
14021,8302
14021,8339
28052,7760
28052,8339
28052,9820
28124,8018
28052,7710
28052,8309
28052,8628
28052,7789
28052,8302
28052,8345
58120,7759
59612,6909
49554,4563
44120,5339
49554,4562
49554,4590
44120,5329
58661,7499
67935,1292
65815,1060
53445,5893
53445,5979
65265,8628
11043,1402
65265,8345
64837,430
27756,7926
49950,_
27372,7760
27372,8309
27372,7710
27372,8302
27372,8339
11000,7809
21366,8628
77418,9925
35201,3991
32020,3959
35201,3800
35201,3409
44143,5012
47100,4575
29365,8309
29365,9820
29365,7710
29365,8302
29365,8339
25574,7842
20650,9353
27507,7860
29365,9344
27507,9353
29365,7810
29365,9357
27507,7810
32020,7939
23515,3409
32020,7929
58140,9971
58140,9903
44005,5132
47721,5459
57100,9971
36430,7024
57100,9903
37618,8659
12002,3880
23920,7749
36488,8408
20225,3893
23920,7745
36488,7749
20225,8408
23920,3893
36488,7745
27509,7760
27509,8309
27509,9820
11012,7945
11000,4513
43235,8628
11043,353
49000,4543
44391,5423
37617,4522
44391,3880
49000,4522
37617,4543
44391,5411
47600,5781
51860,5122
29823,8041
29821,8082
23420,8071
29815,8363
29826,8031
29823,8021
29821,8181
23420,8082
29815,8071
29823,8031
29821,8041
29815,8082
29826,8071
29823,8363
29825,8031
29821,8021
29815,8181
29826,8082
29823,8071
29825,8363
29821,8031
29815,8041
29825,8071
29821,8363
23420,8031
29815,8021
29823,8181
29825,8082
29815,8031
17250,_
96567,8630
17250,9971
36430,8630
17250,9903
99460,8630
17250,9983
38740,8541
19340,4023
38740,8554
19180,4023
38740,8553
44055,4023
19340,4680
44055,8554
38740,4680
44055,8553
90293,_
47610,5423
44110,5122
49000,8753
47610,4500
55700,5749
36450,5749
31500,5749
P0000,5831
52235,9604
P0000,5732
31500,5831
52235,_
P0000,5749
38525,8628
11043,4011
38525,8345
67430,7739
21256,1601
67430,1610
OO39,6909
OO34,6909
44369,4513
44369,4514
44369,4530
77401,4824
54130,4024
54130,6430
49521,6270
PO17,_
14060,7760
14060,7710
44055,5349
99460,4680
44055,5341
49605,4680
44055,_
58120,5785
51820,6909
58120,5674
58180,5440
58180,5423
49255,6839
58180,5411
59513,6651
27759,7906
27786,7936
27786,7817
27792,7906
12032,7912
25611,8659
11011,7912
28881,_
C191P3,_
27848,8017
27610,7989
61304,9604
27566,7760
27566,8339
35721,8345
27566,9820
35721,7796
27566,3808
61592,124
61592,299
61592,7739
25611,7933
26615,7912
25611,7923
11041,5029
11041,5099
47361,8628
11041,5000
11041,5061
36011,5423
50575,3893
44005,5521
43260,5620
44005,9645
43260,9649
36011,5110
43260,3893
36011,5620
43260,8773
36011,9649
50575,5459
44005,5110
43260,5411
44005,5620
43260,5631
36011,8773
43260,5459
49000,5110
36011,5411
43260,5521
36011,5631
43260,9645
36011,5459
50575,5110
43260,5423
36011,5521
44005,5631
43260,5732
36011,9645
56630,4685
44320,7150
56630,4525
45378,7150
56630,4610
36450,6551
96440,3491
96440,9925
59513,8403
26910,7499
59513,8401
ZOO1,_
49201,8753
47605,5440
49201,5122
25907,7989
26785,8405
25907,7984
57415,5419
57415,5440
59812,9817
58960,6902
57415,4030
59812,5419
57415,5425
59812,5440
58960,9817
57415,6902
59812,4030
57415,5423
59812,5425
47605,4709
47605,5411
47605,5423
MS000,_
63307,8099
32220,3402
32124,3409
32220,3339
32124,3451
32220,3409
32020,3339
24077,8669
24077,9357
24077,8628
24363,8185
24685,8197
24363,7932
24685,8185
24363,8197
24400,7710
24400,8302
24400,8339
24400,8628
36011,4572
92981,8850
93555,3606
92980,8850
75962,3950
75962,8839
33503,3699
61686,3953
28238,8345
64890,8345
65112,1652
32488,3249
47562,5600
37618,3891
34203,3880
37618,3808
ZZ138,_
15100,7989
27848,8669
ZZ56,_
MN185,_
20520,8309
20520,9820
99460,125
99460,124
50590,8773
50590,5719
51065,9851
50590,9646
50590,5995
52005,9851
50590,9649
NI39,_
33430,3539
33411,3524
SO52,1289
SO52,1159
SO52,_
77261,4319
77418,3121
43832,_
77421,3121
77418,4319
43832,3121
77421,4319
77261,3121
22842,8345
49507,4590
49507,4563
21720,8319
27894,7925
27506,8314
37617,9971
59513,3880
37617,9903
36430,3880
37617,7499
36430,6589
58180,6589
PO11,_
27792,7923
43235,4575
43633,5423
43633,5411
43243,5423
47510,4233
49000,5198
43243,5411
47510,5423
43243,5198
47510,5411
61156,4319
43830,139
61156,3121
43249,4439
11000,3952
35162,8628
11000,3840
25915,8289
90935,2103
30905,3995
90935,2102
27006,8313
56720,5423
49000,7011
56720,5411
53210,5717
53210,5839
61751,8703
61751,9230
44005,5421
49320,5459
44152,5459
52332,4582
44005,4595
52332,4835
44152,5980
44005,4582
52332,4601
44005,4835
44152,5732
52332,4595
44005,4601
79636,_
76936,3995
79636,3995
47350,8339
39501,8345
11011,5061
47350,8302
39501,8309
47350,8628
39501,9820
11011,5411
12011,8036
27301,8394
20610,8303
27301,7760
27301,8191
27301,8396
11044,8303
27301,8192
65280,1291
11000,3110
61304,3110
67935,973
68700,1060
44604,9357
16010,4675
14300,7760
14300,8309
14300,8345
14300,9820
14300,7710
14300,8302
14300,8339
14300,8628
28826,7760
28826,8309
28826,8345
28826,9820
28826,7710
28826,8302
28826,8339
28826,8628
28826,_
36488,8662
19367,3893
26125,8628
16010,8572
19367,8235
36488,8684
19367,8628
26125,9357
36488,8572
16010,8235
19367,8662
19367,9357
26125,8572
36488,8235
16010,8662
19367,8684
26125,3893
44900,4563
44120,4720
44900,5459
44900,4590
44005,4720
44900,4562
44141,6561
58720,4572
58140,7491
59100,6829
58140,6800
11010,3959
44143,4572
30310,2219
31238,9812
30310,2100
27758,4610
44208,4824
45300,7936
27758,1739
27758,4824
44208,7936
45300,1739
27758,4594
27759,7860
27530,125
12004,7906
27530,124
27530,8659
11044,9971
99460,9041
89222,_
99460,8909
49900,5310
44005,5461
49521,5459
49900,5300
49521,5461
49900,5459
JO429,_
44500,3121
61312,9608
44500,125
31600,9608
44500,124
61597,2049
61597,299
61597,7789
32661,3731
36800,4850
45110,3993
33217,3780
33208,3776
33217,3772
69110,1940
69310,2049
20926,2099
69643,1829
69310,8669
20926,1860
69110,2049
20926,1829
69643,1879
69110,8669
20926,1940
69110,2099
69310,1829
20926,1879
69643,8669
69110,1860
20926,2049
69310,1879
20926,8669
EO50,_
23440,8181
29815,8375
23440,8021
29821,8375
23440,8082
23440,8071
29823,8375
23440,8041
29826,8375
23440,8031
29015,9351
36510,9983
36430,3892
36510,9971
96567,3892
36510,9903
77761,6099
55859,_
77761,5732
69676,2091
16035,8669
15100,8609
27130,7860
53215,5717
42145,9357
16010,2769
OUI,_
11012,5253
48140,7710
48140,8302
48140,8339
48140,8628
38542,8628
38542,8345
11040,8403
35571,3929
38747,7091
77761,4030
38747,6999
57155,4030
38747,_
34101,3991
35761,3803
35761,3891
34101,3800
35761,3805
29075,7909
25675,7903
26600,9353
29075,7903
25675,9353
26600,7909
29065,7903
27049,9357
27049,8628
35460,3995
58200,3893
35460,6561
49507,4610
44143,5310
44005,4461
25270,7810
25270,8302
29065,8388
20692,8388
29065,7810
25270,7710
25270,8339
44500,4590
44140,9608
44500,4572
58300,9903
36430,6970
58300,9971
49060,9357
16010,5419
49060,8628
26596,8630
49905,4442
43840,5474
49905,4461
61618,7760
61618,8309
61618,9820
11012,212
61618,7710
61618,8302
61618,8339
61618,8628
25600,7810
20690,7902
99460,9925
96450,_
52005,5700
UO071,_
75889,8864
99432,7759
58600,9929
59612,9933
27165,7760
27165,8628
11044,7735
27165,8345
67935,8671
67966,1060
61575,299
33233,3786
PO38,_
93935,_
58158,6839
58158,6561
58158,_
27454,7935
27514,7735
27454,7815
32482,3249
12005,407
HG34,_
49521,6310
24579,7925
25670,8152
36488,7973
24579,3893
25670,7815
24579,7973
25670,7932
25620,3893
24579,8152
25670,7931
25620,7973
36488,7932
24579,7815
25670,7925
25620,8152
36488,7931
27506,7973
24579,7932
25670,3893
25620,7815
28645,8302
28645,7938
28645,7760
28645,8339
28645,9820
28645,7710
28645,8309
25628,7929
25628,8286
25645,7933
26350,7929
90935,5183
44320,5459
IU872,_
28312,7739
44389,4850
44389,6880
11041,7933
11041,7923
27598,7819
27756,8416
76942,8753
76942,5122
47605,_
27506,8659
12002,8152
12002,7925
12002,7815
36488,4709
44140,3893
44960,4572
44140,4709
44960,3893
11043,7904
21245,7760
21245,8309
21245,8345
21245,9820
21245,7710
21245,8302
21245,8339
21245,8628
EII2,_
43831,4242
43124,4319
43831,4211
15350,8332
15350,8382
27245,7931
27310,7932
27310,7931
24515,8016
25620,7936
27524,7931
25620,8016
25620,7935
27245,8016
45305,4542
50783,9971
50783,9903
47563,5293
11012,7847
27715,7710
27715,8302
27715,8339
27715,8628
46945,4685
45378,4945
46945,4525
27650,7926
27625,7936
29405,8017
27784,8077
27625,9353
29405,7926
11000,8077
27784,9353
27650,7817
27625,7926
27784,8017
27650,8077
27625,8628
27650,7936
27625,8388
11000,8017
29405,8077
27625,7817
27784,8388
27650,8017
27250,9788
20680,9351
29325,7975
27250,294
29325,9788
27250,9351
20680,7975
29325,294
77401,5504
77401,5980
50080,_
77401,5503
77401,5521
90935,1474
66852,3995
90935,1342
36488,212
61608,3893
90935,4543
45382,3995
90935,4523
44188,4563
60271,3409
11000,4542
45385,8628
11000,4514
11000,4543
43239,8628
11000,4523
25263,7760
25263,8309
25263,9820
25263,7710
25263,8302
25263,8339
23500,7760
23500,8309
23500,8345
23500,7710
23500,8302
23500,8339
OOO,_
29245,_
49021,4869
44156,5459
44005,5491
49021,4582
44005,4869
49021,5459
44156,5491
49021,4622
25490,9820
11010,7813
25490,8628
26483,8256
11040,8381
26483,8628
11040,8256
26483,8381
MN390,_
36430,5424
47561,9971
36430,5421
36430,8753
47561,9903
38220,5498
90945,4131
38220,3995
52007,5522
58200,4594
44146,6561
36800,5749
50370,5553
27602,7760
27602,7710
16010,4931
46615,8628
20902,7939
23515,7800
20902,7929
27880,7926
27756,8415
27880,7819
30920,2105
II20,_
27640,9357
16010,7780
CR498,_
RA011,_
57474,_
49525,6270
10060,4461
10060,4442
43840,8604
NSD01,7759
49080,5980
52332,5425
49080,5732
27759,5253
27511,7936
48140,7815
27511,4150
48140,7935
27759,4150
27511,5253
48140,7936
90935,5671
35541,3925
43632,5423
43235,4370
43632,5411
28043,8669
28043,8628
15100,8630
28043,8345
43305,3173
99460,4289
43305,_
99460,3173
43305,4289
96408,1049
68320,9925
96408,1044
27816,7925
54670,8628
11043,6261
54670,8345
32820,7760
32820,8309
32820,9820
11012,3479
32820,7710
32820,8302
32820,8339
55110,8309
55110,8345
55110,9820
11011,6100
55110,8302
55110,8339
NSD01,5423
11041,9357
33425,3512
33425,3961
66995,1371
66987,1266
29325,7760
29325,8309
29325,8345
29325,9820
29325,7710
29325,8302
29325,8339
29325,8628
04012,_
31582,3110
31582,3169
26568,7839
54152,5411
49000,6400
54152,3886
54152,5423
47360,6400
54152,5061
36430,4195
50240,9903
38115,9971
36430,5540
50240,9971
36430,4143
38115,9903
11043,8500
19020,8345
11043,8499
06890,_
CI9T1,_
33417,3511
C19IP2,3491
C19IP2,3404
46600,9622
45303,4921
46600,4823
11402,8544
19240,8630
11402,8543
44320,5502
44320,5501
C19FRP,4610
C19IP3,3995
C19IP3,5498
90945,_
77261,5498
54220,6498
99024,4610
49080,_
99024,4575
99024,5425
99024,_
CC509,_
52332,5423
44950,5732
52332,4709
44950,5980
36380,7360
36380,7359
36380,_
80960,_
17026,_
56405,_
NSD01,7109
23200,7761
43262,5151
47420,5185
43262,5104
11040,9971
36430,8669
11040,9903
15100,9971
15100,9903
55101,5310
49525,6100
55101,5300
12016,7760
12016,8309
12016,9820
12016,7710
12016,8339
16010,4610
27596,7760
15935,8302
27592,8309
15935,8628
27592,9820
27596,8630
15935,8417
27592,7710
27596,8302
15935,8309
27592,8339
15935,9820
27592,7789
11012,8630
15935,7710
27596,8309
15935,8339
27596,9820
27592,8630
27596,7710
15935,7760
27592,8302
27596,8339
15935,8345
27596,7789
28485,7934
26735,7937
28485,7924
24153,7763
24153,7803
19240,6849
58150,8543
33430,3522
33405,3524
29875,8086
28820,9971
28820,9903
47610,5411
MO800,_
25575,9359
29058,7932
25575,9353
29345,7907
28470,9353
15350,8544
15350,8543
24900,9901
27328,8407
27328,9901
36450,8332
36450,8407
24900,8332
27328,8345
05006,_
26117,9357
16010,8229
26117,8628
11012,8073
25105,7710
25105,8302
25105,8339
25105,8628
12006,9353
49521,4673
IS,_
12002,9971
12002,9903
OP829,_
52606,6270
52606,6230
11041,8309
11041,9820
49425,125
61312,5494
49425,124
11042,8446
GHG,_
12002,7932
24515,7979
25525,8659
12002,7931
24515,7819
12002,7979
24515,8659
25525,7931
12002,7819
29345,8152
12005,7936
12005,7925
43246,3893
90935,4311
43246,125
61313,4311
43246,124
36488,4311
43246,3995
39541,5380
64858,430
27846,9353
29405,7989
27846,8659
12002,7817
96408,8685
26561,9925
96408,8670
27596,9357
45300,4709
58720,4824
44950,4824
10160,5581
50500,8601
11042,4824
69530,2042
15732,2059
69670,8332
69530,8382
49010,4030
49010,6529
49010,6849
49010,5440
49010,6561
19340,8544
19240,8553
22326,6551
58940,7929
66680,1474
67052,1239
66680,1370
35152,8628
11000,3848
66761,1269
15100,7934
26735,8669
15100,7924
27535,7860
27535,9344
20650,7817
60336,_
77401,4923
45100,9925
77261,4923
96408,4923
45100,_
77421,4923
28436,7819
26352,8302
26352,8339
32095,3420
32602,3409
32095,3320
45385,4931
46611,4523
46611,4543
45385,4921
46611,4542
49505,6352
54600,5300
45330,4575
45330,4513
44604,7760
44604,8309
44604,9820
11012,4675
44604,7710
44604,8302
44604,8339
49525,5440
51860,6639
58600,5781
61708,3952
20690,7939
28505,7810
16010,7840
27724,9357
27724,8302
27724,8345
11012,7807
27724,7710
27724,8309
27724,9820
16010,7807
11012,7840
27724,7760
27724,8339
28800,8314
27254,7855
27358,7985
27254,7762
28820,8417
27590,8411
33251,3722
93510,3733
15100,3479
35226,9357
16010,3959
65280,884
36568,5700
36568,5980
52310,3893
36568,5732
21557,8382
93541,8843
77781,7091
77781,6999
OI41,_
VID19,_
CO,_
28490,7760
28490,8309
28490,8345
28490,9820
28490,7710
28490,8302
28490,8339
28490,8628
15922,7789
15922,8630
59514,5361
49560,7499
59514,5351
43840,8309
43840,8345
43840,9820
11011,4442
65280,8309
65280,8345
65280,9820
11011,1159
NA85,_
25574,8033
25101,7932
25574,8013
11044,8185
11041,8403
44144,6849
58150,4613
64761,403
11000,2749
44005,4921
44603,4921
46606,4673
44005,4923
46606,5459
44603,4923
26392,8004
26392,8381
KO51,_
57020,7000
26478,8255
45331,6529
50947,6849
58150,5731
XA,125
61304,_
XA,124
66982,1452
67107,1371
66982,1455
67107,1330
19366,8546
19200,8570
19366,8545
RO2,_
HYPOGLYCEMICAGENT,_
44960,5122
58600,160
61500,6639
58600,125
61320,9820
11010,124
31500,5061
47360,9604
31500,3886
49010,9901
76086,8735
63064,309
62010,125
61320,202
62010,124
36826,_
26765,8627
12031,5423
12031,5411
29874,8060
50574,5521
50575,5523
50574,8773
50574,9649
50574,5631
SOO00,_
PO51,_
44005,5104
47480,5123
44005,5103
47480,5459
47562,5103
11043,9351
44050,4685
45378,4680
44050,4525
25620,7842
06918,7759
06918,7360
06918,_
MCP01,7491
MCP01,6800
11012,9971
36430,7760
36430,8339
36430,8302
11012,9903
36430,7710
52332,5502
43239,9357
16010,4514
12002,7902
44140,9903
52000,6840
59525,5732
52000,6839
32215,3460
93514,3722
61154,3995
19240,8571
19361,8543
62200,125
61320,220
62200,124
48001,4450
43860,4639
43235,5299
48001,4389
43860,4319
43235,5103
43860,5299
48001,4513
43235,4639
43860,5103
31613,3808
58100,3891
34201,3174
31613,6711
11042,3893
11040,3893
75960,3990
36450,8839
75960,9901
36450,3990
75960,8839
C19IP4,9903
36822,9903
C19IP4,9971
36822,9971
44800,5789
51960,4709
44800,5788
44950,5789
51960,4533
44950,5788
54125,8628
11043,6430
54125,8345
12032,7989
26715,8659
12032,7922
59620,6639
23480,8345
11044,7851
23480,7760
11044,7731
11010,7923
21805,7929
44320,8628
63710,212
24515,8314
24495,7931
24515,3803
24320,8381
24320,8345
49020,5122
47480,8753
47605,5419
49020,5103
49020,8753
47480,5419
49020,5104
47480,5122
16040,8345
38101,3409
38101,5423
32020,4143
38101,5411
34490,3803
34490,3805
34490,3893
51045,3995
90935,5719
15240,8401
26952,8669
15240,407
38220,8192
38220,8396
20610,4131
38220,8191
38220,8394
90935,7789
63047,3995
90935,309
43310,4289
44500,5459
49000,9608
44500,4709
44960,9608
44500,5423
44005,9608
44500,5411
49588,4610
44141,5349
49588,4572
44141,5341
25492,8309
25492,8345
25492,9820
11011,7813
25492,8302
25492,8339
25492,8628
27381,8309
27381,9820
27303,7860
51880,5782
37615,8628
37615,8345
DGD,_
31390,3040
23125,7791
23125,8152
16010,7791
23125,9357
27125,7791
23125,8628
31500,102
31601,9604
43246,3121
61304,4311
31601,102
43246,9604
61020,4311
31601,125
43246,102
61020,3121
31500,4311
31601,124
61304,102
61020,9604
31500,3121
31601,4311
75600,8842
10040,_
38488,5641
50220,_
38488,5551
38488,_
46264,5294
46264,5188
46264,_
36488,4029
36488,3807
36488,5551
32002,9604
C19IP2,9604
43840,4143
44320,4442
43840,4610
44320,5425
44320,4195
38115,4461
43840,4195
44320,4461
38115,4610
44320,4143
38115,4442
36825,3991
35701,3995
36825,3802
35701,3993
90935,3802
54620,5310
54620,5300
11000,5810
11000,5860
11000,6094
11000,8929
52601,8628
11000,5732
11000,5850
11000,6029
11000,6373
67036,1490
25574,7939
27540,7932
25574,353
31525,2211
31237,3142
31525,2121
44604,4150
35761,4675
49000,3800
38100,3991
35761,5423
38100,4675
44604,3800
24635,8185
24587,7939
24635,7929
49000,7759
59612,5423
49000,7360
59612,5411
44204,4572
44140,1739
52000,7150
56637,5732
52000,4030
49567,5351
49567,5361
76930,9925
76930,9971
76930,9903
36488,8546
19200,3893
36488,8545
25515,7931
25515,7842
47100,5104
47480,5012
47100,5103
45321,4800
45321,4823
44140,9622
44310,4823
45303,4620
44140,4823
44310,9622
45303,4572
49000,4601
44314,4869
45113,5423
44314,4824
49000,4835
44314,5411
45113,5459
44314,4595
49000,4869
44314,5423
45113,4641
44314,4601
44314,5459
45300,4641
45113,4824
44314,4835
45300,4869
45113,5411
20680,7840
27724,294
27724,9788
20680,7807
27724,7860
49420,4685
49420,4525
27507,7789
55700,6270
54520,6011
55700,6230
49255,5361
49561,5440
49255,5351
11011,8365
53443,5846
27535,8147
27455,7817
43500,5423
49000,4300
C19IP3,3460
32650,3409
C19IP3,3421
32020,3460
32650,_
C19IP3,3409
44950,4572
35621,3929
49320,5419
C19FRP,5421
C19FRP,5419
49420,_
C19FRP,5423
49420,5421
49320,_
C19FRP,5411
JK220,_
25600,125
61312,7902
25600,124
77418,5731
49585,5421
49650,5341
69433,3997
69433,2079
63200,309
36825,5749
52234,3993
36825,5831
36825,5732
44187,5423
44186,4685
49000,5451
44187,4639
44180,5423
44186,4620
44180,4639
44186,5411
44186,5451
44187,5411
44180,4620
44186,4525
44187,5451
45378,4639
44180,5411
44186,5423
33220,3775
28820,8415
11043,8076
27244,7809
27244,3999
28130,7798
66997,1299
69421,2211
31237,2009
36488,5512
90935,5570
90935,5689
50400,3893
36488,5570
90935,5587
36488,5689
50400,3995
90935,5512
36488,5587
25560,5423
49010,7902
25560,5411
27253,7935
27248,7985
27253,7925
XA,884
67961,_
XA,8671
29065,9359
49060,4443
49060,4233
14060,9357
12052,8689
14040,881
14040,2751
14040,1840
27230,7949
27502,7949
49021,3893
11042,5491
49021,9903
49080,5491
49021,5425
11042,4673
44602,3893
36430,5491
49021,9971
49021,4673
44602,5491
11042,5425
44602,9971
36488,5491
49021,8628
31622,3409
77261,3324
32020,3324
31622,_
61520,233
61518,220
62200,102
61020,233
62223,220
61518,102
62200,233
61520,220
62223,102
61518,233
61020,220
61520,102
SS920,7860
SS920,_
44141,5425
C19T2,3491
C19T2,3404
57545,6740
57545,7079
43202,4542
32480,3402
32100,3249
32480,3328
26121,8309
26121,9820
26121,8302
26121,8339
27696,8364
27380,7760
27380,8309
27380,9820
27380,7710
27380,8339
24576,8345
KI120,_
12041,7934
12041,7924
27303,9357
16010,7715
27303,8628
11011,7902
49525,5810
49525,6029
49525,8929
49525,5719
49525,5850
49525,6094
49525,5732
49525,5860
49525,6373
26075,7933
26615,8014
26075,7923
C19T1,4685
C19T1,4525
27604,8628
27604,8345
11000,8689
11762,8628
99406,_
58150,6816
27502,7749
20225,7905
27502,7745
49080,3880
37617,5425
49021,4572
44310,5491
49021,4620
44141,5491
49021,4610
44141,4620
44310,4610
11000,3995
31500,8314
28008,3995
28008,3893
28008,9971
11000,9604
28008,9903
28008,9604
39093,_
32853,3352
P0001,3995
P0000,3995
44141,5136
47612,4610
44141,5122
44141,5151
47612,4572
52240,9646
52005,5831
52240,8773
52240,9649
52005,5749
15945,7789
15945,8659
15945,8630
44140,3409
32020,4572
15956,8628
26477,8255
26477,8345
25332,7819
06918,7359
11462,5310
49507,8630
11462,5300
36821,3952
36821,3843
35011,3929
36821,3995
36100,3891
77261,3712
31601,5104
47480,3121
31601,5103
45170,4542
50810,5671
35616,3929
90935,5369
49570,3995
90935,5359
35363,3814
35363,3816
35363,3818
27499,881
67935,8314
27499,1060
28106,7809
49020,5459
49020,4709
48153,5411
11011,1289
65285,8302
65285,8339
65285,8628
56513,_
49585,5642
50234,5341
27392,8313
11042,5136
11042,5270
28485,8114
28735,7937
28485,7738
33764,3900
27808,8628
11043,7909
27808,8345
90935,7150
56640,3995
38500,_
C19IP2,4011
58943,4590
44140,4011
44140,5440
44140,6651
58943,4572
44140,6551
42903,_
27780,9353
53410,8345
KO29,_
11011,7933
11762,7760
11762,8345
11762,7710
11762,8339
11762,9353
11762,8309
11762,9820
29075,8689
11762,7934
11762,8302
29075,8669
11762,7924
21497,9355
26820,7849
27507,125
61315,7935
27507,124
14060,7851
23480,8689
14060,7731
19260,8628
27405,8309
27405,9820
11011,8146
27405,8302
27405,8339
22756,_
LG00,_
35901,3862
26075,9820
11010,8014
44055,5423
44055,5411
44055,4709
24138,7709
60600,3980
62464,126
62464,159
62464,390
52332,6840
POOOOO,_
25425,7803
31605,139
36488,139
90935,3110
61154,3893
31605,3995
61154,3110
31605,3893
58720,4590
14061,8628
49520,4709
29405,7931
27822,7817
14041,9820
44005,6639
58661,5459
35480,3950
CC500,_
NN998,_
51555,5760
27220,7979
27220,7902
25600,7936
27827,7902
25600,7817
61313,9604
12013,7976
27550,8659
12002,7976
ZX380,_
31603,9357
11100,3110
16010,3110
31603,8611
CI9IP2,_
65406,_
65850,1479
67027,1254
65850,1472
22842,8099
63085,7859
BORNINHOSPITAL,_
SINGLETON,_
43825,4513
43235,4400
44153,5423
44900,4835
44153,5459
36488,4720
44314,5425
49080,4582
36488,4835
44314,3893
49080,4720
44153,5411
44314,4582
44900,4601
49080,4835
44153,4641
44314,4720
49000,4582
36488,4601
44900,4641
44153,5425
44900,4595
49080,4601
44153,3893
36488,4641
44900,5425
36488,4595
44900,3893
49080,4641
44153,4720
44900,4582
49080,4595
27487,8345
44391,3995
96488,_
21248,7760
21248,8309
21248,8345
21248,9820
21248,7710
21248,8302
21248,8339
21248,8628
ENDSTAGEKIDNEYDISEASE,_
46080,4912
46270,4959
46080,4911
25520,7760
25520,8628
25520,8345
61619,212
25905,8405
44005,8309
44144,8345
44005,9820
11011,4579
10060,4613
44005,8604
11011,5459
44144,8302
44005,8339
44144,8628
11011,4610
44144,8309
44144,9820
10060,4579
11011,4613
44144,8604
10060,5459
44005,8302
44144,8339
12044,7760
12044,7710
82910,_
49521,4563
49521,4562
49521,4590
50605,6849
50605,6561
11044,8037
26418,7934
29125,8286
29125,8302
29125,8628
25645,9353
26615,7929
25645,7923
24546,7783
15740,9623
46604,8670
15740,4921
27177,7775
24515,7805
27177,7955
45331,5631
52336,5459
44005,5522
44320,5631
CZ511,_
25260,3880
99935,_
25600,7939
23515,7902
25600,7929
52318,5310
49505,5700
52318,5300
20822,7760
20822,8345
20822,7710
20822,8302
20822,8339
20822,8628
64795,411
11042,479
64830,8388
25263,479
11042,8388
25263,407
EE19,_
25600,7934
26735,7902
25600,7924
14040,9353
14040,8286
14040,7933
26410,8689
14040,7923
26615,8689
25265,8382
26951,8388
25265,407
27403,7934
26735,7817
27403,7936
27403,8339
49496,5349
49580,5300
49580,6310
49496,5341
49580,5310
26426,7934
26426,7924
35761,8309
35761,9820
11011,3800
26357,8251
12032,8388
27654,8659
12032,8149
27005,8313
27372,6270
54520,8016
27372,6230
44300,4562
21345,2751
21345,7760
12055,9355
21345,2181
21345,881
12055,7760
21345,8628
12055,7909
11044,9355
21345,1840
21345,8659
21345,8345
19101,4011
38505,8511
19100,4011
08090,7360
08090,7359
29345,8444
29345,7932
66840,9821
65275,1330
66840,1151
34501,3959
PO81,_
26952,8670
C19IP2,7360
C19IP2,7359
11011,8042
24006,8302
24006,8339
24006,8628
59513,4590
44140,7499
59513,4572
49585,3995
52002,3421
32655,3491
C19IP2,3221
32655,3404
32655,_
96408,1475
67025,9925
96408,1471
66850,1269
66850,1264
43830,2211
43830,2121
31237,4319
46221,4685
46221,4525
MM922,_
47134,5022
47134,8671
26433,7934
26735,8284
26433,7924
47135,5059
47135,92
47135,93
COLPOSCOPY,_
SO510,_
11720,8689
11762,8627
11720,8669
27580,2181
27580,8659
36488,5733
52204,9971
36430,5733
52204,9903
52204,3893
AS913,_
47760,4823
44340,5499
45321,5411
47760,5423
44340,4800
49000,4823
45321,5499
47760,4643
26607,7936
27535,7913
26607,7817
62230,9971
62230,9903
36430,242
36430,4875
45550,9903
21450,7760
21450,8309
21450,8345
21450,9820
21450,7710
21450,8302
21450,8339
21450,8628
YO499,_
44147,9357
16010,4579
44147,8628
43234,5423
43234,4590
C19FRP,125
C19FRP,124
27507,8017
27610,7935
25931,8403
28400,7860
29405,9344
20650,7909
28400,9353
29405,7810
28400,9344
29405,7909
28400,7810
27520,8016
33241,3799
33241,8628
11043,3799
33241,8345
67935,1159
19260,8570
99460,4562
20962,3999
20962,7929
OI809,_
26952,8699
14350,407
P0000,5423
P0000,5411
64831,7760
64831,8309
64831,8345
11012,430
64831,7710
64831,8302
64831,8339
27509,9344
20650,7945
27509,7810
11011,9344
20650,9359
27509,7860
11011,7945
36488,5498
29837,8082
49080,4029
49080,5641
50230,5425
49080,3807
49080,5551
53235,5839
17270,8630
11042,5731
XXX,_
25000,479
12345,_
38000,_
70390,8709
33212,3780
33201,3781
33212,3774
36620,_
36557,_
45317,4610
44388,4613
44208,4543
44144,4823
45317,4525
44388,1739
35646,3925
52332,_
67570,442
57135,8782
58345,7033
57135,6999
25300,8345
99461,_
27650,8403
26910,8388
27650,8401
C19IP3,9971
C19IP3,9903
04100,_
49082,6849
58720,_
58551,_
49521,4610
44143,5300
12047,7360
12047,7359
27832,7760
27832,8309
27832,8345
27832,9820
27832,7710
27832,8302
27832,8339
27832,8628
CC61,_
12021,_
12206,3995
12021,3995
12206,_
12002,7859
12002,7672
25447,8175
28054,8018
43865,4400
44146,5459
44146,4709
44950,4594
58600,7071
57250,6639
29065,9351
20650,7902
29065,9344
25600,9351
25600,9344
29305,7902
25600,7860
29075,9351
29305,9353
29075,9344
11010,7760
32020,125
61312,3409
26075,7760
26075,8309
26075,7710
26075,8302
26075,8339
C19FRP,6639
C19IP1,6639
C19FRP,7499
C19IP1,7499
25560,7929
27766,7902
93556,3514
33214,3528
33430,3956
33464,8843
66940,1371
66984,1359
66940,1330
43235,4912
43235,4946
46262,4513
43235,4873
43235,4939
27758,7926
27758,7817
24586,3891
24350,7929
24586,3805
24350,3891
24495,7929
34101,8314
24586,3803
24350,3805
24495,3891
34101,7929
24586,8314
24350,3803
24495,3805
33030,3731
42600,2642
64719,8345
11044,479
64719,7760
64719,8628
11044,460
27217,8345
27217,7760
11011,7934
TO80,_
BO02,_
60240,8544
19240,640
60240,8543
43820,4610
44141,4439
29075,7844
MP01,_
IMP01,_
10193,_
50392,3995
45378,5512
50392,3893
50392,4685
50392,4525
50040,5411
58950,5501
49000,5502
50040,4590
50040,5423
44140,5501
58950,5502
49255,4590
50040,5440
44140,5502
58950,4572
50040,6529
58950,5411
49255,5501
58950,4590
50040,6561
58950,5423
49000,5501
49255,5502
50040,4572
35351,3816
P0000,9933
27360,7925
44393,4513
43235,4522
27750,9788
11000,7906
27750,294
20680,7906
99256,4709
44950,8907
16010,7903
26600,8669
11011,7903
26600,9357
15100,7903
14239,_
36011,8628
36011,8345
43246,4685
43239,4311
43246,4525
45378,4311
43246,4514
NI129,_
NSD1,_
12041,9357
58925,5459
25260,9971
25260,9903
HO58,_
65140,1641
36430,125
61304,9903
500/6,_
12002,8382
49080,3402
32124,5425
49080,3339
11043,4150
ECO83,_
29345,7847
27715,9353
29345,7837
45331,9971
45331,9903
23515,125
61314,7929
58800,6591
53040,5891
47610,5425
49080,5122
23076,9357
23076,8628
54535,5423
59151,5423
44180,6563
59151,5411
49000,6563
59151,5451
11752,9357
11752,8628
11752,8689
11760,8669
11762,8623
11765,8689
11752,8669
11760,8623
11765,8669
47630,8753
47605,5198
47630,5122
26735,479
64830,7924
28285,8345
52500,5671
44389,4514
33474,3513
33474,3961
31525,2219
31238,3142
31525,2100
58550,6829
59325,6751
SO650,125
SO650,124
SO650,_
90935,9227
52250,3995
90935,5823
27752,7936
27827,7906
27752,7817
24515,7989
22325,7931
24515,7929
11010,3995
C19FRP,8753
C19FRP,5122
67038,1364
28210,8345
30905,2219
36430,2102
31238,2103
30905,9903
44602,3800
35761,5411
44950,3991
44602,3991
35761,4709
44950,3800
49000,3991
35761,4673
49080,5104
47480,5425
49080,5103
27828,8302
27828,8339
27828,7710
61312,9903
22548,7789
22548,8129
28450,7760
28450,8339
28450,9820
28450,7710
28450,8309
28450,8628
28450,9353
28450,8302
28450,8345
67218,1427
25265,8388
43405,4282
50075,5980
50075,5522
50075,3995
50075,5631
27520,8192
27520,8396
20610,7909
27520,8191
27520,8394
SOO42,_
69530,2059
46080,9623
46604,4959
46080,4921
11044,8446
49495,6270
49495,6230
11044,7842
OU71,_
61313,3951
10160,8628
11043,8601
10160,8345
58661,5425
11467,_
11043,7731
24900,9357
16010,8407
58600,4011
58600,4709
CM885,_
31610,9357
27236,3129
31610,8628
27236,9357
16010,3129
31610,7935
25260,8669
11010,479
64721,8628
12011,_
44322,4673
44602,4610
44602,4525
59513,3893
36430,6813
58100,9903
MP821,_
32000,8659
12032,3491
23680,8345
C19IP3,3893
C19IP2,3409
CATBITE,_
58210,9971
36430,6869
58210,9903
24935,9999
59120,6639
58600,6549
14020,7760
14020,7710
24802,8124
EN51,_
NO83,3995
EN51,3995
58545,5423
58545,5411
25035,8345
54530,6200
90635,_
C19FRP,8628
C19FRP,7934
C19FRP,7924
C19FRP,6849
C19FRP,6561
99466,_
58700,5459
44005,6651
49020,6651
26357,8628
26357,8345
27654,7760
27654,8309
27654,9820
11012,8149
29075,124
11044,125
29075,125
61312,9353
11044,124
20692,8037
27620,8302
11012,8037
27620,7710
27620,7810
27620,8339
47350,9353
27535,5061
27227,7817
49000,7936
27535,5423
27227,9353
47350,7936
27227,5411
27227,7936
27227,5061
49000,7817
47350,7935
27535,5411
27227,5423
29345,5061
47350,7817
27240,_
26615,7939
23515,7923
21453,2181
21453,8659
27125,8345
61440,124
52310,5504
50080,5700
31081,7710
31081,8309
31081,8628
11012,2242
31081,124
31081,7760
31081,8339
31081,9820
61304,2242
31081,125
31081,8302
31081,8345
51040,4610
38220,5717
44322,9925
51040,4525
96408,5717
44322,4131
51040,9925
44322,5717
51040,4131
52276,5700
51913,_
31603,8401
C19FRP,3110
26952,_
31603,407
C19FRP,8401
26952,3110
31603,_
C19FRP,407
C19FRP,3491
C19FRP,3404
36145,_
43860,3895
49000,4389
36430,4450
43860,9903
99460,3895
36145,4389
43860,_
36430,4389
99460,4450
43860,5423
49000,4450
43860,9971
99460,4389
36145,4450
43860,5411
63075,8129
63300,309
22554,7769
63075,8099
63300,8051
63300,7769
22554,8099
63300,8129
22554,309
63300,8099
36484,_
60210,4021
31368,639
38724,3029
60210,4040
31368,4021
38724,639
60210,3029
96408,9607
43241,9925
44100,4527
51951,_
47563,5294
42170,_
61304,3951
28730,7760
28730,8309
28730,8345
28730,9820
11012,8114
28730,7710
28730,8302
28730,8339
28730,8628
11041,5423
11041,5411
10140,8669
10140,8628
15100,8604
10140,8345
31201,2263
26615,8036
27331,7933
26615,8016
26615,9829
27331,7923
11044,8077
27625,7760
27625,8345
28675,9353
24320,8388
32150,3339
C19IP3,5411
C19IP3,4525
C19IP3,5423
C19IP3,4610
65273,1371
66987,1060
65273,1341
58150,9604
57210,6561
31500,7071
57210,9971
31500,6561
57230,7051
49400,4572
C19FRP,3893
49400,5459
C19FRP,4709
49400,5423
49400,5411
C19FRP,4572
49400,_
C19FRP,5459
44141,4709
49400,3893
49400,4709
44950,3893
49400,4610
36488,6549
59120,3893
OO399,_
LL021,_
44143,5732
75820,8839
90935,8867
75978,3893
75820,3950
36450,8867
75978,9901
75820,3893
36488,8867
75820,9901
36450,3950
75978,8867
75820,3995
36488,3950
11044,7985
27147,7760
27147,8628
11044,7739
27147,8345
44900,6849
44900,5950
58152,4720
44900,6561
76986,4673
76986,4610
49320,4673
44603,5421
76986,4572
44141,4673
44603,_
76986,5421
67051,1159
65285,1475
67051,1289
65285,1359
90955,_
24500,125
61312,7901
24500,124
27506,7989
27217,7815
27217,8152
27217,7925
43600,5411
49000,4414
43600,5423
44141,4575
91020,9925
91020,331
91020,_
PO809,_
29365,8036
36488,6551
11041,7989
11041,7984
61250,9357
16010,124
61250,8628
XI20,_
25136,7764
25136,7804
IO82,_
24620,9344
24620,7810
29405,3391
29405,3323
27829,7989
27846,8199
32095,9925
26746,7934
11043,7711
23030,8345
26992,8345
27122,7785
27122,8140
25492,9357
16010,7813
31600,3491
32002,3121
31600,3404
49572,125
44140,5359
61314,5369
49572,4572
11044,8670
14041,7760
14041,8670
19110,7760
82069,_
51920,5251
51920,5296
48153,5784
51920,5136
51920,5270
25500,7989
26715,7902
25500,7922
44950,4575
12031,3491
12031,3404
27745,9820
25620,7809
21366,7932
25620,7672
20900,9971
27506,7800
20900,7925
21335,2172
58240,4590
44140,4850
44143,5760
44143,6880
58240,4572
44143,5671
44140,5760
44140,6880
58240,4575
44143,4850
59121,6549
59120,6602
PU381,7360
PU381,7359
PU381,_
PSI,_
21810,7819
C19IP2,3893
76986,3893
C19FRP,8659
15931,_
C19FRP,8630
10160,5474
49905,8601
46600,3991
35761,4921
46600,3800
10140,4513
10140,4685
43235,8604
10140,4525
47563,5122
47600,5123
11044,9903
49550,5421
49650,5329
24140,8345
52005,6909
58120,5980
58150,9646
58120,9649
52005,6561
58120,8773
58150,9649
52005,6849
58150,8773
58120,9646
58120,7252
59411,6909
NOTAPPLICABLE,_
12005,9357
27052,7789
27125,8035
27071,8152
27052,7785
27125,7789
27071,8035
27052,8152
27125,7785
23700,7939
23515,9326
23700,7929
15958,7789
15958,8382
15958,8630
29450,7860
27130,8345
11041,8339
21070,8302
21050,8339
21070,8345
21050,9820
21070,7650
11012,7631
21050,7710
21070,7760
21050,8309
21070,8339
21070,9820
11012,7650
21050,7631
21070,7710
21050,8302
21070,8309
21070,8628
47361,8309
11012,5000
26615,5061
11012,5099
47361,7923
47361,7760
47361,9820
26615,5000
26615,5099
47361,7933
47361,8302
47361,8345
26615,5029
11012,5061
22556,8051
22556,8129
26715,7923
14040,9357
33305,3749
33305,3961
31605,5349
44950,5631
52335,4709
44950,5522
11011,3121
49509,6270
54520,4590
44120,6270
54520,4563
44120,6230
54520,4562
43840,4590
44140,3482
39501,4572
44140,4442
44603,4461
47570,4673
51860,5132
43840,5781
44603,4442
47570,4461
43840,5132
47570,4442
51860,4461
44603,5132
47570,5781
51860,4442
58920,4610
44141,6522
58920,4572
90935,4533
44111,3995
90935,4500
44050,9357
16010,4680
44050,8628
23395,8377
47612,5459
47600,5136
44005,5151
49555,5459
44950,5329
49080,5339
C19IP2,4709
49555,5411
C19IP2,5329
49000,5339
49555,5425
C19IP2,5423
44005,5329
44320,9971
36145,4610
44320,9903
44320,3995
44320,3895
26645,8628
11043,7903
26645,8345
11043,7814
21248,8382
15757,8669
10140,7643
21198,8660
15738,8604
21248,7664
15757,8332
10140,8382
21198,8669
15738,7643
21248,8660
15757,8604
10140,7664
21198,8332
21248,8669
15757,7643
10140,8660
21198,8604
15738,7664
21248,8332
21198,7643
15738,8660
21248,8604
15757,7664
10140,8332
21198,8382
96400,_
56420,9933
44227,3880
37617,4650
44227,4575
27892,7760
50575,4709
36450,5521
58700,5620
58150,5631
44960,5732
58700,9649
44960,6651
50575,6561
58150,5521
44960,5620
58700,8773
58150,9645
44960,9649
50575,9901
36450,6651
58700,5631
44960,8773
36450,9649
58700,9901
50575,6849
36450,4709
58700,5521
58150,5620
44960,5631
36450,8773
58700,9645
44960,9901
50575,6651
44960,5521
58700,5732
44960,9645
51040,5850
52275,5717
51040,5732
26650,7760
26650,8309
26650,8345
26650,9820
26650,7710
26650,8302
26650,8339
26650,8628
ABORTION,_
OZ381,_
11042,7933
11042,7923
38700,9357
16010,4029
38700,8628
11424,8628
11424,8345
31595,403
11043,4311
43246,8630
15931,4311
43246,8659
12034,_
31600,4292
21433,7950
16035,7935
27514,8609
16035,7815
27659,7710
27659,8302
27659,8339
27659,8628
49080,6539
11403,8544
11403,8543
HEMODIALYSISPROCEDURE,_
11043,8077
33924,3799
14134,_
25145,7929
11044,7709
25263,7810
12044,8388
20690,7709
12044,7810
25645,8659
20690,7929
25263,7709
25645,8388
25145,8659
25263,7929
12044,7709
25645,7810
25145,8388
12044,7929
11043,7709
25145,7810
25645,7709
20690,8388
25263,8659
36430,4415
43605,9971
43605,9903
31500,7760
31500,8309
31500,9820
11012,9604
31500,7710
31500,8302
31500,8339
OO22,_
32020,7989
27218,3409
32020,8989
27217,3409
21181,206
16010,7931
24516,9357
16010,8444
24516,8628
67039,1372
28436,8345
52601,5423
49000,5850
49000,6373
47122,4610
44141,5022
90935,640
60254,3995
90935,4040
55040,5810
55040,5860
55040,6094
55040,8929
55040,5732
55040,5850
55040,6029
55040,6373
55600,6072
24130,8388
24320,7783
24130,8381
27664,407
27892,8364
27664,8314
19160,8309
19160,8345
19160,9820
11011,8523
19160,8302
19160,8339
44000,_
12037,8628
12037,8345
26110,7710
26110,8302
26110,8339
38740,8544
19160,4023
38740,8543
19162,4023
38740,8523
64835,8339
64835,9820
25263,430
64835,8302
64835,8388
11011,430
64835,8309
44960,4620
10160,4562
44150,4579
49255,4582
10160,4595
49255,4579
10160,4593
44150,5440
44005,8601
44960,4582
44160,4595
49255,4620
44150,4709
36488,5759
11043,8115
49505,4680
23570,125
61312,7909
23570,124
11040,125
11040,124
38746,4029
28800,7760
11012,8412
28800,7710
29085,9820
12032,2181
12032,881
12032,2751
12032,1840
19101,8309
19101,8345
19101,9820
11011,8511
19101,8302
19101,8339
19101,8628
CR001,_
NI120,_
54161,9788
54161,8628
20680,6400
54161,7860
54161,8345
11044,6400
54161,294
54161,7760
27331,8388
11041,8016
27652,7815
27652,8309
27502,8149
11041,8036
27652,7925
11041,7710
27502,8388
27652,8016
11041,9829
27652,8152
27652,8345
11041,7905
27506,8149
27502,8016
27652,8036
27652,7710
11041,8302
27652,9820
27331,7905
11041,8149
27506,8388
27502,8036
27652,9829
27652,7760
27652,7905
27331,8149
11041,8388
27502,9829
46250,4542
45383,4946
46250,4514
46250,4543
43239,4946
45383,4514
46250,4523
51530,5749
JN185,_
C19IP3,9357
C19IP3,8628
24546,8071
23105,7842
ECV89,_
52620,6270
52620,6230
59120,6551
58940,6549
59120,6539
11011,7780
75756,8849
POO9,_
15946,7789
15946,8630
15946,8628
15946,8382
15946,8345
61305,3121
96450,9901
36450,331
63283,340
26210,7933
26615,7769
26210,7923
45383,4685
45383,4525
54600,6270
19125,6849
58150,8521
19125,4590
31602,_
45121,_
99460,4825
36551,_
46900,4563
C191P2,_
PO821,_
90935,6099
55859,3995
NSD,6970
30310,8309
30310,8345
30310,9820
11011,9812
30310,8302
30310,8339
30310,8628
27814,8199
27822,7989
27846,7819
14300,7933
26746,8689
14300,7923
96408,5294
43264,9925
96408,5188
25520,8381
26420,7902
58120,6902
59812,6909
OO809,6970
11012,8303
27301,7710
OU4,_
43117,4241
43117,4252
43117,4350
43117,4429
36488,8446
27881,3893
36488,9353
27881,3995
36488,8415
45305,4685
45170,4824
44146,4835
45305,4594
45170,4610
44146,4525
44146,4685
45305,4835
45170,4579
44146,4824
45305,4579
45170,4594
CR033,_
55040,5411
49651,5423
55040,5423
49651,6310
55040,5421
49651,5411
63740,309
63740,379
59513,7860
36430,7071
57210,9903
58662,7499
19101,3409
32020,8511
58661,9903
47350,5459
44005,5061
44388,5423
44388,5411
44388,4650
27507,7931
26010,8345
49080,4341
76360,5425
43244,8838
49080,4233
76360,4341
43244,5425
49080,8838
76360,4233
44389,4594
27514,5423
27514,5411
47612,8753
47610,5136
11044,8414
27888,7760
27888,8345
11750,6270
54520,8623
11750,6230
27760,9357
55041,6352
54600,6310
55041,6250
C19IP3,3491
C19IP3,3404
C19IP1,7360
C19IP1,7359
23420,7939
23515,8363
23420,7929
26951,3991
35761,407
44800,4563
44120,4533
44800,4590
44800,4562
11044,8662
26121,7760
11044,8630
15933,8345
43820,4461
43840,4439
43820,4442
44130,9971
76942,8192
76942,8396
20610,_
76942,8191
76942,8394
32491,3221
32491,3249
12035,7760
12035,7710
29345,7749
20225,9353
29345,7745
29065,7745
43255,8309
43255,8345
43255,9820
11011,4233
24516,8345
49525,6230
11012,8662
26123,7710
C19IP2,9971
C19IP2,9903
37184,3800
37184,3929
37184,3974
37184,8840
37184,9910
91105,8628
11043,9607
91105,8345
70270,7360
70270,7359
70270,_
77410,_
20235,_
27510,8036
11010,8076
17274,8630
30915,2104
43638,5423
49000,4350
62005,3121
62005,125
31600,202
62005,124
27235,7925
32002,7925
25628,3404
25574,3409
36430,7933
32002,7932
25628,9971
27506,3404
32002,7815
32020,7925
25628,8152
25574,3491
32020,7932
25628,9903
25628,3409
36488,7933
25574,3893
32002,9971
32020,7815
25574,3404
27506,3409
32002,7933
25628,7932
25574,9971
32002,8152
25628,3491
25574,7933
32002,9903
25628,7815
36430,3404
27506,3491
32020,7933
25628,3893
25574,9903
23585,8036
27331,7939
23585,8016
23585,9829
64840,430
11043,3845
35002,8628
11043,3842
11043,3952
35002,8345
49522,4590
50060,5502
RA011,9901
C19IP2,9901
61304,3995
61304,3893
24342,7760
24342,8309
24342,8345
24342,9820
11012,8373
74475,3995
OP369,_
26735,3402
26356,3409
25545,7934
32110,8251
32110,8309
32110,7932
26735,3349
26356,3402
25545,7924
32110,7934
26735,8251
32110,8302
32110,9820
26356,3349
11012,3402
25545,3409
32110,7924
32110,7760
26356,7932
11012,3349
25545,3402
26356,7934
25545,8286
32110,7710
25545,3349
26735,3409
26356,7924
25545,8251
32110,8286
32110,8339
27360,8309
27360,9820
11012,7785
27360,7710
27360,8302
27360,8339
24435,9353
29065,7809
RECTALCA,_
NSD01,3991
35761,_
NSD01,3800
45982,_
47630,5459
44005,5198
49572,5349
49585,5359
58540,6840
59525,6949
58540,6839
44144,4685
45378,4613
44144,4525
47420,6849
52640,5810
52640,6029
52640,8929
52276,5749
24579,479
24685,7931
64718,8628
24579,460
24685,479
11000,7931
64718,7932
24579,8628
24685,460
64718,7931
11000,460
24685,7936
24685,7817
28045,8345
22449,_
26860,7760
26860,8309
26860,9820
26860,7710
26860,8302
26860,8339
26860,8628
11000,9359
11000,7945
UO2,_
11000,881
11000,1060
25248,9357
16010,7702
03034,_
43239,4439
43239,5459
44005,4514
43820,4514
12002,7906
27752,8659
19120,139
61154,8521
19120,124
48545,7936
27535,5295
48545,7817
12013,7931
12013,7842
11042,7931
24546,8659
11042,7842
27502,7932
24685,8012
24000,7815
15736,7810
15736,9353
29450,7710
28496,9353
29450,7760
29450,8415
29405,8669
29450,8339
27550,3808
29365,3891
20690,7976
34201,9353
27550,7810
29365,3806
20690,3808
26418,7924
12011,7934
12001,8286
12011,8286
12011,7924
50100,3955
28705,8111
14001,8628
14001,8345
66630,1341
36488,3724
32604,9901
36488,3422
32020,3724
32604,3995
90935,3724
32604,3409
90935,3422
36450,3724
32604,3893
36450,3422
C191P1,4610
C191P1,4575
C191P1,3893
65093,9821
65275,1631
65093,1151
23550,8309
23550,8345
11011,7981
23550,8302
23550,8339
37760,7710
37760,8302
37760,8339
37760,8628
54535,4709
LO88,_
29345,9359
27509,9353
29345,7945
27250,8401
26952,7975
27250,407
28200,8017
27766,8388
28200,7929
27610,8388
28200,7819
11040,3491
11040,3404
30801,2150
30520,2132
27603,9901
19272,3440
19272,3479
19272,4029
19272,7791
26260,7769
NSD01,5151
47420,_
NSD01,5104
46740,_
27448,8345
33208,3995
90935,3772
43215,8628
11043,9802
43215,8345
51040,8628
11043,5717
51040,8345
28415,7929
27766,7939
28415,7819
11000,8286
12044,7360
12044,7359
27390,8313
54620,6100
55110,6250
MM982,9971
MM982,9903
MM982,_
51010,4639
99460,5711
43352,_
43405,4211
43831,4282
44130,4319
51010,4590
43352,5711
43405,_
44130,4282
51010,4319
43352,4639
43405,5711
43831,_
44130,4211
51010,4282
43352,4590
43405,4639
43831,5711
51010,4211
99460,4282
43352,4319
43405,4590
43831,4639
44130,5711
51010,_
99460,4211
43352,4282
43405,4319
43831,4590
31500,5498
C19FRP,9604
C19FRP,5498
90945,9604
C19FRP,3995
11083,9604
C19FRP,8286
26350,9604
11083,_
31500,8286
26350,_
11083,8286
LTCS1,_
21243,7650
11000,139
61150,8628
64898,450
69421,2001
27329,8382
98635,9925
98635,5423
98635,5411
98635,_
49080,4429
43639,5425
49080,4350
20650,7360
59409,7810
59409,9344
20650,7359
59409,7860
23500,9344
23500,7810
23500,7925
22849,7859
60100,639
11044,3110
12036,124
31603,8659
12036,125
31603,7760
12036,3110
61314,7902
61314,7932
26910,9357
64721,8403
11012,8212
25900,460
16010,479
64721,8302
26037,8405
16010,8403
26037,460
26037,8339
64721,8345
47610,9903
20937,7809
20937,7925
47610,8601
10160,8753
10160,5122
27536,8444
23616,7936
27536,7931
NI86,_
26750,8401
26951,7904
26750,407
TERMLIVEBIRTH,_
49080,5440
27499,7760
27499,8309
27499,8345
27499,9820
27499,7710
27499,8302
27499,8339
27499,8628
44143,4823
49000,4836
45308,5423
11010,7938
50830,5999
08/09,_
26479,8255
25023,8628
C19IP4,3893
90993,3893
26841,8129
33210,3780
33207,3770
33210,3776
MCP10,_
63003,8628
63003,8345
11042,4800
61313,8417
58600,6589
58740,6639
44320,4590
44320,4572
49900,4610
28525,8411
28825,7938
31500,7939
23515,9604
31500,7929
10160,4709
44310,8601
44950,8601
10160,4620
61314,3110
52332,6829
36815,3995
61321,233
08080,_
11720,8403
26910,8627
11720,8401
27646,7767
23650,8192
23650,8396
20610,7971
23650,8191
23650,8394
11042,8672
46288,8628
11042,4973
75989,9971
36430,8839
75989,9903
11043,5122
47600,8345
54670,6270
55110,6261
54670,6230
54520,6261
54670,6100
27756,7986
41155,7800
20962,2749
15734,7631
20962,8332
41155,8382
31622,3893
43235,3324
33015,4513
33015,3324
32110,4513
36488,3349
43235,3409
32110,3324
32020,4513
31622,3349
43235,3402
32110,3893
31622,3712
43235,3349
33015,3402
36488,3324
31622,4513
43235,3712
33015,3349
61512,9971
61512,3893
AZ392,_
25907,7710
47360,8302
25900,3886
MO820,_
11403,5732
52310,8630
11403,5700
59411,7860
24605,5459
24605,6849
24605,6561
24605,_
31500,7360
59409,9604
31500,7359
40650,9344
40650,8152
20650,2759
40650,7860
40650,7925
27506,2759
40650,7810
40650,7815
59814,6849
58150,6959
59814,6561
15931,294
15931,9788
15931,7860
LO23,_
16010,8672
29838,8082
54550,5421
49650,6200
96408,5749
26055,8192
26055,8396
20610,8301
26055,8191
49180,5423
36488,5424
49180,5411
49000,5424
49180,3893
74300,5151
44005,8754
47420,8766
74300,5459
44005,8766
47420,5459
74300,5104
47420,8754
67935,7760
11044,1060
27846,9357
27070,8345
27070,7760
11043,8416
31579,9357
16010,3142
31579,8628
OZ34,_
31040,2290
54161,5310
49505,6400
54161,5300
51920,7040
58275,5784
51920,6859
54435,6498
31600,9971
36430,3121
31600,9903
67005,1214
66984,1471
67005,1371
66625,1471
67005,1330
34688,8628
C19IP4,3995
34688,_
C19IP4,8628
34688,3995
24500,7749
20245,7901
20225,7742
24500,7745
20225,7901
24500,7742
11010,3952
15120,8411
28800,8669
28800,8411
28810,8412
28810,8669
15120,8412
96408,5440
90037,_
OO101,_
27550,9971
36430,7976
27550,9903
49080,3959
11043,5425
35206,5425
49080,8345
20670,8411
27610,8415
28810,8017
27880,7860
20670,8017
20670,8415
27610,7860
27610,8411
28810,7860
27880,8017
44850,5781
44143,5475
51860,4575
44850,4610
51860,5475
44850,4575
66984,3980
60605,1330
28116,7789
27524,7934
27524,7924
61130,159
62161,124
61130,_
P0000,127
61130,299
62161,_
61130,127
P0000,159
16040,3893
16040,8669
15100,3893
75980,9901
36488,8754
75980,3893
36450,8754
20251,7760
20251,8309
20251,8345
20251,9820
11012,7749
20251,7710
20251,8302
20251,8339
20251,8628
46934,4685
45378,4949
46934,4525
54336,5845
54336,5849
26665,8628
11000,7814
20200,8628
11043,8321
20200,8345
45320,4912
46260,4543
45320,5400
45020,4946
45320,4993
45020,4543
45320,4946
46260,5400
46280,4946
45320,4911
46260,4993
46280,4543
49420,9971
49420,9903
27513,7905
PO02,_
22112,7769
11000,8662
27880,407
PO30,_
27650,7810
27514,7936
27506,4590
44120,7815
27506,4563
27506,4562
44120,8152
44120,7925
28046,8345
25420,8345
19162,8570
49060,8345
36488,8840
90935,9910
35476,3893
37187,3995
35476,8840
43121,4241
43121,4252
43121,4350
43121,4429
27603,3893
93529,3723
OZ032,_
27880,4513
36011,8415
43235,8411
27880,4525
36011,4685
11043,4513
43235,8345
36011,8411
11043,4525
28810,4685
43235,8415
27880,3893
32654,3409
36568,3491
49560,6639
58600,5361
58600,5351
19182,9357
16010,8534
19182,8628
90953,_
44405,_
11043,4685
45378,8345
27511,7810
20690,7935
28808,_
22842,3780
31600,7859
33207,3121
22842,3776
31600,3780
33207,7859
22842,3121
31600,3776
26776,8689
11041,2559
41112,8628
11041,2510
25515,7933
25515,7923
26600,5423
49000,7903
26600,5411
39501,4610
44140,4680
44050,4590
65093,881
67935,1631
65093,1060
21195,7643
27372,9357
95513,_
95612,7759
95612,7360
95612,_
KO46,_
62141,125
43750,206
75665,4311
62141,124
43750,125
75665,206
62141,8841
43750,124
75665,125
61304,206
62141,4311
43750,8841
75665,124
63016,7749
32405,309
20225,3326
63016,7745
32405,7749
20225,309
63016,3326
32405,7745
44005,5294
44005,5188
43264,5459
49180,5980
52332,5424
49180,5732
50520,5583
32002,8544
19240,3404
95940,7360
95940,7359
95940,_
59514,8908
59514,9938
59514,9449
59400,7499
59514,9059
11042,4590
44620,8628
11042,4562
11042,4650
27828,7809
49590,4563
23920,7760
23920,8309
23920,8345
23920,9820
11012,8408
23920,7710
23920,8302
23920,8339
23920,8628
44603,5103
48001,4673
44603,4639
48001,5423
44603,4319
44603,5299
48001,5411
C19IP2,7760
C19IP2,8309
C19IP2,8345
C19IP2,9820
C19IP2,7710
C19IP2,8302
C19IP2,8339
C19IP2,8628
28615,8669
28820,7937
11040,8345
28485,8669
28820,7989
15220,8411
11040,7760
28820,8669
15220,7937
11040,8411
15220,7989
28615,8411
11040,7989
28485,8411
20680,8152
35566,8403
28825,3929
26910,8411
35566,8401
28825,8403
26910,3929
35566,8411
28825,8401
32020,3459
32320,3409
SO651,125
SO651,124
SO651,_
11043,6849
58150,8345
51040,5810
51040,5860
51040,6094
51040,8929
52601,5717
51040,6029
51040,6373
29605,_
51550,4610
51550,4575
28585,7760
28585,8309
28585,8345
28585,9820
28585,7710
28585,8302
28585,8339
28585,8628
JU310,_
IO624,_
4902O,4675
4902O,4673
4902O,5459
44602,_
4902O,5423
44604,_
4902O,5411
4902O,_
45382,8628
11043,4523
29871,8628
11043,8026
29871,8345
C19FRP,9971
C19FRP,9903
36014,3891
45300,4572
44140,4824
22558,8051
22558,8129
99432,7360
59409,9929
59409,9959
99432,7359
59409,9933
51030,5779
66250,5719
90935,1283
51596,3995
51030,9901
66250,5671
36488,5779
36450,5759
51596,1283
51030,3893
66250,3995
36450,5779
51596,5719
47490,8753
47610,5101
47490,5122
22305,8628
22305,8345
33208,3770
33210,3772
TO28,_
06810,7360
06810,7359
06810,_
AS89,_
28208,7909
28400,8016
27310,8381
28208,8016
28400,7710
28400,8381
27310,7909
28400,7760
12011,9359
27509,8659
12011,7945
TO19,_
SOO0,_
20822,8403
26910,8422
20822,8401
C19IP2,4610
C19IP2,4575
47600,4850
45110,5122
47600,4610
27827,7929
36432,_
21395,1663
21395,7679
11042,8669
35371,3818
44310,4824
45300,4620
58720,7052
57260,6849
58720,7051
57260,6561
58150,7051
24515,7745
29345,7939
29345,353
41011,_
19200,6849
58150,8545
31584,3164
31584,3169
11422,7360
59409,8630
11422,7359
45305,9971
45305,9903
57300,4979
46740,7073
57300,4899
21820,7909
OA,_
28645,8609
28645,9357
16035,7989
27598,9971
36430,8416
27598,9903
49560,5349
49580,5351
67973,884
67961,869
67973,8671
66982,1341
58661,9971
44005,7499
59514,5459
43611,4513
43611,5423
43235,4342
43611,5411
26418,8401
26418,407
46600,4946
26037,8192
26145,8394
46045,4959
46200,4824
46045,4939
45300,4959
46200,4901
46045,4824
36450,6869
58210,5674
50780,9901
36450,4030
50780,6869
58210,9901
50780,4030
10140,4613
C19IP1,8604
10140,4579
C19IP1,4613
44144,4575
44143,8604
10140,4709
44960,_
C19IP1,4579
44143,4613
10140,4575
44960,8604
C19IP1,4709
44144,_
44143,4579
10140,4610
C19IP1,4575
10140,_
C19IP1,4610
43265,5294
28208,9357
16010,8381
31600,4041
60240,3121
31515,640
41114,3142
43246,2510
41135,2559
31600,4311
60240,2520
31515,4041
41114,3121
43246,640
41135,3142
31600,2510
60240,2559
31515,4311
41114,2520
43246,4041
41135,3121
31600,640
60240,3142
31515,2510
DMNEPHROPATHY,_
32006,_
32006,3491
32006,3404
33908,7499
06890,7499
33908,_
27507,8382
26615,8669
28525,7935
15738,7923
27507,7933
26615,7938
28525,8332
27507,8669
26615,7935
28525,7923
15738,7933
27507,7938
26615,8332
28525,8382
28525,7933
15738,7938
27507,8332
26615,8382
28525,8669
15738,7935
27507,7923
69502,8628
69502,8345
11012,3991
35701,407
26951,7932
25545,3893
36488,3802
35701,8339
36488,407
35701,8401
26951,3893
25545,3802
36488,3991
35701,7710
25545,407
36488,8401
35701,7932
26951,3802
25545,3991
35701,7760
35701,8628
25545,8401
35701,3893
11012,3802
35701,8302
49255,5498
49420,3893
49255,3995
49420,5440
49255,5419
90945,5440
49255,3893
36488,5419
28230,8313
90935,4639
90935,5299
48001,3995
90935,4319
61312,202
29085,8251
29405,7842
27758,8152
27758,9344
20690,9353
29405,7925
65280,7925
27506,1289
65280,7815
65280,8152
27506,1159
23145,7771
23145,7801
11420,5310
49520,8630
11420,5300
29435,8345
C191P4,_
44110,4675
58150,4500
49255,4533
44110,5440
49255,4675
44950,4500
44604,4533
44110,6561
58150,4533
44604,5440
44110,4709
49255,4500
44110,6849
50920,5684
AVE07,_
23615,7925
54390,5845
66185,1371
66982,1699
66185,1330
10160,8192
10160,8396
20605,8601
10160,8191
10160,8394
23030,9971
36430,7711
23030,9903
PO25PO34,_
52214,3995
26951,9353
75860,8867
25575,7939
23172,8345
58661,5411
44346,5411
27331,9359
27509,7815
27513,7860
27524,9344
27513,9359
27524,7810
27509,8036
27513,9829
27524,7945
32020,5641
50220,3409
25280,7925
26607,8385
25280,7913
26607,7925
25280,8385
SS17,_
12052,5781
49000,1840
51860,2181
51860,881
12052,5411
49000,2181
51860,2751
49000,881
12052,5423
51860,1840
49000,2751
51860,8659
00034,_
20690,8417
27590,7810
59600,_
36481,3995
75984,3893
36481,8839
75984,3995
36481,5512
60761,_
31500,9815
31635,9604
31500,3323
61512,9604
22843,7760
22843,8309
22843,8345
22843,9820
22843,7710
22843,8302
22843,8339
22843,8628
15100,8411
27295,8345
46275,8672
44388,4911
46288,4912
44388,4973
44388,4912
46288,4525
46275,4973
44388,8672
46288,4911
60240,9357
16010,640
60240,8628
11043,8030
21139,7646
24516,7760
24516,8309
24516,9820
24516,7710
24516,8302
24516,8339
27380,9353
27535,8364
29365,8364
26765,7933
26776,7924
26765,7819
26776,7923
26776,7934
26765,7923
26776,7933
47720,9971
36430,5132
47720,9903
36510,4639
44130,3892
36510,4590
38510,2211
31237,2102
38510,2103
36488,2121
30905,2211
31237,4011
36820,_
50040,3993
36800,5502
36800,5501
11011,3893
20245,5419
20245,5440
44320,7742
58960,7745
QE119,_
20805,8423
49201,6551
58940,6589
49201,6539
58740,6551
58940,5440
58740,6539
46705,9623
36488,4979
46604,3893
46705,4921
46604,4979
46705,3893
36488,4921
HCVDFCI,_
32020,8605
10120,3409
NSVD,_
50010,5633
50010,9646
19180,8595
19357,4023
38740,8595
19357,8541
38740,8570
44322,9901
55951,_
77401,6813
36568,4685
43239,3893
36568,4525
36568,4514
25405,8345
25676,7979
25520,7989
25676,7902
21556,9357
C19IP4,139
61154,_
C19IP4,124
26020,8309
26035,8339
26020,8628
26035,9820
11011,8201
26020,8209
26035,8302
26020,8339
26020,9820
26035,8201
11011,8209
26020,8302
26035,8309
26020,8345
11043,7975
71275,_
29425,9357
31575,2211
31575,2121
62270,3409
61312,331
62270,3893
62270,125
32020,331
11601,9357
11601,8628
90935,3809
50620,3893
34421,3995
50620,3807
50620,3995
34421,5620
50620,3809
27236,7936
27766,7935
27236,7819
21245,1623
67400,7643
21245,1609
67107,1341
67051,1455
67107,1475
67051,1452
66987,1455
67107,1474
67051,1449
66987,1452
60100,4685
43234,611
60100,4525
45378,611
60100,4513
31600,8382
49562,5459
59513,4709
58943,7499
44950,7499
59513,4011
67036,9821
65275,1474
67036,1151
46050,9357
16010,4901
44005,8332
21556,5459
03218,_
04290,_
03310,_
06980,_
03210,_
30003,7499
42084,_
49255,6651
58925,4030
MCP1,_
24615,8388
24320,7982
24615,8381
51892,_
24341,3891
34111,8388
24341,3803
25035,7760
25035,8309
25035,9820
25035,7710
25035,8302
25035,8339
25035,8628
28436,8628
11041,8286
EI120,_
58720,6840
59525,6561
21462,7906
27752,7676
76942,3995
C19IP2,3995
32420,3393
29075,3391
29075,3323
38747,4590
47120,4030
38747,4572
47120,4590
38747,5022
47120,4572
52310,6849
58152,5732
58152,9646
44603,5310
49509,4673
44603,5300
P0000,6639
58673,6561
P0000,6602
58720,6639
58673,_
58720,6602
14041,881
67935,8689
14041,1060
11011,479
64718,8302
64718,8339
67400,7859
21365,1609
43340,5423
47000,4254
43340,5411
49000,4254
43340,_
96408,3452
32652,9925
96408,3339
20808,7760
20808,8309
20808,8345
20808,9820
11012,8423
20808,7710
20808,8302
20808,8339
20808,8628
58925,7430
59135,6529
58925,6849
31579,8345
47562,9357
16010,5123
69440,8628
11043,2023
69440,8345
27707,7760
27707,8309
27707,8345
27707,9820
27707,7710
27707,8302
27707,8339
27707,8628
99460,4579
67904,1692
67412,833
67904,1609
90942,_
CR469,_
36430,5631
52335,9903
32115,_
UO70,_
30310,7760
25545,9812
30310,7710
11012,9812
30310,7932
27424,7796
27424,8147
21840,_
28140,7760
21840,8302
28140,8339
21840,8345
28140,9820
21840,7798
28140,7710
21840,7760
28140,8309
21840,8339
28140,8628
21840,9820
11012,7798
28140,_
21840,7710
28140,8302
21840,8309
21840,8628
36488,3808
C19IP4,3808
20900,8345
43260,5132
47721,5110
43260,4439
44960,7360
59409,4709
44960,7359
11042,4639
28200,9357
58600,8630
59514,8659
15951,6639
59514,7789
58600,8659
15951,7499
58600,7789
59514,8630
C19FRP,8345
11044,_
C19FRP,8411
28820,_
C19FRP,7760
29820,8082
29820,8181
29820,8041
29820,8021
29820,8363
49080,3780
C19FRP,5425
33208,_
49080,3772
C19FRP,3780
33208,5425
C19FRP,3772
C19IP2,4685
C19IP2,4525
11470,8628
11470,8345
27086,8628
27086,8345
ICD10,_
26040,8345
49080,8192
49080,8396
20610,5425
49080,8191
49080,8394
11044,7702
77261,3491
33875,3929
33875,3958
66984,1289
27758,7809
27758,3999
20972,3999
20972,8670
HYPERTENSIONII,_
RVS27,_
31011,8016
TO13O,8628
27310,_
RVS27,8628
31011,_
TO13O,8016
RVS27,8016
31011,8628
TO13O,_
54161,9820
11010,6400
67930,2181
67930,8659
67930,1840
67930,2751
12046,7360
12046,7359
19367,8541
11043,8572
19180,8345
11043,8541
19180,8572
19367,8345
42426,4040
15738,2633
38724,4041
42426,8332
38724,8669
42426,4021
15738,4040
38724,2633
38724,8382
42426,8669
15738,4021
15738,4041
38724,8332
42426,8382
32020,3420
32020,3320
20926,9357
20926,8628
20926,8411
21343,1809
69000,7929
21344,1809
NSD,7360
NSD,7359
49521,4709
49521,4680
PPIUD,6970
PPIUD,7360
PPIUD,7359
PPIUD,_
49082,_
90985,_
12014,7760
12014,7710
29450,8309
29450,8345
29450,9820
29450,8302
29450,8628
43850,4450
26055,8309
26055,8345
26055,9820
11011,8301
26055,8302
26055,8339
26055,8628
11765,8628
11765,8345
11044,8456
27488,8628
90935,1475
67025,4131
90935,1471
38220,1475
67025,3995
90935,4131
38220,1471
CV910,_
TH360,_
69960,2099
67930,9357
67930,8628
26952,3995
90935,407
GFDGDF,7360
GFDGDF,7359
GFDGDF,_
27049,5310
49505,8339
27049,5300
PO34PO11,_
69436,2211
31237,2001
69436,2121
C19IP1,3491
C19IP1,3404
44143,4503
44025,4575
49201,5349
49580,5440
49201,5341
SO640,_
11040,8630
24500,7932
25575,7901
27331,8381
27381,8016
27381,9829
27331,8364
27381,8036
57522,6813
C19IP2,8753
47610,_
C19IP2,5122
20662,294
20662,9788
58951,9971
58951,9903
27745,7936
27827,7819
27745,7817
50630,5631
50630,5501
52337,5620
50010,5522
50630,5522
36011,8309
36011,9820
36011,8302
36011,8339
63266,340
27385,9357
16010,8365
23660,7851
23480,7981
23660,7731
11041,8630
36488,8192
15100,8394
20610,8669
10060,8192
36488,8396
20610,8604
36488,8191
15100,8192
10060,8396
20610,3893
11042,8604
10060,8191
36488,8394
15100,8396
10060,8669
15100,8191
10060,8394
57240,7360
59409,7051
57240,7359
LO310,_
11040,4850
45112,8628
11040,4840
47300,4613
44005,5021
47300,4579
47300,5459
44144,5021
47300,4610
11426,8345
21557,4040
38724,8339
21557,4021
44389,4443
44389,4233
20610,4685
45378,8191
45378,8394
47620,5294
43264,5183
45111,6849
45111,4590
57415,9820
11010,9817
57415,8628
11646,7760
11646,8309
11646,8345
11646,9820
11646,7710
11646,8302
11646,8339
11646,8628
27235,7860
15100,8544
15100,8543
39501,4150
38100,3482
44314,4442
43840,4641
44314,4461
35207,8628
35207,8345
58100,7071
57250,6711
44365,4513
44365,4514
44365,4533
49505,6097
53852,5300
14300,8388
25270,8689
11000,5310
49525,8628
11000,5300
46656,_
C19IP4,5498
31600,233
C19FRP,3121
C19FRP,233
62223,_
61304,233
62223,3121
C19IP3,4563
44120,_
C19IP3,4709
C19IP3,4562
C19IP3,4590
C19IP3,5459
21550,2211
C19IP2,8321
21550,2121
C19IP2,2211
31237,8321
21550,_
C19IP2,2121
26607,7933
11042,7913
26607,7923
26615,7913
19162,8908
28005,9357
16010,7719
49507,4461
43840,5300
27236,7925
15758,8628
15758,8345
27792,8016
28008,8446
47610,5294
58951,6551
58951,4011
58951,6651
58943,4030
12042,7924
15120,8401
26765,8659
12042,8669
12042,8401
26951,8403
15120,8659
26765,8669
15120,7924
UO7,_
61700,3121
31600,3951
PO24,_
59120,5440
58200,6529
58200,6549
59120,4030
58951,6549
59120,4011
58200,4030
49420,8839
74475,5419
49420,5512
27780,7936
27780,7817
25263,8314
24495,8388
25263,3803
27758,5423
27758,5411
11041,3891
34201,8417
11041,3806
27590,3891
11041,8417
34201,8628
27590,3806
11041,3808
51550,6589
51550,9971
58740,5760
51550,9903
44389,9971
44389,9903
27381,7710
27381,8302
27381,8339
OO940,_
68362,1623
67400,1153
68362,1609
12029,_
81231,3995
12029,3995
81231,_
38525,8541
19340,4011
38525,8554
19180,4011
38525,8553
61885,139
61885,8696
COPD,_
HASCVD,_
ASYMPTOMATICHYPERURICEMIA,_
VDC54,_
HCC54,_
49080,4030
90937,_
43200,8753
47605,4223
43200,5122
23156,7772
23156,7802
61539,124
36489,_
52275,5700
35005,3842
35005,3995
90935,3842
35005,3952
47379,_
06980,7491
41108,_
59100,2724
06980,6800
41108,7491
06980,2724
41108,6800
04410,_
36511,9970
01608,_
41510,2559
21125,7849
43326,4466
C19IP1,4469
43750,4211
43326,4311
C19IP1,4466
43352,4469
43750,_
43326,4211
C19IP1,4311
43352,4466
43750,4469
43326,_
C19IP1,4211
43352,4311
43750,4466
43326,4469
C19IP1,6970
77261,6999
25645,9820
29871,9971
36430,8026
29871,9903
75953,3995
49507,4679
44615,5310
49507,4500
49507,4685
44615,5300
26608,7934
26735,7814
26608,7924
27356,7762
27356,7805
27372,3991
11010,3800
27372,3800
11010,3991
35761,8016
34282,_
44950,5451
44180,4709
04790,_
68815,881
67935,944
68815,1060
67049,1372
66985,1380
66850,1490
67036,1459
67108,1474
67036,1449
64702,479
C19X3,_
75994,3950
31370,3029
NSD01,5411
NSD01,5425
26670,7933
26615,7974
26670,7923
58600,6522
58920,6639
25248,8628
11000,7702
27468,7845
62008,7499
03390,7499
62008,_
26130,479
64721,8073
26130,460
11010,8302
44005,4850
45110,5459
27025,8630
44180,4030
58210,5451
44180,3893
36488,6869
58210,3893
44180,6869
36488,5451
36488,4030
35131,3995
12001,9353
05272,_
NSDO,_
25443,8174
39501,7760
11012,3482
39501,7710
39501,8302
39501,8339
39501,8628
C19T1,7360
C19T1,7359
57307,4850
50727,5771
57307,6890
50727,7073
51597,5599
50727,4850
57307,6880
50727,6890
51597,7073
57307,5599
50727,4610
57307,5771
50727,6880
50727,5599
32650,9925
96408,3460
96408,3421
43268,4341
43244,5293
43268,4233
47785,5423
49000,5499
47785,5411
FRP19,_
11043,8203
26025,8345
26460,9357
26548,8211
16010,8172
26460,8628
26548,9357
16010,8211
26460,8172
26548,8628
90935,6062
55801,3995
36488,3998
55801,3893
90935,3998
36488,6062
12031,9357
38520,8628
38520,8345
26862,8403
26910,8128
26862,8401
67930,1289
65280,881
67930,1159
49520,3995
12004,9357
38520,9971
38520,9903
11043,3404
21249,125
61312,7643
21249,124
26600,7819
27756,7903
27524,9353
29075,8152
27827,7935
29075,7817
27245,8152
29075,7925
27310,8152
29075,8016
29075,7815
27524,7817
27245,7815
27310,7925
29075,7935
27827,8016
27310,9353
29075,7936
19240,8546
19200,8543
27513,8036
25620,8382
27236,5310
49505,7935
27236,5300
15732,640
60254,8332
60254,8669
15732,4040
60254,8382
MCOP01,_
9AX59,8401
9AX59,407
9AX59,_
45825,4610
11043,7938
11043,7702
25676,9344
27503,7760
26121,7710
11011,8609
P0000,5498
P0000,5419
XA,9821
XA,1151
64742,403
27828,7926
65875,1371
66987,1233
65875,1341
58740,6829
58140,6589
66225,1285
21160,7646
26750,7934
26735,7904
26750,7924
PO10,_
05282,_
32000,4461
43840,3491
32000,4442
55101,8382
44320,8669
15734,6100
55101,4610
44320,8332
55101,8669
44320,6100
15734,4610
55101,8332
44320,8382
C19IP3,7360
C19IP3,7359
27832,7936
27828,7989
27832,7817
48000,4572
44141,5299
48000,4610
28525,7908
28510,9353
28510,7938
29405,7908
60220,2749
29065,7702
25248,8388
25263,9353
27245,7805
27170,7935
27245,7775
11043,4873
11043,4911
11043,4993
46060,8345
44602,4572
36488,3961
33877,4610
36488,3954
44320,3961
33877,3893
44320,3954
27470,7925
29450,8669
29450,7810
63709,309
63709,359
P0000,6840
P0000,6839
P0000,4575
44145,3893
44188,4513
44188,4579
36488,4594
44145,4513
43235,4594
44145,4610
44188,4594
53415,6270
54520,5849
53415,6230
46744,4879
46744,4979
46744,5849
46744,7079
90923,_
08002,_
47000,8753
47000,5122
44950,4502
44021,4709
29075,7937
50610,8773
52000,9646
11000,3808
49085,5498
90945,5492
49085,3995
44970,6310
55550,4701
44970,5421
54440,8628
11043,6498
54440,8345
59514,5310
49522,7499
59514,5300
10120,9820
11010,8605
19160,8669
15756,8523
19160,8332
ER112,_
90935,6529
29065,8192
29065,8396
29065,8191
29065,8394
C19IP2,6270
54520,_
C19IP2,6230
43235,8309
43235,9820
11011,4513
43235,8302
43235,8339
65093,7760
65093,8309
65093,9820
11012,1631
65093,7710
65093,8302
65093,8339
34520,3958
27524,8060
27332,7936
47600,8601
47563,_
C19FRP,8601
10160,_
47563,8601
47600,_
C19FRP,5123
C19IP2,5411
44134,5459
43234,4311
43246,4513
59573,_
28124,9357
36450,7021
57454,9901
36450,6712
26502,8271
27245,9357
99513,_
SOO5,_
54160,5310
49525,6400
54160,5300
45110,4542
45385,4850
45110,4523
45110,4543
45385,4610
69808,_
69808,7499
69882,_
11010,3409
33660,3510
33660,3573
47480,5185
43262,5103
90935,2630
36430,299
90935,7699
61590,9903
90935,299
36430,442
61590,9971
36430,2630
90935,442
36430,7699
61590,3995
27892,8309
27380,7929
27380,7819
44125,5459
49561,4562
C19IP2,4639
44125,4525
49561,4685
49561,4563
C19IP2,5351
44125,4685
49561,_
49561,4639
45378,5351
C19IP2,5361
44125,_
49561,5411
C19IP2,5459
45378,5361
C19IP2,4562
44125,5351
C19IP2,4563
44125,5361
49561,4525
23540,7939
23540,7929
44393,4514
43239,4522
49900,4563
12037,2181
12037,881
12037,1840
12037,2751
52290,5610
52290,5732
21175,9820
11010,7646
21175,7691
28800,8414
11000,8412
28800,407
11000,8414
27888,8412
11403,8302
15758,8309
11403,7926
15758,7936
15240,8630
47420,5423
96408,6529
12001,4563
44120,8659
12001,5425
12001,4590
49080,8659
12001,4562
64856,7760
24000,460
64856,8345
64856,8302
64856,8012
64856,8309
11043,460
64856,7710
64856,8339
24000,430
67005,1341
10060,7935
27236,8604
48150,5104
47480,4370
47480,5251
47480,5296
48150,5103
47480,5136
47480,5270
26055,8041
20605,8181
29826,8301
29826,8394
20605,8021
26055,8181
20605,8301
29826,8191
29826,8396
26055,8021
20605,8041
29826,8192
38747,6869
58210,6529
38747,6561
58952,6869
58210,5440
38747,6529
58952,4030
49255,6869
38747,5440
CJ09,8544
CJ09,8543
CJ09,_
38780,4030
52318,5980
03280,_
66760,_
46270,4685
28046,9357
16010,8349
28046,8628
49587,5310
PO342,7759
PO342,7360
PO342,_
11000,2219
31238,8628
11000,2100
11043,2121
31231,8345
21193,7643
11000,7662
21193,8628
11000,7643
21193,7662
24670,7901
24560,7902
C19IP1,4563
DU85,_
51550,5423
51550,5980
52332,4572
27132,7860
27612,7929
27695,8047
27766,8385
27612,9353
29405,8364
29405,8047
27695,8385
27612,8364
27695,7929
29405,8385
27695,9353
27612,7819
27695,8017
27766,8047
65850,1289
66840,1254
65850,1159
65280,1254
NDS01,6639
03421,_
38542,9357
16010,4021
58120,5310
49505,6909
58120,5300
24435,7931
24546,7809
JK189,_
44120,4461
35840,4563
60240,407
42415,640
60240,2929
C19IP2,5151
47564,_
C19IP2,5123
49040,4709
C19IP2,5419
58740,_
49040,5425
58740,5419
49040,5459
C19IP2,5425
49255,_
49040,5440
49040,6849
C19IP2,5440
44960,6589
49040,6561
C19IP2,6849
49255,5425
49040,6589
C19IP2,6561
49040,_
C19IP2,6589
35221,4610
C19IP2,3959
35221,5440
44140,3959
35221,5459
44005,3959
35221,4590
49255,3959
35221,4572
C19IP2,4590
44320,3959
35221,_
C19IP2,4572
20610,139
61154,8191
61154,8394
47560,5123
36570,_
36570,9604
15200,8544
15200,8543
51020,7949
20690,7975
54640,5719
27193,5759
HO011,_
25600,8185
24587,7902
II214,_
36522,_
46255,9357
46255,8628
58600,6601
59150,6639
32182,_
06898,_
46270,4945
65870,1289
65285,1232
65870,1159
25020,8309
25020,9820
25020,8302
25020,8339
23515,8401
26952,7929
24930,8430
51920,7844
11000,7854
26546,5784
51920,8628
11000,7804
51920,7854
11000,5784
51920,7804
11000,7844
25830,7780
25830,8129
27236,8989
27218,7935
26145,8401
11012,8233
26145,7760
26145,8339
26145,9820
26145,8302
26145,8345
26145,407
26952,8233
26145,7710
26145,8309
26145,8628
99496,_
27823,7935
27507,7819
27427,7936
27535,8146
27427,7817
25500,9357
27675,8388
62100,7760
62100,8309
62100,9820
62100,7710
62100,8302
62100,8339
25620,9353
19366,8554
19342,8570
19366,8553
96408,8839
75984,9925
96408,5512
11010,7859
11010,8199
10140,125
61312,8604
10140,124
31600,9605
31645,3121
31600,3323
69200,7669
69222,1802
69200,2041
27827,7912
25611,7817
19240,639
60252,8544
19240,4040
60252,8543
11041,2752
11041,2551
28107,7769
28107,7809
27130,9971
36430,8151
27130,9903
76930,3995
33212,_
36430,3781
33212,3995
90935,3781
33212,9971
76930,3781
33212,9903
21470,9971
36430,7676
21470,9903
28470,7934
26735,7907
28470,7924
44602,4613
44960,4673
44602,4579
44180,5440
49585,5451
44180,5349
49585,5440
49255,5451
44180,5341
15736,8381
25312,8669
25312,8309
11011,8375
25312,8345
25312,8339
11043,8375
25312,8332
25312,8628
25312,9820
15736,8375
25312,8382
25312,8302
49900,9971
49900,9903
36430,5461
27750,8659
49080,5474
49905,5425
55101,9357
C19IP1,1289
C19IP1,1159
NSD01,9604
21825,7929
52000,4685
44160,5000
45378,5029
52000,5061
43235,5099
47361,4579
55040,6270
90935,6310
54520,3995
55040,6230
90935,6270
55040,3995
90935,6230
43235,4233
43255,4513
36568,4610
26740,7760
26740,8309
26740,8345
26740,9820
26740,7710
26740,8302
26740,8339
26740,8628
25600,8382
74300,8753
47610,8754
31579,8839
75980,3142
31579,8754
44005,6840
59525,5459
44005,6839
49080,6840
59525,5425
49080,6839
11042,7932
44150,4850
44320,4595
45110,4620
44150,5411
44320,4620
45110,4582
44150,4610
44320,4582
45110,4595
24587,7931
27497,7710
27497,8302
27497,8339
27497,9820
27497,7760
27497,8309
90935,4850
90935,6880
62163,299
62163,9820
24515,7810
20690,7931
23020,8041
16010,8319
23020,8628
23455,8041
31276,2188
30520,2242
31276,2150
30520,2241
43820,5361
49560,4439
43820,5351
49521,5423
11041,5300
49521,8628
11041,5310
49521,5411
59851,_
27514,7817
31825,125
61312,3172
31825,124
ANIMALBITE,_
90935,5361
49560,3995
90935,5351
NC185,_
47010,1475
67025,_
47010,1471
63655,309
33786,3583
36530,_
55200,6360
35111,3846
35111,3952
44960,5749
52240,4709
44960,4513
44960,5831
43235,4709
52240,4513
32020,8192
32020,8396
20610,3409
32020,8191
32020,8394
27535,8381
27381,7817
59135,6639
33460,3514
33460,3961
44602,5341
49587,4673
44602,5349
44602,5440
25560,8152
27506,7902
25560,7815
52240,5810
52240,5860
52240,6094
52240,8929
61321,1940
61321,2023
69635,125
61321,2021
61321,2099
69635,124
45005,8628
45005,8345
26498,5423
44320,8256
26498,5411
49000,8256
26498,4610
26498,8256
67025,1289
17740,_
17740,9925
31500,8659
12002,9604
61313,9903
26426,7760
26426,8251
59514,7759
59612,7499
27236,9359
27509,7935
27236,7945
11752,8345
77421,9820
11010,_
77421,8628
76986,3995
C19IP2,4513
92986,3596
56866,6639
58661,_
56866,6561
56866,_
29075,479
29075,460
36488,6639
58600,3893
11043,8523
25675,7939
25675,7929
58600,6941
59350,6639
11000,2220
44150,5419
44150,5425
58960,4595
32406,7499
81082,_
06190,_
90193,_
49505,9357
46255,5300
49505,4946
46255,5310
53502,5841
C19IP4,5732
C19IP4,5502
52335,_
C19IP4,5631
C19IP4,5501
52335,5502
C19IP4,5522
C19IP4,5980
52335,5501
26030,8628
26030,8345
49587,6561
PL380,_
49950,5419
49950,5425
28820,3121
31500,8411
31600,9604
28820,9604
31600,8411
45321,4575
37700,3893
36832,3889
37700,3995
90935,3889
37700,3942
36488,3889
37700,3800
28615,7805
10140,6849
58150,8604
10140,6561
26676,8286
26410,7974
26676,8345
26676,8628
26410,7814
12044,8286
44300,4675
33240,4523
45378,53
33240,4525
27457,7737
61791,113
27712,7860
66630,1269
61480,125
XD,_
31643,3323
31643,9605
11044,7945
67121,1474
67052,1460
67121,1370
11043,4824
23030,8659
12032,7711
11010,8015
11012,9821
65275,7710
65275,8302
65275,8339
65275,8628
51570,4572
50820,4590
44155,5779
50948,5651
51570,4869
50820,5674
44155,5411
50948,5423
50948,4620
44140,5674
51570,5411
50820,5423
44155,4572
50948,4590
49000,5779
44140,5651
51570,4582
50820,4620
27594,8037
27620,8417
27594,8017
12036,8499
12036,7913
26607,7819
32020,8499
25526,3409
32020,7913
12036,7819
26607,7932
26607,3409
25526,8659
11043,7913
12036,7932
26607,7939
12036,3409
26607,8659
25526,7913
12036,7939
26607,8499
44005,6099
55859,5459
44604,4590
44120,4675
44604,4562
44604,4563
27814,7926
27784,7909
27814,7817
27760,7926
27814,7909
29435,7906
27750,9353
29435,8659
62147,_
31600,204
61313,206
12002,3121
62147,125
12002,204
76942,206
62147,3121
31600,206
62147,8659
61313,204
12002,206
76942,3121
62147,124
12002,_
76942,204
59513,299
59513,7699
61576,7499
59513,2594
59513,3110
44300,4563
44500,4639
44625,4610
36450,9608
44300,9901
36450,4563
44125,4610
44300,9608
35741,7710
35741,8302
35741,8339
27502,7933
26615,7905
27502,7923
22800,9971
36430,8129
22800,9903
JO38,_
29405,8689
47711,5169
47711,5179
58561,6813
58561,6711
27550,8345
11044,7976
27550,8628
27550,7760
35473,3950
49950,5423
49950,6551
11010,9357
11000,8076
11043,5253
48140,8345
62182,_
12015,7760
12015,8309
12015,9820
12015,7710
12015,8302
12015,8339
58952,5411
21142,859
25920,7760
25920,8309
25920,9820
11012,8404
25920,7710
25920,8302
25920,8339
27244,7845
27468,7935
27236,7845
44140,5159
43262,4572
47400,4590
44140,5185
43262,5000
43262,4590
47400,5185
44140,5000
43262,5159
47400,4572
26700,7989
26785,7974
26700,7984
11470,8309
11470,9820
11011,8630
11470,8302
11470,8339
94460,_
23931,8302
25248,8303
23931,7702
12002,8405
25900,8659
12013,8405
11000,889
67840,8628
11000,820
ZNA,1475
ZNA,1471
ZNA,_
43235,3958
33875,4360
43235,3929
43631,3958
33875,4513
43631,3929
62180,159
VAGINALDELIVERY,7360
VAGINALDELIVERY,7359
VAGINALDELIVERY,_
67121,1475
67051,1460
77401,2211
31237,9901
77401,2121
36450,2211
36450,2121
OO990,_
36800,4685
C19IP2,3993
36800,4525
45378,3993
36800,_
27808,7925
11011,8284
26432,8302
26432,8339
47610,6200
54700,8753
47610,6100
47610,6392
54700,5122
90935,8840
27638,7767
27638,7807
11000,3780
33206,8628
11000,3776
23615,7809
20956,7931
23615,3999
SZ370,_
74355,4500
74355,9608
19162,8595
12006,8543
19357,8544
19162,8659
12006,8570
12006,8544
19357,8659
12006,8595
11011,8015
27244,9788
20956,7710
20956,8339
11012,7809
27244,294
20956,8302
20956,8628
27823,7977
36488,5294
43264,3893
36488,5188
38150,_
ECT63,_
21315,7679
21407,2171
21315,1669
44111,6561
66984,9928
52450,5980
52332,6000
44640,5423
44640,5411
66985,1371
66987,1372
66985,1341
36568,4513
44950,8192
44950,8396
20610,4709
44950,8191
44950,8394
36640,5411
49000,3891
36640,4442
36640,5423
43840,3891
36640,4461
61320,3121
31578,8345
31577,8628
11043,9814
31577,8345
PO995,_
21138,7646
21138,7691
23120,640
60254,7781
23120,4040
27430,7925
60001,8546
19200,601
60001,8545
25927,7760
25927,8309
25927,9820
25927,7710
25927,8302
25927,8339
25927,8628
52332,9971
52332,9903
11000,8185
C19FRP,7360
C19FRP,7359
77261,3326
27752,7925
51040,5310
49505,5717
51040,5300
21154,7646
21154,7691
43246,9971
36430,4311
43246,9903
44050,5425
49080,4680
27511,7809
59135,5425
27507,9971
27507,9903
27466,9971
27450,7845
27506,7735
36430,7855
27466,7815
27450,7925
36430,6551
58943,9971
58943,9903
44388,9971
44388,9903
49080,5029
49080,5099
47361,5425
49080,5000
67966,125
61304,824
29513,_
C19IP2,6813
C19IP2,6711
32020,9357
27245,8382
49080,7499
10160,5425
59513,8601
10160,7499
59513,5425
49080,8601
59513,5459
61315,4311
15100,9901
36450,8669
66825,1474
66825,1370
43216,729
43259,730
60540,4233
43216,8874
43259,711
43216,730
60540,8874
43216,711
43259,729
20902,9788
20680,7815
20902,8152
20680,7800
27506,294
20902,7860
20902,7925
20902,294
27506,9788
20902,7815
39010,3572
33647,3410
39010,3571
66170,1212
66761,1264
50972,5631
50972,5980
50972,8773
50972,9646
50972,9649
51555,4590
51555,4572
11052,8628
11426,8628
27511,7817
25265,8628
NCP01,_
64726,449
12035,2181
12035,1840
12035,2751
12035,881
25645,7710
25645,8309
32442,3150
32442,3259
32442,3348
69802,2049
69802,2079
50130,5732
52310,5511
50130,5700
22804,8129
25492,7932
11010,4461
21343,8628
21343,8345
26357,7760
26357,8309
26357,9820
26357,7710
26357,8302
26357,8339
67848,889
67840,_
67848,820
67848,_
45000,8345
25620,7934
25620,7924
45330,4912
14106,_
67039,1291
66710,1253
65820,1273
10060,7936
27792,8604
10060,7817
75940,3995
90935,3870
55914,_
43248,4439
43820,4292
59136,9903
59136,9971
36430,7430
59136,5425
24635,125
61312,7939
24635,124
27265,8152
27258,7975
27265,7985
LO231,_
23700,7860
46270,4921
27601,8628
27601,8345
EO52,_
15650,4040
24075,8674
15650,4021
24075,4040
38724,8674
15650,8339
24075,4021
12031,8309
12031,9820
12031,8302
12031,8339
49900,4613
44144,5461
49900,4579
49525,5423
11000,4673
51050,5620
51050,9645
33300,3402
61510,8628
52240,5850
52240,6029
52240,6373
42410,9357
16010,2629
42410,8628
32002,8753
47610,3404
49080,4850
49080,6880
75989,8192
75989,8396
20610,8839
75989,8191
75989,8394
61315,3121
44143,4620
44661,4562
50951,4579
49000,5783
44661,5631
44140,9646
44661,4572
50951,4590
33971,3958
33971,3959
33971,9744
MACULAREDEMAOU,1475
MACULAREDEMAOU,1471
MACULAREDEMAOU,_
12007,8381
27664,9353
12007,7937
27664,8659
27664,8381
28208,8364
27664,7937
12007,8364
28208,8659
12007,9353
21025,7662
21193,7631
21025,7643
54535,5310
27244,7805
27244,7775
27071,8309
27071,9820
OT21,6849
OT21,6561
OT21,_
58410,524
58410,6922
49521,5732
49521,5850
49521,6029
49521,6373
27070,7710
27070,8302
27070,8339
C19IP3,4824
22590,7809
20956,8129
22590,3999
27725,7760
44050,4622
50825,4680
10120,6813
58100,8605
10120,6711
27641,8345
32522,3229
32522,3479
26350,9971
36430,8286
26350,9903
59512,_
46260,9820
11010,4946
CR000,_
38500,8541
38500,8554
38500,8553
33253,3733
20822,7924
26765,8422
20822,7934
43235,5810
43235,5860
43235,6094
43235,8929
52601,4513
43235,5850
43235,6373
23460,8196
DDX,_
99460,1479
67027,_
99460,1472
42120,4040
42825,2732
38724,2820
42120,4021
42825,4040
38724,2732
42120,2820
42825,4021
11044,8029
29855,7760
29855,8628
29855,8345
49321,5423
49000,242
49321,5411
62230,5424
49321,242
49321,3893
11011,3491
32002,8302
32002,8339
VIRALINFLUENZA,_
11000,8018
25365,7932
25525,7733
25365,9353
25365,7979
29065,7733
25525,9353
25365,7819
44050,4563
33530,3799
44005,4450
43855,5423
49000,4400
36488,4450
43855,5459
EI109,_
58180,5459
61313,7760
12051,8630
17304,2181
17304,8659
58960,6849
47600,5419
58960,6561
47600,4030
58960,5122
47600,5425
58960,4709
23222,7762
23222,8441
57110,7040
14061,7760
14061,8309
14061,9820
14061,7710
14061,8302
14061,8339
65103,881
67935,1642
65103,1060
62361,7759
59612,390
36011,125
36011,124
36011,3110
58150,6601
59150,6561
29075,8499
29075,7819
49520,5423
54152,5850
54152,6094
54152,6230
54520,6400
54152,5732
54152,5860
54152,6373
54152,6270
52601,6400
54152,5810
54152,6029
54152,8929
58150,3893
36488,4675
29075,8192
29075,8396
20605,9353
29075,8191
29075,8394
58951,5980
52332,5440
52332,6529
58951,5732
19100,3491
19100,3404
43820,8309
43820,8345
43820,9820
11011,4439
43820,8302
43820,8339
43820,8628
12032,7810
36430,5099
36430,5061
47361,9971
47361,9903
36430,5000
25515,7938
28525,7929
25515,7939
23515,7938
28525,7932
25515,7929
24500,7979
25520,7901
24500,7902
19301,_
38900,_
69310,2630
61510,299
69310,7699
61510,1860
61590,125
69310,124
61510,2630
69310,442
61510,7699
61590,1860
69310,125
69310,299
61510,442
27641,7745
36011,4590
BTL,_
C19IP2,7499
BTL,7499
11624,125
77421,8630
11624,124
77421,125
61304,8630
11624,_
77421,124
59514,4563
65285,1371
66984,1159
52327,5732
52327,5980
27848,7926
59300,_
44950,3995
52000,5733
27236,8152
26676,7710
26676,8302
26676,8339
COVID19,_
COVID,_
63271,8309
63271,8345
63271,9820
11011,340
63271,8302
63271,8339
63271,8628
29405,5419
45000,7909
27808,7931
29075,5419
45000,7931
27808,9353
24515,5419
45000,9353
27808,5419
24515,7909
47350,5551
50220,5061
47350,5641
26615,8233
26415,7923
36430,8544
19240,9903
AAA,_
AA,_
C19IP4,5411
C19IP4,4442
C19IP4,5423
43840,_
C19IP4,4461
36788,_
54384,4513
54384,4685
54384,4525
54384,_
C19IP4,5641
C19IP4,5551
45300,6812
58555,4824
45305,6812
33430,3614
33536,3524
77261,6230
77421,6270
54520,309
63003,_
77401,6230
77261,6270
77421,309
63003,6230
77401,6270
77261,309
63003,6270
77401,309
77421,6230
IO210,_
27244,8382
24586,8185
24341,7929
24366,8388
24586,8184
24341,8185
24366,7929
24586,8388
24341,8184
27759,7926
XXXXX,_
47136,5059
47136,92
47136,93
22310,8192
22310,8396
20610,353
22310,8191
22310,8394
30630,7760
30630,8309
30630,8345
30630,9820
11012,2188
30630,7710
30630,8302
30630,8339
30630,8628
38724,2749
41153,4021
38724,3142
31575,2530
31575,4021
41153,3142
38724,2530
31575,2749
47605,5425
52317,8773
49505,5423
OC787,_
38780,9971
38780,9903
27826,7710
27826,8302
27826,8339
60210,9971
36430,639
60210,9903
28002,8628
28002,8345
49020,3893
31600,5419
61510,3121
49020,125
61510,5419
49020,124
49020,3121
15120,7819
24515,7860
27060,8350
61770,128
22852,7760
22852,8309
22852,8345
22852,9820
22852,7710
22852,8302
22852,8339
22852,8628
26055,9357
16010,8301
TI219,_
33545,3572
33545,3733
28810,3995
32002,8411
28810,3893
36488,8411
28810,3491
90935,8411
28810,3404
58920,6561
58720,6522
30310,1692
31225,9812
67412,2220
30310,1609
31225,1692
67412,9812
30310,2220
31225,1609
77401,4514
77421,4514
77261,4514
43239,_
76942,4514
22031,_
CR285,_
26370,8628
15931,7760
67350,1501
33766,3921
LU072,_
16040,7710
16040,8302
16040,8339
54520,6352
54600,6230
31600,5421
43653,3121
11043,4024
38760,8345
19350,8544
19240,8587
19350,8543
12045,9357
90935,8659
15931,3995
90935,8630
31070,2241
59525,9971
25260,8251
26357,8388
P0000,4443
43255,_
P0000,4233
43632,8839
43262,4370
75980,5185
43632,8754
43262,8839
75980,4370
43632,5185
43262,8754
49420,4341
43244,5419
11044,1371
65280,7819
66984,7938
28496,1159
28525,1289
29075,1330
65280,1371
66984,7760
28525,7819
29075,7938
65280,9353
11044,1289
28496,1330
28525,1371
66984,8628
28496,7938
29075,1159
NN039,_
12004,5421
42953,8659
43653,2959
12004,4319
42953,5421
43653,8659
12004,2959
42953,4319
96408,9820
11010,9925
27659,9353
45330,5419
45330,5425
59120,5419
43820,9971
48100,4439
47721,5212
43820,9903
48100,9971
36430,5212
43820,5132
48100,9903
47721,9971
36430,4439
43820,5212
48100,5132
47721,9903
45384,4341
50610,9646
50610,5732
52320,8773
50610,9649
52320,5620
50610,5980
52320,9646
50610,5600
52005,5620
52320,9649
43840,5459
65265,1474
67039,1402
65265,1424
36450,4590
44140,9901
36450,4572
24500,5423
24500,5411
66982,1474
67036,1330
32854,3352
32854,3961
NOO0,_
26990,9357
16010,8115
11041,8689
11043,7976
11011,2759
66983,1471
67010,1319
27808,8302
27808,7760
27808,8339
27808,9820
27808,7710
27808,8309
OZ392,8659
57720,6813
58100,6761
58600,6949
58520,7499
59514,6949
58520,6639
59514,6941
10060,8403
11403,8604
11403,8403
11041,8604
26910,8630
11403,8401
26910,8604
10060,8630
21175,125
36430,7646
61312,7691
21175,9903
44186,125
44900,4639
90935,4720
44186,124
44900,125
61312,4720
44186,3995
44900,124
61312,4639
44186,4720
44900,3995
24500,7925
NID,_
43532,_
45300,4514
43239,4912
46270,4514
46255,4824
43239,4911
46255,4514
43239,4824
63075,9357
16010,309
16010,8051
90935,2263
31254,3995
50240,6200
54560,5540
58950,5980
58950,5732
51550,5349
49585,5760
51550,5341
57000,3991
35761,7014
57000,3800
48545,5061
47360,3931
48545,3886
33320,5061
47360,5295
33320,3886
24515,7939
59814,7360
59409,6959
59814,7359
51010,9357
16010,5711
51010,8628
77141,_
88331,4590
44140,8908
19307,_
79180,_
50391,5980
52332,9929
50391,5732
26070,8345
CR456,_
58952,9971
58952,9903
50280,5980
52332,5539
50280,5732
43830,4442
43840,4319
43830,5411
43830,4461
43830,5423
47350,4150
38100,5061
99460,4461
99460,4442
43235,8753
47610,4513
11040,8662
49080,9608
36568,5425
36568,9608
44372,5425
69433,2080
69433,2009
99460,379
63740,_
99460,309
12014,881
67935,8659
12014,1060
25000,7760
25000,8309
25000,8345
25000,9820
11012,8301
25000,7710
25000,8302
25000,8339
25000,8628
27827,7810
44605,9971
44605,6561
44605,6849
44605,9903
11042,4461
11042,4442
12002,7905
27502,8659
24665,8499
25526,7783
24665,7819
24665,7939
11043,7675
31600,3143
31541,3121
31600,3009
C19IP2,3326
27880,3491
27880,3404
32002,8415
43750,8628
43750,8345
38300,8309
38300,9820
11011,4000
38300,8302
38300,8339
48140,4029
36488,5253
48140,3807
48140,5641
50230,5253
48140,3893
48140,5551
50230,4150
20240,9925
49010,7749
20240,5423
96408,7749
20240,5411
90935,8546
19200,3995
90935,8545
45378,4709
44960,4685
44960,4525
24515,3893
11042,5029
11042,5099
11042,5000
11042,5061
59812,4590
44960,6902
59812,4562
44120,6902
59812,4563
34510,640
60254,3999
34510,4040
FO64,_
21151,8628
29843,8023
26952,8659
27566,7936
27536,7796
29358,9359
29358,7926
29358,8199
27829,9353
29358,7859
C19IP2,4823
45321,_
C19IP2,4800
CI91P2,_
50800,5671
29895,8077
58212,_
MPC01,_
27253,7860
27514,8381
27381,7815
25241,_
27330,8345
27330,7760
11040,4912
11040,4911
58700,4590
58700,4572
57220,5930
11042,8407
24900,8405
11042,8405
25900,8407
11000,8405
52334,3893
52334,3995
31603,2263
31030,3110
31254,2239
31603,2219
31030,2263
31254,3110
31603,2239
31030,2219
09206,_
20879,_
11000,7913
93543,3961
33736,8857
93543,3542
44130,8659
12001,4639
44130,8345
C19IP2,8839
75980,_
C19IP2,8754
83101,_
OZ370,7252
83101,7252
OZ370,6970
59411,_
83101,6970
35571,3891
11606,3929
34203,8630
35571,3808
11606,3891
34203,3929
35571,8630
11606,3808
55400,6381
10140,9971
NSD01,8604
10140,9903
46750,7360
59409,4979
46750,7359
51040,5459
58150,5717
51040,6849
44005,5717
51040,6561
32020,4195
38115,3409
CRO78,5425
CRO78,6849
CRO78,6561
CRO78,_
32500,3420
32020,3249
32602,_
32500,3320
C19IP2,3249
32500,_
C19IP2,3420
32602,3249
32500,3409
C19IP2,3320
27331,8076
27340,8036
27334,9829
27331,8350
27340,8016
27340,9829
27334,8350
27340,8076
27334,8036
45385,4443
43255,4523
43255,4543
45385,4233
43255,4542
62270,8041
23410,8181
29826,331
62270,8363
23410,8021
62270,8181
23410,331
62270,8021
23410,8041
26825,_
99305,_
44312,3893
69987,1371
69987,1341
69987,_
65285,1319
43239,3402
32405,4514
32100,3326
43239,3328
32405,3402
32100,4514
43239,3326
32405,3328
67195,_
67195,8544
67195,8543
62270,9971
62270,9903
36430,5183
47425,9903
49420,8345
29065,5423
29065,5411
11012,4610
44143,7710
44143,8302
44143,8339
93543,8839
75984,8857
93543,5512
76942,7760
76942,9820
C19IP2,8415
27001,7760
27497,8312
11044,9351
27001,8314
27001,8312
67228,1474
67039,1425
67228,1424
10060,5425
MI099,_
44300,8601
44300,4620
31645,3958
33860,9605
31645,3599
31645,3961
33860,3323
75940,9925
96408,3870
21267,7739
21267,7809
36450,3993
36800,9901
31601,4610
36568,4311
31601,4575
43246,4610
44143,4311
31601,3893
43246,4575
44143,3121
36568,4575
24650,7760
24650,8309
24650,8345
24650,9820
24650,7710
24650,8302
24650,8339
24650,8628
PO71,7360
PO71,7359
27756,7933
27756,7923
CR2168,_
65093,884
67961,1631
65093,8671
67101,1459
67101,1449
20680,7851
23480,294
23480,9788
23480,7860
47000,4513
47000,4685
47000,4525
C19IP4,9604
C19T1,9604
26508,8219
44960,4533
11011,9351
C19IP2,8604
10060,_
76942,8604
15100,7937
28485,7929
27766,8669
15100,7929
59513,6949
59513,6941
59409,5411
17262,8630
11000,2751
50234,5600
50234,5732
52337,5642
50234,5522
50234,5631
50234,5980
52337,5551
23020,8319
32225,3460
32650,3995
90935,3460
32650,3451
32225,3995
90935,3421
C19IP4,3491
C19IP4,3404
36450,8604
61512,9901
61512,8604
10140,9901
27742,7827
09093,_
RIG1,_
MO69,_
59812,6813
58100,6902
59812,6711
ENDOMETRIALCA,_
49080,5151
49080,8754
47620,5425
49080,5183
28530,7909
51920,4030
38770,5784
58180,6639
58180,7359
59409,6839
58180,7360
29355,8309
29355,8345
29355,9820
29355,8302
29355,8339
27290,8628
27290,8345
11043,8519
24586,7912
76942,6310
49505,_
76942,5310
55040,_
76942,5300
28802,9357
38745,8595
38745,8570
C19IP1,8185
24587,_
C19IP1,7929
22114,8345
NJ139,_
11042,7789
11042,7785
59140,9971
59140,9903
51860,6529
51860,4709
44950,5781
75900,3891
75900,8840
55700,4542
28088,7760
28088,8309
28088,8345
28088,9820
28088,7710
28088,8302
28088,8339
28088,8628
90935,6097
53852,3995
90935,6021
43200,9971
36430,4223
43200,9903
11000,8034
11000,8014
FA,_
II120,_
25574,9357
36408,4563
36408,_
51050,4029
ANCO2,_
33910,3805
33910,3961
24650,1623
67400,7902
24650,1609
47760,8753
47610,5499
47760,5122
52332,5253
48140,5732
38505,2001
38505,2211
69436,4011
38505,2121
44950,4525
44950,4685
67036,9822
65273,1454
65210,1060
67036,1200
67210,9822
65273,1474
65210,1454
67036,1060
67210,1200
65273,9822
65210,1474
67036,1454
67210,1060
65273,1200
20600,8301
65275,1289
65285,1151
11043,8414
PP240,_
51920,5310
49505,5784
51920,5300
43621,4590
24586,8377
24301,7929
24586,8375
19110,5980
36488,8599
19110,5732
52332,8599
19110,3893
44005,5424
49180,5459
27823,8199
27823,7859
27823,9359
59812,6769
57720,6902
59812,6761
44125,4709
49080,4869
45114,5425
41130,4319
60210,2520
60254,639
31600,4040
43832,640
41130,3121
60210,4319
60254,2520
43832,4040
41130,640
60210,3121
60254,4319
31600,2520
43832,639
60210,640
60254,3121
43832,2520
41130,639
29355,7936
29355,7817
C19IP2,8908
C19IP2,9449
C19IP1,9983
SARSCOV2,_
AO69,_
EZ370,_
32020,7860
36488,9344
20650,3409
36488,7810
32020,9344
20650,3893
32020,7810
59120,9357
16010,6549
59120,8628
19020,8309
19020,9820
11011,8500
19020,8302
19020,8339
90375,8628
90375,8345
26607,8382
27687,9820
11010,8372
27687,8628
32815,3342
LO311,_
24470,7822
24538,7932
24538,8499
25526,7852
24538,7819
24538,7939
24100,7760
24100,8309
24100,8345
24100,9820
64905,8674
28305,7738
28305,7710
28305,8302
28305,8339
28305,8628
24600,7936
27827,7972
24600,7817
49509,5425
51040,5980
51045,5717
51040,5719
23570,7809
21366,7909
23570,7672
77761,6561
58700,6859
58262,6651
27870,8302
27870,8345
27870,7989
11012,8111
27870,7760
27870,8339
27870,9820
27848,8111
27870,7710
27870,8309
27870,8628
36450,4639
44005,9901
44130,9901
36450,5459
21422,7859
23515,7674
21365,7929
21422,7939
23515,7672
21422,7672
23515,7859
21365,7674
21422,7929
52234,9971
52234,9903
36430,5641
50220,9903
59525,7759
59612,6839
12017,8345
23585,7851
49507,5123
61154,9604
31500,139
51550,6909
58120,5760
26615,7924
57200,6970
57200,7360
58300,7071
57200,7359
28122,9357
16010,7788
49210,5423
49010,_
49210,5411
49210,_
30488,3995
30488,_
35521,3929
66625,1459
67108,1214
66625,1449
96408,4040
38724,9925
96408,4021
27696,7936
27792,8364
27696,7817
44147,4850
45112,4579
44147,4840
32650,5423
32650,6551
58943,3460
32650,4011
32650,5440
32650,6651
58943,3421
44382,4514
EO39,_
25251,8003
TG39,_
43300,4289
49425,9357
62223,5494
16010,233
49425,8628
62223,9357
16010,5494
49425,233
62223,8628
67047,1474
67047,1490
23630,7934
23630,7924
44125,3349
44125,3402
32110,4610
44320,4562
32020,4563
44320,3349
44125,3409
32110,4562
32020,4639
44320,3402
32110,4563
44320,4639
44320,3409
32020,4610
26499,7757
50068,_
15738,4024
38760,8630
11606,8332
38760,8669
11606,4024
38760,8332
11606,8382
61304,8669
16035,124
15100,124
88331,5423
96408,8908
49010,9199
88331,9925
96408,9199
88331,5411
49010,8908
MB189,_
26117,5310
49521,8229
26117,5300
ZE80,_
C19IP2,8192
C19IP2,8396
C19IP2,8191
C19IP2,8394
66505,1371
66984,1211
66505,1330
66505,1211
58720,7499
45334,4542
45385,4524
45334,3995
90935,4524
45385,3995
45334,4523
67108,1289
65285,1449
20650,7809
20956,7810
20956,9344
20650,3999
36821,7860
90935,9788
62350,3929
20680,390
36821,3893
90935,294
62350,7860
36488,9788
20680,3929
90935,390
62350,3893
36488,294
36821,9788
62350,3995
36488,390
20680,3893
36821,294
62350,9788
36488,3929
20680,3995
36821,390
62350,294
43235,4242
43124,4513
43235,4211
11011,124
49650,3893
28024,8332
28805,8018
26951,7933
26615,407
28820,8405
25900,8411
77261,9971
77261,9903
36200,5459
36200,5423
44005,3891
36200,5411
25270,8401
12035,8388
25270,407
43840,3121
31600,4442
52318,5600
12052,2103
30905,1840
30905,2751
30905,881
12052,2102
30905,2181
30905,8659
36430,7949
27193,9971
36430,7909
27193,9903
67935,7710
67935,8302
67935,8339
28102,7769
28102,7809
66930,1289
66930,1159
28400,3991
35761,7909
28400,3800
17276,8630
31292,1609
31292,2219
27047,9357
27047,8628
44130,4850
44130,6880
51597,4639
44130,4610
44130,5771
44130,6890
51597,4590
27356,7935
27245,7762
11010,407
76360,4513
45378,8838
76360,4685
43234,8838
76360,4525
47100,5151
47420,5012
61564,125
61510,160
61564,442
20520,7842
20520,7760
24685,7842
20520,7931
20520,7932
46280,8345
54900,6383
26420,7933
47600,5784
41805,8345
11044,2499
41805,9353
29355,7760
41805,8628
29355,2499
41805,7760
44322,4709
26765,7809
20956,7924
29365,5749
27310,2181
27310,8659
66982,1254
46060,9357
16010,4873
16010,4911
16010,4993
ZZ208,_
OO820,_
50230,8753
47610,3807
47610,5551
27556,7710
27556,8302
27556,8339
27556,8628
27158,7739
27158,7985
49520,5440
31500,4563
47010,9971
47010,9903
37700,8309
37700,8345
37700,9820
11011,3889
37700,8302
37700,8339
37700,8628
44310,4252
36430,4350
43122,4620
21407,125
61312,1669
23585,8071
23105,7929
21495,7929
21495,8628
21495,8345
29405,7984
52240,3995
52240,3893
27610,9357
16010,8017
67015,9928
74360,4292
74360,8839
47605,4513
27826,3999
11042,8499
44150,5459
44143,4582
C19IP3,4595
44143,4595
C19IP3,4620
44150,_
C19IP3,4575
C19IP3,4582
44150,4575
C19IP3,125
C19IP3,124
29875,8394
29875,8396
29875,8191
29875,8192
27290,4563
77261,4311
36430,2211
31237,9903
C19T1,3958
C19T1,3929
43631,_
C19T1,4360
33875,_
C19T1,4513
51045,5423
61315,_
15740,8669
15100,8670
44188,5459
44900,4610
44188,5423
44188,5411
44188,4720
44800,4673
44602,4533
22327,7929
22327,7989
27130,7760
27130,8309
27130,9820
11012,8151
27130,7710
27130,8302
27130,8339
27393,8385
77261,8611
77401,8838
11100,_
76360,8611
77401,8611
11100,8838
77421,8611
77261,8838
44320,5980
36810,3995
11042,3993
36810,8628
11042,3995
36825,8628
27540,7760
27540,8628
11044,353
27540,8345
28485,8403
26910,7937
28485,8401
15952,8630
34502,3959
34502,8628
34502,8345
11043,8128
11012,299
61582,7760
61582,8309
61582,8345
61582,9820
61582,7710
61582,8302
61582,8339
61582,8628
49080,4675
44605,4824
47100,4675
44605,5012
47100,3893
45305,4675
44322,5012
44605,3893
47100,5425
36488,5012
44605,4525
44322,4675
45305,5425
49080,5012
44605,5425
58120,8908
58120,9449
51550,5459
44160,5781
44005,5760
51860,4562
51860,4593
51550,5781
51860,5760
26010,9357
26010,8628
25248,4675
44605,7702
11044,7922
26608,7989
26715,9353
26715,7814
29075,7922
26608,9353
26715,7760
26608,7922
50860,6849
58150,5661
50860,6561
49525,7499
44310,4562
15350,8546
15350,8545
45384,4685
45384,4525
37609,7360
59409,3882
37609,7359
26230,8302
26025,8339
26230,8345
26025,9820
26230,8203
11012,7784
26025,7710
26230,7760
26025,8309
26230,8339
26230,9820
11012,8203
26025,7784
26230,7710
26025,8302
26230,8309
26230,8628
36450,8446
36488,8908
FP001,9059
36488,9938
FP001,3893
59401,_
36488,7359
FP001,8908
36488,9449
FP001,9938
59401,3893
36488,9059
FP001,9449
27535,353
69535,4041
42426,7639
69535,2633
49558,5329
49558,5339
49509,6250
11000,8344
37735,8628
11000,3889
11000,8321
27330,7815
25145,9788
11000,7709
25145,294
20680,7709
25145,7860
20680,7719
23935,294
23935,9788
20680,7712
23935,7860
08093,_
82942,_
69511,125
61320,2042
69511,124
24350,8628
24350,8345
49080,5299
48001,5425
49080,4319
27254,7860
66825,1269
29856,7819
29856,8029
NE142,_
44143,9971
44202,9901
36450,4562
31231,2188
31231,2150
MC,_
C19T1,5732
C19T1,5700
15650,8345
33702,3539
33702,3961
11040,4461
11040,4442
38220,5310
24685,7809
20956,7932
24685,3999
58925,4685
58925,4525
58925,4513
25620,7833
25391,7932
25620,7803
66982,1372
66985,1330
58940,4572
50391,4562
50575,4563
35840,4590
44130,9929
44120,5631
35840,9645
44130,9649
50391,5423
35840,4562
44130,4563
44005,9929
44120,5521
50391,5620
35840,5732
44130,8773
44120,3806
50391,4639
35840,5620
44130,5631
44120,9645
50391,9649
50575,3806
35840,4639
50391,4563
50575,4590
35840,9929
44130,5521
44120,5732
50391,8773
35840,9649
44130,3806
50391,5459
50575,4562
49000,9929
44120,5620
50391,5631
35840,8773
44130,9645
44005,3806
44120,4639
50391,5411
35840,5459
44130,4562
44120,9929
50391,5521
35840,5631
44130,5732
44120,9649
50391,3806
50575,4639
50391,4590
50575,9929
35840,5521
44130,5620
44120,8773
50391,9645
PO20,_
77421,353
24435,7710
24435,8302
24435,8339
28060,8403
26910,8344
28060,8401
51550,6639
58600,5760
NEWBORNCAREPACKAGE,_
44005,6869
58210,4709
44950,6869
58210,5459
26735,125
24000,7924
32020,7934
61312,8012
24000,124
61312,7924
99436,_
31500,8839
45378,9604
90945,4525
75952,5498
45378,3971
75952,4685
45378,5498
36488,3971
75952,9604
50722,5902
46260,4931
46615,4946
46260,4921
II7,_
15100,8546
15100,8545
37080,_
39280,_
32000,8839
32000,3950
75978,3491
PO339,_
33471,3503
33974,3931
33974,3958
33974,9744
77401,4281
43219,3893
36488,4281
77421,4513
58152,5423
49060,1735
43239,4610
45378,5950
44206,6849
58152,5419
49060,4514
58152,1735
43239,5950
44206,5419
58152,4514
49060,4525
58152,4610
49060,5950
43239,6561
44206,4514
58152,4525
49060,4685
49060,6561
43239,6849
58152,4685
49060,5411
45378,1735
44206,5950
49060,6849
43239,5419
44206,4685
58152,5411
49060,5423
43239,1735
49000,5950
44206,6561
59514,4709
59414,_
27310,9903
36430,8016
27310,9971
47420,3893
36488,5104
SO101,_
64708,7760
64708,8345
64708,8388
25260,9353
64708,8302
64708,8628
64708,9353
64708,8309
64708,9820
25260,479
64708,7710
64708,8339
24935,8345
44152,9971
44388,4582
36430,4601
58145,4579
26418,9353
11011,7737
23106,8011
23106,8071
45541,9622
46255,4876
45541,4823
45303,4876
45541,4946
67040,1454
67210,1424
67228,1479
67027,1425
67228,1472
92993,3541
35226,8302
35226,8381
35226,8339
35226,9820
28208,3959
35226,7710
35226,8309
57210,8628
11043,7071
57210,8345
49080,9925
28525,7936
27535,7938
28525,7817
54152,8381
44950,6400
11765,4709
26541,8623
54152,8172
44950,8381
11765,6400
26541,4709
54152,8623
44950,8172
11765,8381
26541,6400
54152,4709
44950,8623
11765,8172
52440,_
52440,5810
52440,5860
52440,6094
52440,8929
52601,_
52440,5732
52440,5850
52440,6029
52440,6373
49521,8907
08290,_
43246,9357
16010,4311
36011,9357
63706,102
16010,352
61020,3893
16010,102
36011,352
61020,9357
63706,3893
36011,102
61020,8628
63706,9357
36011,233
61020,352
16010,7933
52337,9645
50575,5600
15240,8604
C19IP2,5498
64610,_
43232,_
43232,5151
43232,8754
47620,_
43232,5122
43232,5183
11042,9824
11042,6492
59514,5440
59514,4011
25020,8499
25020,7819
25574,8499
25526,8314
25020,7939
23075,8309
23075,8345
23075,9820
23075,8302
23075,8339
23075,8628
28485,7938
28525,7937
61314,8628
36450,7860
27245,7745
99256,7749
20245,7935
27245,8907
99256,7742
27245,7749
99256,7935
20245,8907
27245,7742
99256,7745
27884,8411
27502,9971
27502,9903
60220,4040
31365,620
38724,3040
60220,4021
31365,4040
38724,620
60220,3040
31365,4021
NM600,_
NM600,8604
43235,4341
43244,4513
CC49,_
27690,8047
11010,3893
31090,2080
69421,2253
31090,2009
C19IP1,9971
C19IP1,9903
36000,_
36000,9971
36000,9903
36000,3995
46040,4923
44320,4901
46040,4921
46040,4610
44160,4572
44140,4579
79403,_
77261,3110
77421,3110
77401,3110
36660,9604
31500,3891
94610,3891
27704,8345
OZ370,7360
OZ370,7359
PRESENILENUCLEARCATARACTOD,1371
PRESENILENUCLEARCATARACTOD,1341
PRESENILENUCLEARCATARACTOD,_
C19IP3,9604
25909,8628
25909,8345
14000,5369
49573,8689
14000,5359
44388,_
ERDEATH,_
31605,4709
44960,3110
31605,5423
31605,5411
25500,7932
33460,9971
36430,3514
27303,8302
27303,9788
20690,7715
27303,7760
11012,7715
27303,7710
27303,8339
27303,294
20680,7715
27303,7810
27303,8309
27303,9820
65093,125
61304,1631
65093,124
24546,7935
27513,7842
55101,6270
55101,6230
56420,7360
59409,7122
56420,7359
C19IP1,5411
38525,6849
38525,6561
C19IP1,5349
C19IP1,5341
19180,8571
19361,8541
38220,5620
11100,5631
38220,8773
11100,9645
69840,2062
44207,4575
44143,1739
44207,4610
36488,1739
44143,4594
44207,3893
20692,7989
26785,7810
20692,7984
44300,_
44300,4514
77261,4610
29405,430
64831,7939
28505,430
64831,9353
11012,8077
27625,7710
27625,8302
27625,8339
45111,4610
50060,6561
50040,6849
44143,5501
45111,5502
50060,4610
50040,4869
58150,5501
50040,4575
50060,6849
44143,5502
45111,4575
50060,4869
45111,5501
58150,5502
50060,4575
44143,4869
45111,6561
44151,4685
45378,4582
12042,9971
12042,9903
23670,8345
51045,6561
58150,5719
51045,6849
24350,9357
26951,8235
11011,7923
15100,7933
15100,7923
47510,5104
47480,5198
47510,5103
29305,7925
48000,8753
47605,5299
48000,5122
20520,7676
36450,8417
27590,8907
27590,9901
99256,8417
11752,7760
11752,8339
11752,9820
99256,8623
11752,7710
11752,8309
11752,8907
11752,8302
43611,4610
44141,4342
43611,4572
35456,3950
47564,5294
43260,5298
43271,5110
43260,5184
53400,5631
53400,5732
67025,1490
67041,1471
44141,4824
33465,3528
33465,3961
61320,3893
61320,9901
TONGUECA,_
27254,7760
27254,8309
27254,9820
27254,7710
27254,8302
27254,8339
27254,8628
67445,1601
22100,7769
50236,5980
50947,5551
50236,3995
50236,3893
50947,5642
50236,5674
90935,5642
50236,5731
SO69,125
SO69,124
SO69,_
27146,7935
27514,7739
27146,7815
45378,4869
45111,4685
45111,4572
44140,4869
45111,4525
44970,5310
49507,4701
26070,8401
26070,7760
26070,8339
26070,9820
26070,8302
26070,407
26951,8013
26070,7710
26070,8309
26070,8628
43632,4590
44140,4370
43632,4572
24665,8030
24101,7783
27350,7925
11000,4233
43255,8628
11000,4443
15732,4024
15732,8630
JI899,_
44603,7760
44603,8309
44603,8345
44603,9820
44603,7710
44603,8302
44603,8339
44603,8628
27470,7760
27470,8339
27470,9820
11000,7845
35721,8628
57020,7430
59121,7000
57020,6602
28114,7788
44970,6551
58940,4701
44970,6539
43284,4542
45384,_
43284,4513
43284,4543
45384,4513
43284,4523
43284,_
28360,7849
51045,9901
36450,5719
31500,5502
31500,5501
36011,9604
50040,9604
26822,3995
29355,8381
27381,9353
29355,8364
MH010,_
54800,6301
IJ189,_
16010,7851
C19IP1,8628
C19IP1,8345
27745,8147
27455,7819
27745,7737
49521,4679
49521,4500
49521,4685
26037,8309
26037,9820
29075,8212
26037,8302
27766,3409
11044,3409
96408,8544
19240,9925
96408,8543
PO15,_
11020,_
66852,1269
66172,1474
66852,1264
66852,9928
66172,1342
55865,4030
55865,6000
43268,5423
49000,5293
43268,5411
45100,4620
36488,4923
45100,5423
44310,4673
45100,5411
44603,4620
45100,4673
44310,4923
45100,3893
25574,7810
25560,7860
25574,8016
29065,7815
25560,7810
25574,9344
25560,8016
29065,8152
20650,7932
27310,7902
25560,9344
29065,8016
27125,8309
27125,9820
27125,8302
27125,8339
27750,7949
52000,5995
52325,5700
52318,5995
52000,5700
64734,403
43239,9608
44372,4514
92981,3722
93510,3606
92980,3722
15770,8546
15770,8545
11481,_
20245,7860
27358,9344
20650,7742
27358,7749
20650,7762
20245,7855
27358,7810
20245,9344
27358,7742
20650,7745
20650,7855
20245,7810
27358,7860
27358,7745
20650,7749
20245,7762
650/3,_
77421,3491
43231,_
27244,9357
11060,_
LO890,_
49582,4562
49582,4590
49582,4563
23515,7801
23485,7929
27758,7937
24665,7710
24665,8302
24665,8339
24665,8628
ADX,9933
ADX,_
OO54,_
14060,1879
69110,8689
14060,1829
12032,8411
26608,7936
11042,7814
27759,7814
27513,7989
25670,7760
25670,8309
25670,8345
25670,9820
11012,7973
25670,7710
25670,8302
25670,8339
25670,8628
65222,1289
65280,9821
65222,1159
38747,8908
38747,9449
43215,9814
31530,9802
43215,3142
61512,202
MAC50,_
BREASTCARCINO9M,_
11403,4590
44140,8630
11403,4572
50957,5539
50957,5633
96408,8773
50957,9646
96408,9649
50957,9925
96408,5539
50957,5631
96408,5633
50957,8773
96408,9646
50957,9649
31600,9814
43820,3121
31365,4439
31613,4040
31531,2630
31600,3174
43820,3142
31365,9814
38724,3121
42440,4439
31613,3040
31531,4021
43820,2630
31365,3174
42440,9814
31613,3121
31531,4439
31600,3040
43820,4021
42440,3174
31613,3142
31613,2630
31531,3174
43820,9814
31365,3121
38724,4439
42440,3040
31613,4021
31531,4040
31600,2630
43820,3174
31365,3142
38724,9814
42440,3121
31613,4439
31531,3040
31600,4021
43820,4040
31365,2630
38724,3174
42440,3142
31613,9814
31531,3121
31600,4439
43820,3040
65093,1474
65280,1631
65280,1474
67036,1631
11042,3121
90935,9925
96408,3995
49080,6813
58100,5425
49080,6711
12014,_
36568,5440
36568,6849
36568,6561
44320,6849
49585,4590
24075,5341
44204,5349
49585,8339
24075,1739
24075,5349
44204,8339
49585,1739
24075,4590
44204,5341
21335,8628
21335,2751
31200,2219
31200,2211
31200,2121
61512,102
61512,233
15760,7934
26735,2189
15760,7924
KH264,_
46270,8630
11406,4911
HY259,1371
HY259,1330
HY259,_
36113,5423
36113,5411
36113,_
29305,8152
29305,7985
15100,9199
15100,8624
17304,8669
11606,8624
27829,7810
27620,7859
11044,8199
20692,9359
27829,8037
20692,8199
27620,9359
27829,7760
27829,8017
20692,7859
27620,8199
27047,5440
49255,7769
25265,9353
29065,8382
67961,8382
15732,884
67961,8332
67961,8669
15732,8671
50205,5631
50205,5732
58100,6529
49000,6711
44005,6813
58100,5459
58720,6711
58925,6813
44005,6711
58720,6813
58100,5423
58925,6711
C19IP3,7949
27230,125
27230,124
49520,8345
11044,5310
49520,7760
49520,8628
11044,5300
44389,5502
50040,4525
44389,5501
20225,9925
20670,4233
11044,4443
27592,7860
20670,8417
27592,4233
27594,4443
43255,7760
27594,3893
25620,7860
27759,9788
25620,7810
27759,294
38500,2121
43235,4011
38500,4685
43235,2121
45378,4011
31231,4513
38500,4525
31231,4011
38500,4513
NSD01,7071
57250,_
NSD01,7052
44140,6230
13282,_
23460,9357
16010,8196
23460,8628
C19IP4,125
59519,_
24134,7760
24134,8309
24134,8345
24134,9820
24134,7710
24134,8339
36488,7817
27236,3893
36488,7935
27514,3893
27236,7817
27535,3893
27236,7815
36488,7936
50825,5423
43610,4590
50825,4342
43610,4622
50825,5411
11043,7745
20245,8628
11043,7742
20245,8345
52337,3893
36488,5631
36488,5522
27230,7749
19000,7905
20225,8591
27230,7745
19000,7749
27230,8591
19000,7745
27310,8036
27310,9829
45540,4590
49000,4875
45540,4442
43840,4572
45540,4461
44140,4875
45540,5411
44140,4461
45540,4572
43840,4875
45540,5423
61501,8669
61501,9357
15100,125
61501,8628
43850,5151
43850,5183
47425,4450
43850,5104
43850,5182
31600,7950
65091,3121
21435,1639
31600,7819
65091,7950
21435,3121
31600,1639
65091,7819
45331,4575
76413,_
LO291,_
44625,5122
47600,4650
44625,5459
47600,4562
43202,4685
45378,4224
43202,4525
43248,4513
43235,4292
C19T2,4685
C19T2,4525
C19T2,4513
47562,5551
11042,6200
47564,8754
21196,7710
21196,8302
21196,8339
21196,8628
69093,_
11041,3991
11041,3800
23330,2181
23330,8659
12044,2181
12044,881
12044,1840
12044,2751
66250,6849
58150,1283
66250,6561
28092,8628
28092,8345
19020,8544
19240,8500
19020,8543
25574,7852
24498,7932
25574,7850
27750,8382
29365,8669
15738,7906
29365,8332
27750,8669
29365,7906
27750,8332
29365,8382
48005,4613
44144,5260
48005,4643
48005,5423
49255,5260
44340,5440
44144,4643
48005,4610
49255,4613
49000,5260
48005,5440
49255,4643
44340,4579
48005,5411
44340,5260
44144,5440
48005,4579
44340,4613
28810,7937
29405,7818
27880,7818
29345,8411
28485,8415
27880,7937
29345,7818
28606,8415
29345,7937
11044,7818
28606,9353
28485,7818
28606,8411
28810,9353
28606,7937
28810,7818
29405,8411
44055,4639
20605,8302
20605,8339
46050,8309
46050,9820
11011,4901
46050,8302
46050,8339
58920,9971
36430,6522
58920,9903
51597,4685
45378,5771
45378,6890
51597,4525
50955,5631
50955,5633
50955,8773
50955,9646
50955,9649
IG09,_
27265,9353
27265,7905
27502,7975
27265,8628
29345,7975
27265,8345
19162,8554
19162,4011
36488,7791
32035,3995
C19IP4,7791
32035,9604
C19IP4,3409
31500,7791
32035,_
90935,7791
32035,3893
90935,7491
59100,3995
90935,6800
44153,4590
44140,4582
44140,4601
76228,_
52325,5850
44602,5103
47480,4673
19182,4011
19340,8534
19182,8554
38525,8534
19182,8553
27509,7932
25575,7945
23600,7949
44850,8302
44850,8628
SO111,881
SO111,1060
SO111,_
24615,7760
24615,8339
24615,9820
25574,7982
24615,7710
24615,8309
24615,8628
11012,7982
24615,8302
OOO8,5423
OOO8,5411
OOO8,_
51010,3409
31600,5711
43312,3121
36488,3173
32100,4289
51010,3402
43312,3409
36488,5711
44320,3173
32020,4289
51010,3893
43312,3402
44320,5711
51010,3173
31600,4289
43312,3893
36488,3328
36488,4289
32100,3893
44320,3328
51010,4610
43312,5711
32100,3173
44320,4289
51010,3328
43312,4610
32100,5711
44320,3121
32020,3173
51010,4289
43312,3328
32100,4610
32020,5711
51010,3121
31600,3173
UO1,_
11042,7905
44130,5132
47721,4639
36450,4439
47721,9901
44130,4439
36450,5132
47721,4590
91105,5423
44960,9607
91105,5411
49000,9607
91105,4709
15732,4041
15732,2633
C19FRP,3451
32220,_
C19IP2,3451
C19IP4,7360
C19IP4,7359
52320,5631
52320,5522
24615,8072
24102,7982
11000,7979
27216,8628
11000,7909
62223,8345
61107,8628
61340,_
77401,3121
61340,3121
77401,233
61107,_
11040,3121
61340,233
77401,8628
61107,3121
11040,233
61340,8628
77401,124
61107,233
15732,3110
31615,4041
31615,8669
41145,3321
15732,2530
31615,3110
31615,8382
15732,3321
31615,2530
31615,8332
31230,2219
31256,1651
33611,3799
COVIDSUSPECT,_
11012,9824
54115,7710
54115,8302
54115,8339
32020,5581
50500,3409
27513,7932
C19IP3,6639
59513,3995
C19IP3,6849
C19IP3,6561
C19IP3,7499
25274,7760
25274,8309
25274,8345
25274,9820
25274,7710
25274,8302
25274,8339
25274,8628
45331,4223
27784,7955
27519,7817
27784,7815
27519,7926
26675,7760
26675,8309
26675,8345
26675,9820
26675,7710
26675,8302
26675,8339
26675,8628
26675,_
CI871,_
58952,4563
12002,3409
44050,3482
44050,8659
32020,4680
44050,3409
12002,4680
12002,3482
39501,4680
21627,3699
11000,3958
63087,309
63087,8099
96408,4563
P0000,8659
99256,9824
54115,8907
99256,6492
35091,3844
35091,3846
35091,3952
35141,3995
90935,3848
11000,9355
25515,7936
25515,7817
30130,2253
31090,2161
38720,9357
62270,1649
61312,1649
65101,331
51040,8989
27218,5717
51040,7939
54535,8628
66985,1289
65285,1372
66985,1159
EE8,_
51050,5995
51065,5860
51065,8929
51065,5810
51065,6094
78716,_
36430,7860
20680,9903
36430,9788
20670,9903
20680,9971
36430,294
20670,9971
25929,7760
25929,8309
25929,8345
25929,9820
25929,7710
25929,8302
25929,8339
25929,8628
21462,7936
27535,7676
21462,7817
25530,5641
50220,7902
25530,5551
44320,1735
C19IP2,5980
C19IP2,5732
44970,4562
62270,4563
44125,331
44970,3893
62270,5411
44970,4639
62270,4701
62270,4562
44125,4701
44970,331
44970,4563
62270,4639
36488,4701
49000,331
62270,5423
50785,5459
50785,6849
44005,5674
50785,6561
63003,7859
22842,_
C19FRP,309
63005,7859
C19FRP,7859
63005,_
C19IP3,5136
C19IP3,5296
C19IP3,4370
C19IP3,5270
48150,_
C19IP3,5251
66761,1371
66987,1212
66761,1341
60254,2263
31254,4040
29015,8309
29015,8345
29015,9820
29015,8302
29015,8339
29015,8628
33610,3799
49507,4622
44316,3893
36488,4622
44316,5310
49507,4680
44050,3893
44316,4680
44316,5300
OO,_
27502,8907
99256,7905
27235,8907
27756,8332
15738,7819
27756,8382
44140,5310
49509,4572
20225,9971
36430,7745
32525,3229
32525,3479
53665,5810
53665,8929
61304,3409
44186,5425
25040,7760
25040,8309
25040,8345
25040,9820
11012,8019
25040,7710
25040,8302
25040,8339
25040,8628
69661,1919
69661,7710
ZZ880,_
27244,9829
27244,8016
27244,7815
27244,8036
66682,1371
66983,1682
66682,1319
OO90,_
36490,9971
27826,7760
27826,8345
43262,5136
43262,5270
48152,5185
43262,5251
P0000,8839
P0000,8754
61512,331
99469,_
26665,9353
69110,2630
69110,442
61590,1879
69110,124
69110,299
69110,7699
61590,1829
PZ370,7759
PZ370,7360
PZ370,_
42804,2211
31237,2912
42804,2121
24650,7909
25650,9353
24670,7909
24650,9353
25650,7902
24670,9353
58558,6639
58661,6816
37187,3893
36488,9910
66850,1459
66850,1449
44320,5850
52276,4610
60038,_
20802,8424
33208,8839
71090,3772
35761,7710
35761,8339
24413,_
C19T1,3995
NSD01,3995
58180,3995
NSD01,3893
58180,3893
47600,5732
52310,5122
47600,5700
50040,5521
50040,8773
50040,9649
50040,5620
50040,9645
OO88,6549
59120,_
OOO1,6549
OO88,_
12042,889
67840,8659
12042,820
26548,8345
21470,7935
27513,7676
21470,7815
50782,5521
52335,5620
90935,8773
52334,5980
69505,1930
69505,2021
69505,2099
69636,2049
69505,1860
10180,8669
19180,8604
10180,8332
10180,8541
15734,8604
10180,8382
44205,5423
49000,1739
44205,5411
66852,1341
66850,1342
42842,2899
36247,3891
43760,125
31600,9702
43760,124
61312,9702
43760,3121
49420,3892
36510,5423
49420,9604
49000,3892
31500,5419
36510,5411
36510,5419
02522,7935
02522,7815
27514,_
02522,8016
02522,_
KO44,_
EI18,_
99426,_
49509,5810
49509,5860
49509,6094
49509,8929
26121,407
26952,8235
26952,8684
26121,8401
27880,8446
47300,5423
49000,5021
47300,5411
12042,7759
59612,8659
27759,4673
27759,5423
44603,7936
27759,5411
41009,2700
76942,9604
76942,8345
11000,8446
34233,_
44141,5300
II635,_
11043,7785
06310,_
26990,7360
58145,8115
59409,6829
26990,7359
58145,7360
59409,8115
26990,6829
58145,7359
KK279,_
43530,_
44389,5731
50947,4525
44320,5674
50947,4610
44389,5674
44320,5731
50060,5620
50610,5501
76986,8628
76986,8345
43840,4563
52649,5810
52649,5860
52649,6094
52649,8929
43249,4514
43235,8192
43235,8396
20610,4513
43235,8191
43235,8394
51045,3893
36488,5719
24650,7933
26615,7902
24650,7923
26370,9353
26665,8286
26370,7939
26370,7814
49200,5310
49200,5300
27750,3805
43810,4685
43810,4513
45380,6561
58150,4525
45380,6849
54690,4709
52275,6230
44960,5850
54690,5411
52275,5423
44960,6230
54690,5732
ZA370,7360
ZA370,7359
ZA370,_
24546,460
46261,4824
25545,8403
26910,7932
31600,2211
11100,3121
31237,8611
31600,2121
11100,2211
31237,3121
31600,8611
11100,2121
NI79,_
25600,7931
24546,7902
11042,9353
25600,7842
11042,7902
C19IP1,6400
54161,_
C19IP2,6400
CERVICALCARCINOMA,_
27535,294
44005,4443
43255,5459
44005,4233
36450,3479
11606,9971
54100,8630
51010,6411
36430,5711
11606,9903
54100,9971
51010,8630
36430,6411
11606,5711
54100,9903
51010,9971
11606,6411
54100,5711
51010,9903
29365,8446
29365,8415
59120,7360
59409,6549
59120,7359
36800,5980
52332,3993
36800,5732
27236,7934
27236,7924
11010,7908
27245,7912
25611,7815
27506,7912
57540,2169
30801,6740
57540,2132
26123,8381
11044,8235
25312,8662
11044,8375
25312,8684
26123,8375
25312,8235
11044,8684
25312,7760
59162,_
77261,4525
77401,4685
77421,4525
77261,4685
77401,4513
77421,4685
77401,4525
24125,7763
24125,7803
43258,4543
44393,4341
44393,4533
43258,4522
44393,4530
76986,4563
49585,8753
47610,5341
31590,3198
11000,8037
ZZ49,_
27236,8095
36430,9359
27509,9903
11043,7908
26951,3995
23600,7925
63301,8099
31230,8669
67400,1651
11043,2220
16010,1609
11000,1623
31230,8628
67400,9357
11000,1651
15756,2220
31230,1609
15750,407
42415,8670
15750,2929
12045,3169
43200,8659
31584,4223
12045,3164
43200,3169
31584,8659
12045,4223
43200,3164
47600,5310
49505,5122
47600,5300
11000,4533
44111,8628
11000,4500
25023,9357
36488,8544
19240,3893
36488,8543
26350,3991
35741,8286
26350,3808
99446,_
11043,7984
12015,9344
12015,7810
12015,9353
12015,7860
47780,4439
43825,5499
47780,4400
50280,5511
50240,5539
50020,5540
50280,5501
50240,5511
50020,5539
50280,5540
50240,5501
15756,8152
27506,8332
15756,7925
27067,7769
27067,7779
43350,4210
59121,6651
58700,7430
58700,6602
54161,5349
38101,6400
49585,4143
54161,5341
38101,5349
49585,6400
54161,4143
38101,5341
11044,8284
26432,7760
26432,8345
77418,4525
77418,4685
77418,4513
27675,8345
ESKD,_
49010,5551
50236,5411
49010,5642
50236,5423
KO11,_
32002,8345
44366,4685
64836,8628
EI12,_
26600,7933
26615,7903
26600,7923
31531,9357
XA,3142
16010,9814
31531,_
XA,9814
31531,8628
26665,7710
26665,8302
26665,8339
29425,2181
11012,4461
43840,7710
25076,9971
25076,9903
43250,640
60254,4233
60254,4530
43250,4040
60254,4341
11421,4901
11421,4912
38200,_
52300,3995
27403,8309
27403,8345
27403,9820
27403,8302
27403,8628
C19IP4,4443
C19IP4,4233
52281,5850
52270,5810
C19IP2,5860
52281,_
C19IP2,5850
52270,8929
44130,4673
44602,4590
23700,8071
C19FRP,9326
29825,_
23700,8363
C19FRP,8071
29825,9326
29826,_
23700,8082
C19FRP,8363
29823,_
C19FRP,8082
29823,9326
23420,_
C19FRP,8181
23420,9326
29820,_
C19FRP,8021
29820,9326
23700,_
C19FRP,8041
51920,4575
44143,5784
51920,4610
12056,4040
21015,1840
11646,2181
38724,2751
21015,881
12056,4021
21015,4040
11646,1840
38724,2181
21015,8659
11646,881
12056,8630
21015,4021
11646,4040
38724,1840
21015,2751
11646,8659
38724,881
11646,4021
21015,2181
11646,2751
38724,8659
32095,_
C19IP3,8417
27590,3409
32095,8417
27590,_
32020,8417
27510,7860
29345,9344
27510,9344
27510,7810
21470,7932
25620,7676
25574,7929
43750,4461
44950,4311
43750,4442
43840,4311
43750,4709
65875,1269
66170,1233
65875,1264
90939,_
44147,5411
44147,6849
58150,4685
44147,4685
44147,6561
44147,5423
44147,4525
44147,4709
35860,9357
16010,3806
35860,8628
CKD,_
44900,4195
38115,4720
44900,4143
99460,8309
99460,8345
99460,9820
99460,8302
99460,8339
49020,5123
47562,5419
48153,5061
47360,5251
47360,3893
48153,3886
47360,5136
47360,5296
48153,3893
36488,3886
47360,5270
51920,6529
58951,5784
24545,479
24545,460
II29,_
TI810,_
C19IP1,5310
C19IP1,5300
89245,3121
89245,_
89245,9604
69433,2211
42804,2001
69433,2121
69433,2912
11450,8628
11450,8345
76942,611
60100,_
EO49,611
32100,4461
43840,3328
50234,3995
26952,7934
67935,7691
21172,1060
75989,3491
43234,8839
75989,3404
43234,3491
32002,8839
75989,4513
43234,3404
24579,7760
24579,8309
24579,8345
24579,9820
24579,7710
24579,8302
24579,8339
45330,9971
45330,9903
44960,8753
10012,_
02010,_
02202,_
43244,4525
45380,4233
P0000,8417
22851,9357
16010,8451
22851,8628
27506,125
61312,7815
61312,8152
27506,124
61312,7925
37735,3893
39010,3889
35011,8344
11400,8031
11011,4563
44125,8309
44125,8345
44125,9820
11011,4562
11011,4639
44125,8302
44125,8339
44125,8628
36810,9971
36810,9903
44110,3995
11010,7789
27506,7986
27556,7815
27556,8152
27556,7925
CELLULITISATFACE,_
C19T1,9933
25240,7932
25525,7783
25240,7935
27245,7819
25240,7979
27245,7783
25525,7935
25240,7819
49587,5123
46050,4993
46050,4873
43235,5390
45378,6310
49505,4513
55540,4525
43235,6310
49505,4525
55540,4685
45378,5310
49505,4685
43235,5310
45378,5390
55540,4513
93556,3961
33518,3956
33426,8843
33463,8857
93556,3611
33518,3512
33533,3956
33518,8843
33426,8857
33533,3512
33518,3524
33533,8843
33518,8857
33426,3611
93556,3512
33533,3524
33518,3961
33463,3956
33533,8857
33518,3611
33426,3929
33463,3512
93556,3524
33518,3514
33426,3956
33463,8843
47830,_
31225,2110
43247,2263
43247,7699
61581,2220
31225,9803
43247,1659
31225,2263
43247,2264
31225,7699
43247,2220
61581,9803
31225,1659
43247,2110
31225,2264
43247,299
C19IP3,4443
C19IP3,4233
21146,7646
21146,7691
26442,8211
26442,8391
OU72,_
67050,1370
67052,1343
67040,1214
66625,1424
82136,_
66982,3995
58700,4579
44160,6651
58700,4562
44960,4593
58700,4593
63303,8099
44950,4639
44130,4709
11043,7672
23570,7932
77418,5980
77418,5732
19110,6849
58150,8599
19110,6561
19160,8548
19220,8523
19160,8547
25505,_
11762,8401
XA,9971
XA,9903
27506,8381
27381,8152
27506,8364
27381,7925
47620,5459
44005,5183
05809,_
25830,8405
11010,7780
25900,8129
25830,8628
11010,8129
25830,9820
11010,8405
25900,7780
58100,5980
52332,6711
10120,7760
11044,8605
10120,8659
12035,3803
24495,8605
10120,3803
12035,8314
12035,8605
24495,8659
11044,3803
10120,8314
44995,_
EE116,_
26720,8403
26910,7904
26720,8401
JH259,1371
JH259,1330
JH259,_
27750,7926
41874,8309
41874,8345
11011,2450
41874,8302
41874,8339
55040,4461
43840,6310
55040,4442
58820,6591
36450,7749
20225,9901
36450,7745
75827,8839
90935,8851
75827,3950
75978,8851
75827,3995
63030,8345
49000,8754
47620,5411
33916,3815
33916,3961
KO35,_
25560,7904
26720,7902
11043,8544
19240,8345
50380,5561
91105,9971
36510,9607
91105,9903
36430,9607
91105,3892
UO71,7360
UO71,7359
28805,8415
27880,8332
77761,9971
77761,9903
58260,5600
58260,5732
43312,_
27446,8147
43236,4685
43236,4525
43236,_
47000,5149
11043,5349
49587,8345
44322,4850
45112,4610
36488,4840
45112,3893
44322,4840
45112,4525
11012,7839
26568,7710
26568,8302
26568,8339
26568,8628
32095,3491
27513,7912
27756,7815
27756,8152
24545,9357
11000,8212
26130,9353
26615,8073
26130,7933
29075,8073
26130,7923
80945,_
80945,9604
80945,3893
C19IP1,8753
C19IP1,5122
76355,8838
33015,233
62223,3712
33025,233
92980,8843
52332,6099
55859,5980
49201,5631
58940,5732
49201,9649
58940,5980
50575,5440
50393,6539
58940,5521
49201,5732
58940,8773
49201,5980
50575,6539
50393,6551
49201,5521
58940,5620
49201,8773
58940,9645
50575,6551
49201,5620
58940,5631
49201,9645
58940,9649
50393,5440
36400,_
19260,8544
19162,3440
66840,1371
66840,1341
51860,5810
51860,5860
51860,6094
51860,8929
52601,5781
51860,5732
51860,5850
51860,6029
51860,6373
58345,7360
59409,6999
11012,8446
27881,7760
27881,8309
27881,9820
27881,7710
27881,8302
27881,8339
26951,8669
19120,8511
19101,8521
36825,_
90903,3993
27295,7760
27295,8339
27295,9820
36488,8418
27295,7710
27295,8309
11012,8418
27295,3893
27295,8302
27514,7810
43420,4283
32650,4685
45378,3421
47563,9755
43269,5123
47563,5110
47563,5459
76942,5850
76942,6373
47000,8839
43260,_
47000,8754
47000,5110
29085,9357
28825,9357
60220,6849
58150,620
60220,6561
44800,5310
49507,4533
44800,5300
46045,9622
46045,4823
26735,2181
26608,2751
26735,881
12052,7934
26608,1840
26735,2751
26608,8659
12052,7814
26735,1840
26608,2181
26608,881
12052,7924
AN185,_
61510,9901
44310,4563
49561,4613
49561,4590
44144,5351
49561,4579
44144,5361
49561,4610
62272,125
62272,124
46050,4542
36821,5631
40654,2752
41250,2759
40654,2551
11042,8662
60100,125
61512,611
60100,124
26300,_
11011,4542
45385,8309
45385,8345
45385,9820
11011,4523
11011,4543
45385,8302
45385,8339
23600,7760
23600,8309
23600,9820
23600,7710
23600,8302
23600,8339
23600,8628
24582,9357
16010,7911
65105,881
67935,1641
65105,1060
26350,8332
26356,8382
26727,8669
15732,8251
26350,7819
26350,8669
26727,8251
26356,8332
26727,8382
15732,8286
26350,8251
26356,7819
26350,8382
26356,8669
26727,8286
15732,7819
26727,8332
MO691,_
99256,4572
44141,8907
99256,4610
JI189,_
47010,8753
47010,5122
11041,3952
11041,3843
31600,8321
43830,8321
21550,4319
21550,3121
63195,309
63195,329
43246,3110
77421,4311
31237,9925
43246,2211
96408,4311
31603,9925
43246,2121
77421,2211
96408,3110
31237,4311
43246,9925
77421,2121
96408,2211
31603,4311
43246,_
96408,2121
69310,139
61154,1860
67025,3990
37205,1475
37205,1471
19110,4850
45110,8599
19110,4610
51920,8401
90935,5784
28820,3995
26951,8411
51920,407
28820,5784
51920,8411
28820,8401
26951,5784
51920,3995
28820,407
LO29,_
EO42,_
26350,8662
26356,8684
12002,8286
26123,8659
26356,8235
12002,8662
26123,8286
11040,8235
26350,8684
12002,8251
26350,8235
26356,8662
12002,8684
26123,8251
12002,8235
29085,8339
29085,7710
29085,8309
29085,7939
29085,8302
27530,7939
27540,7906
27530,353
58520,5425
49080,6949
49080,6941
44970,6529
58720,4701
58925,4701
11044,7986
27558,8345
28615,7949
24065,8628
24065,8345
CI9IP1,_
C19IP4,8345
C19IP4,7760
HG919,_
58660,4030
58660,6561
58951,5421
58660,5411
58660,5440
58660,6849
58660,5423
58660,6529
23615,8071
23105,7931
23615,8011
43235,9607
65280,1342
62162,125
62162,124
67121,1490
67046,1460
C19IP1,5423
C19IP3,4685
CT192,_
C19IP1,3409
26600,7934
26735,7903
26600,7924
C19IP2,4443
C19IP2,4233
ENDOMETRIALBIOPSY,6813
ENDOMETRIALBIOPSY,6711
ENDOMETRIALBIOPSY,_
EZ380,_
26261,7769
26261,7809
27524,7859
27524,7672
875/3,_
47562,8544
19240,5123
47562,8543
64721,7760
58943,5459
51020,4709
44950,5759
44602,7925
52318,8628
11043,5700
52318,8345
11044,8407
24900,8415
27880,8407
24900,7760
53852,6270
54520,6021
52334,5719
27535,7975
27250,7936
11042,7975
27250,7817
27894,9357
32540,9357
16010,3440
32540,8628
38765,5310
49521,4030
38765,5300
76942,6529
58220,_
C19IP3,6529
58220,6529
58925,3893
58220,5411
58925,_
58220,5423
58220,3893
21610,7791
POSTCOVIDPNEUMONIA,_
44820,6849
93510,5440
58150,3722
44820,6561
93510,6849
44820,3722
93510,6561
49010,5251
49010,5296
66982,3780
33208,1330
27238,9357
16010,7905
27238,8628
43239,8544
19240,4514
43239,8543
76986,3749
32110,_
33300,3349
76986,3409
32110,3749
33300,_
76986,3402
76986,3349
33300,3409
32020,3749
ZU071,_
CATARACTSENILEMATUREOD,1371
CATARACTSENILEMATUREOD,1341
CATARACTSENILEMATUREOD,_
KB08,_
43101,4239
11043,4461
C19IP2,4579
56605,7360
59409,7111
56605,7359
47716,5139
52322,5600
52322,5732
52322,_
49180,4685
43239,5424
49180,4525
45378,5424
49180,4514
29405,8016
27598,7935
27514,9903
27514,9971
27598,7815
27514,8416
32036,9357
32036,8628
49000,5860
52601,5411
27513,7859
21365,7815
29085,8192
29085,8396
29085,8191
29085,8394
39080,_
NSD01,7123
56440,_
39080,7123
49420,8192
20600,5419
49420,8394
20600,3893
49420,8396
20600,3995
49420,8191
43239,5151
47564,4514
11011,7850
36488,5103
62223,4610
44143,125
62223,4575
61520,4610
44143,233
61520,4575
15740,4946
45303,8670
15740,9622
46260,8670
15740,4823
27750,7925
28615,8659
41874,206
62147,2450
41874,204
64736,403
ZV255,_
58600,5349
49585,6639
58600,5341
46260,4835
WOUNDGRANULOMA,_
HARDPALATECA,_
35103,3995
31500,6849
58346,6999
19420,8544
19420,8543
19420,_
EHBSO,6849
EHBSO,6561
EHBSO,_
54690,5310
54690,5300
27758,9353
29435,7936
27310,7986
49507,6400
50715,6561
08340,_
EI42,_
NN939,6849
NN939,6561
NN939,_
44320,5061
36488,3482
38102,4442
38102,4610
38102,5061
44320,3482
44320,3886
38102,3893
47360,4150
38102,3482
38102,3886
44320,4150
38102,4461
47360,4610
38102,3409
39501,3893
25574,7989
26715,7932
25574,7922
64830,7934
26608,479
64830,7814
32960,3332
12002,8499
11100,8309
11100,8345
11100,9820
11011,8611
11100,8302
11100,8339
36488,4543
36488,4523
45385,3893
36488,4542
C19IP1,8546
19200,_
C19IP1,8545
76942,4233
32002,4443
43255,3491
32002,4233
43255,3404
76942,4443
27049,4912
49561,6849
58150,5351
43259,5123
43264,8874
43259,5294
47562,8874
43259,5188
61510,3995
26590,8283
RO982,_
32000,5641
50220,3491
32000,5551
26952,8212
26037,407
27814,7840
27709,7936
27724,7737
27814,7807
27709,7840
27814,7737
27709,7807
36488,8051
63081,8129
22554,3893
36488,309
36488,8129
63081,3893
36488,8099
63081,8051
25574,7934
25574,7924
09282,_
27472,7855
27450,7805
27472,7735
24516,8152
24516,7815
27506,8444
24516,7925
27506,7840
27881,8907
99256,8446
29365,8907
99256,8415
23920,8630
24065,8684
24149,8408
23920,8321
24065,8349
23920,8684
24065,8408
24149,8321
23920,8349
24065,8630
26235,8345
29405,8446
60100,6813
58100,611
60100,6711
43200,3893
49000,4223
43200,5423
36488,4223
43200,5411
DYSFUNCTIONALUTERINEBLEEDING,_
47562,6849
58150,5123
19369,8544
19369,8543
11044,9824
54115,7760
11044,6492
29065,125
29065,124
45334,4513
67107,1459
33405,3956
33405,8857
93556,3522
33405,8843
45378,8839
75982,4685
43239,5159
75982,4514
45378,5159
43239,8839
75982,4525
29875,8036
43633,3893
44620,5122
35221,5423
49000,3959
35221,5411
69641,125
20600,1860
61312,1940
20600,2099
61312,8191
69641,8192
61312,8396
69641,124
20600,125
61312,1860
20600,2049
61312,2099
69641,8191
61312,8394
69641,8396
20600,124
20600,1940
61312,2049
61312,8192
69641,8394
30011,5498
C19IP1,9901
C19IP1,6561
36480,9604
C19IP1,9604
43239,8192
43239,8396
20610,4514
43239,8191
43239,8394
90997,_
90997,3893
26356,479
35045,8251
26356,3843
27227,7989
27217,7935
27227,7939
FO63,_
IO99,_
47620,5423
49000,5183
66993,1266
66993,1490
64713,8628
64713,8345
12002,4563
32160,5423
P0000,3409
32160,_
P0000,3791
XA,7679
21407,_
XA,1669
LO281,_
49080,6859
58262,5425
93318,_
27535,7902
36012,711
36012,730
60650,3893
36012,5421
36012,729
C19T2,4610
C19IP4,3891
C19IP4,3806
C19IP4,8417
34201,_
UO71,9604
EU230,_
C19IP3,3110
EU230,3110
36000,9604
JIE93,_
07210,_
52204,5831
36825,3893
52337,3993
36825,5980
52337,5700
36825,5700
36825,5522
36488,5700
36825,5600
52310,3993
36825,5631
25545,7902
25515,9353
44320,8309
44320,9820
44320,8302
44320,8339
65222,1371
66984,9821
65222,1330
58140,6651
58140,7499
58700,6829
31535,640
60254,3143
31535,4040
35476,3995
47562,7760
47562,8309
47562,9820
11012,5123
47562,7710
47562,8302
47562,8339
36145,5498
36450,3895
31500,9901
36450,5498
31500,3895
90945,9901
36145,9604
90945,3895
36145,9901
36450,9604
UOI7,_
CT19T1,_
P0001,9604
P0001,9901
C19IP1,3995
MSI40,_
36448,_
RA211,_
JC128,_
C19IP1,4590
C19IP1,4572
32607,_
NI189,_
36010,_
NI189,3995
36010,3995
NI189,3893
EH2,_
EH2,3893
EH2,3995
EH2,5498
31520,5498
C19IP4,3142
31520,3995
36488,3142
31520,3893
90945,3142
31520,_
58673,4709
59459,_
46986,3893
46986,_
46986,5425
C19IP4,4685
C19IP4,4525
C19IP4,4513
36430,5498
31520,9971
90945,9971
31520,9903
36430,3142
90945,9903
49588,4673
C19IP2,5349
49588,_
C19IP2,5341
49588,5440
C19IP2,4673
59507,5310
59507,5300
59507,_
36488,5132
47721,3893
36488,4439
11043,3942
36832,8628
11043,3800
36832,8345
05800,_
62223,3110
62230,233
61020,242
62230,3110
61304,242
31603,102
62230,125
61020,3110
31603,242
62230,124
31603,233
62223,242
62230,102
27250,7925
23650,7975
27250,7971
23650,7925
TAHBSO,6849
TAHBSO,6561
TAHBSO,_
11730,9357
27752,7935
27514,7906
27752,7815
FF109,_
28660,8309
28660,8345
28660,9820
11011,7974
28660,8302
28660,8339
28660,8628
26720,7925
12002,3959
35201,8659
12015,3959
42420,4029
38555,2632
11043,7788
91105,9604
91105,3995
90935,9607
31500,9607
27635,7760
27635,8309
27635,8345
27635,9820
11012,7767
27635,7710
27635,8302
27635,8339
27635,8628
46230,5423
49000,4946
46230,5411
SO620,_
27514,8152
19100,8546
19200,8511
19100,8545
43850,5425
39501,4450
43850,4461
39501,5425
43840,4450
49080,3482
43850,4442
49080,4450
43850,3482
35533,3929
65280,1471
42010,_
45378,8672
47562,4685
46288,4513
45378,5123
43235,4973
47562,8672
66840,1474
69436,2263
31254,2001
69436,2219
46262,8753
47563,4873
47563,4939
50240,5587
36011,5540
50540,3893
50240,5585
36011,5587
50540,5540
50240,3893
36011,5585
43289,_
45330,8839
75940,4525
45330,3870
19080,_
19080,4341
43244,_
19080,4233
75989,7745
27187,7749
20245,8839
75989,7855
27187,7742
75989,7749
27187,8839
75989,7742
27187,7745
52450,6270
54520,6000
52450,6230
35256,7936
34201,3956
27594,3806
27535,3808
35256,3891
27594,7817
27594,3808
27535,3891
35256,8417
34201,7817
27594,7936
27535,3956
35256,3806
27594,3891
27535,8417
35256,7817
34201,7936
27594,3956
27535,3806
35256,3808
43269,3995
90935,5123
47563,3995
90935,9755
92235,_
51840,5979
36450,4850
45110,9901
44500,5502
50040,8907
44500,5501
99256,9608
44500,8907
99256,5502
50040,9608
44500,9901
99256,5501
31622,9815
31635,3324
31622,3323
43830,8659
43830,8630
15931,4319
43261,5151
49000,5214
43261,3995
90935,5214
47420,5411
43261,5423
47420,3995
43261,5104
36488,5214
43261,3893
90935,5151
47420,5214
43261,5411
47480,5151
47480,5183
47425,5103
47480,5182
25611,7938
28525,7912
26686,7760
26686,8309
26686,8345
26686,9820
26686,7710
26686,8302
26686,8339
26686,8628
28505,7801
23485,7939
28505,7731
67950,1289
65280,859
67950,1159
24310,8313
C19IP1,5498
33952,_
43750,5980
52332,4311
43750,5732
35631,3926
66852,8628
11044,1474
66852,8345
66852,8403
11044,1342
26910,1474
66852,7760
66852,8401
26910,1342
36450,8152
36450,7815
27506,9901
36450,7925
36822,3893
90693,_
31510,3995
C19IP2,9357
43300,4709
C19IP2,4289
43300,5423
49000,4289
43300,5411
44950,4289
43300,_
10007,_
90946,_
31510,_
31510,3893
36400,3995
36430,4530
43250,9903
90935,4530
43250,9971
C19IP2,4341
43250,_
36430,4341
C19IP2,4530
43250,3995
AIG2,_
C19T2,7491
C19T2,6800
NIF9,_
C19IP4,3121
NIF9,3121
II072,_
75757,8628
10060,9512
75757,7760
75757,8604
11044,9512
75757,8345
AY50,_
CSO9,_
44604,5425
44300,4399
90935,4399
43621,3995
43621,4610
44300,3995
43235,8838
16035,3893
36488,8609
65265,1289
65285,1402
65265,1159
28220,8391
ZU91,_
49320,3409
49021,5421
45378,5491
49320,4513
45378,5421
43235,5491
49320,4685
49021,4513
43235,5421
49320,4525
49021,4685
49320,5491
49021,4525
49505,6639
58600,5310
58600,5300
31500,8611
10060,9604
10060,8611
11100,8604
11043,8611
11100,9604
31500,8604
90935,8857
93556,66
92982,3995
90935,3956
92982,8857
90935,66
93556,3995
92982,3956
32002,3460
32650,3404
21210,8628
21210,8345
64835,7933
26615,430
64835,7923
26715,8401
26951,7922
44143,5491
52000,5491
51550,5425
49021,4575
52000,5760
49021,5732
51550,5732
52000,5425
49080,5760
51550,5491
52000,4575
49021,5760
36430,4575
10060,7360
59409,8604
10060,7359
27511,7906
51045,5711
51010,5719
SO151,_
MCO01,_
33853,3931
33853,3961
36248,9604
36248,3995
36248,5498
36248,_
43760,9971
C19IP4,9702
43760,9903
31500,9702
43760,9604
36430,9702
43760,_
44180,5123
43264,5451
44180,5294
47562,5451
44180,5188
JU189,_
33518,8403
25929,3611
33517,8403
25929,3929
33533,8403
33517,3611
67050,1330
66840,1343
39010,3952
35162,3410
39010,3840
C19IP4,3699
C19IP4,3961
33863,_
C19IP4,3599
C19IP4,3958
50935,_
50935,5600
50935,5732
C19IP2,9353
C19IP1,4685
C19IP1,4525
36350,_
P0001,3893
C19IP1,3893
61117,_
62225,124
61250,_
61117,124
62225,_
93093,_
44050,4562
44120,4680
26418,7989
26715,8286
26418,7922
67971,8628
11043,869
57265,6561
58210,7052
52310,5831
52240,5700
52310,5749
22630,8451
22842,8129
63045,7859
63045,8451
22851,8129
22630,7859
C19IP1,139
C19IP1,124
12041,7759
24305,8385
32020,4575
44143,9604
12001,5461
10140,3409
12001,5423
32020,5461
10140,8659
49900,8604
12001,5411
10140,5461
49900,3409
12001,8604
49900,8659
12001,3409
77418,4311
47610,5185
27524,353
31231,_
DD259,6849
DD259,6561
DD259,_
67912,889
63003,7989
22327,309
63003,7929
27295,8417
11043,8418
27590,8418
49561,5123
49080,7360
59409,5425
49080,7359
66984,1164
65730,1330
46936,4542
44202,5641
75989,4562
44202,8839
75989,5551
75989,4590
50220,8839
44202,5551
75989,5641
50220,4562
CKDS,_
49080,5349
49587,5425
49080,5341
36013,3721
C19IP2,8843
93556,_
C19IP2,66
C19IP2,8857
92982,_
C19IP2,3956
C19IP1,8857
C19IP1,3956
C19IP1,66
C19IP1,8843
11040,7819
11040,7676
36448,3995
25759,_
44111,5459
49507,4525
49255,4685
UI072,_
5860L,_
5860L,7499
59136,6651
59136,5411
59136,5423
MO1,_
41899,_
UOZ1,_
43632,4685
43632,4525
44143,4720
44900,4575
VV899,_
61712,125
61712,124
58740,4030
38770,6589
11042,3803
27752,9357
35201,125
35800,3959
61312,3802
35201,124
35800,125
61312,3959
35201,3802
35800,124
58513,_
43123,4255
27750,8036
XA,1060
XA,881
27792,7933
26615,7817
ZZ302,_
37204,4610
75726,4613
44005,3880
44144,8840
37204,5459
75726,4579
12241,_
58540,6639
59100,6949
58540,7491
58540,6800
UU071,_
P0000,3993
C19IP1,3993
69821,_
52000,9925
46275,5400
27310,9357
43632,9604
31500,4370
24615,479
64718,7982
24615,460
35840,8628
11043,3806
35840,8345
32005,9971
12002,3492
32005,9903
36430,3492
32005,8659
32000,4542
45384,3491
32000,4543
32000,4523
15756,9824
11011,3956
27502,9359
27509,7905
27502,7945
35721,4563
44120,3808
PZ380,_
24575,7933
26615,7931
24575,7923
27429,7929
27566,8146
27429,7796
28090,8364
29445,8339
28270,9353
28090,8048
29445,8364
28090,9353
29445,8048
50236,3482
1CIP2,_
30500,_
27800,_
NPSOPS,_
81500,_
52336,5504
31603,8857
C19IP4,66
93556,3110
31603,3956
C19IP4,8843
OO830,_
OPS,_
IPSOPS,_
96408,9605
31645,9925
96408,3323
GIP0,_
67112,1371
67112,1341
35641,3925
31605,3491
36568,3110
32000,3110
10140,9357
11000,8546
19200,8628
11000,8545
02822,7760
02822,_
11042,4595
11042,4835
26841,9820
26841,8628
58120,4685
45378,6909
58120,4525
68525,912
CD09,_
49550,4562
49550,4590
49550,4563
33025,3491
43750,3712
32002,4311
33025,3404
43750,3491
33025,4311
43750,3404
68108,7499
68108,_
15574,4850
51920,8670
45110,5784
15574,4610
51920,4850
45110,8670
15574,5784
47125,5151
51920,5030
47420,5784
47125,5104
51920,5151
47420,5030
47125,5784
51920,5104
67036,1364
58200,5784
38770,4011
51920,4011
50220,5784
28090,4912
46270,8339
28090,4911
46250,9971
36430,4946
46250,9903
SO530,1289
SO530,1159
SO530,_
59513,8606
62362,6639
59513,390
58600,8606
62362,7499
58600,390
11042,6100
44320,8630
11000,6100
55101,8630
11403,6100
11403,4610
JJ150,_
22202,_
16035,8314
25023,8609
16035,407
27880,8669
C19IP3,3121
30117,2211
31237,2131
30117,2121
27323,7925
27327,8152
27506,8321
27323,8630
27327,7815
27323,8152
27327,8321
27506,8630
27323,7815
27327,7925
53852,8192
53852,8396
20610,6021
67250,1287
27594,8309
27594,9820
27594,7710
27594,8302
27594,8339
58123,_
27591,8345
46200,4912
46275,4939
35021,3845
35021,3952
54100,_
99460,6411
54100,4563
52332,6400
54152,5501
54152,5980
50040,6400
54152,5502
61314,331
49573,3995
CI9T2,_
48080,_
36488,4869
45113,3893
44320,4513
36568,331
62272,_
90935,331
62272,3995
C19IP3,331
62272,3893
SN185,_
43341,4254
00809,_
27334,7936
67050,1699
66825,1343
15100,7815
15100,7935
25575,8669
27514,8669
27502,7789
27071,7905
27502,7785
27244,9351
29305,7935
27600,9357
25900,8314
24935,8405
24900,9999
24935,8314
16010,9999
27600,8407
24935,9357
24900,8314
27600,9999
24935,8628
27600,8405
25900,9999
24935,8407
29355,7710
NI89,_
38101,5540
38747,5423
43820,4030
38747,5411
38747,4439
11040,9820
15100,7906
27786,8669
96408,8192
96408,8396
20610,9925
96408,8191
96408,8394
49560,4641
44314,5361
44314,5351
36830,3995
24650,7939
24650,7929
33533,3952
31571,3611
33518,3100
33513,3929
35162,3614
33533,3840
31571,3952
33513,3100
35162,3929
33533,3614
31571,3840
33518,3952
33513,3611
35162,3100
31571,3614
33518,3840
33513,3952
35162,3611
33533,3100
31571,3929
33518,3614
33513,3840
C19IP1,8659
C19IP1,8630
38644,3995
20680,3891
34203,7710
34203,8345
43243,4542
28525,8401
26952,7938
28525,407
11040,4680
11040,4590
11040,4572
44120,6589
58740,4590
58740,4562
58740,4563
14041,8309
14041,7710
14041,8302
14041,8339
50010,4029
50010,5641
50230,5501
50010,3807
50010,5551
26600,7989
26685,7903
26600,7984
27650,8018
24360,8345
24360,8185
49522,5423
45380,9622
45380,4823
61107,125
45116,4590
45116,4869
11041,8662
26700,7760
26700,8309
26700,8345
26700,9820
26700,7710
26700,8302
26700,8339
26700,8628
42810,8309
42810,9820
11011,2920
42810,8302
42810,8339
32020,9199
88174,3409
32020,8838
28208,299
32604,3460
32650,3422
75989,4610
95914,_
63286,340
33246,3780
33200,3795
33200,54
33246,3774
33200,3797
540/0,_
77421,4292
43248,_
43234,4292
27333,7934
27333,7924
49080,4543
45382,5425
49080,4523
27514,7855
27450,7815
57555,6561
58210,7050
57555,4030
57555,6869
58210,6740
42505,2649
27330,8309
27330,9820
23412,8041
11012,3891
34111,7710
34111,8302
34111,8339
34111,8628
11750,8604
11740,8345
11740,8623
11760,8660
15580,8689
44143,4685
38724,8604
10060,4040
10060,4021
49525,4590
44202,5300
26615,8033
29065,7923
25101,7933
25101,9353
26615,8013
25525,8033
25101,7923
25101,7979
25525,8013
29065,8033
29065,8013
29065,7933
25101,7819
47300,8753
47610,5021
47300,5122
24650,8036
OJ128,_
16010,4850
45110,8628
21154,8382
15732,7691
21154,8332
21154,8669
15732,7646
25900,8669
25900,8609
16035,8405
15100,8405
48140,4442
62223,160
61500,233
20600,4514
27510,7935
27510,7815
27250,8382
27235,7985
27248,7905
27235,7935
27253,7905
25415,7932
46040,4911
46040,4993
46040,4873
52310,4824
45300,5700
36825,9353
27881,3993
36825,8415
51010,5810
51010,5860
51010,6094
51010,8929
52601,5711
51010,5850
51010,6029
51010,6373
25622,7974
26676,7903
25622,7814
21550,9357
16010,8321
21550,8628
50080,5522
50080,5631
32664,529
31600,4461
85600,_
12015,881
12015,1060
24546,7802
24151,7842
25023,8345
49200,6589
26520,8094
50610,4610
44143,5620
50610,4575
43760,8345
43820,3893
52000,4439
99460,5732
99460,4439
43820,_
43820,5732
44389,4341
43244,4514
43239,4341
59514,8345
58150,4850
45112,6561
35405,_
32002,8309
11011,3404
XEWBORNCAREPACKAGE,_
28825,7936
27828,8411
28825,7817
AO68,_
08001,_
33504,3699
33504,3961
11400,9357
CR002,_
55821,5810
55821,6029
51050,3998
52601,6030
55821,5719
55821,6094
51050,6030
55821,5732
55821,5860
52601,3998
18713,4590
18713,4572
18713,_
29876,6270
54520,8076
29876,6230
89093,_
AO99,4685
AO99,4525
43239,125
61510,4514
43239,124
28445,8037
28445,8017
19110,7052
58260,8599
19110,7051
57260,8599
19110,6859
GD649,_
28022,7860
28022,294
28022,9788
20680,8018
58545,6813
58545,6711
26357,7933
26615,8251
26357,7923
11041,8609
16035,8659
12014,8609
12013,8609
UO71,7925
27880,7691
11000,8415
21138,8628
27880,7646
11000,7691
21138,8415
11000,7646
36825,3952
35011,3993
36825,3843
58940,5419
58960,6551
58940,4030
58960,6539
58825,6869
44005,6599
58825,4030
58825,5459
58210,6599
58825,6561
C19IP2,3402
32100,_
C19IP2,3328
43820,7760
11012,4439
43820,7710
27590,8199
27894,8332
27894,8382
15738,407
27894,8669
15738,8314
56901,_
56901,5810
56901,5860
56901,6094
56901,8929
56901,5732
56901,5850
56901,6029
56901,6373
27745,7760
27745,8309
27745,7710
27745,8302
27745,8339
21179,9820
11010,1689
11010,7691
21179,8628
58150,8544
19240,6561
10060,4709
44950,8604
89233,4311
89233,_
66850,1343
99460,3402
32124,_
99460,3339
26140,7760
26140,8309
26140,8345
26140,9820
11012,8074
26140,7710
26140,8302
26140,8339
26140,8628
RETINOPATHYOFPREMATURITYOU,_
45330,4923
45330,4921
46606,4525
67005,1269
67005,1264
21030,4685
45378,7639
21030,4525
44310,4639
44130,4620
58720,4850
45110,6561
49522,5440
20955,4040
15756,3999
21044,7807
38724,7769
20955,3893
21044,4021
36488,4040
11040,3999
38724,7807
20955,8332
27758,8016
27524,7905
36488,8016
25574,7936
27524,3893
27310,7905
27310,3893
27507,7905
27507,3893
27758,3893
36488,7905
27524,7860
27507,8016
27502,3893
25574,7905
33976,3766
10140,8544
10140,8543
28045,8628
67413,7939
12001,1609
21365,1610
67413,7672
12001,7859
21347,1609
67052,1341
90935,8754
47620,3995
SOO,_
55700,4946
45300,6011
55700,4939
46261,6011
55700,4824
11740,8908
11740,9449
66983,1330
66982,1319
46040,4824
46288,4901
46040,8672
46040,4973
C19IP2,6970
C19IP1,3722
93510,_
36400,3722
36400,9604
36988,9604
36988,_
89245,3995
89245,3404
37204,4685
43235,3880
37204,4525
45378,3880
37204,4513
35820,8544
19240,3805
35820,8543
44322,4923
45100,4525
56755,_
44130,3995
27310,8332
PP369,_
28675,8401
28675,407
49080,5511
50020,5425
49080,5501
47562,4525
NOS,_
11303,5310
49505,8609
11303,5300
31293,1609
31293,2219
75635,9971
36430,8848
75635,9903
27245,9359
27245,7945
30000,7760
30000,8339
30000,9820
26727,2110
30000,7710
30000,8309
30000,8628
11012,2110
30000,7819
30000,8302
30000,8345
12002,3110
59409,3491
32002,7359
11421,9357
11421,8628
JO71,_
CV19T1,_
24515,7842
24515,7809
59814,6813
58100,6959
59814,6711
19361,7791
19260,8554
58611,_
08092,_
11010,8036
11010,9829
27814,7809
27814,3999
31575,4262
31622,3142
43425,3893
31526,4283
32020,4579
66625,1269
66170,1214
66625,1264
49250,5423
44950,5430
49250,5411
49020,5430
49250,5419
49000,5430
49250,4709
26770,7934
26765,7974
26770,7924
11010,8623
SV899,_
RA71,_
20520,8659
27250,7949
27250,7909
45300,5620
45300,9645
26852,8127
69915,403
C19IP1,5502
C19IP1,5501
C19IP1,3891
34111,_
C19IP1,3803
44661,4579
44661,5760
44661,5783
67036,1274
66710,1474
67036,1273
12042,7939
28445,8659
OI621,_
33025,3724
32604,3712
33025,3422
44140,5784
51920,4572
C19FRP,5600
C19FRP,5732
19120,8628
11043,8521
19120,8345
44120,3409
11442,4590
11442,4572
NN083,_
11011,7905
46746,4879
46746,4979
46746,5849
46746,7079
32220,3893
32035,3451
32220,7791
36488,3451
44205,5459
50825,5310
49521,4622
50825,5300
21740,3474
ED649,_
25500,8499
25500,7819
25500,7939
28113,8345
26607,7934
26735,7913
26607,7924
25265,8309
25265,8345
25265,9820
92973,66
20956,8309
20956,9820
11012,3999
11000,7679
21390,7672
11000,1689
21356,7679
21390,8628
21356,1689
36800,5253
24495,3993
48140,8314
24495,4150
48140,3993
36800,3803
58746,6849
58746,6561
58746,_
27511,7912
27499,9903
16010,9971
27499,9971
27499,9357
20670,4513
45378,7932
20670,4685
25574,4513
45378,7860
43235,7932
20670,4525
25574,4685
43235,7860
20670,7932
25574,4525
58545,6639
58545,6561
C19IP2,8546
C19IP2,8545
44110,4572
44025,4590
44140,4503
44110,4590
44025,4500
45378,4503
44025,4525
44025,4533
44110,4525
44025,4685
44140,4500
44110,4685
44025,4572
45378,4500
44140,4533
44110,4503
45337,4523
45337,4543
45337,4542
51530,5810
51530,5860
51530,6094
51530,8929
51530,5850
51530,6029
51530,6373
67040,1699
66180,1424
35492,3950
11012,8095
27036,7760
27036,8309
27036,8345
27036,9820
11012,8045
11012,8319
27036,7710
27036,8302
27036,8339
27036,8628
49000,9344
27226,5423
49000,7810
20650,5411
20690,5423
20690,9344
27226,3893
49000,7860
27226,5411
20650,5423
20690,3893
20690,5411
27217,7810
20692,7939
27075,8345
27828,7949
27193,7936
27828,7909
27828,7975
27193,7817
24650,7819
46220,4912
46220,4911
45100,4912
46270,4923
45100,4911
90935,4620
25575,7810
24685,7909
47563,5185
11042,6270
11042,6230
11043,4673
11043,3803
24341,8314
CRO20,_
29055,7979
29055,7902
66160,1371
66987,1265
66160,1341
35361,3814
35361,3816
45355,4341
43200,4530
43250,4522
45355,4223
43200,4233
45355,4530
43200,4522
43250,4223
43200,4341
22851,8099
22845,8451
22845,8099
63085,8451
22845,309
45380,6639
58661,4525
NCP,9933
45100,4543
45385,4513
43235,4923
45100,4523
45100,4513
45385,4923
45100,4542
96408,4590
44140,9925
36450,9059
99246,9901
36450,8909
44310,5502
50040,4620
44310,5501
43239,3491
32002,4514
43239,3404
23515,7817
76986,4562
47420,5425
25515,7860
31002,2200
25107,8019
57520,6813
58100,6720
58100,6769
NSD01,8309
NSD01,8345
NSD01,9820
NSD01,8302
NSD01,8339
12031,7710
43130,7710
43200,7760
43239,8302
31622,8309
43130,9820
43200,2932
43239,4223
31622,4514
43130,3402
43200,7710
43239,7760
31622,8302
43130,8628
43200,9820
43239,2932
31622,4223
43130,3349
43200,3402
43239,7710
31622,7760
43130,8345
43200,8628
43239,9820
31622,2932
32020,4223
32110,4514
11012,3324
43130,3409
43200,3349
31622,7710
43130,8339
43200,8345
31622,9820
32020,2932
32110,4223
11012,4514
43130,3324
43200,3409
43239,3349
43130,8309
43200,8339
43239,8345
32110,2932
11012,4223
43130,4514
43200,3324
43130,8302
43200,8309
43239,8339
11012,2932
43130,4223
43200,4514
43239,3324
43130,7760
43200,8302
43239,8309
31622,8339
43130,2932
45111,5423
45111,5425
27513,7903
29085,7938
24545,7842
24545,9353
49651,5749
52614,5831
52235,5300
25695,8345
27524,8013
23615,9829
25695,7931
27310,8013
23615,8016
25695,9829
26070,7936
27331,7931
25695,8016
26070,8036
11600,8628
61312,9357
11600,124
11600,9357
61312,8630
11600,125
CI91P3,_
26412,7933
C19CI,7759
C19CI,7360
66825,1299
66995,1699
66825,1266
45484,_
45484,4542
AN01,_
45385,6561
58210,4542
76942,4543
76942,4523
45385,_
76942,4542
28415,8047
92981,8857
93545,3606
92980,8857
96408,5587
96408,5689
50400,9925
96408,5570
96408,5620
62190,125
61510,379
62190,124
37617,6849
58150,3880
37617,6561
49220,5423
11011,5419
49220,8345
24516,7817
49220,7840
27535,8444
24516,5411
49220,8628
24516,7936
49000,7840
49220,7931
11011,8444
24516,5423
49220,8302
49220,9820
49000,7931
49220,8444
24516,5419
49220,8309
49220,7817
27535,7840
49000,8444
49220,5411
27535,5419
49220,8339
49220,7936
11011,7840
90935,6050
55866,3995
17399,_
CYSTOLITHIASIS,_
27759,5061
25526,7912
47360,7819
75685,8841
11000,5341
21120,7668
43352,4289
36430,4211
43312,9971
36430,3173
43312,4211
43352,9903
09082,_
11420,407
11420,2929
23585,9353
45380,5980
52332,4525
45380,5732
29345,125
29345,124
11000,3891
21470,881
67935,7676
21470,1060
29358,8628
24665,8345
35903,8309
35903,8345
35903,9820
11011,3868
35903,8302
35903,8339
35903,8628
27535,9903
29822,8041
23410,8082
29822,8363
45378,4673
44144,3893
76986,4579
49010,4613
44602,5461
49900,4525
76986,4685
11043,4613
76986,5411
49010,4673
76986,4613
49900,3893
49010,4579
36488,5461
49010,4685
11043,4579
96408,125
61305,9925
96408,124
25263,8403
25263,8401
63003,4685
63003,4525
31600,8839
36011,3121
31600,5512
36011,8839
75984,3121
36011,5512
27607,9829
27607,8016
27607,8036
35585,3929
59513,5760
51550,7499
35207,9357
18583,_
NZ491,3995
18583,3995
47480,4513
25574,8185
24366,7932
25574,8184
20692,9971
36430,7810
20692,9903
28810,7789
27071,8411
28810,7785
44390,9804
44950,7092
58270,4709
44950,6859
IZ90,_
C19IP2,6094
C19IP2,5810
C19IP2,6029
C19IP2,8929
C19IP2,6373
92480,_
C19IP2,8850
93555,_
92480,8850
C19IP4,4579
44145,4824
45300,4579
44145,_
C19IP4,4709
C19IP4,4594
44145,4709
C19IP4,4824
58200,4850
58200,5760
46936,4685
46936,4525
11100,8544
19101,8611
11100,8543
19240,8611
11100,8511
11010,7974
43202,5136
31500,5251
P0000,5270
93510,4685
45378,3722
93510,4525
75757,1371
66987,9512
75757,1341
88600,_
58720,7430
59135,_
NSD01,7430
59135,6561
46700,6529
45303,4685
AA09,_
15840,8382
LO703,7360
LO703,7359
LO703,_
11000,7989
11000,7984
27822,7859
27822,9359
27822,8199
44300,5012
43235,5012
47100,4513
NS185,_
TH360,1475
TH360,1471
49900,7499
16010,5461
49900,9357
59513,5461
36488,5504
50740,5586
51050,6097
53600,5719
53852,5860
51050,6021
53600,6097
53852,5719
53600,6021
KZ491,_
22900,5361
49560,5430
22900,5351
20670,7810
20670,9351
20670,9344
63172,309
31603,5421
43653,3110
61514,139
61150,1860
61514,1940
61150,2099
69641,139
61514,1860
61150,2049
61514,2099
61150,1940
61514,2049
27179,7845
62270,4319
62270,8659
15931,331
62270,8630
43830,331
36408,3995
C19IP4,4311
36484,9604
32405,9604
31500,3326
C19IP4,3326
C19IP2,8840
36640,_
90945,3891
36640,5498
36640,3995
38510,407
42420,4011
38510,2632
35650,_
35650,4685
C19IP1,4513
35650,4525
45378,3929
35650,4513
C19IP1,3929
35650,3893
34684,3995
34684,_
34684,3893
46936,4912
46936,4911
51860,6769
59514,5781
58400,7499
57720,6922
51860,6761
59514,6769
58400,5781
57720,7499
51860,6922
59514,6761
58400,6769
57720,5781
59514,6922
58400,6761
11012,4442
43030,2931
27889,9357
16010,8413
58943,4610
44143,4011
44143,5440
44143,6651
58943,4575
80068,7360
27594,3805
31600,3891
34101,8417
27594,3121
31600,3803
31600,8417
34101,3121
27594,3803
31600,3805
12044,9357
32020,3452
32652,3324
31622,3452
32652,3409
11042,8284
11042,7859
23520,7925
21557,9357
21557,8628
27536,125
61312,7936
27536,124
67039,1475
67036,1424
67025,1474
67039,1471
67036,1475
67025,1424
67036,1471
500/3,8544
500/3,8543
500/3,_
CG1,5810
CG1,5860
CG1,6094
CG1,8929
CG1,5732
CG1,5850
CG1,6029
CG1,6373
CG1,_
99464,_
19160,7791
19260,8523
19160,3440
44340,4575
24538,9353
29065,7852
21470,7925
26037,9357
16010,8212
49080,4542
44180,5361
49565,5451
44180,5351
IU20,_
AU1,_
61320,233
32020,8099
63087,3409
32020,309
43264,5136
47612,5294
43264,5151
47612,5188
45378,6639
50290,5991
58555,7021
58120,6812
58555,6712
58120,7021
57454,6812
26410,9357
16010,8286
51590,5411
52300,5810
52300,6029
52300,8929
52005,5641
52300,8773
52300,5860
52300,6373
52601,5641
52300,5980
52300,9649
52300,5850
52300,6094
52300,9646
60240,5732
52310,640
60240,5700
11010,8416
27780,8192
27780,8396
27780,8191
27780,8394
21436,8345
11000,5061
47360,8628
11000,3886
11011,8499
IO601,_
67700,8192
67700,8396
20610,809
67700,8191
67700,8394
SO1,_
26785,7938
28525,7984
P0000,407
25023,_
P0000,8314
32020,8405
25900,3409
12036,8405
21470,5423
38102,7676
21470,5411
49000,7676
21470,4150
19125,8544
19125,8543
47562,3491
32002,5123
47562,3404
29046,9353
79516,_
31800,3391
35800,3171
60260,3802
32020,640
31630,3409
31800,3323
35800,3391
60260,3171
32020,3802
31630,640
31800,3409
35800,3323
60260,3391
32020,3171
31630,3802
31800,640
35800,3409
60260,3323
32020,3391
31630,3171
31800,3802
35800,640
60260,3409
32020,3323
23500,8659
12013,7929
12013,7909
26426,8128
26860,7973
25670,8286
26426,7973
26860,8286
25670,8128
26426,7710
27536,8659
11423,5551
12013,2752
41250,8659
12013,2551
C19X2,_
25620,7989
27217,7932
19200,8544
19240,8545
29876,8345
52332,5749
C19IP4,6029
52332,6029
52214,3893
C19IP4,5831
52214,5980
52332,5831
52214,_
C19IP4,5749
30310,2290
31291,9812
33770,3572
33770,3584
64896,450
65103,7932
31600,1642
24665,3121
65103,7783
31600,7932
24665,1642
65103,3121
31600,7783
44001,_
44001,6849
44001,6561
C19IP2,5995
51065,_
C19IP2,5719
44140,4639
44130,4572
44111,4562
44111,4590
44120,4500
44111,4563
43243,4685
43243,4525
44227,4685
49900,4590
32020,4650
43235,5461
44227,3482
39501,4562
44227,3893
39501,4513
49900,4650
39501,5461
45378,3482
44227,4513
49900,4685
39501,4590
43235,4650
44227,5461
49900,3482
39501,4525
36488,4650
43235,3482
44227,4525
49900,4562
39501,4650
45378,5461
44227,3409
49900,4513
39501,4685
12006,8388
12034,8388
11000,8071
11000,8011
29075,8382
11043,4029
38700,8345
69310,8628
11043,1860
69310,8345
23650,7760
23650,8309
23650,9820
11012,7971
23650,7710
23650,8302
23650,8339
23650,8628
OZ370,6849
OZ370,6561
OZ370,7499
44140,5300
49507,4572
82049,_
37056,_
15100,7842
24546,8669
15100,7931
27592,9357
HOO1,_
37618,_
37618,5423
P0000,3880
37618,5411
44322,7360
59409,4525
62192,125
61510,371
62192,124
EII,7760
EII,8339
EII,9820
EII,7710
EII,8309
EII,8628
EII,8411
EII,8302
EII,8345
EII,_
96408,4579
27303,7925
36488,3791
32160,3893
C19T1,3893
C19T1,7859
21365,_
C19T1,7672
11042,3952
35082,8628
11042,3844
52310,5501
50060,5700
61501,8345
59136,6549
59120,6839
43235,4533
43258,4523
43235,4530
45385,4533
43258,4513
35286,3956
44950,9646
45113,4525
45378,4595
44143,4835
45113,4575
45113,4685
45378,4601
45113,4610
44143,4601
58920,6651
58700,6522
58545,6909
58545,6816
65920,1475
67051,1671
65920,1474
27236,8441
23222,7935
27236,7762
67050,1151
93510,4572
44140,3722
93510,4590
CR015,_
93510,125
36488,3722
62230,3121
61512,242
93510,124
43830,3722
62230,4319
61512,3121
93510,242
31600,3722
61512,4319
93510,3121
62230,3722
93510,4319
43830,242
61512,3722
93510,3893
31600,242
67105,1459
67108,1455
67105,1449
58200,4590
44130,6561
36568,9357
24350,3893
20838,9820
16035,8426
36568,8630
20838,8628
15100,8426
36568,8669
24350,8630
11010,8314
20838,3995
16040,8426
36568,8609
24350,8669
20838,8314
16035,3995
16040,9820
36568,8426
24350,8609
20838,3893
15100,3995
24350,8426
90935,8669
20838,9357
16040,3995
24350,9820
36488,8426
90935,8609
20838,8630
16040,8314
90935,8426
20838,8669
36568,8314
24350,3995
11010,8426
20838,8609
65760,1171
93511,6849
93511,6561
44005,3722
93511,5459
93511,3995
55715,7091
27600,7760
27600,8309
27600,9820
27600,7710
27600,8302
27600,8339
59100,6529
58925,7491
58925,6800
10120,8309
11011,8605
10120,8302
10120,8339
26011,8403
26910,7719
26011,8401
50230,5411
10120,5423
43840,3807
49000,4029
10120,5641
43840,8605
50230,4461
10120,5411
49000,3807
10120,5551
49000,8605
50230,4442
10120,4461
10120,4029
43840,5551
50230,8605
10120,4442
50230,5423
10120,3807
43840,4029
48140,5423
32605,3422
ALL,_
49420,3491
49420,3404
32002,5419
49420,9925
52005,5502
52005,5501
50040,9646
27758,125
61313,7936
27758,124
CR4656,_
989/1,_
96408,5504
50080,9925
96408,5503
96408,5521
69420,2211
25810,8126
26412,8628
11011,8048
99360,8908
23930,8628
23930,8345
10140,7360
10140,7359
44320,8773
44320,9649
52007,4610
44320,5633
44320,9646
27334,8309
27334,9820
27829,7710
11012,8199
24354,8628
24354,8314
11011,8413
IZ370,_
43251,6849
58150,4233
58150,4530
43251,6561
58150,4341
25020,9357
32095,3404
ZO83,_
21556,8309
21556,9820
21556,8302
21556,8339
27360,7810
59513,5419
CT191,_
44615,6561
58720,4679
51565,4610
44143,5674
47000,6561
44005,3121
49900,4641
47000,5425
31600,6561
44312,3121
10140,4641
49080,8604
31600,5425
44312,_
49900,3121
10140,5459
49080,5461
58720,8604
44312,6561
49900,_
10140,3121
58720,5461
47000,8604
44312,5425
49900,6561
58720,4641
47000,5461
31600,8604
49900,5425
49080,3121
47000,4641
31600,5461
10140,5425
58720,3121
47000,5459
31600,4641
44312,8604
47000,3121
31600,5459
44312,5461
ZX491,_
36825,8345
76986,4525
44300,5251
FO69,_
49255,8628
11044,7840
11044,7807
36450,2103
30905,9901
36450,2102
43750,640
60240,4311
43750,3121
67966,1623
67400,824
68908,_
14182,_
27882,7860
49502,4563
29345,8388
29345,8149
26116,8628
11043,8222
28225,8391
27216,7710
27216,8302
27216,8339
NI129,5498
NI129,3995
NM083,5498
NM083,3995
NM083,_
20610,3780
93543,8191
33207,8192
93543,8396
20610,3776
33207,8191
93543,8394
33207,8396
20610,8857
93543,8192
33207,8394
26540,8628
26540,479
26080,8172
26540,8339
64830,430
26540,7934
26080,479
64831,8286
26735,8172
26540,8302
26418,8014
26540,430
26080,7934
64831,407
26418,8172
26540,7710
26540,9820
26080,430
64831,7924
26418,479
26540,8286
26540,8345
64831,8014
26735,430
26540,407
26080,8286
64831,8172
26540,8309
64830,8014
26418,430
26540,7924
26080,407
64831,479
64830,8172
26540,7760
26540,8014
26080,7924
64831,7934
91034,8939
42425,4040
60220,2632
38724,407
42425,620
60220,407
42425,4021
38724,2632
27030,7810
44055,5491
49021,4680
24900,8309
24900,9820
11012,8407
24900,7710
24900,8302
24900,8339
61601,125
61313,160
65865,1474
66852,1231
65865,1342
54560,5423
49000,6200
12001,8422
20822,8659
12002,8422
28810,7986
27556,8411
28810,7819
33506,3699
93624,3726
11043,8412
47562,3995
63056,309
35151,3848
35151,3952
33500,3961
47562,4946
46250,5123
44320,4514
43239,4923
46606,4514
43239,4921
02646,_
C19T1,8321
20200,_
02646,8321
COSUSPECTCASE,_
59350,9903
36430,6941
59350,7359
59350,9971
59409,6941
59350,7360
55540,5421
49650,5390
BO85,_
65270,881
67935,1281
65270,1060
27659,7760
27659,8345
31600,4579
44144,3121
31600,4613
44970,5440
36430,4701
44970,9971
49255,4701
44970,9903
27048,5310
49509,7769
27048,5300
27244,7934
28485,7935
27244,8669
27244,7924
27244,7937
60100,2211
31237,611
60100,2121
PO990,_
26540,7939
28022,8172
28022,7939
28208,8172
28505,8018
26540,8381
26540,8018
28022,8381
28505,8172
11040,4610
11040,4525
C19X1,_
11010,7855
61313,139
27193,7760
27193,7710
11012,7949
27752,7979
25520,7906
42326,2649
12047,9357
62350,8192
62350,8396
20610,390
62350,8191
62350,8394
76942,5980
76942,5732
SEBACEOUSCYST,_
CERVICALLYMPHADENOPATHY,_
59620,_
33536,8843
21470,4040
38724,7676
21470,4021
46221,4543
45384,4233
46221,4530
45384,4945
43251,4523
46221,4542
46221,4341
45384,4530
43251,4945
46221,4523
43251,4543
46221,4233
50390,5732
52310,5592
50390,5700
33401,3893
34401,3511
33401,3807
33401,3511
37060,7360
37060,7359
37060,_
43255,5151
43255,8754
47620,4233
15734,4040
61304,8382
61605,8628
38724,9357
15734,124
61304,160
15732,4021
61605,4040
61605,124
38724,125
15734,160
61304,4040
61605,8382
15732,125
25905,9357
15736,8609
15120,8382
25905,8628
15736,8405
11040,8609
15120,8332
25905,8669
15736,9357
11040,8405
15120,8609
25905,8382
15120,8405
25905,8332
16035,8382
25905,8609
16035,8332
11011,7924
C191P4,3995
40831,8628
11043,2752
40831,8345
11043,7360
59409,8345
82032,_
RO98,_
TO38,_
36460,9971
36460,9903
51920,5459
44005,5784
51920,7936
27827,5784
51920,7817
27566,7710
27566,8302
27303,7985
58950,4610
44141,6529
25645,7974
26676,7929
25645,7814
58960,9971
58960,9903
59411,8604
10140,7252
SOO4,_
50075,5700
26530,8172
33310,3711
14300,9357
19361,8544
32020,8444
24666,3409
11010,4311
11010,3121
76986,125
61320,_
76986,124
24160,7760
24160,8309
24160,8345
24160,9820
11012,8002
24160,7710
24160,8302
24160,8339
65775,1371
65775,1341
44310,4582
ZU038,_
59540,7360
59540,7359
59540,_
11646,8382
47564,3995
26125,8381
26352,8235
26352,8684
26125,8286
26352,8662
27535,7929
22000,_
99460,1475
99460,1471
88331,8630
11606,8908
35860,8843
36488,8857
93556,3893
35860,3995
36488,3956
36200,8843
21235,2188
30520,1879
21235,2150
33870,3599
33400,3958
33860,3511
33870,3961
33400,3599
33870,3511
33870,3958
58671,5421
58671,6639
44202,4685
44202,4514
44202,4525
10140,763
62165,8604
10140,299
67052,1330
66840,1370
36450,242
P0000,9901
61510,_
36450,3110
P0000,242
36450,233
61510,242
62223,9901
P0000,233
61510,3110
31603,9901
62230,_
62230,9901
GG358,_
29075,8662
37760,7760
11044,3880
37760,8345
46260,6829
13151,_
12014,2181
11040,2751
VE143,_
26372,8286
26372,8381
25270,7979
25520,8388
25270,7902
52270,5980
27328,5310
49507,8332
27328,5300
31500,7759
59612,9604
66840,1269
66840,1264
44345,4613
44140,3121
31600,4643
44144,4572
44345,3121
31600,4572
44345,4579
31600,4590
44140,4613
11012,1289
65285,7710
61315,139
27824,7936
27822,7906
27824,7819
27230,9357
27230,8628
49201,5361
49560,5440
49201,5351
12042,407
49255,4513
43234,4572
43234,5440
66850,1452
OO81,6849
OO81,6561
67218,1049
67218,1664
67586,1427
67218,1044
67218,1662
11043,7855
65805,1289
65805,1159
36010,3409
36010,3491
36010,3404
ZZ246,_
SO52,9821
SO52,1151
27230,5423
49000,7905
27230,5411
26952,8405
36450,5425
49080,9901
22900,8628
11043,5430
22900,8345
15920,7760
15920,8309
15920,8345
15920,9820
15920,7710
15920,8302
15920,8339
15920,8628
27514,7937
CO29,_
90375,3995
C19CI,3995
62005,8382
NSD02,_
27827,7932
JK729,_
44604,3893
CI91P4,_
45170,4543
45170,4823
45170,4836
25265,7710
25265,8302
25265,8339
29358,8192
29358,8396
29358,8191
29358,8394
20810,_
20810,8609
20810,9357
16035,_
20810,8628
58200,5411
11000,5733
11000,5831
52224,8628
11000,5823
22842,9971
22214,7859
36430,7739
22842,9903
22214,9971
36430,7859
22214,9903
12002,7934
12002,7924
C19CI,9971
C19CI,9903
93530,3721
52325,5521
50080,5995
52310,5503
52325,5504
52310,5995
52325,5503
52310,5521
27386,8628
27386,8345
90935,4400
C19IP3,9901
36010,5498
28445,7810
35231,3956
65093,1475
67025,1631
65093,1471
27003,407
27003,8312
54161,6270
54161,6230
45541,4590
44140,4876
45541,4572
19240,9971
36430,8543
63741,_
99460,371
49000,294
49000,9788
20680,5411
20680,5423
25620,7979
25620,7819
20969,3999
20969,8670
25620,3999
21930,4040
31231,8339
38724,2121
21930,4021
31231,4040
21930,2121
31231,4021
21246,2181
21246,8659
24685,9353
21343,8302
21343,8417
21343,7760
21343,8339
21343,9820
27590,7929
21343,7710
21343,8309
NO30,_
52649,6270
52649,6230
23174,8628
23174,8345
23615,7842
66500,1371
66500,1341
16099,7360
16099,7359
16099,_
11600,7760
11600,8309
11600,9820
11600,7710
11600,8302
11600,8339
11011,3808
34201,8309
34201,8345
34201,9820
11011,3806
11011,3891
34201,8302
34201,8339
20936,8451
63012,7809
22851,7769
63012,8451
20936,7769
63012,7859
22851,7809
20936,309
11426,6310
55530,8630
11422,6310
44144,9357
16010,4613
23495,_
27514,5641
50220,7815
65175,1371
66987,1671
65175,1341
19083,_
48150,8839
75980,5251
75980,5296
48150,8754
75980,5136
75980,5270
96408,5642
50234,9925
27329,7760
27329,8309
99460,7079
46744,_
99460,4879
99460,5849
27824,8199
20930,7809
64836,8302
64836,8339
45385,4562
45385,4563
44120,4523
45385,4590
44120,4542
44120,4543
11043,7979
33861,3599
35820,3699
93556,3958
33861,3961
33861,8843
35820,8857
93556,3599
33861,3699
35820,3958
33861,3805
35820,3956
33861,8857
35820,3599
93556,3699
33861,3958
35820,3961
93556,3805
33861,3956
35820,8843
41800,3961
33430,2400
41800,3524
66170,1474
67052,1264
47600,3952
35081,5122
47600,3844
44604,5310
49507,4675
44604,5300
45384,3893
45384,3995
12013,5061
12013,3886
26715,7860
29075,9788
20680,7922
51920,4563
11043,2171
99460,4029
38555,_
99460,3991
21348,7676
21470,7809
31605,_
C19T1,3409
31500,3110
31605,9604
C19T1,3110
31605,3409
C19IP4,3110
90935,7925
HEMODIALYIS,_
45170,9622
45170,4946
75989,8628
C19IP4,8839
75989,8345
11043,8839
75989,_
31500,4513
43234,9903
31575,9604
90935,3142
MO829,_
OI998,_
62160,160
61500,299
62160,125
66895,1372
67051,_
66895,1475
66985,_
66895,1474
66895,_
33120,3614
33536,3733
93615,8854
93615,8954
C191P3,3995
29065,9357
46040,4543
46040,4836
46255,4901
46040,4542
46040,4835
45315,4901
46040,4946
46040,4823
30202,_
27664,8037
C19IP1,7760
C19IP1,8037
27620,8364
C19IP1,8309
C19IP1,9353
27620,_
27664,8017
C19IP1,7710
29405,_
C19IP1,8017
C19IP1,8302
C19IP1,9820
27620,9353
27664,_
29405,8037
C19IP1,8364
C19IP1,8339
11000,8073
25119,8628
11000,7783
27472,7860
25272,3952
35013,8388
25272,3843
31605,7760
31605,8309
31605,9820
11012,3110
31605,7710
31605,8302
31605,8339
42440,639
51500,5641
50225,5349
36825,4685
43234,3993
36825,4525
36825,4513
11012,8321
27330,7710
27330,8302
27330,8339
14229,_
EE109,_
11042,160
61500,8628
21470,7936
27826,7676
21470,7817
FO3,_
27513,5061
47360,7815
19366,8548
19220,8570
19366,8547
16010,6529
58952,9357
58952,8628
38555,8628
44388,4610
44388,4575
11011,7739
27156,8309
27156,8345
27156,9820
11011,7735
11011,7985
27156,8302
27156,8339
27156,8628
46285,8628
30320,8546
19200,2110
30320,8545
10160,5781
51860,8601
25445,8174
64721,8043
ZZ038,_
44625,4685
44625,4525
36488,5000
11011,5029
27752,5061
27507,5099
47361,7906
27752,5423
27507,5000
36488,5099
68720,1623
67400,981
68720,1609
36821,8192
36821,8396
20610,3929
36821,8191
36821,8394
52325,6097
53852,5995
52325,6021
53852,5980
43108,3893
44140,4242
36488,4265
20066,_
43246,233
62223,4311
68720,1292
65815,981
68720,1291
67583,1049
67583,1664
06200,_
24403,7499
42082,_
11012,4800
45563,7760
45563,8309
45563,8345
45563,9820
11012,4879
45563,7710
45563,8302
45563,8339
45563,8628
58662,5423
58662,5411
58662,5459
62270,5375
39503,331
62270,3404
21245,7819
31535,5421
43653,3143
31535,4319
48182,_
58260,7491
58600,6859
58260,6800
59100,6859
58260,6639
MM,9820
MMMMMM,_
20225,7860
20225,7925
27506,7745
20225,9344
20225,8152
27506,7749
20225,7810
20225,7815
C19T1,220
C19T1,125
61313,220
62200,_
C19T1,124
12011,1289
12011,1159
11040,1289
11040,1159
CR025,_
49560,5451
OU71,9971
26567,7934
26735,7849
26567,7924
44005,3409
43340,5459
44140,4254
43340,3409
32020,4254
43340,4590
32020,5459
44005,4254
43340,4572
44005,6602
10140,7430
59121,8604
51045,5512
51045,5587
51045,5689
50400,5719
34111,3995
38500,3402
32100,4011
32124,3328
38500,3339
32124,4011
38500,3328
32100,3339
32000,5980
52332,3491
44130,4513
36450,5136
36011,6099
55859,9901
36450,6099
55859,3893
16010,7801
51045,4685
45378,5980
51045,4513
43235,5980
51045,4525
45378,5719
27215,7925
43620,4252
43620,4429
43117,4399
43620,4241
43620,4350
67583,8671
67966,1049
27513,8086
27441,7935
27513,8076
27513,8147
27441,7815
JI89,_
24516,7809
20956,7840
20956,8444
24516,3999
21557,8544
19162,8339
21557,8543
C19FRP,6813
C19FRP,6711
25611,7979
25520,7912
25611,7902
58100,6651
58700,6813
58700,6711
11044,9805
45915,7760
45915,8628
11044,9638
45915,8345
PO31,_
32020,7936
32020,7817
27535,3409
63081,8451
23900,7760
23900,8345
11012,8409
23900,8669
15100,_
23900,8302
23900,8628
C19IP2,8409
23900,_
23900,8309
23900,9820
15100,8409
C19IP2,8669
23900,7710
23900,8339
27236,3999
44120,4442
43840,4562
63706,9604
31500,233
24575,7911
24575,7732
58260,9971
36430,6859
58260,9903
20902,7710
20902,8309
20902,8628
25515,8388
25270,7932
19271,8571
19361,3440
19271,8554
19361,3479
44310,5361
49566,4620
44310,5351
44300,5700
12001,9971
12001,9903
57500,8628
11043,6712
57500,8345
20900,7939
20900,7929
27405,7936
27405,7817
AO999,_
43239,8843
HEMORRHOIDS,_
DIMINUTIVECOLONICPOLYP,4525
45380,_
HEMORRHOIDS,4525
DIMINUTIVECOLONICPOLYP,_
50040,8628
C19IP3,5501
11042,5501
47562,4341
61312,4311
43352,3802
43830,4211
32652,4319
35800,3452
43352,3409
43830,3802
32652,4211
35800,3339
43352,3452
43830,3409
32652,3802
32020,4211
35800,4319
43352,3339
43830,3452
35800,4211
43830,3339
32200,3409
20318,_
NO838,_
26358,8659
12041,7809
29075,7949
ZZ390,_
68500,920
28470,7949
25574,7923
31400,3029
50947,5459
44005,5731
52318,5522
52318,3995
52318,5631
C19IP4,5310
C19IP4,5300
UO71,3995
58951,4850
35800,5671
46748,6849
11041,6880
15756,4030
46748,8628
15756,4879
58240,4979
58951,5849
35800,7079
49000,7091
46748,8669
11041,4610
15756,4850
58951,5760
35800,6561
16010,6880
46748,4030
11041,5440
15756,6529
58240,3802
35800,5423
11041,4979
15756,5849
58240,7079
58951,7091
35800,8332
49000,8669
46748,4850
11041,5671
15756,5760
35800,6880
46748,6529
11041,3802
15756,5411
58951,8628
35800,9357
16010,4979
11041,7079
15756,7091
58240,8332
58951,8669
35800,4610
16010,5671
46748,5760
11041,6561
15756,6849
35800,5440
16010,3802
46748,5411
58240,9357
58951,4879
35800,4979
49000,5849
16010,7079
11041,8332
90945,5423
49000,5498
90945,5411
49600,4563
36568,5349
36568,5341
32000,5104
32000,5103
43234,5104
47480,3491
43234,5103
21015,8382
21356,3893
26055,7760
26033,8345
36488,8301
21356,_
26055,125
26033,3893
61312,7672
21356,8345
26033,_
43234,4912
43234,4911
46270,4513
SO14,_
47361,4461
39501,5029
39501,5000
47361,3482
43840,5000
39501,5099
44604,8907
99256,4675
23615,3409
32020,7931
23657,8309
23657,8345
23657,9820
11011,3228
23657,8302
23657,8339
23657,8628
XS,9824
54115,_
XS,6492
XS,_
CRO18,_
47000,5294
47000,5188
36011,5498
67049,1341
49000,125
61312,5423
49000,124
61312,5411
66984,1233
65875,1330
11040,7939
11040,7929
62287,9357
16010,8395
62287,8628
23585,7852
23515,7852
23585,7932
11042,7852
23585,8628
24538,7929
11041,7852
24685,7852
11041,7932
12004,8381
26952,9901
92995,3491
76942,66
92995,3404
32002,66
92995,_
35661,5310
49521,3929
35661,5300
36825,5502
36825,5501
23155,7772
23155,7802
43400,4291
44320,7073
44211,5423
49000,4581
44211,5411
10140,4563
23585,3409
CO80,_
21246,8302
21246,8628
21246,8152
27759,7643
21246,7760
21246,8345
21246,7925
21246,7710
21246,8339
21246,7815
27506,7643
21246,7936
21246,8309
21246,9820
45337,4572
77421,5980
50393,4850
77261,4850
50393,_
45110,9925
77421,4850
50393,9925
96408,4850
77401,4850
77261,5980
50393,4610
21044,7860
20650,7769
21044,8152
27125,7810
21044,9344
27125,7769
21044,7810
27125,7860
32005,5419
32005,5440
58960,3409
32005,4030
32020,5419
32005,5425
58960,3492
32020,4030
32005,5423
82162,_
CR007,_
35022,3845
35022,3952
49521,6200
43265,9608
44372,5188
43265,4513
24620,7710
11000,8391
26442,8628
11000,8211
90935,5132
47721,3995
90935,4439
11012,5310
49521,7710
49521,8302
49521,8339
12004,7932
15100,8659
28540,8669
28540,8659
28540,7932
28540,7760
25515,8669
12004,7979
28540,8628
25515,8659
12004,8669
15100,7979
28540,8345
VI129,_
11011,7814
XD,8309
XD,8345
XD,9820
XD,8302
XD,8339
XD,8628
56440,7360
59409,7123
56440,7359
58150,5902
50715,6849
33512,3961
90935,3613
33512,3522
33405,3613
33512,3995
51860,4572
11000,4613
52612,5860
52612,9903
52612,5732
52612,6094
52612,9971
52612,5810
52612,6373
52612,_
52612,5850
52612,8929
31240,2239
31030,2169
21462,7979
HH431,_
FP001,390
62360,_
NSD01,390
41251,9357
41251,8628
27236,7859
11043,8753
47610,8345
CZ038,_
29085,7932
29085,8499
29085,7819
99248,9059
99248,8909
99248,_
ICD,7499
80132,_
26686,7933
26686,7923
55500,6270
55500,6230
29345,8659
26685,8388
25263,7989
25263,7984
38100,7815
32020,4850
58740,5671
27882,9357
49080,4533
44111,5425
49080,4500
27846,8017
60254,3324
32020,4040
31622,640
60254,3409
31622,4040
76942,8857
36488,3614
33513,3893
76942,3956
36488,8843
20965,_
47564,4513
29305,7989
28675,9351
27405,8016
11044,8412
28800,8382
15738,8412
28800,8332
35045,8388
64835,3843
15100,3952
25263,8669
35045,8345
15100,8388
11043,3843
25263,3952
35045,430
64835,8669
64835,3952
15100,430
15100,3843
35045,8669
25263,3843
25272,3880
12035,3880
25272,8659
40650,8628
40650,8345
10950,_
36830,5850
52270,3993
36830,5732
C19IP2,5104
47480,_
C19IP2,5103
45112,5411
44950,5779
51590,4709
44950,5671
32020,5310
49507,3409
32020,5300
TO7,_
66180,1266
66992,1699
66180,1240
58950,5122
47600,6529
50948,5502
50040,5674
50948,5501
27228,9971
55110,7939
36430,7989
27228,6100
27217,9903
55110,9971
27228,7939
44188,8345
44188,7760
11044,4610
44188,8628
44152,4613
44144,4582
44310,4835
44144,4620
44152,4610
44310,4613
44144,4824
44310,4601
44152,4579
44310,4595
44144,4601
44152,4620
44310,4579
45300,4613
44144,4595
44188,5749
45330,5831
50398,4610
52240,4525
44188,_
45330,5732
50398,5749
50398,_
49505,4572
58159,_
96408,8606
62362,331
96408,390
62270,8606
62362,9925
62270,390
12001,4685
12001,4525
45378,8659
11106,_
27814,7939
27814,7929
77401,3326
99634,_
33015,3724
33015,3422
27758,7972
25620,7972
43235,7360
59409,4513
43235,7359
32405,5294
43264,3326
32405,5188
33208,5498
C19IP4,3780
C19IP4,3772
90945,3780
90945,3772
58822,6551
33425,3931
33853,3512
21050,8382
21045,8669
31600,7650
15732,7769
21050,3121
21045,8332
32002,3421
32650,3491
77261,5104
77401,5151
77421,5104
77261,5151
77421,5151
77401,5104
24000,3880
37618,8012
TO25,8345
TO25,_
20151,_
27077,7769
25575,2751
11041,881
12055,7932
11041,1840
25575,2181
25575,881
25575,1840
11041,2751
25575,8659
11000,7851
11000,7731
46080,4946
46257,4959
46080,4939
43605,4461
10140,8572
19200,8604
10140,8546
19367,8604
10140,8545
26990,8152
29325,8115
27036,9351
27258,8045
26990,8095
29325,8319
27036,7985
27258,8095
26990,8319
27036,8152
27258,8115
26990,9351
29325,8045
27258,8319
26990,7985
27036,8115
26990,8045
29325,8095
44005,6310
99460,5459
49495,3893
36568,5310
99460,6310
49495,5425
99460,5300
49080,6310
36568,5459
49495,_
36568,6310
99460,5425
49495,5459
36568,5300
63090,309
63090,8099
27403,9829
27403,8036
58912,_
38100,9971
36430,4150
38100,9903
50240,9646
25492,7925
AV899,7925
AV899,_
61312,7929
58600,6769
57720,6639
58600,6761
CR019,_
43232,5459
43232,5423
43232,5411
77916,_
58960,6589
43211,_
26910,3893
36188,3995
36143,_
LTCSII,_
27230,8345
58513,6849
58513,6561
11403,9357
44602,7989
27217,4673
44602,7939
C19IP1,7759
44143,5779
51590,5459
44005,5671
C19IP2,5779
51590,4575
31237,639
60252,2211
31237,4040
31237,640
60252,2121
29450,8199
WITHMODERATEDEHYDRATION,_
16010,8544
66987,1699
66825,1341
12590,1371
12590,1341
12590,_
44140,4542
45384,5459
49255,4523
44140,4523
49255,4543
45384,4590
44140,4543
45384,5440
49255,4542
45384,4572
26135,8073
25119,8074
26135,7783
HH353,_
26350,8019
36488,8286
37618,3893
35236,3880
36488,8019
37618,8286
35236,3893
25040,3956
37618,8019
35236,8286
25040,3880
26350,3956
35236,8019
25040,3893
26350,3880
25040,8286
26350,3893
37618,3956
50575,4685
45378,5521
45378,5631
45378,8773
45378,9649
50575,4525
45378,5620
45378,5732
45378,9645
45738,_
45738,4685
45738,4525
49650,4709
OO20,6651
OO20,6849
OO20,6561
11011,7906
33157,_
43239,4029
43239,5641
50230,4514
43239,3807
43239,5551
32602,3491
76942,3320
32405,3420
32602,3326
32002,3320
58555,6999
65260,1289
65285,1401
65260,1159
45330,4579
61304,299
62160,124
20828,_
20670,7809
28102,7860
20670,7769
65237,_
43830,8628
43830,8345
11043,4319
11100,8382
82164,_
FP001,7499
82164,7499
27730,8628
11043,7827
27730,8345
25907,8345
32000,8753
47605,3491
32000,5122
EI129,_
23550,7851
23550,7731
54535,4572
25272,7932
25574,8388
NSD01,7252
66680,1371
66987,1239
66680,1341
11044,3805
34101,8345
31603,7859
99256,3110
31603,7672
21365,3110
31603,8907
49255,5029
44206,3995
90935,1735
28400,7925
49320,5029
49320,5099
47361,5421
49320,5000
49320,5061
44905,_
44905,5423
44905,5411
44905,5459
36430,204
C19IP3,206
62147,9971
36430,206
61304,9971
61304,204
C19IP3,204
62147,9903
45384,4443
52310,8672
46288,5700
31611,3195
76986,3808
58600,5459
SO28,1623
67400,_
SO28,1609
SO28,_
27619,8076
27335,8332
27619,8016
69400,2080
53409,7360
53409,7359
53409,_
NC39,_
C19IP1,5850
C19IP1,6373
25400,9359
29058,7843
25400,9353
11450,9357
47612,9971
47612,9903
44110,4563
44125,4533
44202,5425
27516,7925
15757,8630
38724,8660
15757,4040
11646,8660
15757,4021
32095,9971
32095,9903
49525,5349
49582,5300
67036,1269
59402,9971
59402,9903
SARSCOV2TESTING,_
25490,7932
25490,8499
25526,7813
25490,7819
25490,7939
99256,4613
44144,8907
99256,4579
61510,206
21182,7760
21182,8309
21182,8345
21182,9820
11012,7646
21182,7710
21182,8302
21182,8339
21182,8628
61313,8309
61313,9820
12041,125
12041,124
24515,125
61312,7931
24515,124
24635,7859
24635,7672
P0000,7359
P0000,7360
49201,4709
31600,5498
43246,5498
90945,4311
90945,3121
43259,4685
45378,8874
43259,4525
43832,4439
43832,5423
43820,4319
43832,5411
22845,340
63266,309
63064,8099
63090,7809
20936,340
63266,8099
63064,7809
63090,7859
22842,340
63266,7809
63064,7859
63090,340
20936,8099
22845,7809
63266,7859
63064,340
58720,5349
58720,5341
29815,7981
23550,8021
57282,6849
57250,7077
57210,7052
57282,6561
57210,7077
57282,7071
57250,6561
57210,6849
58150,7077
57282,7052
92997,3950
47125,5459
44141,5030
47125,4610
44005,5030
47125,4572
50040,6813
36830,5501
58100,3893
36830,6711
36488,6813
58100,5502
36830,3893
36830,5502
50040,6711
36830,6813
58100,3993
36488,6711
58100,5501
60240,7662
21193,640
60240,7643
52621,_
20692,8444
23616,7810
20692,7931
15757,8544
19240,8660
15757,8543
33403,3511
33403,3961
76013,31
76013,8839
76012,31
76013,8165
33430,3995
90935,3524
OO322,_
UO89,_
UD71,_
66987,1200
65235,1341
27282,8129
27282,8628
27282,8345
27495,9357
11043,650
60271,8345
23680,8071
23680,8011
57135,6813
58100,7033
57135,6711
MR866,8345
MR866,7789
MR866,8628
28120,_
MR866,7760
MR866,_
82981,_
OO141,7499
82981,7499
OO141,6639
82981,6639
27530,7796
27350,7906
27334,8302
27301,8076
27603,9353
27334,8303
27603,8016
15756,3893
32560,_
52336,9649
52336,9646
52336,5600
52336,8773
26037,8609
24495,8212
64721,3803
16035,460
26037,479
64721,9357
16035,8212
26037,3803
24495,8609
64721,8212
16010,3803
24495,479
16010,460
16035,479
24495,9357
64721,8609
16035,3803
24495,460
58900,3893
52332,6512
58900,3995
90935,6512
58900,5980
36488,6512
58900,5732
46260,4824
21556,8382
21556,8669
15260,8345
C19T1,5425
C19IP1,5425
90935,5425
49080,6601
59150,5425
49080,5421
90735,_
49587,9971
36430,5341
29405,7907
26735,8388
25260,7934
64835,7934
25260,430
25260,7933
12015,9357
36430,5511
50020,9903
55120,6200
55101,9824
55120,8628
55101,6200
27025,9357
90935,8544
19240,3995
90935,8543
27228,7989
32002,4131
38220,3404
75989,5423
49000,8839
75989,5411
C19IP1,3591
93580,_
C19IP1,3552
57120,7071
57250,7080
58951,4610
44143,4030
52204,5423
36011,5733
52204,5411
49000,5733
34051,3805
34051,3891
36568,6840
52007,3893
59525,5633
59525,8773
36568,9646
76986,4461
76986,4442
44372,3409
49255,9608
44372,4011
44372,5440
58200,4513
32020,9608
44372,6561
58200,9608
44372,6849
61501,8382
35201,8628
35201,8345
26412,8345
26412,8684
26121,8286
26412,8235
26412,7760
26121,8381
26412,8662
20680,7939
23515,294
23515,9788
20680,7929
23515,7860
25337,7760
25337,8309
25337,8345
25337,9820
25337,7710
25337,8302
25337,8339
21501,8309
21501,9820
21501,8302
21501,8339
36825,3409
34688,3993
32020,3993
34688,3409
51080,9357
16010,5700
51080,8628
EZ491,_
44604,5641
44310,4675
50225,4620
44604,5551
44310,5641
50225,4675
44604,4620
44310,5551
58600,4979
46740,7499
58600,4899
59513,4979
46740,6639
59513,4899
58150,6591
58805,6849
58140,6591
58805,6561
26591,8033
ACTMSTEMI,_
11800,8401
11800,407
11800,8669
15100,8401
11800,8628
15100,407
11800,_
15931,8417
27590,8630
20956,7842
66994,1474
67036,1266
C19T1,5411
C19T1,3886
C19T1,5423
47360,_
C19T1,5061
21255,7646
21255,7809
27792,7925
27792,7815
27792,8152
67961,1289
49060,5641
50225,3995
49060,5551
50225,3893
49060,3995
50225,5419
49060,3893
UO71CO,7499
VID19,7499
UO71CO,6639
VID19,6639
UO71CO,_
51570,5980
51570,9646
49010,5300
45300,9608
44372,4824
64716,460
64716,479
52614,6270
52614,6230
39010,3402
32110,3410
39010,4442
36568,3349
39010,5423
12568,_
27832,7935
27566,7989
27513,7796
27832,7929
27513,7929
27832,7815
27566,7935
27832,7796
37500,_
61576,5423
44950,2594
49000,299
44950,7699
61576,5411
49000,2594
44950,3110
49000,7699
61576,4709
44950,299
61590,7934
26735,124
26735,299
26735,7699
61590,7924
26735,2630
26735,442
NO244,_
69310,8309
11011,1860
69310,7931
24545,7929
25274,7932
69310,8339
24685,1860
69310,7929
24545,8388
25274,1860
69310,8388
24545,7932
24586,1860
25274,7931
69310,7932
69310,9820
24545,1860
25274,7929
24685,8388
69310,8302
II09,8628
35372,3818
23107,7760
23107,8309
23107,8345
23107,9820
11012,8011
23107,7710
23107,8302
23107,8339
23107,8628
22842,7760
22842,8309
22842,9820
22842,7710
22842,8302
22842,8339
22842,8628
49080,3991
35701,5425
49080,3802
29075,8284
26432,9353
29075,7859
11202,_
27193,7931
28400,7932
27506,7909
24515,7949
25575,7975
28400,7949
27506,7975
27193,8152
28400,7931
25575,7949
28400,7815
25575,7931
27193,7932
24515,7975
28400,8152
25575,7909
28400,7975
23520,9357
16010,7971
23520,8628
GH259,1371
GH259,1341
GH259,_
COVIDTEST,_
52281,3995
76986,4901
76986,4912
27125,7760
27125,7710
ST235,_
30465,5349
49585,2187
30465,5341
11000,8839
75953,8628
27497,294
65103,7859
26615,1642
EA,7933
XA,8286
65103,7672
26615,7859
26418,1642
EA,7923
XA,7933
21365,8286
65103,_
26615,7672
26418,7859
EA,1642
XA,7923
21365,7933
65103,8286
26615,_
26418,7672
EA,7859
XA,1642
21365,7923
65103,7933
26418,_
EA,7672
XA,7859
21365,1642
65103,7923
XA,7672
EA,8286
27560,7939
27560,7929
24586,8030
24101,7929
24586,8012
44960,3491
32002,4709
44960,3404
44025,9357
16010,4503
44025,8628
27385,7810
20690,8365
12002,5980
52332,9901
12002,5732
11041,5980
36450,8659
52332,8628
12002,9901
11041,5732
52332,8659
11041,9901
42089,_
XA,9813
42809,_
42089,9813
27524,7679
21390,7936
27524,1689
11470,4685
45378,8630
11470,4525
47510,5151
47420,5198
10140,8753
43200,8604
10140,5122
47605,8604
10140,4223
61500,139
29085,8284
29085,7859
53060,7109
35207,7760
35207,8309
35207,9820
35207,7710
35207,8302
35207,8339
57500,4610
44322,6712
10060,8623
11720,8604
10060,8627
11765,8604
11750,8627
96408,8511
19100,9925
31525,4289
44950,4513
52235,5850
52235,6029
52235,6373
49520,4563
49520,4562
49520,4590
43234,5185
43234,8753
43262,4513
43234,5122
31603,8838
76360,3893
36488,8838
76360,3110
58925,9357
58925,8628
67101,1289
65285,1452
67101,1159
16040,407
49520,884
67961,5300
44320,9622
45303,4610
44320,4823
19100,8669
15734,8511
19100,8332
60100,8382
19100,6849
58150,8511
19100,6561
EE835,_
41250,8345
20692,9351
58950,5341
58950,5349
49587,6529
27506,7859
21365,8152
27506,7672
21365,7925
33735,3541
33120,3722
33641,3491
32020,3571
32002,3961
33641,3409
33641,3404
32002,3571
29898,7760
29898,8309
29898,8345
29898,9820
11012,8087
29898,7710
29898,8302
29898,8339
29898,8628
55940,_
47605,5294
29875,8145
33430,3611
51050,5502
50040,5719
51050,5501
44210,4575
36821,5419
32000,3929
32000,5419
49000,3929
36821,5423
36821,5411
49420,3929
36821,3491
19366,9357
16010,8570
19366,8628
45110,4685
19342,8521
58200,5732
26518,7760
26518,8309
26518,8345
26518,9820
26518,7710
26518,8302
26518,8339
26518,8628
26518,8172
26420,8628
28111,8309
28111,8345
28111,9820
11011,7751
28111,8302
28111,8339
28111,8628
27301,9971
36430,8303
27301,9903
29450,7901
12016,9353
11010,7901
24500,8659
12016,7901
29450,8659
11011,7901
47600,4341
43244,5122
47600,4233
FP01,7759
FP01,7360
C19T1,7925
44130,4680
C19T1,4590
44050,_
58180,6941
59350,6839
59350,6561
77261,233
36488,233
43234,233
31600,4513
77418,233
62223,4513
43234,3121
77421,233
12007,7925
OL800,_
ZZ512,_
27520,7935
27520,9971
27507,7909
27520,9903
69970,2630
69970,442
37140,3910
47130,5423
49000,5030
47130,5411
43260,5294
43264,5110
43260,5188
06200,7360
82070,_
34151,3806
27880,3891
34151,8415
27880,3806
34151,3891
37070,7360
37070,7359
37070,_
50561,5521
50561,5600
50561,8773
50561,9645
50561,9649
58150,6869
43235,3142
26437,8345
43250,4514
43239,4530
63040,7859
63001,7859
36450,7430
59121,9901
36450,6602
31294,2219
31294,442
24587,7932
77401,5620
77401,8773
C19IP2,5641
C19IP2,5551
58555,6813
58100,6812
58555,6711
58770,6529
58925,6602
58770,5459
46045,4912
46045,4911
35509,3929
58200,4572
25924,8115
25924,9357
26990,8404
25924,8628
23515,8016
35206,3891
12047,8314
92980,8659
34111,3606
35206,3803
25020,3891
12047,3959
92980,8314
34111,8659
35206,3606
25020,3803
12047,3891
92980,3959
34111,8314
35206,8659
25020,3606
12047,3803
92980,3891
34111,3959
25020,8659
12047,3606
92980,3803
ZA208,_
94640,_
27824,7817
33015,7791
32035,3712
26410,7932
29870,7815
23515,8036
29870,7939
29870,8152
23515,8026
29870,7929
29870,7925
27506,8026
SO185,_
45331,4590
45331,9925
50010,5423
50220,5501
38102,5641
50010,4150
38102,5501
50010,5411
32020,5501
38102,5551
50010,3409
20610,7749
20225,8192
20610,7745
29355,7749
20225,8191
20225,8396
29355,7745
20225,8394
52332,6639
58660,5732
58661,5980
52332,5421
58660,5980
58661,5421
58660,6639
58661,5732
15200,8659
27286,7735
27286,8121
27704,7932
21045,8670
31600,7769
41874,4021
11044,4040
C19IP1,2450
20969,8345
21045,8628
41874,3999
C19IP1,7769
15100,3121
20969,4021
21045,4040
31600,2450
38724,7760
61512,3951
47612,5104
47612,5103
38100,9357
16010,4150
NSDO1,6639
71556,_
CZ115,_
44145,4572
20692,3409
67015,1292
65815,1472
67015,1291
67121,1269
66170,1460
67121,1264
03506,_
44310,4850
45112,4620
44310,4840
15100,7814
26685,7939
26665,7984
DISEASENOS,_
61313,8604
12001,8381
26750,7860
BREECH,_
58720,5430
49250,4610
49250,6561
36488,711
36488,730
60545,3893
36488,729
49520,5123
43200,8140
27122,4223
43200,7785
26952,7932
58822,4675
58822,5459
58822,6849
44604,6591
58822,6561
43262,8192
47562,8394
14000,8544
19240,8689
14000,8543
58145,6909
58145,6816
58145,6812
46261,9622
15740,4939
46261,8670
46261,4823
58600,8099
63081,6639
58600,309
46080,8345
27882,8659
12032,8415
27880,8659
12015,125
12015,124
69505,125
69505,124
JI248,_
27236,7932
57280,7077
29825,8375
58662,6829
44180,6909
58558,5451
58662,5421
44180,6816
43426,4131
53600,5310
53600,5300
NB90,_
61490,124
27244,7855
27244,7735
38100,4709
44950,4150
32100,3724
32604,3328
32100,3712
21470,8401
26951,7935
21470,407
27514,7676
27514,8401
26951,7676
27514,407
43810,8339
43810,3893
43810,8345
44602,4439
43810,8628
43810,9820
43810,8302
43810,4673
43810,8309
43820,4673
69105,2219
30130,1812
69105,2169
31256,1812
69105,2161
35741,5423
35741,4563
03683,_
15260,9357
26350,7810
35207,8286
26410,7810
35207,7929
20690,3959
35207,7810
20690,8286
25645,3959
26350,3959
26410,3959
11406,5423
49020,8630
11406,5411
49000,8630
11406,5419
26615,7851
23480,7933
26615,7731
23480,7923
11043,3402
19182,8544
19240,8534
19182,8543
76360,7749
20225,8838
76360,7745
25020,7710
32020,8843
49505,9824
54115,5300
32020,3142
32020,5498
90945,3409
31520,3409
27556,7760
27556,8345
63085,7789
22212,8099
22843,7739
22843,8099
63046,8099
63085,7739
49600,5310
49600,5300
27244,7906
26145,8192
26145,8396
20600,8233
26145,8191
44310,4685
44310,4525
24920,7760
24920,8309
24920,8345
24920,9820
24920,7710
24920,8302
24920,8339
24920,8628
51050,5423
51050,5411
49500,6270
49500,6230
32036,9971
32036,9903
16010,7939
45380,8628
77418,5421
49320,3893
77421,5421
52335,8773
50961,5980
36011,9646
52335,9649
50961,5522
50393,6849
50393,6561
50393,5459
93650,8843
92982,3734
93556,3964
93650,_
93650,8857
C19IP1,3734
92982,3964
93650,66
C19IP1,3964
93650,3956
93556,3734
43700,_
50130,5980
52332,5511
ZS038,_
44394,4513
44394,9971
44394,9903
12001,8403
26910,8659
25215,7784
RT141,_
61585,1659
61585,299
61585,7739
31600,4632
44373,3121
12354,_
51535,5423
44140,5719
10160,4572
51535,4824
45300,5719
51535,4590
44140,8601
10160,4824
10160,4590
45300,8601
51535,5411
10160,5719
51535,8601
51535,4572
93618,3720
67036,1299
66995,1474
63304,8099
15732,2749
41153,8382
26373,8286
24930,8345
32002,3895
36145,3491
36145,3404
27507,7859
24516,7935
21365,7840
57522,6711
32005,6561
58952,3492
32005,6529
11010,7985
79200,_
90935,4223
43200,3995
27880,4040
38724,8415
27880,4021
27335,8628
43000,_
37565,8382
27550,8309
27550,9820
11012,7976
27550,7710
27550,8302
27550,8339
44140,3806
35840,4572
11040,8314
29345,4195
38115,9353
29345,4143
27216,7815
39541,3409
32100,5380
39541,3402
32020,5380
39541,3328
27603,8017
64718,8388
25263,460
12004,7931
24545,7972
12004,7972
24545,8659
24600,7931
12013,7972
11000,5502
11000,5501
43312,9903
36430,4289
35221,7760
49900,8309
35361,8339
35546,8345
35221,9820
35361,5461
35546,3814
11012,3816
35221,3925
44005,7710
49900,7760
35361,8302
35546,8309
35221,8345
49900,9820
35361,3959
35546,5459
11012,5461
35221,3814
44005,3816
49900,3925
35361,7710
35546,7760
35221,8309
35361,8628
35546,9820
49900,3814
20650,294
20680,9344
45331,3893
45331,5423
45331,5411
12013,7925
12013,7936
63016,8628
63016,8345
20680,7935
27511,294
27511,9788
27511,7860
WIW54,_
66600,1371
66982,1242
66600,1330
26608,8286
26418,7814
59812,7759
59612,6902
09943,7360
09943,7359
09943,_
49322,5423
12037,7760
12037,8309
12037,9820
12037,7710
12037,8302
12037,8339
20605,7760
20605,8345
35286,9199
27329,3957
88332,8339
35286,8908
27329,9199
88332,3957
35286,8339
27329,8908
52275,5810
52275,5860
52275,6094
52275,8929
27000,8312
33414,3539
58150,4513
43235,6849
24330,_
27245,7810
SO26,_
03220,_
44055,4563
26746,8401
26952,7923
49520,6310
19101,9971
36430,8511
19101,9903
57454,3893
36488,6712
90935,7021
UO71,3893
27258,7935
27236,7985
28340,7849
28340,8349
58159,6849
58159,6561
58159,6909
27758,9357
21366,7931
24515,7672
CD19T2,_
26650,7933
26650,7923
82961,_
54560,4709
44950,6200
DIALYSIS,_
61571,8628
61571,8345
SO15,_
27792,7939
57250,5423
49000,7052
80000,_
61313,9901
31605,9901
54700,7989
20692,6100
27217,6200
44394,4530
52275,3995
27626,8345
44010,5351
36488,5361
49000,4501
49560,3893
44010,5411
44152,4542
43239,4595
45385,4601
44300,9607
43241,4610
RI60,_
11011,7907
SS080,_
44625,8345
26180,7760
26180,8309
26180,8345
26180,9820
26180,7710
26180,8302
26180,8339
26180,8628
26500,8388
25270,460
25545,479
25270,8271
25545,460
26500,479
64718,7710
25545,8388
26500,7932
64718,8271
25270,479
25545,8271
26500,460
44100,4563
14040,9199
11646,8689
14040,8908
11646,9199
88331,8689
14040,8630
11646,8908
10060,1371
66987,8604
10060,1341
49080,8152
27506,5425
49080,7815
44602,8152
49080,7925
27759,7810
27759,9344
11041,5759
31584,7935
31601,3164
27511,3169
31584,3121
31601,7815
31601,3169
27511,3121
31584,7815
31601,7935
27511,3164
28296,7809
22842,7738
63012,7759
22851,7798
28296,309
20936,7738
22842,7798
28296,8451
63012,7738
22851,7759
20936,7798
28296,7859
22842,7759
63012,7798
28296,7769
22851,7738
20936,7759
47120,5980
47120,9646
53800,_
93545,3952
90935,3606
93545,3848
92980,3952
35141,3606
93545,3995
92980,3848
35141,8857
92980,3995
45380,5498
C19IP4,4620
44310,5498
44310,3995
90945,4620
44310,_
52450,6094
52601,6000
52450,5850
52450,6029
52450,6373
47600,5642
50234,5122
47600,5551
27888,8309
27888,9820
77726,_
OO95,_
23182,8628
11043,7761
23182,8345
47350,3482
47350,3409
27615,7760
27615,8309
27615,9820
11012,8349
27615,7710
27615,8302
27615,8339
27880,5423
49000,8415
27880,5411
44155,5423
43840,9604
31500,4461
C19T1,4442
31500,4442
C19T1,4461
21123,7668
C19T1,8659
C19T1,8628
C19T1,8345
44960,6270
64760,4400
21422,7950
21435,7674
21422,7819
49080,8839
75980,5425
93510,3712
33405,3722
33015,3722
93510,3522
15572,9357
61304,8670
15120,124
15572,8669
15572,124
15220,9357
41874,3722
33430,2450
41874,3961
93510,2450
41874,3524
93540,8849
15758,4594
44145,8382
15758,4579
27727,7847
47600,5532
50250,5122
47600,25
43830,160
61500,3121
31600,160
61500,4319
27506,7906
UI071,_
HG259,1371
66982,_
HG259,1330
HG259,_
ZA160,9041
89221,_
ZA160,8909
ZA160,_
44950,4514
43239,4709
20808,7819
26776,8422
20816,8423
20808,8422
26776,8423
20816,7819
61156,3995
75954,4590
44140,3979
61584,125
61312,299
49501,9357
49501,8628
58940,6601
59150,6551
24515,5423
24515,5411
96408,8630
11403,9925
32405,125
61510,3326
32405,124
38505,3961
33877,4011
38505,3954
27759,8382
27513,9344
64713,9357
26060,8345
67121,1292
65815,1460
67121,1291
32270,_
36821,9971
36821,9903
36430,3929
27177,7805
52630,6270
52630,6230
15100,9344
20650,8669
DO34,_
58150,5522
52335,6561
11042,4533
44110,8628
11042,4500
31603,9607
43750,3110
43241,4311
31603,4513
43750,9607
43241,3110
43750,4513
47563,5298
47562,4575
44143,5123
32225,3402
61020,8345
27740,7827
45337,4513
42955,2999
99246,9041
89222,9059
C19IP4,3129
31610,_
JI893,3129
15734,6849
58150,8332
58150,8669
15734,6561
58150,8382
47425,8753
47605,5182
45378,8753
47605,4685
47605,4525
60225,639
27514,7925
12052,7760
12052,7710
22310,7936
27827,353
22310,7817
35565,3925
61320,3409
61320,4319
12005,7760
12005,8309
12005,7710
12005,8339
57000,7360
59409,7014
57000,7359
61552,201
16010,4563
44120,9357
16010,4562
47605,4675
44604,8753
44604,5122
ENLARGEPROSTATE,_
77761,8839
75940,_
77761,3870
31575,5498
31575,3995
31500,3142
31575,3893
31575,_
67412,125
61512,1609
61750,212
61608,9230
61750,160
75940,9604
C19IP4,3870
31500,3870
27335,7760
27335,8345
27235,7936
27535,7905
27235,7817
32000,4610
14041,2751
11042,7949
11010,4513
58120,4709
44950,6909
28045,7760
26011,8628
61682,125
61313,3953
61682,124
22110,7769
27403,7817
15936,8345
29405,8403
26910,9353
29405,8401
61313,3409
49040,4562
44120,5419
49040,3893
49040,4563
49040,5411
49040,4590
49040,5423
32150,8628
32150,8345
49600,8628
49600,8345
11042,2759
40525,8628
11042,2743
10160,3886
47360,8601
36488,3845
35002,3893
35002,3995
36488,3842
45355,4912
50220,7933
25628,5641
25628,5551
63003,7939
23515,309
49000,4443
43255,5423
44960,4233
43255,5425
49080,4443
43255,4709
44960,4443
43255,5411
51960,5423
49000,5788
27334,8191
27334,8394
61313,202
C19T2,8628
C19T2,8345
C19T2,8417
23500,2181
12006,2751
23120,7939
23515,7781
23120,7929
67048,1371
11730,2181
11730,881
11000,8623
11730,1840
11730,8659
12051,8623
11000,1840
11730,2751
90935,7901
24500,3995
59870,5419
59870,5425
26416,8004
26416,8381
36488,7491
59100,3893
36488,6800
26121,8382
27893,8235
15350,8662
15738,8684
MULTINODULARGOITER,_
26665,7923
CR012,_
27340,8628
11043,8350
27340,8345
43243,4610
45331,4233
43243,4575
44143,4233
49496,6270
49496,6230
61315,8628
33020,3528
33430,3712
33208,3524
33464,3772
33020,3780
33208,3514
33405,3528
33464,3712
33020,3524
33405,3780
33464,3522
33020,3514
33430,3528
33208,3712
33020,3772
33208,3522
33208,3961
33405,3772
33464,3780
33020,3522
33208,3528
33020,3961
33430,3772
61172,_
33416,3711
67961,1371
66987,8671
43641,4402
43641,3893
43255,4402
43641,4443
36488,4402
43641,4233
27323,4685
45378,8321
27323,4525
31238,2211
31256,2100
31238,2121
31237,2100
26420,8345
11043,6840
59525,8345
61875,293
11403,1475
67025,8630
11403,1471
27827,7926
15350,9829
15350,8036
15350,8016
15350,5411
15350,5423
60240,9971
36430,640
60240,9903
20692,8659
12013,7810
44300,8628
44300,8345
59120,7499
59514,6549
33475,3526
NSD01,9933
66840,1475
67051,1330
C19IP3,8843
31500,8857
31500,3956
C19IP3,8857
93556,9604
C19IP3,3956
31500,8843
PATIENTOBSERVEDWITHOUT,_
11404,8544
11404,8543
43262,5732
47562,5980
52320,5185
43262,5980
52320,5123
43262,5600
28130,8345
11402,8309
11402,8345
11402,9820
11402,8302
28306,8345
77261,4639
44141,3806
35840,4610
28300,7760
28300,8309
28300,8345
28300,9820
28300,7710
28300,8302
28300,8339
28300,8628
57500,7021
58625,_
11051,8309
11051,8345
11051,9820
11051,8302
11051,8339
11051,8628
44204,9925
96408,1739
25620,7817
27503,7909
23500,7935
27503,9353
27511,7909
23500,7815
27503,7935
29345,7909
23500,7905
27503,7815
11044,8015
26727,7923
15350,7819
15350,7923
26727,7933
15350,7933
10060,5310
49505,8604
10060,5300
27501,7860
27501,9351
27501,9344
27501,7810
26116,9357
16010,8222
C19IP2,5110
47490,_
47490,5110
43260,5101
C19IP2,5101
52500,4590
44320,5749
44204,4610
52500,1739
44204,5749
52500,4610
44320,1739
36488,6099
33519,3512
33519,3524
11042,5502
21920,9901
50040,8321
21920,8628
11042,8321
21920,5502
11042,9901
36450,8321
21920,5501
77401,4443
77401,4233
49421,_
32020,5104
47480,3409
32020,5103
75757,1475
67025,9512
75757,1471
47600,3893
20245,9357
16010,7742
16010,7749
16010,7745
11010,7818
35045,8309
35045,9820
11011,3843
65280,7760
65280,8628
11044,1159
27216,8345
27216,7989
27216,7760
27217,7909
43653,5784
50395,5631
50395,9645
20692,7929
20692,7796
57820,_
49500,639
60252,5310
36568,4461
36568,4442
11011,8839
75982,8302
75982,8339
75982,8628
61312,7679
21315,124
21390,125
61312,2171
21315,1689
21315,125
21390,2171
61312,1689
21390,124
60281,7931
24546,670
60281,7842
67715,1692
67800,851
67412,821
67715,1609
67800,1692
67412,851
67715,821
67800,1609
25023,7710
25023,8302
25023,8339
OO342,7499
OO342,_
65870,1269
66170,1232
65870,1264
61320,8628
NNN18,_
11012,8344
37735,7710
37735,8302
37735,8339
C19IP4,5700
43246,4443
43255,4311
43246,4233
58800,6849
58800,6561
33207,3514
33405,3776
33463,3776
45305,9925
45305,6849
45305,6561
24516,125
61313,7840
61313,8444
24516,124
61313,7931
DIALYSISTREATMENT,_
C19IP3,4579
49020,4610
C19IP3,5419
49020,4572
49020,4613
C19IP3,4572
49020,4590
C19IP3,4613
49020,_
49020,4579
75726,4543
33970,4514
33533,8840
33519,3766
37204,3611
45383,3880
75726,4523
33970,4542
33533,4543
33519,4514
37204,8840
32020,3766
45383,3611
43239,3929
75726,3880
33970,3409
33533,4523
33519,4542
37204,4543
45383,8840
43239,3766
75726,3611
33970,3929
33533,3880
33519,3409
37204,4523
32020,4542
C19IP3,4513
54680,6299
36011,5151
36011,5123
47480,4639
47480,5299
48001,5104
33845,3845
CR4698,_
24665,7936
27758,7783
75940,8345
DG49,6813
DG49,6711
DG49,_
65110,2220
31230,1692
61333,2220
65110,1692
61333,1651
65110,1609
45330,5132
47721,4525
45330,4439
68745,982
11011,7977
25077,8628
25077,8345
47556,5151
25685,5198
47420,7929
47556,5104
25685,5151
47556,7929
25685,5104
14300,8669
15760,8345
31600,8689
15736,2189
11043,7650
14300,3121
15760,8332
61305,220
27080,5731
50947,7789
27080,9903
24502,_
31600,9925
96408,3121
27238,7760
27238,8309
27238,8345
27238,9820
27238,7710
27238,8302
27238,8339
11010,7710
44603,5341
44603,5349
35341,3816
19120,8309
19120,9820
11011,8521
19120,8302
19120,8339
50075,9646
28615,7925
47100,4439
43239,5012
43825,4514
47100,4400
43825,5012
47100,4514
43239,4400
21198,7925
27506,7664
21198,7810
21198,7815
21198,9344
21198,8152
20650,7664
21198,7860
76986,8669
31500,4680
31500,4685
44050,9604
23040,7760
23040,8309
23040,8345
23040,9820
23040,7710
23040,8302
23040,8339
23040,8628
25526,4590
44140,7819
44140,7939
27250,7912
11044,7975
20690,7912
27226,7975
25611,7810
25611,7975
27250,7810
27226,7912
25924,8314
ZO35,_
96408,6270
54520,9925
96408,6230
25575,8388
43535,_
43535,4341
43535,4233
45330,5502
45330,5501
77421,5717
51040,_
76360,5717
77401,5717
51040,8838
77261,5717
36145,5733
29365,9829
49603,_
27603,7760
26356,7973
26608,8251
64835,7814
11044,430
26727,7973
64835,8251
25670,7819
26356,430
11043,7973
26356,7814
26727,430
64835,7819
26608,7973
64835,8286
25670,430
64835,7973
25670,7814
26608,430
11044,7973
25670,8251
44140,4901
46040,4590
46040,4572
23500,8082
29826,7909
23500,8041
29821,7909
23500,8031
23500,8071
29815,7909
23500,8181
29823,7909
23500,8021
24516,7911
24400,7840
24400,8444
24516,7732
50541,8345
27498,8345
15756,4610
BTL,6639
BTL,7360
BTL,7359
64832,8628
64832,8345
27511,7925
C19FRP,5310
C19FRP,5300
25575,7860
25575,9344
25575,7902
25560,9357
44130,6551
25426,7803
38220,8309
38220,8345
38220,9820
11011,4131
38220,8302
38220,8339
38220,8628
61624,5423
61624,5411
CI9IP3,_
50280,4543
43239,5539
50280,4523
50280,4514
45385,5539
50280,4542
92980,8849
75716,8857
92980,8848
93545,8849
75716,3606
93545,8848
27365,8345
32005,5361
49566,3492
32005,5351
27217,5759
20692,9227
51020,7939
26410,8332
11043,7643
60240,2080
69420,640
60240,2009
52500,5501
52500,5423
52500,3893
52500,5502
36011,5749
52500,3995
52500,5411
28171,7788
00460,_
99460,212
90935,3964
93650,3995
90935,3734
32000,4563
28485,7932
32002,3459
32320,3404
54316,5849
54316,6449
52204,4029
52204,5641
50230,5733
52204,3807
52204,5551
C191P2,3995
11043,2219
31238,8345
24685,7679
21390,7932
24685,1689
21256,7739
44140,8309
44140,9820
11012,4572
28825,8669
30930,2162
43235,3993
27576,_
27576,7936
27576,7817
27716,_
27759,7933
MO686,_
44147,9971
44147,9903
44120,4620
MCP01,9041
MCP01,8909
35626,3922
79403,5498
ATHEROSCLEROTIC,_
34111,8345
25620,3803
26765,3891
35206,7912
15350,7932
34111,7934
25611,3959
25620,8669
35206,7934
15350,3959
34111,7760
26765,3803
15350,7912
34111,7924
25611,7934
25620,3959
25611,3891
25620,7912
26765,7932
35206,7924
15350,7934
34111,8669
15350,3891
34111,7932
25611,7924
26765,3959
35206,8669
25611,3803
25620,3891
26765,7912
35206,7932
15350,7924
25611,8669
15350,3803
11044,3891
34111,7912
11000,4850
11000,5760
65285,1281
69530,8332
69530,8669
15732,2042
66700,1274
66700,9334
36011,220
62201,3110
31603,331
62270,220
62201,331
62270,3110
36011,331
62201,3893
31603,220
45380,4595
21422,7925
21433,8152
27506,7674
21433,7815
21422,8152
21433,7674
27506,7950
21422,7815
21433,7925
89246,9903
CI9CI,_
23540,2181
23540,8659
50395,5423
44310,5980
50395,5411
50395,4620
32020,9788
27303,3409
32020,294
32020,7715
20680,3409
22851,7760
22851,8309
22851,8345
22851,9820
11012,8451
22851,7710
22851,8302
22851,8339
27226,7925
CR003,_
27752,8152
27245,7906
C19CI,9901
C19CI,3893
47605,8874
43293,4543
44393,_
43293,4522
43293,_
33200,3995
90935,3774
49507,4912
46270,5300
NN039,5498
NN039,3995
27846,7909
44005,3952
35131,5459
44005,3846
27590,7945
27509,8417
11043,7945
27590,9359
41825,9199
88331,2440
41825,8908
24635,7925
11041,7819
C19T1,9971
C19T1,9903
90935,4824
45300,3995
50200,9971
C19IP2,5523
50200,9903
36430,5523
50200,_
33977,3764
20220,4685
45378,7749
20220,4525
45235,8839
75960,_
45235,3990
15953,8628
27535,7926
CR030,_
61320,206
62141,3121
61320,4311
61618,125
61510,212
61618,124
26990,5423
49000,8115
26990,5411
25491,7925
27502,7813
25491,7905
27502,5423
27244,7905
25491,7815
27244,7813
25491,5423
25491,8152
49000,7813
27502,5411
25491,7935
27244,8152
27506,7813
25491,5411
10060,9829
10060,8016
27331,8604
10060,8036
31622,8669
31622,8630
11400,3324
11400,8669
15100,3324
CG466,_
68815,8671
67966,944
68815,824
C19IP2,5511
50020,_
C19IP2,5501
27025,7925
15220,8314
15220,7925
67935,7925
27506,881
67935,7815
67935,8152
27506,1060
90935,9804
44390,4514
36488,9804
44390,3929
36488,4522
36821,9804
44390,3893
36488,4514
36821,4522
44390,3995
36821,4514
40808,4041
41135,2724
40808,2520
61750,125
61510,9230
61750,124
44140,5521
44140,5631
44140,8773
44140,9649
50575,4572
44140,5620
44140,9645
63075,125
61314,309
61314,8051
63075,124
61314,7769
62100,763
62165,124
62100,299
98158,_
11011,8037
25000,8396
25000,8191
25000,8394
90993,3995
90993,4685
90993,4525
25500,7933
25500,7923
15200,7932
25545,7933
15200,7815
15200,7923
15200,7925
15200,7933
15200,8152
21920,9971
21920,9903
99438,_
11040,8544
11040,8543
58720,4461
43840,6561
58720,4442
19100,9971
19100,9903
27750,9971
36430,7906
27750,9903
11403,8669
11403,7760
11403,8339
15220,8630
11403,7710
11403,8309
24566,9971
36430,7852
24566,9903
90945,3491
32002,5498
90945,3404
27540,8029
63012,353
63709,7939
29855,309
27540,7769
63012,359
63709,7819
63012,7939
29855,7769
27540,359
63012,7819
63709,8029
29855,353
63709,7769
29855,359
27540,7819
63012,8029
63709,353
29855,7939
27540,309
36800,159
88331,6561
49000,8908
58720,9199
49000,9199
58720,8908
61140,3995
90935,113
49000,5375
39503,3409
39503,5099
32020,5375
39503,5423
39503,5061
47361,5375
39503,5411
39503,5029
47361,3404
39503,5000
33975,3766
ZEO2,_
26785,2752
41250,7984
27511,8016
C19T3,9059
C19T3,8909
63047,8451
29840,8023
29840,8033
59513,4610
44322,7499
59513,4525
15050,7933
11041,7937
15050,7923
15050,8628
15050,7937
IP2,_
11011,8446
23570,7939
23570,7929
20692,7975
31600,4262
43107,8628
31600,4242
11042,4262
43107,3121
11042,4242
61564,160
CM809,_
43831,8628
43831,8345
C19IP3,8839
75989,3995
96408,8604
10140,9925
44320,6270
44320,6230
47480,4525
45380,5104
45380,5103
50830,4610
44005,5999
50830,4575
44143,5999
50830,5459
67961,1623
67400,8671
67040,1475
49521,125
61304,5300
36430,5349
49605,9903
43239,7985
27258,9971
43239,8152
36430,7985
27125,4514
27258,9903
27125,7985
27258,4514
31600,7789
58627,_
42020,_
CT9T3,_
49321,4562
43820,5424
49321,9971
49321,4590
49321,4439
44120,5424
49321,9903
49321,4563
43235,5424
49321,4513
20610,7789
22850,8051
22802,8191
63030,8192
22850,8396
22802,7869
63030,8129
20610,309
22850,7789
22802,8051
63030,8191
22850,8394
22802,8396
63030,7869
20610,8129
22850,309
22850,8192
22802,8394
63030,8396
20610,7869
22850,8129
22802,309
20610,8051
22850,8191
22802,8192
63030,8394
33208,4543
66987,4513
45383,3772
43235,3780
33208,1341
56800,6639
56800,_
35189,3953
66920,1269
58240,4562
36568,4650
44227,4610
36568,5760
44227,6561
44227,5423
36568,5671
44227,5760
36568,6880
44227,5411
36568,4562
58240,4650
36568,4850
44227,5671
44227,6880
44227,4850
44227,6849
61020,8669
15734,102
61020,8332
36600,_
27310,9901
75980,3995
43330,3121
36488,4270
43330,125
61313,4270
43330,124
31600,4270
43330,3893
77401,8345
11040,7841
21750,8628
11040,7769
61700,8345
36568,5270
37202,3893
37202,9929
27514,7934
27590,4590
44140,8417
27590,4572
15650,8670
27846,8152
15650,8628
11044,8674
27846,7815
15740,7925
15650,7760
15650,8302
15740,8674
15650,7925
36821,4542
92980,4543
45383,3606
92980,4523
PROBABLE,_
C19IP3,4311
89245,4311
27880,8609
27590,8609
16035,8417
16035,8415
56441,6561
SO600,7819
28810,3409
32141,8411
28810,3221
ADX,9959
99432,_
99460,9929
ADX,9929
99460,9959
27607,8302
27607,7817
27607,8339
27607,9820
27607,8309
27607,7936
37617,5440
36450,7931
24515,9901
59518,_
11011,7643
C19IP3,3961
33120,_
C19IP3,3733
51550,5831
52235,5760
COSUSPECTCOTEST,_
27590,8446
15756,9357
ZE380,_
42000,2211
31237,2710
42000,2121
43249,_
77401,4292
29844,8073
26676,7923
11040,763
62165,8628
11040,299
27218,8345
26105,8345
26706,8014
26105,8286
26418,7819
26706,7760
26706,8034
26105,7819
26418,8034
26706,8286
26105,7760
65103,8309
65103,7814
26608,1642
65103,7760
65103,8628
65103,8339
65103,407
11012,1642
65103,9820
26951,1642
65103,7710
65103,8401
11043,1642
11000,4593
11000,4562
36825,9649
52005,3995
36825,9646
90935,9649
52005,3993
36825,8773
36217,3891
27250,8671
67966,7975
27250,824
10120,8382
49525,3893
36488,5503
77261,5521
50080,5501
77261,5503
77421,5504
12015,7925
27507,7817
ISO9,_
49320,4675
45300,5421
36568,4824
45300,4675
36568,5421
36568,4675
44605,5421
49320,4824
33405,3512
33425,3522
27513,7805
27357,7815
28210,7760
28210,8309
28210,9820
28210,7710
28210,8302
28210,8339
28210,8628
37033,_
11402,639
60260,8630
11402,4040
60252,8630
11402,640
61315,7860
20650,124
61315,8152
61315,9344
20650,125
61315,7815
61315,7810
61315,7925
47701,5149
06300,_
23585,7924
43325,4285
43325,4466
29305,7949
24586,8152
27506,8012
24000,7810
24000,7929
20692,8152
24000,7860
20692,8012
24586,7810
24000,9344
24000,7925
11044,8012
24586,7860
24586,7815
24000,8152
20650,8012
24586,9344
24586,7925
27227,7905
27227,8152
27227,7815
12011,7925
21470,8152
12011,7676
12011,8152
27506,7676
12011,7815
11000,7071
57250,8628
11000,7052
CRO388,_
31603,8446
23044,7939
23515,8011
23044,7929
90935,3528
33464,3995
OO800,_
44950,3721
93508,_
44950,3639
C19IP3,3721
93508,4709
C19IP3,3639
25620,9359
25620,7945
68661,_
29085,7974
29085,7814
44144,5980
36568,6839
36488,3420
32602,3893
36488,3320
31610,3893
43235,3129
31610,4685
45378,3129
31610,4525
36488,3129
31610,4513
88332,4850
45120,9199
88332,4595
88332,4865
45120,8908
20692,8989
27218,7975
27250,8989
27218,7810
27250,7939
36450,7936
27784,9901
36450,7817
27535,9901
36450,7926
27535,8544
19240,7817
11011,7972
22630,7769
20936,8051
20936,8129
63012,8051
63030,7809
63012,8129
20930,8129
63075,7859
22554,7809
20930,7769
50600,4590
50600,4572
56405,7989
49000,7109
27193,5423
27217,3893
56405,7909
49000,7949
36488,7975
27193,7939
27193,3893
56405,7949
49000,7975
36488,7939
27193,7989
27217,7109
56405,5411
27217,7949
56405,7975
49000,7939
36488,7989
27193,7109
27217,5411
56405,5423
36488,7909
27217,7975
56405,7939
49000,7989
36488,7109
27193,5411
27217,5423
56405,3893
36488,7949
46250,5810
46250,5860
46250,6094
46250,8929
52601,4946
46250,5732
46250,5850
46250,6029
46250,6373
88174,9925
C19IP2,4514
20900,7936
20900,7817
44340,5424
49180,4643
38505,8630
11606,8628
38505,8669
15100,4011
11606,8345
38505,8628
11606,4011
38505,8345
CR4693,_
11044,7769
27215,8152
27215,7815
25900,3891
34111,8405
25900,3803
27590,8414
27888,8417
27590,407
27535,8140
27122,7936
36488,7785
27122,3893
27535,7785
36488,8140
27122,7817
UA71,_
49320,4590
44140,5421
49320,4709
28304,8345
45385,5980
52332,4542
44206,9901
36450,1735
NO083,_
43234,8659
11042,4513
43234,8630
15931,4513
43234,8628
45120,9971
36430,4595
36430,4865
45120,9903
58740,6941
59350,6589
27535,7912
75722,8845
NB039,_
15740,9199
11640,8670
15740,8908
11640,9199
88331,8670
15740,8630
11640,8908
36450,4011
58943,9901
20902,7935
27513,7800
51565,5732
51565,4575
49080,4594
45380,3409
45380,3491
44145,3409
32000,4594
44145,3491
32000,4579
32020,4594
45380,5425
32000,4525
44145,5425
62227,_
58300,8753
47610,6970
58300,5122
21044,8669
31600,2530
21044,7631
15732,3121
41155,8332
21044,8382
21044,4040
31600,7631
41155,3121
21044,8332
21044,2749
15732,7631
41155,7769
21044,3121
31600,8332
41155,8669
21044,2530
31600,2749
93510,3491
76942,3722
33535,_
32002,3613
93510,3404
33535,3722
93510,3613
33535,3491
32002,3722
76942,3613
33535,3404
49000,5253
48145,5423
48145,5411
37700,3891
76986,3889
34203,8628
37700,8416
11043,3891
27598,3889
34203,_
27598,3808
34203,8416
37700,3808
76986,3891
27598,_
76986,8416
11043,3808
27598,3891
34203,3889
37700,_
45382,4525
45235,4685
45235,4525
C19IP3,8345
AA162,8099
63090,_
AA162,309
AA162,_
31603,212
62180,309
61343,3110
31603,309
62180,3110
61343,220
62180,212
51040,7979
27216,5717
51040,7909
75630,8842
24791,_
21212,1930
21212,2049
69644,_
21212,1860
21212,1940
21212,_
16035,7936
27792,8609
16035,7817
21470,7860
20650,7676
21470,9351
21470,9344
29305,7676
21470,7810
15350,7859
31525,8628
31525,8345
JN083,_
33906,7499
63305,8099
27236,8192
27236,8396
20610,7935
27236,8191
27236,8394
31575,7760
33750,8345
31575,9820
44120,3142
33750,4590
31575,5423
49000,3900
33750,7760
31575,8309
33750,9820
11012,3142
31575,4562
33750,5423
31575,3900
33750,8309
33750,4562
31575,4590
62270,3995
C19IP1,3780
33207,_
C19IP1,3776
45385,125
43750,4523
61313,4543
45385,4311
43750,3995
43750,4542
61313,4523
43750,4543
45385,124
61313,4542
C19IP1,8414
27888,_
C19IP1,407
49215,8628
49215,8345
25500,5423
25500,5411
47350,7902
25500,5061
49000,7902
29065,5061
36011,8669
15220,3893
SOO81,9820
SOO81,8628
SOO81,_
77401,9230
61750,4311
77421,9230
77401,4311
61750,_
43246,9230
27590,3952
35151,8417
27590,3848
32653,3452
32020,7785
10060,7789
27071,3409
32020,7789
10060,7785
27071,8604
33015,3524
21347,7760
21347,8309
21347,9820
21347,7710
21347,8302
21347,8339
21347,8628
C19IP1,9344
C19IP1,8152
20650,_
C19IP1,7860
C19IP1,7925
C19IP1,7810
C19IP1,7815
59514,8839
75957,7499
59514,3973
12234,_
36565,_
32615,_
C19IP1,5731
61541,124
27590,8332
15120,3893
43247,4443
43255,9803
43247,4233
52332,8382
15734,5980
52332,8332
52332,8669
15734,5732
61500,8415
15572,125
16010,160
27882,8670
27882,125
33511,4685
90935,3612
36488,3524
43235,3961
33511,4513
33430,4525
43235,3612
45378,3524
33511,3995
33430,3893
93510,3612
33511,3524
33511,3722
33430,3612
93510,4513
33511,4525
33430,4685
36488,3612
43235,3524
45378,3961
33511,3893
33430,4513
43235,3722
45378,3612
33511,3961
CT193,_
49500,92
47135,5310
AA183,_
99999,_
UO01,_
HEARING,_
C19PP2,_
94644,3995
94644,_
C19PP4,_
C19PP4,3995
20382,_
