raw_code,mapped_code
66987,1341
66987,1371
99460,_
90935,3995
47562,5123
59514,7499
77401,_
11441,8630
96408,9925
59513,7499
90375,_
NSD01,_
58300,6970
MCP01,_
C19T1,_
11402,8630
C19X1,_
58561,6829
C19T2,_
59409,7359
59409,7360
19182,8534
31575,3142
93510,3722
52337,5522
52337,5600
52337,5631
52337,5732
52337,5980
63266,340
22843,7859
99246,8909
99246,9059
C19T3,_
65782,1689
45378,4525
45378,4685
57452,7021
58558,6816
58558,6829
58558,6909
60240,640
58562,9816
90945,3995
90945,5498
20610,8191
20610,8192
20610,8394
20610,8396
44970,4701
59812,6902
65780,1689
66761,1212
77418,_
50590,9851
89221,8909
89221,9041
58600,6639
67031,1693
59870,6909
66821,1364
36825,3993
45112,4840
45112,4850
56740,7124
ANC01,_
25575,7932
21550,8321
19120,8521
47765,5499
60280,670
21315,2171
58120,6909
11000,8628
44950,4709
46910,4939
C19AT1,_
47600,5122
65426,1132
19162,8543
19162,8544
P0000,_
96450,331
96450,9925
58150,6561
58150,6849
57545,6740
57545,7079
59151,6563
24530,7901
36450,9901
67110,1459
31500,9604
12002,8659
FP001,_
76942,_
66762,1239
92982,66
44320,4610
60001,601
44960,4709
58100,6711
58100,6813
41800,2400
43258,4341
43258,4530
43258,4533
43244,4233
43244,4341
19240,8543
19240,8544
55700,6011
11043,8345
11043,8628
31231,2121
54332,5845
54332,5849
22554,8051
22554,8129
92980,3606
60210,639
27244,7935
12001,8659
38220,4131
11403,8630
43235,4513
50040,5501
50040,5502
45100,4923
27236,7935
20680,294
20680,7860
20680,9788
12041,8659
28415,7939
25525,7819
25525,7932
25525,7979
68720,981
32405,3326
43268,5293
12004,8659
36430,9903
36430,9971
47000,_
11042,8628
77421,_
46275,4911
46275,4912
43239,4514
21445,7676
11041,8628
66830,1214
66830,1364
66830,1365
47420,5104
47420,5151
42215,2762
27750,7906
33207,3776
33207,3780
67800,821
28820,8411
89222,8909
89222,9041
19160,8523
66985,1372
25574,7932
27530,7906
66982,1330
66982,1371
27880,8415
17000,8630
52240,5732
52240,5749
52240,5831
36821,3929
36011,3893
45382,4523
45382,4543
58200,4011
58200,6561
58200,6849
47570,5132
63030,309
63030,7789
63030,8051
58210,4030
58210,6561
58210,6869
44144,4579
44144,4610
44144,4613
C19IP2,_
47510,5198
31530,3142
31530,9814
45380,4525
52310,5700
52310,5732
56501,7180
77261,_
28805,8332
12034,8659
93555,8850
19101,8511
21930,8339
26121,8235
26121,8662
26121,8684
11011,8302
11011,8309
11011,8339
11011,8345
11011,8628
11011,9820
44340,4643
27245,7935
27125,8152
42500,2649
55530,6310
75757,9512
AO60,_
58120,7360
59409,6909
58120,7359
58145,6829
67121,1460
23515,7929
23515,7939
16010,8628
16010,9357
45385,4523
45385,4542
45385,4543
27886,8415
12011,8659
67105,1455
21557,8339
36488,3893
65222,9821
C19IP1,_
44143,4575
36450,4610
44143,9901
36450,4575
44143,4610
11406,8630
49505,5300
49505,5310
43215,9802
11012,7710
11012,7760
11012,8302
11012,8309
11012,8339
11012,8345
11012,8628
11012,9820
49507,5300
49507,5310
60271,639
60271,650
11044,7760
11044,8345
11044,8628
67228,1425
49000,5411
49000,5423
58345,6999
58345,8782
46260,4946
40700,2754
11040,8628
31090,2253
62223,233
69631,1940
66984,1330
66984,1371
CR466,_
XZ370,_
NI85,_
66850,1341
49521,5300
49521,5310
11440,8630
52235,5732
52235,5749
52235,5831
45114,4590
45114,4869
12013,8659
31579,3142
52601,5732
52601,5810
52601,5850
52601,5860
52601,6029
52601,6094
52601,6373
52601,8929
20605,8192
20605,8396
29065,9353
11426,8630
47721,4439
47721,5132
C19IP4,_
36430,7860
20680,9971
36430,294
36430,9788
20680,9903
66170,1264
66170,1269
52450,6000
93556,3956
93556,8843
93556,8857
43234,4513
93508,3639
93508,3721
44603,4673
44120,4562
44603,4563
44120,4590
44388,4525
28510,7908
67250,1287
C19PP1,_
44050,4680
C19CI,_
50200,5523
59814,6959
C19X2,_
23600,7901
77761,_
77781,_
43255,4233
43255,4443
BZ441,_
93543,8857
49587,5341
90935,5349
49587,3995
90935,5341
49587,5349
58952,5440
58952,6529
58952,6561
67036,1474
28001,8303
25600,7902
41830,2450
43239,4685
45378,4514
43239,4525
27605,8311
29450,9353
49585,5341
49585,5349
20605,8191
20605,8394
38745,4023
26145,8233
44140,4572
44140,4590
57155,6999
77761,7091
57155,_
77761,6999
57155,7091
58140,6829
67052,1370
67052,1474
21555,8630
44377,4514
42700,2800
67051,1474
67051,1475
39501,3482
C19X3,_
51550,5760
46255,4946
46280,4911
46280,4912
46280,4993
27603,7710
27603,8302
11422,8630
67041,1474
67041,1490
42415,2929
42415,407
35903,3868
57454,6712
57454,7021
46750,4979
59411,7252
58960,4030
58960,5419
58960,5423
58960,5425
58960,5440
45379,4523
45379,9804
43843,4495
67924,844
C19IP3,_
67210,1454
68115,1031
38500,4011
59612,7360
59612,7759
67027,1472
67027,1479
43265,5188
67025,1471
67025,1475
23650,7971
79005,_
20670,7860
27524,7936
59136,6839
59136,7430
42825,2820
50610,5620
29848,8043
29075,9353
27506,7815
27506,7925
27506,8152
10120,8605
53852,6021
53852,6097
51010,5711
26727,7819
29085,9353
49080,5425
58661,6561
58661,6639
29058,9353
24530,9359
29058,7901
24530,9353
29058,9359
12044,8659
31525,3142
49522,5300
49522,5310
62074,_
57520,6720
57520,6739
57520,6769
57520,6909
32020,3409
10060,8604
60220,620
58300,7360
59409,6970
58300,7359
67921,842
21360,7672
46935,4949
27637,7767
27637,7807
27048,7769
58720,6561
61546,124
27759,7936
50783,5674
65235,1200
55535,6310
19200,8545
19200,8546
19180,8541
67825,891
28485,7937
38770,4030
22305,353
66710,1273
66710,1274
11423,8630
49021,5491
25400,7843
28810,8411
11442,8630
08991,_
LT028,8628
11000,_
08991,8628
LT028,_
27187,7855
45300,4824
47563,5123
47563,8753
58740,6589
67050,1343
66985,1474
67050,1372
66985,1343
67050,1474
43264,5188
43264,5294
11721,8630
58925,6529
58120,6813
58100,6909
58120,6711
25490,7813
42145,2769
26055,8301
11400,8630
ANC02,_
47605,5122
47605,8753
29345,9353
67010,1471
35082,3844
35082,3952
26770,7974
24600,7972
44392,4542
76360,8838
11750,8623
47564,5123
47564,5151
27590,8417
11308,8609
27752,7906
22802,8129
15757,8660
CR038,_
61315,124
61315,125
58700,6651
19100,8511
57250,7052
57250,7071
14040,8689
14040,9357
16010,8689
14040,8628
25560,7902
44005,5459
52332,5732
52332,5980
15740,8670
54161,6400
61312,124
61312,125
27071,7785
11011,7789
27071,8302
27071,8339
27071,8628
23490,7851
27295,8418
21501,8604
28825,8411
44204,1739
44204,4590
60100,611
58600,7360
59409,6639
58600,7359
49509,5300
49509,5310
11626,8630
66160,1265
26160,8221
44187,4620
27880,8628
11043,8415
27880,8345
54520,6230
54520,6270
12002,8345
24515,7931
23550,7981
42440,2630
33025,3712
27047,7769
33426,3512
33426,3524
33426,3961
32663,3241
64727,449
22310,353
43235,4685
45378,4513
43235,4525
64721,460
64721,479
42820,2830
20225,7745
20225,7749
28020,8018
28020,7710
28020,8302
28020,8345
28020,9820
11012,8018
28020,8309
28020,7760
28020,8339
28020,8628
55110,6100
25065,8321
43200,4223
29826,8021
29826,8041
29826,8181
65815,1291
65815,1292
33534,3612
27592,8417
43820,4439
20520,8302
28465,7937
27331,8016
27331,8036
27331,9829
31225,2220
27502,7905
65805,1291
27310,8016
37607,3953
15120,8669
15120,9357
16010,8669
15120,8628
49215,5440
27080,7789
59525,6839
59525,6840
49525,5300
49525,5310
43825,4400
43825,4439
46922,4939
44300,4610
45384,4523
45384,4542
45384,4543
50961,5600
50961,5631
50961,8773
50961,9646
50961,9649
38510,4011
25611,7912
12042,8659
58260,6859
42804,2912
67961,8671
67961,884
92981,3606
41850,2440
23500,7909
11443,8630
90935,9971
36430,3995
90935,9903
75989,8839
28005,7719
49651,5300
49651,5421
65210,1200
65210,9822
CC780,_
15350,8669
15350,8544
19240,8669
15350,8543
44310,4620
41825,2440
19020,8500
NONE,_
14060,8689
60225,620
19110,8599
33533,3611
65772,1179
27894,407
27894,8314
27894,8345
59120,6549
58951,4030
58951,5440
58951,6529
58951,6561
58951,6849
12032,8659
28043,8630
61592,124
61592,299
61592,7739
67840,820
67840,889
27808,7909
11642,8630
67040,1424
67040,1474
43250,4233
43250,4341
43250,4530
76095,9230
44005,6849
58150,5459
44005,6561
15240,8669
21920,8321
26951,407
26951,8401
27323,8321
41823,2440
51065,5719
51065,5995
57500,6712
61313,124
61313,125
27664,8364
27784,7817
27784,7926
27784,7936
42810,2920
47610,5122
47610,8753
12051,1840
12051,2181
12051,2751
12051,8659
12051,881
27470,7845
53415,5849
27823,7819
2AW19,7936
27823,_
2AW19,7819
27823,7936
2AW19,_
20600,8191
20600,8192
20600,8394
20600,8396
38720,4021
52214,5732
52214,5749
52214,5831
52214,6029
49201,5440
27892,407
27892,8314
27892,8345
28270,8048
11041,8364
28270,8628
11041,8048
28270,8364
58555,6812
11401,8630
27687,8372
41874,2450
17110,8630
21556,8332
27303,7715
27303,7925
11100,8611
74300,8754
74300,8766
35681,3929
43235,4542
52281,5732
52281,5810
52281,5860
52281,8929
68110,1031
43830,4319
11462,8630
79000,_
58120,6829
58120,6816
35011,3843
35011,3952
27607,7710
27607,8345
47612,5122
47600,5136
47612,5151
47612,5136
47600,5151
57260,7051
57260,7052
27372,8016
27372,8628
11043,8016
27372,8345
65755,1164
15574,8670
32655,3221
44147,4579
33430,3524
33430,3961
26116,8222
19000,8591
31622,3324
43262,5185
11730,8623
12047,8659
46060,4873
46060,4901
46060,4911
46060,4912
46060,4993
99432,9929
99460,9933
99432,9959
40702,2754
27507,7935
55040,6310
52000,5732
25530,7902
66172,1264
66172,1269
66172,9928
54152,6400
32002,3404
32002,3491
29405,9353
41115,2592
27792,7817
27766,7936
27792,7819
27766,7929
33212,3781
44394,4542
44208,1739
44208,4594
44208,4610
60254,4040
60254,640
26215,7769
26215,7809
61700,3951
38700,4029
49500,5300
49500,5310
49500,6310
44322,4525
44322,4610
31603,3110
65103,1642
67966,824
67966,8671
75665,8841
27535,7817
27535,7936
43246,4311
56405,7109
24546,7842
24546,7931
58700,5423
49000,6651
58700,5411
36568,3893
14300,8689
24516,7840
11012,7931
24516,8444
24516,7760
24516,8309
24516,8345
24516,9820
11012,7840
24516,7931
11012,8444
24516,7710
24516,8302
24516,8339
24516,8628
61320,124
61700,125
61320,3951
61700,124
61320,125
29889,8145
42420,2632
42420,407
59513,9971
36430,7499
59513,9903
11010,8628
11010,9820
28046,8349
24075,8339
27618,8630
33206,3776
33206,3780
54530,6230
27560,7979
46612,4921
46612,4931
24635,7939
P0001,_
99093,_
25900,8405
12001,8345
27513,7815
11012,7935
27513,7710
27513,8302
27513,8339
27513,8628
21390,1689
21390,7679
08002,_
37023,_
IN390,_
15738,8332
15738,8382
15738,8669
11720,8627
11420,8630
50230,3807
50230,4029
50230,5551
50230,5641
11470,8630
24500,7901
19366,8570
46270,4911
46270,4912
69020,1809
58545,6829
96408,9971
36430,9925
96408,9903
41821,2460
57460,6739
57460,7021
20692,7810
23660,7981
65855,1689
33015,3712
60252,4040
60252,639
60252,640
27786,7906
23616,7931
23616,8444
31625,3324
27410,_
11404,8630
44604,4675
27130,8151
21015,8339
25500,7902
43261,8753
47605,5214
43261,5122
43261,5214
45383,4523
45383,4542
45383,4543
50060,5501
40654,2759
40654,8309
40654,8345
40654,9820
11011,2759
40654,8302
40654,8339
40654,8628
28810,7760
28810,8309
28810,8345
28810,9820
11012,8411
28810,7710
28810,8302
28810,8339
28810,8628
63016,309
31536,3143
77781,7091
10140,8604
38525,4011
41805,2499
35141,3848
35141,3952
26685,7984
26685,7989
27652,8149
11011,8388
27652,8302
27652,8339
27652,8628
41520,2559
23620,7901
52612,6029
65285,1159
65285,1289
41009,2700
25620,7932
27827,7817
27827,7936
75630,8842
50948,5674
27220,7905
43840,4442
43840,4461
50075,5501
69970,7769
12015,8659
42220,2762
24685,7932
27327,8630
44205,1739
44205,4562
44205,4593
49495,5300
49495,5310
49495,6310
50392,5512
77432,_
49560,5351
49560,5361
49010,5411
49010,5423
46050,4901
28090,8339
67108,1449
67108,1459
25670,7973
37204,3880
25270,8388
15736,8332
15736,8382
15736,8669
15732,8332
15732,8382
15732,8669
65400,1149
43243,4233
38542,4021
CR030,_
28470,7907
27511,7815
27511,7935
37618,3880
36800,3993
27792,7936
20690,7810
20690,8345
27610,8017
43632,4370
47620,5122
47620,5151
47620,5183
47620,8754
96567,9983
61793,9233
37202,3893
37202,9929
38505,4011
27828,7817
29345,7936
27828,9353
29345,7817
27828,7936
67312,1530
56440,7123
36450,6849
58150,9901
36450,6561
69433,2001
15240,7760
15240,8309
15240,8345
15240,9820
11012,8669
15240,7710
15240,8302
15240,8339
15240,8628
33208,3772
33208,3780
26357,8251
16035,8609
28825,7760
28825,8309
28825,8345
28825,9820
28825,7710
28825,8302
28825,8339
28825,8628
50500,5581
20650,5423
39900,7810
27752,7860
49000,9344
20650,_
39900,7906
27752,5411
20650,7810
39900,7860
27752,9344
49000,_
20650,7906
39900,5411
27752,5423
49000,7810
20650,7860
39900,9344
27752,_
49000,7906
20650,5411
39900,5423
27752,7810
49000,7860
20650,9344
39900,_
11752,8623
21935,8339
21045,7769
11640,8630
23665,7971
11765,8623
CR468,_
36450,4590
44140,9901
36450,4572
11307,8609
58950,5440
58950,6529
58950,6561
47015,5091
50081,5503
50081,5504
50081,5521
50081,5980
67445,1601
26910,8401
26910,8403
AT941,_
12014,8659
28003,8314
45338,4524
45338,4542
45338,4543
63704,352
26615,7923
11042,7933
26615,8628
11042,7923
26615,7933
59120,9971
36430,6549
59120,9903
69642,1860
31500,1930
69642,1940
31500,2049
69642,2099
31600,3121
27328,8332
14041,8689
26356,8251
29075,8286
26356,9353
29075,8251
26356,8286
52318,5700
61333,1609
61333,1692
NEP03,_
27758,7936
12005,8659
52276,5732
52276,5850
44202,4562
44202,4590
66998,1289
45541,4876
45541,4542
25000,8301
65772,1371
66987,1179
65772,1341
NSD01,7360
59409,_
NSD01,7359
27217,7939
27217,7989
40720,2754
26037,8212
27740,7827
58940,6539
58940,6551
23935,7712
23935,7719
65105,1641
20690,7760
20690,8309
20690,9820
11012,7810
20690,7710
20690,8302
20690,8339
20690,8628
27447,8147
27447,8154
27514,7815
27514,7710
27514,8302
27514,8339
27514,8628
11444,8630
25520,7902
25520,7979
11000,8345
11000,7760
46257,4939
46257,4946
26410,8286
45330,4525
61512,124
61512,125
90935,5502
50040,3995
90935,5501
28002,8314
41135,2520
41135,4041
59620,7499
31237,2121
31237,2211
60281,670
27049,8339
43260,5110
31254,2219
31254,2263
58600,5423
49000,6639
58600,5411
24615,7982
35256,3956
28150,7789
44120,4563
22842,7859
27520,7909
62287,8395
65093,1631
19260,3440
19260,7791
27893,407
27893,8314
27893,8345
69110,1829
69110,1879
22102,7769
56605,7111
28715,8112
51600,8776
69635,1860
69635,1940
69635,2021
69635,2023
69635,2099
33405,3522
33405,3961
25115,8342
43251,4685
45378,4233
43251,4341
45378,4530
43251,4525
43251,4233
45378,4341
43251,4530
52317,5700
49570,5359
49570,5369
74363,5198
74363,8839
15734,8332
19180,8382
15734,8669
27826,7817
27826,7936
66180,1699
17106,8630
24670,7902
22900,5430
31825,3172
31255,2119
31255,2263
11312,8609
66155,1262
66155,1269
61522,125
65820,1252
65820,1253
45020,5400
50240,5540
24077,8339
60500,689
23680,8444
41872,2420
31256,2219
28490,7908
46221,4945
24579,7931
27301,8303
69501,2041
46760,4979
11424,8630
25800,8126
25075,8630
65860,1693
28630,7978
ONN18,9971
BLOODTRANSFUSI5,_
20245,7742
20245,7745
20245,7749
49502,5300
49502,5310
49502,6310
69646,1860
69646,1930
69646,1940
69646,2042
69646,2099
55500,6310
40701,2754
54050,6420
90935,3491
32002,3995
90935,3404
21249,7643
26608,7814
27690,8375
27513,7935
52606,6029
69145,1829
35206,3959
67900,836
47300,5021
11760,8689
50395,5980
14000,8689
49420,5419
35013,3843
90935,3952
35013,3995
90935,3843
35013,3952
58263,6561
58263,6859
58263,7092
19220,8547
19220,8548
46250,4946
24538,7852
63015,309
28645,7989
58563,6823
36830,3993
27238,7905
29305,9351
11041,8036
66920,1319
21470,7676
21470,8345
28208,8381
28208,8628
11043,8381
28208,8345
52250,5732
52250,5733
52250,5823
52250,9227
54115,6492
54115,9824
VN083,_
61510,124
61510,125
24430,7842
14021,8689
42890,2933
14020,8689
51860,5781
11311,8609
23075,8630
33730,3799
65900,1240
45111,4869
61156,124
61156,139
52335,5522
52335,5631
52335,5732
52335,5980
29888,8145
47715,5169
17304,8624
17304,8630
17304,9199
23540,7971
27360,7785
27360,7760
27360,8309
27360,8345
27360,9820
11012,7785
27360,7710
27360,8302
27360,8339
27360,8628
27245,7760
27245,8309
27245,8345
27245,9820
27245,7710
27245,8302
27245,8339
27245,8628
61521,125
28008,8314
24576,7901
65091,1639
47600,4341
55101,6100
26350,8286
45355,4522
28045,8332
28045,8339
31238,2100
31238,2219
11421,8630
NAZ96,7760
21249,8302
NAZ96,8339
21249,8345
NAZ96,9820
21249,_
11012,7643
NAZ96,7710
21249,7760
NAZ96,8309
21249,8339
NAZ96,8628
21249,9820
11012,_
NAZ96,7643
21249,7710
NAZ96,8302
21249,8309
NAZ96,8345
21249,8628
NAZ96,_
25622,7903
61580,2110
32000,2263
61580,2264
32000,299
61580,3491
32000,2110
61580,2263
32000,2264
61580,299
32000,3491
25260,8388
27814,7936
31267,2119
31267,2220
31267,2262
93660,8952
93660,8959
93660,8961
C19PP2,_
69222,2041
69222,7669
41820,2431
20240,7749
67810,811
31365,3040
27759,8345
37187,3800
37187,8840
37187,9910
67412,1609
67412,1692
38740,4023
23570,7909
49200,5440
25900,8345
50400,5502
50400,5512
50400,5570
50400,5587
50400,5620
50400,5689
23076,8332
62270,331
43653,4319
43653,5421
26123,8235
26123,8662
26123,8684
11606,8630
15200,8669
15200,9357
15200,8628
24545,7931
22840,7859
28173,7788
24685,8345
49505,5810
49505,5860
49505,6094
49505,8929
52601,5300
52640,5749
55250,6373
15936,8630
66987,1475
67051,1341
26010,7719
44389,4525
61305,124
61305,125
48150,4370
48150,5136
48150,5251
48150,5270
48150,5296
49040,5419
27556,7819
27556,7986
75982,5159
75982,8839
42200,2762
31032,2231
11303,8609
67005,1471
30100,2122
52614,6029
47600,5294
43264,5122
47600,5188
59100,6800
59100,7491
PP599,_
25492,7813
47350,5061
30520,2150
30520,2188
27329,8339
14001,8689
26727,8345
41153,2530
41153,2749
41153,4040
25628,7933
52648,5732
52648,5810
52648,5850
52648,5860
52648,6029
52648,6094
52648,6373
52648,8929
61304,124
61304,125
58270,6859
58270,7092
20924,8381
45320,4543
45320,4823
46258,4873
46258,4912
46258,4939
46258,4946
24341,8388
24341,8345
15220,8669
15220,8628
11043,8669
15220,8345
45005,5400
29365,9353
23420,8363
43241,4513
43241,9607
15576,8670
67010,1371
66987,1471
67010,1341
23140,7761
26600,7903
11042,8345
11042,7760
60200,631
30117,2131
08003,_
70392,_
24586,7929
11042,8314
36510,3892
66825,1699
27430,8386
11770,8621
33681,3562
19125,8521
45331,4525
29355,7935
27511,9353
29355,7815
29355,9353
NEO24,_
11043,7860
NAS52,9788
20680,8345
NAS52,_
27227,7935
50575,5749
50575,5521
52240,5620
50575,5631
52240,8773
50575,9645
52240,9649
50575,5732
50575,5831
52240,5521
50575,5620
52240,5631
50575,8773
52240,9645
50575,9649
52224,5732
52224,5733
52224,5823
52224,5831
27612,8017
27612,8047
27612,8385
43234,4685
43234,4525
46700,4979
75902,8839
75902,9820
15572,8670
54550,6200
63005,309
49255,5440
08092,_
64722,449
38520,4011
12045,8659
21215,7691
90935,4590
44140,3995
90935,4572
27881,8415
27881,8446
27881,9353
23405,8342
64718,460
64718,479
44960,5423
49000,4709
44960,5411
56720,7011
12052,1840
12052,2181
12052,2751
12052,8659
12052,881
52204,5733
43239,4542
38770,6561
38770,6869
MDP01,_
08000,_
33420,3502
27824,7906
27824,8345
52005,5732
52005,5980
52005,8773
52005,9646
52005,9649
35045,3843
35045,3952
12006,8659
24100,8012
24100,8321
32110,3349
32110,3402
32110,3409
21465,7676
67935,1060
67935,881
66987,1269
66170,1341
42400,2611
25111,8221
27619,8332
28660,7974
65260,1401
34471,3805
34471,3893
27822,7819
27822,7936
31605,3110
26034,7719
28800,8412
21040,7769
11446,8630
44130,4590
44130,4639
52500,5749
17283,8630
41822,2440
11302,8609
28400,7909
43250,4542
45384,4341
60512,695
31820,3172
31645,3323
31645,9605
61314,124
61314,125
37730,3889
NAR56,_
21406,7679
21406,8628
11043,7679
21406,8345
11624,8630
68750,983
44620,4650
35190,3953
41806,2499
11042,7935
11042,7815
42235,2769
42235,8670
11044,125
61314,7760
61314,8628
11044,124
61314,8345
52336,5522
52336,5620
52336,5631
52336,5732
52336,5980
64788,407
45339,4524
45339,4542
45339,4543
47785,5499
15756,8332
15756,8669
49080,5423
49000,5425
49080,5411
66983,1319
66983,1371
44155,4582
32020,4620
44155,4869
27170,7775
27170,7805
43259,8874
45334,4524
45334,4543
26115,8630
44188,4610
67904,833
57061,7091
52649,6029
NSD01,9971
36430,_
NSD01,9903
46045,4901
49520,5300
49520,5310
31233,2219
33860,3599
33860,3958
33860,3961
47560,5421
47560,8753
ICD,_
31540,3009
21210,7809
21030,7639
36012,3893
25515,7932
44146,4579
44146,4594
44146,4610
35761,3800
35761,3991
30465,2187
42806,2912
25545,7932
42808,2939
27329,8382
36810,3993
43269,9755
65420,1139
20220,7749
28415,8345
52330,5620
52330,5732
52330,5980
47360,3886
11044,5061
47360,7760
47360,8628
11044,3886
47360,5061
47360,8345
23065,8321
27756,7819
55041,6310
57282,7077
50320,5551
50546,5551
50546,5641
57510,6732
36556,_
44145,4579
44145,4594
11760,7760
11760,8309
11760,8345
11760,9820
11012,8689
11760,7710
11760,8302
11760,8339
11760,8628
27615,8349
49501,5300
54520,5310
49501,6310
49501,6270
54520,5300
49501,5310
54520,6310
49501,6230
79440,_
29065,7860
27652,8388
27610,8345
12042,7360
59409,8659
12042,7359
27750,7760
27750,8309
27750,8345
27750,9820
11012,7906
27750,7710
27750,8302
27750,8339
27750,8628
25023,407
16010,8314
25023,8628
44207,1739
44207,4594
32652,3339
32652,3452
67049,1380
67049,1474
12053,1840
12053,2181
12053,2751
12053,8659
12053,881
27071,7789
21480,7693
20692,7760
20692,8309
20692,8345
20692,9820
20692,7710
20692,8302
20692,8339
20692,8628
33535,3613
65875,1233
50080,5503
50080,5504
50080,5521
50080,5980
24160,8002
50785,5674
27495,7815
NEP07,_
NO3,_
49561,5351
49561,5361
69641,1860
69641,1940
69641,2049
69641,2099
34111,3803
11043,3891
34111,8345
58600,5421
49651,6639
58600,5300
06550,_
51595,4030
51595,5671
51595,5779
61680,3953
99432,9933
24515,7760
24515,8309
24515,8345
24515,9820
24515,7710
24515,8302
24515,8339
24515,8628
15120,8345
19367,8572
69644,1860
69644,1930
69644,1940
69644,2049
43267,5297
50390,5592
58120,8782
58345,6909
58120,6999
46746,4879
46746,4979
46746,5849
46746,7079
65850,1254
77750,_
12002,8628
11043,8659
31615,3321
49509,5423
49000,5300
27840,7977
90935,5810
90935,5860
90935,6094
90935,8929
52648,3995
90935,5732
90935,5850
90935,6029
90935,6373
57700,6751
15580,8660
42100,2722
52234,5732
52234,5749
52234,5831
46936,4949
26597,8670
26597,8684
57135,7033
48005,5260
58555,6829
44604,6849
58150,4675
44604,6561
23615,7931
68440,951
33249,3794
33249,54
65265,1402
23675,7971
61514,124
61514,125
25526,7819
25526,7932
25526,7939
25526,8499
27503,7905
44160,4562
44160,4579
44160,4593
27258,7985
27258,8152
25077,8349
44125,4562
44125,4563
44125,4639
58300,7759
59612,6970
16035,7760
16035,8309
16035,8345
16035,9820
11012,8609
16035,7710
16035,8302
16035,8339
16035,8628
24650,7902
32005,3492
42405,2612
26390,8171
26390,8233
48001,4319
48001,4639
48001,5103
48001,5299
33514,3614
61154,124
61154,139
65730,1164
93545,8857
03210,_
43248,4292
43248,4685
93619,3726
44602,4673
43831,4319
37205,3990
29881,8060
41100,2501
54520,5810
54520,5860
54520,6094
54520,8929
52601,6230
15100,8669
31535,3143
32141,3221
49507,3409
32141,5300
35011,3995
67880,852
46285,4911
11000,4912
46285,8628
11000,4911
46285,4912
69405,2080
67840,1371
66982,820
37184,3800
37184,3929
37184,3974
37184,8840
37184,9910
44960,4029
44960,5641
50230,4709
44960,3807
44960,5551
25150,7783
27635,7767
27340,8350
49496,5300
49496,5310
49496,6310
46730,4979
65875,1371
66987,1233
65875,1341
35226,3959
32095,3409
28086,8342
27265,7975
40808,2724
27880,7760
27880,8309
27880,9820
11012,8415
27880,7710
27880,8302
27880,8339
63012,309
63012,7769
47130,5030
XA,_
36450,5423
49080,9901
36450,5411
49000,9901
36450,5425
65175,1671
27640,7780
29425,8345
27640,8628
11044,9353
29425,7780
27640,7760
29425,8628
27640,9353
11044,7780
29425,7760
27640,8345
29425,9353
54640,6250
29065,7979
25520,9353
29065,7902
37720,3889
C19PP3,_
27134,70
NEO80,_
NO9,_
23077,8339
52318,5810
52318,5860
52318,6094
52318,8929
52601,5700
52318,5732
52318,5850
52318,6029
52318,6373
46040,4901
62141,206
44625,4562
44625,4590
44625,4650
67400,1609
67400,1623
27829,7936
27792,7859
27829,8199
27792,9359
27829,7817
27829,7859
27792,8199
27829,9359
61624,9929
49509,4594
44146,5310
49509,4579
49509,4610
44146,5300
40819,2741
69120,1839
43216,4233
11601,8630
27606,8311
46934,4949
59320,6759
61519,125
NO9,7499
59514,_
NEO24,7499
26756,7819
36145,3895
33684,3503
33684,3572
24101,8012
24101,8030
49509,4563
44120,5310
49509,4562
49509,4590
44120,5300
49080,6849
58150,5425
49080,6561
50225,5551
50225,5641
66250,1283
50040,5504
50040,5980
50080,5501
28430,7909
12031,8659
43610,4342
67220,1425
99256,8907
42330,2600
11043,8302
27603,8345
48547,4439
49650,5300
49650,5421
36832,3800
36832,3942
67917,844
61626,9929
40520,2743
40520,2759
27536,7936
11313,8609
61343,125
61343,212
61343,309
12054,1840
12054,2181
12054,2751
12054,8659
12054,881
28505,7939
27250,7975
47554,5188
24065,8321
44212,4581
44212,4620
44212,4869
28445,7939
67107,1449
67107,1452
67107,1455
XA,8628
11043,_
XA,8345
47480,5103
47480,5104
38765,4030
67005,1371
67005,1341
21244,7643
21244,7819
62142,207
61150,124
61150,139
62147,204
62147,206
55060,6120
21365,7672
21365,7859
29305,7760
29305,8309
29305,8345
29305,9820
11012,9351
29305,7710
29305,8302
29305,8339
29305,8628
27230,7905
41114,2510
41114,2559
27445,8154
55821,3998
55821,5850
55821,6030
55821,6373
55821,8929
11301,8609
41112,2510
41112,2559
69220,2041
69220,7669
66940,1474
67052,1359
66940,1370
66940,1359
32124,3339
32124,3402
69421,2009
69421,2080
27330,8016
11043,8321
27330,8345
11305,8609
19180,8544
19240,8541
19180,8543
11012,5423
49000,7710
49000,8302
49000,8339
49000,8628
51050,5719
67208,1422
21423,7674
46230,4946
OJ189,9971
90935,_
OJ189,9903
OJ189,3995
OJ189,_
26727,7760
26727,8309
26727,9820
11012,7819
26727,7710
26727,8302
26727,8339
26727,8628
28100,7769
69720,442
11012,7860
20680,7760
20680,8309
20680,9820
11012,294
11012,9788
20680,7710
20680,8302
20680,8339
20680,8628
26735,7924
11012,7934
26735,7710
26735,8302
26735,8339
26735,8628
36262,9789
47552,5112
47552,5198
75962,3950
75962,8839
54328,5845
54328,5849
54328,6442
54328,8669
65280,1159
65280,1289
75984,5512
75984,8839
33030,3731
21347,7939
53020,5810
37203,9820
45130,4869
45130,4874
27664,7760
27664,8309
27664,8345
27664,9820
11012,8364
27664,7710
27664,8302
27664,8339
27664,8628
68335,1041
27030,8015
46606,4921
46606,4923
38724,4021
38724,4040
27759,7760
27759,8309
27759,9820
11012,7936
27759,7710
27759,8302
27759,8339
27759,8628
UO72,_
66995,1266
66995,1299
67311,1511
38745,8544
19240,4023
38745,8543
26952,407
26952,8401
24140,7762
51565,5674
51565,5760
92995,66
26735,7934
50130,5511
20206,8321
47382,5024
23485,7731
23485,7801
27130,9820
11010,8151
27130,8628
27792,7710
27792,8302
27792,8339
27792,8628
11450,8630
43501,4441
43501,4449
65850,1371
66982,1254
65850,1330
41130,2520
16035,9357
16010,8609
62464,126
62464,159
62464,390
50947,5674
50947,5731
50947,5980
57210,7071
NI500,_
66987,1474
67040,1341
45303,4823
45303,9622
25260,8628
11043,8388
25260,8345
27025,8314
34201,3806
34201,3808
34201,3891
50360,5569
NES37,4461
43840,_
NES37,4442
NES37,_
27345,8339
OO34,_
50545,4030
50545,5551
50545,722
23130,8181
15757,9820
11010,8660
15757,8628
36488,125
61314,3893
36488,124
47800,5789
15931,8630
15931,8659
33641,3571
33641,3961
30310,9812
43249,4292
43249,4685
66996,1266
62100,124
28820,9357
16010,8411
28820,8628
10160,8601
50780,5674
31288,2219
31288,2252
31288,2264
MULTINODULARNODULAR,_
26568,7834
11012,7839
26568,7710
26568,8302
26568,8339
26568,8628
11012,7925
27506,7760
27506,8309
27506,8345
27506,9820
11012,7815
11012,8152
27506,7710
27506,8302
27506,8339
27506,8628
10180,8604
27590,7760
27590,8309
27590,8345
27590,9820
11012,8417
27590,7710
27590,8302
27590,8339
27590,8628
33246,3795
33246,3797
33246,54
69200,1802
75945,29
54150,6400
45305,4824
24665,7783
24665,7932
44620,5361
49560,4650
44620,5351
28120,7789
49900,5461
43271,5184
43271,5298
33750,3900
48100,5212
66930,1319
28525,7938
28525,8345
47562,5294
43264,5123
47562,5188
50620,5620
26418,8286
32035,3409
32035,7791
32602,3320
32602,3420
12014,8628
12014,8345
29435,9353
12036,8659
45395,4610
45395,4851
49060,5419
65865,1231
27650,8388
32604,3422
32604,3724
75635,8848
26474,8388
26474,7760
26474,8309
26474,8345
26474,9820
11012,8388
26474,7710
26474,8302
26474,8339
26474,8628
30320,2110
33250,3733
61107,124
44005,4563
28630,8345
90935,9901
58150,3995
90935,6849
36450,3995
90935,6561
11044,7935
27513,7760
11044,7815
27513,8345
27502,7925
44605,4610
44605,4675
24582,7911
44364,4513
44364,4514
44364,4530
35901,3862
52338,5522
52338,5631
52338,5633
52338,5732
52338,5980
59150,5421
59150,6601
27132,8153
28140,7798
61710,3953
NAP20,_
28645,8345
31800,3171
38100,4150
31515,3142
25076,8332
NI58,_
38550,4029
24076,8332
62230,242
76003,8839
VID19,_
67700,809
11044,7936
27823,7760
27823,8628
11044,7819
27823,8345
24498,7850
24498,7852
43605,4415
58943,4011
58943,5423
58943,5440
58943,6551
58943,6651
30801,2132
30801,2169
63003,309
66985,1475
67051,1372
27720,7840
37700,3889
53510,5841
61518,125
88174,8838
88174,9199
25675,7909
42425,2632
42425,407
25420,7809
61520,125
57240,7051
29345,7860
29405,7936
27792,9353
29405,7817
25263,8388
35876,3800
35876,3949
26037,7760
26037,8309
26037,8345
26037,9820
11012,8212
26037,7710
26037,8302
26037,8339
26037,8628
NAN18,_
20955,3999
27758,7807
20955,7936
27758,3999
20955,7807
44900,4720
44025,4503
25620,7925
20312,8152
27506,7932
25620,_
20312,7815
25620,8152
20312,7932
27506,_
25620,7815
20312,7925
20312,_
53850,6096
27756,7760
27756,8309
27756,8345
27756,9820
27756,7710
27756,8302
27756,8339
27756,8628
21422,7674
21422,7932
CR000,_
50980,5600
50980,5631
50980,8773
50980,9646
50980,9649
43760,9702
11000,8302
27603,8628
11000,7710
43247,9803
30110,_
35875,3800
26420,8286
26420,8381
56625,6849
58150,7150
56625,6561
56625,7150
27882,8415
32150,3409
28470,8628
11043,7907
28470,8345
27814,8199
43245,4422
33536,3614
26565,7734
26565,8345
27245,7860
27658,8364
24666,7932
24666,8444
31750,3179
C19FRP,_
76940,_
45120,4595
45120,4850
45120,4865
29435,7860
47555,5198
44950,6849
58150,4709
44950,6561
29405,7860
11040,7860
50020,5501
50020,5511
26230,7784
35226,8628
11043,3959
35226,8345
42000,2710
44141,4572
44141,4610
27409,8146
27409,7760
27409,8309
27409,8345
27409,9820
11012,8146
27409,7710
27409,8302
27409,8339
27409,8628
25145,7709
50548,5551
50548,5642
42104,2731
66997,1266
66997,1371
66987,1266
66997,1341
40650,2759
47561,5421
47561,5424
47561,8753
11043,7933
26615,8345
45170,4835
11000,6270
54520,8628
11000,6230
26765,7924
26765,7934
45315,4542
46260,4543
45315,4823
46260,4835
45315,4836
57522,6732
11000,3420
32602,8628
11000,3320
21453,7675
99460,7360
99460,7359
33213,3787
44800,4533
47630,5198
11740,8604
27848,7989
38220,9971
36430,4131
38220,9903
54160,6400
28262,8048
69642,1930
69642,2049
35840,3806
11043,7936
27826,8345
28108,7769
27780,7906
31380,3029
59121,6602
59121,7430
26756,8345
44366,4443
44366,4513
44366,4514
FP001,7360
FP001,7359
54344,5845
54344,5849
54344,8670
CR465,_
21462,7676
67923,843
22804,8129
66850,1475
66850,1474
27514,7935
31000,2220
31000,2200
28092,8339
26260,7769
28103,7769
28103,7809
52334,5732
35460,3950
49180,5424
38760,4024
29345,7935
27514,9353
29345,7815
26117,8229
44010,4501
AS821,_
36011,4590
44140,3893
36011,4572
43750,4311
31276,2219
31276,2241
31276,2242
65865,1371
66987,1231
65865,1341
43200,9357
16010,4223
43200,8628
22800,8129
28505,7760
28505,8309
28505,8345
28505,9820
11012,7939
28505,7710
28505,8302
28505,8339
28505,8628
31576,3143
67050,1341
27380,8364
44376,4514
26433,8284
28805,7760
28805,8309
28805,8345
28805,9820
11012,8332
28805,7710
28805,8302
28805,8339
28805,8628
11043,8411
52276,6529
58952,5850
52276,5440
52276,6561
58952,5732
09093,_
11011,8382
15738,8309
15738,8345
15738,9820
11011,8332
11011,8669
15738,8302
15738,8339
15738,8628
46262,4873
46262,4912
46262,4939
46262,4946
27086,9829
61750,9230
27310,8345
50630,5620
67039,1424
67039,1474
43400,4291
29882,8147
26990,8115
28119,7789
28119,7860
23700,9326
43860,4389
43860,4450
15822,870
45915,9638
45915,9805
46080,4959
58267,5950
58267,5960
58267,6859
P0000,9971
P0000,9903
61535,124
ACUTEOTITISEXTERNA,_
60260,640
15570,8670
58120,9971
36430,6909
58120,9903
42950,2940
12037,8659
24000,8012
23455,8182
27827,7710
27827,8302
27827,8339
27827,8628
15823,870
59120,5425
49000,6549
59120,5423
49080,6549
59120,5411
23030,7711
69505,2049
MCP,_
59401,7359
59401,8908
59401,9059
59401,9449
59401,9938
23630,7931
23630,7760
23630,8309
23630,8345
23630,9820
23630,7710
23630,8302
23630,8339
23630,8628
66982,1471
67010,1330
57130,7033
OZ302,_
96408,8839
75984,9925
96408,5512
49020,5419
58240,4610
58240,4850
58240,5671
58240,5760
58240,6561
58240,6849
58240,6880
93580,3552
93580,3591
66840,1330
24587,7929
28675,8185
24587,7989
28675,7929
24587,8185
28675,7989
21366,7672
21366,7809
61711,3928
64835,430
64835,8628
11043,430
64835,8345
11643,8630
47100,5012
NEO82,_
NO0,7499
59513,_
NEO82,7499
NO0,_
31500,3402
15820,870
34101,3803
24900,3805
34101,3891
24900,8407
42410,2629
65290,1570
35162,3840
35162,3995
90935,3840
35162,3952
96408,3491
32002,9925
96408,3404
27066,7769
27066,7809
11762,8669
11762,8689
69502,2041
36481,3893
66987,1459
67108,1341
12042,9357
16010,8659
12042,8628
58152,5950
58152,6561
58152,6849
52285,5732
52285,5749
52285,5791
52285,5810
52285,5839
52285,5850
52285,5860
NET78,4610
NET78,_
11310,8609
15050,8669
41116,2749
25425,7803
41828,2440
11042,4912
46275,8628
11042,4911
38230,4191
25250,8003
590/3,_
26020,8201
11011,7815
11011,8152
11011,7925
51045,5719
51045,5980
NES82,_
23930,8604
67331,1590
32601,3421
NEQ42,4590
NO2,_
28122,7788
66987,1479
67027,1341
58673,6602
58673,6639
15734,8382
44360,4513
66172,1371
66987,1264
66987,9928
66172,1341
26116,8628
11043,8222
26116,8345
59402,_
27630,8381
11981,_
62200,220
54530,5310
49521,6230
54530,5300
33200,3774
33200,3780
52325,5732
52325,5980
52325,5995
27620,8017
11000,8037
27620,8628
11000,8017
27620,8037
58300,9971
59514,6970
58300,9903
59514,9971
36430,6970
58300,7499
59514,9903
12007,8659
NO4,7499
NO4,_
55815,4030
55815,6050
26765,7710
26765,8302
26765,8339
26765,8628
NB189,_
12018,8659
51597,4610
49000,4850
51597,5771
49000,6880
51597,6890
51597,5423
49000,4610
51597,4850
49000,5771
51597,6880
49000,6890
51597,5411
42409,2621
66625,1214
27827,7760
11044,7817
27827,8345
23532,7771
23532,7981
19100,8544
19240,8511
19100,8543
29880,8060
24582,8345
33521,3929
77421,5980
52332,_
77421,5732
64830,407
64830,479
54340,5845
21235,1879
54100,6411
23031,8303
42815,2920
28306,7738
25650,7909
31201,2263
31614,3174
02340,_
51050,5810
51050,5860
51050,6094
51050,8929
52601,5719
51050,5732
51050,5850
51050,6029
51050,6373
11646,8630
36450,5810
36450,5860
36450,6094
36450,8929
52601,9901
36450,5732
36450,5850
36450,6029
36450,6373
36430,7749
20225,9903
NEO03,_
NO4,6909
58120,_
NEO03,6909
32225,3451
67222,1459
67222,9335
42410,5440
42410,6561
95600,_
42809,9813
AZ441,_
33519,3929
65275,1151
65275,9821
11450,8628
11043,8630
11450,8345
67901,831
11043,8689
14040,8345
28820,9820
11010,8411
93581,3555
43325,4285
43325,4466
57415,9817
27524,8036
43258,4542
45385,4530
60521,781
32020,782
60521,3409
32020,781
60521,782
31640,3201
69643,1860
69643,1940
69643,2049
69643,2099
51040,5717
42830,2860
69633,1930
69633,1940
27365,7769
68090,_
21550,2211
31237,8321
21550,2121
15260,8669
57100,7024
10060,8628
11043,8604
10060,8345
31577,9814
11043,8332
43832,4319
21493,7901
24500,7909
27520,7901
21493,7909
44373,4513
44373,4632
27235,7905
41500,2559
MN185,_
54692,6250
CR001,_
20251,7749
48102,5211
11044,9357
16010,7760
43621,4399
19101,8544
19101,8543
27381,8364
27381,8381
42800,2912
29876,8076
27766,7819
10080,8603
31586,3164
31586,3169
35701,3802
12042,3991
35701,8659
12042,3802
35701,3991
26706,7819
69100,1812
23550,7760
23550,8309
23550,8345
23550,9820
11012,7981
23550,7710
23550,8302
23550,8339
23550,8628
44378,4443
44378,4513
50700,5689
42426,2633
11042,4041
42426,8628
11042,2633
42426,4041
58900,6512
74742,6693
74742,8839
50800,5671
11752,8628
11043,8623
11752,8345
47120,5022
11622,8630
47600,6849
58150,5122
47600,6561
24200,9827
75978,3950
75978,8839
47010,_
29325,9351
23920,8408
27137,71
21246,7643
NEQ21,_
59514,4563
24400,7732
24400,7911
42182,2761
23330,7711
63283,340
76012,8165
76012,8839
75980,8754
75980,8839
27590,9971
36430,8417
27590,9903
33822,3885
46255,4685
45378,4946
46255,4525
46083,4949
44950,5423
44950,5411
17271,8630
25676,7989
XZ380,_
27407,8146
67975,869
48153,5136
48153,5251
48153,5270
48153,5296
22846,7859
11623,8630
29085,8192
29085,8396
20600,9353
29085,8191
29085,8394
28525,7760
28525,8339
28525,9820
28805,7938
28525,7710
28525,8309
28525,8628
11012,7938
28525,8332
28525,8302
96408,4514
45378,9925
96408,4685
43239,9925
96408,4525
24579,7760
24579,8309
24579,8345
24579,9820
24579,7710
24579,8302
24579,8339
24579,8628
58180,6561
58180,6839
46604,4921
46604,9623
29875,8076
27425,8049
59400,7359
59400,8908
59400,9059
59400,9449
59400,9938
58600,5310
59514,6639
49505,7499
59514,5310
49505,6639
58600,7499
59514,5300
26785,7984
26785,7989
44180,5451
27758,8628
27758,8345
60540,711
60540,729
60540,730
11641,8630
21026,7639
35661,3929
11042,8401
26951,8628
11042,407
29065,7932
15650,8382
15650,8674
MJ109,_
11000,7934
11000,7924
63017,309
56129,_
29065,8345
67875,889
43202,4224
49250,5430
40510,2743
40510,2759
25028,8609
93650,3734
93650,3964
26607,7913
49605,5341
36450,5349
49605,9901
36450,5341
49605,5349
27722,7807
68100,1021
33120,3733
33120,3961
27760,7909
53505,5841
29870,8026
29880,8036
29870,8060
29880,8026
29870,8036
24665,9353
29065,7783
49588,5341
49588,5349
67036,1371
67036,1341
31541,3009
31541,3143
36488,5502
90935,3893
36488,5501
50040,3893
36488,3995
31030,2239
54510,6220
11044,7933
26615,7760
11044,7923
11044,7860
92990,3596
15756,7710
15756,8302
15756,8339
15756,8628
44021,4502
44391,4522
43239,4543
44391,4514
43239,4522
44391,4543
50810,5671
69440,2023
67112,1449
NAP02,_
27509,7945
11000,9359
27509,8628
11000,7945
27509,9359
47720,5423
49000,5132
47720,5411
47720,5132
26110,8014
26110,8034
63075,309
63075,7769
63075,8051
12055,1840
12055,2181
12055,2751
12055,8659
12055,881
93514,3722
06540,_
37616,3880
42205,2450
42205,2762
24566,7852
31578,3009
31578,3142
26735,8345
11044,7934
26735,7760
11044,7924
15940,8630
15940,8659
36488,4590
26080,8014
27226,7935
28110,7789
75671,8841
27695,8364
NER57,_
27330,8321
61120,124
31500,125
61313,9604
31500,124
45108,4892
14060,8628
14060,8345
XA,9820
12013,_
11010,8659
12013,9820
11010,_
XA,8659
12013,8628
59350,6941
11044,8401
26951,7760
11044,407
26951,8345
11012,8381
26420,7710
26420,8302
26420,8339
26420,8628
11010,7939
58280,6859
58280,7040
58280,7092
23680,7931
43639,4350
43235,4429
43639,4513
43235,4350
43639,4429
30630,2188
54304,6442
24500,9359
24500,9353
69632,1930
69632,1940
50547,5551
54110,6420
28476,7818
35860,3806
66982,1474
67050,1330
27497,8314
27497,8345
25365,7733
50544,5587
66986,1370
27524,7925
37620,4029
37620,5641
50230,3870
37620,3807
37620,5551
37620,3870
19340,8553
19162,8554
19340,8543
23585,7929
23585,7939
58600,6840
59525,6639
58600,6839
29848,479
64721,8043
29848,460
57500,6829
36430,4590
44140,9903
32220,3451
26440,8211
19350,8587
56700,7031
44800,5423
49000,4533
44800,5411
44186,4639
24620,7909
11011,7936
27535,8302
27535,8339
27535,8628
36430,5423
49000,9903
65770,1173
11620,8630
58920,6522
56420,7122
26350,8628
11043,8286
26350,8345
11010,8345
35476,3950
52630,6029
51525,5719
27355,7762
33210,3770
27475,7825
25170,7763
68320,1044
68320,1049
31237,2263
31254,2121
43234,4542
47780,5499
96542,9925
38300,4000
11000,4946
46262,8628
11000,4873
11000,4939
28496,7819
28496,7760
28496,8309
28496,8345
28496,9820
28496,7710
28496,8302
28496,8339
28496,8628
55866,5421
55866,6050
54130,4024
54130,6430
36450,5502
96408,9901
50040,9925
36450,5501
96408,5502
50040,9901
36450,9925
96408,5501
61548,768
61710,125
61312,3953
61710,124
27052,8035
27052,8345
65710,1162
31500,4639
44130,9604
31500,4590
12016,8659
26236,7789
69420,2009
69420,2080
27334,8016
11000,8076
27334,8628
11000,8016
27334,8076
58700,9971
36430,6651
58700,9903
90934,_
54840,6320
54840,6340
66185,1699
26130,8073
61340,124
25920,8404
31610,3129
21485,7693
TEMPOROMANDIBULARJOINT,_
50220,5551
50220,5641
20610,8041
29826,8192
29826,8396
20610,8021
20610,8181
29826,8191
29826,8394
52300,5641
52300,5732
12004,125
61312,8659
12004,124
28124,7789
49320,5421
25337,8175
27036,8045
27036,8095
27036,8319
54125,6430
38120,4150
28636,7819
27187,8345
11011,7989
27217,8302
27217,8339
27217,8628
35556,3929
44152,4582
44152,4595
44152,4601
44152,4835
27884,8415
01590,6840
36409,_
27759,7925
24515,5423
49000,7931
24515,5411
70108,_
29825,8041
29815,8021
29825,8031
29815,8041
29825,8021
29815,8031
67227,1422
29055,9353
65101,1649
35800,3802
25110,8331
27333,8016
50600,5620
67414,1609
67414,7719
27685,8385
65260,1289
65280,1401
65260,1159
29075,8662
19240,8382
15734,8544
19240,8332
15734,8543
24515,7925
27070,7785
27070,7789
61702,3951
35381,3818
31613,3174
28406,7819
28122,8345
34421,3807
34421,3809
34421,3893
66680,1239
22851,8451
22851,8345
28072,8078
27654,8149
27654,8388
62165,299
62165,763
NET82,_
93511,3722
36450,6829
27502,7936
27535,7905
27502,7817
17912,_
67550,1669
67584,1049
67550,1663
67584,1669
67550,1049
67584,1663
11042,8544
19240,8628
11042,8543
25575,7760
25575,8309
25575,8345
25575,9820
11012,7932
25575,7710
25575,8302
25575,8339
25575,8628
01994,_
21387,7679
50715,6840
59525,5902
50715,6839
50715,5902
68760,991
54860,6340
90935,5600
54505,6212
47370,5025
40490,2723
27230,8345
25107,8019
55842,4010
55842,4029
55842,6050
57720,6761
12041,6769
57720,8659
12041,6761
57720,6769
46608,4921
46608,9805
37735,3889
37735,8344
37735,8630
37735,8669
63045,309
63045,7789
11041,8076
11041,8016
27253,7985
57320,5784
27524,8076
27334,7936
27524,8016
29345,9820
11010,9353
29345,8628
21470,7859
21365,7676
21470,7672
28108,8628
11043,7769
28108,8345
11000,8036
20822,8422
20822,7760
20822,8309
20822,8345
20822,9820
11012,8422
20822,7710
20822,8302
20822,8339
20822,8628
49000,6551
58940,5411
45378,4912
46275,4525
33863,3599
33863,3699
33863,3958
33863,3961
24495,3803
24495,8314
21041,7769
27613,8321
27510,7905
45110,4610
45110,4850
32400,3424
64831,430
64831,8345
29877,8026
29877,8086
49255,5421
49650,5440
49255,5300
46200,4939
46200,4959
27332,8016
27332,8060
50236,5551
50236,5642
25031,8303
35474,3950
31622,125
61512,3324
31622,124
25405,7809
23480,7731
23515,7851
23480,7929
43262,8753
47563,5185
43262,5123
47701,5137
36430,5132
47721,9903
48520,5296
11000,7860
62010,202
24435,7809
24435,7842
11011,4590
44625,8309
44625,8345
44625,9820
11011,4562
11011,4650
44625,8302
44625,8339
44625,8628
44640,4679
34101,3805
45378,4595
45378,4835
44152,4525
24560,7901
28415,8388
27654,7939
28415,8149
27422,8147
27422,8319
29450,7860
69150,1831
30310,2211
31237,9812
30310,2121
49085,5492
65450,1143
65270,1281
68700,973
77401,9971
77401,9903
CR308,_
42300,2700
37600,3882
90935,4443
43255,3995
90935,4233
35161,3840
35161,3952
140/3,_
50234,5551
50234,5642
55540,5390
55540,6310
23657,3228
24110,7762
24110,7745
44055,4680
66840,1474
67052,1330
66840,1370
58559,5459
52332,5600
NAN20,5631
NAN20,_
11000,4685
45378,8628
11000,4525
28292,7753
28292,7759
27550,7976
15740,7760
15740,8309
15740,8345
15740,9820
11012,8670
15740,7710
15740,8302
15740,8339
15740,8628
32500,3249
54640,5310
49505,6250
54640,5300
45333,4524
45333,4542
45333,4543
PZ380,_
27030,8345
43235,4543
45382,4513
43235,4523
NER56,_
11042,7934
11042,7924
C19IP3,9971
C19IP3,9903
MC901,_
92980,3780
33200,3606
92980,3774
27305,8314
14350,7756
11000,8699
14350,8628
11000,7756
14350,8699
AS913,_
09910,_
26350,7760
26350,8309
26350,9820
11012,8286
26350,7710
26350,8302
26350,8339
27216,7909
27217,7979
27216,7939
32320,3451
32320,3459
46715,4979
99460,4999
46715,_
99460,4979
46715,4999
12034,8628
12034,8345
48100,5423
49000,5212
48100,5411
32402,3424
55812,4011
55812,4029
55812,6050
22325,7929
22325,7989
64832,430
58552,6563
58552,6871
28820,8345
90093,_
27496,8314
27496,8628
11043,8314
27496,8345
CR022,_
58560,6822
46288,4973
46288,8672
30800,_
MCP01,6970
58300,_
30800,6970
53400,5849
27745,7819
40831,2752
65930,1291
03390,_
62908,7499
21237,_
44372,4513
44372,9608
28820,8309
11011,8411
28820,8302
28820,8339
49321,5424
33924,3799
35450,3950
34001,3802
34001,3805
34001,3891
67902,832
30130,2161
30130,2169
65870,1232
JI189,_
23331,8001
28615,7989
12001,7760
12001,8309
12001,9820
11012,8659
12001,7710
12001,8302
12001,8339
12001,8628
40810,2749
27065,7765
27065,7769
27065,7805
27065,7809
27040,8321
67922,841
61591,2049
61591,299
26608,7760
26608,8309
26608,8345
26608,9820
11012,7814
26608,7710
26608,8302
26608,8339
26608,8628
27138,72
HDN18,_
67332,1590
66225,1285
32484,3239
21245,7643
46600,4921
38555,3991
38555,4029
19364,8570
25248,7702
25248,8302
75685,8841
43121,4241
43121,4252
43121,4350
43121,4429
44312,4641
19100,8753
47605,8511
19100,5122
50391,9929
32651,3252
32020,3421
32651,3409
32020,3252
32651,3421
50945,5620
45805,4610
45805,5783
C19IP1,9971
C19IP1,9903
43235,4610
44143,4513
43235,4575
36430,7360
59409,9903
62192,371
69000,1809
21141,7646
44180,5423
49000,5451
44180,5411
12345,_
49566,5351
49566,5361
26432,7859
26432,8284
43842,4468
53600,5860
29065,8444
24666,9353
36430,4579
44160,9971
36430,4562
36430,4593
44160,9903
34203,3808
C19IP3,3891
34203,_
C19IP3,3808
34203,3891
29887,7719
29887,8345
25560,8628
11043,7902
25560,8345
11300,8609
61605,160
69670,1919
11043,7906
36430,6849
58150,9903
66991,1266
43205,4233
25120,7763
29883,8147
44005,4639
44130,5459
44005,4590
24900,7760
24900,8309
24900,8345
24900,9820
11012,8407
24900,7710
24900,8302
24900,8339
24900,8628
45308,4542
46255,4543
45308,4823
46255,4835
45308,4836
32486,3210
32486,3249
32486,3348
31367,3029
25560,7760
25560,8309
25560,9820
11012,7902
25560,7710
25560,8302
25560,8339
67048,1474
67048,1490
25105,8013
25105,8073
61682,3953
NAR73,_
26410,9820
11010,8286
26410,8628
28540,7979
27602,8314
48140,4150
48140,5253
82934,_
21461,7676
28200,8388
11043,2181
12052,8628
11043,1840
11043,2751
11043,881
12052,8345
27215,7939
60522,781
60522,782
15933,7789
15933,8630
15933,8659
28050,8018
28415,7760
28415,8309
28415,9820
28415,7710
28415,8302
28415,8339
28415,8628
51820,5674
51820,5785
41108,2724
22847,7859
11000,8309
11000,9820
63001,309
43227,4233
CRO38,_
63081,309
63081,8099
44005,5423
49000,5459
44005,5411
49525,6230
30580,2239
30580,2271
51500,5349
51500,5751
11042,7860
41120,2520
30460,2186
49425,5494
44380,4514
04290,_
27535,7710
43239,9804
45379,4514
43239,4523
27315,407
27745,8628
11043,7819
27745,8345
29885,7719
29885,8026
29885,8086
29885,8147
59812,7360
59409,6902
59812,7359
45321,4800
45321,4823
31601,3121
11603,8630
61130,124
69310,1860
56640,4030
56640,7150
11000,7791
19260,8628
11000,3440
NSD01,8908
NSD01,9449
19357,8570
19357,8595
UO71,_
23902,_
49580,5341
49580,5349
14061,8689
65750,1164
21432,7949
69636,1860
69636,1930
69636,1940
69636,2021
69636,2023
69636,2099
67039,1341
28570,7979
23470,8183
31635,3323
31500,9815
31635,9604
31500,3323
31635,9815
C19HI,_
27479,7825
26665,7814
26665,7939
34151,3806
34151,3891
27393,8385
27187,7860
49082,_
NER18,_
28001,9357
16010,8303
28001,8628
19361,8554
19361,8571
20956,3999
29065,7809
20956,9353
29065,3999
20956,7809
54322,5845
54322,6400
54322,6442
29358,9353
92975,3604
92975,8857
43280,4467
65730,1289
65285,1164
65730,1159
58662,6639
12035,8659
51900,5784
C191P1,_
24301,8375
11043,8377
24301,8345
55550,5421
55550,6310
C19IP2,8628
C19IP2,8345
21501,8628
21501,8345
43810,4439
29065,7760
29065,8309
29065,9820
11012,9353
29065,7710
29065,8302
29065,8339
29065,8628
38770,6849
58150,4030
57200,7071
19340,8554
47553,5112
47553,5198
NEQ61,_
61312,3995
90935,125
61312,3893
90935,124
44153,4582
32020,4595
44153,4601
32020,4835
44153,3409
32020,4582
44153,4595
32020,4601
44153,4835
11043,479
64721,8345
15100,8628
15100,8345
62180,220
24925,8407
24925,8430
63020,309
63020,7789
63020,8051
49080,4685
45378,5425
49080,4525
27625,8017
11000,8077
27625,8628
27625,8077
P0000,7491
59100,_
P0000,6800
27236,9357
16010,7935
27236,8628
27428,8146
27428,7760
27428,8309
27428,8345
27428,9820
27428,7710
27428,8302
27428,8339
27428,8628
25900,9357
16010,8405
25900,8628
25440,7844
66852,1342
66852,1474
23044,8011
23044,8628
11043,8011
23044,8345
21433,7950
47600,5423
49000,5122
47600,5411
28060,8344
16010,8309
16010,8345
16010,9820
11012,9357
16010,7710
16010,8302
16010,8339
24305,8385
33767,3921
21230,7809
59514,6551
58940,7499
59514,6539
21029,7639
27536,7760
27536,8309
27536,8345
27536,9820
27536,7710
27536,8302
27536,8339
27536,8628
16010,125
61313,8628
61450,125
19140,8542
59411,7360
59409,7252
59411,7359
31628,3327
33210,125
61510,3770
33210,124
28308,7738
AS052,_
65093,881
AS052,1631
67935,_
65093,1060
AS052,881
67935,1631
65093,_
AS052,1060
11042,8382
67038,1474
54700,6100
54700,6200
54700,6392
36260,8606
45380,9971
36430,4525
45380,9903
26587,7739
44345,4643
31603,650
60271,3110
31603,639
27427,8146
26035,8209
59513,6849
58150,7499
59513,6561
54312,5849
11044,479
64718,7760
64718,8628
11044,460
64718,8345
NAS92,_
33403,3511
33403,3961
27602,7926
26720,7904
25020,8314
25020,9357
25020,8628
21198,7664
44604,8628
11043,4675
44604,8345
27303,8345
26600,7760
26600,8309
26600,8345
26600,9820
11012,7903
26600,7710
26600,8302
26600,8339
26600,8628
44005,5641
50220,5459
44005,5551
67036,1475
67025,1474
67036,1471
27187,9357
16010,7855
27187,8628
36450,125
61312,9901
36450,124
26650,7814
54560,5411
54560,6200
32151,3310
32151,3409
11043,9357
25101,8013
25620,8033
25101,9820
37617,3880
29405,8345
27238,7939
23515,7905
27238,7929
25023,8314
26170,8233
93531,3723
23700,8041
27310,7925
68340,1050
15750,8670
26700,7974
62005,202
27033,8015
07090,7759
59612,_
07090,7360
07090,_
28208,7760
28208,8309
28208,9820
28208,7710
28208,8302
28208,8339
50760,5675
55810,6050
36430,6813
58100,9903
NER09,_
62360,390
46945,4945
11000,8401
11000,407
50543,5540
37606,3882
27870,8111
65286,1159
65286,1289
26951,8309
26951,9820
11012,407
52332,6849
58150,5732
28104,7769
11011,4610
44144,8309
44144,8345
44144,9820
11011,4579
11011,4613
44144,8302
44144,8339
44144,8628
63015,8099
11602,8630
61590,124
61590,2630
61590,299
61590,442
61590,7699
22630,8129
29305,8152
27258,9351
29305,7985
22851,9357
16010,8451
22851,8628
26670,7974
58600,7491
59100,6639
58600,6800
66840,1459
67108,1330
66840,1449
11041,4563
63706,352
11012,3991
35761,7710
35761,8302
35761,8339
35761,8628
36488,4572
55859,5732
55859,6099
43260,5136
33201,3774
33201,3780
20816,8422
46716,4979
46716,4999
34270,_
15100,7760
15100,8339
15100,9820
20692,8669
15100,7710
15100,8309
15100,7810
15100,8302
27566,7796
27566,7929
24575,7931
44500,9608
69801,2079
69801,3997
41251,2551
33820,3885
LO24,8628
LO24,8345
LO24,_
55150,6130
44620,4590
44620,4562
25900,8430
24925,8405
25900,8407
28485,7760
28485,8309
28485,8345
28485,9820
11012,7937
28485,7710
28485,8302
28485,8339
28485,8628
11012,8036
27331,7760
27331,8309
27331,8345
27331,9820
11012,8016
11012,9829
27331,7710
27331,8302
27331,8339
27331,8628
46740,4899
46740,4979
22610,8129
24000,8345
24800,8124
27752,7760
27752,8309
27752,8345
27752,9820
27752,7710
27752,8302
27752,8339
27752,8628
77421,3893
36488,_
77401,3893
76936,_
16010,7860
20680,9357
16010,294
16010,9788
23105,8011
23105,8071
25574,7760
25574,8309
25574,8345
25574,9820
25574,7710
25574,8302
25574,8339
25574,8628
12031,2181
12031,1840
12031,2751
12031,881
68400,900
11043,9353
57460,6712
57454,6739
44206,1735
44206,4610
OI119,_
49507,5810
49507,5860
49507,6094
49507,8929
40525,2743
40525,2759
50541,5534
56620,7161
61321,124
61321,125
26715,7922
26715,7989
23480,7851
28111,7751
57260,7092
58270,7051
11000,8382
27600,8314
21196,7643
15738,7859
21196,8332
21196,8669
15738,7643
21196,7859
21196,8382
66996,1371
66996,1341
50340,5551
51570,5779
27502,8628
11043,7905
27502,8345
11043,294
11043,9788
68815,944
58560,6829
27307,8312
47760,5499
69645,1860
69645,1940
69645,2042
69645,2099
19112,8599
36640,3891
25620,7989
27217,7932
25620,7939
27535,7760
27535,8345
57265,7051
57265,7052
57265,7092
NAT82,_
33694,3581
10140,8345
27501,7905
39501,3991
35761,3482
39501,3800
37760,3880
37760,8669
49611,5349
90935,5423
49000,3995
90935,5411
58700,5419
58700,5425
24102,8012
24102,8072
15200,7760
15200,8309
15200,8345
15200,9820
15200,7710
15200,8302
15200,8339
54650,6250
49000,6849
58150,5411
67420,1601
67420,1692
54670,6261
11043,8417
27580,8122
43117,4241
32020,4252
43117,4350
32020,4429
43117,3409
32020,4241
43117,4252
32020,4350
43117,4429
49560,6529
58952,5361
49560,5440
49560,6561
58952,5351
44150,4582
36488,4595
44150,4620
49590,5359
55831,3998
55831,5850
55831,6040
55831,6373
55831,8929
27745,7760
27745,8309
27745,9820
27745,7710
27745,8302
27745,8339
32659,3712
51860,6840
59525,5781
51860,6839
NAS61,_
67040,1330
66840,1424
21502,7781
21502,8604
DAS89,_
SP831,_
61345,124
11010,7936
67930,881
AV892,_
45315,4543
45315,4835
11043,8212
44650,4674
45397,4595
45397,4639
45397,4842
45397,4851
36815,3993
43235,5151
43235,8754
47620,4513
43235,5122
43235,5183
25545,9820
11010,7932
25545,8628
27758,7760
27758,8309
27758,9820
27758,7710
27758,8302
27758,8339
90935,5310
49505,3995
90935,5300
42892,2999
67318,1590
21025,7631
43264,8753
47563,5188
42160,2731
ZZ380,_
29405,8047
26045,8212
63282,340
50280,5539
27786,7760
27786,8309
27786,8345
27786,9820
27786,7710
27786,8302
27786,8339
27786,8628
28476,7760
28476,8309
28476,8345
28476,9820
11012,7818
28476,7710
28476,8302
28476,8339
28476,8628
64713,479
36488,4685
45378,3893
36488,4525
57210,6849
58150,7071
57210,6561
27626,8017
27626,8077
27626,8342
30905,2102
30905,2103
49080,4610
44143,5425
49080,4575
35236,3956
35236,8628
11043,3956
35236,8345
77421,5419
49420,_
77418,5419
06810,_
41006,2700
44120,4594
44145,4562
44145,4590
44120,4579
44145,4563
30020,2110
21206,7665
44005,5310
49507,5459
44005,5300
27193,7909
27193,7949
27193,7975
58150,7360
59409,6561
62000,202
29075,7949
22558,8051
22558,8129
46250,4912
46270,4946
46250,4911
63251,340
27659,8364
27659,8381
26720,8345
11043,8609
46200,4946
46257,4959
62161,127
62161,159
62161,299
14060,9357
31531,3142
31531,9814
58563,6829
28600,7979
49562,5351
49562,5361
27418,7847
38570,5424
25270,8345
NEO32,_
27385,8365
26034,8628
11043,7719
26034,8345
61735,9230
59514,6849
59514,6561
21825,7929
21825,7939
61571,125
54690,6230
26210,7769
55840,6050
30802,2132
30802,2169
00960,7360
00960,7359
00960,_
27244,7760
27244,8309
27244,8345
27244,9820
27244,7710
27244,8302
27244,8339
27244,8628
47490,5101
23515,7710
23515,8302
23515,8339
23515,8628
RHD11,_
RF,_
RFRHD11,_
57279,_
59513,6639
49000,7499
59513,5423
59513,5411
75901,8839
75901,9820
11044,8364
28270,7760
11044,8048
28270,8345
30915,2104
66985,1490
67041,1372
75726,8840
11050,8630
45317,4543
45317,4823
11600,8630
47700,5012
47700,5149
47700,8753
33516,3614
11042,8036
27591,8417
25620,7760
25620,8309
25620,8345
25620,9820
25620,7710
25620,8302
25620,8339
25620,8628
58140,6849
58150,6829
58140,6561
21240,7650
36488,4610
44141,3893
31294,2219
31294,442
08090,_
33208,3606
92980,3772
99466,_
59870,9971
59870,9903
11470,5310
49520,8630
11470,5300
59135,6849
59135,7430
49080,3491
32002,5425
49080,3404
92992,3541
OO820,_
60505,3410
60505,689
68362,1153
66850,1253
65820,1341
66850,1252
23670,7931
58770,6602
XA,7925
49582,5341
49582,5349
11901,_
33020,3712
11041,8309
11041,8345
31600,125
61510,3121
31600,124
63042,309
63042,7789
63042,8051
49080,4461
43840,5425
49080,4442
33660,3510
33660,3573
SDFSDFASD,_
44110,4500
44110,4533
49000,6561
58200,5423
49000,4011
58200,5411
11044,8302
27603,7760
11044,7710
61530,124
61530,125
32480,3249
62272,331
43235,9971
36430,4513
43235,9903
35761,6849
58150,3800
26105,8014
11042,8034
26105,8628
11042,8014
26105,8034
43235,4563
50553,5521
50553,5980
50553,8773
50553,9645
50553,9649
29897,8087
27888,407
27888,8414
41252,2551
41252,2752
66992,1240
66992,1266
42953,2959
53010,4685
45378,5800
53010,4525
53010,5800
27594,8417
11012,8382
15738,7760
15738,7710
57500,6813
58100,6712
57500,6711
59403,_
31230,1651
31230,2220
44005,5421
49650,5459
27156,7735
27156,7739
27156,7985
47562,5349
49585,5123
47562,5341
27638,7767
27638,7807
28122,7860
26030,8203
92370,_
62361,390
67882,852
67882,899
23150,7762
23150,9359
29058,7762
23150,9353
38571,4029
38571,5421
42665,2699
33518,3929
11043,8544
19240,8345
42120,2732
21800,7909
29365,9357
16010,9353
29365,8628
11000,7931
24546,8628
11000,7842
60270,639
60270,650
44960,5349
49585,4709
44960,5341
20200,8321
58925,5423
49000,6529
58925,5411
24600,7939
23515,7972
24600,7929
21337,2171
26776,7819
75736,8849
26418,7760
26418,8309
26418,8345
26418,9820
26418,7710
26418,8302
26418,8339
26418,8628
28820,7760
28820,7710
29365,7935
29365,7815
PO34,_
39540,5380
33517,3929
21346,7939
99460,5423
99460,5411
32036,3409
59514,6840
59525,7499
59514,6839
25405,8345
16010,7851
23480,8628
C191P2,_
23466,8196
44602,9607
43241,4673
44602,4513
65781,1689
54640,6270
54520,6250
54640,6230
45303,5310
49507,4823
47600,9357
16010,5122
47600,8628
26591,8289
26591,7760
26591,8309
26591,8345
26591,9820
11012,8289
26591,7710
26591,8302
26591,8339
26591,8628
60199,_
15758,8382
27681,8391
35141,3995
90935,3848
40652,2759
54324,5845
54324,5849
27248,7925
27248,7935
21338,7929
69930,2049
69930,2096
11043,8036
11043,9829
27228,7935
93544,8842
43638,4350
43638,4400
34270,7360
34270,7359
52005,5631
52335,8773
52335,9649
52005,5522
52335,9646
11044,7925
27535,8152
27506,7817
27535,7815
11044,8152
27506,7936
27535,7925
67912,889
45378,4543
45308,4685
45378,4542
45308,4543
45378,4823
45308,4835
45378,4836
45308,4525
36660,3891
27816,7909
21343,7929
63056,309
19100,6813
58100,8511
19100,6711
32020,5504
32020,5980
50081,3409
32020,5503
32020,5521
11750,8628
11750,8345
27246,7905
35551,3925
34401,4029
34401,5641
50230,3893
34401,3807
34401,5551
34401,3893
27640,7860
15736,7760
15736,8309
15736,8345
15736,9820
15736,7710
15736,8302
15736,8339
15736,8628
01961,_
36488,8628
11043,3893
36488,8345
32100,3328
32100,3402
43239,9971
36430,4514
43239,9903
38115,4143
38115,4195
ZE392,_
15944,8630
15944,8628
15944,8345
67415,1622
25491,7813
67903,833
75940,3870
75940,8839
27590,8152
11044,8417
27590,7925
27506,8417
27590,7815
45905,9623
11012,8401
26952,7710
26952,8302
26952,8339
26952,8628
67121,1474
67040,1460
67121,1424
52275,5732
52275,5850
P0001,3491
32002,_
P0001,3404
25415,7843
46255,9622
45303,4946
46255,4823
27704,8199
69676,2091
42140,2772
55845,4030
55845,6050
11043,7935
66850,1343
58555,6639
58661,6812
58555,6561
NAP36,_
28106,7769
11000,7809
28106,8628
11000,7769
28106,7809
21347,7859
21365,7939
21347,7672
27062,8350
27502,8036
26011,7719
71090,3780
71090,8839
24500,8345
OZ370,_
50953,5631
50953,5980
50953,8773
50953,9646
50953,9649
52500,4685
45378,5749
52500,4525
61500,125
61500,160
92987,3596
29879,8026
29879,8147
25077,7760
25077,8309
25077,8345
25077,9820
11012,8349
25077,7710
25077,8302
25077,8339
25077,8628
33233,3786
12004,8628
12004,8345
57268,7092
44155,4620
22848,7859
22848,8628
11043,7859
22848,8345
15936,7760
15936,8309
15936,8345
15936,9820
11012,8630
15936,7710
15936,8302
15936,8339
15936,8628
77418,9971
77418,9903
11040,7925
76986,_
57000,7014
11052,8630
50912,_
32662,3430
21355,7671
42860,2840
ZZ302,_
38747,4030
27814,8345
77776,_
77789,_
25040,8019
29405,8628
26200,7764
35207,3959
61607,160
28344,7849
28485,8036
69620,1940
44950,8753
47605,4709
44950,5122
28470,7933
26615,7907
28470,7923
61606,160
61606,212
29405,8037
27620,9353
29405,8017
11604,8630
49505,5349
49585,5300
42600,2642
27792,7760
27792,8345
46924,4939
43219,4281
27331,7935
27511,8016
27511,9829
27331,7815
27511,8036
51590,5671
51590,5779
39502,4400
39502,4429
39502,4469
39502,5372
25272,8388
24586,9357
16010,7929
24586,8628
44150,4595
43520,4330
47562,5361
49560,5123
47562,5351
NEO60,_
NO1,_
43633,4370
27385,8314
24495,8365
27385,3803
26750,7904
11010,8417
26951,7925
27506,8401
26951,7815
26951,8152
27506,407
11040,125
61312,8628
11040,124
04210,_
62268,331
46320,4946
36430,5136
36430,5270
48150,9971
36430,4370
36430,5251
36430,5296
48150,9903
27510,8192
27510,8396
20610,7905
27510,8191
27510,8394
80099,_
42225,2762
54120,6430
57250,7360
59409,7052
44364,4542
45385,4514
41105,2501
69550,1829
60212,620
16010,8753
47610,8628
27054,8075
25500,8321
27330,7902
25500,8016
48000,5299
AO99,_
55120,9824
63271,340
10140,5310
49507,8604
10140,5300
59140,7430
43250,4685
43250,4525
63047,309
63047,7789
27596,8417
28820,5310
49507,8411
28820,5300
67974,869
11044,8286
26356,7760
26356,8628
11044,8251
26356,8345
67040,1372
66985,1424
23170,7701
27450,7735
27450,7855
26442,8211
26442,8391
65426,1292
65815,1132
65426,1291
93528,3700
93528,3723
26060,8211
63011,309
43865,4389
43865,4400
43865,4450
XAW19,_
64719,460
64719,479
11010,8036
11010,8016
11010,9829
47134,5022
47134,8671
22612,8129
36488,4850
36488,6880
28230,8313
59151,5423
49000,6563
59151,5411
52290,5610
52290,5732
EII9,_
27358,7762
27358,7855
58660,6639
58661,5421
58660,6561
58660,5421
29000,9353
31395,2940
31395,3040
52010,5732
52010,8799
52010,9649
37615,3880
63172,309
47712,5169
36488,5179
47712,3893
36488,5169
47712,5179
35475,3950
43846,4439
43846,4495
90935,9357
16010,3995
90935,8628
C19PP4,_
02490,7360
02490,7359
02490,_
31630,3323
31630,3391
61618,212
28022,8018
11044,8309
28022,7760
28022,8628
11044,8018
28022,8309
28022,8345
15350,8628
15350,8345
19180,8345
61563,160
07117,_
61154,125
61510,139
61458,125
60650,5421
60650,711
60650,729
60650,730
XA971,_
46260,9971
36430,4946
46260,9903
52317,5810
52317,5860
52317,6094
52317,8929
52317,5732
52317,5850
52317,6029
52317,6373
91037,8939
63709,309
63709,359
28202,8381
31235,2219
08093,_
76086,8735
26770,8345
56440,9971
36430,7123
56440,9903
24160,8345
20930,7809
20520,8345
28112,7789
C19IP2,9971
C19IP2,9903
11100,5423
49000,8611
11100,5411
58262,6561
58262,6859
23615,7911
24400,7931
23615,7732
26410,8345
NN185,_
11000,7360
58600,8628
11000,7359
59409,8628
11000,6639
90935,4610
44141,3995
36010,3893
42106,2731
42106,2769
42106,2773
42106,2779
77421,9604
31500,_
77401,9604
21356,7672
54111,6420
54111,6449
24130,7783
11012,7859
21365,7710
21365,8302
21365,8339
21365,8628
27425,8147
29879,8049
27425,8026
AS170,_
35695,3959
25545,7760
25545,8309
25545,8345
25545,7710
25545,8302
25545,8339
28345,7849
28345,8669
27420,8147
16040,8630
16040,9357
56637,4030
56637,7150
44393,4522
44393,4543
67027,1490
67041,1472
50405,5502
50405,5512
50405,5570
50405,5587
50405,5620
50405,5689
67316,1530
29345,8309
29345,8345
11011,9353
29345,8302
29345,8339
28420,7809
28420,7939
41110,2510
49200,4685
45378,5440
49200,4525
29325,7809
27066,9351
29325,7769
27086,8628
27086,8345
69105,1812
14749,_
24341,8628
44960,9357
16010,4709
44960,8628
35206,8345
46260,4685
46260,4525
17250,8630
25515,8345
24615,7760
24615,8309
24615,8345
24615,9820
11012,7982
24615,7710
24615,8302
24615,8339
24615,8628
OTOMYCOSIS,_
28118,7789
31560,3029
11044,7745
20245,8345
43259,8753
47610,8874
43259,5122
25116,8175
25116,8342
CA189,4685
45378,_
CA189,4525
CA189,_
12031,8628
12031,8345
36450,6529
15935,7789
15935,8630
12017,8659
75958,3891
75958,8839
NSD10,_
27498,8314
69440,1940
69440,2099
69645,2023
69440,1860
69440,2042
NI88,_
35188,3953
33217,3776
21344,7929
35321,3813
27598,8416
43122,4241
43122,4252
43122,4350
43122,4429
47525,9705
27538,7009
59513,6970
44020,4502
36430,4461
43840,9903
33519,8628
11043,3929
33519,8345
27814,8628
29075,7760
29075,8309
29075,8345
29075,9820
29075,7710
29075,8302
29075,8339
29075,8628
68371,1044
28645,7760
28645,8309
28645,9820
11012,7989
28645,7710
28645,8302
28645,8339
28645,8628
42870,2850
58120,6849
58150,6909
58120,6561
15937,7789
15937,8382
15937,8630
50395,5749
41018,2700
25630,7903
NAS62,_
42260,2182
52332,8773
52332,9649
52332,9646
49255,5310
49507,5440
25449,8197
27641,7780
49255,5349
49587,5440
49255,5341
65205,9821
36430,4610
44143,9903
66991,4252
66991,4429
43121,1266
66991,4241
66991,4350
38240,4100
50605,5980
33971,3958
33971,3959
33971,9744
29888,8086
29877,8145
29888,8026
63040,309
63040,7789
63040,8051
43340,4254
61526,124
61526,125
25390,7823
31000,2219
31238,2200
31000,2100
67950,859
27006,8313
65775,1179
65775,9971
36430,1179
65775,9903
16010,3991
32606,3422
32606,3425
43235,5810
43235,5860
43235,6094
43235,8929
52601,4513
43235,5732
43235,5850
43235,6029
43235,6373
53410,5979
27405,8146
54316,5849
54316,6449
75952,3971
35226,8839
75952,3959
35226,3971
75952,8839
30600,2182
42210,2450
42210,2762
31575,639
27290,8519
26862,8128
26862,7760
26862,8309
26862,8345
26862,9820
11012,8128
26862,7710
26862,8302
26862,8339
26862,8628
36488,5423
49000,3893
36488,5411
69310,1940
69310,2023
69310,2021
69310,2099
45160,4835
25680,7909
65114,1659
24920,8407
24920,8628
11043,8407
24920,8345
96408,9357
16010,9925
96408,8628
27705,7737
69511,2042
28130,7798
96408,5980
52332,9925
96408,5732
36568,5440
36568,6561
15934,8630
67218,1427
61312,7760
61312,8345
54550,5310
49505,6200
54550,5300
33615,3571
33615,3594
BS923,7760
BS923,8339
BS923,9820
28485,_
BS923,7710
BS923,8309
BS923,8628
BS923,7937
BS923,8302
BS923,8345
BS923,_
51530,5719
60545,5440
60545,711
60545,729
60545,730
50951,5631
50951,8773
50951,9646
50951,9649
11044,8036
26115,7760
26115,8309
26115,8345
26115,9820
26115,7710
26115,8302
26115,8339
26115,8628
75650,8841
44188,8345
62350,390
29075,7933
26615,9353
29075,7923
44211,4581
44211,4595
44211,4601
44211,4835
44211,4869
49522,5423
22852,7869
43260,5151
47420,5110
43260,5104
36450,8839
75980,9901
36450,8754
56695,_
AT432,_
28088,8342
27724,7807
27724,7840
67911,838
23490,7939
23490,7929
21385,7679
90935,5995
51065,3995
90935,5719
56441,7101
21386,7679
46610,4921
46610,4931
92973,66
52647,5732
52647,5810
52647,5850
52647,5860
52647,6021
52647,6094
52647,6373
52647,8929
39010,3410
52265,5732
52265,9625
61570,125
61570,139
27230,8628
58740,6529
49905,5474
31526,3142
58720,5423
58720,5411
BS824,_
29075,7860
59130,7430
43204,4233
21245,7760
21245,8309
21245,8345
21245,9820
21245,7710
21245,8302
21245,8339
21245,8628
61860,293
25515,7760
25515,8309
25515,9820
25515,7710
25515,8302
25515,8339
25515,8628
28490,7760
28490,8309
28490,8345
28490,9820
11012,7908
28490,7710
28490,8302
28490,8339
28490,8628
34111,3891
19160,9357
16010,8523
19160,8628
11044,7929
27766,7760
27766,8628
27766,8345
36450,5298
43271,9901
36450,5184
58275,6859
58275,7040
47740,5132
31360,3030
54135,4030
54135,6430
63278,340
44180,6639
58661,5451
44180,6561
69436,2001
11044,7939
23515,7760
23515,8345
11011,8199
27829,8309
27829,8345
27829,9820
11011,7859
11011,9359
27829,8302
27829,8339
27829,8628
28220,8391
29065,7925
11051,8630
45113,4595
45113,4601
45113,4835
45113,4869
31629,3327
28802,8332
25927,8403
69637,1860
69637,1930
69637,1940
69637,2021
69637,2023
69637,2099
20900,7936
29365,7800
27827,9353
20900,7817
29365,7936
27827,7800
20900,9353
29365,7817
20900,7800
29871,8026
36450,4850
45110,9901
49201,5423
49000,5440
49201,5411
46045,4912
46275,4901
46045,4911
27759,8444
23616,7936
27759,7931
11012,479
64830,7710
64830,8302
64830,8339
64830,8628
61313,3121
12042,8345
23515,7925
27506,7939
23515,7815
23515,8152
27506,7929
27443,8076
27443,8086
27443,8147
44820,5440
24635,8345
11765,8345
31500,5498
90945,9604
31500,3995
29035,9353
36488,4029
36488,5641
36488,3807
36488,5551
35506,3922
25400,8345
27236,7925
49010,4709
41008,2700
43101,4239
44316,4622
RHD12,_
RFRHD12,_
25035,7719
31535,2080
69421,3143
31535,2009
21150,7646
27594,8345
44602,8628
27594,4673
44602,7760
27594,8628
44602,8417
11044,4673
27594,7760
44602,8345
65730,1371
66984,1164
65730,1330
63286,340
32656,3459
12014,8199
90935,4685
45378,3995
90935,4525
NEU01,_
22612,7789
25620,7931
24546,7932
25620,7842
26548,8172
JK566,4590
44140,_
JK566,4572
JK566,_
11303,8628
11303,8345
65110,1651
23107,8011
CR011,_
36011,5423
36011,5411
49507,6230
28510,7760
28510,8309
28510,8345
28510,9820
28510,7710
28510,8302
28510,8339
28510,8628
58540,6949
26910,7760
26910,8309
26910,8345
26910,9820
10120,8628
11043,8605
10120,8345
27758,7935
27513,7936
27758,7815
25272,8345
15100,8382
15100,8332
27301,8345
25575,7939
65130,1661
52000,5440
52000,6561
90935,5980
52332,3995
12032,7760
12032,8309
12032,8345
12032,9820
12032,7710
12032,8302
12032,8339
12032,8628
58805,6591
11043,7925
11043,7815
11043,8152
29405,8077
27625,9353
23220,7762
27236,8095
NAP01,_
29345,7925
39000,3410
25820,8126
45300,4912
46275,4824
45300,4911
51596,5671
51596,5779
30000,2110
49201,5361
49201,5351
11043,5423
49000,8345
58100,6829
58558,6813
58100,6816
58558,6711
36488,4579
31239,2219
31239,981
26185,7799
43235,5423
49000,4513
43235,5411
NAS62,7933
29075,_
NAS62,7923
26615,_
NAS62,9353
33692,3581
29874,8026
67015,1472
50782,5674
43239,6849
58150,4514
43239,6561
49520,6230
31571,3100
16010,7925
27506,9357
16010,7815
16010,8152
41000,2700
66761,1371
66987,1212
66761,1341
61312,9604
VIP00,_
LIVEFULLTERMBABYBOYDEL8,_
25490,8345
34510,3999
41145,2530
31600,3110
41145,4041
36217,3891
56805,6840
68288,_
49600,5349
49600,9971
36430,5349
49600,9903
23540,7939
23515,7971
23540,7929
01111,_
26508,8219
45378,6529
58950,4685
45378,6561
58950,4525
33513,3614
26776,7760
26776,8309
26776,8345
26776,9820
26776,7710
26776,8302
26776,8339
26776,8628
NER59,_
66625,1371
66987,1214
66625,1341
47361,5000
10140,5029
47361,5061
10140,5099
47361,8604
10140,5000
47361,5029
10140,5061
47361,5099
23076,8309
23076,8345
23076,9820
23076,8302
23076,8339
23076,8628
29405,7760
29405,8309
29405,9820
29405,7710
29405,8302
29405,8339
11040,8662
28450,7909
24935,9999
26750,8345
67906,832
67906,8399
24600,3991
35761,7972
24600,3800
27495,7925
27495,8152
42906,7499
21082,_
46614,4921
46614,4929
10001,_
FX599,_
11044,4594
44146,8345
27335,8016
27335,8076
11012,9359
27509,7710
27509,8302
27509,8339
52000,5810
52000,5860
52000,6094
52000,8929
27709,7737
57550,6740
06490,6849
58150,_
06490,6561
06490,_
49220,5419
53000,5800
DS824,_
11011,2181
11011,8659
12052,8309
12052,9820
11011,1840
11011,2751
11011,881
12052,8302
12052,8339
44602,6849
58150,4673
44602,6561
44143,3995
90935,4575
47741,4439
57300,7073
58210,6849
58200,4030
58200,6869
58210,4011
90935,3780
33208,3995
90935,3772
43631,4360
49000,7430
59136,5411
66150,1261
27889,8413
21630,7781
11043,7789
27071,8345
68420,953
36450,6551
58940,9901
36450,6539
29345,7760
29345,7710
49565,5351
49565,5361
64702,479
90935,8345
12046,8659
47600,5253
48140,5122
47600,4150
11012,7801
23485,7710
23485,8302
23485,8339
23485,8628
58600,7759
59612,6639
50065,5501
NES42,_
20692,7935
27511,7810
20692,7815
21440,7675
25020,8345
31641,3201
26562,8685
65810,1291
65810,1292
65810,1472
65810,1473
42227,2762
42227,8670
32654,3409
11041,125
11041,124
52305,5719
52305,5732
33413,3522
33413,3525
33413,3599
31584,3164
31584,3169
61626,8345
HG360,_
12057,1840
12057,2181
12057,2751
12057,8659
12057,881
38092,_
27540,353
27540,7939
27487,8155
26356,7710
26356,8302
26356,8339
20670,6849
58150,7860
20670,6561
35820,3805
21127,7691
21127,7849
11012,7933
26615,7710
26615,8302
26615,8339
39220,_
11040,4685
11040,4525
67914,842
IZ992,_
ECT88,_
44120,4610
44141,4562
44141,4590
44120,4572
44141,4563
27254,7985
54352,5845
54352,5846
54352,6442
54352,6444
39503,3404
36488,5375
39503,3893
36488,3404
39503,5375
51720,9449
63287,340
27295,8628
11043,8418
27295,8345
66605,1242
66605,1244
88058,_
35002,3842
35002,3845
35002,3952
20838,8426
36430,4595
44150,9971
36430,4582
36430,4620
44150,9903
47122,5022
26727,7939
23515,7819
26727,7929
21139,7646
43611,4342
52007,5633
52007,5732
52007,5980
52007,8773
52007,9646
52007,9649
54620,6250
20692,7860
27455,7737
27455,8147
99460,9971
99460,9903
49322,5421
58925,5499
49322,6529
58925,5421
49322,5499
20670,7760
20670,8309
20670,8345
20670,9820
20670,7710
20670,8302
20670,8339
20670,8628
45123,4869
11000,2181
11000,8659
NET88,_
27846,7989
28070,8078
45402,1736
45402,4876
NER25,_
36450,7759
59612,9901
36450,7360
21060,7650
67320,1550
27650,8628
27650,8345
90933,_
NET81,_
21142,7646
32020,4461
43840,3409
32020,4442
62145,206
62145,292
96408,5620
96408,9645
50780,5620
50780,5732
50780,9645
22220,7739
22220,8051
27250,8036
58720,5419
58720,5425
26180,8342
34912,_
11011,8364
61582,124
61582,299
61582,7739
43830,8628
11043,4319
43830,8345
41250,2551
41250,2752
20902,7800
20902,8345
67343,1590
77418,8628
77418,8345
54535,5411
54535,6230
27454,7735
21365,8345
25924,8404
25924,1289
65285,8404
25924,1159
47380,5023
15220,9357
NEP36,_
47562,4610
44206,5123
47562,1735
11000,7933
11000,7923
NEQ43,4685
NEQ43,4525
NEQ43,_
27122,7785
11044,8140
27122,7760
27122,8628
11044,7785
27122,8140
27122,8345
46744,4879
46744,4979
46744,5849
46744,7079
11043,7932
26499,7757
32650,3421
32655,3460
32650,3221
32655,3421
32650,3460
11040,8286
11040,8251
11043,8571
19361,8345
47510,3491
32002,5198
47510,3404
35458,3950
17281,8630
52510,6095
56501,7360
59409,7180
56501,7359
06810,7360
06810,7359
OI251,_
46940,4939
46940,9623
20615,7840
08009,_
FI119,_
30140,2161
30140,2169
33970,3766
66999,1266
19366,8544
19162,8570
19366,8543
11043,8339
28045,8345
30540,2132
26746,7923
26746,7933
24149,8349
24149,8630
24149,8684
26676,7814
26676,7974
27650,7760
27650,8309
27650,9820
27650,7710
27650,8302
27650,8339
22214,7739
11423,8382
62361,3491
32002,390
62361,3404
65805,1475
67025,1291
65805,1471
42408,2629
67042,1474
67042,404
21450,7675
59325,6751
32002,6529
58952,3491
32002,5440
32002,6561
58952,3404
21435,7819
21435,7950
44950,9971
36430,4709
44950,9903
61460,125
65920,1671
32020,3425
32606,3409
32020,3422
21034,7620
15021,_
ZK746,_
27429,8146
28298,7759
28298,7798
35151,3848
35151,3952
YJ189,_
IM478,_
27250,8309
27250,8345
27250,9820
11011,7975
27250,8302
27250,8339
27250,8628
23931,8303
67010,1474
66852,1471
67010,1342
AS065,_
74001,_
58400,6922
44605,6849
58150,4610
15952,8630
69601,2041
27507,7934
26735,7935
27507,7924
54300,6442
27822,7710
27822,8302
27822,8339
27822,8628
66160,1371
66984,1265
66160,1330
67340,_
66940,1475
67051,1359
07020,7360
07020,7359
07020,_
17200,8630
26025,8203
26025,8628
11043,8203
26025,8345
11044,8403
26910,8628
CRO32,_
46705,4979
66180,1269
66170,1699
66180,1264
26860,8128
26860,7760
26860,8309
26860,8345
26860,9820
26860,7710
26860,8302
26860,8339
26860,8628
19120,8544
19240,8521
19120,8543
NEO34,_
NO2,7499
NEO34,7499
23182,7761
14020,9357
14020,8628
11042,4195
38115,8628
11042,4143
49505,6230
25515,7936
27792,7932
25515,7817
99460,4639
44130,_
99460,4590
44204,9903
22212,7739
62160,299
38780,4030
61545,124
22812,8129
35721,3808
35721,3991
27600,8628
27600,8345
48510,5201
35092,3844
35092,3846
35092,3952
44227,4562
44227,4590
44227,4650
90935,5251
90935,5296
48153,3995
90935,5136
90935,5270
03420,_
41113,2510
41113,2559
49550,5329
49550,5339
61304,9901
33240,53
66172,1274
66710,1264
66710,9928
66172,1273
66710,1269
26055,8662
12005,7760
12005,8309
12005,8345
12005,9820
12005,7710
12005,8302
12005,8339
12005,8628
WELLBABY,_
33522,3929
29355,8192
29355,8396
20610,9353
29355,8191
29355,8394
25320,8175
26205,7764
26205,7804
11760,7934
26765,8689
11760,7924
11012,8033
25101,7760
25101,8309
25101,8345
03480,_
82023,7499
03480,7499
82023,_
63265,340
76096,8737
27472,7805
27238,7860
25660,7973
61000,109
24635,7760
24635,8309
24635,9820
24635,7710
24635,8302
24635,8339
24635,8628
01410,_
28805,8403
26910,8332
28805,8401
36450,5504
36450,5980
50080,9901
36450,5503
36450,5521
67036,1269
66170,1474
67036,1264
19182,8554
19340,8534
19182,8553
27372,7760
27372,8309
27372,9820
27372,7710
27372,8302
27372,8339
61129,_
24538,7760
24538,8309
24538,8345
24538,9820
11012,7852
24538,7710
24538,8302
24538,8339
24538,8628
49567,5351
49567,5361
63276,340
26262,7769
43228,4233
11000,5423
49010,8628
11000,5411
27310,7760
27310,8309
27310,9820
27310,7710
27310,8302
27310,8339
27310,8628
ZZ370,_
36430,5810
36430,5860
36430,6094
36430,8929
52601,9903
27514,7760
27514,8345
77421,4610
44320,_
77401,4610
53665,5860
24515,7842
24435,7931
24515,7809
27720,7936
27766,7840
27720,7929
27766,7817
27792,7929
27720,7817
27792,7840
27720,7819
31575,2211
31237,3142
31575,2121
36140,3891
54015,6492
58260,7052
57260,6859
58260,7051
56501,6813
58100,7180
56501,6711
28288,7759
24615,8030
24101,7982
24615,8012
47400,5000
47400,5159
61791,113
25100,8013
25100,8033
43800,4429
25810,8126
36430,125
61313,9903
11426,8684
26597,8630
11426,8670
29820,8071
CHRONICKIDNEYDISEASESTAGE5,_
47530,5198
25118,8073
20660,294
20660,295
20660,9359
26607,7933
26615,7913
26607,7923
12002,8401
26952,8659
12002,407
27507,9820
11010,7935
27507,8628
24640,7972
43202,4461
43840,4224
43202,4442
58300,7491
59100,6970
58300,6800
44143,3893
36488,4575
33608,3592
28485,7935
27514,7937
28485,7815
27826,7710
27826,8302
27826,8339
27826,8628
65408,_
OO828,_
44346,4642
44346,4643
46900,4939
46611,4921
46611,4931
29025,9351
44361,4513
44361,4514
33530,3799
33476,3510
33476,3735
47556,5198
27245,7745
96408,6849
58150,9925
96408,6561
49557,6849
58150,5329
49557,5339
27510,8345
44151,4582
44151,4622
76393,8897
49497,5300
49497,5310
49497,6310
31500,6050
55845,9604
31500,4030
54304,6270
54520,6442
54304,6230
PZ302,_
67973,869
30118,2131
11042,2181
11042,8659
15100,125
61510,8669
15100,124
19272,3440
19272,3479
19272,4029
19272,7791
67047,1474
67047,1490
25920,7760
25920,8309
25920,8345
25920,9820
11012,8404
25920,7710
25920,8302
25920,8339
25920,8628
40830,2752
36200,3891
24545,8345
08000,6970
NES05,_
NO5,1372
66985,_
NES05,1372
NO5,_
11012,8037
27620,7710
27620,8302
27620,8339
25265,8382
25265,8388
21347,7989
26785,7939
21347,7984
57280,7077
XD,_
MCP_01,_
NAZ51,_
93526,3723
27330,7925
27506,8321
27330,7815
27330,8152
27506,8016
64774,407
99460,9357
16040,_
99460,8630
XAW55,_
SOI8,_
NAZ03,_
33510,3611
28226,8391
43496,3929
43496,4699
26991,8115
54901,6383
04400,_
02431,_
15920,7789
15920,8630
15920,8659
12013,8345
64716,460
64716,479
45382,4514
31256,8628
11043,2219
31256,8345
26117,7760
26117,8309
26117,8345
26117,9820
11012,8229
26117,7710
26117,8302
26117,8339
26117,8628
16602,_
26952,7760
26952,8345
58150,5440
58150,6529
25600,8345
49561,8753
47563,5351
67101,1452
28124,7760
28124,8309
28124,8345
28124,9820
11012,7789
28124,7710
28124,8302
28124,8339
28124,8628
AS626,7934
10305,_
11000,7939
11000,7929
43239,4590
44204,4514
43239,1739
24366,8184
24366,8185
NO1,7499
NEO32,7499
56631,4030
56631,7162
EO42,_
26740,7904
26740,8345
29856,7819
29856,8029
40527,2743
40527,2759
50365,5551
50365,5569
33697,3581
43640,4401
25350,7733
47562,729
64836,430
27535,7809
20956,7817
26785,7710
26785,8302
26785,8339
26785,8628
94610,_
27558,7819
27558,7986
27558,8146
LTCSII,_
55530,5310
49505,6310
55530,5300
26070,8013
27470,7935
27513,7845
27470,7815
57120,7080
51020,5719
51020,5759
51020,9227
22844,7859
93615,8854
93615,8954
22101,7769
46261,4939
46261,4946
11044,8076
27335,7760
27335,8628
11044,8016
27335,8345
44950,6551
54440,6498
36488,5980
52332,3893
36488,5732
61313,3995
53210,5717
53210,5839
52332,5522
52332,5631
27759,8152
27759,7815
27284,8121
41017,2700
27514,9820
25574,7815
27514,7932
25574,7935
27514,8309
59409,9901
36450,7359
CR031,_
44050,9357
16010,4680
44050,8628
67405,1609
52005,5600
52337,9646
26034,7760
26034,8309
26034,9820
11012,7719
26034,7710
26034,8302
26034,8339
37204,3491
32002,3880
37204,3404
27759,9357
16010,7936
27535,7935
27513,7817
21179,1689
21179,7646
21179,7691
49522,4563
49522,4562
49522,4590
25126,7763
25126,7803
26545,8172
26545,7760
26545,8309
26545,8345
26545,9820
11012,8172
26545,7710
26545,8302
26545,8339
26545,8628
26951,7934
26735,407
90935,8843
46735,4979
76932,_
90935,3805
29355,7760
29355,8309
29355,8345
29355,9820
29355,7710
29355,8302
29355,8339
29355,8628
52339,5522
52339,5631
52339,5641
52339,5732
52339,5980
15740,763
62165,8670
15740,299
36488,9357
15100,3893
15100,9357
16010,3893
36488,8669
47125,5030
44385,4514
33774,3584
33774,3591
33774,3961
49572,5359
49572,5369
20140,_
29040,9352
29040,9353
27524,7760
27524,8309
27524,8345
27524,9820
27524,7710
27524,8302
27524,8339
27524,8628
25270,8628
26160,8345
11043,7760
33824,3885
22310,8628
11043,353
22310,8345
27499,8314
54708,6849
54708,6561
54708,_
59350,9971
36430,6941
59350,9903
27244,9971
36430,7935
27244,9903
11043,4912
46270,8345
49553,5329
49553,5339
70188,2181
70188,8659
70188,_
CR024,_
66180,1371
66987,1699
66180,1341
24600,7936
27827,7972
24600,7817
59513,7360
59409,7499
59513,7359
61584,299
61584,7739
67036,1479
67027,1474
67036,1472
54435,6498
27286,7735
27286,8121
50120,5511
63200,309
49573,5359
49573,5369
25215,7784
NZ491,_
11012,7974
BS623,7710
BS630,7760
AS698,8302
21117,8309
552XA,8339
26676,8345
BS623,9820
BS630,_
AS698,7814
21117,7974
552XA,7710
26676,7760
BS623,8309
BS630,8339
AS698,8345
21117,8628
552XA,9820
26676,_
BS623,7974
BS630,7710
AS698,7760
21117,8302
552XA,8309
26676,8339
BS623,8628
BS630,9820
AS698,_
21117,7814
552XA,7974
26676,7710
BS623,8302
BS630,8309
AS698,8339
21117,8345
552XA,8628
26676,9820
BS623,7814
BS630,7974
AS698,7710
21117,7760
552XA,8302
26676,8309
BS623,8345
BS630,8628
AS698,9820
21117,_
552XA,7814
BS623,7760
BS630,8302
AS698,8309
21117,8339
552XA,8345
26676,8628
BS623,_
BS630,7814
AS698,7974
21117,7710
552XA,7760
26676,8302
BS623,8339
BS630,8345
AS698,8628
21117,9820
552XA,_
66998,1269
66170,1289
66998,1264
69643,2023
69440,2049
35371,3818
45121,4825
45121,4850
23410,8363
66984,1269
66170,1330
26615,7932
25525,7933
26615,7819
26615,7979
25525,7923
GLUTEUS,_
67250,1479
67027,1287
67250,1472
27254,7789
27070,7985
27254,7785
43510,4281
43510,4292
43510,4300
07210,7360
80909,_
29884,8040
31020,2220
76355,8838
11000,7936
11000,7817
15100,8544
15100,8543
35201,3959
23615,7939
23515,7931
23615,7929
75710,8848
75710,8849
NCP01,_
28200,8345
15220,7760
15220,8309
15220,9820
15220,7710
15220,8302
15220,8339
61576,2594
61576,299
61576,3110
61576,7699
CR0390,_
28175,7789
00390,_
23402,_
44099,_
33523,3929
27438,8154
24545,8036
64792,407
44950,5310
49507,4709
44950,5300
OO829,_
58550,6639
58661,6871
58550,6561
58550,6871
27596,7760
27596,8309
27596,8345
27596,9820
27596,7710
27596,8302
27596,8339
27596,8628
36450,4595
16010,8382
15734,9357
16010,8332
15734,8628
43239,4610
44143,4514
43239,4575
26546,7804
26546,7844
26546,7854
JA971,_
11042,4685
11042,4525
35565,3925
23430,8388
47010,3491
47010,3404
66984,1471
33512,3613
11646,4040
38724,8630
11646,4021
40500,2743
NCP,_
27830,7979
58300,8908
58300,9449
28606,7818
58740,7430
59135,6589
58740,6849
55110,6340
54840,6100
55110,6320
21180,1689
21180,7646
21180,7691
27846,8309
27846,8345
27846,9820
27846,8302
27846,8339
27846,8628
93503,8964
61140,113
61140,124
OO39,_
69535,7639
50135,5511
HO20,_
24152,8185
24366,7763
24152,8184
24152,7763
11040,8571
19361,8628
11040,8554
46615,4921
46615,4931
31520,3142
11000,8192
11000,8396
20610,8628
11000,8191
11000,8394
25355,7733
27430,7760
27430,8309
27430,8345
27430,9820
11012,8386
27430,7710
27430,8302
27430,8339
27430,8628
26727,8286
26356,7819
26727,8251
26735,7745
20245,7934
26735,7742
26735,7749
20245,7924
65780,1371
66987,1689
65780,1341
26418,7939
23515,8286
26418,7929
44960,9971
44960,9903
NSD01,7759
49590,6561
58952,9901
36450,5359
49590,5440
49590,9901
58952,5359
36450,5440
49590,6529
27331,7936
27535,8016
27535,9829
27331,7817
27535,8036
25905,8405
25905,9357
25905,8628
22590,8129
90935,1371
66987,3995
90935,1341
61543,124
11043,8382
15732,8628
15732,8345
19162,8541
27822,9353
29405,7819
29835,8072
48120,5222
75956,3973
75956,8839
90935,4341
43244,3995
68130,1031
69670,1940
69670,2099
69643,1919
69670,1860
69670,2049
ZC782,_
45905,4999
46716,9623
45905,4979
11400,8544
19240,8630
11400,8543
90935,3721
AE112,3995
93508,_
90935,3639
AE112,3721
93508,3995
AE112,3639
AE112,_
23465,8196
27590,9357
16010,8417
27507,7760
27507,8309
27507,8345
27507,7710
27507,8302
27507,8339
21407,1669
21407,7679
77261,9901
36450,_
77401,9901
63281,340
12056,1840
12056,2181
12056,2751
12056,8659
12056,881
62350,8192
62350,8396
20610,390
62350,8191
62350,8394
20520,8628
NEO13,_
OO809,_
NZ370,_
46220,4939
11400,8382
44005,4850
45112,5459
44005,4840
14001,7021
57454,8689
14001,6712
54326,5845
54326,5849
54326,6442
16010,4850
16010,5760
16010,6849
58240,9357
16010,4610
16010,5671
16010,6561
16010,6880
58240,8628
27125,7760
27125,8309
27125,8345
27125,9820
27125,7710
27125,8302
27125,8339
27125,8628
25929,8403
43239,4461
43840,4514
43239,4442
29325,9359
27509,9351
29325,7945
31051,2131
31051,2212
31051,2252
67583,1049
67583,1664
NER10,4610
44143,_
NER10,4575
NER10,_
50010,5501
26437,8299
69604,1940
69604,2092
27502,7860
67228,1371
66987,1425
67228,1341
35081,3844
35081,3952
57330,5784
26706,8345
57555,6740
57555,7050
27550,8628
11043,7976
27550,8345
23020,8041
16010,8319
23020,8628
42900,2951
22224,7739
22224,8051
22849,7859
41016,2700
41016,9357
16010,2700
41016,8628
27675,8388
63285,340
67715,851
11000,8018
31610,8628
11043,3129
31610,8345
28171,7788
25360,7733
27350,7796
31293,1609
31293,2219
23515,125
61313,7929
56501,7071
57250,7180
56501,7052
54620,6270
54620,6230
15922,7789
15922,8630
67581,1662
67581,1664
45562,4800
45562,4879
DE119,_
23491,7852
27391,8313
27814,7760
27814,8309
27814,9820
27814,7710
27814,8302
27814,8339
44206,3893
36488,1735
21300,7909
29075,7925
52332,5810
52332,5860
52332,6094
52332,8929
52601,5980
52332,5850
52332,6029
52332,6373
24545,7760
24545,8309
24545,9820
24545,7710
24545,8302
24545,8339
24545,8628
11043,3491
32002,8345
27823,7710
27823,8302
27823,8339
26720,8628
11043,7904
27822,8047
27612,7936
27822,8017
27822,8385
27612,7819
12045,8628
12045,8345
31256,2263
31255,2219
31256,2119
74698,4341
43244,_
74698,4233
74698,_
NEP59,_
36450,4563
47511,5198
36488,9971
36430,3893
36488,9903
50920,5684
29085,7933
29085,7923
IN185,_
21610,7791
32141,3409
11011,7719
26350,8192
26350,8396
20610,8286
26350,8191
26350,8394
09182,_
36511,9970
88304,_
28666,7819
28666,7760
28666,8309
28666,8345
28666,9820
28666,7710
28666,8302
28666,8339
28666,8628
75676,8841
27705,7860
16035,8403
26910,8609
16035,8401
02440,_
29065,8185
24366,9353
29065,8184
27090,8005
27696,8364
35102,3844
35102,3846
35102,3847
35102,3952
XAS62,8345
BS931,_
96625,8411
XAS62,8628
BS931,8411
96625,7760
XAS62,_
BS923,8411
BS931,7760
96625,8345
11044,_
XAS62,8411
BS931,8345
96625,8628
28820,_
11044,8411
XAS62,7760
BS931,8628
96625,_
21188,7646
21188,7669
21188,7809
45337,4524
45337,4685
63055,309
92993,3541
21151,7646
21151,7691
31603,640
60254,3110
31603,4040
12013,125
61313,8659
12013,124
27394,8385
35621,3929
21454,7676
21454,7819
12002,7925
29888,7760
29888,8309
29888,8345
29888,9820
11012,8145
29888,7710
29888,8302
29888,8339
29888,8628
04206,_
23180,7781
66994,1266
66994,1289
26037,9357
16010,8212
90935,5641
50225,3995
90935,5551
27259,7825
27259,7985
27259,8152
20902,7925
94644,_
59513,8628
11043,7499
59513,8345
21315,2188
30520,2171
21315,2150
MCP01,9933
46598,_
49507,3995
62143,205
10140,8302
10140,7936
11012,8604
10140,7760
10140,8339
10140,9820
27814,8604
10140,7710
10140,8309
10140,8628
26567,7849
11044,9359
27509,7760
11044,7945
27509,8345
JI899,_
MP01,_
IMP01,_
49554,5329
49554,5339
11041,7860
12004,9971
36430,8659
12004,9903
26010,8345
61559,201
61559,204
61559,7739
68860,_
36488,6561
58200,3893
90935,4011
36488,6849
58200,3995
36488,4011
52332,9901
66820,1364
67221,1459
67221,9983
11010,8332
06310,7360
06310,7359
06310,_
44000,_
27514,7855
27450,7815
38530,4011
50830,5999
58952,5423
58952,5411
50770,5675
11406,6829
26992,7719
14020,7760
14020,8309
14020,8345
14020,9820
14020,7710
14020,8302
14020,8339
CKDV,_
NES06,_
51960,5788
44005,5789
51960,5459
44005,5788
51960,5789
90935,4542
26370,8286
67908,833
67908,835
29044,9353
36488,5132
47721,3893
36488,4439
32020,3402
32100,3409
32020,3328
28730,8114
XN083,_
27507,7936
27507,7817
27766,8199
27829,7929
27766,7859
27766,9359
27829,7819
45563,4610
45563,4800
45563,4879
11044,8415
27880,8417
27590,8415
63277,340
11043,3991
35761,8345
31291,2219
31291,2290
67915,841
47425,5104
47425,5151
47425,5182
47425,5183
54380,5845
19180,8571
19361,8541
19180,8554
NAS97,7760
NAS97,8339
NAS97,9820
15240,_
NAS97,7710
NAS97,8309
NAS97,8628
NAS97,8669
NAS97,8302
NAS97,8345
NAS97,_
32525,3229
90935,3479
33519,3995
32525,3929
90935,3229
33519,3479
32525,3995
90935,3929
33519,3229
32525,3479
AZ038,_
26040,4563
26040,8212
45300,5980
52332,4824
45300,5732
44005,4610
44141,5459
44005,4572
43501,4461
43840,4441
11044,2181
11044,8659
12053,8345
EE119,_
27303,8086
SO11,_
QQ249,_
28122,7760
28122,8309
28122,9820
11012,7788
28122,7710
28122,8302
28122,8339
28122,8628
NI219,_
76362,8838
47560,5151
47564,5421
42450,2630
10120,4610
44141,8605
10120,4572
EII6,8628
EII6,8345
EII6,_
32440,3259
67971,869
11000,5061
11000,3886
47900,5179
27530,9359
27509,7906
27530,7945
31500,5310
49507,9604
31500,5300
65815,1269
66172,1292
65815,1264
65815,9928
66172,1291
75827,8851
27846,7760
27846,7710
25620,9357
16010,7932
49080,8753
47610,5425
49080,5122
27604,8303
25620,8129
22554,7932
25620,8051
27610,7760
27610,8309
27610,9820
11012,8017
27610,7710
27610,8302
27610,8339
27610,8628
66987,1490
67041,1341
21462,7925
27707,7737
58140,6839
58180,6829
AO61,_
28046,7760
28046,8309
28046,8345
28046,9820
28046,7710
28046,8302
28046,8339
28046,8628
30115,2131
43324,4466
11041,7929
11041,7819
27759,7860
52270,5732
52270,5850
61619,212
46250,4823
45317,4946
46250,4543
45000,5419
45378,5423
49000,4525
NEZ86,_
11040,8192
11040,8396
20600,8628
11040,8191
11040,8394
24151,7762
24151,7802
20690,7936
27535,7810
20690,7817
90935,3402
32124,3995
90935,3339
57568,_
SS19,8628
SS19,8345
SS19,_
58600,9971
58600,9903
36430,6639
43235,4579
15350,9357
82034,_
23585,7859
21365,7929
NA,_
32000,6529
29821,8071
44140,4579
44160,4590
44140,4562
44140,4593
44160,4572
36430,5419
36430,5425
58960,9971
36430,4030
36430,5440
58960,9903
21627,7769
49606,5349
99460,5492
49606,_
99460,5349
49606,5492
22326,7929
22326,7989
44005,5810
49507,5850
44005,6029
44005,8929
49507,5732
44005,5850
44005,6094
49507,6373
52601,5310
44005,5732
44005,5860
49507,6029
44005,6373
52601,5459
49000,5641
50225,5411
27060,8350
NEZ51,_
NEP55,_
11044,8382
66987,1330
66984,1341
25947,6813
58100,_
25947,6711
25947,_
44320,9971
44320,9903
50760,6529
58600,6561
58952,5675
50760,6639
58600,5440
50760,6561
58600,5675
58952,6639
50760,5440
58600,6529
20610,8154
27447,8191
27447,8394
27535,9353
10912,_
24516,7939
23515,7840
23515,8444
24516,7929
19371,8521
11010,7860
11010,294
11010,9788
45190,4832
23172,7701
24110,8345
35152,3848
35152,3952
66930,1474
67050,1319
66930,1343
51860,6849
58150,5781
51860,6561
CI248,_
52320,5600
52320,5732
52320,5980
VZ511,_
19342,8553
19342,8554
26080,8345
61313,9901
27848,7760
27848,8309
27848,8345
27848,9820
27848,7710
27848,8302
27848,8339
27848,8628
37618,8628
11043,3880
37618,8345
25575,7925
69450,2023
67036,1452
39600,_
75970,8839
75970,8939
48152,4370
48152,5136
48152,5251
48152,5270
62010,9820
11010,202
62010,8628
36781,3893
27686,8385
90935,3942
36832,3995
90935,3800
06193,_
29075,7932
63280,340
AS869,_
10060,9357
16010,8604
61720,9230
19120,5423
49000,8521
19120,5411
27477,7827
68700,8671
67966,973
68700,824
51525,9357
16010,5719
51525,8628
27486,8155
92987,8753
47610,3596
92987,5122
26075,8014
32020,6529
58952,3409
32020,5359
32020,6561
49590,3409
32020,5440
NAP07,_
50957,5539
50957,5631
50957,5633
50957,8773
50957,9646
50957,9649
11012,8095
27036,7760
27036,8309
27036,8345
27036,9820
11012,8045
11012,8319
27036,7710
27036,8302
27036,8339
27036,8628
44970,6639
58661,4701
44970,6561
11000,4800
93651,3734
93651,8843
25907,8405
25907,9357
25907,8628
FO001,_
44850,5475
49587,6849
58150,5341
16010,8073
25105,8628
23600,9359
23600,9353
37201,3893
37201,9910
11040,7936
27535,8415
11040,7817
27880,7936
11040,8415
27880,7817
CI472,_
11000,8403
35666,3929
67030,1474
NEQ44,_
31570,3100
EI259,_
EJ459,_
23552,7771
23552,7981
11644,8630
61334,1609
61334,1610
49509,6230
53447,5893
66987,1254
65850,1341
65875,1475
67051,1233
65875,1474
29844,8073
33500,3699
33500,3961
27472,8345
75820,8867
58600,6849
58150,6639
37008,_
45331,5423
45331,5411
23472,8180
55100,6100
36430,6561
58951,9971
36430,6529
58951,9903
31255,2121
34490,3803
34490,3805
34490,3893
24685,7979
24685,7819
33253,3961
33405,3733
33253,3522
33253,3733
11000,8669
37760,8628
11000,3880
CR014,_
28505,7979
27187,7939
25520,7855
28505,7902
27187,7979
25520,7939
28505,7855
27187,7902
62140,206
NAO70,6970
NAO70,7360
NAO70,7359
NAO70,_
62162,299
26951,7710
26951,8302
26951,8339
27826,7760
96408,8382
49255,6561
35355,5641
50220,3816
35355,3818
GL089,_
20982,7840
31050,2212
31050,2252
60240,407
42415,640
60240,2929
75940,9925
96408,3870
21421,7673
27520,8036
38101,4610
44143,4143
38101,4575
38101,4143
62201,220
19271,3440
16010,3479
19271,7791
19271,9357
16010,3440
19271,3479
16010,7791
19271,8628
27832,7989
27832,8345
26485,8256
53240,5839
65900,1289
65285,1240
65900,1159
21400,7678
NSD01,6639
58600,_
11044,8699
14350,7760
11044,7756
14350,8345
35063,640
BE041,_
21325,2172
IR570,_
IS370,3995
IR570,3995
IS370,_
44180,6871
58552,5451
44180,6563
28470,7760
28470,8309
28470,9820
11012,7907
28470,7710
28470,8302
28470,8339
24515,9971
36430,7931
24515,9903
36450,4579
49561,4563
44120,5361
49561,4562
49561,4590
44120,5351
31300,3009
31300,3130
25272,7760
25272,8309
25272,9820
25272,7710
25272,8302
25272,8339
25272,8628
21145,7646
21145,7691
ZZ491,_
43652,4402
43652,5421
51080,5700
65285,881
67935,1159
11040,8382
BO70,_
27519,7815
27519,7955
29358,8036
25101,8033
11010,8076
11000,7819
NAS42,_
90935,8401
26951,3995
90935,407
80511,_
23660,8345
62115,206
61105,124
36450,4685
45378,9901
36450,4525
25685,7929
11012,7979
25520,7710
25520,8302
25520,8339
25520,8628
25365,7932
67334,1513
67316,1590
67334,1530
67316,1513
67334,1590
75600,8842
24094,_
11042,6097
53852,8628
11042,6021
24650,9357
16010,7902
24650,8628
NSDO,_
75872,8867
45380,4543
45382,4525
45380,4523
68540,921
68811,943
54430,6498
27502,7760
27502,8309
27502,9820
11012,7905
27502,7710
27502,8302
27502,8339
52310,5600
61550,201
11011,7860
11011,294
11011,9788
56632,4030
56632,7162
48154,5136
48154,5251
48154,5270
64784,407
27217,7760
27217,9820
27244,7939
27217,7935
27217,8345
27244,7989
27217,7710
27217,8309
11044,8669
15756,7760
11044,8332
15756,8345
58140,6813
58140,6711
49255,6849
LO39,_
68520,960
27566,7760
27566,8628
11044,7796
27566,8345
28810,9357
77761,6099
55859,_
77761,5732
36450,6813
58100,9901
36450,6711
NZ488,_
35907,3866
31075,2241
10242,_
35860,5423
49000,3806
35860,5411
32020,8309
32020,8345
32020,9820
11011,3409
32020,8302
32020,8339
32020,8628
26645,7903
26600,_
62349,7903
SS626,_
33010,3700
28126,7799
27603,8415
38525,8628
11043,4011
38525,8345
11042,7360
11042,7359
18912,_
53265,5839
27403,8016
34502,3959
12011,8628
12011,8345
46221,5310
49505,4945
46221,5300
28024,8018
28024,8309
23585,7760
23585,8628
23585,8345
32540,3440
44146,5423
49000,4579
44146,5411
49000,4594
43239,8839
75980,4514
43239,8754
29345,7929
27766,9353
29345,7819
41830,2181
41830,8659
46270,4525
41155,2530
11043,2749
41155,4040
11043,7631
41155,8345
OZ370,7360
OZ370,7359
25600,125
61312,7902
25600,124
NAS82,_
27516,7945
30462,2187
61795,9239
24685,8185
24366,7932
24685,8184
11306,8609
NB185,_
66130,1284
61313,3893
58520,6941
58520,6949
66682,1682
21346,7760
21346,8309
21346,8345
21346,9820
21346,7710
21346,8302
21346,8339
21346,8628
43268,5151
47564,5293
43268,5123
29075,8192
29075,8396
20605,9353
29075,8191
29075,8394
31561,3029
31365,640
60254,3040
31365,4040
27598,8345
11044,8416
27598,8417
27598,8628
27590,8416
27598,7760
90935,7931
27758,7939
23515,7936
27758,7929
47510,5251
47510,5296
48153,5198
47510,5136
47510,5270
32020,5061
47360,3409
32020,3886
44204,4572
44140,1739
27846,7936
27822,7989
27846,7819
27422,7710
27422,8302
27422,8339
27422,8628
49080,4341
43244,5425
49080,4233
67830,801
27828,7760
27828,8628
27828,8345
29305,9359
29305,7945
49020,5423
49000,5419
49020,5411
CPP24,_
49085,5423
49000,5492
49085,5411
10140,7360
59409,8604
10140,7359
20816,7760
20816,8309
20816,8345
20816,9820
20816,7710
20816,8302
20816,8339
20816,8628
58565,6699
42725,2800
58720,7430
59121,6561
58720,6602
15950,8630
59513,8659
15950,7499
59513,8630
15950,8659
BREASTCA,_
63267,340
53080,7109
33406,3521
33406,3961
74480,5980
74480,8839
33877,3954
33877,3961
47490,8839
49080,5101
75980,5425
47490,8754
49080,8839
75980,5101
47490,5425
49080,8754
11043,8405
61790,9230
11042,1289
65280,8628
11042,1159
XXZ38,_
XXX0,_
36485,_
15760,2189
33611,3799
11044,9829
11044,9820
11010,7760
33973,3766
49507,6250
26125,8235
26125,8662
26125,8684
43640,8345
49080,5061
47360,5425
49080,3886
55175,6149
54348,5845
54348,5849
54348,8670
21315,7859
21365,2171
21315,7672
29888,7936
27535,8145
29888,7817
75662,8841
26035,7760
26035,8309
26035,8345
26035,9820
11012,8209
26035,7710
26035,8302
26035,8339
26035,8628
57284,7079
XA,2181
43300,4289
11000,8344
37735,8628
11000,3889
11000,8630
21501,9820
11010,8604
58600,6551
58940,6639
58600,6539
23000,8339
33427,3524
33427,3961
AO69,_
AS064,_
AV899,_
45100,9971
36430,4923
45100,9903
28008,8628
28008,8345
29085,7860
21336,2172
66850,1424
27380,7935
27513,8364
27380,7815
NAQ83,_
49605,_
99460,5341
47711,5169
47711,5179
25575,9357
27827,7926
RFRHD,_
AN179,_
45330,4912
45330,4911
27826,7809
31238,8345
64856,430
29358,460
64856,9353
29358,430
64856,460
29445,9353
69610,1940
14182,_
55530,6340
54840,6310
55530,6320
27507,9359
27509,7935
27507,7945
28238,7798
36450,5671
C19IP3,125
61312,_
C19IP3,124
11040,7933
11040,7923
NER73,_
20962,3999
20962,7800
66630,1214
11043,8309
27005,8313
32020,5253
48140,3409
32020,4150
51980,5721
47530,5151
47530,8754
47620,5198
47530,5122
47530,5183
26415,8171
26415,8233
49520,8382
15734,5310
49520,8332
49520,8669
15734,5300
59400,7360
59409,8908
59409,9449
39545,5381
49507,5423
44125,4594
44146,4563
12036,8309
12036,8345
12036,9820
12036,8302
12036,8339
12036,8628
12002,8302
12002,_
12002,7760
12002,8339
12002,9820
NAS97,8659
12002,7710
12002,8309
55200,6360
66680,1474
66852,1239
66680,1342
58720,9971
58720,9903
XA,1289
65280,_
XA,1159
AS612,_
AS614,8659
21115,_
1712A,8659
AS612,8659
AS614,_
21115,8659
1712A,_
65273,1060
12002,7859
21365,8659
12002,7672
59513,6840
59513,6839
29075,7934
26735,9353
29075,7924
61470,125
21235,1930
21235,2049
69644,1879
21235,1860
21235,1940
28445,7760
28445,8309
28445,8345
28445,9820
28445,7710
28445,8302
28445,8339
28445,8628
53215,5717
53215,5839
45900,_
EI101,_
59513,6551
59513,6539
23210,7761
24120,7763
19160,8382
11043,4542
45385,8628
11043,4523
11043,4543
45385,8345
75790,8840
RHD31,_
RFRHD31,_
57540,6740
44661,4562
44661,4579
44661,5760
44661,5783
ECE13,_
29405,7929
XAS06,_
AS822,3502
96050,7906
33420,8659
27750,_
12001,3502
XAS06,7906
AS822,8659
96050,_
21044,7769
29065,7931
24546,9353
29065,7842
36430,5749
52240,9971
36430,5732
36430,5831
52240,9903
27840,7929
27846,7977
27766,7989
27840,7819
27846,7929
27766,7977
27840,7989
27356,7762
27356,7805
52310,9925
96408,5700
17286,8630
20926,8669
11043,7934
CR008,_
43239,5104
47480,4514
43239,5103
24145,7763
36450,4341
36450,4233
43244,9901
58672,5421
58672,6679
25695,7929
PIJ18,_
65140,1641
67010,1452
36450,4542
52260,5732
52260,9625
11012,125
61312,7710
61312,8302
61312,8339
63910,_
00803,_
LO40,_
47371,5025
27712,7730
27712,8345
59812,9971
36430,6902
59812,9903
26615,7974
26676,7923
NAN11,5980
NAN11,5732
NAN11,_
43202,8753
47610,4224
43202,5122
60100,8628
11043,611
60100,8345
36450,6840
59525,9901
36450,6839
C19IP4,9971
C19IP4,9903
52301,5641
52301,5732
67935,8671
67966,1060
42182,8628
11043,2761
42182,8345
23900,8409
EXCISIONOFCYST,_
38505,9357
16010,4011
38505,8628
27676,7737
27676,8388
11042,125
61512,8628
11042,124
C19IP1,3491
C19IP1,3404
20936,7809
27448,7735
27218,7939
27218,8989
43251,4542
45385,4341
30520,2263
31254,2150
27607,8302
27607,8339
27607,8628
15734,8345
75716,8848
75716,8849
27497,9353
29345,8314
77421,3891
36640,_
77401,3891
33415,3539
NEZ38,_
51590,4850
51590,6880
51597,5779
51590,4610
51590,5771
51590,6890
51597,5671
26765,8401
26952,7924
38100,7925
33853,3931
33853,3961
32120,3403
66984,1214
66625,1330
14300,8628
14300,8345
11000,7932
PO81,_
11010,7859
52500,5810
52500,5860
52500,6094
52500,8929
52601,5749
52500,5732
52500,5850
52500,6029
52500,6373
61583,124
61583,153
61583,299
61583,7739
DC38,9971
DC38,9903
DC38,3995
DC38,_
XAS06,8628
XAS06,8345
09667,_
62057,3995
09667,3995
62057,_
23515,7679
21407,7929
37204,8669
43622,4399
49585,5421
49650,5341
58800,6591
66840,1289
65285,1330
66840,1159
47010,5423
47010,5411
50955,5631
50955,5633
50955,8773
50955,9646
50955,9649
26020,8628
11043,8201
26020,8345
41155,2749
41155,7631
11012,8185
24587,7710
24587,8302
24587,8339
24587,8628
IJ128,_
44005,9971
36430,5459
44005,9903
11010,8669
27514,7925
11042,7932
11042,8499
25526,8628
11042,7819
11042,7939
21556,8628
21556,8345
36488,5569
50365,3893
27165,7735
27165,7855
27465,7845
OZ392,_
35800,4040
38724,3802
35800,4021
EII7,_
42720,2800
P0000,5423
P0000,5411
35903,7760
35903,8309
35903,8345
35903,9820
11012,3868
35903,7710
35903,8302
35903,8339
35903,8628
32140,3229
32140,3409
32000,5423
49000,3491
32000,5411
25312,8375
25312,8381
31030,2263
31254,2239
31030,2219
28005,8345
26135,8074
67036,1289
65285,1474
67036,1159
58150,6589
58740,6561
43312,3173
43312,4289
28114,7788
15100,4610
54308,5849
56630,7150
11000,4850
45110,8628
11000,4610
57020,7000
28112,8345
NES09,_
69641,2021
42180,2761
25145,8628
11043,7709
25145,8345
27536,7815
27514,7936
27536,7935
30560,2191
27236,8345
53605,5860
59160,_
61304,7760
61304,8628
61304,8345
76965,_
27506,7935
27513,7925
96408,9605
31645,9925
96408,3323
10140,8544
19240,8604
10140,8543
45332,4524
45332,9804
55520,6330
28800,8345
01606,7360
91080,_
33411,3522
33411,3539
27592,8345
24600,7932
24600,8499
25526,7972
24600,7819
58822,6591
23075,5423
49000,8630
23075,5411
21015,2220
31230,8339
21015,1651
20808,8423
20808,7760
20808,8309
20808,8345
20808,9820
11012,8423
20808,7710
20808,8302
20808,8339
20808,8628
SS822,9820
32500,_
11011,3249
11010,8309
SS822,8339
32500,8345
11011,7906
SS822,_
11010,8339
SS822,8345
32500,7906
SS822,3249
32500,8302
SS822,7906
32500,8628
11010,3249
SS822,8302
32500,8309
11010,7906
SS822,8628
32500,9820
11011,_
27750,3249
11010,8302
SS822,8309
32500,8339
11044,7931
24546,7760
11044,7842
24546,8345
34471,3995
24665,7819
30140,1930
30140,2049
69642,2169
30140,1860
30140,1940
30140,2099
69642,2161
16040,8628
16010,8630
27513,7810
29880,8192
29880,8396
20610,8060
29880,8191
29880,8394
25690,7909
60600,3980
11043,3995
21556,4040
38724,8332
21556,4021
77401,3491
34451,3807
90935,3809
34451,3893
47600,3991
35761,5122
47600,3800
27511,7710
27511,8302
27511,8339
27511,8628
27758,4639
44130,7936
27758,4590
67049,1370
67052,1380
54112,6420
54112,6449
42505,2649
35650,3929
44660,5783
27357,7762
27357,7805
NEP29,_
AO10,_
28052,8018
36011,8839
75978,3995
36011,3950
90935,8839
75978,3893
36011,3995
90935,3950
63741,371
63741,379
61855,293
NAP23,_
26410,7934
26735,8286
26410,7924
25645,7929
CS063,_
11043,7710
19180,6561
AV119,9820
AV119,8628
AV119,_
50220,3995
49020,8628
11043,5419
49020,8345
27125,9971
36430,8152
27125,9903
33464,3514
33464,3528
27405,8345
44156,4582
44156,4622
44156,4869
ANIMALBITE,_
21461,8628
11043,7676
21461,8345
15951,7789
15951,8659
31603,125
61512,3110
31603,124
66180,1479
67027,1699
66180,1472
07000,_
31505,_
MZ988,4685
MZ988,4525
MZ988,_
38770,4850
38770,6880
26600,7979
25520,7903
26600,7902
ZX380,_
ECM10,_
01440,_
24403,7499
39061,_
90820,7499
01440,7499
24403,_
39061,7499
90820,_
03240,_
25274,8388
00343,_
52648,5700
11041,5423
11041,5411
44210,4581
44210,4620
ZP034,_
19367,8544
19240,8572
19367,8543
69540,1829
31256,9357
16010,2219
06220,7360
06220,7359
06220,_
60240,9971
36430,640
60240,9903
32658,3961
33430,3712
32658,3524
32658,3712
62220,232
44320,8628
11043,4610
44320,8345
66985,1459
67108,1372
66985,1449
03700,_
62008,7499
03700,7499
62008,_
26540,8172
26116,479
64830,8222
26116,407
19367,8628
11043,8572
19367,8345
69604,2099
69641,2092
69604,1860
69604,2049
45820,5843
11043,7939
25574,7925
27495,7929
23490,7815
27566,7851
27495,7796
27566,7815
27495,7851
23490,7796
ANTERIOREPISTAXIS,2219
31238,_
ANTERIOREPISTAXIS,2100
ANTERIOREPISTAXIS,_
08090,7360
08090,7359
45560,7052
25240,7783
63700,351
11012,7986
27556,7710
27556,8302
27556,8339
27556,8628
43330,4270
63290,340
37180,3910
65235,1289
65280,1200
65235,1159
28675,7760
28675,8309
28675,8345
28675,9820
28675,7710
28675,8302
28675,8339
28675,8628
29325,7985
27725,8129
43870,4462
27254,7860
43112,4242
43112,4262
43112,4429
27535,7929
36430,5850
36430,6373
55821,9971
36430,3998
36430,6030
55821,9903
27601,8314
27215,7979
27215,7909
27216,7979
75954,3979
75954,8839
EO49,_
NN179,_
27507,7926
58275,6639
59100,6859
58600,7040
58275,6800
59100,7040
58275,7491
58600,6859
LO31,8628
LO31,8345
LO31,_
67580,1664
67580,1669
07090,7359
11044,7926
27784,8345
DOO80,_
NS0,_
49080,4590
44140,5425
49080,4572
11424,7360
59409,8630
11424,7359
LO28,_
32661,3731
63194,309
63194,329
36011,4610
36011,4575
75885,8864
90932,_
11621,8630
23515,7801
23485,7929
38740,8544
38740,8543
27405,7760
27405,8309
27405,9820
27405,7710
27405,8302
27405,8339
27405,8628
50205,5524
21325,7679
21407,2172
21325,1669
26756,7760
26756,8309
26756,9820
26756,7710
26756,8302
26756,8339
26756,8628
27506,1479
67027,7815
67027,8152
27506,1472
67027,7925
28008,7760
28008,8309
28008,9820
11012,8314
28008,7710
28008,8302
28008,8339
15934,8628
15934,8345
26686,7989
26715,7984
26686,7922
26686,7984
26410,8309
11011,8286
26410,8302
26410,8339
OO01,_
50972,5631
50972,5980
50972,8773
50972,9646
50972,9649
SOO03,_
64712,479
90935,8382
26352,8286
26352,8381
29345,7809
29345,3999
ECH05,_
75733,8849
KO53,_
44120,5459
44005,3995
90935,4562
90935,5459
44120,3995
44005,4562
90935,4563
NEP22,_
47135,5059
47135,92
47135,93
GH264,_
AZ380,_
51555,5760
72240,8721
58140,5423
49000,6829
58140,5411
32482,3249
19020,9357
16010,8500
19020,8628
21175,7646
21175,7691
44005,5440
21452,7675
21452,7819
52332,6871
58552,5732
61250,124
11755,8611
39100,_
22842,7989
22326,7859
22842,7929
NES22,_
93652,3734
28615,7760
28615,8309
28615,8345
28615,9820
28615,7710
28615,8302
28615,8339
28615,8628
39530,5380
58600,6601
59150,6639
CHRONICRHINOSINUSITIS,2211
31237,_
CHRONICRHINOSINUSITIS,2121
CHRONICRHINOSINUSITIS,_
33208,5733
33208,9227
52250,3772
23035,7711
44206,3995
90935,1735
31500,4675
44605,9604
31500,4610
25909,8405
27132,7935
27248,8153
27132,7925
CR012,_
28585,7989
36828,_
28485,9357
16010,7937
11041,4461
43840,8628
11041,4442
NAS67,7760
NAS67,8339
NAS67,9820
20692,_
NAS67,7710
NAS67,8309
NAS67,8628
NAS67,7810
NAS67,8302
NAS67,8345
NAS67,_
33764,3900
22842,8309
22842,8345
22842,9820
22842,8302
22842,8339
22842,8628
53460,5839
53460,5847
NN189,_
AW199,_
47802,5137
11000,9625
52260,8628
11000,5732
66720,1272
66720,1274
45332,4542
45385,9804
45332,4523
45332,4543
45385,4524
23515,7932
25525,7939
23515,7979
25525,7929
11042,9625
11042,5732
67039,1475
67051,1424
25028,8628
25028,8345
29898,8087
29898,7860
27766,7926
27784,7929
27784,7819
91105,9607
16010,6400
54322,9357
16010,5845
16010,6442
54322,8628
32020,5423
49000,3409
32020,5411
NET85,_
58300,6840
59525,6970
58300,6839
28555,7989
28555,8345
NAS52,294
11000,9788
NAS52,8628
20680,_
11000,294
NAS52,7860
22556,8051
22556,8129
55765,_
61608,160
61608,212
23415,8041
23415,8183
NZ940,_
43235,125
61313,4513
43235,124
CR470,_
69602,2049
43259,5294
43264,8874
43259,5188
99460,4610
44141,_
99460,4572
11012,8030
24101,7710
24101,8302
24101,8339
24101,8628
06200,_
28725,8113
61312,9903
61108,124
27814,8037
27620,7936
27814,8017
44393,4514
11041,2181
11041,8659
49323,5421
49323,5499
27098,8377
27097,8385
65870,1371
66987,1232
65870,1341
25600,7760
25600,8309
25600,9820
25600,7710
25600,8302
25600,8339
25600,8628
54600,6270
54600,6352
46270,4824
35231,3956
46270,8628
19180,9820
11010,8541
19180,8628
33211,3770
NAS91,_
49080,4595
49080,4835
44152,5425
49080,4582
49080,4601
27236,7760
27236,8309
27236,9820
27236,7710
27236,8302
27236,8339
11042,7929
CJ910,_
25600,7925
28505,8152
27506,7902
25600,7939
28505,7815
25600,8152
25600,7815
28505,7925
21556,2211
31237,8332
21556,2121
25426,7803
11043,7810
NSD01,9933
15240,9357
43262,5294
43264,5185
43262,5188
50040,5749
52235,5502
50040,5732
50040,5831
52235,5501
20692,8401
26951,7810
20692,407
23412,8363
31240,2169
31240,2219
33468,3599
44950,5440
35121,3846
35121,3952
27758,7860
67005,_
65285,1471
67005,1289
65285,_
XA,1471
67005,1159
28630,8309
28630,9820
11011,7978
28630,8302
28630,8339
28630,8628
45331,4912
45331,4911
00340,_
44369,4513
44369,4514
44369,4530
36488,8753
47605,3995
36488,5122
90935,8753
47605,3893
90935,5122
11044,7801
23485,7760
11044,7731
23485,8345
77421,3491
32000,_
77418,3491
11012,2263
11012,299
61580,7710
61580,8302
61580,8339
61580,8628
35045,3995
JZ513,_
35656,3929
ISJ30,_
ACUTEPHARYNGIT4,3142
31575,_
ISJ30,3142
ACUTEPHARYNGIT4,_
25492,8345
11402,7071
57250,8630
11402,7052
31032,2220
28755,7758
37788,3958
37788,6498
40800,2792
11091,8630
11091,_
68320,1289
65285,1044
43259,4542
43620,4399
39541,5380
26236,7760
26236,8309
26236,8345
26236,9820
26236,7710
26236,8302
26236,8339
26236,8628
99460,1475
67025,_
99460,1471
20129,_
11042,8403
26600,7989
26785,7903
26600,7984
24134,7702
66500,1212
46716,_
01301,_
41065,7499
01301,7499
41065,6639
01301,6639
41065,_
12054,8628
12054,8345
14041,8628
14041,8345
21137,7646
29365,8036
38572,4011
38572,4029
38572,5421
36800,5310
90935,3993
49520,3995
36800,5300
49520,3993
36800,3995
27250,7859
21365,7975
27250,7672
22841,7859
80026,_
33320,3931
26350,7934
26350,7924
27280,8108
11040,7932
11040,8401
11040,407
27254,7760
27254,8309
27254,8345
27254,9820
11012,7985
27254,7710
27254,8302
27254,8339
27254,8628
31622,4610
MCPO1,_
27503,7935
27514,7905
27503,7815
NER78,_
31588,3169
35301,3812
38570,6849
58150,5424
38570,6561
AS420,_
11042,7936
11042,7817
27442,8147
12880,_
XA,9822
65210,_
XA,1200
REFLUXLARYNGITIS,_
22808,8129
EI43,_
11011,8415
31622,3459
32320,3324
31622,3451
26235,7789
11040,2181
11040,8659
57510,6813
58100,6732
57510,6711
44605,6561
58200,4675
44605,4011
58200,4610
36430,4685
45378,9903
23515,7933
26615,7929
45550,4576
45550,4875
90935,1475
67051,3995
90935,1474
24800,8345
59094,_
33610,3799
23530,7981
61107,125
PO701,_
11043,5061
03421,6849
03421,6561
03421,_
58925,5980
52332,6529
58925,5732
24685,8309
24685,9820
11011,7932
24685,8302
24685,8339
24685,8628
11000,125
11000,124
67710,802
65410,1122
36450,8753
47610,9901
36450,5122
NET78,8382
54600,6250
49080,6529
61501,125
49507,6310
58200,9971
36430,4011
58200,9903
23184,7762
27886,8345
29358,7936
27823,9353
29358,7819
11000,8332
46255,4912
46255,4911
39520,5380
27290,8628
11043,8519
27290,8345
75953,3891
75953,8839
06808,_
26600,7936
27535,7903
26600,7817
52620,6029
64831,7760
64831,8309
64831,9820
11012,430
64831,7710
64831,8302
64831,8339
64831,8628
23515,7981
23552,7929
11420,8309
11420,8345
11420,9820
11011,8630
11420,8302
11420,8339
11420,8628
AO998,_
27507,4563
27130,8345
17100,8630
C19H1,_
27488,8006
27488,8456
60375,_
27603,8411
11044,7932
25525,8345
44143,5300
27380,7760
27380,8309
27380,8345
27380,9820
27380,7710
27380,8302
27380,8339
27380,8628
25263,8628
25263,8345
12051,5061
47360,1840
47360,2751
47360,881
12051,3886
47360,2181
47360,8659
25611,7933
26615,7912
25611,7923
11044,7905
27502,7935
27236,7905
27495,8345
29345,8077
29345,8017
43500,4300
43500,9803
64727,7760
64727,8309
64727,8345
64727,9820
11012,449
64727,7710
64727,8302
64727,8339
64727,8628
49000,7491
59100,5423
49000,6800
59100,5411
DA983,_
50543,711
50543,730
60650,5540
50543,5421
50543,729
69433,2211
31237,2001
69433,2121
P0000,8628
P0000,8345
25125,7763
25125,7809
26727,7934
26735,7819
26727,7924
DG46,_
49505,4610
40761,2754
40761,2756
45307,4823
45307,9804
35180,3953
31640,9605
31645,3201
31640,3323
27220,7936
27220,7817
74475,5512
74475,8839
69955,442
69955,450
69955,479
27511,7855
CR015,_
27230,7925
43268,8753
NAT81,5293
47610,_
43268,5122
NAT81,8753
47610,5293
43268,_
NAT81,5122
NAT81,_
28290,7759
28290,7798
61314,3121
II01,_
03390,7499
15732,4040
38724,8669
15732,4021
38724,8382
25315,8399
27090,7760
27090,8309
27090,8345
27090,9820
11012,8005
27090,7710
27090,8302
27090,8339
27090,8628
23500,8628
11043,7909
23500,8345
11000,7925
23491,8628
11043,7852
23491,8345
74350,4311
29848,8345
62190,379
28024,7938
28525,8018
11000,8604
21502,8628
11000,7781
65810,1289
65280,1291
65280,1472
XA,7989
28645,_
11044,7989
XA,7760
58600,4563
27440,8147
50592,5533
31600,5421
43653,3121
31600,4319
27441,8076
27441,8086
27441,8147
17900,7935
27513,_
17900,7815
17900,_
17911,_
25805,8126
32653,3409
29505,_
35612,3922
54500,6211
XN185,_
28113,7789
28113,8628
28113,8345
11000,4901
50393,5980
44322,3893
NEU07,_
37780,3889
27244,7925
60252,650
60271,4040
58700,6840
59525,6651
58700,6839
10160,8628
11043,8601
10160,8345
67314,1511
CL,_
59614,_
27386,8381
11043,8037
27620,8345
52700,6000
29823,8082
31500,5136
31500,5270
53200,5823
27310,7935
27514,8016
27310,7815
45303,4912
46280,9622
45303,4911
45303,4993
46280,4823
29894,9820
11422,5980
52332,8630
11422,5732
55680,6073
50010,5600
50010,5732
29358,7860
57530,6740
44125,5310
49522,4639
44125,5300
24164,7863
54550,6270
54520,6200
54550,6230
31032,2263
31254,2231
31032,2219
11042,7925
43259,4639
43259,5299
48001,8874
43259,4319
43259,5103
61760,293
NER55,_
27759,7939
28420,7936
27759,7809
15736,9357
NSDO1,_
02410,_
44143,8628
11000,4575
11040,3991
35701,8628
11040,3802
JJ189,_
26750,7760
26750,8309
26750,9820
11012,7904
26750,7710
26750,8302
26750,8339
26750,8628
58720,6551
33645,3799
53230,5839
11010,7925
11010,7815
11010,8152
28210,8381
28210,8309
28210,8345
28210,9820
11011,8381
28210,8302
28210,8339
28210,8628
56605,6829
68110,1049
68320,1031
68110,1044
26615,8286
26356,7923
31780,3179
22845,7859
15100,8609
16035,8669
70970,_
31766,3179
11765,7760
11765,8309
11765,9820
11012,8623
11765,7710
11765,8302
11765,8339
11765,8628
58600,7430
59136,6639
67052,1371
66987,1370
66505,1211
66505,1371
66982,1211
66505,1330
BS822,7760
BS822,8309
BS822,8345
BS822,9820
BS822,7710
BS822,8302
BS822,8339
BS822,8628
BS822,_
50130,5502
50040,5511
50130,5501
AJ129,_
24495,8345
27030,7860
27181,7855
11762,7710
11762,8302
11762,8339
11762,8628
44615,4500
44615,4679
44615,4685
32408,_
11042,6270
11042,6230
47605,5425
25620,7936
27535,7932
25620,7817
33310,7949
27507,7975
27193,3711
33310,7935
27507,7909
33310,7975
27507,3711
27193,7935
33310,7909
27507,7949
33310,3711
ERC50,_
BREASTCANC9,9925
96408,_
ERC50,9925
BREASTCANC9,_
12052,9357
16010,1840
16010,2751
16010,881
16010,2181
25611,7932
91034,8939
NAI84,_
25611,7760
25611,8309
25611,8345
25611,9820
11012,7912
25611,7710
25611,8302
25611,8339
25611,8628
27513,9820
27513,8309
23700,8192
23700,8396
20610,9326
23700,8191
23700,8394
26591,8401
11000,8289
26591,407
26952,8289
00800,_
61595,299
61595,442
65880,1234
27151,7735
27151,7739
06800,_
43246,139
61570,4311
43246,125
ICD10,_
20670,9357
27530,8192
27530,8396
20610,7906
27530,8191
27530,8394
01410,7759
70207,_
57081,7360
70207,7360
57081,7759
01410,7360
70207,7759
57081,_
77401,9925
77421,9925
32663,9605
31645,3241
32663,3323
ZK760,_
26356,8403
26910,8251
37182,3910
67052,1372
66985,1370
50070,5501
36450,5779
51590,9901
26607,7939
23515,7913
26607,7929
31500,5423
99460,9604
31500,5411
49000,9604
66983,1471
67005,1319
52318,5600
26567,7760
26567,8309
26567,8345
26567,9820
11012,7849
26567,7710
26567,8302
26567,8339
26567,8628
27076,7769
27235,7925
39530,4610
44141,5380
39530,4572
33478,3510
33478,3526
32310,3459
44020,9971
36430,4502
44020,9903
49525,6310
33870,3958
33870,3961
58285,6879
44603,5361
49561,4673
44603,5351
11012,7955
27519,7710
27519,8302
27519,8339
27519,8628
XAV89,9820
XAV89,8628
XAV89,8659
XAV89,_
82924,_
32020,4590
44140,3409
32020,4572
90293,_
ECV89,7925
ECV89,_
62269,332
CSS,_
31575,8345
26140,8074
AZ579,_
20680,7939
23515,294
23515,9788
20680,7929
23515,7860
29358,8192
29358,8396
29358,8191
29358,8394
25151,7783
69603,2042
45307,4912
46280,9804
45307,4911
45307,4993
27530,8345
03690,_
21555,8628
21555,8345
11044,7739
27156,8345
24365,8185
28153,7789
77261,3409
32020,_
77401,3409
27750,5423
27750,5411
35103,3844
35103,3846
35103,3847
35103,3952
31600,4461
43840,3121
31600,4442
26070,8345
76080,8839
63300,8099
20969,3999
11042,8670
20969,8628
11042,3999
20969,8670
45110,5423
20902,7939
23515,7800
20902,7929
27524,7932
90935,6097
53852,3995
90935,6021
27756,7925
SO110,881
SO110,1060
SO110,_
66985,1292
66985,1473
65810,1372
66985,1291
66985,1472
27646,7767
44310,5423
49000,4620
44310,5411
90935,5569
50365,3995
27176,7955
54830,6330
61510,9604
39023,_
22310,7934
26735,353
22310,7924
11043,8430
24925,8345
25611,7936
27828,7912
25611,7817
20225,7925
27506,7749
20225,7815
20225,8152
27506,7745
61330,1609
49583,5341
49583,5349
AS272,_
21720,8319
68360,1153
61510,8628
AE861,_
29365,7860
27372,9353
29345,8016
CKDSTAGE5SECOND,_
26045,8403
26910,8212
26045,8401
75989,9041
89222,8839
75989,8909
38745,8554
19340,4023
38745,8553
45380,4912
24105,8350
11012,8414
27888,7710
27888,8302
27888,8339
27888,8628
28210,7760
28210,7710
61305,7760
61305,8628
61305,8345
49180,5502
50040,5424
49180,5501
44005,7430
59136,5459
44005,6839
31090,2188
30520,2253
31090,2150
50220,5423
49000,5551
50220,5411
66940,1292
66940,1473
65810,1359
66940,1291
66940,1472
500/3,_
67038,1371
67038,1341
31575,8628
11043,3142
36568,8345
AS524,8345
AS524,7931
AS524,8628
24579,_
AS524,7760
AS524,_
36430,6840
59525,9903
26650,7933
26615,7814
26650,7923
26426,8286
43235,5294
43264,4513
43235,5188
JI892,_
31527,2470
31527,3142
45135,4869
45135,4874
26536,8171
HT150,_
30130,2188
30520,2161
26720,7760
26720,8309
26720,9820
26720,7710
26720,8302
26720,8339
11912,_
NAN40,3491
NAN40,3404
NAN40,_
11043,3479
11043,3440
11043,7791
19271,8345
49521,5423
23460,8196
49525,6250
11955,_
64714,479
38724,640
60254,4021
49540,5390
21195,7643
27215,9971
36430,7939
27215,9903
LTCII,_
28820,8314
27245,7979
27216,7935
27245,7909
27880,9971
36430,8415
27880,9903
21345,7909
21345,9355
67228,1474
67050,1425
67228,1343
29822,8082
31600,640
60254,3121
31600,4040
62006,7499
52082,_
27178,7945
31785,3150
CF3,_
12035,8628
12035,8345
AV299,_
29015,9351
36430,8753
47610,9903
21143,7646
52327,5732
52327,5980
NES37,6849
NES37,6561
NES37,3995
MO69,_
28005,7760
28005,8309
28005,9820
28005,7710
28005,8302
28005,8339
28005,8628
OO244,_
NO809,_
15650,2749
77421,6270
54520,_
77421,6230
47562,5136
27840,7760
27840,8309
27840,8345
27840,9820
11012,7977
27840,7710
27840,8302
27840,8339
27840,8628
32665,4270
26055,8628
11043,8301
26055,8345
44120,5423
49000,4562
49000,4590
44120,5411
49000,4563
30520,2211
31237,2150
27303,7760
27303,8309
27303,9820
11012,7715
27303,7710
27303,8302
27303,8339
27303,8628
58140,9971
36430,6829
58140,9903
27513,9903
36430,6839
58180,9903
23802,8123
C19IP4,2211
C19IP4,2121
66250,881
67935,1283
66250,1060
43259,5151
43259,5183
47425,8874
43259,5104
43259,5182
19361,8546
19200,8554
UOT2,_
27507,7852
24498,7935
27507,7850
77421,3143
31535,_
77418,3143
55110,6270
54520,6100
55110,6230
12036,5440
12036,6561
20900,7939
20900,7929
04100,_
62146,204
62146,206
23100,8011
23100,8031
33617,3594
66770,1241
31535,640
60254,3143
31535,4040
96112,_
16010,4563
44120,9357
16010,4562
16010,4590
44120,8628
36450,5749
99460,4461
99460,4442
23077,9357
23077,8628
43124,4211
43124,4242
66985,1299
66995,1372
66985,1266
28825,7860
26910,7934
26735,8401
27385,8628
11043,8365
27385,8345
25525,7925
KI119,_
NET18,_
21031,7620
NAN47,5631
NAN47,5980
52335,_
NAN47,5522
NAN47,5732
NAN47,_
40530,2743
44320,5423
44320,5411
38542,5440
38542,6561
21248,7643
61512,9604
10120,4685
45378,8605
10120,4525
50650,5640
51940,5786
67107,1475
67051,1449
67051,1455
67107,1474
67051,1452
65820,1371
66987,1252
64980,_
49200,6849
49200,6561
49000,6840
59525,5411
28750,8116
59409,125
61312,7359
27828,7710
27828,8302
27828,8339
36821,6849
58150,3929
36821,6561
12041,9820
12041,8628
67880,884
67961,852
67880,8671
36450,5351
11043,3409
42300,8628
11043,2700
42300,8345
OZ380,_
24341,7760
24341,8309
24341,9820
24341,7710
24341,8302
24341,8339
24900,8669
15756,8407
24900,8332
43634,4389
45380,4341
44005,9357
16010,5459
44005,8628
33412,3522
33412,3539
29405,9357
11042,881
67935,8628
11042,1060
50951,5810
50951,5860
50951,6094
50951,8929
52601,5631
52601,9646
44180,5361
49561,5451
44180,5351
44960,6849
44960,6561
29881,8086
29877,8060
29881,8026
58951,5423
49000,4030
58951,5411
11010,8382
28525,8669
NDS01,_
51800,5759
90935,5785
51800,3995
90935,5759
51800,5785
56633,7150
31622,3491
96408,3324
31622,3404
32002,3324
31622,9925
25520,7989
27217,7902
27310,8192
27310,8396
20610,8016
27310,8191
27310,8394
55040,6270
55040,6230
BY920,_
81112,_
50100,3955
26055,8192
26055,8396
20600,8301
26055,8191
26055,8394
02441,_
21510,7719
11043,8154
27447,8345
54820,6301
54820,6392
61304,3995
61304,3893
28002,8628
28002,8345
NAZ51,9971
NAZ51,9903
NAZ51,9925
27510,7760
27510,8309
27510,9820
27510,7710
27510,8302
27510,8339
27510,8628
27727,7847
32491,3221
32491,3249
11000,1623
67400,8628
11000,1609
66852,1319
66930,1342
15931,8628
33214,3787
NET14,_
P0000,4195
38115,_
P0000,4143
66852,1371
66982,1342
50570,5521
12015,8773
50570,9645
12015,9649
50570,8659
12015,5521
50570,8773
12015,9645
50570,9649
90935,4450
43860,3995
90935,4389
26561,8670
26561,8685
11040,2752
41250,8628
11040,2551
26410,7760
26410,7710
32656,3420
32602,3459
32656,3320
26498,8256
59151,9971
36430,6563
59151,9903
53040,5891
MJ189,_
27071,7710
62120,212
58760,6679
VID19,7360
VID19,7359
29085,8345
21110,_
NAS82,9359
27814,_
NAS82,7859
27814,9359
NAS82,7936
27829,_
27814,7859
NAS82,8199
11043,7903
11011,8076
27334,8302
27334,8339
32002,8839
75980,3404
IAJ18,_
11043,4563
11043,4562
11043,4590
44120,8345
PIGBITE,_
OE877,_
60520,781
60520,782
69108,7499
06810,7499
69108,_
11000,1879
69110,8628
11000,1829
63270,340
24515,7911
24515,7732
27125,7935
27248,8152
27125,7925
21348,7809
21348,7929
11043,7798
28298,8345
44108,7499
03240,7499
44108,6970
03240,6970
44108,_
OO19,_
32186,_
C19IP4,3491
C19IP4,3404
29075,8388
27652,9353
29075,8149
26735,7789
27071,7924
43220,4292
21470,7925
28585,8345
99460,4575
75960,3990
75960,8839
29838,8082
27514,8152
27125,7815
20692,7925
27715,7837
11044,7847
27715,7760
27715,8628
11044,7837
27715,7847
27715,8345
36247,3891
50740,5586
45825,4610
45825,5843
NER06,_
50380,5561
28200,8628
29010,9351
27758,9359
27509,7936
27758,7945
26720,7936
27535,7904
26720,7817
60000,609
11000,9357
11043,4461
43840,8345
CC509,_
CR029,_
22327,7929
22327,7989
28160,8098
48146,5253
NAQ43,4610
NAQ43,4572
NAQ43,_
65101,8345
12031,8284
26432,8659
12031,7859
52240,5810
52240,5860
52240,6094
52240,8929
47600,8671
47134,5122
47600,5022
32554,_
53235,5839
27380,7936
27792,8364
27380,7817
12011,2181
12011,1840
12011,2751
12011,881
67051,1459
67108,1474
10000,7936
FV899,_
44141,9901
67825,8671
67966,891
67825,824
25492,8628
11043,7813
11000,9622
45303,8628
11000,4823
44322,9903
08205,_
53025,5810
46504,_
75957,3973
75957,8839
36430,5631
36430,5980
52335,9903
52701,_
25515,_
52701,7932
25545,_
29358,8345
27403,8628
29358,8016
27403,7760
29358,8628
27403,9353
29358,7760
27403,8345
77401,6529
NAO60,7360
NAO60,7359
NAO60,_
26607,8345
27503,8628
27503,8345
28296,7738
28296,7759
28296,7798
57240,7092
57240,6859
61615,160
43262,5136
66984,1231
65865,1330
32603,3422
IJ209,_
C19IP1,5732
52310,_
C19IP1,5700
44365,4513
44365,4514
44365,4533
27392,8313
62121,124
DZ511,_
NI259,_
C19IP1,4685
C19IP1,4525
10120,9824
54115,8605
10120,6492
11043,2759
50590,4685
45378,9851
50590,4525
49550,6561
58210,5339
49550,4030
49550,6869
58210,5329
46260,9622
46260,4823
24076,8628
24076,8345
29876,8036
29870,8076
29876,8026
27385,7760
27385,8309
27385,9820
11012,8365
27385,7710
27385,8302
27385,8339
03640,_
75009,_
94099,_
XAY92,_
27882,8628
27882,8345
11011,7760
49495,4563
67120,1672
26641,7974
06010,_
35189,3953
35184,3953
35646,3925
11011,7810
28140,8628
28140,8345
IJ189,_
44005,5361
49561,5459
44005,5351
27759,7935
12053,8671
67966,1840
67966,2751
67966,881
12053,824
67966,2181
67966,8659
C19IP2,5423
C19IP2,5411
64830,8345
27227,7979
27227,7909
58180,5459
36488,4563
43226,4292
58940,4709
44950,6539
27130,7935
27248,8151
27130,7925
62362,390
62362,8606
44960,5310
44960,5300
29345,7926
27485,7825
51030,5719
51030,5759
20692,7936
20692,7817
EW99,_
25927,8345
69020,4912
46270,1809
69020,4911
27530,7760
27530,8309
27530,9820
27530,7710
27530,8302
27530,8339
27530,8628
66982,1299
66995,1330
58720,5732
52310,6561
58720,5700
39520,5361
49560,5380
39520,5351
33875,3929
33875,3958
OO821,_
67052,1341
OO601,_
48540,5296
11043,8017
46050,4912
46270,4901
46050,4911
GJ690,_
49906,3929
49906,5474
43255,8753
47605,4233
43847,4439
43847,4495
24685,8444
36450,5631
52335,9901
36450,5522
10060,4912
46270,8604
10060,4911
24006,8012
24006,8042
44140,8628
27502,7949
12014,4590
44140,8659
12014,4572
50290,5991
26030,8628
26030,8345
49080,9971
49080,9903
20822,7934
26765,8422
20822,7924
48148,5162
39200,3430
NER16,4590
NER16,4572
NER16,_
29405,7809
29405,3999
43239,4443
43255,4514
43239,4233
11011,8036
11011,8016
11011,9829
68550,7739
68550,921
P0000,125
61314,_
P0000,124
27513,7905
03201,_
SS631,_
35800,8309
35800,8345
35800,9820
11011,3802
35800,8302
35800,8339
35800,8628
IK599,_
29055,8345
27758,7925
32114,_
CR009,_
96408,6529
NES72,_
NO4,7800
20902,_
NES72,7800
NEO32,6840
52612,5641
50546,6029
52612,5551
NEP03,7499
44005,8753
47610,5459
44005,5122
27530,7936
27535,7906
27530,7817
11000,6352
54600,8628
11000,6250
67586,1044
67586,1049
67586,1662
67586,1664
31050,125
61314,2212
25560,7932
17110,7360
17110,7359
90935,7936
27882,3995
27822,8415
90935,7819
27882,7936
27822,3995
90935,8415
27882,7819
27250,7949
27250,7909
49010,3893
IK746,_
44144,9971
36430,4613
44144,9903
11750,8689
11762,8623
11750,8669
27780,7760
27780,8309
27780,8345
27780,9820
27780,7710
27780,8302
27780,8339
27780,8628
24670,8345
28234,8313
17272,8630
58210,5361
49560,4030
49560,6869
58210,5351
26951,7924
11041,8401
11041,407
46761,4979
20805,8423
29845,8073
19340,6639
58661,8553
52317,5600
11012,8076
27334,7710
23650,9359
29058,7971
23650,9353
11043,8364
27301,8628
11043,8303
38220,9925
96408,4131
54530,5440
49522,6230
49522,5440
49255,6230
ZO809,_
26075,7934
26735,8014
26075,7924
23466,8444
23616,8196
23466,7931
JN083,_
11043,4443
43255,8345
SS424,_
27244,8989
27218,7935
27730,7827
MZ380,_
28740,8114
19240,6639
58661,8543
63003,8628
11043,309
63003,8345
LO29,_
11044,8314
27894,8628
27894,7760
25825,8126
29425,8309
29425,9820
29425,7710
29425,8302
29425,8339
49080,4563
46916,4939
50045,5501
AZ370,_
10060,4579
TLO82,_
11043,8403
25910,6849
25910,6561
25910,_
21335,2172
OO809,7499
23044,7760
23044,8309
23044,9820
11012,8011
23044,7710
23044,8302
23044,8339
11010,8381
27381,8628
ON289,_
61524,125
67912,8345
11041,889
67912,7760
11044,889
67912,8628
11041,7760
26410,7933
26410,7923
NAO80,_
NSD01,6970
NAO80,6970
NO39,_
47010,8753
47605,_
47010,5122
50900,5682
27892,7760
27892,8309
27892,8628
44141,8628
20250,7749
22800,8628
11043,8129
22800,8345
21070,7631
27880,8403
26910,8415
27880,8401
22810,8129
33542,3733
SURECLAIMSBYJ,_
57288,5940
66993,1266
66993,1490
44202,5423
58561,8782
58345,6829
58561,6999
67585,1049
67585,1662
67585,1664
XA,9357
16010,_
26255,7764
26255,7804
DZ491,_
NAN80,_
59350,5423
49000,6941
59350,5411
50580,5521
50580,5600
50580,8773
50580,9645
50580,9649
KERATOSISOBTURANS,_
BREASTCANCER,_
61312,3121
75705,8849
31622,4542
11011,7935
21041,9357
16010,7769
21041,8628
27602,7760
27602,8309
27602,8345
27602,9820
27602,7710
27602,8302
27602,8339
27602,8628
55650,6073
29405,8199
36508,_
36450,7789
63047,9901
36450,309
650/3,_
11011,7931
DN308,_
49561,5123
26055,7760
26055,8309
26055,9820
11012,8301
26055,7710
26055,8302
26055,8339
23040,8019
21330,2172
21330,7859
19200,8669
15736,8545
15100,8546
19200,8332
15736,8546
19200,8382
15100,8545
93532,3723
69955,1930
69955,2049
69644,442
69644,479
69955,1860
69955,1940
69644,450
90935,7760
32000,5425
44141,5425
04210,7360
04210,7359
11000,139
61154,8628
29065,7839
26568,9353
29065,7834
26568,7839
15770,8669
44950,6529
29851,7819
29851,8026
49651,4590
44202,5300
28024,7760
28024,8628
28024,8345
25620,8073
25105,7932
25620,8013
24685,5423
49000,7932
24685,5411
10180,8309
10180,8345
10180,9820
11011,8604
10180,8302
10180,8339
10180,8628
11040,5423
11040,5411
66600,1242
20680,2271
30580,294
30580,9788
20680,2239
30580,7860
75724,8845
36825,3805
06930,7360
06930,7359
06930,_
11010,7907
50081,5501
54861,6340
01302,_
34068,7499
00821,_
XAS06,125
XAS06,124
26116,8034
26105,8222
26116,8014
11441,2181
11441,8659
11000,7935
11000,7815
58925,5419
58925,5425
27530,7860
75741,8843
49371,_
49080,5310
49505,5425
49080,5300
36450,5104
47480,9901
36450,5103
QN323,_
44382,4514
ZE380,_
11402,8628
11402,8345
58611,6639
58661,_
58611,6561
58611,_
11011,8403
26910,8302
26910,8339
SO600,_
23466,7981
23552,8196
23466,7771
45110,6529
58952,4850
45110,5440
45110,6561
58952,4610
23146,7771
23146,7801
63056,8628
63056,8345
24620,7760
24620,8309
24620,8345
24620,9820
11012,7909
24620,7710
24620,8302
24620,8339
24620,8628
32002,3891
34111,3404
27871,8111
15220,7936
27828,8669
15220,7817
SO21,_
44100,4527
11000,8662
NA,8684
26123,8628
NA,8235
11000,8684
NA,8628
26123,_
11000,8235
NA,8662
28118,8345
C19IP2,9925
96450,_
C19IP2,331
43234,5423
43234,5411
28725,7760
28725,8309
28725,8345
28725,9820
11012,8113
28725,7710
28725,8302
28725,8339
28725,8628
28120,8345
61020,102
35266,3957
35266,8628
11043,3957
35266,8345
49320,8628
11043,5421
49320,8345
15956,8382
15956,8628
15956,8630
44314,4641
08809,_
12041,8345
25500,7760
25500,8309
25500,8345
25500,9820
25500,7710
25500,8302
25500,8339
25500,8628
21070,2220
31230,7631
21070,1651
11041,8302
11041,7710
31575,640
60254,3142
31575,4040
MO700,_
27816,7936
27792,7909
27816,7817
03425,_
65105,2181
65105,8659
33840,3864
66984,1233
65875,1330
10120,8364
28270,8605
10120,8048
27132,7860
58145,6849
58145,6561
28285,7756
39501,4461
43840,3482
39501,4442
28825,9971
36430,8411
28825,9903
37070,_
43217,4233
44602,8309
44602,9820
11012,4673
44602,7710
44602,8302
44602,8339
44143,5423
49000,4575
14001,8546
19200,8689
14001,8545
65112,1652
48545,5295
32660,3731
41015,2700
21462,8628
21462,8345
15732,9357
17263,8630
08000,7360
08000,7359
25405,7760
25405,8309
25405,9820
11012,7809
25405,7710
25405,8302
25405,8339
25405,8628
29358,7817
14825,8546
19200,_
14825,8545
14825,_
38720,6849
58150,4021
38720,6561
80023,_
11911,_
44005,6551
58940,5459
44005,6539
52240,6029
90935,5749
52601,5831
52240,3995
52240,5850
90935,5831
52601,3995
52240,6373
29345,7939
27540,9353
29345,353
40844,2491
25393,7803
25393,7833
11012,8403
26910,7710
66982,3995
90935,1330
33207,3995
90935,3776
29075,8072
24102,9353
29075,8012
26500,8271
KI517,_
25620,7935
27513,7932
67916,843
67916,8309
67916,8345
67916,9820
11011,843
67916,8302
67916,8339
67916,8628
27654,7710
27654,8302
27654,8339
27654,8628
11010,1623
37070,7360
37070,7359
58210,9971
36430,6869
58210,9903
NAN21,5732
NAN21,5700
NAN21,_
47563,8874
43259,5123
11044,8073
25105,7760
11044,8013
25105,8345
65285,1292
65815,1159
44950,9357
44950,8628
27200,7909
26785,7760
11044,7984
26785,8345
63170,309
32000,329
63170,3491
32000,309
63170,329
24324,_
EO39,7360
EO39,7359
EO39,_
24920,8314
24495,8407
24920,3803
II739,_
27816,8309
27816,8345
27816,9820
11011,7909
27816,8302
27816,8339
27816,8628
90935,8314
24495,3995
90935,3803
28456,7818
36430,5502
50040,9903
11043,407
65815,1289
65285,1291
49520,6250
67046,1474
67046,1490
67040,1475
06981,7360
06981,7359
06981,_
45309,4542
45309,4543
45309,4823
45309,4835
45309,4836
26746,8628
24685,7760
24685,7710
20805,9357
16010,8423
20805,8628
11000,8314
27310,7939
27540,8016
27310,353
14000,9357
14000,8628
40818,2749
47600,9971
36430,5122
47600,9903
50825,4590
49000,4622
50825,5423
50825,4622
50825,_
99460,4622
50825,5411
16912,_
SG10,_
27134,8345
99460,5310
49525,_
99460,5300
58561,6909
58561,6816
66825,1364
34520,3958
34520,8345
29365,8388
29365,8149
57135,6829
64704,479
44086,_
33016,_
44140,5459
90935,4029
50230,3995
90935,3807
43123,4241
43123,4255
43123,4350
49080,5459
44005,5425
27000,8312
44021,5310
49507,4502
44021,5300
43633,9971
43633,9903
44300,5423
44300,5411
XAT00,_
21502,8345
61686,3953
61512,9901
66982,1269
39531,4469
39531,5380
26412,8286
26412,8381
00001,_
15574,7760
15574,8309
15574,8345
15574,9820
15574,7710
15574,8302
15574,8339
15574,8628
43202,5294
43264,4224
43202,5188
27524,9357
63085,309
63085,8099
27295,3808
15937,8345
14021,8345
29085,7760
29085,8309
29085,9820
29085,7710
29085,8302
29085,8339
29085,8628
25130,7764
44604,5310
49509,4675
44604,5300
66987,1253
XA,9821
65275,_
XA,1151
59414,_
38724,407
42415,4021
CO7,407
42415,_
CO7,2929
CO7,_
61105,125
74741,_
26145,8345
65782,884
67961,1689
65782,8671
21315,125
61304,2171
21315,124
JU83,_
27244,7860
38220,8345
91012,_
26560,8670
26560,8685
11000,3991
11000,3800
57307,4610
57307,7073
24320,8381
24320,8388
PCOOS,_
28465,7939
23515,7937
28465,7929
12042,8309
12042,9820
12042,8302
12042,8339
36450,8959
62370,_
27884,8414
27888,8415
27884,407
11043,8401
31090,7860
28102,7769
28102,9353
29405,7769
28102,7809
75954,3995
90935,3979
11010,8401
15100,8314
25525,8669
24495,7819
15100,7932
55110,6392
55110,6200
24685,7925
NEO06,_
NO8,6651
58700,_
NEO06,6651
NO8,_
25575,7979
25575,7819
52000,5749
52000,5831
90935,5132
47721,3995
90935,4439
CC795,_
11041,6849
58150,8628
11041,6561
AT222,9357
AT312,_
20213,8628
AT222,_
AT312,8628
20213,9357
AT222,8628
AT312,9357
20213,_
27187,7925
19120,8548
19220,8521
19120,8547
19370,8599
44143,9604
31500,4575
66985,1269
66170,1372
66985,1264
25490,8628
43235,4639
44130,4513
43235,4590
06002,_
27385,8036
CR467,_
33220,3775
52276,3995
54113,_
CZ511,9925
54113,9925
CZ511,_
17099,_
NER57,8753
47563,_
NER57,5123
27792,7935
27514,7817
31631,3199
31631,3323
29075,7931
29075,7842
VDO80,_
NS9,_
27254,7929
27566,7985
27254,7796
FZ301,_
58750,6673
OO69,_
59812,6813
58100,6902
59812,6711
61600,160
75860,8867
68330,1049
31603,5421
43653,3110
31603,4319
49521,6310
11010,7905
61150,1930
61150,2049
69642,139
61150,1860
61150,1940
61150,2099
69642,124
11011,407
63013,_
20661,294
20661,295
48180,5296
27235,7760
27235,8309
27235,8345
27235,9820
27235,7710
27235,8302
27235,8339
27235,8628
45500,4879
64474,_
AO64,_
76000,_
45380,8309
45380,8345
45380,9820
11011,4525
45380,8302
45380,8339
45380,8628
63250,340
38724,3121
31600,4021
28820,8669
15734,7760
15734,8411
28820,8382
28820,8332
24350,8314
90935,3452
32652,3995
51580,5671
51580,5779
59513,7092
58270,7499
59513,6859
47562,5253
48140,5123
47562,4150
52640,5850
52276,5749
52640,5732
26785,7934
26735,7984
26650,8345
58100,6849
58150,6711
17250,8628
17250,8345
33425,3512
33425,3961
49080,5419
49080,4030
49080,5440
44050,6849
58150,4680
44050,6561
41510,2559
36430,6769
57720,9903
27658,8628
27658,8345
25260,8309
25260,9820
25260,8302
25260,8339
29876,9820
29876,8628
28705,8111
XA,4563
44850,9820
11010,5475
44850,8628
03680,_
82923,7499
03680,7499
82923,6639
03680,6639
82923,_
36488,4543
44391,3995
36488,4522
90935,4543
44391,3893
90935,4522
28300,7739
27457,7737
52649,5310
49505,6029
52649,5300
47136,5059
47136,92
47136,93
25077,8669
15756,8349
25077,8332
27448,7925
MC,_
CO29,_
30411,_
29901,_
51525,4685
45378,5719
51525,4525
11044,4461
92986,3596
90935,4514
43239,3995
LO20,_
11606,8382
31368,3029
31368,4040
52335,6849
58150,5522
11626,5980
11626,5732
58700,7430
59136,6651
61304,3121
35721,8345
46742,4899
46742,4979
NEO90,_
45380,5504
45380,5980
50080,4525
45380,5503
45380,5521
43611,4461
43840,4342
43611,4442
33570,_
39000,3491
32002,3410
39000,3404
20650,7925
27506,7860
46280,4685
45378,4911
45378,4993
46280,4525
26600,7933
26615,7903
26600,7923
43263,5115
OI249,_
28800,7760
28800,8309
28800,9820
11012,8412
28800,7710
28800,8302
28800,8339
28800,8628
36521,_
44625,5423
49000,4650
44625,5411
11010,7819
43108,4242
43108,4265
43108,4679
28825,9357
44143,6849
58150,4575
12002,7360
12002,7359
11043,7931
24586,7931
24546,7929
24586,7842
NO7,_
27077,7769
31755,3179
22600,8129
26650,7760
26650,8309
26650,9820
26650,7710
26650,8302
26650,8339
26650,8628
LO33,_
27244,7817
20956,7936
27244,3999
27244,7936
20956,7935
27535,3999
27244,7809
27645,7767
92980,3721
93508,3606
92980,3639
96406,_
33600,3510
31287,2219
31287,2252
57454,6813
23552,7710
23552,8302
23552,8339
23552,8628
31500,4461
43840,9604
31500,4442
11042,9622
11042,4823
27724,7710
27724,8302
27724,8339
27724,8628
44322,9901
27424,7796
29365,8147
27424,9353
29365,7796
27424,8147
36488,9820
11010,3893
44143,6529
58950,4610
44143,5440
44143,6561
58950,4575
35001,3842
35001,3845
35001,3952
35558,3929
19366,8546
19200,8570
19366,8545
03134,_
27637,7936
27758,7767
OZ354,_
31500,2042
28555,7760
28555,8309
28555,9820
28555,7710
28555,8302
28555,8339
28555,8628
06306,_
06530,_
67052,1239
66680,1370
40840,2491
11011,7939
25151,8345
65325,_
AT242,9357
AT252,_
11221,8212
AT79A1,8628
AT242,8212
AT252,8628
11221,9357
AT79A1,_
26910,7925
27506,8403
26910,7815
26910,8152
15951,8630
32020,125
61313,3409
32020,124
32020,8839
75980,3409
32020,8754
C19IP3,3491
C19IP3,3404
28760,7757
11012,7758
28760,7710
28760,8302
28760,8339
28760,8628
27630,8036
29870,8381
27630,8026
36145,5502
90935,3895
36145,5501
50040,3895
36145,3995
59513,7491
59100,7499
59513,6800
21347,9820
21347,8628
35518,3929
46257,4912
46270,4939
45378,5421
49650,4525
11000,460
64856,8628
11000,430
75825,8851
11403,8628
11403,8345
47556,5136
47556,5270
11042,8309
11042,9820
12015,8628
12015,8345
33851,3845
24665,7760
24665,8628
11044,7783
24665,8345
31500,5029
31500,5099
47361,9604
31500,5000
31500,5061
14061,8309
14061,8345
14061,9820
11011,8689
14061,8302
14061,8339
14061,8628
65875,1269
66170,1233
65875,1264
36852,_
32020,6849
58150,3409
43113,4242
43113,4255
P0000,3491
P0000,3404
27227,4610
44141,7935
27227,4572
11043,8662
26125,8628
11043,8235
11043,8684
26125,8345
24430,7860
25447,8175
27507,8989
27507,7939
58561,5423
58561,5411
11043,8192
11043,8396
20610,8345
49521,6250
21215,8302
21215,8345
21215,_
11012,7691
21215,7760
21215,8339
21215,9820
NAZ96,7691
21215,7710
21215,8309
21215,8628
03000,_
27524,9829
11041,7936
11041,9829
28304,7738
27598,9357
16010,8416
11042,4590
11042,4572
96408,4542
45385,4685
45378,4523
45385,4525
NAN89,_
23466,7939
23515,8196
23466,7929
27226,7760
27226,8309
27226,8345
27226,9820
27226,7710
27226,8302
27226,8339
27226,8628
27514,9829
27514,8036
21146,7646
21146,7691
49522,5425
06890,_
26416,7934
26735,8004
26416,8381
47562,4542
26860,7934
26735,8128
26860,7924
27290,7760
27290,8309
27290,9820
11012,8519
27290,7710
27290,8302
27290,8339
14300,7760
14300,8309
14300,9820
14300,7710
14300,8302
14300,8339
NAS62,7710
26765,7760
NAS62,8309
NAS62,8628
26765,9820
NAS62,7924
NAS62,7760
NAS62,8339
26765,8345
NAS62,9820
26765,_
11012,7924
NAS62,7934
NAS62,8302
26765,8309
NAS62,8345
11043,1940
69632,8345
67413,1609
67413,1610
26418,7934
26418,7924
26418,9353
64782,407
28088,8628
11043,8342
28088,8345
23515,7842
NAT84,7929
24435,7939
23515,_
NAT84,7809
NAT84,7939
24435,_
23515,7809
NAT84,7842
24435,7929
NAT84,_
26080,7760
26080,8309
26080,9820
11012,8014
26080,7710
26080,8302
26080,8339
26080,8628
52332,5501
28400,7925
62160,159
62160,127
PO32,_
24600,7979
25520,7972
24600,7902
47420,8753
47610,5104
XAV23,5423
AS399,_
31131,5411
XAV23,_
AS399,5411
31131,5423
XAV23,5411
AS399,5423
31131,_
35226,7760
35226,8309
35226,9820
11012,3959
35226,7710
35226,8302
35226,8339
38102,4150
11000,4029
11000,5641
50230,8628
11000,3807
11000,5551
43200,4685
45378,4223
43200,4525
11010,7938
36488,4594
44145,3893
50220,3893
22114,7769
12054,8403
26910,1840
26910,2751
26910,881
12054,8401
26910,2181
26910,8659
KE119,_
II842,_
AS632,8628
AS632,8345
AS632,_
IG934,_
25525,7760
25525,8309
25525,9820
25525,7710
25525,8302
25525,8339
25525,8628
43234,125
61304,4513
43234,124
11000,7789
27070,8628
11000,7785
58600,9901
36450,6639
27640,8309
27640,9820
11012,7780
27640,7710
27640,8302
27640,8339
32020,8959
43243,5294
43264,4233
43243,5188
23520,7971
90935,5029
90935,5099
47361,3995
90935,5000
90935,5061
67039,1330
AM103,_
47400,6849
58150,5000
31582,3110
31582,3169
55000,6191
55000,9929
47562,8628
11043,5123
47562,8345
ZZ992,_
61312,7929
21436,7809
11044,7859
27759,7950
21436,7760
21436,7936
11044,7809
27759,7859
21436,7950
21436,8628
21436,7859
11044,7950
21436,8345
63702,351
ZZ138,_
11043,125
33670,3554
42320,8604
35470,3950
45540,4875
11012,7802
24151,7710
24151,8302
24151,8339
24151,8628
20980,_
25611,9357
16010,7912
NO3,6759
59320,_
NEO34,6759
56740,6829
61544,124
47562,2103
30905,5123
47562,2102
66987,1452
67107,1371
66987,1449
66987,1455
67107,1341
43241,9608
44372,9607
27618,8339
28045,8630
27618,8332
10140,7759
59612,8604
29075,7939
26665,9353
29075,7814
31231,2080
69420,2121
31231,2009
30140,2188
26520,8094
36430,4563
44125,9971
36430,4639
44125,9903
77421,3409
82062,_
12175,_
14080,3995
12175,3995
14080,_
43605,4461
43840,4415
43605,4442
67038,1330
37181,3910
36430,4594
44145,9903
35122,3846
35122,3952
64708,479
43239,5151
47420,4514
15931,8345
36011,5136
36011,5270
36488,5600
21461,7760
21461,8309
21461,9820
11012,7676
21461,7710
21461,8302
21461,8339
68421,_
61315,3893
49587,5123
43234,3721
93508,4513
43234,3639
27360,7925
LO251,_
82942,_
OO321,7499
82942,7499
OO321,6639
82942,6639
OO321,_
31390,640
31390,4040
31390,3040
AY936,_
36450,5641
50220,9901
36450,5551
66821,1371
66987,1364
66821,1341
OZ302,6639
19505,5349
49585,_
19505,5341
19505,_
21431,7949
21431,9355
56440,6829
32654,3491
32002,3409
32654,3404
25676,7760
25676,8309
25676,8345
25676,9820
25676,7710
25676,8302
25676,8339
25676,8628
23120,7781
NA,8192
55355,5361
49560,_
55355,5351
55355,_
AT252,9357
01490,_
08073,_
49505,5440
66655,_
11044,8630
15933,8345
63304,8099
NBS,_
88331,8908
88331,9199
27091,8005
27091,7760
27091,8309
27091,8345
27091,9820
27091,7710
27091,8302
27091,8339
27091,8628
80090,7360
80090,7359
80090,_
11043,7937
64840,430
64840,8345
64983,_
DN185,3995
64983,3995
DN185,_
11010,8233
26415,8628
43458,4292
C19IP1,9357
C19IP1,8628
26100,8014
26100,8033
59514,7759
59612,7499
59514,7360
44320,7760
44320,8309
44320,9820
11012,4610
44320,7710
44320,8302
44320,8339
21805,7929
52000,6849
33245,3795
33245,3797
NAN13,_
BO29,_
47562,4443
43255,5123
47562,4233
23455,8345
61516,124
61516,125
67010,881
67935,1471
67010,1060
45380,8192
45380,8396
20610,4525
45380,8191
45380,8394
61510,3893
43235,8839
75980,4513
93501,3721
SO18,_
52337,5810
52337,5860
52337,6094
52337,8929
52601,5522
EA,7859
21365,_
EA,7672
EA,_
GJ189,_
CE119,_
67049,1372
66985,1380
58558,6639
58661,6816
58661,6909
58558,6561
58661,6829
24650,7932
24665,7902
24650,7783
58600,6813
58100,7499
58600,6711
59514,6813
58100,6639
59514,6711
58661,9903
28001,8345
96408,4610
44322,9925
12002,2181
12002,1840
12002,2751
12002,881
77421,9971
77421,9903
25545,7935
25545,7815
90935,139
61154,3995
27658,7760
27658,8309
27658,9820
27658,7710
27658,8302
27658,8339
37650,3889
11011,7819
31256,2211
31237,2219
31256,2121
27340,7860
44140,4513
43235,4572
67345,420
29825,8192
29825,8396
29825,8191
29825,8394
NO9,7905
27510,_
NES72,7905
68269,_
BB24,9059
99246,_
BB24,8909
BB24,_
16010,8401
NI200,_
24515,7810
20692,7931
11044,7810
44310,5310
49509,4620
44310,5300
23616,7710
23616,8302
23616,8339
23616,8628
27590,3780
33200,8417
27590,3774
31231,125
61312,2121
31231,124
24134,9820
11010,7702
24134,8628
50040,5995
51065,5501
74475,9925
67430,1601
67430,1610
28035,444
25830,7780
25830,8129
27125,9357
49520,6200
19240,8672
46288,8543
11044,8034
26105,7760
11044,8014
26105,8345
90935,4429
90935,5372
39502,3995
90935,4400
90935,4469
MCP0,_
11012,7929
27766,7710
27766,8302
27766,8339
11646,8382
OO820,6840
59525,_
OO820,6839
33130,3733
HO23,_
27557,8026
27557,8147
29885,7819
27557,7986
29885,8146
27557,7719
27557,8086
27557,7819
29885,7986
27557,8146
77261,8192
77261,8396
20610,_
77261,8191
77261,8394
33647,3571
33647,3572
11042,8669
27880,9357
16010,8415
36430,9353
29040,9903
11041,8314
21120,7668
20680,8154
27447,294
27447,9788
20680,8147
27447,7860
10140,9357
11010,7679
21407,8628
10140,8382
61312,3110
36488,4341
43244,3893
36488,4233
43235,4341
43244,4513
43235,4233
69107,_
21099,7359
69107,7359
21099,7360
69107,7360
21099,_
31575,7760
31575,8309
31575,9820
11012,3142
31575,7710
31575,8302
31575,8339
64734,403
47564,4513
43235,5123
43234,4610
43234,4575
PO30,_
31292,7719
67414,2219
31292,1609
31292,2219
77401,4590
77401,4572
31535,2219
31238,3143
31535,2100
26597,8628
11000,8670
25645,8345
49585,6849
NEO14,_
66180,1266
66992,1699
66180,1240
61597,2049
61597,299
61597,7789
25391,7803
25391,7833
12042,9971
12042,9903
XAS66,8628
AS686,_
12123,8345
XAS66,_
AS686,8345
12123,8628
XAS66,8345
AS686,8628
12123,_
54900,6383
AT009,_
08098,_
DS729,_
NAS62,7810
61626,8989
27218,9929
61626,7939
UO701,_
NAS92,7760
25645,8302
NAS92,8339
NAS92,9820
25645,_
NAS92,7710
25645,7760
NAS92,8309
25645,8339
NAS92,8628
25645,9820
NAS92,7929
25645,7710
NAS92,8302
25645,8309
NAS92,8345
25645,8628
49610,5349
ZP221,_
58180,6639
23107,8345
31225,2169
30140,2220
31225,2161
36481,4610
36481,4572
65900,1292
65815,1240
65900,1291
36450,5310
49520,9901
36450,5300
65103,8628
11043,1642
65103,8345
36488,4450
43860,3893
36488,4389
27827,7847
27715,7817
19120,8628
11043,8521
19120,8345
60522,3409
11011,8314
44141,9971
36430,4572
44141,9903
16010,8192
16010,8396
20605,8628
01132,_
49560,4590
44140,5351
11043,8349
43410,4282
45116,4590
45116,4869
21181,206
25545,7933
25545,7923
80923,_
12031,4563
60220,6813
58100,620
60220,6711
28313,7849
27238,8345
69140,1829
33401,3511
44180,6849
58150,5451
27759,7934
26735,7936
27759,7924
27823,7859
27823,9359
27823,8199
000/1,_
11044,8099
63081,7760
63081,8628
11044,309
63081,8345
90935,5504
50081,3995
90935,5503
90935,5521
61106,124
31529,3142
31529,3198
57454,6829
58558,7021
57454,6816
57454,6909
58558,6712
51575,4030
51575,5779
26600,8684
26597,7903
26600,8670
27590,3808
49525,5440
43200,4461
43840,4223
43200,4442
26230,8345
42028,_
19120,8546
19200,8521
19120,8545
48550,5260
44005,8671
48550,5459
44005,5260
48550,8671
45305,5423
49000,4824
45305,5411
47563,5293
24140,8345
31233,763
62165,2219
31233,299
46050,8628
11043,4901
46050,8345
NER22,_
44950,4461
43840,4709
44950,4442
99640,_
10060,5136
61304,139
EXCSIONOFCYST,_
27497,8628
58740,9971
36430,6589
58740,9903
44970,5310
36450,1371
66987,9901
36450,1341
43235,4912
46270,4513
43235,4911
66850,1292
66850,1473
65810,1341
66850,1291
66850,1472
54200,9929
47600,8546
19200,5122
47600,8545
96408,5749
77421,8604
10140,_
77401,8604
QP073,_
25119,7783
25000,8073
25119,8301
25000,7783
25119,8073
17286,2759
40527,8630
17286,2743
41018,125
61321,2700
41018,124
12152,_
65506,7499
02440,7499
65506,_
GH259,1371
66987,_
GH259,1341
GH259,_
14021,9357
14021,8628
21550,4685
45378,8321
21550,4525
KI590,_
15757,_
XA,8660
67036,1364
39545,9971
36430,5381
39545,9903
11012,8684
26597,7710
26597,8302
26597,8339
90935,6813
58100,3995
90935,6711
11043,3110
41145,8628
11043,2530
41145,3110
11043,4041
41145,8345
25290,8313
61581,1659
11043,2110
61581,2263
11043,2264
61581,299
11043,7699
61581,8345
64835,8309
64835,9820
11011,430
64835,8302
64835,8339
DC787,_
36488,3952
35011,3893
36488,3843
90935,5620
90935,9645
ZZ392,_
11951,_
29075,7979
29075,7902
26492,8256
26492,8381
50760,6849
58150,5675
AS099,_
XA,1371
XA,1341
NEZ72,_
74340,9608
28299,7759
28299,7798
58145,6816
58145,6909
08095,_
08095,6970
24579,7932
24665,7931
24579,7783
ICD10,5198
47552,_
ICD10,5112
20650,5810
20650,5860
20650,6094
20650,8929
52601,7810
52601,9344
20650,5732
20650,5850
20650,6029
20650,6373
52601,7860
44143,5459
44005,4575
27635,8345
27472,7925
23500,9359
29058,7909
23500,9353
27248,8628
65280,1475
67025,1159
44970,6849
58150,4701
11752,9357
16010,8623
XAS02,_
AS021,8628
39019,_
63307,8099
63307,4685
45378,8099
63307,4525
CS824,7760
CS824,8309
CS824,8345
CS824,9820
CS824,7710
CS824,8302
CS824,8339
CS824,8628
CS824,_
NAZ47,9788
NAZ47,8628
11044,294
NAZ47,7860
NAZ47,8345
NAZ47,294
11044,9788
NAZ47,7760
NAZ47,_
11000,479
51925,5784
51925,6890
25337,7925
27704,8345
15415,_
23930,8345
45384,4685
45384,4525
53420,5849
58950,5423
58950,5411
14040,9820
11010,8689
31603,8670
42227,3110
31603,2762
52281,5980
36488,711
36488,730
60650,3893
36488,5421
36488,729
25023,8345
25670,7760
25670,8309
25670,8345
25670,9820
11012,7973
25670,7710
25670,8302
25670,8339
25670,8628
26951,1289
65285,407
77421,233
62223,_
77418,233
19160,8544
19240,8523
19160,8543
AU071,_
42325,2649
29846,8083
29065,8175
29846,9353
29065,8083
29846,8175
KO735,_
28485,7934
26735,7937
28485,7924
11012,7926
27784,7760
27784,8309
27784,9820
11012,7817
27784,7710
27784,8302
27784,8339
27784,8628
50572,5521
50572,5980
50572,8773
50572,9645
50572,9649
AS930,7936
27792,_
AS930,7817
AS930,_
27333,7760
27333,8309
27333,8345
27333,9820
27333,7710
27333,8302
27333,8339
27333,8628
47562,9971
36430,5123
47562,9903
29345,8152
27258,9353
29345,7985
55400,6381
36928,_
PZ370,_
49000,5341
44950,5349
49585,5411
49000,5349
49585,5423
44950,5341
21470,7760
21470,8309
21470,9820
21470,7710
21470,8302
21470,8339
21470,8628
II19,_
11042,8076
11042,8016
NAS68,8309
15350,8339
NAS68,8628
15350,9820
NAS68,8669
15350,8302
NAS68,8339
NAS68,9820
15350,_
NAS68,8302
15350,8309
NAS68,8345
NAS68,_
11010,7902
26607,7935
27513,7913
26607,7815
66983,1232
65870,1319
66460,_
26715,7710
26715,8302
26715,8339
26715,8628
29345,8047
33422,3512
33422,3961
77421,7749
20225,_
77421,7745
31600,4850
90935,4865
45120,3121
31600,3995
90935,4595
31600,4865
90935,3121
45120,3995
31600,4595
90935,4850
20692,9357
16010,7810
29055,2181
29055,8659
50081,9901
C19IP1,7360
C19IP1,7359
36450,4029
38555,9901
36450,3991
32663,3420
32602,3241
32663,3320
52310,5749
77781,6999
14001,8544
19240,8689
14001,8543
35201,640
60254,3959
35201,4040
33545,3572
33545,3733
26373,8286
25375,7733
OU71,_
AS868,_
AV899,8660
AS868,8660
26615,8034
26105,7923
43259,8839
75980,8874
43259,8754
27310,9971
36430,8016
27310,9903
AI251,_
45300,4901
19110,6849
58150,8599
19110,6561
NEO98,_
NEO98,6909
IE119,_
21462,7989
27217,7676
21462,7939
90935,1459
67108,3995
90935,1449
OO821,7499
26011,8628
26011,8345
77401,3420
27610,7989
27846,8017
26110,7760
26110,8628
26110,8345
NEQ89,_
18530,8659
XAS06,8659
18530,_
34208,7499
01410,7499
34208,6970
01410,6970
34208,_
49522,4709
57110,7040
44960,4563
XAS02,8345
XAS02,7902
XAS02,8628
25600,_
11044,7902
XAS02,7760
11000,7949
11000,640
60254,8628
11000,4040
CR016,_
58558,9971
36430,6816
58558,9903
67121,1371
66987,1460
67121,1341
61624,7989
27217,9929
61624,7939
27501,7789
27070,7905
27501,7785
28200,7760
28200,8309
28200,9820
28200,7710
28200,8302
28200,8339
14040,7760
14040,8309
14040,7710
14040,8302
14040,8339
09930,_
31575,2080
69420,3142
31575,2009
03404,_
41060,7499
10995,_
27511,7925
75901,3893
36488,8839
23660,7760
23660,8309
23660,9820
23660,7710
23660,8302
23660,8339
23660,8628
44390,4522
44390,9804
49080,5671
58240,5425
49080,4850
49000,5760
58240,5423
49000,5671
49080,5760
49080,6880
58240,5411
27506,8669
15738,8152
27506,8382
15738,7925
11000,8152
27506,8332
15738,7815
64836,7760
64836,8309
64836,8345
64836,9820
64836,7710
64836,8302
64836,8339
64836,8628
36458,_
11010,8014
29405,7926
33511,3612
19160,8571
19361,8523
19160,8554
43268,8839
75980,5293
43268,8754
61510,4311
43246,124
26476,8255
09666,_
66666,_
90938,_
27507,7860
27792,7989
27846,7817
24200,8309
28020,9827
24200,8018
53260,5839
MCM,_
90935,5440
46917,4939
82004,_
NAS01,_
47562,5151
67036,1330
60220,3991
35761,620
60220,3800
23530,7939
23530,7929
31528,3142
31528,3198
27254,7936
27535,7985
27254,7817
17266,8630
24361,8185
24361,8444
45378,8753
47563,4525
27758,8077
23462,8196
32100,5380
39531,3328
19120,125
61314,8521
19120,124
11042,9357
27524,7809
27524,3999
2111X,_
45020,4912
46275,5400
45020,4911
31622,782
60522,3324
31622,781
25515,7925
24330,_
47605,9901
35132,3846
35132,3952
27132,7760
27132,8309
27132,8345
27132,9820
11012,8153
27132,7710
27132,8302
27132,8339
27132,8628
44143,4562
44143,4590
44120,4575
44143,4563
DM880,_
58673,5421
58660,6602
19340,8541
19180,8553
99460,139
61150,_
99460,124
25260,3991
35761,8388
25260,3800
41140,2530
41140,3110
41140,4040
SO181,_
33916,3815
33916,3961
54670,5310
49505,6261
54670,5300
16040,8684
22595,8129
11043,7982
61580,2630
61580,442
61590,2263
36450,4639
99460,9901
44130,9901
08023,_
56440,6813
58100,7123
56440,6711
28107,7769
28107,8628
28107,7809
27880,7986
68906,_
69670,1930
69670,2042
66700,1274
66700,9334
45380,4542
90935,6529
27566,7710
27566,8302
27566,8339
11043,4579
11043,4613
31536,5421
43653,3143
31536,4319
33218,3775
50820,5651
27759,7932
37039,_
20824,8421
59120,6639
58600,6549
35456,3950
19361,8544
19240,8554
35583,3929
69660,1919
48610,_
08092,7360
08092,7359
47490,8753
47610,5101
47490,5122
11308,6849
58150,8609
11308,6561
27615,8345
44204,3893
36011,1739
55860,6000
61315,3121
24341,3891
34111,8388
24341,3803
15580,8345
11000,3891
34111,8628
11000,3803
11040,8544
11040,8543
28525,7939
28420,7938
28525,7809
28735,7738
28465,8114
28735,7937
28465,7738
28735,8114
99460,3780
33208,_
99460,3772
ZO649,_
28606,8345
06202,_
35182,3953
68530,949
12002,5423
49000,8659
12002,5411
43239,8753
47605,4514
43239,5122
25620,7933
26746,7932
25620,7923
67228,899
67882,1425
67228,852
59514,7359
36145,125
61512,3895
36145,124
36568,4610
36568,1735
50913,_
50913,9925
26952,7860
20680,8401
26952,294
26952,9788
20680,407
14060,7760
14060,8309
14060,9820
14060,7710
14060,8302
14060,8339
11044,5423
49000,7760
11044,5411
33474,3513
33474,3961
54520,5421
49651,6230
08069,7360
08069,7359
08069,_
94608,_
EAI84,_
15946,7789
15946,8382
15946,8630
69700,1919
23615,7760
23615,8309
23615,8345
23615,9820
23615,7710
23615,8302
23615,8339
23615,8628
11011,7933
43800,4461
43840,4429
43800,4442
23620,9359
23620,9353
90375,9933
10060,8403
26910,8604
10060,8401
44394,4341
44180,4912
48145,4150
48145,5253
48145,5296
63046,309
63046,7789
66680,1269
66170,1239
66680,1264
27884,7760
27884,8309
27884,8345
27884,9820
27884,7710
27884,8302
27884,8339
27884,8628
14041,9357
23515,7935
27244,7929
28090,6561
36430,4341
43251,9971
36430,4233
36430,4530
43251,9903
42415,8302
42415,8339
42415,8628
58210,9901
58925,9971
58925,9903
44602,5310
11000,4673
49507,8628
44602,5300
11000,5310
49507,4673
11000,5300
47480,5151
47564,5103
27511,7760
27511,8345
16010,7789
40654,2752
41250,2759
40654,2551
26410,8233
26390,8286
26410,8171
75658,8849
II101,_
55840,5310
49520,6050
55840,5300
23600,7936
27535,7901
23600,7817
36994,_
26210,8401
NAS68,7769
26952,_
26210,407
NAS68,8401
26952,7769
26210,_
NAS68,407
11000,4563
12001,7925
27524,8152
27506,8659
12001,7936
27524,7815
12001,8152
27524,8659
12001,7815
20802,8424
57908,_
50630,5511
50020,5620
50630,5501
51040,5810
51040,5860
51040,6094
51040,8929
52601,5717
51040,5732
51040,5850
51040,6029
51040,6373
27840,7936
27792,7977
27840,7817
11041,4041
41135,8628
11041,2520
52250,5810
52250,5860
52250,6094
52250,8929
52601,5733
52601,9227
52250,5850
52250,6029
52250,6373
52601,5823
24665,7912
25611,7783
96450,9903
51535,5719
28054,8018
27147,7739
27147,7985
54515,_
27470,7925
33778,3584
27889,9357
16010,8413
27889,8628
31237,2220
31267,2211
31237,2119
31237,2262
31267,2121
29065,2181
29065,8659
66170,1371
49525,6029
36408,_
24000,7760
24000,8309
24000,9820
11012,8012
24000,7710
24000,8302
24000,8339
24000,8628
27540,7760
27540,8628
11044,353
27540,8345
33463,3514
11043,5641
50220,8345
32000,125
61312,3491
32000,124
NAS52,7760
25355,8302
NAS52,8339
25355,8345
NAS52,9820
25355,_
11012,7733
NAS52,7710
25355,7760
NAS52,8309
25355,8339
25355,9820
NAS52,7733
25355,7710
NAS52,8302
25355,8309
NAS52,8345
25355,8628
58120,7021
58120,6712
11406,8382
43235,3323
31631,4513
43235,3199
32820,3479
11043,2220
31267,8628
11043,2119
11043,2262
31267,8345
RVS11,_
00920,7935
27245,_
RVS11,7935
00920,_
27840,7926
44389,4590
NER96,_
49521,4709
29405,7925
49505,6529
58952,5310
49505,6561
58952,5300
17010,_
67108,1452
11042,5423
11042,5411
52005,5810
52005,5860
52005,6094
52005,8929
63706,8628
11043,352
63706,8345
11000,8544
11000,8543
24495,8628
NN401,_
10180,7360
10180,7359
OOO10,_
26615,8309
26615,9820
11012,7923
25270,7760
25270,8309
25270,9820
25270,7710
25270,8302
25270,8339
24546,7710
24546,8302
24546,8339
16010,8154
27447,8628
50393,5600
50393,5732
50393,5522
50393,5631
44950,5419
44950,5425
NAN39,_
NAN18,3995
76936,3995
27520,8628
27513,7909
27520,7935
11042,7909
27520,7815
26500,7760
26500,8309
26500,8345
26500,9820
11012,8271
26500,7710
26500,8302
26500,8339
26500,8628
45505,5421
27161,7735
31231,7669
69220,2121
31231,2041
46751,4979
33982,_
36014,3891
11043,8014
61601,160
61601,212
54336,5845
54336,5849
12044,8401
26951,8659
12044,407
15732,640
60254,8332
60254,8669
60254,8382
28008,9357
51010,5810
51010,5860
51010,6094
51010,8929
52601,5711
51010,5732
51010,5850
51010,6029
51010,6373
12037,8628
12037,8345
CZ038,_
KK922,_
37099,_
62270,9925
11012,4563
44120,7760
44120,8309
44120,9820
11012,4562
11012,4590
44120,7710
44120,8302
44120,8339
11044,7986
27556,7760
27556,8345
KO41,_
12047,8628
12047,8345
25316,8375
25316,8399
29880,8086
15941,7789
15941,7760
15941,8628
11044,7789
15941,8630
15941,8345
45379,4912
45379,4911
45379,4993
46280,4523
XAS91,8403
26910,_
XAS91,8401
XAS91,_
12042,9824
54115,8659
12042,6492
47610,5185
43262,5122
CR1735,4685
CR1735,4525
CR1735,_
55101,6270
55101,6230
27700,8149
AS824,_
26608,7933
26608,7923
21032,2731
19180,4023
38740,8541
25295,8391
15580,9357
16010,8660
15580,8628
27001,8312
42842,2899
11010,7810
33238,3777
90935,7491
59100,3995
90935,6800
62160,124
61140,299
62160,113
31610,212
11010,7934
27245,7925
20690,7925
27792,8152
27506,7810
26037,7934
26735,8212
26037,7924
23920,9820
11010,8408
23920,8628
32120,5423
99460,3403
32120,5411
49000,3403
32120,_
92216,_
90335,_
57389,_
53502,5841
11012,8499
25526,7710
25526,8302
25526,8339
47553,8753
47610,5112
90935,4513
43235,3995
26645,7760
26645,8309
26645,8345
26645,9820
26645,7710
26645,8302
26645,8339
26645,8628
11000,8753
11000,5122
69155,1831
69155,4040
50561,5521
50561,5600
50561,8773
50561,9645
50561,9649
C19IP3,4341
C19IP3,4233
61332,1609
61332,1623
20920,8382
23098,_
67228,1490
67041,1425
54440,9824
54115,6498
54440,6492
47600,5361
49560,5122
47600,5351
29355,9357
25184,_
21194,7643
21194,7662
21194,7691
19100,3491
32002,8511
19100,3404
57925,_
25620,7934
57925,7932
26735,_
25620,7924
57925,7934
26735,7932
57925,7924
29358,7789
27071,9353
29358,7785
43265,8753
43265,5123
11000,8548
19220,8628
11000,8547
03420,7759
75708,_
25280,8385
25280,8628
11043,8385
25280,8345
AS408,_
NET36,_
02340,7360
02340,7359
08292,7360
08292,7359
08292,_
24665,8072
24102,7783
07010,_
11043,9925
96408,8345
28120,7760
28120,8309
28120,9820
28120,7710
28120,8302
28120,8339
28120,8628
25260,8286
26356,8388
25260,8251
56405,7360
59409,7109
56405,7359
99460,4563
47801,5143
C19IP1,8192
C19IP1,8396
20600,_
C19IP1,8191
C19IP1,8394
23702,_
65210,1371
66984,1200
23570,9357
16010,7909
23570,8628
33234,3777
27814,7935
27814,7815
10180,4579
RR570,_
17927,_
46040,8628
46040,8345
23650,479
64719,7971
23650,460
67027,1475
67051,1472
01490,7360
01490,7359
06980,7360
06980,7359
06980,_
43830,9357
16010,4319
31375,3029
33974,3931
33974,3958
33974,9744
66840,1269
DZ988,_
29888,8036
29870,8145
58662,6829
29405,8388
27654,9353
29405,8149
31500,407
42415,9604
31500,2929
27816,7760
27816,7710
67040,1359
66940,1424
II29,_
25620,8499
61616,160
61616,212
11040,7935
61130,125
48155,5260
32020,3460
32650,3409
43641,4402
11000,5349
49583,8628
11000,5341
15757,9357
49566,5123
31601,125
31601,124
03320,_
03320,7499
20930,7769
31267,299
61582,2220
14186,_
43258,4685
45378,4533
43258,4525
49505,_
61519,6829
26850,8127
29365,8381
27381,9353
29365,8364
32002,4610
44144,3491
32002,4579
32002,4613
44144,3404
NEO23,_
NEO23,7499
21810,7819
58951,3491
32002,4030
32002,6849
58951,3404
20970,3999
20970,8670
11042,8411
44005,4675
44605,5459
15576,2252
31287,8670
15576,2219
64790,407
28406,7760
28406,8309
28406,8345
28406,9820
28406,7710
28406,8302
28406,8339
28406,8628
31622,3420
32602,3324
31622,3320
11011,8417
11400,5253
48140,8630
11400,4150
21121,7668
56441,9971
36430,7101
56441,9903
43268,9971
36430,5293
43268,9903
63015,8345
69436,1940
69436,2023
11000,4572
25574,7902
25620,7902
IA,_
23101,8011
23101,8031
23101,8091
27540,7710
27540,8302
27540,8339
ZO998,_
33786,3583
75756,8849
49507,6200
27590,8382
NER04,_
GI119,_
31500,5502
90935,9604
31500,5501
50040,9604
NER18,5440
NER18,6561
50250,25
50250,5532
24155,8092
75722,8845
27750,7939
23515,7906
27750,7929
68510,911
27756,9357
16010,7819
58145,6813
58145,6711
50959,5539
50959,5631
50959,5633
50959,8773
50959,9227
50959,9646
50959,9649
82162,_
15120,9820
20956,7760
20956,8628
11044,3999
20956,8345
33519,3780
33208,3929
33519,3772
11040,3780
33208,8628
11040,3772
NEO99,_
11947,_
15260,8628
15260,8345
28010,8313
52276,5810
52276,5860
52276,6094
52276,8929
11044,8185
24587,7760
24587,8345
11044,8033
32020,9357
16010,3409
12005,7860
02300,7925
SV892,8152
02300,7815
SV892,7925
02300,_
SV892,7815
02300,8152
SV892,_
36145,5980
36145,5732
52332,3895
44202,4513
43235,4562
24498,7710
24498,8302
24498,8339
24498,8628
47600,5298
43271,5122
47600,5184
27328,5310
49505,8332
27328,5300
27827,7929
00811,_
24560,9359
24560,9353
66840,1475
67051,1330
11044,4563
58300,6849
58300,6561
NSD01,6849
58150,6970
NSD01,6561
34510,8403
26910,3999
34510,8401
47562,5298
43271,5123
47562,5184
42890,2219
31292,2933
42890,1609
11043,7912
66982,1289
33690,3885
21315,8628
11043,2171
21315,8345
NAT24,_
49200,5423
49200,5411
61552,201
40845,2491
11044,8684
26597,7760
11044,8670
26597,8345
31370,3029
15953,7789
15953,7499
59513,7789
15953,8630
23700,7860
24515,3169
31584,7931
24515,3164
47015,5151
47564,5091
47015,5123
36430,4029
36430,5641
50230,9903
29345,8192
29345,8396
29345,8191
29345,8394
26075,8345
64864,430
27265,8309
27265,8345
27265,9820
27265,8302
27265,8339
27265,8628
11043,7989
53200,7759
59612,5823
53200,7360
27282,8129
27282,7925
26615,7925
27506,7933
26615,7815
26615,8152
27506,7923
CD630,_
44389,9971
44389,9903
12053,8628
16010,5641
50225,8628
AV899,7859
AV899,7672
OE119,_
20680,7925
28430,7860
77401,3404
49562,5459
27507,7745
22327,7859
21243,7650
12511,_
27914,_
81500,_
11012,8456
27488,7710
27488,8302
27488,8339
27488,8628
51600,5810
51600,5860
51600,6094
51600,8929
52601,8776
51600,5732
51600,5850
51600,6029
51600,6373
43830,5310
49505,4319
43830,5300
53980,_
31605,125
61313,3110
31605,124
03209,_
AS663,7933
AS663,7923
AS663,_
29825,8181
33400,3511
33400,3961
39508,_
56409,_
61531,293
24435,7760
24435,8628
24435,8345
45330,4685
IU071,_
44320,4643
44346,4610
44320,4642
44386,4514
27033,8345
68326,1043
49509,5459
25260,8403
26910,8388
25260,8401
SZ300,_
67800,889
67840,821
67800,820
29355,7860
C19IP1,3995
C19IP4,3995
52310,5810
52310,8929
52281,5700
52310,5860
27437,8147
25490,7932
25490,8499
25526,7813
25490,7819
25490,7939
47562,8192
47562,8396
20605,5123
47562,8191
47562,8394
AT003,8345
AT003,_
55535,5310
55535,5300
61705,3953
61705,3952
35162,3953
61705,3840
45910,9622
11043,8289
NAR68,_
10510,_
29305,7935
27511,9351
29305,7815
NORMALSPONTANEOUSDELIVERY,_
27822,7760
27822,8345
28505,7860
29425,7936
29425,7817
24136,7703
27446,8147
31636,3199
31636,3323
42820,3143
31541,2830
42820,3009
11011,8401
31625,640
60254,3324
31625,4040
65850,1269
27365,8446
XAS02,9357
DV899,_
61751,8703
61751,9230
76930,_
27175,9344
27175,9346
29450,8047
29065,8030
24101,9353
29065,8012
20956,7929
22411,_
68770,999
NO,6909
NEO13,6909
NO,_
58260,9971
36430,6859
58260,9903
30100,639
CR007,_
75660,8841
11313,8628
11313,8345
52310,5980
NAN20,5700
52337,_
52310,5522
NAN20,5600
NAN20,5980
52337,5700
NAN20,5522
52310,5631
NAN20,5732
15240,1623
67400,8669
15240,1609
49201,6639
58661,5440
49201,6561
XA,2219
XA,2100
10140,3991
35701,8604
10140,3802
49320,6829
27244,9357
59121,5459
44005,6602
59136,6561
58720,6839
27656,8389
43239,6097
53852,4514
43239,6021
29345,4610
44143,9353
29345,4575
49525,6050
55866,5300
33995,_
14586,7499
33995,7499
14586,6639
33995,6639
14586,_
43236,_
25600,9357
45305,4912
45305,4911
36825,2219
31238,3993
36825,2100
19240,8570
NAS67,8689
11760,_
11044,8689
NEZ86,4685
NEZ86,4525
67025,1479
67027,1471
11043,8344
37735,8345
49580,_
27226,7925
38120,7936
27827,4150
38120,7817
26727,8401
26952,7819
26727,407
27250,7760
11012,7975
27250,7710
27550,8192
27550,8396
20610,7976
27550,8191
27550,8394
AT824,_
43235,139
61150,4513
23470,8444
23616,8183
23470,7931
29888,7986
23332,7711
43239,5294
43264,4514
43239,5188
64837,430
61253,124
49507,4590
44204,5300
25265,7710
25265,8302
25265,8339
25265,8628
11000,4461
11000,4442
11730,9820
11010,8623
11730,8628
26356,7934
26735,8251
67050,1371
66987,1343
24426,_
08620,_
36450,5029
36450,5099
47361,9901
36450,5000
36450,5061
12011,7925
33300,3749
NEO42,_
61440,124
77421,8511
19100,_
77418,8511
33404,3593
49565,6849
58150,5351
43255,4685
66986,1474
66986,1380
27720,8628
11043,7840
27720,8345
11400,5310
49505,8630
11400,5300
27025,8345
11042,8018
26608,7979
25520,7814
26608,7902
11000,8033
12032,7360
12032,7359
29435,7936
29435,7819
43246,8628
11043,4311
43246,8345
65093,1289
65285,1631
65093,1159
27503,8152
27506,4150
38100,7905
38100,8152
27503,4150
27506,7905
38100,7815
27503,7925
44120,4593
44160,4563
28011,8313
25675,8345
KERATOSISOBTURANSRIGHT,_
29365,8192
29365,8396
29365,8191
29365,8394
69436,2211
69436,2121
50715,6849
58150,5902
50715,6561
37036,_
36430,8140
27122,9903
29065,8286
29065,8251
23550,7939
23550,7929
61510,9901
52276,5711
11423,9357
11423,8628
19101,9357
16010,8511
19101,8628
27705,7760
27705,8309
27705,8345
27705,9820
11012,7737
27705,7710
27705,8302
27705,8339
27705,8628
24435,9353
25310,8375
39501,5423
49000,3482
39501,5411
11011,5423
38220,1692
67412,9925
38220,1609
96408,1692
67412,4131
96408,1609
49080,4639
44130,5425
11042,8339
72301,125
61320,_
72301,124
72301,_
11400,6829
27524,7860
69420,2211
31237,2009
DI500,_
11011,8365
NAN17,_
LARYNGOPHARYNGEALREFLUX,_
11043,153
11043,7739
61583,8345
15732,7760
15732,8309
15732,9820
15732,7710
15732,8302
15732,8339
XAT75,_
11040,8403
27514,7810
33619,3799
26615,7934
26735,7923
38770,7040
44206,9903
C19IP3,5423
C19IP3,5411
58600,5349
49585,7499
58600,5341
59514,5349
49585,6639
59514,5341
AS320,_
43110,_
47562,4543
45382,5123
47562,4523
25575,8314
25023,7932
25575,407
65815,1490
67041,1291
11010,7676
11000,4579
29065,7911
24400,9353
29065,7732
31622,9605
31645,3324
31622,3323
NAS51,_
72108,7499
03420,7499
72108,_
AO49,_
NAN13,5980
NAN13,5732
32000,3952
35082,3491
32000,3844
49505,4709
25611,7925
11043,8209
11000,4929
46614,8628
11000,4921
02350,7360
02350,7359
02350,_
26727,_
NAS62,7819
27245,125
61312,7935
27245,124
25515,7979
27511,7932
27216,7815
25515,7935
27511,7909
25515,7909
27511,7979
27216,7932
25515,7815
04200,_
26358,7809
26358,8286
36450,4835
C19PP1,9357
C19PP1,8628
10060,7760
10060,8309
10060,9820
10060,7710
10060,8302
10060,8339
20902,7935
27513,7800
20902,7815
12041,8401
12041,407
56605,7360
59409,7111
56605,7359
19240,8595
19357,8543
10060,125
61320,8604
10060,124
44111,4500
44111,4533
21182,7646
21182,7769
21182,7809
43840,7760
11044,4442
26615,8382
15736,7933
26615,8332
26615,8669
15736,7923
45378,5751
51500,4525
31525,4530
29405,7840
27724,9353
29405,7807
29075,479
64721,9353
29075,460
19240,6849
58150,8543
21172,1689
21172,7691
50578,5521
50578,5523
50578,5539
50578,8773
50578,9227
50578,9645
50578,9649
26410,9357
16010,8286
28140,9820
11010,7798
08200,_
90935,8544
19240,3995
90935,8543
XAT00,8659
XAS02,8659
35533,3929
27334,7760
27334,8345
31225,8628
31225,8345
90935,8403
26910,3995
62270,9971
36430,331
62270,9903
42508,2629
42508,2699
NES82,7936
NES82,7819
09960,_
HE143,_
11401,5310
11401,5300
67010,1319
HH259,1371
HH259,1341
HH259,_
41000,9357
41000,8628
32442,3150
32442,3259
32442,3348
61703,3951
AS612,8628
AS613,_
41613,8659
AS613,8659
41613,8345
AS613,8345
41613,8628
12004,_
AS612,8345
AS613,8628
41613,_
23515,8183
23415,7929
26735,7679
21407,7924
26607,7760
26607,8309
26607,9820
11012,7913
26607,7710
26607,8302
26607,8339
26607,8628
27475,7749
20225,7825
27475,7745
43840,5423
49000,4442
48153,4370
32815,3342
32815,3459
32320,3342
32815,3451
NER57,5423
NER57,5411
56605,8782
58345,7111
56605,6999
24515,7939
24515,7929
31500,8753
47610,9604
31500,5122
26460,8211
49225,6849
49225,6561
49225,_
43600,4414
XAT22,9357
XAT22,8628
XAT22,_
48540,8753
47605,5296
48540,5122
27808,8036
57210,7360
59409,7071
57210,7359
EK318,4685
EK529,_
KR730,4525
EK318,_
EK529,4525
KR730,4685
EK318,4525
EK529,4685
KR730,_
36825,8753
47563,3993
36825,5123
65280,8671
67966,1159
52235,5810
52235,5860
52235,6094
52235,8929
61313,8345
11450,8382
12011,7939
23515,8659
12011,7929
49200,5419
58662,5423
43234,5104
47480,4513
43234,5103
44320,5731
LO25,_
AI62,_
43200,4542
43020,4209
43020,9802
31030,2211
31237,2239
31030,2121
12031,5423
12031,5411
31805,3171
12032,8401
12032,407
53520,5842
93545,8849
75716,8857
93545,8848
50500,8628
11043,5581
50500,8345
35091,3844
35091,3846
35091,3952
SUBLINGUALMASS,_
ANTERIORNECKMASS,_
24615,9353
11010,7982
29065,7982
63273,340
11041,8546
19200,8628
11041,8545
14891,_
44900,6561
27230,7760
27230,8309
27230,9820
27230,7710
27230,8302
27230,8339
11762,8345
11762,7760
32000,407
42415,3491
32000,2929
C19IP2,3808
67935,1840
67935,2751
24500,7936
24500,7817
BI119,_
11010,7937
28820,8446
27780,8382
26358,8345
11040,9355
21345,8628
11040,7909
17284,8630
26055,9357
16010,8301
26490,8256
25031,8309
25031,8345
25031,9820
11011,8303
25031,8302
25031,8339
25031,8628
24515,479
64718,7931
24515,460
27468,7845
27524,8060
27332,7936
24665,8030
24101,7783
36450,7430
59136,9901
67210,1475
67025,1454
67210,1471
11011,8233
26415,8302
26415,8339
SO41,_
58140,6816
58140,6909
26952,8684
26597,407
11043,4223
43200,8345
31717,3324
31717,9605
36430,8345
11044,9971
36430,7760
36430,8628
11044,9903
67350,1501
49010,6849
44005,6529
20662,9357
16035,294
20662,8609
20662,294
16035,9788
20662,8628
20662,9788
NI251,_
49585,5310
49505,5341
35207,8286
26358,3959
35207,7809
11011,7710
43234,4543
43234,4523
29880,8628
11043,8060
29880,8345
27506,9359
27509,7815
27509,8152
27506,7945
27509,7925
AY920,_
29450,7935
29450,7815
23472,7939
23585,8180
23472,7929
NER39,5810
NER39,5860
NER39,6094
NER39,8929
52601,_
NER39,5732
NER39,5850
NER39,6029
NER39,6373
NER39,_
66985,9821
65275,1372
66985,1151
44143,7710
44143,8302
44143,8339
27506,9829
27331,7925
27331,8152
27506,8036
24685,8030
24101,7932
24685,8012
67971,889
67840,869
67971,820
26785,7932
25620,7984
ZI89,_
22851,7789
96408,1623
67400,9925
11043,9820
11011,7937
12002,4639
44130,8659
12002,4590
61556,124
25620,7929
SDZ37,_
49080,4543
45385,4513
43235,5425
49080,4523
49080,4513
45385,5425
49080,4542
27215,7815
27641,8345
29065,3391
31630,9353
29065,3323
31622,9357
16010,3324
31622,8628
47780,4563
62287,9357
16010,8395
62287,8628
28126,8345
27880,8382
35556,8345
91311,_
27590,7934
26735,8417
27590,7924
11307,8628
11307,8345
26596,8630
51040,5419
51040,5425
000/3,9971
000/3,9903
000/3,_
18532,_
63707,359
25392,7823
27335,7710
27335,8302
27335,8339
NAN05,_
36430,7430
59121,9903
AS721,_
33200,_
99460,3774
44850,6849
58150,5475
44850,6561
43234,6849
58150,4513
43234,6561
61529,125
61526,_
61529,124
61529,_
68745,982
66850,1269
66850,1264
49560,5810
49560,5860
49560,6094
49560,8929
52601,5351
11044,8154
27447,7760
11044,8147
58661,5419
58661,5425
58960,6639
58661,4030
58661,5423
58960,6561
65285,1479
67027,1159
15738,9357
63087,309
63087,8099
11010,7789
NEO00,_
33510,3780
33206,3611
33510,3776
63275,340
25922,8404
25922,8684
34282,_
65565,_
23515,3991
35761,7929
55821,5310
49507,3998
49507,6030
55821,5300
JJ449,_
27750,9357
16010,7906
43255,4513
01607,7759
57080,_
43261,5151
43261,8754
47620,5214
43261,5183
51585,4029
51585,5671
51585,5779
NEO20,_
VN189,_
28465,8345
15920,7760
15920,8309
15920,8345
15920,9820
15920,7710
15920,8302
15920,8339
15920,8628
49255,6529
47563,9901
36450,5123
43260,8753
47563,5110
43260,5123
21256,1663
21256,8345
25920,9821
65275,8404
25920,1151
36488,5349
49605,3893
36488,5341
11042,8321
27330,8628
DD500,6849
DD500,6561
DD500,_
11740,5423
49000,8604
11740,5411
96408,5423
49000,9925
96408,5411
XAS01,_
42844,2899
21501,9357
KO403,_
62100,212
NAT16,_
37609,407
42415,3882
37609,2929
37609,3882
27538,8192
27538,8396
20610,7009
27538,8191
27538,8394
23620,7971
23650,7901
21249,9357
16010,7643
31600,8628
11043,3121
31600,8345
CR018,_
04290,7360
04290,7359
43255,5294
11012,3402
32110,7760
32110,8309
32110,8345
32110,9820
11012,3349
11012,3409
32110,7710
32110,8302
32110,8339
32110,8628
11043,7817
27524,7817
27350,8302
27350,8345
27350,7815
44320,4850
12001,4195
38115,8659
12001,4143
33612,3799
15576,9357
16010,8670
15576,8628
36488,4461
43840,3893
36488,4442
83008,_
CR471,_
28606,9820
11010,7818
28606,8628
NEPHROSCLEROSIS,_
36430,782
60522,9903
65426,889
67840,1132
65426,820
41100,4685
45378,2501
41100,4525
36430,5310
49509,9903
SO500,_
CZ370,_
27742,7827
67935,1692
67412,1060
61611,3881
93530,3721
11044,7938
28525,8381
28208,7938
11044,8381
43243,4542
41007,2700
93539,8849
RVS47,5151
47564,_
RVS47,5123
RVS47,_
44120,9971
44120,9903
61313,763
62165,124
23570,7939
23515,7909
23570,7929
82107,_
22900,5361
49560,5430
22900,5351
44227,5310
49509,4650
44227,5300
69100,1879
69110,1812
69100,1829
11043,2752
41250,8345
11012,8047
27612,7760
27612,8309
27612,8345
27612,9820
11012,8385
27612,7710
27612,8302
27612,8339
27612,8628
67005,1269
66170,1471
67005,1264
58837,_
30520,2219
31240,2150
43107,4242
43107,4262
36430,6551
58943,9971
58943,9903
12057,9357
12057,8628
25905,8345
47610,4525
32002,3952
35082,3404
36450,639
28615,7911
24400,7989
28615,7732
25900,8309
25900,9820
11011,8405
25900,8302
25900,8339
29085,7934
29085,7924
21365,7760
11044,7672
11730,8345
MULTINODULARNONTOXICGOITER,_
57260,5440
57260,6561
58951,7052
57260,4030
57260,6529
57260,6849
58951,7051
EAS01,_
EAS08,8659
EAS01,8659
EAS08,_
01590,_
67052,1475
67051,1370
IV54,_
20250,8345
67010,1289
67010,1159
29065,8499
25526,9353
29065,7819
29065,7939
32655,3491
32002,3221
32655,3404
AV899,8401
AV899,407
11010,8388
90935,5731
NET88,6551
58940,_
NET88,6539
CN132,5732
CN132,_
11000,8545
23670,_
NAS42,7931
23680,_
43621,3491
32002,4399
43621,3404
23680,8041
14000,8544
14000,8543
39080,7360
39080,7359
39080,_
43320,4252
43320,4400
43320,4429
77401,5502
50040,_
77401,5501
81800,8628
27758,_
81800,8345
81800,7936
81800,_
93542,8852
11043,3324
31622,8345
21495,7929
18501,4443
43255,_
18501,4233
18501,_
AS420,7939
AV890,_
15120,8544
15120,8543
24147,7769
25085,8043
44603,7989
27217,4673
44603,7939
63913,_
36010,125
36010,124
CE835,_
67121,1490
67041,1460
29876,7986
27556,8076
29876,7819
12005,7925
ECI15,_
20680,9359
27509,294
27509,9788
20680,7945
27509,7860
36430,160
61500,9903
25425,9820
11010,7803
25425,8628
11043,4709
44960,8345
11000,8388
11000,8149
NES91,_
BO84,_
25575,7860
16010,7939
27506,125
61313,7815
61313,8152
27506,124
61313,7925
18813,_
49521,7499
21365,7936
29405,7672
21365,9353
29405,7859
21365,7817
27792,7672
38570,6639
58661,5424
42326,2649
14021,7760
14021,8309
14021,9820
14021,7710
14021,8302
14021,8339
43272,5164
AI502,_
37069,_
61533,124
AT230,8659
11201,_
93620,3726
36450,7052
57260,9901
36450,7051
99460,7079
46744,_
99460,4879
99460,5849
65275,1474
67039,1151
47605,9903
27086,9820
53912,_
58120,7759
59612,6909
44602,5361
49567,4673
44602,5351
46255,9804
45379,4946
46255,4523
37620,6849
58150,3870
37620,6561
55801,3998
55801,5850
55801,6062
55801,6373
55801,8929
44005,5349
49587,5459
44005,5341
49521,5440
11012,8446
27881,7760
27881,8309
27881,8345
27881,9820
27881,7710
27881,8302
27881,8339
27881,8628
EJ189,_
90935,5151
47612,9903
55540,5300
24331,8185
24331,8399
45400,4876
44950,6839
58180,4709
28272,8048
AS024,_
55041,5310
49509,6310
55041,5300
99460,3409
32140,_
99460,3229
27054,8628
11043,8075
27054,8345
58560,6639
58661,6822
58560,6561
AZ961,_
49562,4563
44125,5361
49562,4562
49562,4639
44125,5351
32402,3491
32002,3424
32402,3404
55060,6270
54520,6120
55060,6230
47605,5151
47605,8754
47620,8753
47605,5183
58120,7430
58600,6909
58120,6839
59136,6909
58120,6639
11000,7989
26685,8628
11000,7984
MM321,_
50393,5512
50393,5587
50393,5689
50400,5980
50393,5502
50393,5570
50393,5620
11305,9357
11305,8628
32225,3995
32002,3451
32225,3491
90935,3451
32225,3404
24500,7932
46221,4823
45317,4945
46221,4543
11041,4879
45562,8628
11041,4800
11041,8839
75940,8628
11041,3870
99460,5375
39503,_
99460,3404
22842,329
63170,7859
22842,309
16040,8345
11042,8332
43260,8839
75980,5110
43260,8754
49255,5361
49255,5351
11043,3845
35002,8628
11043,3842
11043,3952
35002,8345
66930,1475
67051,1319
21360,7934
26735,7672
21360,7924
11000,8499
EPISTAXISSECTONASALINJURY,2219
EPISTAXISSECTONASALINJURY,2100
EPISTAXISSECTONASALINJURY,_
31090,2169
30130,2253
31090,2161
P0000,5502
P0000,5501
29895,8077
HEMODIALYSISPROCEDURE,_
EE112,_
32551,_
63272,340
35693,3959
NER17,_
66982,1460
67121,1330
CI9IP2,_
19342,8548
19220,8553
36450,4461
43840,9901
36450,4442
32020,3991
35761,3409
32020,3800
25931,8403
38746,4029
11012,8071
23105,7710
23105,8302
23105,8339
23105,8628
CR025,_
26700,7760
26700,8309
26700,8345
26700,9820
26700,7710
26700,8302
26700,8339
26700,8628
IJ960,_
90235,_
35142,3848
35142,3952
SO19,_
26735,8309
26735,9820
70010,8702
10060,8544
19162,8604
10060,8543
66982,1341
NES31,_
25248,8345
24566,7760
24566,8309
24566,8345
24566,9820
24566,7710
24566,8302
24566,8339
24566,8628
90935,9820
75902,3995
27514,8364
OJ128,_
11011,8284
26432,8302
26432,8339
26432,8628
ELK27,_
IRRITABLEBOW9,4542
44394,4514
43239,_
ELK27,4542
IRRITABLEBOW9,4514
44394,_
ELK27,4514
IRRITABLEBOW9,_
21247,7643
21247,7691
35905,3865
16010,7801
11750,9357
11043,8670
20692,7932
20692,8499
25526,7810
20692,7819
20692,7939
50540,5585
50540,5587
RI101,_
31600,5810
31600,5860
31600,6094
31600,8929
52601,3121
31600,5732
31600,5850
31600,6029
31600,6373
NEP00,_
66682,1474
67052,1682
66682,1370
27226,_
AS721,7935
50014,7935
27244,_
AS868,7935
50014,_
38570,9971
36430,5424
38570,9903
49080,5136
21501,2211
31237,8604
21501,2121
15120,8309
15120,8302
15120,8339
47563,4514
43239,5123
28308,7860
23174,7702
11000,8456
11000,8006
49905,5423
49000,5474
49905,5411
43259,5251
43259,5296
48153,8874
43259,5136
43259,5270
26842,8129
26842,8175
03032,_
11041,7926
95213,_
11042,6849
11042,6561
35131,3846
35131,3995
90935,3846
35131,3952
NET78,8544
19240,_
NET78,8543
51040,139
61154,5717
51040,124
NAS62,9788
11042,_
NAS62,294
11042,9788
11042,294
NAS62,7860
36488,5671
10060,5423
49080,8604
10060,5411
10060,5425
54220,6498
27230,7860
50660,5642
KK681,8628
KK681,8345
KK681,_
52005,7092
58270,5732
58270,8773
58270,9649
52005,6859
58270,5980
58270,9646
58950,9971
58950,9903
24515,7852
24498,7931
24515,7850
44144,5423
49000,4613
44144,5411
60240,8544
19240,640
60240,8543
27665,8364
27665,8628
72310,_
61314,9901
11041,8382
27822,7817
OA20,_
11000,8446
25600,7949
77401,9605
31645,_
77401,3323
11010,7924
37063,_
26600,7925
66920,1289
65285,1319
66920,1159
47610,5188
43265,5122
NEQ90,_
24994,_
27536,8036
32141,3404
27470,9788
20680,9353
29345,7845
27470,294
29345,9788
27470,9353
20680,7845
29345,294
27470,7860
57270,7092
12034,125
90935,8659
12034,124
61304,8659
12034,3995
99946,_
INFECTEDWOUND,_
29365,9359
27509,9353
29365,7945
28150,7760
28150,8309
28150,8345
28150,9820
28150,7710
28150,8302
28150,8339
28150,8628
49000,5310
49500,5423
49000,6310
49500,5411
63016,8345
63064,309
NET79,_
27760,7936
27760,7817
27824,7760
27824,8309
27824,9820
27824,7710
27824,8302
27824,8339
27824,8628
27535,7955
27519,7817
43361,4255
43361,4289
43361,4679
25077,8073
25105,8349
25077,8013
26250,7764
36010,6529
58952,3893
36010,5425
36010,6561
49080,3893
58952,5425
36010,5440
28820,8403
26910,8411
28820,8401
CN039,_
27827,8017
CR028,_
63655,309
27758,7926
27758,7817
31231,7360
59409,2121
31231,7359
34101,3846
34101,3952
35102,3803
35102,3891
34101,3844
34101,3847
35102,3805
65208,7499
65208,_
61313,7710
61313,8302
61313,8339
15570,8345
26210,8345
45320,4542
24685,7935
24685,7815
44005,4643
44346,5459
44005,4642
52620,5850
52276,6029
52620,5732
63268,340
11043,5980
52332,8345
ONN17,_
URINARYTRACTINFECTI9,_
AS723,_
27506,8989
27218,7815
27218,8152
27218,7925
11043,6849
58150,8345
31500,5349
49605,9604
31500,5341
ACUTEOTITISEXTERNALEFT,_
24301,8377
KERATOSISOBTURANSBILATERAL,_
99360,8908
28307,7738
28307,7809
47560,5459
11012,8077
27626,7760
27626,8309
27626,8345
27626,9820
11012,8342
27626,7710
27626,8302
27626,8339
27626,8628
11042,4901
23515,7934
26735,7929
33518,3491
32002,3929
33518,3404
55040,5310
55040,5300
47605,5101
43239,5749
27524,7929
27566,7936
27524,7796
90935,3961
33877,3995
90935,3954
44140,5310
49509,4572
29065,8072
49587,9901
27228,7760
27228,8309
27228,8345
27228,9820
27228,7710
27228,8302
27228,8339
27228,8628
49496,6270
49496,6230
28297,7751
28297,7759
28297,7798
11042,3952
35011,8628
11042,3843
29425,7819
65875,1479
67027,1233
65875,1472
43830,212
11041,881
11041,1060
21340,7909
21340,859
21340,999
27659,7760
27659,8628
27659,8345
35121,8753
47610,3846
43234,4341
43234,4233
38102,4610
44143,4150
38102,4575
62010,7935
27513,202
62010,7815
24530,8345
45383,4530
33025,3491
32002,3712
33025,3404
16129,_
AZ472,_
65810,1371
66987,1291
66987,1472
27507,7932
49505,4590
44140,5300
49558,5329
47562,5339
49558,5123
47562,5329
49558,5339
33780,3572
33780,3584
43100,4232
43100,9820
11010,4232
43100,8628
57061,6829
77421,9901
27245,7929
27566,7932
27245,7796
25515,7929
27566,7935
27245,7932
25515,7796
24538,7931
24546,7852
24538,7842
57510,6829
SO14,_
CR019,_
26727,9357
27295,7925
27507,9788
20680,7936
27507,294
27758,9788
20680,7935
27758,294
KERATOSISOBSTURANS,_
25520,7932
25520,8499
25526,7902
99460,8382
28525,8401
26952,7938
28525,407
99460,5551
57556,7051
57556,7092
11000,2219
31238,8628
11000,2100
33015,3724
32604,3712
33015,3422
27535,7926
65110,8628
61512,1651
65110,125
11000,1651
65110,124
17262,8630
69310,1930
69310,2042
67025,1472
33322,3931
33322,3961
38100,8345
26720,7934
26735,7904
26720,7924
19350,8544
19240,8587
19350,8543
67039,1372
63042,9357
16010,309
16010,8051
63042,8628
24200,9820
11010,9827
24200,8628
52310,6094
52310,5850
52310,6029
52310,6373
25575,125
61313,7932
25575,124
55862,4010
55862,4029
55862,6000
11043,8229
62230,8628
11043,242
62230,8345
12044,8628
12044,8345
52630,5810
52630,8929
52281,6029
52630,5732
52630,5860
27590,7745
24685,7931
24685,7842
22843,8345
11010,7931
50551,5521
50551,8773
50551,9645
50551,9649
11010,4590
23480,7801
23485,7851
23600,8628
11043,7901
23600,8345
27506,7809
21366,7815
21366,8152
27506,7672
21366,7925
21557,9357
21557,8628
GN083,_
11044,8030
24101,7760
11044,8012
24101,8345
11042,2749
11042,7631
41155,8628
11042,2530
11042,4040
69631,2099
59812,7759
59612,6902
56440,7360
59409,7123
56440,7359
37074,_
45317,8628
11042,4543
47802,4639
47802,5299
48001,5137
47802,4319
47802,5103
14000,8345
21325,2241
50555,5521
50555,5523
50555,8773
50555,9645
50555,9649
24685,8152
66840,1364
21131,8628
21131,9357
21131,_
35142,8345
43244,4443
43255,4341
28485,7939
28485,7929
32020,4610
44141,3409
43116,4241
06410,_
ACUTEBACTERIALRHINOSINUSITIS,2211
ACUTEBACTERIALRHINOSINUSITIS,2121
ACUTEBACTERIALRHINOSINUSITIS,_
27506,5423
49000,7815
49000,8152
27506,5411
49000,7925
RFRHD1,_
CR325,1371
CR325,1341
CR325,_
52310,3995
90935,5700
II259,_
IJ690,_
36450,5960
27507,7929
12035,8154
27447,8659
12035,8147
55700,6270
54520,6011
55700,6230
66987,1289
65285,1341
16040,8604
10140,8630
ZI500,_
11000,9814
31530,8628
11000,3142
NAR22,_
NEP05,_
47460,5149
47460,5182
47460,5183
14000,7859
21196,8689
14000,7643
24515,7936
27535,7931
24515,7817
20956,7710
20956,8302
20956,8339
19180,5253
48140,8541
19180,4150
C19PP3,125
C19PP3,124
21440,9357
16010,7675
21440,8628
49200,9971
49200,9903
JJ209,_
43239,8628
11043,4514
43239,8345
51570,5502
50040,5779
51570,5501
NSD,_
52318,9971
36430,5700
52318,9903
58720,8544
19240,6561
58720,8543
38380,4064
21930,8628
21930,8345
27040,5423
49000,8321
27040,5411
11012,8034
26110,7710
26110,8302
26110,8339
NEO21,_
NAS06,_
AS060,8628
AS060,8345
AS060,_
27580,7986
11042,8122
27580,7819
11042,7986
27556,8122
27580,8628
50780,5423
49000,5674
50780,5411
52340,5732
52340,5800
52340,5831
SDO75,7360
SDO75,7359
SDO75,_
67120,1474
67052,1672
67120,1370
12001,125
12001,124
29345,7749
20225,9353
29345,7745
28546,7818
83312,_
04410,_
11043,7924
44005,6840
59525,5459
15576,8345
20245,7925
43246,9971
36430,4311
43246,9903
49525,6561
58210,5310
49525,4030
49525,6869
58210,5300
57135,7052
49521,9901
54670,9820
11010,6261
54670,8628
AS802,_
62811,_
45337,4514
43239,4524
36450,4443
43255,9901
ZZ302,6639
ZZ302,7360
ZZ302,7359
81548,_
CS024,_
ES060,_
02100,_
20650,7936
27827,7810
27827,9344
20650,7817
27827,7860
90935,650
60270,3995
90935,639
NSVD,_
52332,7430
59135,5732
42894,2999
27615,8309
27615,9820
11011,8349
27615,8302
27615,8339
27615,8628
59513,9623
46940,7499
59513,4939
NER91,_
67961,1610
67430,8671
64834,430
28122,9357
16010,7788
20057,5810
20057,5860
20057,6094
20057,8929
20057,5732
20057,5850
20057,6029
20057,6373
20057,_
28320,7848
11044,8077
37565,3882
41874,8345
36540,_
49084,_
11000,7955
27049,5310
49521,8339
27049,5300
34360,_
34360,9971
34360,9903
90935,8321
27330,3995
90935,8016
12004,5423
12004,5411
24516,7925
27506,7931
65150,1662
46258,4525
61557,124
OOO1,5423
58700,5440
OOO1,6651
58960,_
58700,4030
OOO1,5419
OOO1,5440
58960,6651
OOO1,4030
OOO1,5425
OOO1,_
00199,_
04321,6959
59814,_
00199,6959
04321,_
45300,4622
50825,4824
45300,4590
58820,6591
90935,9605
31645,3995
90935,3323
68325,1049
58145,6839
11042,8604
11042,7781
11042,7979
11042,7902
26116,8403
26910,8222
26116,8401
28140,7760
28140,8309
11012,7798
28140,7710
28140,8302
28140,8339
25620,125
25620,124
99460,379
63741,_
99460,371
26990,8628
11043,8115
26990,8345
27158,7739
47552,5151
47552,8754
47620,5112
49507,4563
49507,4562
52332,6840
59525,5732
43848,4496
68115,1049
68115,1044
33845,3845
NAT31,_
38101,5423
49000,4143
38101,5411
50970,5810
50970,5860
50970,6094
50970,8929
50970,8773
50970,9649
72107,_
58081,7359
72107,7359
58081,7360
72107,7360
58081,_
JO69,_
OI101,6813
OI101,6711
OI101,_
11040,4610
44206,8628
11040,1735
52332,5700
44920,_
19240,8571
19361,8543
66840,9821
65275,1330
66840,1151
65285,1200
52276,5700
96408,5504
50081,9925
96408,5503
96408,5521
26567,7934
26735,7849
26567,7924
14041,2181
14041,8659
52310,5521
52310,9645
44187,8628
11043,4620
44187,8345
42226,2762
42226,8670
48005,5253
48140,5260
48005,4150
09099,7359
69108,7359
09099,7360
01410,7359
69108,7360
09099,_
46225,_
78010,_
43235,4443
33241,3799
21256,7739
61539,124
49080,1371
66984,5425
49080,1330
66840,1264
90935,9608
44372,3995
43265,5179
47711,5188
43265,5169
25574,8499
25927,8628
62117,124
62117,204
36825,4542
58150,7051
52275,5810
52275,5860
52275,6094
52275,8929
11308,8628
11308,8345
05043,_
49557,5329
44005,5671
RO40,_
58150,5423
58150,6551
58943,6849
58150,4011
58150,6651
58943,6561
32020,5641
50220,3409
32020,5551
44604,5423
49000,4675
44604,5411
69310,2049
28445,8077
27625,7939
28445,8017
46080,4912
46270,4959
46080,4911
NEP23,_
31500,5132
47721,9604
31500,4439
21433,125
61314,7950
21433,124
45315,5502
50040,4542
50040,4823
50040,4836
45315,5501
50040,4543
50040,4835
11011,8753
47605,8302
47605,8339
47605,8628
27827,7935
11042,8414
NER68,_
11042,7949
11311,1371
66987,8609
11311,1341
21355,8628
11043,7671
21355,8345
11042,460
11042,430
66850,1490
26727,7979
25520,7819
26727,7902
11000,8672
46288,8628
11000,4973
92997,3950
12002,4195
12002,4143
20936,7789
63047,7809
20936,309
27071,7760
44393,4513
43235,4522
36430,3491
32002,9903
20610,8086
27441,8192
27441,8396
20610,8076
20610,8147
27441,8191
27441,8394
24147,8345
12004,7932
59136,6589
58740,6839
11423,8345
11000,7986
96408,7749
20225,9925
96408,7745
27222,_
44188,5423
44188,5411
66987,1265
66160,1341
28600,9820
11010,7979
28600,8628
26130,7760
26130,8309
26130,8345
26130,9820
11012,8073
26130,7710
26130,8302
26130,8339
26130,8628
26593,8219
99460,4594
44145,_
99460,4579
12044,2181
12044,1840
12044,2751
12044,881
47563,9604
31500,5123
43268,5136
38500,6849
38500,6561
64857,430
36822,_
11401,8628
11401,8345
25575,8388
25265,7932
25575,8382
RHD13,_
63650,393
63800,_
32251,_
49507,9901
HO28,_
27652,7710
NER19,_
OS370,_
73063,_
21050,7650
52335,5641
59514,5423
59514,5411
11100,8544
19240,8611
11100,8543
99480,_
43564,_
33692,3452
32652,3581
33692,3339
43234,4590
43234,4572
28465,7760
28465,8309
28465,9820
28465,7710
28465,8302
28465,8339
28465,8628
27750,4610
44143,7906
27750,4575
47610,4514
49502,5423
49502,5411
11040,1289
65285,8628
11040,1159
28030,407
67025,1490
67041,1471
65280,1471
70008,_
XAS82,_
II109,5310
II109,5300
II109,_
77261,9925
11011,4673
67121,1475
67051,1460
31500,5104
47480,9604
31500,5103
54420,6498
91892,_
67911,884
67961,838
67911,8671
23174,8345
26455,8313
26735,8381
26420,7924
44345,4850
45110,4643
44345,4610
27403,7936
27403,7817
KK529,_
61305,3893
66500,1371
66500,1341
10272,_
11040,8345
11040,7760
43234,8192
43234,8396
20610,4513
43234,8191
43234,8394
27745,7860
HE143,1475
HE143,1471
66850,1459
66850,1449
47362,5099
36486,_
07027,7360
07027,7359
07027,_
27466,7845
00000,_
49520,5810
49520,5860
49520,6094
49520,8929
19160,4590
44140,8523
19160,4572
37042,7360
37042,7359
37042,_
38770,5423
38770,6551
11426,4040
11426,4021
31420,3021
SO24,_
AS430,_
25927,7760
25927,8309
25927,9820
25927,7710
25927,8302
25927,8339
11011,9357
27511,7905
27502,7815
77401,8628
61140,_
11000,113
77401,124
61140,8628
77401,113
01308,_
00099,_
27507,7855
27358,7935
27507,7762
19200,8544
19240,8545
00950,7360
00950,7359
00950,_
15240,7934
26765,8669
15240,7924
38720,7760
38720,8309
38720,8345
38720,9820
11012,4021
38720,7710
38720,8302
38720,8339
38720,8628
11043,9622
45303,8345
35571,3929
11011,7715
010/3,_
65222,9822
65210,9821
65222,1200
OO64,_
ZT000,_
25560,9357
41150,2530
21246,2749
41150,7631
61712,299
58180,7499
11421,6813
58100,8630
11421,6711
47600,8754
61320,9901
11012,8321
27330,7710
27330,8302
27330,8339
44603,7935
27514,4673
44603,7815
59814,9971
36430,6959
59814,9903
27826,9353
AN185,_
11000,7974
11000,7814
24138,7709
47556,8753
47605,5198
47556,5122
RIN83,6849
MYOMAUTE2,_
23616,9353
26565,7860
16010,8099
21360,8628
11043,7672
21360,8345
29075,8403
26910,9353
29075,8401
51525,5810
51525,5860
51525,6094
51525,8929
51525,5732
51525,5850
51525,6029
51525,6373
27600,7760
27600,8309
27600,9820
27600,7710
27600,8302
27600,8339
18757,4610
18757,4575
18757,_
27520,9820
11010,7909
21800,7949
21800,7975
11043,9359
39280,_
47701,5149
26070,7933
26615,8013
26070,7923
CPZ13,_
65285,7925
27506,1289
65285,7815
65285,8152
27506,1159
61538,124
32488,3249
12004,8314
24065,8628
24065,8345
PZ381,_
65265,1475
67051,1402
65265,1474
XXX,_
44188,7760
44188,8339
54520,9901
36450,6270
49505,6270
49505,9901
36450,6230
24500,7931
24546,7901
24500,7842
44180,4590
44204,5451
44180,1739
90935,9910
37201,3995
80913,_
53450,5847
26665,7710
26665,8302
26665,8339
26665,8628
24530,8628
49587,5423
27120,8140
49509,4639
44130,5300
12005,7933
26746,8659
12005,7923
27680,8391
27680,8628
11043,8391
27680,8345
31781,3179
21556,9357
26746,7710
26746,8302
26746,8339
63145,_
58140,6601
59150,6829
58140,5421
49505,7092
58270,5300
57135,6813
58100,7033
57135,6711
39400,3422
39400,4011
54650,6270
54650,6230
36488,4869
45114,3893
69530,2042
69530,2059
AS024,7859
CS065,_
31603,4292
66850,404
67042,1341
27502,7926
NAS72,_
25575,7929
11044,8037
27620,7760
11044,8017
81011,7936
81011,7817
81011,_
39227,_
MASSATTHEBACK,_
62010,7760
62010,8309
62010,8345
11012,202
62010,7710
62010,8302
62010,8339
27592,7925
43235,5136
43235,5270
49495,6270
49495,6230
76055,_
57500,9971
36430,6712
57500,9903
26591,7933
26615,8289
26591,7923
45235,_
82112,_
25201,_
CE059,_
26685,7933
26615,7984
NEW19,_
11041,8456
11041,8006
26951,7819
27070,7710
27070,8302
27070,8339
32020,5136
32020,5270
64008,7499
64008,_
11042,8388
11042,8149
00010,6601
59150,_
00010,5421
00010,_
NO992,_
12002,7939
12002,7929
35566,3929
27846,7926
12055,125
61312,1840
61312,2751
61312,881
12055,124
61312,2181
20200,9357
16010,8321
20200,8628
33917,3958
23675,9359
23675,9353
27468,7760
27468,8309
27468,8345
27468,9820
11012,7845
27468,7710
27468,8302
27468,8339
27468,8628
26735,7933
26615,7924
61571,7935
27514,125
61571,7815
27792,7860
27792,294
27792,9788
20680,7817
58558,8782
58345,6816
58558,6999
47562,5104
47480,5123
47562,5103
26548,7989
26785,8172
26548,7984
12054,9357
36488,4912
90935,4993
46280,3893
90935,4911
36488,4993
46280,3995
36488,4911
90935,4912
26720,7939
23515,7904
26720,7929
31500,6849
58150,9604
31500,6561
50390,5810
50390,5860
50390,6094
50390,8929
52601,5592
50390,5732
50390,5850
50390,6029
50390,6373
24342,8373
24342,8381
RZ380,_
27236,8989
27236,7939
11044,7979
25520,7760
25520,8345
29065,3991
35761,9353
29065,3800
44055,8628
11043,4680
44055,8345
64898,450
MC509,9971
MC509,9903
MC509,_
47015,9971
36430,5091
47015,9903
90935,3699
33863,3995
90935,3599
90935,3958
03400,_
64908,7499
03400,7499
64908,_
36261,3949
11000,8034
11000,8014
96408,4029
96408,5641
50230,9925
96408,3807
96408,5551
50590,6849
58150,9851
50590,6561
58230,_
11010,7912
24665,7710
24665,8302
24665,8339
27507,7859
21365,7935
27507,7672
39545,9605
31645,5381
39545,3323
27524,7935
44005,4029
50230,5459
44005,3807
75680,8841
24670,8628
11010,7852
C19PP2,3491
C19PP2,3404
24515,7859
21196,7931
24515,7643
99460,3893
49020,3491
32002,5419
49020,3404
27758,7809
52332,9903
35495,3950
26665,7936
27759,7814
29889,7986
55535,6392
54820,6310
55535,6301
29700,_
23700,8036
90935,7925
95145,_
26715,7760
11044,7922
26715,8345
06190,_
46275,4823
32905,3334
27502,8152
34501,3959
49502,4590
44140,6310
49502,4572
28062,8344
49520,5749
52240,5310
49520,5732
49520,5831
52240,5300
31500,639
43234,5294
43234,5188
62116,206
99460,4601
99460,4869
45113,_
99460,4595
99460,4835
NAP24,_
CR033,_
92982,3780
33207,66
92982,3776
26765,8382
15736,7934
26765,8332
15736,7924
31535,6529
47562,8753
47605,5123
47562,5122
60240,3420
32602,640
60240,3320
43259,4439
43825,8874
43259,4400
27766,5423
01500,7819
49000,7929
27766,_
01500,5411
01500,7929
27766,5411
01500,5423
49000,7819
01500,_
31575,9357
16010,3142
44188,9357
44188,8628
11965,_
49520,5423
49520,6551
58943,5310
49520,4011
49520,5440
49520,6651
58943,5300
27146,7739
52400,_
66940,1289
65280,1359
66940,1159
77261,3326
32405,_
77401,3326
NI509,_
SO6A,_
32000,3961
33430,3491
32000,3524
C19PP2,9971
C19PP2,9903
HN083,_
64896,450
26735,7800
20962,7924
24600,8628
11043,7972
24600,8345
11040,6270
11040,6230
31622,3402
32100,3324
31622,3328
41899,_
DG49,_
29345,8388
29345,8149
23190,7781
AT001,_
11010,4679
44615,9820
11010,4500
11010,4685
44615,8628
69320,1860
NER02,_
31580,3169
20690,7935
20690,7815
44820,5423
44820,5411
61514,9901
25575,7989
61564,160
61564,442
54390,5845
28060,8339
28045,8344
28060,8332
28810,8401
27880,8411
26951,8415
28810,407
26951,8411
28810,8415
27880,407
27244,7805
27356,7935
27244,7762
73129,_
96445,5491
96445,9925
11043,8422
49522,4610
44141,5300
45380,5423
45380,5411
63190,309
63190,310
21406,125
61312,7679
21406,124
OP369,_
27495,8628
47420,8754
47620,5104
47420,5122
47420,5183
44950,4850
44950,6880
AW268,_
AO60,4542
27784,7925
27506,7926
IZ302,_
SO99,8382
SO99,_
27780,8199
27323,4901
27323,4912
NEQ44,5423
NEQ44,5411
61304,9604
21010,8019
11010,7814
28090,8628
28090,8345
11040,9359
11040,7945
11011,7938
37615,7360
59409,3880
37615,7359
58770,5423
49000,6602
58770,5411
57108,7040
11040,4563
47510,5294
43264,5198
47510,5188
33251,3733
33251,3961
46211,4939
19366,8572
19162,8572
19367,8570
61875,293
31602,_
65105,881
67935,1641
65105,1060
24500,8628
NEO62,_
63077,309
63077,7769
63077,8051
19180,8546
19200,8541
19180,8545
43850,4450
43341,4254
27742,7936
27828,7827
27742,7817
40842,2491
43235,8628
11043,4513
43235,8345
NSD01,2169
30130,_
NSD01,2161
ZZ80,_
01400,9903
59409,9971
01400,7359
01400,9971
36430,7359
01400,7360
01400,_
12041,884
67961,8659
12041,8671
38770,5440
38770,6529
65103,881
67935,1642
65103,1060
70270,7360
70270,7359
70270,_
NET88,6849
NET88,6561
25000,8345
27750,7925
29405,8684
26597,9353
29405,8670
24126,7763
24650,7803
24126,7902
24650,7763
24126,7803
20824,7934
26735,8421
20824,7924
38220,640
60254,4131
38220,4040
66920,1474
67052,1319
66920,1370
24600,7760
24600,8309
24600,9820
11012,7972
24600,7710
24600,8302
24600,8339
XAS09,_
NAN32,_
74360,4292
74360,8839
11000,2263
31254,8628
LARYNGEALMASS,_
63012,8628
11000,309
49000,6839
58180,5411
32420,3393
15574,8401
26951,8670
15574,407
27792,7925
27792,7815
46250,7979
25520,4946
46250,7902
26952,8411
28820,407
27560,8394
EO42,650
60271,_
EO42,639
47600,2181
47600,8659
35082,3995
90935,3844
50590,5600
50590,5980
NAN20,9851
50590,5522
50590,5732
52337,9851
50590,_
50590,5631
25260,7760
25260,7710
58740,6551
58940,6589
58740,6539
43215,9820
11010,9802
43215,8628
43202,4595
43202,4835
44152,4224
43202,4582
43202,4601
SO22,_
29065,125
61312,9353
29065,124
29044,9357
29044,8628
11043,7977
93922,_
32020,3420
32602,3409
32020,3320
SO18,2181
SO18,8659
65757,_
29876,7760
29876,8309
29876,8345
29876,7710
29876,8302
29876,8339
99460,5783
45805,_
29075,7989
26715,9353
29075,7922
61501,9357
61501,8628
21255,7646
21255,7809
20605,9326
80908,7499
80908,_
14040,8403
26910,8689
14040,8401
42237,_
12016,2181
12016,1840
12016,2751
12016,881
33720,3539
33720,3961
49255,5369
49570,5440
49255,5359
AV899,139
61154,_
AV899,124
MC819,_
68388,7150
68388,6849
56625,_
68388,6561
68388,_
60240,4040
60240,4021
43820,5251
43820,5296
48153,4439
43820,5136
43820,5270
27758,7924
27758,7934
65260,1475
67051,1401
65260,1474
OJ969,_
OIO24,_
NSD4,_
20827,8421
15740,160
61500,8670
15740,125
28525,8753
47610,7938
28525,5122
12004,7936
28820,8659
27792,8411
12004,7817
28820,7936
27792,8659
12004,8411
28820,7817
43202,4590
44140,4224
43202,4572
27050,8039
27050,8345
CR027,_
23030,8628
11043,7711
23030,8345
64726,449
64726,7760
64726,8309
64726,8345
64726,9820
64726,7710
64726,8302
64726,8339
64726,8628
11000,8381
11000,8364
27745,7936
27535,7819
27745,7817
11010,125
62005,125
61312,202
62005,124
DE638,_
90935,8309
11011,3995
90935,8302
90935,8339
25420,7860
49520,5459
49255,5459
SS913,_
31500,139
61154,9604
11012,8051
22224,7710
22224,8302
22224,8339
22224,8628
KJ304,_
27187,7760
27187,8309
27187,9820
11012,7855
27187,7710
27187,8302
27187,8339
45123,6561
79300,_
65805,1479
67027,1291
65805,1472
00399,_
21215,9357
16010,7691
26615,7989
26715,7923
64831,7933
26746,430
64831,7923
61800,_
12005,9357
12015,2181
12015,1840
12015,2751
12015,881
27625,7760
27625,8345
42310,8604
27506,3459
32320,7815
32320,8152
27506,3451
32320,7925
14020,7989
26715,8689
14020,7922
11000,4675
44605,8628
23532,7929
44316,4800
11012,8377
24301,7710
24301,8302
24301,8339
24301,8628
23515,9353
29075,7929
27409,7986
27409,7819
11043,5810
11043,5860
11043,6094
11043,8929
52601,8345
56634,4030
56634,7150
77421,3326
61512,3121
33405,3699
33863,3522
33405,3599
33405,3958
24515,7989
27217,7931
11000,7922
AE790,_
61150,125
61320,139
11011,125
61314,8302
61314,8339
80914,_
44206,9901
36450,1735
11012,8699
14350,7710
14350,8302
14350,8339
28080,407
11010,7904
CC61,6050
55866,_
CC61,5421
CC61,_
90935,5671
11012,8662
26121,7760
26121,8309
26121,8345
26121,9820
11012,8235
26121,7710
26121,8302
26121,8339
26121,8628
10140,4195
38115,8604
10140,4143
50978,5631
50978,5633
50978,8773
50978,9227
50978,9646
50978,9649
NI86,_
LO29NP43,_
27372,7860
35102,3995
90935,3847
49525,9903
OT393,_
15000,_
22201,7909
JA,8659
23500,_
12015,7909
AS420,8659
22201,_
JA,7909
23500,8659
12015,_
AS420,7909
22201,8659
JA,_
NAS93,_
06000,_
33216,3776
ZO601,7360
ZO601,7359
ZO601,_
31600,139
61154,3121
12013,7949
29425,7860
32020,3491
32020,3404
12051,8628
12051,8345
24495,7710
24495,8302
24495,8339
11010,8030
52005,6849
58150,8773
58150,9649
52005,6561
58150,5980
58150,9646
26055,9359
29058,8301
26055,9353
44310,4876
45402,4620
44310,1736
ICD,9059
ICD,8909
31631,9925
96408,3199
27497,7710
27497,8302
27497,8339
27497,9820
27497,7760
27497,8309
25035,8345
11406,5310
49507,8630
11406,5300
11012,7851
23480,7710
23480,8302
23480,8339
26607,7925
56810,_
OE785,_
43350,4210
58670,6639
44604,4850
44604,5760
43259,4685
45378,8874
43259,4525
43235,3491
32002,4513
43235,3404
49201,6849
68108,7499
68108,_
19366,8628
11043,8570
19366,8345
23490,8309
23490,8345
23490,9820
11011,7851
23490,8302
23490,8339
23490,8628
33861,3599
33861,3699
33861,3958
33861,3961
11042,3880
00210,_
46250,9622
77418,5731
12356,_
49080,5771
44320,6890
63301,8099
49900,5310
49507,5461
49900,5300
27218,7979
FI129,_
11044,7974
11044,7814
69535,407
42420,7639
69535,2632
61312,7815
61312,8152
61312,7925
SO502,_
67005,1372
SO502,1471
XA,1372
66985,1471
SO502,1372
33475,3526
28576,7819
28576,8345
58600,5459
44005,6639
08210,_
AS822,8345
AS822,7932
AS822,8628
AS822,7760
AS822,_
24500,7908
11043,7908
28510,7901
08290,_
36450,4449
43501,9901
36450,4441
29875,8036
29875,8026
33207,3528
33464,3776
44640,5310
49505,4679
44640,5300
06010,7360
06010,7359
11950,_
55720,6000
56908,6813
56908,6711
56908,_
27520,7925
31500,4563
63046,7809
11720,8699
14350,8627
11720,7756
44850,5423
49000,5475
44850,5411
25300,8388
43830,125
61313,4319
43830,124
49507,5425
27880,7925
22110,7769
14718,6813
14718,6711
14718,_
12501,_
48151,_
25574,7936
25574,7817
26992,7760
26992,8309
26992,8345
26992,9820
26992,7710
26992,8302
26992,8339
26992,8628
35045,8345
25248,7760
25248,8628
11044,7702
33247,_
22507,_
66825,1474
67050,1699
66825,1343
DS933,9357
28725,_
16010,8113
DS933,8628
28725,9357
DS933,8113
DS933,_
JM103,_
22900,5423
49000,5430
22900,5411
23532,7710
23532,8302
23532,8339
23532,8628
32656,3491
32002,3459
32656,3404
11011,8030
49080,8669
37760,5425
49080,3880
34206,7499
34206,6970
03390,6970
34206,_
75961,8839
75961,9820
29058,7851
23480,9353
48100,5253
38745,7760
38745,8309
38745,8345
38745,9820
11012,4023
38745,7710
38745,8302
38745,8339
38745,8628
67312,1590
67312,1513
11420,639
27823,8077
27625,7819
49507,5411
66630,1371
66630,1330
25600,7905
27502,7902
27759,7929
AS220,_
11000,8319
11000,8041
23020,8319
11043,8416
26720,9357
16010,7904
44141,4513
NAP21,_
SO181,8659
XAW55,8659
36488,8099
63081,3893
36488,309
33406,3995
90935,3521
15572,8628
15572,8345
99460,5732
99460,5700
58600,7092
58270,6639
11010,7989
27780,7932
27780,8499
25526,7906
27780,7819
27780,7939
47361,8753
47605,5000
47605,5061
CR006,_
XXXX,_
24930,8430
35286,3957
11010,7977
27303,7860
30049,7499
00800,7499
30049,6970
00800,6970
30049,_
50576,5521
50576,5523
50576,5539
50576,8773
50576,9645
50576,9649
AS008,_
SS605,_
AS801,_
20923,_
11010,8415
34051,3805
34051,8628
11000,3805
34051,3891
67039,1460
KK768,_
11044,7975
27250,7810
20692,7975
CK648,_
49900,8628
11043,5461
49900,8345
50080,3995
44603,8628
11043,4673
44603,8345
90372,_
43259,5198
47553,8874
43259,5112
77421,8838
76360,_
77401,8838
11042,4461
11042,4442
JJ960,_
44050,4195
38115,4680
44050,4143
03901,139
03901,124
03901,_
16034,7499
20601,_
08292,7499
16034,_
20601,7499
27497,3991
35761,8314
03220,_
52310,3893
36488,5700
58900,5502
50040,6512
58900,5501
26900,_
64740,403
ST009,_
15220,8609
27524,8199
23500,8309
23500,9820
23500,8302
23500,8339
NER47,_
25620,8086
29877,7932
25620,8026
30560,763
62165,2191
30560,299
22845,8129
22558,7859
22845,8051
29365,7760
29365,8309
29365,8345
29365,9820
29365,7710
29365,8302
29365,8339
27822,7909
27816,7819
27641,7760
27641,8309
27641,9820
27641,7710
27641,8302
27641,8339
27641,8628
09900,_
10164,_
12002,4563
32020,7925
26115,8192
26115,8396
20610,8630
26115,8191
26115,8394
XAZ39,_
39270,7360
39270,7359
39270,_
OO21,_
IUO03,_
36450,5136
26412,8302
26412,8339
26412,8628
11012,8199
27829,7760
27829,7710
11012,206
62147,7710
62147,8302
62147,8339
62147,8628
NAS81,_
49010,5310
49521,5411
44005,3491
32002,5459
44005,3404
44143,4011
58200,4575
61624,8302
61624,8345
61624,7710
61624,8309
61624,8628
11012,9929
61624,7760
61624,8339
61624,9820
11010,7780
20692,7979
27216,7810
20692,7909
32002,3958
33860,3491
32002,3599
32002,3961
33860,3404
25076,8401
26951,8332
25076,407
ZD696,5631
ZD696,5732
ZD696,_
50961,5732
52310,8773
52310,9649
50961,5700
52310,9646
11010,8403
66920,1343
54650,5310
54650,5300
48020,5209
47600,4685
45378,5122
47600,4525
52005,6529
58952,5980
58952,9646
52283,5732
52283,9923
15650,8345
26445,8211
26445,8391
35700,3999
03430,_
PO73,_
27637,9353
29405,7767
19220,8382
15734,8548
19220,8332
19220,8669
15734,8547
44143,3409
32020,4575
AV021,_
08001,_
24615,8072
24102,7982
KO28,_
77421,3324
31622,_
77418,3324
26432,479
64830,7859
20690,3402
26055,479
64721,8301
26055,460
11012,8140
27122,7710
27122,8302
27122,8339
68106,_
91080,7359
68106,7359
91080,7360
68106,7360
10140,3805
NEQ21,8753
NEQ21,5123
24365,8444
24666,8185
24365,7932
59514,4590
44120,6639
59514,4562
58600,4590
44120,7499
58600,4562
33465,3528
33465,3961
27759,7926
27759,7817
99460,8628
II498,_
27880,3995
CI269,7760
AV892,8302
38220,8309
CI269,8628
AV892,9820
38220,_
27880,4131
CI269,7710
AV892,7760
38220,8302
CI269,8345
AV892,8628
38220,9820
27880,_
11012,4131
CI269,8415
AV892,7710
38220,7760
CI269,8339
AV892,8345
38220,8628
CI269,4131
AV892,8415
38220,7710
CI269,8309
AV892,8339
CI269,_
AV892,4131
38220,8415
CI269,8302
AV892,8309
38220,8339
CI269,9820
49560,5459
XAV28,_
XAV28,8659
49080,4613
44144,3893
36488,5425
49080,4579
36488,4613
44144,5425
16010,5151
47564,8628
66250,7360
59409,1283
66250,7359
15734,8546
15734,8545
15822,835
67908,870
15822,833
67049,1682
66682,1380
29886,7719
46040,4912
58300,6829
AS018,_
27356,7925
27506,7805
27356,7815
27356,8152
27506,7762
43420,4283
49507,4639
28810,8414
27888,8411
65280,1474
67039,1159
43244,9903
ECT63,_
12035,7760
12035,8309
12035,9820
12035,7710
12035,8302
12035,8339
12282,_
IMPO1,_
36430,6050
55815,9903
43258,4543
45382,4341
45382,4533
43258,4523
45382,4530
25520,7925
27506,7979
25520,7815
25520,8152
20956,7925
27506,3999
20956,8152
20956,7815
11603,6430
54130,8630
11603,4024
57210,7092
58270,7071
57210,6859
38505,4685
45378,4011
38505,4525
27390,8313
SO64,125
SO64,124
SO64,_
44160,4610
44146,4562
44146,4593
44160,4594
NEZ90,5423
NEZ90,5411
NEZ90,_
58700,6639
58661,6651
58700,6561
EO59,_
77261,5850
52275,_
77261,5732
47760,5151
47760,5183
47425,5499
47760,5104
47760,5182
NAT14,_
26540,8345
NG02,_
28060,8628
28060,8345
28003,8345
AS828,_
CHRONICRHINOSINUSITIS,2219
CHRONICRHINOSINUSITIS,2100
30130,763
62165,2161
20690,7989
27217,7810
20690,7939
61320,8628
63001,8345
59121,9901
36450,6602
46221,4685
45378,4945
46221,4525
11044,8199
65135,1661
11000,8286
27305,8628
27305,8345
43262,4341
NER79,_
31200,2263
11644,8382
27245,7936
36488,9646
66996,1269
11043,8660
15757,8345
44186,5423
49000,4639
44186,5411
29085,7932
29085,8499
29085,7819
29085,7939
21421,9820
11010,7673
21421,8628
VN185,_
20600,4685
45378,8191
45378,8394
29065,479
64718,9353
29065,460
67051,1490
67041,1475
59409,7759
59612,7359
44314,8628
11043,4641
44314,8345
IE878,_
77421,2219
77421,2100
23395,8377
25370,7733
11010,139
33050,3731
26608,7974
23705,7360
23705,7359
23705,_
44147,4590
44147,4572
27511,9820
27235,7815
27235,7935
27511,8309
61313,3951
26860,8034
26110,8128
26860,8014
33025,3724
33025,3422
42008,7499
03210,7499
42008,_
27665,7760
27665,8381
27665,8345
67041,1371
29065,8073
25105,9353
29065,8013
C19IP1,4610
C19IP1,4572
24575,8345
29305,7949
MD432,_
81151,_
63005,8345
NAY95,_
43456,4292
11011,139
61570,8302
61570,8339
61570,8628
49085,5349
NAN18,5492
49085,5341
NAN18,5349
49580,5492
49085,_
NAN18,5341
27808,7760
27808,8309
27808,8345
27808,9820
27808,7710
27808,8302
27808,8339
27808,8628
27250,7925
49201,9971
49201,9903
NAN93,_
25620,7859
21365,7932
25620,7672
44120,5671
XZ988,5779
51595,4562
XZ988,4590
51595,_
44120,4030
XZ988,5671
XZ988,4563
51595,4590
44120,_
XZ988,4030
44120,5779
XZ988,4562
51595,4563
XZ988,_
JI893,_
NOICD,_
33735,3541
45305,4542
HE143,1371
66984,_
HE143,1330
27590,7936
27535,8417
27590,7817
62208,_
44950,4542
59402,6840
59402,6839
11000,6840
59525,8628
11000,6839
60220,4040
38724,620
60220,4021
45300,8628
11043,4824
45300,8345
19101,7760
19101,8309
19101,8345
19101,9820
11012,8511
19101,7710
19101,8302
19101,8339
43255,5980
52332,4233
31255,763
62165,2119
43202,4685
45378,4224
43202,4525
61571,8345
53220,5839
61750,9357
16010,9230
61750,8628
29871,8628
11043,8026
29871,8345
58145,9971
58145,9903
59525,5423
16010,8546
27310,7929
27766,8016
27310,7819
25515,7933
25515,7923
CATBITE,_
XS,_
26852,8127
26852,7760
26852,8309
26852,8345
26852,9820
11012,8127
26852,7710
26852,8302
26852,8339
26852,8628
11012,4620
27244,4869
44212,7710
44212,8309
44212,8628
42235,4542
45385,8670
42235,4523
42235,4543
45385,2769
90935,479
64718,3995
90935,460
77418,7789
27070,_
77418,7785
CZ988,_
49321,4685
45378,5424
49321,4525
27759,7840
27724,7936
27759,7807
28100,8345
27613,9357
27613,8628
15935,8628
27784,7809
27784,3999
20956,7926
23650,7760
23650,8309
23650,8345
23650,9820
11012,7971
23650,7710
23650,8302
23650,8339
23650,8628
10100,_
IT794,9353
OZ390,_
58300,7123
56440,6970
22800,7936
27827,8129
22800,7817
08037,_
NEO72,_
11040,5361
49561,8628
11040,5351
49560,5423
49000,5351
27030,8628
11043,8015
27514,7989
27217,7815
43271,8753
47563,5184
11043,4040
38724,8345
19160,6849
58150,8523
19160,6561
27506,7989
27217,8152
27217,7925
27800,_
61312,4311
44620,9971
36430,4650
44620,9903
VID19,6970
33472,3513
22855,7869
ZP073,_
26850,8345
62000,8345
44140,7710
44140,8302
44140,8339
12035,8669
12035,9357
15100,8659
28606,7760
28606,8309
28606,7710
28606,8302
28606,8339
22842,7760
22842,7710
27664,7929
27766,8364
27664,7819
93533,3723
25000,9357
25000,8628
27403,8309
27403,9820
27403,7710
27403,8302
27403,8339
11011,4912
46270,8302
46270,8339
23520,7860
11011,8623
44140,9604
31500,4572
49080,4709
24586,8309
24586,8345
24586,9820
11011,7929
24586,8302
24586,8339
27507,9357
11301,9357
11301,8628
20680,7855
27450,294
27450,9788
20680,7735
27450,7860
31256,2188
31256,2150
58661,5459
67971,8671
67966,869
67971,824
27606,8345
27245,7859
38500,2211
31237,4011
38500,2121
1AW54,_
AV899,9820
AV899,8628
AV899,8659
15240,8403
26910,8669
15240,8401
61314,7710
46255,9971
46255,9903
43239,5459
49562,4514
43239,5361
44005,4514
43239,5351
49505,5459
28322,7809
28322,7848
46255,9607
43241,4946
46255,4513
47381,5023
11100,8628
11043,8611
11100,8345
AU10,_
32020,4632
44373,3409
32020,4513
AT223,9357
AT223,8628
AT223,_
SO280,_
44005,4595
43243,4685
43243,4525
21462,2181
21462,8659
33533,3961
33430,3611
33533,3524
CO59/3,_
25515,7939
NAS52,8499
NAS52,7819
25515,8499
NAS52,7932
25526,_
25515,7819
NAS52,7939
44604,9357
16010,4675
EJ969,_
69380,_
11011,7934
61510,3995
11044,4590
44140,7760
11044,4572
44140,8345
61305,9901
44602,9357
16010,4673
NEQ35,8670
NEQ03,_
27520,8381
27381,7909
27520,8364
46050,4685
45378,4901
46050,4525
11041,7360
11041,7359
44950,6639
58661,4709
23552,7939
23515,7771
67010,1292
65815,1471
67010,1291
20103,8753
20103,5122
20103,_
AV299,7939
AV299,7929
42804,1940
42804,2099
69643,2912
42804,1860
42804,2049
NAS42,7851
NAS42,7939
23515,7731
23480,7939
NAS42,7731
23480,_
NAS42,7929
82088,_
C19IP3,8628
C19IP3,8345
15738,7789
27071,8332
27071,8669
15738,7785
27071,8382
35122,3893
36488,3846
24115,7762
24115,7802
NAS68,7760
NAS68,7710
NAS68,9353
27506,4590
39911,7815
44140,7925
39911,_
19366,8548
19220,8570
19366,8547
NCZ38,_
36488,4195
38115,3893
36488,4143
29065,8630
11011,8699
77421,5425
49080,_
77401,5425
75956,3995
90935,3973
23130,8345
11043,4594
44146,8628
27759,7906
27750,7936
11044,7906
RVS20,7925
RVS20,_
45378,5159
47400,4525
LZ491,_
75980,3995
90935,8754
NER00,8382
NER00,_
32141,_
99460,3221
27218,7989
27217,8989
20220,8345
19120,6849
58150,8521
19120,6561
27511,7936
22310,7860
08099,_
26952,9820
26952,8309
OO995,_
28636,8345
41005,2700
CR003,_
67445,7719
67414,1601
67445,1609
25515,7859
25515,7672
37605,3882
ZZ115,3961
33641,_
ZZ115,3571
ZZ115,_
15512,_
25270,8839
75954,8388
25270,3979
67570,442
21450,7933
26615,7675
21450,7923
61440,8628
11043,124
61440,8345
01590,7360
36406,_
01068,7359
10691,7360
01590,7359
36406,7360
01068,_
10691,7359
36406,7359
01068,7360
10691,_
27698,8364
27698,7760
27698,8309
27698,8345
27698,9820
27698,7710
27698,8302
27698,8339
27698,8628
26075,8628
27822,7859
27822,9359
27822,8199
26593,7989
26715,8219
26593,7922
21930,4530
39501,5061
47360,3482
39501,3886
11010,8314
26706,7989
26715,7819
26706,7922
21497,9355
21497,8345
35221,5641
50220,3959
35221,5551
35221,3959
02200,_
SW208,_
DF649,_
47000,9971
47000,9903
29840,8023
29840,8033
28430,8345
75994,3950
OI219,_
11040,9971
11040,9903
NA,1371
NA,1330
44174,_
SO210,125
SO210,124
SO210,_
12045,9357
56625,6839
58180,7150
19180,9971
36430,8541
19180,9903
93510,3721
93508,3722
93510,3639
11044,8444
24666,8345
44900,8628
11043,4720
44900,8345
43285,4685
43285,4525
43285,_
23106,8011
23106,8071
28111,8345
36834,3952
NAK29,_
CJ690,_
61609,3881
23150,7860
27882,7760
27882,8309
27882,9820
27882,7710
27882,8302
27882,8339
RTPCRCOTEST,_
36488,4443
43255,3893
49505,6869
43259,4341
23140,8345
11041,9357
11041,8669
11041,8332
NAS81,8628
12035,_
NAS81,8345
NAS81,8659
43268,4341
43244,5293
43268,4233
44050,5349
49507,4680
44050,5310
49507,5341
44050,5341
49507,5349
49585,4680
44050,5300
21147,7646
21147,7691
46750,8753
69436,4979
47563,2001
46750,5123
69436,8753
47563,4979
46750,2001
69436,5123
40490,2759
40527,2723
40490,2743
36800,5502
36800,5501
50040,3993
19364,8546
19364,8545
44950,4029
PAZ37,_
NSDRMLERE0,_
66172,1474
67040,1264
67040,9928
66172,1424
67040,1269
14040,4040
38724,8689
14040,4021
32020,7760
32020,7710
05541,_
27871,8345
27822,7929
32906,3334
59513,3342
32906,_
59513,3334
03210,3342
32906,7499
03210,3334
32906,3342
38220,4685
45378,4131
38220,4525
IUD,6970
11042,8302
11042,7702
28308,7934
26735,7738
28308,7924
49000,5751
51500,5411
CR013,_
11042,1623
11042,1609
32025,_
08000,6639
36100,3891
67015,1475
67015,1471
93529,3723
35521,3929
NJ083,_
27514,8154
27447,7815
15650,8628
11043,8674
25500,7939
23515,7902
25500,7929
NAP07,9971
23657,782
60522,3228
23657,781
28345,7760
28345,8628
11044,7849
28345,8345
50541,5980
52332,5534
50541,5732
24538,8444
23616,7852
26746,7760
26746,8345
11042,8671
67966,8628
11042,824
NES52,_
20520,3991
20520,3800
31575,2219
31238,3142
31575,2100
48243,_
65805,1371
65805,1341
11000,3961
33877,8628
11000,3954
28802,8628
28802,8345
47562,4639
44130,5123
47562,4590
11406,7925
88332,8908
88332,9199
39501,4195
38115,3482
39501,4143
53425,5849
18529,_
NZ491,3995
18529,3995
32405,4850
32405,6880
83012,_
46221,9971
36430,4945
46221,9903
47740,8753
47610,5132
47740,5122
AS925,_
19104,_
MZ372,_
27078,7765
27078,7769
27025,9820
27025,8628
93510,3780
33207,3722
93510,3776
08003,1809
31535,639
27218,4563
44120,8989
27218,4562
27218,4590
44120,7939
49320,6849
58150,5421
49320,6561
12013,7932
25574,7939
25574,7819
12013,7939
25526,8659
12013,7819
12013,8499
25574,8659
PP369,_
36011,4563
27759,7819
11626,160
61500,8630
11626,125
47610,5110
43260,5122
31600,3846
31600,3952
35103,3121
31600,3844
31600,3847
09619,6902
59812,_
00340,6902
09619,_
90965,_
11010,7851
21421,7925
59408,_
49525,4709
MCP01,8908
MCP01,9449
29881,8192
29881,8396
29881,8191
29881,8394
27550,3808
35206,8628
64857,8345
32020,3349
28302,7739
16010,5310
49520,8628
11043,8412
26756,8401
26756,407
63305,8099
49950,_
10080,5980
52332,8603
10080,5732
NAS60,7760
26075,8302
NAS60,8339
NAS60,9820
26075,_
NAS60,7710
26075,7760
NAS60,8309
26075,8339
NAS60,8628
26075,9820
NAS60,8014
26075,7710
NAS60,8302
26075,8309
NAS60,8345
NAS60,_
12141,_
NET88,8544
NET88,8543
HYN17,_
32000,4543
45382,3491
32000,4523
51010,6840
59525,5711
51010,6839
43234,8753
47563,4513
43234,5123
DOGBITE,_
20225,8036
27331,7749
20225,8016
20225,9829
27331,7745
27650,9357
16010,8388
96408,1475
67025,9925
96408,1471
EXCISIONOFMASS,_
11044,8072
24102,7760
24102,8628
24102,8345
32160,3409
32020,3791
12002,7989
26785,8659
12002,7984
NES37,5502
NES37,5501
31535,4632
44373,3143
31535,4513
KO40,_
06908,_
27536,7860
26110,8222
11041,7925
OO998,_
29855,7819
27535,8029
29855,7817
65175,1289
65285,1671
65175,1159
27215,7949
21360,7925
26587,7760
26587,8309
26587,8345
26587,9820
11012,7739
26587,7710
26587,8302
26587,8339
26587,8628
11042,5980
52332,8628
44500,5423
49000,9608
44500,5411
58600,7071
57250,6639
58600,7052
OO840,7360
OO840,7359
OO840,_
51550,4590
44140,5760
51550,4572
90935,7360
59409,3995
90935,7359
OD500,_
44960,5361
49560,4709
44960,5351
61312,3409
61692,3953
BS661,7939
26665,_
BS661,7814
BS661,_
20520,9971
36430,8302
20520,9903
15120,7760
27580,7860
15734,8309
15734,9820
15734,8302
15734,8339
90935,8192
36825,8394
62005,8345
21454,8628
17276,8630
27848,7936
27848,7817
93555,8345
49585,8382
15734,5349
49585,8332
49585,8669
15734,5341
90935,3991
35761,3995
11041,8446
08007,_
33015,8345
57130,7360
59409,7033
57130,7359
49522,6849
58150,5300
80068,_
25248,7710
25248,8309
25248,9820
11012,7702
25248,8339
32900,7791
21423,3805
34490,7674
21423,3995
21423,3893
90935,7674
34490,3995
21423,3803
AO98,_
07500,7360
07500,7359
07500,_
32020,3961
33465,3409
32020,3528
11043,7979
43235,5251
43235,5296
48153,4513
BS663,7934
27395,8385
23040,8345
34630,_
25312,8345
28062,7760
28062,8309
28062,8345
28062,9820
11012,8344
28062,7710
28062,8302
28062,8339
28062,8628
52450,5850
52276,6000
52450,5732
27310,881
67935,8016
27310,1060
37600,1940
37600,2023
24340,8041
24340,8388
61548,125
61313,768
61548,124
21154,7646
21154,7691
96408,3409
32606,9925
96408,3425
32020,9925
96408,3422
34688,_
11043,7929
27158,8152
27258,7739
27158,7985
64542,_
67440,1601
21627,8669
11040,7769
21627,8332
11040,8669
21627,8628
15734,7769
11040,8332
21627,8382
SUTURING,2181
SUTURING,8659
SUTURING,_
68705,972
47600,8753
47552,8753
47563,5112
61512,7760
61512,8345
47015,5423
49000,5091
47015,5411
38724,650
60271,4021
OO984,7360
OO984,7359
OO984,_
06400,_
06400,7499
26770,7760
26770,8309
26770,9820
26770,7710
26770,8302
26770,8339
26770,8628
PO809,_
27470,8345
11042,8077
NO2,3893
65875,1292
65815,1233
65875,1291
31611,3195
NEO14,7499
33511,3524
28341,7849
AS730,_
15100,7860
10140,4709
44950,8345
44950,8604
AS908,3991
XD,9820
XD,8628
XD,8660
21344,7760
21344,8309
21344,8345
21344,9820
21344,7710
21344,8302
21344,8339
21344,8628
03640,7360
60108,_
10060,5310
28400,8628
28400,8345
35571,8628
35571,8345
24515,7934
26765,7931
24515,7924
12013,9357
YN179,_
44378,4514
12041,7360
12041,7359
21330,7710
21330,8302
21330,8339
21330,8628
42970,_
39800,_
23670,7852
23670,7850
OO709,7360
OO709,7359
OO709,_
66852,1330
66840,1342
22900,6561
27329,8345
36010,5423
36010,5411
36000,_
30520,2220
31267,2188
30520,2119
30520,2262
31267,2150
12004,9357
26145,8309
26145,9820
26145,8302
26145,8339
26145,8628
43234,3995
44202,_
99460,4562
24101,7934
26735,8030
24101,7924
26735,8012
ISM80,_
BRAINMETASTAS10/6,9925
ISM80,9925
BRAINMETASTAS10/6,_
47605,5293
20520,7760
20520,8339
11043,139
61150,8345
21267,7739
21267,7809
67036,1292
67036,1473
65810,1474
67036,1291
FOREIGNBODY,_
02376,_
23077,479
64721,8339
23077,460
61304,7710
61304,8302
61304,8339
NAO62,_
31525,4632
44373,3142
31525,4513
31600,5136
31600,5270
67935,1289
65280,1060
96048,_
11043,8199
44970,5339
49550,4701
44970,5329
31040,2290
27305,8309
27305,9820
27305,8302
27305,8339
CN319,_
11042,8630
15945,7789
15945,8630
58552,6639
58661,6563
49651,5310
49520,5421
SS729,_
11000,3780
11000,3772
23515,7989
27217,7929
66987,404
NER51,_
NAZ38,_
50391,5749
22610,7789
63046,8129
22610,309
62010,125
62010,124
23700,8031
23100,9326
23700,8011
61708,3952
11044,4912
46270,7760
11044,4911
36488,4675
44605,3893
44900,5423
49000,4720
44900,5411
42107,2731
42107,2769
42107,2773
42107,2779
31090,2080
69420,2253
31090,2009
43135,2932
C19IP1,6813
C19IP1,6711
27227,7936
27227,7817
36215,3891
23221,7772
11044,7802
23221,7760
23221,8628
11044,7772
23221,7802
23221,8345
ACUTEBACTERIALRHINITIS,2211
ACUTEBACTERIALRHINITIS,2121
ACUTEBACTERIALRHINITIS,_
27592,7760
27592,8309
27592,9820
27592,7710
27592,8302
27592,8339
27592,8628
11740,4029
11740,5641
50230,8604
11740,3807
11740,5551
61312,139
C19PP1,9971
C19PP1,9903
OI500,_
23200,7761
33920,3592
55101,9357
16010,6100
55101,8628
74300,8839
75980,8766
28450,9820
28450,8628
28293,7759
28293,7798
49550,7092
58270,5329
12001,7934
26735,8659
12001,7924
26488,_
49913,_
95951,_
47605,9604
23500,9357
36568,8839
75982,3893
36568,5159
27253,9344
20650,7905
27502,7985
27253,7810
27502,9344
27253,7905
20650,7985
27502,7810
27253,7860
11000,4341
43122,3409
31575,8192
31575,8396
20610,3142
31575,8191
31575,8394
XDV89,9820
XDV89,8628
XDV89,8660
XDV89,_
20692,7989
28555,7810
CBZ38,_
FHG0,_
63180,212
22848,309
63180,8049
26437,7760
26437,8309
26437,8345
26437,9820
11012,8299
26437,7710
26437,8302
26437,8339
26437,8628
25575,7936
25575,7817
64905,8674
57588,7360
57588,7359
57588,_
48545,5423
49000,5295
48545,5411
61312,206
62147,124
36450,5294
43264,9901
36450,5188
27758,7814
58280,9925
96450,6859
96450,7092
58280,331
96450,7040
11424,8345
67966,1610
67413,824
11044,7840
27724,7760
11044,7807
27724,8345
NAS82,8309
NAS82,8628
NAS82,8339
NAS82,9820
NAS82,8302
NAS82,8345
28306,7760
28306,8309
28306,8345
28306,9820
11012,7738
28306,7710
28306,8302
28306,8339
28306,8628
36448,_
38220,4542
45383,4341
NAS61,8309
12004,8339
NAS61,8628
12004,9820
NAS61,8659
12004,8302
NAS61,8339
NAS61,9820
NAS61,8302
12004,8309
NAS61,8345
27386,8036
OO20,_
90903,_
11043,8033
25101,8628
11043,8013
22843,8628
44153,4850
44153,6880
51597,4595
51597,4835
44153,4610
44153,5771
44153,6890
51597,4582
51597,4601
47120,5361
49560,5022
47120,5351
66985,1371
66987,1372
66985,1341
21422,9820
11010,7674
21422,8628
27350,7860
90935,4523
45385,3995
NEO15,_
NEO15,7499
11919,_
26416,8004
42982,_
11044,3995
90935,8411
28820,3995
49509,5810
49509,5860
49509,6094
49509,8929
49587,4709
43241,5423
44320,6529
31628,3420
32602,3327
31628,3320
11442,2181
11442,8659
58720,5980
52332,6561
25611,7902
25600,7912
NSD01,9959
99432,_
99460,9929
NSD01,9929
99460,9959
43235,5641
50220,4513
43235,5551
27557,7760
27557,8309
27557,8345
27557,9820
27557,7710
27557,8302
27557,8339
27557,8628
XAW54,_
24615,479
64718,7982
24615,460
KJ22,_
29046,9353
27075,7769
43239,5421
49650,4514
43239,5300
50610,4543
50610,4835
NAN17,5600
90935,5631
NAN17,5980
52337,3995
NAN17,5522
NAN17,5732
NAN17,3995
90935,5522
NAN17,5631
27130,9357
16010,8151
49505,3846
35092,5310
49505,3844
49505,3952
35092,5300
12051,125
12051,124
51720,5749
23550,7801
23485,7981
23550,7731
12004,7860
32557,_
EZ030,_
25263,8381
26492,8388
25263,8256
21462,4461
43840,7676
21462,4442
99264,9059
99264,8909
99264,_
25492,7852
24498,7813
25492,7850
AS809,_
25924,7760
25924,8309
25924,8345
25924,9820
25924,7710
25924,8302
25924,8339
25924,8628
29355,8036
43305,3173
43305,4289
49509,4709
85600,_
11043,7814
11404,5810
11404,5860
11404,6094
11404,8929
52601,8630
11404,5732
11404,5850
11404,6029
11404,6373
28022,7710
28022,8302
28022,9820
28022,8339
26037,7933
26615,8212
26037,7923
67971,1289
65285,869
67971,1159
32000,5440
32000,6561
29889,7760
29889,8309
29889,8345
29889,9820
29889,7710
29889,8302
29889,8339
29889,8628
43830,5423
49000,4319
43830,5411
06812,7360
38023,_
90239,7359
06812,_
38023,7359
90239,7360
06812,7359
38023,7360
90239,_
68815,7719
67414,944
68815,1609
63252,340
65270,881
67935,1281
65270,1060
16010,7933
33710,3539
33710,3572
33710,3961
58260,7360
59409,6859
58260,7359
27329,9357
27329,8628
46270,4873
46270,4993
23412,8041
46280,5310
49521,4911
49521,4993
46280,5300
49521,4912
32810,3472
19420,_
16040,7760
11011,7903
67040,1699
66825,1424
11000,159
31240,2121
23515,479
64719,7929
68074,_
58700,6551
58700,4011
31500,5810
31500,5860
31500,6094
31500,8929
52601,9604
31500,5732
31500,5850
31500,6029
31500,6373
36488,5104
47480,3893
36488,5103
35454,3950
32602,3421
32651,3320
29837,8082
32220,8345
96408,4513
43234,9925
27709,8345
06908,7360
06908,7359
41872,8345
90374,_
OZ371,7360
OZ371,7359
OZ371,_
10101,_
27524,7939
99460,5502
99460,5501
01304,_
10082,7499
01304,7499
10082,6970
01304,6970
10082,_
64809,523
25574,9357
29325,8628
11043,9351
29325,8345
54318,5846
15756,9357
15756,8382
26121,479
64721,8235
64721,8684
26121,460
64721,8662
28645,7798
28298,7989
28645,7759
27758,8401
26951,7936
27758,407
CHRONICKIDNEY,_
68700,881
67935,973
68700,1060
42908,7499
42908,_
77421,3121
31600,_
77418,3121
38100,8628
11043,4150
49080,8766
74300,5425
CR0,_
27468,7986
27556,7845
27468,7819
90935,8396
20610,3995
90935,8191
90935,8394
27513,9353
26951,8314
25620,8401
25620,8314
25023,8401
26951,7932
25620,407
AS623,7860
AS623,_
43255,4542
45383,4443
43255,4523
43255,4543
45383,4233
32020,650
60270,3409
32020,639
43234,4563
24582,7760
24582,8309
24582,9820
11012,7911
24582,7710
24582,8302
24582,8339
24582,8628
NSD0,_
28126,9820
11010,7799
28126,8628
90935,3891
34111,3995
43243,4543
45382,3995
43243,4523
45382,4233
43243,3995
29325,7925
LUNGCANCER,_
EO591,_
27457,8345
11721,8345
25545,9353
11041,4685
11041,4525
61314,3995
29850,8147
76942,8628
76942,8345
21750,7769
11042,7841
64795,411
27792,8309
27792,9820
57061,7360
59409,7091
57061,7359
27524,8086
29365,7939
29365,353
24615,7932
24665,7982
24615,7783
25675,8309
25675,9820
25675,8302
25675,8339
25675,8628
27535,9820
27350,7817
27535,7796
27350,7710
27350,8309
27350,8628
27350,7936
11012,7796
27350,7760
27535,8309
27350,8339
27350,9820
27514,9359
27514,7945
16010,8662
26123,9357
16010,8235
16010,8684
43267,8753
47563,5297
43267,5123
1AW55,_
56618,_
25660,7925
27880,8414
27507,8401
26951,7935
27507,407
HEMODIALYSIS,_
47605,5188
30630,8345
KL923,_
26910,7933
26615,8401
49587,6561
58152,5349
49587,5950
58152,5341
50040,5620
50040,9645
50575,5502
50040,5521
50040,5631
50040,8773
50040,9649
50575,5501
61340,8302
61340,8345
61340,7936
11012,124
61340,7760
61340,8339
61340,9820
27759,124
61340,7710
61340,8309
61340,8628
36450,8192
36450,8396
20610,9901
36450,8191
36450,8394
31030,2220
31230,2239
31030,1651
27385,7925
SO57,_
63710,212
58345,8839
74742,6999
27814,7925
60254,9903
55100,8345
35021,3845
35021,3952
11043,5122
47600,8345
58925,8782
58345,6529
58925,6999
59411,9971
36430,7252
59411,9903
44050,4590
44140,4680
44050,4572
35207,8628
35207,8345
25525,7859
21365,7819
21365,7979
25525,7672
21338,7859
21338,7672
44005,6880
15200,7817
27792,8669
15200,7936
43243,8628
11043,4233
43243,8345
39129,_
25116,8684
26597,8175
80588,_
47490,5151
47620,5101
47490,5183
36488,5522
52337,3893
36488,5631
36488,5136
NEP01,_
61865,293
25135,7764
25135,7804
27235,7749
20225,7905
27235,7745
25332,7819
25332,8175
29888,9357
16010,8145
VS420,5423
VS420,5411
VS420,_
27215,8345
43880,4463
27556,8146
43230,_
35251,3956
25150,7760
25150,8309
25150,8345
25150,9820
11012,7783
25150,7710
25150,8302
25150,8339
25150,8628
25260,5423
49000,8388
25260,5411
28820,9971
28820,9903
11044,8026
29851,7760
29851,8628
29851,8345
20670,7935
27513,7860
20670,7815
23145,7771
23145,7801
47010,9971
47010,9903
46250,4685
46250,4525
61586,124
23650,7936
27535,7971
23650,7817
96408,8544
19240,9925
96408,8543
49080,4594
44145,5425
24546,7815
24546,8152
27506,7842
24546,7925
89279,_
36460,_
92981,4341
43244,3606
92981,4233
43271,5151
47420,5184
27511,9359
55110,8628
11043,6100
55110,8345
29065,7852
24498,9353
29065,7850
23700,7801
23485,9326
23700,7731
NAS42,8444
28400,_
23616,7909
28400,8444
23616,_
NAS42,7909
28400,7931
37618,7760
37618,8309
37618,9820
11012,3880
37618,7710
37618,8302
37618,8339
44320,5104
47480,4610
44320,5103
33975,3766
68525,912
EE19,_
AS526,_
43268,4443
43255,5293
63979,_
67051,1371
27750,7860
67039,1471
27814,9357
16010,7934
26735,9357
16010,7923
ZA162,_
65103,1490
67046,1642
65103,1474
31086,2241
31086,7849
31255,2231
31032,2119
EO41,_
68970,_
11040,_
11040,9788
11040,294
28360,7849
43268,5294
43264,5293
43268,5188
64830,7931
24515,407
36450,4543
45382,9901
36450,4523
27880,3809
33315,3711
33315,3961
67121,1253
65820,1460
67121,1252
26352,8302
26352,8339
26352,8628
25600,2181
25600,8659
43611,6849
58150,4342
43611,6561
75882,_
24320,7710
24320,8302
24320,8339
24320,8628
AV899,7936
11902,_
28315,7798
44005,4579
65780,1623
67400,1689
65780,1609
11011,8212
96372,_
92980,5421
49651,3606
92980,5300
NO7,3731
33050,_
NET88,3731
22327,7760
22327,8628
22327,8345
AS818,_
25530,8628
25530,8345
29075,8381
26412,9353
23570,7949
23570,7975
28112,7760
28112,8309
28112,9820
28112,7710
28112,8302
28112,8339
28112,8628
47562,5132
47721,5123
47562,4439
27792,125
61312,7817
45380,4443
43255,4525
45380,4233
57220,5930
08010,_
27566,7491
59100,7796
24160,8630
24515,7860
46280,8345
21557,7760
21557,8309
29345,7906
27752,9353
27826,7926
31600,639
AT202,_
65105,1623
67400,1641
65105,1609
27510,7925
25530,7760
25530,8309
25530,9820
25530,7710
25530,8302
25530,8339
23650,9357
16010,7971
11012,9355
21345,7710
21345,8302
21345,8339
ZZ246,_
11043,8541
EC499,_
12042,8401
12042,407
29065,8314
25023,9353
29065,407
21030,4639
44130,7639
21030,4590
44204,3995
90935,1739
25560,7925
33513,8843
11420,8685
26560,8630
11420,8670
11043,8271
03210,7360
03210,7359
33430,3995
90935,3524
61514,9604
59513,3958
11042,8672
11042,4973
11010,6400
54322,9820
11010,5845
11010,6442
11044,7769
63012,7760
63012,8345
63197,309
63197,329
77761,9971
77761,9903
25676,7932
28225,8391
63047,7760
63047,8628
63047,8345
50220,9903
49520,6097
53852,5300
52235,5631
52235,5980
52335,5749
27880,5423
49000,8415
27880,5411
27310,7860
25695,8669
15756,7929
25695,8332
27177,7775
27177,7805
27177,7955
27703,8149
69808,_
31643,4341
43244,9605
31643,3995
31643,3323
31643,4233
43244,3323
31643,9605
44615,5423
49000,4500
49000,4685
44615,5411
49000,4679
24130,7989
26715,7783
24130,7922
27560,8345
61850,293
C19IP2,3323
31631,_
C19IP2,3199
11040,8302
11040,7702
26210,7760
26210,8309
26210,9820
11012,7769
26210,7710
26210,8302
26210,8339
26210,8628
61315,9901
44005,5760
SO185,_
11011,7974
36430,8544
19240,9903
CR020,_
31231,9357
16010,2121
31231,8628
66170,1299
66995,1264
11042,8286
11042,8251
91312,_
45378,5551
50545,4685
45378,4030
45378,722
50545,4525
CR298,9359
CR355,_
CR298,7945
CR355,9359
27514,_
CR298,7935
CR355,7945
27509,_
CR298,7815
CR355,7935
CR298,_
CR355,7815
HO45,_
11043,5361
49560,8345
AN189,_
ME876,_
27165,8628
11012,2181
12057,7760
12057,8309
12057,8345
12057,9820
11012,1840
11012,2751
11012,881
12057,7710
12057,8302
12057,8339
26686,7936
AS823,7984
62501,_
DA,7817
AS823,_
62501,7817
DA,7936
27827,7984
26686,_
AS823,7817
62501,7936
DA,7984
27827,_
26686,7817
AS823,7936
62501,7984
DA,_
27187,7935
27513,7855
27187,7815
25500,7936
27535,7902
25500,7817
52450,5310
49505,6000
52450,5300
36568,4594
II09,_
07580,_
12013,8309
12013,8302
12013,8339
66840,1371
67040,1452
67040,1449
67040,1455
67107,1424
CR292,_
26525,8099
57250,6859
58262,7052
28546,7760
28546,8309
28546,8345
28546,9820
28546,7710
28546,8302
28546,8339
28546,8628
XIN18,_
MIA9X9,7788
28173,_
XIN18,7788
MIA9X9,_
54530,5349
49585,6230
54530,5341
96408,6813
58100,9925
96408,6711
28825,7929
27766,8411
28825,7819
29445,7760
29445,8309
29445,8345
29445,9820
29445,7710
29445,8302
29445,8339
29445,8628
470/3,_
TJ441,_
11470,6849
58150,8630
11470,6561
26455,8401
26951,8313
26455,407
INCISSIONANDDRAINAGE,_
LO201,_
63740,309
63740,379
10120,3402
33300,8345
25000,8342
25116,8301
25000,8175
21620,7789
EN200,_
26350,479
64830,8286
26350,407
36835,_
49580,6849
25924,8401
26951,8404
25924,407
AY928,_
19162,4023
76094,_
90935,1292
65815,3995
90935,1291
24105,8076
27334,8350
24105,8016
XAT45,_
36488,5810
36488,6029
36488,8929
36488,5860
36488,6373
52601,3893
36488,5850
36488,6094
HZ961,_
MZ511,_
11011,3880
37618,8604
10140,3880
26685,8403
26910,7984
11720,7932
11720,8499
25526,8627
11720,7819
11720,7939
61304,3951
49509,5440
36433,_
11042,3991
11042,3800
53415,8401
26951,5849
53415,407
26140,7760
26140,8309
26140,8345
26140,9820
11012,8074
26140,7710
26140,8302
26140,8339
26140,8628
11041,8388
11041,8149
GZ992,_
26480,8256
27365,7925
43235,5980
52332,4513
51992,5940
27590,7935
27513,8417
44130,4562
31267,763
62165,2262
62165,2220
26720,7860
37617,8628
37617,8345
48152,3893
36011,4370
36011,5251
64856,3995
90935,430
38228,_
27756,125
61312,7819
27756,124
79047,_
28470,8382
10151,_
27709,7760
27709,8309
27709,9820
27709,7710
27709,8302
27709,8339
27709,8628
69421,2211
52334,6849
52334,6561
27598,8339
27598,9820
44602,8416
27598,7710
27598,8309
11012,8416
27598,4673
27598,8302
26471,8388
NAS21,_
HO200,_
52500,9820
75902,5749
52500,8839
43243,9971
43243,9903
43831,8345
11752,7760
11752,8309
11752,9820
11752,7710
11752,8302
11752,8339
11041,3991
11041,3800
58999,_
24635,7859
38205,9979
51050,5749
52214,5719
51050,5831
EG938,_
44005,6859
58262,5459
79403,_
62351,309
62351,390
36430,7925
27506,9971
36430,7815
27506,9903
14911,_
EV325,7932
14911,7932
EV325,_
26542,8172
32200,3409
45355,4912
12001,5423
12001,5411
47563,3995
90935,5123
NA,7760
NA,8339
NA,9820
22842,_
NA,7710
NA,8309
NA,7859
NA,8302
NA,8345
25263,7760
25263,8309
25263,9820
25263,7710
25263,8302
25263,8339
45382,3893
36488,4523
90935,4461
43840,3995
90935,4442
72300,8345
72300,_
01099,_
AG930,_
41150,2749
12035,9971
12035,9903
TI41,_
49567,5423
17092,_
36450,5361
49560,9901
56605,6849
58150,7111
56605,6561
C19IP2,4513
C19IP2,4685
43235,_
C19IP2,4525
NAO10,_
44140,4610
44143,4572
90935,6840
59525,3995
90935,6839
CR002,_
NORMA,_
51880,5782
11000,4542
NAS53,_
11012,8041
29826,7760
29826,8309
29826,8345
29826,9820
11012,8021
11012,8181
29826,7710
29826,8302
29826,8339
29826,8628
11043,8699
99460,4029
38555,_
99460,3991
66722,_
36488,5294
43264,3995
36488,5188
90935,5294
43264,3893
90935,5188
27429,7760
27429,8309
27429,8345
27429,9820
27429,7710
27429,8302
27429,8339
27429,8628
04410,7499
56620,6829
27704,7860
26117,9357
16010,8229
20920,8345
58720,5349
58720,5341
NAS83,_
27535,125
28024,7989
28675,8018
14041,9820
66250,1371
66984,1283
66250,1330
XA,2211
XA,2121
24200,8345
62328,_
CI639,_
59514,8659
59514,8630
11740,7759
11740,7360
12032,9971
12032,9903
43280,4685
45378,4467
43280,4525
25545,7925
EI500,_
44310,5671
36430,5839
53215,9903
66992,1372
66985,1240
26350,7989
26951,8286
26785,407
26350,8401
26951,7984
26785,8401
26350,7984
26951,7989
26785,8286
61548,2263
31255,768
61548,2119
90935,8849
75716,3995
90935,8848
66982,1475
25611,4675
25620,7912
44605,7932
25611,4610
25620,4675
44605,7912
25620,4610
27594,7860
11011,7912
AO9,_
NEP02,_
50040,5810
50040,5860
50040,6094
50040,8929
52601,5501
11011,8289
20615,9357
16010,7840
20615,8628
43610,8753
47610,4342
43610,5122
86163,_
77418,4685
77418,4525
24930,8628
24930,8345
57330,5980
52332,5784
57330,5732
36488,4542
77261,8321
21550,_
77401,8321
50840,4590
50840,5689
36450,5151
47564,9901
58545,6813
58545,6711
47420,9901
31625,3420
31625,3320
26600,4563
11044,8339
ZO800,_
91311,7760
91311,8339
91311,9820
91311,7710
91311,8309
91311,8628
91311,7937
91311,8302
91311,8345
24116,7762
24116,7802
42410,8628
11043,2629
42410,8345
03285,_
24546,7935
27513,7842
11041,2211
31237,8628
11041,2121
21246,8382
27592,8403
26910,8417
27592,8401
32110,4461
43840,3349
32110,4442
43840,3402
20900,7760
20900,8309
20900,8345
20900,9820
11012,7800
20900,7710
20900,8302
20900,8339
20900,8628
27524,9344
20650,7815
27506,9344
20650,8152
27524,7810
66682,1371
66987,1682
66682,1341
46938,4834
77421,8321
27040,_
DE861,_
31255,2150
EN189,_
23170,9820
11010,7701
23170,8628
11011,4461
43840,8302
43840,8339
58260,5423
49000,6859
58260,5411
90935,4946
46257,3995
90935,4939
57210,6813
58100,7071
57210,6711
43215,9814
31530,9802
43215,3142
27786,7925
80048,9059
80048,8909
80048,_
46746,_
NZ513,_
31256,763
31256,299
20680,7789
27071,294
27071,9788
20680,7785
27071,7860
45330,5749
27758,7931
44186,5349
44186,5341
49605,4639
44186,_
58600,6869
58600,4030
36450,6869
58210,6639
36450,4030
AS028,_
11011,4023
32095,3491
32095,3404
OO942,7360
OO942,7359
OO942,_
01104,_
QZ491,_
43502,4282
43502,4300
11402,8309
11402,9820
11402,8302
11402,8339
11043,7949
27193,8628
11043,7975
27193,8345
42804,8628
11043,2912
42804,8345
10160,5423
49000,8601
10160,5411
12034,2181
12034,1840
12034,2751
12034,881
27590,7979
25520,8417
27590,7902
MM850,_
01608,7360
01608,7359
01608,_
90935,5751
51500,3995
96440,3491
96440,9925
44604,8309
44604,9820
11011,4675
44604,8302
44604,8339
25675,7932
29847,8023
36488,5995
36488,5719
51065,3893
NEO68,_
15650,8309
15650,9820
11011,8674
15650,8302
15650,8339
AS523,_
AS524,7902
00897,_
75900,3891
49020,8840
75900,5419
49020,3891
75900,8840
27170,7935
27244,7775
26480,9357
16010,8256
26480,8628
32662,3460
32650,3430
32662,3421
23491,7760
23491,8309
23491,9820
23491,7710
23491,8302
23491,8339
33732,3799
P0000,9820
27530,7939
27540,7906
27530,353
99460,159
21462,7932
11042,7691
21145,8628
11042,7646
27827,7906
27750,7817
77401,4131
25260,8036
24356,7780
24356,8314
27750,7859
21365,7906
27750,7672
27652,8345
63001,9971
36430,309
63001,9903
26517,8172
29075,8342
25116,9353
29075,8175
28415,7936
27828,7939
28415,7817
31500,7360
59409,9604
31500,7359
NEQ25,_
OO34OO39,_
36450,4675
44605,9901
10140,125
61313,8604
10140,124
WA099,_
22802,8345
23700,8319
23020,9326
49525,6270
54115,5849
54344,9824
54115,5845
54115,8670
54344,6492
NEQ24,_
31750,8364
28270,3179
31750,8048
27165,7710
27165,8302
27165,8339
61314,139
33915,3805
74328,5187
08203,_
36450,407
42420,9901
36450,2632
XAS66,407
64830,_
XAS66,479
MD630,_
49566,5423
XZ933,_
49561,5440
OI119,1475
67051,_
OI119,1474
17270,8630
39911,7925
33405,3491
32000,3522
49507,7499
P0000,4461
P0000,4442
35261,3957
51860,5423
49000,5781
51860,5411
11042,5029
11042,5099
47361,8628
11042,5000
11042,5061
32124,3409
32020,3339
43820,4450
43860,4439
43820,4389
21122,7668
66852,1459
67108,1342
58720,9901
50525,5583
90935,8031
23100,3995
90935,8011
15240,2749
JO390,_
10021,_
52276,5600
98119,9059
98119,8909
98119,_
42300,8309
42300,9820
11011,2700
42300,8302
42300,8339
47530,8753
47560,5198
47530,5421
90935,4699
43496,3995
25136,7764
25136,7804
69535,8382
50860,5661
36488,4639
44130,3893
77418,3409
XAS30,9357
XAS30,_
AS913,8628
XAS30,8628
AS913,9357
52010,5980
52332,8799
52332,4850
52332,5760
58240,5980
52332,4610
52332,5671
52332,6880
58240,5732
77421,4514
77418,4514
58210,9357
16010,4030
16010,6869
58210,8628
11040,9357
10180,7760
10180,7710
45800,5783
NAT79,8309
NAT79,8628
NAT79,8314
NAT79,8339
NAT79,9820
28008,_
NAT79,8302
NAT79,8345
NAT79,_
10102,_
26608,7925
LO21,_
24160,7760
24160,8309
24160,9820
11012,8002
24160,7710
24160,8302
24160,8339
24160,8628
50559,5521
50559,5523
50559,5539
50559,8773
50559,9227
50559,9645
50559,9649
60605,3862
60605,3980
12004,7933
26615,8659
12004,7923
64736,403
49505,4620
49505,5411
49505,5423
21366,7710
21366,8302
21366,8339
21366,8628
54909,7360
54909,7359
54909,_
92980,8192
92980,8396
20610,3606
92980,8191
92980,8394
05415,_
29065,8129
25830,9353
29065,7780
27193,7989
27217,7909
27217,7975
27193,7939
27217,7949
LG00,9820
LG00,8628
LG00,_
11040,7859
11040,7672
50520,5583
27823,7989
27848,7819
27535,7986
27556,7817
51045,3995
16010,7745
NAR22,7749
20245,8628
27246,7760
27246,8309
27246,8345
27246,9820
27246,7710
27246,8302
27246,8339
27246,8628
47490,9971
36430,5101
47490,9903
44950,4601
44950,4869
45113,4709
44950,4595
44950,4835
CC539,_
28485,8411
28820,7937
90931,_
11041,6270
11041,6230
36488,5151
47564,3893
36488,5123
76013,31
36488,8165
76013,3893
36488,31
76013,8165
27236,7855
27450,7935
27236,7735
11000,4590
43600,4461
43840,4414
43600,4442
55101,8345
72757,7052
38850,7092
59411,_
57265,7252
72757,7051
38850,7052
59411,7092
57265,_
72757,7252
38850,7051
59411,7052
72757,_
38850,7252
59411,7051
72757,7092
38850,_
ZP760,_
29075,2181
29075,8659
38510,407
42415,4011
38510,2929
NO3,6651
35221,6849
58150,3959
35221,6561
49080,5502
50040,5425
49080,5501
31225,2188
31225,2150
49521,8628
27760,7819
12001,7933
12001,7923
44186,9971
44186,9903
00001,5423
00001,5411
67025,1341
35236,460
64856,3956
35236,430
11011,8146
11000,8339
28045,8628
43219,9971
36430,4281
43219,9903
11044,8446
45380,9607
43241,4525
45380,4513
22851,7749
20225,8451
22851,7745
25295,8345
16010,8499
27550,7925
NAS61,8689
11422,5310
49525,8630
11422,5300
TO800,_
11044,5029
11044,5099
47361,7760
11044,5000
47361,8345
66984,3995
61626,5641
50225,9929
61626,5551
DM009,_
66160,1292
65815,1265
66160,1291
61340,125
36830,4610
44143,3993
36830,4575
28585,7760
28585,8309
28585,9820
28585,7710
28585,8302
28585,8339
28585,8628
31625,_
77401,3324
11043,5459
44005,8345
46221,4912
46270,4945
46221,4911
28606,7939
23515,7818
28606,7929
63001,5423
49000,309
63001,5411
NES10,_
NO9,3959
35201,_
NES10,3959
NAO14,_
27752,7935
27511,7906
27752,7815
32552,_
29405,7939
24685,8042
24006,7932
43246,4542
27822,7810
11043,8456
27488,8345
66170,1475
67025,1264
33430,3409
32020,3524
26037,8403
26037,8401
NAO06,_
49521,9903
25500,7931
24546,7902
25500,7842
27886,7760
27886,8309
27886,9820
27886,7710
27886,8302
27886,8339
27886,8628
31615,3198
31529,3321
31615,3142
77421,4011
38510,_
77401,4011
47510,8839
75982,5198
47510,5159
22305,8628
22305,8345
28802,7760
28802,8309
28802,9820
28802,7710
28802,8302
28802,8339
31575,3402
32100,3142
31575,3328
69433,2080
69420,2001
69433,2009
27846,7925
15757,8309
11011,8660
15757,8302
15757,8339
23450,8182
20922,1940
20922,2099
69641,8382
20922,1860
20922,2049
20922,8382
23491,8444
23491,7931
27535,7800
31750,639
50578,5731
50947,5523
50947,8773
50947,9645
29058,8628
NER42,_
23420,8345
EE780,_
OO992,_
NO998,_
AS623,7710
51021,7760
SS6631A,8302
AS623,8345
51021,8628
SS6631A,9820
AS623,7934
51021,7710
SS6631A,7760
AS623,8339
51021,8345
SS6631A,8628
AS623,7924
51021,7934
SS6631A,7710
AS623,8309
51021,8339
SS6631A,8345
51021,7924
SS6631A,7934
AS623,8302
51021,8309
SS6631A,8339
AS623,9820
51021,_
SS6631A,7924
AS623,7760
51021,8302
SS6631A,8309
AS623,8628
51021,9820
SS6631A,_
33200,3995
90935,3774
EI499,_
EM329,_
28456,8345
11000,4533
44110,8628
11000,4500
58720,7491
59100,6561
58720,6800
61512,3995
11010,7974
01000,_
93531,3721
93508,3723
93531,3639
65103,1289
65285,1642
65103,1159
39080,6970
67039,3995
90935,1424
11041,4639
44130,8628
11041,4590
45150,4891
11042,4632
44373,8628
11042,4513
67228,1459
67108,1425
67228,1449
34451,3809
12053,407
42420,1840
42420,2751
42420,881
12053,2632
42420,2181
42420,8659
AO90,_
59514,8628
59514,8345
26952,8382
15736,8401
26952,8332
26952,8669
15736,407
ZO38,_
25270,9357
57250,6849
58150,7052
27220,7860
21454,7710
21454,8302
21454,8339
58210,5423
49000,6869
58210,5411
61312,4513
38220,4341
43244,4131
38220,4233
43239,5298
43271,4514
43239,5184
27592,3808
XAS72,8152
AS003,8659
AS015,7815
AS018,7925
21111,8152
11133,8659
12011,7815
XAS72,7925
AS003,8152
AS008,8659
AS015,_
AS018,7815
21111,7925
11133,8152
12011,_
XAS72,7815
AS003,7925
AS008,8152
AS015,8659
21111,7815
11133,7925
XAS72,_
AS003,7815
AS008,7925
AS015,8152
AS018,8659
21111,_
11133,7815
12011,8152
XAS72,8659
AS003,_
AS008,7815
AS015,7925
AS018,8152
21111,8659
11133,_
AK922,_
42810,8628
11043,2920
42810,8345
27244,8192
27244,8396
20610,7935
27244,8191
27244,8394
45380,5749
25676,8073
25676,8013
25105,7989
31600,8309
31600,9820
11011,3121
31600,8302
31600,8339
16040,4319
43830,8630
44120,5349
49588,4562
49588,4590
44120,5341
49588,4563
25927,8699
14350,8403
25927,7756
58925,5440
58925,6561
27466,7925
64719,8345
NAS53,8030
24615,_
NAS53,8012
24101,_
NAS53,7982
IAW55,_
10060,8321
27330,8604
10060,8016
45333,5749
52234,4542
23410,7939
23515,8363
23410,7929
27756,9353
NO83,_
50111,881
50111,1060
50111,_
92995,3780
33208,66
92995,3772
43235,4461
43840,4513
43235,4442
62000,125
61304,202
62000,124
96408,6829
36825,3995
11000,8251
49215,5423
49215,5411
26951,_
50543,4685
45378,5540
50543,4525
11042,640
47620,5293
43268,5183
43235,5310
49509,4513
43235,5300
41870,2420
11000,4595
ICD10,1269
21750,7841
NER73,5349
NER73,5341
26135,8345
KK279,_
RIGHTNASALALAMASS,_
PO80,_
99460,2592
41115,_
PO80,2592
24500,4590
44140,7901
24500,4572
11000,7851
NAS42,8628
11000,7731
44604,6270
54520,4675
44604,6230
XZ989,_
50280,9357
16040,5539
50280,8630
08/09,_
67560,1672
44100,5423
49000,4527
44100,5411
37660,3889
55865,4030
55865,6000
21600,7791
35860,8345
20650,7760
20650,8309
20650,8345
20650,9820
11012,9344
20650,7710
20650,8302
20650,8339
20650,8628
19369,8572
61130,212
AK297,_
11400,5349
49585,8630
11400,5341
BV892,_
XA,6230
54535,_
XA,5411
AT009,8659
02921,_
45378,5732
52310,4525
67039,1342
66852,1424
63005,7760
63005,8309
63005,9820
11012,309
63005,7710
63005,8302
63005,8339
63005,8628
26756,_
25120,8345
67935,8302
67935,8339
27707,7936
27792,7737
27707,7817
NBS01,_
58200,8544
19240,4011
58200,8543
II119,_
47610,5642
50236,5122
27498,7925
49582,_
RO4,_
35081,8628
35081,3995
11043,3844
35081,8345
NAN84,6849
NAN84,6561
NAN84,_
47605,5184
23515,9903
32286,_
58600,8908
58600,9449
28820,7860
45114,4851
45395,4590
44960,4579
26765,9353
24615,8382
44140,4979
44140,7079
46746,4572
65426,1049
68320,1132
65426,1044
XAT23,9357
AT232,_
AT312,7749
20220,8628
XAT23,_
AT232,7749
20220,9357
XAT23,7749
AT232,8628
20220,_
16010,7749
XAT23,8628
AT232,9357
23620,7760
23620,8309
23620,8345
23620,9820
11012,7901
23620,7710
23620,8302
23620,8339
23620,8628
75833,8867
21360,7932
11307,6561
20902,7760
20902,8309
20902,9820
20902,7710
20902,8302
20902,8339
20902,8628
10910,6849
10910,6561
10910,_
11043,7360
59409,8345
35216,3959
61624,125
61512,9929
61624,124
11403,6849
11403,6561
ED59,_
12014,7760
12014,8309
12014,9820
12014,7710
12014,8302
12014,8339
20520,9820
26706,7760
26706,8309
26706,9820
26706,7710
26706,8302
26706,8339
26706,8628
96913,_
49010,9903
ZZ038,8192
ZZ038,8396
ZZ038,8191
ZZ038,8394
ZZ038,_
40800,8309
40800,8345
40800,9820
11011,2792
40800,8302
40800,8339
40800,8628
85150,6849
85150,6561
85150,_
65865,1269
60220,8628
11043,620
60220,8345
43830,640
60254,4319
43830,4040
59135,6639
26011,9357
16010,7719
49080,5349
49585,5425
49080,5341
27750,9353
57210,5440
27732,7827
44950,7430
59136,4709
01811,_
GH402,_
25620,7949
43235,8753
47563,5151
47564,8753
31600,4449
43501,3121
31600,4441
28505,9353
35601,3929
11044,7852
24498,7760
11044,7850
24498,8345
11011,7902
06062,_
36825,3952
35161,3993
36825,3840
25620,7810
96408,8192
96408,8396
20610,9925
96408,8191
96408,8394
OO688,7360
OO688,7359
OO688,_
38724,2630
38724,442
61590,4040
38724,124
38724,299
38724,7699
61590,4021
75880,8867
45300,6871
58552,4824
45300,6563
43840,4590
44140,4442
52649,5620
52649,5732
52649,9645
19240,4590
44140,8543
27536,8147
27455,7936
27536,7737
57100,6829
49255,5499
49322,5440
67040,1370
67052,1424
10060,8192
10060,8396
20610,8604
10060,8191
10060,8394
28122,8401
26951,7788
28122,407
33702,3539
33702,3961
27365,7760
27365,8309
27365,8345
27365,9820
27365,7710
27365,8302
27365,8339
27365,8628
KJ189,_
35471,3950
75966,3950
75966,8839
07560,7360
07560,7359
07560,_
27329,9820
27448,8345
44050,4610
44143,4680
44050,4575
60240,3130
31300,640
60240,3009
20680,8042
24006,294
24006,9788
20680,8012
24006,7860
AS162,_
65280,1330
11000,5631
11000,5980
52335,8628
11000,5522
50541,6310
55550,5534
50541,5421
90935,5104
47480,3995
90935,5103
61304,7932
29085,7989
26785,9353
29085,7984
58661,5411
29345,125
29345,124
38510,4542
36488,2559
41113,3893
36488,2510
26785,8309
26785,9820
11012,7984
11042,4450
43860,8628
11042,4389
45300,7760
45300,8309
45300,9820
11012,4824
45300,7710
45300,8302
45300,8339
43820,8628
11043,4439
43820,8345
43234,5502
50040,4513
43234,5501
36450,4292
26735,4563
44120,7934
26735,4562
26735,4590
44120,7924
22840,7789
90935,8051
63020,7859
22840,3995
90935,309
22840,8051
90935,7859
63020,3995
22840,309
90935,7789
46275,4959
61885,139
61885,8696
24160,7931
24546,8002
24160,7842
50575,5600
52337,5620
52337,9645
43239,5423
49000,4514
43239,5411
NET78,4590
NET78,4572
51821,8628
AV289,7760
26685,8345
AV289,_
29884,5423
49000,8040
29884,5411
66170,_
ICD10,1264
19180,6529
890/0,6849
890/0,6561
890/0,_
43265,5151
47420,5188
43265,5104
CCR30,_
31500,9821
65275,9604
31500,1151
99460,2752
41252,_
99460,2551
29075,3891
34111,9353
29075,3803
36488,299
11041,5061
11041,3886
69670,2023
28400,7760
28400,8309
28400,9820
28400,7710
28400,8302
28400,8339
27245,7931
27245,7842
24515,7935
27514,7931
24515,7815
32653,6849
32653,6561
NAT84,9788
NAT84,294
NAT84,8628
NAT84,7860
21198,8345
LI250,_
11043,4449
43501,8345
36488,4835
44153,3893
36488,4582
36488,4601
77418,2219
77418,2100
27536,7932
27536,8499
25526,7936
27536,7819
27536,7939
36450,139
61570,9901
91385,_
47562,5310
49525,5123
47562,5300
51840,5979
69105,7669
69220,1812
69105,2041
21453,8628
11043,7675
21453,8345
58825,6599
11010,8364
11302,8628
11302,8345
20220,4685
45378,7749
20220,4525
NAN13,5700
26489,8256
26489,8381
HT172,_
AS913,8345
72311,8628
AS913,7760
72311,8345
72311,7760
72311,_
11010,9359
58662,5411
47554,5061
47360,5188
47554,3886
69970,8345
01010,_
57425,7077
44005,4341
31625,9357
31625,8628
25265,8345
43453,4292
44340,4443
43255,4643
44340,4233
ZG819,_
43651,4401
43651,5421
10052,_
NAS71,8628
NAS71,8345
NAS71,8659
NAS71,_
11044,7855
27450,7760
27450,8628
11044,7735
27450,8345
26080,7939
23515,8014
26080,7929
EH352,_
11011,479
45300,4685
II842,4824
45300,4525
II842,4685
45378,4824
45300,_
II842,4525
27435,8046
52277,5189
52277,5732
11043,5310
49507,8345
29075,8321
27330,9353
29075,8016
JO39,_
27594,8309
27594,9820
27594,8302
27594,8339
11000,2220
26530,8172
20690,7934
26735,7810
20690,7924
21490,7694
25611,7979
25520,7912
28232,8313
49561,4650
24586,7934
24586,7924
53270,7130
27813,5423
27813,5411
27813,_
65110,8669
15756,1651
65110,8332
59620,6551
59620,6539
IG912,_
28436,7819
28436,8345
31625,4542
GJ939,_
31237,2252
31287,2121
FP001,7759
32474,_
23570,7801
23485,7909
23570,7731
55110,6352
54600,6100
55110,6250
08080,_
44950,7759
58600,4709
44950,7360
59612,4709
99436,_
56740,6849
58150,7124
56740,6561
44140,6849
58150,4572
11044,7949
58300,125
61512,6970
58300,124
66940,1269
66170,1359
66940,1264
27656,8309
27656,8345
27656,9820
11011,8389
27656,8302
27656,8339
27656,8628
20956,8444
23616,3999
XZ988,5440
XZ988,6561
15732,8544
15732,8543
NER57,4341
NER57,4233
49420,5498
90945,5419
49420,3995
24586,7760
24586,7710
28052,8345
28052,7760
28052,8628
66825,1371
66984,1699
66825,1330
12031,8309
12031,9820
12031,8302
12031,8339
27470,7760
27470,8309
27470,9820
27470,7710
27470,8302
27470,8339
27470,8628
10198,_
43326,4466
43326,4469
32000,4443
43255,3491
32000,4233
25152,8302
25152,8628
AS822,7810
25152,7710
AS822,8309
25152,8339
AS822,9820
25152,_
46045,8628
46045,8345
26426,7934
26426,7924
27507,7905
38381,4064
54520,4579
44160,6270
54520,4562
54520,4593
44160,6230
31775,3348
43843,4461
43840,4495
43843,4442
29075,7984
14020,881
67935,8689
14020,1060
24635,8415
27886,7939
40191,_
GG419,_
AJ189,_
43268,5270
48152,5293
43268,4370
43268,5251
29075,8499
29075,7819
30115,2263
31255,2131
30115,2119
11010,8670
11100,9820
11010,8611
27687,9820
11010,8372
27687,8628
08216,_
44005,5136
54520,8099
63081,6230
24802,8124
24802,8444
24666,8124
24802,7932
NQ612,_
36566,_
27827,7932
20680,8077
27625,294
27625,9788
20680,8017
27625,7860
44500,5732
52310,9608
44500,5700
41872,8309
41872,9820
11011,2420
41872,8302
41872,8339
41872,8628
59513,4931
46610,7499
59513,4921
19200,8571
19361,8545
63000,_
SV011,7814
26650,_
63000,7814
SV011,_
24576,8345
DE500,_
10180,4850
45110,8604
10180,4610
55110,5759
27295,7745
36430,7759
59612,9903
25575,7935
25575,7815
OOZ35,_
82101,_
81912,_
29819,9820
08030,_
11043,8122
27580,8345
26765,7933
37790,6498
28456,7760
28456,8309
28456,9820
28456,7710
28456,8302
28456,8339
28456,8628
45300,4946
46258,4824
45300,4873
45300,4939
32000,3995
ENCP,_
27610,8382
24575,8030
24101,7931
24575,8012
12032,7934
12032,7924
47562,8754
47620,5123
47562,5183
58120,884
67961,6909
58120,8671
26765,7904
52335,5810
52335,5860
52335,6094
52335,8929
52335,5850
52335,6029
52335,6373
NEO06,6909
35558,8839
75952,3929
35558,3971
11041,3952
35045,8628
11041,3843
59513,6829
12002,9357
16040,8659
12002,8630
00321,_
51040,6430
54130,5717
51040,4024
01306,_
20082,7499
01306,7499
20082,_
19020,8345
11000,7804
25136,8628
11000,7764
27880,7935
27514,8415
27880,7815
11441,8628
11441,8345
15100,8036
NS01,_
29355,7925
27758,125
61304,7936
27758,124
25611,7939
23515,7912
25611,7929
20225,5600
20225,5732
52337,7749
20225,5522
20225,5631
20225,5980
52337,7745
54535,6270
54520,5411
29870,7815
21125,7849
35587,3929
66984,1254
50010,4029
50010,5641
50230,5501
50010,3807
50010,5551
34210,7499
60123,6639
01410,6639
34210,_
60123,7499
34210,6639
60123,_
39501,8339
39501,9820
39501,8152
11011,3482
39501,8309
39501,8628
39501,7925
27506,3482
39501,8302
39501,8345
39501,7815
36488,4252
36488,4429
43122,3893
36488,4241
36488,4350
MCPO,_
57210,8309
57210,8345
57210,9820
11011,7071
57210,8302
57210,8339
57210,8628
38765,6561
75952,3893
36488,3971
26357,8628
11043,8251
26357,8345
29075,8033
26100,9353
29075,8014
11010,295
20660,9820
20660,8628
59513,6813
59513,6711
11012,3952
35151,7710
35151,8302
35151,8339
35151,8628
49520,5551
50545,5310
49520,4030
49520,722
50545,5300
AI519,_
62277,_
90935,3421
32651,3995
90935,3252
ILL9,_
21210,8628
11043,7809
21210,8345
35372,3818
30520,2252
31287,2150
25520,9820
35161,3995
51920,5784
51060,5620
27513,9359
58180,9901
KO83,_
28150,9357
26080,8401
26951,8014
26080,407
AZ188,8345
AZ188,_
43239,4620
06910,7360
06910,7359
06910,_
23552,8041
29826,7981
23552,8021
23552,8181
29826,7771
11000,8048
11000,7859
11000,7672
27607,7860
CN185,_
47600,5349
49585,5122
47600,5341
26115,8030
24101,8630
26115,8012
NEO02,_
NO1,6909
NEO02,6909
21244,8628
11042,7643
23515,7810
20692,7929
27236,7860
11044,8839
75954,7760
75954,8628
11044,3979
75954,8345
58673,9901
35840,125
61314,3806
35840,124
11043,6270
54520,8345
19178,_
19081,_
01470,_
27245,7749
20225,7935
OO800,7360
OO800,7359
OO800,_
67582,1662
67582,1664
67582,8374
11000,881
11000,1060
27827,7925
27827,7815
27827,8152
77421,8839
75989,_
77401,8839
27846,8077
27816,7989
27625,7909
27816,8077
27625,7989
27846,7909
27816,8017
OI129,_
11011,8662
11011,8235
11011,8684
28476,7939
28476,7929
27759,7672
77401,3391
31630,_
93510,8843
49509,4673
27676,9353
29405,7737
77418,5421
10080,8628
11043,8603
10080,8345
FF001,_
49587,8628
49020,4709
44960,5419
44346,4850
45120,4643
44346,4595
44346,4865
45120,4642
GJ960,_
67121,8345
36450,5760
46754,9789
46260,9357
16010,4946
46260,8628
38100,9971
36430,4150
38100,9903
24362,8185
24362,7932
24665,8185
24362,7783
69720,1930
69720,2049
47600,7934
26735,5122
47600,7924
BC519,_
MCP01,7360
MCP01,7359
27758,9357
47564,5188
49505,9903
22326,7760
22326,8628
22326,8345
33736,3542
33736,3961
ANCO1,_
25365,8345
NET31,_
46753,4979
44140,5423
49000,4572
49505,4029
49505,5641
50230,5300
27245,7646
KE059,_
29085,7979
29085,7902
36488,1940
36488,2099
69643,3893
36488,1860
36488,2049
11012,7949
27193,7760
27193,8309
27193,9820
27193,7710
27193,8302
27193,8339
36430,4929
46614,9903
CR291,_
96013,_
25500,7989
26715,7902
25500,7922
69605,2059
69605,2092
11602,639
59514,7491
59514,6800
76913,_
44140,5440
44140,6561
58951,4590
44140,4030
44140,6529
58951,4572
24587,7932
24665,7929
22900,6849
58150,5430
15576,7760
15576,8309
15576,9820
15576,7710
15576,8302
15576,8339
NM185,_
99460,4289
43312,_
99460,3173
32000,4563
51892,_
65110,4041
42426,1651
65110,2633
57200,7360
57200,7359
CS065,8659
AS024,8659
58559,6829
27306,8312
17280,8630
27078,7760
27078,8628
11044,7765
27078,8345
26392,8004
26392,8381
PO25,_
21210,8309
21210,9820
11011,7809
21210,8302
21210,8339
67005,1330
67210,1289
65285,1454
67210,1159
44590,_
29065,8192
29065,8396
29065,8191
29065,8394
31645,5061
47360,3323
61315,9604
11044,8388
27652,7760
11044,8149
77401,3199
47554,8753
47554,5122
43200,3991
35701,4223
43200,3802
76942,3491
76942,3404
04200,7360
04200,7359
36450,4195
38115,9901
36450,4143
11044,7719
23935,7760
23935,8628
11044,7712
23935,8345
47740,5151
47420,5132
47740,5104
35005,125
61313,3842
35005,3952
47620,5110
43260,5183
33222,3779
NEQ05,_
27216,8628
MCPMCP,_
28002,7760
28002,8309
28002,9820
28002,7710
28002,8302
28002,8339
56800,_
36450,4875
45550,9901
36450,4576
96360,_
49507,5123
12047,8309
12047,9820
12047,8302
12047,8339
99409,7360
99409,7359
99409,_
38220,7749
20225,4131
38220,7745
OZ370,7759
22808,7925
90935,3845
66852,1341
66850,1342
RZ134,_
20900,7935
27514,7800
20900,7815
25040,7760
25040,8309
25040,8345
25040,9820
11012,8019
25040,7710
25040,8302
25040,8339
25040,8628
69802,2049
69670,2079
69802,1919
69802,2079
ZN179,_
29345,8154
27447,9353
29345,8147
02340,9971
14936,_
KS28,_
11968,5440
11968,6561
11968,_
10060,4946
46258,8604
10060,4873
10060,4939
27524,7933
26615,7936
27524,7923
10010,_
FS099,_
45000,6849
58150,5419
45000,6561
12011,8309
12011,9820
12011,8302
12011,8339
28104,8345
26608,7935
27514,7814
26608,7815
43265,4443
43255,5188
43265,4233
26600,7932
27244,7932
58260,6561
11012,8072
24102,7710
24102,8302
24102,8339
15100,8684
26597,8669
15100,8670
43255,5298
43271,4233
66840,1490
67041,1330
23210,9357
16010,7761
23210,8628
65870,1269
16035,8659
15931,8609
16035,8630
43820,9971
36430,4439
43820,9903
52260,7040
58275,5732
02333,_
11042,8233
11042,8171
38520,125
61320,4011
38520,124
21347,125
61312,7939
21347,124
NI109,_
21470,7932
26785,7933
26746,7984
27227,7925
43830,_
36430,4319
43830,9971
77401,4319
43830,9903
36450,6859
C191P3,_
64776,407
82164,_
PO689,6840
PO689,6839
PO689,_
24685,8072
24102,7932
29881,8147
29879,8060
UO70,_
79445,_
AK353,_
60260,4040
60260,4021
11740,7359
62086,_
31535,5421
31535,4319
C191P4,_
25530,7979
JK810,_
44005,4622
44151,5459
44005,4582
76942,4341
76942,4233
50930,5684
35641,3925
26235,9357
26235,8628
28430,7936
28430,7817
23500,5423
44120,7909
23500,4563
67010,1269
21432,7939
23515,7949
21432,7929
49650,5349
31368,8628
11042,3029
58952,4590
58952,4572
59135,4709
11012,8989
27218,7710
27218,8302
27218,8339
27218,8628
ER160,_
14061,7760
14061,7710
69400,2080
OA970,_
CR052,_
50392,5980
52332,5512
50392,5732
47000,5423
47000,5411
50075,9971
36430,5501
50075,9903
24134,8345
50011,_
2DW19,_
47600,5310
49505,5122
47600,5300
12002,8403
KO11,_
31500,782
60522,9604
31500,781
53260,6813
58100,5839
53260,6711
CR0304,_
45170,9622
45303,4835
45170,4823
12041,7925
11904,_
IA,7909
11904,7909
49900,4610
44322,5461
49900,4525
TO7,_
93600,3729
57454,125
61510,6712
SO401,_
55810,6270
54520,6050
55810,6230
27428,7936
27536,8146
AS525,7931
AS525,_
36450,7491
36450,6800
59100,9901
43246,5294
43264,4311
43246,5188
11041,8544
11041,8543
42802,2912
11042,7710
64719,7710
64719,8302
64719,8339
64719,8628
27560,8628
01194,_
27725,8345
27827,7819
27448,7860
NAO14,7360
NAO14,7359
31225,7739
21256,2220
31225,1663
041/3,_
26035,7933
26615,8209
26035,7923
63106,7499
40068,_
90829,7499
63106,_
40068,7499
90829,_
ZP071,_
29365,7929
27566,9353
36568,3491
32002,3893
36568,3404
25670,7925
27130,9971
36430,8151
27130,9903
23616,5423
49010,7931
12002,7933
12002,7923
36488,5504
50081,3893
36488,5503
36488,5521
37034,_
11000,8839
11000,3870
11642,884
67961,8630
11642,8671
VID19,5310
VID19,5300
30920,2105
22100,7769
11041,8415
11000,8415
05202,_
36425,_
51520,5719
43045,9802
64921,9357
25574,2181
11811,_
36800,5641
50546,3995
36800,5551
50546,3993
65285,1359
26850,7934
26735,8127
26850,7924
27880,8669
OO244,7499
NO342,_
31070,2241
02440,6639
43260,5294
43264,5110
43260,5188
LARYNGEALREFLUX,_
CC349,_
47605,5185
36488,7760
36488,8309
11012,3893
36488,7710
36488,8302
36488,8339
70011,_
24136,8628
11043,7703
24136,8345
90935,8989
27218,3995
90935,7939
OU821,_
28003,8628
27227,7760
27227,8309
27227,8345
27227,9820
27227,7710
27227,8302
27227,8339
27227,8628
46285,4824
10911,_
30905,2219
31238,2102
60240,8192
60240,8396
20610,640
60240,8191
60240,8394
ENDSTAGERENALDISEASESECOND,_
47612,9971
36430,5151
BZ370,_
49582,6561
44620,3995
11043,4650
44620,8628
90935,4650
44620,8345
62163,299
62163,9820
16010,8060
27332,8628
44050,2211
31237,4680
44050,2121
IN179,_
23830,_
11040,7710
27524,8401
27524,407
24670,9357
27826,7906
75827,8839
75978,8851
75827,3950
56605,8628
11043,7111
56605,8345
43860,4610
44143,4389
12054,8309
12054,9820
12054,8302
12054,8339
44187,5423
44187,5411
26035,7934
26735,8209
26035,7924
NEO02,6849
47800,5423
49000,5789
47800,5411
52335,5700
52335,3995
26230,7760
26230,8309
26230,9820
11012,7784
26230,7710
26230,8302
26230,8339
26230,8628
90924,_
NEO41,_
NEO41,7499
20926,8628
20926,8345
33300,5310
10140,3749
49505,8604
33300,5300
49505,3749
33300,8604
45320,8628
11000,4543
37617,6849
58150,3880
37617,6561
NAO34,_
78564,_
27236,7979
27236,7909
69511,450
26070,8628
12072,_
01042,_
KO402,_
44388,5423
44388,5411
90935,7929
27766,3995
43870,8628
11043,4462
43870,8345
82940,_
83008,7252
08000,7252
75940,3893
36488,3870
99460,8401
99460,407
28116,7789
IK566,_
67210,4685
45378,1454
67210,4525
27601,7936
27822,8314
27601,7819
38505,5600
38505,5732
27530,9353
27780,9353
MH850,_
ECK76,_
44130,4610
75982,5425
49080,5159
23585,7981
26750,7934
26750,7924
19364,8544
19364,8543
55398,_
2AW54,_
II500,_
43262,5151
43262,8754
47620,5185
43262,5183
96408,9646
65286,1401
DD181,_
NEQ87,_
23540,8192
23540,8396
20610,7971
23540,8191
23540,8394
11011,9344
25526,7935
27514,7819
27514,7939
11044,8284
26432,7760
26432,8345
46260,4912
46260,4911
47562,8544
19240,5123
47562,8543
49505,5749
49505,5732
49505,5831
32020,5419
32020,5425
27030,9357
16010,8015
TW141,_
AS390,8659
AS390,_
20692,9971
36430,7810
20692,9903
24685,479
64830,7932
24685,407
30117,2211
31237,2131
30117,2121
28820,8699
14350,8411
28820,7756
43239,4530
49080,4533
43258,4514
43239,5425
43239,4533
49080,4514
43258,5425
43239,4341
49080,4530
67115,1460
11042,7859
21365,7815
28308,7760
28308,8309
28308,8345
28308,9820
28308,7710
28308,8302
28308,8339
28308,8628
32020,479
64830,3409
32020,407
36568,4590
36568,4572
PO17PO34,_
25600,7935
27513,7902
44055,5423
49000,4680
44055,5411
45123,8382
45300,8672
46288,4824
45300,4973
27047,4912
20580,_
11402,9971
36430,8630
11402,9903
12034,7760
12034,8309
12034,9820
12034,7710
12034,8302
12034,8339
06910,7499
06910,6639
38100,9357
16010,4150
27236,8152
27236,7815
77421,5502
77421,5501
11011,8051
22842,7789
27814,8077
27625,7936
11044,8989
27218,7760
27218,8345
25515,8036
67010,1264
NEO44,_
NO1,6561
58720,_
NEO44,6561
28120,8403
26910,7789
28120,8401
49200,9357
16010,5440
49200,8628
27786,8037
27620,7906
27786,8017
59121,4709
44950,6602
35100,_
28140,9971
36430,7798
28140,9903
77401,8382
03290,_
33903,7499
03290,7499
33903,_
36488,5749
11011,8446
28630,7760
11012,7978
28630,7710
27217,7936
27535,7939
58262,7051
C19IP1,5498
90945,_
44394,4685
44394,4525
28430,8309
28430,9820
28430,8302
28430,8339
28430,8628
59121,5425
49080,7430
49080,6602
11011,7814
NAO99,_
66982,1179
65772,1330
RZ958,_
27495,7760
27495,7936
26437,7934
26735,8299
26437,7924
29365,8037
29365,8017
36245,3891
50780,6849
58150,5674
50780,6561
47420,5123
XA,7936
XA,7817
27759,9353
26480,7989
26715,8256
26480,7922
AAB34,_
47562,6639
58661,5123
47562,6561
06480,_
WS011,_
27536,7925
65865,1253
65820,1231
65865,1252
29848,8628
11043,8043
NE862,_
27823,7909
52318,6097
53852,5700
52318,6021
27147,9351
29305,7739
65426,1371
66987,1132
65426,1341
58940,9903
52000,5631
52000,_
NAN13,5522
52000,5522
NAN13,5631
52000,5980
50220,9925
26373,8628
26373,8345
10060,4685
45378,8604
10060,4525
25574,7931
25574,7842
22800,7760
22800,8309
22800,9820
11012,8129
22800,7710
22800,8302
22800,8339
96408,9803
43500,9925
96408,4300
MN850,6813
MN850,6711
MN850,_
51065,5600
51065,5732
52337,5995
51065,5522
51065,5631
51065,5980
52337,5719
38488,_
12005,3491
32002,8659
12005,3404
NES32,_
21356,7859
58561,6813
58561,6711
49610,9357
16010,5349
49610,8628
30520,763
62165,2150
AS301,_
11012,4461
43840,7710
27704,7760
27704,8309
27704,9820
27704,7710
27704,8302
27704,8339
27704,8628
IMRT,_
22310,7925
14041,7760
14041,8309
14041,7710
14041,8302
14041,8339
11040,8630
27380,8076
27334,8364
27380,8016
NEQ43,4563
27759,7986
27556,7936
27882,9971
27882,9903
12005,4563
33519,3961
33430,3929
33519,3524
69667,2093
61304,3409
JD591,_
CZ513,_
32003,_
30801,2263
31254,2132
31238,2121
61575,299
58720,5339
49553,6561
58720,5329
23430,8041
90935,7860
51040,8628
11043,5717
51040,8345
22850,7869
67930,9357
67930,8628
69602,1930
69602,1860
69602,1940
69602,2099
20650,7955
27519,7810
27519,9344
27519,7860
MZ370,_
49561,5349
49587,5351
58150,3893
50722,5902
43235,5600
51820,3995
90935,5674
28340,7849
28340,8349
11000,5749
31237,139
61150,2121
DO631,6840
DO631,6839
DO631,_
11042,7989
22325,8628
96408,5440
51045,6849
58150,5719
29075,7804
26255,9353
29075,7764
NET88,8628
NAP05,_
C19IP2,4610
C19IP2,4575
15574,9357
BO85,_
24615,7851
23480,7982
24615,7731
38820,_
21070,8628
21070,8345
SARSCOV2TESTING,_
96408,6839
58180,9925
NEO13,7499
16010,7809
49495,9971
36430,5300
36430,6310
49495,9903
11043,9805
46608,8345
36011,125
61315,3995
36011,124
49000,5749
52240,5423
49000,5732
49000,5831
52240,5411
25600,9359
29058,7902
25600,9353
NAN82,_
46924,8628
11043,4939
46924,8345
44620,5310
49507,4650
44620,5300
25065,8628
25065,8345
11043,7855
11403,8669
15756,_
11403,8332
99460,8669
15756,8630
11403,_
99460,8332
27507,7735
30100,9803
43500,2122
30100,4300
43610,4461
43610,4442
58951,5349
49587,4030
49587,6529
58951,5341
05162,_
32020,5029
32020,5099
47361,3409
32020,5000
SS230,7932
25525,_
SS230,9353
SS230,7979
29065,_
25525,9353
SS230,7819
SS230,_
67840,884
67961,820
27161,7805
27170,7735
27161,7775
38220,4543
45382,4131
38220,4523
IAC34,9971
ANEM9,_
93505,3725
24538,7911
24400,7852
24538,7732
44152,3893
11042,8037
11042,8017
27501,7925
27501,9353
27501,8152
29345,7905
27506,9353
27501,7815
75666,_
11040,8309
36430,8669
15738,9903
15100,9971
36430,8332
15738,9971
36430,8382
15100,9903
31600,763
62165,3121
31600,299
34151,4400
43865,3891
34151,4389
34151,4450
43865,3806
26587,5310
MZ370,8659
MZ370,7360
12042,_
MZ370,7359
IZ370,_
29876,8192
29876,8396
29876,8191
29876,8394
CS824,7810
99460,3491
47741,5198
47552,4439
47741,5112
66940,9821
65275,1359
66940,1151
AS661,8345
AS661,8251
AS661,8628
26356,_
AS661,8286
AS661,_
14041,407
42415,8689
14041,2929
HOO1,_
31600,4590
44140,3121
31600,4572
31600,7760
11012,3121
31600,7710
80583,_
27520,7760
27520,8309
27520,8345
27520,7710
27520,8302
27520,8339
46060,8628
11043,4873
11043,4911
11043,4993
46060,8345
12016,8401
12016,407
49565,5459
69145,2181
69145,8659
49522,9901
49522,1739
44204,5310
36450,1739
44204,9901
23540,7949
PO51,_
11041,8403
31500,7769
46257,4824
BS923,7860
MN800,6849
MN800,6561
MN800,_
C19IP3,3724
32604,_
C19IP3,3422
36833,_
99460,4680
44055,_
27900,6849
27900,6561
27900,_
24575,8072
24102,7931
23040,9820
11010,8019
23040,8628
11040,4912
11040,4911
04590,_
68106,7499
89069,_
29871,8192
29871,8396
20610,8026
29871,8191
29871,8394
54520,5850
54520,6373
55821,6270
54520,3998
54520,6030
55821,6230
25695,8345
26720,7935
27514,7904
26720,7815
47300,8753
47605,5021
47300,5122
11424,2188
30520,8630
11424,2150
24566,7932
32020,4029
50230,3409
32020,3807
10140,4563
44388,4912
44388,4911
C19IP1,9901
61512,_
C19IP1,125
C19IP1,124
HH360,_
QW54,_
SS720,_
27333,8154
27447,8016
27333,8147
SS623,9357
SS623,8628
SS623,_
21344,7932
16010,8403
15100,7936
15100,7817
NAN83,_
49540,6200
54560,5390
49540,5411
XA,1474
67049,_
XA,1380
27752,7925
43360,4289
43360,4429
43360,4469
58180,5781
31520,9815
31635,3142
31520,3323
58120,5423
49000,6909
58120,5411
31231,299
43310,4289
32800,3399
49507,4613
44144,4680
51841,5979
49201,9357
49201,8628
27610,7936
27792,8017
27610,7817
22630,7789
63047,8129
22630,309
11100,7760
11100,8309
11012,8611
11100,7710
11100,8302
11100,8339
NER73,125
NER73,124
36588,_
25628,7859
21365,7933
25628,7672
03469,_
14711,6813
14711,6711
14711,_
59121,6651
58700,6602
05002,9059
05002,8909
05002,_
46270,4823
67882,8671
67966,852
CR160,_
RETINALHOLE,_
20650,7935
27513,9344
FORRENALREPLA,_
67210,1474
67049,1454
67210,1380
62283,_
NJ185,_
42804,2080
69420,2912
42804,2009
11040,5810
11040,5860
11040,6094
11040,8929
52601,8628
11040,5732
11040,5850
11040,6029
11040,6373
11043,8077
43235,5502
43235,5501
29325,8152
11440,2181
11440,8659
21485,7925
28505,_
NAS92,7939
33460,3514
33460,3961
47740,5149
23665,8309
23665,8345
23665,9820
11011,7971
23665,8302
23665,8339
23665,8628
27501,8192
27501,8396
27501,8191
27501,8394
25575,7931
47610,4513
20663,294
20663,9788
11011,7702
C19IP3,8843
25910,6639
DN800,_
62287,8192
62287,8396
20610,8395
62287,8191
62287,8394
57522,7021
57460,6732
57522,6739
ZN185,_
14209,3995
ZN185,3995
14209,_
42820,2169
30802,2830
42820,2132
49605,5459
26160,8628
11043,8221
35211,3923
35211,3959
22400,125
22400,124
22400,_
61530,3893
11042,8684
27066,8628
19180,8595
19357,8541
19180,8570
36832,8839
75978,3942
36832,3950
75978,3800
AO9,4685
AO9,4525
PO369,_
14258,_
15488,_
27381,8345
37660,5779
51575,3889
37660,4030
46762,4975
46762,4979
28820,125
61313,8411
28820,124
12011,7679
21407,8659
12011,1669
32520,3229
32520,3440
26235,7760
26235,8309
26235,8345
26235,9820
26235,7710
26235,8302
26235,8339
58940,6529
58952,6551
58940,5440
58940,6561
58952,6539
36430,650
60271,9903
NEZ89,6849
NEZ89,6561
NEZ89,_
LTCSI,_
54530,5980
52332,6230
54530,5732
AS925,8345
AS925,7939
AS925,8628
AS925,7760
26607,7934
26735,7913
26607,7924
20212,_
AS923,8628
28470,_
AS923,8345
AS923,7907
AS923,_
46200,4912
16010,5361
49560,8628
43255,5136
43255,5270
48152,4233
26607,8381
26420,7913
26607,8286
65930,1475
65930,1471
93510,4685
45378,3722
93510,4525
25151,7760
25151,8309
25151,9820
25151,7710
25151,8302
25151,8339
25151,8628
41115,9357
16010,2592
41115,8628
BI638,_
19366,8382
OP800,_
49650,4563
44120,5421
49650,4562
49650,4590
27823,7810
UO89,_
41153,8628
41153,8345
60254,650
60270,4040
25440,7932
77401,8544
19162,_
77401,8543
54530,5810
54530,5860
54530,6094
54530,8929
54530,5850
54530,6029
54530,6373
08/00,_
52450,5749
NJ039,_
44310,5029
44310,5099
47361,4620
44310,5000
44310,5061
29065,7950
21435,9353
31603,2080
69420,3110
31603,2009
49590,6869
49590,4030
58210,5359
25650,8309
28022,7909
25650,8018
21041,8345
27301,7760
27301,8309
27301,9820
11012,8303
27301,7710
27301,8302
27301,8339
47555,5151
47564,5198
47555,5123
26416,7760
26416,8628
11044,8004
26416,8345
BR688,_
NONE,4590
27238,7760
27238,8309
27238,9820
27238,7710
27238,8302
27238,8339
27238,8628
47605,5136
NO9,6549
59120,_
NEO00,6549
59513,5310
59513,5300
38770,6839
58180,4030
26565,7933
26615,7734
26565,7923
27828,8415
27827,8309
27827,9820
27880,8332
15738,8415
22614,_
41874,8309
41874,9820
11011,2450
41874,8302
41874,8339
41874,8628
XOZ37,_
AS024,2752
AS024,2551
43239,5136
43239,5270
36011,4579
02340,7759
NAN18,9971
NAN18,9903
08002,7360
08002,7359
13401,_
66940,1274
66710,1359
66940,1273
NO7,7800
NES82,7800
27759,4590
44202,7936
27759,4562
27513,8036
27513,8016
27513,9829
28810,7925
NET78,5310
NET78,5300
67946,_
44603,5423
49000,4673
44603,5411
10120,9820
11010,8605
29358,8086
14040,7934
14040,7924
12006,8628
12006,8345
24495,7931
24546,3803
67050,1402
65265,1343
50557,5501
50557,5521
50557,5523
50557,5539
50557,8773
50557,9645
50557,9649
52000,5600
44144,4594
NAS63,7989
NAS63,7922
26715,_
NAS63,9353
NAS63,_
TP141,_
NEQ62,5749
NEQ62,5810
NEQ62,5850
NEQ62,_
44363,4513
44363,4514
44363,9803
ICD10,1371
ICD10,1341
NAT84,8302
NAT84,8345
18421,4514
45382,_
18421,4543
18421,4523
18421,_
12052,7925
27506,2181
29888,7860
44388,7052
57260,4525
44388,7051
11011,7923
14300,8544
14300,8543
SPORTSINJURY,_
BO7,_
58152,5423
49000,5950
58152,5411
80188,4131
05880,_
NAS52,7979
AS823,7760
AS823,8339
AS823,9820
27507,_
AS823,7710
AS823,8309
AS823,8628
AS823,7935
AS823,8302
AS823,8345
50561,5980
52332,5521
50561,5732
52332,9645
29345,9359
29345,7945
27301,7989
27217,8303
27301,7939
36450,4562
31631,3201
31640,3199
AS961,8345
AS961,8381
AS961,8628
28208,_
AS961,7760
AS961,_
ZE872,_
DI639,_
35221,5423
49000,3959
35221,5411
44143,4850
44143,5760
64974,_
C19IP2,9820
26550,8261
37070,6970
DO829,_
19160,8570
19366,8523
31500,1940
31500,2099
69641,9604
31500,1860
CPZ37,_
24515,8382
32020,3459
32320,3409
32020,3451
27792,7810
63040,8345
33510,3961
33510,3524
23540,8628
11043,7971
23540,8345
27506,7859
21365,8152
21365,7925
90935,3459
32320,3995
11643,8382
44140,4850
45120,4590
44140,4595
44140,4865
45120,4572
33332,3929
33332,3958
58030,9820
63276,_
11010,340
58030,8628
63276,9820
58030,340
63276,8628
58030,_
32555,_
27619,8628
27619,8345
49080,6551
96408,2211
43750,9925
31237,4311
96408,2121
43750,2211
31237,9925
96408,4311
43750,2121
11012,7842
24435,7710
24435,8302
24435,8339
43810,8628
43810,8345
93510,9357
16010,3722
93510,8628
35206,8314
25023,3959
35206,407
25600,7933
26615,7902
25600,7923
45100,4850
16396,_
XAT74,_
12001,_
XAT74,8659
51530,5810
51530,5860
51530,6094
51530,8929
51530,5732
51530,5850
51530,6029
51530,6373
40650,2181
40650,8659
CR203,_
58340,8782
58345,_
58340,6999
58340,_
27826,8077
27626,7936
27826,8017
27826,8342
27626,7817
NEK57,4685
NEK57,4525
NEK57,_
HG241,7669
69220,_
HG241,2041
HG241,_
77776,6099
77776,5732
27535,7840
27724,7817
31622,7939
23585,3324
31622,7929
CV19,_
42700,4912
46275,2800
42700,4911
66940,1459
67108,1359
66940,1449
11043,8233
53442,9769
90935,6050
55866,3995
90935,5421
821/3,_
11450,5310
11450,5300
28666,7989
26785,7819
28666,7984
25690,8036
25105,7710
25105,8302
25105,8339
23600,9357
16010,7901
42810,1940
42810,2099
69643,2920
42810,1860
42810,2049
NJ189,_
26735,8689
96408,9604
61305,9925
96408,125
61305,9604
31500,9925
96408,124
58085,_
74480,9901
41444,6849
41444,6561
41444,_
31500,5421
43653,9604
31500,4319
NAT29,8345
NAT29,8609
NAT29,8628
16035,_
11044,8609
NAT29,7760
NAT29,_
51951,_
28240,8211
27822,7977
36430,4542
45385,9971
36430,4523
36430,4543
45385,9903
44180,5421
49651,5451
44180,5300
25400,7932
25400,8499
25526,7843
25400,7819
25400,7939
49080,8659
12001,5425
26412,8345
58940,5425
49080,6539
AD899,_
IJ189,5459
44005,_
AD899,5459
39220,9971
39220,9903
21450,7760
21450,8309
21450,8345
21450,9820
11012,7675
21450,7710
21450,8302
21450,8339
21450,8628
CR059,_
27502,125
61615,8345
EE876,_
67047,1475
SO630,125
SO630,124
SO630,_
26746,8382
26746,8332
26746,8669
65474,_
12015,4563
26641,8309
26641,8345
26641,9820
26641,8302
26641,8339
26641,8628
36430,4850
45110,9903
36488,1739
24150,7762
20900,7934
20900,7924
14060,8662
52310,5620
62223,5423
49000,233
62223,5411
PO39,_
16010,8754
47620,8628
NAS41,_
00900,_
ST0099,7906
27780,_
00900,7906
ST0099,_
11000,8073
11000,8013
24530,7931
24530,7842
31500,4242
43124,_
31500,4211
99460,4242
43124,9604
99460,4211
21385,125
21385,124
27828,7859
27828,9359
27828,8199
38724,4131
38220,4021
25455,7823
20670,7925
44380,5502
50040,4514
44380,5501
28261,7759
28261,8048
28296,8385
28261,7738
28261,7798
28296,8048
28261,8385
27245,7949
LK801,_
28046,8382
12042,7760
12042,7710
21453,7760
21453,8309
21453,9820
21453,7710
21453,8302
21453,8339
21139,407
42420,7646
21139,2632
15580,8401
26951,8660
15580,407
XZ356,_
67935,884
67961,1060
75831,8867
RVS48,_
44005,5631
44005,5980
52335,5459
44005,5522
24586,8030
24101,7929
24586,8012
75980,9925
43235,9925
96408,8754
26746,8662
26123,7933
26746,8235
26746,8684
26123,7923
33120,3491
32000,3733
01300,_
64808,7499
01300,7499
64808,6639
01300,6639
64808,_
DN938,_
27752,7936
27828,7906
27752,7817
28312,7739
32659,8604
21502,3712
32659,7781
NI185,_
CR469,_
31625,9925
47610,3995
NSD01,6769
57720,_
NSD01,6761
22210,7739
24587,7802
24151,7929
19180,7791
19260,8541
19180,3440
23406,8342
23406,7939
23515,8342
23406,7929
ZI509,_
67040,1472
51860,5310
49505,5781
51860,5300
90275,_
27591,8345
HH358,1479
67027,_
HH358,1472
HH358,_
27647,7769
31256,2169
30130,2219
31256,2161
44300,4912
46275,4610
44300,4911
JC69,_
27519,8456
27488,7815
69436,2080
69436,2009
35741,3808
35741,8628
11042,3808
35741,3991
26494,8256
26494,9357
26494,8628
61581,2110
61581,2264
61581,7699
38510,8628
38510,8345
27507,6270
54520,7935
27507,6230
11626,8382
44314,5423
49000,4641
44314,5411
29882,8086
29877,8147
29882,8026
01390,_
44322,9604
31500,4525
20650,7989
27217,9344
20650,7939
27217,7860
61490,124
47100,8753
47610,5012
47100,5122
32556,_
46250,5310
49505,4946
46250,5300
20900,7925
26990,7360
59409,8115
26990,7359
25405,7932
25405,8499
25526,7809
25405,7819
25405,7939
10060,5159
47400,8604
10060,5000
25545,8152
27227,7932
27227,8152
27227,7815
27238,9971
36430,7905
27238,9903
63272,125
61312,340
63272,124
54385,5845
58300,3780
33208,6970
58300,3772
24000,139
27750,8012
61154,7906
24000,124
27750,139
61154,8012
24000,7906
27750,124
08006,7360
08006,7359
08006,_
28430,7932
28430,8499
25526,7909
28430,7819
28430,7939
50400,5810
50400,5860
50400,6094
50400,8929
52601,5502
52601,5570
52601,5620
58510,6639
58510,6561
58510,_
67049,1341
66850,1380
25405,8033
35840,8345
21249,7849
21127,7643
21249,7691
61618,2263
61618,299
61580,212
61618,2110
61618,2264
25645,7939
26665,7929
25645,7814
49425,5310
49507,5494
49425,5300
49505,5123
12013,7936
27823,8659
00961,_
90800,_
26516,8172
47000,5136
47000,5270
29876,8060
27332,8076
29876,8016
43130,2932
11044,7749
20225,7760
20225,8628
20225,8345
31500,5253
48140,9604
31500,4150
37080,_
37080,6639
PO900,_
XAS39,_
NO820,_
45300,6829
TT141,_
11000,2752
11000,2551
KK740,_
27125,7860
27254,7925
37019,_
11980,_
58951,4610
44143,4030
58951,4575
34222,3808
34222,_
25525,7833
25391,7819
25391,7979
25525,7803
25391,7932
11043,3402
32100,8345
47630,8753
47630,5122
67917,884
67961,844
67917,8671
HO512,_
27514,8086
27443,7935
27514,8076
27514,8147
27443,7815
52310,9903
03909,_
15260,9357
36450,5270
HE143,1479
HE143,1472
08089,_
15734,4610
44141,8332
44141,8669
15734,4572
44141,8382
26765,7849
49600,5310
49600,5300
43226,5423
49000,4292
43226,5411
54250,6270
54250,6230
54250,_
12034,9357
43268,5423
49000,5293
43268,5411
56628,_
MSZ38,_
76942,8309
76942,9820
76942,8302
76942,8339
12002,7935
27514,8659
12002,7815
29425,9357
11043,8076
27758,8382
23150,7760
23150,8309
23150,8345
23150,9820
11012,7762
23150,7710
23150,8302
23150,8339
23150,8628
OSZ51,_
29838,8345
27675,8345
29836,8072
44143,8345
OO249,7499
11043,8500
26426,7989
26426,7984
EI251,_
24125,7763
24125,7803
10060,1692
67412,8604
10060,1609
AS063,_
96096,_
38505,5980
52332,4011
61313,7760
43842,4429
43842,5372
39502,4468
43842,4400
43842,4469
P0000,6849
P0000,6561
27524,_
81811,7936
27759,_
81811,_
27540,7936
27536,353
65850,1266
66992,1254
65850,1240
77041,_
11043,7938
50908,_
36450,4594
44145,9901
12032,2181
12032,1840
12032,2751
12032,881
NAS62,407
NAS62,8401
47562,6849
58150,5123
58152,9971
36430,5950
58152,9903
27605,7760
27605,8309
27605,8345
27605,9820
11012,8311
27605,7710
27605,8302
27605,8339
27605,8628
40821,_
OZ370,7499
40821,7499
XK942,_
SOO83,_
35521,3805
10140,4461
43840,8604
10140,4442
EO52,_
36488,160
61500,3893
96408,5419
96408,5425
96408,4341
43244,9925
96408,4233
32020,4685
45378,3409
32020,4525
27217,7923
26952,7935
27514,407
19120,5349
49585,8521
19120,5341
DO6,6849
DO6,6561
DO6,_
SO200,_
35721,3995
90935,3808
44140,9820
27244,4572
44140,7935
11012,4572
27244,4590
44140,8309
01900,_
27880,7939
27540,8415
27880,353
61304,3110
32020,4449
43501,3409
32020,4441
70390,8709
24586,7925
25900,8399
25316,8405
25900,8375
25574,7989
NES33,_
LO311,_
67039,1359
06880,_
82123,7499
06880,7499
82123,_
43235,9804
45379,4513
47716,5139
63090,309
43235,8099
63090,4513
43235,309
63090,8099
35474,8401
26951,3950
35474,407
24500,7760
24500,8309
24500,9820
24500,7710
24500,8302
24500,8339
58720,6849
47610,5421
49525,4946
25270,7933
26615,8388
25270,7923
41830,7760
41830,8309
41830,8345
41830,9820
11012,2450
41830,7710
41830,8302
41830,8339
41830,8628
44950,5061
47360,4709
44950,3886
26518,8172
31500,4289
43312,9604
31500,3173
62000,7760
62000,8309
62000,9820
62000,7710
62000,8302
62000,8339
62000,8628
52332,5620
27250,9344
27502,7975
27250,7905
20650,7975
27250,7860
45385,8753
47605,4523
47605,4543
45385,5122
47605,4542
27780,7936
27780,7817
44908,_
22100,7989
22326,7769
22100,7929
XAS06,2181
MM807,_
27238,125
61304,7905
27238,124
26450,8313
DO51,8544
DO51,8543
DO51,_
P0000,5310
49507,_
P0000,5300
31365,8628
11043,3040
31365,8345
36430,8446
27881,9971
27881,9903
55530,9357
16010,6310
55530,8628
58838,8309
58838,8628
58838,8674
58838,8339
58838,9820
15650,_
58838,8302
58838,8345
58838,_
31238,2263
31255,2100
66982,1364
66821,1330
31575,125
61510,3142
31575,124
33665,3554
49450,6529
49450,_
15650,8403
26910,8674
15650,8401
36450,5149
27792,7926
30580,2263
51065,5810
51065,5860
51065,6094
51065,8929
27495,7852
24498,7815
27495,7850
44227,9971
44227,9903
88922,9041
89221,_
88922,8909
88922,_
26727,7925
52320,5810
52320,5860
52320,6094
52320,8929
52601,5600
27828,7810
NASOMAXILLARYMASS,2220
NASOMAXILLARYMASS,_
26123,7760
26123,8309
26123,8345
26123,9820
26123,7710
26123,8302
26123,8339
27340,7760
27340,8309
27340,8345
27340,9820
11012,8350
27340,7710
27340,8302
27340,8339
27340,8628
31625,9605
31625,3323
28490,9357
16010,7908
62223,8309
62223,8345
62223,9820
11011,233
62223,8302
62223,8339
62223,8628
DIABETICRETINOPATHY,_
27607,8309
27607,9820
26991,8345
32103,2792
40800,7499
02340,2792
32103,7499
40800,6970
58300,2792
02340,7499
32103,6970
40800,_
59513,2792
02340,6970
32103,_
26600,7691
21151,7903
26600,7646
25575,8444
24516,_
NAS42,7932
25575,7840
25575,_
24516,7932
NAS42,7840
VZ992,_
EN390,_
NET78,4563
41912,_
SVD01,_
43235,4632
61558,201
61558,125
61304,201
61558,124
24164,7860
AS915,8314
25023,_
AS915,407
AS915,_
42400,8628
11043,2611
42400,8345
62287,8345
21138,7646
21138,7691
49605,5411
93541,8843
C19IP2,8753
C19IP2,5122
36430,6270
54520,9903
25980,_
14174,_
CPO80,7360
CPO80,7359
CPO80,_
45385,4443
45385,4233
50289,_
65110,2220
61510,3409
AIRWAYCOMPROMISE,_
26370,8345
25900,3805
21015,9357
21015,8628
33463,3995
33430,3514
33463,3961
90935,3514
33463,3524
GS523,_
11040,8036
21930,889
67840,8339
21930,820
25263,9357
61770,128
60502,689
RECTALCA,_
47562,5810
47562,5860
47562,6094
47562,8929
52601,5123
47562,5732
47562,5850
47562,6029
47562,6373
15734,3479
19271,8382
11750,7760
11750,8309
11750,9820
11750,7710
11750,8302
11750,8339
21462,7935
27514,7676
21462,7815
53430,5846
53430,5849
99460,3402
32100,_
99460,3328
27457,7936
27535,7737
27457,7817
49555,5329
10080,5339
49555,8603
10080,5329
49555,5339
NJ960,_
58950,5980
52332,5440
58950,5732
26952,9353
29075,407
96408,160
61500,9925
49562,4255
43113,5351
43223,4685
43223,4525
43223,_
11044,4610
44141,7760
44141,8345
46275,5310
49507,4911
NER05,_
NO8,8669
NER05,8669
26412,7710
01307,_
ECJ98,_
27253,7935
27248,7985
27253,7925
66250,1289
65280,1283
66250,1159
28810,8382
25000,8192
25000,8396
20605,8301
25000,8191
25000,8394
25023,7760
NET88,729
43234,3491
43234,3404
28045,7760
59313,_
27033,8095
49906,5411
10153,5349
10153,5341
10153,_
47600,5440
66982,1132
65426,1330
29075,430
36011,4450
36011,4389
58300,5423
49000,6970
58300,5411
32653,3420
32653,3320
38500,5980
38500,5732
61305,3121
76942,5502
76942,5501
16010,4233
43243,9357
16103,7499
42082,_
44310,9971
44310,9903
32110,4252
32110,4429
43121,3349
43121,3409
32110,4241
32110,4350
43121,3402
20692,7926
36011,5810
36011,5860
36011,6094
36011,8929
36011,5732
36011,5850
36011,6029
36011,6373
62140,7935
27513,206
62140,7815
NEQ61,4443
NEQ61,4233
58555,4341
58661,6849
UDO80,_
UDO80,6970
11012,5641
50220,7710
50220,8302
50220,8339
50220,8628
46220,4912
46220,4911
INCISIONCURRETAGE,_
51860,5980
NAS82,9788
NAS82,294
NAS82,7860
28660,7989
26685,7974
28660,7984
11043,4622
44151,8345
24420,7832
24420,9971
36430,7832
24420,9903
25020,8073
25105,8314
25020,8013
11040,8018
81908,_
ISI12,_
CHRONICKIDNEYD0,3995
ISI12,3995
CHRONICKIDNEYD0,_
11982,_
36150,_
26034,9357
CD696,_
28675,8036
35472,3950
45330,4901
11000,5810
11000,5860
11000,6094
11000,8929
11000,5850
11000,6029
11000,6373
22843,8129
22556,7859
22843,8051
45380,4911
54520,5749
54520,6029
52214,6230
NEQ60,_
96408,3420
32602,9925
96408,3320
24665,7936
27759,7783
75746,8843
32002,8628
11043,3404
OZ399,_
11044,8192
11044,8396
20600,7760
11044,8191
11044,8394
20600,8345
NES37,4590
NES37,4572
03221,_
79200,_
27654,7760
27654,8345
65093,1475
67025,1631
65093,1471
49525,6529
TGE04,_
MN2,620
60220,_
TGE04,620
MN2,_
12055,8628
12055,8345
96408,6449
54112,9925
96408,6420
27238,7925
54692,6270
54692,6230
35022,3845
35022,3952
59320,7360
59409,6759
59320,7359
28420,8388
27652,7809
11000,3952
35141,8628
11000,3848
C19PP1,9925
C19PP1,331
25525,125
61313,7819
61313,7979
25525,124
67961,1692
67412,8671
46258,5349
49585,4873
49585,4939
25415,8345
33243,3779
49520,_
16010,650
60271,8628
54535,5810
54535,5860
54535,6094
54535,8929
52601,5411
24685,9357
26608,7934
26735,7814
26608,7924
92981,8628
11043,3606
92981,8345
19120,711
19120,730
60545,8521
19120,5440
19120,729
96408,3721
93508,9925
96408,3639
42020,_
25020,7932
NES36,_
58940,5419
58960,6551
58940,4030
58940,5423
58960,6539
82136,_
NER39,3420
32602,_
NER39,3320
ZN189,_
24500,7933
26615,7901
24500,7923
37274,_
AS808,_
26080,7989
26785,8014
26080,7984
68815,8671
67966,944
68815,824
27420,8154
49320,6270
49320,6230
43450,4292
11404,8345
AS899,8417
01820,7912
27594,8659
25611,_
12016,8417
AS525,7912
AS899,8659
01820,_
33518,8628
33518,8345
23570,9359
23570,9353
60108,7360
60108,7359
62801,6849
62801,6561
62801,_
66987,1342
27507,5423
49000,7935
27507,5411
50610,5502
50610,5501
44960,3491
32002,4709
44960,3404
36488,6839
58180,3893
64832,8309
64832,8345
64832,9820
64832,8302
64832,8339
64832,8628
36488,3491
64590,_
67580,884
67961,1664
28450,8345
25545,7934
25545,7924
30130,2263
31254,2161
28470,7860
90935,3949
35876,3995
09339,_
44900,6849
58150,4720
HJ259,1371
HJ259,1341
HJ259,_
NAO61,_
XAT20,9357
25545,7819
25545,7979
26952,8689
11762,407
92981,5980
52332,3606
92981,5732
43830,2080
69421,4319
43830,2009
68500,920
15580,7760
15580,8309
15580,9820
11012,8660
15580,7710
15580,8302
15580,8339
44140,4514
43239,4572
36488,3721
93508,3893
36488,3639
82190,_
36450,3110
45111,9357
16010,4869
45111,8628
75808,_
25251,8003
61598,299
58555,7021
57454,6812
58555,6712
20610,7760
KO48,_
40700,9357
16010,2754
40700,8628
58661,7499
11100,125
61510,8611
11100,124
27786,7936
27792,7906
27786,7817
27535,8444
24666,7817
49588,5440
27822,7971
23650,7819
24366,7710
24366,8302
24366,8339
24366,8628
QI771,_
49080,5620
49080,5732
49080,9645
31500,6840
59525,9604
31500,6839
44147,4610
44143,4579
44147,4575
44950,4610
44141,4709
44950,4572
59620,9971
59620,9903
25900,8314
25023,8405
25900,407
46080,4946
46080,4939
14814,_
12056,8628
12056,8345
11043,8499
25526,8345
57700,6829
45385,5760
51565,4523
51565,4543
45385,5674
51565,4542
49587,5122
REMOVALOFBIGTOEDEBRIDMENT,_
10160,5511
50020,8601
10160,5501
20220,7805
27170,7749
20220,7775
27185,7825
21347,8309
21347,8345
21347,8302
21347,8339
25248,3995
90935,7702
80082,8399
10140,5423
10140,5411
67875,899
67882,889
67875,852
11043,8012
NES37,5423
NES37,5411
RHD32,_
49020,5349
49585,5419
49020,5341
CR106,_
44020,5310
49525,4502
44020,5300
27524,7859
27524,7672
XAT54,_
50845,5721
27880,8314
24495,8415
27880,3803
98093,_
11040,3800
11443,407
42420,8630
11443,2632
49080,4195
38115,5425
49080,4143
NER60,_
25545,7679
21390,7932
25545,1689
38600,_
36430,7936
27535,9903
36488,5779
51596,3893
31612,3110
31612,3194
RL031,_
36510,_
36430,3892
36510,9971
99460,3892
36510,9903
27745,7926
31600,159
CC782,_
31235,2080
69420,2219
31235,2009
22325,7859
XD,2181
XD,8659
54520,5732
52310,6230
36450,5511
50020,9901
46588,_
69720,1940
69632,442
16010,8036
27331,9357
16010,8016
16010,9829
10140,8753
47605,8604
10140,5122
59136,5425
49080,6839
11011,8499
27305,9357
31002,2200
45111,6849
58150,4869
45111,6561
10160,5151
10160,8754
47620,8601
10160,5122
10160,5183
47120,4590
44140,5022
47120,4572
AS012,8659
AS012,_
KO735,8659
KO403,8659
26115,8403
26910,8630
26115,8401
BO69,_
43259,4594
44145,8874
43259,4579
04100,7499
43258,8753
47605,4341
47605,4533
43258,5122
47605,4530
MM109,_
51050,5361
49560,5719
51050,5351
NAS66,_
77008,7499
77008,_
ZS380,_
01711,_
44144,4563
75726,4685
45378,8840
75726,4525
33031,3731
33031,3961
28052,9820
11010,8018
29405,7989
29405,7984
AZ511,_
36444,_
27380,8401
26952,8364
27380,407
25310,8628
11043,8375
25310,8345
21979,_
61510,2700
26597,8235
OO339,_
10060,1940
10060,2023
AV899,7939
AV899,7929
36488,5253
AC787,3893
48140,_
36488,4150
AC787,5253
48140,3893
AC787,4150
AC787,_
61682,125
61313,3953
61682,124
25900,1289
65285,8405
25900,1159
57200,9971
36430,7071
57200,9903
25145,7760
25145,8309
25145,9820
11012,7709
25145,7710
25145,8302
25145,8339
62230,8309
62230,9820
11011,242
62230,8302
62230,8339
61995,_
11043,5440
49201,8345
24600,125
61314,7972
24600,124
60240,2630
60240,442
67983,_
26750,7932
26210,7989
26785,7769
26210,7984
10060,8382
15734,8604
27049,5423
27049,5411
26261,7769
26261,7809
33986,_
24546,7809
24615,7949
28470,7932
47510,5298
43271,5198
47510,5184
58145,7092
58270,6829
58145,6859
17282,8630
65285,1475
67051,1159
AS641,_
11012,5061
47360,7710
47360,8302
47360,8339
CI9IP1,_
47554,5151
47554,5123
11406,7760
11406,8309
11406,8345
11406,9820
11406,7710
11406,8302
11406,8339
11406,8628
50630,5600
50630,5732
31500,3961
33430,9604
31500,3524
26070,8401
26951,8013
26070,407
27217,4800
45563,7989
27217,4610
27217,4879
45563,7939
24500,7852
24498,7901
24500,7850
35047,_
MB000,_
27158,8989
27218,7739
27158,7939
43244,4685
43244,4525
27848,7929
UU089,_
11603,8382
NAS96,_
69436,2220
47600,5104
47480,5122
47600,5103
NAS61,8401
NAS61,407
28260,8048
65285,1060
66984,1475
28470,7935
27513,7907
28470,7815
20690,4563
11043,7986
11043,8146
90393,_
25248,9353
29075,7702
36450,5642
50548,9901
24120,8345
32000,6849
58150,3491
42330,7760
42330,8309
42330,8345
42330,9820
11012,2600
42330,7710
42330,8302
42330,8339
42330,8628
OK759,_
31500,6529
39010,782
60521,3410
39010,781
29365,8086
29085,7929
43215,125
61304,9802
43215,124
PO82,_
59121,6589
58740,6602
44125,5423
44125,5411
44322,3995
90935,8076
27334,3995
47610,5000
47610,5061
66984,820
NAP59,_
25360,7760
25360,8309
25360,8345
25360,9820
25360,7710
25360,8302
25360,8339
25360,8628
61106,125
58150,9971
37620,5423
49080,3870
49010,5425
37620,5411
49010,3870
37620,5425
11043,9827
36568,125
36568,124
39900,8152
27506,7819
39900,7979
25525,7815
39900,7925
39900,7932
39900,7815
25525,8152
39900,7819
46210,4939
44380,4850
45121,4514
44380,4825
26445,8345
50080,3893
77421,4513
43234,_
77401,4513
49509,6200
58720,6529
58720,5440
14974,_
26750,_
NAS62,7904
28309,7738
49505,6849
32654,3961
32654,3524
50395,6813
58100,5980
50395,6711
07175,_
30244,3995
07175,3995
30244,_
29065,7935
29065,7815
27086,7760
27086,8309
27086,7710
27086,8302
27086,8339
25500,7932
15734,2749
41153,8382
45380,4530
06790,_
68008,7499
06790,7499
68008,_
29425,8036
08006,6970
44950,5361
49562,4709
44950,5351
42835,2860
RVS44,_
66987,1211
66505,1341
17260,8630
24586,479
64718,_
24586,460
NAS42,479
64718,7929
24586,_
NAS42,460
36450,5421
38571,9901
27520,8192
27520,8396
20610,7909
27520,8191
27520,8394
44144,4590
44140,4613
44144,4572
52630,5310
49520,6029
52630,5300
75956,3959
35226,3973
08090,6970
21122,8147
27455,7668
21122,7737
58952,9971
58952,9903
50700,5760
90935,5689
51565,3995
50700,5674
90935,5760
51565,5689
50700,3995
KL899,_
36800,4595
90935,4601
36800,4869
44211,3995
36800,4581
36800,4835
90935,4869
44211,3993
90935,4581
36800,4601
90935,4835
42120,8670
42235,2732
42120,2769
58545,8782
58545,6999
61618,7760
61618,8309
61618,8345
61618,9820
11012,212
61618,7710
61618,8302
61618,8339
61618,8628
33814,3880
33814,3961
33730,3961
33641,3799
33730,3571
11955,5504
11955,5980
50080,_
11955,5503
11955,5521
23180,7860
11011,1289
65285,8302
65285,8339
21246,7760
21246,8309
21246,8345
21246,9820
21246,7710
21246,8302
21246,8339
21246,8628
11044,3961
33405,7760
33405,8628
11044,3522
33405,8345
63281,5810
63281,5860
63281,6094
63281,8929
52601,340
63281,5732
63281,5850
63281,6029
63281,6373
63302,8099
90935,4593
44160,3893
36488,4593
44160,3995
36488,4562
90935,4579
12007,8349
29405,8659
28340,9353
12007,7849
29405,8349
28340,8659
12007,9353
29405,7849
CR004,_
26110,6849
DE11,8014
58150,8034
26110,_
DE11,6561
DE11,8034
26110,6561
DE11,6849
58150,8014
DE11,_
33518,3961
33405,3929
33518,3522
43234,9971
43234,9903
47741,4639
44130,4439
47741,4590
25530,7932
25530,8499
25530,7819
25530,7939
00801,7929
SS920,_
65265,1289
65285,1402
65265,1159
11041,9971
11041,9903
52614,6270
52614,6230
77415,_
00922,_
11470,4912
46275,8630
11470,4911
26952,8609
16035,407
93540,8849
58940,6651
58700,6539
96408,5810
96408,5860
96408,6094
96408,8929
52601,9925
96408,5850
96408,6029
96408,6373
27511,7985
27253,7815
50570,5749
52235,8773
52235,9649
50570,5732
50570,5831
52235,5521
52235,9645
27759,8382
24670,125
24670,124
C19IP2,3991
35701,_
C19IP2,3802
CZ441,_
LEFT,_
40110,_
30100,2220
31230,2122
30100,1651
XY406,_
45170,4850
45110,4835
45170,4610
26080,8403
26910,8014
24498,4579
44160,7852
24498,4562
24498,4593
44160,7850
14708,_
11011,7855
LO22,_
61100,_
SV284,8623
11750,_
61100,8623
SV284,_
43831,2211
31237,4319
43831,2121
44378,5423
49000,4443
07000,6970
15200,8403
15200,8401
35701,8345
11041,9359
11041,7945
32605,3422
CC782,3491
CC782,3404
26765,407
27259,7760
27259,8309
27259,8345
27259,9820
11012,7825
27259,7710
27259,8302
27259,8339
27259,8628
12002,125
12002,124
ZZ382,_
65730,1269
CAPMR,_
AVULSEDWOUNDEPISTAXIS,2219
AVULSEDWOUNDEPISTAXIS,2100
AVULSEDWOUNDEPISTAXIS,_
XAS40,8628
11042,8030
11042,8012
11043,202
NET78,5641
50220,_
NET78,5551
ZO18,_
45330,4850
45330,6880
58180,3995
29065,7933
29065,7923
03640,7359
VID19,9820
12018,8628
12018,8345
49587,5411
27524,7819
42325,4685
45378,2649
42325,4525
58180,7092
58270,6561
29445,7860
65105,8628
51050,1641
11043,5719
65105,8345
51050,8628
11043,1641
65105,5719
51050,8345
27640,7925
35201,8345
GINGIVALHYPERPLASIA,_
44604,9971
36430,4675
44604,9903
12041,8309
12041,8302
12041,8339
44204,4513
43235,1739
11011,7691
36012,3995
44388,9971
44388,9903
36436,7430
59136,_
36436,6839
36436,_
27311,7760
27311,8339
27311,9820
27311,7710
27311,8309
27311,8628
27311,7935
27311,8302
27311,8345
27311,_
49080,9604
61154,5425
49080,139
31500,5425
49080,124
77421,3712
33015,_
77401,3712
NSD01,6859
58262,_
27236,9971
27236,9903
27472,7936
27535,7805
27472,7817
50610,5631
50610,5732
49650,5451
BOO2,_
36568,4850
65810,1475
44602,7925
VZ370,_
28022,7989
28645,8018
NAN18,1479
67036,_
NAN18,1472
NAN18,1474
PI109,_
52325,9971
36430,5995
52325,9903
21360,7859
NER57,3961
33877,_
NER57,3954
49509,4680
46070,4991
90935,3528
33464,3995
31622,3952
35081,3324
31622,3844
63250,9971
36430,340
63250,9903
25150,7860
43352,4211
27828,294
27828,9788
27828,7860
HN185,_
35875,8345
AS720,8345
AS721,8628
CS723,_
AS822,7935
BS824,7760
10212,8345
01616,8628
AS720,7760
AS721,8345
CS723,8628
BS824,7935
10212,7760
01616,8345
AS720,7935
AS721,7760
CS723,8345
10212,7935
01616,7760
AS720,_
CS723,7760
BS824,8628
10212,_
01616,7935
AS720,8628
CS723,7935
BS824,8345
10212,8628
01616,_
92980,54
33249,3606
92980,3794
43832,8628
43832,8345
47562,5641
50546,5123
47562,5551
44950,4443
43255,4709
44950,4233
28050,8345
15820,1475
67051,870
15820,1474
C19PP2,5375
44391,4341
44391,4533
43258,4522
44391,4530
12002,7934
12002,7924
38500,9803
43500,4011
38500,4300
23665,9359
23665,9353
SUTURINGOFWOUND,_
21044,8628
21044,8345
15120,7710
67400,7859
21365,1609
25248,8286
26350,7702
XAT21,9357
20221,8628
XAT21,_
20221,9357
XAT21,8628
20221,_
27381,7760
11000,7719
11000,7712
11010,7785
39540,8345
49650,6230
29881,8036
35860,8628
11043,3806
SO530,1289
67010,_
SO530,1159
SO530,1471
SO530,_
49525,7150
56640,5300
27524,7989
26785,7936
27524,7984
67228,1475
67025,1425
67228,1471
67228,9971
36430,1425
67228,9903
11740,139
61154,8604
11740,124
40500,884
67961,2743
40500,8671
IAI48,_
XI517,_
21555,8604
21502,8630
21555,7781
11040,3805
11044,3891
34101,8628
35665,3925
27752,125
61312,7906
27752,124
26952,7789
27071,407
24530,7760
24530,8309
24530,9820
24530,7710
24530,8302
24530,8339
14970,7360
14970,7359
14970,_
27759,8684
26597,7936
27759,8670
27590,8401
26951,8417
27590,407
11011,8018
43860,4850
43860,5760
43860,6849
58240,4450
43860,5671
43860,6561
43860,6880
58240,4389
11044,4195
38115,7760
11044,4143
38115,8345
63001,125
61305,309
63001,124
09809,_
36450,5600
26010,9820
11010,7719
26010,8628
SC419,_
27236,9359
27236,7945
14255,_
41888,_
00880,_
25290,7932
25290,8499
25526,8313
25290,7819
25290,7939
47600,4639
47600,5299
48001,5122
47600,4319
44143,9925
96408,4575
27892,9357
16010,407
36488,5270
51010,8345
77418,3326
27758,8152
12014,7859
12014,7672
58740,8782
58345,6589
58740,6999
11044,8321
27330,7760
NER57,4461
NER57,4442
27070,8345
65805,1289
65805,1159
11044,160
61500,7760
61500,8628
61500,8345
OZ356,7360
OZ356,7359
OZ356,_
82169,_
26990,4610
44141,8115
26990,4572
44140,7815
24430,8345
27590,7939
23515,8417
27590,7929
SS065,_
45300,8753
47610,4824
45300,5122
49507,5421
49650,5310
45300,4959
46200,4824
67112,1475
67112,1474
27079,7765
27295,7769
27079,8674
59513,6769
57720,7499
59513,6761
32023,_
69145,1940
69632,1829
69145,1930
26135,7989
26715,8074
26135,7922
46050,9820
11010,4901
55100,8628
24500,8382
58200,7360
59409,4011
59409,6849
58200,7359
21343,7933
21343,7923
NEO11,_
NOO13,7499
NEO11,7499
NOO13,_
43235,4851
45395,4513
SEN13,_
IMPAIREDFASTINGGLUCO9,_
18519,_
36246,3891
21436,7925
27893,9357
27893,8628
28660,8382
43245,4685
45378,4422
43245,4525
58770,6639
58600,6602
47420,5293
43268,5104
39541,3402
82009,7499
92099,_
24575,5423
24575,5411
58260,7071
77421,5512
50392,_
77418,5512
26735,7974
26676,7924
11040,7939
11040,7929
45112,9901
36450,4840
29065,7936
66982,1164
IZ511,_
XAS52,_
75962,8628
11000,3950
33641,3409
32020,3571
YJ960,8628
YJ960,8345
YJ960,_
NAP03,_
47420,3893
27766,7935
27513,7819
11012,8192
11012,8396
20610,7710
20610,8302
20610,8339
11000,3999
67924,889
67840,844
67924,820
27510,7935
27510,7815
23600,7949
26034,8401
26951,7719
26034,407
66894,1371
66894,1330
66894,_
23600,8031
67961,5423
49000,8671
23170,7760
23170,8309
23170,8345
11012,7701
23170,7710
23170,8302
23170,8339
78086,_
54440,8345
47563,4233
27216,7989
93624,3726
58600,6769
57720,6639
58600,6761
49010,8659
23650,7925
35226,5310
49507,3959
35226,5300
25020,7760
25020,8309
25020,9820
25020,7710
25020,8302
25020,8339
51045,5733
51045,9227
52250,5719
66625,1269
66170,1214
66625,1264
CS810,9829
AV284,7760
CS810,_
AV284,8016
CS810,7760
AV284,8345
CS810,8016
AV284,8036
CS810,8345
AV284,8628
27331,_
CS810,8036
AV284,9829
CS810,8628
AV284,_
16040,8669
15100,8630
19100,9971
36430,8511
19100,9903
28705,8345
11000,5839
53215,8628
11000,5717
XAS22,_
50392,6270
54520,5512
50392,6230
NO0,7935
27236,_
NES72,7935
NES01,2181
NO5,2751
NES01,881
32100,7949
27193,3402
32100,7909
32100,7975
27193,3328
29065,7745
49560,4563
49560,4562
49560,4639
35011,7710
35011,8302
35011,8339
NAO42,7360
NAO42,7359
NAO42,_
43820,4639
43820,4590
54700,6270
54520,6392
54700,6230
65437,_
EE21,_
18010,8382
18010,_
AT242,_
AT311,8628
AT311,_
AT242,8628
AT311,9357
21070,7859
21365,7631
21070,7672
56654,5843
45825,_
56654,4610
56654,_
67971,881
67935,869
67971,1060
35721,5423
49000,3808
16100,_
27536,7989
24546,7840
11420,6813
11420,6711
11042,7984
52204,6561
XAN40,_
75980,3893
36488,8754
11403,5310
11403,5300
42510,2699
20690,7860
64835,8286
26356,430
64835,8251
29345,7931
XAS01,8628
00181,8345
00181,8628
XAS01,8345
00181,_
21045,4040
38724,7769
21045,4021
31231,2252
31231,2219
27894,8309
27881,8659
15931,8415
15931,9353
27881,8630
15931,8446
26725,7760
26725,8339
26725,9820
26725,7710
26725,8309
26725,8628
26725,7819
26725,8302
26725,8345
26725,_
21041,7859
21196,7769
21041,7643
52214,9901
36450,5831
NK801,_
AS000,_
32405,9971
36430,3326
32405,9903
85113,8839
75980,_
85113,8754
85113,_
21461,7819
21244,7676
21461,7643
50725,5679
50725,5902
27758,7989
24566,7931
24566,7842
90935,4530
45383,3995
43251,4523
43251,3995
43251,4543
11043,4850
45112,8345
NER57,4443
28810,8699
28810,7756
26483,8256
26483,8381
47620,9901
36450,5183
21015,8382
NES81,_
12042,7934
12042,7924
44188,5502
50040,4610
44188,5501
CRANIALMASS,_
11043,8959
93660,8628
11043,8952
11043,8961
93660,8345
OK802,_
27536,7929
27558,8036
27331,7986
11042,8192
11042,8396
11042,8191
11042,8394
50860,6849
58150,5661
50860,6561
27536,8060
27536,8016
53515,5841
43268,5298
43271,5293
43268,5184
KERATOSISOBSTURANSLEFT,_
31600,206
62147,3121
31600,204
42955,5310
49507,2999
42955,5300
42955,2999
58740,5423
49000,6589
58740,5411
31590,3198
50580,5732
52337,8773
52337,9649
50580,5522
50580,5631
50580,5980
52337,5521
27828,7819
27823,7817
16341,_
36430,5511
50020,9903
10060,2263
31254,8604
10060,2219
31030,8345
19160,9971
36430,8523
19160,9903
31500,4594
43235,5349
49585,4513
43235,5341
40530,8382
27130,7760
27130,8309
11012,8151
27130,7710
27130,8302
27130,8339
11043,640
60254,8345
29881,9820
11010,8060
29881,8628
25449,7760
25449,8309
25449,8345
25449,9820
11012,8197
25449,7710
25449,8302
25449,8339
25449,8628
27125,7739
99460,212
36430,2219
31238,9903
65093,9357
16010,1631
65093,8628
11000,5029
11000,5099
11000,5000
27295,7760
27295,8309
27295,9820
11012,8418
27295,7710
27295,8302
27295,8339
OD251,6849
OD251,6561
OD251,_
61312,3951
ZAV28,7925
ZAV28,_
XA,1490
67041,_
EI109,_
PP034,_
AS671,8401
AS671,407
AS671,_
37615,650
60271,3880
37615,639
61154,8302
61154,8339
77401,5419
63908,7499
63908,_
21740,3474
49521,5459
20650,8036
27331,7860
27245,8499
27245,7819
27245,7939
43261,5136
43261,5270
27506,4461
43840,7815
43840,8152
27506,4442
43840,7925
27442,7986
27556,8147
27442,7819
35207,8401
26952,3959
35207,407
ADI50,_
21245,7939
23515,7643
21245,7929
12011,7859
21196,8659
12011,7643
49561,3409
32100,5351
32020,5361
49561,3328
32100,5361
49561,3402
32020,5351
90935,7749
20225,3995
90935,7745
45738,4685
45738,4525
45738,_
31500,4029
31500,5641
50230,9604
31500,3807
31500,5551
47360,9604
31500,3886
44960,5502
50040,4709
44960,5501
35236,7760
35236,8309
35236,9820
11012,3956
35236,7710
35236,8302
35236,8339
58140,7491
58600,6829
58140,6800
59100,6829
58140,6639
17273,8630
11000,8321
AO96,_
75982,5293
43268,5159
49320,6639
27759,8036
75940,3995
90935,3870
29075,8684
29075,8670
21461,7925
43235,5749
11010,4673
99460,4533
44800,_
66983,1474
67036,1319
50542,5534
11043,8030
OK599,_
43239,6829
02330,_
60009,_
38740,7760
38740,8309
38740,8345
38740,9820
38740,7710
38740,8302
38740,8339
38740,8628
21300,9357
21300,8628
33919,3799
33919,3961
27130,7860
27245,7989
28615,7935
27226,7939
27226,7929
27071,3995
90935,7785
NER93,_
OZ511,_
25107,7760
25107,8309
25107,8345
25107,9820
25107,7710
25107,8302
25107,8339
25107,8628
49505,8345
27495,9820
33430,3528
33464,3524
23650,8192
23650,8396
20605,7971
23650,8191
23650,8394
78612,_
AS424,8345
AS424,7931
AS424,8628
AS424,7760
AS424,_
10155,5504
10155,5980
10155,5503
10155,5521
10155,_
75625,8842
IPN03,_
35005,3842
23900,7745
90935,5498
44388,4685
AS686,7760
31636,3324
31625,3199
49201,4610
27602,7936
27816,8314
27602,7819
27823,8314
27602,7909
EU621,_
25365,7760
25365,8309
25365,9820
25365,7710
25365,8302
25365,8339
25365,8628
31256,2220
40525,8302
40525,8339
40525,8628
44950,4579
LT21,_
25210,8175
25332,7784
25210,7819
25210,7784
CEN18,_
HEMODIALYSISPRO5,3995
CEN18,3995
HEMODIALYSISPRO5,_
52204,5849
53430,5733
52204,5846
11400,9357
11400,8628
39540,7791
32035,5380
39540,3409
28800,8403
26910,8412
28800,8401
21454,9359
27509,7676
11000,9623
NAT81,8628
46604,_
NAT81,9623
46604,8628
NAT81,4921
11000,7702
19162,8587
50561,5700
47605,5459
25600,8314
43234,5421
43653,4513
43234,4319
10160,4610
44143,8601
10160,4575
32650,782
60521,3421
27630,8192
27630,8396
20610,8381
27630,8191
27630,8394
EL089,_
44010,8628
11043,4501
44010,8345
27594,8016
27310,8417
28825,7934
26735,8411
28825,7924
50040,5641
50220,5501
12002,7936
27535,8659
12002,7817
25530,7925
44389,4341
26180,8628
26180,8345
27228,8192
27228,8396
27228,8191
27228,8394
41135,5423
49000,2520
67049,1425
67228,1380
49420,5980
52332,5419
49420,5732
21344,125
61304,7929
21344,124
49421,_
12004,3952
35045,8659
12004,3843
36430,8543
19240,9971
27625,7710
27625,8302
27625,8339
C19IP3,9604
NAN17,9604
27001,7855
27165,8312
27001,7735
21911,7760
21911,8339
21911,9820
27590,_
21911,7710
21911,8309
21911,8628
21911,8417
21911,8302
21911,8345
21911,_
11400,_
OO249,8630
11400,7499
NEO13,8630
OO249,_
11010,2749
11010,7631
27725,7760
27725,8309
27725,9820
27725,7710
27725,8302
27725,8339
27725,8628
54152,6442
54152,5845
49180,5620
49180,5732
49180,9645
52317,8345
GO09,_
12035,125
12035,124
26037,8192
26037,8396
20610,8212
26037,8191
26037,8394
51550,5423
51550,5411
26433,7933
26615,8284
26433,7923
77401,3121
11420,5310
11420,5300
NEI10,_
27886,3891
34203,8415
27886,3808
67105,1475
67105,1474
31500,4999
46716,9604
31500,4979
00951,_
66180,1292
65815,1699
66180,1291
26843,8126
55040,6340
55040,6320
ZZ390,_
49650,3995
36488,5310
43239,4639
44130,4514
21196,8628
66680,9821
65275,1239
66680,1151
61313,4311
29405,_
NAS82,7819
27822,_
NAS82,9353
28024,7937
28485,8018
26600,8499
25526,7903
26600,7819
26600,7939
44140,8152
27506,4572
27884,8446
27884,9353
63003,7749
20225,309
63003,7745
36450,4466
43325,9901
36450,4285
57555,6561
58210,7050
57555,4030
57555,6869
58210,6740
49080,5783
45805,5425
25560,125
25560,124
50610,5511
NAS53,7760
NAS53,8339
NAS53,9820
NAS53,7710
NAS53,8309
NAS53,8628
NAS53,8302
NAS53,8345
28288,9357
16010,7759
28288,8628
AZ188,8628
27372,_
AZ188,8016
07210,6849
07210,6561
07210,_
58200,9901
96408,4011
58200,9925
36450,4011
29358,9359
29358,7945
43830,3491
32002,4319
43830,3404
33212,8192
33212,8396
20610,3781
33212,8191
33212,8394
12001,5061
12001,3886
51570,9971
36430,5779
51570,9903
15570,8544
19162,8670
15570,8543
33400,3995
90935,3511
28415,9971
28415,9903
43831,9357
43831,8628
66984,1479
67027,1330
02099,7359
02099,7360
02099,_
43235,9608
50395,6849
50395,6561
27179,7845
NEP35,_
49507,9903
66985,1479
67027,1372
52450,5980
33335,3958
33335,3961
47715,5182
79992,8345
79992,8411
79992,8628
79992,7760
79992,_
11752,8689
11752,8669
28800,8446
MSD64,_
27558,7936
27535,8146
27558,7817
33908,7499
33908,_
41115,5310
32000,4590
44140,3491
32000,4572
58262,7092
49000,5642
50234,5411
47849,_
44500,5310
49507,9608
44500,5300
63099,_
66505,1269
66170,1211
66505,1264
12014,8382
11043,8444
20610,8321
27330,8191
27330,8394
37025,7360
37025,7359
37025,_
32000,5502
50040,3491
32000,5501
43351,4219
66185,1253
65820,1699
66185,1252
28420,9353
15100,8411
26433,7760
26433,8309
26433,8345
26433,9820
11012,8284
26433,7710
26433,8302
26433,8339
26433,8628
46935,4901
46935,4912
15100,7802
23221,8669
15100,7772
64835,7760
64835,7710
26555,8261
78016,_
IJ069,_
RJ459,_
11010,407
MC900,_
45562,5423
49000,4800
63900,_
14102,7499
01000,7499
14102,6639
01000,6639
14102,_
43258,4610
44322,4341
44322,4533
44322,4530
37026,_
49405,_
52234,5502
52234,5501
46285,8345
59513,125
61312,7499
59513,124
29405,7935
29405,7815
63005,7860
TT941,3952
35045,_
TT941,3843
TT941,_
67924,884
67924,8671
16035,9971
36430,8609
16035,9903
11043,5502
50040,8345
38100,5423
49000,4150
38100,5411
44005,8309
44005,9820
11011,5459
44005,8302
44005,8339
77421,8659
12031,_
77418,8659
25040,479
64721,8019
25040,460
BS066,8628
01720,_
NER79,4542
90935,5642
50234,3995
43243,4610
44143,4233
43243,4575
24620,7936
27828,7909
24620,7817
19367,8546
19200,8572
19367,8545
29425,8192
29425,8396
29425,8191
29425,8394
36430,639
60252,9971
36430,4040
60252,9903
65275,1371
66987,1151
II499,_
21123,7668
NER58,5810
NER58,5860
NER58,6094
NER58,8929
NER58,5732
NER58,5850
NER58,6029
NER58,6373
NER58,_
11101,_
35654,3929
27758,8036
59822,9041
59822,8909
59822,_
65103,8671
67966,1642
65103,824
27003,407
27592,8312
27003,8417
27592,407
27003,8312
NAO11,_
SO631,125
SO641,_
SO20,124
SO631,_
SO641,124
SO20,125
SO631,124
SO641,125
SO20,_
59513,5502
50040,7499
59513,5501
27766,7932
06200,6840
06200,6839
15736,8544
15736,8543
52276,5717
CC719,_
47564,5185
49505,8753
47605,5300
23490,9357
96001,_
23600,8314
24495,7901
23600,3803
38525,4041
41135,4011
38525,2520
C19IP2,3491
C19IP2,3404
36488,139
61154,3893
11043,7851
28002,9357
11043,7818
42830,2080
69421,2860
42830,2009
49558,4685
45378,5329
49585,5440
43825,3995
36488,4400
43825,3893
26370,9820
26370,8628
11043,7974
15572,9357
15572,8669
06990,7360
06990,7359
06990,_
02440,7360
02440,7359
22843,7789
63046,7859
22843,309
50040,160
61500,5501
12042,2181
12042,881
12042,1840
12042,2751
90925,_
29075,7935
29075,7815
35840,8839
75980,3806
35840,8754
44393,4542
65870,1049
68320,1232
65870,1044
SS060,_
64727,8662
69910,2049
69910,2079
26516,7760
26516,8309
26516,8345
26516,9820
26516,7710
26516,8302
26516,8339
26516,8628
26952,8415
37618,9971
36430,3880
37618,9903
82108,6639
59513,8604
10180,_
03390,6639
82108,7499
58600,8604
10180,6639
82108,8604
10180,7499
03390,8604
82108,_
66108,_
28496,5061
47360,7819
28496,3886
39900,8669
23670,7760
12005,7859
02661,7924
24615,7911
24400,7982
24615,7732
80926,_
38770,6639
THYROIDMASS,_
27760,7904
26735,7909
27760,7934
26720,7909
27760,7924
26011,8309
26011,9820
26011,8302
26011,8339
24500,7860
OA971,_
25118,8345
SD172,_
12013,7760
12013,7710
53060,7109
44310,5104
47480,4620
44310,5103
47010,5061
47360,_
47010,3886
11041,4901
11041,4912
44204,5351
58672,6639
07811,_
24587,9353
29065,7929
31000,125
61312,2200
31000,124
27752,7929
27766,7906
27752,7819
VV284,_
27245,8185
24587,7935
32002,5423
49000,3404
61510,9903
21365,1623
67400,7672
EII21,_
24600,7933
26615,7972
24600,7923
26449,8211
11011,8391
26449,8302
26449,8339
26449,8628
55873,6062
CR302,_
82914,_
12011,4590
49525,8659
12011,5310
49525,4572
12011,4572
49525,4590
12011,5300
27507,7925
36461,_
22310,9357
16010,353
61140,9925
96408,113
45400,4685
45378,4876
45400,4525
43264,5151
90935,5512
90935,5587
50400,3995
90935,5570
28485,125
61314,7937
28485,124
65420,1269
29405,2181
52240,125
61312,5732
61312,5831
52240,124
61312,5749
47480,8753
47610,5103
19340,8544
19162,8553
14060,7939
23515,8689
14060,7929
XZ390,_
61512,9903
71110,_
SV899,8628
71110,8628
SV899,_
99406,_
21339,7819
21339,7929
61921,9820
26410,_
61921,8628
61921,8286
61921,_
CERVICALCA,_
37565,5600
37565,5980
90935,3882
37565,5522
37565,5732
52337,3882
37565,3995
37565,5631
77418,8192
77421,8394
77421,8191
77418,8394
77421,8396
77418,8191
77421,8192
77418,8396
27134,7760
27134,8309
27134,9820
11012,70
27134,7710
27134,8302
27134,8339
27134,8628
25312,8684
26597,8375
11043,7926
QA150,_
47610,5351
27540,8309
11012,353
24600,7852
24498,7972
24600,7850
66985,1364
25900,8382
43118,4241
43118,4255
43118,4350
12004,7925
49085,5498
90945,5492
49085,3995
46275,4513
29345,7840
29345,7807
31255,2220
55500,6270
55500,6230
KL910,_
SX,9824
54115,_
SX,6492
SX,_
23410,8041
57250,7359
KI842,4685
KI842,4525
KI842,_
59513,8309
59513,9820
11011,7499
59513,8302
59513,8339
11042,8086
21188,7859
21196,7646
21196,7809
21188,7643
21196,7669
27216,8152
27506,7909
27216,7925
INVASIVECARIGHTSTII,9971
INVASIVECARIGHTSTII,9903
INVASIVECARIGHTSTII,_
58925,6551
NEO13,6529
OO141,_
11400,8345
28465,8414
27888,7937
28465,407
BO1,_
NAS62,8286
26418,_
58200,5440
29358,8154
29358,8147
26590,8283
44141,5423
XAT24,9357
XAT24,8628
XAT24,_
15840,1940
15840,2099
15840,1860
15840,2049
15840,8382
62201,7760
62201,8309
62201,8345
62201,9820
11012,220
62201,7710
62201,8302
62201,8339
62201,8628
RE101,_
36821,8628
36821,8345
58300,6813
58100,6970
58300,6711
23397,8377
55041,6270
55041,6230
28485,7925
65270,1289
65280,1281
65270,1159
11620,4912
64742,403
23540,9357
66840,1452
36011,5502
36011,5501
61315,3110
XAS42,_
99195,_
43235,5104
43235,5103
AC541,4685
AC541,4525
AC541,_
66500,1474
67049,1212
66500,1380
43426,_
23665,8036
71612,_
C19FRP,3491
31237,4040
38724,2121
44206,5779
51590,1735
28800,8414
27888,8412
28800,407
44310,4673
49507,4620
44602,4620
20065,5980
20065,5732
20065,_
35206,7760
35206,8309
35206,9820
35206,7710
35206,8302
35206,8339
24685,7929
48160,5260
37617,5284
48160,3880
37617,5260
48160,5284
58925,2169
30140,6529
58925,2161
14517,8628
14517,8345
14517,_
44322,_
99460,4525
46275,4873
46275,4946
46258,4911
46275,4939
24363,8185
24363,8197
HH10,_
93549,_
11403,4461
43840,8630
11403,4442
49560,6551
58940,5351
29405,8669
15756,9353
29405,8332
NET80,_
31500,6270
54520,9604
31500,6230
08222,_
27745,8076
27334,7819
27745,8016
23670,7911
23670,7732
37223,_
II043,_
24100,7760
24100,8628
24100,8345
27760,7925
27760,_
27760,8628
NAS82,7909
27760,8345
35013,8628
56740,6813
58100,7124
56740,6711
45300,4594
27428,7929
27566,8146
27428,7796
44970,5349
49585,4701
44970,5341
NEQ42,_
60240,3991
35701,640
60240,3802
11000,6849
11000,6561
16010,7979
67880,1049
68320,852
67880,1044
57917,8036
27520,9829
57917,7909
27520,8016
57917,9829
27520,_
27331,7909
57917,8016
57917,_
23156,7772
23156,7802
NAO00,_
31825,3198
31528,3172
31825,3142
KN185,_
11010,7926
11010,7817
36844,_
38505,9199
88332,4011
38505,8908
37617,8753
47605,3880
37617,5122
82109,7499
06800,7499
82109,_
11626,8669
11626,8332
78780,_
11446,2181
11446,8659
NER62,_
YPK22,_
COLONPOL7,4514
YPK22,4514
COLONPOL7,_
BS626,7934
BS924,_
31502,7924
BS626,_
BS924,7924
31502,7934
BS626,7924
BS924,7934
31502,_
24665,7972
24600,7783
11044,7851
23480,7760
23480,8345
25115,8403
26910,8342
25115,8401
96408,5539
27600,9357
17962,_
46221,5423
49000,4945
46221,5411
16901,_
11000,9824
54115,8628
11000,6492
14060,8401
26951,8689
14060,407
11010,7933
44340,5423
49000,4643
44340,5411
11000,8060
49080,6813
58100,5425
49080,6711
27215,7749
20225,7939
27215,7745
42226,8628
11043,2762
AS661,8670
42226,8251
42226,_
26356,2762
42226,8286
26356,8670
42226,8345
AS661,2762
43265,5132
47721,5188
43265,4439
27329,7925
EE878,_
SZ418,6849
SZ418,6561
SZ418,_
09375,_
ZK209,_
KN390,4513
ZK209,4513
KN390,_
AS508,_
52276,6373
OH352,_
32020,4255
43113,3409
32020,4242
25611,7934
26735,7912
25611,7924
32020,3452
32652,3409
44350,_
36401,_
29900,_
58100,6561
58200,6813
58100,4011
58200,6711
35623,3929
28003,9820
04110,_
26350,7933
26350,7923
11043,9903
69960,2099
43860,4590
44140,4389
44140,4639
44130,4572
21346,7679
21390,7939
21346,1689
28800,5423
49000,8412
28800,5411
22842,9357
16010,7859
96408,7789
32000,6813
58100,3491
32000,6711
24077,7760
24077,8309
24077,8628
27220,7925
44206,6529
44206,5440
44206,6561
58952,1735
59413,_
AS829,407
372XB,8401
26952,7936
BS626,407
AS829,8401
372XB,7936
BS626,8401
AS829,7936
372XB,8628
BS626,7936
AS829,8628
372XB,_
BS626,8628
AS829,_
372XB,407
58180,5423
58180,6551
58943,6839
58180,4011
58180,5440
58180,6651
27215,2181
27215,8659
27220,8628
27220,8345
28445,7929
27766,7939
28445,7819
47562,5421
49650,5123
27536,7691
21147,7936
27536,7646
29875,7760
29875,8309
29875,8345
29875,9820
29875,7710
29875,8302
29875,8339
29875,8628
90935,6639
58600,3995
45309,5423
49000,4542
49000,4823
49000,4836
45309,5411
49000,4543
49000,4835
AS828,7760
BV099,8345
AS828,7929
BV099,7939
AS828,8628
BV099,_
25415,7760
25415,8309
25415,9820
11012,7843
25415,7710
25415,8302
25415,8339
25415,8628
22843,9357
P0001,5310
P0001,5300
C19IP3,3194
31612,_
C19IP3,3110
11012,3891
34203,7710
34203,8302
34203,8339
34203,8628
44005,5151
47564,5459
44005,5123
21041,2181
21041,8659
NAS46,_
11765,9357
11012,1610
61334,7710
61334,8302
61334,8339
61334,8628
65855,1274
66710,1689
65855,1273
27734,7827
21501,8309
21501,8302
21501,8339
44322,5423
26844,8126
AS720,7925
AS723,8152
BS820,_
BS923,7815
20161,7925
41221,8152
AS720,7815
AS723,7925
BS820,8152
20161,7815
41221,7925
AS723,7815
BS820,7925
BS923,8152
20161,_
41221,7815
AS720,8152
BS820,7815
BS923,7925
20161,8152
41221,_
XDS70,8628
15100,_
XDS70,8345
XDS70,8669
XDS70,_
58760,7430
59136,6679
58760,6839
59136,9903
15822,8345
11010,7975
27200,8121
27286,7909
27200,7735
30802,1940
30802,2099
69645,2132
12037,7935
27511,8659
12037,7815
15740,8544
19240,8670
15740,8543
34151,3952
90935,3806
35081,3891
34151,3995
34151,3844
35081,3806
43810,9607
43241,4439
43810,4513
49651,5341
EI14,8628
EI14,8345
EI14,_
DO821,7499
25910,7499
DO821,_
DVZ49,_
ESRDCK1,3995
DVZ49,3995
ESRDCK1,_
35556,_
35556,8628
C19IP3,3929
92981,7860
11041,7691
21175,8628
11041,7646
21050,8604
21502,7650
21050,7781
NES00,_
P0000,4563
50040,6050
55866,5501
37099,7360
37099,7359
44005,4533
44110,5459
44005,4500
JI248,_
NSD011,6639
NSD011,_
15950,8345
44140,4620
44155,4590
44140,4582
44140,4869
44155,4572
ACUTERHINOSINUSITIS,2211
ACUTERHINOSINUSITIS,2121
ACUTERHINOSINUSITIS,_
32020,4563
15400,8665
12005,125
12005,124
31600,442
61595,3121
37615,8628
37615,8345
28485,8152
11040,7937
11040,8152
27506,7937
11040,7815
35226,3991
35721,3959
35226,3808
CO51,_
26600,7929
27766,7903
36556,3995
65815,1474
67039,1291
49320,9971
36430,5421
49320,9903
12001,8401
12001,407
66852,1289
65280,1342
33210,3528
33464,3770
33210,3514
37730,8628
11043,3889
37730,8345
10121,_
NAS91,8684
NAS91,8235
NAS91,8628
26121,_
NAS91,8662
26130,8192
26130,8396
20600,8073
26130,8191
26130,8394
82160,_
27826,7860
27826,294
27826,9788
29820,9359
29058,8071
29820,9353
61520,8628
61520,8345
NAP29,_
27333,7935
27333,7815
67966,884
67961,824
52330,6849
58150,5620
52330,6561
46585,_
FACILITYBASEDCORAPID,_
26615,8185
24587,7923
32000,5369
49572,9925
32000,5359
96408,5369
49572,3491
32000,9925
96408,5359
II120,_
25526,7931
24546,7819
24546,7939
26785,7809
20956,7984
12052,4823
45317,1840
45317,2751
45317,881
12052,4543
45317,2181
45317,8659
38542,6849
26040,8628
26040,8345
21215,8382
LO42,_
44025,4610
28675,8403
26910,7989
28675,8401
59300,_
35231,7760
35231,8309
35231,8345
35231,9820
35231,7710
35231,8302
35231,8339
35231,8628
27284,8152
27258,8121
27284,7985
49505,5600
52337,5310
49505,5522
49505,5631
49505,5980
52337,5300
22420,_
27784,125
61312,7936
27784,124
61312,7926
43405,4282
43234,4443
SS069,7760
SS069,8339
SS069,9820
SS069,7710
SS069,8309
SS069,8628
SS069,7810
SS069,8302
SS069,8345
SS069,_
12053,8309
12053,9820
12053,8302
12053,8339
28740,8345
19367,8554
19340,8572
19367,8553
90935,3420
32602,3995
90935,3320
24341,9357
75686,_
50240,5423
49010,5540
50240,5411
16010,6529
58952,9357
58952,8628
49020,4029
49020,5641
50230,5419
49020,3807
49020,5551
90935,4533
44111,3995
90935,4500
IS822,8345
IS822,7810
IS822,8628
IS822,7760
IS822,_
21315,9820
11010,2171
27535,8364
35111,3846
35111,3952
39039,_
11626,4040
11626,4021
29358,8314
45112,8628
11000,4840
PP331,_
45380,4823
45320,4525
28045,9353
47490,5136
26991,8628
NES43,_
06296,_
SO620,125
61304,_
SO620,124
SO620,_
25600,7860
82165,_
64721,7710
64721,8302
64721,8628
43432,4685
43432,4525
43432,_
20670,8192
20670,8396
20610,7860
20670,8191
20670,8394
03838,_
NSD01,3491
NSD01,3404
37720,5310
49507,3889
37720,5300
31240,1930
31240,2099
69310,2169
69646,2219
31240,1860
31240,2042
69646,2169
31240,1940
69310,2219
16035,8446
11000,9353
27881,8609
16035,9353
11000,8609
16035,8415
30182,_
25445,8174
44150,5423
49000,4582
44150,5411
49000,4595
43235,5421
49650,4513
49562,5122
35585,3929
54550,5421
49650,6200
15120,8546
15120,8545
52276,125
61512,5732
49565,5423
25020,3891
34111,8314
25020,3803
64746,403
NET78,4685
NET78,4525
RO2,8401
RO2,407
RO2,_
58720,711
58720,730
60650,6561
58720,5421
58720,729
11012,7749
20225,7710
20225,8302
20225,8339
15931,8302
15931,8339
50230,9901
36450,3807
49010,3995
82749,7499
OO339,7499
82749,_
64895,450
NE878,_
29875,8192
29875,8396
29875,8191
29875,8394
63015,7989
26785,309
63015,7984
49507,6270
980/3,_
54530,9646
66982,1264
66982,9928
66172,1330
EII62,_
32603,3961
33031,3422
32603,3731
17100,4912
51060,5810
51060,5860
51060,6094
51060,8929
51060,5732
51060,5850
51060,6029
51060,6373
58120,3721
93508,6909
58120,3639
10403,8628
10403,8345
10403,_
26105,7710
26105,8302
26105,8339
49255,5419
49255,5425
49255,4030
49255,5423
20068,7499
57061,6813
58100,7091
57061,6711
90935,782
60520,3995
90935,781
EE16,_
FP001,6970
63182,212
63182,309
63182,8049
44100,4594
RHD21,_
RFRHD21,_
NET88,5641
NET88,5551
64835,9357
16010,430
43830,4461
43840,4319
43830,4442
24515,8185
24587,7931
TLO02,_
15734,7631
41155,8332
41155,8669
15734,2530
15734,4040
41155,8382
50393,6849
50393,6561
DW541,_
31600,4289
43312,3121
31600,3173
29085,8286
29085,8251
61313,7817
44144,4639
44130,4579
44130,4613
96413,_
AZ478,_
44340,4850
44340,4610
11000,9646
21360,7760
21360,8309
21360,9820
11012,7672
21360,7710
21360,8302
21360,8339
OAS06,_
36830,8394
64830,7760
46255,8628
11043,4946
46255,8345
44392,4341
12052,5423
49000,1840
49000,2751
49000,881
12052,5411
49000,2181
TM011,7789
TM011,_
29075,8042
24006,9353
24134,8309
24134,8302
24134,8339
31600,4041
41135,3121
31600,2520
KN188,_
11900,_
AM320,_
92935,_
44950,7491
59100,4709
44950,6800
20680,7842
24435,294
24435,9788
20680,7809
24435,7860
49000,5361
49561,5411
65805,1292
36450,640
60254,9901
36450,4040
21348,7760
21348,8628
21348,8345
11010,3797
33246,9820
11010,3795
11010,54
33246,8628
36450,5369
49572,9901
45111,9971
36430,4869
45111,9903
27033,8628
33470,3503
65280,1642
11044,8095
44950,5029
44950,5099
47361,4709
44950,5000
37616,8544
19240,3880
37616,8543
36450,4869
45114,9901
43610,9971
36430,4342
43610,9903
33414,3539
44141,9604
15350,7760
15350,7710
10180,5423
10180,5411
10140,4590
44140,8604
10140,4572
CS824,7936
ZO429,_
II251,_
27245,7805
27245,7775
36011,8345
04290,7499
01306,7360
01080,_
25515,7931
25515,7842
25620,7809
20956,7932
25620,3999
32664,529
26585,8289
44604,5361
49562,4675
44604,5351
NET71,_
NOU01,_
11043,233
29844,8192
29844,8396
20605,8073
29844,8191
29844,8394
27758,7840
46280,8628
72280,_
61613,3861
36488,6529
26428,8286
26428,8381
ECM10,8192
ECM10,8396
ECM10,8191
ECM10,8394
4AW54,_
16010,8959
93660,9357
16010,8952
16010,8961
27230,7935
27230,7815
32000,5253
59402,7360
59402,7359
67039,1370
66986,1424
P0001,9971
P0001,9903
27846,8415
27880,7989
SO111,_
52000,6270
52000,6230
SURECLAIMSBYJ,3961
SURECLAIMSBYJ,3954
11042,5136
11042,5270
67950,8671
67966,859
67950,824
27506,7949
27193,7925
49651,5459
49521,5810
49521,8929
52281,5300
49507,3893
36488,5300
27580,7760
27580,8309
27580,9820
11012,8122
27580,7710
27580,8302
27580,8339
28270,8302
28270,8339
61108,5641
50220,124
61108,5551
11000,7981
11000,7771
15120,160
61500,8669
15120,125
24900,8314
24900,3803
24314,_
11042,4610
11042,4575
50546,5501
AS626,_
20692,7934
AS626,7810
20692,7924
AS626,7924
XAS91,7760
XAS91,8309
XAS91,8345
XAS91,9820
XAS91,7710
XAS91,8302
XAS91,8339
XAS91,8628
26641,7932
NAO34,9903
59525,9971
NAO34,6839
NAO34,9971
NAO34,6840
43200,4850
45112,4223
43200,4840
51040,4029
32405,782
60522,3326
32405,781
44322,4850
45120,4610
44322,4595
44322,4865
45120,4525
27496,125
27590,8314
61304,8417
27496,124
27590,125
61304,8314
27496,8417
27590,124
42410,9357
16010,2629
52310,5502
50040,5700
52310,5501
22900,6639
58661,5430
45378,5339
49550,4525
CS724,7760
CS724,_
45563,4622
50825,4610
50825,4879
45563,4590
50825,4800
C19IP4,8628
C19IP4,8345
SS521,_
25320,7932
25320,8499
25526,8175
25320,7819
25320,7939
44005,5419
11010,5310
NAN28,5641
NAN28,5551
NAN28,3995
NAN28,_
90930,_
21360,7905
21360,8152
27502,7672
21360,7815
27329,7749
27329,7745
AS681,8401
AS681,407
AS681,_
11909,_
66761,1274
66710,1212
66761,1273
SO1O1,_
27826,7912
61313,7937
26562,8628
11043,8685
26562,8345
47100,5423
49000,5012
47100,5411
NES65,_
32974,_
67025,1330
75665,2092
69604,8841
75665,1940
65105,1692
67412,1641
27580,7745
46050,8309
11011,4901
46050,8302
46050,8339
15732,2749
15732,7631
15732,2530
59812,6849
58150,6902
59812,6561
49525,5810
49525,5860
49525,6094
49525,8929
28820,8959
22548,7789
22548,8129
27880,8192
27880,8396
20600,8415
27880,8191
27880,8394
27514,7986
27557,7935
27514,8146
27557,7815
IE113,_
NAN20,3995
27236,7936
27822,7935
27236,7819
11000,6529
LQ210,_
II639,_
62301,8152
62301,7815
12002,8152
62301,8659
62301,7925
62301,_
90935,5361
49560,3995
90935,5351
79516,_
25023,3402
32110,8314
25023,3349
25023,3409
32110,407
50060,5504
50060,5980
50060,5503
50060,5521
27054,7760
27054,8309
27054,9820
11012,8075
27054,7710
27054,8302
27054,8339
63185,309
63185,310
RV284,_
P0000,9604
31500,7024
57100,_
RV284,9604
P0000,7024
57100,9604
RV284,7024
67049,1359
66940,1380
72008,7252
06490,7252
72008,_
49507,4579
44160,5310
49507,4593
44160,5300
58346,6999
29823,8031
29815,8082
29823,8021
29085,8401
29085,407
31601,8628
31601,8345
AW340,7760
AW340,8309
AW340,8345
AW340,9820
AW340,7710
AW340,8302
AW340,8339
AW340,8628
AW340,_
AS411,_
47122,4685
45378,5022
47122,4525
67010,1364
62010,9357
16010,202
NET39,4590
NET39,4572
NET39,_
AS910,8345
AS910,_
24366,7760
11044,8184
24366,8345
27310,8669
28345,8016
27310,7849
23650,7939
23650,7929
45100,1479
67027,4923
45100,1472
60260,650
60271,640
60260,639
28485,7907
28470,7937
GI519,_
63046,7760
63046,8628
63046,8345
16010,5423
25611,5423
49000,7912
25611,5411
44388,8753
44388,5122
44300,7760
44300,8309
44300,8345
44300,9820
44300,7710
44300,8302
44300,8339
44300,8628
OS069,_
27828,7935
27236,7817
61314,7815
61314,8152
61314,7925
11041,7949
32656,3421
32651,3459
32656,3252
19357,8546
20962,7935
27513,3999
29065,7934
29065,7924
96408,9820
11010,9925
31500,5361
49561,9604
31500,5351
44130,9903
70208,_
49561,5423
45112,4610
44320,4840
35663,3926
49425,9971
36430,5494
49425,9903
36011,9357
36011,8628
27881,4461
43840,8415
43840,9353
27881,4442
43840,8446
23406,7851
23480,8342
23406,7731
15050,8345
21155,7646
12041,7691
27245,8659
21155,7935
12041,7646
27245,7691
21155,8659
12041,7935
21155,7691
24903,7499
42042,6639
00820,_
11450,9357
58720,6813
58720,6711
20680,7932
25525,7860
UJ189,_
52612,5310
52612,5300
23500,7949
23500,7975
61908,7499
03220,7499
61908,_
36430,3952
35141,9903
NO9,8659
NES09,8659
35800,650
60270,3802
35800,639
GZ380,_
NER14,5502
90935,4594
11043,5411
36450,763
62165,9901
36450,299
43235,4400
43638,4513
50225,9903
AA419,_
XAS33,8345
AS325,_
AS332,7810
202X4,7760
XAS33,_
XAS62,7810
AS325,7760
AS332,8345
202X4,8628
XAS33,7760
AS325,8628
AS332,_
202X4,7810
XAS33,8628
AS325,7810
AS332,7760
202X4,8345
XAS33,7810
AS325,8345
AS332,8628
202X4,_
25525,7934
26735,7979
25525,7924
49509,4593
ZI461,8628
ZI461,8345
ZI461,_
25545,7936
25545,7817
19366,9357
16010,8570
89221,8839
RS060,_
43200,9804
45379,4223
43200,4523
IQ332,_
24500,7935
27511,7901
24500,7815
11000,4851
45395,8628
NEQ37,_
NO9,2762
42220,_
NEQ37,2762
27510,9357
16010,7905
24351,8314
11043,8399
24351,8345
36430,4495
43846,9903
36825,9357
16010,3993
36825,8628
35021,3995
46050,5423
49000,4901
46050,5411
23922,_
43251,_
C19IP3,3995
C19IP3,4530
45970,_
36450,5498
90945,9901
II638,_
XAS85,3991
35741,_
XAS85,3808
XAS85,_
47564,5110
59513,4533
44110,7499
59513,4500
46748,4879
46748,4979
46748,5849
46748,7079
46748,7091
26607,7932
26607,8499
25526,7913
26607,7819
44960,5440
CRO33,_
64820,529
15100,8212
26037,8669
24576,8628
44152,_
99460,4582
61313,2121
61150,8628
ECL02,9820
ECL02,8628
ECL02,_
11012,460
64856,7710
64856,8302
64856,8339
26765,8284
26432,7924
ABCD,6813
ABCD,6711
ABCD,_
33206,3995
DT793,8628
DT793,8345
DT793,_
AS626,7933
BX595,_
26686,7933
26686,7923
AS934,7909
00102,_
50068,5440
50068,6561
50068,_
19020,8544
19240,8500
19020,8543
44050,4595
44050,4835
44153,4680
44050,4582
44050,4601
21248,8628
11043,7643
21248,8345
50541,9821
65275,5534
50541,1151
44603,7925
26531,8171
06190,7499
49580,5300
30110,2263
69421,_
31255,2009
30110,2080
69421,2119
31255,2080
30110,2119
69421,2263
31255,_
30110,2009
51570,5423
49000,5779
51570,5411
44604,7925
29058,_
NAS42,9359
29058,7929
23515,9359
29058,7939
NAS42,9353
25515,7860
23650,7935
27513,7971
23650,7815
21820,7909
44055,4610
44141,4680
44055,4572
61313,139
12042,8388
27654,8659
12042,8149
75959,3891
75959,8839
31600,4610
44144,3121
31600,5425
31600,4613
49080,3121
31600,4579
43739,4685
43739,4525
43739,_
39011,_
27001,8345
11000,7926
25574,7860
57530,7360
59409,6740
57530,7359
36488,6840
59525,3893
80041,_
19140,8544
19240,8542
19140,8543
47605,5110
27250,7979
25520,7975
27250,7902
33504,3699
33504,3961
27497,7906
27530,8314
63095,_
69421,2001
00940,7360
00940,7359
00940,_
32662,3420
32602,3430
32662,3320
75901,3995
2AW55,_
29345,4563
21462,8309
21462,9820
11011,7676
21462,8302
21462,8339
44188,5425
43262,8839
75980,5185
27742,8199
15350,8382
15350,8332
AV284,8339
AV284,9820
28615,_
AV284,7710
AV284,8309
AV284,7989
AV284,8302
24575,8430
24925,7931
24575,8407
43202,5349
49585,4224
43202,5341
12035,4850
45110,8659
12035,4610
58720,9357
58720,8628
27507,7912
25611,7935
ZJ449,_
03580,7360
03580,7359
03580,_
43269,8753
47610,9755
43269,5122
63017,8036
59121,6639
12047,479
12047,460
64721,8659
12047,9353
25119,8628
11000,7783
26115,9357
77401,5980
77401,5732
27502,7749
27502,7745
69915,403
43331,4270
49558,4610
44144,5339
49558,4579
49558,4613
44144,5329
31231,2103
30905,2121
31231,2102
82074,_
25420,7932
VB24,9059
VB24,8909
VB24,_
26715,7810
20692,7922
65103,125
61312,1642
65103,124
OTOMYCOSISBILATERAL,_
56838,6849
56838,6561
56838,_
45380,4685
09206,_
20879,_
11010,8499
23600,7760
23600,8309
23600,9820
23600,7710
23600,8302
23600,8339
47715,8753
47610,5169
47715,5122
41984,_
58260,6849
58150,6859
16010,7989
36430,5760
58240,9971
36430,5671
36430,6880
58240,9903
36815,5749
52235,3993
36815,3995
36815,5831
52235,3995
36815,5732
38520,407
42420,4011
38520,2632
28760,7758
11042,4563
NA,1341
26615,7859
21365,7923
42082,6639
42082,7499
24403,6639
47000,8839
47000,8754
28108,7760
28108,8309
28108,9820
28108,7710
28108,8302
28108,8339
12045,5423
12045,5411
49200,4030
49200,6529
NEP70,_
43227,5136
43227,5270
65091,7760
65091,8309
65091,8345
65091,9820
11012,1639
65091,7710
65091,8302
65091,8339
65091,8628
26952,8403
26910,407
09950,_
22802,8309
22802,9820
11011,8129
22802,8302
22802,8339
22802,8628
69955,2099
69643,442
69643,479
69643,450
63003,7789
63003,8051
CN000,3889
37650,_
C19T2,3889
CN000,_
AS822,7936
IK221,_
58673,4709
11000,8185
10060,7989
26785,8604
10060,7984
65101,881
67935,1649
65101,1060
36415,_
01308,7360
01308,7359
90935,3409
60522,3995
32020,3995
54900,6352
54600,6383
54900,6250
21461,4563
63030,8345
MI101,4563
MI101,_
LO23,_
26410,8401
26410,407
44207,3893
44388,4590
76394,8897
67036,1459
67036,1449
FP100,_
25575,7909
49000,4461
43840,5411
31500,8839
75952,9604
31500,3971
20822,8401
26952,8422
20822,407
AT243,9357
AT243,8630
AT243,_
69725,442
NAS63,8192
11720,7840
27724,8627
11720,7807
64840,8628
46060,8309
46060,9820
11011,4873
11011,4911
11011,4993
46060,8302
46060,8339
ACUTELARYNGITIS,_
11443,5440
11443,6561
27720,7760
27720,8309
27720,9820
27720,7710
27720,8302
27720,8339
46050,9357
16010,4901
47600,4542
32607,_
19120,6813
58100,8521
19120,6711
67800,1371
66987,821
67800,1341
23515,124
VID19,4610
11040,7979
11040,7819
27253,5029
27253,5099
47361,7985
27253,5000
27253,5061
36430,7491
59100,9903
44950,4590
44202,4709
44950,4562
27590,7989
27217,8417
43243,4449
43501,4233
43243,4441
31603,9820
11010,3110
31603,8628
KJ339,2263
KJ339,2119
KJ339,_
12162,_
50045,9925
96450,5501
50045,331
66982,1231
AE860,_
NER33,_
51050,5600
46083,4912
46270,4949
46083,4911
29355,8388
29355,8149
IAC56,9971
ANEM,_
49521,4610
26116,9357
16010,8222
44202,4650
47490,3491
32002,5101
47490,3404
43243,3491
32002,4233
43243,3404
15740,8401
26952,8670
15740,407
49588,6529
58952,5349
49588,6561
58952,5341
58200,6639
NSD01,4011
58200,_
58600,4011
46255,8604
51050,9625
52260,5719
65805,1490
67048,1291
65805,1474
65850,1299
66995,1254
66986,1459
67108,1370
66986,1449
52318,5620
52318,9645
11042,9824
11042,6492
24474,_
ISCHAEM,_
21143,9357
16010,7646
21143,8628
25611,7931
24546,7912
25611,7842
17274,8630
25490,9820
11010,7813
21556,4685
45378,8332
21556,4525
99460,5751
51500,_
46600,4912
46270,4921
46600,4911
12011,4195
25620,8659
38115,7932
12011,4143
25620,4195
12011,7932
25620,4143
PO31,_
80999,7360
80999,7359
80999,_
27502,9359
27509,7905
27502,7945
NES06,125
NES06,124
22112,7769
OS370,3995
NER02,3995
36450,5419
36800,5423
49000,3993
36800,5411
NET01,_
25076,8345
27823,8017
23140,8628
11043,7761
33533,8843
28615,7936
28615,7817
AS521,8628
AS521,8345
AS521,_
19120,8554
19342,8521
19120,8553
23174,7760
23174,8309
23174,9820
23174,7710
23174,8302
23174,8339
23174,8628
OO631,_
28160,8345
IZ380,_
32820,3491
32002,3479
32820,3404
53513,_
3AW19,_
ZK651,_
C19IP2,7073
57307,_
52649,5850
31500,4443
43255,9604
31500,4233
75953,3995
36450,3891
75953,9901
25500,8499
25500,7819
03000,7360
03000,7359
380/3,6561
380/3,_
25600,7979
21800,9359
21800,9353
19180,9357
16010,8541
96408,4639
44130,9925
96408,4590
41017,8628
41017,8345
38100,4562
06408,_
46260,8345
44345,9820
11010,4643
44345,8628
KO68,_
19000,8544
19240,8591
19000,8543
18913,_
18913,9925
27507,7955
27519,7935
27507,7815
II482,_
35761,3802
35701,3800
60210,9814
31530,639
60210,3142
99460,1474
66852,_
99460,1342
NAO86,_
ZZ370,7360
ZZ370,7359
23550,7935
27513,7981
23550,7815
27524,8381
27381,7936
27524,8364
30610,_
IW54,_
37062,_
EXCISSIONOFCYST,_
19160,7791
19260,8523
19160,3440
44140,9925
96408,4572
44005,4461
43840,5459
44005,4442
27049,8628
27049,8345
42700,8628
11043,2800
42700,8345
NER31,5810
NER31,5860
NER31,6094
NER31,8929
NER31,5732
NER31,5850
NER31,6029
NER31,6373
NER31,_
26040,7760
26040,8309
26040,9820
26040,7710
26040,8302
26040,8339
57415,6813
58100,9817
57415,6711
58661,3995
24546,8012
46258,8628
25375,7760
25375,8309
25375,8345
25375,9820
25375,7710
25375,8302
25375,8339
25375,8628
36430,5029
36430,5099
47361,9903
27759,3391
31630,7936
27759,3323
19020,8309
19020,9820
11011,8500
19020,8302
19020,8339
23680,9357
16010,7931
23680,8628
47720,4400
NAR63,_
61320,9604
NAN80,4709
NAN80,6849
44950,_
NAN80,6561
EI509,_
26615,7939
23515,7923
75982,9925
96408,5159
WI9,_
90935,8140
27122,3995
FDN18,_
26591,8381
26352,8289
26591,8286
II469,_
AO62,_
11000,2759
11000,2743
32020,5600
32020,5732
61974,_
49505,3893
JW349,_
27814,125
61313,7936
27814,124
61610,3881
61610,3931
27830,8309
27830,8345
27830,9820
11011,7979
27830,8302
27830,8339
27830,8628
99460,2181
99460,8659
11000,6880
11403,9357
27220,7989
27217,7905
27220,7939
63001,8628
47000,8753
47000,5123
27638,7760
27638,8628
11044,7767
27638,8345
49912,_
27236,7932
24665,7935
27236,7783
CR026,_
11044,2759
40525,7760
11044,2743
40525,8345
58345,6639
58661,6999
27507,7933
26615,7935
27507,7923
SO111,881
SO111,1060
11010,4563
11010,4562
11010,8229
21462,5423
49000,7676
21462,5411
61526,3142
49010,5440
28660,8192
28660,8396
20600,7974
28660,8191
28660,8394
27822,7860
27822,294
27822,9788
20680,7819
45541,4685
45541,4525
II249,_
THZ37,_
SINGLELIVEBIR0,_
64868,471
63685,8696
30560,2211
31237,2191
30560,2121
11042,7739
11043,2211
31237,8345
28450,7760
28450,8309
28450,7710
28450,8302
28450,8339
OO43,_
26746,7924
25600,7931
25600,7842
50630,5502
36488,5492
49606,3893
69644,9604
26952,3995
28825,8382
15100,2749
35271,3923
35271,3957
11043,8034
27292,7909
27292,_
27245,139
61156,7935
26496,8256
29876,7860
31635,3402
32100,3323
37615,2181
37615,8659
11444,7859
21365,8630
11444,7672
31622,650
60270,3324
31622,639
11043,8423
20805,8345
49565,9971
58700,5351
36430,5361
49565,6651
58700,5361
49565,9903
36430,5351
24545,8197
24363,7931
24545,8185
44640,8309
44640,8345
44640,9820
11011,4679
44640,8302
44640,8339
44640,8628
96408,3893
36488,9925
24515,4195
38115,7931
24515,4143
23600,7939
23515,7901
23600,7929
49000,5540
27125,8192
27125,8396
20610,8152
27125,8191
27125,8394
35721,7710
35721,8302
35721,8339
35721,8628
36568,9971
36568,9903
58410,524
58410,6922
25620,8036
REN18,_
CHRONICRENALFAILU9,3995
REN18,3995
CHRONICRENALFAILU9,_
29405,8446
29405,8415
53405,5671
53405,5849
67228,1274
66710,1425
67228,1273
35190,3805
43496,4563
44120,4699
43496,4562
43496,4590
44120,3929
85151,_
XAT25,9357
XAT25,8628
XAT25,_
58150,7759
59612,6561
26418,7933
26418,7923
80008,7499
80008,_
15750,8345
27503,7760
27503,8309
27503,9820
27503,7710
27503,8302
27503,8339
26951,7938
03650,_
89082,_
20822,9357
16010,8422
PT847,9788
PT847,8628
PT847,7860
PT847,8345
PT847,294
PT847,7760
PT847,_
52214,3995
49496,5423
49496,5411
P0000,3402
15240,8382
15240,8332
NEO05,_
NEO05,6909
65285,1371
66984,1159
36430,4601
45113,9903
52317,5980
52317,9646
10120,9971
36430,8605
10120,9903
46230,8309
46230,8345
46230,9820
11011,4946
46230,8302
46230,8339
46230,8628
35840,4563
11044,7679
21407,7760
11044,1669
21407,8345
JI802,_
61911,_
21470,5310
49507,7676
21470,5300
TW54,_
BS671,8659
43292,_
38032,_
36430,4931
46612,9903
12045,8286
26356,8659
12045,8251
57210,9622
45303,7071
57210,4823
50991,_
54100,6430
54130,6411
54100,4024
47525,8766
74300,9705
47525,8754
96408,4543
45382,9925
96408,4523
C19IP2,8192
C19IP2,8396
C19IP2,8191
C19IP2,8394
64772,310
57250,7092
58270,7052
58120,6551
58940,6909
58120,6539
25274,8345
51550,5504
51550,5980
50081,5760
51550,5503
51550,5521
25628,8345
NES02,7950
XA,8309
XA,7710
XA,8302
XA,8339
21041,8382
36450,7769
31528,9814
31530,3198
46275,8345
25490,7931
24546,7813
25490,7842
66982,1699
43228,4685
43228,4525
29855,8029
06210,_
25111,9357
16010,8221
25111,8628
26420,8345
26541,8172
26541,8381
27496,9357
49080,3409
01510,_
65408,7499
01510,7499
MM880,_
27506,5641
50220,7815
50220,8152
27506,5551
50220,7925
KI509,_
58900,5423
49000,6512
58900,5411
25574,125
NEO90,8839
NEO90,8754
66762,1371
66987,1239
66762,1341
20610,7929
27766,8191
27766,8394
29345,7986
11043,7955
27519,8345
50610,5600
45385,3893
67040,1159
27345,8628
27345,8345
50543,5641
50225,5540
50543,5551
QA099,_
44604,7760
11012,4675
44604,7710
49561,4709
34913,_
34913,9925
46935,9357
16010,4949
46935,8628
38747,6849
38747,6561
26746,7934
25028,9357
69950,403
61585,1659
61585,299
61585,7739
38724,4041
41135,4021
25620,4563
30460,2181
30460,8659
AS936,7936
AS936,7817
AS936,_
NAS83,8192
27507,7783
80092,_
82009,_
43855,4400
43855,4450
KD693,_
SS201,8072
24685,_
SS201,8012
24102,_
SS201,7932
SS201,_
XAS41,_
AI499,_
NAT07,_
29075,8364
28270,9353
29075,8048
26145,8192
26145,8396
20600,8233
26145,8191
26145,8394
10160,8753
C19IP1,8601
10160,5123
C19IP1,8753
47563,8601
10160,_
C19IP1,5123
21356,7925
NES68,8401
37701,_
27828,7932
AS809,8628
ST009,8345
01811,8345
ST009,8628
AS809,8345
01811,8628
50040,9646
52005,5502
52005,5501
10068,7499
10821,_
25491,9820
25491,8628
25251,8073
25105,8003
25251,8013
NAS66,8628
NAS66,479
NAS66,407
27536,7809
27536,3999
74328,8839
75980,5187
74328,8754
24160,7860
20690,8385
29450,7810
28261,9353
20690,8048
29450,8385
28261,7810
20690,9353
29450,8048
68720,1623
67400,981
68720,1609
44140,4709
68908,7499
68908,_
23515,3995
58720,3491
58720,3404
03000,6970
25575,9359
29058,7932
25575,9353
42845,2899
99460,4850
45112,_
99460,4840
20220,7925
NER73,5104
47480,_
NER73,5103
28510,9357
29058,7860
29058,294
29058,9788
58260,7759
59612,6859
25968,5440
25968,6561
25968,_
11043,8372
27687,8345
36568,8753
47563,3893
36568,5123
OOZ37,7360
OOZ37,7359
OOZ37,_
11000,7745
61312,3895
49587,5425
90935,4709
44950,3995
30001,_
74028,_
50976,5539
50976,5620
50976,5631
50976,5633
50976,8773
50976,9646
50976,9649
23630,7933
26746,7931
23630,7923
21422,7760
21422,8309
21422,8345
11012,7674
21422,7710
21422,8302
21422,8339
66940,1371
66984,1359
66940,1330
25650,125
61312,7909
25650,124
20605,4443
43255,8191
43255,8394
26952,8212
26037,407
58920,5425
49000,6522
58920,5423
49080,6522
58920,5411
11043,8019
38747,5810
38747,5860
38747,6094
38747,8929
52601,4030
38747,5732
38747,5850
38747,6029
38747,6373
27530,9357
10060,4461
10060,4442
63615,9239
11000,3843
ACUTEOTITIS,_
65805,1269
66170,1291
65805,1264
OTOMYCOSISLEFT,_
DEEPLACERATEDWOUNDFOREHEAD,_
27513,7912
25611,7815
27601,8628
27601,8345
24130,8042
24006,7783
24130,8012
44385,4542
36450,159
25620,7860
15100,8401
26951,9357
15100,407
26951,8669
XDS80,_
XDS80,8660
42806,2169
30130,2912
42806,2161
31615,4610
44143,3321
31615,4575
NET88,8766
74300,_
NET88,8754
44005,4874
45135,5459
44005,4869
AZ867,8659
90913,_
91111,_
11040,7955
C19IP1,9607
43241,_
C19IP1,4513
25545,8314
25545,407
27506,3402
32100,7815
32100,8152
27506,3328
32100,7925
49505,5421
47420,5459
44005,5104
13902,_
08083,_
31225,8669
15756,2220
31225,8332
26951,8222
11106,_
36508,7499
43415,4282
44605,8345
11012,295
20660,7760
20660,8309
20660,8345
20660,7710
20660,8302
20660,8339
63075,8099
63081,7769
58600,6739
57520,6639
58600,6720
66850,1371
35631,3926
25491,7932
24665,7813
25491,7783
20360,_
50785,5620
50785,5732
50785,9645
11011,8192
11011,8396
32002,4289
43305,3491
43305,_
32002,3173
43305,3404
NAN13,9646
44125,4610
44143,4639
44125,4575
92012,_
52612,5732
52612,5700
75962,3995
92980,3961
33504,3606
92980,3699
35483,3950
26746,8212
AS822,7925
28008,407
21150,7860
11421,8628
11421,8345
18926,_
12001,7859
12001,7672
65820,1269
66172,1253
65820,1264
65820,9928
66172,1252
32655,3420
32602,3221
32655,3320
42410,9971
36430,2629
42410,9903
09860,_
23615,139
61570,7931
23615,125
NG01,_
27596,9357
56605,6639
58661,7111
22222,7739
22222,8051
65101,1692
67412,1649
65101,1609
49080,7949
63995,_
15757,8544
19240,8660
15757,8543
ECD48,_
39220,782
60522,_
39220,781
NO2,6909
59870,_
NEO99,6909
23552,7851
23480,7771
25650,7925
27792,8147
27455,7817
24582,7932
24582,8499
25526,7911
24582,7819
24582,7939
25574,8314
24495,7932
25574,3803
58120,6529
28485,7848
28322,7937
28485,7809
38500,5423
38500,5411
56926,_
46230,4912
46230,4911
48740,6561
48740,_
14000,7791
19260,8689
14000,3440
11646,7760
11646,8309
11646,8345
11646,9820
11646,7710
11646,8302
11646,8339
11646,8628
43300,8345
19150,_
IC291,_
35493,3950
34008,7499
34008,_
NAQ44,_
11000,3491
11000,3404
11043,6261
54670,8345
29075,9788
NAZ47,9353
29075,294
29065,7974
26676,9353
29065,7814
29886,7760
29886,8309
29886,8345
29886,9820
29886,7710
29886,8302
29886,8339
29886,8628
42810,640
60254,2920
42810,4040
42892,8628
11043,2999
42892,8345
45318,_
58260,7092
25441,8196
25441,8444
12005,8314
25023,8659
12005,407
10140,4673
44602,8604
26497,8256
04482,_
XAR57,_
21406,9820
60220,2630
60220,442
11044,8499
25526,7760
25101,3991
35761,8013
35761,9820
25101,3800
35761,8033
SO180,8345
SO180,_
38700,4040
38724,4029
38700,4021
02400,_
28730,7760
28730,8309
28730,8345
28730,9820
11012,8114
28730,7710
28730,8302
28730,8339
28730,8628
19160,8546
19200,8523
19160,8545
51050,5620
51050,9645
93912,_
JX,8628
93912,8628
JX,_
OJ189,7499
VID19,7499
31600,9971
36430,3121
31600,9903
32000,5785
51800,3491
32000,5759
27590,3952
35082,8417
27590,3844
81082,_
56440,6849
58150,7123
56440,6561
11420,9357
29355,7929
29355,7817
29355,7939
23515,7817
29355,7936
072/3,9971
072/3,9903
072/3,_
26685,8036
27331,7989
26685,8016
26685,9829
27331,7984
49507,4610
32020,5375
39503,3409
25560,9353
12006,8309
12006,9820
12006,8302
12006,8339
43850,8628
11043,4450
43850,8345
24360,8185
59120,6813
58100,6549
59120,6711
XAV18,9820
XAV18,8628
XAV18,8660
XAV18,_
25512,_
36012,4563
33606,3900
27823,7929
27618,8628
27618,8345
67039,1264
IAI63,_
69421,4040
38724,2009
15757,7760
15757,7710
21800,7939
21800,7929
59120,6679
58672,6549
59120,5421
31231,2188
30520,2121
31231,2150
45562,8753
47610,4800
11100,4040
38724,8611
11100,4021
36450,5375
39503,9901
36450,3404
15757,2181
15757,8659
36450,4620
44210,9901
36450,4581
23440,8375
25968,6849
11010,7913
OO342,7499
50091,7902
25600,309
63015,8659
AS525,7902
50091,309
63015,_
12002,7902
AS525,309
50091,8659
63015,7902
12002,309
AS525,8659
50091,_
31256,2252
CS663,_
6206A,7924
CS663,7924
6206A,7934
AS661,7924
CS663,7934
6206A,8628
AS661,7934
CS663,8628
6206A,_
NAN85,4639
44125,5459
NAN85,4562
NAN85,5459
44125,_
NAN85,4563
NAN85,_
26715,7932
25525,7989
26715,7979
25525,7922
33468,3961
33430,3599
33468,3524
07220,_
AS997,_
ZZ304,_
11011,8017
30600,2762
42210,2182
30600,2450
749/3,_
NET78,6849
NET78,6561
63706,8382
31327,2211
31327,2121
31327,_
42890,2188
30520,2933
42890,2150
43264,5298
43271,5188
43246,206
62147,4311
43246,204
GNN18,_
11044,3805
34101,8345
50075,5620
50075,5732
01128,_
43810,3402
90935,6270
54520,3995
90935,6230
33572,3610
33572,3611
59911,_
65101,7859
21365,1649
65101,7672
14001,9357
14001,8628
27507,7986
27556,7935
27507,7819
35476,8839
61480,125
ZJ189,_
NAS93,7760
NAS93,8339
NAS93,9820
27610,_
NAS93,7710
NAS93,8309
NAS93,8628
NAS93,8017
NAS93,8302
NAS93,8345
52335,5600
XB,_
63860,_
36011,5294
36011,5188
PO36,_
NER73,8544
NER73,8543
30100,2080
69421,2122
30100,2009
52332,6829
58558,5980
52332,6816
52332,6909
58558,5732
31600,3961
33430,3121
31600,3524
26951,8212
12044,4255
43113,8659
12044,4242
22835,6849
47056,_
55568,6561
22835,_
47056,6561
55568,6849
22835,6561
47056,6849
55568,_
27880,8849
75716,8415
27880,8848
58545,6639
58545,6561
20670,7859
21196,7860
20670,7643
21196,7760
11044,7643
21196,8345
11111,8309
11111,8345
11111,9820
11111,8302
11111,8339
11111,8628
11111,_
35800,9357
16010,3802
20690,125
61312,7810
20690,124
44615,6849
58150,4500
58150,4685
44615,6561
58150,4679
OB2,_
45378,5310
49507,4525
66180,1474
67052,1699
66180,1370
27830,7926
81022,_
27245,7817
24495,3893
36488,8314
36488,3803
21160,7646
OO1,_
LE878,_
21127,7760
21127,8628
11044,7691
21127,8345
11041,8630
27695,8345
NAO36,_
11044,8662
23600,8192
23600,8396
20610,7901
23600,8191
23600,8394
JK291,_
75664,9903
75664,7359
75664,9971
75664,7360
75664,_
11740,8309
11740,8345
11740,9820
11740,8302
11740,8339
11740,8628
52060,_
28666,8284
26432,7819
28666,7859
44950,6270
54520,4709
44950,6230
45382,4542
11044,8430
24925,7760
24925,8628
11044,8407
15572,8309
15572,9820
11011,8670
15572,8302
15572,8339
31610,125
61313,3129
31610,124
29085,7974
29085,7814
CK573,4685
CK573,4525
CK573,_
17264,8630
77261,3491
77261,3404
45303,5423
24635,3402
62223,125
61510,233
62223,124
EZ90,_
27254,7989
27217,7985
27254,7939
27550,7760
27550,8309
27550,9820
11012,7976
27550,7710
27550,8302
27550,8339
44970,9971
36430,4701
44970,9903
51060,9971
36430,5620
51060,9903
66984,1460
50551,5620
50551,5732
50551,5631
58562,6829
19180,6849
58150,8541
27300,_
49900,8309
49900,9820
11011,5461
49900,8302
49900,8339
11000,5760
15750,8628
95237,_
65805,1452
90935,1455
67107,1291
65805,3995
65805,1455
67107,3995
65805,1449
90935,1452
CS822,8302
25152,8309
CS822,9820
32900,3420
32602,7791
32900,3320
20220,5600
20220,5732
21184,7646
21184,7769
21184,7809
47612,4439
43820,3995
43820,5151
47612,3995
43820,5122
25600,7936
25600,7817
27465,7925
77261,7091
77261,6999
59411,6813
58100,7252
59411,6711
56405,8628
11043,7109
56405,8345
11000,6200
67875,881
67935,889
67875,1060
67107,1459
92981,3780
33207,3606
92981,3776
11600,9820
11010,8630
11600,8628
52629,7760
52629,8339
52629,9820
25574,_
52629,7710
52629,8309
52629,8628
52629,7932
52629,8302
52629,8345
52629,_
11010,8444
58120,5600
58120,5732
47562,4685
45378,5123
47562,4525
27178,8345
26608,7989
26785,7814
26608,7984
36450,4912
56405,7759
59612,7109
LO30,_
XAV89,2181
38700,8628
11043,4029
38700,8345
AS224,_
03660,_
27524,8154
27447,7936
27524,8147
69554,1829
26565,7934
26735,7734
26565,7924
47490,4341
43244,5101
47490,4233
27030,8630
31601,3323
31631,3121
31601,3199
27506,5061
47360,7815
47360,8152
27506,3886
47360,7925
61150,3893
62005,9971
36430,202
62005,9903
RFRHD32,_
32005,4590
44140,3492
32005,4572
ACUTEBACTRIALEXACERBATIONCHRONIRHINOSINUSITIS,2211
ACUTEBACTRIALEXACERBATIONCHRONIRHINOSINUSITIS,2121
ACUTEBACTRIALEXACERBATIONCHRONIRHINOSINUSITIS,_
43501,4610
44144,4449
43501,4579
43501,4613
44144,4441
44050,4679
32480,3402
32100,3249
32480,3328
27310,9357
02110,_
11740,7934
62620,8604
11740,7924
62620,7934
26765,8604
11740,_
62620,7924
62620,_
58740,5980
52332,6589
58740,5732
43585,4542
43585,_
IMPACTEDCERUMENBILATERAL,_
27507,1159
11043,1289
65285,7935
27507,1289
65285,8345
11043,1159
31267,2169
30140,2119
30140,2262
31267,2161
11446,5349
49587,8630
11446,5341
15576,763
15576,299
19369,8544
19369,8543
27236,7789
27070,7935
27236,7785
27750,8192
27750,8396
27750,8191
27750,8394
CHRONICKIDNEYDISEASESTAGEV,_
11000,8959
37226,_
JO68,_
SOI21,_
67904,884
67961,833
67904,8671
RE112,_
CI9AT1,_
11011,3805
34101,8309
34101,9820
11011,3803
11011,3891
34101,8302
34101,8339
61315,8628
11011,8444
63303,8099
31575,3420
32602,3142
31575,3320
26410,7989
26685,8286
26410,7984
45355,5731
29874,8192
29874,8396
29874,8191
29874,8394
29035,7939
29035,7929
72390,_
50010,5502
61526,3893
27814,7939
27814,7929
26951,7860
26951,294
26951,9788
29358,7935
29358,7815
28675,8319
23020,7989
28675,8041
27520,8444
27520,7931
AT841,_
NAO13,_
44603,9971
36430,4673
44603,9903
58600,5419
58600,5425
19101,8753
47563,8511
19101,5123
37700,9357
16010,3889
37700,8628
IJ189,3893
IJ189,4639
IJ189,4590
OR398,6029
52612,_
OR398,_
11011,7709
XA,5423
17963,_
47420,9903
14932,_
12001,3991
35761,8659
12001,3800
11043,4685
45378,8345
58180,5425
AS820,7760
AS820,_
11303,8192
11303,8396
20605,8609
11303,8191
11303,8394
67039,1401
65260,1424
NET78,8314
43241,4542
45385,9607
43241,4523
43241,4543
29075,3991
29075,3800
NAZ98,9788
NAZ98,_
27030,8192
27030,8396
20610,8015
27030,8191
27030,8394
57310,5843
62108,7499
62108,_
NAN10,_
23515,7859
28525,125
61313,7938
28525,124
27758,8388
27652,7936
27758,8149
93800,_
27566,7986
27558,7929
27566,7819
27558,7796
59411,6839
58180,7252
59411,6561
29365,7925
ECE87,_
43243,4874
45130,4233
43243,4869
61314,3110
11042,3893
11040,3893
FOO24,_
49525,9604
75980,5198
47510,8754
32160,3791
49505,8628
69433,2220
23615,9357
58838,8669
15732,_
58838,8382
58838,8332
58838,7760
15958,7789
15958,8382
15958,8630
69436,2079
69802,2001
69436,2049
11011,3959
NA,7360
NA,7359
XA,7860
02012,_
19357,8544
NEP61,_
26615,8403
26910,7923
90935,8773
36488,9649
50553,3995
36488,9645
90935,9649
50553,3893
36488,8773
ZO821,_
44310,5361
49561,4620
44310,5351
27238,5810
27238,5860
27238,6094
27238,8929
52601,7905
27238,5732
27238,5850
27238,6029
27238,6373
49900,9357
16010,5461
65235,5423
49000,1200
65235,5411
11010,8199
12042,7759
59612,8659
43239,5810
43239,5860
43239,6094
43239,8929
52601,4514
43239,5732
43239,5850
43239,6029
43239,6373
49522,5411
90935,5451
49560,5451
44180,3995
85913,_
CU071,_
61596,124
61596,2079
61596,299
10120,8209
26035,8605
25620,9353
11043,8074
27033,7760
27033,8309
27033,9820
11012,8015
27033,7710
27033,8302
27033,8339
20200,8345
66180,1473
65810,1699
96408,5349
49582,9925
96408,5341
32106,7499
32106,_
AS630,_
AS730,7975
25434,7932
27250,_
25620,7975
AS630,7932
25434,7975
27250,7932
AS630,7975
AS730,7932
25434,_
32601,5749
26735,7989
26785,7924
16101,125
16101,124
16101,_
27893,7760
GEL02,8309
INCISSIONANDDRAINA3,8339
GEL02,8628
INCISSIONANDDRAINA3,9820
GEL02,8302
INCISSIONANDDRAINA3,8309
GEL02,8345
INCISSIONANDDRAINA3,8628
GEL02,_
INCISSIONANDDRAINA3,8302
GEL02,8339
INCISSIONANDDRAINA3,8345
GEL02,9820
INCISSIONANDDRAINA3,_
26135,8628
65155,1662
25260,9357
61571,9820
61571,8628
NO5,2700
41018,_
NEO99,2700
24920,9820
11010,8407
20680,7989
27217,294
27217,9788
31500,640
60254,9604
31500,4040
49562,4590
11010,8404
49321,5349
49580,5424
49321,5341
27590,4610
44143,8417
27590,4575
AX586,_
33735,3591
67840,1623
67400,820
25676,8499
25526,7989
25676,7819
25676,7939
49560,6849
27502,8192
27502,8396
27502,8191
27502,8394
43950,5310
43950,5300
43950,_
27594,7710
23665,7925
26785,8034
26110,7984
27372,9357
23222,7762
23222,8441
CI120,_
96408,5731
XAS01,8659
11044,3991
35761,7760
11044,3800
32020,2181
32020,8659
10120,8403
11044,8605
21627,3961
33430,7769
21627,3524
20222,_
TXA,8628
20222,8628
TXA,9357
20222,9357
TXA,_
44960,5425
27360,7860
12011,7989
24685,8659
24685,7989
27217,8659
24685,7939
93612,3726
26080,7860
20680,8014
26080,9353
26080,9788
26080,294
05211,7810
27514,7860
05211,_
PN185,_
54535,5310
44227,5339
49555,4562
49555,4650
44227,5329
49555,4590
27323,8036
26740,7760
26740,8309
26740,9820
26740,7710
26740,8302
26740,8339
26740,8628
26952,9357
12001,8689
12001,9357
14020,8659
84375,_
29405,8192
29405,8396
29405,8191
29405,8394
21347,7925
21347,7905
21347,8152
27502,7939
21347,7815
54409,7360
54409,7359
54409,_
35840,5132
47721,3806
35840,4439
23615,5423
23615,5411
AS820,7932
27524,7979
AS820,7936
AS820,7979
25525,7936
AS820,7819
IO809,_
24101,3805
34101,8030
24101,3803
24101,3891
34101,8012
44180,8753
47563,5451
44180,5123
10140,4023
38745,8604
11750,8401
26951,8623
11750,407
58720,6769
57720,6561
58720,6761
11011,8422
15100,1289
65280,8669
15100,1159
ZI119,_
52612,5620
52612,9645
45330,9971
45330,9903
43239,5132
47721,4514
43239,4439
27334,7815
27524,9971
27524,9903
11909,8345
11909,7810
11909,8628
11909,7760
28600,7760
28600,8309
28600,8345
28600,7710
28600,8302
28600,8339
ZZ232,_
15732,125
61510,8332
15732,124
61510,8382
24138,7860
49525,3995
54560,5310
77421,6712
57500,_
77401,6712
36488,5251
36488,5296
48153,3893
25446,8173
19120,4610
65103,7819
21244,1642
65103,7643
52005,5749
52005,5831
52240,5980
52240,9646
44050,6529
43259,8571
11646,8874
19361,8630
43259,8554
11646,8571
19361,8874
43259,8630
11646,8554
15770,7760
15770,8309
15770,8345
15770,9820
15770,7710
15770,8302
15770,8339
15770,8628
28485,7936
27822,7937
28485,7819
11012,711
11012,730
60650,7710
60650,8302
60650,8339
60650,8628
57520,6829
58558,6739
27125,7936
27125,7817
31255,2161
27638,9353
99460,4613
44144,_
23585,7851
50750,5586
27226,9357
43239,8446
90935,8630
15935,3995
54440,9357
16010,6498
54440,8628
25650,7860
89921,9041
89921,8909
89921,_
29325,7739
NSD01,8628
NSD01,8345
